# Blender 5.2.1 LTS
# www.blender.org
mtllib AIM120.mtl
g us_aim_120c_missile#@root_0_us_aim_120c_missile#@root_0
v -0.048949 -1.031757 -23.120358
v 0.000000 -1.022044 -23.245987
v 0.000000 -1.022044 -23.120358
v 0.048949 -1.031757 -23.120358
v -0.048949 -1.031757 -23.245987
v 0.048949 -1.031757 -23.245987
v -0.090357 -1.059490 -23.120358
v 0.090357 -1.059490 -23.120358
v -0.090357 -1.059490 -23.245987
v 0.090357 -1.059490 -23.245987
v -0.118090 -1.101026 -23.120358
v 0.118090 -1.101026 -23.120358
v -0.118090 -1.101026 -23.245987
v 0.118090 -1.101026 -23.245987
v -0.127803 -1.149847 -23.120358
v 0.127803 -1.149847 -23.120358
v -0.127803 -1.149847 -23.245987
v 0.127803 -1.149847 -23.245987
v -0.118090 -1.198795 -23.120358
v 0.118090 -1.198795 -23.120358
v -0.118090 -1.198795 -23.245987
v 0.118090 -1.198795 -23.245987
v -0.090357 -1.240204 -23.120358
v 0.090357 -1.240204 -23.120358
v -0.090357 -1.240204 -23.245987
v 0.090357 -1.240204 -23.245987
v -0.048949 -1.267937 -23.120358
v 0.048949 -1.267937 -23.120358
v -0.048949 -1.267937 -23.245987
v 0.000000 -1.277650 -23.120358
v 0.000000 -1.277650 -23.245987
v 0.048949 -1.267937 -23.245987
v 0.000000 -1.277650 -23.120358
v 0.000000 -1.277650 -23.245987
v -0.127803 -1.149847 -23.245987
v -0.090357 -1.059490 -23.245987
v -0.118090 -1.101026 -23.245987
v -0.090357 -1.240204 -23.245987
v -0.118090 -1.198795 -23.245987
v -0.048949 -1.031757 -23.245987
v 0.000000 -1.277650 -23.245987
v -0.048949 -1.267937 -23.245987
v 0.000000 -1.022044 -23.245987
v 0.048949 -1.031757 -23.245987
v 0.090357 -1.240204 -23.245987
v 0.048949 -1.267937 -23.245987
v 0.090357 -1.059490 -23.245987
v 0.127803 -1.149847 -23.245987
v 0.118090 -1.101026 -23.245987
v 0.118090 -1.198795 -23.245987
v 0.000000 -1.137447 17.415480
v 0.221866 -1.115592 16.855064
v 0.000000 -1.137447 16.855064
v 0.000000 -1.137447 12.015925
v 0.221866 -1.115593 12.015925
v 0.221866 -1.115592 17.415480
v 0.000000 -1.123133 18.033663
v 0.435298 -1.050796 16.855064
v 0.435298 -1.050797 12.015925
v 0.219055 -1.101534 18.033663
v 0.000000 -1.093482 18.654659
v 0.435298 -1.050796 17.415480
v 0.631987 -0.945742 16.855064
v 0.631987 -0.945742 12.015925
v 0.213303 -1.072523 18.654659
v 0.000000 -1.041083 19.309267
v 0.429802 -1.037760 18.033663
v 0.631987 -0.945742 17.415480
v 0.804265 -0.804264 16.855064
v 0.804265 -0.804264 12.015925
v 0.203079 -1.021018 19.309267
v 0.000000 -0.972197 19.900230
v 0.418428 -1.010283 18.654659
v 0.624063 -0.933856 18.033663
v 0.804265 -0.804264 17.415480
v 0.945743 -0.631985 16.855064
v 0.945743 -0.631986 12.015925
v 1.050925 -0.435296 16.855064
v 1.050925 -0.435297 12.015925
v 0.945743 -0.631985 17.415480
v 0.794297 -0.794295 18.033663
v 1.115594 -0.221865 16.855064
v 0.607448 -0.909190 18.654659
v 1.115594 -0.221865 12.015925
v 1.050925 -0.435296 17.415480
v 0.933858 -0.624061 18.033663
v 1.137448 0.000001 16.855064
v 0.773209 -0.773208 18.654659
v 1.137448 0.000001 12.015925
v 1.115594 -0.221865 17.415480
v 1.037762 -0.429801 18.033663
v 1.115594 0.221868 16.855064
v 0.909192 -0.607447 18.654659
v 1.115594 0.221867 12.015925
v 1.137448 0.000001 17.415480
v 1.101535 -0.219053 18.033663
v 1.050925 0.435299 16.855064
v 1.010284 -0.418426 18.654659
v 1.050925 0.435298 12.015925
v 1.115594 0.221868 17.415480
v 1.123134 0.000001 18.033663
v 0.945743 0.631988 16.855064
v 1.072524 -0.213302 18.654659
v 0.945743 0.631987 12.015925
v 1.093484 0.000001 18.654659
v 1.050925 0.435299 17.415480
v 1.101535 0.219056 18.033663
v 1.093484 0.000001 18.654659
v 1.021019 -0.203078 19.309267
v 1.041085 0.000001 19.309267
v 0.961847 -0.398361 19.309267
v 0.953539 -0.189658 19.900230
v 0.972199 0.000002 19.900230
v 0.898073 -0.372033 19.900230
v 0.865611 -0.578308 19.309267
v 0.808355 -0.540095 19.900230
v 0.865100 -0.172149 20.487740
v 0.882097 0.000002 20.487740
v 0.814873 -0.337527 20.487740
v 0.733462 -0.489996 20.487740
v 0.759790 -0.151190 21.059532
v 0.774615 0.000002 21.059532
v 0.715698 -0.296502 21.059532
v 0.644128 -0.430312 21.059532
v 0.645534 -0.128441 21.592087
v 0.658186 0.000002 21.592087
v 0.608087 -0.251898 21.592087
v 0.547253 -0.365643 21.592087
v 0.534601 -0.106331 22.050390
v 0.545080 0.000002 22.050390
v 0.503544 -0.208573 22.050390
v 0.453190 -0.302764 22.050390
v 0.420472 -0.083582 22.474312
v 0.428652 0.000002 22.474312
v 0.396062 -0.164098 22.474312
v 0.356443 -0.238096 22.474312
v 0.324876 -0.064667 22.805578
v 0.331138 0.000002 22.805578
v 0.305961 -0.126779 22.805578
v 0.275416 -0.184035 22.805578
v 0.246021 -0.048947 23.059011
v 0.250750 0.000002 23.059011
v 0.178158 0.000002 23.269630
v 0.231707 -0.095978 23.059011
v 0.164610 -0.068245 23.269630
v 0.113489 -0.046902 23.410854
v 0.122691 0.000002 23.410854
v 0.086778 -0.086777 23.410854
v 0.208447 -0.139304 23.059011
v 0.126014 -0.126012 23.269630
v 0.046904 -0.113487 23.410854
v 0.177263 -0.177261 23.059011
v 0.234135 -0.234134 22.805578
v 0.068119 -0.164609 23.269630
v 0.000000 -0.122689 23.410854
v 0.139305 -0.208445 23.059011
v 0.000000 -0.178156 23.269630
v 0.303149 -0.303147 22.474312
v 0.184037 -0.275414 22.805578
v 0.095980 -0.231705 23.059011
v 0.048949 -0.246019 23.059011
v 0.000000 -0.250748 23.059011
v 0.385454 -0.385325 22.050390
v 0.238097 -0.356441 22.474312
v 0.126781 -0.305959 22.805578
v 0.064668 -0.324874 22.805578
v 0.000000 -0.331136 22.805578
v 0.164099 -0.396060 22.474312
v 0.083711 -0.420471 22.474312
v 0.000000 -0.428650 22.474312
v 0.302893 -0.453188 22.050390
v 0.208575 -0.503543 22.050390
v 0.106332 -0.534599 22.050390
v 0.000000 -0.545079 22.050390
v 0.465459 -0.465457 21.592087
v 0.365645 -0.547251 21.592087
v 0.547764 -0.547763 21.059532
v 0.251900 -0.608086 21.592087
v 0.430313 -0.644126 21.059532
v 0.623679 -0.623678 20.487740
v 0.128442 -0.645532 21.592087
v 0.000000 -0.658185 21.592087
v 0.296503 -0.715696 21.059532
v 0.151191 -0.759788 21.059532
v 0.000000 -0.774613 21.059532
v 0.489997 -0.733461 20.487740
v 0.337528 -0.814871 20.487740
v 0.172151 -0.865098 20.487740
v 0.000000 -0.882096 20.487740
v 0.687325 -0.687324 19.900230
v 0.540096 -0.808353 19.900230
v 0.736146 -0.736145 19.309267
v 0.578309 -0.865609 19.309267
v 0.372035 -0.898071 19.900230
v 0.398362 -0.961845 19.309267
v 0.189660 -0.953410 19.900230
v 0.000000 -1.137448 4.368695
v 0.221866 -1.115593 2.674026
v 0.000000 -1.137448 2.674026
v 0.221866 -1.115593 4.607048
v 0.000000 -1.137448 4.607048
v 0.221866 -1.115593 4.368695
v 0.435298 -1.050797 4.607048
v 0.221866 -1.115594 2.004465
v 0.000000 -1.137448 2.004465
v 0.435298 -1.050797 4.368695
v 0.631987 -0.945743 4.607048
v 0.435298 -1.050797 2.674026
v 0.435298 -1.050797 2.004465
v 0.221866 -1.115594 1.080065
v 0.000000 -1.137448 1.080065
v 0.000000 -1.137448 0.199884
v 0.221866 -1.115594 0.199884
v 0.435298 -1.050797 1.080065
v 0.435298 -1.050798 0.199884
v 0.631987 -0.945743 1.080065
v 0.631987 -0.945743 0.199884
v 0.631987 -0.945743 2.004465
v 0.804265 -0.804265 1.080065
v 0.804265 -0.804265 0.199884
v 0.631987 -0.945743 2.674026
v 0.804265 -0.804265 2.004465
v 0.945743 -0.631986 1.080064
v 0.945743 -0.631987 0.199884
v 0.631987 -0.945743 4.368695
v 0.804265 -0.804265 4.607048
v 0.804265 -0.804265 2.674026
v 0.804265 -0.804265 4.368695
v 0.945743 -0.631986 4.607048
v 0.945743 -0.631986 2.004465
v 0.945743 -0.631986 2.674026
v 0.945743 -0.631986 4.368695
v 1.050925 -0.435297 4.607048
v 1.050925 -0.435297 1.080064
v 1.050925 -0.435298 0.199884
v 1.050925 -0.435297 2.004465
v 1.115594 -0.221866 1.080064
v 1.115594 -0.221866 0.199884
v 1.050925 -0.435297 2.674026
v 1.115594 -0.221866 2.004465
v 1.137448 0.000000 1.080064
v 1.137448 0.000000 0.199884
v 1.050925 -0.435297 4.368695
v 1.115594 -0.221866 4.607048
v 1.115594 -0.221866 2.674026
v 1.115594 -0.221866 4.368695
v 1.137448 0.000000 4.607048
v 1.137448 0.000000 2.004465
v 1.137448 0.000000 2.674026
v 1.137448 0.000000 4.368695
v 1.115594 0.221867 4.607048
v 1.115594 0.221866 1.080064
v 1.115594 0.221866 0.199884
v 1.115594 0.221866 2.004465
v 1.050925 0.435298 1.080064
v 1.050925 0.435298 0.199884
v 1.115594 0.221866 2.674026
v 1.050925 0.435298 2.004465
v 0.945743 0.631987 1.080064
v 0.945743 0.631987 0.199884
v 1.115594 0.221867 4.368695
v 1.050925 0.435298 4.607048
v 1.050925 0.435298 2.674026
v 1.050925 0.435298 4.368695
v 0.945743 0.631987 4.607048
v 0.945743 0.631987 2.004465
v 0.945743 0.631987 2.674026
v 0.945743 0.631987 4.368695
v 0.804265 0.804266 4.607048
v 0.804265 0.804265 1.080064
v 0.804265 0.804265 0.199884
v 0.804265 0.804265 2.004465
v 0.631987 0.945743 1.080064
v 0.631987 0.945743 0.199884
v 0.804265 0.804265 2.674026
v 0.631987 0.945744 2.004465
v 0.435298 1.050798 1.080064
v 0.435298 1.050798 0.199884
v 0.804265 0.804266 4.368695
v 0.631987 0.945744 4.607048
v 0.631987 0.945744 2.674026
v 0.631987 0.945744 4.368695
v 0.435298 1.050798 4.607048
v 0.435298 1.050798 2.004465
v 0.435298 1.050798 2.674026
v 0.435298 1.050798 4.368695
v 0.221866 1.115594 4.607048
v 0.221866 1.115594 4.368695
v 0.000000 1.137448 4.607048
v 0.221866 1.115594 2.674026
v 0.221866 1.115594 2.004465
v 0.221866 1.115594 1.080064
v 0.000000 1.137448 4.368695
v -0.221866 1.115594 4.607048
v 0.000000 1.137448 2.674026
v 0.000000 1.137448 2.004465
v 0.000000 1.137448 1.080064
v -0.221866 1.115594 4.368695
v -0.435298 1.050798 4.607048
v -0.221866 1.115594 2.674026
v -0.221866 1.115594 2.004465
v -0.221866 1.115594 1.080064
v -0.435298 1.050798 4.368695
v -0.631987 0.945744 4.607048
v -0.435298 1.050798 2.674026
v -0.435298 1.050798 2.004465
v -0.435298 1.050798 1.080064
v -0.631987 0.945744 4.368695
v -0.804265 0.804266 4.607048
v -0.631987 0.945744 2.674026
v -0.631987 0.945744 2.004465
v -0.631987 0.945743 1.080064
v -0.804265 0.804266 4.368695
v -0.945743 0.631987 4.607048
v -0.804265 0.804265 2.674026
v -0.804265 0.804265 2.004465
v -0.804265 0.804265 1.080064
v -0.631987 0.945743 0.199884
v -0.804265 0.804265 0.199884
v -0.435298 1.050798 0.199884
v -0.945743 0.631987 1.080064
v -0.945743 0.631987 0.199884
v -0.945743 0.631987 2.004465
v -1.050798 0.435298 1.080064
v -1.050798 0.435298 0.199884
v -0.945743 0.631987 2.674026
v -1.050798 0.435298 2.004465
v -1.115594 0.221866 1.080064
v -1.115594 0.221866 0.199884
v -0.945743 0.631987 4.368695
v -1.050798 0.435298 4.607048
v -1.050798 0.435298 2.674026
v -1.050798 0.435298 4.368695
v -1.115594 0.221867 4.607048
v -1.115594 0.221866 2.004465
v -1.115594 0.221866 2.674026
v -1.115594 0.221867 4.368695
v -1.137448 0.000000 4.607048
v -1.137448 0.000000 1.080064
v -1.137448 0.000000 0.199884
v -1.137448 0.000000 2.004465
v -1.115594 -0.221866 1.080064
v -1.115594 -0.221866 0.199884
v -1.137448 0.000000 2.674026
v -1.115594 -0.221866 2.004465
v -1.050798 -0.435297 1.080064
v -1.050798 -0.435298 0.199884
v -1.137448 0.000000 4.368695
v -1.115594 -0.221866 4.607048
v -1.115594 -0.221866 2.674026
v -1.115594 -0.221866 4.368695
v -1.050798 -0.435297 4.607048
v -1.050798 -0.435297 2.004465
v -1.050798 -0.435297 2.674026
v -1.050798 -0.435297 4.368695
v -0.945743 -0.631986 4.607048
v -0.945743 -0.631986 1.080064
v -0.945743 -0.631987 0.199884
v -0.945743 -0.631986 2.004465
v -0.804265 -0.804265 1.080065
v -0.804265 -0.804265 0.199884
v -0.945743 -0.631986 2.674026
v -0.804265 -0.804265 2.004465
v -0.631987 -0.945743 1.080065
v -0.631987 -0.945743 0.199884
v -0.945743 -0.631986 4.368695
v -0.804265 -0.804265 4.607048
v -0.804265 -0.804265 2.674026
v -0.804265 -0.804265 4.368695
v -0.631987 -0.945743 4.607048
v -0.631987 -0.945743 2.004465
v -0.631987 -0.945743 2.674026
v -0.631987 -0.945743 4.368695
v -0.435298 -1.050797 4.607048
v -0.435298 -1.050797 1.080065
v -0.435298 -1.050798 0.199884
v -0.435298 -1.050797 2.004465
v -0.221866 -1.115594 1.080065
v -0.221866 -1.115594 0.199884
v 0.000000 -1.137448 1.080065
v 0.000000 -1.137448 0.199884
v -0.221866 -1.115594 2.004465
v 0.000000 -1.137448 2.004465
v -0.435298 -1.050797 2.674026
v -0.221866 -1.115593 2.674026
v 0.000000 -1.137448 2.674026
v -0.435298 -1.050797 4.368695
v -0.221866 -1.115593 4.607048
v -0.221866 -1.115593 4.368695
v 0.000000 -1.137448 4.607048
v 0.000000 -1.137448 4.368695
v 0.000000 -1.137448 -4.503528
v 0.221866 -1.115594 -5.160947
v 0.000000 -1.137448 -5.160947
v 0.221866 -1.115594 0.199884
v 0.000000 -1.137448 0.199884
v 0.221866 -1.115594 -4.503528
v 0.435298 -1.050798 0.199884
v 0.221866 -1.115594 -6.121771
v 0.000000 -1.137449 -6.121771
v 0.435298 -1.050798 -4.503528
v 0.631987 -0.945743 0.199884
v 0.435298 -1.050798 -5.160947
v 0.435298 -1.050798 -6.121771
v 0.221866 -1.115594 -7.800082
v 0.000000 -1.137449 -7.800082
v 0.435298 -1.050798 -7.800082
v 0.631987 -0.945744 -6.121771
v 0.221866 -1.115595 -14.555118
v 0.000000 -1.137449 -14.555118
v 0.435298 -1.050799 -14.555118
v 0.631987 -0.945744 -7.800082
v 0.631987 -0.945744 -14.555118
v 0.221866 -1.115595 -15.211771
v 0.000000 -1.137449 -15.211771
v 0.000000 -1.137450 -18.521105
v 0.435298 -1.050799 -15.211771
v 0.221866 -1.115595 -18.521105
v 0.000000 -1.137450 -21.091610
v 0.631987 -0.945744 -15.211771
v 0.435298 -1.050799 -18.521105
v 0.221866 -1.115595 -21.091610
v 0.000000 -1.137450 -21.959009
v 0.435298 -1.050799 -21.091610
v 0.221866 -1.115595 -22.250912
v 0.000000 -1.137450 -22.250912
v 0.221866 -1.115595 -21.959009
v 0.388777 -1.062557 -22.250912
v 0.448461 -1.043770 -22.227396
v 0.435298 -1.050799 -21.524990
v 0.435298 -1.050799 -21.959009
v 0.505973 -1.013097 -22.250912
v 0.449611 -1.043131 -22.250912
v 0.388777 -1.062557 -22.250912
v 0.575753 -0.975906 -21.407923
v 0.554027 -0.987153 -21.524990
v 0.575753 -0.975906 -21.642696
v 0.636204 -0.942422 -21.742001
v 0.634031 -0.944084 -21.850506
v 0.636204 -0.942422 -21.308620
v 0.631987 -0.945745 -21.959009
v 0.713269 -0.879032 -21.898302
v 0.505973 -1.013097 -22.250912
v 0.804265 -0.804267 -21.959009
v 0.804265 -0.804267 -21.921181
v 0.878902 -0.713143 -21.898302
v 0.945743 -0.631988 -21.959009
v 0.944082 -0.634033 -21.850506
v 0.804265 -0.804267 -22.250912
v 1.050925 -0.435299 -21.959009
v 0.942420 -0.636078 -21.742001
v 0.975521 -0.575371 -21.642696
v 0.945743 -0.631988 -22.250912
v 1.050925 -0.435299 -22.250912
v 1.050925 -0.435299 -21.524990
v 0.987152 -0.554028 -21.524990
v 0.975521 -0.575371 -21.407923
v 1.050925 -0.435299 -21.091610
v 0.942420 -0.636078 -21.308620
v 1.115594 -0.221868 -21.959009
v 1.115594 -0.221868 -22.250912
v 1.115722 -0.221868 -22.480701
v 1.050925 -0.435299 -22.480701
v 0.945743 -0.631988 -22.480701
v 1.101663 -0.219184 -22.697712
v 1.037762 -0.429932 -22.697712
v 0.933985 -0.624065 -22.697712
v 0.804393 -0.804395 -22.480701
v 0.631987 -0.945745 -22.250912
v 0.506484 -1.012969 -22.480701
v 0.449611 -1.043131 -22.250912
v 0.449995 -1.043003 -22.480701
v 0.631987 -0.945745 -22.480701
v 0.506484 -0.996866 -22.697712
v 0.449995 -1.027028 -22.697712
v 0.794297 -0.794298 -22.697712
v 0.624063 -0.933987 -22.697712
v 0.506739 -0.952135 -22.910503
v 0.449867 -0.982552 -22.910503
v 0.507251 -0.874303 -23.104637
v 0.449611 -0.905231 -23.104637
v 0.602081 -0.901142 -22.910503
v 0.766436 -0.766437 -22.910503
v 0.507506 -0.798516 -23.226688
v 0.449356 -0.829572 -23.226688
v 0.449356 -0.805673 -23.264521
v 0.514919 -0.770655 -23.264521
v 0.901140 -0.602082 -22.910503
v 0.526677 -0.788164 -23.226688
v 0.563995 -0.844014 -23.104637
v 0.655375 -0.655376 -23.264521
v 1.001338 -0.414723 -22.910503
v 0.717743 -0.717872 -23.104637
v 0.670328 -0.670329 -23.226688
v 1.063067 -0.211388 -22.910503
v 0.844012 -0.563997 -23.104637
v 0.788162 -0.526679 -23.226688
v 0.770653 -0.514921 -23.264521
v 0.650518 -0.650520 -23.277428
v 0.511085 -0.764904 -23.277428
v 0.514919 -0.770655 -23.264521
v 0.764902 -0.511087 -23.277428
v 0.430952 -0.807846 -23.277428
v 0.449356 -0.805673 -23.264521
v 0.411271 -0.825610 -23.264521
v 0.354654 -0.856283 -23.264521
v 0.351970 -0.849893 -23.277428
v 0.179436 -0.902164 -23.277428
v 0.180841 -0.908938 -23.264521
v 0.000000 -0.919929 -23.277428
v 0.000000 -0.926830 -23.264521
v 0.856281 -0.354656 -23.264521
v 0.849891 -0.351972 -23.277428
v 0.908936 -0.180843 -23.264521
v 0.875835 -0.362835 -23.226688
v 0.902162 -0.179437 -23.277428
v 0.937820 -0.388523 -23.104637
v 0.929768 -0.184933 -23.226688
v 0.995587 -0.197969 -23.104637
v 0.926829 -0.000002 -23.264521
v 0.919927 -0.000002 -23.277428
v 0.947916 -0.000002 -23.226688
v 0.908936 0.180840 -23.264521
v 0.902162 0.179434 -23.277428
v 1.015140 -0.000002 -23.104637
v 0.929768 0.184929 -23.226688
v 0.856281 0.354652 -23.264521
v 0.849891 0.352096 -23.277428
v 1.083899 -0.000002 -22.910503
v 0.995587 0.198093 -23.104637
v 0.875835 0.362831 -23.226688
v 0.770653 0.514917 -23.264521
v 0.764902 0.511083 -23.277428
v 1.123262 -0.000002 -22.697712
v 1.063067 0.211513 -22.910503
v 0.937820 0.388520 -23.104637
v 0.788162 0.526675 -23.226688
v 0.655375 0.655373 -23.264521
v 0.650518 0.650516 -23.277428
v 0.514919 0.770651 -23.264521
v 0.511085 0.764900 -23.277428
v 0.670328 0.670326 -23.226688
v 0.844012 0.563994 -23.104637
v 0.354654 0.856279 -23.264521
v 1.001338 0.414720 -22.910503
v 0.351970 0.849889 -23.277428
v 0.526677 0.788160 -23.226688
v 0.717743 0.717869 -23.104637
v 0.180841 0.908934 -23.264521
v 0.901140 0.602207 -22.910503
v 0.179436 0.902161 -23.277428
v 0.362833 0.875833 -23.226688
v 0.563995 0.844010 -23.104637
v 0.000000 0.926827 -23.264521
v 0.000000 0.919925 -23.277428
v -0.179436 0.902161 -23.277428
v 0.184931 0.929766 -23.226688
v 0.388522 0.937818 -23.104637
v -0.180841 0.908934 -23.264521
v -0.352098 0.849889 -23.277428
v 0.000000 0.947914 -23.226688
v -0.354654 0.856279 -23.264521
v -0.511085 0.764900 -23.277428
v -0.184931 0.929766 -23.226688
v -0.362833 0.875833 -23.226688
v -0.514919 0.770651 -23.264521
v -0.650518 0.650516 -23.277428
v -0.526677 0.788160 -23.226688
v -0.655375 0.655373 -23.264521
v -0.764902 0.511083 -23.277428
v -0.670328 0.670326 -23.226688
v -0.770653 0.514917 -23.264521
v -0.849891 0.352096 -23.277428
v -0.788162 0.526675 -23.226688
v -0.856281 0.354652 -23.264521
v -0.902162 0.179434 -23.277428
v -0.875835 0.362831 -23.226688
v -0.909064 0.180840 -23.264521
v -0.919927 -0.000002 -23.277428
v -0.929768 0.184929 -23.226688
v -0.926829 -0.000002 -23.264521
v -0.902162 -0.179437 -23.277428
v -0.947916 -0.000002 -23.226688
v -0.909064 -0.180843 -23.264521
v -0.849891 -0.351972 -23.277428
v -0.929768 -0.184933 -23.226688
v -0.856281 -0.354656 -23.264521
v -0.764902 -0.511087 -23.277428
v -0.875835 -0.362835 -23.226688
v -0.770653 -0.514921 -23.264521
v -0.650518 -0.650520 -23.277428
v -0.788162 -0.526679 -23.226688
v -0.655375 -0.655376 -23.264521
v -0.511085 -0.764904 -23.277428
v -0.514919 -0.770655 -23.264521
v -0.430313 -0.808101 -23.277428
v -0.449356 -0.805673 -23.264521
v -0.411271 -0.825610 -23.264521
v -0.354654 -0.856283 -23.264521
v -0.352098 -0.849893 -23.277428
v -0.179436 -0.902164 -23.277428
v -0.180841 -0.908938 -23.264521
v 0.000000 -0.919929 -23.277428
v 0.000000 -0.926830 -23.264521
v -0.670328 -0.670329 -23.226688
v -0.526677 -0.788164 -23.226688
v -0.514919 -0.770655 -23.264521
v -0.507506 -0.798516 -23.226688
v -0.449356 -0.805673 -23.264521
v -0.449356 -0.829572 -23.226688
v -0.449611 -0.905231 -23.104637
v -0.563995 -0.844014 -23.104637
v -0.507379 -0.874303 -23.104637
v -0.449867 -0.982552 -22.910503
v -0.717870 -0.717872 -23.104637
v -0.602208 -0.901142 -22.910503
v -0.506739 -0.952135 -22.910503
v -0.449995 -1.027028 -22.697712
v -0.844012 -0.563997 -23.104637
v -0.766436 -0.766437 -22.910503
v -0.624063 -0.933987 -22.697712
v -0.506484 -0.996866 -22.697712
v -0.449995 -1.043003 -22.480701
v -0.937820 -0.388523 -23.104637
v -0.901140 -0.602082 -22.910503
v -0.995714 -0.197969 -23.104637
v -0.794297 -0.794298 -22.697712
v -1.001338 -0.414723 -22.910503
v -0.933985 -0.624065 -22.697712
v -1.015140 -0.000002 -23.104637
v -1.062939 -0.211388 -22.910503
v -1.037762 -0.429932 -22.697712
v -0.995714 0.198093 -23.104637
v -1.083899 -0.000002 -22.910503
v -1.101663 -0.219184 -22.697712
v -0.937820 0.388520 -23.104637
v -1.062939 0.211513 -22.910503
v -1.123262 -0.000002 -22.697712
v -0.844140 0.563994 -23.104637
v -1.001338 0.414720 -22.910503
v -1.101663 0.219181 -22.697712
v -0.717870 0.717869 -23.104637
v -0.901140 0.602207 -22.910503
v -1.037762 0.429928 -22.697712
v -0.563995 0.844010 -23.104637
v -0.766436 0.766434 -22.910503
v -0.933985 0.624061 -22.697712
v -0.388522 0.937818 -23.104637
v -0.602208 0.901138 -22.910503
v -0.794297 0.794295 -22.697712
v -0.198095 0.995713 -23.104637
v -0.414721 1.001336 -22.910503
v -0.624063 0.933984 -22.697712
v -0.945743 0.631985 -22.480701
v -0.804393 0.804391 -22.480701
v -1.050925 0.435296 -22.480701
v -1.115594 0.221865 -22.480701
v -1.050798 0.435296 -22.250912
v -0.945743 0.631985 -22.250912
v -1.137576 -0.000002 -22.480701
v -1.115594 0.221865 -22.250912
v -1.137448 -0.000002 -22.250912
v -1.115594 -0.221868 -22.480701
v -1.115594 -0.221868 -22.250912
v -1.137448 -0.000002 -21.959009
v -1.115594 0.221865 -21.959009
v -1.050925 -0.435299 -22.480701
v -1.050798 -0.435299 -22.250912
v -1.115594 -0.221868 -21.959009
v -1.050798 -0.435299 -21.959009
v -0.945743 -0.631988 -22.480701
v -0.945743 -0.631988 -22.250912
v -0.945743 -0.631988 -21.959009
v -0.804393 -0.804395 -22.480701
v -0.804265 -0.804267 -22.250912
v -0.804265 -0.804267 -21.959009
v -0.631987 -0.945745 -22.480701
v -0.631987 -0.945745 -22.250912
v -0.506356 -1.012969 -22.480701
v -0.449611 -1.043131 -22.250912
v -0.505973 -1.013097 -22.250912
v -0.631987 -0.945745 -21.959009
v -0.448461 -1.043770 -22.227396
v -0.449611 -1.043131 -22.250912
v -0.388777 -1.062557 -22.250912
v -0.713142 -0.878904 -21.898302
v -0.804393 -0.804267 -21.921181
v -0.879030 -0.713271 -21.898302
v -0.634031 -0.944084 -21.850506
v -0.944082 -0.634033 -21.850506
v -0.942420 -0.636206 -21.742001
v -0.975905 -0.575755 -21.642696
v -0.435298 -1.050799 -21.959009
v -0.636076 -0.942422 -21.742001
v -0.575498 -0.975523 -21.642696
v -1.050798 -0.435299 -21.524990
v -0.987152 -0.554028 -21.524990
v -0.975905 -0.575755 -21.407923
v -0.435298 -1.050799 -21.524990
v -0.554027 -0.987153 -21.524990
v -0.575498 -0.975523 -21.407923
v -1.115594 -0.221868 -21.091610
v -1.050798 -0.435299 -21.091610
v -0.942420 -0.636206 -21.308620
v -0.435298 -1.050799 -21.091610
v -0.636076 -0.942422 -21.308620
v -1.137448 -0.000002 -21.091610
v -0.945743 -0.631988 -21.091610
v -0.879030 -0.713271 -21.242290
v -1.050798 -0.435299 -18.521105
v -0.804265 -0.804267 -21.091610
v -0.804393 -0.804267 -21.218645
v -0.713142 -0.878904 -21.242290
v -0.945743 -0.631988 -18.521105
v -0.804265 -0.804267 -18.521105
v -0.631987 -0.945745 -21.091610
v -0.631987 -0.945745 -18.521105
v -0.435298 -1.050799 -18.521105
v -0.221866 -1.115595 -18.521105
v -0.631987 -0.945744 -15.211771
v -0.435298 -1.050799 -15.211771
v -0.804265 -0.804266 -15.211771
v -0.631987 -0.945744 -14.555118
v -0.945743 -0.631988 -15.211771
v -0.804265 -0.804266 -14.555118
v -0.945743 -0.631988 -14.555118
v -1.050798 -0.435299 -15.211771
v -1.050798 -0.435299 -14.555118
v -1.115594 -0.221868 -18.521105
v -1.115594 -0.221867 -15.211771
v -1.137448 -0.000001 -18.521105
v -1.115594 -0.221867 -14.555118
v -1.137448 -0.000001 -15.211771
v -1.137448 -0.000001 -14.555118
v -1.115594 -0.221867 -7.800082
v -1.137448 -0.000001 -7.800082
v -1.050798 -0.435298 -7.800082
v -0.945743 -0.631987 -7.800082
v -1.115594 -0.221867 -6.121771
v -0.804265 -0.804266 -7.800082
v -1.050798 -0.435298 -6.121771
v -0.945743 -0.631987 -6.121771
v -0.631987 -0.945744 -7.800082
v -1.137448 -0.000000 -6.121771
v -1.115594 -0.221867 -5.160947
v -1.137448 -0.000000 -5.160947
v -1.050798 -0.435298 -5.160947
v -0.804265 -0.804266 -6.121771
v -0.945743 -0.631987 -5.160947
v -1.115594 -0.221867 -4.503528
v -1.050798 -0.435298 -4.503528
v -1.050798 -0.435298 0.199884
v -0.945743 -0.631987 0.199884
v -1.115594 -0.221866 0.199884
v -0.945743 -0.631987 -4.503528
v -0.804265 -0.804265 0.199884
v -1.137448 -0.000000 -4.503528
v -1.137448 0.000000 0.199884
v -1.115594 0.221866 -4.503528
v -1.115594 0.221866 0.199884
v -1.115594 0.221866 -5.160947
v -1.050798 0.435297 -4.503528
v -1.050798 0.435298 0.199884
v -1.115594 0.221866 -6.121771
v -1.050798 0.435297 -5.160947
v -0.945743 0.631986 -4.503528
v -0.945743 0.631987 0.199884
v -1.115594 0.221866 -7.800082
v -1.050798 0.435297 -6.121771
v -0.945743 0.631986 -5.160947
v -0.804265 0.804265 -4.503528
v -0.804265 0.804265 0.199884
v -1.115594 0.221865 -14.555118
v -1.050798 0.435297 -7.800082
v -0.945743 0.631986 -6.121771
v -0.804265 0.804265 -5.160947
v -0.631987 0.945743 -4.503528
v -0.631987 0.945743 0.199884
v -0.435298 1.050797 -4.503528
v -0.435298 1.050798 0.199884
v -0.631987 0.945743 -5.160947
v -0.804265 0.804265 -6.121771
v -0.221866 1.115593 -4.503528
v -0.945743 0.631986 -7.800082
v -0.221866 1.115594 0.199884
v -0.435298 1.050797 -5.160947
v -0.631987 0.945743 -6.121771
v 0.000000 1.137448 -4.503528
v -0.804265 0.804265 -7.800082
v 0.000000 1.137448 0.199884
v -0.221866 1.115593 -5.160947
v -0.435298 1.050797 -6.121771
v 0.221866 1.115593 -4.503528
v -0.631987 0.945743 -7.800082
v 0.221866 1.115594 0.199884
v 0.000000 1.137448 -5.160947
v -0.221866 1.115593 -6.121771
v 0.435298 1.050797 -4.503528
v -0.435298 1.050797 -7.800082
v 0.435298 1.050798 0.199884
v 0.221866 1.115593 -5.160947
v 0.000000 1.137448 -6.121771
v 0.631987 0.945743 -4.503528
v -0.221866 1.115593 -7.800082
v 0.631987 0.945743 0.199884
v 0.435298 1.050797 -5.160947
v 0.221866 1.115593 -6.121771
v 0.804265 0.804265 -4.503528
v 0.000000 1.137447 -7.800082
v 0.804265 0.804265 0.199884
v 0.631987 0.945743 -5.160947
v 0.435298 1.050797 -6.121771
v 0.945743 0.631986 -4.503528
v 0.221866 1.115593 -7.800082
v 0.945743 0.631987 0.199884
v 0.804265 0.804265 -5.160947
v 0.631987 0.945743 -6.121771
v 1.050925 0.435297 -4.503528
v 0.435298 1.050797 -7.800082
v 1.050925 0.435298 0.199884
v 0.945743 0.631986 -5.160947
v 0.804265 0.804265 -6.121771
v 1.115594 0.221866 -4.503528
v 0.631987 0.945743 -7.800082
v 1.115594 0.221866 0.199884
v 1.050925 0.435297 -5.160947
v 0.945743 0.631986 -6.121771
v 1.137448 -0.000000 -4.503528
v 0.804265 0.804265 -7.800082
v 1.137448 0.000000 0.199884
v 1.115594 0.221866 -5.160947
v 1.050925 0.435297 -6.121771
v 1.115594 -0.221867 -4.503528
v 0.945743 0.631986 -7.800082
v 1.115594 -0.221866 0.199884
v 1.137448 -0.000000 -5.160947
v 1.115594 0.221866 -6.121771
v 1.050925 -0.435298 -4.503528
v 1.050925 0.435297 -7.800082
v 1.050925 -0.435298 0.199884
v 1.115594 -0.221867 -5.160947
v 1.137448 -0.000000 -6.121771
v 0.945743 -0.631987 -4.503528
v 1.115594 0.221866 -7.800082
v 0.945743 -0.631987 0.199884
v 1.050925 -0.435298 -5.160947
v 1.115594 -0.221867 -6.121771
v 0.804265 -0.804266 -4.503528
v 1.137448 -0.000001 -7.800082
v 0.804265 -0.804265 0.199884
v 0.945743 -0.631987 -5.160947
v 1.050925 -0.435298 -6.121771
v 0.631987 -0.945744 -4.503528
v 0.804265 -0.804266 -5.160947
v 0.631987 -0.945744 -5.160947
v 0.945743 -0.631987 -6.121771
v 0.804265 -0.804266 -6.121771
v 0.804265 -0.804266 -7.800082
v 0.945743 -0.631987 -7.800082
v 1.050925 -0.435298 -7.800082
v 1.115594 -0.221867 -7.800082
v 0.804265 -0.804266 -14.555118
v 0.945743 -0.631988 -14.555118
v 1.050925 -0.435299 -14.555118
v 0.804265 -0.804266 -15.211771
v 0.945743 -0.631988 -15.211771
v 1.050925 -0.435299 -15.211771
v 1.115594 -0.221867 -14.555118
v 1.115594 -0.221867 -15.211771
v 0.945743 -0.631988 -18.521105
v 1.050925 -0.435299 -18.521105
v 1.137448 -0.000001 -14.555118
v 1.137448 -0.000001 -15.211771
v 1.115594 -0.221868 -18.521105
v 1.115594 0.221865 -14.555118
v 1.115594 0.221865 -15.211771
v 1.137448 -0.000001 -18.521105
v 1.050925 0.435296 -14.555118
v 1.050925 0.435296 -15.211771
v 1.115594 0.221865 -18.521105
v 0.945743 0.631985 -14.555118
v 0.945743 0.631985 -15.211771
v 1.050925 0.435296 -18.521105
v 0.804265 0.804264 -14.555118
v 0.804265 0.804264 -15.211771
v 0.945743 0.631985 -18.521105
v 1.115594 0.221865 -21.091610
v 0.631987 0.945742 -14.555118
v 1.050925 0.435296 -21.091610
v 0.631987 0.945742 -15.211771
v 0.804265 0.804264 -18.521105
v 0.945743 0.631985 -21.091610
v 0.435298 1.050797 -14.555118
v 0.435298 1.050796 -15.211771
v 0.942420 0.636203 -21.308620
v 0.879030 0.713268 -21.242290
v 0.975905 0.575624 -21.407923
v 0.804265 0.804264 -21.091610
v 0.804265 0.804264 -21.218645
v 0.713142 0.878901 -21.242290
v 1.050925 0.435296 -21.524990
v 0.987152 0.554025 -21.524990
v 0.975905 0.575624 -21.642696
v 0.631987 0.945742 -21.091610
v 0.636076 0.942419 -21.308620
v 0.631987 0.945742 -18.521105
v 0.435298 1.050796 -21.091610
v 0.435298 1.050796 -18.521105
v 0.575370 0.975520 -21.407923
v 0.221866 1.115592 -15.211771
v 0.435298 1.050796 -21.524990
v 0.554027 0.987150 -21.524990
v 0.575370 0.975648 -21.642696
v 0.221866 1.115593 -14.555118
v 0.000000 1.137447 -14.555118
v 0.000000 1.137447 -15.211771
v 0.221866 1.115592 -18.521105
v -0.221866 1.115593 -14.555118
v -0.221866 1.115592 -15.211771
v 0.000000 1.137447 -18.521105
v 0.221866 1.115592 -21.091610
v -0.435298 1.050797 -14.555118
v -0.435298 1.050796 -15.211771
v -0.221866 1.115592 -18.521105
v 0.000000 1.137447 -21.091610
v 0.221866 1.115592 -21.959009
v -0.221866 1.115592 -21.091610
v -0.435298 1.050796 -18.521105
v -0.631987 0.945742 -15.211771
v -0.631987 0.945742 -14.555118
v -0.804265 0.804264 -14.555118
v -0.804265 0.804264 -15.211771
v -0.631987 0.945742 -18.521105
v -0.435298 1.050796 -21.091610
v -0.945743 0.631985 -14.555118
v -0.945743 0.631985 -15.211771
v -0.804265 0.804264 -18.521105
v -0.631987 0.945742 -21.091610
v -1.050798 0.435296 -14.555118
v -1.050798 0.435296 -15.211771
v -1.115594 0.221865 -15.211771
v -0.945743 0.631985 -18.521105
v -1.050798 0.435296 -18.521105
v -1.115594 0.221865 -18.521105
v -0.804265 0.804264 -21.091610
v -1.050798 0.435296 -21.091610
v -0.945743 0.631985 -21.091610
v -1.115594 0.221865 -21.091610
v -0.942420 0.636075 -21.308620
v -0.878902 0.713140 -21.242290
v -0.975649 0.575496 -21.407923
v -0.804265 0.804264 -21.218645
v -0.713269 0.879028 -21.242290
v -0.636204 0.942419 -21.308620
v -0.575625 0.975903 -21.407923
v -1.050798 0.435296 -21.524990
v -0.987152 0.554025 -21.524990
v -0.975649 0.575496 -21.642696
v -0.435298 1.050796 -21.524990
v -0.554027 0.987150 -21.524990
v -0.575625 0.975903 -21.642696
v -1.050798 0.435296 -21.959009
v -0.942420 0.636075 -21.742001
v -0.944082 0.634030 -21.850506
v -0.945743 0.631985 -21.959009
v -0.878902 0.713140 -21.898302
v -0.804265 0.804264 -21.959009
v -0.804265 0.804264 -21.921181
v -0.804265 0.804264 -22.250912
v -0.713269 0.879028 -21.898302
v -0.631987 0.945742 -22.480701
v -0.631987 0.945742 -22.250912
v -0.631987 0.945742 -21.959009
v -0.634031 0.944080 -21.850506
v -0.429930 1.037760 -22.697712
v -0.435298 1.050924 -22.480701
v -0.435298 1.050796 -22.250912
v -0.435298 1.050796 -21.959009
v -0.636204 0.942419 -21.742001
v -0.221866 1.115592 -21.959009
v -0.221866 1.115592 -22.250912
v -0.221994 1.115592 -22.480701
v 0.000000 1.137446 -21.959009
v 0.000000 1.137446 -22.250912
v -0.219182 1.101662 -22.697712
v 0.000000 1.137446 -22.480701
v 0.000000 1.123260 -22.697712
v -0.211514 1.062937 -22.910503
v 0.000000 1.083897 -22.910503
v 0.000000 1.015139 -23.104637
v 0.197967 0.995713 -23.104637
v 0.211386 1.062937 -22.910503
v 0.414721 1.001336 -22.910503
v 0.602081 0.901138 -22.910503
v 0.219182 1.101662 -22.697712
v 0.429930 1.037760 -22.697712
v 0.624063 0.933984 -22.697712
v 0.766436 0.766434 -22.910503
v 0.794297 0.794295 -22.697712
v 0.933985 0.624061 -22.697712
v 1.037762 0.429928 -22.697712
v 0.945743 0.631985 -22.480701
v 1.101663 0.219181 -22.697712
v 1.050925 0.435296 -22.480701
v 1.115722 0.221865 -22.480701
v 1.137448 -0.000002 -22.480701
v 1.137448 -0.000002 -22.250912
v 1.115594 0.221865 -22.250912
v 1.137448 -0.000002 -21.959009
v 1.050925 0.435296 -22.250912
v 1.115594 0.221865 -21.959009
v 1.137448 -0.000002 -21.091610
v 1.115594 -0.221868 -21.091610
v 0.945743 -0.631988 -21.091610
v 0.878902 -0.713143 -21.242290
v 0.804265 -0.804267 -21.091610
v 0.804265 -0.804267 -21.218645
v 0.713269 -0.879032 -21.242290
v 0.804265 -0.804267 -18.521105
v 0.631987 -0.945745 -21.091610
v 0.631987 -0.945745 -18.521105
v 0.945743 0.631988 17.415480
v 1.037762 0.429803 18.033663
v 0.804265 0.804267 16.855064
v 0.804265 0.804266 12.015925
v 1.072524 0.213305 18.654659
v 1.041085 0.000001 19.309267
v 0.631987 0.945745 16.855064
v 0.631987 0.945744 12.015925
v 0.804265 0.804267 17.415480
v 0.435298 1.050799 16.855064
v 0.435298 1.050799 12.015925
v 0.631987 0.945745 17.415480
v 0.933858 0.623936 18.033663
v 0.794297 0.794170 18.033663
v 0.221866 1.115595 16.855064
v 0.221866 1.115595 12.015925
v 0.435298 1.050799 17.415480
v 0.624063 0.933859 18.033663
v 0.000000 1.137449 16.855064
v 0.000000 1.137449 12.015925
v 0.221866 1.115595 17.415480
v 0.429802 1.037763 18.033663
v -0.221866 1.115595 16.855064
v -0.221866 1.115595 12.015925
v 0.000000 1.137449 17.415480
v 0.219055 1.101665 18.033663
v -0.435298 1.050799 16.855064
v -0.435298 1.050799 12.015925
v -0.221866 1.115595 17.415480
v 0.000000 1.123263 18.033663
v -0.631987 0.945745 16.855064
v -0.631987 0.945744 12.015925
v -0.435298 1.050799 17.415480
v -0.219055 1.101665 18.033663
v 0.000000 1.093485 18.654659
v -0.804265 0.804267 16.855064
v -0.804265 0.804266 12.015925
v -0.631987 0.945745 17.415480
v -0.429802 1.037763 18.033663
v -0.213303 1.072526 18.654659
v 0.000000 1.041086 19.309267
v -0.945743 0.631988 16.855064
v -0.945743 0.631987 12.015925
v -0.804265 0.804267 17.415480
v -0.623935 0.933859 18.033663
v -0.418428 1.010285 18.654659
v -0.203079 1.021021 19.309267
v 0.000000 0.972200 19.900230
v -0.189660 0.953541 19.900230
v 0.000000 0.882099 20.487740
v -0.398362 0.961848 19.309267
v -0.607448 0.909193 18.654659
v -0.794169 0.794170 18.033663
v -0.172023 0.865101 20.487740
v 0.000000 0.774617 21.059532
v -0.372035 0.898202 19.900230
v -0.578309 0.865612 19.309267
v -0.773209 0.773211 18.654659
v -0.151063 0.759791 21.059532
v 0.000000 0.658188 21.592087
v -0.337528 0.815002 20.487740
v -0.540096 0.808356 19.900230
v -0.736146 0.736148 19.309267
v -0.128442 0.645535 21.592087
v 0.000000 0.545082 22.050390
v -0.296376 0.715699 21.059532
v -0.489997 0.733336 20.487740
v -0.687453 0.687455 19.900230
v -0.106332 0.534602 22.050390
v 0.000000 0.428653 22.474312
v -0.251900 0.608089 21.592087
v -0.430441 0.644130 21.059532
v -0.623679 0.623681 20.487740
v -0.083711 0.420474 22.474312
v 0.000000 0.331140 22.805578
v -0.208575 0.503546 22.050390
v -0.365645 0.547255 21.592087
v -0.547764 0.547766 21.059532
v -0.064668 0.324877 22.805578
v 0.000000 0.250751 23.059011
v -0.163971 0.396064 22.474312
v -0.302766 0.453192 22.050390
v -0.465459 0.465461 21.592087
v -0.048949 0.245895 23.059011
v 0.000000 0.178287 23.269630
v -0.126781 0.305962 22.805578
v -0.068247 0.164612 23.269630
v 0.000000 0.122821 23.410854
v -0.095980 0.231709 23.059011
v -0.047032 0.113363 23.410854
v -0.126014 0.126016 23.269630
v -0.086778 0.086780 23.410854
v -0.139305 0.208449 23.059011
v -0.184037 0.275418 22.805578
v -0.238097 0.356445 22.474312
v -0.164610 0.068249 23.269630
v -0.113361 0.047033 23.410854
v -0.178285 0.000002 23.269630
v -0.122819 0.000002 23.410854
v -0.385454 0.385456 22.050390
v -0.303149 0.303151 22.474312
v -0.245893 0.048950 23.059011
v -0.250750 0.000002 23.059011
v -0.331138 0.000002 22.805578
v -0.324876 0.064670 22.805578
v -0.428652 0.000002 22.474312
v -0.231707 0.095982 23.059011
v -0.208447 0.139307 23.059011
v -0.305961 0.126782 22.805578
v -0.420472 0.083713 22.474312
v -0.545080 0.000002 22.050390
v -0.177263 0.177265 23.059011
v -0.275288 0.184038 22.805578
v -0.234135 0.234137 22.805578
v -0.396062 0.163973 22.474312
v -0.356443 0.238099 22.474312
v -0.534601 0.106334 22.050390
v -0.658186 0.000002 21.592087
v -0.503544 0.208576 22.050390
v -0.453190 0.302767 22.050390
v -0.645534 0.128444 21.592087
v -0.774615 0.000002 21.059532
v -0.608087 0.251902 21.592087
v -0.547253 0.365646 21.592087
v -0.759790 0.151065 21.059532
v -0.882097 0.000002 20.487740
v -0.715698 0.296377 21.059532
v -0.644128 0.430443 21.059532
v -0.865100 0.172025 20.487740
v -0.972199 0.000002 19.900230
v -0.815001 0.337530 20.487740
v -0.733334 0.489999 20.487740
v -0.953539 0.189661 19.900230
v -1.041085 0.000001 19.309267
v -0.898201 0.372036 19.900230
v -0.808355 0.540098 19.900230
v -1.021019 0.203081 19.309267
v -1.093484 0.000001 18.654659
v -0.961847 0.398364 19.309267
v -0.865611 0.578311 19.309267
v -1.072524 0.213305 18.654659
v -1.123262 0.000001 18.033663
v -1.010284 0.418429 18.654659
v -0.909192 0.607450 18.654659
v -1.101535 0.219056 18.033663
v -1.037762 0.429803 18.033663
v -0.933858 0.623936 18.033663
v -0.945743 0.631988 17.415480
v -1.050798 0.435299 17.415480
v -1.050798 0.435299 16.855064
v -1.050798 0.435298 12.015925
v -1.115594 0.221868 16.855064
v -1.115594 0.221867 12.015925
v -1.115594 0.221868 17.415480
v -1.137448 0.000001 16.855064
v -1.137448 0.000001 12.015925
v -1.137448 0.000001 17.415480
v -1.115594 -0.221865 16.855064
v -1.115594 -0.221865 12.015925
v -1.115594 -0.221865 17.415480
v -1.050798 -0.435296 16.855064
v -1.050798 -0.435297 12.015925
v -1.101535 -0.219053 18.033663
v -1.093484 0.000001 18.654659
v -1.050798 -0.435296 17.415480
v -0.945743 -0.631985 16.855064
v -0.945743 -0.631986 12.015925
v -1.072524 -0.213302 18.654659
v -1.041085 0.000001 19.309267
v -1.037762 -0.429801 18.033663
v -0.945743 -0.631985 17.415480
v -0.804265 -0.804264 16.855064
v -0.804265 -0.804264 12.015925
v -1.021019 -0.203078 19.309267
v -0.972199 0.000002 19.900230
v -1.010284 -0.418426 18.654659
v -0.933858 -0.624061 18.033663
v -0.804265 -0.804264 17.415480
v -0.631987 -0.945742 16.855064
v -0.631987 -0.945742 12.015925
v -0.435298 -1.050796 16.855064
v -0.435298 -1.050797 12.015925
v -0.631987 -0.945742 17.415480
v -0.794169 -0.794295 18.033663
v -0.221866 -1.115592 16.855064
v -0.909192 -0.607447 18.654659
v -0.221866 -1.115593 12.015925
v 0.000000 -1.137447 16.855064
v 0.000000 -1.137447 12.015925
v -0.435298 -1.050796 17.415480
v -0.221866 -1.115592 17.415480
v 0.000000 -1.137447 17.415480
v -0.623935 -0.933856 18.033663
v -0.429802 -1.037760 18.033663
v -0.219055 -1.101534 18.033663
v 0.000000 -1.123133 18.033663
v -0.773209 -0.773208 18.654659
v -0.607448 -0.909190 18.654659
v -0.418428 -1.010283 18.654659
v -0.213303 -1.072523 18.654659
v 0.000000 -1.093482 18.654659
v -0.203079 -1.021018 19.309267
v 0.000000 -1.041083 19.309267
v -0.398362 -0.961845 19.309267
v -0.578309 -0.865609 19.309267
v -0.736146 -0.736145 19.309267
v -0.189660 -0.953410 19.900230
v 0.000000 -0.972197 19.900230
v -0.372035 -0.898071 19.900230
v -0.540096 -0.808353 19.900230
v -0.687453 -0.687324 19.900230
v -0.172023 -0.865098 20.487740
v 0.000000 -0.882096 20.487740
v -0.337528 -0.814871 20.487740
v -0.489997 -0.733461 20.487740
v -0.623679 -0.623678 20.487740
v -0.151063 -0.759788 21.059532
v 0.000000 -0.774613 21.059532
v -0.296376 -0.715696 21.059532
v -0.430441 -0.644126 21.059532
v -0.547764 -0.547763 21.059532
v -0.128442 -0.645532 21.592087
v 0.000000 -0.658185 21.592087
v -0.251900 -0.608086 21.592087
v -0.365645 -0.547251 21.592087
v -0.465459 -0.465457 21.592087
v -0.106332 -0.534599 22.050390
v 0.000000 -0.545079 22.050390
v -0.208575 -0.503543 22.050390
v -0.302766 -0.453188 22.050390
v -0.385454 -0.385325 22.050390
v -0.083711 -0.420471 22.474312
v 0.000000 -0.428650 22.474312
v -0.163971 -0.396060 22.474312
v -0.238097 -0.356441 22.474312
v -0.303149 -0.303147 22.474312
v -0.064668 -0.324874 22.805578
v 0.000000 -0.331136 22.805578
v -0.126781 -0.305959 22.805578
v -0.184037 -0.275414 22.805578
v -0.234135 -0.234134 22.805578
v -0.048949 -0.246019 23.059011
v 0.000000 -0.250748 23.059011
v 0.000000 -0.178156 23.269630
v -0.095980 -0.231705 23.059011
v -0.068247 -0.164609 23.269630
v -0.047032 -0.113487 23.410854
v 0.000000 -0.122689 23.410854
v -0.086778 -0.086777 23.410854
v -0.139305 -0.208445 23.059011
v -0.126014 -0.126012 23.269630
v -0.113361 -0.046902 23.410854
v -0.177263 -0.177261 23.059011
v -0.164610 -0.068117 23.269630
v -0.122819 0.000002 23.410854
v -0.208447 -0.139304 23.059011
v -0.178285 0.000002 23.269630
v -0.275288 -0.184035 22.805578
v -0.231707 -0.095978 23.059011
v -0.245893 -0.048947 23.059011
v -0.250750 0.000002 23.059011
v -0.305961 -0.126651 22.805578
v -0.356443 -0.238096 22.474312
v -0.324876 -0.064667 22.805578
v -0.331138 0.000002 22.805578
v -0.396062 -0.164098 22.474312
v -0.453190 -0.302764 22.050390
v -0.420472 -0.083709 22.474312
v -0.428652 0.000002 22.474312
v -0.503544 -0.208573 22.050390
v -0.547253 -0.365643 21.592087
v -0.534601 -0.106331 22.050390
v -0.545080 0.000002 22.050390
v -0.608087 -0.251898 21.592087
v -0.644128 -0.430312 21.059532
v -0.645534 -0.128441 21.592087
v -0.658186 0.000002 21.592087
v -0.715698 -0.296502 21.059532
v -0.733334 -0.489996 20.487740
v -0.759790 -0.151190 21.059532
v -0.774615 0.000002 21.059532
v -0.815001 -0.337527 20.487740
v -0.808355 -0.540095 19.900230
v -0.865100 -0.172149 20.487740
v -0.882097 0.000002 20.487740
v -0.898201 -0.372033 19.900230
v -0.865611 -0.578308 19.309267
v -0.953539 -0.189658 19.900230
v -0.961847 -0.398361 19.309267
v -0.290880 1.094634 0.689626
v -0.276566 1.098979 0.779471
v -0.276566 1.098979 0.599652
v -0.235286 1.111504 0.860243
v -0.235286 1.111504 0.518242
v -0.221866 1.115594 0.199884
v -0.171001 1.120578 0.924400
v -0.171001 1.120578 0.453957
v -0.089846 1.128630 0.965808
v -0.089846 1.128630 0.412549
v 0.000000 1.137448 0.199884
v 0.000000 1.137448 0.980122
v 0.000000 1.137448 0.398362
v 0.089846 1.128630 0.965808
v 0.089846 1.128630 0.412549
v 0.221866 1.115594 0.199884
v 0.171001 1.120578 0.924400
v 0.171001 1.120578 0.453957
v 0.235286 1.111504 0.860243
v 0.235286 1.111504 0.518242
v 0.276566 1.098979 0.779471
v 0.276566 1.098979 0.599652
v 0.290880 1.094634 0.689626
v -0.804265 -0.804266 -5.160947
v -0.804265 -0.804266 -4.503528
v -0.631987 -0.945743 0.199884
v -0.631987 -0.945744 -6.121771
v -0.631987 -0.945744 -5.160947
v -0.631987 -0.945744 -4.503528
v -0.435298 -1.050798 0.199884
v -0.435298 -1.050798 -4.503528
v -0.221866 -1.115594 0.199884
v -0.435298 -1.050798 -5.160947
v -0.435298 -1.050798 -6.121771
v -0.435298 -1.050798 -7.800082
v -0.221866 -1.115594 -4.503528
v 0.000000 -1.137448 0.199884
v 0.000000 -1.137448 -4.503528
v 0.000000 -1.137448 -5.160947
v -0.221866 -1.115594 -5.160947
v 0.000000 -1.137449 -6.121771
v -0.221866 -1.115594 -6.121771
v 0.000000 -1.137449 -7.800082
v -0.221866 -1.115594 -7.800082
v 0.000000 -1.137449 -14.555118
v -0.221866 -1.115595 -14.555118
v 0.000000 -1.137449 -15.211771
v -0.435298 -1.050799 -14.555118
v -0.221866 -1.115595 -15.211771
v 0.000000 -1.137450 -18.521105
v -0.221866 -1.115595 -21.091610
v 0.000000 -1.137450 -21.091610
v -0.221866 -1.115595 -21.959009
v -0.388777 -1.062557 -22.250912
v 0.000000 -1.137450 -21.959009
v -0.221866 -1.115595 -22.250912
v 0.000000 -1.137450 -22.250912
v -0.724516 -0.000001 -19.849619
v -0.669305 0.277204 -19.849619
v -0.710586 0.141349 -19.849619
v -0.602336 0.402451 -19.849619
v -0.512235 0.512234 -19.849619
v -0.402452 0.602335 -19.849619
v -0.277205 0.669304 -19.849619
v -0.141350 0.710456 -19.849619
v 0.000000 0.724515 -19.849619
v 0.141350 0.710456 -19.849619
v 0.277205 0.669304 -19.849619
v 0.402452 0.602335 -19.849619
v 0.512235 0.512234 -19.849619
v 0.602336 0.402451 -19.849619
v 0.669305 0.277204 -19.849619
v 0.710458 0.141349 -19.849619
v 0.724516 -0.000001 -19.849619
v 0.710458 -0.141352 -19.849619
v 0.669305 -0.277207 -19.849619
v 0.602336 -0.402454 -19.849619
v 0.512235 -0.512237 -19.849619
v 0.402452 -0.602338 -19.849619
v 0.277205 -0.669307 -19.849619
v 0.141350 -0.710459 -19.849619
v 0.000000 -0.724518 -19.849619
v -0.141350 -0.710459 -19.849619
v -0.277205 -0.669307 -19.849619
v -0.402452 -0.602338 -19.849619
v -0.512235 -0.512237 -19.849619
v -0.602336 -0.402454 -19.849619
v -0.669305 -0.277207 -19.849619
v -0.710458 -0.141352 -19.849619
v -0.796853 -0.000002 -23.277428
v -0.902162 -0.179437 -23.277428
v -0.781516 -0.155538 -23.277428
v -0.849891 -0.351972 -23.277428
v -0.919927 -0.000002 -23.277428
v -0.736146 -0.304940 -23.277428
v -0.781516 0.155407 -23.277428
v -0.764902 -0.511087 -23.277428
v -0.902162 0.179434 -23.277428
v -0.662532 -0.442712 -23.277428
v -0.736146 0.304937 -23.277428
v -0.650518 -0.650520 -23.277428
v -0.849891 0.352096 -23.277428
v -0.563484 -0.563358 -23.277428
v -0.662532 0.442708 -23.277428
v -0.511085 -0.764904 -23.277428
v -0.764902 0.511083 -23.277428
v -0.442710 -0.662533 -23.277428
v -0.563484 0.563482 -23.277428
v -0.430313 -0.808101 -23.277428
v -0.650518 0.650516 -23.277428
v -0.304938 -0.736148 -23.277428
v -0.442710 0.662530 -23.277428
v -0.352098 -0.849893 -23.277428
v -0.511085 0.764900 -23.277428
v -0.179436 -0.902164 -23.277428
v -0.304938 0.736144 -23.277428
v -0.155409 -0.781518 -23.277428
v 0.000000 -0.919929 -23.277428
v 0.000000 -0.796854 -23.277428
v -0.352098 0.849889 -23.277428
v -0.155409 0.781515 -23.277428
v -0.179436 0.902161 -23.277428
v 0.000000 0.796851 -23.277428
v 0.000000 0.919925 -23.277428
v 0.155409 0.781515 -23.277428
v 0.179436 0.902161 -23.277428
v 0.304938 0.736144 -23.277428
v 0.351970 0.849889 -23.277428
v 0.442710 0.662530 -23.277428
v 0.511085 0.764900 -23.277428
v 0.563356 0.563482 -23.277428
v 0.650518 0.650516 -23.277428
v 0.662532 0.442708 -23.277428
v 0.764902 0.511083 -23.277428
v 0.736146 0.304937 -23.277428
v 0.849891 0.352096 -23.277428
v 0.781516 0.155407 -23.277428
v 0.902162 0.179434 -23.277428
v 0.796853 -0.000002 -23.277428
v 0.919927 -0.000002 -23.277428
v 0.781516 -0.155538 -23.277428
v 0.902162 -0.179437 -23.277428
v 0.736146 -0.304940 -23.277428
v 0.849891 -0.351972 -23.277428
v 0.662532 -0.442712 -23.277428
v 0.764902 -0.511087 -23.277428
v 0.563356 -0.563358 -23.277428
v 0.650518 -0.650520 -23.277428
v 0.442710 -0.662533 -23.277428
v 0.511085 -0.764904 -23.277428
v 0.430952 -0.807846 -23.277428
v 0.304938 -0.736148 -23.277428
v 0.351970 -0.849893 -23.277428
v 0.155536 -0.781518 -23.277428
v 0.179436 -0.902164 -23.277428
v 0.000000 -0.796854 -23.277428
v 0.000000 -0.919929 -23.277428
v -0.796853 -0.000002 -23.259535
v -0.781516 -0.155538 -23.277428
v -0.781516 -0.155538 -23.259535
v -0.736146 -0.304940 -23.277428
v -0.796853 -0.000002 -23.277428
v -0.736146 -0.304940 -23.259535
v -0.781516 0.155407 -23.259535
v -0.662532 -0.442712 -23.277428
v -0.781516 0.155407 -23.277428
v -0.662532 -0.442712 -23.259535
v -0.736146 0.304937 -23.259535
v -0.563484 -0.563358 -23.277428
v -0.736146 0.304937 -23.277428
v -0.563484 -0.563358 -23.259535
v -0.662532 0.442708 -23.259535
v -0.442710 -0.662533 -23.277428
v -0.662532 0.442708 -23.277428
v -0.442710 -0.662533 -23.259535
v -0.563484 0.563482 -23.259535
v -0.304938 -0.736148 -23.277428
v -0.563484 0.563482 -23.277428
v -0.304938 -0.736148 -23.259535
v -0.442710 0.662530 -23.259535
v -0.155409 -0.781518 -23.277428
v -0.442710 0.662530 -23.277428
v -0.155409 -0.781518 -23.259535
v 0.000000 -0.796854 -23.277428
v 0.000000 -0.796854 -23.259535
v -0.304938 0.736144 -23.259535
v -0.304938 0.736144 -23.277428
v -0.155409 0.781515 -23.259535
v -0.155409 0.781515 -23.277428
v 0.000000 0.796851 -23.259535
v 0.000000 0.796851 -23.277428
v 0.155409 0.781515 -23.259535
v 0.155409 0.781515 -23.277428
v 0.304938 0.736144 -23.259535
v 0.304938 0.736144 -23.277428
v 0.442710 0.662530 -23.259535
v 0.442710 0.662530 -23.277428
v 0.563356 0.563482 -23.259535
v 0.563356 0.563482 -23.277428
v 0.662532 0.442708 -23.259535
v 0.662532 0.442708 -23.277428
v 0.736146 0.304937 -23.259535
v 0.736146 0.304937 -23.277428
v 0.781516 0.155407 -23.259535
v 0.781516 0.155407 -23.277428
v 0.796853 -0.000002 -23.259535
v 0.796853 -0.000002 -23.277428
v 0.781516 -0.155538 -23.259535
v 0.781516 -0.155538 -23.277428
v 0.736146 -0.304940 -23.259535
v 0.736146 -0.304940 -23.277428
v 0.662532 -0.442712 -23.259535
v 0.662532 -0.442712 -23.277428
v 0.563356 -0.563358 -23.259535
v 0.563356 -0.563358 -23.277428
v 0.442710 -0.662533 -23.259535
v 0.442710 -0.662533 -23.277428
v 0.304938 -0.736148 -23.277428
v 0.304938 -0.736148 -23.259535
v 0.155536 -0.781518 -23.259535
v 0.155536 -0.781518 -23.277428
v 0.000000 -0.796854 -23.259535
v 0.000000 -0.796854 -23.277428
v -0.735252 -0.000002 -23.268866
v -0.781516 -0.155538 -23.259535
v -0.721193 -0.143397 -23.268866
v -0.736146 -0.304940 -23.259535
v -0.796853 -0.000002 -23.259535
v -0.679274 -0.281424 -23.268866
v -0.721193 0.143393 -23.268866
v -0.662532 -0.442712 -23.259535
v -0.781516 0.155407 -23.259535
v -0.611410 -0.408461 -23.268866
v -0.679274 0.281293 -23.268866
v -0.563484 -0.563358 -23.259535
v -0.736146 0.304937 -23.259535
v -0.519903 -0.519905 -23.268866
v -0.611410 0.408457 -23.268866
v -0.442710 -0.662533 -23.259535
v -0.662532 0.442708 -23.259535
v -0.408459 -0.611412 -23.268866
v -0.519903 0.519902 -23.268866
v -0.304938 -0.736148 -23.259535
v -0.563484 0.563482 -23.259535
v -0.281423 -0.679275 -23.268866
v -0.408459 0.611409 -23.268866
v -0.155409 -0.781518 -23.259535
v -0.442710 0.662530 -23.259535
v -0.143395 -0.721195 -23.268866
v -0.281423 0.679272 -23.268866
v 0.000000 -0.796854 -23.259535
v -0.304938 0.736144 -23.259535
v 0.000000 -0.735381 -23.268866
v -0.143395 0.721191 -23.268866
v 0.155536 -0.781518 -23.259535
v -0.155409 0.781515 -23.259535
v 0.000000 0.735250 -23.268866
v 0.000000 0.796851 -23.259535
v 0.143395 -0.721195 -23.268866
v 0.304938 -0.736148 -23.259535
v 0.281423 -0.679275 -23.268866
v 0.442710 -0.662533 -23.259535
v 0.408459 -0.611412 -23.268866
v 0.563356 -0.563358 -23.259535
v 0.519903 -0.519905 -23.268866
v 0.662532 -0.442712 -23.259535
v 0.611410 -0.408461 -23.268866
v 0.736146 -0.304940 -23.259535
v 0.679274 -0.281424 -23.268866
v 0.781516 -0.155538 -23.259535
v 0.721193 -0.143397 -23.268866
v 0.796853 -0.000002 -23.259535
v 0.735252 -0.000002 -23.268866
v 0.781516 0.155407 -23.259535
v 0.721193 0.143393 -23.268866
v 0.736146 0.304937 -23.259535
v 0.679274 0.281293 -23.268866
v 0.662532 0.442708 -23.259535
v 0.611410 0.408457 -23.268866
v 0.563356 0.563482 -23.259535
v 0.519903 0.519902 -23.268866
v 0.442710 0.662530 -23.259535
v 0.408459 0.611409 -23.268866
v 0.304938 0.736144 -23.259535
v 0.281423 0.679272 -23.268866
v 0.155409 0.781515 -23.259535
v 0.143395 0.721191 -23.268866
v 0.000000 0.796851 -23.259535
v 0.000000 0.735250 -23.268866
v -0.724516 -0.000001 -19.849619
v -0.300465 -0.059814 -21.591320
v -0.710458 -0.141352 -19.849619
v -0.283084 -0.117325 -21.591320
v -0.306472 -0.000002 -21.591320
v -0.669305 -0.277207 -19.849619
v -0.710586 0.141349 -19.849619
v -0.254839 -0.170235 -21.591320
v -0.300465 0.059810 -21.591320
v -0.602336 -0.402454 -19.849619
v -0.669305 0.277204 -19.849619
v -0.216626 -0.216628 -21.591320
v -0.283084 0.117322 -21.591320
v -0.512235 -0.512237 -19.849619
v -0.602336 0.402451 -19.849619
v -0.170234 -0.254713 -21.591320
v -0.254839 0.170232 -21.591320
v -0.402452 -0.602338 -19.849619
v -0.512235 0.512234 -19.849619
v -0.117323 -0.283086 -21.591320
v -0.216626 0.216625 -21.591320
v -0.277205 -0.669307 -19.849619
v -0.402452 0.602335 -19.849619
v -0.059812 -0.300595 -21.591320
v -0.170234 0.254838 -21.591320
v -0.141350 -0.710459 -19.849619
v -0.277205 0.669304 -19.849619
v 0.000000 -0.306474 -21.591320
v -0.117323 0.283082 -21.591320
v 0.000000 -0.724518 -19.849619
v -0.141350 0.710456 -19.849619
v 0.059812 -0.300595 -21.591320
v -0.059812 0.300464 -21.591320
v 0.000000 0.724515 -19.849619
v 0.000000 0.306470 -21.591320
v 0.141350 -0.710459 -19.849619
v 0.117323 -0.283086 -21.591320
v 0.277205 -0.669307 -19.849619
v 0.170234 -0.254713 -21.591320
v 0.402452 -0.602338 -19.849619
v 0.216626 -0.216628 -21.591320
v 0.512235 -0.512237 -19.849619
v 0.254712 -0.170235 -21.591320
v 0.602336 -0.402454 -19.849619
v 0.283084 -0.117325 -21.591320
v 0.669305 -0.277207 -19.849619
v 0.300593 -0.059814 -21.591320
v 0.710458 -0.141352 -19.849619
v 0.306472 -0.000002 -21.591320
v 0.724516 -0.000001 -19.849619
v 0.300593 0.059810 -21.591320
v 0.710458 0.141349 -19.849619
v 0.283084 0.117322 -21.591320
v 0.669305 0.277204 -19.849619
v 0.254712 0.170232 -21.591320
v 0.602336 0.402451 -19.849619
v 0.216626 0.216625 -21.591320
v 0.512235 0.512234 -19.849619
v 0.170234 0.254838 -21.591320
v 0.402452 0.602335 -19.849619
v 0.117323 0.283082 -21.591320
v 0.277205 0.669304 -19.849619
v 0.059812 0.300464 -21.591320
v 0.141350 0.710456 -19.849619
v 0.000000 0.306470 -21.591320
v 0.000000 0.724515 -19.849619
v -0.304811 -0.060708 -21.681293
v -0.306472 -0.000002 -21.641293
v -0.310689 -0.000002 -21.681293
v -0.300465 -0.059814 -21.591320
v -0.306472 -0.000002 -21.591320
v -0.300465 -0.059814 -21.641293
v -0.283084 -0.117325 -21.591320
v -0.300465 0.059810 -21.641293
v -0.300465 0.059810 -21.591320
v -0.283084 -0.117325 -21.641293
v -0.254839 -0.170235 -21.591320
v -0.287174 -0.118986 -21.681293
v -0.283084 0.117322 -21.641293
v -0.283084 0.117322 -21.591320
v -0.254839 -0.170235 -21.641293
v -0.304811 0.060705 -21.681293
v -0.216626 -0.216628 -21.591320
v -0.254839 0.170232 -21.641293
v -0.254839 0.170232 -21.591320
v -0.287174 0.118983 -21.681293
v -0.216626 -0.216628 -21.641293
v -0.170234 -0.254713 -21.591320
v -0.216626 0.216625 -21.641293
v -0.216626 0.216625 -21.591320
v -0.258418 0.172660 -21.681293
v -0.170234 -0.254713 -21.641293
v -0.117323 -0.283086 -21.591320
v -0.170234 0.254838 -21.641293
v -0.170234 0.254838 -21.591320
v -0.219821 0.219820 -21.681293
v -0.117323 -0.283086 -21.641293
v -0.059812 -0.300595 -21.591320
v -0.117323 0.283082 -21.641293
v -0.117323 0.283082 -21.591320
v -0.172662 0.258416 -21.681293
v -0.059812 -0.300595 -21.641293
v 0.000000 -0.306474 -21.591320
v -0.059812 0.300464 -21.641293
v -0.059812 0.300464 -21.591320
v 0.000000 0.306470 -21.641293
v 0.000000 0.306470 -21.591320
v -0.118985 0.287172 -21.681293
v -0.060706 0.304809 -21.681293
v 0.000000 0.310688 -21.681293
v 0.000000 0.321807 -21.719124
v -0.062751 0.315672 -21.719124
v 0.000000 0.437852 -21.928209
v -0.123202 0.297396 -21.719124
v -0.085500 0.429417 -21.928209
v -0.112595 0.565655 -22.240177
v 0.000000 0.576774 -22.240177
v -0.178797 0.267618 -21.719124
v -0.167550 0.404623 -21.928209
v -0.220716 0.532938 -22.240177
v -0.131765 0.662402 -22.567097
v 0.000000 0.675438 -22.567097
v -0.258418 0.623933 -22.567097
v -0.320403 0.479644 -22.240177
v -0.375230 0.561565 -22.567097
v -0.141478 0.711223 -22.918301
v 0.000000 0.725153 -22.918301
v -0.143395 0.721191 -23.268866
v 0.000000 0.735250 -23.268866
v -0.281423 0.679272 -23.268866
v -0.277461 0.670070 -22.918301
v -0.408459 0.611409 -23.268866
v -0.402963 0.602974 -22.918301
v -0.519903 0.519902 -23.268866
v -0.512746 0.512744 -22.918301
v -0.611410 0.408457 -23.268866
v -0.477600 0.477599 -22.567097
v -0.602975 0.402962 -22.918301
v -0.679274 0.281293 -23.268866
v -0.670072 0.277459 -22.918301
v -0.721193 0.143393 -23.268866
v -0.561567 0.375228 -22.567097
v -0.407820 0.407818 -22.240177
v -0.243337 0.364110 -21.928209
v -0.711225 0.141476 -22.918301
v -0.735252 -0.000002 -23.268866
v -0.624063 0.258416 -22.567097
v -0.725155 -0.000002 -22.918301
v -0.721193 -0.143397 -23.268866
v -0.662404 0.131763 -22.567097
v -0.479645 0.320401 -22.240177
v -0.532939 0.220714 -22.240177
v -0.309667 0.309665 -21.928209
v -0.364111 0.243336 -21.928209
v -0.227617 0.227616 -21.719124
v -0.267620 0.178795 -21.719124
v -0.297398 0.123201 -21.719124
v -0.404625 0.167548 -21.928209
v -0.315674 0.062750 -21.719124
v -0.565657 0.112593 -22.240177
v -0.429419 0.085499 -21.928209
v -0.321808 -0.000002 -21.719124
v -0.675440 -0.000002 -22.567097
v -0.576776 -0.000002 -22.240177
v -0.437854 -0.000002 -21.928209
v -0.315674 -0.062753 -21.719124
v -0.711225 -0.141480 -22.918301
v -0.679274 -0.281424 -23.268866
v -0.662404 -0.131767 -22.567097
v -0.670072 -0.277590 -22.918301
v -0.611410 -0.408461 -23.268866
v -0.565657 -0.112468 -22.240177
v -0.624063 -0.258547 -22.567097
v -0.602975 -0.402965 -22.918301
v -0.519903 -0.519905 -23.268866
v -0.429419 -0.085374 -21.928209
v -0.532939 -0.220718 -22.240177
v -0.561567 -0.375232 -22.567097
v -0.512746 -0.512876 -22.918301
v -0.408459 -0.611412 -23.268866
v -0.297398 -0.123204 -21.719124
v -0.404625 -0.167552 -21.928209
v -0.479645 -0.320404 -22.240177
v -0.477600 -0.477602 -22.567097
v -0.402963 -0.602977 -22.918301
v -0.281423 -0.679275 -23.268866
v -0.277461 -0.670074 -22.918301
v -0.143395 -0.721195 -23.268866
v -0.375230 -0.561569 -22.567097
v -0.407820 -0.407822 -22.240177
v -0.364111 -0.243339 -21.928209
v -0.141478 -0.711226 -22.918301
v 0.000000 -0.735381 -23.268866
v -0.258418 -0.624065 -22.567097
v -0.320403 -0.479519 -22.240177
v -0.309667 -0.309669 -21.928209
v 0.000000 -0.725157 -22.918301
v 0.143395 -0.721195 -23.268866
v -0.131765 -0.662405 -22.567097
v -0.220716 -0.532941 -22.240177
v -0.243337 -0.364113 -21.928209
v 0.141478 -0.711226 -22.918301
v 0.281423 -0.679275 -23.268866
v 0.000000 -0.675441 -22.567097
v -0.112595 -0.565658 -22.240177
v -0.167550 -0.404499 -21.928209
v 0.277588 -0.670074 -22.918301
v 0.408459 -0.611412 -23.268866
v 0.131765 -0.662405 -22.567097
v 0.000000 -0.576777 -22.240177
v -0.085500 -0.429420 -21.928209
v 0.402963 -0.602977 -22.918301
v 0.519903 -0.519905 -23.268866
v 0.258546 -0.624065 -22.567097
v 0.112467 -0.565658 -22.240177
v 0.000000 -0.437855 -21.928209
v 0.512874 -0.512876 -22.918301
v 0.611410 -0.408461 -23.268866
v 0.375230 -0.561569 -22.567097
v 0.220716 -0.532941 -22.240177
v 0.085373 -0.429420 -21.928209
v 0.602975 -0.402965 -22.918301
v 0.679274 -0.281424 -23.268866
v 0.477600 -0.477602 -22.567097
v 0.320403 -0.479519 -22.240177
v 0.167550 -0.404499 -21.928209
v 0.670072 -0.277590 -22.918301
v 0.721193 -0.143397 -23.268866
v 0.561567 -0.375232 -22.567097
v 0.407948 -0.407822 -22.240177
v 0.243337 -0.364113 -21.928209
v 0.711225 -0.141480 -22.918301
v 0.735252 -0.000002 -23.268866
v 0.624063 -0.258547 -22.567097
v 0.479517 -0.320404 -22.240177
v 0.309667 -0.309669 -21.928209
v 0.725155 -0.000002 -22.918301
v 0.721193 0.143393 -23.268866
v 0.662404 -0.131767 -22.567097
v 0.532939 -0.220718 -22.240177
v 0.364111 -0.243339 -21.928209
v 0.711225 0.141476 -22.918301
v 0.679274 0.281293 -23.268866
v 0.675440 -0.000002 -22.567097
v 0.565657 -0.112468 -22.240177
v 0.404497 -0.167552 -21.928209
v 0.670072 0.277459 -22.918301
v 0.611410 0.408457 -23.268866
v 0.662404 0.131763 -22.567097
v 0.576776 -0.000002 -22.240177
v 0.429419 -0.085374 -21.928209
v 0.602975 0.402962 -22.918301
v 0.519903 0.519902 -23.268866
v 0.624063 0.258416 -22.567097
v 0.565657 0.112593 -22.240177
v 0.437854 -0.000002 -21.928209
v 0.512874 0.512744 -22.918301
v 0.408459 0.611409 -23.268866
v 0.561567 0.375228 -22.567097
v 0.532939 0.220714 -22.240177
v 0.429419 0.085499 -21.928209
v 0.402963 0.602974 -22.918301
v 0.281423 0.679272 -23.268866
v 0.477600 0.477599 -22.567097
v 0.479517 0.320401 -22.240177
v 0.404497 0.167548 -21.928209
v 0.277588 0.670070 -22.918301
v 0.143395 0.721191 -23.268866
v 0.375230 0.561565 -22.567097
v 0.407948 0.407818 -22.240177
v 0.364111 0.243336 -21.928209
v 0.141478 0.711223 -22.918301
v 0.000000 0.735250 -23.268866
v 0.000000 0.725153 -22.918301
v 0.258546 0.623933 -22.567097
v 0.131765 0.662402 -22.567097
v 0.000000 0.675438 -22.567097
v 0.320403 0.479644 -22.240177
v 0.220716 0.532938 -22.240177
v 0.112467 0.565655 -22.240177
v 0.000000 0.576774 -22.240177
v 0.309667 0.309665 -21.928209
v 0.243337 0.364110 -21.928209
v 0.167550 0.404623 -21.928209
v 0.085373 0.429417 -21.928209
v 0.000000 0.437852 -21.928209
v 0.000000 0.321807 -21.719124
v 0.062751 0.315672 -21.719124
v 0.000000 0.310688 -21.681293
v 0.123202 0.297396 -21.719124
v 0.060579 0.304809 -21.681293
v 0.059812 0.300464 -21.641293
v 0.000000 0.306470 -21.641293
v 0.000000 0.306470 -21.591320
v 0.059812 0.300464 -21.591320
v 0.117323 0.283082 -21.641293
v 0.117323 0.283082 -21.591320
v 0.118857 0.287172 -21.681293
v 0.178797 0.267618 -21.719124
v 0.170234 0.254838 -21.641293
v 0.170234 0.254838 -21.591320
v 0.172662 0.258416 -21.681293
v 0.227617 0.227616 -21.719124
v 0.216626 0.216625 -21.641293
v 0.216626 0.216625 -21.591320
v 0.219694 0.219820 -21.681293
v 0.267620 0.178795 -21.719124
v 0.254712 0.170232 -21.641293
v 0.254712 0.170232 -21.591320
v 0.258418 0.172660 -21.681293
v 0.297398 0.123201 -21.719124
v 0.283084 0.117322 -21.641293
v 0.283084 0.117322 -21.591320
v 0.287174 0.118983 -21.681293
v 0.315674 0.062750 -21.719124
v 0.300593 0.059810 -21.641293
v 0.300593 0.059810 -21.591320
v 0.304811 0.060705 -21.681293
v 0.321808 -0.000002 -21.719124
v 0.306472 -0.000002 -21.641293
v 0.306472 -0.000002 -21.591320
v 0.310817 -0.000002 -21.681293
v 0.315674 -0.062753 -21.719124
v 0.300593 -0.059814 -21.641293
v 0.300593 -0.059814 -21.591320
v 0.304811 -0.060708 -21.681293
v 0.297398 -0.123204 -21.719124
v 0.283084 -0.117325 -21.641293
v 0.283084 -0.117325 -21.591320
v 0.287046 -0.119114 -21.681932
v 0.267620 -0.178798 -21.719124
v 0.254712 -0.170235 -21.691263
v 0.254712 -0.170235 -21.641293
v 0.254712 -0.170235 -21.591320
v 0.227617 -0.227619 -21.719124
v 0.216626 -0.216628 -21.641293
v 0.216626 -0.216628 -21.591320
v 0.219694 -0.219695 -21.681293
v 0.178797 -0.267621 -21.719124
v 0.170234 -0.254713 -21.641293
v 0.170234 -0.254713 -21.591320
v 0.172662 -0.258420 -21.681293
v 0.123202 -0.297400 -21.719124
v 0.117323 -0.283086 -21.641293
v 0.117323 -0.283086 -21.591320
v 0.118857 -0.287175 -21.681293
v 0.062751 -0.315675 -21.719124
v 0.059812 -0.300595 -21.641293
v 0.059812 -0.300595 -21.591320
v 0.060579 -0.304812 -21.681293
v 0.000000 -0.321810 -21.719124
v 0.000000 -0.306474 -21.641293
v 0.000000 -0.310819 -21.681293
v -0.062751 -0.315675 -21.719124
v -0.060706 -0.304812 -21.681293
v -0.123202 -0.297400 -21.719124
v -0.118985 -0.287175 -21.681293
v -0.178797 -0.267621 -21.719124
v -0.172662 -0.258420 -21.681293
v -0.227617 -0.227619 -21.719124
v -0.219821 -0.219695 -21.681293
v -0.267620 -0.178798 -21.719124
v -0.258418 -0.172664 -21.681293
v 1.050925 0.435296 -21.959009
v 0.942420 0.636202 -21.742001
v 0.944082 0.634030 -21.850506
v 0.945743 0.631985 -22.250912
v 0.945743 0.631985 -21.959009
v 0.879030 0.713268 -21.898302
v 0.804393 0.804391 -22.480701
v 0.804265 0.804264 -22.250912
v 0.631987 0.945742 -22.480701
v 0.804265 0.804264 -21.959009
v 0.804265 0.804264 -21.921181
v 0.713142 0.878901 -21.898302
v 0.631987 0.945742 -22.250912
v 0.631987 0.945742 -21.959009
v 0.634031 0.944080 -21.850506
v 0.435298 1.050924 -22.480701
v 0.435298 1.050796 -22.250912
v 0.221866 1.115592 -22.480701
v 0.221866 1.115592 -22.250912
v 0.435298 1.050796 -21.959009
v 0.636076 0.942419 -21.742001
v 0.000000 0.000002 23.503000
v -0.055083 -0.055081 23.471560
v -0.077960 0.000002 23.471560
v -0.113361 -0.046902 23.410854
v -0.086778 -0.086777 23.410854
v -0.122819 0.000002 23.410854
v -0.047032 -0.113487 23.410854
v -0.113361 0.047033 23.410854
v 0.000000 -0.077958 23.471560
v 0.000000 -0.122689 23.410854
v 0.046904 -0.113487 23.410854
v -0.055083 0.055085 23.471560
v -0.086778 0.086780 23.410854
v -0.047032 0.113363 23.410854
v 0.055083 -0.055081 23.471560
v 0.086778 -0.086777 23.410854
v 0.113489 -0.046902 23.410854
v 0.000000 0.077962 23.471560
v 0.000000 0.122821 23.410854
v 0.046904 0.113363 23.410854
v 0.077960 0.000002 23.471560
v 0.122691 0.000002 23.410854
v 0.113489 0.047033 23.410854
v 0.055083 0.055085 23.471560
v 0.086778 0.086780 23.410854
v 0.164610 0.068249 23.269630
v 0.122691 0.000002 23.410854
v 0.113489 0.047033 23.410854
v 0.178158 0.000002 23.269630
v 0.126014 0.126016 23.269630
v 0.086778 0.086780 23.410854
v 0.246021 0.048950 23.059011
v 0.250750 0.000002 23.059011
v 0.324876 0.064670 22.805578
v 0.331138 0.000002 22.805578
v 0.231707 0.095982 23.059011
v 0.420472 0.083713 22.474312
v 0.428652 0.000002 22.474312
v 0.305961 0.126782 22.805578
v 0.396062 0.163973 22.474312
v 0.534601 0.106334 22.050390
v 0.545080 0.000002 22.050390
v 0.503544 0.208576 22.050390
v 0.356443 0.238227 22.474312
v 0.645534 0.128444 21.592087
v 0.658186 0.000002 21.592087
v 0.608087 0.251902 21.592087
v 0.453190 0.302767 22.050390
v 0.547253 0.365646 21.592087
v 0.759790 0.151065 21.059532
v 0.774615 0.000002 21.059532
v 0.715698 0.296377 21.059532
v 0.644128 0.430443 21.059532
v 0.865100 0.172025 20.487740
v 0.882097 0.000002 20.487740
v 0.814873 0.337530 20.487740
v 0.733462 0.489999 20.487740
v 0.953539 0.189661 19.900230
v 0.972199 0.000002 19.900230
v 0.898073 0.372036 19.900230
v 0.808355 0.540098 19.900230
v 1.021019 0.203081 19.309267
v 0.961847 0.398364 19.309267
v 1.010284 0.418429 18.654659
v 0.909192 0.607450 18.654659
v 0.865611 0.578311 19.309267
v 0.773209 0.773211 18.654659
v 0.736146 0.736148 19.309267
v 0.607448 0.909193 18.654659
v 0.687325 0.687455 19.900230
v 0.578309 0.865612 19.309267
v 0.418428 1.010285 18.654659
v 0.623679 0.623681 20.487740
v 0.540096 0.808356 19.900230
v 0.398362 0.961848 19.309267
v 0.213303 1.072526 18.654659
v 0.000000 1.093485 18.654659
v 0.203079 1.021021 19.309267
v 0.000000 1.041086 19.309267
v 0.372035 0.898202 19.900230
v 0.189660 0.953541 19.900230
v 0.000000 0.972200 19.900230
v 0.489997 0.733336 20.487740
v 0.337528 0.815002 20.487740
v 0.172151 0.865101 20.487740
v 0.000000 0.882099 20.487740
v 0.547764 0.547766 21.059532
v 0.430313 0.644130 21.059532
v 0.465459 0.465461 21.592087
v 0.296503 0.715699 21.059532
v 0.365645 0.547255 21.592087
v 0.385454 0.385456 22.050390
v 0.151191 0.759791 21.059532
v 0.000000 0.774617 21.059532
v 0.251900 0.608089 21.592087
v 0.128442 0.645535 21.592087
v 0.000000 0.658188 21.592087
v 0.302893 0.453192 22.050390
v 0.208575 0.503546 22.050390
v 0.106332 0.534602 22.050390
v 0.000000 0.545082 22.050390
v 0.303149 0.303151 22.474312
v 0.238097 0.356445 22.474312
v 0.164099 0.396064 22.474312
v 0.083583 0.420474 22.474312
v 0.000000 0.428653 22.474312
v 0.275416 0.184038 22.805578
v 0.234135 0.234137 22.805578
v 0.208447 0.139307 23.059011
v 0.177263 0.177265 23.059011
v 0.184037 0.275290 22.805578
v 0.139305 0.208449 23.059011
v 0.126781 0.305962 22.805578
v 0.068247 0.164612 23.269630
v 0.095980 0.231709 23.059011
v 0.046904 0.113363 23.410854
v 0.000000 0.178287 23.269630
v 0.000000 0.122821 23.410854
v 0.048949 0.245895 23.059011
v 0.000000 0.250751 23.059011
v 0.000000 0.331140 22.805578
v 0.064668 0.324877 22.805578
v -0.944721 0.649240 0.760301
v -0.962358 0.535112 0.760301
v -1.009006 0.565657 0.760301
v -0.898456 0.618951 0.760301
v -0.944721 0.649240 0.760301
v -0.981784 0.664321 0.626108
v -0.953667 0.700745 0.602464
v -1.014885 0.619973 0.633137
v -1.009006 0.565657 0.760301
v -1.050798 0.571791 0.623935
v -1.077381 0.536773 0.602464
v -1.009006 0.565657 0.760301
v -0.998909 0.485141 0.602464
v -1.077381 0.536773 0.602464
v -0.962358 0.535112 0.760301
v -1.007472 0.473383 0.362578
v -1.086071 0.525015 0.362578
v -1.007344 0.473383 0.257012
v -1.107542 0.539201 0.257012
v -1.107542 0.539201 0.362578
v -1.007344 0.473383 -0.202057
v -1.107542 0.539201 -0.202057
v -1.007344 0.473383 -0.202057
v -1.076614 0.580993 -0.570386
v -0.976544 0.515174 -0.570386
v -0.816023 0.731290 0.586744
v -0.953667 0.700745 0.602464
v -0.930918 0.731417 0.362577
v -0.944721 0.649240 0.760301
v -0.898456 0.618951 0.760301
v -0.846952 0.689370 0.257012
v -0.945743 0.754678 0.257012
v -0.952517 0.745604 0.362577
v -0.801070 0.751355 -0.570386
v -0.969770 0.815895 -0.364750
v -1.013479 0.927084 -0.570386
v -0.959802 0.693460 0.336250
v -1.055271 0.566807 0.336250
v -1.007472 0.630197 0.321297
v -1.086071 0.525015 0.362578
v -0.930918 0.731417 0.362577
v -1.077381 0.536773 0.602464
v -1.050798 0.571791 0.623935
v -1.014885 0.619973 0.633137
v -0.981784 0.664321 0.626108
v -0.953667 0.700745 0.602464
v -1.107542 0.539201 0.257012
v -0.945743 0.754678 0.257012
v -1.028943 0.644383 0.321297
v -0.980889 0.707135 0.336250
v -0.952517 0.745604 0.362577
v -1.076742 0.580865 0.336250
v -1.107542 0.539201 0.362578
v -0.964275 0.730139 -0.494726
v -1.107542 0.539201 -0.202057
v -1.076614 0.580993 -0.570386
v -0.971432 0.720299 -0.803754
v -0.971432 0.720299 -0.803754
v -0.976544 0.515174 -0.570386
v -0.886059 0.634926 -0.803754
v -1.076614 0.580993 -0.570386
v -0.886059 0.634926 -0.803754
v -0.800815 0.751099 -1.021531
v -0.971432 0.720299 -0.803754
v -0.865611 0.781133 -1.021531
v -0.980889 0.707135 0.336250
v -0.930918 0.731417 0.362577
v -0.959802 0.693460 0.336250
v -0.952517 0.745604 0.362577
v -1.028943 0.644383 0.321297
v -1.007472 0.630197 0.321297
v -1.076742 0.580865 0.336250
v -1.055271 0.566807 0.336250
v -1.107542 0.539201 0.362578
v -1.086071 0.525015 0.362578
v -0.971432 0.720299 -0.803754
v -1.013479 0.927084 -0.803754
v -1.013479 0.927084 -0.570386
v -0.964275 0.730139 -0.494726
v -0.969770 0.815895 -0.364750
v -0.945743 0.754678 0.257012
v -1.013479 0.927084 -0.803754
v -0.971432 0.720299 -0.803754
v -0.865611 0.781133 -1.021531
v -0.649240 0.944721 0.760301
v -0.535112 0.962358 0.760301
v -0.618951 0.898456 0.760301
v -0.565657 1.009006 0.760301
v -0.649240 0.944721 0.760301
v -0.700745 0.953667 0.602464
v -0.664321 0.981784 0.626108
v -0.619973 1.014885 0.633137
v -0.565657 1.009006 0.760301
v -0.571791 1.050798 0.623935
v -0.536773 1.077381 0.602464
v -0.565657 1.009006 0.760301
v -0.485141 0.998910 0.602464
v -0.535112 0.962358 0.760301
v -0.536773 1.077381 0.602464
v -0.473383 1.007472 0.362577
v -0.525015 1.086071 0.362577
v -0.473383 1.007344 0.257012
v -0.539201 1.107542 0.257012
v -0.539201 1.107542 0.362577
v -0.473383 1.007344 -0.202057
v -0.539201 1.107542 -0.202057
v -0.580993 1.076614 -0.570386
v -0.473383 1.007344 -0.202057
v -0.515175 0.976544 -0.570386
v -0.731290 0.816023 0.586744
v -0.731417 0.930918 0.362577
v -0.700745 0.953667 0.602464
v -0.649240 0.944721 0.760301
v -0.618951 0.898456 0.760301
v -0.689370 0.846952 0.257012
v -0.754678 0.945743 0.257012
v -0.745604 0.952517 0.362577
v -0.751355 0.801070 -0.570386
v -0.815895 0.969770 -0.364750
v -0.927084 1.013479 -0.570386
v -0.693460 0.959802 0.336250
v -0.525015 1.086071 0.362577
v -0.731417 0.930918 0.362577
v -0.566807 1.055271 0.336250
v -0.630197 1.007472 0.321297
v -0.536773 1.077381 0.602464
v -0.571791 1.050798 0.623935
v -0.619973 1.014885 0.633137
v -0.664321 0.981784 0.626108
v -0.700745 0.953667 0.602464
v -0.539201 1.107542 0.257012
v -0.644383 1.028943 0.321297
v -0.754678 0.945743 0.257012
v -0.707135 0.980889 0.336250
v -0.745604 0.952517 0.362577
v -0.580865 1.076742 0.336250
v -0.539201 1.107542 0.362577
v -0.730139 0.964275 -0.494726
v -0.539201 1.107542 -0.202057
v -0.580993 1.076614 -0.570386
v -0.720299 0.971432 -0.803754
v -0.720299 0.971432 -0.803754
v -0.515175 0.976544 -0.570386
v -0.580993 1.076614 -0.570386
v -0.634926 0.886059 -0.803754
v -0.634926 0.886059 -0.803754
v -0.720299 0.971432 -0.803754
v -0.751099 0.800815 -1.021531
v -0.781133 0.865611 -1.021531
v -0.707135 0.980889 0.336250
v -0.731417 0.930918 0.362577
v -0.745604 0.952517 0.362577
v -0.693460 0.959802 0.336250
v -0.644383 1.028943 0.321297
v -0.630197 1.007472 0.321297
v -0.580865 1.076742 0.336250
v -0.566807 1.055271 0.336250
v -0.539201 1.107542 0.362577
v -0.525015 1.086071 0.362577
v -0.720299 0.971432 -0.803754
v -0.927084 1.013479 -0.570386
v -0.927084 1.013479 -0.803754
v -0.730139 0.964275 -0.494726
v -0.815895 0.969770 -0.364750
v -0.754678 0.945743 0.257012
v -1.013479 0.927084 -0.803754
v -0.781133 0.865611 -1.021531
v -0.927084 1.013479 -0.803754
v -0.865611 0.781133 -1.021531
v -0.751099 0.800815 -1.021531
v -0.800815 0.751099 -1.021531
v -0.927084 1.013479 -0.570386
v -1.013479 0.927084 -0.803754
v -0.927084 1.013479 -0.803754
v -1.013479 0.927084 -0.570386
v -0.927084 1.013479 -0.803754
v -0.781133 0.865611 -1.021531
v -0.720299 0.971432 -0.803754
v -1.013479 0.927084 -0.570386
v -0.751355 0.801070 -0.570386
v -0.801070 0.751355 -0.570386
v -0.927084 1.013479 -0.570386
v -0.888104 0.882990 -21.524990
v -0.812956 0.958139 -21.268618
v -0.888104 0.882990 -21.247274
v -0.749310 1.021785 -21.328684
v -0.963252 0.807842 -21.268618
v -0.706751 1.064343 -21.419296
v -1.027026 0.744196 -21.328684
v -1.069457 0.701638 -21.419296
v -1.084410 0.686685 -21.524990
v -0.691798 1.079296 -21.524990
v -0.888104 0.882990 -21.802580
v -1.069457 0.701638 -21.631323
v -1.027026 0.744196 -21.721296
v -0.963252 0.807842 -21.781874
v -0.812956 0.958139 -21.781874
v -0.749310 1.021785 -21.721296
v -0.706751 1.064343 -21.631323
v -0.750716 0.595306 -21.268618
v -0.888104 0.882990 -21.247274
v -0.675567 0.670454 -21.247274
v -0.812956 0.958139 -21.268618
v -0.963252 0.807842 -21.268618
v -0.814362 0.531659 -21.328684
v -1.027026 0.744196 -21.328684
v -0.600547 0.745602 -21.268618
v -0.749310 1.021785 -21.328684
v -0.536773 0.809248 -21.328684
v -0.706751 1.064343 -21.419296
v -0.494215 0.851806 -21.419296
v -0.691798 1.079296 -21.524990
v -0.479262 0.866759 -21.524990
v -0.706751 1.064343 -21.631323
v -0.494215 0.851806 -21.631323
v -0.749310 1.021785 -21.721296
v -0.536773 0.809248 -21.721296
v -0.812956 0.958139 -21.781874
v -0.600547 0.745602 -21.781874
v -0.888104 0.882990 -21.802580
v -0.675567 0.670454 -21.802580
v -0.963252 0.807842 -21.781874
v -0.750716 0.595305 -21.781874
v -1.027026 0.744196 -21.721296
v -0.814362 0.531659 -21.721296
v -1.069457 0.701638 -21.631323
v -0.856920 0.489101 -21.631323
v -1.084410 0.686685 -21.524990
v -0.871873 0.474148 -21.524990
v -1.069457 0.701638 -21.419296
v -0.856920 0.489101 -21.419296
v -1.027026 0.744196 -21.328684
v -0.814362 0.531659 -21.328684
v 0.944721 -0.649368 0.760301
v 0.962486 -0.535112 0.760301
v 1.009006 -0.565657 0.760301
v 0.898456 -0.618951 0.760301
v 0.944721 -0.649368 0.760301
v 0.981784 -0.664321 0.626108
v 0.953667 -0.700745 0.602464
v 1.014885 -0.620101 0.633137
v 1.009006 -0.565657 0.760301
v 1.050925 -0.571791 0.623935
v 1.077381 -0.536773 0.602464
v 1.009006 -0.565657 0.760301
v 0.998782 -0.485141 0.602464
v 1.077381 -0.536773 0.602464
v 0.962486 -0.535112 0.760301
v 1.007344 -0.473383 0.362578
v 1.086071 -0.525143 0.362578
v 1.007344 -0.473383 0.257012
v 1.107542 -0.539201 0.257012
v 1.107542 -0.539201 0.362578
v 1.007344 -0.473383 -0.202057
v 1.107542 -0.539201 -0.202057
v 1.007344 -0.473383 -0.202057
v 1.076614 -0.580865 -0.570385
v 0.976544 -0.515175 -0.570385
v 0.816023 -0.731290 0.586744
v 0.953667 -0.700745 0.602464
v 0.931046 -0.731417 0.362578
v 0.944721 -0.649368 0.760301
v 0.898456 -0.618951 0.760301
v 0.847079 -0.689498 0.257012
v 0.945743 -0.754678 0.257012
v 0.952517 -0.745604 0.362578
v 0.801070 -0.751355 -0.570385
v 0.969770 -0.815895 -0.364750
v 1.013479 -0.927084 -0.570385
v 0.959802 -0.693460 0.336250
v 1.055271 -0.566679 0.336250
v 1.007344 -0.630325 0.321297
v 1.086071 -0.525143 0.362578
v 0.931046 -0.731417 0.362578
v 1.077381 -0.536773 0.602464
v 1.050925 -0.571791 0.623935
v 1.014885 -0.620101 0.633137
v 0.981784 -0.664321 0.626108
v 0.953667 -0.700745 0.602464
v 1.107542 -0.539201 0.257012
v 0.945743 -0.754678 0.257012
v 1.028815 -0.644383 0.321297
v 0.980889 -0.707135 0.336250
v 0.952517 -0.745604 0.362578
v 1.076742 -0.580865 0.336250
v 1.107542 -0.539201 0.362578
v 0.964275 -0.730139 -0.494726
v 1.107542 -0.539201 -0.202057
v 1.076614 -0.580865 -0.570385
v 0.971432 -0.720299 -0.803754
v 0.971432 -0.720299 -0.803754
v 0.976544 -0.515175 -0.570385
v 0.886059 -0.634926 -0.803754
v 1.076614 -0.580865 -0.570385
v 0.886059 -0.634926 -0.803754
v 0.800815 -0.751099 -1.021531
v 0.971432 -0.720299 -0.803754
v 0.865739 -0.781133 -1.021531
v 0.980889 -0.707135 0.336250
v 0.931046 -0.731417 0.362578
v 0.959802 -0.693460 0.336250
v 0.952517 -0.745604 0.362578
v 1.028815 -0.644383 0.321297
v 1.007344 -0.630325 0.321297
v 1.076742 -0.580865 0.336250
v 1.055271 -0.566679 0.336250
v 1.107542 -0.539201 0.362578
v 1.086071 -0.525143 0.362578
v 0.971432 -0.720299 -0.803754
v 1.013479 -0.927084 -0.803754
v 1.013479 -0.927084 -0.570385
v 0.964275 -0.730139 -0.494726
v 0.969770 -0.815895 -0.364750
v 0.945743 -0.754678 0.257012
v 1.013479 -0.927084 -0.803754
v 0.971432 -0.720299 -0.803754
v 0.865739 -0.781133 -1.021531
v 0.649368 -0.944721 0.760301
v 0.535112 -0.962485 0.760301
v 0.618951 -0.898456 0.760301
v 0.565657 -1.009006 0.760301
v 0.649368 -0.944721 0.760301
v 0.700745 -0.953667 0.602464
v 0.664321 -0.981784 0.626108
v 0.620101 -1.014885 0.633137
v 0.565657 -1.009006 0.760301
v 0.571791 -1.050798 0.623935
v 0.536773 -1.077381 0.602464
v 0.565657 -1.009006 0.760301
v 0.485141 -0.998782 0.602464
v 0.535112 -0.962485 0.760301
v 0.536773 -1.077381 0.602464
v 0.473383 -1.007344 0.362578
v 0.525143 -1.086071 0.362578
v 0.473383 -1.007344 0.257012
v 0.539201 -1.107542 0.257012
v 0.539201 -1.107542 0.362578
v 0.473383 -1.007344 -0.202057
v 0.539201 -1.107542 -0.202057
v 0.580865 -1.076614 -0.570385
v 0.473383 -1.007344 -0.202057
v 0.515175 -0.976544 -0.570385
v 0.731290 -0.816023 0.586744
v 0.731417 -0.931046 0.362578
v 0.700745 -0.953667 0.602464
v 0.649368 -0.944721 0.760301
v 0.618951 -0.898456 0.760301
v 0.689498 -0.847079 0.257012
v 0.754678 -0.945743 0.257012
v 0.745604 -0.952517 0.362578
v 0.751355 -0.801070 -0.570385
v 0.815895 -0.969770 -0.364750
v 0.927084 -1.013479 -0.570385
v 0.693460 -0.959802 0.336250
v 0.525143 -1.086071 0.362578
v 0.731417 -0.931046 0.362578
v 0.566679 -1.055271 0.336250
v 0.630325 -1.007344 0.321297
v 0.536773 -1.077381 0.602464
v 0.571791 -1.050798 0.623935
v 0.620101 -1.014885 0.633137
v 0.664321 -0.981784 0.626108
v 0.700745 -0.953667 0.602464
v 0.539201 -1.107542 0.257012
v 0.644383 -1.028815 0.321297
v 0.754678 -0.945743 0.257012
v 0.707135 -0.980889 0.336250
v 0.745604 -0.952517 0.362578
v 0.580865 -1.076742 0.336250
v 0.539201 -1.107542 0.362578
v 0.730139 -0.964275 -0.494726
v 0.539201 -1.107542 -0.202057
v 0.580865 -1.076614 -0.570385
v 0.720299 -0.971432 -0.803754
v 0.720299 -0.971432 -0.803754
v 0.515175 -0.976544 -0.570385
v 0.580865 -1.076614 -0.570385
v 0.634926 -0.886059 -0.803754
v 0.634926 -0.886059 -0.803754
v 0.720299 -0.971432 -0.803754
v 0.751099 -0.800815 -1.021531
v 0.781133 -0.865739 -1.021531
v 0.707135 -0.980889 0.336250
v 0.731417 -0.931046 0.362578
v 0.745604 -0.952517 0.362578
v 0.693460 -0.959802 0.336250
v 0.644383 -1.028815 0.321297
v 0.630325 -1.007344 0.321297
v 0.580865 -1.076742 0.336250
v 0.566679 -1.055271 0.336250
v 0.539201 -1.107542 0.362578
v 0.525143 -1.086071 0.362578
v 0.720299 -0.971432 -0.803754
v 0.927084 -1.013479 -0.570385
v 0.927084 -1.013479 -0.803754
v 0.730139 -0.964275 -0.494726
v 0.815895 -0.969770 -0.364750
v 0.754678 -0.945743 0.257012
v 1.013479 -0.927084 -0.803754
v 0.781133 -0.865739 -1.021531
v 0.927084 -1.013479 -0.803754
v 0.865739 -0.781133 -1.021531
v 0.751099 -0.800815 -1.021531
v 0.800815 -0.751099 -1.021531
v 0.927084 -1.013479 -0.570385
v 1.013479 -0.927084 -0.803754
v 0.927084 -1.013479 -0.803754
v 1.013479 -0.927084 -0.570385
v 0.927084 -1.013479 -0.803754
v 0.781133 -0.865739 -1.021531
v 0.720299 -0.971432 -0.803754
v 1.013479 -0.927084 -0.570385
v 0.751355 -0.801070 -0.570385
v 0.801070 -0.751355 -0.570385
v 0.927084 -1.013479 -0.570385
v 0.888104 -0.882994 -21.524990
v 0.813084 -0.958142 -21.268618
v 0.888104 -0.882994 -21.247274
v 0.749310 -1.021788 -21.328684
v 0.963252 -0.807845 -21.268618
v 0.706751 -1.064346 -21.419296
v 1.026898 -0.744199 -21.328684
v 1.069585 -0.701641 -21.419296
v 1.084538 -0.686688 -21.524990
v 0.691798 -1.079299 -21.524990
v 0.888104 -0.882994 -21.802580
v 1.069585 -0.701641 -21.631323
v 1.026898 -0.744199 -21.721296
v 0.963252 -0.807845 -21.781874
v 0.813084 -0.958142 -21.781874
v 0.749310 -1.021788 -21.721296
v 0.706751 -1.064346 -21.631323
v 0.750716 -0.595309 -21.268618
v 0.888104 -0.882994 -21.247274
v 0.675567 -0.670457 -21.247274
v 0.813084 -0.958142 -21.268618
v 0.963252 -0.807845 -21.268618
v 0.814362 -0.531663 -21.328684
v 1.026898 -0.744199 -21.328684
v 0.600419 -0.745605 -21.268618
v 0.749310 -1.021788 -21.328684
v 0.536773 -0.809251 -21.328684
v 0.706751 -1.064346 -21.419296
v 0.494215 -0.851810 -21.419296
v 0.691798 -1.079299 -21.524990
v 0.479262 -0.866763 -21.524990
v 0.706751 -1.064346 -21.631323
v 0.494215 -0.851810 -21.631323
v 0.749310 -1.021788 -21.721296
v 0.536773 -0.809251 -21.721296
v 0.813084 -0.958142 -21.781874
v 0.600419 -0.745605 -21.781874
v 0.888104 -0.882994 -21.802580
v 0.675567 -0.670457 -21.802580
v 0.963252 -0.807845 -21.781874
v 0.750716 -0.595309 -21.781874
v 1.026898 -0.744199 -21.721296
v 0.814362 -0.531663 -21.721296
v 1.069585 -0.701641 -21.631323
v 0.856920 -0.489104 -21.631323
v 1.084538 -0.686688 -21.524990
v 0.871873 -0.474151 -21.524990
v 1.069585 -0.701641 -21.419296
v 0.856920 -0.489104 -21.419296
v 1.026898 -0.744199 -21.328684
v 0.814362 -0.531663 -21.328684
v -0.649240 -0.944721 0.760301
v -0.534984 -0.962613 0.760301
v -0.565657 -1.009006 0.760301
v -0.618823 -0.898584 0.760301
v -0.649240 -0.944721 0.760301
v -0.664193 -0.981912 0.626108
v -0.700745 -0.953795 0.602464
v -0.619973 -1.015013 0.633137
v -0.565657 -1.009006 0.760301
v -0.571663 -1.050925 0.623935
v -0.536645 -1.077508 0.602464
v -0.565657 -1.009006 0.760301
v -0.485141 -0.998909 0.602464
v -0.536645 -1.077508 0.602464
v -0.534984 -0.962613 0.760301
v -0.473383 -1.007472 0.362578
v -0.525015 -1.086199 0.362578
v -0.473383 -1.007472 0.257012
v -0.539074 -1.107670 0.257012
v -0.539074 -1.107670 0.362578
v -0.473383 -1.007472 -0.202057
v -0.539074 -1.107670 -0.202057
v -0.473383 -1.007472 -0.202057
v -0.580865 -1.076742 -0.570385
v -0.515047 -0.976672 -0.570385
v -0.731290 -0.816023 0.586744
v -0.700745 -0.953795 0.602464
v -0.731417 -0.931046 0.362578
v -0.649240 -0.944721 0.760301
v -0.618823 -0.898584 0.760301
v -0.689370 -0.847079 0.257012
v -0.754678 -0.945743 0.257012
v -0.745476 -0.952517 0.362578
v -0.751355 -0.801070 -0.570385
v -0.815768 -0.969770 -0.364750
v -0.927084 -1.013479 -0.570385
v -0.693332 -0.959802 0.336250
v -0.566679 -1.055398 0.336250
v -0.630070 -1.007472 0.321297
v -0.525015 -1.086199 0.362578
v -0.731417 -0.931046 0.362578
v -0.536645 -1.077508 0.602464
v -0.571663 -1.050925 0.623935
v -0.619973 -1.015013 0.633137
v -0.664193 -0.981912 0.626108
v -0.700745 -0.953795 0.602464
v -0.539074 -1.107670 0.257012
v -0.754678 -0.945743 0.257012
v -0.644256 -1.028943 0.321297
v -0.707135 -0.980889 0.336250
v -0.745476 -0.952517 0.362578
v -0.580738 -1.076869 0.336250
v -0.539074 -1.107670 0.362578
v -0.730139 -0.964403 -0.494726
v -0.539074 -1.107670 -0.202057
v -0.580865 -1.076742 -0.570385
v -0.720299 -0.971432 -0.803754
v -0.720299 -0.971432 -0.803754
v -0.515047 -0.976672 -0.570385
v -0.634926 -0.886059 -0.803754
v -0.580865 -1.076742 -0.570385
v -0.634926 -0.886059 -0.803754
v -0.751099 -0.800815 -1.021531
v -0.720299 -0.971432 -0.803754
v -0.781005 -0.865739 -1.021531
v -0.707135 -0.980889 0.336250
v -0.731417 -0.931046 0.362578
v -0.693332 -0.959802 0.336250
v -0.745476 -0.952517 0.362578
v -0.644256 -1.028943 0.321297
v -0.630070 -1.007472 0.321297
v -0.580738 -1.076869 0.336250
v -0.566679 -1.055398 0.336250
v -0.539074 -1.107670 0.362578
v -0.525015 -1.086199 0.362578
v -0.720299 -0.971432 -0.803754
v -0.927084 -1.013479 -0.803754
v -0.927084 -1.013479 -0.570385
v -0.730139 -0.964403 -0.494726
v -0.815768 -0.969770 -0.364750
v -0.754678 -0.945743 0.257012
v -0.927084 -1.013479 -0.803754
v -0.720299 -0.971432 -0.803754
v -0.781005 -0.865739 -1.021531
v -0.944721 -0.649240 0.760301
v -0.962486 -0.534984 0.760301
v -0.898584 -0.618823 0.760301
v -1.009006 -0.565529 0.760301
v -0.944721 -0.649240 0.760301
v -0.953667 -0.700745 0.602464
v -0.981912 -0.664193 0.626108
v -1.014885 -0.619973 0.633137
v -1.009006 -0.565529 0.760301
v -1.050925 -0.571791 0.623935
v -1.077508 -0.536645 0.602464
v -1.009006 -0.565529 0.760301
v -0.998909 -0.485141 0.602464
v -0.962486 -0.534984 0.760301
v -1.077508 -0.536645 0.602464
v -1.007472 -0.473255 0.362578
v -1.086071 -0.525015 0.362578
v -1.007472 -0.473255 0.257012
v -1.107670 -0.539074 0.257012
v -1.107670 -0.539074 0.362578
v -1.007472 -0.473255 -0.202057
v -1.107670 -0.539074 -0.202057
v -1.076742 -0.580865 -0.570385
v -1.007472 -0.473255 -0.202057
v -0.976672 -0.515047 -0.570385
v -0.816151 -0.731290 0.586744
v -0.931046 -0.731417 0.362578
v -0.953667 -0.700745 0.602464
v -0.944721 -0.649240 0.760301
v -0.898584 -0.618823 0.760301
v -0.847079 -0.689498 0.257012
v -0.945743 -0.754678 0.257012
v -0.952517 -0.745476 0.362578
v -0.801070 -0.751355 -0.570385
v -0.969898 -0.815768 -0.364750
v -1.013479 -0.927084 -0.570385
v -0.959802 -0.693460 0.336250
v -1.086071 -0.525015 0.362578
v -0.931046 -0.731417 0.362578
v -1.055398 -0.566679 0.336250
v -1.007472 -0.630197 0.321297
v -1.077508 -0.536645 0.602464
v -1.050925 -0.571791 0.623935
v -1.014885 -0.619973 0.633137
v -0.981912 -0.664193 0.626108
v -0.953667 -0.700745 0.602464
v -1.107670 -0.539074 0.257012
v -1.028943 -0.644256 0.321297
v -0.945743 -0.754678 0.257012
v -0.980889 -0.707135 0.336250
v -0.952517 -0.745476 0.362578
v -1.076869 -0.580738 0.336250
v -1.107670 -0.539074 0.362578
v -0.964275 -0.730139 -0.494726
v -1.107670 -0.539074 -0.202057
v -1.076742 -0.580865 -0.570385
v -0.971432 -0.720299 -0.803754
v -0.971432 -0.720299 -0.803754
v -0.976672 -0.515047 -0.570385
v -1.076742 -0.580865 -0.570385
v -0.886059 -0.634798 -0.803754
v -0.886059 -0.634798 -0.803754
v -0.971432 -0.720299 -0.803754
v -0.800815 -0.751099 -1.021531
v -0.865611 -0.781005 -1.021531
v -0.980889 -0.707135 0.336250
v -0.931046 -0.731417 0.362578
v -0.952517 -0.745476 0.362578
v -0.959802 -0.693460 0.336250
v -1.028943 -0.644256 0.321297
v -1.007472 -0.630197 0.321297
v -1.076869 -0.580738 0.336250
v -1.055398 -0.566679 0.336250
v -1.107670 -0.539074 0.362578
v -1.086071 -0.525015 0.362578
v -0.971432 -0.720299 -0.803754
v -1.013479 -0.927084 -0.570385
v -1.013479 -0.927084 -0.803754
v -0.964275 -0.730139 -0.494726
v -0.969898 -0.815768 -0.364750
v -0.945743 -0.754678 0.257012
v -0.927084 -1.013479 -0.803754
v -0.865611 -0.781005 -1.021531
v -1.013479 -0.927084 -0.803754
v -0.781005 -0.865739 -1.021531
v -0.800815 -0.751099 -1.021531
v -0.751099 -0.800815 -1.021531
v -1.013479 -0.927084 -0.570385
v -0.927084 -1.013479 -0.803754
v -1.013479 -0.927084 -0.803754
v -0.927084 -1.013479 -0.570385
v -1.013479 -0.927084 -0.803754
v -0.865611 -0.781005 -1.021531
v -0.971432 -0.720299 -0.803754
v -0.927084 -1.013479 -0.570385
v -0.801070 -0.751355 -0.570385
v -0.751355 -0.801070 -0.570385
v -1.013479 -0.927084 -0.570385
v -0.882992 -0.888106 -21.524990
v -0.958140 -0.813085 -21.268618
v -0.882992 -0.888106 -21.247274
v -1.021786 -0.749312 -21.328684
v -0.807844 -0.963254 -21.268618
v -1.064345 -0.706753 -21.419296
v -0.744198 -1.026900 -21.328684
v -0.701639 -1.069586 -21.419296
v -0.686686 -1.084411 -21.524990
v -1.079298 -0.691800 -21.524990
v -0.882992 -0.888106 -21.802580
v -0.701639 -1.069586 -21.631323
v -0.744198 -1.026900 -21.721296
v -0.807844 -0.963254 -21.781874
v -0.958140 -0.813085 -21.781874
v -1.021786 -0.749312 -21.721296
v -1.064345 -0.706753 -21.631323
v -0.595307 -0.750717 -21.268618
v -0.882992 -0.888106 -21.247274
v -0.670455 -0.675569 -21.247274
v -0.958140 -0.813085 -21.268618
v -0.807844 -0.963254 -21.268618
v -0.531661 -0.814363 -21.328684
v -0.744198 -1.026900 -21.328684
v -0.745604 -0.600421 -21.268618
v -1.021786 -0.749312 -21.328684
v -0.809250 -0.536775 -21.328684
v -1.064345 -0.706753 -21.419296
v -0.851808 -0.494216 -21.419296
v -1.079298 -0.691800 -21.524990
v -0.866761 -0.479263 -21.524990
v -1.064345 -0.706753 -21.631323
v -0.851808 -0.494216 -21.631323
v -1.021786 -0.749312 -21.721296
v -0.809250 -0.536775 -21.721296
v -0.958140 -0.813085 -21.781874
v -0.745604 -0.600421 -21.781874
v -0.882992 -0.888106 -21.802580
v -0.670455 -0.675569 -21.802580
v -0.807844 -0.963254 -21.781874
v -0.595307 -0.750717 -21.781874
v -0.744198 -1.026900 -21.721296
v -0.531661 -0.814363 -21.721296
v -0.701639 -1.069586 -21.631323
v -0.489103 -0.856922 -21.631323
v -0.686686 -1.084411 -21.524990
v -0.474150 -0.871875 -21.524990
v -0.701639 -1.069586 -21.419296
v -0.489103 -0.856922 -21.419296
v -0.744198 -1.026900 -21.328684
v -0.531661 -0.814363 -21.328684
v 0.649240 0.944721 0.760301
v 0.534984 0.962486 0.760301
v 0.565529 1.009006 0.760301
v 0.618823 0.898584 0.760301
v 0.649240 0.944721 0.760301
v 0.664193 0.981912 0.626108
v 0.700745 0.953667 0.602464
v 0.619973 1.014885 0.633137
v 0.565529 1.009006 0.760301
v 0.571791 1.050925 0.623935
v 0.536645 1.077508 0.602464
v 0.565529 1.009006 0.760301
v 0.485141 0.998910 0.602464
v 0.536645 1.077508 0.602464
v 0.534984 0.962486 0.760301
v 0.473255 1.007472 0.362577
v 0.525015 1.086071 0.362577
v 0.473255 1.007472 0.257012
v 0.539074 1.107670 0.257012
v 0.539074 1.107670 0.362577
v 0.473255 1.007472 -0.202057
v 0.539074 1.107670 -0.202057
v 0.473255 1.007472 -0.202057
v 0.580865 1.076742 -0.570386
v 0.515047 0.976672 -0.570386
v 0.731290 0.816023 0.586744
v 0.700745 0.953667 0.602464
v 0.731417 0.931046 0.362577
v 0.649240 0.944721 0.760301
v 0.618823 0.898584 0.760301
v 0.689498 0.847079 0.257012
v 0.754678 0.945743 0.257012
v 0.745476 0.952517 0.362577
v 0.751355 0.801070 -0.570386
v 0.815768 0.969770 -0.364750
v 0.927084 1.013479 -0.570386
v 0.693460 0.959802 0.336250
v 0.566679 1.055398 0.336250
v 0.630197 1.007472 0.321297
v 0.525015 1.086071 0.362577
v 0.731417 0.931046 0.362577
v 0.536645 1.077508 0.602464
v 0.571791 1.050925 0.623935
v 0.619973 1.014885 0.633137
v 0.664193 0.981912 0.626108
v 0.700745 0.953667 0.602464
v 0.539074 1.107670 0.257012
v 0.754678 0.945743 0.257012
v 0.644256 1.028943 0.321297
v 0.707135 0.980889 0.336250
v 0.745476 0.952517 0.362577
v 0.580738 1.076869 0.336250
v 0.539074 1.107670 0.362577
v 0.730139 0.964275 -0.494726
v 0.539074 1.107670 -0.202057
v 0.580865 1.076742 -0.570386
v 0.720299 0.971432 -0.803754
v 0.720299 0.971432 -0.803754
v 0.515047 0.976672 -0.570386
v 0.634798 0.886059 -0.803754
v 0.580865 1.076742 -0.570386
v 0.634798 0.886059 -0.803754
v 0.751099 0.800815 -1.021531
v 0.720299 0.971432 -0.803754
v 0.781005 0.865611 -1.021531
v 0.707135 0.980889 0.336250
v 0.731417 0.931046 0.362577
v 0.693460 0.959802 0.336250
v 0.745476 0.952517 0.362577
v 0.644256 1.028943 0.321297
v 0.630197 1.007472 0.321297
v 0.580738 1.076869 0.336250
v 0.566679 1.055398 0.336250
v 0.539074 1.107670 0.362577
v 0.525015 1.086071 0.362577
v 0.720299 0.971432 -0.803754
v 0.927084 1.013479 -0.803754
v 0.927084 1.013479 -0.570386
v 0.730139 0.964275 -0.494726
v 0.815768 0.969770 -0.364750
v 0.754678 0.945743 0.257012
v 0.927084 1.013479 -0.803754
v 0.720299 0.971432 -0.803754
v 0.781005 0.865611 -1.021531
v 0.944721 0.649240 0.760301
v 0.962613 0.534984 0.760301
v 0.898584 0.618823 0.760301
v 1.009006 0.565657 0.760301
v 0.944721 0.649240 0.760301
v 0.953795 0.700745 0.602464
v 0.981912 0.664193 0.626108
v 1.015013 0.619973 0.633137
v 1.009006 0.565657 0.760301
v 1.050925 0.571664 0.623935
v 1.077508 0.536646 0.602464
v 1.009006 0.565657 0.760301
v 0.998909 0.485141 0.602464
v 0.962613 0.534984 0.760301
v 1.077508 0.536646 0.602464
v 1.007472 0.473383 0.362578
v 1.086199 0.525015 0.362578
v 1.007472 0.473383 0.257012
v 1.107670 0.539074 0.257012
v 1.107670 0.539074 0.362578
v 1.007472 0.473383 -0.202057
v 1.107670 0.539074 -0.202057
v 1.076742 0.580865 -0.570386
v 1.007472 0.473383 -0.202057
v 0.976672 0.515047 -0.570386
v 0.816023 0.731290 0.586744
v 0.931046 0.731417 0.362577
v 0.953795 0.700745 0.602464
v 0.944721 0.649240 0.760301
v 0.898584 0.618823 0.760301
v 0.847079 0.689370 0.257012
v 0.945743 0.754678 0.257012
v 0.952517 0.745476 0.362577
v 0.801070 0.751355 -0.570386
v 0.969898 0.815768 -0.364750
v 1.013479 0.927084 -0.570386
v 0.959802 0.693332 0.336250
v 1.086199 0.525015 0.362578
v 0.931046 0.731417 0.362577
v 1.055398 0.566679 0.336250
v 1.007472 0.630070 0.321297
v 1.077508 0.536646 0.602464
v 1.050925 0.571664 0.623935
v 1.015013 0.619973 0.633137
v 0.981912 0.664193 0.626108
v 0.953795 0.700745 0.602464
v 1.107670 0.539074 0.257012
v 1.028943 0.644256 0.321297
v 0.945743 0.754678 0.257012
v 0.980889 0.707135 0.336250
v 0.952517 0.745476 0.362577
v 1.076869 0.580738 0.336250
v 1.107670 0.539074 0.362578
v 0.964403 0.730139 -0.494726
v 1.107670 0.539074 -0.202057
v 1.076742 0.580865 -0.570386
v 0.971432 0.720299 -0.803754
v 0.971432 0.720299 -0.803754
v 0.976672 0.515047 -0.570386
v 1.076742 0.580865 -0.570386
v 0.886059 0.634926 -0.803754
v 0.886059 0.634926 -0.803754
v 0.971432 0.720299 -0.803754
v 0.800815 0.751099 -1.021531
v 0.865739 0.781005 -1.021531
v 0.980889 0.707135 0.336250
v 0.931046 0.731417 0.362577
v 0.952517 0.745476 0.362577
v 0.959802 0.693332 0.336250
v 1.028943 0.644256 0.321297
v 1.007472 0.630070 0.321297
v 1.076869 0.580738 0.336250
v 1.055398 0.566679 0.336250
v 1.107670 0.539074 0.362578
v 1.086199 0.525015 0.362578
v 0.971432 0.720299 -0.803754
v 1.013479 0.927084 -0.570386
v 1.013479 0.927084 -0.803754
v 0.964403 0.730139 -0.494726
v 0.969898 0.815768 -0.364750
v 0.945743 0.754678 0.257012
v 0.927084 1.013479 -0.803754
v 0.865739 0.781005 -1.021531
v 1.013479 0.927084 -0.803754
v 0.781005 0.865611 -1.021531
v 0.800815 0.751099 -1.021531
v 0.751099 0.800815 -1.021531
v 1.013479 0.927084 -0.570386
v 0.927084 1.013479 -0.803754
v 1.013479 0.927084 -0.803754
v 0.927084 1.013479 -0.570386
v 1.013479 0.927084 -0.803754
v 0.865739 0.781005 -1.021531
v 0.971432 0.720299 -0.803754
v 0.927084 1.013479 -0.570386
v 0.801070 0.751355 -0.570386
v 0.751355 0.801070 -0.570386
v 1.013479 0.927084 -0.570386
v 0.882992 0.888103 -21.524990
v 0.958140 0.812954 -21.268618
v 0.882992 0.888103 -21.247274
v 1.021786 0.749308 -21.328684
v 0.807844 0.963251 -21.268618
v 1.064345 0.706750 -21.419296
v 0.744198 1.027025 -21.328684
v 0.701639 1.069455 -21.419296
v 0.686686 1.084408 -21.524990
v 1.079298 0.691797 -21.524990
v 0.882992 0.888102 -21.802580
v 0.701639 1.069455 -21.631323
v 0.744198 1.027025 -21.721296
v 0.807844 0.963251 -21.781874
v 0.958140 0.812954 -21.781874
v 1.021786 0.749308 -21.721296
v 1.064345 0.706750 -21.631323
v 0.595307 0.750714 -21.268618
v 0.882992 0.888103 -21.247274
v 0.670455 0.675566 -21.247274
v 0.958140 0.812954 -21.268618
v 0.807844 0.963251 -21.268618
v 0.531661 0.814360 -21.328684
v 0.744198 1.027025 -21.328684
v 0.745604 0.600418 -21.268618
v 1.021786 0.749308 -21.328684
v 0.809250 0.536772 -21.328684
v 1.064345 0.706750 -21.419296
v 0.851808 0.494213 -21.419296
v 1.079298 0.691797 -21.524990
v 0.866761 0.479260 -21.524990
v 1.064345 0.706750 -21.631323
v 0.851808 0.494213 -21.631323
v 1.021786 0.749308 -21.721296
v 0.809250 0.536772 -21.721296
v 0.958140 0.812954 -21.781874
v 0.745604 0.600418 -21.781874
v 0.882992 0.888102 -21.802580
v 0.670455 0.675566 -21.802580
v 0.807844 0.963251 -21.781874
v 0.595307 0.750714 -21.781874
v 0.744198 1.027025 -21.721296
v 0.531661 0.814360 -21.721296
v 0.701639 1.069455 -21.631323
v 0.489103 0.856919 -21.631323
v 0.686686 1.084408 -21.524990
v 0.474150 0.871871 -21.524990
v 0.701639 1.069455 -21.419296
v 0.489103 0.856919 -21.419296
v 0.744198 1.027025 -21.328684
v 0.531661 0.814360 -21.328684
v -0.422901 -1.232024 -22.250912
v -0.449611 -1.114445 -22.480701
v -0.449611 -1.114445 -22.250912
v -0.449995 -1.043003 -22.480701
v -0.449611 -1.043131 -22.250912
v -0.449995 -1.027028 -22.697712
v -0.422901 -1.232024 -22.480701
v -0.348008 -1.333883 -22.250912
v -0.449739 -1.091696 -22.697712
v -0.449867 -0.982552 -22.910503
v -0.449611 -1.114445 -22.697712
v -0.348008 -1.333883 -22.480701
v -0.245638 -1.403919 -22.250912
v -0.422901 -1.232024 -22.697712
v -0.449611 -1.114445 -22.910503
v -0.449739 -1.049521 -22.910503
v -0.449611 -0.905231 -23.104637
v -0.245638 -1.403919 -22.480701
v -0.121669 -1.445072 -22.250912
v -0.348008 -1.333883 -22.697712
v -0.121669 -1.445072 -22.480701
v -0.422901 -1.232024 -22.910503
v -0.245638 -1.403919 -22.697712
v 0.000000 -1.455296 -22.250912
v -0.348008 -1.333883 -22.910503
v -0.449611 -1.114445 -23.104637
v -0.422901 -1.232024 -23.104637
v -0.449611 -0.977185 -23.104637
v -0.449356 -0.829572 -23.226688
v -0.449611 -1.114445 -23.226688
v -0.449356 -0.904848 -23.226688
v -0.449356 -0.805673 -23.264521
v -0.449356 -0.880949 -23.264521
v -0.449611 -1.114445 -23.264521
v -0.422901 -1.232024 -23.264521
v -0.422901 -1.232024 -23.226688
v -0.348008 -1.333883 -23.264521
v -0.348008 -1.333883 -23.104637
v -0.348008 -1.333883 -23.226688
v -0.245638 -1.403919 -23.264521
v -0.245638 -1.403919 -22.910503
v -0.245638 -1.403919 -23.104637
v -0.245638 -1.403919 -23.226688
v -0.121669 -1.445072 -23.264521
v -0.121669 -1.445072 -22.697712
v -0.121669 -1.445072 -22.910503
v -0.121669 -1.445072 -23.104637
v -0.121669 -1.445072 -23.226688
v 0.000000 -1.455296 -23.264521
v 0.000000 -1.455296 -23.226688
v 0.000000 -1.455296 -23.104637
v 0.121541 -1.445072 -23.226688
v 0.121541 -1.445072 -23.264521
v 0.000000 -1.455296 -22.910503
v 0.121541 -1.445072 -23.104637
v 0.245765 -1.403919 -23.226688
v 0.245765 -1.403919 -23.264521
v 0.000000 -1.455296 -22.697712
v 0.121541 -1.445072 -22.910503
v 0.245765 -1.403919 -23.104637
v 0.348008 -1.333883 -23.226688
v 0.348008 -1.333883 -23.264521
v 0.000000 -1.455296 -22.480701
v 0.121541 -1.445072 -22.697712
v 0.121541 -1.445072 -22.480701
v 0.121541 -1.445072 -22.250912
v 0.245765 -1.403919 -22.910503
v 0.245765 -1.403919 -22.697712
v 0.245765 -1.403919 -22.480701
v 0.245765 -1.403919 -22.250912
v 0.348008 -1.333883 -23.104637
v 0.348008 -1.333883 -22.910503
v 0.348008 -1.333883 -22.697712
v 0.348008 -1.333883 -22.480701
v 0.348008 -1.333883 -22.250912
v 0.422901 -1.232024 -23.226688
v 0.422901 -1.232024 -23.264521
v 0.422901 -1.232024 -23.104637
v 0.449611 -1.114445 -23.226688
v 0.449611 -1.114445 -23.264521
v 0.449356 -0.880949 -23.264521
v 0.422901 -1.232024 -22.910503
v 0.449611 -1.114445 -23.104637
v 0.449484 -0.904848 -23.226688
v 0.449356 -0.805673 -23.264521
v 0.449356 -0.829572 -23.226688
v 0.449611 -0.977185 -23.104637
v 0.449611 -0.905231 -23.104637
v 0.449739 -1.049521 -22.910503
v 0.449867 -0.982552 -22.910503
v 0.449611 -1.114445 -22.910503
v 0.422901 -1.232024 -22.697712
v 0.449739 -1.091696 -22.697712
v 0.449995 -1.027028 -22.697712
v 0.449611 -1.114445 -22.697712
v 0.422901 -1.232024 -22.480701
v 0.422901 -1.232024 -22.250912
v 0.449739 -1.114445 -22.480701
v 0.449611 -1.114445 -22.250912
v 0.449995 -1.043003 -22.480701
v 0.449611 -1.043131 -22.250912
v -0.121669 -1.445072 -22.250912
v 0.000000 -1.137450 -22.250912
v 0.000000 -1.455296 -22.250912
v 0.121541 -1.445072 -22.250912
v -0.245638 -1.403919 -22.250912
v 0.245765 -1.403919 -22.250912
v -0.348008 -1.333883 -22.250912
v 0.348008 -1.333883 -22.250912
v -0.422901 -1.232024 -22.250912
v 0.422901 -1.232024 -22.250912
v -0.449611 -1.114445 -22.250912
v 0.449611 -1.114445 -22.250912
v -0.221866 -1.115595 -22.250912
v -0.388777 -1.062557 -22.250912
v 0.221866 -1.115595 -22.250912
v 0.388777 -1.062557 -22.250912
v 0.449611 -1.043131 -22.250912
v -0.449611 -1.114445 -22.250912
v -0.449611 -1.043131 -22.250912
v -0.411143 -1.108950 -23.264521
v -0.207425 -1.149847 -23.264521
v -0.195667 -1.091185 -23.264521
v -0.354654 -0.856283 -23.264521
v -0.180841 -0.908938 -23.264521
v -0.162438 -1.041470 -23.264521
v -0.112722 -1.008241 -23.264521
v 0.000000 -0.926830 -23.264521
v -0.054061 -0.996483 -23.264521
v 0.000000 -0.996483 -23.264521
v 0.053933 -0.996483 -23.264521
v 0.112722 -1.008241 -23.264521
v 0.180841 -0.908938 -23.264521
v 0.162438 -1.041470 -23.264521
v 0.195667 -1.091185 -23.264521
v 0.354654 -0.856283 -23.264521
v 0.411143 -1.108950 -23.264521
v 0.411271 -0.825610 -23.264521
v 0.207297 -1.149847 -23.264521
v 0.449356 -0.880949 -23.264521
v 0.449356 -0.805673 -23.264521
v 0.449611 -1.114445 -23.264521
v 0.386988 -1.219244 -23.264521
v 0.195667 -1.208508 -23.264521
v 0.422901 -1.232024 -23.264521
v 0.320019 -1.309473 -23.264521
v 0.162438 -1.258352 -23.264521
v 0.348008 -1.333883 -23.264521
v 0.226084 -1.367368 -23.264521
v 0.112722 -1.291581 -23.264521
v 0.245765 -1.403919 -23.264521
v 0.116556 -1.404814 -23.264521
v 0.053933 -1.303211 -23.264521
v 0.121541 -1.445072 -23.264521
v 0.000000 -1.414016 -23.264521
v 0.000000 -1.303211 -23.264521
v 0.000000 -1.455296 -23.264521
v -0.054061 -1.303211 -23.264521
v -0.121669 -1.445072 -23.264521
v -0.116556 -1.404814 -23.264521
v -0.112722 -1.291581 -23.264521
v -0.245638 -1.403919 -23.264521
v -0.226084 -1.367368 -23.264521
v -0.162438 -1.258352 -23.264521
v -0.348008 -1.333883 -23.264521
v -0.320019 -1.309473 -23.264521
v -0.195667 -1.208508 -23.264521
v -0.422901 -1.232024 -23.264521
v -0.387116 -1.219244 -23.264521
v -0.449611 -1.114445 -23.264521
v -0.449356 -0.880949 -23.264521
v -0.411271 -0.825610 -23.264521
v -0.449356 -0.805673 -23.264521
v -0.207425 -1.149847 -23.249567
v -0.195667 -1.091185 -23.264521
v -0.207425 -1.149847 -23.264521
v -0.195667 -1.091185 -23.249567
v -0.195667 -1.208508 -23.249567
v -0.162438 -1.041470 -23.264521
v -0.195667 -1.208508 -23.264521
v -0.162438 -1.041470 -23.249567
v -0.162438 -1.258352 -23.249567
v -0.112722 -1.008241 -23.264521
v -0.162438 -1.258352 -23.264521
v -0.112722 -1.008241 -23.249567
v -0.112722 -1.291581 -23.249567
v -0.054061 -0.996483 -23.264521
v -0.112722 -1.291581 -23.264521
v -0.054061 -0.996483 -23.249567
v -0.054061 -1.303211 -23.249567
v 0.000000 -0.996483 -23.249567
v -0.054061 -1.303211 -23.264521
v 0.000000 -0.996483 -23.264521
v 0.000000 -1.303211 -23.249567
v 0.053933 -0.996483 -23.264521
v 0.000000 -1.303211 -23.264521
v 0.053933 -0.996483 -23.249567
v 0.053933 -1.303211 -23.264521
v 0.112722 -1.008241 -23.249567
v 0.053933 -1.303211 -23.249567
v 0.112722 -1.008241 -23.264521
v 0.112722 -1.291581 -23.264521
v 0.162438 -1.041470 -23.249567
v 0.112722 -1.291581 -23.249567
v 0.162438 -1.041470 -23.264521
v 0.162438 -1.258352 -23.264521
v 0.195667 -1.091185 -23.249567
v 0.162438 -1.258352 -23.249567
v 0.195667 -1.091185 -23.264521
v 0.195667 -1.208508 -23.264521
v 0.207297 -1.149847 -23.249567
v 0.195667 -1.208508 -23.249567
v 0.207297 -1.149847 -23.264521
v -0.195667 -1.091185 -23.249567
v -0.207425 -1.149847 -23.249567
v -0.282445 -0.963893 -23.249567
v -0.162438 -1.041470 -23.249567
v -0.282445 -1.335800 -23.249567
v -0.195667 -1.208508 -23.249567
v -0.162438 -1.258352 -23.249567
v -0.112722 -1.291581 -23.249567
v -0.054061 -1.303211 -23.249567
v 0.000000 -1.335800 -23.249567
v 0.000000 -1.303211 -23.249567
v 0.053933 -1.303211 -23.249567
v 0.282445 -1.335800 -23.249567
v 0.112722 -1.291581 -23.249567
v 0.162438 -1.258352 -23.249567
v 0.195667 -1.208508 -23.249567
v 0.207297 -1.149847 -23.249567
v 0.282445 -0.963893 -23.249567
v 0.195667 -1.091185 -23.249567
v 0.162438 -1.041470 -23.249567
v 0.112722 -1.008241 -23.249567
v 0.282445 -0.963893 -23.249567
v 0.053933 -0.996483 -23.249567
v 0.000000 -0.963893 -23.249567
v 0.000000 -0.996483 -23.249567
v 0.282445 -0.990348 -23.161766
v 0.000000 -0.990348 -23.161766
v -0.282445 -0.990348 -23.161766
v -0.054061 -0.996483 -23.249567
v -0.282445 -0.963893 -23.249567
v -0.112722 -1.008241 -23.249567
v -0.282445 -1.335800 -23.161766
v -0.282445 -0.963893 -23.249567
v -0.282445 -1.335800 -23.249567
v -0.282445 -0.990348 -23.161766
v 0.000000 -1.335800 -23.249567
v -0.282445 -1.335800 -23.161766
v -0.282445 -1.335800 -23.249567
v 0.000000 -1.335800 -23.161766
v 0.282445 -1.335800 -23.161766
v 0.282445 -1.335800 -23.249567
v 0.000000 -1.335800 -23.161766
v -0.282445 -0.990348 -23.161766
v -0.282445 -1.335800 -23.161766
v 0.000000 -0.990348 -23.161766
v 0.282445 -1.335800 -23.161766
v 0.282445 -0.963893 -23.249567
v 0.282445 -0.990348 -23.161766
v 0.282445 -1.335800 -23.249567
v 0.000000 -1.335800 -23.161766
v 0.282445 -0.990348 -23.161766
v 0.000000 -0.990348 -23.161766
v 0.282445 -1.335800 -23.161766
v -0.766691 0.883885 -21.874660
v -0.828292 0.945486 -21.843348
v -0.766691 0.883885 -22.162344
v -0.905102 1.022296 -22.162344
v -0.905102 1.022296 -21.765516
v -0.828292 0.945486 -21.765516
v -0.783050 0.867526 -21.874660
v -0.766691 0.883885 -22.162344
v -0.783050 0.867526 -22.162344
v -0.766691 0.883885 -21.874660
v -0.766691 0.883885 -22.162344
v -0.905102 1.022296 -22.162344
v -0.921461 1.005937 -22.162344
v -0.783050 0.867526 -22.162344
v -0.921461 1.005937 -22.162344
v -0.905102 1.022296 -21.765516
v -0.921461 1.005937 -21.765516
v -0.905102 1.022296 -22.162344
v -0.766691 0.883885 -21.874660
v -0.844651 0.929127 -21.843348
v -0.828292 0.945486 -21.843348
v -0.783050 0.867526 -21.874660
v -0.828292 0.945486 -21.765516
v -0.921461 1.005937 -21.765516
v -0.905102 1.022296 -21.765516
v -0.844651 0.929127 -21.765516
v -0.828292 0.945486 -21.843348
v -0.844651 0.929127 -21.765516
v -0.828292 0.945486 -21.765516
v -0.844651 0.929127 -21.843348
v -0.820241 1.009643 -22.060997
v -0.828676 0.945869 -22.077484
v -0.792635 0.982038 -22.077484
v -0.768353 0.957883 -22.146626
v -0.856409 0.973603 -22.060997
v -0.804521 0.921715 -22.146626
v -0.761962 0.951493 -22.233021
v -0.798131 0.915325 -22.233021
v -0.831743 1.021145 -22.021761
v -0.867783 0.984977 -22.021761
v -0.820241 1.009643 -21.983166
v -0.856409 0.973603 -21.983166
v -0.792635 0.982038 -21.966805
v -0.828676 0.945869 -21.966805
v -0.764902 0.954432 -21.983166
v -0.801070 0.918264 -21.983166
v -0.753527 0.943058 -22.021761
v -0.789696 0.906889 -22.021761
v -0.759279 0.948681 -22.041698
v -0.795319 0.912513 -22.041698
v -0.752377 0.941780 -22.145987
v -0.788418 0.905611 -22.145987
v -0.752122 0.941524 -22.232382
v -0.788162 0.905356 -22.232382
v -0.761962 0.951493 -22.233021
v -0.788162 0.905356 -22.232382
v -0.752122 0.941524 -22.232382
v -0.798131 0.915325 -22.233021
v -0.752377 0.941780 -22.145987
v -0.759279 0.948681 -22.041698
v -0.792635 0.982038 -22.077484
v -0.764902 0.954432 -21.983166
v -0.753527 0.943058 -22.021761
v -0.792635 0.982038 -21.966805
v -0.768353 0.957883 -22.146626
v -0.752122 0.941524 -22.232382
v -0.761962 0.951493 -22.233021
v -0.831743 1.021145 -22.021761
v -0.820241 1.009643 -21.983166
v -0.820241 1.009643 -22.060997
v -0.883887 0.766689 -21.874660
v -0.883887 0.766689 -22.162344
v -0.945488 0.828291 -21.843348
v -1.022297 0.905100 -22.162344
v -1.022297 0.905100 -21.765516
v -0.945488 0.828291 -21.765516
v -0.867528 0.783048 -21.874660
v -0.883887 0.766689 -22.162344
v -0.883887 0.766689 -21.874660
v -0.867528 0.783048 -22.162344
v -0.883887 0.766689 -22.162344
v -0.867528 0.783048 -22.162344
v -1.005939 0.921459 -22.162344
v -1.022297 0.905100 -22.162344
v -1.005939 0.921459 -22.162344
v -1.022297 0.905100 -21.765516
v -1.022297 0.905100 -22.162344
v -1.005939 0.921459 -21.765516
v -0.883887 0.766689 -21.874660
v -0.929129 0.844649 -21.843348
v -0.867528 0.783048 -21.874660
v -0.945488 0.828291 -21.843348
v -1.005939 0.921459 -21.765516
v -0.945488 0.828291 -21.765516
v -1.022297 0.905100 -21.765516
v -0.929129 0.844649 -21.765516
v -0.945488 0.828291 -21.843348
v -0.929129 0.844649 -21.765516
v -0.929129 0.844649 -21.843348
v -0.945488 0.828291 -21.765516
v -1.009645 0.820239 -22.060997
v -0.945871 0.828674 -22.077484
v -0.973605 0.856407 -22.060997
v -0.982039 0.792506 -22.077484
v -1.021147 0.831741 -22.021761
v -0.957885 0.768351 -22.146626
v -0.984979 0.867782 -22.021761
v -0.921716 0.804519 -22.146626
v -0.951495 0.761961 -22.233021
v -0.915326 0.798129 -22.233021
v -1.009645 0.820239 -21.983166
v -0.973605 0.856407 -21.983166
v -0.982039 0.792506 -21.966805
v -0.945871 0.828674 -21.966805
v -0.954434 0.764900 -21.983166
v -0.918266 0.801068 -21.983166
v -0.943059 0.753526 -22.021761
v -0.906891 0.789694 -22.021761
v -0.948683 0.759277 -22.041698
v -0.912515 0.795317 -22.041698
v -0.941781 0.752375 -22.145987
v -0.905613 0.788416 -22.145987
v -0.941526 0.752120 -22.232382
v -0.905358 0.788160 -22.232382
v -0.951495 0.761961 -22.233021
v -0.905358 0.788160 -22.232382
v -0.915326 0.798129 -22.233021
v -0.941526 0.752120 -22.232382
v -0.941781 0.752375 -22.145987
v -0.982039 0.792506 -22.077484
v -0.948683 0.759277 -22.041698
v -0.954434 0.764900 -21.983166
v -0.943059 0.753526 -22.021761
v -0.982039 0.792506 -21.966805
v -0.957885 0.768351 -22.146626
v -0.941526 0.752120 -22.232382
v -0.951495 0.761961 -22.233021
v -1.021147 0.831741 -22.021761
v -1.009645 0.820239 -21.983166
v -1.009645 0.820239 -22.060997
v -0.783050 0.867526 -21.874660
v -0.783050 0.867526 -22.162344
v -0.844651 0.929127 -21.843348
v -0.921461 1.005937 -22.162344
v -0.844651 0.929127 -21.765516
v -0.921461 1.005937 -21.765516
v -0.867528 0.783048 -22.162344
v -0.867528 0.783048 -21.874660
v -0.929129 0.844649 -21.843348
v -1.005939 0.921459 -22.162344
v -1.005939 0.921459 -21.765516
v -0.929129 0.844649 -21.765516
v -0.847846 0.939991 -21.278715
v -0.869573 1.023190 -21.331497
v -0.817046 0.970663 -21.331497
v -0.908553 1.000697 -21.278715
v -0.821647 1.047345 -21.380062
v -0.781005 1.006704 -21.380062
v -0.768353 1.067538 -21.440002
v -0.744326 1.043511 -21.440002
v -0.740619 1.071756 -21.524990
v -0.728350 1.059487 -21.524990
v -0.768353 1.067538 -21.609213
v -0.744326 1.043511 -21.609213
v -0.821647 1.047345 -21.669792
v -0.781005 1.006704 -21.669792
v -0.869573 1.023190 -21.718357
v -0.817046 0.970663 -21.718357
v -0.908553 1.000697 -21.771267
v -0.847846 0.939991 -21.771267
v -0.847846 0.939991 -21.278715
v -0.817046 0.970663 -21.718357
v -0.847846 0.939991 -21.771267
v -0.817046 0.970663 -21.331497
v -0.781005 1.006704 -21.669792
v -0.781005 1.006704 -21.380062
v -0.744326 1.043511 -21.440002
v -0.744326 1.043511 -21.609213
v -0.728350 1.059487 -21.524990
v -0.908553 1.000697 -21.771267
v -0.869573 1.023190 -21.331497
v -0.908553 1.000697 -21.278715
v -0.869573 1.023190 -21.718357
v -0.821647 1.047345 -21.380062
v -0.821647 1.047345 -21.669792
v -0.768353 1.067538 -21.440002
v -0.768353 1.067538 -21.609213
v -0.740619 1.071756 -21.524990
v -0.939992 0.847844 -21.278715
v -1.023192 0.869571 -21.331497
v -1.000699 0.908551 -21.278715
v -0.970665 0.817044 -21.331497
v -1.047475 0.821645 -21.380062
v -1.006705 0.781003 -21.380062
v -1.067540 0.768351 -21.440002
v -1.043513 0.744324 -21.440002
v -1.071757 0.740618 -21.524990
v -1.059488 0.728349 -21.524990
v -1.067540 0.768351 -21.609213
v -1.043513 0.744324 -21.609213
v -1.047475 0.821645 -21.669792
v -1.006705 0.781003 -21.669792
v -1.023192 0.869571 -21.718357
v -0.970665 0.817044 -21.718357
v -1.000699 0.908551 -21.771267
v -0.939992 0.847844 -21.771267
v -0.939992 0.847844 -21.278715
v -0.970665 0.817044 -21.718357
v -0.970665 0.817044 -21.331497
v -0.939992 0.847844 -21.771267
v -1.006705 0.781003 -21.669792
v -1.006705 0.781003 -21.380062
v -1.043513 0.744324 -21.440002
v -1.043513 0.744324 -21.609213
v -1.059488 0.728349 -21.524990
v -1.000699 0.908551 -21.771267
v -1.023192 0.869571 -21.331497
v -1.023192 0.869571 -21.718357
v -1.000699 0.908551 -21.278715
v -1.047475 0.821645 -21.380062
v -1.047475 0.821645 -21.669792
v -1.067540 0.768351 -21.440002
v -1.067540 0.768351 -21.609213
v -1.071757 0.740618 -21.524990
v 0.883887 0.766689 -21.874660
v 0.945488 0.828291 -21.843348
v 0.883887 0.766689 -22.162344
v 1.022297 0.905100 -22.162344
v 1.022297 0.905100 -21.765516
v 0.945488 0.828291 -21.765516
v 0.867528 0.783048 -21.874660
v 0.883887 0.766689 -22.162344
v 0.867528 0.783048 -22.162344
v 0.883887 0.766689 -21.874660
v 0.883887 0.766689 -22.162344
v 1.022297 0.905100 -22.162344
v 1.005939 0.921459 -22.162344
v 0.867528 0.783048 -22.162344
v 1.005939 0.921459 -22.162344
v 1.022297 0.905100 -21.765516
v 1.005939 0.921459 -21.765516
v 1.022297 0.905100 -22.162344
v 0.883887 0.766689 -21.874660
v 0.929129 0.844649 -21.843348
v 0.945488 0.828291 -21.843348
v 0.867528 0.783048 -21.874660
v 0.945488 0.828291 -21.765516
v 1.005939 0.921459 -21.765516
v 1.022297 0.905100 -21.765516
v 0.929129 0.844649 -21.765516
v 0.945488 0.828291 -21.843348
v 0.929129 0.844649 -21.765516
v 0.945488 0.828291 -21.765516
v 0.929129 0.844649 -21.843348
v 1.009645 0.820239 -22.060997
v 0.945871 0.828674 -22.077484
v 0.982039 0.792506 -22.077484
v 0.957885 0.768351 -22.146626
v 0.973477 0.856407 -22.060997
v 0.921716 0.804519 -22.146626
v 0.951495 0.761961 -22.233021
v 0.915326 0.798129 -22.233021
v 1.021147 0.831741 -22.021761
v 0.984979 0.867782 -22.021761
v 1.009645 0.820239 -21.983166
v 0.973477 0.856407 -21.983166
v 0.982039 0.792506 -21.966805
v 0.945871 0.828674 -21.966805
v 0.954434 0.764900 -21.983166
v 0.918266 0.801068 -21.983166
v 0.942932 0.753526 -22.021761
v 0.906891 0.789694 -22.021761
v 0.948683 0.759277 -22.041698
v 0.912515 0.795317 -22.041698
v 0.941781 0.752375 -22.145987
v 0.905741 0.788416 -22.145987
v 0.941654 0.752120 -22.232382
v 0.905485 0.788160 -22.232382
v 0.951495 0.761961 -22.233021
v 0.905485 0.788160 -22.232382
v 0.941654 0.752120 -22.232382
v 0.915326 0.798129 -22.233021
v 0.941781 0.752375 -22.145987
v 0.948683 0.759277 -22.041698
v 0.982039 0.792506 -22.077484
v 0.954434 0.764900 -21.983166
v 0.942932 0.753526 -22.021761
v 0.982039 0.792506 -21.966805
v 0.957885 0.768351 -22.146626
v 0.941654 0.752120 -22.232382
v 0.951495 0.761961 -22.233021
v 1.021147 0.831741 -22.021761
v 1.009645 0.820239 -21.983166
v 1.009645 0.820239 -22.060997
v 0.766691 0.883885 -21.874660
v 0.766691 0.883885 -22.162344
v 0.828292 0.945486 -21.843348
v 0.905102 1.022296 -22.162344
v 0.905102 1.022296 -21.765516
v 0.828292 0.945486 -21.765516
v 0.783050 0.867526 -21.874660
v 0.766691 0.883885 -22.162344
v 0.766691 0.883885 -21.874660
v 0.783050 0.867526 -22.162344
v 0.766691 0.883885 -22.162344
v 0.783050 0.867526 -22.162344
v 0.921461 1.005937 -22.162344
v 0.905102 1.022296 -22.162344
v 0.921461 1.005937 -22.162344
v 0.905102 1.022296 -21.765516
v 0.905102 1.022296 -22.162344
v 0.921461 1.005937 -21.765516
v 0.766691 0.883885 -21.874660
v 0.844651 0.929127 -21.843348
v 0.783050 0.867526 -21.874660
v 0.828292 0.945486 -21.843348
v 0.921461 1.005937 -21.765516
v 0.828292 0.945486 -21.765516
v 0.905102 1.022296 -21.765516
v 0.844651 0.929127 -21.765516
v 0.828292 0.945486 -21.843348
v 0.844651 0.929127 -21.765516
v 0.844651 0.929127 -21.843348
v 0.828292 0.945486 -21.765516
v 0.820241 1.009643 -22.060997
v 0.828676 0.945869 -22.077484
v 0.856281 0.973603 -22.060997
v 0.792507 0.982038 -22.077484
v 0.831615 1.021145 -22.021761
v 0.768353 0.957883 -22.146626
v 0.867783 0.984977 -22.021761
v 0.804521 0.921715 -22.146626
v 0.761962 0.951493 -22.233021
v 0.798131 0.915325 -22.233021
v 0.820241 1.009643 -21.983166
v 0.856281 0.973603 -21.983166
v 0.792507 0.982038 -21.966805
v 0.828676 0.945869 -21.966805
v 0.765030 0.954432 -21.983166
v 0.801070 0.918264 -21.983166
v 0.753527 0.943058 -22.021761
v 0.789696 0.906889 -22.021761
v 0.759151 0.948681 -22.041698
v 0.795319 0.912513 -22.041698
v 0.752377 0.941780 -22.145987
v 0.788418 0.905611 -22.145987
v 0.752122 0.941524 -22.232382
v 0.788162 0.905356 -22.232382
v 0.761962 0.951493 -22.233021
v 0.788162 0.905356 -22.232382
v 0.798131 0.915325 -22.233021
v 0.752122 0.941524 -22.232382
v 0.752377 0.941780 -22.145987
v 0.792507 0.982038 -22.077484
v 0.759151 0.948681 -22.041698
v 0.765030 0.954432 -21.983166
v 0.753527 0.943058 -22.021761
v 0.792507 0.982038 -21.966805
v 0.768353 0.957883 -22.146626
v 0.752122 0.941524 -22.232382
v 0.761962 0.951493 -22.233021
v 0.831615 1.021145 -22.021761
v 0.820241 1.009643 -21.983166
v 0.820241 1.009643 -22.060997
v 0.867528 0.783048 -21.874660
v 0.867528 0.783048 -22.162344
v 0.929129 0.844649 -21.843348
v 1.005939 0.921459 -22.162344
v 0.929129 0.844649 -21.765516
v 1.005939 0.921459 -21.765516
v 0.783050 0.867526 -22.162344
v 0.783050 0.867526 -21.874660
v 0.844651 0.929127 -21.843348
v 0.921461 1.005937 -22.162344
v 0.921461 1.005937 -21.765516
v 0.844651 0.929127 -21.765516
v 0.939992 0.847844 -21.278715
v 1.023192 0.869571 -21.331497
v 0.970665 0.817044 -21.331497
v 1.000699 0.908551 -21.278715
v 1.047347 0.821645 -21.380062
v 1.006705 0.781003 -21.380062
v 1.067540 0.768351 -21.440002
v 1.043385 0.744324 -21.440002
v 1.071757 0.740618 -21.524990
v 1.059488 0.728349 -21.524990
v 1.067540 0.768351 -21.609213
v 1.043385 0.744324 -21.609213
v 1.047347 0.821645 -21.669792
v 1.006705 0.781003 -21.669792
v 1.023192 0.869571 -21.718357
v 0.970665 0.817044 -21.718357
v 1.000699 0.908551 -21.771267
v 0.939992 0.847844 -21.771267
v 0.939992 0.847844 -21.278715
v 0.970665 0.817044 -21.718357
v 0.939992 0.847844 -21.771267
v 0.970665 0.817044 -21.331497
v 1.006705 0.781003 -21.669792
v 1.006705 0.781003 -21.380062
v 1.043385 0.744324 -21.440002
v 1.043385 0.744324 -21.609213
v 1.059488 0.728349 -21.524990
v 1.000699 0.908551 -21.771267
v 1.023192 0.869571 -21.331497
v 1.000699 0.908551 -21.278715
v 1.023192 0.869571 -21.718357
v 1.047347 0.821645 -21.380062
v 1.047347 0.821645 -21.669792
v 1.067540 0.768351 -21.440002
v 1.067540 0.768351 -21.609213
v 1.071757 0.740618 -21.524990
v 0.847846 0.939991 -21.278715
v 0.869573 1.023190 -21.331497
v 0.908553 1.000697 -21.278715
v 0.817046 0.970663 -21.331497
v 0.821647 1.047473 -21.380062
v 0.781005 1.006704 -21.380062
v 0.768353 1.067538 -21.440002
v 0.744326 1.043511 -21.440002
v 0.740619 1.071756 -21.524990
v 0.728350 1.059487 -21.524990
v 0.768353 1.067538 -21.609213
v 0.744326 1.043511 -21.609213
v 0.821647 1.047345 -21.669792
v 0.781005 1.006704 -21.669792
v 0.869573 1.023190 -21.718357
v 0.817046 0.970663 -21.718357
v 0.908553 1.000697 -21.771267
v 0.847846 0.939991 -21.771267
v 0.847846 0.939991 -21.278715
v 0.817046 0.970663 -21.718357
v 0.817046 0.970663 -21.331497
v 0.847846 0.939991 -21.771267
v 0.781005 1.006704 -21.669792
v 0.781005 1.006704 -21.380062
v 0.744326 1.043511 -21.440002
v 0.744326 1.043511 -21.609213
v 0.728350 1.059487 -21.524990
v 0.908553 1.000697 -21.771267
v 0.869573 1.023190 -21.331497
v 0.869573 1.023190 -21.718357
v 0.908553 1.000697 -21.278715
v 0.821647 1.047473 -21.380062
v 0.821647 1.047345 -21.669792
v 0.768353 1.067538 -21.440002
v 0.768353 1.067538 -21.609213
v 0.740619 1.071756 -21.524990
v 0.766691 -0.883888 -21.874660
v 0.828292 -0.945489 -21.843348
v 0.766691 -0.883888 -22.162344
v 0.905102 -1.022299 -22.162344
v 0.905102 -1.022299 -21.765516
v 0.828292 -0.945489 -21.765516
v 0.783050 -0.867529 -21.874660
v 0.766691 -0.883888 -22.162344
v 0.783050 -0.867529 -22.162344
v 0.766691 -0.883888 -21.874660
v 0.766691 -0.883888 -22.162344
v 0.905102 -1.022299 -22.162344
v 0.921461 -1.005940 -22.162344
v 0.783050 -0.867529 -22.162344
v 0.921461 -1.005940 -22.162344
v 0.905102 -1.022299 -21.765516
v 0.921461 -1.005940 -21.765516
v 0.905102 -1.022299 -22.162344
v 0.766691 -0.883888 -21.874660
v 0.844651 -0.929131 -21.843348
v 0.828292 -0.945489 -21.843348
v 0.783050 -0.867529 -21.874660
v 0.828292 -0.945489 -21.765516
v 0.921461 -1.005940 -21.765516
v 0.905102 -1.022299 -21.765516
v 0.844651 -0.929131 -21.765516
v 0.828292 -0.945489 -21.843348
v 0.844651 -0.929131 -21.765516
v 0.828292 -0.945489 -21.765516
v 0.844651 -0.929131 -21.843348
v 0.820241 -1.009647 -22.060997
v 0.828676 -0.945873 -22.077484
v 0.792507 -0.982041 -22.077484
v 0.768353 -0.957886 -22.146626
v 0.856281 -0.973478 -22.060997
v 0.804521 -0.921718 -22.146626
v 0.761962 -0.951496 -22.233021
v 0.798131 -0.915328 -22.233021
v 0.831615 -1.021149 -22.021761
v 0.867783 -0.984981 -22.021761
v 0.820241 -1.009647 -21.983166
v 0.856281 -0.973478 -21.983166
v 0.792507 -0.982041 -21.966805
v 0.828676 -0.945873 -21.966805
v 0.765030 -0.954436 -21.983166
v 0.801070 -0.918267 -21.983166
v 0.753527 -0.942933 -22.021761
v 0.789696 -0.906893 -22.021761
v 0.759151 -0.948685 -22.041698
v 0.795319 -0.912516 -22.041698
v 0.752377 -0.941783 -22.145987
v 0.788418 -0.905743 -22.145987
v 0.752122 -0.941527 -22.232382
v 0.788162 -0.905487 -22.232382
v 0.761962 -0.951496 -22.233021
v 0.788162 -0.905487 -22.232382
v 0.752122 -0.941527 -22.232382
v 0.798131 -0.915328 -22.233021
v 0.752377 -0.941783 -22.145987
v 0.759151 -0.948685 -22.041698
v 0.792507 -0.982041 -22.077484
v 0.765030 -0.954436 -21.983166
v 0.753527 -0.942933 -22.021761
v 0.792507 -0.982041 -21.966805
v 0.768353 -0.957886 -22.146626
v 0.752122 -0.941527 -22.232382
v 0.761962 -0.951496 -22.233021
v 0.831615 -1.021149 -22.021761
v 0.820241 -1.009647 -21.983166
v 0.820241 -1.009647 -22.060997
v 0.883887 -0.766693 -21.874660
v 0.883887 -0.766693 -22.162344
v 0.945488 -0.828294 -21.843348
v 1.022297 -0.905104 -22.162344
v 1.022297 -0.905104 -21.765516
v 0.945488 -0.828294 -21.765516
v 0.867528 -0.783052 -21.874660
v 0.883887 -0.766693 -22.162344
v 0.883887 -0.766693 -21.874660
v 0.867528 -0.783052 -22.162344
v 0.883887 -0.766693 -22.162344
v 0.867528 -0.783052 -22.162344
v 1.005939 -0.921462 -22.162344
v 1.022297 -0.905104 -22.162344
v 1.005939 -0.921462 -22.162344
v 1.022297 -0.905104 -21.765516
v 1.022297 -0.905104 -22.162344
v 1.005939 -0.921462 -21.765516
v 0.883887 -0.766693 -21.874660
v 0.929129 -0.844653 -21.843348
v 0.867528 -0.783052 -21.874660
v 0.945488 -0.828294 -21.843348
v 1.005939 -0.921462 -21.765516
v 0.945488 -0.828294 -21.765516
v 1.022297 -0.905104 -21.765516
v 0.929129 -0.844653 -21.765516
v 0.945488 -0.828294 -21.843348
v 0.929129 -0.844653 -21.765516
v 0.929129 -0.844653 -21.843348
v 0.945488 -0.828294 -21.765516
v 1.009645 -0.820242 -22.060997
v 0.945871 -0.828677 -22.077484
v 0.973477 -0.856283 -22.060997
v 0.982039 -0.792509 -22.077484
v 1.021147 -0.831617 -22.021761
v 0.957885 -0.768354 -22.146626
v 0.984979 -0.867785 -22.021761
v 0.921716 -0.804523 -22.146626
v 0.951495 -0.761964 -22.233021
v 0.915326 -0.798132 -22.233021
v 1.009645 -0.820242 -21.983166
v 0.973477 -0.856283 -21.983166
v 0.982039 -0.792509 -21.966805
v 0.945871 -0.828677 -21.966805
v 0.954434 -0.765031 -21.983166
v 0.918266 -0.801072 -21.983166
v 0.942932 -0.753529 -22.021761
v 0.906891 -0.789697 -22.021761
v 0.948683 -0.759280 -22.041698
v 0.912515 -0.795321 -22.041698
v 0.941781 -0.752379 -22.145987
v 0.905741 -0.788419 -22.145987
v 0.941654 -0.752123 -22.232382
v 0.905485 -0.788164 -22.232382
v 0.951495 -0.761964 -22.233021
v 0.905485 -0.788164 -22.232382
v 0.915326 -0.798132 -22.233021
v 0.941654 -0.752123 -22.232382
v 0.941781 -0.752379 -22.145987
v 0.982039 -0.792509 -22.077484
v 0.948683 -0.759280 -22.041698
v 0.954434 -0.765031 -21.983166
v 0.942932 -0.753529 -22.021761
v 0.982039 -0.792509 -21.966805
v 0.957885 -0.768354 -22.146626
v 0.941654 -0.752123 -22.232382
v 0.951495 -0.761964 -22.233021
v 1.021147 -0.831617 -22.021761
v 1.009645 -0.820242 -21.983166
v 1.009645 -0.820242 -22.060997
v 0.783050 -0.867529 -21.874660
v 0.783050 -0.867529 -22.162344
v 0.844651 -0.929131 -21.843348
v 0.921461 -1.005940 -22.162344
v 0.844651 -0.929131 -21.765516
v 0.921461 -1.005940 -21.765516
v 0.867528 -0.783052 -22.162344
v 0.867528 -0.783052 -21.874660
v 0.929129 -0.844653 -21.843348
v 1.005939 -0.921462 -22.162344
v 1.005939 -0.921462 -21.765516
v 0.929129 -0.844653 -21.765516
v 0.847846 -0.939994 -21.278715
v 0.869573 -1.023194 -21.331497
v 0.817046 -0.970667 -21.331497
v 0.908553 -1.000700 -21.278715
v 0.821647 -1.047348 -21.380062
v 0.781005 -1.006707 -21.380062
v 0.768353 -1.067541 -21.440002
v 0.744326 -1.043514 -21.440002
v 0.740619 -1.071759 -21.524990
v 0.728350 -1.059490 -21.524990
v 0.768353 -1.067541 -21.609213
v 0.744326 -1.043514 -21.609213
v 0.821647 -1.047348 -21.669792
v 0.781005 -1.006707 -21.669792
v 0.869573 -1.023194 -21.718357
v 0.817046 -0.970667 -21.718357
v 0.908553 -1.000700 -21.771267
v 0.847846 -0.939994 -21.771267
v 0.847846 -0.939994 -21.278715
v 0.817046 -0.970667 -21.718357
v 0.847846 -0.939994 -21.771267
v 0.817046 -0.970667 -21.331497
v 0.781005 -1.006707 -21.669792
v 0.781005 -1.006707 -21.380062
v 0.744326 -1.043514 -21.440002
v 0.744326 -1.043514 -21.609213
v 0.728350 -1.059490 -21.524990
v 0.908553 -1.000700 -21.771267
v 0.869573 -1.023194 -21.331497
v 0.908553 -1.000700 -21.278715
v 0.869573 -1.023194 -21.718357
v 0.821647 -1.047348 -21.380062
v 0.821647 -1.047348 -21.669792
v 0.768353 -1.067541 -21.440002
v 0.768353 -1.067541 -21.609213
v 0.740619 -1.071759 -21.524990
v 0.939992 -0.847848 -21.278715
v 1.023192 -0.869574 -21.331497
v 1.000699 -0.908554 -21.278715
v 0.970665 -0.817047 -21.331497
v 1.047347 -0.821648 -21.380062
v 1.006705 -0.781007 -21.380062
v 1.067540 -0.768354 -21.440002
v 1.043385 -0.744327 -21.440002
v 1.071757 -0.740621 -21.524990
v 1.059488 -0.728352 -21.524990
v 1.067540 -0.768354 -21.609213
v 1.043385 -0.744327 -21.609213
v 1.047347 -0.821648 -21.669792
v 1.006705 -0.781007 -21.669792
v 1.023192 -0.869574 -21.718357
v 0.970665 -0.817047 -21.718357
v 1.000699 -0.908554 -21.771267
v 0.939992 -0.847848 -21.771267
v 0.939992 -0.847848 -21.278715
v 0.970665 -0.817047 -21.718357
v 0.970665 -0.817047 -21.331497
v 0.939992 -0.847848 -21.771267
v 1.006705 -0.781007 -21.669792
v 1.006705 -0.781007 -21.380062
v 1.043385 -0.744327 -21.440002
v 1.043385 -0.744327 -21.609213
v 1.059488 -0.728352 -21.524990
v 1.000699 -0.908554 -21.771267
v 1.023192 -0.869574 -21.331497
v 1.023192 -0.869574 -21.718357
v 1.000699 -0.908554 -21.278715
v 1.047347 -0.821648 -21.380062
v 1.047347 -0.821648 -21.669792
v 1.067540 -0.768354 -21.440002
v 1.067540 -0.768354 -21.609213
v 1.071757 -0.740621 -21.524990
v -0.883887 -0.766693 -21.874660
v -0.945488 -0.828294 -21.843348
v -0.883887 -0.766693 -22.162344
v -1.022297 -0.905104 -22.162344
v -1.022297 -0.905104 -21.765516
v -0.945488 -0.828294 -21.765516
v -0.867528 -0.783052 -21.874660
v -0.883887 -0.766693 -22.162344
v -0.867528 -0.783052 -22.162344
v -0.883887 -0.766693 -21.874660
v -0.883887 -0.766693 -22.162344
v -1.022297 -0.905104 -22.162344
v -1.005939 -0.921462 -22.162344
v -0.867528 -0.783052 -22.162344
v -1.005939 -0.921462 -22.162344
v -1.022297 -0.905104 -21.765516
v -1.005939 -0.921462 -21.765516
v -1.022297 -0.905104 -22.162344
v -0.883887 -0.766693 -21.874660
v -0.929129 -0.844653 -21.843348
v -0.945488 -0.828294 -21.843348
v -0.867528 -0.783052 -21.874660
v -0.945488 -0.828294 -21.765516
v -1.005939 -0.921462 -21.765516
v -1.022297 -0.905104 -21.765516
v -0.929129 -0.844653 -21.765516
v -0.945488 -0.828294 -21.843348
v -0.929129 -0.844653 -21.765516
v -0.945488 -0.828294 -21.765516
v -0.929129 -0.844653 -21.843348
v -1.009645 -0.820242 -22.060997
v -0.945871 -0.828677 -22.077484
v -0.982039 -0.792509 -22.077484
v -0.957885 -0.768354 -22.146626
v -0.973605 -0.856283 -22.060997
v -0.921716 -0.804523 -22.146626
v -0.951495 -0.761964 -22.233021
v -0.915326 -0.798132 -22.233021
v -1.021147 -0.831617 -22.021761
v -0.984979 -0.867785 -22.021761
v -1.009645 -0.820242 -21.983166
v -0.973605 -0.856283 -21.983166
v -0.982039 -0.792509 -21.966805
v -0.945871 -0.828677 -21.966805
v -0.954434 -0.765031 -21.983166
v -0.918266 -0.801072 -21.983166
v -0.943059 -0.753529 -22.021761
v -0.906891 -0.789697 -22.021761
v -0.948683 -0.759280 -22.041698
v -0.912515 -0.795321 -22.041698
v -0.941781 -0.752379 -22.145987
v -0.905613 -0.788419 -22.145987
v -0.941526 -0.752123 -22.232382
v -0.905358 -0.788164 -22.232382
v -0.951495 -0.761964 -22.233021
v -0.905358 -0.788164 -22.232382
v -0.941526 -0.752123 -22.232382
v -0.915326 -0.798132 -22.233021
v -0.941781 -0.752379 -22.145987
v -0.948683 -0.759280 -22.041698
v -0.982039 -0.792509 -22.077484
v -0.954434 -0.765031 -21.983166
v -0.943059 -0.753529 -22.021761
v -0.982039 -0.792509 -21.966805
v -0.957885 -0.768354 -22.146626
v -0.941526 -0.752123 -22.232382
v -0.951495 -0.761964 -22.233021
v -1.021147 -0.831617 -22.021761
v -1.009645 -0.820242 -21.983166
v -1.009645 -0.820242 -22.060997
v -0.766691 -0.883888 -21.874660
v -0.766691 -0.883888 -22.162344
v -0.828292 -0.945489 -21.843348
v -0.905102 -1.022299 -22.162344
v -0.905102 -1.022299 -21.765516
v -0.828292 -0.945489 -21.765516
v -0.783050 -0.867529 -21.874660
v -0.766691 -0.883888 -22.162344
v -0.766691 -0.883888 -21.874660
v -0.783050 -0.867529 -22.162344
v -0.766691 -0.883888 -22.162344
v -0.783050 -0.867529 -22.162344
v -0.921461 -1.005940 -22.162344
v -0.905102 -1.022299 -22.162344
v -0.921461 -1.005940 -22.162344
v -0.905102 -1.022299 -21.765516
v -0.905102 -1.022299 -22.162344
v -0.921461 -1.005940 -21.765516
v -0.766691 -0.883888 -21.874660
v -0.844651 -0.929131 -21.843348
v -0.783050 -0.867529 -21.874660
v -0.828292 -0.945489 -21.843348
v -0.921461 -1.005940 -21.765516
v -0.828292 -0.945489 -21.765516
v -0.905102 -1.022299 -21.765516
v -0.844651 -0.929131 -21.765516
v -0.828292 -0.945489 -21.843348
v -0.844651 -0.929131 -21.765516
v -0.844651 -0.929131 -21.843348
v -0.828292 -0.945489 -21.765516
v -0.820241 -1.009647 -22.060997
v -0.828676 -0.945873 -22.077484
v -0.856409 -0.973478 -22.060997
v -0.792635 -0.982041 -22.077484
v -0.831743 -1.021149 -22.021761
v -0.768480 -0.957886 -22.146626
v -0.867783 -0.984981 -22.021761
v -0.804521 -0.921718 -22.146626
v -0.761962 -0.951496 -22.233021
v -0.798131 -0.915328 -22.233021
v -0.820241 -1.009647 -21.983166
v -0.856409 -0.973478 -21.983166
v -0.792635 -0.982041 -21.966805
v -0.828676 -0.945873 -21.966805
v -0.764902 -0.954436 -21.983166
v -0.801070 -0.918267 -21.983166
v -0.753527 -0.942933 -22.021761
v -0.789696 -0.906893 -22.021761
v -0.759279 -0.948685 -22.041698
v -0.795319 -0.912516 -22.041698
v -0.752377 -0.941783 -22.145987
v -0.788418 -0.905743 -22.145987
v -0.752122 -0.941527 -22.232382
v -0.788162 -0.905487 -22.232382
v -0.761962 -0.951496 -22.233021
v -0.788162 -0.905487 -22.232382
v -0.798131 -0.915328 -22.233021
v -0.752122 -0.941527 -22.232382
v -0.752377 -0.941783 -22.145987
v -0.792635 -0.982041 -22.077484
v -0.759279 -0.948685 -22.041698
v -0.764902 -0.954436 -21.983166
v -0.753527 -0.942933 -22.021761
v -0.792635 -0.982041 -21.966805
v -0.768480 -0.957886 -22.146626
v -0.752122 -0.941527 -22.232382
v -0.761962 -0.951496 -22.233021
v -0.831743 -1.021149 -22.021761
v -0.820241 -1.009647 -21.983166
v -0.820241 -1.009647 -22.060997
v -0.867528 -0.783052 -21.874660
v -0.867528 -0.783052 -22.162344
v -0.929129 -0.844653 -21.843348
v -1.005939 -0.921462 -22.162344
v -0.929129 -0.844653 -21.765516
v -1.005939 -0.921462 -21.765516
v -0.783050 -0.867529 -22.162344
v -0.783050 -0.867529 -21.874660
v -0.844651 -0.929131 -21.843348
v -0.921461 -1.005940 -22.162344
v -0.921461 -1.005940 -21.765516
v -0.844651 -0.929131 -21.765516
v -0.939992 -0.847848 -21.278715
v -1.023192 -0.869574 -21.331497
v -0.970665 -0.817047 -21.331497
v -1.000699 -0.908554 -21.278715
v -1.047475 -0.821648 -21.380062
v -1.006705 -0.781007 -21.380062
v -1.067540 -0.768354 -21.440002
v -1.043513 -0.744327 -21.440002
v -1.071757 -0.740621 -21.524990
v -1.059488 -0.728352 -21.524990
v -1.067540 -0.768354 -21.609213
v -1.043513 -0.744327 -21.609213
v -1.047475 -0.821648 -21.669792
v -1.006705 -0.781007 -21.669792
v -1.023192 -0.869574 -21.718357
v -0.970665 -0.817047 -21.718357
v -1.000699 -0.908554 -21.771267
v -0.939992 -0.847848 -21.771267
v -0.939992 -0.847848 -21.278715
v -0.970665 -0.817047 -21.718357
v -0.939992 -0.847848 -21.771267
v -0.970665 -0.817047 -21.331497
v -1.006705 -0.781007 -21.669792
v -1.006705 -0.781007 -21.380062
v -1.043513 -0.744327 -21.440002
v -1.043513 -0.744327 -21.609213
v -1.059488 -0.728352 -21.524990
v -1.000699 -0.908554 -21.771267
v -1.023192 -0.869574 -21.331497
v -1.000699 -0.908554 -21.278715
v -1.023192 -0.869574 -21.718357
v -1.047475 -0.821648 -21.380062
v -1.047475 -0.821648 -21.669792
v -1.067540 -0.768354 -21.440002
v -1.067540 -0.768354 -21.609213
v -1.071757 -0.740621 -21.524990
v -0.847846 -0.939994 -21.278715
v -0.869573 -1.023194 -21.331497
v -0.908553 -1.000700 -21.278715
v -0.817046 -0.970667 -21.331497
v -0.821647 -1.047348 -21.380062
v -0.781005 -1.006707 -21.380062
v -0.768353 -1.067541 -21.440002
v -0.744326 -1.043514 -21.440002
v -0.740619 -1.071759 -21.524990
v -0.728350 -1.059490 -21.524990
v -0.768353 -1.067541 -21.609213
v -0.744326 -1.043514 -21.609213
v -0.821647 -1.047348 -21.669792
v -0.781005 -1.006707 -21.669792
v -0.869573 -1.023194 -21.718357
v -0.817046 -0.970667 -21.718357
v -0.908553 -1.000700 -21.771267
v -0.847846 -0.939994 -21.771267
v -0.847846 -0.939994 -21.278715
v -0.817046 -0.970667 -21.718357
v -0.817046 -0.970667 -21.331497
v -0.847846 -0.939994 -21.771267
v -0.781005 -1.006707 -21.669792
v -0.781005 -1.006707 -21.380062
v -0.744326 -1.043514 -21.440002
v -0.744326 -1.043514 -21.609213
v -0.728350 -1.059490 -21.524990
v -0.908553 -1.000700 -21.771267
v -0.869573 -1.023194 -21.331497
v -0.869573 -1.023194 -21.718357
v -0.908553 -1.000700 -21.278715
v -0.821647 -1.047348 -21.380062
v -0.821647 -1.047348 -21.669792
v -0.768353 -1.067541 -21.440002
v -0.768353 -1.067541 -21.609213
v -0.740619 -1.071759 -21.524990
v 0.171001 1.073802 0.924400
v 0.235286 1.111504 0.860243
v 0.171001 1.120578 0.924400
v 0.235286 1.073802 0.860243
v 0.089846 1.073802 0.965808
v 0.276566 1.098979 0.779471
v 0.089846 1.128630 0.965808
v 0.276566 1.073802 0.779471
v 0.000000 1.073802 0.980122
v 0.290880 1.094634 0.689626
v 0.000000 1.137448 0.980122
v 0.290880 1.073802 0.689626
v -0.089846 1.128630 0.965808
v 0.276566 1.073802 0.599652
v -0.089846 1.073802 0.965808
v 0.276566 1.098979 0.599652
v -0.171001 1.120578 0.924400
v 0.235286 1.073802 0.518242
v -0.171001 1.073802 0.924400
v 0.235286 1.111504 0.518242
v -0.235286 1.111504 0.860243
v 0.171001 1.073802 0.453957
v -0.235286 1.073802 0.860243
v 0.171001 1.120578 0.453957
v -0.276566 1.098979 0.779471
v 0.089846 1.073802 0.412549
v -0.276566 1.073802 0.779471
v 0.089846 1.128630 0.412549
v -0.290880 1.094634 0.689626
v 0.000000 1.073802 0.398362
v -0.290880 1.073802 0.689626
v 0.000000 1.137448 0.398362
v -0.276566 1.073802 0.599652
v -0.089846 1.128630 0.412549
v -0.276566 1.098979 0.599652
v -0.089846 1.073802 0.412549
v -0.235286 1.073802 0.518242
v -0.171001 1.120578 0.453957
v -0.235286 1.111504 0.518242
v -0.171001 1.073802 0.453957
v 0.054828 1.257583 1.606102
v 0.000000 1.194704 1.616838
v 0.000000 1.257583 1.616838
v -0.054828 1.194704 1.606102
v 0.054828 1.194704 1.606102
v -0.054828 1.257583 1.606102
v 0.101348 1.257583 1.574790
v -0.101348 1.194704 1.574790
v 0.101348 1.194704 1.574790
v -0.101348 1.257583 1.574790
v 0.132404 1.257583 1.528270
v -0.132404 1.194704 1.528270
v 0.132404 1.194704 1.528270
v -0.132404 1.257583 1.528270
v 0.143267 1.257583 1.473315
v -0.143267 1.194704 1.473315
v 0.143267 1.194704 1.473315
v -0.143267 1.257583 1.473315
v 0.132404 1.257583 1.419126
v -0.132404 1.194704 1.419126
v 0.132404 1.194704 1.419126
v -0.132404 1.257583 1.419126
v 0.101348 1.257583 1.372734
v -0.101348 1.194704 1.372734
v 0.101348 1.194704 1.372734
v -0.101348 1.257583 1.372734
v 0.054828 1.257583 1.341294
v -0.054828 1.194704 1.341294
v 0.054828 1.194704 1.341294
v 0.000000 1.257583 1.330559
v 0.000000 1.194704 1.330559
v -0.054828 1.257583 1.341294
v 0.000000 1.194704 1.330559
v 0.000000 1.257583 1.330559
v 0.143267 1.257583 1.473315
v 0.101348 1.257583 1.372734
v 0.132404 1.257583 1.419126
v 0.132404 1.257583 1.528270
v 0.101348 1.257583 1.574790
v 0.000000 1.257583 1.616838
v 0.054828 1.257583 1.606102
v -0.101348 1.257583 1.574790
v -0.054828 1.257583 1.606102
v 0.000000 1.257583 1.330559
v 0.054828 1.257583 1.341294
v -0.101348 1.257583 1.372734
v -0.054828 1.257583 1.341294
v -0.143267 1.257583 1.473315
v -0.132404 1.257583 1.528270
v -0.132404 1.257583 1.419126
v 0.000000 1.422449 1.549741
v 0.053933 1.254388 1.527631
v 0.000000 1.254388 1.549741
v 0.053933 1.422449 1.527631
v -0.053933 1.422449 1.527631
v 0.076171 1.254388 1.473315
v -0.053933 1.254388 1.527631
v 0.076171 1.422449 1.473315
v -0.076171 1.422449 1.473315
v 0.053933 1.254388 1.419765
v -0.076171 1.254388 1.473315
v 0.053933 1.422449 1.419765
v 0.000000 1.254388 1.397655
v 0.000000 1.422449 1.397655
v -0.053933 1.422449 1.419765
v -0.053933 1.254388 1.419765
v 0.000000 1.422449 1.397655
v 0.000000 1.254388 1.397655
v -0.101348 1.417337 1.372734
v 0.000000 1.417337 1.330559
v -0.054828 1.417337 1.341294
v -0.132404 1.417337 1.419126
v -0.143267 1.417337 1.473315
v -0.101348 1.417337 1.574790
v -0.132404 1.417337 1.528270
v 0.000000 1.417337 1.616838
v -0.054828 1.417337 1.606102
v 0.101348 1.417337 1.372734
v 0.054828 1.417337 1.341294
v 0.143267 1.417337 1.473315
v 0.132404 1.417337 1.419126
v 0.101348 1.417337 1.574790
v 0.054828 1.417337 1.606102
v 0.132404 1.417337 1.528270
v 0.054828 1.484689 1.606102
v 0.000000 1.417337 1.616838
v 0.000000 1.484689 1.616838
v -0.054828 1.417337 1.606102
v 0.054828 1.417337 1.606102
v -0.054828 1.484689 1.606102
v 0.101348 1.484689 1.574790
v -0.101348 1.417337 1.574790
v 0.101348 1.417337 1.574790
v -0.101348 1.484689 1.574790
v 0.132404 1.484689 1.528270
v -0.132404 1.417337 1.528270
v 0.132404 1.417337 1.528270
v -0.132404 1.484689 1.528270
v 0.143267 1.484689 1.473315
v -0.143267 1.417337 1.473315
v 0.143267 1.417337 1.473315
v -0.143267 1.484689 1.473315
v 0.132404 1.484689 1.419126
v -0.132404 1.417337 1.419126
v 0.132404 1.417337 1.419126
v -0.132404 1.484689 1.419126
v 0.101348 1.484689 1.372734
v -0.101348 1.417337 1.372734
v 0.101348 1.417337 1.372734
v -0.101348 1.484689 1.372734
v 0.054828 1.484689 1.341294
v -0.054828 1.417337 1.341294
v 0.054828 1.417337 1.341294
v 0.000000 1.484689 1.330559
v 0.000000 1.417337 1.330559
v -0.054828 1.484689 1.341294
v 0.000000 1.417337 1.330559
v 0.000000 1.484689 1.330559
v 0.143267 1.484689 1.473315
v 0.101348 1.484689 1.372734
v 0.132404 1.484689 1.419126
v 0.132404 1.484689 1.528270
v 0.101348 1.484689 1.574790
v 0.000000 1.484689 1.616838
v 0.054828 1.484689 1.606102
v -0.101348 1.484689 1.574790
v -0.054828 1.484689 1.606102
v 0.000000 1.484689 1.330559
v 0.054828 1.484689 1.341294
v -0.101348 1.484689 1.372734
v -0.054828 1.484689 1.341294
v -0.143267 1.484689 1.473315
v -0.132404 1.484689 1.528270
v -0.132404 1.484689 1.419126
v -0.189276 1.208123 1.163520
v -0.258674 1.269980 1.798829
v -0.258674 1.269980 1.163520
v -0.189276 1.208123 1.798829
v -0.395040 1.269980 1.798829
v -0.395040 1.208123 1.163520
v -0.395040 1.269980 1.163520
v -0.395040 1.208123 1.798829
v -0.258674 1.269980 1.798829
v -0.189276 1.208123 1.798829
v -0.258674 1.208123 1.798829
v -0.395040 1.269980 1.798829
v -0.395040 1.208123 1.798829
v -0.258674 1.102814 1.798829
v 0.000000 1.102814 1.798829
v 0.000000 1.208123 1.798829
v 0.189276 1.208123 1.798829
v 0.258674 1.102814 1.798829
v 0.258674 1.208123 1.798829
v 0.258674 1.269980 1.798829
v 0.000000 1.102814 1.163520
v 0.000000 1.208123 1.163520
v -0.189276 1.208123 1.163520
v 0.189276 1.208123 1.163520
v -0.258674 1.102814 1.163520
v 0.258674 1.102814 1.163520
v 0.258674 1.208123 1.163520
v 0.258674 1.269980 1.163520
v -0.258674 1.208123 1.163520
v -0.258674 1.269980 1.163520
v -0.395040 1.208123 1.163520
v -0.395040 1.269980 1.163520
v -0.258674 1.208123 1.798829
v -0.258674 1.102814 1.163520
v -0.258674 1.208123 1.163520
v -0.258674 1.102814 1.798829
v -0.395040 1.269980 1.163520
v -0.258674 1.269980 1.798829
v -0.395040 1.269980 1.798829
v -0.258674 1.269980 1.163520
v -0.395040 1.208123 1.798829
v -0.258674 1.208123 1.163520
v -0.395040 1.208123 1.163520
v -0.258674 1.208123 1.798829
v -0.189276 1.208123 1.163520
v 0.000000 1.208123 1.798829
v -0.189276 1.208123 1.798829
v 0.000000 1.208123 1.163520
v 0.189276 1.208123 1.163520
v 0.189276 1.208123 1.798829
v 0.189276 1.208123 1.163520
v 0.258674 1.269980 1.798829
v 0.189276 1.208123 1.798829
v 0.258674 1.269980 1.163520
v 0.395040 1.269980 1.798829
v 0.395040 1.208123 1.163520
v 0.395040 1.208123 1.798829
v 0.395040 1.269980 1.163520
v 0.258674 1.208123 1.798829
v 0.258674 1.102814 1.163520
v 0.258674 1.102814 1.798829
v 0.258674 1.208123 1.163520
v 0.395040 1.269980 1.163520
v 0.258674 1.269980 1.798829
v 0.258674 1.269980 1.163520
v 0.395040 1.269980 1.798829
v 0.395040 1.208123 1.163520
v 0.258674 1.269980 1.163520
v 0.258674 1.208123 1.163520
v 0.395040 1.269980 1.163520
v 0.395040 1.208123 1.798829
v 0.258674 1.208123 1.163520
v 0.258674 1.208123 1.798829
v 0.395040 1.208123 1.163520
v 0.395040 1.269980 1.798829
v 0.258674 1.208123 1.798829
v 0.258674 1.269980 1.798829
v 0.395040 1.208123 1.798829
v -0.625596 1.410946 -7.124770
v -0.516708 1.356246 -7.124770
v -0.516708 1.410946 -7.124770
v -0.625596 1.356246 -7.124770
v -0.689498 1.377334 -7.124770
v -0.625596 1.187930 -7.124770
v -0.736146 1.341805 -7.124770
v -0.753400 1.289022 -7.124770
v -0.753400 1.187930 -7.124770
v -0.612177 1.135530 -7.124770
v -0.631859 0.967853 -7.124770
v -0.753400 0.870850 -7.124770
v -0.578054 1.106647 -7.124770
v -0.533962 1.101790 -7.124770
v -0.503928 1.081342 -7.124770
v -0.481307 1.054375 -7.124770
v -0.689498 1.377334 -7.124770
v -0.625596 1.410946 -6.852805
v -0.689498 1.377334 -6.852805
v -0.625596 1.410946 -7.124770
v -0.516708 1.410946 -6.852805
v -0.516708 1.410946 -7.124770
v -0.689498 1.377334 -6.751457
v -0.625596 1.410946 -6.751457
v -0.736274 1.341805 -6.802067
v -0.736146 1.341805 -6.852805
v -0.736146 1.341805 -7.124770
v -0.753400 1.289022 -6.852805
v -0.753400 1.289022 -7.124770
v -0.753400 1.187930 -7.124770
v -0.753400 1.187930 -6.852805
v -0.753400 0.870850 -6.852805
v -0.753400 0.870850 -7.124770
v -0.625596 1.410946 -6.751457
v -0.625596 1.356247 -6.852805
v -0.625596 1.187930 -6.751457
v -0.625596 1.410946 -6.852805
v -0.625596 1.356246 -7.124770
v -0.625596 1.187930 -7.124770
v -0.612177 1.135530 -7.124770
v -0.612177 1.135531 -6.751457
v -0.578054 1.106647 -6.751457
v -0.578054 1.106647 -7.124770
v -0.533962 1.101790 -6.751457
v -0.533962 1.101790 -7.124770
v -0.503928 1.081342 -7.124770
v -0.503928 1.081342 -6.751457
v -0.481307 1.054376 -6.751457
v -0.481307 1.054375 -7.124770
v -0.753400 1.289022 -6.852805
v -0.689498 1.187930 -6.751457
v -0.753400 1.187930 -6.852805
v -0.753400 0.870850 -6.852805
v -0.689498 0.926572 -6.751457
v -0.736274 1.341805 -6.802067
v -0.689498 1.377334 -6.751457
v -0.625596 1.356247 -6.852805
v -0.516708 1.356246 -7.124770
v -0.625596 1.356246 -7.124770
v -0.516708 1.356247 -6.852805
v -0.516708 1.410946 -6.852805
v -0.516708 1.356246 -7.124770
v -0.516708 1.356247 -6.852805
v -0.516708 1.410946 -7.124770
v -0.625596 1.410946 -6.852805
v -0.516708 1.356247 -6.852805
v -0.625596 1.356247 -6.852805
v -0.516708 1.410946 -6.852805
v -0.625596 1.187930 -6.751457
v -0.689498 1.377334 -6.751457
v -0.625596 1.410946 -6.751457
v -0.689498 1.187930 -6.751457
v -0.689498 0.926572 -6.751457
v -0.612177 1.135531 -6.751457
v -0.578054 1.106647 -6.751457
v -0.533962 1.101790 -6.751457
v -0.503928 1.081342 -6.751457
v -0.481307 1.054376 -6.751457
v -0.762729 0.828931 -7.149692
v -0.631859 0.967853 -7.124770
v -0.753400 0.870850 -7.124770
v -0.631859 0.931940 -7.149692
v -0.481307 1.054375 -7.124770
v -0.447183 1.035844 -7.149692
v -0.762729 0.828931 -6.852805
v -0.753400 0.870850 -7.124770
v -0.753400 0.870850 -6.852805
v -0.762729 0.828931 -7.149692
v -0.694099 0.884653 -6.728580
v -0.762729 0.828931 -6.852805
v -0.689498 0.926572 -6.751457
v -0.447183 1.035844 -6.729986
v -0.689498 0.926572 -6.751457
v -0.481307 1.054376 -6.751457
v -0.694099 0.884653 -6.728580
v -0.447183 1.035844 -6.729986
v -0.481307 1.054375 -7.124770
v -0.447183 1.035844 -7.149692
v -0.481307 1.054376 -6.751457
v 0.625596 1.410946 -7.124770
v 0.516708 1.356246 -7.124770
v 0.625596 1.356246 -7.124770
v 0.516708 1.410946 -7.124770
v 0.689498 1.377206 -7.124770
v 0.625596 1.187930 -7.124770
v 0.736146 1.341805 -7.124770
v 0.753400 1.289022 -7.124770
v 0.753400 1.187930 -7.124770
v 0.612177 1.135530 -7.124770
v 0.631859 0.967725 -7.124770
v 0.753400 0.870850 -7.124770
v 0.578054 1.106647 -7.124770
v 0.533962 1.101790 -7.124770
v 0.503928 1.081342 -7.124770
v 0.481434 1.054375 -7.124770
v 0.689498 1.377206 -7.124770
v 0.625596 1.410946 -6.852805
v 0.625596 1.410946 -7.124770
v 0.516708 1.410946 -6.852805
v 0.516708 1.410946 -7.124770
v 0.689498 1.377206 -6.852805
v 0.689498 1.377206 -6.751457
v 0.625596 1.410946 -6.751457
v 0.736274 1.341805 -6.802067
v 0.736146 1.341805 -6.852805
v 0.736146 1.341805 -7.124770
v 0.753400 1.289022 -6.852805
v 0.753400 1.289022 -7.124770
v 0.753400 1.187930 -7.124770
v 0.753400 1.187930 -6.852805
v 0.753400 0.870850 -6.852805
v 0.753400 0.870850 -7.124770
v 0.625596 1.410946 -6.751457
v 0.625596 1.187930 -6.751457
v 0.625596 1.356247 -6.852805
v 0.625596 1.410946 -6.852805
v 0.625596 1.356246 -7.124770
v 0.625596 1.187930 -7.124770
v 0.612177 1.135530 -7.124770
v 0.612177 1.135531 -6.751457
v 0.578054 1.106647 -6.751457
v 0.578054 1.106647 -7.124770
v 0.533962 1.101790 -6.751457
v 0.533962 1.101790 -7.124770
v 0.503928 1.081342 -7.124770
v 0.503928 1.081342 -6.751457
v 0.481434 1.054376 -6.751457
v 0.481434 1.054375 -7.124770
v 0.753400 1.289022 -6.852805
v 0.753400 1.187930 -6.852805
v 0.689498 1.187930 -6.751457
v 0.753400 0.870850 -6.852805
v 0.689498 0.926572 -6.751457
v 0.736274 1.341805 -6.802067
v 0.689498 1.377206 -6.751457
v 0.625596 1.356247 -6.852805
v 0.516708 1.356246 -7.124770
v 0.516708 1.356247 -6.852805
v 0.625596 1.356246 -7.124770
v 0.516708 1.410946 -6.852805
v 0.516708 1.356246 -7.124770
v 0.516708 1.410946 -7.124770
v 0.516708 1.356247 -6.852805
v 0.625596 1.410946 -6.852805
v 0.516708 1.356247 -6.852805
v 0.516708 1.410946 -6.852805
v 0.625596 1.356247 -6.852805
v 0.625596 1.187930 -6.751457
v 0.689498 1.377206 -6.751457
v 0.689498 1.187930 -6.751457
v 0.625596 1.410946 -6.751457
v 0.689498 0.926572 -6.751457
v 0.612177 1.135531 -6.751457
v 0.578054 1.106647 -6.751457
v 0.533962 1.101790 -6.751457
v 0.503928 1.081342 -6.751457
v 0.481434 1.054376 -6.751457
v 0.762729 0.828931 -7.149692
v 0.631859 0.967725 -7.124770
v 0.631859 0.931940 -7.149692
v 0.753400 0.870850 -7.124770
v 0.481434 1.054375 -7.124770
v 0.447183 1.035844 -7.149692
v 0.762729 0.828931 -6.852805
v 0.753400 0.870850 -7.124770
v 0.762729 0.828931 -7.149692
v 0.753400 0.870850 -6.852805
v 0.694099 0.884653 -6.728580
v 0.689498 0.926572 -6.751457
v 0.762729 0.828931 -6.852805
v 0.447183 1.035844 -6.729986
v 0.689498 0.926572 -6.751457
v 0.694099 0.884653 -6.728580
v 0.481434 1.054376 -6.751457
v 0.447183 1.035844 -6.729986
v 0.481434 1.054375 -7.124770
v 0.481434 1.054376 -6.751457
v 0.447183 1.035844 -7.149692
v -0.395040 1.269979 -17.399632
v -0.395040 1.208122 -18.424103
v -0.395040 1.269979 -18.424103
v -0.395040 1.208122 -17.399632
v -0.258674 1.208122 -17.399632
v -0.258674 1.137063 -18.424103
v -0.258674 1.208122 -18.424103
v -0.258674 1.137063 -17.399632
v -0.395040 1.269979 -18.424103
v -0.213687 1.269979 -17.399632
v -0.395040 1.269979 -17.399632
v -0.213687 1.269979 -18.424103
v -0.395040 1.208122 -18.424103
v -0.213687 1.269979 -18.424103
v -0.395040 1.269979 -18.424103
v -0.258674 1.208122 -18.424103
v -0.117962 1.170164 -18.424103
v -0.117962 1.151888 -18.424103
v -0.258674 1.137063 -18.424103
v -0.395040 1.208122 -17.399632
v -0.258674 1.208122 -18.424103
v -0.395040 1.208122 -18.424103
v -0.258674 1.208122 -17.399632
v -0.395040 1.269979 -17.399632
v -0.258674 1.208122 -17.399632
v -0.395040 1.208122 -17.399632
v -0.213687 1.269979 -17.399632
v -0.117962 1.170164 -17.399632
v -0.117962 1.151888 -17.399632
v -0.258674 1.137063 -17.399632
v -0.102754 1.112653 -17.384041
v -0.102754 1.153550 -18.439056
v -0.102754 1.112653 -18.439056
v -0.102754 1.153550 -17.384041
v -0.274010 1.094121 -18.439056
v -0.274010 1.135018 -17.384041
v -0.274010 1.094122 -17.384041
v -0.274010 1.135018 -18.439056
v -0.274010 1.094122 -17.384041
v -0.102754 1.153550 -17.384041
v -0.102754 1.112653 -17.384041
v -0.274010 1.135018 -17.384041
v -0.102754 1.112653 -18.439056
v -0.274010 1.135018 -18.439056
v -0.274010 1.094121 -18.439056
v -0.102754 1.153550 -18.439056
v -0.102754 1.153550 -17.384041
v -0.117962 1.151888 -18.424103
v -0.102754 1.153550 -18.439056
v -0.258674 1.137063 -18.424103
v -0.117962 1.151888 -17.399632
v -0.274010 1.135018 -18.439056
v -0.274010 1.135018 -17.384041
v -0.258674 1.137063 -17.399632
v -0.117962 1.170164 -18.424103
v -0.117962 1.151888 -17.399632
v -0.117962 1.170164 -17.399632
v -0.117962 1.151888 -18.424103
v -0.213687 1.269979 -18.424103
v -0.213687 1.269979 -17.399632
v 0.395040 1.269979 -17.399632
v 0.395040 1.208122 -18.424103
v 0.395040 1.208122 -17.399632
v 0.395040 1.269979 -18.424103
v 0.258674 1.208122 -17.399632
v 0.258674 1.137063 -18.424103
v 0.258674 1.137063 -17.399632
v 0.258674 1.208122 -18.424103
v 0.395040 1.269979 -18.424103
v 0.213687 1.269979 -17.399632
v 0.213687 1.269979 -18.424103
v 0.395040 1.269979 -17.399632
v 0.395040 1.208122 -18.424103
v 0.213687 1.269979 -18.424103
v 0.258674 1.208122 -18.424103
v 0.395040 1.269979 -18.424103
v 0.117962 1.170164 -18.424103
v 0.117962 1.151888 -18.424103
v 0.258674 1.137063 -18.424103
v 0.395040 1.208122 -17.399632
v 0.258674 1.208122 -18.424103
v 0.258674 1.208122 -17.399632
v 0.395040 1.208122 -18.424103
v 0.395040 1.269979 -17.399632
v 0.258674 1.208122 -17.399632
v 0.213687 1.269979 -17.399632
v 0.395040 1.208122 -17.399632
v 0.117962 1.170164 -17.399632
v 0.117962 1.151888 -17.399632
v 0.258674 1.137063 -17.399632
v 0.102754 1.112653 -17.384041
v 0.102754 1.153550 -18.439056
v 0.102754 1.153550 -17.384041
v 0.102754 1.112653 -18.439056
v 0.274010 1.094121 -18.439056
v 0.274010 1.135018 -17.384041
v 0.274010 1.135018 -18.439056
v 0.274010 1.094122 -17.384041
v 0.274010 1.094122 -17.384041
v 0.102754 1.153550 -17.384041
v 0.274010 1.135018 -17.384041
v 0.102754 1.112653 -17.384041
v 0.102754 1.112653 -18.439056
v 0.274010 1.135018 -18.439056
v 0.102754 1.153550 -18.439056
v 0.274010 1.094121 -18.439056
v 0.102754 1.153550 -17.384041
v 0.117962 1.151888 -18.424103
v 0.117962 1.151888 -17.399632
v 0.102754 1.153550 -18.439056
v 0.274010 1.135018 -17.384041
v 0.258674 1.137063 -18.424103
v 0.258674 1.137063 -17.399632
v 0.274010 1.135018 -18.439056
v 0.117962 1.170164 -18.424103
v 0.117962 1.151888 -17.399632
v 0.117962 1.151888 -18.424103
v 0.117962 1.170164 -17.399632
v 0.213687 1.269979 -18.424103
v 0.117962 1.170164 -17.399632
v 0.117962 1.170164 -18.424103
v 0.213687 1.269979 -17.399632
v -0.857304 -0.550961 -21.742001
v -0.975905 -0.575755 -21.642696
v -0.904207 -0.504057 -21.642696
v -0.942420 -0.636206 -21.742001
v -0.944082 -0.634033 -21.850506
v -0.859093 -0.549044 -21.850506
v -0.987152 -0.554028 -21.524990
v -0.920694 -0.487571 -21.524990
v -0.904207 -0.504057 -21.407923
v -0.975905 -0.575755 -21.407923
v -0.857304 -0.550961 -21.308620
v -0.942420 -0.636206 -21.308620
v -0.787012 -0.621253 -21.242290
v -0.879030 -0.713271 -21.242290
v -0.704195 -0.704197 -21.218645
v -0.804393 -0.804267 -21.218645
v -0.713142 -0.878904 -21.242290
v -0.621251 -0.787013 -21.242290
v -0.636076 -0.942422 -21.308620
v -0.550959 -0.857305 -21.308620
v -0.575498 -0.975523 -21.407923
v -0.504056 -0.904209 -21.407923
v -0.554027 -0.987153 -21.524990
v -0.487569 -0.920696 -21.524990
v -0.504056 -0.904209 -21.642696
v -0.575498 -0.975523 -21.642696
v -0.550959 -0.857305 -21.742001
v -0.636076 -0.942422 -21.742001
v -0.549170 -0.859222 -21.850506
v -0.634031 -0.944084 -21.850506
v -0.704195 -0.704197 -21.921181
v -0.713142 -0.878904 -21.898302
v -0.804393 -0.804267 -21.921181
v -0.621251 -0.787013 -21.898302
v -0.879030 -0.713271 -21.898302
v -0.787012 -0.621253 -21.898302
v -0.859093 -0.549044 -21.850506
v -0.944082 -0.634033 -21.850506
v -0.704195 -0.704197 -21.524990
v -0.621251 -0.787013 -21.898302
v -0.704195 -0.704197 -21.921181
v -0.549170 -0.859222 -21.850506
v -0.550959 -0.857305 -21.742001
v -0.504056 -0.904209 -21.642696
v -0.487569 -0.920696 -21.524990
v -0.704195 -0.704197 -21.218645
v -0.504056 -0.904209 -21.407923
v -0.550959 -0.857305 -21.308620
v -0.621251 -0.787013 -21.242290
v -0.920694 -0.487571 -21.524990
v -0.787012 -0.621253 -21.242290
v -0.857304 -0.550961 -21.308620
v -0.904207 -0.504057 -21.407923
v -0.904207 -0.504057 -21.642696
v -0.857304 -0.550961 -21.742001
v -0.859093 -0.549044 -21.850506
v -0.787012 -0.621253 -21.898302
v -0.634031 -0.944084 -21.850506
v -0.621251 -0.787013 -21.898302
v -0.549170 -0.859222 -21.850506
v -0.713142 -0.878904 -21.898302
v -0.550959 0.857302 -21.742001
v -0.575625 0.975903 -21.642696
v -0.504056 0.904206 -21.642696
v -0.636204 0.942419 -21.742001
v -0.634031 0.944080 -21.850506
v -0.549170 0.859219 -21.850506
v -0.554027 0.987150 -21.524990
v -0.487569 0.920692 -21.524990
v -0.504056 0.904206 -21.407923
v -0.575625 0.975903 -21.407923
v -0.550959 0.857302 -21.308620
v -0.636204 0.942419 -21.308620
v -0.621251 0.787010 -21.242290
v -0.713269 0.879028 -21.242290
v -0.704195 0.704194 -21.218645
v -0.804265 0.804264 -21.218645
v -0.878902 0.713140 -21.242290
v -0.787012 0.621250 -21.242290
v -0.942420 0.636075 -21.308620
v -0.857304 0.550958 -21.308620
v -0.975649 0.575496 -21.407923
v -0.904207 0.504054 -21.407923
v -0.987152 0.554025 -21.524990
v -0.920694 0.487567 -21.524990
v -0.904207 0.504054 -21.642696
v -0.975649 0.575496 -21.642696
v -0.857304 0.550958 -21.742001
v -0.942420 0.636075 -21.742001
v -0.859093 0.549169 -21.850506
v -0.944082 0.634030 -21.850506
v -0.704195 0.704194 -21.921181
v -0.878902 0.713140 -21.898302
v -0.804265 0.804264 -21.921181
v -0.787012 0.621249 -21.898302
v -0.713269 0.879028 -21.898302
v -0.621251 0.787010 -21.898302
v -0.549170 0.859219 -21.850506
v -0.634031 0.944080 -21.850506
v -0.704195 0.704194 -21.524990
v -0.787012 0.621249 -21.898302
v -0.704195 0.704194 -21.921181
v -0.859093 0.549169 -21.850506
v -0.857304 0.550958 -21.742001
v -0.904207 0.504054 -21.642696
v -0.920694 0.487567 -21.524990
v -0.704195 0.704194 -21.218645
v -0.904207 0.504054 -21.407923
v -0.857304 0.550958 -21.308620
v -0.787012 0.621250 -21.242290
v -0.487569 0.920692 -21.524990
v -0.621251 0.787010 -21.242290
v -0.550959 0.857302 -21.308620
v -0.504056 0.904206 -21.407923
v -0.504056 0.904206 -21.642696
v -0.550959 0.857302 -21.742001
v -0.549170 0.859219 -21.850506
v -0.621251 0.787010 -21.898302
v -0.944082 0.634030 -21.850506
v -0.787012 0.621249 -21.898302
v -0.859093 0.549169 -21.850506
v -0.878902 0.713140 -21.898302
v 0.857304 0.550958 -21.742001
v 0.975905 0.575624 -21.642696
v 0.904207 0.504054 -21.642696
v 0.942420 0.636202 -21.742001
v 0.944082 0.634030 -21.850506
v 0.859221 0.549169 -21.850506
v 0.987152 0.554025 -21.524990
v 0.920694 0.487567 -21.524990
v 0.904207 0.504054 -21.407923
v 0.975905 0.575624 -21.407923
v 0.857304 0.550958 -21.308620
v 0.942420 0.636203 -21.308620
v 0.787012 0.621250 -21.242290
v 0.879030 0.713268 -21.242290
v 0.704195 0.704066 -21.218645
v 0.804265 0.804264 -21.218645
v 0.713142 0.878901 -21.242290
v 0.621251 0.787010 -21.242290
v 0.636076 0.942419 -21.308620
v 0.550959 0.857302 -21.308620
v 0.575370 0.975520 -21.407923
v 0.504056 0.904206 -21.407923
v 0.554027 0.987150 -21.524990
v 0.487569 0.920692 -21.524990
v 0.504056 0.904206 -21.642696
v 0.575370 0.975648 -21.642696
v 0.550959 0.857302 -21.742001
v 0.636076 0.942419 -21.742001
v 0.549170 0.859219 -21.850506
v 0.634031 0.944080 -21.850506
v 0.704195 0.704066 -21.921181
v 0.713142 0.878901 -21.898302
v 0.804265 0.804264 -21.921181
v 0.621251 0.787010 -21.898302
v 0.879030 0.713268 -21.898302
v 0.787012 0.621249 -21.898302
v 0.859221 0.549169 -21.850506
v 0.944082 0.634030 -21.850506
v 0.704195 0.704066 -21.524990
v 0.621251 0.787010 -21.898302
v 0.704195 0.704066 -21.921181
v 0.549170 0.859219 -21.850506
v 0.550959 0.857302 -21.742001
v 0.504056 0.904206 -21.642696
v 0.487569 0.920692 -21.524990
v 0.704195 0.704066 -21.218645
v 0.504056 0.904206 -21.407923
v 0.550959 0.857302 -21.308620
v 0.621251 0.787010 -21.242290
v 0.920694 0.487567 -21.524990
v 0.787012 0.621250 -21.242290
v 0.857304 0.550958 -21.308620
v 0.904207 0.504054 -21.407923
v 0.904207 0.504054 -21.642696
v 0.857304 0.550958 -21.742001
v 0.859221 0.549169 -21.850506
v 0.787012 0.621249 -21.898302
v 0.634031 0.944080 -21.850506
v 0.621251 0.787010 -21.898302
v 0.549170 0.859219 -21.850506
v 0.713142 0.878901 -21.898302
v 0.550959 -0.857305 -21.742001
v 0.575753 -0.975906 -21.642696
v 0.504056 -0.904209 -21.642696
v 0.636204 -0.942422 -21.742001
v 0.634031 -0.944084 -21.850506
v 0.549042 -0.859222 -21.850506
v 0.554027 -0.987153 -21.524990
v 0.487569 -0.920696 -21.524990
v 0.504056 -0.904209 -21.407923
v 0.575753 -0.975906 -21.407923
v 0.550959 -0.857305 -21.308620
v 0.636204 -0.942422 -21.308620
v 0.621251 -0.787013 -21.242290
v 0.713269 -0.879032 -21.242290
v 0.704195 -0.704197 -21.218645
v 0.804265 -0.804267 -21.218645
v 0.878902 -0.713143 -21.242290
v 0.787012 -0.621253 -21.242290
v 0.942420 -0.636078 -21.308620
v 0.857304 -0.550961 -21.308620
v 0.975521 -0.575371 -21.407923
v 0.904207 -0.504057 -21.407923
v 0.987152 -0.554028 -21.524990
v 0.920694 -0.487571 -21.524990
v 0.904207 -0.504057 -21.642696
v 0.975521 -0.575371 -21.642696
v 0.857304 -0.550961 -21.742001
v 0.942420 -0.636078 -21.742001
v 0.859221 -0.549172 -21.850506
v 0.944082 -0.634033 -21.850506
v 0.704195 -0.704197 -21.921181
v 0.878902 -0.713143 -21.898302
v 0.804265 -0.804267 -21.921181
v 0.787012 -0.621253 -21.898302
v 0.713269 -0.879032 -21.898302
v 0.621251 -0.787013 -21.898302
v 0.549042 -0.859222 -21.850506
v 0.634031 -0.944084 -21.850506
v 0.704195 -0.704197 -21.524990
v 0.787012 -0.621253 -21.898302
v 0.704195 -0.704197 -21.921181
v 0.859221 -0.549172 -21.850506
v 0.857304 -0.550961 -21.742001
v 0.904207 -0.504057 -21.642696
v 0.920694 -0.487571 -21.524990
v 0.704195 -0.704197 -21.218645
v 0.904207 -0.504057 -21.407923
v 0.857304 -0.550961 -21.308620
v 0.787012 -0.621253 -21.242290
v 0.487569 -0.920696 -21.524990
v 0.621251 -0.787013 -21.242290
v 0.550959 -0.857305 -21.308620
v 0.504056 -0.904209 -21.407923
v 0.504056 -0.904209 -21.642696
v 0.550959 -0.857305 -21.742001
v 0.549042 -0.859222 -21.850506
v 0.621251 -0.787013 -21.898302
v 0.944082 -0.634033 -21.850506
v 0.787012 -0.621253 -21.898302
v 0.859221 -0.549172 -21.850506
v 0.878902 -0.713143 -21.898302
v -1.050925 0.535751 -1.591788
v -1.015140 0.473383 -1.574663
v -1.068434 0.498177 -1.574663
v -1.032649 0.435936 -1.591788
v -0.997759 0.510957 -1.591788
v -1.043641 0.551215 -1.633197
v -0.990474 0.526421 -1.633197
v -1.085943 0.460730 -1.591788
v -1.039934 0.420344 -1.633197
v -1.093100 0.445138 -1.633197
v -1.032649 0.435936 -1.674605
v -1.085943 0.460730 -1.674605
v -1.015140 0.473383 -1.691730
v -1.068434 0.498177 -1.691730
v -0.997759 0.510957 -1.674605
v -1.050925 0.535751 -1.674605
v -0.990474 0.526421 -1.633197
v -1.043641 0.551215 -1.633197
v -1.068434 0.498177 -1.574663
v -1.079809 0.503544 -1.633197
v -1.050925 0.535751 -1.591788
v -1.043641 0.551215 -1.633197
v -1.085943 0.460730 -1.591788
v -1.050925 0.535751 -1.674605
v -1.093100 0.445138 -1.633197
v -1.068434 0.498177 -1.691730
v -1.085943 0.460730 -1.674605
v 1.085943 0.460730 -1.591788
v 1.015140 0.473383 -1.574663
v 1.068434 0.498177 -1.574663
v 0.997759 0.510957 -1.591788
v 1.032649 0.435936 -1.591788
v 1.093100 0.445138 -1.633197
v 1.039934 0.420344 -1.633197
v 1.050925 0.535751 -1.591788
v 0.990474 0.526421 -1.633197
v 1.043641 0.551215 -1.633197
v 0.997759 0.510957 -1.674605
v 1.050925 0.535751 -1.674605
v 1.015140 0.473383 -1.691730
v 1.068434 0.498177 -1.691730
v 1.032649 0.435936 -1.674605
v 1.085943 0.460730 -1.674605
v 1.039934 0.420344 -1.633197
v 1.093100 0.445138 -1.633197
v 1.068434 0.498177 -1.574663
v 1.079681 0.503544 -1.633197
v 1.085943 0.460730 -1.591788
v 1.093100 0.445138 -1.633197
v 1.050925 0.535751 -1.591788
v 1.085943 0.460730 -1.674605
v 1.043641 0.551215 -1.633197
v 1.068434 0.498177 -1.691730
v 1.050925 0.535751 -1.674605
v 1.177962 0.061472 -18.381927
v 1.115977 0.097640 -18.364801
v 1.174383 0.102752 -18.364801
v 1.112271 0.138793 -18.381927
v 1.119556 0.056360 -18.381927
v 1.179495 0.044346 -18.423336
v 1.120961 0.039362 -18.423336
v 1.170677 0.144033 -18.381927
v 1.110737 0.155918 -18.423336
v 1.169271 0.161031 -18.423336
v 1.112271 0.138793 -18.464745
v 1.170677 0.144033 -18.464745
v 1.115977 0.097640 -18.481871
v 1.174383 0.102752 -18.481871
v 1.119556 0.056360 -18.464745
v 1.177962 0.061472 -18.464745
v 1.120961 0.039362 -18.423336
v 1.179495 0.044346 -18.423336
v 1.174383 0.102752 -18.364801
v 1.186780 0.103775 -18.423336
v 1.177962 0.061472 -18.381927
v 1.179495 0.044346 -18.423336
v 1.170677 0.144033 -18.381927
v 1.177962 0.061472 -18.464745
v 1.169271 0.161031 -18.423336
v 1.174383 0.102752 -18.481871
v 1.170677 0.144033 -18.464745
v 1.041596 0.553514 -17.715946
v 0.970026 0.560032 -17.698820
v 1.020892 0.589427 -17.698820
v 0.949450 0.595945 -17.715946
v 0.990730 0.524247 -17.715946
v 1.050159 0.538689 -17.757355
v 0.999293 0.509422 -17.757355
v 1.000187 0.625340 -17.715946
v 0.940759 0.610770 -17.757355
v 0.991625 0.640165 -17.757355
v 0.949450 0.595945 -17.798761
v 1.000187 0.625339 -17.798761
v 0.970026 0.560032 -17.815887
v 1.020892 0.589427 -17.815887
v 0.990730 0.524247 -17.798761
v 1.041596 0.553514 -17.798761
v 0.999293 0.509422 -17.757355
v 1.050159 0.538689 -17.757355
v 1.020892 0.589427 -17.698820
v 1.031755 0.595689 -17.757355
v 1.041596 0.553514 -17.715946
v 1.050159 0.538689 -17.757355
v 1.000187 0.625340 -17.715946
v 1.041596 0.553514 -17.798761
v 0.991625 0.640165 -17.757355
v 1.020892 0.589427 -17.815887
v 1.000187 0.625339 -17.798761
v 0.862799 0.804264 -18.381927
v 0.792124 0.791995 -18.364801
v 0.833532 0.833531 -18.364801
v 0.762857 0.821389 -18.381927
v 0.821391 0.762728 -18.381927
v 0.874940 0.792123 -18.423336
v 0.833404 0.750714 -18.423336
v 0.804265 0.862798 -18.381927
v 0.750588 0.833531 -18.423336
v 0.792252 0.874939 -18.423336
v 0.762857 0.821389 -18.464745
v 0.804265 0.862798 -18.464745
v 0.792124 0.791995 -18.481871
v 0.833532 0.833531 -18.481871
v 0.821391 0.762728 -18.464745
v 0.862799 0.804264 -18.464745
v 0.833404 0.750714 -18.423336
v 0.874940 0.792123 -18.423336
v 0.833532 0.833531 -18.364801
v 0.842478 0.842349 -18.423336
v 0.862799 0.804264 -18.381927
v 0.874940 0.792123 -18.423336
v 0.804265 0.862798 -18.381927
v 0.862799 0.804264 -18.464745
v 0.792252 0.874939 -18.423336
v 0.833532 0.833531 -18.481871
v 0.804265 0.862798 -18.464745
v 1.085943 0.460729 -21.050201
v 1.015140 0.473381 -21.033077
v 1.068434 0.498175 -21.033077
v 0.997759 0.510955 -21.050201
v 1.032649 0.435935 -21.050201
v 1.093100 0.445137 -21.091610
v 1.039934 0.420343 -21.091610
v 1.050925 0.535749 -21.050201
v 0.990474 0.526420 -21.091610
v 1.043641 0.551213 -21.091610
v 0.997759 0.510955 -21.133018
v 1.050925 0.535749 -21.133018
v 1.015140 0.473381 -21.150143
v 1.068434 0.498175 -21.150143
v 1.032649 0.435935 -21.133018
v 1.085943 0.460729 -21.133018
v 1.039934 0.420343 -21.091610
v 1.093100 0.445137 -21.091610
v 1.068434 0.498175 -21.033077
v 1.079681 0.503543 -21.091610
v 1.085943 0.460729 -21.050201
v 1.093100 0.445137 -21.091610
v 1.050925 0.535749 -21.050201
v 1.085943 0.460729 -21.133018
v 1.043641 0.551213 -21.091610
v 1.068434 0.498175 -21.150143
v 1.050925 0.535749 -21.133018
v -0.804393 0.862798 -18.381927
v -0.791996 0.791995 -18.364801
v -0.833660 0.833531 -18.364801
v -0.821263 0.762728 -18.381927
v -0.762729 0.821389 -18.381927
v -0.792124 0.874939 -18.423336
v -0.750716 0.833531 -18.423336
v -0.862799 0.804264 -18.381927
v -0.833532 0.750714 -18.423336
v -0.874940 0.792123 -18.423336
v -0.821263 0.762728 -18.464745
v -0.862799 0.804264 -18.464745
v -0.791996 0.791995 -18.481871
v -0.833660 0.833531 -18.481871
v -0.762729 0.821389 -18.464745
v -0.804393 0.862798 -18.464745
v -0.750716 0.833531 -18.423336
v -0.792124 0.874939 -18.423336
v -0.833660 0.833531 -18.364801
v -0.842351 0.842349 -18.423336
v -0.804393 0.862798 -18.381927
v -0.792124 0.874939 -18.423336
v -0.862799 0.804264 -18.381927
v -0.804393 0.862798 -18.464745
v -0.874940 0.792123 -18.423336
v -0.833660 0.833531 -18.481871
v -0.862799 0.804264 -18.464745
v 1.149462 0.265062 -22.063936
v 1.081982 0.289856 -22.046810
v 1.138726 0.305064 -22.046810
v 1.071246 0.329858 -22.063936
v 1.092717 0.249853 -22.063936
v 1.153807 0.248575 -22.105345
v 1.097062 0.233367 -22.105345
v 1.127991 0.345067 -22.063936
v 1.066773 0.346473 -22.105345
v 1.123518 0.361681 -22.105345
v 1.071246 0.329858 -22.146626
v 1.127991 0.345067 -22.146626
v 1.081982 0.289856 -22.163879
v 1.138726 0.305064 -22.163879
v 1.092717 0.249853 -22.146626
v 1.149462 0.265062 -22.146626
v 1.097062 0.233367 -22.105345
v 1.153807 0.248575 -22.105345
v 1.138726 0.305064 -22.046810
v 1.150740 0.308387 -22.105345
v 1.149462 0.265062 -22.063936
v 1.153807 0.248575 -22.105345
v 1.127991 0.345067 -22.063936
v 1.149462 0.265062 -22.146626
v 1.123518 0.361681 -22.105345
v 1.138726 0.305064 -22.163879
v 1.127991 0.345067 -22.146626
v 1.127991 -0.345070 -22.063936
v 1.081982 -0.289987 -22.046810
v 1.138726 -0.305068 -22.046810
v 1.092717 -0.249985 -22.063936
v 1.071246 -0.329989 -22.063936
v 1.123518 -0.361685 -22.105345
v 1.066773 -0.346476 -22.105345
v 1.149462 -0.265065 -22.063936
v 1.097062 -0.233370 -22.105345
v 1.153807 -0.248579 -22.105345
v 1.092717 -0.249985 -22.146626
v 1.149462 -0.265065 -22.146626
v 1.081982 -0.289987 -22.163879
v 1.138726 -0.305068 -22.163879
v 1.071246 -0.329989 -22.146626
v 1.127991 -0.345070 -22.146626
v 1.066773 -0.346476 -22.105345
v 1.123518 -0.361685 -22.105345
v 1.138726 -0.305068 -22.046810
v 1.150740 -0.308391 -22.105345
v 1.127991 -0.345070 -22.063936
v 1.123518 -0.361685 -22.105345
v 1.149462 -0.265065 -22.063936
v 1.127991 -0.345070 -22.146626
v 1.153807 -0.248579 -22.105345
v 1.138726 -0.305068 -22.163879
v 1.149462 -0.265065 -22.146626
v -1.000187 0.625340 -17.715946
v -0.970154 0.560032 -17.698820
v -1.020892 0.589427 -17.698820
v -0.990730 0.524247 -17.715946
v -0.949450 0.595945 -17.715946
v -0.991625 0.640165 -17.757355
v -0.940887 0.610770 -17.757355
v -1.041596 0.553642 -17.715946
v -0.999421 0.509422 -17.757355
v -1.050159 0.538689 -17.757355
v -0.990730 0.524247 -17.798761
v -1.041596 0.553642 -17.798761
v -0.970154 0.560032 -17.815887
v -1.020892 0.589427 -17.815887
v -0.949450 0.595945 -17.798761
v -1.000187 0.625339 -17.798761
v -0.940887 0.610770 -17.757355
v -0.991625 0.640165 -17.757355
v -1.020892 0.589427 -17.698820
v -1.031755 0.595689 -17.757355
v -1.000187 0.625340 -17.715946
v -0.991625 0.640165 -17.757355
v -1.041596 0.553642 -17.715946
v -1.000187 0.625339 -17.798761
v -1.050159 0.538689 -17.757355
v -1.020892 0.589427 -17.815887
v -1.041596 0.553642 -17.798761
v 0.941909 -0.710076 -18.381927
v 0.917627 -0.642468 -18.364801
v 0.965681 -0.676208 -18.364801
v 0.941398 -0.608600 -18.381927
v 0.893855 -0.676463 -18.381927
v 0.932068 -0.724134 -18.423336
v 0.884014 -0.690394 -18.423336
v 0.989452 -0.642212 -18.381927
v 0.951111 -0.594542 -18.423336
v 0.999293 -0.628282 -18.423336
v 0.941398 -0.608600 -18.464745
v 0.989452 -0.642212 -18.464745
v 0.917627 -0.642468 -18.481871
v 0.965681 -0.676208 -18.481871
v 0.893855 -0.676463 -18.464745
v 0.941909 -0.710076 -18.464745
v 0.884014 -0.690394 -18.423336
v 0.932068 -0.724134 -18.423336
v 0.965681 -0.676208 -18.364801
v 0.975905 -0.683237 -18.423336
v 0.941909 -0.710076 -18.381927
v 0.932068 -0.724134 -18.423336
v 0.989452 -0.642212 -18.381927
v 0.941909 -0.710076 -18.464745
v 0.999293 -0.628282 -18.423336
v 0.965681 -0.676208 -18.481871
v 0.989452 -0.642212 -18.464745
v 0.553515 -1.041597 -17.715946
v 0.560033 -0.970027 -17.698820
v 0.589428 -1.020893 -17.698820
v 0.595946 -0.949451 -17.715946
v 0.524249 -0.990731 -17.715946
v 0.538690 -1.050160 -17.757355
v 0.509423 -0.999294 -17.757355
v 0.625213 -1.000189 -17.715946
v 0.610771 -0.940760 -17.757355
v 0.640166 -0.991626 -17.757355
v 0.595946 -0.949451 -17.798761
v 0.625213 -1.000189 -17.798761
v 0.560033 -0.970027 -17.815887
v 0.589428 -1.020893 -17.815887
v 0.524249 -0.990731 -17.798761
v 0.553515 -1.041597 -17.798761
v 0.509423 -0.999294 -17.757355
v 0.538690 -1.050160 -17.757355
v 0.589428 -1.020893 -17.698820
v 0.595691 -1.031756 -17.757355
v 0.553515 -1.041597 -17.715946
v 0.538690 -1.050160 -17.757355
v 0.625213 -1.000189 -17.715946
v 0.553515 -1.041597 -17.798761
v 0.640166 -0.991626 -17.757355
v 0.589428 -1.020893 -17.815887
v 0.625213 -1.000189 -17.798761
v -0.625341 -1.000189 -17.715946
v -0.560033 -0.970027 -17.698820
v -0.589428 -1.020893 -17.698820
v -0.524249 -0.990731 -17.715946
v -0.595946 -0.949451 -17.715946
v -0.640166 -0.991626 -17.757355
v -0.610771 -0.940760 -17.757355
v -0.553643 -1.041597 -17.715946
v -0.509423 -0.999294 -17.757355
v -0.538690 -1.050160 -17.757355
v -0.524249 -0.990731 -17.798761
v -0.553643 -1.041597 -17.798761
v -0.560033 -0.970027 -17.815887
v -0.589428 -1.020893 -17.815887
v -0.595946 -0.949451 -17.798761
v -0.625341 -1.000189 -17.798761
v -0.610771 -0.940760 -17.757355
v -0.640166 -0.991626 -17.757355
v -0.589428 -1.020893 -17.698820
v -0.595691 -1.031756 -17.757355
v -0.625341 -1.000189 -17.715946
v -0.640166 -0.991626 -17.757355
v -0.553643 -1.041597 -17.715946
v -0.625341 -1.000189 -17.798761
v -0.538690 -1.050160 -17.757355
v -0.589428 -1.020893 -17.815887
v -0.553643 -1.041597 -17.798761
v -0.989452 -0.642212 -18.381927
v -0.917627 -0.642468 -18.364801
v -0.965681 -0.676208 -18.364801
v -0.893855 -0.676463 -18.381927
v -0.941270 -0.608600 -18.381927
v -0.999293 -0.628282 -18.423336
v -0.951111 -0.594542 -18.423336
v -0.941909 -0.710076 -18.381927
v -0.884014 -0.690394 -18.423336
v -0.932068 -0.724134 -18.423336
v -0.893855 -0.676463 -18.464745
v -0.941909 -0.710076 -18.464745
v -0.917627 -0.642468 -18.481871
v -0.965681 -0.676208 -18.481871
v -0.941270 -0.608600 -18.464745
v -0.989452 -0.642212 -18.464745
v -0.951111 -0.594542 -18.423336
v -0.999293 -0.628282 -18.423336
v -0.965681 -0.676208 -18.364801
v -0.975905 -0.683237 -18.423336
v -0.989452 -0.642212 -18.381927
v -0.999293 -0.628282 -18.423336
v -0.941909 -0.710076 -18.381927
v -0.989452 -0.642212 -18.464745
v -0.932068 -0.724134 -18.423336
v -0.965681 -0.676208 -18.481871
v -0.941909 -0.710076 -18.464745
v 0.553515 -1.041597 -21.050201
v 0.560033 -0.970028 -21.033077
v 0.589428 -1.020893 -21.033077
v 0.595946 -0.949451 -21.050201
v 0.524249 -0.990732 -21.050201
v 0.538690 -1.050160 -21.091610
v 0.509423 -0.999294 -21.091610
v 0.625213 -1.000189 -21.050201
v 0.610771 -0.940761 -21.091610
v 0.640166 -0.991626 -21.091610
v 0.595946 -0.949451 -21.133018
v 0.625213 -1.000189 -21.133018
v 0.560033 -0.970028 -21.150143
v 0.589428 -1.020893 -21.150143
v 0.524249 -0.990732 -21.133018
v 0.553515 -1.041597 -21.133018
v 0.509423 -0.999294 -21.091610
v 0.538690 -1.050160 -21.091610
v 0.589428 -1.020893 -21.033077
v 0.595691 -1.031756 -21.091610
v 0.553515 -1.041597 -21.050201
v 0.538690 -1.050160 -21.091610
v 0.625213 -1.000189 -21.050201
v 0.553515 -1.041597 -21.133018
v 0.640166 -0.991626 -21.091610
v 0.589428 -1.020893 -21.150143
v 0.625213 -1.000189 -21.133018
v 1.050925 -0.535752 -21.050201
v 1.015140 -0.473384 -21.033077
v 1.068434 -0.498178 -21.033077
v 1.032649 -0.435810 -21.050201
v 0.997759 -0.510831 -21.050201
v 1.043641 -0.551217 -21.091610
v 0.990474 -0.526423 -21.091610
v 1.085943 -0.460732 -21.050201
v 1.039934 -0.420346 -21.091610
v 1.093100 -0.445140 -21.091610
v 1.032649 -0.435810 -21.133018
v 1.085943 -0.460732 -21.133018
v 1.015140 -0.473384 -21.150143
v 1.068434 -0.498178 -21.150143
v 0.997759 -0.510831 -21.133018
v 1.050925 -0.535752 -21.133018
v 0.990474 -0.526423 -21.091610
v 1.043641 -0.551217 -21.091610
v 1.068434 -0.498178 -21.033077
v 1.079681 -0.503546 -21.091610
v 1.050925 -0.535752 -21.050201
v 1.043641 -0.551217 -21.091610
v 1.085943 -0.460732 -21.050201
v 1.050925 -0.535752 -21.133018
v 1.093100 -0.445140 -21.091610
v 1.068434 -0.498178 -21.150143
v 1.085943 -0.460732 -21.133018
v 1.050925 -0.535752 -21.755548
v 1.015140 -0.473384 -21.738422
v 1.068434 -0.498178 -21.738422
v 1.032649 -0.435810 -21.755548
v 0.997759 -0.510831 -21.755548
v 1.043641 -0.551217 -21.796955
v 0.990474 -0.526423 -21.796955
v 1.085943 -0.460732 -21.755548
v 1.039934 -0.420346 -21.796955
v 1.093100 -0.445140 -21.796955
v 1.032649 -0.435810 -21.838364
v 1.085943 -0.460732 -21.838364
v 1.015140 -0.473384 -21.855490
v 1.068434 -0.498178 -21.855490
v 0.997759 -0.510831 -21.838364
v 1.050925 -0.535752 -21.838364
v 0.990474 -0.526423 -21.796955
v 1.043641 -0.551217 -21.796955
v 1.068434 -0.498178 -21.738422
v 1.079681 -0.503546 -21.796955
v 1.050925 -0.535752 -21.755548
v 1.043641 -0.551217 -21.796955
v 1.085943 -0.460732 -21.755548
v 1.050925 -0.535752 -21.838364
v 1.093100 -0.445140 -21.796955
v 1.068434 -0.498178 -21.855490
v 1.085943 -0.460732 -21.838364
v -1.170805 0.144033 -18.381927
v -1.115849 0.097640 -18.364801
v -1.174383 0.102752 -18.364801
v -1.119556 0.056360 -18.381927
v -1.112271 0.138793 -18.381927
v -1.169271 0.161031 -18.423336
v -1.110865 0.155918 -18.423336
v -1.177962 0.061472 -18.381927
v -1.120961 0.039362 -18.423336
v -1.179495 0.044346 -18.423336
v -1.119556 0.056360 -18.464745
v -1.177962 0.061472 -18.464745
v -1.115849 0.097640 -18.481871
v -1.174383 0.102752 -18.481871
v -1.112271 0.138793 -18.464745
v -1.170805 0.144033 -18.464745
v -1.110865 0.155918 -18.423336
v -1.169271 0.161031 -18.423336
v -1.174383 0.102752 -18.364801
v -1.186780 0.103775 -18.423336
v -1.170805 0.144033 -18.381927
v -1.169271 0.161031 -18.423336
v -1.177962 0.061472 -18.381927
v -1.170805 0.144033 -18.464745
v -1.179495 0.044346 -18.423336
v -1.174383 0.102752 -18.481871
v -1.177962 0.061472 -18.464745
v 0.553515 -1.041597 -22.073906
v 0.560033 -0.970028 -22.056780
v 0.589428 -1.020893 -22.056780
v 0.595946 -0.949451 -22.073906
v 0.524249 -0.990732 -22.073906
v 0.538690 -1.050160 -22.115313
v 0.509423 -0.999295 -22.115313
v 0.625213 -1.000189 -22.073906
v 0.610771 -0.940761 -22.115313
v 0.640166 -0.991626 -22.115313
v 0.595946 -0.949451 -22.156721
v 0.625213 -1.000189 -22.156721
v 0.560033 -0.970028 -22.173847
v 0.589428 -1.020893 -22.173847
v 0.524249 -0.990732 -22.156721
v 0.553515 -1.041597 -22.156721
v 0.509423 -0.999295 -22.115313
v 0.538690 -1.050160 -22.115313
v 0.589428 -1.020893 -22.056780
v 0.595691 -1.031757 -22.115313
v 0.553515 -1.041597 -22.073906
v 0.538690 -1.050160 -22.115313
v 0.625213 -1.000189 -22.073906
v 0.553515 -1.041597 -22.156721
v 0.640166 -0.991626 -22.115313
v 0.589428 -1.020893 -22.173847
v 0.625213 -1.000189 -22.156721
v 0.553515 -1.041597 -21.755548
v 0.560033 -0.970028 -21.738422
v 0.589428 -1.020893 -21.738422
v 0.595946 -0.949451 -21.755548
v 0.524249 -0.990732 -21.755548
v 0.538690 -1.050160 -21.796955
v 0.509423 -0.999295 -21.796955
v 0.625213 -1.000189 -21.755548
v 0.610771 -0.940761 -21.796955
v 0.640166 -0.991626 -21.796955
v 0.595946 -0.949451 -21.838364
v 0.625213 -1.000189 -21.838364
v 0.560033 -0.970028 -21.855490
v 0.589428 -1.020893 -21.855490
v 0.524249 -0.990732 -21.838364
v 0.553515 -1.041597 -21.838364
v 0.509423 -0.999295 -21.796955
v 0.538690 -1.050160 -21.796955
v 0.589428 -1.020893 -21.738422
v 0.595691 -1.031757 -21.796955
v 0.553515 -1.041597 -21.755548
v 0.538690 -1.050160 -21.796955
v 0.625213 -1.000189 -21.755548
v 0.553515 -1.041597 -21.838364
v 0.640166 -0.991626 -21.796955
v 0.589428 -1.020893 -21.855490
v 0.625213 -1.000189 -21.838364
v -0.625341 -1.000189 -22.063936
v -0.560033 -0.970028 -22.046810
v -0.589428 -1.020893 -22.046810
v -0.524249 -0.990732 -22.063936
v -0.595946 -0.949451 -22.063936
v -0.640166 -0.991626 -22.105345
v -0.610771 -0.940761 -22.105345
v -0.553643 -1.041597 -22.063936
v -0.509423 -0.999295 -22.105345
v -0.538690 -1.050160 -22.105345
v -0.524249 -0.990732 -22.146626
v -0.553643 -1.041597 -22.146626
v -0.560033 -0.970028 -22.163879
v -0.589428 -1.020893 -22.163879
v -0.595946 -0.949451 -22.146626
v -0.625341 -1.000189 -22.146626
v -0.610771 -0.940761 -22.105345
v -0.640166 -0.991626 -22.105345
v -0.589428 -1.020893 -22.046810
v -0.595691 -1.031757 -22.105345
v -0.625341 -1.000189 -22.063936
v -0.640166 -0.991626 -22.105345
v -0.553643 -1.041597 -22.063936
v -0.625341 -1.000189 -22.146626
v -0.538690 -1.050160 -22.105345
v -0.589428 -1.020893 -22.163879
v -0.553643 -1.041597 -22.146626
v -1.085943 -0.460732 -21.759127
v -1.015140 -0.473384 -21.742001
v -1.068434 -0.498178 -21.742001
v -0.997759 -0.510831 -21.759127
v -1.032649 -0.435810 -21.759127
v -1.093100 -0.445140 -21.800535
v -1.039934 -0.420346 -21.800535
v -1.050925 -0.535752 -21.759127
v -0.990474 -0.526423 -21.800535
v -1.043641 -0.551217 -21.800535
v -0.997759 -0.510831 -21.841944
v -1.050925 -0.535752 -21.841944
v -1.015140 -0.473384 -21.859068
v -1.068434 -0.498178 -21.859068
v -1.032649 -0.435810 -21.841944
v -1.085943 -0.460732 -21.841944
v -1.039934 -0.420346 -21.800535
v -1.093100 -0.445140 -21.800535
v -1.068434 -0.498178 -21.742001
v -1.079809 -0.503546 -21.800535
v -1.085943 -0.460732 -21.759127
v -1.093100 -0.445140 -21.800535
v -1.050925 -0.535752 -21.759127
v -1.085943 -0.460732 -21.841944
v -1.043641 -0.551217 -21.800535
v -1.068434 -0.498178 -21.859068
v -1.050925 -0.535752 -21.841944
v -1.149334 -0.265065 -22.063936
v -1.081982 -0.289987 -22.046810
v -1.138598 -0.305068 -22.046810
v -1.071246 -0.329989 -22.063936
v -1.092717 -0.249985 -22.063936
v -1.153807 -0.248579 -22.105345
v -1.097062 -0.233370 -22.105345
v -1.127991 -0.345070 -22.063936
v -1.066901 -0.346476 -22.105345
v -1.123518 -0.361685 -22.105345
v -1.071246 -0.329989 -22.146626
v -1.127991 -0.345070 -22.146626
v -1.081982 -0.289987 -22.163879
v -1.138598 -0.305068 -22.163879
v -1.092717 -0.249985 -22.146626
v -1.149334 -0.265065 -22.146626
v -1.097062 -0.233370 -22.105345
v -1.153807 -0.248579 -22.105345
v -1.138598 -0.305068 -22.046810
v -1.150740 -0.308391 -22.105345
v -1.149334 -0.265065 -22.063936
v -1.153807 -0.248579 -22.105345
v -1.127991 -0.345070 -22.063936
v -1.149334 -0.265065 -22.146626
v -1.123518 -0.361685 -22.105345
v -1.138598 -0.305068 -22.163879
v -1.127991 -0.345070 -22.146626
v -1.127991 0.345067 -22.063936
v -1.081982 0.289856 -22.046810
v -1.138598 0.305064 -22.046810
v -1.092717 0.249853 -22.063936
v -1.071246 0.329858 -22.063936
v -1.123518 0.361681 -22.105345
v -1.066901 0.346473 -22.105345
v -1.149334 0.265062 -22.063936
v -1.097062 0.233367 -22.105345
v -1.153807 0.248575 -22.105345
v -1.092717 0.249853 -22.146626
v -1.149334 0.265062 -22.146626
v -1.081982 0.289856 -22.163879
v -1.138598 0.305064 -22.163879
v -1.071246 0.329858 -22.146626
v -1.127991 0.345067 -22.146626
v -1.066901 0.346473 -22.105345
v -1.123518 0.361681 -22.105345
v -1.138598 0.305064 -22.046810
v -1.150740 0.308387 -22.105345
v -1.127991 0.345067 -22.063936
v -1.123518 0.361681 -22.105345
v -1.149334 0.265062 -22.063936
v -1.127991 0.345067 -22.146626
v -1.153807 0.248575 -22.105345
v -1.138598 0.305064 -22.163879
v -1.149334 0.265062 -22.146626
v -1.050925 0.535749 -21.759127
v -1.015140 0.473381 -21.742001
v -1.068434 0.498175 -21.742001
v -1.032649 0.435935 -21.759127
v -0.997759 0.510955 -21.759127
v -1.043641 0.551213 -21.800535
v -0.990474 0.526420 -21.800535
v -1.085943 0.460729 -21.759127
v -1.039934 0.420343 -21.800535
v -1.093100 0.445137 -21.800535
v -1.032649 0.435935 -21.841944
v -1.085943 0.460729 -21.841944
v -1.015140 0.473381 -21.859068
v -1.068434 0.498175 -21.859068
v -0.997759 0.510955 -21.841944
v -1.050925 0.535749 -21.841944
v -0.990474 0.526420 -21.800535
v -1.043641 0.551213 -21.800535
v -1.068434 0.498175 -21.742001
v -1.079809 0.503543 -21.800535
v -1.050925 0.535749 -21.759127
v -1.043641 0.551213 -21.800535
v -1.085943 0.460729 -21.759127
v -1.050925 0.535749 -21.841944
v -1.093100 0.445137 -21.800535
v -1.068434 0.498175 -21.859068
v -1.085943 0.460729 -21.841944
v -1.050925 0.535749 -21.050201
v -1.015140 0.473381 -21.033077
v -1.068434 0.498175 -21.033077
v -1.032649 0.435935 -21.050201
v -0.997759 0.510955 -21.050201
v -1.043641 0.551213 -21.091610
v -0.990474 0.526420 -21.091610
v -1.085943 0.460729 -21.050201
v -1.039934 0.420343 -21.091610
v -1.093100 0.445137 -21.091610
v -1.032649 0.435935 -21.133018
v -1.085943 0.460729 -21.133018
v -1.015140 0.473381 -21.150143
v -1.068434 0.498175 -21.150143
v -0.997759 0.510955 -21.133018
v -1.050925 0.535749 -21.133018
v -0.990474 0.526420 -21.091610
v -1.043641 0.551213 -21.091610
v -1.068434 0.498175 -21.033077
v -1.079809 0.503543 -21.091610
v -1.050925 0.535749 -21.050201
v -1.043641 0.551213 -21.091610
v -1.085943 0.460729 -21.050201
v -1.050925 0.535749 -21.133018
v -1.093100 0.445137 -21.091610
v -1.068434 0.498175 -21.150143
v -1.085943 0.460729 -21.133018
v -1.085943 -0.460732 -21.050201
v -1.015140 -0.473384 -21.033077
v -1.068434 -0.498178 -21.033077
v -0.997759 -0.510831 -21.050201
v -1.032649 -0.435810 -21.050201
v -1.093100 -0.445140 -21.091610
v -1.039934 -0.420346 -21.091610
v -1.050925 -0.535752 -21.050201
v -0.990474 -0.526423 -21.091610
v -1.043641 -0.551217 -21.091610
v -0.997759 -0.510831 -21.133018
v -1.050925 -0.535752 -21.133018
v -1.015140 -0.473384 -21.150143
v -1.068434 -0.498178 -21.150143
v -1.032649 -0.435810 -21.133018
v -1.085943 -0.460732 -21.133018
v -1.039934 -0.420346 -21.091610
v -1.093100 -0.445140 -21.091610
v -1.068434 -0.498178 -21.033077
v -1.079809 -0.503546 -21.091610
v -1.085943 -0.460732 -21.050201
v -1.093100 -0.445140 -21.091610
v -1.050925 -0.535752 -21.050201
v -1.085943 -0.460732 -21.133018
v -1.043641 -0.551217 -21.091610
v -1.068434 -0.498178 -21.150143
v -1.050925 -0.535752 -21.133018
v -0.460730 1.085942 -21.050201
v -0.473383 1.015139 -21.033077
v -0.498177 1.068433 -21.033077
v -0.510957 0.997758 -21.050201
v -0.435937 1.032648 -21.050201
v -0.445138 1.093099 -21.091610
v -0.420345 1.039933 -21.091610
v -0.535751 1.050924 -21.050201
v -0.526421 0.990473 -21.091610
v -0.551215 1.043639 -21.091610
v -0.510957 0.997758 -21.133018
v -0.535751 1.050924 -21.133018
v -0.473383 1.015139 -21.150143
v -0.498177 1.068433 -21.150143
v -0.435937 1.032648 -21.133018
v -0.460730 1.085942 -21.133018
v -0.420345 1.039933 -21.091610
v -0.445138 1.093099 -21.091610
v -0.498177 1.068433 -21.033077
v -0.503544 1.079679 -21.091610
v -0.460730 1.085942 -21.050201
v -0.445138 1.093099 -21.091610
v -0.535751 1.050924 -21.050201
v -0.460730 1.085942 -21.133018
v -0.551215 1.043639 -21.091610
v -0.498177 1.068433 -21.150143
v -0.535751 1.050924 -21.133018
v -0.460730 1.085942 -21.759127
v -0.473383 1.015139 -21.742001
v -0.498177 1.068433 -21.742001
v -0.510957 0.997758 -21.759127
v -0.435937 1.032648 -21.759127
v -0.445138 1.093099 -21.800535
v -0.420345 1.039933 -21.800535
v -0.535751 1.050924 -21.759127
v -0.526421 0.990473 -21.800535
v -0.551215 1.043639 -21.800535
v -0.510957 0.997758 -21.841944
v -0.535751 1.050924 -21.841944
v -0.473383 1.015139 -21.859068
v -0.498177 1.068433 -21.859068
v -0.435937 1.032648 -21.841944
v -0.460730 1.085942 -21.841944
v -0.420345 1.039933 -21.800535
v -0.445138 1.093099 -21.800535
v -0.498177 1.068433 -21.742001
v -0.503544 1.079679 -21.800535
v -0.460730 1.085942 -21.759127
v -0.445138 1.093099 -21.800535
v -0.535751 1.050924 -21.759127
v -0.460730 1.085942 -21.841944
v -0.551215 1.043639 -21.800535
v -0.498177 1.068433 -21.859068
v -0.535751 1.050924 -21.841944
v -0.265064 1.149332 -22.063936
v -0.289858 1.081980 -22.046810
v -0.305066 1.138597 -22.046810
v -0.329860 1.071244 -22.063936
v -0.249855 1.092715 -22.063936
v -0.248577 1.153805 -22.105345
v -0.233369 1.097061 -22.105345
v -0.345069 1.127989 -22.063936
v -0.346474 1.066899 -22.105345
v -0.361683 1.123516 -22.105345
v -0.329860 1.071244 -22.146626
v -0.345069 1.127989 -22.146626
v -0.289858 1.081980 -22.163879
v -0.305066 1.138597 -22.163879
v -0.249855 1.092715 -22.146626
v -0.265064 1.149332 -22.146626
v -0.233369 1.097061 -22.105345
v -0.248577 1.153805 -22.105345
v -0.305066 1.138597 -22.046810
v -0.308389 1.150738 -22.105345
v -0.265064 1.149332 -22.063936
v -0.248577 1.153805 -22.105345
v -0.345069 1.127989 -22.063936
v -0.265064 1.149332 -22.146626
v -0.361683 1.123516 -22.105345
v -0.305066 1.138597 -22.163879
v -0.345069 1.127989 -22.146626
v 0.345069 1.127989 -22.063936
v 0.289985 1.081980 -22.046810
v 0.305066 1.138597 -22.046810
v 0.249983 1.092715 -22.063936
v 0.329988 1.071244 -22.063936
v 0.361683 1.123516 -22.105345
v 0.346474 1.066899 -22.105345
v 0.265064 1.149332 -22.063936
v 0.233369 1.097061 -22.105345
v 0.248577 1.153805 -22.105345
v 0.249983 1.092715 -22.146626
v 0.265064 1.149332 -22.146626
v 0.289985 1.081980 -22.163879
v 0.305066 1.138597 -22.163879
v 0.329988 1.071244 -22.146626
v 0.345069 1.127989 -22.146626
v 0.346474 1.066899 -22.105345
v 0.361683 1.123516 -22.105345
v 0.305066 1.138597 -22.046810
v 0.308389 1.150738 -22.105345
v 0.345069 1.127989 -22.063936
v 0.361683 1.123516 -22.105345
v 0.265064 1.149332 -22.063936
v 0.345069 1.127989 -22.146626
v 0.248577 1.153805 -22.105345
v 0.305066 1.138597 -22.163879
v 0.265064 1.149332 -22.146626
v 0.535751 1.050924 -21.759127
v 0.473383 1.015139 -21.742001
v 0.498177 1.068433 -21.742001
v 0.435809 1.032648 -21.759127
v 0.510829 0.997758 -21.759127
v 0.551215 1.043639 -21.800535
v 0.526421 0.990473 -21.800535
v 0.460603 1.085942 -21.759127
v 0.420345 1.039933 -21.800535
v 0.445138 1.093099 -21.800535
v 0.435809 1.032648 -21.841944
v 0.460603 1.085942 -21.841944
v 0.473383 1.015139 -21.859068
v 0.498177 1.068433 -21.859068
v 0.510829 0.997758 -21.841944
v 0.535751 1.050924 -21.841944
v 0.526421 0.990473 -21.800535
v 0.551215 1.043639 -21.800535
v 0.498177 1.068433 -21.742001
v 0.503417 1.079679 -21.800535
v 0.535751 1.050924 -21.759127
v 0.551215 1.043639 -21.800535
v 0.460603 1.085942 -21.759127
v 0.535751 1.050924 -21.841944
v 0.445138 1.093099 -21.800535
v 0.498177 1.068433 -21.859068
v 0.460603 1.085942 -21.841944
v 0.535751 1.050924 -21.050201
v 0.473383 1.015139 -21.033077
v 0.498177 1.068433 -21.033077
v 0.435809 1.032648 -21.050201
v 0.510829 0.997758 -21.050201
v 0.551215 1.043639 -21.091610
v 0.526421 0.990473 -21.091610
v 0.460603 1.085942 -21.050201
v 0.420345 1.039933 -21.091610
v 0.445138 1.093099 -21.091610
v 0.435809 1.032648 -21.133018
v 0.460603 1.085942 -21.133018
v 0.473383 1.015139 -21.150143
v 0.498177 1.068433 -21.150143
v 0.510829 0.997758 -21.133018
v 0.535751 1.050924 -21.133018
v 0.526421 0.990473 -21.091610
v 0.551215 1.043639 -21.091610
v 0.498177 1.068433 -21.033077
v 0.503417 1.079679 -21.091610
v 0.535751 1.050924 -21.050201
v 0.551215 1.043639 -21.091610
v 0.460603 1.085942 -21.050201
v 0.535751 1.050924 -21.133018
v 0.445138 1.093099 -21.091610
v 0.498177 1.068433 -21.150143
v 0.460603 1.085942 -21.133018
v 1.085943 0.460729 -21.759127
v 1.015140 0.473381 -21.742001
v 1.068434 0.498175 -21.742001
v 0.997759 0.510955 -21.759127
v 1.032649 0.435935 -21.759127
v 1.093100 0.445137 -21.800535
v 1.039934 0.420343 -21.800535
v 1.050925 0.535749 -21.759127
v 0.990474 0.526420 -21.800535
v 1.043641 0.551213 -21.800535
v 0.997759 0.510955 -21.841944
v 1.050925 0.535749 -21.841944
v 1.015140 0.473381 -21.859068
v 1.068434 0.498175 -21.859068
v 1.032649 0.435935 -21.841944
v 1.085943 0.460729 -21.841944
v 1.039934 0.420343 -21.800535
v 1.093100 0.445137 -21.800535
v 1.068434 0.498175 -21.742001
v 1.079681 0.503543 -21.800535
v 1.085943 0.460729 -21.759127
v 1.093100 0.445137 -21.800535
v 1.050925 0.535749 -21.759127
v 1.085943 0.460729 -21.841944
v 1.043641 0.551213 -21.800535
v 1.068434 0.498175 -21.859068
v 1.050925 0.535749 -21.841944
v -0.625341 -1.000189 -21.050201
v -0.560033 -0.970028 -21.033077
v -0.589428 -1.020893 -21.033077
v -0.524249 -0.990732 -21.050201
v -0.595946 -0.949451 -21.050201
v -0.640166 -0.991626 -21.091610
v -0.610771 -0.940761 -21.091610
v -0.553643 -1.041597 -21.050201
v -0.509423 -0.999294 -21.091610
v -0.538690 -1.050160 -21.091610
v -0.524249 -0.990732 -21.133018
v -0.553643 -1.041597 -21.133018
v -0.560033 -0.970028 -21.150143
v -0.589428 -1.020893 -21.150143
v -0.595946 -0.949451 -21.133018
v -0.625341 -1.000189 -21.133018
v -0.610771 -0.940761 -21.091610
v -0.640166 -0.991626 -21.091610
v -0.589428 -1.020893 -21.033077
v -0.595691 -1.031756 -21.091610
v -0.625341 -1.000189 -21.050201
v -0.640166 -0.991626 -21.091610
v -0.553643 -1.041597 -21.050201
v -0.625341 -1.000189 -21.133018
v -0.538690 -1.050160 -21.091610
v -0.589428 -1.020893 -21.150143
v -0.553643 -1.041597 -21.133018
v -0.625341 -1.000189 -21.759127
v -0.560033 -0.970028 -21.742001
v -0.589428 -1.020893 -21.742001
v -0.524249 -0.990732 -21.759127
v -0.595946 -0.949451 -21.759127
v -0.640166 -0.991626 -21.800535
v -0.610771 -0.940761 -21.800535
v -0.553643 -1.041597 -21.759127
v -0.509423 -0.999295 -21.800535
v -0.538690 -1.050160 -21.800535
v -0.524249 -0.990732 -21.841944
v -0.553643 -1.041597 -21.841944
v -0.560033 -0.970028 -21.859068
v -0.589428 -1.020893 -21.859068
v -0.595946 -0.949451 -21.841944
v -0.625341 -1.000189 -21.841944
v -0.610771 -0.940761 -21.800535
v -0.640166 -0.991626 -21.800535
v -0.589428 -1.020893 -21.742001
v -0.595691 -1.031757 -21.800535
v -0.625341 -1.000189 -21.759127
v -0.640166 -0.991626 -21.800535
v -0.553643 -1.041597 -21.759127
v -0.625341 -1.000189 -21.841944
v -0.538690 -1.050160 -21.800535
v -0.589428 -1.020893 -21.859068
v -0.553643 -1.041597 -21.841944
v 0.000000 -1.124028 6.068988
v -0.091763 -1.166331 6.042661
v -0.091763 -1.119939 6.042661
v 0.000000 -1.170037 6.061193
v 0.091763 -1.166331 6.042661
v 0.091763 -1.119939 6.042661
v -0.449611 -1.099748 -20.833193
v -0.449611 -1.038147 -20.945276
v -0.449611 -1.038147 -20.833193
v -0.449611 -1.038145 1.080065
v -0.449611 -1.099746 1.080065
v -0.409609 -1.111248 1.080065
v -0.409609 -1.111250 -20.833193
v -0.409609 -1.111250 -20.945276
v -0.449611 -1.099748 -20.945276
v -0.409609 -1.111250 -21.072311
v -0.449611 -1.099748 -21.072311
v -0.449611 -1.038147 -21.072311
v -0.409609 -1.111250 -21.483582
v -0.449611 -1.099748 -21.483582
v -0.449611 -1.038147 -21.483582
v -0.409609 -1.111250 -21.890381
v -0.449611 -1.099748 -21.890381
v -0.449611 -1.038147 -21.890381
v -0.409609 -1.111250 -22.255129
v -0.449611 -1.038147 -22.255129
v -0.449611 -1.099748 -22.255129
v -0.162438 -1.313562 -20.945276
v -0.281550 -1.294008 -20.833193
v -0.166528 -1.313179 -20.833193
v -0.281550 -1.293879 1.080065
v -0.170489 -1.312283 1.080065
v -0.332927 -1.285316 1.080065
v 0.000128 -1.325448 -20.833193
v 0.000128 -1.324552 1.080065
v 0.170362 -1.315989 1.080065
v 0.166400 -1.317141 -20.833193
v 0.281678 -1.294646 1.080065
v 0.162310 -1.317396 -20.945276
v 0.281678 -1.295159 -20.833193
v 0.332927 -1.285316 1.080065
v 0.332927 -1.285318 -20.833193
v 0.379959 -1.255921 1.080065
v 0.281550 -1.295287 -20.944637
v 0.000128 -1.325448 -20.945276
v 0.379320 -1.255412 -20.833193
v 0.409737 -1.208634 1.080065
v 0.409737 -1.208636 -20.833193
v 0.379320 -1.255412 -20.944637
v 0.409737 -1.159941 1.080065
v 0.332927 -1.285318 -20.944637
v 0.409737 -1.208636 -20.944637
v 0.281678 -1.303466 -21.072311
v 0.375486 -1.265636 -21.071672
v 0.409098 -1.208636 -21.072311
v 0.409737 -1.159943 -20.945276
v 0.409737 -1.159943 -20.833193
v 0.409737 -1.111248 1.080065
v 0.409737 -1.111250 -20.833193
v 0.409737 -1.111250 -20.945276
v 0.409354 -1.159943 -21.072311
v 0.409737 -1.111250 -21.072311
v 0.409737 -1.111250 -21.483582
v 0.407564 -1.208636 -21.483582
v 0.408587 -1.159943 -21.483582
v 0.409737 -1.111250 -21.890381
v 0.364239 -1.289791 -21.484222
v 0.406158 -1.208636 -21.890381
v 0.407948 -1.159943 -21.890381
v 0.409737 -1.111250 -22.255129
v 0.407436 -1.159943 -22.255129
v 0.405264 -1.208636 -22.255129
v 0.353759 -1.312412 -21.890381
v 0.340595 -1.327237 -22.255129
v 0.269026 -1.342063 -21.484222
v 0.257012 -1.378359 -21.890381
v 0.241676 -1.393056 -22.255129
v 0.156687 -1.328260 -21.072311
v 0.140456 -1.373119 -21.483582
v 0.000000 -1.337206 -21.072311
v 0.127803 -1.412738 -21.890381
v 0.120518 -1.431780 -22.255129
v 0.000000 -1.385132 -21.483582
v -0.156814 -1.325448 -21.072311
v 0.000000 -1.423857 -21.890381
v 0.000000 -1.445200 -22.255129
v -0.120646 -1.431780 -22.255129
v -0.127803 -1.412738 -21.890381
v -0.241548 -1.393056 -22.255129
v -0.140583 -1.372352 -21.483582
v -0.257012 -1.378359 -21.890381
v -0.340468 -1.327237 -22.255129
v -0.269153 -1.342318 -21.484222
v -0.353759 -1.312412 -21.890381
v -0.405264 -1.208636 -22.255129
v -0.281550 -1.302955 -21.072311
v -0.364239 -1.289791 -21.484222
v -0.281550 -1.293881 -20.944637
v -0.332927 -1.285318 -20.944637
v -0.375486 -1.265636 -21.071672
v -0.332927 -1.285318 -20.833193
v -0.379320 -1.255412 -20.944637
v -0.379320 -1.255412 -20.833193
v -0.379959 -1.255921 1.080065
v -0.409609 -1.208634 1.080065
v -0.409609 -1.208636 -20.833193
v -0.409609 -1.159941 1.080065
v -0.409098 -1.208636 -21.072311
v -0.409609 -1.208636 -20.944637
v -0.407436 -1.208636 -21.483582
v -0.409354 -1.159943 -21.072311
v -0.409609 -1.159943 -20.945276
v -0.409609 -1.159943 -20.833193
v -0.409609 -1.111250 -20.833193
v -0.409609 -1.111248 1.080065
v -0.409609 -1.111250 -20.945276
v -0.409609 -1.111250 -21.072311
v -0.408587 -1.159943 -21.483582
v -0.409609 -1.111250 -21.483582
v -0.406158 -1.208636 -21.890381
v -0.407948 -1.159943 -21.890381
v -0.409609 -1.111250 -21.890381
v -0.407436 -1.159943 -22.255129
v -0.409609 -1.111250 -22.255129
v -0.409609 -1.159941 5.440836
v -0.409609 -1.111248 5.372334
v -0.409609 -1.111248 5.440836
v -0.409609 -1.159941 5.372334
v -0.409609 -1.111248 2.528458
v -0.399768 -1.160069 5.515090
v -0.399896 -1.112910 5.515090
v -0.370246 -1.160580 5.580781
v -0.370374 -1.118021 5.580781
v -0.300721 -1.130035 5.696442
v -0.300593 -1.162114 5.696442
v -0.230940 -1.142176 5.812104
v -0.370246 -1.203394 5.580781
v -0.399768 -1.207356 5.515090
v -0.409609 -1.208634 5.440836
v -0.230940 -1.166203 5.812104
v -0.161160 -1.154190 5.927638
v -0.380853 -1.256560 5.440836
v -0.161160 -1.170165 5.927638
v -0.091763 -1.166331 6.042661
v -0.154642 -1.185885 5.927638
v -0.218032 -1.205567 5.812104
v -0.230940 -1.182179 5.812104
v -0.281295 -1.225248 5.696442
v -0.300593 -1.194064 5.696442
v -0.344429 -1.244930 5.580781
v -0.371652 -1.253621 5.515090
v -0.409609 -1.208634 5.372334
v -0.404625 -1.216814 3.584112
v -0.407436 -1.197388 3.566347
v -0.380087 -1.255921 3.609161
v -0.404114 -1.217453 3.548455
v -0.409609 -1.159941 2.528458
v -0.409609 -1.111248 1.080065
v -0.409609 -1.159941 1.080065
v -0.380087 -1.255921 5.372334
v -0.332927 -1.285316 5.372334
v -0.344813 -1.277904 3.609928
v -0.319508 -1.287616 3.584878
v -0.409609 -1.197388 1.315606
v -0.409609 -1.208634 1.080065
v -0.409609 -1.208634 2.528458
v -0.378936 -1.256688 3.524172
v -0.404114 -1.217453 1.298480
v -0.378936 -1.256688 1.273431
v -0.404625 -1.216814 1.333498
v -0.379959 -1.255921 1.080065
v -0.343663 -1.278670 1.274197
v -0.332927 -1.285316 1.080065
v -0.319124 -1.287617 1.299247
v -0.281550 -1.293879 1.080065
v -0.380087 -1.255921 2.528458
v -0.380087 -1.255921 1.358420
v -0.343663 -1.278670 3.524939
v -0.344813 -1.277904 1.359187
v -0.332927 -1.285316 2.528458
v -0.319124 -1.287616 3.549860
v -0.319508 -1.287617 1.334904
v -0.281678 -1.293879 2.528458
v -0.281678 -1.293879 5.372334
v -0.170873 -1.312155 2.528458
v -0.170873 -1.312155 5.372334
v -0.170489 -1.312283 1.080065
v -0.281550 -1.293751 5.440836
v 0.000128 -1.324424 2.528458
v 0.000128 -1.324552 1.080065
v 0.000128 -1.324424 5.372334
v 0.000128 -1.324040 5.440836
v 0.170745 -1.315861 2.528458
v 0.170362 -1.315989 1.080065
v 0.170745 -1.315861 5.372334
v 0.281678 -1.294390 2.528458
v 0.281678 -1.294646 1.080065
v 0.170489 -1.315477 5.440836
v 0.319124 -1.287617 1.299247
v 0.332927 -1.285316 1.080065
v 0.343663 -1.278670 1.274197
v 0.379959 -1.255921 1.080065
v 0.378936 -1.256688 1.273431
v 0.409737 -1.208634 1.080065
v 0.404114 -1.217453 1.298480
v 0.319636 -1.287617 1.334904
v 0.409737 -1.197388 1.315606
v 0.409737 -1.159941 1.080065
v 0.404625 -1.216814 1.333498
v 0.409737 -1.111248 2.528458
v 0.409737 -1.111248 1.080065
v 0.409737 -1.159941 2.528458
v 0.409737 -1.111248 5.372334
v 0.409737 -1.208634 2.528458
v 0.380087 -1.255921 2.528458
v 0.380087 -1.255921 1.358420
v 0.404114 -1.217453 3.548455
v 0.378936 -1.256688 3.524172
v 0.407564 -1.197388 3.566347
v 0.343663 -1.278670 3.524939
v 0.404625 -1.216814 3.584112
v 0.344813 -1.277904 1.359187
v 0.332927 -1.285316 2.528458
v 0.319124 -1.287616 3.549860
v 0.319636 -1.287616 3.584878
v 0.281678 -1.294390 5.372334
v 0.332927 -1.285316 5.372334
v 0.344813 -1.277904 3.609928
v 0.281678 -1.294646 5.440836
v 0.380087 -1.255921 3.609161
v 0.380087 -1.255921 5.372334
v 0.332927 -1.285316 5.440836
v 0.166528 -1.311260 5.515856
v 0.409737 -1.208634 5.372334
v 0.409737 -1.159941 5.372334
v 0.409737 -1.159941 5.440836
v 0.409737 -1.111248 5.440836
v 0.409737 -1.208634 5.440836
v 0.399768 -1.112910 5.515090
v 0.380726 -1.256560 5.440836
v 0.399768 -1.207356 5.515090
v 0.399768 -1.160069 5.515090
v 0.370374 -1.118021 5.580781
v 0.371779 -1.253621 5.515090
v 0.370246 -1.203394 5.580781
v 0.344429 -1.244930 5.580781
v 0.281295 -1.225248 5.696442
v 0.370246 -1.160580 5.580781
v 0.300593 -1.194064 5.696442
v 0.217904 -1.205567 5.812104
v 0.300721 -1.162114 5.696442
v 0.300721 -1.130035 5.696442
v 0.230940 -1.166203 5.812104
v 0.230940 -1.142176 5.812104
v 0.230813 -1.182179 5.812104
v 0.154642 -1.185885 5.927638
v 0.161032 -1.170165 5.927638
v 0.161160 -1.154190 5.927638
v 0.091763 -1.166331 6.042661
v -0.409609 -1.111248 5.372334
v -0.449611 -1.099746 5.440836
v -0.409609 -1.111248 5.440836
v -0.399896 -1.112910 5.515090
v -0.438493 -1.101663 5.514323
v -0.370374 -1.118021 5.580781
v -0.449611 -1.099746 5.372334
v -0.449611 -1.038145 5.372334
v -0.449611 -1.038145 5.440836
v -0.449611 -1.038145 2.528458
v -0.438493 -1.040445 5.514323
v -0.405136 -1.047730 5.580014
v -0.449611 -1.099746 2.528458
v -0.449611 -1.038145 1.080065
v -0.409609 -1.111248 2.528458
v -0.449611 -1.099746 1.080065
v -0.409609 -1.111248 1.080065
v -0.405008 -1.107542 5.580014
v -0.326793 -1.065750 5.696442
v -0.326665 -1.122239 5.696442
v -0.300721 -1.130035 5.696442
v -0.248449 -1.083898 5.812104
v -0.248194 -1.137064 5.812104
v -0.230940 -1.142176 5.812104
v -0.170106 -1.101918 5.927638
v -0.169723 -1.151762 5.927638
v -0.161160 -1.154190 5.927638
v -0.091763 -1.166331 6.042661
v -0.091763 -1.119939 6.042661
v -0.156303 -1.294645 5.580781
v -0.277077 -1.289406 5.515856
v -0.259313 -1.277009 5.580781
v -0.209342 -1.281993 5.592155
v -0.178158 -1.281737 5.610686
v -0.243721 -1.273814 5.600079
v -0.168445 -1.273175 5.645065
v -0.301871 -1.269852 5.580781
v -0.261230 -1.261928 5.629345
v -0.325259 -1.281482 5.515856
v -0.371652 -1.253621 5.515090
v -0.344429 -1.244930 5.580781
v -0.281295 -1.225248 5.696442
v -0.333055 -1.285316 5.440836
v -0.249344 -1.243908 5.696442
v -0.251644 -1.253365 5.663597
v -0.218032 -1.205567 5.812104
v -0.220460 -1.253109 5.682128
v -0.194005 -1.218475 5.812104
v -0.154642 -1.185885 5.927638
v -0.217521 -1.249403 5.696442
v -0.138794 -1.192914 5.927638
v -0.091763 -1.166331 6.042661
v -0.178158 -1.221159 5.812104
v -0.138794 -1.262823 5.696442
v -0.186081 -1.261289 5.674332
v -0.123074 -1.230488 5.812104
v -0.107355 -1.198282 5.927638
v 0.000000 -1.274197 5.696442
v 0.000000 -1.208378 5.927638
v 0.000000 -1.241224 5.812104
v 0.000000 -1.170037 6.061193
v 0.000000 -1.306276 5.580781
v 0.107355 -1.199176 5.927638
v 0.091763 -1.166331 6.042661
v 0.123074 -1.231511 5.812104
v 0.138794 -1.264100 5.696442
v 0.138794 -1.193042 5.927638
v 0.154642 -1.185885 5.927638
v 0.217904 -1.205567 5.812104
v 0.178158 -1.221414 5.812104
v 0.194005 -1.218475 5.812104
v 0.281295 -1.225248 5.696442
v 0.217393 -1.249787 5.696442
v 0.249344 -1.243908 5.696442
v 0.344429 -1.244930 5.580781
v 0.220460 -1.253109 5.682128
v 0.186081 -1.261289 5.674332
v 0.251644 -1.253365 5.663597
v 0.168445 -1.273175 5.645065
v 0.261230 -1.261928 5.629345
v 0.156303 -1.296307 5.580781
v 0.178158 -1.281737 5.610686
v 0.209342 -1.281993 5.592155
v 0.301871 -1.269852 5.580781
v 0.243721 -1.273814 5.600079
v 0.259313 -1.277520 5.580781
v 0.371779 -1.253621 5.515090
v 0.277077 -1.290428 5.515856
v 0.325259 -1.281482 5.515856
v 0.000128 -1.319567 5.515856
v -0.166655 -1.307682 5.515856
v -0.170617 -1.311899 5.440836
v -0.449611 -1.038147 -22.255129
v -0.409609 -1.111250 -22.255129
v -0.409609 -1.052205 -22.255129
v -0.449611 -1.099748 -22.255129
v 0.449611 -1.099748 -20.833193
v 0.449611 -1.038147 -20.945276
v 0.449611 -1.099748 -20.945276
v 0.449611 -1.038147 -20.833193
v 0.449611 -1.038145 1.080065
v 0.449611 -1.099746 1.080065
v 0.409737 -1.111250 -20.833193
v 0.409737 -1.111248 1.080065
v 0.409737 -1.111250 -20.945276
v 0.409737 -1.111250 -21.072311
v 0.449611 -1.099748 -21.072311
v 0.449611 -1.038147 -21.072311
v 0.409737 -1.111250 -21.483582
v 0.449611 -1.099748 -21.483582
v 0.449611 -1.038147 -21.483582
v 0.409737 -1.111250 -21.890381
v 0.449611 -1.099748 -21.890381
v 0.449611 -1.038147 -21.890381
v 0.409737 -1.111250 -22.255129
v 0.449611 -1.038147 -22.255129
v 0.449611 -1.099748 -22.255129
v 0.449611 -1.099746 5.440836
v 0.409737 -1.111248 5.372334
v 0.409737 -1.111248 5.440836
v 0.399768 -1.112910 5.515090
v 0.449611 -1.099746 5.372334
v 0.438493 -1.101663 5.514323
v 0.409737 -1.111248 2.528458
v 0.449611 -1.038145 5.440836
v 0.449611 -1.038145 5.372334
v 0.438493 -1.040445 5.514323
v 0.370374 -1.118021 5.580781
v 0.405136 -1.047730 5.580014
v 0.449611 -1.099746 2.528458
v 0.409737 -1.111248 1.080065
v 0.449611 -1.038145 2.528458
v 0.449611 -1.099746 1.080065
v 0.449611 -1.038145 1.080065
v 0.405008 -1.107542 5.580014
v 0.326793 -1.065750 5.696442
v 0.326665 -1.122239 5.696442
v 0.300721 -1.130035 5.696442
v 0.230940 -1.142176 5.812104
v 0.248194 -1.137064 5.812104
v 0.248322 -1.083898 5.812104
v 0.161160 -1.154190 5.927638
v 0.169723 -1.151762 5.927638
v 0.170106 -1.101918 5.927638
v 0.091763 -1.166331 6.042661
v 0.091763 -1.119939 6.042661
v 0.449611 -1.038147 -22.255129
v 0.409737 -1.111250 -22.255129
v 0.449611 -1.099748 -22.255129
v 0.409737 -1.052205 -22.255129
v -0.343663 -1.278670 3.524939
v -0.319124 -1.174127 3.549860
v -0.319124 -1.287616 3.549860
v -0.319508 -1.287616 3.584878
v -0.343663 -1.174127 3.524939
v -0.319508 -1.173999 3.584878
v -0.378936 -1.256688 3.524172
v -0.344813 -1.277904 3.609928
v -0.378936 -1.174127 3.524172
v -0.404114 -1.173999 3.548455
v -0.404114 -1.217453 3.548455
v -0.344813 -1.173999 3.609928
v -0.380087 -1.255921 3.609161
v -0.380087 -1.173872 3.609161
v -0.404625 -1.216814 3.584112
v -0.404625 -1.173872 3.584112
v -0.404114 -1.173999 3.548455
v -0.404114 -1.217453 3.548455
v -0.343663 -1.278670 1.274197
v -0.319124 -1.174127 1.299247
v -0.319124 -1.287617 1.299247
v -0.319508 -1.287617 1.334904
v -0.343663 -1.174127 1.274197
v -0.319508 -1.174000 1.334904
v -0.378936 -1.256688 1.273431
v -0.344813 -1.277904 1.359187
v -0.378936 -1.174000 1.273431
v -0.344813 -1.174000 1.359187
v -0.404114 -1.217453 1.298480
v -0.380087 -1.255921 1.358420
v -0.404114 -1.174000 1.298480
v -0.404625 -1.216814 1.333498
v -0.404625 -1.173872 1.333498
v -0.380087 -1.173872 1.358420
v -0.404625 -1.216814 1.333498
v -0.404625 -1.173872 1.333498
v -0.404114 -1.173999 3.548455
v -0.343663 -1.174127 3.524939
v -0.378936 -1.174127 3.524172
v -0.380087 -1.173872 3.609161
v -0.404625 -1.173872 3.584112
v -0.319508 -1.173999 3.584878
v -0.344813 -1.173999 3.609928
v -0.319124 -1.174127 3.549860
v -0.404114 -1.174000 1.298480
v -0.343663 -1.174127 1.274197
v -0.378936 -1.174000 1.273431
v -0.380087 -1.173872 1.358420
v -0.404625 -1.173872 1.333498
v -0.319508 -1.174000 1.334904
v -0.344813 -1.174000 1.359187
v -0.319124 -1.174127 1.299247
v -0.330499 -1.170421 3.581300
v -0.349158 -1.202883 3.599192
v -0.349158 -1.170293 3.599192
v -0.330499 -1.203011 3.581300
v -0.330116 -1.170549 3.554845
v -0.330116 -1.203011 3.554845
v -0.348391 -1.170549 3.536313
v -0.348391 -1.203011 3.536313
v -0.374463 -1.170421 3.535674
v -0.374463 -1.203011 3.535674
v -0.393122 -1.170421 3.554206
v -0.393122 -1.202883 3.554206
v -0.393506 -1.170293 3.579894
v -0.393506 -1.202883 3.579894
v -0.375358 -1.170293 3.599192
v -0.375358 -1.202883 3.599192
v -0.349158 -1.170293 3.599192
v -0.349158 -1.202883 3.599192
v -0.330499 -1.203011 3.581300
v -0.361811 -1.212340 3.567753
v -0.349158 -1.202883 3.599192
v -0.375358 -1.202883 3.599192
v -0.330116 -1.203011 3.554845
v -0.393506 -1.202883 3.579894
v -0.348391 -1.203011 3.536313
v -0.393122 -1.202883 3.554206
v -0.374463 -1.203011 3.535674
v -0.186081 -1.227293 5.674332
v -0.243721 -1.227421 5.600718
v -0.220460 -1.227293 5.682128
v -0.251644 -1.227293 5.663597
v -0.261230 -1.227293 5.629984
v -0.209342 -1.227549 5.592922
v -0.178158 -1.227549 5.611453
v -0.168445 -1.227421 5.645065
v -0.243721 -1.227421 5.600718
v -0.261230 -1.261928 5.629345
v -0.261230 -1.227293 5.629984
v -0.251644 -1.253365 5.663597
v -0.243721 -1.273814 5.600079
v -0.251644 -1.227293 5.663597
v -0.220460 -1.253109 5.682128
v -0.220460 -1.227293 5.682128
v -0.209342 -1.227549 5.592922
v -0.209342 -1.281993 5.592155
v -0.178158 -1.227549 5.611453
v -0.178158 -1.281737 5.610686
v -0.168445 -1.227421 5.645065
v -0.168445 -1.273175 5.645065
v -0.186081 -1.227293 5.674332
v -0.186081 -1.261289 5.674332
v -0.220460 -1.227293 5.682128
v -0.220460 -1.253109 5.682128
v 0.343663 -1.278670 3.524939
v 0.319124 -1.174127 3.549860
v 0.343663 -1.174127 3.524939
v 0.319124 -1.287616 3.549860
v 0.378936 -1.256688 3.524172
v 0.319636 -1.287616 3.584878
v 0.378936 -1.174127 3.524172
v 0.404114 -1.173999 3.548455
v 0.404114 -1.217453 3.548455
v 0.319636 -1.173999 3.584878
v 0.344813 -1.277904 3.609928
v 0.344813 -1.173999 3.609928
v 0.380087 -1.255921 3.609161
v 0.379959 -1.173872 3.609161
v 0.404625 -1.216814 3.584112
v 0.404625 -1.173872 3.584112
v 0.404114 -1.173999 3.548455
v 0.404114 -1.217453 3.548455
v 0.343663 -1.278670 1.274197
v 0.319124 -1.174127 1.299247
v 0.343663 -1.174127 1.274197
v 0.319124 -1.287617 1.299247
v 0.378936 -1.256688 1.273431
v 0.319636 -1.287617 1.334904
v 0.378936 -1.174000 1.273431
v 0.319636 -1.174000 1.334904
v 0.404114 -1.217453 1.298480
v 0.344813 -1.277904 1.359187
v 0.404114 -1.174000 1.298480
v 0.404625 -1.216814 1.333498
v 0.404625 -1.173872 1.333498
v 0.344813 -1.174000 1.359187
v 0.380087 -1.255921 1.358420
v 0.379959 -1.173872 1.358420
v 0.404625 -1.216814 1.333498
v 0.404625 -1.173872 1.333498
v 0.404114 -1.173999 3.548455
v 0.379959 -1.173872 3.609161
v 0.404625 -1.173872 3.584112
v 0.343663 -1.174127 3.524939
v 0.378936 -1.174127 3.524172
v 0.319636 -1.173999 3.584878
v 0.319124 -1.174127 3.549860
v 0.344813 -1.173999 3.609928
v 0.404114 -1.174000 1.298480
v 0.379959 -1.173872 1.358420
v 0.404625 -1.173872 1.333498
v 0.343663 -1.174127 1.274197
v 0.378936 -1.174000 1.273431
v 0.319636 -1.174000 1.334904
v 0.319124 -1.174127 1.299247
v 0.344813 -1.174000 1.359187
v 0.186081 -1.227293 5.674332
v 0.178158 -1.227549 5.611453
v 0.168445 -1.227421 5.645065
v 0.209342 -1.227549 5.592922
v 0.243721 -1.227421 5.600718
v 0.220460 -1.227293 5.682128
v 0.251644 -1.227293 5.663597
v 0.261230 -1.227293 5.629984
v 0.243721 -1.227421 5.600718
v 0.261230 -1.261928 5.629345
v 0.243721 -1.273814 5.600079
v 0.261230 -1.227293 5.629984
v 0.209342 -1.227549 5.592922
v 0.251644 -1.253365 5.663597
v 0.209342 -1.281993 5.592155
v 0.251644 -1.227293 5.663597
v 0.220460 -1.253109 5.682128
v 0.220460 -1.227293 5.682128
v 0.178158 -1.227549 5.611453
v 0.178158 -1.281737 5.610686
v 0.168445 -1.227421 5.645065
v 0.168445 -1.273175 5.645065
v 0.186081 -1.227293 5.674332
v 0.186081 -1.261289 5.674332
v 0.220460 -1.227293 5.682128
v 0.220460 -1.253109 5.682128
v -0.330499 -1.170421 1.330559
v -0.349158 -1.202883 1.348451
v -0.349158 -1.170293 1.348451
v -0.330499 -1.203011 1.330559
v -0.330116 -1.170549 1.304231
v -0.330116 -1.203011 1.304231
v -0.348391 -1.170549 1.285572
v -0.348391 -1.203011 1.285572
v -0.374463 -1.170421 1.284933
v -0.374463 -1.203011 1.284933
v -0.393122 -1.170421 1.303465
v -0.393122 -1.202883 1.303465
v -0.393506 -1.170293 1.329920
v -0.393506 -1.202883 1.329920
v -0.375358 -1.170293 1.348451
v -0.375358 -1.202883 1.348451
v -0.349158 -1.170293 1.348451
v -0.349158 -1.202883 1.348451
v -0.330499 -1.203011 1.330559
v -0.361811 -1.212341 1.317012
v -0.349158 -1.202883 1.348451
v -0.375358 -1.202883 1.348451
v -0.330116 -1.203011 1.304231
v -0.393506 -1.202883 1.329920
v -0.348391 -1.203011 1.285572
v -0.393122 -1.202883 1.303465
v -0.374463 -1.203011 1.284933
v 0.392611 -1.170421 1.330559
v 0.373952 -1.202883 1.348451
v 0.373952 -1.170293 1.348451
v 0.392611 -1.203011 1.330559
v 0.392995 -1.170549 1.304231
v 0.392995 -1.203011 1.304231
v 0.374719 -1.170549 1.285572
v 0.374719 -1.203011 1.285572
v 0.348647 -1.170421 1.284933
v 0.348647 -1.203011 1.284933
v 0.329988 -1.170421 1.303465
v 0.329988 -1.202883 1.303465
v 0.329604 -1.170293 1.329920
v 0.329604 -1.202883 1.329920
v 0.347880 -1.170293 1.348451
v 0.347880 -1.202883 1.348451
v 0.373952 -1.170293 1.348451
v 0.373952 -1.202883 1.348451
v 0.392611 -1.203011 1.330559
v 0.361300 -1.212341 1.317012
v 0.373952 -1.202883 1.348451
v 0.347880 -1.202883 1.348451
v 0.392995 -1.203011 1.304231
v 0.329604 -1.202883 1.329920
v 0.374719 -1.203011 1.285572
v 0.329988 -1.202883 1.303465
v 0.348647 -1.203011 1.284933
v 0.392611 -1.170421 3.581300
v 0.373952 -1.202883 3.599192
v 0.373952 -1.170293 3.599192
v 0.392611 -1.203011 3.581300
v 0.392995 -1.170549 3.554845
v 0.392995 -1.203011 3.554845
v 0.374719 -1.170549 3.536313
v 0.374719 -1.203011 3.536313
v 0.348647 -1.170421 3.535674
v 0.348647 -1.203011 3.535674
v 0.329988 -1.170421 3.554206
v 0.329988 -1.202883 3.554206
v 0.329604 -1.170293 3.579894
v 0.329604 -1.202883 3.579894
v 0.347880 -1.170293 3.599192
v 0.347880 -1.202883 3.599192
v 0.373952 -1.170293 3.599192
v 0.373952 -1.202883 3.599192
v 0.392611 -1.203011 3.581300
v 0.361300 -1.212340 3.567753
v 0.373952 -1.202883 3.599192
v 0.347880 -1.202883 3.599192
v 0.392995 -1.203011 3.554845
v 0.329604 -1.202883 3.579894
v 0.374719 -1.203011 3.536313
v 0.329988 -1.202883 3.554206
v 0.348647 -1.203011 3.535674
v 0.245893 -1.207867 5.650050
v 0.227234 -1.240329 5.668581
v 0.227234 -1.207739 5.668581
v 0.245893 -1.240457 5.650050
v 0.246277 -1.207867 5.624361
v 0.246277 -1.240457 5.624361
v 0.228001 -1.207867 5.605702
v 0.228001 -1.240457 5.605702
v 0.201929 -1.207867 5.605063
v 0.201929 -1.240457 5.605063
v 0.183270 -1.207739 5.623594
v 0.183270 -1.240329 5.623594
v 0.182886 -1.207739 5.649283
v 0.182886 -1.240329 5.649283
v 0.201162 -1.207739 5.667814
v 0.201162 -1.240329 5.667814
v 0.227234 -1.207739 5.668581
v 0.227234 -1.240329 5.668581
v 0.245893 -1.240457 5.650050
v 0.214582 -1.249787 5.637142
v 0.227234 -1.240329 5.668581
v 0.201162 -1.240329 5.667814
v 0.246277 -1.240457 5.624361
v 0.182886 -1.240329 5.649283
v 0.228001 -1.240457 5.605702
v 0.183270 -1.240329 5.623594
v 0.201929 -1.240457 5.605063
v -0.183653 -1.207867 5.650050
v -0.202440 -1.240329 5.668581
v -0.202440 -1.207739 5.668581
v -0.183653 -1.240457 5.650050
v -0.183398 -1.207867 5.624361
v -0.183398 -1.240457 5.624361
v -0.201546 -1.207867 5.605702
v -0.201546 -1.240457 5.605702
v -0.227745 -1.207867 5.605063
v -0.227745 -1.240457 5.605063
v -0.246404 -1.207739 5.623594
v -0.246404 -1.240329 5.623594
v -0.246788 -1.207739 5.649283
v -0.246788 -1.240329 5.649283
v -0.228512 -1.207739 5.667814
v -0.228512 -1.240329 5.667814
v -0.202440 -1.207739 5.668581
v -0.202440 -1.240329 5.668581
v -0.183653 -1.240457 5.650050
v -0.215093 -1.249787 5.637142
v -0.202440 -1.240329 5.668581
v -0.228512 -1.240329 5.667814
v -0.183398 -1.240457 5.624361
v -0.246788 -1.240329 5.649283
v -0.201546 -1.240457 5.605702
v -0.246404 -1.240329 5.623594
v -0.227745 -1.240457 5.605063
v 0.312990 -1.280843 -1.445454
v 0.294331 -1.313433 -1.426922
v 0.294331 -1.280843 -1.426922
v 0.312990 -1.313433 -1.445454
v 0.313373 -1.280971 -1.471142
v 0.313373 -1.313561 -1.471142
v 0.295097 -1.280971 -1.490440
v 0.295097 -1.313561 -1.490440
v 0.269026 -1.280843 -1.490440
v 0.269026 -1.313433 -1.490440
v 0.250239 -1.280843 -1.471909
v 0.250239 -1.313433 -1.471909
v 0.249983 -1.280716 -1.446220
v 0.249983 -1.313305 -1.446220
v 0.268131 -1.280716 -1.427689
v 0.268131 -1.313305 -1.427689
v 0.294331 -1.280843 -1.426922
v 0.294331 -1.313433 -1.426922
v 0.312990 -1.313433 -1.445454
v 0.281678 -1.322763 -1.459001
v 0.294331 -1.313433 -1.426922
v 0.268131 -1.313305 -1.427689
v 0.313373 -1.313561 -1.471142
v 0.249983 -1.313305 -1.446220
v 0.295097 -1.313561 -1.490440
v 0.250239 -1.313433 -1.471909
v 0.269026 -1.313433 -1.490440
v 0.312990 -1.280843 -3.796904
v 0.294331 -1.313433 -3.779011
v 0.294331 -1.280843 -3.779011
v 0.312990 -1.313433 -3.796904
v 0.313373 -1.280971 -3.823231
v 0.313373 -1.313561 -3.823231
v 0.295097 -1.280971 -3.841891
v 0.295097 -1.313561 -3.841891
v 0.269026 -1.280843 -3.842530
v 0.269026 -1.313433 -3.842530
v 0.250239 -1.280843 -3.823998
v 0.250239 -1.313433 -3.823998
v 0.249983 -1.280716 -3.797543
v 0.249983 -1.313305 -3.797543
v 0.268131 -1.280716 -3.779011
v 0.268131 -1.313305 -3.779011
v 0.294331 -1.280843 -3.779011
v 0.294331 -1.313433 -3.779011
v 0.312990 -1.313433 -3.796904
v 0.281678 -1.322763 -3.810451
v 0.294331 -1.313433 -3.779011
v 0.268131 -1.313305 -3.779011
v 0.313373 -1.313561 -3.823231
v 0.249983 -1.313305 -3.797543
v 0.295097 -1.313561 -3.841891
v 0.250239 -1.313433 -3.823998
v 0.269026 -1.313433 -3.842530
v 0.312990 -1.280844 -6.163946
v 0.294331 -1.313434 -6.146053
v 0.294331 -1.280844 -6.146053
v 0.312990 -1.313434 -6.163946
v 0.313373 -1.280972 -6.190401
v 0.313373 -1.313561 -6.190401
v 0.295097 -1.280972 -6.208933
v 0.295097 -1.313561 -6.208933
v 0.269026 -1.280844 -6.209572
v 0.269026 -1.313434 -6.209572
v 0.250239 -1.280844 -6.191041
v 0.250239 -1.313434 -6.191041
v 0.249983 -1.280716 -6.164713
v 0.249983 -1.313306 -6.164713
v 0.268131 -1.280716 -6.146053
v 0.268131 -1.313306 -6.146053
v 0.294331 -1.280844 -6.146053
v 0.294331 -1.313434 -6.146053
v 0.312990 -1.313434 -6.163946
v 0.281678 -1.322763 -6.177493
v 0.294331 -1.313434 -6.146053
v 0.268131 -1.313306 -6.146053
v 0.313373 -1.313561 -6.190401
v 0.249983 -1.313306 -6.164713
v 0.295097 -1.313561 -6.208933
v 0.250239 -1.313434 -6.191041
v 0.269026 -1.313434 -6.209572
v 0.312990 -1.280844 -8.610993
v 0.294331 -1.313434 -8.592462
v 0.294331 -1.280844 -8.592462
v 0.312990 -1.313434 -8.610993
v 0.313373 -1.280972 -8.637321
v 0.313373 -1.313561 -8.637321
v 0.295097 -1.280972 -8.655980
v 0.295097 -1.313561 -8.655980
v 0.269026 -1.280844 -8.655980
v 0.269026 -1.313434 -8.655980
v 0.250239 -1.280844 -8.638087
v 0.250239 -1.313434 -8.638087
v 0.249983 -1.280716 -8.611632
v 0.249983 -1.313306 -8.611632
v 0.268131 -1.280716 -8.593101
v 0.268131 -1.313306 -8.593101
v 0.294331 -1.280844 -8.592462
v 0.294331 -1.313434 -8.592462
v 0.312990 -1.313434 -8.610993
v 0.281678 -1.322763 -8.624540
v 0.294331 -1.313434 -8.592462
v 0.268131 -1.313306 -8.593101
v 0.313373 -1.313561 -8.637321
v 0.249983 -1.313306 -8.611632
v 0.295097 -1.313561 -8.655980
v 0.250239 -1.313434 -8.638087
v 0.269026 -1.313434 -8.655980
v 0.312990 -1.280844 -11.058679
v 0.294331 -1.313434 -11.040915
v 0.294331 -1.280844 -11.040915
v 0.312990 -1.313434 -11.058679
v 0.313373 -1.280972 -11.085135
v 0.313373 -1.313562 -11.085135
v 0.295097 -1.280972 -11.103665
v 0.295097 -1.313562 -11.103665
v 0.269026 -1.280844 -11.104433
v 0.269026 -1.313434 -11.104433
v 0.250239 -1.280844 -11.085773
v 0.250239 -1.313434 -11.085773
v 0.249983 -1.280716 -11.060085
v 0.249983 -1.313306 -11.060085
v 0.268131 -1.280716 -11.040915
v 0.268131 -1.313306 -11.040915
v 0.294331 -1.280844 -11.040915
v 0.294331 -1.313434 -11.040915
v 0.312990 -1.313434 -11.058679
v 0.281678 -1.322763 -11.072227
v 0.294331 -1.313434 -11.040915
v 0.268131 -1.313306 -11.040915
v 0.313373 -1.313562 -11.085135
v 0.249983 -1.313306 -11.060085
v 0.295097 -1.313562 -11.103665
v 0.250239 -1.313434 -11.085773
v 0.269026 -1.313434 -11.104433
v 0.312990 -1.280844 -13.538571
v 0.294331 -1.313434 -13.520041
v 0.294331 -1.280844 -13.520041
v 0.312990 -1.313434 -13.538571
v 0.313373 -1.280972 -13.564260
v 0.313373 -1.313562 -13.564260
v 0.295097 -1.280972 -13.583558
v 0.295097 -1.313562 -13.583558
v 0.269026 -1.280844 -13.583558
v 0.269026 -1.313434 -13.583558
v 0.250239 -1.280844 -13.565666
v 0.250239 -1.313434 -13.565666
v 0.249983 -1.280717 -13.539338
v 0.249983 -1.313306 -13.539338
v 0.268131 -1.280717 -13.520679
v 0.268131 -1.313306 -13.520679
v 0.294331 -1.280844 -13.520041
v 0.294331 -1.313434 -13.520041
v 0.312990 -1.313434 -13.538571
v 0.281678 -1.322764 -13.552118
v 0.294331 -1.313434 -13.520041
v 0.268131 -1.313306 -13.520679
v 0.313373 -1.313562 -13.564260
v 0.249983 -1.313306 -13.539338
v 0.295097 -1.313562 -13.583558
v 0.250239 -1.313434 -13.565666
v 0.269026 -1.313434 -13.583558
v 0.312990 -1.280844 -16.001339
v 0.294331 -1.313434 -15.982679
v 0.294331 -1.280844 -15.982679
v 0.312990 -1.313434 -16.001339
v 0.313373 -1.280972 -16.027027
v 0.313373 -1.313562 -16.027027
v 0.295097 -1.280972 -16.045557
v 0.295097 -1.313562 -16.045557
v 0.269026 -1.280844 -16.046326
v 0.269026 -1.313434 -16.046326
v 0.250239 -1.280844 -16.027664
v 0.250239 -1.313434 -16.027664
v 0.249983 -1.280717 -16.001976
v 0.249983 -1.313306 -16.001976
v 0.268131 -1.280717 -15.982679
v 0.268131 -1.313306 -15.982679
v 0.294331 -1.280844 -15.982679
v 0.294331 -1.313434 -15.982679
v 0.312990 -1.313434 -16.001339
v 0.281678 -1.322764 -16.014118
v 0.294331 -1.313434 -15.982679
v 0.268131 -1.313306 -15.982679
v 0.313373 -1.313562 -16.027027
v 0.249983 -1.313306 -16.001976
v 0.295097 -1.313562 -16.045557
v 0.250239 -1.313434 -16.027664
v 0.269026 -1.313434 -16.046326
v 0.312990 -1.280845 -18.548201
v 0.294331 -1.313434 -18.529667
v 0.294331 -1.280845 -18.529667
v 0.312990 -1.313434 -18.548201
v 0.313373 -1.280972 -18.573889
v 0.313373 -1.313562 -18.573889
v 0.295097 -1.280972 -18.592546
v 0.295097 -1.313562 -18.592546
v 0.269026 -1.280845 -18.593187
v 0.269026 -1.313434 -18.593187
v 0.250239 -1.280845 -18.574656
v 0.250239 -1.313434 -18.574656
v 0.249983 -1.280717 -18.548965
v 0.249983 -1.313307 -18.548965
v 0.268131 -1.280717 -18.529667
v 0.268131 -1.313307 -18.529667
v 0.294331 -1.280845 -18.529667
v 0.294331 -1.313434 -18.529667
v 0.312990 -1.313434 -18.548201
v 0.281678 -1.322764 -18.561108
v 0.294331 -1.313434 -18.529667
v 0.268131 -1.313307 -18.529667
v 0.313373 -1.313562 -18.573889
v 0.249983 -1.313307 -18.548965
v 0.295097 -1.313562 -18.592546
v 0.250239 -1.313434 -18.574656
v 0.269026 -1.313434 -18.593187
v 0.312990 -1.280845 -20.709734
v 0.294331 -1.313435 -20.691841
v 0.294331 -1.280845 -20.691841
v 0.312990 -1.313435 -20.709734
v 0.313373 -1.280973 -20.736189
v 0.313373 -1.313562 -20.736189
v 0.295097 -1.280973 -20.754721
v 0.295097 -1.313562 -20.754721
v 0.269026 -1.280845 -20.754721
v 0.269026 -1.313435 -20.754721
v 0.250239 -1.280845 -20.736830
v 0.250239 -1.313435 -20.736830
v 0.249983 -1.280717 -20.710501
v 0.249983 -1.313307 -20.710501
v 0.268131 -1.280717 -20.691841
v 0.268131 -1.313307 -20.691841
v 0.294331 -1.280845 -20.691841
v 0.294331 -1.313435 -20.691841
v 0.312990 -1.313435 -20.709734
v 0.281678 -1.322764 -20.723282
v 0.294331 -1.313435 -20.691841
v 0.268131 -1.313307 -20.691841
v 0.313373 -1.313562 -20.736189
v 0.249983 -1.313307 -20.710501
v 0.295097 -1.313562 -20.754721
v 0.250239 -1.313435 -20.736830
v 0.269026 -1.313435 -20.754721
v -0.250239 -1.280843 -1.445454
v -0.269026 -1.313433 -1.426922
v -0.269026 -1.280843 -1.426922
v -0.250239 -1.313433 -1.445454
v -0.249983 -1.280971 -1.471142
v -0.249983 -1.313561 -1.471142
v -0.268131 -1.280971 -1.490440
v -0.268131 -1.313561 -1.490440
v -0.294203 -1.280843 -1.490440
v -0.294203 -1.313433 -1.490440
v -0.312990 -1.280843 -1.471909
v -0.312990 -1.313433 -1.471909
v -0.313246 -1.280716 -1.446220
v -0.313246 -1.313305 -1.446220
v -0.295097 -1.280716 -1.427689
v -0.295097 -1.313305 -1.427689
v -0.269026 -1.280843 -1.426922
v -0.269026 -1.313433 -1.426922
v -0.250239 -1.313433 -1.445454
v -0.281550 -1.322763 -1.459001
v -0.269026 -1.313433 -1.426922
v -0.295097 -1.313305 -1.427689
v -0.249983 -1.313561 -1.471142
v -0.313246 -1.313305 -1.446220
v -0.268131 -1.313561 -1.490440
v -0.312990 -1.313433 -1.471909
v -0.294203 -1.313433 -1.490440
v -0.250239 -1.280843 -3.796904
v -0.269026 -1.313433 -3.779011
v -0.269026 -1.280843 -3.779011
v -0.250239 -1.313433 -3.796904
v -0.249983 -1.280971 -3.823231
v -0.249983 -1.313561 -3.823231
v -0.268131 -1.280971 -3.841891
v -0.268131 -1.313561 -3.841891
v -0.294203 -1.280843 -3.842530
v -0.294203 -1.313433 -3.842530
v -0.312990 -1.280843 -3.823998
v -0.312990 -1.313433 -3.823998
v -0.313246 -1.280716 -3.797543
v -0.313246 -1.313305 -3.797543
v -0.295097 -1.280716 -3.779011
v -0.295097 -1.313305 -3.779011
v -0.269026 -1.280843 -3.779011
v -0.269026 -1.313433 -3.779011
v -0.250239 -1.313433 -3.796904
v -0.281550 -1.322763 -3.810451
v -0.269026 -1.313433 -3.779011
v -0.295097 -1.313305 -3.779011
v -0.249983 -1.313561 -3.823231
v -0.313246 -1.313305 -3.797543
v -0.268131 -1.313561 -3.841891
v -0.312990 -1.313433 -3.823998
v -0.294203 -1.313433 -3.842530
v -0.250239 -1.280844 -6.163946
v -0.269026 -1.313434 -6.146053
v -0.269026 -1.280844 -6.146053
v -0.250239 -1.313434 -6.163946
v -0.249983 -1.280972 -6.190401
v -0.249983 -1.313561 -6.190401
v -0.268131 -1.280972 -6.208933
v -0.268131 -1.313561 -6.208933
v -0.294203 -1.280844 -6.209572
v -0.294203 -1.313434 -6.209572
v -0.312990 -1.280844 -6.191041
v -0.312990 -1.313434 -6.191041
v -0.313246 -1.280716 -6.164713
v -0.313246 -1.313306 -6.164713
v -0.295097 -1.280716 -6.146053
v -0.295097 -1.313306 -6.146053
v -0.269026 -1.280844 -6.146053
v -0.269026 -1.313434 -6.146053
v -0.250239 -1.313434 -6.163946
v -0.281550 -1.322763 -6.177493
v -0.269026 -1.313434 -6.146053
v -0.295097 -1.313306 -6.146053
v -0.249983 -1.313561 -6.190401
v -0.313246 -1.313306 -6.164713
v -0.268131 -1.313561 -6.208933
v -0.312990 -1.313434 -6.191041
v -0.294203 -1.313434 -6.209572
v -0.250239 -1.280844 -8.610993
v -0.269026 -1.313434 -8.592462
v -0.269026 -1.280844 -8.592462
v -0.250239 -1.313434 -8.610993
v -0.249983 -1.280972 -8.637321
v -0.249983 -1.313561 -8.637321
v -0.268131 -1.280972 -8.655980
v -0.268131 -1.313561 -8.655980
v -0.294203 -1.280844 -8.655980
v -0.294203 -1.313434 -8.655980
v -0.312990 -1.280844 -8.638087
v -0.312990 -1.313434 -8.638087
v -0.313246 -1.280716 -8.611632
v -0.313246 -1.313306 -8.611632
v -0.295097 -1.280716 -8.593101
v -0.295097 -1.313306 -8.593101
v -0.269026 -1.280844 -8.592462
v -0.269026 -1.313434 -8.592462
v -0.250239 -1.313434 -8.610993
v -0.281550 -1.322763 -8.624540
v -0.269026 -1.313434 -8.592462
v -0.295097 -1.313306 -8.593101
v -0.249983 -1.313561 -8.637321
v -0.313246 -1.313306 -8.611632
v -0.268131 -1.313561 -8.655980
v -0.312990 -1.313434 -8.638087
v -0.294203 -1.313434 -8.655980
v -0.250239 -1.280844 -11.058679
v -0.269026 -1.313434 -11.040915
v -0.269026 -1.280844 -11.040915
v -0.250239 -1.313434 -11.058679
v -0.249983 -1.280972 -11.085135
v -0.249983 -1.313562 -11.085135
v -0.268131 -1.280972 -11.103665
v -0.268131 -1.313562 -11.103665
v -0.294203 -1.280844 -11.104433
v -0.294203 -1.313434 -11.104433
v -0.312990 -1.280844 -11.085773
v -0.312990 -1.313434 -11.085773
v -0.313246 -1.280716 -11.060085
v -0.313246 -1.313306 -11.060085
v -0.295097 -1.280716 -11.040915
v -0.295097 -1.313306 -11.040915
v -0.269026 -1.280844 -11.040915
v -0.269026 -1.313434 -11.040915
v -0.250239 -1.313434 -11.058679
v -0.281550 -1.322763 -11.072227
v -0.269026 -1.313434 -11.040915
v -0.295097 -1.313306 -11.040915
v -0.249983 -1.313562 -11.085135
v -0.313246 -1.313306 -11.060085
v -0.268131 -1.313562 -11.103665
v -0.312990 -1.313434 -11.085773
v -0.294203 -1.313434 -11.104433
v -0.250239 -1.280844 -13.538571
v -0.269026 -1.313434 -13.520041
v -0.269026 -1.280844 -13.520041
v -0.250239 -1.313434 -13.538571
v -0.249983 -1.280972 -13.564260
v -0.249983 -1.313562 -13.564260
v -0.268131 -1.280972 -13.583558
v -0.268131 -1.313562 -13.583558
v -0.294203 -1.280844 -13.583558
v -0.294203 -1.313434 -13.583558
v -0.312990 -1.280844 -13.565666
v -0.312990 -1.313434 -13.565666
v -0.313246 -1.280717 -13.539338
v -0.313246 -1.313306 -13.539338
v -0.295097 -1.280717 -13.520679
v -0.295097 -1.313306 -13.520679
v -0.269026 -1.280844 -13.520041
v -0.269026 -1.313434 -13.520041
v -0.250239 -1.313434 -13.538571
v -0.281550 -1.322764 -13.552118
v -0.269026 -1.313434 -13.520041
v -0.295097 -1.313306 -13.520679
v -0.249983 -1.313562 -13.564260
v -0.313246 -1.313306 -13.539338
v -0.268131 -1.313562 -13.583558
v -0.312990 -1.313434 -13.565666
v -0.294203 -1.313434 -13.583558
v -0.250239 -1.280844 -16.001339
v -0.269026 -1.313434 -15.982679
v -0.269026 -1.280844 -15.982679
v -0.250239 -1.313434 -16.001339
v -0.249983 -1.280972 -16.027027
v -0.249983 -1.313562 -16.027027
v -0.268131 -1.280972 -16.045557
v -0.268131 -1.313562 -16.045557
v -0.294203 -1.280844 -16.046326
v -0.294203 -1.313434 -16.046326
v -0.312990 -1.280844 -16.027664
v -0.312990 -1.313434 -16.027664
v -0.313246 -1.280717 -16.001976
v -0.313246 -1.313306 -16.001976
v -0.295097 -1.280717 -15.982679
v -0.295097 -1.313306 -15.982679
v -0.269026 -1.280844 -15.982679
v -0.269026 -1.313434 -15.982679
v -0.250239 -1.313434 -16.001339
v -0.281550 -1.322764 -16.014118
v -0.269026 -1.313434 -15.982679
v -0.295097 -1.313306 -15.982679
v -0.249983 -1.313562 -16.027027
v -0.313246 -1.313306 -16.001976
v -0.268131 -1.313562 -16.045557
v -0.312990 -1.313434 -16.027664
v -0.294203 -1.313434 -16.046326
v -0.250239 -1.280845 -18.548201
v -0.269026 -1.313434 -18.529667
v -0.269026 -1.280845 -18.529667
v -0.250239 -1.313434 -18.548201
v -0.249983 -1.280972 -18.573889
v -0.249983 -1.313562 -18.573889
v -0.268131 -1.280972 -18.592546
v -0.268131 -1.313562 -18.592546
v -0.294203 -1.280845 -18.593187
v -0.294203 -1.313434 -18.593187
v -0.312990 -1.280845 -18.574656
v -0.312990 -1.313434 -18.574656
v -0.313246 -1.280717 -18.548965
v -0.313246 -1.313307 -18.548965
v -0.295097 -1.280717 -18.529667
v -0.295097 -1.313307 -18.529667
v -0.269026 -1.280845 -18.529667
v -0.269026 -1.313434 -18.529667
v -0.250239 -1.313434 -18.548201
v -0.281550 -1.322764 -18.561108
v -0.269026 -1.313434 -18.529667
v -0.295097 -1.313307 -18.529667
v -0.249983 -1.313562 -18.573889
v -0.313246 -1.313307 -18.548965
v -0.268131 -1.313562 -18.592546
v -0.312990 -1.313434 -18.574656
v -0.294203 -1.313434 -18.593187
v -0.250239 -1.280845 -20.709734
v -0.269026 -1.313435 -20.691841
v -0.269026 -1.280845 -20.691841
v -0.250239 -1.313435 -20.709734
v -0.249983 -1.280973 -20.736189
v -0.249983 -1.313562 -20.736189
v -0.268131 -1.280973 -20.754721
v -0.268131 -1.313562 -20.754721
v -0.294203 -1.280845 -20.754721
v -0.294203 -1.313435 -20.754721
v -0.312990 -1.280845 -20.736830
v -0.312990 -1.313435 -20.736830
v -0.313246 -1.280717 -20.710501
v -0.313246 -1.313307 -20.710501
v -0.295097 -1.280717 -20.691841
v -0.295097 -1.313307 -20.691841
v -0.269026 -1.280845 -20.691841
v -0.269026 -1.313435 -20.691841
v -0.250239 -1.313435 -20.709734
v -0.281550 -1.322764 -20.723282
v -0.269026 -1.313435 -20.691841
v -0.295097 -1.313307 -20.691841
v -0.249983 -1.313562 -20.736189
v -0.313246 -1.313307 -20.710501
v -0.268131 -1.313562 -20.754721
v -0.312990 -1.313435 -20.736830
v -0.294203 -1.313435 -20.754721
v 0.226339 -1.137958 11.848886
v 0.000000 -1.160197 4.811277
v 0.000000 -1.160196 11.848886
v 0.221866 -1.115593 12.015925
v 0.000000 -1.137447 12.015925
v 0.435298 -1.050797 12.015925
v 0.226339 -1.137959 4.811277
v 0.000000 -1.137448 4.607048
v 0.221866 -1.115593 4.607048
v 0.443988 -1.071884 11.848886
v 0.631987 -0.945742 12.015925
v 0.443988 -1.071885 4.811277
v 0.435298 -1.050797 4.607048
v 0.644639 -0.964657 11.848886
v 0.804265 -0.804264 12.015925
v 0.644639 -0.964658 4.811277
v 0.631987 -0.945743 4.607048
v 0.820368 -0.820368 11.848886
v 0.945743 -0.631986 12.015925
v 0.820368 -0.820368 4.811277
v 0.804265 -0.804265 4.607048
v 0.964658 -0.644638 11.848886
v 1.050925 -0.435297 12.015925
v 0.964658 -0.644639 4.811277
v 0.945743 -0.631986 4.607048
v 1.071885 -0.443987 11.848886
v 1.115594 -0.221865 12.015925
v 1.071885 -0.443988 4.811277
v 1.050925 -0.435297 4.607048
v 1.137959 -0.226338 11.848886
v 1.137448 0.000001 12.015925
v 1.137959 -0.226339 4.811277
v 1.115594 -0.221866 4.607048
v 1.160197 0.000001 11.848886
v 1.115594 0.221867 12.015925
v 1.160197 0.000000 4.811277
v 1.137448 0.000000 4.607048
v 1.137959 0.226340 11.848886
v 1.050925 0.435298 12.015925
v 1.137959 0.226340 4.811277
v 1.115594 0.221867 4.607048
v 1.071885 0.443989 11.848886
v 0.945743 0.631987 12.015925
v 1.071885 0.443989 4.811277
v 1.050925 0.435298 4.607048
v 0.964658 0.644640 11.848886
v 0.804265 0.804266 12.015925
v 0.964658 0.644639 4.811277
v 0.945743 0.631987 4.607048
v 0.820368 0.820369 11.848886
v 0.631987 0.945744 12.015925
v 0.820368 0.820369 4.811277
v 0.804265 0.804266 4.607048
v 0.644639 0.964659 11.848886
v 0.435298 1.050799 12.015925
v 0.644639 0.964659 4.811277
v 0.631987 0.945744 4.607048
v 0.443988 1.071886 11.848886
v 0.221866 1.115595 12.015925
v 0.443988 1.071885 4.811277
v 0.435298 1.050798 4.607048
v 0.226339 1.137960 11.848886
v 0.000000 1.137449 12.015925
v 0.226339 1.137960 4.811277
v 0.221866 1.115594 4.607048
v 0.000000 1.160198 11.848886
v -0.221866 1.115595 12.015925
v 0.000000 1.160197 4.811277
v 0.000000 1.137448 4.607048
v -0.226339 1.137960 11.848886
v -0.435298 1.050799 12.015925
v -0.226339 1.137960 4.811277
v -0.221866 1.115594 4.607048
v -0.443988 1.071886 11.848886
v -0.631987 0.945744 12.015925
v -0.443988 1.071885 4.811277
v -0.435298 1.050798 4.607048
v -0.644639 0.964659 11.848886
v -0.804265 0.804266 12.015925
v -0.644639 0.964659 4.811277
v -0.631987 0.945744 4.607048
v -0.820368 0.820369 11.848886
v -0.945743 0.631987 12.015925
v -0.820368 0.820369 4.811277
v -0.804265 0.804266 4.607048
v -0.964658 0.644640 11.848886
v -1.050798 0.435298 12.015925
v -0.964658 0.644639 4.811277
v -0.945743 0.631987 4.607048
v -1.071885 0.443989 11.848886
v -1.115594 0.221867 12.015925
v -1.071885 0.443989 4.811277
v -1.050798 0.435298 4.607048
v -1.137959 0.226340 11.848886
v -1.137448 0.000001 12.015925
v -1.137959 0.226340 4.811277
v -1.115594 0.221867 4.607048
v -1.160197 0.000001 11.848886
v -1.115594 -0.221865 12.015925
v -1.160197 0.000000 4.811277
v -1.137448 0.000000 4.607048
v -1.137959 -0.226338 11.848886
v -1.050798 -0.435297 12.015925
v -1.137959 -0.226339 4.811277
v -1.115594 -0.221866 4.607048
v -1.071885 -0.443987 11.848886
v -0.945743 -0.631986 12.015925
v -1.071885 -0.443988 4.811277
v -1.050798 -0.435297 4.607048
v -0.964658 -0.644638 11.848886
v -0.804265 -0.804264 12.015925
v -0.964658 -0.644639 4.811277
v -0.945743 -0.631986 4.607048
v -0.820368 -0.820368 11.848886
v -0.631987 -0.945742 12.015925
v -0.820368 -0.820368 4.811277
v -0.804265 -0.804265 4.607048
v -0.644639 -0.964657 11.848886
v -0.435298 -1.050797 12.015925
v -0.644639 -0.964658 4.811277
v -0.631987 -0.945743 4.607048
v -0.443988 -1.071884 11.848886
v -0.221866 -1.115593 12.015925
v -0.443988 -1.071885 4.811277
v -0.435298 -1.050797 4.607048
v -0.226339 -1.137958 11.848886
v 0.000000 -1.137447 12.015925
v 0.000000 -1.160196 11.848886
v -0.226339 -1.137959 4.811277
v -0.221866 -1.115593 4.607048
v 0.000000 -1.160197 4.811277
v 0.000000 -1.137448 4.607048
v -0.824586 0.837748 -23.277428
v -0.817557 0.844777 -22.313663
v -1.034950 1.064726 -22.313663
v -1.939541 1.952830 -23.277428
v -1.683295 1.725724 -22.170269
v -0.980506 1.027152 -21.779829
v -1.985166 1.999990 -23.204580
v -1.975581 1.989127 -23.277428
v -2.002676 2.016221 -23.264521
v -1.101919 1.077763 -19.371252
v -2.006510 2.030663 -21.212255
v -1.077764 1.101917 -19.371252
v -2.030664 2.006508 -21.212255
v -1.089011 1.064854 -19.342751
v -2.025297 2.011748 -23.175312
v -1.064856 1.089009 -19.342751
v -2.011750 2.025295 -23.175312
v -1.070735 1.046451 -19.319876
v -2.025297 2.011748 -23.226051
v -1.046452 1.070733 -19.319876
v -2.011750 2.025295 -23.226051
v -2.002676 2.016221 -23.264521
v -2.016222 2.002674 -23.264521
v -1.046452 1.022424 -19.309139
v -1.022425 1.046451 -19.309139
v -0.997887 1.022040 -19.309139
v -1.022042 0.997886 -19.309139
v -0.843245 0.819089 -19.309139
v -0.819090 0.843244 -19.309139
v -0.817557 0.844777 -22.313663
v -0.844779 0.817555 -22.313663
v -0.831104 0.831102 -21.862646
v -0.880692 0.781515 -22.199535
v -0.880692 0.781515 -21.862646
v -0.781516 0.880690 -22.199535
v -0.781516 0.880690 -21.862646
v -0.849124 0.813210 -20.991028
v -0.819090 0.843244 -19.925919
v -0.813211 0.849123 -20.991028
v -0.843245 0.819089 -19.925919
v -0.819090 0.843244 -19.309139
v -0.843245 0.819089 -19.309139
v -2.006510 2.030663 -21.212255
v -0.819090 0.843244 -19.925919
v -0.997887 1.022040 -19.678234
v -0.819090 0.843244 -19.309139
v -0.997887 1.022040 -19.309139
v -0.986768 1.020762 -21.248680
v -0.813211 0.849123 -20.991028
v -1.683295 1.725724 -22.170269
v -0.980506 1.027152 -21.779829
v -1.077764 1.101917 -19.371252
v -1.022425 1.046451 -19.309139
v -1.064856 1.089009 -19.342751
v -1.046452 1.070733 -19.319876
v -0.846057 0.945103 -21.862646
v -0.911620 1.010666 -21.277946
v -0.911620 1.010666 -21.778296
v -0.843117 0.942291 -21.218645
v -0.781516 0.880690 -21.079468
v -0.781516 0.880690 -21.218645
v -0.840178 0.939351 -22.199535
v -0.911620 1.010666 -22.199535
v -0.781516 0.880690 -22.199535
v -0.781516 0.880690 -21.862646
v -0.781516 0.880690 -21.079468
v -0.831104 0.831102 -21.219414
v -0.813211 0.849123 -20.991028
v -0.781516 0.880690 -21.218645
v -0.849124 0.813210 -20.991028
v -0.880692 0.781515 -21.079468
v -0.880692 0.781515 -21.218645
v -0.817557 0.844777 -22.313663
v -0.781516 0.880690 -22.199535
v -0.840178 0.939351 -22.199535
v -1.034950 1.064726 -22.313663
v -0.911620 1.010666 -22.199535
v -0.911620 1.010666 -22.199535
v -0.980506 1.027152 -21.779829
v -1.034950 1.064726 -22.313663
v -0.911620 1.010666 -21.778296
v -0.781516 0.880690 -21.079468
v -0.986768 1.020762 -21.248680
v -0.911620 1.010666 -21.277946
v -0.813211 0.849123 -20.991028
v -0.911620 1.010666 -21.778296
v -0.986768 1.020762 -21.248680
v -0.980506 1.027152 -21.779829
v -0.911620 1.010666 -21.277946
v -0.837750 0.824584 -23.277428
v -0.817557 0.844777 -22.313663
v -0.824586 0.837748 -23.277428
v -0.844779 0.817555 -22.313663
v -0.837750 0.824584 -23.277428
v -1.064728 1.034948 -22.313663
v -0.844779 0.817555 -22.313663
v -1.952832 1.939539 -23.277428
v -1.725726 1.683294 -22.170269
v -1.026643 0.980888 -21.779829
v -1.999992 1.985165 -23.204580
v -1.989128 1.975579 -23.277428
v -2.016222 2.002674 -23.264521
v -2.030664 2.006508 -21.212255
v -1.022042 0.997886 -19.678234
v -0.843245 0.819089 -19.925919
v -0.843245 0.819089 -19.309139
v -1.022042 0.997886 -19.309139
v -1.020764 0.986767 -21.248680
v -0.849124 0.813210 -20.991028
v -1.725726 1.683294 -22.170269
v -1.026643 0.980888 -21.779829
v -1.101919 1.077763 -19.371252
v -1.046452 1.022424 -19.309139
v -1.089011 1.064854 -19.342751
v -1.070735 1.046451 -19.319876
v -0.945104 0.846055 -21.862646
v -1.010667 0.911618 -21.277946
v -0.942293 0.843116 -21.218645
v -0.880692 0.781515 -21.079468
v -0.880692 0.781515 -21.218645
v -1.010667 0.911618 -21.778296
v -0.939353 0.840304 -22.199535
v -1.010667 0.911618 -22.199535
v -0.880692 0.781515 -22.199535
v -0.880692 0.781515 -21.862646
v -0.844779 0.817555 -22.313663
v -0.939353 0.840304 -22.199535
v -0.880692 0.781515 -22.199535
v -1.064728 1.034948 -22.313663
v -1.010667 0.911618 -22.199535
v -1.010667 0.911618 -22.199535
v -1.026643 0.980888 -21.779829
v -1.010667 0.911618 -21.778296
v -1.064728 1.034948 -22.313663
v -0.880692 0.781515 -21.079468
v -1.020764 0.986767 -21.248680
v -0.849124 0.813210 -20.991028
v -1.010667 0.911618 -21.277946
v -1.975581 1.989127 -23.277428
v -2.016222 2.002674 -23.264521
v -1.989128 1.975579 -23.277428
v -2.002676 2.016221 -23.264521
v -1.939541 1.952830 -23.277428
v -1.952832 1.939539 -23.277428
v -0.824586 0.837748 -23.277428
v -0.837750 0.824584 -23.277428
v -1.010667 0.911618 -21.778296
v -1.020764 0.986767 -21.248680
v -1.010667 0.911618 -21.277946
v -1.026643 0.980888 -21.779829
v -0.831104 0.831102 -21.219414
v -0.843117 0.942291 -21.218645
v -0.892705 0.892703 -21.218645
v -0.781516 0.880690 -21.218645
v -0.880692 0.781515 -21.218645
v -0.942293 0.843116 -21.218645
v -0.831104 0.831102 -21.862646
v -0.945104 0.846055 -21.862646
v -0.895517 0.895515 -21.862646
v -0.880692 0.781515 -21.862646
v -0.781516 0.880690 -21.862646
v -0.846057 0.945103 -21.862646
v -0.892705 0.892703 -21.218645
v -0.846057 0.945103 -21.862646
v -0.895517 0.895515 -21.862646
v -0.843117 0.942291 -21.218645
v -0.942293 0.843116 -21.218645
v -0.945104 0.846055 -21.862646
v -2.025297 2.011748 -23.175312
v -1.725726 1.683294 -22.170269
v -1.999992 1.985165 -23.204580
v -2.030664 2.006508 -21.212255
v -2.025297 2.011748 -23.226051
v -2.016222 2.002674 -23.264521
v -2.002676 2.016221 -23.264521
v -1.985166 1.999990 -23.204580
v -2.011750 2.025295 -23.226051
v -2.011750 2.025295 -23.175312
v -1.683295 1.725724 -22.170269
v -2.006510 2.030663 -21.212255
v 0.837750 0.824584 -23.277428
v 0.844779 0.817555 -22.313663
v 1.064728 1.034948 -22.313663
v 1.952704 1.939539 -23.277428
v 1.725726 1.683294 -22.170269
v 1.027026 0.980504 -21.779829
v 1.999992 1.985165 -23.204580
v 1.989128 1.975579 -23.277428
v 2.016222 2.002674 -23.264521
v 1.077764 1.101917 -19.371252
v 2.030664 2.006508 -21.212255
v 1.101919 1.077763 -19.371252
v 2.006510 2.030663 -21.212255
v 1.064856 1.089009 -19.342751
v 2.011750 2.025295 -23.175312
v 1.089011 1.064854 -19.342751
v 2.025297 2.011748 -23.175312
v 1.046580 1.070606 -19.319876
v 2.011750 2.025295 -23.226051
v 1.070607 1.046451 -19.319876
v 2.025297 2.011748 -23.226051
v 2.016222 2.002674 -23.264521
v 2.002676 2.016221 -23.264521
v 1.022425 1.046451 -19.309139
v 1.046580 1.022424 -19.309139
v 1.022042 0.997886 -19.309139
v 0.997887 1.022040 -19.309139
v 0.819090 0.843244 -19.309139
v 0.843245 0.819089 -19.309139
v 0.844779 0.817555 -22.313663
v 0.817557 0.844777 -22.313663
v 0.831104 0.831102 -21.862646
v 0.781644 0.880690 -22.199535
v 0.781644 0.880690 -21.862646
v 0.880692 0.781515 -22.199535
v 0.880692 0.781515 -21.862646
v 0.813211 0.849123 -20.991028
v 0.843117 0.819089 -19.925919
v 0.849124 0.813210 -20.991028
v 0.819090 0.843244 -19.925919
v 0.843245 0.819089 -19.309139
v 0.819090 0.843244 -19.309139
v 2.030664 2.006508 -21.212255
v 0.843117 0.819089 -19.925919
v 1.022042 0.997886 -19.678234
v 0.843245 0.819089 -19.309139
v 1.022042 0.997886 -19.309139
v 1.020764 0.986767 -21.248680
v 0.849124 0.813210 -20.991028
v 1.725726 1.683294 -22.170269
v 1.027026 0.980504 -21.779829
v 1.101919 1.077763 -19.371252
v 1.046580 1.022424 -19.309139
v 1.089011 1.064854 -19.342751
v 1.070607 1.046451 -19.319876
v 0.945104 0.846055 -21.862646
v 1.010667 0.911618 -21.277946
v 1.010667 0.911618 -21.778296
v 0.942165 0.843116 -21.218645
v 0.880692 0.781515 -21.079468
v 0.880692 0.781515 -21.218645
v 0.939481 0.840304 -22.199535
v 1.010667 0.911618 -22.199535
v 0.880692 0.781515 -22.199535
v 0.880692 0.781515 -21.862646
v 0.880692 0.781515 -21.079468
v 0.831104 0.831102 -21.219414
v 0.849124 0.813210 -20.991028
v 0.880692 0.781515 -21.218645
v 0.813211 0.849123 -20.991028
v 0.781644 0.880690 -21.079468
v 0.781644 0.880690 -21.218645
v 0.844779 0.817555 -22.313663
v 0.880692 0.781515 -22.199535
v 0.939481 0.840304 -22.199535
v 1.064728 1.034948 -22.313663
v 1.010667 0.911618 -22.199535
v 1.010667 0.911618 -22.199535
v 1.027026 0.980504 -21.779829
v 1.064728 1.034948 -22.313663
v 1.010667 0.911618 -21.778296
v 0.880692 0.781515 -21.079468
v 1.020764 0.986767 -21.248680
v 1.010667 0.911618 -21.277946
v 0.849124 0.813210 -20.991028
v 1.010667 0.911618 -21.778296
v 1.020764 0.986767 -21.248680
v 1.027026 0.980504 -21.779829
v 1.010667 0.911618 -21.277946
v 0.824586 0.837748 -23.277428
v 0.844779 0.817555 -22.313663
v 0.837750 0.824584 -23.277428
v 0.817557 0.844777 -22.313663
v 0.824586 0.837748 -23.277428
v 1.034950 1.064726 -22.313663
v 0.817557 0.844777 -22.313663
v 1.939668 1.952830 -23.277428
v 1.683295 1.725724 -22.170269
v 0.980889 1.026641 -21.779829
v 1.985166 1.999990 -23.204580
v 1.975581 1.989127 -23.277428
v 2.002676 2.016221 -23.264521
v 2.006510 2.030663 -21.212255
v 0.998015 1.022040 -19.678234
v 0.819090 0.843244 -19.925919
v 0.819090 0.843244 -19.309139
v 0.997887 1.022040 -19.309139
v 0.986768 1.020762 -21.248680
v 0.813211 0.849123 -20.991028
v 1.683295 1.725724 -22.170269
v 0.980889 1.026641 -21.779829
v 1.077764 1.101917 -19.371252
v 1.022425 1.046451 -19.309139
v 1.064856 1.089009 -19.342751
v 1.046580 1.070606 -19.319876
v 0.845929 0.945103 -21.862646
v 0.911620 1.010666 -21.277946
v 0.843117 0.942291 -21.218645
v 0.781644 0.880690 -21.079468
v 0.781644 0.880690 -21.218645
v 0.911620 1.010666 -21.778296
v 0.840306 0.939351 -22.199535
v 0.911620 1.010666 -22.199535
v 0.781644 0.880690 -22.199535
v 0.781644 0.880690 -21.862646
v 0.817557 0.844777 -22.313663
v 0.840306 0.939351 -22.199535
v 0.781644 0.880690 -22.199535
v 1.034950 1.064726 -22.313663
v 0.911620 1.010666 -22.199535
v 0.911620 1.010666 -22.199535
v 0.980889 1.026641 -21.779829
v 0.911620 1.010666 -21.778296
v 1.034950 1.064726 -22.313663
v 0.781644 0.880690 -21.079468
v 0.986768 1.020762 -21.248680
v 0.813211 0.849123 -20.991028
v 0.911620 1.010666 -21.277946
v 1.989128 1.975579 -23.277428
v 2.002676 2.016221 -23.264521
v 1.975581 1.989127 -23.277428
v 2.016222 2.002674 -23.264521
v 1.952704 1.939539 -23.277428
v 1.939668 1.952830 -23.277428
v 0.837750 0.824584 -23.277428
v 0.824586 0.837748 -23.277428
v 0.911620 1.010666 -21.778296
v 0.986768 1.020762 -21.248680
v 0.911620 1.010666 -21.277946
v 0.980889 1.026641 -21.779829
v 0.831104 0.831102 -21.219414
v 0.942165 0.843116 -21.218645
v 0.892705 0.892703 -21.218645
v 0.880692 0.781515 -21.218645
v 0.781644 0.880690 -21.218645
v 0.843117 0.942291 -21.218645
v 0.831104 0.831102 -21.862646
v 0.845929 0.945103 -21.862646
v 0.895517 0.895515 -21.862646
v 0.781644 0.880690 -21.862646
v 0.880692 0.781515 -21.862646
v 0.945104 0.846055 -21.862646
v 0.892705 0.892703 -21.218645
v 0.945104 0.846055 -21.862646
v 0.895517 0.895515 -21.862646
v 0.942165 0.843116 -21.218645
v 0.843117 0.942291 -21.218645
v 0.845929 0.945103 -21.862646
v 2.011750 2.025295 -23.175312
v 1.683295 1.725724 -22.170269
v 1.985166 1.999990 -23.204580
v 2.006510 2.030663 -21.212255
v 2.011750 2.025295 -23.226051
v 2.002676 2.016221 -23.264521
v 2.016222 2.002674 -23.264521
v 1.999992 1.985165 -23.204580
v 2.025297 2.011748 -23.226051
v 2.025297 2.011748 -23.175312
v 1.725726 1.683294 -22.170269
v 2.030664 2.006508 -21.212255
v 0.824586 -0.837751 -23.277428
v 0.817557 -0.844781 -22.313663
v 1.034950 -1.064730 -22.313663
v 1.939668 -1.952706 -23.277428
v 1.683295 -1.725728 -22.170269
v 0.980506 -1.027028 -21.779829
v 1.985166 -1.999993 -23.204580
v 1.975581 -1.989130 -23.277428
v 2.002676 -2.016224 -23.264521
v 1.101919 -1.077765 -19.371252
v 2.006510 -2.030666 -21.212255
v 1.077764 -1.101920 -19.371252
v 2.030664 -2.006511 -21.212255
v 1.089011 -1.064857 -19.342751
v 2.025297 -2.011751 -23.175312
v 1.064856 -1.089012 -19.342751
v 2.011750 -2.025298 -23.175312
v 1.070607 -1.046582 -19.319876
v 2.025297 -2.011751 -23.226051
v 1.046580 -1.070608 -19.319876
v 2.011750 -2.025298 -23.226051
v 2.002676 -2.016224 -23.264521
v 2.016222 -2.002677 -23.264521
v 1.046580 -1.022427 -19.309139
v 1.022425 -1.046582 -19.309139
v 0.997887 -1.022043 -19.309139
v 1.022042 -0.997888 -19.309139
v 0.843245 -0.819092 -19.309139
v 0.819090 -0.843247 -19.309139
v 0.817557 -0.844781 -22.313663
v 0.844779 -0.817558 -22.313663
v 0.831104 -0.831106 -21.862646
v 0.880692 -0.781646 -22.199535
v 0.880692 -0.781646 -21.862646
v 0.781644 -0.880693 -22.199535
v 0.781644 -0.880693 -21.862646
v 0.849124 -0.813213 -20.991028
v 0.819090 -0.843119 -19.925919
v 0.813211 -0.849126 -20.991028
v 0.843117 -0.819092 -19.925919
v 0.819090 -0.843247 -19.309139
v 0.843245 -0.819092 -19.309139
v 2.006510 -2.030666 -21.212255
v 0.819090 -0.843119 -19.925919
v 0.998015 -1.022043 -19.678234
v 0.819090 -0.843247 -19.309139
v 0.997887 -1.022043 -19.309139
v 0.986768 -1.020765 -21.248680
v 0.813211 -0.849126 -20.991028
v 1.683295 -1.725728 -22.170269
v 0.980506 -1.027028 -21.779829
v 1.077764 -1.101920 -19.371252
v 1.022425 -1.046582 -19.309139
v 1.064856 -1.089012 -19.342751
v 1.046580 -1.070608 -19.319876
v 0.845929 -0.945106 -21.862646
v 0.911620 -1.010669 -21.277946
v 0.911620 -1.010669 -21.778296
v 0.843117 -0.942166 -21.218645
v 0.781644 -0.880693 -21.079468
v 0.781644 -0.880693 -21.218645
v 0.840306 -0.939483 -22.199535
v 0.911620 -1.010669 -22.199535
v 0.781644 -0.880693 -22.199535
v 0.781644 -0.880693 -21.862646
v 0.781644 -0.880693 -21.079468
v 0.831104 -0.831106 -21.219414
v 0.813211 -0.849126 -20.991028
v 0.781644 -0.880693 -21.218645
v 0.849124 -0.813213 -20.991028
v 0.880692 -0.781646 -21.079468
v 0.880692 -0.781646 -21.218645
v 0.817557 -0.844781 -22.313663
v 0.781644 -0.880693 -22.199535
v 0.840306 -0.939483 -22.199535
v 1.034950 -1.064730 -22.313663
v 0.911620 -1.010669 -22.199535
v 0.911620 -1.010669 -22.199535
v 0.980506 -1.027028 -21.779829
v 1.034950 -1.064730 -22.313663
v 0.911620 -1.010669 -21.778296
v 0.781644 -0.880693 -21.079468
v 0.986768 -1.020765 -21.248680
v 0.911620 -1.010669 -21.277946
v 0.813211 -0.849126 -20.991028
v 0.911620 -1.010669 -21.778296
v 0.986768 -1.020765 -21.248680
v 0.980506 -1.027028 -21.779829
v 0.911620 -1.010669 -21.277946
v 0.837750 -0.824588 -23.277428
v 0.817557 -0.844781 -22.313663
v 0.824586 -0.837751 -23.277428
v 0.844779 -0.817558 -22.313663
v 0.837750 -0.824588 -23.277428
v 1.064728 -1.034952 -22.313663
v 0.844779 -0.817558 -22.313663
v 1.952704 -1.939670 -23.277428
v 1.725726 -1.683297 -22.170269
v 1.026643 -0.980891 -21.779829
v 1.999992 -1.985168 -23.204580
v 1.989128 -1.975583 -23.277428
v 2.016222 -2.002677 -23.264521
v 2.030664 -2.006511 -21.212255
v 1.022042 -0.998016 -19.678234
v 0.843117 -0.819092 -19.925919
v 0.843245 -0.819092 -19.309139
v 1.022042 -0.997888 -19.309139
v 1.020764 -0.986770 -21.248680
v 0.849124 -0.813213 -20.991028
v 1.725726 -1.683297 -22.170269
v 1.026643 -0.980891 -21.779829
v 1.101919 -1.077765 -19.371252
v 1.046580 -1.022427 -19.309139
v 1.089011 -1.064857 -19.342751
v 1.070607 -1.046582 -19.319876
v 0.945104 -0.845931 -21.862646
v 1.010667 -0.911622 -21.277946
v 0.942165 -0.843119 -21.218645
v 0.880692 -0.781646 -21.079468
v 0.880692 -0.781646 -21.218645
v 1.010667 -0.911622 -21.778296
v 0.939481 -0.840307 -22.199535
v 1.010667 -0.911622 -22.199535
v 0.880692 -0.781646 -22.199535
v 0.880692 -0.781646 -21.862646
v 0.844779 -0.817558 -22.313663
v 0.939481 -0.840307 -22.199535
v 0.880692 -0.781646 -22.199535
v 1.064728 -1.034952 -22.313663
v 1.010667 -0.911622 -22.199535
v 1.010667 -0.911622 -22.199535
v 1.026643 -0.980891 -21.779829
v 1.010667 -0.911622 -21.778296
v 1.064728 -1.034952 -22.313663
v 0.880692 -0.781646 -21.079468
v 1.020764 -0.986770 -21.248680
v 0.849124 -0.813213 -20.991028
v 1.010667 -0.911622 -21.277946
v 1.975581 -1.989130 -23.277428
v 2.016222 -2.002677 -23.264521
v 1.989128 -1.975583 -23.277428
v 2.002676 -2.016224 -23.264521
v 1.939668 -1.952706 -23.277428
v 1.952704 -1.939670 -23.277428
v 0.824586 -0.837751 -23.277428
v 0.837750 -0.824588 -23.277428
v 1.010667 -0.911622 -21.778296
v 1.020764 -0.986770 -21.248680
v 1.010667 -0.911622 -21.277946
v 1.026643 -0.980891 -21.779829
v 0.831104 -0.831106 -21.219414
v 0.843117 -0.942166 -21.218645
v 0.892705 -0.892707 -21.218645
v 0.781644 -0.880693 -21.218645
v 0.880692 -0.781646 -21.218645
v 0.942165 -0.843119 -21.218645
v 0.831104 -0.831106 -21.862646
v 0.945104 -0.845931 -21.862646
v 0.895517 -0.895518 -21.862646
v 0.880692 -0.781646 -21.862646
v 0.781644 -0.880693 -21.862646
v 0.845929 -0.945106 -21.862646
v 0.892705 -0.892707 -21.218645
v 0.845929 -0.945106 -21.862646
v 0.895517 -0.895518 -21.862646
v 0.843117 -0.942166 -21.218645
v 0.942165 -0.843119 -21.218645
v 0.945104 -0.845931 -21.862646
v 2.025297 -2.011751 -23.175312
v 1.725726 -1.683297 -22.170269
v 1.999992 -1.985168 -23.204580
v 2.030664 -2.006511 -21.212255
v 2.025297 -2.011751 -23.226051
v 2.016222 -2.002677 -23.264521
v 2.002676 -2.016224 -23.264521
v 1.985166 -1.999993 -23.204580
v 2.011750 -2.025298 -23.226051
v 2.011750 -2.025298 -23.175312
v 1.683295 -1.725728 -22.170269
v 2.006510 -2.030666 -21.212255
v -0.837750 -0.824588 -23.277428
v -0.844779 -0.817558 -22.313663
v -1.064728 -1.034952 -22.313663
v -1.952832 -1.939670 -23.277428
v -1.725726 -1.683297 -22.170269
v -1.027154 -0.980507 -21.779829
v -1.999992 -1.985168 -23.204580
v -1.989128 -1.975583 -23.277428
v -2.016222 -2.002677 -23.264521
v -1.077764 -1.101920 -19.371252
v -2.030664 -2.006511 -21.212255
v -1.101919 -1.077765 -19.371252
v -2.006510 -2.030666 -21.212255
v -1.064856 -1.089012 -19.342751
v -2.011750 -2.025298 -23.175312
v -1.089011 -1.064857 -19.342751
v -2.025297 -2.011751 -23.175312
v -1.046452 -1.070608 -19.319876
v -2.011750 -2.025298 -23.226051
v -1.070735 -1.046582 -19.319876
v -2.025297 -2.011751 -23.226051
v -2.016222 -2.002677 -23.264521
v -2.002676 -2.016224 -23.264521
v -1.022425 -1.046582 -19.309139
v -1.046452 -1.022427 -19.309139
v -1.022042 -0.997888 -19.309139
v -0.997887 -1.022043 -19.309139
v -0.819090 -0.843247 -19.309139
v -0.843245 -0.819092 -19.309139
v -0.844779 -0.817558 -22.313663
v -0.817557 -0.844781 -22.313663
v -0.831104 -0.831106 -21.862646
v -0.781516 -0.880693 -22.199535
v -0.781516 -0.880693 -21.862646
v -0.880692 -0.781646 -22.199535
v -0.880692 -0.781646 -21.862646
v -0.813211 -0.849126 -20.991028
v -0.843245 -0.819092 -19.925919
v -0.849124 -0.813213 -20.991028
v -0.819090 -0.843119 -19.925919
v -0.843245 -0.819092 -19.309139
v -0.819090 -0.843247 -19.309139
v -2.030664 -2.006511 -21.212255
v -0.843245 -0.819092 -19.925919
v -1.022042 -0.998016 -19.678234
v -0.843245 -0.819092 -19.309139
v -1.022042 -0.997888 -19.309139
v -1.020764 -0.986770 -21.248680
v -0.849124 -0.813213 -20.991028
v -1.725726 -1.683297 -22.170269
v -1.027154 -0.980507 -21.779829
v -1.101919 -1.077765 -19.371252
v -1.046452 -1.022427 -19.309139
v -1.089011 -1.064857 -19.342751
v -1.070735 -1.046582 -19.319876
v -0.945104 -0.845931 -21.862646
v -1.010667 -0.911622 -21.277946
v -1.010667 -0.911622 -21.778296
v -0.942293 -0.843119 -21.218645
v -0.880692 -0.781646 -21.079468
v -0.880692 -0.781646 -21.218645
v -0.939353 -0.840307 -22.199535
v -1.010667 -0.911622 -22.199535
v -0.880692 -0.781646 -22.199535
v -0.880692 -0.781646 -21.862646
v -0.880692 -0.781646 -21.079468
v -0.831104 -0.831106 -21.219414
v -0.849124 -0.813213 -20.991028
v -0.880692 -0.781646 -21.218645
v -0.813211 -0.849126 -20.991028
v -0.781516 -0.880693 -21.079468
v -0.781516 -0.880693 -21.218645
v -0.844779 -0.817558 -22.313663
v -0.880692 -0.781646 -22.199535
v -0.939353 -0.840307 -22.199535
v -1.064728 -1.034952 -22.313663
v -1.010667 -0.911622 -22.199535
v -1.010667 -0.911622 -22.199535
v -1.027154 -0.980507 -21.779829
v -1.064728 -1.034952 -22.313663
v -1.010667 -0.911622 -21.778296
v -0.880692 -0.781646 -21.079468
v -1.020764 -0.986770 -21.248680
v -1.010667 -0.911622 -21.277946
v -0.849124 -0.813213 -20.991028
v -1.010667 -0.911622 -21.778296
v -1.020764 -0.986770 -21.248680
v -1.027154 -0.980507 -21.779829
v -1.010667 -0.911622 -21.277946
v -0.824586 -0.837751 -23.277428
v -0.844779 -0.817558 -22.313663
v -0.837750 -0.824588 -23.277428
v -0.817557 -0.844781 -22.313663
v -0.824586 -0.837751 -23.277428
v -1.034950 -1.064730 -22.313663
v -0.817557 -0.844781 -22.313663
v -1.939541 -1.952706 -23.277428
v -1.683295 -1.725728 -22.170269
v -0.980889 -1.026644 -21.779829
v -1.985166 -1.999993 -23.204580
v -1.975581 -1.989130 -23.277428
v -2.002676 -2.016224 -23.264521
v -2.006510 -2.030666 -21.212255
v -0.997887 -1.022043 -19.678234
v -0.819090 -0.843119 -19.925919
v -0.819090 -0.843247 -19.309139
v -0.997887 -1.022043 -19.309139
v -0.986768 -1.020765 -21.248680
v -0.813211 -0.849126 -20.991028
v -1.683295 -1.725728 -22.170269
v -0.980889 -1.026644 -21.779829
v -1.077764 -1.101920 -19.371252
v -1.022425 -1.046582 -19.309139
v -1.064856 -1.089012 -19.342751
v -1.046452 -1.070608 -19.319876
v -0.846057 -0.945106 -21.862646
v -0.911620 -1.010669 -21.277946
v -0.843117 -0.942166 -21.218645
v -0.781516 -0.880693 -21.079468
v -0.781516 -0.880693 -21.218645
v -0.911620 -1.010669 -21.778296
v -0.840178 -0.939483 -22.199535
v -0.911620 -1.010669 -22.199535
v -0.781516 -0.880693 -22.199535
v -0.781516 -0.880693 -21.862646
v -0.817557 -0.844781 -22.313663
v -0.840178 -0.939483 -22.199535
v -0.781516 -0.880693 -22.199535
v -1.034950 -1.064730 -22.313663
v -0.911620 -1.010669 -22.199535
v -0.911620 -1.010669 -22.199535
v -0.980889 -1.026644 -21.779829
v -0.911620 -1.010669 -21.778296
v -1.034950 -1.064730 -22.313663
v -0.781516 -0.880693 -21.079468
v -0.986768 -1.020765 -21.248680
v -0.813211 -0.849126 -20.991028
v -0.911620 -1.010669 -21.277946
v -1.989128 -1.975583 -23.277428
v -2.002676 -2.016224 -23.264521
v -1.975581 -1.989130 -23.277428
v -2.016222 -2.002677 -23.264521
v -1.952832 -1.939670 -23.277428
v -1.939541 -1.952706 -23.277428
v -0.837750 -0.824588 -23.277428
v -0.824586 -0.837751 -23.277428
v -0.911620 -1.010669 -21.778296
v -0.986768 -1.020765 -21.248680
v -0.911620 -1.010669 -21.277946
v -0.980889 -1.026644 -21.779829
v -0.831104 -0.831106 -21.219414
v -0.942293 -0.843119 -21.218645
v -0.892705 -0.892707 -21.218645
v -0.880692 -0.781646 -21.218645
v -0.781516 -0.880693 -21.218645
v -0.843117 -0.942166 -21.218645
v -0.831104 -0.831106 -21.862646
v -0.846057 -0.945106 -21.862646
v -0.895517 -0.895518 -21.862646
v -0.781516 -0.880693 -21.862646
v -0.880692 -0.781646 -21.862646
v -0.945104 -0.845931 -21.862646
v -0.892705 -0.892707 -21.218645
v -0.945104 -0.845931 -21.862646
v -0.895517 -0.895518 -21.862646
v -0.942293 -0.843119 -21.218645
v -0.843117 -0.942166 -21.218645
v -0.846057 -0.945106 -21.862646
v -2.011750 -2.025298 -23.175312
v -1.683295 -1.725728 -22.170269
v -1.985166 -1.999993 -23.204580
v -2.006510 -2.030666 -21.212255
v -2.011750 -2.025298 -23.226051
v -2.002676 -2.016224 -23.264521
v -2.016222 -2.002677 -23.264521
v -1.999992 -1.985168 -23.204580
v -2.025297 -2.011751 -23.226051
v -2.025297 -2.011751 -23.175312
v -1.725726 -1.683297 -22.170269
v -2.030664 -2.006511 -21.212255
v -2.007660 2.031942 -1.090033
v -0.846440 0.822158 1.778125
v -2.031942 2.007660 -1.090033
v -0.822158 0.846440 1.778125
v -2.031942 2.007659 -2.107219
v -2.007660 2.031942 -1.090033
v -2.007660 2.031942 -2.107219
v -0.822158 0.846440 -2.107218
v -0.867528 0.801070 -0.854492
v -0.801070 0.867528 -0.854492
v -0.846440 0.822157 -2.107218
v -0.822158 0.846440 -2.107218
v -1.872700 1.927783 -1.443409
v -2.007660 2.031942 -2.107219
v -0.801070 0.867528 -0.854492
v -0.953412 1.040318 -0.011375
v -1.927783 1.872699 -1.443409
v -0.846440 0.822157 -2.107218
v -2.031942 2.007659 -2.107219
v -0.867528 0.801070 -0.854492
v -1.037378 0.950216 -0.006390
v -0.822158 0.846440 1.778125
v -0.873790 0.794680 0.512491
v -0.846440 0.822158 1.778125
v -0.794680 0.873918 0.512491
v -0.794680 0.873918 0.512491
v -1.872700 1.927783 -1.443409
v -0.953412 1.040318 -0.011375
v -0.822158 0.846440 1.778125
v -2.007660 2.031942 -1.090033
v -0.910470 0.758000 0.249855
v -1.037378 0.950216 -0.006390
v -0.873790 0.794680 0.512491
v -0.758000 0.910470 0.249855
v -0.953412 1.040318 -0.011375
v -0.801070 0.867528 -0.854492
v -0.794680 0.873918 0.512491
v -0.953412 1.040318 -0.011375
v -0.758000 0.910470 0.249855
v -0.846440 0.822158 1.778125
v -1.927783 1.872699 -1.443409
v -2.031942 2.007660 -1.090033
v -0.873790 0.794680 0.512491
v -1.037378 0.950216 -0.006390
v -0.822286 0.755828 -0.854492
v -0.749438 0.828676 0.512491
v -0.755828 0.822285 -0.854492
v -0.828676 0.749438 0.512491
v -0.867528 0.801070 -0.854492
v -1.037378 0.950216 -0.006390
v -0.910470 0.758000 0.249855
v -0.758000 0.910470 0.249855
v -0.749438 0.828676 0.512491
v -0.794680 0.873918 0.512491
v -0.801070 0.867528 -0.854492
v -0.755828 0.822285 -0.854492
v -0.828676 0.749438 0.512491
v -0.794680 0.873918 0.512491
v -0.749438 0.828676 0.512491
v -0.873790 0.794680 0.512491
v -0.873790 0.794680 0.512491
v -0.828676 0.749438 0.512491
v -0.910470 0.758000 0.249855
v -0.822286 0.755828 -0.854492
v -0.867528 0.801070 -0.854492
v -0.755828 0.822285 -0.854492
v -0.867528 0.801070 -0.854492
v -0.822286 0.755828 -0.854492
v -0.801070 0.867528 -0.854492
v -0.822158 0.846440 -2.107218
v -2.031942 2.007659 -2.107219
v -0.846440 0.822157 -2.107218
v -2.007660 2.031942 -2.107219
v -2.007660 2.031942 -2.107219
v -1.872700 1.927783 -1.443409
v -2.007660 2.031942 -1.090033
v -1.927783 1.872699 -1.443409
v -2.031942 2.007659 -2.107219
v -2.031942 2.007660 -1.090033
v -2.031942 -2.007788 -1.090033
v -0.822158 -0.846185 1.778125
v -2.007660 -2.032070 -1.090033
v -0.846440 -0.821902 1.778125
v -2.007660 -2.032198 -2.106451
v -2.031942 -2.007788 -1.090033
v -2.031942 -2.007916 -2.106451
v -0.846440 -0.822414 -2.106452
v -0.801070 -0.867656 -0.854492
v -0.867528 -0.801070 -0.854492
v -0.822158 -0.846696 -2.106452
v -0.846440 -0.822414 -2.106452
v -1.927783 -1.872828 -1.442642
v -2.031942 -2.007916 -2.106451
v -0.867528 -0.801070 -0.854492
v -1.040318 -0.953412 -0.011374
v -1.872700 -1.927911 -1.442642
v -0.822158 -0.846696 -2.106452
v -2.007660 -2.032198 -2.106451
v -0.801070 -0.867656 -0.854492
v -0.950216 -1.037378 -0.006390
v -0.846440 -0.821902 1.778125
v -0.794680 -0.873790 0.512491
v -0.822158 -0.846185 1.778125
v -0.873790 -0.794552 0.512491
v -0.873790 -0.794552 0.512491
v -1.927783 -1.872828 -1.442642
v -1.040318 -0.953412 -0.011374
v -0.846440 -0.821902 1.778125
v -2.031942 -2.007788 -1.090033
v -0.758000 -0.910470 0.249855
v -0.950216 -1.037378 -0.006390
v -0.794680 -0.873790 0.512491
v -0.910470 -0.758000 0.249855
v -1.040318 -0.953412 -0.011374
v -0.867528 -0.801070 -0.854492
v -0.873790 -0.794552 0.512491
v -1.040318 -0.953412 -0.011374
v -0.910470 -0.758000 0.249855
v -0.822158 -0.846185 1.778125
v -1.872700 -1.927911 -1.442642
v -2.007660 -2.032070 -1.090033
v -0.794680 -0.873790 0.512491
v -0.950216 -1.037378 -0.006390
v -0.755828 -0.822413 -0.854492
v -0.828676 -0.749438 0.512491
v -0.822286 -0.755956 -0.854492
v -0.749438 -0.828548 0.512491
v -0.801070 -0.867656 -0.854492
v -0.950216 -1.037378 -0.006390
v -0.758000 -0.910470 0.249855
v -0.910470 -0.758000 0.249855
v -0.828676 -0.749438 0.512491
v -0.873790 -0.794552 0.512491
v -0.867528 -0.801070 -0.854492
v -0.822286 -0.755956 -0.854492
v -0.749438 -0.828548 0.512491
v -0.873790 -0.794552 0.512491
v -0.828676 -0.749438 0.512491
v -0.794680 -0.873790 0.512491
v -0.794680 -0.873790 0.512491
v -0.749438 -0.828548 0.512491
v -0.758000 -0.910470 0.249855
v -0.755828 -0.822413 -0.854492
v -0.801070 -0.867656 -0.854492
v -0.822286 -0.755956 -0.854492
v -0.801070 -0.867656 -0.854492
v -0.755828 -0.822413 -0.854492
v -0.867528 -0.801070 -0.854492
v -0.846440 -0.822414 -2.106452
v -2.007660 -2.032198 -2.106451
v -0.822158 -0.846696 -2.106452
v -2.031942 -2.007916 -2.106451
v -2.031942 -2.007916 -2.106451
v -1.927783 -1.872828 -1.442642
v -2.031942 -2.007788 -1.090033
v -1.872700 -1.927911 -1.442642
v -2.007660 -2.032198 -2.106451
v -2.007660 -2.032070 -1.090033
v 2.007788 -2.032070 -1.090033
v 0.846185 -0.821902 1.778125
v 2.032070 -2.007788 -1.090033
v 0.821902 -0.846185 1.778125
v 2.032198 -2.007916 -2.106451
v 2.007788 -2.032070 -1.090033
v 2.007915 -2.032198 -2.106451
v 0.822413 -0.846696 -2.106452
v 0.867656 -0.801070 -0.854492
v 0.801070 -0.867656 -0.854492
v 0.846696 -0.822414 -2.106452
v 0.822413 -0.846696 -2.106452
v 1.872827 -1.927911 -1.442642
v 2.007915 -2.032198 -2.106451
v 0.801070 -0.867656 -0.854492
v 0.953412 -1.040318 -0.011374
v 1.927911 -1.872828 -1.442642
v 0.846696 -0.822414 -2.106452
v 2.032198 -2.007916 -2.106451
v 0.867656 -0.801070 -0.854492
v 1.037378 -0.950216 -0.006390
v 0.821902 -0.846185 1.778125
v 0.873790 -0.794552 0.512491
v 0.846185 -0.821902 1.778125
v 0.794552 -0.873790 0.512491
v 0.794552 -0.873790 0.512491
v 1.872827 -1.927911 -1.442642
v 0.953412 -1.040318 -0.011374
v 0.821902 -0.846185 1.778125
v 2.007788 -2.032070 -1.090033
v 0.910470 -0.758000 0.249855
v 1.037378 -0.950216 -0.006390
v 0.873790 -0.794552 0.512491
v 0.758000 -0.910470 0.249855
v 0.953412 -1.040318 -0.011374
v 0.801070 -0.867656 -0.854492
v 0.794552 -0.873790 0.512491
v 0.953412 -1.040318 -0.011374
v 0.758000 -0.910470 0.249855
v 0.846185 -0.821902 1.778125
v 1.927911 -1.872828 -1.442642
v 2.032070 -2.007788 -1.090033
v 0.873790 -0.794552 0.512491
v 1.037378 -0.950216 -0.006390
v 0.822413 -0.755956 -0.854492
v 0.749438 -0.828548 0.512491
v 0.755956 -0.822413 -0.854492
v 0.828548 -0.749438 0.512491
v 0.867656 -0.801070 -0.854492
v 1.037378 -0.950216 -0.006390
v 0.910470 -0.758000 0.249855
v 0.758000 -0.910470 0.249855
v 0.749438 -0.828548 0.512491
v 0.794552 -0.873790 0.512491
v 0.801070 -0.867656 -0.854492
v 0.755956 -0.822413 -0.854492
v 0.828548 -0.749438 0.512491
v 0.794552 -0.873790 0.512491
v 0.749438 -0.828548 0.512491
v 0.873790 -0.794552 0.512491
v 0.873790 -0.794552 0.512491
v 0.828548 -0.749438 0.512491
v 0.910470 -0.758000 0.249855
v 0.822413 -0.755956 -0.854492
v 0.867656 -0.801070 -0.854492
v 0.755956 -0.822413 -0.854492
v 0.867656 -0.801070 -0.854492
v 0.822413 -0.755956 -0.854492
v 0.801070 -0.867656 -0.854492
v 0.822413 -0.846696 -2.106452
v 2.032198 -2.007916 -2.106451
v 0.846696 -0.822414 -2.106452
v 2.007915 -2.032198 -2.106451
v 2.007915 -2.032198 -2.106451
v 1.872827 -1.927911 -1.442642
v 2.007788 -2.032070 -1.090033
v 1.927911 -1.872828 -1.442642
v 2.032198 -2.007916 -2.106451
v 2.032070 -2.007788 -1.090033
v 2.032070 2.007660 -1.090033
v 0.821902 0.846440 1.778125
v 2.007788 2.031942 -1.090033
v 0.846185 0.822158 1.778125
v 2.007915 2.031942 -2.106452
v 2.032070 2.007660 -1.090033
v 2.032198 2.007659 -2.106452
v 0.846696 0.822157 -2.106452
v 0.801070 0.867528 -0.854492
v 0.867656 0.801070 -0.854492
v 0.822413 0.846440 -2.106452
v 0.846696 0.822157 -2.106452
v 1.927911 1.872699 -1.442642
v 2.032198 2.007659 -2.106452
v 0.867656 0.801070 -0.854492
v 1.040318 0.953412 -0.011375
v 1.872827 1.927783 -1.442642
v 0.822413 0.846440 -2.106452
v 2.007915 2.031942 -2.106452
v 0.801070 0.867528 -0.854492
v 0.950216 1.037378 -0.006390
v 0.846185 0.822158 1.778125
v 0.794552 0.873918 0.512491
v 0.821902 0.846440 1.778125
v 0.873790 0.794680 0.512491
v 0.873790 0.794680 0.512491
v 1.927911 1.872699 -1.442642
v 1.040318 0.953412 -0.011375
v 0.846185 0.822158 1.778125
v 2.032070 2.007660 -1.090033
v 0.758000 0.910470 0.249855
v 0.950216 1.037378 -0.006390
v 0.794552 0.873918 0.512491
v 0.910470 0.758000 0.249855
v 1.040318 0.953412 -0.011375
v 0.867656 0.801070 -0.854492
v 0.873790 0.794680 0.512491
v 1.040318 0.953412 -0.011375
v 0.910470 0.758000 0.249855
v 0.821902 0.846440 1.778125
v 1.872827 1.927783 -1.442642
v 2.007788 2.031942 -1.090033
v 0.794552 0.873918 0.512491
v 0.950216 1.037378 -0.006390
v 0.755956 0.822285 -0.854492
v 0.828548 0.749438 0.512491
v 0.822413 0.755828 -0.854492
v 0.749438 0.828676 0.512491
v 0.801070 0.867528 -0.854492
v 0.950216 1.037378 -0.006390
v 0.758000 0.910470 0.249855
v 0.910470 0.758000 0.249855
v 0.828548 0.749438 0.512491
v 0.873790 0.794680 0.512491
v 0.867656 0.801070 -0.854492
v 0.822413 0.755828 -0.854492
v 0.749438 0.828676 0.512491
v 0.873790 0.794680 0.512491
v 0.828548 0.749438 0.512491
v 0.794552 0.873918 0.512491
v 0.794552 0.873918 0.512491
v 0.749438 0.828676 0.512491
v 0.758000 0.910470 0.249855
v 0.755956 0.822285 -0.854492
v 0.801070 0.867528 -0.854492
v 0.822413 0.755828 -0.854492
v 0.801070 0.867528 -0.854492
v 0.755956 0.822285 -0.854492
v 0.867656 0.801070 -0.854492
v 0.846696 0.822157 -2.106452
v 2.007915 2.031942 -2.106452
v 0.822413 0.846440 -2.106452
v 2.032198 2.007659 -2.106452
v 2.032198 2.007659 -2.106452
v 1.927911 1.872699 -1.442642
v 2.032070 2.007660 -1.090033
v 1.872827 1.927783 -1.442642
v 2.007915 2.031942 -2.106452
v 2.007788 2.031942 -1.090033
v 0.000000 1.054632 0.464692
v 0.000000 1.054632 0.689626
v -0.069397 1.054632 0.475428
v -0.132021 1.054632 0.507506
v 0.069397 1.054632 0.475428
v -0.181736 1.054632 0.557477
v 0.132021 1.054632 0.507506
v -0.213687 1.054632 0.619590
v 0.181736 1.054632 0.557477
v -0.224678 1.054632 0.689626
v 0.213687 1.054632 0.619590
v -0.213687 1.054632 0.758767
v 0.224678 1.054632 0.689626
v -0.181736 1.054632 0.821646
v 0.213687 1.054632 0.758767
v -0.132021 1.054632 0.870851
v 0.181736 1.054632 0.821646
v -0.069397 1.054632 0.903057
v 0.132021 1.054632 0.870851
v 0.000000 1.054632 0.913665
v 0.069397 1.054632 0.903057
v -0.069397 1.073802 0.475428
v 0.000000 1.073802 0.398362
v 0.000000 1.073802 0.464692
v 0.069397 1.073802 0.475428
v -0.089846 1.073802 0.412549
v 0.089846 1.073802 0.412549
v -0.132021 1.073802 0.507506
v 0.132021 1.073802 0.507506
v -0.171001 1.073802 0.453957
v 0.171001 1.073802 0.453957
v -0.181736 1.073802 0.557477
v 0.181736 1.073802 0.557477
v -0.235286 1.073802 0.518242
v 0.235286 1.073802 0.518242
v -0.213687 1.073802 0.619590
v 0.213687 1.073802 0.619590
v -0.276566 1.073802 0.599652
v 0.276566 1.073802 0.599652
v -0.224678 1.073802 0.689626
v 0.224678 1.073802 0.689626
v -0.290880 1.073802 0.689626
v 0.290880 1.073802 0.689626
v -0.213687 1.073802 0.758767
v 0.213687 1.073802 0.758767
v -0.276566 1.073802 0.779471
v 0.276566 1.073802 0.779471
v -0.181736 1.073802 0.821646
v 0.181736 1.073802 0.821646
v -0.235286 1.073802 0.860243
v 0.235286 1.073802 0.860243
v -0.132021 1.073802 0.870851
v 0.132021 1.073802 0.870851
v -0.171001 1.073802 0.924400
v 0.171001 1.073802 0.924400
v -0.069397 1.073802 0.903057
v 0.069397 1.073802 0.903057
v -0.089846 1.073802 0.965808
v 0.089846 1.073802 0.965808
v 0.000000 1.073802 0.913665
v 0.000000 1.073802 0.980122
v -0.069397 1.054632 0.475428
v 0.000000 1.073802 0.464692
v 0.000000 1.054632 0.464692
v 0.069397 1.054632 0.475428
v -0.069397 1.073802 0.475428
v 0.069397 1.073802 0.475428
v -0.132021 1.054632 0.507506
v 0.132021 1.054632 0.507506
v -0.132021 1.073802 0.507506
v 0.132021 1.073802 0.507506
v -0.181736 1.054632 0.557477
v 0.181736 1.054632 0.557477
v -0.181736 1.073802 0.557477
v 0.181736 1.073802 0.557477
v -0.213687 1.054632 0.619590
v 0.213687 1.054632 0.619590
v -0.213687 1.073802 0.619590
v 0.213687 1.073802 0.619590
v -0.224678 1.054632 0.689626
v 0.224678 1.054632 0.689626
v -0.224678 1.073802 0.689626
v 0.224678 1.073802 0.689626
v -0.213687 1.054632 0.758767
v 0.213687 1.054632 0.758767
v -0.213687 1.073802 0.758767
v 0.213687 1.073802 0.758767
v -0.181736 1.054632 0.821646
v 0.181736 1.054632 0.821646
v -0.181736 1.073802 0.821646
v 0.181736 1.073802 0.821646
v -0.132021 1.054632 0.870851
v 0.132021 1.054632 0.870851
v -0.132021 1.073802 0.870851
v 0.132021 1.073802 0.870851
v -0.069397 1.054632 0.903057
v 0.069397 1.054632 0.903057
v -0.069397 1.073802 0.903057
v 0.069397 1.073802 0.903057
v 0.000000 1.054632 0.913665
v 0.000000 1.073802 0.913665
vn -0.1946 0.9809 -0.0000
vn 0.1946 0.9809 -0.0000
vn -0.5565 0.8309 -0.0000
vn 0.5565 0.8309 -0.0000
vn -0.8317 0.5553 -0.0000
vn 0.8317 0.5553 -0.0000
vn -0.9808 0.1951 -0.0000
vn 0.9808 0.1951 -0.0000
vn -0.9809 -0.1946 -0.0000
vn 0.9809 -0.1946 -0.0000
vn -0.8309 -0.5565 -0.0000
vn 0.8309 -0.5565 -0.0000
vn -0.5565 -0.8309 -0.0000
vn 0.5565 -0.8309 -0.0000
vn -0.1946 -0.9809 -0.0000
vn 0.1946 -0.9809 -0.0000
vn -0.0000 -0.0000 -1.0000
vn 0.0980 -0.9952 -0.0000
vn 0.0980 -0.9949 0.0230
vn 0.2905 -0.9569 -0.0000
vn 0.0981 -0.9949 0.0231
vn 0.0980 -0.9941 0.0475
vn 0.2904 -0.9566 0.0231
vn 0.4711 -0.8821 -0.0000
vn 0.0977 -0.9941 0.0473
vn 0.0975 -0.9921 0.0794
vn 0.2896 -0.9569 0.0228
vn 0.2893 -0.9561 0.0473
vn 0.4710 -0.8818 0.0228
vn 0.6346 -0.7728 -0.0000
vn 0.0980 -0.9920 0.0796
vn 0.0977 -0.9885 0.1152
vn 0.2900 -0.9558 0.0476
vn 0.2894 -0.9539 0.0796
vn 0.4715 -0.8816 0.0230
vn 0.4711 -0.8808 0.0476
vn 0.6345 -0.7726 0.0230
vn 0.7728 -0.6346 -0.0000
vn 0.8818 -0.4716 -0.0000
vn 0.6338 -0.7731 0.0227
vn 0.7726 -0.6345 0.0227
vn 0.9570 -0.2900 -0.0000
vn 0.6333 -0.7725 0.0476
vn 0.7731 -0.6338 0.0230
vn 0.8816 -0.4714 0.0230
vn 0.9952 -0.0980 -0.0000
vn 0.7725 -0.6333 0.0477
vn 0.6335 -0.7723 0.0477
vn 0.8816 -0.4715 0.0230
vn 0.9568 -0.2899 0.0230
vn 0.9952 0.0980 -0.0000
vn 0.8808 -0.4711 0.0476
vn 0.7723 -0.6335 0.0476
vn 0.9569 -0.2896 0.0231
vn 0.9949 -0.0980 0.0231
vn 0.9570 0.2900 -0.0000
vn 0.9561 -0.2893 0.0476
vn 0.9949 -0.0981 0.0230
vn 0.9949 0.0980 0.0230
vn 0.8818 0.4716 -0.0000
vn 0.9941 -0.0980 0.0473
vn 0.9558 -0.2900 0.0473
vn 0.9941 -0.0977 0.0475
vn 0.9949 0.0981 0.0231
vn 0.9568 0.2899 0.0231
vn 0.9941 0.0980 0.0475
vn 0.9921 -0.0975 0.0796
vn 0.9920 -0.0980 0.0794
vn 0.9540 -0.2891 0.0796
vn 0.9539 -0.2894 0.0795
vn 0.9885 -0.0977 0.1151
vn 0.9886 -0.0973 0.1152
vn 0.9506 -0.2881 0.1154
vn 0.9504 -0.2890 0.1151
vn 0.8790 -0.4701 0.0795
vn 0.8790 -0.4701 0.0794
vn 0.8763 -0.4678 0.1154
vn 0.8759 -0.4685 0.1152
vn 0.9838 -0.0968 0.1510
vn 0.9838 -0.0971 0.1509
vn 0.9458 -0.2876 0.1508
vn 0.9459 -0.2873 0.1509
vn 0.8721 -0.4655 0.1509
vn 0.8720 -0.4656 0.1508
vn 0.9782 -0.0966 0.1837
vn 0.9783 -0.0959 0.1839
vn 0.9406 -0.2857 0.1836
vn 0.9406 -0.2854 0.1837
vn 0.8671 -0.4630 0.1838
vn 0.8668 -0.4636 0.1836
vn 0.9725 -0.0954 0.2127
vn 0.9724 -0.0958 0.2126
vn 0.9350 -0.2837 0.2127
vn 0.9350 -0.2836 0.2127
vn 0.8616 -0.4608 0.2127
vn 0.9665 -0.0952 0.2385
vn 0.9665 -0.0953 0.2385
vn 0.9293 -0.2819 0.2386
vn 0.9292 -0.2822 0.2385
vn 0.8563 -0.4580 0.2386
vn 0.8564 -0.4578 0.2386
vn 0.9600 -0.0946 0.2635
vn 0.9600 -0.0939 0.2637
vn 0.9230 -0.2804 0.2634
vn 0.9232 -0.2799 0.2635
vn 0.8507 -0.4548 0.2635
vn 0.8505 -0.4553 0.2634
vn 0.9552 -0.0935 0.2810
vn 0.9552 -0.0925 0.2812
vn 0.9184 -0.2784 0.2812
vn 0.9181 -0.2796 0.2809
vn 0.8461 -0.4530 0.2809
vn 0.8467 -0.4517 0.2812
vn 0.9492 -0.0919 0.3010
vn 0.9492 -0.0917 0.3011
vn 0.9415 -0.0910 0.3245
vn 0.9123 -0.2777 0.3011
vn 0.9122 -0.2778 0.3010
vn 0.9225 -0.1831 0.3398
vn 0.9049 -0.2754 0.3245
vn 0.9156 -0.1796 0.3596
vn 0.9155 -0.1817 0.3589
vn 0.7754 -0.5194 0.3592
vn 0.8402 -0.4511 0.3010
vn 0.8334 -0.4474 0.3244
vn 0.8412 -0.4488 0.3015
vn 0.7759 -0.5184 0.3596
vn 0.7822 -0.5226 0.3391
vn 0.5193 -0.7752 0.3597
vn 0.7367 -0.6053 0.3015
vn 0.7310 -0.6005 0.3240
vn 0.7359 -0.6064 0.3012
vn 0.5177 -0.7766 0.3589
vn 0.1797 -0.9160 0.3586
vn 0.6005 -0.7310 0.3240
vn 0.5218 -0.7827 0.3393
vn 0.6053 -0.7368 0.3012
vn 0.1820 -0.9152 0.3595
vn 0.7407 -0.6103 0.2808
vn 0.7423 -0.6081 0.2813
vn 0.7462 -0.6113 0.2636
vn 0.6063 -0.7358 0.3015
vn 0.6102 -0.7406 0.2814
vn 0.4474 -0.8333 0.3247
vn 0.4510 -0.8400 0.3016
vn 0.1834 -0.9224 0.3398
vn 0.2754 -0.9048 0.3247
vn 0.0909 -0.9415 0.3245
vn 0.7458 -0.6119 0.2634
vn 0.7508 -0.6160 0.2386
vn 0.6082 -0.7424 0.2809
vn 0.6114 -0.7462 0.2634
vn 0.4489 -0.8414 0.3011
vn 0.2776 -0.9123 0.3010
vn 0.4517 -0.8468 0.2808
vn 0.0917 -0.9492 0.3010
vn 0.2778 -0.9122 0.3011
vn 0.0919 -0.9492 0.3011
vn 0.4530 -0.8460 0.2811
vn 0.2796 -0.9180 0.2812
vn 0.0925 -0.9552 0.2810
vn 0.2788 -0.9183 0.2810
vn 0.0933 -0.9551 0.2812
vn 0.4553 -0.8504 0.2637
vn 0.6125 -0.7452 0.2637
vn 0.2803 -0.9231 0.2634
vn 0.4543 -0.8510 0.2634
vn 0.0938 -0.9601 0.2635
vn 0.2804 -0.9230 0.2635
vn 0.0946 -0.9600 0.2637
vn 0.6166 -0.7502 0.2388
vn 0.7511 -0.6155 0.2387
vn 0.7558 -0.6193 0.2127
vn 0.6155 -0.7512 0.2385
vn 0.4574 -0.8567 0.2385
vn 0.7554 -0.6198 0.2125
vn 0.6194 -0.7558 0.2125
vn 0.7599 -0.6235 0.1838
vn 0.4580 -0.8563 0.2386
vn 0.2822 -0.9292 0.2386
vn 0.6198 -0.7554 0.2127
vn 0.4608 -0.8616 0.2127
vn 0.7597 -0.6238 0.1837
vn 0.6235 -0.7599 0.1837
vn 0.7640 -0.6274 0.1509
vn 0.2819 -0.9293 0.2385
vn 0.0953 -0.9665 0.2385
vn 0.0952 -0.9665 0.2385
vn 0.2836 -0.9351 0.2127
vn 0.0958 -0.9724 0.2127
vn 0.2837 -0.9350 0.2127
vn 0.0954 -0.9725 0.2126
vn 0.4636 -0.8668 0.1838
vn 0.6238 -0.7596 0.1838
vn 0.2854 -0.9406 0.1836
vn 0.4630 -0.8671 0.1836
vn 0.0959 -0.9783 0.1837
vn 0.2857 -0.9406 0.1837
vn 0.0966 -0.9782 0.1839
vn 0.6274 -0.7640 0.1507
vn 0.7637 -0.6278 0.1507
vn 0.7674 -0.6308 0.1151
vn 0.6278 -0.7636 0.1509
vn 0.4656 -0.8720 0.1509
vn 0.7680 -0.6299 0.1155
vn 0.6308 -0.7673 0.1155
vn 0.7707 -0.6322 0.0795
vn 0.7707 -0.6322 0.0794
vn 0.6322 -0.7707 0.0794
vn 0.6300 -0.7680 0.1151
vn 0.6322 -0.7707 0.0795
vn 0.4655 -0.8721 0.1508
vn 0.4678 -0.8763 0.1152
vn 0.2873 -0.9459 0.1508
vn 0.4701 -0.8790 0.0794
vn 0.4684 -0.8759 0.1154
vn 0.4701 -0.8790 0.0795
vn 0.2891 -0.9540 0.0795
vn 0.2884 -0.9505 0.1154
vn 0.2870 -0.9460 0.1508
vn 0.2881 -0.9506 0.1153
vn 0.0971 -0.9838 0.1508
vn 0.0979 -0.9885 0.1153
vn 0.0974 -0.9837 0.1509
vn 0.7728 0.6346 -0.0000
vn 0.6346 0.7728 -0.0000
vn 0.4711 0.8821 -0.0000
vn 0.2905 0.9569 -0.0000
vn 0.0980 0.9952 -0.0000
vn -0.0980 0.9952 -0.0000
vn -0.2905 0.9569 -0.0000
vn -0.4711 0.8821 -0.0000
vn -0.6346 0.7728 -0.0000
vn -0.7728 0.6346 -0.0000
vn -0.8821 0.4711 -0.0000
vn -0.9569 0.2905 -0.0000
vn -0.9952 0.0980 -0.0000
vn -0.9952 -0.0980 -0.0000
vn -0.9569 -0.2905 -0.0000
vn -0.8821 -0.4711 -0.0000
vn -0.7728 -0.6346 -0.0000
vn -0.6346 -0.7728 -0.0000
vn -0.4711 -0.8821 -0.0000
vn -0.2905 -0.9569 -0.0000
vn -0.0980 -0.9952 -0.0000
vn 0.3028 -0.9530 -0.0000
vn 0.3007 -0.9537 -0.0013
vn 0.2905 -0.9568 -0.0108
vn 0.4703 -0.8825 -0.0010
vn 0.3042 -0.9525 -0.0110
vn 0.4705 -0.8824 -0.0000
vn 0.4725 -0.8813 -0.0030
vn 0.4724 -0.8814 0.0030
vn 0.4787 -0.8780 -0.0047
vn 0.4713 -0.8819 0.0041
vn 0.4787 -0.8780 0.0047
vn 0.4711 -0.8821 0.0046
vn 0.6345 -0.7729 -0.0001
vn 0.4707 -0.8823 0.0004
vn 0.6346 -0.7728 -0.0005
vn 0.6349 -0.7726 -0.0000
vn 0.7736 -0.6336 -0.0000
vn 0.7728 -0.6346 0.0025
vn 0.7718 -0.6358 -0.0002
vn 0.8818 -0.4716 0.0046
vn 0.8790 -0.4768 -0.0016
vn 0.8805 -0.4740 -0.0000
vn 0.8809 -0.4732 -0.0012
vn 0.8810 -0.4732 0.0012
vn 0.8790 -0.4767 0.0016
vn 0.9570 -0.2900 0.0005
vn 0.9569 -0.2905 -0.0000
vn 0.9548 -0.2899 -0.0654
vn 0.8800 -0.4706 -0.0650
vn 0.9549 -0.2895 -0.0651
vn 0.8800 -0.4704 -0.0649
vn 0.7733 -0.6340 0.0008
vn 0.7717 -0.6327 -0.0649
vn 0.6346 -0.7728 0.0008
vn 0.4714 -0.8819 -0.0000
vn 0.4714 -0.8819 0.0006
vn 0.4703 -0.8825 0.0006
vn 0.4694 -0.8830 0.0003
vn 0.4722 -0.8815 -0.0000
vn 0.6340 -0.7733 -0.0000
vn 0.4684 -0.8811 -0.0654
vn 0.4712 -0.8796 -0.0653
vn 0.4700 -0.8803 -0.0648
vn 0.6327 -0.7717 -0.0653
vn 0.7714 -0.6330 -0.0653
vn 0.4706 -0.8800 -0.0649
vn 0.6330 -0.7714 -0.0649
vn 0.4632 -0.8674 -0.1818
vn 0.4637 -0.8671 -0.1817
vn 0.4638 -0.8672 -0.1815
vn 0.4448 -0.8317 -0.3323
vn 0.4460 -0.8313 -0.3317
vn 0.4638 -0.8671 -0.1818
vn 0.6238 -0.7603 -0.1812
vn 0.6233 -0.7605 -0.1818
vn 0.4149 -0.7733 -0.4793
vn 0.4132 -0.7736 -0.4804
vn 0.4115 -0.7705 -0.4868
vn 0.7606 -0.6234 -0.1812
vn 0.7602 -0.6238 -0.1818
vn 0.4155 -0.7694 -0.4852
vn 0.4132 -0.7740 -0.4798
vn 0.4167 -0.7717 -0.4805
vn 0.4442 -0.8321 -0.3320
vn 0.5547 -0.6759 -0.4852
vn 0.8671 -0.4637 -0.1818
vn 0.8672 -0.4636 -0.1816
vn 0.5983 -0.7293 -0.3320
vn 0.5978 -0.7294 -0.3324
vn 0.5563 -0.6781 -0.4804
vn 0.5563 -0.6781 -0.4803
vn 0.5542 -0.6757 -0.4861
vn 0.9410 -0.2857 -0.1815
vn 0.9411 -0.2854 -0.1812
vn 0.7290 -0.5983 -0.3325
vn 0.7296 -0.5979 -0.3320
vn 0.6782 -0.5563 -0.4802
vn 0.6780 -0.5564 -0.4804
vn 0.6761 -0.5545 -0.4852
vn 0.6755 -0.5544 -0.4861
vn 0.6832 -0.5606 -0.4679
vn 0.5606 -0.6832 -0.4679
vn 0.5598 -0.6822 -0.4703
vn 0.6823 -0.5597 -0.4703
vn 0.4169 -0.7778 -0.4704
vn 0.4174 -0.7815 -0.4636
vn 0.4129 -0.7885 -0.4558
vn 0.4289 -0.7915 -0.4355
vn 0.4143 -0.7784 -0.4716
vn 0.2558 -0.8442 -0.4711
vn 0.2557 -0.8443 -0.4709
vn 0.0870 -0.8782 -0.4703
vn 0.0869 -0.8785 -0.4697
vn 0.7784 -0.4158 -0.4703
vn 0.7778 -0.4155 -0.4715
vn 0.7713 -0.4121 -0.4851
vn 0.8442 -0.2557 -0.4711
vn 0.7700 -0.4120 -0.4871
vn 0.8360 -0.2533 -0.4869
vn 0.7733 -0.4138 -0.4804
vn 0.8443 -0.2558 -0.4709
vn 0.7737 -0.4136 -0.4800
vn 0.8319 -0.4447 -0.3320
vn 0.8318 -0.4448 -0.3322
vn 0.8396 -0.2545 -0.4799
vn 0.8356 -0.2533 -0.4875
vn 0.9026 -0.2736 -0.3323
vn 0.9024 -0.2739 -0.3326
vn 0.8688 -0.0860 -0.4877
vn 0.8782 -0.0869 -0.4703
vn 0.8786 -0.0870 -0.4697
vn 0.8703 -0.0854 -0.4851
vn 0.8731 -0.0857 -0.4800
vn 0.8785 0.0869 -0.4697
vn 0.8702 0.0861 -0.4851
vn 0.8782 0.0869 -0.4703
vn 0.8727 -0.0862 -0.4807
vn 0.9385 -0.0927 -0.3326
vn 0.8689 0.0853 -0.4877
vn 0.8727 0.0856 -0.4807
vn 0.8443 0.2558 -0.4709
vn 0.8356 0.2531 -0.4875
vn 0.8452 0.2559 -0.4692
vn 0.9386 -0.0925 -0.3324
vn 0.9787 -0.0965 -0.1811
vn 0.8730 0.0862 -0.4801
vn 0.9386 0.0926 -0.3324
vn 0.8359 0.2534 -0.4868
vn 0.8395 0.2545 -0.4801
vn 0.7794 0.4164 -0.4683
vn 0.7703 0.4116 -0.4871
vn 0.7783 0.4160 -0.4703
vn 0.9787 -0.0964 -0.1811
vn 0.9930 -0.0979 -0.0655
vn 0.9385 0.0924 -0.3326
vn 0.9787 0.0964 -0.1811
vn 0.8395 0.2547 -0.4800
vn 0.9025 0.2738 -0.3326
vn 0.7710 0.4126 -0.4851
vn 0.7735 0.4139 -0.4799
vn 0.6822 0.5598 -0.4702
vn 0.6759 0.5547 -0.4852
vn 0.6833 0.5605 -0.4680
vn 0.5606 0.6831 -0.4680
vn 0.5598 0.6823 -0.4702
vn 0.6757 0.5542 -0.4861
vn 0.5544 0.6755 -0.4862
vn 0.7735 0.4135 -0.4804
vn 0.6781 0.5562 -0.4804
vn 0.4159 0.7783 -0.4703
vn 0.8318 0.4447 -0.3322
vn 0.9025 0.2741 -0.3323
vn 0.4155 0.7778 -0.4715
vn 0.5546 0.6760 -0.4852
vn 0.4121 0.7713 -0.4851
vn 0.6781 0.5564 -0.4802
vn 0.5563 0.6782 -0.4803
vn 0.2557 0.8442 -0.4711
vn 0.7291 0.5983 -0.3323
vn 0.8318 0.4446 -0.3323
vn 0.2558 0.8443 -0.4709
vn 0.4121 0.7700 -0.4871
vn 0.2532 0.8360 -0.4868
vn 0.5563 0.6781 -0.4804
vn 0.4138 0.7733 -0.4804
vn 0.0869 0.8782 -0.4703
vn 0.0870 0.8785 -0.4697
vn -0.0870 0.8785 -0.4697
vn 0.2533 0.8356 -0.4875
vn 0.0860 0.8688 -0.4877
vn 0.4136 0.7737 -0.4800
vn 0.2545 0.8396 -0.4799
vn -0.0869 0.8782 -0.4703
vn -0.2557 0.8443 -0.4709
vn 0.0854 0.8703 -0.4851
vn -0.2561 0.8452 -0.4691
vn -0.4166 0.7792 -0.4683
vn -0.0860 0.8688 -0.4877
vn -0.0854 0.8703 -0.4851
vn -0.2532 0.8360 -0.4868
vn -0.2533 0.8356 -0.4875
vn -0.4159 0.7783 -0.4703
vn -0.5598 0.6823 -0.4702
vn -0.4121 0.7700 -0.4871
vn -0.4121 0.7713 -0.4851
vn -0.5606 0.6831 -0.4680
vn -0.6833 0.5605 -0.4680
vn -0.5546 0.6760 -0.4852
vn -0.5544 0.6755 -0.4862
vn -0.6822 0.5598 -0.4702
vn -0.7783 0.4160 -0.4703
vn -0.6757 0.5542 -0.4861
vn -0.6759 0.5547 -0.4852
vn -0.7794 0.4164 -0.4683
vn -0.8452 0.2559 -0.4692
vn -0.7710 0.4126 -0.4851
vn -0.7703 0.4116 -0.4871
vn -0.8408 0.2553 -0.4774
vn -0.8746 0.0866 -0.4770
vn -0.8359 0.2534 -0.4868
vn -0.8366 0.2540 -0.4853
vn -0.8786 0.0863 -0.4698
vn -0.8786 -0.0870 -0.4697
vn -0.8701 0.0854 -0.4854
vn -0.8703 0.0855 -0.4851
vn -0.8747 -0.0859 -0.4770
vn -0.8410 -0.2548 -0.4774
vn -0.8703 -0.0854 -0.4851
vn -0.8701 -0.0855 -0.4854
vn -0.8440 -0.2563 -0.4711
vn -0.7778 -0.4155 -0.4715
vn -0.8367 -0.2536 -0.4853
vn -0.8358 -0.2538 -0.4869
vn -0.7784 -0.4158 -0.4703
vn -0.6823 -0.5597 -0.4703
vn -0.7700 -0.4120 -0.4871
vn -0.7713 -0.4121 -0.4851
vn -0.6832 -0.5606 -0.4679
vn -0.5606 -0.6832 -0.4679
vn -0.5598 -0.6822 -0.4703
vn -0.4162 -0.7782 -0.4703
vn -0.4164 -0.7797 -0.4677
vn -0.4119 -0.7868 -0.4596
vn -0.4277 -0.7896 -0.4400
vn -0.4164 -0.7793 -0.4683
vn -0.2559 -0.8452 -0.4691
vn -0.2557 -0.8443 -0.4709
vn -0.0870 -0.8782 -0.4703
vn -0.0869 -0.8785 -0.4697
vn -0.6755 -0.5544 -0.4861
vn -0.6761 -0.5545 -0.4852
vn -0.5542 -0.6757 -0.4861
vn -0.5547 -0.6759 -0.4852
vn -0.4155 -0.7694 -0.4852
vn -0.4115 -0.7705 -0.4868
vn -0.4132 -0.7736 -0.4804
vn -0.4167 -0.7717 -0.4805
vn -0.5563 -0.6781 -0.4804
vn -0.4141 -0.7735 -0.4799
vn -0.4139 -0.7736 -0.4799
vn -0.4453 -0.8316 -0.3318
vn -0.5559 -0.6781 -0.4807
vn -0.6780 -0.5561 -0.4807
vn -0.4449 -0.8316 -0.3323
vn -0.5979 -0.7294 -0.3323
vn -0.4449 -0.8318 -0.3320
vn -0.4444 -0.8320 -0.3321
vn -0.4638 -0.8672 -0.1815
vn -0.6783 -0.5560 -0.4804
vn -0.7733 -0.4138 -0.4804
vn -0.5982 -0.7293 -0.3321
vn -0.7295 -0.5980 -0.3321
vn -0.4633 -0.8674 -0.1815
vn -0.6237 -0.7604 -0.1814
vn -0.4632 -0.8674 -0.1818
vn -0.4637 -0.8671 -0.1817
vn -0.4700 -0.8803 -0.0648
vn -0.7737 -0.4136 -0.4800
vn -0.8396 -0.2545 -0.4799
vn -0.7296 -0.5979 -0.3320
vn -0.8319 -0.4447 -0.3320
vn -0.8391 -0.2549 -0.4806
vn -0.7606 -0.6234 -0.1812
vn -0.6238 -0.7603 -0.1812
vn -0.8318 -0.4448 -0.3322
vn -0.9024 -0.2742 -0.3323
vn -0.8727 -0.0856 -0.4807
vn -0.8671 -0.4637 -0.1818
vn -0.7602 -0.6238 -0.1818
vn -0.8727 0.0856 -0.4807
vn -0.9029 -0.2735 -0.3316
vn -0.9389 -0.0921 -0.3315
vn -0.8672 -0.4636 -0.1816
vn -0.9412 -0.2851 -0.1815
vn -0.8391 0.2544 -0.4808
vn -0.9385 -0.0931 -0.3324
vn -0.9386 0.0920 -0.3324
vn -0.9410 -0.2853 -0.1817
vn -0.9786 -0.0970 -0.1816
vn -0.8393 0.2552 -0.4800
vn -0.7735 0.4139 -0.4799
vn -0.9388 0.0930 -0.3315
vn -0.9026 0.2744 -0.3315
vn -0.9787 -0.0964 -0.1811
vn -0.9787 0.0970 -0.1810
vn -0.7734 0.4129 -0.4810
vn -0.6779 0.5561 -0.4809
vn -0.9026 0.2736 -0.3323
vn -0.8321 0.4442 -0.3322
vn -0.9786 0.0964 -0.1816
vn -0.9411 0.2853 -0.1815
vn -0.6779 0.5563 -0.4807
vn -0.5561 0.6780 -0.4807
vn -0.8320 0.4446 -0.3318
vn -0.7292 0.5984 -0.3319
vn -0.9411 0.2854 -0.1815
vn -0.8673 0.4635 -0.1816
vn -0.5560 0.6783 -0.4804
vn -0.4138 0.7733 -0.4804
vn -0.7293 0.5982 -0.3321
vn -0.5980 0.7295 -0.3321
vn -0.8673 0.4636 -0.1815
vn -0.7603 0.6237 -0.1814
vn -0.4136 0.7737 -0.4800
vn -0.2545 0.8396 -0.4799
vn -0.5981 0.7292 -0.3323
vn -0.4447 0.8318 -0.3323
vn -0.7603 0.6238 -0.1812
vn -0.6237 0.7604 -0.1812
vn -0.2551 0.8389 -0.4808
vn -0.0856 0.8727 -0.4808
vn -0.4446 0.8319 -0.3322
vn -0.2744 0.9024 -0.3323
vn -0.6238 0.7602 -0.1814
vn -0.4635 0.8673 -0.1815
vn -0.7714 0.6330 -0.0649
vn -0.6330 0.7714 -0.0653
vn -0.7717 0.6327 -0.0653
vn -0.8800 0.4706 -0.0649
vn -0.8800 0.4704 -0.0650
vn -0.9550 0.2894 -0.0651
vn -0.9550 0.2896 -0.0649
vn -0.8818 0.4716 0.0005
vn -0.7733 0.6340 -0.0000
vn -0.9930 0.0984 -0.0650
vn -0.9930 0.0979 -0.0655
vn -0.9570 0.2900 -0.0000
vn -0.9569 0.2905 0.0005
vn -0.9951 0.0986 0.0006
vn -0.9930 -0.0984 -0.0655
vn -0.9931 -0.0979 -0.0650
vn -0.9952 -0.0980 0.0006
vn -0.9951 -0.0986 -0.0000
vn -0.9550 -0.2894 -0.0649
vn -0.9549 -0.2895 -0.0651
vn -0.9570 -0.2900 0.0005
vn -0.8800 -0.4706 -0.0650
vn -0.8800 -0.4704 -0.0649
vn -0.8821 -0.4711 0.0005
vn -0.8818 -0.4716 -0.0000
vn -0.7717 -0.6327 -0.0649
vn -0.7714 -0.6330 -0.0653
vn -0.7733 -0.6340 0.0008
vn -0.6327 -0.7717 -0.0653
vn -0.6330 -0.7714 -0.0649
vn -0.4706 -0.8800 -0.0649
vn -0.6340 -0.7733 -0.0000
vn -0.6346 -0.7728 0.0008
vn -0.4708 -0.8798 -0.0650
vn -0.4718 -0.8817 -0.0000
vn -0.4693 -0.8807 -0.0651
vn -0.4703 -0.8825 0.0003
vn -0.4714 -0.8819 0.0003
vn -0.4714 -0.8819 -0.0000
vn -0.4707 -0.8823 0.0004
vn -0.4703 -0.8825 -0.0010
vn -0.3042 -0.9525 -0.0110
vn -0.6346 -0.7728 0.0025
vn -0.6328 -0.7743 -0.0021
vn -0.7735 -0.6338 -0.0026
vn -0.6358 -0.7718 -0.0002
vn -0.7728 -0.6346 -0.0005
vn -0.7729 -0.6345 -0.0001
vn -0.8821 -0.4711 0.0046
vn -0.8819 -0.4714 0.0041
vn -0.8780 -0.4787 -0.0047
vn -0.4711 -0.8821 0.0046
vn -0.4768 -0.8790 -0.0021
vn -0.8824 -0.4705 -0.0000
vn -0.8813 -0.4725 0.0030
vn -0.8814 -0.4725 -0.0030
vn -0.4730 -0.8810 -0.0000
vn -0.4725 -0.8814 -0.0009
vn -0.4725 -0.8814 0.0009
vn -0.8780 -0.4787 0.0047
vn -0.4768 -0.8790 0.0021
vn -0.8821 -0.4711 -0.0044
vn -0.7725 -0.6350 0.0005
vn -0.7728 -0.6347 0.0002
vn -0.6330 -0.7741 0.0006
vn -0.6346 -0.7728 -0.0010
vn -0.6359 -0.7717 0.0002
vn -0.4711 -0.8821 -0.0046
vn 0.8818 0.4716 -0.0043
vn 0.7725 0.6350 0.0005
vn 0.8780 0.4786 0.0041
vn 0.7728 0.6347 0.0002
vn 0.7727 0.6348 -0.0000
vn 0.6337 0.7736 -0.0000
vn 0.8819 0.4715 -0.0000
vn 0.8810 0.4732 -0.0027
vn 0.8809 0.4732 0.0027
vn 0.6346 0.7728 -0.0010
vn 0.6359 0.7717 0.0002
vn 0.4711 0.8821 -0.0046
vn 0.4765 0.8792 0.0018
vn 0.4734 0.8809 -0.0000
vn 0.4725 0.8814 0.0014
vn 0.4725 0.8814 -0.0005
vn -0.8821 0.4711 -0.0046
vn -0.7717 0.6359 0.0002
vn -0.7728 0.6346 -0.0010
vn -0.8787 0.4774 0.0028
vn -0.7736 0.6336 -0.0000
vn -0.6348 0.7726 -0.0000
vn -0.6346 0.7728 0.0002
vn -0.6350 0.7725 0.0005
vn -0.4711 0.8821 -0.0044
vn -0.4784 0.8782 0.0043
vn -0.8814 0.4724 -0.0000
vn -0.8814 0.4725 -0.0001
vn -0.8813 0.4725 0.0001
vn -0.4708 0.8822 -0.0000
vn -0.4725 0.8813 -0.0025
vn -0.4724 0.8814 0.0025
vn -0.8787 0.4774 -0.0028
vn -0.8821 0.4711 0.0046
vn -0.7718 0.6358 -0.0002
vn -0.7728 0.6346 0.0025
vn -0.7728 0.6346 0.0008
vn -0.6349 0.7726 -0.0000
vn -0.6340 0.7733 0.0008
vn -0.6327 0.7717 -0.0649
vn -0.6346 0.7728 -0.0005
vn -0.6345 0.7729 -0.0001
vn -0.4704 0.8800 -0.0649
vn -0.4636 0.8672 -0.1816
vn -0.4716 0.8818 -0.0000
vn -0.4706 0.8800 -0.0650
vn -0.4711 0.8821 0.0005
vn -0.4711 0.8821 0.0046
vn -0.4713 0.8819 0.0041
vn -0.4784 0.8782 -0.0043
vn -0.2905 0.9569 0.0002
vn -0.2901 0.9570 0.0005
vn -0.2895 0.9550 -0.0651
vn -0.2896 0.9549 -0.0651
vn -0.0980 0.9952 0.0001
vn -0.0979 0.9931 -0.0650
vn -0.0978 0.9931 -0.0649
vn -0.2853 0.9411 -0.1815
vn -0.2737 0.9029 -0.3316
vn -0.0970 0.9786 -0.1816
vn -0.0964 0.9787 -0.1811
vn -0.0921 0.9389 -0.3315
vn -0.0930 0.9385 -0.3324
vn -0.0856 0.8727 -0.4807
vn 0.0856 0.8727 -0.4807
vn 0.2549 0.8391 -0.4806
vn 0.0921 0.9389 -0.3315
vn 0.0931 0.9385 -0.3324
vn 0.2742 0.9024 -0.3323
vn 0.2735 0.9029 -0.3316
vn 0.4448 0.8317 -0.3322
vn 0.4447 0.8319 -0.3320
vn 0.0970 0.9786 -0.1816
vn 0.0964 0.9787 -0.1811
vn 0.2851 0.9412 -0.1815
vn 0.2853 0.9410 -0.1817
vn 0.4637 0.8671 -0.1818
vn 0.4636 0.8672 -0.1816
vn 0.5979 0.7295 -0.3320
vn 0.5982 0.7291 -0.3324
vn 0.7292 0.5981 -0.3325
vn 0.6234 0.7606 -0.1812
vn 0.6238 0.7602 -0.1818
vn 0.7603 0.6237 -0.1814
vn 0.7603 0.6238 -0.1812
vn 0.8673 0.4636 -0.1815
vn 0.8673 0.4635 -0.1816
vn 0.7714 0.6330 -0.0649
vn 0.9411 0.2854 -0.1815
vn 0.9410 0.2859 -0.1810
vn 0.9787 0.0964 -0.1810
vn 0.8800 0.4704 -0.0650
vn 0.8800 0.4706 -0.0649
vn 0.9549 0.2895 -0.0654
vn 0.9548 0.2899 -0.0651
vn 0.9931 0.0979 -0.0649
vn 0.9931 0.0973 -0.0655
vn 0.9931 -0.0973 -0.0649
vn 0.9952 -0.0975 0.0006
vn 0.9952 0.0975 -0.0000
vn 0.9569 0.2905 0.0005
vn 0.9952 0.0980 0.0006
vn 0.8818 -0.4716 -0.0046
vn 0.7717 -0.6359 0.0002
vn 0.7728 -0.6346 -0.0010
vn 0.6348 -0.7726 -0.0000
vn 0.6346 -0.7728 0.0002
vn 0.6350 -0.7725 0.0005
vn 0.4711 -0.8821 -0.0044
vn 0.8816 0.4714 0.0230
vn 0.9569 0.2896 0.0230
vn 0.9561 0.2893 0.0473
vn 0.9941 0.0977 0.0473
vn 0.9921 0.0975 0.0794
vn 0.7726 0.6345 0.0231
vn 0.8814 0.4718 0.0231
vn 0.6345 0.7726 0.0228
vn 0.7731 0.6338 0.0228
vn 0.6342 0.7728 0.0230
vn 0.4710 0.8818 0.0230
vn 0.4715 0.8816 0.0228
vn 0.2904 0.9566 0.0228
vn 0.2901 0.9567 0.0229
vn 0.0980 0.9949 0.0229
vn 0.0981 0.9949 0.0228
vn -0.0980 0.9949 0.0228
vn -0.0981 0.9949 0.0229
vn -0.2904 0.9566 0.0229
vn -0.0980 0.9940 0.0477
vn -0.2901 0.9567 0.0228
vn -0.4710 0.8818 0.0228
vn -0.0977 0.9941 0.0475
vn -0.2898 0.9559 0.0475
vn -0.0975 0.9921 0.0794
vn -0.4718 0.8814 0.0231
vn -0.6345 0.7726 0.0231
vn -0.2900 0.9558 0.0476
vn -0.4713 0.8807 0.0476
vn -0.0980 0.9920 0.0796
vn -0.2894 0.9539 0.0796
vn -0.0977 0.9885 0.1152
vn -0.0973 0.9886 0.1151
vn -0.0968 0.9838 0.1509
vn -0.2891 0.9540 0.0795
vn -0.2881 0.9507 0.1151
vn -0.4711 0.8808 0.0475
vn -0.4701 0.8790 0.0795
vn -0.6336 0.7722 0.0475
vn -0.6342 0.7728 0.0230
vn -0.0972 0.9837 0.1510
vn -0.0967 0.9782 0.1839
vn -0.2884 0.9505 0.1152
vn -0.2870 0.9459 0.1510
vn -0.4701 0.8790 0.0794
vn -0.4685 0.8759 0.1152
vn -0.6322 0.7707 0.0795
vn -0.6335 0.7723 0.0474
vn -0.0960 0.9783 0.1837
vn -0.0954 0.9725 0.2126
vn -0.2864 0.9462 0.1508
vn -0.2848 0.9408 0.1837
vn -0.4683 0.8760 0.1152
vn -0.4661 0.8718 0.1508
vn -0.6300 0.7680 0.1151
vn -0.6322 0.7707 0.0794
vn -0.0958 0.9724 0.2127
vn -0.0952 0.9665 0.2385
vn -0.2854 0.9406 0.1839
vn -0.2837 0.9350 0.2127
vn -0.4667 0.8714 0.1511
vn -0.4641 0.8665 0.1839
vn -0.6270 0.7642 0.1511
vn -0.6301 0.7679 0.1152
vn -0.0953 0.9665 0.2385
vn -0.0946 0.9600 0.2637
vn -0.2836 0.9351 0.2126
vn -0.2819 0.9293 0.2385
vn -0.4629 0.8672 0.1835
vn -0.4602 0.8620 0.2126
vn -0.6234 0.7600 0.1835
vn -0.6269 0.7643 0.1510
vn -0.0938 0.9601 0.2635
vn -0.0933 0.9551 0.2812
vn -0.2822 0.9292 0.2386
vn -0.2804 0.9230 0.2635
vn -0.4608 0.8616 0.2128
vn -0.4580 0.8563 0.2386
vn -0.6202 0.7551 0.2128
vn -0.6239 0.7596 0.1837
vn -0.0925 0.9552 0.2810
vn -0.0919 0.9492 0.3011
vn -0.2807 0.9229 0.2635
vn -0.2793 0.9182 0.2810
vn -0.4578 0.8564 0.2386
vn -0.4548 0.8507 0.2635
vn -0.6155 0.7511 0.2386
vn -0.6194 0.7558 0.2125
vn -0.0941 0.9488 0.3015
vn -0.0934 0.9415 0.3239
vn -0.2796 0.9181 0.2811
vn -0.2778 0.9121 0.3015
vn -0.1848 0.9224 0.3391
vn -0.1834 0.9150 0.3594
vn -0.2754 0.9130 0.3010
vn -0.2732 0.9056 0.3245
vn -0.1840 0.9148 0.3596
vn -0.5184 0.7759 0.3595
vn -0.5187 0.7756 0.3596
vn -0.4474 0.8334 0.3244
vn -0.5226 0.7822 0.3391
vn -0.4489 0.8414 0.3011
vn -0.4510 0.8400 0.3016
vn -0.4524 0.8464 0.2810
vn -0.4517 0.8468 0.2808
vn -0.4547 0.8508 0.2635
vn -0.7759 0.5184 0.3596
vn -0.7757 0.5188 0.3594
vn -0.9149 0.1840 0.3593
vn -0.9149 0.1833 0.3596
vn -0.6113 0.7462 0.2636
vn -0.6154 0.7512 0.2386
vn -0.6082 0.7424 0.2809
vn -0.9224 0.1848 0.3391
vn -0.9415 0.0934 0.3239
vn -0.9490 0.0942 0.3010
vn -0.9490 0.0919 0.3015
vn -0.9552 0.0925 0.2812
vn -0.9056 0.2732 0.3245
vn -0.9128 0.2753 0.3016
vn -0.8334 0.4474 0.3244
vn -0.7822 0.5226 0.3391
vn -0.9122 0.2778 0.3010
vn -0.8402 0.4511 0.3010
vn -0.9552 0.0933 0.2810
vn -0.9181 0.2796 0.2810
vn -0.9600 0.0938 0.2637
vn -0.7310 0.6005 0.3240
vn -0.6005 0.7310 0.3240
vn -0.8406 0.4503 0.3012
vn -0.7368 0.6053 0.3012
vn -0.6053 0.7368 0.3012
vn -0.6063 0.7358 0.3015
vn -0.6102 0.7406 0.2814
vn -0.9182 0.2792 0.2811
vn -0.8460 0.4532 0.2810
vn -0.7416 0.6091 0.2811
vn -0.8464 0.4524 0.2812
vn -0.7423 0.6081 0.2813
vn -0.9600 0.0946 0.2635
vn -0.9229 0.2807 0.2634
vn -0.9665 0.0953 0.2385
vn -0.8508 0.4547 0.2635
vn -0.9230 0.2804 0.2635
vn -0.7462 0.6113 0.2636
vn -0.8507 0.4548 0.2635
vn -0.9665 0.0952 0.2385
vn -0.9292 0.2822 0.2385
vn -0.9724 0.0958 0.2126
vn -0.8564 0.4578 0.2386
vn -0.9293 0.2819 0.2386
vn -0.7512 0.6154 0.2386
vn -0.8563 0.4580 0.2386
vn -0.7511 0.6155 0.2386
vn -0.9724 0.0954 0.2127
vn -0.9351 0.2836 0.2127
vn -0.9782 0.0960 0.1839
vn -0.8616 0.4608 0.2126
vn -0.9350 0.2837 0.2126
vn -0.7558 0.6193 0.2128
vn -0.8620 0.4602 0.2128
vn -0.7551 0.6202 0.2125
vn -0.9782 0.0967 0.1837
vn -0.9406 0.2854 0.1837
vn -0.9838 0.0972 0.1509
vn -0.8671 0.4629 0.1839
vn -0.9408 0.2848 0.1839
vn -0.7596 0.6239 0.1835
vn -0.8665 0.4641 0.1835
vn -0.7600 0.6234 0.1837
vn -0.9838 0.0968 0.1510
vn -0.9461 0.2864 0.1510
vn -0.9886 0.0973 0.1152
vn -0.8714 0.4668 0.1508
vn -0.9460 0.2870 0.1508
vn -0.7643 0.6269 0.1511
vn -0.8718 0.4660 0.1511
vn -0.7642 0.6270 0.1510
vn -0.9885 0.0977 0.1151
vn -0.9506 0.2884 0.1151
vn -0.9920 0.0980 0.0794
vn -0.8760 0.4683 0.1152
vn -0.9507 0.2881 0.1152
vn -0.7679 0.6301 0.1151
vn -0.8759 0.4685 0.1152
vn -0.7680 0.6300 0.1152
vn -0.9921 0.0975 0.0796
vn -0.9540 0.2891 0.0796
vn -0.9941 0.0977 0.0477
vn -0.8790 0.4701 0.0795
vn -0.9539 0.2894 0.0795
vn -0.7707 0.6322 0.0795
vn -0.8790 0.4701 0.0794
vn -0.7707 0.6322 0.0794
vn -0.9558 0.2900 0.0473
vn -0.9940 0.0986 0.0474
vn -0.8808 0.4711 0.0476
vn -0.9561 0.2893 0.0476
vn -0.7723 0.6335 0.0475
vn -0.8807 0.4714 0.0475
vn -0.7722 0.6336 0.0474
vn -0.7728 0.6342 0.0231
vn -0.7726 0.6345 0.0230
vn -0.8818 0.4710 0.0231
vn -0.8814 0.4718 0.0228
vn -0.9566 0.2904 0.0228
vn -0.9569 0.2896 0.0231
vn -0.9949 0.0980 0.0231
vn -0.9949 0.0987 0.0228
vn -0.9949 -0.0980 0.0228
vn -0.9949 -0.0987 0.0231
vn -0.9940 -0.0986 0.0477
vn -0.9566 -0.2904 0.0231
vn -0.9941 -0.0977 0.0473
vn -0.9921 -0.0975 0.0794
vn -0.9569 -0.2896 0.0228
vn -0.9561 -0.2893 0.0473
vn -0.8818 -0.4710 0.0228
vn -0.9920 -0.0980 0.0796
vn -0.9885 -0.0977 0.1152
vn -0.9558 -0.2900 0.0476
vn -0.9539 -0.2894 0.0796
vn -0.8816 -0.4715 0.0230
vn -0.8808 -0.4711 0.0476
vn -0.7726 -0.6345 0.0230
vn -0.7729 -0.6342 0.0228
vn -0.6345 -0.7726 0.0228
vn -0.7722 -0.6336 0.0476
vn -0.4710 -0.8818 0.0231
vn -0.6338 -0.7731 0.0231
vn -0.2904 -0.9566 0.0228
vn -0.4718 -0.8814 0.0228
vn -0.0980 -0.9949 0.0231
vn -0.2896 -0.9569 0.0231
vn -0.0981 -0.9949 0.0230
vn -0.6333 -0.7725 0.0476
vn -0.7723 -0.6335 0.0476
vn -0.4714 -0.8807 0.0475
vn -0.6335 -0.7723 0.0475
vn -0.2893 -0.9561 0.0476
vn -0.4711 -0.8808 0.0476
vn -0.0980 -0.9941 0.0473
vn -0.2900 -0.9558 0.0473
vn -0.0977 -0.9941 0.0475
vn -0.0975 -0.9921 0.0796
vn -0.0980 -0.9920 0.0794
vn -0.2894 -0.9539 0.0795
vn -0.2891 -0.9540 0.0796
vn -0.4701 -0.8790 0.0794
vn -0.4701 -0.8790 0.0795
vn -0.6322 -0.7707 0.0795
vn -0.6322 -0.7707 0.0794
vn -0.0977 -0.9885 0.1153
vn -0.0979 -0.9885 0.1152
vn -0.2881 -0.9506 0.1154
vn -0.2884 -0.9505 0.1153
vn -0.4685 -0.8759 0.1152
vn -0.4678 -0.8763 0.1154
vn -0.6300 -0.7680 0.1154
vn -0.6305 -0.7676 0.1151
vn -0.0974 -0.9838 0.1508
vn -0.0972 -0.9838 0.1509
vn -0.2870 -0.9460 0.1508
vn -0.2871 -0.9460 0.1508
vn -0.4655 -0.8721 0.1509
vn -0.4656 -0.8720 0.1508
vn -0.6274 -0.7639 0.1509
vn -0.6274 -0.7640 0.1509
vn -0.0967 -0.9782 0.1837
vn -0.0960 -0.9782 0.1839
vn -0.2855 -0.9406 0.1837
vn -0.2854 -0.9406 0.1837
vn -0.4630 -0.8671 0.1837
vn -0.4629 -0.8672 0.1837
vn -0.6238 -0.7597 0.1837
vn -0.6239 -0.7596 0.1837
vn -0.0954 -0.9724 0.2127
vn -0.0958 -0.9724 0.2126
vn -0.2837 -0.9350 0.2126
vn -0.2836 -0.9351 0.2127
vn -0.4602 -0.8620 0.2128
vn -0.4608 -0.8616 0.2126
vn -0.6202 -0.7551 0.2125
vn -0.6193 -0.7557 0.2128
vn -0.0952 -0.9665 0.2385
vn -0.2819 -0.9293 0.2386
vn -0.2823 -0.9292 0.2385
vn -0.4580 -0.8563 0.2386
vn -0.4578 -0.8564 0.2386
vn -0.6155 -0.7511 0.2388
vn -0.6161 -0.7507 0.2386
vn -0.0946 -0.9600 0.2635
vn -0.0938 -0.9600 0.2637
vn -0.2804 -0.9230 0.2635
vn -0.2807 -0.9229 0.2634
vn -0.4548 -0.8507 0.2635
vn -0.4547 -0.8507 0.2635
vn -0.6120 -0.7457 0.2634
vn -0.6113 -0.7462 0.2636
vn -0.0933 -0.9552 0.2810
vn -0.0925 -0.9552 0.2812
vn -0.2793 -0.9182 0.2811
vn -0.2796 -0.9181 0.2810
vn -0.4524 -0.8464 0.2809
vn -0.4517 -0.8467 0.2810
vn -0.6081 -0.7423 0.2813
vn -0.6103 -0.7407 0.2808
vn -0.0919 -0.9492 0.3010
vn -0.0917 -0.9492 0.3011
vn -0.0909 -0.9415 0.3245
vn -0.2776 -0.9123 0.3011
vn -0.2778 -0.9123 0.3010
vn -0.1831 -0.9225 0.3398
vn -0.2754 -0.9049 0.3245
vn -0.1792 -0.9157 0.3597
vn -0.1817 -0.9156 0.3587
vn -0.5207 -0.7748 0.3587
vn -0.4511 -0.8402 0.3010
vn -0.4474 -0.8334 0.3244
vn -0.4488 -0.8412 0.3015
vn -0.5184 -0.7759 0.3596
vn -0.5226 -0.7822 0.3391
vn -0.7764 -0.5176 0.3595
vn -0.6052 -0.7367 0.3015
vn -0.6005 -0.7310 0.3240
vn -0.6064 -0.7359 0.3012
vn -0.9147 -0.1844 0.3596
vn -0.7310 -0.6005 0.3240
vn -0.7368 -0.6053 0.3012
vn -0.7827 -0.5218 0.3393
vn -0.9149 -0.1837 0.3594
vn -0.7369 -0.6053 0.3012
vn -0.7415 -0.6091 0.2814
vn -0.8333 -0.4474 0.3247
vn -0.8401 -0.4511 0.3012
vn -0.9223 -0.1852 0.3391
vn -0.9055 -0.2731 0.3246
vn -0.9415 -0.0934 0.3239
vn -0.8411 -0.4496 0.3008
vn -0.9130 -0.2754 0.3008
vn -0.7424 -0.6082 0.2811
vn -0.8463 -0.4524 0.2812
vn -0.7462 -0.6114 0.2634
vn -0.9488 -0.0941 0.3015
vn -0.9120 -0.2783 0.3015
vn -0.9492 -0.0919 0.3011
vn -0.8460 -0.4529 0.2813
vn -0.9178 -0.2801 0.2813
vn -0.7458 -0.6119 0.2635
vn -0.8504 -0.4553 0.2635
vn -0.7507 -0.6159 0.2387
vn -0.9552 -0.0925 0.2810
vn -0.9183 -0.2788 0.2810
vn -0.9551 -0.0933 0.2812
vn -0.8507 -0.4548 0.2634
vn -0.9231 -0.2803 0.2634
vn -0.7511 -0.6155 0.2386
vn -0.8564 -0.4578 0.2386
vn -0.7558 -0.6193 0.2125
vn -0.9601 -0.0938 0.2635
vn -0.9230 -0.2804 0.2635
vn -0.9600 -0.0946 0.2637
vn -0.8563 -0.4580 0.2386
vn -0.9292 -0.2822 0.2386
vn -0.7554 -0.6198 0.2127
vn -0.8616 -0.4608 0.2127
vn -0.7599 -0.6235 0.1837
vn -0.9665 -0.0953 0.2385
vn -0.9293 -0.2819 0.2385
vn -0.9665 -0.0952 0.2385
vn -0.9351 -0.2836 0.2127
vn -0.7600 -0.6234 0.1836
vn -0.8668 -0.4636 0.1836
vn -0.7643 -0.6269 0.1509
vn -0.9724 -0.0958 0.2127
vn -0.9350 -0.2837 0.2127
vn -0.9725 -0.0954 0.2126
vn -0.8665 -0.4641 0.1838
vn -0.9406 -0.2854 0.1838
vn -0.7640 -0.6273 0.1510
vn -0.8714 -0.4667 0.1511
vn -0.7677 -0.6304 0.1153
vn -0.9783 -0.0959 0.1837
vn -0.9408 -0.2850 0.1837
vn -0.9782 -0.0966 0.1839
vn -0.8718 -0.4661 0.1508
vn -0.9461 -0.2866 0.1508
vn -0.7680 -0.6300 0.1151
vn -0.8760 -0.4683 0.1152
vn -0.7707 -0.6322 0.0794
vn -0.7707 -0.6322 0.0795
vn -0.9838 -0.0971 0.1510
vn -0.9460 -0.2870 0.1510
vn -0.9838 -0.0968 0.1509
vn -0.9886 -0.0973 0.1151
vn -0.8790 -0.4701 0.0794
vn -0.8759 -0.4685 0.1152
vn -0.9505 -0.2884 0.1152
vn -0.9507 -0.2881 0.1151
vn -0.8790 -0.4701 0.0795
vn -0.9540 -0.2891 0.0795
vn -0.2904 0.9569 -0.0000
vn -0.2905 0.9569 -0.0001
vn -0.1294 0.9915 -0.0105
vn -0.1328 0.9911 0.0071
vn -0.0986 0.9951 -0.0003
vn -0.0986 0.9951 0.0002
vn -0.0980 0.9952 0.0003
vn -0.0980 0.9952 -0.0001
vn -0.0977 0.9952 -0.0000
vn 0.0977 0.9952 -0.0000
vn 0.0980 0.9952 0.0003
vn 0.0980 0.9952 -0.0001
vn 0.0986 0.9951 -0.0003
vn 0.0986 0.9951 0.0002
vn 0.1294 0.9915 -0.0105
vn 0.1328 0.9911 0.0071
vn 0.2905 0.9569 -0.0001
vn 0.2904 0.9569 -0.0000
vn -0.2905 -0.9568 -0.0108
vn -0.3007 -0.9537 -0.0013
vn -0.3028 -0.9530 -0.0000
vn 0.0001 -0.0000 -1.0000
vn 0.9952 0.0981 -0.0000
vn 0.9568 0.2906 -0.0000
vn 0.9569 0.2905 -0.0000
vn 0.9952 -0.0982 -0.0000
vn 0.8820 0.4713 -0.0000
vn 0.8820 0.4712 -0.0000
vn 0.9569 -0.2903 -0.0000
vn 0.7729 0.6345 -0.0000
vn 0.8820 -0.4712 -0.0000
vn 0.8820 -0.4713 -0.0000
vn 0.6346 0.7729 -0.0000
vn 0.7732 -0.6342 -0.0000
vn 0.4712 0.8820 -0.0000
vn 0.7733 -0.6341 -0.0000
vn 0.4713 0.8820 -0.0000
vn 0.6341 -0.7732 -0.0000
vn 0.2903 0.9569 -0.0000
vn 0.0982 0.9952 -0.0000
vn 0.4713 -0.8820 -0.0000
vn 0.4712 -0.8820 -0.0000
vn 0.2904 -0.9569 -0.0000
vn 0.2903 -0.9569 -0.0000
vn 0.0982 -0.9952 -0.0000
vn -0.0982 -0.9952 -0.0000
vn -0.2904 -0.9569 -0.0000
vn -0.2903 -0.9569 -0.0000
vn -0.4713 -0.8820 -0.0000
vn -0.4712 -0.8820 -0.0000
vn -0.6345 -0.7729 -0.0000
vn -0.7728 -0.6347 -0.0000
vn -0.7729 -0.6346 -0.0000
vn -0.8820 -0.4712 -0.0000
vn -0.8820 -0.4713 -0.0000
vn -0.9569 -0.2903 -0.0000
vn -0.9952 -0.0982 -0.0000
vn -0.9952 0.0981 -0.0000
vn -0.9568 0.2906 -0.0000
vn -0.8820 0.4712 -0.0000
vn -0.8820 0.4713 -0.0000
vn -0.7725 0.6350 -0.0000
vn -0.6350 0.7725 -0.0000
vn -0.4712 0.8820 -0.0000
vn -0.4713 0.8820 -0.0000
vn -0.2906 0.9568 -0.0000
vn -0.2906 0.9569 -0.0000
vn -0.0981 0.9952 -0.0000
vn -0.1500 -0.0147 -0.9886
vn -0.1441 -0.0438 -0.9886
vn -0.1497 -0.0148 -0.9886
vn -0.1498 0.0147 -0.9886
vn -0.1329 -0.0710 -0.9886
vn -0.1500 0.0148 -0.9886
vn -0.1442 0.0438 -0.9886
vn -0.1164 -0.0956 -0.9886
vn -0.1440 0.0437 -0.9886
vn -0.1327 0.0708 -0.9886
vn -0.0956 -0.1164 -0.9886
vn -0.1329 0.0710 -0.9886
vn -0.1164 0.0956 -0.9886
vn -0.0710 -0.1329 -0.9886
vn -0.1163 0.0954 -0.9886
vn -0.0709 -0.1328 -0.9886
vn -0.0954 0.1162 -0.9886
vn -0.0437 -0.1441 -0.9886
vn -0.0955 0.1164 -0.9886
vn -0.0438 -0.1442 -0.9886
vn -0.0710 0.1329 -0.9886
vn -0.0148 -0.1500 -0.9886
vn -0.0710 0.1328 -0.9886
vn -0.0438 0.1441 -0.9886
vn 0.0148 -0.1500 -0.9886
vn -0.0438 0.1442 -0.9886
vn -0.0147 0.1500 -0.9886
vn -0.0148 0.1497 -0.9886
vn 0.0148 -0.1499 -0.9886
vn 0.0438 -0.1441 -0.9886
vn 0.0710 -0.1328 -0.9886
vn 0.0710 -0.1329 -0.9886
vn 0.0956 -0.1163 -0.9886
vn 0.0957 -0.1166 -0.9886
vn 0.1165 -0.0958 -0.9886
vn 0.1164 -0.0956 -0.9886
vn 0.1329 -0.0710 -0.9886
vn 0.1328 -0.0710 -0.9886
vn 0.1441 -0.0438 -0.9886
vn 0.1499 -0.0148 -0.9886
vn 0.1498 -0.0147 -0.9886
vn 0.1497 0.0148 -0.9886
vn 0.1500 0.0147 -0.9886
vn 0.1442 0.0437 -0.9886
vn 0.1440 0.0438 -0.9886
vn 0.1327 0.0709 -0.9886
vn 0.1329 0.0709 -0.9886
vn 0.1163 0.0956 -0.9886
vn 0.1164 0.0956 -0.9886
vn 0.0956 0.1164 -0.9886
vn 0.0710 0.1329 -0.9886
vn 0.0709 0.1328 -0.9886
vn 0.0437 0.1441 -0.9886
vn 0.0438 0.1442 -0.9886
vn 0.0148 0.1500 -0.9886
vn 0.0147 0.1497 -0.9886
vn 0.9679 0.0963 0.2323
vn 0.9310 0.2814 0.2323
vn 0.9678 0.0972 0.2323
vn 0.9309 0.2820 0.2323
vn 0.9679 -0.0954 0.2323
vn 0.8580 0.4580 0.2323
vn 0.9677 -0.0972 0.2324
vn 0.8577 0.4586 0.2323
vn 0.9306 -0.2828 0.2324
vn 0.7508 0.6184 0.2322
vn 0.9311 -0.2814 0.2323
vn 0.7518 0.6171 0.2323
vn 0.8577 -0.4586 0.2323
vn 0.6171 0.7518 0.2323
vn 0.8581 -0.4580 0.2323
vn 0.7519 -0.6171 0.2323
vn 0.4596 0.8572 0.2324
vn 0.7507 -0.6184 0.2324
vn 0.4586 0.8577 0.2323
vn 0.6171 -0.7518 0.2323
vn 0.2833 0.9305 0.2323
vn 0.6184 -0.7508 0.2322
vn 0.2820 0.9309 0.2323
vn 0.4586 -0.8577 0.2323
vn 0.0952 0.9680 0.2322
vn 0.4580 -0.8580 0.2323
vn 0.0963 0.9679 0.2323
vn 0.2820 -0.9309 0.2323
vn -0.0952 0.9680 0.2323
vn 0.2814 -0.9310 0.2323
vn 0.0963 -0.9679 0.2323
vn 0.0972 -0.9678 0.2323
vn -0.0963 0.9679 0.2323
vn -0.2833 0.9305 0.2322
vn -0.2820 0.9309 0.2323
vn -0.4597 0.8572 0.2323
vn -0.4586 0.8577 0.2323
vn -0.6172 0.7518 0.2323
vn -0.6171 0.7518 0.2323
vn -0.7518 0.6171 0.2323
vn -0.8572 0.4596 0.2324
vn -0.8577 0.4586 0.2323
vn -0.9305 0.2833 0.2323
vn -0.9309 0.2820 0.2323
vn -0.9680 0.0951 0.2322
vn -0.9679 0.0963 0.2323
vn -0.9680 -0.0951 0.2323
vn -0.9679 -0.0963 0.2323
vn -0.9305 -0.2833 0.2322
vn -0.9309 -0.2820 0.2323
vn -0.8572 -0.4597 0.2323
vn -0.8577 -0.4586 0.2323
vn -0.7518 -0.6172 0.2323
vn -0.7518 -0.6171 0.2323
vn -0.6184 -0.7507 0.2324
vn -0.6171 -0.7519 0.2323
vn -0.4580 -0.8580 0.2323
vn -0.4586 -0.8577 0.2323
vn -0.2814 -0.9311 0.2323
vn -0.2820 -0.9309 0.2323
vn -0.0972 -0.9678 0.2324
vn -0.0963 -0.9679 0.2323
vn 0.9899 0.0959 -0.1044
vn 0.9950 0.0999 -0.0000
vn 0.9890 0.0993 -0.1097
vn 0.9572 0.2893 -0.0000
vn 0.9950 -0.0999 -0.0000
vn 0.9896 -0.0994 -0.1043
vn 0.8822 0.4709 -0.0000
vn 0.9513 0.2879 -0.1098
vn 0.9515 0.2876 -0.1092
vn 0.9572 -0.2893 -0.0000
vn 0.9514 -0.2876 -0.1098
vn 0.9893 -0.0958 -0.1096
vn 0.7719 0.6358 -0.0000
vn 0.8822 -0.4709 -0.0000
vn 0.9514 -0.2879 -0.1092
vn 0.8769 -0.4681 -0.1091
vn 0.6345 0.7729 -0.0000
vn 0.7719 -0.6358 -0.0000
vn 0.8764 -0.4695 -0.1069
vn 0.7674 -0.6321 -0.1070
vn 0.4726 0.8813 -0.0000
vn 0.6358 -0.7718 -0.0000
vn 0.6358 -0.7719 -0.0000
vn 0.7690 -0.6294 -0.1117
vn 0.6318 -0.7670 -0.1117
vn 0.2913 0.9566 -0.0000
vn 0.4709 -0.8822 -0.0000
vn 0.6297 -0.7694 -0.1071
vn 0.4682 -0.8771 -0.1069
vn 0.2912 0.9567 -0.0000
vn 0.0978 0.9952 -0.0000
vn 0.2893 -0.9572 -0.0000
vn 0.0999 -0.9950 -0.0000
vn 0.2876 -0.9515 -0.1092
vn 0.4694 -0.8762 -0.1091
vn 0.0993 -0.9890 -0.1097
vn 0.2879 -0.9514 -0.1098
vn 0.0959 -0.9899 -0.1044
vn 0.0925 -0.9553 -0.2808
vn 0.0934 -0.9556 -0.2795
vn 0.2782 -0.9191 -0.2790
vn 0.0852 -0.8712 -0.4835
vn 0.4534 -0.8464 -0.2793
vn 0.2779 -0.9191 -0.2794
vn 0.0860 -0.8712 -0.4833
vn 0.2533 -0.8379 -0.4834
vn 0.0897 -0.9098 -0.4051
vn 0.0899 -0.9098 -0.4052
vn 0.4534 -0.8464 -0.2794
vn 0.6081 -0.7431 -0.2794
vn 0.2532 -0.8380 -0.4834
vn 0.4133 -0.7717 -0.4834
vn 0.2648 -0.8751 -0.4051
vn 0.2645 -0.8752 -0.4051
vn 0.0941 -0.9531 -0.2876
vn 0.0943 -0.9531 -0.2876
vn 0.2774 -0.9168 -0.2872
vn 0.2784 -0.9164 -0.2875
vn 0.4311 -0.8063 -0.4051
vn 0.4511 -0.8450 -0.2872
vn 0.4516 -0.8447 -0.2874
vn 0.0975 -0.9854 -0.1397
vn 0.0970 -0.9855 -0.1395
vn 0.0979 -0.9948 -0.0288
vn 0.0975 -0.9948 -0.0287
vn 0.2905 -0.9564 -0.0288
vn 0.2868 -0.9477 -0.1397
vn 0.2895 -0.9567 -0.0284
vn 0.2878 -0.9474 -0.1401
vn 0.4710 -0.8817 -0.0285
vn 0.4668 -0.8732 -0.1400
vn 0.4713 -0.8815 -0.0286
vn 0.4664 -0.8735 -0.1398
vn 0.6343 -0.7725 -0.0285
vn 0.6347 -0.7722 -0.0287
vn 0.6287 -0.7650 -0.1398
vn 0.7725 -0.6343 -0.0287
vn 0.6280 -0.7656 -0.1395
vn 0.7722 -0.6347 -0.0285
vn 0.7650 -0.6287 -0.1395
vn 0.8819 -0.4706 -0.0286
vn 0.6074 -0.7406 -0.2874
vn 0.8815 -0.4713 -0.0283
vn 0.9564 -0.2907 -0.0283
vn 0.7656 -0.6279 -0.1399
vn 0.8732 -0.4668 -0.1398
vn 0.6080 -0.7400 -0.2877
vn 0.7405 -0.6074 -0.2877
vn 0.5804 -0.7064 -0.4050
vn 0.4310 -0.8063 -0.4051
vn 0.4126 -0.7719 -0.4836
vn 0.9567 -0.2895 -0.0288
vn 0.9948 -0.0975 -0.0288
vn 0.8731 -0.4671 -0.1397
vn 0.9477 -0.2868 -0.1397
vn 0.9948 -0.0980 -0.0287
vn 0.9948 0.0975 -0.0287
vn 0.9477 -0.2869 -0.1397
vn 0.9854 -0.0970 -0.1397
vn 0.8445 -0.4518 -0.2874
vn 0.7400 -0.6080 -0.2874
vn 0.9167 -0.2775 -0.2875
vn 0.8446 -0.4516 -0.2875
vn 0.7065 -0.5805 -0.4049
vn 0.5801 -0.7068 -0.4049
vn 0.8063 -0.4311 -0.4051
vn 0.7067 -0.5801 -0.4050
vn 0.5554 -0.6766 -0.4835
vn 0.5547 -0.6770 -0.4837
vn 0.6087 -0.7429 -0.2785
vn 0.7432 -0.6083 -0.2785
vn 0.6771 -0.5548 -0.4834
vn 0.7427 -0.6086 -0.2794
vn 0.6765 -0.5553 -0.4836
vn 0.8464 -0.4534 -0.2794
vn 0.8464 -0.4534 -0.2793
vn 0.7716 -0.4133 -0.4836
vn 0.9190 -0.2781 -0.2794
vn 0.7720 -0.4127 -0.4834
vn 0.8063 -0.4310 -0.4051
vn 0.9192 -0.2779 -0.2790
vn 0.8379 -0.2533 -0.4835
vn 0.9557 -0.0925 -0.2794
vn 0.8751 -0.2648 -0.4051
vn 0.9167 -0.2774 -0.2876
vn 0.8380 -0.2532 -0.4834
vn 0.8752 -0.2645 -0.4052
vn 0.9552 -0.0934 -0.2808
vn 0.8713 -0.0852 -0.4833
vn 0.9553 0.0925 -0.2808
vn 0.9531 -0.0943 -0.2876
vn 0.9854 -0.0975 -0.1395
vn 0.9098 -0.0898 -0.4051
vn 0.9531 -0.0941 -0.2876
vn 0.8711 -0.0859 -0.4835
vn 0.9098 -0.0898 -0.4052
vn 0.9556 0.0934 -0.2795
vn 0.8712 0.0852 -0.4835
vn 0.9191 0.2782 -0.2790
vn 0.9855 0.0970 -0.1395
vn 0.9948 0.0979 -0.0288
vn 0.9564 0.2905 -0.0288
vn 0.9854 0.0975 -0.1397
vn 0.9531 0.0943 -0.2876
vn 0.9568 0.2893 -0.0283
vn 0.9478 0.2866 -0.1397
vn 0.8817 0.4710 -0.0283
vn 0.9531 0.0942 -0.2876
vn 0.9098 0.0899 -0.4051
vn 0.9167 0.2772 -0.2877
vn 0.8813 0.4717 -0.0286
vn 0.8730 0.4672 -0.1397
vn 0.7725 0.6343 -0.0285
vn 0.8712 0.0861 -0.4833
vn 0.9168 0.2771 -0.2876
vn 0.8751 0.2645 -0.4052
vn 0.8729 0.4675 -0.1398
vn 0.8443 0.4522 -0.2876
vn 0.7726 0.6343 -0.0285
vn 0.7653 0.6283 -0.1398
vn 0.6343 0.7725 -0.0284
vn 0.8380 0.2534 -0.4833
vn 0.9191 0.2779 -0.2794
vn 0.8753 0.2641 -0.4050
vn 0.8381 0.2529 -0.4834
vn 0.8447 0.4516 -0.2874
vn 0.8063 0.4311 -0.4051
vn 0.7656 0.6280 -0.1397
vn 0.7406 0.6074 -0.2874
vn 0.6342 0.7727 -0.0285
vn 0.6282 0.7654 -0.1397
vn 0.4710 0.8817 -0.0286
vn 0.4713 0.8815 -0.0285
vn 0.2905 0.9565 -0.0284
vn 0.6280 0.7656 -0.1399
vn 0.4668 0.8732 -0.1398
vn 0.7400 0.6080 -0.2877
vn 0.6074 0.7405 -0.2877
vn 0.7064 0.5804 -0.4050
vn 0.8063 0.4310 -0.4051
vn 0.2895 0.9567 -0.0288
vn 0.0984 0.9947 -0.0288
vn 0.4671 0.8731 -0.1397
vn 0.2868 0.9477 -0.1397
vn 0.6073 0.7405 -0.2877
vn 0.4518 0.8445 -0.2877
vn 0.5799 0.7070 -0.4049
vn 0.7068 0.5801 -0.4049
vn 0.0979 0.9948 -0.0290
vn -0.0984 0.9947 -0.0290
vn 0.2869 0.9477 -0.1397
vn 0.0970 0.9854 -0.1397
vn 0.4524 0.8442 -0.2875
vn 0.2775 0.9167 -0.2875
vn 0.4319 0.8060 -0.4048
vn 0.5801 0.7068 -0.4048
vn -0.0979 0.9948 -0.0288
vn -0.2905 0.9564 -0.0288
vn 0.0975 0.9854 -0.1395
vn -0.0970 0.9855 -0.1395
vn 0.2774 0.9167 -0.2876
vn 0.0943 0.9531 -0.2876
vn 0.2648 0.8750 -0.4054
vn 0.4299 0.8067 -0.4054
vn -0.2893 0.9568 -0.0283
vn -0.4710 0.8817 -0.0283
vn -0.0975 0.9854 -0.1397
vn -0.2866 0.9478 -0.1397
vn 0.0941 0.9531 -0.2876
vn -0.0943 0.9531 -0.2876
vn 0.0898 0.9098 -0.4051
vn 0.2657 0.8748 -0.4051
vn -0.4717 0.8813 -0.0286
vn -0.6343 0.7725 -0.0285
vn -0.4672 0.8730 -0.1397
vn -0.0942 0.9531 -0.2876
vn -0.2772 0.9167 -0.2877
vn -0.0900 0.9098 -0.4051
vn 0.0897 0.9098 -0.4052
vn -0.6337 0.7730 -0.0282
vn -0.7725 0.6343 -0.0282
vn -0.4675 0.8729 -0.1398
vn -0.6277 0.7658 -0.1399
vn -0.2771 0.9168 -0.2876
vn -0.4522 0.8443 -0.2877
vn -0.2645 0.8751 -0.4052
vn -0.0899 0.9098 -0.4051
vn -0.7730 0.6337 -0.0285
vn -0.8817 0.4710 -0.0286
vn -0.6279 0.7656 -0.1400
vn -0.7657 0.6277 -0.1400
vn -0.4524 0.8441 -0.2877
vn -0.6074 0.7405 -0.2877
vn -0.4318 0.8058 -0.4053
vn -0.2653 0.8748 -0.4054
vn -0.8813 0.4717 -0.0283
vn -0.9565 0.2905 -0.0283
vn -0.7656 0.6279 -0.1399
vn -0.8730 0.4672 -0.1398
vn -0.6069 0.7410 -0.2875
vn -0.7406 0.6074 -0.2874
vn -0.5794 0.7074 -0.4048
vn -0.4300 0.8070 -0.4048
vn -0.9568 0.2893 -0.0288
vn -0.9948 0.0975 -0.0288
vn -0.8729 0.4675 -0.1397
vn -0.9478 0.2866 -0.1397
vn -0.7410 0.6067 -0.2877
vn -0.8442 0.4522 -0.2877
vn -0.7074 0.5792 -0.4051
vn -0.5801 0.7067 -0.4051
vn -0.9948 0.0980 -0.0287
vn -0.9948 -0.0975 -0.0287
vn -0.9854 0.0970 -0.1397
vn -0.8442 0.4524 -0.2876
vn -0.9167 0.2772 -0.2876
vn -0.8060 0.4319 -0.4048
vn -0.7068 0.5802 -0.4048
vn -0.9948 -0.0979 -0.0288
vn -0.9564 -0.2907 -0.0288
vn -0.9854 0.0975 -0.1395
vn -0.9855 -0.0970 -0.1395
vn -0.9168 0.2771 -0.2877
vn -0.9531 0.0943 -0.2876
vn -0.8751 0.2645 -0.4054
vn -0.8067 0.4299 -0.4054
vn -0.9567 -0.2895 -0.0283
vn -0.8819 -0.4706 -0.0283
vn -0.9854 -0.0975 -0.1397
vn -0.9477 -0.2868 -0.1397
vn -0.9531 0.0942 -0.2876
vn -0.9531 -0.0943 -0.2876
vn -0.9098 0.0899 -0.4051
vn -0.8749 0.2653 -0.4051
vn -0.8815 -0.4713 -0.0286
vn -0.7725 -0.6343 -0.0285
vn -0.9477 -0.2869 -0.1397
vn -0.8732 -0.4669 -0.1397
vn -0.9531 -0.0941 -0.2876
vn -0.9167 -0.2775 -0.2875
vn -0.9098 -0.0898 -0.4052
vn -0.7727 -0.6342 -0.0284
vn -0.6343 -0.7725 -0.0285
vn -0.8731 -0.4671 -0.1398
vn -0.7654 -0.6282 -0.1398
vn -0.9167 -0.2774 -0.2875
vn -0.8445 -0.4518 -0.2875
vn -0.8751 -0.2648 -0.4051
vn -0.9098 -0.0898 -0.4051
vn -0.6343 -0.7726 -0.0285
vn -0.4710 -0.8817 -0.0286
vn -0.7656 -0.6280 -0.1397
vn -0.6283 -0.7653 -0.1397
vn -0.8441 -0.4524 -0.2877
vn -0.7405 -0.6074 -0.2877
vn -0.8058 -0.4318 -0.4053
vn -0.8747 -0.2657 -0.4054
vn -0.4717 -0.8813 -0.0283
vn -0.2905 -0.9565 -0.0283
vn -0.6280 -0.7656 -0.1399
vn -0.4672 -0.8730 -0.1398
vn -0.7411 -0.6068 -0.2874
vn -0.6074 -0.7405 -0.2875
vn -0.7075 -0.5793 -0.4048
vn -0.8070 -0.4300 -0.4048
vn -0.2893 -0.9568 -0.0288
vn -0.0975 -0.9948 -0.0288
vn -0.0979 -0.9948 -0.0286
vn -0.2866 -0.9478 -0.1400
vn -0.4667 -0.8732 -0.1400
vn -0.0970 -0.9854 -0.1397
vn -0.2875 -0.9475 -0.1397
vn -0.0975 -0.9854 -0.1395
vn -0.4515 -0.8447 -0.2874
vn -0.6075 -0.7405 -0.2874
vn -0.2781 -0.9166 -0.2873
vn -0.4516 -0.8447 -0.2874
vn -0.0943 -0.9531 -0.2876
vn -0.2771 -0.9168 -0.2877
vn -0.0942 -0.9531 -0.2876
vn -0.5799 -0.7068 -0.4051
vn -0.7067 -0.5801 -0.4051
vn -0.4311 -0.8063 -0.4051
vn -0.5801 -0.7067 -0.4050
vn -0.2645 -0.8752 -0.4051
vn -0.4310 -0.8063 -0.4051
vn -0.0899 -0.9098 -0.4051
vn -0.2641 -0.8753 -0.4052
vn -0.0899 -0.9098 -0.4052
vn -0.0861 -0.8711 -0.4835
vn -0.0852 -0.8713 -0.4832
vn -0.2529 -0.8381 -0.4833
vn -0.0934 -0.9552 -0.2808
vn -0.4127 -0.7720 -0.4834
vn -0.2533 -0.8379 -0.4834
vn -0.0927 -0.9556 -0.2797
vn -0.2778 -0.9190 -0.2799
vn -0.0960 -0.9894 -0.1093
vn -0.0994 -0.9896 -0.1043
vn -0.0999 -0.9950 -0.0000
vn -0.2893 -0.9572 -0.0000
vn -0.2876 -0.9516 -0.1089
vn -0.2781 -0.9188 -0.2803
vn -0.2880 -0.9515 -0.1083
vn -0.4133 -0.7716 -0.4836
vn -0.4532 -0.8461 -0.2807
vn -0.5553 -0.6765 -0.4836
vn -0.4709 -0.8822 -0.0000
vn -0.4682 -0.8771 -0.1076
vn -0.4526 -0.8468 -0.2794
vn -0.4687 -0.8769 -0.1069
vn -0.5548 -0.6771 -0.4834
vn -0.6086 -0.7427 -0.2793
vn -0.6766 -0.5554 -0.4835
vn -0.6358 -0.7718 -0.0000
vn -0.6321 -0.7675 -0.1070
vn -0.6358 -0.7719 -0.0000
vn -0.6089 -0.7420 -0.2805
vn -0.6306 -0.7683 -0.1097
vn -0.6770 -0.5547 -0.4837
vn -0.7424 -0.6083 -0.2809
vn -0.7725 -0.4116 -0.4836
vn -0.7729 -0.6345 -0.0000
vn -0.7683 -0.6307 -0.1093
vn -0.7421 -0.6094 -0.2793
vn -0.7682 -0.6308 -0.1095
vn -0.7718 -0.4134 -0.4830
vn -0.8464 -0.4534 -0.2794
vn -0.8378 -0.2545 -0.4831
vn -0.8813 -0.4726 -0.0000
vn -0.8760 -0.4697 -0.1097
vn -0.8464 -0.4534 -0.2793
vn -0.8762 -0.4694 -0.1091
vn -0.8379 -0.2533 -0.4834
vn -0.9191 -0.2779 -0.2794
vn -0.8712 -0.0860 -0.4833
vn -0.9566 -0.2912 -0.0000
vn -0.9509 -0.2895 -0.1092
vn -0.9191 -0.2782 -0.2790
vn -0.9517 -0.2880 -0.1068
vn -0.8712 -0.0852 -0.4835
vn -0.9556 -0.0934 -0.2795
vn -0.8711 0.0861 -0.4835
vn -0.9952 -0.0978 -0.0000
vn -0.9895 -0.0973 -0.1065
vn -0.9560 -0.0946 -0.2778
vn -0.9894 -0.0979 -0.1075
vn -0.8713 0.0852 -0.4832
vn -0.9561 0.0935 -0.2778
vn -0.8378 0.2541 -0.4833
vn -0.9952 0.0978 -0.0000
vn -0.9894 0.0972 -0.1075
vn -0.9555 0.0945 -0.2795
vn -0.9895 0.0979 -0.1065
vn -0.8381 0.2534 -0.4831
vn -0.9192 0.2779 -0.2790
vn -0.7727 0.4118 -0.4831
vn -0.9566 0.2912 -0.0000
vn -0.9512 0.2896 -0.1068
vn -0.9159 0.2817 -0.2860
vn -0.9511 0.2904 -0.1055
vn -0.7716 0.4133 -0.4836
vn -0.8450 0.4526 -0.2850
vn -0.6765 0.5553 -0.4836
vn -0.8317 0.5452 -0.1051
vn -0.6963 0.5289 -0.4852
vn -0.8813 0.4726 -0.0000
vn -0.6771 0.5548 -0.4834
vn -0.6769 0.5546 -0.4840
vn -0.5554 0.6766 -0.4835
vn -0.7729 0.6345 -0.0000
vn -0.8095 0.5172 -0.2779
vn -0.8215 0.5603 -0.1060
vn -0.5547 0.6770 -0.4837
vn -0.6079 0.7419 -0.2827
vn -0.4116 0.7725 -0.4836
vn -0.6345 0.7729 -0.0000
vn -0.6308 0.7685 -0.1073
vn -0.6103 0.7413 -0.2793
vn -0.6318 0.7674 -0.1095
vn -0.4134 0.7719 -0.4830
vn -0.4534 0.8464 -0.2794
vn -0.2541 0.8379 -0.4831
vn -0.4726 0.8813 -0.0000
vn -0.4697 0.8760 -0.1097
vn -0.4524 0.8465 -0.2807
vn -0.4686 0.8768 -0.1076
vn -0.2533 0.8380 -0.4833
vn -0.2778 0.9189 -0.2803
vn -0.0861 0.8712 -0.4833
vn -0.2912 0.9567 -0.0000
vn -0.2895 0.9510 -0.1083
vn -0.2913 0.9566 -0.0000
vn -0.2781 0.9189 -0.2798
vn -0.2880 0.9518 -0.1059
vn -0.0852 0.8712 -0.4835
vn -0.0934 0.9555 -0.2798
vn 0.0859 0.8711 -0.4835
vn -0.0978 0.9952 -0.0000
vn -0.0973 0.9896 -0.1062
vn -0.0981 0.9894 -0.1075
vn -0.0948 0.9560 -0.2777
vn 0.0972 0.9894 -0.1075
vn 0.0852 0.8713 -0.4833
vn 0.0935 0.9561 -0.2778
vn 0.2544 0.8376 -0.4834
vn 0.0979 0.9895 -0.1065
vn 0.0945 0.9555 -0.2795
vn 0.2896 0.9512 -0.1068
vn 0.2534 0.8381 -0.4831
vn 0.2779 0.9192 -0.2790
vn 0.4118 0.7727 -0.4831
vn 0.2879 0.9514 -0.1092
vn 0.2781 0.9190 -0.2794
vn 0.4698 0.8760 -0.1091
vn 0.4133 0.7716 -0.4836
vn 0.4534 0.8464 -0.2793
vn 0.5553 0.6765 -0.4836
vn 0.4694 0.8762 -0.1097
vn 0.4534 0.8464 -0.2794
vn 0.6307 0.7683 -0.1095
vn 0.5548 0.6771 -0.4834
vn 0.6086 0.7427 -0.2793
vn 0.6766 0.5554 -0.4835
vn 0.6308 0.7682 -0.1093
vn 0.6091 0.7417 -0.2809
vn 0.7672 0.6319 -0.1097
vn 0.6770 0.5547 -0.4837
vn 0.7425 0.6084 -0.2804
vn 0.7719 0.4126 -0.4836
vn 0.7717 0.4133 -0.4834
vn 0.7423 0.6091 -0.2793
vn 0.7686 0.6308 -0.1070
vn 0.8464 0.4534 -0.2794
vn 0.8771 0.4682 -0.1069
vn 0.8464 0.4534 -0.2793
vn 0.8762 0.4694 -0.1091
vn 0.8780 0.4786 -0.0041
vn 0.8817 0.4718 0.0041
vn 0.8818 0.4716 0.0046
vn 0.7729 0.6345 -0.0001
vn 0.7733 0.6340 -0.0000
vn 0.7717 0.6327 -0.0653
vn 0.6330 0.7714 -0.0653
vn 0.7728 0.6346 0.0008
vn 0.6327 0.7717 -0.0649
vn 0.6340 0.7733 0.0008
vn 0.4704 0.8800 -0.0649
vn 0.7728 0.6346 -0.0005
vn 0.6346 0.7728 0.0025
vn 0.6358 0.7718 -0.0002
vn 0.4716 0.8818 -0.0000
vn 0.4706 0.8800 -0.0650
vn 0.2896 0.9549 -0.0651
vn 0.4711 0.8821 0.0005
vn 0.2894 0.9550 -0.0649
vn 0.2900 0.9570 0.0005
vn 0.0979 0.9931 -0.0650
vn 0.0978 0.9931 -0.0649
vn 0.4711 0.8821 0.0046
vn 0.4728 0.8812 -0.0000
vn 0.4771 0.8789 -0.0025
vn -0.3696 -0.1535 0.9164
vn -0.7089 -0.2944 0.6409
vn -0.6740 -0.4493 0.5864
vn -0.7939 -0.1601 0.5866
vn -0.4517 -0.6721 0.5867
vn -0.7939 0.1596 0.5867
vn -0.2940 -0.7080 0.6421
vn -0.1536 -0.3696 0.9164
vn -0.1556 -0.7952 0.5860
vn 0.1560 -0.7952 0.5859
vn -0.7086 0.2943 0.6413
vn -0.3696 0.1535 0.9164
vn -0.6732 0.4502 0.5866
vn -0.4502 0.6732 0.5866
vn 0.2941 -0.7083 0.6418
vn 0.1536 -0.3696 0.9164
vn 0.4507 -0.6728 0.5866
vn 0.6729 -0.4507 0.5866
vn -0.2943 0.7086 0.6413
vn -0.1536 0.3696 0.9164
vn -0.1597 0.7939 0.5867
vn 0.1601 0.7939 0.5866
vn 0.7082 -0.2941 0.6418
vn 0.3696 -0.1535 0.9164
vn 0.7952 -0.1560 0.5859
vn 0.7953 0.1556 0.5860
vn 0.3696 0.1535 0.9164
vn 0.7080 0.2940 0.6421
vn 0.1536 0.3696 0.9164
vn 0.2944 0.7089 0.6409
vn 0.6721 0.4517 0.5867
vn 0.4493 0.6740 0.5865
vn 0.9161 0.1792 0.3586
vn 0.9153 0.1817 0.3595
vn 0.7761 0.5186 0.3588
vn 0.7744 0.5204 0.3597
vn 0.9225 0.1831 0.3398
vn 0.9415 0.0910 0.3245
vn 0.9492 0.0917 0.3010
vn 0.9492 0.0919 0.3011
vn 0.9049 0.2754 0.3245
vn 0.9552 0.0925 0.2810
vn 0.9551 0.0933 0.2812
vn 0.9122 0.2778 0.3011
vn 0.9123 0.2777 0.3010
vn 0.9182 0.2793 0.2810
vn 0.9181 0.2796 0.2811
vn 0.9601 0.0938 0.2635
vn 0.9600 0.0946 0.2637
vn 0.9229 0.2807 0.2635
vn 0.9230 0.2804 0.2635
vn 0.8467 0.4518 0.2810
vn 0.9665 0.0953 0.2385
vn 0.9665 0.0952 0.2385
vn 0.9292 0.2822 0.2386
vn 0.9293 0.2819 0.2385
vn 0.8507 0.4548 0.2635
vn 0.8511 0.4541 0.2634
vn 0.8563 0.4580 0.2386
vn 0.8564 0.4578 0.2386
vn 0.9724 0.0958 0.2127
vn 0.9725 0.0954 0.2126
vn 0.9351 0.2836 0.2126
vn 0.9350 0.2837 0.2127
vn 0.8616 0.4608 0.2128
vn 0.8620 0.4602 0.2126
vn 0.9783 0.0960 0.1837
vn 0.9782 0.0967 0.1839
vn 0.9406 0.2854 0.1837
vn 0.9406 0.2855 0.1837
vn 0.8672 0.4629 0.1837
vn 0.8671 0.4630 0.1837
vn 0.9837 0.0972 0.1510
vn 0.9838 0.0968 0.1509
vn 0.9460 0.2871 0.1508
vn 0.9458 0.2876 0.1510
vn 0.8720 0.4656 0.1509
vn 0.8721 0.4655 0.1508
vn 0.9886 0.0973 0.1151
vn 0.9885 0.0977 0.1152
vn 0.9920 0.0980 0.0796
vn 0.9507 0.2881 0.1151
vn 0.9503 0.2890 0.1154
vn 0.9539 0.2894 0.0796
vn 0.9540 0.2891 0.0795
vn 0.9558 0.2900 0.0476
vn 0.8807 0.4713 0.0476
vn 0.8808 0.4711 0.0475
vn 0.8790 0.4701 0.0795
vn 0.7725 0.6333 0.0475
vn 0.8759 0.4684 0.1154
vn 0.8790 0.4701 0.0794
vn 0.8763 0.4678 0.1152
vn 0.7723 0.6335 0.0476
vn 0.7707 0.6322 0.0795
vn 0.6336 0.7722 0.0476
vn 0.7680 0.6300 0.1151
vn 0.7707 0.6322 0.0794
vn 0.6335 0.7723 0.0476
vn 0.6322 0.7707 0.0794
vn 0.4711 0.8808 0.0476
vn 0.7676 0.6305 0.1154
vn 0.7639 0.6274 0.1509
vn 0.6322 0.7707 0.0795
vn 0.6300 0.7680 0.1153
vn 0.4701 0.8790 0.0794
vn 0.2898 0.9559 0.0476
vn 0.7640 0.6274 0.1509
vn 0.7597 0.6238 0.1837
vn 0.6304 0.7677 0.1151
vn 0.6274 0.7640 0.1509
vn 0.4701 0.8790 0.0795
vn 0.4685 0.8759 0.1152
vn 0.2900 0.9558 0.0475
vn 0.2894 0.9539 0.0795
vn 0.0980 0.9940 0.0476
vn 0.0977 0.9941 0.0477
vn 0.0975 0.9921 0.0796
vn 0.2891 0.9540 0.0796
vn 0.0980 0.9920 0.0794
vn 0.4683 0.8760 0.1152
vn 0.2881 0.9507 0.1152
vn 0.0977 0.9885 0.1151
vn 0.2884 0.9506 0.1151
vn 0.0973 0.9886 0.1152
vn 0.4660 0.8718 0.1511
vn 0.6269 0.7643 0.1511
vn 0.2870 0.9460 0.1508
vn 0.4668 0.8714 0.1508
vn 0.0968 0.9838 0.1510
vn 0.2866 0.9461 0.1510
vn 0.0971 0.9838 0.1509
vn 0.6234 0.7600 0.1837
vn 0.7596 0.6239 0.1837
vn 0.7551 0.6202 0.2128
vn 0.6235 0.7599 0.1836
vn 0.4641 0.8665 0.1836
vn 0.7558 0.6193 0.2125
vn 0.6198 0.7554 0.2125
vn 0.7511 0.6155 0.2386
vn 0.4636 0.8668 0.1838
vn 0.2850 0.9407 0.1838
vn 0.6193 0.7558 0.2127
vn 0.4608 0.8616 0.2127
vn 0.7512 0.6154 0.2386
vn 0.6155 0.7511 0.2386
vn 0.7463 0.6113 0.2634
vn 0.2854 0.9406 0.1837
vn 0.0966 0.9782 0.1837
vn 0.0959 0.9783 0.1839
vn 0.2837 0.9350 0.2127
vn 0.0954 0.9725 0.2127
vn 0.2836 0.9350 0.2127
vn 0.0958 0.9724 0.2126
vn 0.4580 0.8564 0.2385
vn 0.6160 0.7508 0.2384
vn 0.2819 0.9293 0.2386
vn 0.4574 0.8567 0.2386
vn 0.0952 0.9665 0.2385
vn 0.2823 0.9292 0.2385
vn 0.6118 0.7458 0.2636
vn 0.7456 0.6120 0.2636
vn 0.4543 0.8509 0.2636
vn 0.6113 0.7462 0.2637
vn 0.2804 0.9230 0.2634
vn 0.4553 0.8505 0.2634
vn 0.0946 0.9600 0.2635
vn 0.2799 0.9232 0.2635
vn 0.0940 0.9600 0.2637
vn 0.7418 0.6089 0.2810
vn 0.8467 0.4517 0.2810
vn 0.8414 0.4489 0.3011
vn 0.7406 0.6102 0.2814
vn 0.6081 0.7423 0.2813
vn 0.8400 0.4510 0.3016
vn 0.7359 0.6063 0.3015
vn 0.8334 0.4474 0.3244
vn 0.7822 0.5226 0.3391
vn 0.7368 0.6053 0.3012
vn 0.7310 0.6005 0.3240
vn 0.6091 0.7416 0.2811
vn 0.6053 0.7368 0.3012
vn 0.4530 0.8460 0.2812
vn 0.6005 0.7310 0.3240
vn 0.4532 0.8459 0.2811
vn 0.4503 0.8406 0.3012
vn 0.2784 0.9184 0.2812
vn 0.5226 0.7822 0.3391
vn 0.5184 0.7759 0.3596
vn 0.4511 0.8402 0.3010
vn 0.4474 0.8334 0.3244
vn 0.5175 0.7763 0.3599
vn 0.1833 0.9149 0.3597
vn 0.1845 0.9148 0.3593
vn 0.1848 0.9224 0.3391
vn 0.2732 0.9056 0.3245
vn 0.0934 0.9415 0.3239
vn 0.0942 0.9490 0.3010
vn 0.2753 0.9128 0.3016
vn 0.0919 0.9490 0.3015
vn 0.2778 0.9123 0.3010
vn 0.2796 0.9181 0.2809
vn 0.0925 0.9552 0.2812
vn 0.0935 0.9552 0.2810
vn -0.0000 -0.0000 1.0000
vn -0.6733 0.6908 0.2636
vn -0.7492 0.6027 0.2747
vn -0.7599 0.5844 0.2848
vn -0.7962 0.5422 0.2684
vn -0.8395 0.4667 0.2783
vn -0.5119 -0.7780 0.3641
vn -0.5101 -0.7790 0.3647
vn -0.5487 -0.8339 0.0605
vn -0.5480 -0.8343 0.0607
vn -0.5490 -0.8358 -0.0007
vn -0.5513 -0.8343 -0.0000
vn -0.5490 -0.8358 -0.0000
vn -0.5437 -0.8276 -0.1396
vn -0.5442 -0.8273 -0.1394
vn -0.2040 0.9733 0.1051
vn -0.1713 0.9337 0.3144
vn 0.4274 0.6528 0.6255
vn 0.2885 0.9461 -0.1473
vn 0.5484 0.8295 0.1058
vn 0.5459 0.8311 0.1065
vn 0.5491 0.8306 0.0927
vn 0.4316 0.8992 0.0719
vn 0.6137 0.7417 0.2706
vn -0.7985 0.6019 -0.0008
vn -0.7984 0.6018 0.0213
vn -0.7993 0.6008 0.0106
vn -0.7993 0.6009 -0.0005
vn -0.7973 0.6035 0.0029
vn -0.8016 0.5979 -0.0025
vn -0.7905 0.6124 0.0033
vn -0.7996 0.6004 -0.0047
vn -0.7952 0.6063 0.0111
vn -0.8046 0.5938 -0.0006
vn -0.7996 0.6005 -0.0050
vn -0.8041 0.5945 -0.0000
vn -0.7997 0.6005 0.0001
vn -0.7999 0.6002 -0.0000
vn -0.7990 0.6013 0.0011
vn -0.7986 0.6019 -0.0007
vn -0.5964 -0.5964 -0.5373
vn -0.4404 -0.6695 -0.5982
vn -0.5918 -0.5918 -0.5473
vn -0.3824 -0.8249 -0.4162
vn -0.2635 -0.4063 0.8749
vn -0.2652 -0.4037 0.8756
vn -0.1014 -0.1564 0.9825
vn -0.1024 -0.1551 0.9826
vn 0.1021 0.1545 0.9827
vn 0.1016 0.1552 0.9826
vn 0.2485 0.3795 0.8912
vn 0.2496 0.3778 0.8916
vn -0.9799 -0.1993 -0.0000
vn -0.9724 -0.2315 0.0299
vn -0.9738 -0.2067 0.0952
vn -0.9940 -0.1061 0.0280
vn -0.8652 -0.1759 -0.4696
vn -0.6908 0.6733 0.2636
vn -0.6027 0.7492 0.2747
vn -0.5844 0.7599 0.2848
vn -0.5422 0.7962 0.2684
vn -0.4667 0.8395 0.2783
vn 0.7790 0.5101 0.3647
vn 0.7780 0.5119 0.3641
vn 0.8339 0.5487 0.0605
vn 0.8343 0.5480 0.0607
vn 0.8358 0.5490 -0.0007
vn 0.8343 0.5513 -0.0000
vn 0.8358 0.5490 -0.0000
vn 0.8276 0.5437 -0.1396
vn 0.8273 0.5442 -0.1394
vn -0.9733 0.2040 0.1051
vn -0.9337 0.1713 0.3144
vn -0.6528 -0.4274 0.6255
vn -0.9461 -0.2885 -0.1473
vn -0.8295 -0.5484 0.1058
vn -0.8311 -0.5459 0.1065
vn -0.8306 -0.5491 0.0927
vn -0.8992 -0.4316 0.0719
vn -0.7417 -0.6137 0.2706
vn -0.6008 0.7993 0.0107
vn -0.6018 0.7984 0.0213
vn -0.6019 0.7985 -0.0008
vn -0.6009 0.7993 -0.0005
vn -0.6035 0.7973 0.0029
vn -0.5979 0.8016 -0.0025
vn -0.6124 0.7905 0.0033
vn -0.6004 0.7996 -0.0047
vn -0.6063 0.7952 0.0111
vn -0.5938 0.8046 -0.0006
vn -0.6005 0.7996 -0.0050
vn -0.5945 0.8041 -0.0000
vn -0.6005 0.7997 0.0001
vn -0.6002 0.7999 -0.0000
vn -0.6013 0.7990 0.0011
vn -0.6019 0.7986 -0.0007
vn 0.6695 0.4404 -0.5982
vn 0.5964 0.5964 -0.5373
vn 0.5918 0.5918 -0.5473
vn 0.8249 0.3824 -0.4162
vn 0.4037 0.2652 0.8756
vn 0.4063 0.2635 0.8749
vn 0.1564 0.1014 0.9825
vn 0.1551 0.1024 0.9826
vn -0.1545 -0.1021 0.9827
vn -0.1552 -0.1016 0.9826
vn -0.3795 -0.2485 0.8912
vn -0.3778 -0.2496 0.8916
vn 0.1993 0.9799 -0.0000
vn 0.2315 0.9724 0.0299
vn 0.2067 0.9738 0.0952
vn 0.1061 0.9940 0.0280
vn -0.5116 0.5116 -0.6903
vn -0.7071 0.7071 -0.0000
vn 0.1759 0.8652 -0.4696
vn -0.7065 0.7077 0.0003
vn -0.7073 0.7069 -0.0008
vn -0.7062 0.7080 0.0018
vn -0.7074 0.7068 -0.0021
vn -0.1392 -0.1392 0.9804
vn 0.1392 0.1392 0.9804
vn -0.3925 -0.3925 0.8318
vn -0.3921 -0.3923 0.8320
vn 0.1394 0.1393 0.9804
vn 0.3926 0.3924 0.8318
vn 0.3922 0.3922 0.8321
vn 0.5890 0.5890 0.5533
vn 0.6934 0.6934 0.1962
vn 0.6935 0.6935 -0.1951
vn 0.5877 0.5877 -0.5560
vn 0.3948 0.3948 -0.8296
vn 0.3946 0.3944 -0.8299
vn 0.1353 0.1352 -0.9815
vn 0.1353 0.1353 -0.9815
vn -0.1352 -0.1352 -0.9815
vn -0.3945 -0.3945 -0.8299
vn -0.3947 -0.3949 -0.8296
vn -0.5878 -0.5882 -0.5554
vn -0.5877 -0.5877 -0.5560
vn -0.6935 -0.6935 -0.1951
vn -0.6934 -0.6934 0.1962
vn -0.5893 -0.5893 0.5527
vn -0.5888 -0.5892 0.5533
vn 0.6736 -0.6907 0.2630
vn 0.7485 -0.6039 0.2740
vn 0.7602 -0.5838 0.2851
vn 0.7958 -0.5425 0.2690
vn 0.8407 -0.4639 0.2793
vn 0.5114 0.7785 0.3640
vn 0.5112 0.7786 0.3640
vn 0.5480 0.8343 0.0605
vn 0.5484 0.8341 0.0603
vn 0.5494 0.8356 -0.0000
vn 0.5490 0.8358 0.0004
vn 0.5478 0.8366 -0.0000
vn 0.5490 0.8358 -0.0000
vn 0.5437 0.8277 -0.1393
vn 0.5434 0.8278 -0.1394
vn 0.2040 -0.9733 0.1052
vn 0.1714 -0.9339 0.3137
vn -0.4286 -0.6519 0.6255
vn -0.2876 -0.9464 -0.1470
vn -0.5481 -0.8296 0.1065
vn -0.5488 -0.8308 0.0926
vn -0.4316 -0.8992 0.0719
vn -0.6137 -0.7417 0.2706
vn 0.7988 -0.6015 -0.0000
vn 0.7988 -0.6015 0.0145
vn 0.7994 -0.6008 0.0069
vn 0.7994 -0.6008 -0.0002
vn 0.7984 -0.6022 0.0016
vn 0.8013 -0.5982 -0.0022
vn 0.8007 -0.5991 -0.0016
vn 0.7904 -0.6126 0.0038
vn 0.7997 -0.6005 -0.0032
vn 0.7959 -0.6054 0.0102
vn 0.8046 -0.5938 -0.0006
vn 0.7989 -0.6014 -0.0057
vn 0.8041 -0.5945 -0.0000
vn 0.7997 -0.6005 0.0001
vn 0.7999 -0.6002 -0.0000
vn 0.7992 -0.6010 0.0009
vn 0.7989 -0.6015 -0.0007
vn 0.4397 0.6698 -0.5984
vn 0.3818 0.8254 -0.4159
vn 0.2638 0.4068 0.8746
vn 0.2662 0.4029 0.8757
vn 0.1015 0.1566 0.9824
vn 0.1020 0.1559 0.9825
vn -0.1014 -0.1548 0.9827
vn -0.1019 -0.1542 0.9828
vn -0.2500 -0.3784 0.8913
vn -0.2489 -0.3801 0.8908
vn 0.9799 0.1993 -0.0000
vn 0.9724 0.2315 0.0299
vn 0.9738 0.2067 0.0952
vn 0.9940 0.1061 0.0280
vn 0.8654 0.1760 -0.4692
vn 0.6907 -0.6736 0.2630
vn 0.6039 -0.7485 0.2740
vn 0.5838 -0.7602 0.2851
vn 0.5412 -0.7968 0.2686
vn 0.4667 -0.8395 0.2783
vn -0.7786 -0.5112 0.3640
vn -0.7785 -0.5114 0.3640
vn -0.8343 -0.5480 0.0605
vn -0.8341 -0.5484 0.0603
vn -0.8356 -0.5494 -0.0000
vn -0.8358 -0.5490 0.0004
vn -0.8366 -0.5478 -0.0000
vn -0.8358 -0.5490 -0.0000
vn -0.8277 -0.5437 -0.1393
vn -0.8278 -0.5434 -0.1394
vn 0.9733 -0.2040 0.1052
vn 0.9339 -0.1714 0.3137
vn 0.6519 0.4286 0.6255
vn 0.9464 0.2876 -0.1470
vn 0.8296 0.5481 0.1065
vn 0.8308 0.5488 0.0926
vn 0.8992 0.4316 0.0719
vn 0.7417 0.6137 0.2706
vn 0.6008 -0.7994 0.0069
vn 0.6015 -0.7988 0.0145
vn 0.6015 -0.7988 -0.0000
vn 0.6008 -0.7994 -0.0002
vn 0.6034 -0.7974 0.0032
vn 0.5970 -0.8023 -0.0030
vn 0.5991 -0.8007 -0.0016
vn 0.6126 -0.7904 0.0038
vn 0.6005 -0.7997 -0.0032
vn 0.6054 -0.7959 0.0102
vn 0.5938 -0.8046 -0.0006
vn 0.6014 -0.7989 -0.0057
vn 0.5945 -0.8041 -0.0000
vn 0.6005 -0.7997 0.0001
vn 0.6002 -0.7999 -0.0000
vn 0.6010 -0.7992 0.0009
vn 0.6015 -0.7989 -0.0007
vn -0.6698 -0.4397 -0.5984
vn -0.8254 -0.3818 -0.4159
vn -0.4029 -0.2662 0.8757
vn -0.4068 -0.2638 0.8746
vn -0.1566 -0.1015 0.9824
vn -0.1559 -0.1020 0.9825
vn 0.1548 0.1014 0.9827
vn 0.1542 0.1019 0.9828
vn 0.3784 0.2500 0.8913
vn 0.3801 0.2489 0.8908
vn -0.1993 -0.9799 -0.0000
vn -0.2315 -0.9724 0.0299
vn -0.2067 -0.9738 0.0952
vn -0.1061 -0.9940 0.0280
vn 0.5117 -0.5117 -0.6901
vn 0.7071 -0.7071 -0.0000
vn -0.1760 -0.8654 -0.4692
vn 0.7077 -0.7065 -0.0000
vn 0.7067 -0.7075 -0.0006
vn 0.7067 -0.7075 0.0006
vn 0.7069 -0.7073 -0.0001
vn 0.7069 -0.7073 -0.0000
vn 0.7068 -0.7074 0.0001
vn 0.7075 -0.7067 -0.0014
vn 0.7079 -0.7064 0.0011
vn 0.7061 -0.7081 -0.0006
vn -0.1394 -0.1393 0.9804
vn 0.3925 0.3925 0.8318
vn -0.1392 -0.1393 0.9804
vn -0.5890 -0.5890 0.5533
vn -0.1353 -0.1354 -0.9815
vn 0.1352 0.1352 -0.9815
vn 0.5875 0.5875 -0.5566
vn 0.5876 0.5879 -0.5560
vn 0.6933 0.6937 -0.1951
vn 0.6932 0.6936 0.1962
vn 0.5886 0.5889 0.5539
vn -0.6895 -0.6745 0.2638
vn -0.6038 -0.7483 0.2747
vn -0.5843 -0.7597 0.2855
vn -0.5411 -0.7968 0.2688
vn -0.4665 -0.8395 0.2786
vn 0.7788 -0.5104 0.3646
vn 0.7771 -0.5138 0.3635
vn 0.8349 -0.5471 0.0604
vn 0.8347 -0.5474 0.0603
vn 0.8362 -0.5484 -0.0000
vn 0.8363 -0.5483 0.0001
vn 0.8366 -0.5478 -0.0000
vn 0.8363 -0.5483 -0.0000
vn 0.8281 -0.5429 -0.1395
vn 0.8274 -0.5442 -0.1391
vn -0.9734 -0.2038 0.1051
vn -0.9337 -0.1711 0.3145
vn -0.6510 0.4292 0.6260
vn -0.9461 0.2884 -0.1474
vn -0.8292 0.5488 0.1063
vn -0.8318 0.5446 0.1074
vn -0.8303 0.5496 0.0928
vn -0.8995 0.4309 0.0717
vn -0.7417 0.6136 0.2711
vn -0.6024 -0.7982 -0.0042
vn -0.6023 -0.7980 0.0196
vn -0.6009 -0.7993 0.0038
vn -0.6009 -0.7993 -0.0002
vn -0.6034 -0.7974 0.0031
vn -0.5970 -0.8023 -0.0031
vn -0.5991 -0.8007 -0.0017
vn -0.6109 -0.7917 0.0030
vn -0.6005 -0.7996 -0.0033
vn -0.6056 -0.7957 0.0104
vn -0.5947 -0.8039 0.0003
vn -0.6014 -0.7989 -0.0057
vn -0.5945 -0.8041 -0.0000
vn -0.6005 -0.7996 0.0002
vn -0.5999 -0.8001 -0.0000
vn -0.6010 -0.7993 0.0011
vn -0.6016 -0.7988 -0.0010
vn 0.5962 -0.5962 -0.5377
vn 0.6693 -0.4402 -0.5985
vn 0.5918 -0.5918 -0.5473
vn 0.8263 -0.3806 -0.4151
vn 0.4049 -0.2650 0.8751
vn 0.4048 -0.2650 0.8751
vn 0.1557 -0.1019 0.9825
vn 0.1551 -0.1024 0.9826
vn -0.1544 0.1020 0.9827
vn -0.1550 0.1015 0.9827
vn -0.3795 0.2485 0.8912
vn 0.1993 -0.9799 -0.0000
vn 0.2310 -0.9725 0.0295
vn 0.2060 -0.9739 0.0955
vn 0.1050 -0.9941 0.0281
vn 0.1760 -0.8654 -0.4691
vn -0.6733 -0.6908 0.2636
vn -0.7494 -0.6025 0.2748
vn -0.7602 -0.5838 0.2851
vn -0.7951 -0.5433 0.2694
vn -0.8402 -0.4647 0.2796
vn -0.5112 0.7786 0.3639
vn -0.5105 0.7790 0.3641
vn -0.5471 0.8349 0.0609
vn -0.5490 0.8337 0.0600
vn -0.5500 0.8352 -0.0000
vn -0.5490 0.8358 0.0010
vn -0.5455 0.8381 -0.0000
vn -0.5490 0.8358 -0.0000
vn -0.5437 0.8276 -0.1396
vn -0.5442 0.8273 -0.1394
vn -0.2042 -0.9733 0.1052
vn -0.1714 -0.9337 0.3144
vn 0.4293 -0.6512 0.6259
vn 0.2877 -0.9464 -0.1469
vn 0.5481 -0.8296 0.1065
vn 0.5446 -0.8318 0.1074
vn 0.5488 -0.8308 0.0926
vn 0.4306 -0.8997 0.0717
vn 0.6135 -0.7416 0.2714
vn -0.7996 -0.6005 0.0075
vn -0.7982 -0.6019 0.0225
vn -0.7985 -0.6021 -0.0017
vn -0.7996 -0.6006 -0.0006
vn -0.7981 -0.6025 0.0019
vn -0.8006 -0.5991 -0.0013
vn -0.8018 -0.5975 -0.0023
vn -0.7901 -0.6130 0.0039
vn -0.7996 -0.6005 -0.0033
vn -0.7957 -0.6056 0.0104
vn -0.8039 -0.5947 0.0003
vn -0.7989 -0.6014 -0.0057
vn -0.8041 -0.5945 -0.0000
vn -0.7996 -0.6005 0.0001
vn -0.7998 -0.6003 -0.0000
vn -0.7990 -0.6014 0.0011
vn -0.7985 -0.6020 -0.0007
vn -0.4402 0.6693 -0.5985
vn -0.5967 0.5958 -0.5375
vn -0.5921 0.5913 -0.5475
vn -0.3812 0.8259 -0.4154
vn -0.2650 0.4048 0.8751
vn -0.2638 0.4068 0.8746
vn -0.1013 0.1562 0.9825
vn -0.1018 0.1555 0.9826
vn 0.1014 -0.1548 0.9827
vn 0.2485 -0.3795 0.8912
vn 0.2477 -0.3806 0.8909
vn -0.9799 0.1993 -0.0000
vn -0.9724 0.2315 0.0299
vn -0.9738 0.2071 0.0943
vn -0.9938 0.1078 0.0280
vn -0.5115 -0.5115 -0.6904
vn -0.5120 -0.5112 -0.6903
vn -0.7071 -0.7071 -0.0000
vn -0.8652 0.1759 -0.4695
vn -0.7065 -0.7077 -0.0000
vn -0.7075 -0.7067 -0.0006
vn -0.7075 -0.7067 0.0006
vn -0.7071 -0.7071 -0.0009
vn -0.7079 -0.7064 0.0011
vn -0.7067 -0.7075 -0.0014
vn -0.7072 -0.7070 -0.0000
vn -0.7063 -0.7079 0.0011
vn -0.7081 -0.7061 -0.0006
vn 0.1392 -0.1392 0.9804
vn -0.1393 0.1393 0.9804
vn 0.3925 -0.3925 0.8318
vn -0.1393 0.1392 0.9804
vn -0.3924 0.3921 0.8320
vn -0.3925 0.3925 0.8318
vn -0.5890 0.5890 0.5533
vn -0.6934 0.6934 0.1962
vn -0.6935 0.6935 -0.1951
vn -0.5877 0.5877 -0.5560
vn -0.3945 0.3945 -0.8299
vn -0.3949 0.3947 -0.8296
vn -0.1354 0.1353 -0.9815
vn -0.1352 0.1352 -0.9815
vn 0.1352 -0.1352 -0.9815
vn 0.3948 -0.3948 -0.8296
vn 0.5874 -0.5875 -0.5566
vn 0.5879 -0.5875 -0.5560
vn 0.6938 -0.6934 -0.1943
vn 0.6935 -0.6935 -0.1951
vn 0.6935 -0.6935 0.1954
vn 0.6936 -0.6932 0.1962
vn 0.5889 -0.5886 0.5539
vn 0.5890 -0.5890 0.5533
vn 0.6908 0.6733 0.2636
vn 0.6025 0.7494 0.2748
vn 0.5838 0.7602 0.2851
vn 0.5433 0.7951 0.2694
vn 0.4647 0.8402 0.2796
vn -0.7790 0.5105 0.3641
vn -0.7786 0.5112 0.3639
vn -0.8349 0.5471 0.0609
vn -0.8337 0.5490 0.0600
vn -0.8352 0.5500 -0.0000
vn -0.8358 0.5490 0.0010
vn -0.8381 0.5455 -0.0000
vn -0.8358 0.5490 -0.0000
vn -0.8276 0.5437 -0.1396
vn -0.8273 0.5442 -0.1394
vn 0.9733 0.2040 0.1052
vn 0.9337 0.1713 0.3144
vn 0.6510 -0.4292 0.6260
vn 0.9464 -0.2876 -0.1470
vn 0.8296 -0.5481 0.1065
vn 0.8318 -0.5446 0.1074
vn 0.8308 -0.5488 0.0926
vn 0.8995 -0.4309 0.0717
vn 0.7417 -0.6136 0.2711
vn 0.6021 0.7985 -0.0017
vn 0.6019 0.7982 0.0225
vn 0.6005 0.7996 0.0075
vn 0.6006 0.7996 -0.0006
vn 0.6025 0.7981 0.0019
vn 0.5991 0.8006 -0.0013
vn 0.5975 0.8018 -0.0023
vn 0.6130 0.7901 0.0039
vn 0.6005 0.7996 -0.0033
vn 0.6056 0.7957 0.0104
vn 0.5947 0.8039 0.0003
vn 0.6014 0.7989 -0.0057
vn 0.5945 0.8041 -0.0000
vn 0.6005 0.7996 0.0001
vn 0.6003 0.7998 -0.0000
vn 0.6014 0.7990 0.0011
vn 0.6020 0.7985 -0.0007
vn -0.5958 0.5967 -0.5375
vn -0.6693 0.4402 -0.5985
vn -0.5913 0.5921 -0.5475
vn -0.8259 0.3812 -0.4154
vn -0.4068 0.2638 0.8746
vn -0.4048 0.2650 0.8751
vn -0.1562 0.1013 0.9825
vn -0.1555 0.1018 0.9826
vn 0.1548 -0.1014 0.9827
vn 0.3795 -0.2485 0.8912
vn 0.3806 -0.2477 0.8909
vn -0.1993 0.9799 -0.0000
vn -0.2315 0.9724 0.0299
vn -0.2068 0.9738 0.0950
vn -0.1062 0.9939 0.0280
vn -0.1759 0.8652 -0.4695
vn 0.6745 0.6895 0.2638
vn 0.7483 0.6038 0.2747
vn 0.7597 0.5843 0.2855
vn 0.7968 0.5411 0.2688
vn 0.8395 0.4665 0.2786
vn 0.5138 -0.7771 0.3635
vn 0.5104 -0.7788 0.3646
vn 0.5471 -0.8349 0.0605
vn 0.5474 -0.8347 0.0603
vn 0.5484 -0.8362 -0.0000
vn 0.5483 -0.8363 0.0001
vn 0.5478 -0.8366 -0.0000
vn 0.5483 -0.8363 -0.0000
vn 0.5429 -0.8281 -0.1395
vn 0.5442 -0.8274 -0.1391
vn 0.2038 0.9734 0.1051
vn 0.1711 0.9337 0.3145
vn -0.4292 0.6510 0.6261
vn -0.2884 0.9461 -0.1474
vn -0.5488 0.8291 0.1063
vn -0.5446 0.8318 0.1074
vn -0.5496 0.8303 0.0928
vn -0.4306 0.8997 0.0717
vn -0.6135 0.7416 0.2714
vn 0.7993 0.6009 0.0039
vn 0.7980 0.6023 0.0196
vn 0.7982 0.6024 -0.0042
vn 0.7993 0.6009 -0.0002
vn 0.7974 0.6034 0.0031
vn 0.8023 0.5970 -0.0031
vn 0.8007 0.5991 -0.0017
vn 0.7917 0.6109 0.0030
vn 0.7996 0.6005 -0.0033
vn 0.7957 0.6056 0.0104
vn 0.8039 0.5947 0.0003
vn 0.7989 0.6014 -0.0057
vn 0.8041 0.5945 -0.0000
vn 0.7996 0.6005 0.0002
vn 0.8001 0.5999 -0.0000
vn 0.7993 0.6010 0.0011
vn 0.7988 0.6016 -0.0010
vn 0.4402 -0.6693 -0.5985
vn 0.3806 -0.8263 -0.4151
vn 0.2650 -0.4048 0.8751
vn 0.2650 -0.4049 0.8751
vn 0.1019 -0.1557 0.9825
vn 0.1024 -0.1551 0.9826
vn -0.1020 0.1544 0.9827
vn -0.1015 0.1550 0.9827
vn -0.2485 0.3795 0.8912
vn 0.9799 -0.1993 -0.0000
vn 0.9725 -0.2310 0.0295
vn 0.9739 -0.2063 0.0947
vn 0.9939 -0.1065 0.0281
vn 0.5116 0.5116 -0.6903
vn 0.5111 0.5119 -0.6904
vn 0.7071 0.7071 -0.0000
vn 0.8654 -0.1760 -0.4691
vn 0.7077 0.7066 0.0003
vn 0.7069 0.7073 -0.0008
vn 0.7080 0.7062 0.0018
vn 0.7068 0.7074 -0.0021
vn -0.1392 0.1392 0.9804
vn -0.3923 0.3921 0.8321
vn 0.6934 -0.6934 0.1962
vn 0.5877 -0.5877 -0.5560
vn -0.5882 0.5878 -0.5554
vn -0.5893 0.5893 0.5527
vn -0.5892 0.5888 0.5533
vn -0.9752 -0.2215 -0.0000
vn -1.0000 -0.0000 0.0017
vn -1.0000 -0.0054 -0.0000
vn -1.0000 -0.0054 -0.0004
vn -0.8057 -0.5924 -0.0000
vn -1.0000 -0.0040 0.0002
vn -1.0000 -0.0040 -0.0014
vn -1.0000 -0.0056 -0.0000
vn -0.5647 -0.8253 -0.0000
vn -1.0000 -0.0019 -0.0004
vn -1.0000 -0.0020 -0.0004
vn -1.0000 -0.0019 -0.0021
vn -0.5646 -0.8253 -0.0000
vn -0.3151 -0.9491 -0.0000
vn -0.0837 -0.9965 -0.0000
vn -1.0000 -0.0020 -0.0000
vn -1.0000 -0.0000 -0.0007
vn -1.0000 -0.0000 -0.0021
vn -1.0000 -0.0000 -0.0000
vn -1.0000 0.0012 -0.0014
vn -1.0000 0.0012 0.0008
vn -1.0000 0.0011 -0.0000
vn -0.8056 -0.5924 -0.0000
vn -0.5646 -0.8254 -0.0000
vn -0.3150 -0.9491 -0.0000
vn 0.0838 -0.9965 -0.0000
vn 0.3145 -0.9493 -0.0000
vn 0.5651 -0.8250 -0.0000
vn 0.8057 -0.5924 -0.0000
vn 0.8056 -0.5924 -0.0000
vn 0.9752 -0.2215 -0.0000
vn 1.0000 0.0011 -0.0000
vn 1.0000 0.0006 -0.0030
vn 1.0000 -0.0000 -0.0034
vn 1.0000 0.0017 0.0011
vn 1.0000 0.0006 -0.0007
vn 1.0000 0.0017 -0.0000
vn 1.0000 -0.0000 -0.0000
vn 1.0000 -0.0000 -0.0021
vn 1.0000 -0.0000 -0.0007
vn 1.0000 -0.0019 -0.0021
vn 1.0000 -0.0020 -0.0000
vn 1.0000 -0.0019 -0.0004
vn 1.0000 -0.0020 -0.0004
vn 1.0000 -0.0040 -0.0014
vn 1.0000 -0.0056 -0.0000
vn 0.9749 -0.2225 -0.0006
vn 1.0000 -0.0056 -0.0006
vn 0.9749 -0.2225 -0.0000
vn 1.0000 -0.0040 -0.0004
vn 0.9752 -0.2215 0.0005
vn 1.0000 -0.0036 -0.0003
vn 1.0000 -0.0036 0.0006
vn 1.0000 -0.0000 0.0017
vn -0.0001 -0.0000 -1.0000
vn 0.9805 -0.1965 -0.0000
vn 0.9805 0.1965 -0.0000
vn 0.8313 -0.5558 -0.0000
vn 0.8314 -0.5556 -0.0000
vn 0.8321 0.5546 -0.0000
vn 0.5558 -0.8313 -0.0000
vn 0.8320 0.5548 -0.0000
vn 0.5556 -0.8314 -0.0000
vn 0.5558 0.8313 -0.0000
vn 0.1965 -0.9805 -0.0000
vn 0.5556 0.8314 -0.0000
vn 0.1945 0.9809 -0.0000
vn -0.0000 -1.0000 -0.0000
vn 0.1944 0.9809 -0.0000
vn -0.0000 1.0000 -0.0000
vn -0.1961 -0.9806 -0.0000
vn -0.1940 0.9810 -0.0000
vn -0.5556 -0.8314 -0.0000
vn -0.1941 0.9810 -0.0000
vn -0.5558 -0.8313 -0.0000
vn -0.5556 0.8314 -0.0000
vn -0.8314 -0.5556 -0.0000
vn -0.5558 0.8313 -0.0000
vn -0.8313 -0.5558 -0.0000
vn -0.8320 0.5548 -0.0000
vn -0.9809 -0.1944 -0.0000
vn -0.8321 0.5546 -0.0000
vn -0.9809 -0.1945 -0.0000
vn -0.9809 0.1945 -0.0000
vn -0.9809 0.1944 -0.0000
vn -0.0001 -0.0000 1.0000
vn 0.0001 -0.0000 1.0000
vn -0.0000 -0.9575 -0.2885
vn 0.2393 -0.2392 0.9410
vn 0.2392 -0.2392 0.9411
vn -0.2756 0.2746 -0.9212
vn -0.6347 0.6325 -0.4439
vn -0.2735 0.2745 -0.9219
vn -0.6339 0.6340 -0.4430
vn -0.7033 0.7033 -0.1040
vn -0.6520 0.6544 -0.3830
vn -0.6554 0.6531 -0.3793
vn -0.6527 0.6505 0.3884
vn -0.6516 0.6538 0.3847
vn -0.2728 0.2738 0.9223
vn -0.2727 0.2717 0.9229
vn 0.2732 -0.2723 0.9226
vn 0.2733 -0.2733 0.9223
vn 0.6527 -0.6527 0.3847
vn 0.6559 -0.6557 -0.3741
vn 0.6579 -0.6557 -0.3705
vn 0.7053 -0.7028 0.0932
vn 0.7083 -0.7059 0.0042
vn 0.7084 -0.7058 0.0042
vn 0.0321 -0.0321 -0.9990
vn 0.0322 -0.0320 -0.9990
vn 0.7032 0.7110 -0.0023
vn 0.7079 0.7064 -0.0014
vn 0.7055 0.7087 -0.0000
vn 0.7099 0.7043 0.0032
vn 0.7099 0.7043 -0.0000
vn 0.7116 0.7025 0.0007
vn 0.2392 -0.2392 0.9410
vn -0.2745 0.2735 -0.9219
vn -0.2745 0.2746 -0.9215
vn -0.6544 0.6520 -0.3830
vn -0.6531 0.6554 -0.3794
vn -0.6504 0.6528 0.3884
vn -0.6539 0.6515 0.3847
vn -0.2733 0.2723 0.9226
vn -0.2722 0.2722 0.9229
vn 0.2732 -0.2733 0.9223
vn 0.6558 -0.6557 -0.3741
vn 0.6556 -0.6580 -0.3705
vn 0.7028 -0.7053 0.0932
vn 0.7058 -0.7084 0.0042
vn 0.7058 -0.7083 0.0042
vn 0.0321 -0.0320 -0.9990
vn 0.0320 -0.0322 -0.9990
vn -0.7058 -0.7084 0.0002
vn -0.7110 -0.7032 -0.0023
vn -0.7051 -0.7091 -0.0012
vn -0.7043 -0.7099 0.0019
vn -0.7043 -0.7099 -0.0000
vn -0.7025 -0.7116 0.0007
vn -0.7083 -0.7059 -0.0000
vn -0.7091 -0.7052 0.0012
vn -0.7091 -0.7052 -0.0012
vn 0.5458 0.5458 0.6357
vn 0.5459 0.5458 0.6357
vn 0.4877 0.4878 0.7240
vn 0.4878 0.4878 0.7240
vn 0.5343 0.5343 0.6550
vn 0.5342 0.5343 0.6551
vn 0.6834 0.6834 0.2569
vn 0.6830 0.6830 -0.2591
vn 0.5367 0.5367 -0.6511
vn 0.4878 0.4878 -0.7240
vn 0.5464 0.5464 -0.6348
vn 0.7056 -0.7086 -0.0000
vn 0.7083 -0.7059 -0.0000
vn -0.4998 0.8661 -0.0000
vn -0.4501 0.8930 -0.0000
vn -0.3543 0.9351 -0.0000
vn -0.1503 0.9886 -0.0000
vn -0.5459 -0.5458 0.6357
vn -0.5458 -0.5458 0.6357
vn -0.4873 -0.4873 0.7246
vn -0.4870 -0.4886 0.7240
vn -0.5337 -0.5354 0.6546
vn -0.5343 -0.5343 0.6550
vn -0.6834 -0.6834 0.2569
vn -0.6830 -0.6830 -0.2591
vn -0.6829 -0.6830 -0.2591
vn -0.5371 -0.5371 -0.6504
vn -0.5359 -0.5375 -0.6511
vn -0.4864 -0.4880 -0.7248
vn -0.4878 -0.4878 -0.7240
vn -0.5464 -0.5464 -0.6348
vn -0.5463 -0.5464 -0.6348
vn 0.7086 -0.7056 -0.0000
vn 0.7059 -0.7083 -0.0000
vn -0.8661 0.4998 -0.0000
vn -0.8920 0.4520 -0.0000
vn -0.9359 0.3524 -0.0000
vn -0.9359 0.3523 -0.0000
vn -0.9886 0.1503 -0.0000
vn -0.2392 -0.2392 0.9410
vn 0.2745 0.2746 -0.9215
vn 0.6339 0.6340 -0.4430
vn 0.7033 0.7033 -0.1040
vn 0.6532 0.6532 -0.3830
vn 0.6525 0.6549 -0.3812
vn 0.6504 0.6528 0.3884
vn 0.6522 0.6521 0.3865
vn 0.2728 0.2727 0.9226
vn -0.2732 -0.2733 0.9223
vn -0.2733 -0.2733 0.9223
vn -0.6522 -0.6521 0.3865
vn -0.6538 -0.6516 0.3847
vn -0.6559 -0.6535 -0.3777
vn -0.6556 -0.6580 -0.3705
vn -0.7028 -0.7053 0.0932
vn -0.7041 -0.7041 0.0923
vn -0.7071 -0.7071 0.0031
vn -0.7058 -0.7084 0.0042
vn -0.0322 -0.0325 -0.9990
vn -0.0323 -0.0322 -0.9990
vn 0.7058 -0.7084 0.0002
vn 0.7051 -0.7091 -0.0012
vn 0.7043 -0.7099 0.0019
vn 0.7043 -0.7099 0.0011
vn 0.7091 -0.7052 0.0012
vn 0.7091 -0.7052 -0.0012
vn -0.2392 -0.2392 0.9411
vn -0.2393 -0.2392 0.9410
vn 0.2746 0.2746 -0.9215
vn 0.6537 0.6537 -0.3812
vn 0.6340 0.6340 -0.4430
vn 0.6521 0.6522 0.3866
vn 0.2727 0.2728 0.9226
vn 0.2727 0.2727 0.9226
vn -0.2738 -0.2738 0.9220
vn -0.2738 -0.2728 0.9223
vn -0.6533 -0.6510 0.3865
vn -0.6527 -0.6527 0.3847
vn -0.6569 -0.6567 -0.3704
vn -0.6567 -0.6568 -0.3705
vn -0.7053 -0.7028 0.0932
vn -0.7083 -0.7059 0.0042
vn -0.7084 -0.7058 0.0042
vn -0.0322 -0.0320 -0.9990
vn -0.0321 -0.0321 -0.9990
vn -0.7075 0.7067 -0.0008
vn -0.7051 0.7091 0.0011
vn -0.7064 0.7078 0.0014
vn -0.7087 0.7055 -0.0000
vn -0.7099 0.7043 0.0019
vn -0.7099 0.7043 -0.0000
vn -0.7116 0.7025 0.0007
vn -0.7043 0.7099 0.0040
vn -0.7042 0.7100 -0.0039
vn 0.5458 -0.5458 0.6357
vn 0.5459 -0.5458 0.6357
vn 0.4878 -0.4878 0.7240
vn 0.5343 -0.5343 0.6550
vn 0.5332 -0.5361 0.6544
vn 0.6815 -0.6851 0.2574
vn 0.6832 -0.6832 0.2579
vn 0.6830 -0.6830 -0.2591
vn 0.6809 -0.6846 -0.2601
vn 0.5350 -0.5379 -0.6515
vn 0.5371 -0.5371 -0.6504
vn 0.4877 -0.4878 -0.7240
vn 0.4878 -0.4878 -0.7240
vn 0.5464 -0.5464 -0.6348
vn 0.5463 -0.5464 -0.6348
vn -0.7086 -0.7056 -0.0000
vn 0.8661 0.4998 -0.0000
vn 0.8930 0.4501 -0.0000
vn 0.9351 0.3543 -0.0000
vn 0.9886 0.1503 -0.0000
vn -0.5459 0.5458 0.6357
vn -0.5458 0.5458 0.6357
vn -0.4873 0.4873 0.7246
vn -0.4886 0.4870 0.7240
vn -0.5354 0.5337 0.6546
vn -0.5342 0.5343 0.6551
vn -0.6834 0.6834 0.2569
vn -0.6830 0.6830 -0.2591
vn -0.5367 0.5367 -0.6511
vn -0.4878 0.4878 -0.7240
vn -0.5464 0.5464 -0.6348
vn -0.7056 -0.7086 -0.0000
vn 0.4998 0.8661 -0.0000
vn 0.4520 0.8920 -0.0000
vn 0.4497 0.8932 -0.0004
vn 0.3528 0.9357 -0.0004
vn 0.3543 0.9351 -0.0000
vn 0.1503 0.9886 -0.0000
vn -0.2393 0.2392 0.9410
vn -0.2392 0.2392 0.9411
vn 0.2746 -0.2746 -0.9215
vn 0.6340 -0.6340 -0.4430
vn 0.2756 -0.2746 -0.9212
vn 0.6339 -0.6340 -0.4430
vn 0.7033 -0.7033 -0.1040
vn 0.6549 -0.6526 -0.3812
vn 0.6532 -0.6532 -0.3830
vn 0.6521 -0.6522 0.3866
vn 0.6527 -0.6504 0.3884
vn 0.2733 -0.2723 0.9226
vn -0.2738 0.2738 0.9220
vn -0.2738 0.2728 0.9223
vn -0.6528 0.6504 0.3884
vn -0.6515 0.6538 0.3847
vn -0.6547 0.6569 -0.3741
vn -0.6567 0.6568 -0.3705
vn -0.7041 0.7041 0.0923
vn -0.7071 0.7071 0.0042
vn -0.0319 0.0322 -0.9990
vn -0.0325 0.0322 -0.9990
vn -0.7075 -0.7067 -0.0008
vn -0.7110 -0.7032 0.0023
vn -0.7064 -0.7079 0.0014
vn -0.7087 -0.7055 -0.0000
vn -0.7099 -0.7043 0.0019
vn -0.7099 -0.7043 -0.0000
vn -0.7116 -0.7025 0.0007
vn -0.7043 -0.7099 0.0040
vn -0.7043 -0.7099 -0.0039
vn -0.2392 0.2392 0.9410
vn 0.2746 -0.2756 -0.9212
vn 0.2745 -0.2746 -0.9215
vn 0.6526 -0.6549 -0.3812
vn 0.6505 -0.6527 0.3884
vn 0.2723 -0.2732 0.9226
vn -0.2727 0.2738 0.9223
vn -0.6505 0.6527 0.3884
vn -0.6538 0.6516 0.3847
vn -0.6559 0.6535 -0.3777
vn -0.6556 0.6580 -0.3705
vn -0.7028 0.7053 0.0932
vn -0.7071 0.7071 0.0031
vn -0.7058 0.7084 0.0042
vn -0.0323 0.0322 -0.9990
vn -0.0322 0.0325 -0.9990
vn 0.7058 0.7084 0.0002
vn 0.7059 0.7083 0.0002
vn 0.7055 0.7088 -0.0000
vn 0.7043 0.7099 0.0019
vn 0.7043 0.7099 0.0011
vn 0.7099 0.7043 0.0040
vn 0.7099 0.7043 -0.0039
vn -0.4877 -0.4878 0.7240
vn -0.4878 -0.4878 0.7240
vn -0.5342 -0.5343 0.6551
vn -0.5367 -0.5367 -0.6511
vn -0.7056 0.7086 -0.0000
vn -0.7083 0.7059 -0.0000
vn 0.4998 -0.8661 -0.0000
vn 0.4501 -0.8930 -0.0000
vn 0.3543 -0.9351 -0.0000
vn 0.1503 -0.9886 -0.0000
vn 0.5332 0.5361 0.6544
vn 0.6815 0.6851 0.2574
vn 0.6832 0.6832 0.2579
vn 0.6809 0.6846 -0.2601
vn 0.5350 0.5379 -0.6515
vn 0.5371 0.5371 -0.6504
vn 0.4877 0.4878 -0.7240
vn 0.5463 0.5464 -0.6348
vn -0.7086 0.7056 -0.0000
vn -0.7043 0.7099 -0.0000
vn 0.8661 -0.4998 -0.0000
vn 0.8930 -0.4501 -0.0000
vn 0.9351 -0.3543 -0.0000
vn 0.9886 -0.1503 -0.0000
vn 0.2392 0.2392 0.9410
vn -0.2745 -0.2746 -0.9215
vn -0.6339 -0.6340 -0.4430
vn -0.2746 -0.2746 -0.9215
vn -0.7033 -0.7033 -0.1040
vn -0.6537 -0.6537 -0.3812
vn -0.6521 -0.6522 0.3866
vn -0.2728 -0.2728 0.9226
vn -0.2728 -0.2727 0.9226
vn 0.2738 0.2738 0.9220
vn 0.2727 0.2738 0.9223
vn 0.6510 0.6533 0.3865
vn 0.6527 0.6527 0.3847
vn 0.6558 0.6557 -0.3741
vn 0.6556 0.6580 -0.3705
vn 0.7028 0.7053 0.0932
vn 0.7058 0.7084 0.0042
vn 0.7058 0.7083 0.0042
vn 0.0320 0.0322 -0.9990
vn 0.0321 0.0320 -0.9990
vn -0.7058 0.7084 0.0002
vn -0.7130 0.7012 -0.0012
vn -0.7059 0.7083 0.0002
vn -0.7055 0.7088 -0.0000
vn -0.7043 0.7099 0.0019
vn -0.7025 0.7116 0.0007
vn -0.7099 0.7043 0.0040
vn -0.7099 0.7043 -0.0039
vn 0.2392 0.2392 0.9411
vn 0.2393 0.2392 0.9410
vn -0.2756 -0.2746 -0.9212
vn -0.6532 -0.6532 -0.3830
vn -0.6351 -0.6328 -0.4429
vn -0.6549 -0.6526 -0.3812
vn -0.6351 -0.6328 -0.4430
vn -0.7044 -0.7019 -0.1051
vn -0.6527 -0.6505 0.3884
vn -0.6521 -0.6521 0.3865
vn -0.2732 -0.2723 0.9226
vn 0.2732 0.2723 0.9226
vn 0.2733 0.2733 0.9223
vn 0.6515 0.6538 0.3847
vn 0.6537 0.6558 -0.3777
vn 0.6579 0.6557 -0.3705
vn 0.7053 0.7028 0.0932
vn 0.7041 0.7041 0.0923
vn 0.7071 0.7071 0.0042
vn 0.0325 0.0322 -0.9990
vn 0.0319 0.0322 -0.9990
vn 0.7091 -0.7051 -0.0012
vn 0.7079 -0.7063 -0.0014
vn 0.7055 -0.7087 -0.0000
vn 0.7116 -0.7026 0.0017
vn 0.7070 -0.7072 -0.0000
vn -0.4870 0.4886 0.7240
vn -0.5337 0.5354 0.6546
vn -0.5343 0.5343 0.6550
vn -0.6829 0.6830 -0.2591
vn -0.5371 0.5371 -0.6504
vn -0.5359 0.5375 -0.6511
vn -0.4864 0.4880 -0.7248
vn -0.5463 0.5464 -0.6348
vn 0.7086 0.7056 -0.0000
vn 0.7059 0.7083 -0.0000
vn -0.8661 -0.4998 -0.0000
vn -0.8920 -0.4520 -0.0000
vn -0.9359 -0.3524 -0.0000
vn -0.9359 -0.3523 -0.0000
vn -0.9886 -0.1503 -0.0000
vn 0.4877 -0.4878 0.7240
vn 0.5342 -0.5343 0.6551
vn 0.6834 -0.6834 0.2569
vn 0.5367 -0.5367 -0.6511
vn 0.7056 0.7086 -0.0000
vn 0.7083 0.7059 -0.0000
vn -0.4998 -0.8661 -0.0000
vn -0.4501 -0.8930 -0.0000
vn -0.3543 -0.9351 -0.0000
vn -0.1503 -0.9886 -0.0000
vn -0.7064 -0.0000 -0.7078
vn -0.4545 -0.0000 -0.8907
vn -0.8904 -0.0000 -0.4551
vn -0.4545 -0.0000 -0.8908
vn -0.1573 -0.0000 -0.9875
vn -0.9875 -0.0000 -0.1573
vn 0.1573 -0.0000 -0.9875
vn -0.9876 -0.0000 0.1571
vn 0.4545 -0.0000 -0.8908
vn -0.8919 -0.0000 0.4522
vn 0.4545 -0.0000 -0.8907
vn 0.7064 -0.0000 -0.7078
vn -0.7071 -0.0000 0.7071
vn 0.8904 -0.0000 -0.4551
vn -0.4545 -0.0000 0.8908
vn 0.9875 -0.0000 -0.1573
vn -0.1560 -0.0000 0.9878
vn 0.9876 -0.0000 0.1571
vn 0.1560 -0.0000 0.9878
vn 0.8919 -0.0000 0.4522
vn 0.4545 -0.0000 0.8908
vn 0.7071 -0.0000 0.7071
vn 0.1922 -0.0000 0.9814
vn -0.1922 -0.0000 0.9814
vn 0.1921 -0.0000 0.9814
vn -0.1921 -0.0000 0.9814
vn 0.5584 -0.0000 0.8296
vn -0.5584 -0.0000 0.8296
vn 0.8317 -0.0000 0.5552
vn -0.8317 -0.0000 0.5552
vn 0.9810 -0.0000 0.1939
vn -0.9810 -0.0000 0.1939
vn 0.9805 -0.0000 -0.1966
vn -0.9805 -0.0000 -0.1966
vn 0.8310 -0.0000 -0.5563
vn -0.8310 -0.0000 -0.5563
vn 0.5599 -0.0000 -0.8285
vn -0.5599 -0.0000 -0.8285
vn 0.1922 -0.0000 -0.9814
vn -0.1922 -0.0000 -0.9814
vn 0.3793 -0.0000 0.9253
vn -0.3793 -0.0000 0.9253
vn 0.9254 -0.0000 0.3789
vn -0.9254 -0.0000 0.3789
vn 0.9235 -0.0000 -0.3835
vn 0.3793 -0.0000 -0.9253
vn -0.9235 -0.0000 -0.3835
vn -0.3793 -0.0000 -0.9253
vn 0.6654 0.7465 -0.0000
vn -0.6654 0.7465 -0.0000
vn -0.4655 0.8850 -0.0000
vn -0.6049 0.7963 -0.0000
vn -0.6059 0.7955 -0.0000
vn -0.6059 0.7955 -0.0015
vn -0.9505 0.3107 -0.0024
vn -0.9505 0.3107 -0.0000
vn 0.9687 0.2481 -0.0000
vn 0.6461 0.7633 -0.0000
vn 0.1095 0.9940 -0.0000
vn 0.5628 0.8266 -0.0000
vn 0.7661 0.6427 -0.0000
vn -0.8459 -0.0000 0.5334
vn -0.8459 -0.0000 0.5333
vn -0.8916 -0.1282 0.4343
vn -0.7344 -0.0000 0.6787
vn -0.4236 0.5307 -0.7341
vn -0.4094 0.5202 -0.7495
vn -0.3114 0.5418 -0.7807
vn -0.2962 0.5264 -0.7970
vn -0.9761 0.2172 -0.0000
vn -0.8929 0.1987 0.4041
vn -0.8723 0.3045 0.3826
vn -0.2814 0.4585 0.8430
vn -0.2909 0.4827 0.8261
vn 0.4772 0.8788 -0.0000
vn 0.4669 0.8843 -0.0000
vn 0.6035 0.7974 -0.0000
vn 0.6045 0.7966 -0.0000
vn 0.6045 0.7966 -0.0015
vn 0.9505 0.3107 -0.0024
vn 0.9505 0.3107 -0.0000
vn -0.9687 0.2481 -0.0000
vn -0.6461 0.7633 -0.0000
vn -0.1095 0.9940 -0.0000
vn -0.5628 0.8266 -0.0000
vn -0.7679 0.6405 -0.0000
vn 0.8459 -0.0000 0.5334
vn 0.8459 -0.0000 0.5333
vn 0.8916 -0.1282 0.4343
vn 0.7344 -0.0000 0.6787
vn 0.4102 0.5212 -0.7484
vn 0.4231 0.5308 -0.7344
vn 0.3127 0.5428 -0.7795
vn 0.2958 0.5258 -0.7975
vn 0.9761 0.2172 -0.0000
vn 0.8723 0.3045 0.3826
vn 0.8929 0.1987 0.4041
vn 0.2909 0.4827 0.8261
vn 0.2811 0.4577 0.8435
vn -0.4759 0.8795 -0.0000
vn -0.1086 0.9941 -0.0000
vn -0.1048 0.9945 0.0039
vn -0.1076 0.9939 -0.0256
vn -0.1076 0.9942 -0.0010
vn -0.1322 0.9912 -0.0000
vn -0.1048 0.9941 0.0273
vn 0.7217 0.6922 -0.0000
vn 0.1086 0.9941 -0.0000
vn 0.1076 0.9942 -0.0010
vn 0.1048 0.9945 0.0039
vn 0.1048 0.9941 0.0273
vn 0.1076 0.9939 -0.0256
vn 0.1322 0.9912 -0.0000
vn -0.7217 0.6922 -0.0000
vn 0.5880 -0.5880 0.5555
vn 0.5882 -0.5873 0.5559
vn 0.7074 -0.7063 -0.0250
vn 0.7069 -0.7069 -0.0241
vn 0.6936 -0.6936 0.1943
vn 0.6935 -0.6935 -0.1953
vn 0.5880 -0.5880 -0.5555
vn 0.5882 -0.5873 -0.5559
vn 0.3927 -0.3922 -0.8318
vn 0.3927 -0.3927 -0.8316
vn 0.1398 -0.1398 -0.9803
vn 0.1398 -0.1400 -0.9802
vn -0.1397 0.1398 -0.9803
vn -0.1398 0.1398 -0.9803
vn -0.3925 0.3925 -0.8318
vn -0.5883 0.5882 -0.5549
vn -0.5875 0.5885 -0.5555
vn -0.6928 0.6940 -0.1960
vn -0.6935 0.6935 -0.1953
vn -0.6936 0.6936 0.1943
vn -0.6929 0.6942 0.1950
vn -0.5875 0.5885 0.5554
vn -0.5882 0.5882 0.5549
vn -0.7069 0.7069 -0.0241
vn -0.1353 0.1355 0.9815
vn -0.1355 0.1355 0.9815
vn 0.1355 -0.1356 0.9815
vn 0.1355 -0.1355 0.9815
vn 0.3000 -0.3000 0.9056
vn 0.3000 -0.3000 0.9055
vn -0.7066 -0.7077 -0.0000
vn -0.7076 -0.7066 -0.0005
vn -0.7062 -0.7080 0.0009
vn -0.7069 -0.7073 -0.0002
vn -0.7069 -0.7073 -0.0001
vn -0.7069 -0.7073 -0.0000
vn -0.7069 -0.7074 0.0001
vn -0.7067 -0.7075 0.0004
vn -0.7063 -0.7079 0.0017
vn -0.7073 -0.7069 -0.0000
vn -0.7077 -0.7065 0.0006
vn -0.7074 -0.7068 -0.0001
vn -0.7078 -0.7065 -0.0006
vn -0.7079 -0.7063 -0.0008
vn -0.7076 -0.7066 0.0004
vn -0.3000 0.3000 0.9055
vn -0.3000 0.3000 0.9056
vn -0.5885 -0.5875 0.5555
vn -0.5871 -0.5880 0.5564
vn -0.7064 -0.7074 -0.0250
vn -0.7069 -0.7069 -0.0241
vn -0.6944 -0.6931 0.1936
vn -0.6936 -0.6936 0.1943
vn -0.6935 -0.6935 -0.1953
vn -0.6942 -0.6930 -0.1947
vn -0.5885 -0.5875 -0.5555
vn -0.5871 -0.5880 -0.5564
vn -0.3922 -0.3928 -0.8318
vn -0.3927 -0.3927 -0.8316
vn -0.1398 -0.1398 -0.9803
vn 0.1398 0.1398 -0.9803
vn 0.3925 0.3925 -0.8318
vn 0.5880 0.5880 -0.5555
vn 0.6935 0.6935 -0.1953
vn 0.6936 0.6936 0.1943
vn 0.5880 0.5880 0.5554
vn 0.5880 0.5880 0.5555
vn 0.7069 0.7069 -0.0233
vn 0.7064 0.7074 -0.0241
vn 0.1355 0.1355 0.9815
vn -0.1354 -0.1355 0.9815
vn -0.1355 -0.1355 0.9815
vn -0.3000 -0.3000 0.9056
vn -0.3000 -0.3000 0.9055
vn -0.7077 0.7066 -0.0000
vn -0.7072 0.7070 -0.0002
vn -0.7074 0.7068 -0.0000
vn -0.7073 0.7069 -0.0002
vn -0.7073 0.7069 -0.0001
vn -0.7073 0.7069 -0.0000
vn -0.7074 0.7068 0.0001
vn -0.7075 0.7067 0.0004
vn -0.7079 0.7063 0.0017
vn -0.7069 0.7073 -0.0000
vn -0.7065 0.7077 0.0006
vn -0.7068 0.7074 -0.0001
vn -0.7064 0.7078 -0.0006
vn -0.7073 0.7069 0.0008
vn -0.7057 0.7085 -0.0061
vn 0.3000 0.3004 0.9054
vn 0.3000 0.3000 0.9056
vn -0.5880 0.5871 0.5564
vn -0.7074 0.7063 -0.0250
vn -0.6931 0.6943 0.1936
vn -0.6930 0.6942 -0.1947
vn -0.5880 0.5871 -0.5564
vn -0.3927 0.3922 -0.8318
vn -0.3927 0.3927 -0.8316
vn -0.1399 0.1399 -0.9802
vn -0.1399 0.1397 -0.9803
vn 0.1399 -0.1397 -0.9803
vn 0.1397 -0.1397 -0.9803
vn 0.3925 -0.3925 -0.8318
vn 0.5880 -0.5880 -0.5554
vn 0.6943 -0.6931 0.1936
vn 0.5885 -0.5875 0.5554
vn 0.5877 -0.5878 0.5560
vn 0.1355 -0.1354 0.9815
vn 0.1354 -0.1354 0.9815
vn -0.1356 0.1354 0.9815
vn -0.1356 0.1356 0.9815
vn 0.7077 0.7066 -0.0002
vn 0.7065 0.7077 0.0009
vn 0.7066 0.7076 0.0008
vn 0.7076 0.7066 -0.0032
vn 0.5873 0.5882 0.5559
vn 0.7064 0.7074 -0.0250
vn 0.7063 0.7074 -0.0250
vn 0.5874 0.5882 -0.5559
vn 0.3922 0.3928 -0.8318
vn 0.3927 0.3927 -0.8316
vn -0.3925 -0.3925 -0.8318
vn -0.5880 -0.5880 -0.5554
vn -0.5880 -0.5880 0.5555
vn 0.1354 0.1355 0.9815
vn 0.2997 0.2998 0.9057
vn 0.2998 0.3002 0.9055
vn 0.7077 -0.7066 -0.0000
vn 0.7066 -0.7076 -0.0005
vn 0.7080 -0.7062 0.0009
vn 0.7073 -0.7069 -0.0002
vn 0.7073 -0.7069 -0.0001
vn 0.7073 -0.7069 -0.0000
vn 0.7074 -0.7068 0.0001
vn 0.7075 -0.7067 0.0004
vn 0.7079 -0.7063 0.0017
vn 0.7065 -0.7077 0.0006
vn 0.7068 -0.7074 -0.0001
vn 0.7064 -0.7078 -0.0006
vn 0.7068 -0.7074 -0.0000
vn 0.7062 -0.7080 -0.0028
vn 0.1611 0.3462 0.9242
vn -0.1614 -0.3470 0.9239
vn 0.1616 0.3464 0.9241
vn 0.3907 0.8377 0.3816
vn -0.3895 -0.8373 0.3838
vn -0.3905 -0.8373 0.3828
vn -0.3903 -0.8369 -0.3838
vn -0.3897 -0.8376 -0.3828
vn -0.1614 -0.3470 -0.9239
vn 0.1612 0.3466 -0.9241
vn 0.1614 0.3460 -0.9242
vn 0.3907 0.8377 -0.3816
vn -0.8463 0.4898 0.2094
vn -0.7938 0.6022 0.0853
vn -0.9190 0.3340 0.2092
vn -0.7938 0.6022 -0.0853
vn -0.9716 0.2211 0.0847
vn -0.8463 0.4898 -0.2094
vn -0.9716 0.2211 -0.0847
vn -0.9190 0.3340 -0.2092
vn 0.1614 -0.3470 0.9239
vn -0.1612 0.3466 0.9241
vn 0.3897 -0.8376 0.3828
vn 0.3903 -0.8369 0.3838
vn -0.1614 0.3460 0.9242
vn -0.3907 0.8377 0.3816
vn -0.3907 0.8377 -0.3816
vn -0.1616 0.3464 -0.9241
vn -0.1611 0.3462 -0.9242
vn 0.1614 -0.3470 -0.9239
vn 0.3895 -0.8372 -0.3838
vn 0.3905 -0.8373 -0.3828
vn 0.9191 0.3350 0.2073
vn 0.9712 0.2231 0.0838
vn 0.8470 0.4893 0.2076
vn 0.9712 0.2231 -0.0838
vn 0.7948 0.6009 0.0846
vn 0.9191 0.3350 -0.2073
vn 0.7948 0.6009 -0.0846
vn 0.8470 0.4893 -0.2076
vn 0.0333 -0.3805 0.9242
vn -0.0334 0.3814 0.9238
vn 0.0805 -0.9200 0.3835
vn 0.0784 -0.9213 0.3809
vn -0.0341 0.3804 0.9242
vn -0.0825 0.9199 0.3835
vn -0.0805 0.9211 0.3809
vn -0.0803 0.9200 -0.3835
vn -0.0826 0.9209 -0.3808
vn -0.0343 0.3814 -0.9238
vn -0.0333 0.3804 -0.9242
vn 0.0333 -0.3805 -0.9242
vn 0.0806 -0.9211 -0.3809
vn 0.0784 -0.9202 -0.3835
vn 0.9783 -0.0011 0.2072
vn 0.9888 -0.1212 0.0867
vn 0.9630 0.1723 0.2070
vn 0.9888 -0.1212 -0.0868
vn 0.9526 0.2913 0.0872
vn 0.9783 -0.0011 -0.2072
vn 0.9526 0.2913 -0.0872
vn 0.9630 0.1723 -0.2070
vn 0.1910 -0.3306 0.9242
vn -0.1913 0.3310 0.9240
vn 0.1909 -0.3317 0.9239
vn 0.4609 -0.8010 0.3821
vn -0.1914 0.3304 0.9242
vn -0.4630 0.7992 0.3833
vn -0.4624 0.8001 0.3821
vn -0.4622 0.7997 -0.3833
vn -0.4632 0.7996 -0.3821
vn -0.1916 0.3308 -0.9240
vn -0.1910 0.3306 -0.9242
vn 0.1914 -0.3313 -0.9239
vn 0.1905 -0.3309 -0.9242
vn 0.4609 -0.8010 -0.3821
vn 0.8870 0.4119 0.2087
vn 0.9481 0.3061 0.0865
vn 0.8009 0.5612 0.2087
vn 0.9481 0.3061 -0.0865
vn 0.7397 0.6674 0.0860
vn 0.8870 0.4119 -0.2087
vn 0.7397 0.6674 -0.0860
vn 0.8009 0.5613 -0.2087
vn 0.2707 -0.2699 0.9240
vn -0.2702 0.2694 0.9243
vn 0.2708 -0.2699 0.9240
vn 0.6542 -0.6522 0.3831
vn 0.6532 -0.6552 0.3796
vn -0.2704 0.2704 0.9240
vn -0.6527 0.6527 0.3848
vn -0.6517 0.6557 0.3813
vn -0.6507 0.6547 -0.3847
vn -0.6537 0.6537 -0.3813
vn -0.2699 0.2699 -0.9243
vn -0.2708 0.2699 -0.9240
vn 0.2708 -0.2699 -0.9240
vn 0.6552 -0.6532 -0.3796
vn 0.6522 -0.6542 -0.3830
vn 0.7499 0.6276 0.2092
vn 0.8367 0.5407 0.0868
vn 0.6277 0.7499 0.2089
vn 0.8367 0.5408 -0.0868
vn 0.5422 0.8356 0.0877
vn 0.7500 0.6275 -0.2092
vn 0.5422 0.8356 -0.0877
vn 0.6277 0.7499 -0.2089
vn 0.3897 -0.8376 0.3827
vn 0.1615 -0.3470 -0.9239
vn 0.3895 -0.8373 -0.3838
vn 0.7949 0.6009 -0.0846
vn 0.2699 0.2708 0.9240
vn -0.2699 -0.2708 0.9240
vn 0.2690 0.2707 0.9243
vn 0.6507 0.6547 0.3847
vn 0.6537 0.6537 0.3813
vn -0.2708 -0.2709 0.9237
vn -0.6532 -0.6532 0.3830
vn -0.2704 -0.2704 -0.9240
vn -0.2704 -0.2713 -0.9237
vn 0.2694 0.2703 -0.9243
vn 0.2696 0.2712 -0.9240
vn 0.6517 0.6557 -0.3813
vn 0.6527 0.6527 -0.3848
vn -0.6289 0.7496 0.2063
vn -0.5424 0.8359 0.0844
vn -0.7511 0.6273 0.2060
vn -0.5424 0.8359 -0.0844
vn -0.8358 0.5423 0.0860
vn -0.6289 0.7496 -0.2063
vn -0.8358 0.5423 -0.0860
vn -0.7511 0.6272 -0.2060
vn 0.0989 -0.3691 0.9241
vn -0.0989 0.3691 0.9241
vn 0.2394 -0.8932 0.3807
vn -0.2390 0.8920 0.3837
vn -0.2391 0.8920 0.3837
vn -0.2389 0.8916 -0.3847
vn -0.0996 0.3714 -0.9231
vn 0.0996 -0.3714 -0.9231
vn 0.2393 -0.8928 -0.3817
vn 0.9634 0.1698 0.2074
vn 0.9951 0.0510 0.0841
vn 0.9189 0.3355 0.2076
vn 0.9951 0.0510 -0.0844
vn 0.8873 0.4532 0.0860
vn 0.9635 0.1691 -0.2073
vn 0.8872 0.4532 -0.0863
vn 0.9187 0.3361 -0.2076
vn -0.0982 -0.3693 0.9241
vn 0.0982 0.3693 0.9241
vn -0.2372 -0.8925 0.3837
vn -0.2393 -0.8929 0.3814
vn 0.2373 0.8927 0.3831
vn 0.2394 0.8932 0.3807
vn 0.2390 0.8918 -0.3841
vn 0.2374 0.8933 -0.3817
vn 0.0988 0.3717 -0.9231
vn 0.0988 0.3716 -0.9231
vn -0.0988 -0.3716 -0.9231
vn -0.2373 -0.8930 -0.3824
vn -0.2389 -0.8916 -0.3847
vn 0.9189 -0.3355 0.2076
vn 0.8872 -0.4532 0.0860
vn 0.9634 -0.1698 0.2074
vn 0.8872 -0.4532 -0.0863
vn 0.9951 -0.0510 0.0841
vn 0.9187 -0.3361 -0.2076
vn 0.9951 -0.0510 -0.0844
vn 0.9635 -0.1691 -0.2074
vn 0.1914 0.3304 0.9242
vn -0.1921 -0.3316 0.9237
vn 0.4632 0.7996 0.3821
vn 0.4633 0.7996 0.3821
vn -0.1915 -0.3314 0.9239
vn -0.4621 -0.7997 0.3833
vn -0.4613 -0.7997 0.3842
vn -0.4615 -0.8001 -0.3833
vn -0.4619 -0.7994 -0.3842
vn -0.1917 -0.3318 -0.9237
vn -0.1918 -0.3311 -0.9239
vn 0.1914 0.3304 -0.9242
vn 0.4632 0.7996 -0.3821
vn 0.4633 0.7996 -0.3821
vn -0.8009 0.5612 0.2087
vn -0.7397 0.6674 0.0860
vn -0.8865 0.4130 0.2087
vn -0.7397 0.6674 -0.0860
vn -0.9481 0.3061 0.0855
vn -0.8009 0.5613 -0.2087
vn -0.9481 0.3061 -0.0855
vn -0.8865 0.4130 -0.2087
vn -0.2197 -0.3130 0.9240
vn 0.2197 0.3130 0.9240
vn -0.2187 -0.3127 0.9243
vn -0.5295 -0.7570 0.3829
vn -0.5313 -0.7567 0.3809
vn 0.2187 0.3127 0.9243
vn 0.5299 0.7575 0.3814
vn 0.5304 0.7574 0.3809
vn 0.5303 0.7572 -0.3814
vn 0.5300 0.7577 -0.3809
vn 0.2192 0.3134 -0.9240
vn 0.2193 0.3123 -0.9243
vn -0.2193 -0.3123 -0.9243
vn -0.2192 -0.3134 -0.9240
vn -0.5300 -0.7577 -0.3809
vn -0.5309 -0.7560 -0.3828
vn 0.7487 -0.6299 0.2064
vn 0.6797 -0.7285 0.0858
vn 0.8477 -0.4886 0.2067
vn 0.6797 -0.7285 -0.0858
vn 0.9167 -0.3901 0.0866
vn 0.7487 -0.6299 -0.2064
vn 0.9167 -0.3901 -0.0866
vn 0.8477 -0.4886 -0.2067
vn -0.3306 -0.1911 0.9242
vn 0.3310 0.1913 0.9240
vn -0.3317 -0.1909 0.9239
vn -0.8010 -0.4609 0.3821
vn 0.3316 0.1912 0.9238
vn 0.8001 0.4615 0.3833
vn 0.7994 0.4620 0.3842
vn 0.7997 0.4621 -0.3833
vn 0.7997 0.4613 -0.3842
vn 0.3312 0.1910 -0.9240
vn 0.3314 0.1915 -0.9239
vn -0.3314 -0.1915 -0.9239
vn -0.3309 -0.1904 -0.9242
vn -0.8010 -0.4609 -0.3821
vn 0.4119 -0.8870 0.2087
vn 0.3061 -0.9481 0.0865
vn 0.5627 -0.7999 0.2087
vn 0.3061 -0.9481 -0.0865
vn 0.6673 -0.7396 0.0880
vn 0.4119 -0.8870 -0.2087
vn 0.6673 -0.7395 -0.0880
vn 0.5626 -0.7999 -0.2087
vn -0.3306 0.1911 0.9242
vn 0.3313 -0.1915 0.9239
vn -0.3308 0.1917 0.9240
vn -0.7996 0.4633 0.3821
vn -0.7997 0.4621 0.3833
vn 0.3314 -0.1915 0.9239
vn 0.8001 -0.4624 0.3821
vn 0.8002 -0.4604 0.3842
vn 0.8010 -0.4609 -0.3821
vn 0.7994 -0.4620 -0.3842
vn 0.3313 -0.1915 -0.9239
vn 0.3314 -0.1915 -0.9239
vn -0.3311 0.1913 -0.9240
vn -0.3303 0.1914 -0.9243
vn -0.7992 0.4630 -0.3833
vn -0.8001 0.4624 -0.3821
vn -0.5612 -0.8009 0.2087
vn -0.6674 -0.7397 0.0860
vn -0.4130 -0.8865 0.2087
vn -0.6674 -0.7397 -0.0860
vn -0.3061 -0.9481 0.0855
vn -0.5612 -0.8009 -0.2087
vn -0.3061 -0.9481 -0.0855
vn -0.4130 -0.8865 -0.2087
vn -0.2192 0.3123 0.9243
vn 0.2192 -0.3123 0.9243
vn -0.2192 0.3141 0.9237
vn -0.5290 0.7584 0.3809
vn -0.5299 0.7567 0.3828
vn 0.2192 -0.3134 0.9240
vn 0.5300 -0.7577 0.3809
vn 0.5309 -0.7561 0.3828
vn 0.5314 -0.7567 -0.3808
vn 0.5295 -0.7570 -0.3829
vn 0.2187 -0.3127 -0.9243
vn 0.2197 -0.3130 -0.9240
vn -0.2201 0.3135 -0.9237
vn -0.2183 0.3130 -0.9243
vn -0.5285 0.7577 -0.3829
vn -0.5304 0.7574 -0.3808
vn -0.8477 -0.4886 0.2067
vn -0.9167 -0.3901 0.0866
vn -0.7487 -0.6299 0.2064
vn -0.9167 -0.3901 -0.0866
vn -0.6797 -0.7285 0.0858
vn -0.8477 -0.4886 -0.2067
vn -0.6797 -0.7285 -0.0858
vn -0.7487 -0.6299 -0.2064
vn -0.3305 -0.1910 0.9243
vn 0.3309 0.1913 0.9241
vn -0.3317 -0.1908 0.9239
vn 0.3315 0.1912 0.9239
vn 0.7994 0.4619 0.3842
vn 0.3313 0.1915 -0.9239
vn -0.3310 -0.1904 -0.9242
vn 0.5627 -0.7999 0.2086
vn 0.6673 -0.7396 -0.0880
vn 0.5627 -0.7999 -0.2087
vn -0.1611 -0.3462 0.9242
vn -0.1625 -0.3469 0.9237
vn -0.3923 -0.8370 0.3816
vn -0.3903 -0.8369 0.3838
vn 0.1620 0.3467 0.9239
vn 0.3915 0.8373 0.3816
vn 0.3905 0.8373 0.3827
vn 0.3913 0.8369 -0.3828
vn 0.1617 0.3459 -0.9242
vn 0.1614 0.3470 -0.9239
vn -0.1616 -0.3474 -0.9237
vn -0.1621 -0.3457 -0.9242
vn -0.3919 -0.8361 -0.3838
vn -0.3907 -0.8377 -0.3816
vn 0.8470 -0.4893 0.2076
vn 0.7948 -0.6009 0.0846
vn 0.9191 -0.3350 0.2073
vn 0.7949 -0.6009 -0.0846
vn 0.9712 -0.2231 0.0838
vn 0.8470 -0.4893 -0.2076
vn 0.9712 -0.2231 -0.0838
vn 0.9191 -0.3350 -0.2073
vn -0.1626 -0.3470 0.9237
vn -0.3923 -0.8369 0.3816
vn 0.1621 0.3467 0.9239
vn 0.3916 0.8373 0.3816
vn 0.3905 0.8373 0.3828
vn 0.3906 0.8377 -0.3816
vn 0.3914 0.8369 -0.3828
vn 0.1615 0.3470 -0.9238
vn -0.1617 -0.3474 -0.9237
vn 0.7948 -0.6010 0.0846
vn 0.9192 -0.3349 0.2073
vn 0.7948 -0.6009 -0.0846
vn 0.9712 -0.2232 0.0838
vn 0.0332 0.3805 0.9242
vn -0.0332 -0.3804 0.9242
vn 0.0342 0.3815 0.9238
vn 0.0824 0.9209 0.3811
vn 0.0805 0.9201 0.3833
vn -0.0333 -0.3805 0.9242
vn -0.0806 -0.9211 0.3809
vn -0.0784 -0.9202 0.3835
vn -0.0784 -0.9213 -0.3809
vn -0.0805 -0.9200 -0.3835
vn -0.0333 -0.3804 -0.9242
vn -0.0333 -0.3805 -0.9242
vn 0.0333 0.3815 -0.9238
vn 0.0340 0.3805 -0.9242
vn 0.0823 0.9200 -0.3833
vn 0.0806 0.9210 -0.3811
vn -0.9636 0.1694 0.2070
vn -0.9529 0.2914 0.0843
vn -0.9783 -0.0011 0.2072
vn -0.9529 0.2914 -0.0843
vn -0.9888 -0.1212 0.0867
vn -0.9636 0.1694 -0.2070
vn -0.9888 -0.1212 -0.0868
vn -0.9783 -0.0011 -0.2072
vn -0.3307 -0.1910 0.9242
vn 0.7997 0.4622 -0.3833
vn 0.7998 0.4613 -0.3842
vn 0.3311 0.1910 -0.9240
vn -0.3316 -0.1909 0.9239
vn -0.8010 -0.4608 0.3820
vn 0.7993 0.4620 0.3842
vn 0.3314 0.1915 -0.9238
vn -0.3314 -0.1915 -0.9238
vn 0.8007 -0.4607 -0.3831
vn 0.7990 -0.4617 -0.3852
vn 0.3335 -0.1927 -0.9228
vn -0.3331 0.1925 -0.9230
vn -0.3326 0.1926 -0.9232
vn -0.7988 0.4628 -0.3843
vn -0.7998 0.4622 -0.3831
vn -0.6675 -0.7397 0.0860
vn -0.6674 -0.7397 -0.0863
vn -0.5618 -0.8005 -0.2087
vn -0.3061 -0.9481 -0.0858
vn -0.4124 -0.8868 -0.2087
vn -0.1615 0.3470 0.9239
vn 0.1616 -0.3474 0.9237
vn -0.1618 0.3459 0.9242
vn -0.3913 0.8369 0.3828
vn 0.1621 -0.3457 0.9242
vn 0.3919 -0.8361 0.3838
vn 0.3907 -0.8377 0.3816
vn 0.3903 -0.8369 -0.3838
vn 0.3923 -0.8370 -0.3816
vn 0.1626 -0.3469 -0.9237
vn 0.1610 -0.3462 -0.9243
vn -0.1610 0.3462 -0.9243
vn -0.1621 0.3467 -0.9239
vn -0.3915 0.8373 -0.3816
vn -0.3905 0.8373 -0.3828
vn -0.9190 -0.3340 0.2092
vn -0.9716 -0.2211 0.0847
vn -0.8463 -0.4898 0.2094
vn -0.9716 -0.2211 -0.0847
vn -0.7938 -0.6022 0.0853
vn -0.9190 -0.3340 -0.2092
vn -0.7938 -0.6022 -0.0853
vn -0.8463 -0.4898 -0.2094
vn -0.0984 0.3692 0.9241
vn 0.0984 -0.3692 0.9241
vn -0.2379 0.8933 0.3814
vn -0.2392 0.8922 0.3831
vn 0.0982 -0.3695 0.9240
vn 0.2375 -0.8937 0.3807
vn 0.2396 -0.8918 0.3837
vn 0.2398 -0.8926 -0.3817
vn 0.2371 -0.8921 -0.3847
vn 0.0988 -0.3716 -0.9231
vn 0.0990 -0.3718 -0.9230
vn -0.0989 0.3716 -0.9231
vn -0.0990 0.3716 -0.9231
vn -0.2376 0.8922 -0.3841
vn -0.2392 0.8925 -0.3824
vn -0.9631 -0.1688 0.2094
vn -0.9949 -0.0510 0.0872
vn -0.9192 -0.3335 0.2096
vn -0.9949 -0.0510 -0.0874
vn -0.8873 -0.4532 0.0860
vn -0.9633 -0.1682 -0.2093
vn -0.8872 -0.4532 -0.0863
vn -0.9189 -0.3341 -0.2096
vn 0.0992 0.3693 0.9240
vn -0.0991 -0.3690 0.9241
vn 0.0990 0.3691 0.9241
vn 0.2391 0.8920 0.3837
vn 0.2396 0.8921 0.3831
vn -0.0992 -0.3690 0.9241
vn -0.2399 -0.8930 0.3807
vn -0.2393 -0.8928 -0.3817
vn -0.2397 -0.8924 -0.3824
vn -0.0998 -0.3714 -0.9231
vn 0.0998 0.3714 -0.9231
vn 0.0996 0.3717 -0.9230
vn 0.2394 0.8914 -0.3847
vn -0.9192 0.3335 0.2096
vn -0.8872 0.4532 0.0860
vn -0.9631 0.1689 0.2094
vn -0.8872 0.4532 -0.0863
vn -0.9949 0.0510 0.0872
vn -0.9189 0.3341 -0.2096
vn -0.9949 0.0510 -0.0874
vn -0.9633 0.1682 -0.2093
vn 0.1615 0.3464 0.9241
vn -0.1616 -0.3470 0.9238
vn -0.7937 0.6022 0.0853
vn -0.9190 0.3341 -0.2092
vn -0.1615 -0.3470 0.9239
vn -0.3905 -0.8373 0.3827
vn -0.1614 0.3470 0.9239
vn -0.1617 0.3459 0.9242
vn -0.3913 0.8369 0.3827
vn 0.1611 -0.3462 -0.9242
vn -0.7937 -0.6023 0.0853
vn 0.3470 0.1614 0.9239
vn -0.3466 -0.1612 0.9241
vn 0.8376 0.3897 0.3827
vn 0.8369 0.3903 0.3838
vn -0.3460 -0.1614 0.9243
vn -0.8377 -0.3907 0.3816
vn -0.8377 -0.3907 -0.3816
vn -0.3464 -0.1615 -0.9241
vn -0.3462 -0.1611 -0.9243
vn 0.3470 0.1614 -0.9239
vn 0.8372 0.3895 -0.3838
vn 0.8373 0.3904 -0.3827
vn -0.3350 0.9191 0.2073
vn -0.2231 0.9712 0.0838
vn -0.4893 0.8470 0.2076
vn -0.2232 0.9712 -0.0838
vn -0.6009 0.7948 0.0846
vn -0.3349 0.9191 -0.2073
vn -0.6009 0.7948 -0.0846
vn -0.4893 0.8470 -0.2076
vn -0.3465 -0.1612 0.9241
vn 0.8377 0.3897 0.3827
vn -0.3461 -0.1614 0.9242
vn -0.3465 -0.1615 -0.9240
vn -0.3462 -0.1610 -0.9242
vn -0.2231 0.9712 -0.0838
vn -0.3350 0.9191 -0.2073
vn 0.3690 0.0991 0.9241
vn -0.3690 -0.0991 0.9241
vn 0.8928 0.2398 0.3814
vn 0.8932 0.2394 0.3807
vn -0.3694 -0.0990 0.9240
vn -0.8922 -0.2391 0.3831
vn -0.8918 -0.2396 0.3837
vn -0.8917 -0.2395 -0.3841
vn -0.8916 -0.2390 -0.3847
vn -0.3715 -0.0996 -0.9231
vn -0.3716 -0.0998 -0.9230
vn 0.3714 0.0998 -0.9231
vn 0.8926 0.2398 -0.3818
vn 0.8925 0.2392 -0.3824
vn -0.1689 0.9631 0.2094
vn -0.0510 0.9949 0.0872
vn -0.3335 0.9192 0.2096
vn -0.0510 0.9949 -0.0874
vn -0.4532 0.8872 0.0860
vn -0.1682 0.9633 -0.2094
vn -0.4532 0.8872 -0.0863
vn -0.3341 0.9189 -0.2096
vn 0.3695 -0.0984 0.9240
vn -0.3692 0.0984 0.9241
vn 0.3693 -0.0981 0.9241
vn 0.8925 -0.2372 0.3837
vn 0.8930 -0.2399 0.3807
vn -0.3693 0.0984 0.9241
vn -0.8926 0.2378 0.3831
vn -0.8929 0.2393 0.3814
vn -0.8918 0.2390 -0.3841
vn -0.8929 0.2378 -0.3824
vn -0.3716 0.0990 -0.9231
vn 0.3716 -0.0990 -0.9231
vn 0.3720 -0.0988 -0.9230
vn 0.8933 -0.2374 -0.3818
vn 0.8915 -0.2394 -0.3847
vn 0.3335 0.9192 0.2096
vn 0.4532 0.8872 0.0860
vn 0.1689 0.9631 0.2094
vn 0.4532 0.8872 -0.0863
vn 0.0510 0.9949 0.0872
vn 0.3341 0.9189 -0.2096
vn 0.0510 0.9949 -0.0874
vn 0.1682 0.9633 -0.2094
vn 0.3462 -0.1611 0.9242
vn -0.3462 0.1611 0.9242
vn 0.3470 -0.1626 0.9237
vn 0.8369 -0.3923 0.3816
vn 0.8369 -0.3903 0.3838
vn -0.8381 0.3899 0.3816
vn -0.8381 0.3908 0.3805
vn -0.8377 0.3907 -0.3816
vn -0.8385 0.3901 -0.3805
vn -0.3461 0.1611 -0.9243
vn -0.3462 0.1610 -0.9242
vn 0.3474 -0.1616 -0.9237
vn 0.3458 -0.1620 -0.9242
vn 0.8361 -0.3919 -0.3838
vn 0.8377 -0.3907 -0.3816
vn 0.4890 0.8474 0.2066
vn 0.6000 0.7956 0.0841
vn 0.3343 0.9195 0.2066
vn 0.5999 0.7956 -0.0841
vn 0.2236 0.9710 0.0843
vn 0.4890 0.8474 -0.2066
vn 0.2236 0.9710 -0.0843
vn 0.3343 0.9195 -0.2066
vn 0.3462 -0.1611 0.9243
vn 0.3469 -0.1626 0.9237
vn -0.3462 0.1610 0.9242
vn -0.8384 0.3901 -0.3806
vn 0.3473 -0.1616 -0.9237
vn 0.4891 0.8474 0.2066
vn 0.5999 0.7956 0.0841
vn 0.1615 -0.3470 0.9239
vn -0.1614 0.3461 0.9242
vn -0.3906 0.8377 -0.3816
vn -0.3306 0.1910 0.9242
vn 0.8002 -0.4605 0.3842
vn 0.3314 -0.1915 -0.9238
vn 0.3312 -0.1915 -0.9239
vn -0.3310 0.1913 -0.9240
vn -0.3304 0.1914 -0.9242
vn -0.5613 -0.8009 0.2087
vn -0.6675 -0.7397 -0.0860
vn -0.3309 0.1917 0.9240
vn 0.8003 -0.4604 0.3842
vn -0.3305 0.1914 -0.9242
vn -0.2758 -0.0000 0.9612
vn -0.2016 -0.1636 0.9657
vn 0.2016 -0.1636 0.9657
vn 0.2758 -0.0000 0.9612
vn -0.2763 -0.9611 -0.0000
vn -0.1644 -0.9864 -0.0026
vn -0.1644 -0.9864 -0.0000
vn -0.1635 -0.9865 -0.0000
vn -0.0734 -0.9973 -0.0000
vn -0.0734 -0.9973 0.0007
vn -0.0717 -0.9974 -0.0000
vn 0.0502 -0.9987 -0.0000
vn 0.0499 -0.9988 -0.0000
vn 0.1883 -0.9821 -0.0000
vn 0.0499 -0.9988 0.0005
vn 0.1873 -0.9823 -0.0000
vn 0.1873 -0.9823 -0.0046
vn 0.1791 -0.9838 -0.0000
vn 0.1886 -0.9821 -0.0000
vn 0.5300 -0.8480 -0.0000
vn 0.1823 -0.9832 0.0009
vn 0.1886 -0.9821 0.0009
vn 0.0496 -0.9988 -0.0000
vn -0.0729 -0.9973 -0.0000
vn 0.5418 -0.8405 -0.0000
vn 0.8462 -0.5329 -0.0000
vn 0.8383 -0.5452 -0.0000
vn 0.1905 -0.9817 -0.0000
vn 0.8383 -0.5451 -0.0000
vn 0.1901 -0.9797 0.0630
vn 0.1816 -0.9813 0.0630
vn 0.5411 -0.8394 0.0512
vn 0.3740 -0.9272 -0.0183
vn 0.8383 -0.5452 -0.0042
vn 0.8614 -0.5078 0.0149
vn 1.0000 -0.0001 -0.0050
vn 1.0000 -0.0000 -0.0030
vn 1.0000 -0.0052 -0.0030
vn 1.0000 -0.0079 -0.0000
vn 1.0000 -0.0053 -0.0037
vn 0.8614 -0.5080 -0.0032
vn 0.9997 -0.0236 -0.0019
vn 0.9998 -0.0210 -0.0019
vn 0.9997 -0.0236 -0.0000
vn 0.8821 -0.4710 0.0035
vn 0.3734 -0.9266 0.0441
vn 0.9998 -0.0210 -0.0035
vn 0.8822 -0.4709 -0.0030
vn 0.9993 -0.0367 -0.0016
vn 0.9993 -0.0367 -0.0000
vn 0.9989 -0.0472 -0.0014
vn 0.9990 -0.0446 -0.0014
vn 0.9993 -0.0367 -0.0025
vn 0.8927 -0.4507 -0.0022
vn 0.8927 -0.4507 0.0021
vn 0.8779 -0.4787 -0.0122
vn 0.4809 -0.8760 0.0364
vn 0.4802 -0.8746 0.0672
vn 0.5632 -0.8262 0.0133
vn 0.5623 -0.8249 0.0571
vn 0.5539 -0.8325 0.0103
vn 0.1939 -0.9773 0.0856
vn 0.1940 -0.9781 0.0751
vn 0.0494 -0.9953 0.0829
vn 0.2342 -0.9674 0.0963
vn 0.2344 -0.9689 0.0796
vn 0.0568 -0.9941 0.0920
vn 0.0567 -0.9927 0.1060
vn 0.2570 -0.9660 0.0281
vn 0.2562 -0.9628 0.0858
vn 0.3042 -0.9516 0.0436
vn 0.0847 -0.9897 0.1153
vn 0.0848 -0.9920 0.0940
vn -0.0745 -0.9930 0.0920
vn 0.0866 -0.9950 0.0502
vn 0.0863 -0.9918 0.0944
vn 0.1105 -0.9922 0.0581
vn -0.1104 -0.9922 0.0581
vn -0.0726 -0.9933 0.0897
vn -0.0866 -0.9950 0.0502
vn -0.0863 -0.9918 0.0944
vn -0.3047 -0.9514 0.0437
vn -0.0899 -0.9893 0.1153
vn -0.0901 -0.9913 0.0956
vn -0.0743 -0.9911 0.1101
vn -0.2570 -0.9660 0.0280
vn -0.2561 -0.9627 0.0875
vn -0.5539 -0.8325 0.0101
vn -0.2268 -0.9686 0.1015
vn -0.2271 -0.9706 0.0793
vn -0.5632 -0.8262 0.0131
vn -0.5623 -0.8250 0.0564
vn -0.8775 -0.4794 -0.0125
vn -0.1768 -0.9803 0.0884
vn -0.1768 -0.9807 0.0839
vn -0.4832 -0.8747 0.0363
vn -0.4824 -0.8732 0.0689
vn -0.1623 -0.9843 0.0700
vn -0.1630 -0.9866 -0.0011
vn -0.1640 -0.9840 0.0699
vn -0.1644 -0.9864 -0.0011
vn -0.3693 -0.9291 -0.0202
vn -0.3686 -0.9285 0.0443
vn -0.1668 -0.9860 -0.0000
vn -0.5411 -0.8394 0.0512
vn -0.5418 -0.8405 -0.0000
vn -0.5300 -0.8480 -0.0000
vn -0.8472 -0.5312 -0.0000
vn -0.8394 -0.5435 -0.0000
vn -0.8614 -0.5078 0.0149
vn -0.8394 -0.5435 -0.0034
vn -0.8614 -0.5080 -0.0035
vn -0.8827 -0.4699 0.0034
vn -1.0000 -0.0052 -0.0040
vn -1.0000 -0.0053 -0.0040
vn -1.0000 -0.0000 -0.0020
vn -1.0000 -0.0052 -0.0000
vn -1.0000 -0.0052 -0.0019
vn -0.9997 -0.0236 -0.0019
vn -0.9998 -0.0210 -0.0000
vn -0.9997 -0.0236 -0.0031
vn -0.8827 -0.4698 -0.0028
vn -0.8927 -0.4507 0.0021
vn -0.8927 -0.4507 -0.0022
vn -0.9993 -0.0367 -0.0016
vn -0.9998 -0.0210 -0.0016
vn -0.9993 -0.0367 -0.0025
vn -0.9994 -0.0341 -0.0000
vn -0.9990 -0.0446 -0.0014
vn -0.9994 -0.0341 -0.0014
vn -0.9990 -0.0446 -0.0000
vn -0.9913 -0.0000 0.1314
vn -0.9916 -0.0027 0.1296
vn -0.9121 -0.0025 0.4099
vn -0.9122 -0.0027 0.4097
vn -0.8568 -0.0026 0.5157
vn -0.8567 -0.0034 0.5159
vn -0.8564 -0.0034 0.5163
vn -0.9121 -0.0000 0.4099
vn -0.8567 -0.0000 0.5159
vn -0.8560 -0.0000 0.5170
vn -0.8511 -0.5107 0.1216
vn -0.8562 -0.0000 0.5166
vn -0.8025 -0.3327 0.4953
vn -0.8018 -0.3325 0.4966
vn -0.7577 -0.4182 0.5011
vn -0.7635 -0.4214 0.4893
vn -0.7400 -0.4579 0.4927
vn -0.7437 -0.4602 0.4850
vn -0.7431 -0.4619 0.4842
vn -0.7826 -0.4864 0.3886
vn -0.7892 -0.4796 0.3836
vn -0.8478 -0.5152 0.1255
vn -0.8575 -0.5145 -0.0000
vn -1.0000 -0.0000 -0.0028
vn -0.9899 -0.1417 0.0017
vn -0.8471 -0.5315 0.0001
vn -0.9881 -0.1535 -0.0114
vn -0.9983 -0.0579 -0.0000
vn -0.9871 -0.1602 -0.0037
vn -0.8483 -0.5296 -0.0000
vn -0.8482 -0.5295 -0.0144
vn -0.5290 -0.8486 -0.0000
vn -0.5289 -0.8487 -0.0000
vn -0.3596 -0.9331 -0.0015
vn -1.0000 -0.0000 0.0054
vn -0.8417 -0.5400 -0.0001
vn -0.9615 -0.2745 0.0131
vn -0.8418 -0.5398 -0.0006
vn -0.9665 -0.2567 -0.0094
vn -0.9681 -0.2505 -0.0023
vn -0.8472 -0.5312 0.0024
vn -0.5289 -0.8487 -0.0006
vn -0.5300 -0.8480 -0.0003
vn -0.3537 -0.9353 0.0125
vn -0.8483 -0.5296 0.0001
vn -0.8483 -0.5296 0.0006
vn -0.8471 -0.5315 -0.0000
vn -0.3448 -0.9387 0.0025
vn -0.3602 -0.9329 -0.0023
vn -0.1648 -0.9863 -0.0000
vn -0.1227 -0.9924 -0.0013
vn -0.1645 -0.9864 -0.0000
vn -0.1649 -0.9863 -0.0000
vn -0.1085 -0.9941 -0.0012
vn -0.1627 -0.9867 -0.0000
vn -0.1648 -0.9863 0.0021
vn -0.1627 -0.9867 0.0021
vn -0.0716 -0.9974 0.0001
vn -0.0717 -0.9974 0.0001
vn -0.0716 -0.9974 -0.0000
vn -0.0716 -0.9974 0.0056
vn 0.0501 -0.9987 0.0001
vn 0.0502 -0.9987 0.0001
vn 0.0501 -0.9987 -0.0000
vn 0.1900 -0.9818 -0.0000
vn 0.1883 -0.9821 0.0002
vn 0.0501 -0.9987 0.0058
vn 0.0502 -0.9987 0.0056
vn 0.1835 -0.9830 0.0002
vn 0.1791 -0.9838 0.0010
vn 0.3537 -0.9353 0.0125
vn 0.5300 -0.8480 -0.0003
vn 0.5289 -0.8487 -0.0006
vn 0.8462 -0.5329 0.0024
vn 0.8417 -0.5400 -0.0001
vn 0.1221 -0.9925 -0.0017
vn 0.9598 -0.2804 0.0134
vn 0.9649 -0.2625 -0.0093
vn 0.9665 -0.2565 -0.0024
vn 0.8472 -0.5312 -0.0000
vn 0.8471 -0.5315 -0.0000
vn 1.0000 -0.0000 0.0055
vn 0.8416 -0.5401 -0.0000
vn 0.8472 -0.5312 0.0006
vn 0.9861 -0.1661 -0.0039
vn 0.5289 -0.8487 -0.0000
vn 0.9871 -0.1597 -0.0113
vn 0.5290 -0.8486 -0.0000
vn 0.3618 -0.9323 -0.0022
vn 0.3448 -0.9387 0.0025
vn 0.1743 -0.9847 -0.0000
vn 0.1743 -0.9847 0.0001
vn 0.2878 -0.9577 -0.0042
vn 0.1757 -0.9844 -0.0000
vn 0.3612 -0.9325 -0.0015
vn 0.1900 -0.9818 -0.0037
vn 0.1743 -0.9847 -0.0037
vn 0.1841 -0.9829 0.0062
vn 0.1838 -0.9808 0.0648
vn 1.0000 -0.0000 -0.0029
vn 0.9890 -0.1479 0.0019
vn 0.9983 -0.0579 -0.0000
vn 0.9911 -0.0000 0.1331
vn 0.8554 -0.5178 -0.0128
vn 0.5155 -0.8568 -0.0128
vn 0.8490 -0.5139 0.1228
vn 0.9128 -0.0000 0.4084
vn 0.8492 -0.5137 0.1226
vn 0.7900 -0.4780 0.3839
vn 0.9121 -0.0000 0.4099
vn 0.7821 -0.4861 0.3899
vn 0.7431 -0.4619 0.4842
vn 0.9121 -0.0027 0.4099
vn 0.7437 -0.4602 0.4850
vn 0.8567 -0.0000 0.5159
vn 0.7433 -0.4600 0.4857
vn 0.8571 -0.0026 0.5152
vn 0.8571 -0.0034 0.5152
vn 0.8562 -0.0000 0.5166
vn 0.8563 -0.0034 0.5165
vn 0.7580 -0.4184 0.5003
vn 0.8559 -0.0068 0.5171
vn 0.7633 -0.4213 0.4897
vn 0.8556 -0.0000 0.5177
vn 0.8557 -0.0068 0.5175
vn 0.7948 -0.3231 0.5137
vn 0.8563 -0.0068 0.5165
vn 0.8047 -0.3271 0.4955
vn 0.8565 -0.0069 0.5161
vn -0.2763 -0.9610 0.0146
vn -0.2800 -0.9598 0.0173
vn -0.2803 -0.9585 0.0514
vn -0.9887 -0.0000 0.1496
vn -0.8916 -0.0000 0.4528
vn -0.8910 -0.0019 0.4540
vn -0.2903 -0.9549 0.0625
vn -0.8298 -0.0018 0.5581
vn -0.2903 -0.9540 0.0749
vn -0.8298 -0.0019 0.5581
vn -0.2870 -0.9551 0.0736
vn -0.8281 -0.0019 0.5606
vn -0.2870 -0.9552 0.0723
vn -0.8278 -0.0040 0.5611
vn -0.2834 -0.9564 0.0706
vn -0.8279 -0.0040 0.5608
vn -0.2834 -0.9564 0.0708
vn -0.8276 -0.0064 0.5613
vn -0.2723 -0.9601 0.0646
vn -0.2723 -0.9602 0.0629
vn -0.8281 -0.0064 0.5605
vn -0.8265 -0.0000 0.5629
vn -0.1643 -0.9596 0.2282
vn -0.1612 -0.9416 0.2957
vn -0.1634 -0.9436 0.2879
vn -0.1592 -0.9452 0.2851
vn -0.1701 -0.9439 0.2831
vn -0.1590 -0.9453 0.2849
vn -0.1599 -0.9442 0.2878
vn -0.1580 -0.9610 0.2267
vn -0.1614 -0.9597 0.2301
vn -0.4913 -0.8093 0.3220
vn -0.4808 -0.8210 0.3078
vn -0.5136 -0.8525 0.0974
vn -0.4654 -0.7948 0.3893
vn -0.5131 -0.8529 0.0969
vn -0.1619 -0.9845 0.0671
vn -0.5155 -0.8568 -0.0138
vn -0.5290 -0.8486 -0.0010
vn -0.1616 -0.9869 -0.0003
vn -0.1613 -0.9847 0.0666
vn -0.4645 -0.7954 0.3894
vn -0.1514 -0.9476 0.2813
vn -0.1707 -0.9436 0.2837
vn -0.1607 -0.9454 0.2835
vn -0.4363 -0.8122 0.3873
vn -0.4379 -0.8152 0.3791
vn -0.1634 -0.9464 0.2786
vn -0.3770 -0.8499 0.3682
vn -0.3794 -0.8553 0.3528
vn -0.1601 -0.9452 0.2844
vn -0.1631 -0.9442 0.2861
vn -0.1600 -0.9449 0.2855
vn -0.1614 -0.9468 0.2783
vn -0.1610 -0.9447 0.2855
vn -0.1616 -0.9463 0.2801
vn -0.1638 -0.9445 0.2848
vn -0.1600 -0.9448 0.2859
vn -0.1634 -0.9446 0.2846
vn -0.1613 -0.9448 0.2853
vn -0.1613 -0.9450 0.2844
vn -0.0785 -0.9573 0.2783
vn -0.0899 -0.9564 0.2779
vn -0.0835 -0.9569 0.2781
vn -0.0836 -0.9583 0.2732
vn -0.0901 -0.9580 0.2723
vn -0.0941 -0.9569 0.2747
vn -0.0714 -0.9589 0.2746
vn -0.0787 -0.9606 0.2664
vn 0.0821 -0.9579 0.2750
vn 0.0961 -0.9536 0.2853
vn 0.0757 -0.9591 0.2727
vn 0.0820 -0.9568 0.2789
vn 0.0698 -0.9593 0.2735
vn 0.0755 -0.9570 0.2799
vn 0.0699 -0.9613 0.2666
vn 0.1831 -0.9385 0.2928
vn 0.3848 -0.8519 0.3552
vn 0.3847 -0.8518 0.3557
vn 0.1727 -0.9422 0.2872
vn 0.4380 -0.8110 0.3879
vn 0.1745 -0.9408 0.2905
vn 0.4397 -0.8140 0.3795
vn 0.1726 -0.9415 0.2895
vn 0.1745 -0.9410 0.2900
vn 0.1715 -0.9419 0.2887
vn 0.4631 -0.7930 0.3959
vn 0.1732 -0.9413 0.2898
vn 0.4646 -0.7955 0.3890
vn 0.1731 -0.9506 0.2577
vn 0.1748 -0.9502 0.2580
vn 0.1714 -0.9542 0.2453
vn 0.1607 -0.9454 0.2835
vn 0.1837 -0.9444 0.2728
vn 0.1707 -0.9436 0.2837
vn 0.2225 -0.9300 0.2926
vn 0.2187 -0.9306 0.2936
vn 0.0612 -0.9591 0.2763
vn 0.1824 -0.9298 0.3197
vn 0.1514 -0.9476 0.2813
vn 0.4654 -0.7947 0.3896
vn 0.1599 -0.9442 0.2878
vn 0.1535 -0.9401 0.3045
vn 0.1683 -0.9339 0.3153
vn 0.1665 -0.9130 0.3725
vn 0.4806 -0.8208 0.3087
vn 0.1743 -0.9556 0.2377
vn 0.1723 -0.9561 0.2372
vn 0.4904 -0.8099 0.3217
vn 0.1774 -0.9556 0.2351
vn 0.5126 -0.8533 0.0955
vn 0.5131 -0.8529 0.0960
vn 0.1787 -0.9815 0.0684
vn 0.1822 -0.9810 0.0663
vn 0.1848 -0.9805 0.0665
vn 0.1794 -0.9521 0.2475
vn 0.0485 -0.9716 0.2314
vn 0.0624 -0.9777 0.2003
vn -0.0727 -0.9771 0.1999
vn 0.0498 -0.9970 0.0594
vn 0.0501 -0.9970 0.0587
vn -0.0695 -0.9759 0.2070
vn -0.0710 -0.9957 0.0594
vn -0.1593 -0.9627 0.2187
vn -0.1629 -0.9844 0.0667
vn -0.0708 -0.9957 0.0597
vn -0.1611 -0.9849 0.0639
vn -0.0709 -0.9975 0.0040
vn -0.1614 -0.9869 0.0043
vn 0.2772 -0.9608 -0.0000
vn 0.2771 -0.9607 0.0157
vn 0.2792 -0.9601 0.0172
vn 0.9887 -0.0000 0.1496
vn 0.2795 -0.9588 0.0504
vn 0.8916 -0.0000 0.4528
vn 0.8910 -0.0019 0.4540
vn 0.2903 -0.9549 0.0625
vn 0.8298 -0.0018 0.5581
vn 0.2903 -0.9540 0.0749
vn 0.8298 -0.0019 0.5581
vn 0.2870 -0.9551 0.0736
vn 0.2870 -0.9551 0.0729
vn 0.8276 -0.0019 0.5613
vn 0.2834 -0.9565 0.0697
vn 0.8277 -0.0020 0.5612
vn 0.2834 -0.9563 0.0717
vn 0.8274 -0.0020 0.5617
vn 0.2723 -0.9602 0.0628
vn 0.8285 -0.0064 0.5599
vn 0.2723 -0.9602 0.0629
vn 0.8281 -0.0064 0.5605
vn 0.8265 -0.0000 0.5629
vn -0.7126 -0.0000 0.7016
vn -0.9999 -0.0000 -0.0109
vn -0.0217 -0.0000 0.9998
vn -0.7035 -0.0000 -0.7107
vn -0.0218 -0.0000 0.9998
vn 0.6942 -0.0000 0.7198
vn 0.0217 -0.0000 -0.9998
vn 0.7144 -0.0000 -0.6998
vn 0.9999 -0.0000 0.0143
vn -0.7144 -0.0000 0.6998
vn -0.9999 -0.0000 -0.0108
vn -0.6924 -0.0000 -0.7215
vn 0.7053 -0.0000 0.7089
vn 0.9999 -0.0000 0.0146
vn 0.7126 -0.0000 -0.7016
vn -0.0001 -1.0000 0.0051
vn -0.0011 -1.0000 0.0026
vn -0.0036 -1.0000 0.0035
vn -0.0035 -1.0000 -0.0036
vn -0.0037 -1.0000 0.0036
vn -0.0035 -1.0000 -0.0037
vn 0.6921 -0.0000 0.7218
vn 0.9999 -0.0000 0.0145
vn 0.7120 -0.0000 -0.7022
vn 0.0245 -0.0000 -0.9997
vn -0.7047 -0.0000 -0.7095
vn -0.9999 -0.0000 -0.0149
vn -0.7285 -0.0000 0.6851
vn 0.1947 -0.9581 0.2099
vn -0.0000 -0.9576 0.2881
vn 0.2839 -0.9588 0.0041
vn -0.2100 -0.9575 0.1975
vn 0.2014 -0.9591 -0.1986
vn -0.2874 -0.9578 -0.0043
vn 0.0069 -0.9595 -0.2818
vn -0.2037 -0.9587 -0.1985
vn 0.0003 -1.0000 0.0015
vn -0.0011 -1.0000 0.0019
vn -0.0049 -1.0000 0.0014
vn -0.0028 -1.0000 0.0039
vn -0.0022 -1.0000 0.0038
vn -0.0006 -1.0000 0.0040
vn 0.8581 -0.0095 0.5134
vn 0.9627 0.0050 -0.2707
vn 0.8569 -0.0071 0.5155
vn 0.9617 -0.0000 -0.2742
vn 0.5109 -0.0000 -0.8597
vn 0.2211 -0.0134 0.9752
vn 0.2215 -0.0137 0.9751
vn -0.5108 -0.0121 0.8596
vn -0.5108 -0.0122 0.8596
vn -0.9607 -0.0039 0.2776
vn -0.9623 -0.0000 0.2719
vn -0.8565 -0.0000 -0.5161
vn -0.2212 -0.0000 -0.9752
vn -0.2211 -0.0000 -0.9752
vn 0.7126 -0.0000 0.7016
vn 0.0217 -0.0000 0.9998
vn 0.9999 -0.0000 -0.0146
vn 0.0218 -0.0000 0.9998
vn -0.6942 -0.0000 0.7198
vn 0.7053 -0.0000 -0.7089
vn -0.0217 -0.0000 -0.9998
vn -0.0218 -0.0000 -0.9998
vn -0.7135 -0.0011 -0.7007
vn -0.7125 -0.0000 -0.7016
vn -0.9999 -0.0000 0.0143
vn 0.7144 -0.0000 0.6998
vn 0.9999 -0.0000 -0.0143
vn -0.7053 -0.0000 0.7089
vn 0.6942 -0.0000 -0.7198
vn -0.9999 -0.0000 0.0146
vn -0.7117 -0.0011 -0.7025
vn -0.7107 -0.0000 -0.7035
vn 0.0036 -1.0000 0.0035
vn 0.0011 -1.0000 0.0026
vn 0.0001 -1.0000 0.0051
vn 0.0037 -1.0000 0.0036
vn 0.0036 -1.0000 -0.0036
vn 0.0036 -1.0000 0.0036
vn 0.0035 -1.0000 -0.0036
vn 0.0036 -1.0000 -0.0037
vn 0.0006 -1.0000 0.0040
vn 0.0022 -1.0000 0.0038
vn 0.0028 -1.0000 0.0039
vn -0.0003 -1.0000 0.0015
vn 0.0011 -1.0000 0.0019
vn 0.0049 -1.0000 0.0014
vn -0.8569 -0.0071 0.5155
vn -0.8581 -0.0095 0.5134
vn -0.2211 -0.0134 0.9752
vn -0.9627 0.0050 -0.2707
vn -0.2215 -0.0137 0.9751
vn -0.9617 -0.0000 -0.2742
vn -0.5109 -0.0000 -0.8597
vn 0.5108 -0.0121 0.8596
vn 0.5108 -0.0122 0.8596
vn 0.9607 -0.0039 0.2776
vn 0.9623 -0.0000 0.2719
vn 0.8565 -0.0000 -0.5161
vn 0.2212 -0.0000 -0.9752
vn 0.2211 -0.0000 -0.9752
vn 0.7144 -0.0000 -0.6997
vn -0.9999 -0.0000 -0.0145
vn -0.7145 -0.0000 0.6997
vn -0.2044 -0.9582 0.2002
vn 0.2024 -0.9590 -0.1982
vn -0.2875 -0.9578 -0.0042
vn -0.7120 -0.0000 0.7022
vn -0.2040 -0.9581 0.2011
vn -0.7261 -0.0000 0.6876
vn -0.2096 -0.9574 0.1985
vn 0.2014 -0.9591 -0.1987
vn 0.7047 -0.0000 0.7095
vn 0.9999 -0.0000 0.0149
vn -0.0293 -0.0000 0.9996
vn -0.0294 -0.0000 0.9996
vn 0.1997 -0.9576 0.2077
vn -0.0086 -0.9566 0.2912
vn 0.2839 -0.9588 0.0042
vn -0.2072 -0.9567 0.2043
vn 0.7023 -0.0000 0.7119
vn 0.7022 -0.0000 0.7119
vn 1.0000 -0.0000 0.0099
vn 0.7169 -0.0000 -0.6972
vn 0.0244 -0.0000 -0.9997
vn 0.1988 -0.9577 0.2081
vn 0.2834 -0.9590 0.0028
vn 0.2028 -0.9591 -0.1972
vn 0.7261 -0.0000 -0.6876
vn -0.7022 -0.0000 -0.7119
vn -1.0000 -0.0000 -0.0099
vn 0.1991 -0.9593 0.2005
vn -0.0130 -0.9587 0.2840
vn 0.2820 -0.9594 0.0090
vn -0.2049 -0.9580 0.2007
vn 0.2044 -0.9595 -0.1936
vn -0.2852 -0.9585 0.0019
vn -0.0047 -0.9592 -0.2827
vn -0.2008 -0.9583 -0.2035
vn -1.0000 -0.0000 -0.0097
vn 0.1968 -0.9587 0.2053
vn -0.0047 -0.9582 0.2862
vn 0.2821 -0.9594 0.0088
vn 0.1998 -0.9601 -0.1957
vn 0.0022 -0.9600 -0.2800
vn -0.1981 -0.9594 -0.2009
vn -0.7023 -0.0000 -0.7119
vn -0.7169 -0.0000 0.6972
vn 0.2821 -0.9594 0.0087
vn -0.2053 -0.9581 0.1997
vn 0.1989 -0.9602 -0.1961
vn -0.6897 -0.0000 -0.7241
vn -0.7144 -0.0000 0.6997
vn -0.0244 -0.0000 0.9997
vn -0.0116 -0.9589 0.2835
vn -0.1959 -0.9588 -0.2057
vn 0.6895 -0.0000 0.7242
vn 0.6895 -0.0000 0.7243
vn 0.7120 -0.0000 -0.7021
vn 0.0294 -0.0000 -0.9996
vn 0.0293 -0.0000 -0.9996
vn -0.7262 -0.0000 0.6875
vn 0.1964 -0.9586 0.2063
vn -0.0047 -0.9578 0.2873
vn -0.2097 -0.9574 0.1985
vn -0.2853 -0.9584 0.0019
vn 0.0035 -0.9601 -0.2795
vn -0.1985 -0.9595 -0.1999
vn 0.7046 -0.0000 0.7096
vn -0.6896 -0.0000 -0.7242
vn -0.7168 -0.0000 0.6973
vn -0.0243 -0.0000 0.9997
vn -0.2054 -0.9581 0.1997
vn 0.7072 -0.0000 0.7071
vn 0.7071 -0.0000 0.7072
vn -0.7284 -0.0000 0.6851
vn 0.2027 -0.9580 0.2027
vn 0.2822 -0.9593 0.0090
vn -0.2853 -0.9585 0.0019
vn -0.1986 -0.9595 -0.1999
vn 0.7145 -0.0000 -0.6997
vn -1.0000 -0.0000 -0.0100
vn 0.2017 -0.9581 0.2031
vn -0.0046 -0.9582 0.2862
vn -0.1982 -0.9594 -0.2009
vn 0.7121 -0.0000 -0.7021
vn 0.2821 -0.9593 0.0087
vn 0.7285 -0.0000 -0.6851
vn 0.1987 -0.9592 0.2014
vn -0.0131 -0.9588 0.2839
vn 0.2825 -0.9592 0.0076
vn 0.2054 -0.9594 -0.1931
vn 0.6897 -0.0000 0.7241
vn 1.0000 -0.0000 0.0097
vn 0.1964 -0.9586 0.2062
vn 0.2826 -0.9592 0.0074
vn 0.2008 -0.9600 -0.1953
vn 0.2826 -0.9592 0.0073
vn 0.7168 -0.0000 -0.6972
vn -0.0245 -0.0000 0.9997
vn 0.1986 -0.9592 0.2014
vn -0.0116 -0.9589 0.2834
vn 0.6871 -0.0000 0.7266
vn 0.6870 -0.0000 0.7266
vn 0.7145 -0.0000 -0.6996
vn 0.1959 -0.9585 0.2072
vn 0.7022 -0.0000 0.7120
vn 1.0000 -0.0000 0.0100
vn 0.1987 -0.9591 0.2014
vn 0.2023 -0.9579 0.2037
vn 0.2827 -0.9592 0.0076
vn 0.7168 -0.0000 -0.6973
vn 0.2013 -0.9580 0.2041
vn 0.2007 -0.9600 -0.1953
vn 0.6896 -0.0000 0.7242
vn 0.0978 -0.9952 -0.0000
vn 0.0971 -0.9862 0.1343
vn 0.0969 -0.9861 0.1346
vn 0.2879 -0.9482 0.1347
vn 0.0972 -0.9891 -0.1102
vn 0.0974 -0.9891 -0.1105
vn 0.2878 -0.9482 0.1347
vn 0.4668 -0.8740 0.1346
vn 0.2887 -0.9510 -0.1105
vn 0.4670 -0.8740 0.1343
vn 0.6289 -0.7658 0.1344
vn 0.4684 -0.8766 -0.1104
vn 0.4683 -0.8767 -0.1102
vn 0.6288 -0.7658 0.1344
vn 0.6346 -0.7729 -0.0000
vn 0.7658 -0.6289 0.1345
vn 0.6307 -0.7681 -0.1102
vn 0.6308 -0.7681 -0.1103
vn 0.7658 -0.6288 0.1344
vn 0.7729 -0.6346 -0.0000
vn 0.8738 -0.4673 0.1343
vn 0.7681 -0.6307 -0.1103
vn 0.7681 -0.6308 -0.1102
vn 0.8740 -0.4671 0.1340
vn 0.9484 -0.2874 0.1340
vn 0.8766 -0.4684 -0.1102
vn 0.8765 -0.4687 -0.1099
vn 0.9482 -0.2878 0.1347
vn 0.9861 -0.0971 0.1346
vn 0.9511 -0.2887 -0.1099
vn 0.9512 -0.2882 -0.1105
vn 0.9862 -0.0969 0.1343
vn 0.9952 -0.0978 -0.0000
vn 0.9862 0.0971 0.1343
vn 0.9891 -0.0972 -0.1104
vn 0.9891 -0.0974 -0.1102
vn 0.9861 0.0969 0.1346
vn 0.9952 0.0978 -0.0000
vn 0.9483 0.2873 0.1347
vn 0.9891 0.0972 -0.1102
vn 0.9891 0.0974 -0.1105
vn 0.9483 0.2879 0.1340
vn 0.8739 0.4673 0.1340
vn 0.9510 0.2887 -0.1105
vn 0.9512 0.2882 -0.1099
vn 0.8740 0.4670 0.1343
vn 0.7658 0.6289 0.1344
vn 0.8766 0.4685 -0.1099
vn 0.8765 0.4687 -0.1102
vn 0.7658 0.6288 0.1344
vn 0.7729 0.6346 -0.0000
vn 0.6289 0.7658 0.1345
vn 0.7681 0.6307 -0.1102
vn 0.7681 0.6308 -0.1103
vn 0.6288 0.7658 0.1344
vn 0.4669 0.8741 0.1343
vn 0.6307 0.7681 -0.1103
vn 0.6308 0.7681 -0.1102
vn 0.4670 0.8739 0.1346
vn 0.2879 0.9482 0.1347
vn 0.4684 0.8766 -0.1102
vn 0.4682 0.8767 -0.1104
vn 0.2878 0.9482 0.1347
vn 0.0971 0.9861 0.1346
vn 0.2887 0.9510 -0.1105
vn 0.0969 0.9862 0.1343
vn -0.0971 0.9862 0.1343
vn 0.0972 0.9891 -0.1105
vn 0.0974 0.9891 -0.1102
vn -0.0969 0.9861 0.1346
vn -0.2879 0.9482 0.1347
vn -0.0972 0.9891 -0.1102
vn -0.0974 0.9891 -0.1105
vn -0.2878 0.9482 0.1347
vn -0.4668 0.8740 0.1346
vn -0.2887 0.9510 -0.1105
vn -0.4670 0.8740 0.1343
vn -0.6289 0.7658 0.1344
vn -0.4684 0.8766 -0.1104
vn -0.4683 0.8767 -0.1102
vn -0.6288 0.7658 0.1344
vn -0.6346 0.7729 -0.0000
vn -0.7658 0.6289 0.1345
vn -0.6307 0.7681 -0.1102
vn -0.6308 0.7681 -0.1103
vn -0.7658 0.6288 0.1344
vn -0.7729 0.6346 -0.0000
vn -0.8741 0.4669 0.1343
vn -0.7681 0.6307 -0.1103
vn -0.7681 0.6308 -0.1102
vn -0.8739 0.4670 0.1346
vn -0.9482 0.2879 0.1347
vn -0.8766 0.4684 -0.1102
vn -0.8767 0.4682 -0.1104
vn -0.9482 0.2878 0.1347
vn -0.9861 0.0971 0.1346
vn -0.9510 0.2887 -0.1105
vn -0.9862 0.0969 0.1343
vn -0.9862 -0.0971 0.1343
vn -0.9891 0.0972 -0.1104
vn -0.9891 0.0974 -0.1102
vn -0.9861 -0.0969 0.1346
vn -0.9482 -0.2879 0.1347
vn -0.9891 -0.0972 -0.1102
vn -0.9891 -0.0974 -0.1105
vn -0.9482 -0.2878 0.1347
vn -0.8740 -0.4668 0.1346
vn -0.9510 -0.2887 -0.1105
vn -0.8740 -0.4670 0.1343
vn -0.7658 -0.6289 0.1344
vn -0.8766 -0.4684 -0.1104
vn -0.8767 -0.4683 -0.1102
vn -0.7658 -0.6288 0.1344
vn -0.6289 -0.7658 0.1345
vn -0.7681 -0.6307 -0.1102
vn -0.7681 -0.6308 -0.1103
vn -0.6288 -0.7658 0.1344
vn -0.6346 -0.7729 -0.0000
vn -0.4669 -0.8741 0.1343
vn -0.6307 -0.7681 -0.1103
vn -0.6308 -0.7681 -0.1102
vn -0.4670 -0.8739 0.1346
vn -0.2879 -0.9482 0.1347
vn -0.4684 -0.8766 -0.1102
vn -0.4682 -0.8767 -0.1104
vn -0.2878 -0.9482 0.1347
vn -0.0971 -0.9861 0.1346
vn -0.0969 -0.9862 0.1343
vn -0.2887 -0.9510 -0.1105
vn -0.0978 -0.9952 -0.0000
vn -0.0972 -0.9891 -0.1105
vn -0.0974 -0.9891 -0.1102
vn 0.7112 0.7029 -0.0103
vn 0.7071 0.7070 -0.0122
vn 0.7115 0.7024 -0.0206
vn 0.7112 0.7026 -0.0231
vn 0.7048 0.7092 -0.0177
vn 0.7095 0.7046 -0.0117
vn 0.7039 0.7102 -0.0133
vn -0.5756 0.5756 0.5808
vn -0.5954 0.5955 0.5394
vn -0.5955 0.5954 0.5393
vn -0.4678 0.4677 0.7499
vn -0.4678 0.4677 0.7500
vn -0.6708 0.6708 -0.3164
vn -0.2120 0.2120 0.9540
vn 0.7071 -0.7071 -0.0002
vn 0.7080 -0.7063 -0.0003
vn 0.7062 -0.7080 -0.0003
vn 0.7038 0.7104 0.0061
vn 0.6973 0.7168 0.0078
vn 0.7038 0.7103 0.0114
vn 0.7002 0.7138 0.0168
vn 0.7053 0.7089 -0.0000
vn 0.7107 0.7035 0.0007
vn 0.7051 0.7091 -0.0008
vn 0.7065 0.7077 -0.0001
vn 0.7060 0.7082 0.0009
vn 0.7073 0.7069 0.0003
vn 0.7065 0.7077 -0.0000
vn 0.7071 0.7071 0.0003
vn 0.7064 0.7078 -0.0000
vn 0.7064 -0.7078 0.0005
vn 0.7071 -0.7071 0.0004
vn 0.7078 -0.7064 0.0005
vn 0.6458 0.6458 -0.4072
vn 0.6506 0.6431 -0.4039
vn 0.6494 0.6506 -0.3936
vn 0.3809 0.9243 0.0262
vn 0.2328 0.9725 -0.0000
vn 0.2721 0.8770 0.3960
vn 0.2623 0.8752 0.4064
vn 0.2324 0.9725 0.0144
vn 0.1332 0.9911 -0.0000
vn -0.7029 -0.7112 -0.0103
vn -0.7070 -0.7071 -0.0122
vn -0.7024 -0.7115 -0.0206
vn -0.7025 -0.7114 -0.0219
vn -0.7092 -0.7048 -0.0177
vn -0.7046 -0.7095 -0.0117
vn -0.7102 -0.7039 -0.0133
vn -0.7104 -0.7038 0.0061
vn -0.7168 -0.6973 0.0078
vn -0.7103 -0.7038 0.0114
vn -0.7130 -0.7010 0.0157
vn -0.7090 -0.7053 -0.0000
vn -0.7035 -0.7107 0.0007
vn -0.7091 -0.7051 -0.0008
vn -0.7077 -0.7065 -0.0001
vn -0.7082 -0.7060 0.0009
vn -0.7079 -0.7063 -0.0000
vn -0.7078 -0.7064 -0.0000
vn -0.6465 -0.6451 -0.4072
vn -0.6433 -0.6508 -0.4033
vn -0.6498 -0.6498 -0.3944
vn -0.9744 -0.2247 -0.0000
vn -0.9246 -0.3799 0.0275
vn -0.8752 -0.2623 0.4064
vn -0.8770 -0.2720 0.3960
vn -0.2258 0.2257 -0.9477
vn -0.2257 0.2257 -0.9477
vn -0.0002 -0.0000 -1.0000
vn 0.0002 -0.0000 -1.0000
vn -0.9911 -0.1332 -0.0000
vn -0.9744 -0.2244 0.0133
vn -0.0062 0.0062 -1.0000
vn 0.0077 0.0077 -0.9999
vn -0.0140 -0.0015 -0.9999
vn 0.7080 -0.7062 -0.0062
vn 0.7071 -0.7071 -0.0063
vn 0.7071 -0.7071 -0.0062
vn 0.7062 -0.7080 -0.0063
vn -0.7281 -0.6854 -0.0070
vn -0.7330 -0.6802 -0.0038
vn -0.7243 -0.6895 -0.0000
vn -0.7215 -0.6923 -0.0069
vn 0.6924 0.7215 -0.0069
vn 0.6895 0.7243 -0.0000
vn 0.6854 0.7281 -0.0070
vn 0.6802 0.7330 -0.0038
vn 0.7029 -0.7112 -0.0103
vn 0.7071 -0.7071 -0.0122
vn 0.7024 -0.7115 -0.0207
vn 0.7026 -0.7112 -0.0229
vn 0.7085 -0.7055 -0.0180
vn 0.7033 -0.7108 -0.0114
vn 0.7102 -0.7039 -0.0133
vn 0.5756 0.5756 0.5808
vn 0.5954 0.5954 0.5394
vn 0.4678 0.4677 0.7499
vn 0.4680 0.4656 0.7511
vn 0.6708 0.6708 -0.3164
vn 0.2125 0.2115 0.9540
vn 0.2125 0.2136 0.9535
vn -0.7071 -0.7071 -0.0002
vn -0.7074 -0.7068 -0.0002
vn -0.7080 -0.7062 -0.0000
vn -0.7080 -0.7063 -0.0003
vn -0.7071 -0.7071 -0.0001
vn -0.7090 -0.7052 -0.0000
vn -0.7090 -0.7052 0.0001
vn 0.7070 -0.7072 -0.0002
vn 0.7070 -0.7073 -0.0001
vn 0.7104 -0.7038 0.0062
vn 0.7168 -0.6972 0.0079
vn 0.7103 -0.7038 0.0114
vn 0.7137 -0.7003 0.0167
vn 0.7066 -0.7076 -0.0011
vn 0.7078 -0.7064 -0.0000
vn 0.7069 -0.7073 0.0003
vn 0.7071 -0.7071 0.0003
vn -0.7078 -0.7064 0.0005
vn -0.7071 -0.7071 0.0004
vn -0.7076 -0.7067 0.0003
vn 0.6458 -0.6458 -0.4072
vn 0.6431 -0.6506 -0.4039
vn 0.6506 -0.6495 -0.3936
vn 0.9243 -0.3807 0.0265
vn 0.9729 -0.2311 -0.0000
vn 0.8770 -0.2720 0.3960
vn 0.8752 -0.2623 0.4064
vn 0.9729 -0.2307 0.0142
vn 0.9911 -0.1332 -0.0000
vn -0.7112 0.7029 -0.0103
vn -0.7071 0.7071 -0.0122
vn -0.7115 0.7024 -0.0207
vn -0.7114 0.7025 -0.0219
vn -0.7055 0.7085 -0.0180
vn -0.7108 0.7033 -0.0113
vn -0.7039 0.7102 -0.0133
vn -0.7070 0.7072 0.0002
vn -0.7069 0.7074 -0.0000
vn -0.7071 0.7071 -0.0002
vn -0.7038 0.7104 0.0061
vn -0.6973 0.7168 0.0078
vn -0.7038 0.7103 0.0114
vn -0.7010 0.7130 0.0157
vn -0.7053 0.7089 -0.0002
vn -0.7092 0.7050 0.0006
vn -0.7064 0.7078 -0.0000
vn -0.7056 0.7086 0.0020
vn -0.7078 0.7064 -0.0000
vn -0.7062 0.7080 -0.0003
vn -0.7071 0.7071 -0.0003
vn -0.6460 0.6460 -0.4066
vn -0.6508 0.6433 -0.4033
vn -0.6498 0.6498 -0.3944
vn -0.2247 0.9744 -0.0000
vn -0.3799 0.9246 0.0275
vn -0.2626 0.8753 0.4062
vn -0.2721 0.8770 0.3961
vn 0.2258 0.2257 -0.9477
vn -0.1332 0.9911 -0.0000
vn -0.2244 0.9744 0.0133
vn 0.0062 0.0062 -1.0000
vn 0.0077 -0.0077 -0.9999
vn -0.0015 0.0140 -0.9999
vn -0.7062 -0.7080 -0.0062
vn -0.7080 -0.7062 -0.0065
vn -0.7071 -0.7071 -0.0062
vn -0.6854 0.7281 -0.0070
vn -0.6802 0.7330 -0.0038
vn -0.6895 0.7243 -0.0000
vn -0.6924 0.7215 -0.0069
vn 0.7215 -0.6923 -0.0069
vn 0.7243 -0.6895 -0.0000
vn 0.7281 -0.6854 -0.0070
vn 0.7330 -0.6802 -0.0038
vn -0.7112 -0.7029 -0.0103
vn -0.7115 -0.7024 -0.0208
vn -0.7112 -0.7026 -0.0229
vn -0.7062 -0.7078 -0.0184
vn -0.7120 -0.7021 -0.0110
vn -0.7039 -0.7102 -0.0133
vn 0.5756 -0.5756 0.5808
vn 0.5954 -0.5955 0.5394
vn 0.5955 -0.5954 0.5393
vn 0.4678 -0.4677 0.7499
vn 0.4677 -0.4677 0.7500
vn 0.6708 -0.6708 -0.3164
vn 0.2126 -0.2125 0.9538
vn 0.2124 -0.2125 0.9538
vn -0.7068 0.7074 -0.0002
vn -0.7062 0.7080 -0.0000
vn -0.7074 0.7068 -0.0002
vn -0.7080 0.7062 -0.0000
vn -0.7071 0.7071 -0.0001
vn -0.7071 0.7071 0.0001
vn -0.7070 -0.7072 -0.0001
vn -0.7038 -0.7104 0.0062
vn -0.6972 -0.7168 0.0079
vn -0.7038 -0.7103 0.0114
vn -0.7003 -0.7137 0.0167
vn -0.7073 -0.7069 -0.0002
vn -0.7053 -0.7089 -0.0005
vn -0.7092 -0.7050 0.0006
vn -0.7064 -0.7078 -0.0000
vn -0.7070 -0.7072 0.0001
vn -0.7076 0.7067 0.0003
vn -0.7071 0.7071 0.0004
vn -0.7066 0.7076 0.0003
vn -0.6467 -0.6453 -0.4066
vn -0.6506 -0.6431 -0.4039
vn -0.6494 -0.6506 -0.3936
vn -0.3807 -0.9243 0.0265
vn -0.2311 -0.9729 -0.0000
vn -0.2721 -0.8770 0.3961
vn -0.2626 -0.8753 0.4062
vn -0.2307 -0.9729 0.0142
vn -0.1332 -0.9911 -0.0000
vn 0.7029 0.7112 -0.0103
vn 0.7024 0.7115 -0.0208
vn 0.7025 0.7114 -0.0219
vn 0.7078 0.7062 -0.0184
vn 0.7020 0.7120 -0.0110
vn 0.7102 0.7039 -0.0133
vn 0.7072 0.7070 -0.0001
vn 0.7071 0.7071 -0.0002
vn 0.7104 0.7038 0.0062
vn 0.7168 0.6972 0.0079
vn 0.7103 0.7038 0.0114
vn 0.7130 0.7010 0.0157
vn 0.7069 0.7073 -0.0002
vn 0.7089 0.7053 -0.0005
vn 0.7050 0.7092 0.0006
vn 0.7072 0.7070 0.0001
vn 0.7078 0.7064 -0.0000
vn 0.7077 0.7065 -0.0000
vn 0.7063 0.7079 -0.0000
vn 0.6453 0.6467 -0.4066
vn 0.6431 0.6506 -0.4039
vn 0.6506 0.6495 -0.3936
vn 0.9744 0.2247 -0.0000
vn 0.9246 0.3799 0.0275
vn 0.8753 0.2626 0.4061
vn 0.8770 0.2721 0.3961
vn 0.2258 -0.2257 -0.9477
vn 0.2257 -0.2257 -0.9477
vn 0.9911 0.1332 -0.0000
vn 0.9744 0.2244 0.0133
vn 0.0062 -0.0062 -1.0000
vn -0.0077 -0.0078 -0.9999
vn 0.0140 0.0015 -0.9999
vn -0.7071 0.7071 -0.0062
vn -0.7062 0.7080 -0.0063
vn -0.7080 0.7062 -0.0062
vn -0.7071 0.7071 -0.0063
vn 0.7281 0.6854 -0.0070
vn 0.7330 0.6802 -0.0038
vn 0.7243 0.6895 -0.0000
vn 0.7215 0.6923 -0.0069
vn -0.6924 -0.7215 -0.0069
vn -0.6895 -0.7243 -0.0000
vn -0.6854 -0.7281 -0.0070
vn -0.6802 -0.7330 -0.0038
vn -0.7029 0.7112 -0.0103
vn -0.7024 0.7115 -0.0207
vn -0.7026 0.7112 -0.0231
vn -0.7085 0.7055 -0.0180
vn -0.7033 0.7108 -0.0113
vn -0.7102 0.7039 -0.0133
vn -0.5756 -0.5756 0.5808
vn -0.5954 -0.5954 0.5394
vn -0.4669 -0.4668 0.7511
vn -0.4662 -0.4711 0.7488
vn -0.6708 -0.6708 -0.3164
vn -0.2119 -0.2142 0.9535
vn -0.2121 -0.2109 0.9542
vn 0.7062 0.7080 -0.0003
vn 0.7068 0.7074 -0.0002
vn 0.7062 0.7080 -0.0000
vn 0.7052 0.7090 -0.0001
vn 0.7052 0.7090 -0.0000
vn 0.7071 0.7071 0.0001
vn -0.7072 0.7070 0.0002
vn -0.7074 0.7069 -0.0000
vn -0.7104 0.7038 0.0061
vn -0.7168 0.6973 0.0078
vn -0.7103 0.7038 0.0114
vn -0.7138 0.7002 0.0168
vn -0.7069 0.7073 -0.0002
vn -0.7090 0.7053 -0.0002
vn -0.7053 0.7089 0.0002
vn -0.7070 0.7073 -0.0002
vn -0.7086 0.7056 0.0020
vn -0.7080 0.7062 -0.0003
vn 0.7066 0.7076 0.0003
vn 0.7071 0.7071 0.0004
vn 0.7064 0.7078 0.0005
vn -0.6433 0.6508 -0.4033
vn -0.9243 0.3809 0.0262
vn -0.9725 0.2328 -0.0000
vn -0.8770 0.2721 0.3961
vn -0.8753 0.2626 0.4061
vn -0.9725 0.2324 0.0144
vn -0.9911 0.1332 -0.0000
vn 0.7112 -0.7029 -0.0103
vn 0.7115 -0.7024 -0.0207
vn 0.7114 -0.7025 -0.0219
vn 0.7055 -0.7085 -0.0180
vn 0.7108 -0.7033 -0.0113
vn 0.7039 -0.7102 -0.0133
vn 0.7072 -0.7070 -0.0002
vn 0.7073 -0.7070 -0.0001
vn 0.7038 -0.7104 0.0062
vn 0.6972 -0.7168 0.0079
vn 0.7038 -0.7103 0.0114
vn 0.7010 -0.7130 0.0157
vn 0.7076 -0.7066 -0.0011
vn 0.7064 -0.7078 -0.0000
vn 0.7075 -0.7068 0.0005
vn 0.7058 -0.7084 -0.0000
vn 0.7079 -0.7063 0.0006
vn 0.6465 -0.6451 -0.4072
vn 0.6504 -0.6429 -0.4045
vn 0.6491 -0.6514 -0.3929
vn 0.2247 -0.9744 -0.0000
vn 0.3799 -0.9246 0.0275
vn 0.2623 -0.8752 0.4064
vn 0.2721 -0.8770 0.3960
vn -0.2258 -0.2257 -0.9477
vn 0.1332 -0.9911 -0.0000
vn 0.2244 -0.9744 0.0133
vn -0.0062 -0.0062 -1.0000
vn -0.0078 0.0078 -0.9999
vn 0.0015 -0.0140 -0.9999
vn 0.7071 0.7071 -0.0062
vn 0.7062 0.7080 -0.0062
vn 0.7080 0.7062 -0.0065
vn 0.6854 -0.7281 -0.0070
vn 0.6802 -0.7330 -0.0038
vn 0.6895 -0.7243 -0.0000
vn 0.6924 -0.7215 -0.0069
vn -0.7215 0.6923 -0.0069
vn -0.7243 0.6895 -0.0000
vn -0.7281 0.6854 -0.0070
vn -0.7330 0.6802 -0.0038
vn -0.6105 0.6105 0.5046
vn 0.7067 0.7067 -0.0328
vn 0.7097 0.7041 -0.0238
vn 0.7079 0.7061 -0.0168
vn -0.7067 -0.7067 -0.0328
vn -0.7041 -0.7097 -0.0238
vn -0.7061 -0.7079 -0.0169
vn 0.7071 -0.7071 0.0001
vn 0.6649 0.7461 0.0355
vn 0.6697 0.7420 0.0306
vn 0.6646 0.7464 0.0338
vn -0.9137 -0.3651 0.1786
vn 0.6021 0.7966 -0.0545
vn 0.3679 0.9126 0.1784
vn -0.7464 -0.6646 0.0338
vn -0.7419 -0.6699 0.0306
vn -0.7467 -0.6641 0.0363
vn -0.7984 -0.5997 -0.0544
vn 0.6938 0.6938 0.1934
vn 0.9991 -0.0182 -0.0383
vn 0.7071 0.7071 -0.0066
vn -0.6947 -0.6927 0.1938
vn -0.0880 -0.9961 -0.0051
vn -0.7060 -0.7060 -0.0550
vn 0.6110 0.7916 -0.0000
vn -0.7916 -0.6110 -0.0000
vn -0.6104 -0.6104 0.5047
vn -0.7071 -0.7071 0.0001
vn 0.7078 0.7064 -0.0001
vn 0.7071 0.7071 -0.0001
vn -0.7067 0.7067 -0.0329
vn -0.7041 0.7097 -0.0240
vn -0.7062 0.7078 -0.0168
vn 0.7067 -0.7067 -0.0327
vn 0.7097 -0.7041 -0.0237
vn 0.7079 -0.7061 -0.0168
vn -0.7461 0.6648 0.0356
vn -0.7419 0.6698 0.0305
vn -0.7465 0.6645 0.0338
vn 0.3651 -0.9137 0.1786
vn -0.7966 0.6021 -0.0545
vn -0.9126 0.3676 0.1786
vn 0.6646 -0.7464 0.0339
vn 0.6698 -0.7419 0.0307
vn 0.6643 -0.7466 0.0363
vn 0.5996 -0.7984 -0.0543
vn -0.6938 0.6938 0.1934
vn 0.0182 0.9991 -0.0383
vn -0.7061 0.7081 -0.0067
vn 0.6937 -0.6937 0.1938
vn 0.9961 -0.0879 -0.0051
vn 0.7060 -0.7060 -0.0549
vn -0.7917 0.6109 -0.0001
vn 0.6111 -0.7915 0.0001
vn 0.6104 -0.6104 0.5048
vn 0.7071 -0.7071 0.0002
vn -0.7097 -0.7041 -0.0239
vn -0.7078 -0.7062 -0.0167
vn 0.7041 0.7097 -0.0239
vn 0.7062 0.7078 -0.0168
vn -0.6649 -0.7461 0.0355
vn -0.6697 -0.7420 0.0307
vn -0.6646 -0.7465 0.0339
vn 0.9136 0.3653 0.1784
vn -0.6020 -0.7966 -0.0544
vn -0.3676 -0.9126 0.1786
vn 0.7465 0.6646 0.0339
vn 0.7420 0.6697 0.0307
vn 0.7465 0.6645 0.0360
vn 0.7984 0.5996 -0.0543
vn -0.6947 -0.6928 0.1934
vn -0.9991 0.0182 -0.0383
vn -0.7081 -0.7061 -0.0065
vn 0.6928 0.6947 0.1934
vn 0.0876 0.9961 -0.0051
vn 0.7050 0.7070 -0.0549
vn -0.6110 -0.7916 -0.0000
vn 0.7916 0.6110 -0.0000
vn 0.6104 0.6104 0.5047
vn -0.7064 -0.7078 -0.0001
vn 0.7041 -0.7097 -0.0237
vn 0.7062 -0.7078 -0.0167
vn -0.7097 0.7041 -0.0240
vn -0.7079 0.7061 -0.0169
vn 0.7462 -0.6648 0.0358
vn 0.7419 -0.6698 0.0307
vn 0.7464 -0.6646 0.0339
vn -0.3658 0.9135 0.1780
vn 0.7966 -0.6020 -0.0544
vn 0.9127 -0.3675 0.1788
vn -0.6645 0.7465 0.0338
vn -0.6697 0.7420 0.0306
vn -0.6647 0.7463 0.0357
vn -0.5997 0.7984 -0.0544
vn -0.0182 -0.9991 -0.0383
vn 0.7071 -0.7071 -0.0065
vn -0.6948 0.6928 0.1931
vn -0.9961 0.0877 -0.0052
vn -0.7070 0.7050 -0.0550
vn 0.7915 -0.6111 0.0001
vn -0.6109 0.7917 -0.0001
vn 0.1529 -0.0000 0.9882
vn -0.1529 -0.0000 0.9882
vn 0.4559 -0.0000 0.8900
vn -0.4559 -0.0000 0.8900
vn 0.7089 -0.0000 0.7053
vn -0.7089 -0.0000 0.7053
vn 0.8892 -0.0000 0.4574
vn -0.8892 -0.0000 0.4574
vn 0.9879 -0.0000 0.1550
vn -0.9879 -0.0000 0.1550
vn 0.9876 -0.0000 -0.1570
vn -0.9876 -0.0000 -0.1570
vn 0.8915 -0.0000 -0.4530
vn -0.8915 -0.0000 -0.4530
vn 0.7034 -0.0000 -0.7107
vn -0.7034 -0.0000 -0.7107
vn 0.7034 -0.0000 -0.7108
vn -0.7034 -0.0000 -0.7108
vn 0.4574 -0.0000 -0.8893
vn -0.4574 -0.0000 -0.8893
vn 0.4573 -0.0000 -0.8893
vn -0.4573 -0.0000 -0.8893
vn 0.1511 -0.0000 -0.9885
vn -0.1511 -0.0000 -0.9885
vt 0.184400 -0.218100
vt 0.190700 -0.218100
vt 0.184400 -0.215600
vt 0.184400 -0.220800
vt 0.190700 -0.215600
vt 0.190700 -0.220800
vt 0.184400 -0.213200
vt 0.184400 -0.223200
vt 0.190700 -0.213200
vt 0.190700 -0.223200
vt 0.184400 -0.210500
vt 0.184400 -0.225900
vt 0.190700 -0.210500
vt 0.190700 -0.225900
vt 0.184400 -0.208100
vt 0.184400 -0.228300
vt 0.190700 -0.208100
vt 0.190700 -0.228300
vt 0.184400 -0.205600
vt 0.184400 -0.230800
vt 0.190700 -0.205600
vt 0.190700 -0.230800
vt 0.184400 -0.202900
vt 0.184400 -0.233500
vt 0.190700 -0.202900
vt 0.190700 -0.233500
vt 0.184400 -0.200500
vt 0.184400 -0.235900
vt 0.190700 -0.200500
vt 0.184400 -0.197800
vt 0.190700 -0.197800
vt 0.190700 -0.235900
vt 0.184400 -0.238300
vt 0.190700 -0.238300
vt 0.176100 -0.186600
vt 0.177500 -0.188800
vt 0.175600 -0.184100
vt 0.177500 -0.179500
vt 0.176100 -0.181700
vt 0.179700 -0.190200
vt 0.182200 -0.177800
vt 0.179700 -0.178300
vt 0.182200 -0.190700
vt 0.184600 -0.190200
vt 0.186800 -0.179500
vt 0.184600 -0.178300
vt 0.186800 -0.188800
vt 0.188800 -0.184100
vt 0.188300 -0.186600
vt 0.188300 -0.181700
vt 0.302300 -0.996300
vt 0.302300 -0.987100
vt 0.279100 -0.996300
vt 0.504000 -0.996300
vt 0.504000 -0.987100
vt 0.279100 -0.987100
vt 0.253500 -0.995600
vt 0.302300 -0.977800
vt 0.504000 -0.977800
vt 0.253500 -0.986600
vt 0.227600 -0.994900
vt 0.279100 -0.977800
vt 0.302300 -0.968500
vt 0.504000 -0.968500
vt 0.227600 -0.985800
vt 0.200500 -0.993700
vt 0.253500 -0.977500
vt 0.279100 -0.968500
vt 0.302300 -0.958500
vt 0.504000 -0.958700
vt 0.200500 -0.985100
vt 0.175600 -0.992200
vt 0.227600 -0.977000
vt 0.253500 -0.968300
vt 0.279100 -0.958500
vt 0.302300 -0.949900
vt 0.504000 -0.949900
vt 0.302300 -0.940700
vt 0.504000 -0.940700
vt 0.279100 -0.949900
vt 0.253500 -0.958500
vt 0.302300 -0.931400
vt 0.227600 -0.968000
vt 0.504000 -0.931400
vt 0.279100 -0.940700
vt 0.253500 -0.949900
vt 0.302300 -0.922100
vt 0.227600 -0.958500
vt 0.504000 -0.922100
vt 0.279100 -0.931400
vt 0.253500 -0.940900
vt 0.302300 -0.912800
vt 0.227600 -0.950200
vt 0.504000 -0.912800
vt 0.279100 -0.922100
vt 0.253500 -0.931900
vt 0.302300 -0.903500
vt 0.227600 -0.941400
vt 0.504000 -0.903500
vt 0.279100 -0.912800
vt 0.253500 -0.922100
vt 0.302300 -0.894300
vt 0.227600 -0.932600
vt 0.504000 -0.894300
vt 0.227600 -0.923100
vt 0.279100 -0.903500
vt 0.253500 -0.912300
vt 0.227600 -0.920900
vt 0.200500 -0.933300
vt 0.200500 -0.924500
vt 0.200500 -0.941900
vt 0.175600 -0.934600
vt 0.175600 -0.926300
vt 0.175600 -0.942600
vt 0.200500 -0.950400
vt 0.175600 -0.950900
vt 0.151400 -0.936000
vt 0.151400 -0.928400
vt 0.151400 -0.943800
vt 0.151400 -0.951400
vt 0.127700 -0.938500
vt 0.127700 -0.931600
vt 0.127700 -0.945300
vt 0.127700 -0.952400
vt 0.105000 -0.941400
vt 0.105000 -0.935800
vt 0.105000 -0.947300
vt 0.105000 -0.953400
vt 0.085500 -0.944800
vt 0.085500 -0.940200
vt 0.085500 -0.949500
vt 0.085500 -0.954300
vt 0.067200 -0.948200
vt 0.067200 -0.944600
vt 0.067200 -0.951600
vt 0.067200 -0.955300
vt 0.052700 -0.951200
vt 0.052700 -0.948500
vt 0.052700 -0.953600
vt 0.052700 -0.956300
vt 0.041800 -0.953400
vt 0.041800 -0.951600
vt 0.032200 -0.954300
vt 0.041800 -0.955100
vt 0.032200 -0.956500
vt 0.026100 -0.956300
vt 0.026100 -0.957500
vt 0.026100 -0.958500
vt 0.041800 -0.957000
vt 0.032200 -0.958700
vt 0.026100 -0.959700
vt 0.041800 -0.958500
vt 0.052700 -0.958500
vt 0.032200 -0.960900
vt 0.026100 -0.960900
vt 0.041800 -0.960700
vt 0.032200 -0.962900
vt 0.067200 -0.958500
vt 0.052700 -0.961400
vt 0.041800 -0.962400
vt 0.041800 -0.964100
vt 0.041800 -0.965800
vt 0.085500 -0.958500
vt 0.067200 -0.962600
vt 0.052700 -0.964100
vt 0.052700 -0.966800
vt 0.052700 -0.969200
vt 0.067200 -0.966300
vt 0.067200 -0.969700
vt 0.067200 -0.973400
vt 0.085500 -0.963900
vt 0.085500 -0.968500
vt 0.085500 -0.973100
vt 0.085500 -0.978000
vt 0.105000 -0.958500
vt 0.105000 -0.965100
vt 0.127700 -0.958500
vt 0.105000 -0.970900
vt 0.127700 -0.966100
vt 0.151400 -0.958500
vt 0.105000 -0.976800
vt 0.105000 -0.982700
vt 0.127700 -0.972900
vt 0.127700 -0.980000
vt 0.127700 -0.986800
vt 0.151400 -0.966800
vt 0.151400 -0.974600
vt 0.151400 -0.982200
vt 0.151400 -0.990000
vt 0.175600 -0.958500
vt 0.175600 -0.967500
vt 0.200500 -0.958500
vt 0.200500 -0.967800
vt 0.175600 -0.975600
vt 0.200500 -0.976600
vt 0.175600 -0.983900
vt 0.892800 -0.996300
vt 0.892800 -0.987100
vt 0.822200 -0.996300
vt 0.812200 -0.996300
vt 0.812200 -0.987100
vt 0.822200 -0.987100
vt 0.812200 -0.977800
vt 0.920600 -0.987100
vt 0.920600 -0.996300
vt 0.822200 -0.977800
vt 0.812200 -0.968500
vt 0.892800 -0.977800
vt 0.920600 -0.977800
vt 0.959200 -0.987100
vt 0.959200 -0.996300
vt 0.995800 -0.996300
vt 0.995800 -0.987100
vt 0.959200 -0.977800
vt 0.995800 -0.977800
vt 0.959200 -0.968500
vt 0.995800 -0.968500
vt 0.920600 -0.968500
vt 0.959200 -0.958500
vt 0.995800 -0.958500
vt 0.892800 -0.968500
vt 0.920600 -0.958500
vt 0.959200 -0.949900
vt 0.995800 -0.949900
vt 0.822200 -0.968500
vt 0.812200 -0.958500
vt 0.892800 -0.958500
vt 0.822200 -0.958500
vt 0.812200 -0.949900
vt 0.920600 -0.949900
vt 0.892800 -0.949900
vt 0.822200 -0.949900
vt 0.812200 -0.940700
vt 0.959200 -0.940700
vt 0.995800 -0.940700
vt 0.920600 -0.940700
vt 0.959200 -0.931400
vt 0.995800 -0.931400
vt 0.892800 -0.940700
vt 0.920600 -0.931400
vt 0.959200 -0.922100
vt 0.995800 -0.922100
vt 0.822200 -0.940700
vt 0.812200 -0.931400
vt 0.892800 -0.931400
vt 0.822200 -0.931400
vt 0.812200 -0.922100
vt 0.920600 -0.922100
vt 0.892800 -0.922100
vt 0.822200 -0.922100
vt 0.812200 -0.912800
vt 0.959200 -0.912800
vt 0.995800 -0.912800
vt 0.920600 -0.912800
vt 0.959200 -0.903500
vt 0.995800 -0.903500
vt 0.892800 -0.912800
vt 0.920600 -0.903500
vt 0.959200 -0.894300
vt 0.995800 -0.894300
vt 0.822200 -0.912800
vt 0.812200 -0.903500
vt 0.892800 -0.903500
vt 0.822200 -0.903500
vt 0.812200 -0.894300
vt 0.920600 -0.894300
vt 0.892800 -0.894300
vt 0.822200 -0.894300
vt 0.812200 -0.884200
vt 0.959200 -0.884200
vt 0.995800 -0.884200
vt 0.920600 -0.884200
vt 0.959200 -0.875700
vt 0.995800 -0.875700
vt 0.892800 -0.884200
vt 0.920600 -0.875700
vt 0.959200 -0.866400
vt 0.996100 -0.866400
vt 0.822200 -0.884200
vt 0.812200 -0.875700
vt 0.892800 -0.875700
vt 0.822200 -0.875700
vt 0.812200 -0.866400
vt 0.920600 -0.866400
vt 0.892800 -0.866400
vt 0.822200 -0.866400
vt 0.812200 -0.857100
vt 0.822200 -0.857100
vt 0.812200 -0.847900
vt 0.892800 -0.857100
vt 0.920600 -0.857100
vt 0.959200 -0.857100
vt 0.822200 -0.847900
vt 0.812200 -0.838600
vt 0.892800 -0.847900
vt 0.920600 -0.847900
vt 0.959200 -0.847900
vt 0.822200 -0.838600
vt 0.812200 -0.829300
vt 0.892800 -0.838600
vt 0.920600 -0.838600
vt 0.959200 -0.838600
vt 0.822200 -0.829300
vt 0.812200 -0.820000
vt 0.892800 -0.829300
vt 0.920600 -0.829300
vt 0.959200 -0.829300
vt 0.822200 -0.820000
vt 0.812200 -0.810000
vt 0.892800 -0.820000
vt 0.920600 -0.820000
vt 0.959200 -0.820000
vt 0.822200 -0.810000
vt 0.812200 -0.801500
vt 0.892800 -0.810000
vt 0.920600 -0.810000
vt 0.959200 -0.810000
vt 0.995800 -0.820000
vt 0.995800 -0.810000
vt 0.996100 -0.829100
vt 0.959200 -0.801500
vt 0.995800 -0.801500
vt 0.920600 -0.801500
vt 0.959200 -0.792200
vt 0.995800 -0.792200
vt 0.892800 -0.801500
vt 0.920600 -0.792200
vt 0.959200 -0.782900
vt 0.995800 -0.782900
vt 0.822200 -0.801500
vt 0.812200 -0.792200
vt 0.892800 -0.792200
vt 0.822200 -0.792200
vt 0.812200 -0.782900
vt 0.920600 -0.782900
vt 0.892800 -0.782900
vt 0.822200 -0.782900
vt 0.812200 -0.773600
vt 0.959200 -0.773600
vt 0.995800 -0.773600
vt 0.920600 -0.773600
vt 0.959200 -0.764300
vt 0.995800 -0.764300
vt 0.892800 -0.773600
vt 0.920600 -0.764300
vt 0.959200 -0.755100
vt 0.995800 -0.755100
vt 0.822200 -0.773600
vt 0.812200 -0.764300
vt 0.892800 -0.764300
vt 0.822200 -0.764300
vt 0.812200 -0.755100
vt 0.920600 -0.755100
vt 0.892800 -0.755100
vt 0.822200 -0.755100
vt 0.812200 -0.745800
vt 0.959200 -0.745800
vt 0.995800 -0.745800
vt 0.920600 -0.745800
vt 0.959200 -0.735800
vt 0.995800 -0.735800
vt 0.892800 -0.745800
vt 0.920600 -0.735800
vt 0.959200 -0.727200
vt 0.995800 -0.727200
vt 0.822200 -0.745800
vt 0.812200 -0.735800
vt 0.892800 -0.735800
vt 0.822200 -0.735800
vt 0.812200 -0.727200
vt 0.920600 -0.727200
vt 0.892800 -0.727200
vt 0.822200 -0.727200
vt 0.812200 -0.717900
vt 0.959200 -0.717900
vt 0.995800 -0.717900
vt 0.920600 -0.717900
vt 0.959200 -0.708700
vt 0.995800 -0.708700
vt 0.959200 -0.699400
vt 0.995800 -0.699400
vt 0.920600 -0.708700
vt 0.920600 -0.699400
vt 0.892800 -0.717900
vt 0.892800 -0.708700
vt 0.892800 -0.699400
vt 0.822200 -0.717900
vt 0.812200 -0.708700
vt 0.822200 -0.708700
vt 0.812200 -0.699400
vt 0.822200 -0.699400
vt 0.231000 -0.691600
vt 0.231000 -0.682300
vt 0.203700 -0.691600
vt 0.007800 -0.691600
vt 0.007800 -0.682300
vt 0.203700 -0.682300
vt 0.007800 -0.673000
vt 0.271100 -0.682300
vt 0.271100 -0.691600
vt 0.203700 -0.673000
vt 0.007800 -0.663700
vt 0.231000 -0.673000
vt 0.271100 -0.673000
vt 0.340900 -0.682300
vt 0.340900 -0.691600
vt 0.340900 -0.673000
vt 0.271100 -0.663700
vt 0.622000 -0.682300
vt 0.622000 -0.691600
vt 0.622000 -0.673000
vt 0.340900 -0.663700
vt 0.622000 -0.663700
vt 0.649300 -0.682300
vt 0.649300 -0.691600
vt 0.789000 -0.691600
vt 0.649300 -0.673000
vt 0.789000 -0.682300
vt 0.897700 -0.691600
vt 0.649300 -0.663700
vt 0.789000 -0.673000
vt 0.897700 -0.682300
vt 0.933800 -0.691600
vt 0.897700 -0.673000
vt 0.945100 -0.691600
vt 0.945100 -0.682300
vt 0.933800 -0.682300
vt 0.945100 -0.675000
vt 0.945100 -0.672300
vt 0.915800 -0.673000
vt 0.933800 -0.673000
vt 0.945100 -0.669600
vt 0.910900 -0.666200
vt 0.915800 -0.667200
vt 0.920600 -0.666200
vt 0.924500 -0.663200
vt 0.929200 -0.663500
vt 0.906700 -0.663200
vt 0.933800 -0.663700
vt 0.931400 -0.659100
vt 0.933800 -0.653700
vt 0.932400 -0.653700
vt 0.931100 -0.649100
vt 0.933800 -0.645200
vt 0.929200 -0.645200
vt 0.945100 -0.653700
vt 0.933800 -0.635900
vt 0.924800 -0.645400
vt 0.920600 -0.642500
vt 0.945100 -0.645200
vt 0.945100 -0.635900
vt 0.915800 -0.635900
vt 0.915800 -0.641500
vt 0.910600 -0.642500
vt 0.897700 -0.635900
vt 0.906700 -0.645400
vt 0.933800 -0.626600
vt 0.945100 -0.626600
vt 0.955800 -0.626600
vt 0.955800 -0.635900
vt 0.955800 -0.645200
vt 0.964800 -0.626600
vt 0.964800 -0.635900
vt 0.964800 -0.645200
vt 0.955800 -0.653700
vt 0.945100 -0.663700
vt 0.955800 -0.669600
vt 0.955800 -0.672300
vt 0.955800 -0.663700
vt 0.964800 -0.669400
vt 0.964800 -0.672000
vt 0.964800 -0.653700
vt 0.964800 -0.663700
vt 0.973900 -0.668400
vt 0.973900 -0.671300
vt 0.982400 -0.666700
vt 0.982700 -0.669800
vt 0.973900 -0.663700
vt 0.973900 -0.653700
vt 0.988300 -0.664700
vt 0.988300 -0.668100
vt 0.990200 -0.667400
vt 0.990000 -0.663700
vt 0.973900 -0.645200
vt 0.988300 -0.663700
vt 0.982400 -0.663700
vt 0.990000 -0.653700
vt 0.973900 -0.635900
vt 0.982400 -0.653700
vt 0.988300 -0.653700
vt 0.973900 -0.626600
vt 0.982400 -0.645200
vt 0.988300 -0.645200
vt 0.990000 -0.645200
vt 0.990700 -0.653700
vt 0.990700 -0.663700
vt 0.990700 -0.645200
vt 0.990700 -0.668400
vt 0.990000 -0.669600
vt 0.990000 -0.673000
vt 0.990700 -0.673000
vt 0.990700 -0.682300
vt 0.990000 -0.682300
vt 0.990700 -0.691600
vt 0.990000 -0.691600
vt 0.990000 -0.635900
vt 0.990700 -0.635900
vt 0.990000 -0.626600
vt 0.988300 -0.635900
vt 0.990700 -0.626600
vt 0.982400 -0.635900
vt 0.988300 -0.626600
vt 0.982400 -0.626600
vt 0.990000 -0.617300
vt 0.990700 -0.617300
vt 0.988300 -0.617300
vt 0.990000 -0.608100
vt 0.990700 -0.608100
vt 0.982400 -0.617300
vt 0.988300 -0.608100
vt 0.990000 -0.598800
vt 0.990700 -0.598800
vt 0.973900 -0.617300
vt 0.982400 -0.608100
vt 0.988300 -0.598800
vt 0.990000 -0.589500
vt 0.990700 -0.589500
vt 0.964800 -0.617300
vt 0.973900 -0.608100
vt 0.982400 -0.598800
vt 0.988300 -0.589500
vt 0.990000 -0.579500
vt 0.990700 -0.579500
vt 0.990000 -0.570900
vt 0.990700 -0.570900
vt 0.988300 -0.579500
vt 0.982400 -0.589500
vt 0.990000 -0.561700
vt 0.973900 -0.598800
vt 0.990700 -0.561700
vt 0.988300 -0.570900
vt 0.982400 -0.579500
vt 0.990000 -0.552400
vt 0.973900 -0.589500
vt 0.990700 -0.552400
vt 0.988300 -0.561700
vt 0.982400 -0.570900
vt 0.990000 -0.543100
vt 0.990700 -0.543100
vt 0.990700 -0.533800
vt 0.988300 -0.552400
vt 0.982400 -0.561700
vt 0.990000 -0.533800
vt 0.990700 -0.524500
vt 0.988300 -0.543100
vt 0.990000 -0.524500
vt 0.990700 -0.515300
vt 0.988300 -0.533800
vt 0.988300 -0.524500
vt 0.990000 -0.515300
vt 0.990700 -0.505300
vt 0.988300 -0.515300
vt 0.990000 -0.505500
vt 0.990700 -0.496700
vt 0.988300 -0.505500
vt 0.990000 -0.496700
vt 0.990700 -0.487400
vt 0.988300 -0.496700
vt 0.990000 -0.487400
vt 0.990700 -0.478100
vt 0.988300 -0.487400
vt 0.990000 -0.478100
vt 0.990700 -0.468900
vt 0.988300 -0.478100
vt 0.990000 -0.468900
vt 0.990700 -0.459600
vt 0.988300 -0.468900
vt 0.990000 -0.459600
vt 0.990700 -0.450300
vt 0.988300 -0.459600
vt 0.990000 -0.450300
vt 0.990700 -0.441000
vt 0.988300 -0.450300
vt 0.990000 -0.441000
vt 0.990700 -0.431000
vt 0.988300 -0.441000
vt 0.990000 -0.431000
vt 0.990700 -0.422500
vt 0.990000 -0.422500
vt 0.990700 -0.417800
vt 0.990200 -0.418800
vt 0.990000 -0.416600
vt 0.990000 -0.413200
vt 0.990700 -0.413200
vt 0.990700 -0.403900
vt 0.990000 -0.403900
vt 0.990700 -0.394600
vt 0.990000 -0.394600
vt 0.988300 -0.431300
vt 0.988300 -0.422500
vt 0.988300 -0.421200
vt 0.988300 -0.418100
vt 0.982700 -0.416400
vt 0.982400 -0.422500
vt 0.982400 -0.419300
vt 0.973900 -0.414700
vt 0.982400 -0.431000
vt 0.973900 -0.422500
vt 0.973900 -0.417600
vt 0.964800 -0.413900
vt 0.982400 -0.441000
vt 0.973900 -0.431000
vt 0.964800 -0.422500
vt 0.964800 -0.416800
vt 0.955800 -0.413900
vt 0.982400 -0.450300
vt 0.973900 -0.441000
vt 0.982400 -0.459600
vt 0.964800 -0.431000
vt 0.973900 -0.450300
vt 0.964800 -0.441000
vt 0.982400 -0.468900
vt 0.973900 -0.459600
vt 0.964800 -0.450300
vt 0.982400 -0.478100
vt 0.973900 -0.468900
vt 0.964800 -0.459600
vt 0.982400 -0.487400
vt 0.973900 -0.478100
vt 0.964800 -0.468900
vt 0.982400 -0.496700
vt 0.973900 -0.487400
vt 0.964800 -0.478100
vt 0.982400 -0.505300
vt 0.973900 -0.496700
vt 0.964800 -0.487400
vt 0.982400 -0.515300
vt 0.973900 -0.505300
vt 0.964800 -0.496700
vt 0.982400 -0.524500
vt 0.973900 -0.515300
vt 0.964800 -0.505300
vt 0.982400 -0.533800
vt 0.973900 -0.524500
vt 0.964800 -0.515300
vt 0.955800 -0.496700
vt 0.955800 -0.505300
vt 0.955800 -0.487400
vt 0.955800 -0.478100
vt 0.945100 -0.487400
vt 0.945100 -0.496700
vt 0.955800 -0.468900
vt 0.945100 -0.478100
vt 0.945100 -0.468900
vt 0.955800 -0.459600
vt 0.945100 -0.459600
vt 0.933800 -0.468900
vt 0.933800 -0.478100
vt 0.955800 -0.450300
vt 0.945100 -0.450300
vt 0.933800 -0.459600
vt 0.933800 -0.450300
vt 0.955800 -0.441000
vt 0.945100 -0.441000
vt 0.933800 -0.441000
vt 0.955800 -0.431000
vt 0.945100 -0.431000
vt 0.933800 -0.431000
vt 0.955800 -0.422500
vt 0.945100 -0.422500
vt 0.955800 -0.416600
vt 0.945100 -0.413900
vt 0.945100 -0.416600
vt 0.933800 -0.422500
vt 0.945100 -0.411200
vt 0.931100 -0.426600
vt 0.932400 -0.431000
vt 0.931400 -0.436400
vt 0.929200 -0.422700
vt 0.929200 -0.440800
vt 0.924500 -0.440800
vt 0.920600 -0.443500
vt 0.933800 -0.413200
vt 0.924800 -0.422700
vt 0.920600 -0.419800
vt 0.915800 -0.450300
vt 0.915800 -0.444400
vt 0.910900 -0.443500
vt 0.915800 -0.413200
vt 0.915800 -0.418800
vt 0.910600 -0.419800
vt 0.897700 -0.459600
vt 0.897700 -0.450300
vt 0.906700 -0.440800
vt 0.897700 -0.413200
vt 0.906700 -0.422700
vt 0.897700 -0.468900
vt 0.897700 -0.441000
vt 0.904000 -0.436400
vt 0.789000 -0.450300
vt 0.897700 -0.431000
vt 0.903100 -0.431000
vt 0.904000 -0.426400
vt 0.789000 -0.441000
vt 0.789000 -0.431000
vt 0.897700 -0.422500
vt 0.789000 -0.422500
vt 0.789000 -0.413200
vt 0.789000 -0.403900
vt 0.649300 -0.422500
vt 0.649300 -0.413200
vt 0.649300 -0.431000
vt 0.622000 -0.422500
vt 0.649300 -0.441000
vt 0.622000 -0.431000
vt 0.622000 -0.441000
vt 0.649300 -0.450300
vt 0.622000 -0.450300
vt 0.789000 -0.459600
vt 0.649300 -0.459600
vt 0.789000 -0.468900
vt 0.622000 -0.459600
vt 0.649300 -0.468900
vt 0.622000 -0.468900
vt 0.340900 -0.459600
vt 0.340900 -0.468900
vt 0.340900 -0.450300
vt 0.340900 -0.441000
vt 0.271100 -0.459600
vt 0.340900 -0.431000
vt 0.271100 -0.450300
vt 0.271100 -0.441000
vt 0.340900 -0.422500
vt 0.271100 -0.468900
vt 0.231000 -0.459600
vt 0.231000 -0.468900
vt 0.231000 -0.450300
vt 0.271100 -0.431000
vt 0.231000 -0.441000
vt 0.203700 -0.459600
vt 0.203700 -0.450300
vt 0.007800 -0.450300
vt 0.007800 -0.441000
vt 0.007800 -0.459600
vt 0.203700 -0.441000
vt 0.007800 -0.431000
vt 0.203700 -0.468900
vt 0.007800 -0.468900
vt 0.203700 -0.478100
vt 0.007800 -0.478100
vt 0.231000 -0.478100
vt 0.203700 -0.487400
vt 0.007800 -0.487400
vt 0.271100 -0.478100
vt 0.231000 -0.487400
vt 0.203700 -0.496700
vt 0.007800 -0.496700
vt 0.340900 -0.478100
vt 0.271100 -0.487400
vt 0.231000 -0.496700
vt 0.203700 -0.505300
vt 0.007800 -0.505300
vt 0.622000 -0.478100
vt 0.340900 -0.487400
vt 0.271100 -0.496700
vt 0.231000 -0.505300
vt 0.203700 -0.515300
vt 0.007800 -0.515300
vt 0.203700 -0.524500
vt 0.007800 -0.524500
vt 0.231000 -0.515300
vt 0.271100 -0.505300
vt 0.203700 -0.533800
vt 0.340900 -0.496700
vt 0.007800 -0.533800
vt 0.231000 -0.524500
vt 0.271100 -0.515300
vt 0.203700 -0.543100
vt 0.340900 -0.505300
vt 0.007800 -0.543100
vt 0.231000 -0.533800
vt 0.271100 -0.524500
vt 0.203700 -0.552400
vt 0.340900 -0.515300
vt 0.007800 -0.552400
vt 0.231000 -0.543100
vt 0.271100 -0.533800
vt 0.203700 -0.561700
vt 0.340900 -0.524500
vt 0.007800 -0.561700
vt 0.231000 -0.552400
vt 0.271100 -0.543100
vt 0.203700 -0.570900
vt 0.340900 -0.533800
vt 0.007800 -0.570900
vt 0.231000 -0.561700
vt 0.271100 -0.552400
vt 0.203700 -0.579500
vt 0.340900 -0.543100
vt 0.007800 -0.579500
vt 0.231000 -0.570900
vt 0.271100 -0.561700
vt 0.203700 -0.589500
vt 0.340900 -0.552400
vt 0.007800 -0.589500
vt 0.231000 -0.579500
vt 0.271100 -0.570900
vt 0.203700 -0.598800
vt 0.340900 -0.561700
vt 0.007800 -0.598800
vt 0.231000 -0.589500
vt 0.271100 -0.579500
vt 0.203700 -0.608100
vt 0.340900 -0.570900
vt 0.007800 -0.608100
vt 0.231000 -0.598800
vt 0.271100 -0.589500
vt 0.203700 -0.617300
vt 0.340900 -0.579500
vt 0.007800 -0.617300
vt 0.231000 -0.608100
vt 0.271100 -0.598800
vt 0.203700 -0.626600
vt 0.340900 -0.589500
vt 0.007800 -0.626600
vt 0.231000 -0.617300
vt 0.271100 -0.608100
vt 0.203700 -0.635900
vt 0.340900 -0.598800
vt 0.007800 -0.635900
vt 0.231000 -0.626600
vt 0.271100 -0.617300
vt 0.203700 -0.645200
vt 0.340900 -0.608100
vt 0.007800 -0.645200
vt 0.231000 -0.635900
vt 0.271100 -0.626600
vt 0.203700 -0.653700
vt 0.340900 -0.617300
vt 0.007800 -0.653700
vt 0.231000 -0.645200
vt 0.271100 -0.635900
vt 0.203700 -0.663700
vt 0.231000 -0.653700
vt 0.231000 -0.663700
vt 0.271100 -0.645200
vt 0.271100 -0.653700
vt 0.340900 -0.653700
vt 0.340900 -0.645200
vt 0.340900 -0.635900
vt 0.340900 -0.626600
vt 0.622000 -0.653700
vt 0.622000 -0.645200
vt 0.622000 -0.635900
vt 0.649300 -0.653700
vt 0.649300 -0.645200
vt 0.649300 -0.635900
vt 0.622000 -0.626600
vt 0.649300 -0.626600
vt 0.789000 -0.645200
vt 0.789000 -0.635900
vt 0.622000 -0.617300
vt 0.649300 -0.617300
vt 0.789000 -0.626600
vt 0.622000 -0.608100
vt 0.649300 -0.608100
vt 0.789000 -0.617300
vt 0.622000 -0.598800
vt 0.649300 -0.598800
vt 0.789000 -0.608100
vt 0.622000 -0.589500
vt 0.649300 -0.589500
vt 0.789000 -0.598800
vt 0.622000 -0.579500
vt 0.649300 -0.579500
vt 0.789000 -0.589500
vt 0.897700 -0.608100
vt 0.622000 -0.570900
vt 0.897700 -0.598800
vt 0.649300 -0.570900
vt 0.789000 -0.579500
vt 0.897700 -0.589500
vt 0.622000 -0.561700
vt 0.649300 -0.561700
vt 0.906700 -0.589000
vt 0.904000 -0.584900
vt 0.910900 -0.591900
vt 0.897700 -0.579500
vt 0.903100 -0.579500
vt 0.904000 -0.574800
vt 0.915800 -0.598800
vt 0.915800 -0.592900
vt 0.920600 -0.591900
vt 0.897700 -0.570900
vt 0.906700 -0.571200
vt 0.789000 -0.570900
vt 0.897700 -0.561700
vt 0.789000 -0.561700
vt 0.910600 -0.568300
vt 0.649300 -0.552400
vt 0.915800 -0.561700
vt 0.915800 -0.567300
vt 0.920600 -0.568300
vt 0.622000 -0.552400
vt 0.622000 -0.543100
vt 0.649300 -0.543100
vt 0.789000 -0.552400
vt 0.622000 -0.533800
vt 0.649300 -0.533800
vt 0.789000 -0.543100
vt 0.897700 -0.552400
vt 0.622000 -0.524500
vt 0.649300 -0.524500
vt 0.789000 -0.533800
vt 0.897700 -0.543100
vt 0.933800 -0.552400
vt 0.897700 -0.533800
vt 0.789000 -0.524500
vt 0.649300 -0.515300
vt 0.622000 -0.515300
vt 0.622000 -0.505300
vt 0.649300 -0.505300
vt 0.789000 -0.515300
vt 0.897700 -0.524500
vt 0.622000 -0.496700
vt 0.649300 -0.496700
vt 0.789000 -0.505300
vt 0.897700 -0.515300
vt 0.622000 -0.487400
vt 0.649300 -0.487400
vt 0.649300 -0.478100
vt 0.789000 -0.496700
vt 0.789000 -0.487400
vt 0.789000 -0.478100
vt 0.897700 -0.505300
vt 0.897700 -0.487400
vt 0.897700 -0.496700
vt 0.897700 -0.478100
vt 0.906700 -0.496900
vt 0.904000 -0.500600
vt 0.910600 -0.494000
vt 0.903100 -0.505300
vt 0.904000 -0.510600
vt 0.906700 -0.514800
vt 0.910900 -0.517700
vt 0.915800 -0.487400
vt 0.915800 -0.493000
vt 0.920600 -0.494000
vt 0.915800 -0.524500
vt 0.915800 -0.518700
vt 0.920600 -0.517700
vt 0.933800 -0.487400
vt 0.924800 -0.496900
vt 0.929200 -0.496700
vt 0.933800 -0.496700
vt 0.931100 -0.500600
vt 0.933800 -0.505300
vt 0.932400 -0.505300
vt 0.945100 -0.505300
vt 0.931400 -0.510600
vt 0.955800 -0.515300
vt 0.945100 -0.515300
vt 0.933800 -0.515300
vt 0.929200 -0.515000
vt 0.964800 -0.524500
vt 0.955800 -0.524500
vt 0.945100 -0.524500
vt 0.933800 -0.524500
vt 0.924500 -0.514800
vt 0.933800 -0.533800
vt 0.945100 -0.533800
vt 0.955800 -0.533800
vt 0.933800 -0.543100
vt 0.945100 -0.543100
vt 0.964800 -0.533800
vt 0.955800 -0.543100
vt 0.964800 -0.543100
vt 0.973900 -0.533800
vt 0.973900 -0.543100
vt 0.982400 -0.543100
vt 0.982400 -0.552400
vt 0.973900 -0.552400
vt 0.973900 -0.561700
vt 0.973900 -0.570900
vt 0.964800 -0.552400
vt 0.964800 -0.561700
vt 0.964800 -0.570900
vt 0.973900 -0.579500
vt 0.964800 -0.579500
vt 0.964800 -0.589500
vt 0.964800 -0.598800
vt 0.955800 -0.589500
vt 0.964800 -0.608100
vt 0.955800 -0.598800
vt 0.955800 -0.608100
vt 0.955800 -0.617300
vt 0.945100 -0.617300
vt 0.945100 -0.608100
vt 0.933800 -0.617300
vt 0.945100 -0.598800
vt 0.933800 -0.608100
vt 0.897700 -0.617300
vt 0.897700 -0.626600
vt 0.897700 -0.645200
vt 0.904000 -0.649100
vt 0.897700 -0.653700
vt 0.903100 -0.653700
vt 0.904000 -0.659100
vt 0.789000 -0.653700
vt 0.897700 -0.663700
vt 0.789000 -0.663700
vt 0.279100 -0.894300
vt 0.253500 -0.903300
vt 0.302300 -0.884500
vt 0.504000 -0.884500
vt 0.227600 -0.911800
vt 0.200500 -0.919400
vt 0.302300 -0.875700
vt 0.504000 -0.875700
vt 0.279100 -0.884500
vt 0.302300 -0.866400
vt 0.504000 -0.866400
vt 0.279100 -0.875700
vt 0.253500 -0.894000
vt 0.253500 -0.884500
vt 0.302300 -0.856700
vt 0.504000 -0.857100
vt 0.279100 -0.866400
vt 0.253500 -0.875700
vt 0.302300 -0.848400
vt 0.504000 -0.847900
vt 0.279100 -0.856900
vt 0.253500 -0.866700
vt 0.302300 -0.838300
vt 0.504000 -0.838300
vt 0.279100 -0.848100
vt 0.253500 -0.857600
vt 0.302300 -0.829100
vt 0.504000 -0.829100
vt 0.279100 -0.838300
vt 0.253500 -0.847900
vt 0.302300 -0.819800
vt 0.504000 -0.819800
vt 0.279100 -0.829100
vt 0.253500 -0.838100
vt 0.227600 -0.846600
vt 0.302300 -0.810000
vt 0.504000 -0.810000
vt 0.279100 -0.819800
vt 0.253500 -0.829100
vt 0.227600 -0.837600
vt 0.200500 -0.845200
vt 0.302300 -0.801500
vt 0.504000 -0.801500
vt 0.279100 -0.810000
vt 0.253500 -0.819800
vt 0.227600 -0.828600
vt 0.200500 -0.836600
vt 0.175600 -0.843700
vt 0.175600 -0.835400
vt 0.151400 -0.841500
vt 0.200500 -0.828100
vt 0.227600 -0.819500
vt 0.253500 -0.810000
vt 0.151400 -0.833700
vt 0.127700 -0.838300
vt 0.175600 -0.827400
vt 0.200500 -0.819300
vt 0.227600 -0.810000
vt 0.127700 -0.831500
vt 0.105000 -0.834200
vt 0.151400 -0.826100
vt 0.175600 -0.819000
vt 0.200500 -0.810000
vt 0.105000 -0.828300
vt 0.085500 -0.829500
vt 0.127700 -0.824400
vt 0.151400 -0.818300
vt 0.175600 -0.810000
vt 0.085500 -0.824700
vt 0.067200 -0.824900
vt 0.105000 -0.822500
vt 0.127700 -0.817600
vt 0.151400 -0.810000
vt 0.067200 -0.821200
vt 0.052700 -0.820800
vt 0.085500 -0.820000
vt 0.105000 -0.816600
vt 0.127700 -0.810000
vt 0.052700 -0.818300
vt 0.041800 -0.817300
vt 0.067200 -0.817800
vt 0.085500 -0.815400
vt 0.105000 -0.810300
vt 0.041800 -0.815600
vt 0.032200 -0.814700
vt 0.052700 -0.815600
vt 0.032200 -0.812500
vt 0.026100 -0.812500
vt 0.041800 -0.813900
vt 0.026100 -0.811200
vt 0.032200 -0.810300
vt 0.026100 -0.810000
vt 0.041800 -0.812200
vt 0.052700 -0.812900
vt 0.067200 -0.814200
vt 0.032200 -0.808100
vt 0.026100 -0.809000
vt 0.026100 -0.807800
vt 0.032200 -0.805900
vt 0.085500 -0.810000
vt 0.067200 -0.810000
vt 0.041800 -0.804900
vt 0.041800 -0.803200
vt 0.052700 -0.800000
vt 0.052700 -0.802700
vt 0.067200 -0.796100
vt 0.041800 -0.806600
vt 0.041800 -0.808500
vt 0.052700 -0.805100
vt 0.067200 -0.799800
vt 0.085500 -0.791700
vt 0.041800 -0.810000
vt 0.052700 -0.807800
vt 0.052700 -0.810000
vt 0.067200 -0.803200
vt 0.067200 -0.806800
vt 0.085500 -0.796300
vt 0.105000 -0.787300
vt 0.085500 -0.801000
vt 0.085500 -0.805900
vt 0.105000 -0.792900
vt 0.127700 -0.783200
vt 0.105000 -0.798800
vt 0.105000 -0.804900
vt 0.127700 -0.790000
vt 0.151400 -0.780000
vt 0.127700 -0.796800
vt 0.127700 -0.803900
vt 0.151400 -0.787500
vt 0.175600 -0.777800
vt 0.151400 -0.795400
vt 0.151400 -0.802900
vt 0.175600 -0.786100
vt 0.200500 -0.776100
vt 0.175600 -0.794100
vt 0.175600 -0.802400
vt 0.200500 -0.784900
vt 0.227600 -0.774600
vt 0.200500 -0.793400
vt 0.200500 -0.802200
vt 0.227600 -0.784100
vt 0.253500 -0.773600
vt 0.227600 -0.792900
vt 0.227600 -0.801700
vt 0.253500 -0.783400
vt 0.253500 -0.792400
vt 0.253500 -0.801500
vt 0.279100 -0.801500
vt 0.279100 -0.792200
vt 0.302300 -0.792200
vt 0.504000 -0.792200
vt 0.302300 -0.782900
vt 0.504000 -0.782900
vt 0.279100 -0.782900
vt 0.302300 -0.773600
vt 0.504000 -0.773600
vt 0.279100 -0.773600
vt 0.302300 -0.764300
vt 0.504000 -0.764300
vt 0.279100 -0.764300
vt 0.302300 -0.754800
vt 0.504000 -0.754800
vt 0.253500 -0.763900
vt 0.227600 -0.772400
vt 0.279100 -0.754800
vt 0.302300 -0.745500
vt 0.504000 -0.745500
vt 0.227600 -0.763400
vt 0.200500 -0.770900
vt 0.253500 -0.754800
vt 0.279100 -0.745500
vt 0.302300 -0.735800
vt 0.504000 -0.736000
vt 0.200500 -0.762400
vt 0.175600 -0.769500
vt 0.227600 -0.754300
vt 0.253500 -0.745500
vt 0.279100 -0.735800
vt 0.302300 -0.726700
vt 0.504000 -0.726700
vt 0.302300 -0.717500
vt 0.504000 -0.717500
vt 0.279100 -0.726700
vt 0.253500 -0.735800
vt 0.302300 -0.708400
vt 0.227600 -0.745300
vt 0.504000 -0.708400
vt 0.302300 -0.699100
vt 0.504000 -0.699100
vt 0.279100 -0.717500
vt 0.279100 -0.708400
vt 0.279100 -0.699100
vt 0.253500 -0.727500
vt 0.253500 -0.718200
vt 0.253500 -0.709200
vt 0.253500 -0.699900
vt 0.227600 -0.735800
vt 0.227600 -0.727500
vt 0.227600 -0.718700
vt 0.227600 -0.709600
vt 0.227600 -0.700900
vt 0.200500 -0.710600
vt 0.200500 -0.701800
vt 0.200500 -0.719200
vt 0.200500 -0.728000
vt 0.200500 -0.735800
vt 0.175600 -0.711800
vt 0.175600 -0.703500
vt 0.175600 -0.719900
vt 0.175600 -0.728200
vt 0.175600 -0.735800
vt 0.151400 -0.713300
vt 0.151400 -0.705700
vt 0.151400 -0.721100
vt 0.151400 -0.728700
vt 0.151400 -0.735800
vt 0.127700 -0.715800
vt 0.127700 -0.708900
vt 0.127700 -0.722600
vt 0.127700 -0.729700
vt 0.127700 -0.735800
vt 0.105000 -0.718900
vt 0.105000 -0.713100
vt 0.105000 -0.724800
vt 0.105000 -0.730600
vt 0.105000 -0.735800
vt 0.085500 -0.722100
vt 0.085500 -0.717500
vt 0.085500 -0.726700
vt 0.085500 -0.731600
vt 0.085500 -0.735800
vt 0.067200 -0.725500
vt 0.067200 -0.721900
vt 0.067200 -0.728900
vt 0.067200 -0.732600
vt 0.067200 -0.735800
vt 0.052700 -0.728400
vt 0.052700 -0.725800
vt 0.052700 -0.730900
vt 0.052700 -0.733600
vt 0.052700 -0.735800
vt 0.041800 -0.730600
vt 0.041800 -0.728900
vt 0.032200 -0.731600
vt 0.041800 -0.732400
vt 0.032200 -0.733800
vt 0.026100 -0.733600
vt 0.026100 -0.734800
vt 0.026100 -0.735800
vt 0.041800 -0.734300
vt 0.032200 -0.736000
vt 0.026100 -0.737000
vt 0.041800 -0.735800
vt 0.032200 -0.738200
vt 0.026100 -0.738200
vt 0.041800 -0.738000
vt 0.032200 -0.740400
vt 0.052700 -0.738700
vt 0.041800 -0.739700
vt 0.041800 -0.741400
vt 0.041800 -0.743100
vt 0.052700 -0.741400
vt 0.067200 -0.739900
vt 0.052700 -0.744100
vt 0.052700 -0.746500
vt 0.067200 -0.743600
vt 0.085500 -0.741100
vt 0.067200 -0.747000
vt 0.067200 -0.750700
vt 0.085500 -0.745800
vt 0.105000 -0.742400
vt 0.085500 -0.750700
vt 0.085500 -0.755300
vt 0.105000 -0.748200
vt 0.127700 -0.743300
vt 0.105000 -0.754100
vt 0.105000 -0.760000
vt 0.127700 -0.750200
vt 0.151400 -0.744100
vt 0.127700 -0.757300
vt 0.127700 -0.764100
vt 0.151400 -0.751900
vt 0.175600 -0.744800
vt 0.151400 -0.759500
vt 0.151400 -0.767300
vt 0.175600 -0.753100
vt 0.200500 -0.745100
vt 0.175600 -0.761200
vt 0.200500 -0.753800
vt 0.975300 -0.835400
vt 0.971700 -0.836100
vt 0.979200 -0.836100
vt 0.968000 -0.838300
vt 0.982900 -0.838300
vt 0.995800 -0.838600
vt 0.965600 -0.840800
vt 0.985300 -0.840500
vt 0.963900 -0.844000
vt 0.987100 -0.844000
vt 0.995800 -0.847900
vt 0.963400 -0.847900
vt 0.987500 -0.847900
vt 0.963900 -0.851500
vt 0.987100 -0.851500
vt 0.995800 -0.857100
vt 0.965600 -0.854900
vt 0.985300 -0.854900
vt 0.968000 -0.857400
vt 0.982900 -0.857400
vt 0.971700 -0.859600
vt 0.979200 -0.859600
vt 0.975300 -0.860100
vt 0.231000 -0.431000
vt 0.203700 -0.431000
vt 0.007800 -0.422500
vt 0.271100 -0.422500
vt 0.231000 -0.422500
vt 0.203700 -0.422500
vt 0.007800 -0.413200
vt 0.203700 -0.413200
vt 0.007800 -0.403900
vt 0.231000 -0.413200
vt 0.271100 -0.413200
vt 0.340900 -0.413200
vt 0.203700 -0.403900
vt 0.007800 -0.394600
vt 0.203700 -0.394600
vt 0.231000 -0.394600
vt 0.231000 -0.403900
vt 0.271100 -0.394600
vt 0.271100 -0.403900
vt 0.340900 -0.394600
vt 0.340900 -0.403900
vt 0.622000 -0.394600
vt 0.622000 -0.403900
vt 0.649300 -0.394600
vt 0.622000 -0.413200
vt 0.649300 -0.403900
vt 0.789300 -0.394600
vt 0.897700 -0.403900
vt 0.897700 -0.394600
vt 0.933800 -0.403900
vt 0.933800 -0.394600
vt 0.945100 -0.403900
vt 0.945100 -0.394600
vt 0.259600 -0.348500
vt 0.263200 -0.346500
vt 0.256400 -0.351200
vt 0.267200 -0.345500
vt 0.271100 -0.345100
vt 0.275200 -0.345500
vt 0.279100 -0.346500
vt 0.282500 -0.348500
vt 0.285700 -0.351200
vt 0.288400 -0.354300
vt 0.290400 -0.357800
vt 0.291300 -0.361700
vt 0.291800 -0.365800
vt 0.291300 -0.369700
vt 0.290400 -0.373600
vt 0.288400 -0.377300
vt 0.285700 -0.380500
vt 0.282500 -0.382900
vt 0.279100 -0.384900
vt 0.275200 -0.386100
vt 0.271100 -0.386600
vt 0.267200 -0.386100
vt 0.263200 -0.384900
vt 0.259600 -0.382900
vt 0.256400 -0.380500
vt 0.254000 -0.377300
vt 0.252000 -0.373600
vt 0.250800 -0.369700
vt 0.250300 -0.365800
vt 0.250800 -0.361700
vt 0.252000 -0.357800
vt 0.254000 -0.354300
vt 0.995600 -0.459600
vt 0.995600 -0.468900
vt 0.995600 -0.450300
vt 0.995600 -0.478100
vt 0.995600 -0.441000
vt 0.995600 -0.487400
vt 0.995600 -0.431000
vt 0.995600 -0.496700
vt 0.995600 -0.422500
vt 0.995600 -0.505300
vt 0.995600 -0.413200
vt 0.995600 -0.515300
vt 0.995600 -0.524500
vt 0.995600 -0.403900
vt 0.995600 -0.394600
vt 0.995600 -0.533800
vt 0.995600 -0.543100
vt 0.995600 -0.552400
vt 0.995600 -0.561700
vt 0.995600 -0.570900
vt 0.995600 -0.579500
vt 0.995600 -0.589500
vt 0.995600 -0.598800
vt 0.995600 -0.608100
vt 0.995600 -0.617300
vt 0.995600 -0.626600
vt 0.995600 -0.635900
vt 0.995600 -0.645200
vt 0.995600 -0.653700
vt 0.995600 -0.663700
vt 0.995600 -0.673000
vt 0.995600 -0.682300
vt 0.995600 -0.691600
vt 0.996300 -0.459600
vt 0.996300 -0.468900
vt 0.996300 -0.450300
vt 0.996300 -0.478100
vt 0.996300 -0.441000
vt 0.996300 -0.487400
vt 0.996300 -0.431000
vt 0.996300 -0.496700
vt 0.996300 -0.422500
vt 0.996300 -0.505300
vt 0.996300 -0.413200
vt 0.996300 -0.515300
vt 0.996300 -0.403900
vt 0.996300 -0.394600
vt 0.996300 -0.524500
vt 0.996300 -0.533800
vt 0.996300 -0.543100
vt 0.996300 -0.552400
vt 0.996300 -0.561700
vt 0.996300 -0.570900
vt 0.996300 -0.579500
vt 0.996300 -0.589500
vt 0.996300 -0.598800
vt 0.996300 -0.608100
vt 0.996300 -0.617300
vt 0.996300 -0.626600
vt 0.996300 -0.635900
vt 0.996300 -0.645200
vt 0.996300 -0.653700
vt 0.996300 -0.663700
vt 0.996300 -0.673000
vt 0.996300 -0.682300
vt 0.996300 -0.691600
vt 0.200000 -0.287400
vt 0.197800 -0.287400
vt 0.200000 -0.292600
vt 0.197800 -0.282100
vt 0.197800 -0.292600
vt 0.200000 -0.282100
vt 0.200000 -0.297700
vt 0.197800 -0.276900
vt 0.197800 -0.297700
vt 0.200000 -0.276900
vt 0.200000 -0.302600
vt 0.197800 -0.271600
vt 0.197800 -0.302600
vt 0.200000 -0.271600
vt 0.200000 -0.307700
vt 0.197800 -0.266200
vt 0.197800 -0.307700
vt 0.200000 -0.266200
vt 0.200000 -0.312600
vt 0.197800 -0.261100
vt 0.197800 -0.312600
vt 0.200000 -0.261100
vt 0.200000 -0.317500
vt 0.197800 -0.255700
vt 0.197800 -0.317500
vt 0.200000 -0.255700
vt 0.200000 -0.322100
vt 0.197800 -0.250300
vt 0.197800 -0.322100
vt 0.200000 -0.250300
vt 0.200000 -0.326700
vt 0.197800 -0.244900
vt 0.197800 -0.326700
vt 0.200000 -0.331100
vt 0.197800 -0.331100
vt 0.200000 -0.244900
vt 0.197800 -0.239600
vt 0.200000 -0.239600
vt 0.197800 -0.234200
vt 0.200000 -0.234200
vt 0.197800 -0.228800
vt 0.200000 -0.228800
vt 0.197800 -0.223700
vt 0.200000 -0.223700
vt 0.197800 -0.218300
vt 0.200000 -0.218300
vt 0.197800 -0.213200
vt 0.200000 -0.213200
vt 0.197800 -0.208100
vt 0.200000 -0.208100
vt 0.197800 -0.203200
vt 0.200000 -0.203200
vt 0.197800 -0.198300
vt 0.200000 -0.198300
vt 0.197800 -0.193400
vt 0.200000 -0.193400
vt 0.197800 -0.188500
vt 0.200000 -0.188500
vt 0.197800 -0.183900
vt 0.200000 -0.183900
vt 0.197800 -0.179200
vt 0.200000 -0.179200
vt 0.197800 -0.174600
vt 0.200000 -0.174600
vt 0.197800 -0.170200
vt 0.200000 -0.170200
vt 0.288400 -0.287400
vt 0.262500 -0.287400
vt 0.288400 -0.292600
vt 0.262500 -0.282100
vt 0.262500 -0.292600
vt 0.288400 -0.282100
vt 0.288400 -0.297700
vt 0.262500 -0.276900
vt 0.262500 -0.297700
vt 0.288400 -0.276900
vt 0.288400 -0.302600
vt 0.262500 -0.271600
vt 0.262500 -0.302600
vt 0.288400 -0.271600
vt 0.288400 -0.307700
vt 0.262500 -0.266200
vt 0.262500 -0.307700
vt 0.288400 -0.266200
vt 0.288400 -0.312600
vt 0.262500 -0.261100
vt 0.262500 -0.312600
vt 0.288400 -0.261100
vt 0.288400 -0.317500
vt 0.262500 -0.255700
vt 0.262500 -0.317500
vt 0.288400 -0.255700
vt 0.288400 -0.322100
vt 0.262500 -0.250300
vt 0.262500 -0.322100
vt 0.288400 -0.250300
vt 0.288400 -0.326700
vt 0.262500 -0.244900
vt 0.262500 -0.326700
vt 0.288400 -0.331100
vt 0.262500 -0.331100
vt 0.288400 -0.244900
vt 0.262500 -0.239600
vt 0.288400 -0.239600
vt 0.262500 -0.234200
vt 0.288400 -0.234200
vt 0.262500 -0.228800
vt 0.288400 -0.228800
vt 0.262500 -0.223700
vt 0.288400 -0.223700
vt 0.262500 -0.218300
vt 0.288400 -0.218300
vt 0.262500 -0.213200
vt 0.288400 -0.213200
vt 0.262500 -0.208100
vt 0.288400 -0.208100
vt 0.262500 -0.203200
vt 0.288400 -0.203200
vt 0.262500 -0.198300
vt 0.288400 -0.198300
vt 0.262500 -0.193400
vt 0.288400 -0.193400
vt 0.262500 -0.188500
vt 0.288400 -0.188500
vt 0.262500 -0.183900
vt 0.288400 -0.183900
vt 0.262500 -0.179200
vt 0.288400 -0.179200
vt 0.262500 -0.174600
vt 0.288400 -0.174600
vt 0.262500 -0.170200
vt 0.288400 -0.170200
vt 0.258900 -0.292600
vt 0.260800 -0.292600
vt 0.258900 -0.287400
vt 0.260800 -0.287400
vt 0.260800 -0.297700
vt 0.260800 -0.282100
vt 0.258900 -0.282100
vt 0.260800 -0.302600
vt 0.260800 -0.276900
vt 0.258900 -0.297700
vt 0.260800 -0.307700
vt 0.258900 -0.302600
vt 0.260800 -0.271600
vt 0.260800 -0.312600
vt 0.258900 -0.307700
vt 0.260800 -0.266200
vt 0.260800 -0.317500
vt 0.258900 -0.312600
vt 0.260800 -0.261100
vt 0.260800 -0.322100
vt 0.258900 -0.317500
vt 0.260800 -0.255700
vt 0.260800 -0.326700
vt 0.260800 -0.331100
vt 0.258900 -0.322100
vt 0.258900 -0.326700
vt 0.258900 -0.331100
vt 0.257900 -0.330900
vt 0.257900 -0.326700
vt 0.249300 -0.331100
vt 0.257900 -0.322100
vt 0.249300 -0.326700
vt 0.237100 -0.326700
vt 0.237100 -0.331100
vt 0.257900 -0.317500
vt 0.249300 -0.322100
vt 0.237100 -0.322100
vt 0.225400 -0.326700
vt 0.225400 -0.331100
vt 0.225400 -0.322100
vt 0.237100 -0.317500
vt 0.225400 -0.317500
vt 0.212700 -0.326700
vt 0.212700 -0.331100
vt 0.212700 -0.322100
vt 0.212700 -0.317500
vt 0.212700 -0.312600
vt 0.225400 -0.312600
vt 0.212700 -0.307700
vt 0.212700 -0.302600
vt 0.225400 -0.307700
vt 0.237100 -0.312600
vt 0.249300 -0.317500
vt 0.212700 -0.297700
vt 0.225400 -0.302600
vt 0.212700 -0.292600
vt 0.225400 -0.297700
vt 0.237100 -0.307700
vt 0.237100 -0.302600
vt 0.249300 -0.312600
vt 0.249300 -0.307700
vt 0.257900 -0.312600
vt 0.257900 -0.307700
vt 0.257900 -0.302600
vt 0.249300 -0.302600
vt 0.257900 -0.297700
vt 0.237100 -0.297700
vt 0.249300 -0.297700
vt 0.257900 -0.292600
vt 0.225400 -0.292600
vt 0.237100 -0.292600
vt 0.249300 -0.292600
vt 0.257900 -0.287400
vt 0.212700 -0.287400
vt 0.225400 -0.287400
vt 0.212700 -0.282100
vt 0.237100 -0.287400
vt 0.225400 -0.282100
vt 0.212700 -0.276900
vt 0.249300 -0.287400
vt 0.237100 -0.282100
vt 0.225400 -0.276900
vt 0.212700 -0.271600
vt 0.257900 -0.282100
vt 0.249300 -0.282100
vt 0.237100 -0.276900
vt 0.225400 -0.271600
vt 0.212700 -0.266200
vt 0.212700 -0.261100
vt 0.225400 -0.266200
vt 0.237100 -0.271600
vt 0.249300 -0.276900
vt 0.212700 -0.255700
vt 0.225400 -0.261100
vt 0.237100 -0.266200
vt 0.249300 -0.271600
vt 0.212700 -0.250300
vt 0.225400 -0.255700
vt 0.237100 -0.261100
vt 0.249300 -0.266200
vt 0.212700 -0.244900
vt 0.225400 -0.250300
vt 0.237100 -0.255700
vt 0.249300 -0.261100
vt 0.212700 -0.239600
vt 0.225400 -0.244900
vt 0.237100 -0.250300
vt 0.249300 -0.255700
vt 0.212700 -0.234200
vt 0.225400 -0.239600
vt 0.237100 -0.244900
vt 0.249300 -0.250300
vt 0.212700 -0.228800
vt 0.225400 -0.234200
vt 0.237100 -0.239600
vt 0.249300 -0.244900
vt 0.212700 -0.223700
vt 0.225400 -0.228800
vt 0.237100 -0.234200
vt 0.249300 -0.239600
vt 0.212700 -0.218300
vt 0.225400 -0.223700
vt 0.237100 -0.228800
vt 0.249300 -0.234200
vt 0.212700 -0.213200
vt 0.225400 -0.218300
vt 0.237100 -0.223700
vt 0.249300 -0.228800
vt 0.212700 -0.208100
vt 0.225400 -0.213200
vt 0.237100 -0.218300
vt 0.249300 -0.223700
vt 0.212700 -0.203200
vt 0.225400 -0.208100
vt 0.237100 -0.213200
vt 0.249300 -0.218300
vt 0.212700 -0.198300
vt 0.225400 -0.203200
vt 0.237100 -0.208100
vt 0.249300 -0.213200
vt 0.212700 -0.193400
vt 0.225400 -0.198300
vt 0.237100 -0.203200
vt 0.249300 -0.208100
vt 0.212700 -0.188500
vt 0.225400 -0.193400
vt 0.237100 -0.198300
vt 0.249300 -0.203200
vt 0.212700 -0.183900
vt 0.225400 -0.188500
vt 0.237100 -0.193400
vt 0.249300 -0.198300
vt 0.212700 -0.179200
vt 0.225400 -0.183900
vt 0.237100 -0.188500
vt 0.249300 -0.193400
vt 0.212700 -0.174600
vt 0.212700 -0.170200
vt 0.225400 -0.179200
vt 0.225400 -0.174600
vt 0.225400 -0.170200
vt 0.237100 -0.183900
vt 0.237100 -0.179200
vt 0.237100 -0.174600
vt 0.237100 -0.170200
vt 0.249300 -0.188500
vt 0.249300 -0.183900
vt 0.249300 -0.179200
vt 0.249300 -0.174600
vt 0.249300 -0.170200
vt 0.257900 -0.170500
vt 0.257900 -0.174600
vt 0.258900 -0.170200
vt 0.257900 -0.179200
vt 0.258900 -0.174600
vt 0.260800 -0.174600
vt 0.260800 -0.170200
vt 0.260800 -0.179200
vt 0.258900 -0.179200
vt 0.257900 -0.183900
vt 0.260800 -0.183900
vt 0.258900 -0.183900
vt 0.257900 -0.188500
vt 0.260800 -0.188500
vt 0.258900 -0.188500
vt 0.257900 -0.193400
vt 0.260800 -0.193400
vt 0.258900 -0.193400
vt 0.257900 -0.198300
vt 0.260800 -0.198300
vt 0.258900 -0.198300
vt 0.257900 -0.203200
vt 0.260800 -0.203200
vt 0.258900 -0.203200
vt 0.257900 -0.208100
vt 0.260800 -0.208100
vt 0.258900 -0.208100
vt 0.257900 -0.213200
vt 0.260800 -0.213200
vt 0.258900 -0.213200
vt 0.257900 -0.218300
vt 0.260800 -0.218300
vt 0.258900 -0.218300
vt 0.257900 -0.223700
vt 0.258900 -0.223700
vt 0.260800 -0.223700
vt 0.257900 -0.228800
vt 0.260800 -0.228800
vt 0.258900 -0.228800
vt 0.257900 -0.234200
vt 0.260800 -0.234200
vt 0.258900 -0.234200
vt 0.257900 -0.239600
vt 0.260800 -0.239600
vt 0.258900 -0.239600
vt 0.257900 -0.244900
vt 0.260800 -0.244900
vt 0.258900 -0.244900
vt 0.257900 -0.250300
vt 0.260800 -0.250300
vt 0.258900 -0.250300
vt 0.257900 -0.255700
vt 0.258900 -0.255700
vt 0.257900 -0.261100
vt 0.258900 -0.261100
vt 0.257900 -0.266200
vt 0.258900 -0.266200
vt 0.257900 -0.271600
vt 0.258900 -0.271600
vt 0.257900 -0.276900
vt 0.258900 -0.276900
vt 0.933800 -0.598800
vt 0.924500 -0.589000
vt 0.929200 -0.589300
vt 0.945100 -0.589500
vt 0.933800 -0.589500
vt 0.931400 -0.584900
vt 0.955800 -0.579500
vt 0.945100 -0.579500
vt 0.955800 -0.570900
vt 0.933800 -0.579500
vt 0.932400 -0.579500
vt 0.931100 -0.574800
vt 0.945100 -0.570900
vt 0.933800 -0.570900
vt 0.929200 -0.570900
vt 0.955800 -0.561700
vt 0.945100 -0.561700
vt 0.955800 -0.552400
vt 0.945100 -0.552400
vt 0.933800 -0.561700
vt 0.924800 -0.571200
vt 0.028100 -0.710900
vt 0.027400 -0.709200
vt 0.025900 -0.710900
vt 0.031000 -0.708700
vt 0.029800 -0.706700
vt 0.031500 -0.710900
vt 0.028100 -0.705500
vt 0.031000 -0.713100
vt 0.025900 -0.708400
vt 0.025900 -0.705000
vt 0.023700 -0.705500
vt 0.027400 -0.712600
vt 0.029800 -0.714800
vt 0.028100 -0.716000
vt 0.024200 -0.709200
vt 0.021700 -0.706700
vt 0.020500 -0.708700
vt 0.025900 -0.713100
vt 0.025900 -0.716500
vt 0.023700 -0.716000
vt 0.023400 -0.710900
vt 0.020000 -0.710900
vt 0.020500 -0.713100
vt 0.024200 -0.712600
vt 0.021700 -0.714800
vt 0.026100 -0.885500
vt 0.026100 -0.886700
vt 0.032200 -0.886700
vt 0.032200 -0.888600
vt 0.032200 -0.884200
vt 0.026100 -0.884200
vt 0.041800 -0.889900
vt 0.041800 -0.891600
vt 0.052700 -0.892300
vt 0.052700 -0.895000
vt 0.041800 -0.888200
vt 0.067200 -0.895500
vt 0.067200 -0.899100
vt 0.052700 -0.889900
vt 0.067200 -0.892100
vt 0.085500 -0.898900
vt 0.085500 -0.903800
vt 0.085500 -0.894300
vt 0.067200 -0.888400
vt 0.105000 -0.902600
vt 0.105000 -0.908400
vt 0.105000 -0.896700
vt 0.085500 -0.889600
vt 0.105000 -0.890800
vt 0.127700 -0.905500
vt 0.127700 -0.912600
vt 0.127700 -0.898700
vt 0.127700 -0.891800
vt 0.151400 -0.907900
vt 0.151400 -0.915800
vt 0.151400 -0.900400
vt 0.151400 -0.892600
vt 0.175600 -0.909600
vt 0.175600 -0.917900
vt 0.175600 -0.901300
vt 0.175600 -0.893300
vt 0.200500 -0.910900
vt 0.200500 -0.902300
vt 0.227600 -0.902800
vt 0.227600 -0.893800
vt 0.200500 -0.893500
vt 0.227600 -0.884500
vt 0.200500 -0.884200
vt 0.227600 -0.875900
vt 0.175600 -0.884200
vt 0.200500 -0.876200
vt 0.227600 -0.867200
vt 0.151400 -0.884200
vt 0.175600 -0.876700
vt 0.200500 -0.867600
vt 0.227600 -0.858100
vt 0.227600 -0.848800
vt 0.200500 -0.859100
vt 0.200500 -0.850300
vt 0.175600 -0.868400
vt 0.175600 -0.860100
vt 0.175600 -0.852000
vt 0.151400 -0.877200
vt 0.151400 -0.869600
vt 0.151400 -0.861800
vt 0.151400 -0.854200
vt 0.127700 -0.884200
vt 0.127700 -0.877900
vt 0.105000 -0.884200
vt 0.127700 -0.871100
vt 0.105000 -0.879100
vt 0.085500 -0.884200
vt 0.127700 -0.864200
vt 0.127700 -0.857400
vt 0.105000 -0.873000
vt 0.105000 -0.867200
vt 0.105000 -0.861500
vt 0.085500 -0.880100
vt 0.085500 -0.875200
vt 0.085500 -0.870600
vt 0.085500 -0.865900
vt 0.067200 -0.884200
vt 0.067200 -0.881100
vt 0.067200 -0.877400
vt 0.067200 -0.874000
vt 0.067200 -0.870300
vt 0.052700 -0.887200
vt 0.052700 -0.884200
vt 0.041800 -0.886200
vt 0.041800 -0.884200
vt 0.052700 -0.882100
vt 0.041800 -0.882800
vt 0.052700 -0.879400
vt 0.032200 -0.882300
vt 0.041800 -0.880800
vt 0.026100 -0.883300
vt 0.032200 -0.880100
vt 0.026100 -0.882100
vt 0.041800 -0.879100
vt 0.041800 -0.877400
vt 0.052700 -0.874200
vt 0.052700 -0.876900
vt 0.087700 -0.233500
vt 0.090100 -0.233200
vt 0.087700 -0.228800
vt 0.090100 -0.228600
vt 0.080800 -0.227600
vt 0.081800 -0.229500
vt 0.082100 -0.231700
vt 0.081800 -0.234400
vt 0.080800 -0.236400
vt 0.080100 -0.238600
vt 0.080100 -0.242500
vt 0.087200 -0.240000
vt 0.087200 -0.242500
vt 0.069800 -0.242500
vt 0.069800 -0.238600
vt 0.065400 -0.242500
vt 0.065200 -0.237400
vt 0.069800 -0.237600
vt 0.045900 -0.243200
vt 0.045700 -0.238100
vt 0.030000 -0.236400
vt 0.045200 -0.243200
vt 0.029300 -0.241500
vt 0.117000 -0.144100
vt 0.117000 -0.138200
vt 0.113600 -0.138900
vt 0.116700 -0.134100
vt 0.115500 -0.133800
vt 0.115000 -0.147000
vt 0.117900 -0.146800
vt 0.117500 -0.144100
vt 0.117200 -0.167300
vt 0.120900 -0.161700
vt 0.124100 -0.166500
vt 0.068900 -0.231700
vt 0.069600 -0.234900
vt 0.069600 -0.228300
vt 0.070800 -0.237100
vt 0.070600 -0.226100
vt 0.067900 -0.231700
vt 0.065000 -0.226100
vt 0.068400 -0.228100
vt 0.069400 -0.225900
vt 0.068600 -0.235200
vt 0.033000 -0.228600
vt 0.019800 -0.229100
vt 0.017600 -0.233900
vt 0.027100 -0.240300
vt 0.007800 -0.229300
vt 0.009300 -0.226900
vt 0.029500 -0.220000
vt 0.019800 -0.220000
vt 0.038300 -0.224700
vt 0.090100 -0.205900
vt 0.090100 -0.201200
vt 0.087700 -0.205600
vt 0.087700 -0.201200
vt 0.081800 -0.205100
vt 0.080800 -0.207100
vt 0.082100 -0.202700
vt 0.081600 -0.200200
vt 0.080800 -0.198300
vt 0.087200 -0.192700
vt 0.080100 -0.192700
vt 0.087200 -0.195100
vt 0.079900 -0.196600
vt 0.069800 -0.192400
vt 0.069800 -0.196300
vt 0.065400 -0.192400
vt 0.065200 -0.197300
vt 0.069600 -0.197300
vt 0.045900 -0.191700
vt 0.045700 -0.196600
vt 0.044900 -0.191700
vt 0.029800 -0.198500
vt 0.029300 -0.193400
vt 0.117500 -0.198000
vt 0.117200 -0.192200
vt 0.114000 -0.197600
vt 0.117200 -0.202200
vt 0.115800 -0.202700
vt 0.115300 -0.189300
vt 0.118200 -0.189700
vt 0.117900 -0.192200
vt 0.117200 -0.169000
vt 0.121100 -0.174600
vt 0.124100 -0.169700
vt 0.070600 -0.208800
vt 0.070600 -0.197800
vt 0.069600 -0.206600
vt 0.069600 -0.200000
vt 0.068900 -0.203200
vt 0.064700 -0.208800
vt 0.067900 -0.203200
vt 0.068400 -0.206800
vt 0.069400 -0.209000
vt 0.068600 -0.199800
vt 0.033000 -0.206300
vt 0.019800 -0.205900
vt 0.026900 -0.194400
vt 0.017300 -0.201200
vt 0.007800 -0.205900
vt 0.009300 -0.208100
vt 0.019800 -0.214900
vt 0.029500 -0.214900
vt 0.038300 -0.210300
vt 0.007100 -0.214900
vt 0.007100 -0.220000
vt 0.004200 -0.215900
vt 0.004200 -0.218800
vt 0.640500 -0.387500
vt 0.646200 -0.386600
vt 0.640500 -0.372900
vt 0.651000 -0.383400
vt 0.634900 -0.386600
vt 0.654200 -0.378500
vt 0.630300 -0.383400
vt 0.627100 -0.378500
vt 0.625900 -0.372900
vt 0.655400 -0.372900
vt 0.640500 -0.358000
vt 0.627100 -0.367300
vt 0.630300 -0.362400
vt 0.634900 -0.359200
vt 0.646200 -0.359200
vt 0.651000 -0.362400
vt 0.654200 -0.367300
vt 0.795600 -0.359500
vt 0.795600 -0.385300
vt 0.804900 -0.359500
vt 0.786300 -0.385300
vt 0.804900 -0.385300
vt 0.814200 -0.359500
vt 0.814200 -0.385300
vt 0.786300 -0.359500
vt 0.776800 -0.385300
vt 0.776800 -0.359500
vt 0.767500 -0.385300
vt 0.767500 -0.359500
vt 0.758200 -0.385300
vt 0.758200 -0.359500
vt 0.749000 -0.385300
vt 0.749000 -0.359500
vt 0.739700 -0.385300
vt 0.739700 -0.359500
vt 0.730400 -0.385300
vt 0.730400 -0.359500
vt 0.721100 -0.385300
vt 0.721100 -0.359500
vt 0.711800 -0.385300
vt 0.711800 -0.359500
vt 0.702600 -0.385300
vt 0.702600 -0.359500
vt 0.693000 -0.385300
vt 0.693000 -0.359500
vt 0.683800 -0.385300
vt 0.683800 -0.359500
vt 0.674500 -0.385300
vt 0.674500 -0.359500
vt 0.665200 -0.385300
vt 0.665200 -0.359500
vt 0.087700 -0.174100
vt 0.089900 -0.174100
vt 0.087700 -0.169700
vt 0.089900 -0.169500
vt 0.080600 -0.168300
vt 0.081600 -0.170200
vt 0.082100 -0.172400
vt 0.081600 -0.175100
vt 0.080600 -0.176800
vt 0.079900 -0.178800
vt 0.079900 -0.182700
vt 0.087200 -0.180200
vt 0.087200 -0.182700
vt 0.069600 -0.182900
vt 0.069600 -0.179000
vt 0.065200 -0.182900
vt 0.065200 -0.177800
vt 0.069600 -0.177800
vt 0.045700 -0.183400
vt 0.045700 -0.178500
vt 0.029800 -0.176600
vt 0.044900 -0.183400
vt 0.029100 -0.181700
vt 0.101300 -0.144100
vt 0.101600 -0.138200
vt 0.098200 -0.138900
vt 0.101100 -0.134100
vt 0.099900 -0.133800
vt 0.099400 -0.147000
vt 0.102300 -0.146800
vt 0.102100 -0.144100
vt 0.101800 -0.167300
vt 0.105500 -0.161700
vt 0.108400 -0.166500
vt 0.068900 -0.171900
vt 0.069400 -0.175300
vt 0.069400 -0.168700
vt 0.070600 -0.177500
vt 0.070600 -0.166500
vt 0.067900 -0.172200
vt 0.064700 -0.166300
vt 0.068400 -0.168500
vt 0.069400 -0.166300
vt 0.068400 -0.175600
vt 0.033000 -0.168500
vt 0.019500 -0.169200
vt 0.017300 -0.173900
vt 0.026900 -0.180500
vt 0.007600 -0.169200
vt 0.009300 -0.166800
vt 0.029500 -0.160000
vt 0.019800 -0.160200
vt 0.038300 -0.164800
vt 0.090100 -0.146800
vt 0.090100 -0.142400
vt 0.087700 -0.146500
vt 0.087900 -0.142100
vt 0.081800 -0.145800
vt 0.080800 -0.147700
vt 0.082100 -0.143600
vt 0.081800 -0.140900
vt 0.081100 -0.138900
vt 0.087400 -0.132600
vt 0.080100 -0.132600
vt 0.087400 -0.135000
vt 0.080100 -0.136800
vt 0.070100 -0.132600
vt 0.069800 -0.136500
vt 0.065400 -0.132600
vt 0.065400 -0.137700
vt 0.069800 -0.137700
vt 0.045900 -0.131900
vt 0.045900 -0.137000
vt 0.045200 -0.131900
vt 0.030000 -0.138700
vt 0.029500 -0.133600
vt 0.101800 -0.198000
vt 0.101600 -0.192200
vt 0.098400 -0.197600
vt 0.101600 -0.202200
vt 0.100400 -0.202700
vt 0.099600 -0.189300
vt 0.102600 -0.189700
vt 0.102300 -0.192200
vt 0.101800 -0.169000
vt 0.105500 -0.174600
vt 0.108400 -0.169700
vt 0.070600 -0.149000
vt 0.070800 -0.138200
vt 0.069600 -0.147000
vt 0.069800 -0.140400
vt 0.069100 -0.143600
vt 0.065000 -0.149200
vt 0.067900 -0.143300
vt 0.068400 -0.147000
vt 0.069400 -0.149200
vt 0.068900 -0.139900
vt 0.033000 -0.146500
vt 0.019800 -0.145800
vt 0.027100 -0.134600
vt 0.017600 -0.140900
vt 0.007800 -0.145500
vt 0.009300 -0.148000
vt 0.019800 -0.154800
vt 0.029500 -0.155100
vt 0.038300 -0.150400
vt 0.007100 -0.154800
vt 0.007100 -0.160000
vt 0.004200 -0.156000
vt 0.004200 -0.159000
vt 0.086900 -0.180200
vt 0.045400 -0.178500
vt 0.029500 -0.160200
vt 0.019800 -0.160000
vt 0.090400 -0.142400
vt 0.082300 -0.143600
vt 0.082100 -0.140900
vt 0.080300 -0.132600
vt 0.070100 -0.136800
vt 0.046200 -0.131900
vt 0.045400 -0.131900
vt 0.071100 -0.138200
vt 0.068100 -0.143600
vt 0.068600 -0.147000
vt 0.027400 -0.134600
vt 0.004200 -0.155800
vt 0.004200 -0.158700
vt 0.187800 -0.170200
vt 0.187800 -0.160900
vt 0.182900 -0.170200
vt 0.190500 -0.170200
vt 0.190500 -0.160900
vt 0.191200 -0.152100
vt 0.182900 -0.160900
vt 0.177800 -0.170200
vt 0.188500 -0.152100
vt 0.192900 -0.143600
vt 0.187800 -0.152100
vt 0.177800 -0.160900
vt 0.172900 -0.170200
vt 0.182900 -0.152100
vt 0.187800 -0.143600
vt 0.190200 -0.143600
vt 0.196100 -0.135800
vt 0.172900 -0.160900
vt 0.167500 -0.170200
vt 0.177800 -0.152100
vt 0.167500 -0.160900
vt 0.182900 -0.143600
vt 0.172900 -0.152100
vt 0.162600 -0.170200
vt 0.177800 -0.143600
vt 0.187800 -0.135800
vt 0.182900 -0.135800
vt 0.193200 -0.135800
vt 0.199000 -0.130900
vt 0.187800 -0.130900
vt 0.196100 -0.130900
vt 0.200000 -0.129400
vt 0.197100 -0.129400
vt 0.187800 -0.129400
vt 0.182900 -0.129400
vt 0.182900 -0.130900
vt 0.177800 -0.129400
vt 0.177800 -0.135800
vt 0.177800 -0.130900
vt 0.172900 -0.129400
vt 0.172900 -0.143600
vt 0.172900 -0.135800
vt 0.172900 -0.130900
vt 0.167500 -0.129400
vt 0.167500 -0.152100
vt 0.167500 -0.143600
vt 0.167500 -0.135800
vt 0.167500 -0.130900
vt 0.162600 -0.129400
vt 0.162600 -0.130900
vt 0.162600 -0.135800
vt 0.157800 -0.130900
vt 0.157800 -0.129400
vt 0.162600 -0.143600
vt 0.157800 -0.135800
vt 0.152600 -0.130900
vt 0.152600 -0.129400
vt 0.162600 -0.152100
vt 0.157800 -0.143600
vt 0.152600 -0.135800
vt 0.147500 -0.130900
vt 0.147500 -0.129400
vt 0.162600 -0.160900
vt 0.157800 -0.152100
vt 0.157800 -0.160900
vt 0.157800 -0.170200
vt 0.152600 -0.143600
vt 0.152600 -0.152100
vt 0.152600 -0.160900
vt 0.152600 -0.170200
vt 0.147500 -0.135800
vt 0.147500 -0.143600
vt 0.147500 -0.152100
vt 0.147500 -0.160900
vt 0.147500 -0.170200
vt 0.142400 -0.130900
vt 0.142400 -0.129400
vt 0.142400 -0.135800
vt 0.137700 -0.130900
vt 0.137700 -0.129400
vt 0.128200 -0.129400
vt 0.142400 -0.143600
vt 0.137700 -0.135800
vt 0.129200 -0.130900
vt 0.125300 -0.129400
vt 0.126300 -0.130900
vt 0.132100 -0.135800
vt 0.129200 -0.135800
vt 0.135000 -0.143600
vt 0.132400 -0.143600
vt 0.137700 -0.143600
vt 0.142400 -0.152100
vt 0.136800 -0.152100
vt 0.134100 -0.152100
vt 0.137500 -0.152100
vt 0.142400 -0.160900
vt 0.142400 -0.170200
vt 0.137500 -0.160900
vt 0.137500 -0.170200
vt 0.134800 -0.160900
vt 0.134800 -0.170200
vt 0.204900 -0.148200
vt 0.215900 -0.148200
vt 0.205100 -0.143800
vt 0.205100 -0.152400
vt 0.206600 -0.139400
vt 0.206600 -0.156800
vt 0.209000 -0.136000
vt 0.209000 -0.160400
vt 0.212700 -0.133300
vt 0.212700 -0.163100
vt 0.216800 -0.132400
vt 0.216800 -0.163900
vt 0.216800 -0.140400
vt 0.218600 -0.134600
vt 0.216800 -0.156000
vt 0.218600 -0.161900
vt 0.219300 -0.163900
vt 0.219300 -0.132400
vt 0.156800 -0.188300
vt 0.157300 -0.191000
vt 0.165800 -0.189300
vt 0.163600 -0.178800
vt 0.156300 -0.180700
vt 0.155300 -0.186300
vt 0.153400 -0.184900
vt 0.148500 -0.181400
vt 0.150900 -0.184400
vt 0.148500 -0.184100
vt 0.146300 -0.184400
vt 0.143800 -0.184900
vt 0.140900 -0.180700
vt 0.141600 -0.186300
vt 0.140400 -0.188300
vt 0.133600 -0.178800
vt 0.131400 -0.189300
vt 0.131100 -0.177500
vt 0.139900 -0.191000
vt 0.129700 -0.179700
vt 0.129700 -0.176600
vt 0.129900 -0.189500
vt 0.132400 -0.193900
vt 0.140400 -0.193400
vt 0.130900 -0.194400
vt 0.135300 -0.197600
vt 0.141900 -0.195600
vt 0.134100 -0.198500
vt 0.139200 -0.200000
vt 0.143800 -0.196800
vt 0.138500 -0.201500
vt 0.143800 -0.201700
vt 0.146500 -0.197600
vt 0.143600 -0.203400
vt 0.148700 -0.202000
vt 0.148700 -0.197600
vt 0.148700 -0.203900
vt 0.150900 -0.197600
vt 0.153800 -0.203400
vt 0.153600 -0.201700
vt 0.153400 -0.196800
vt 0.159000 -0.201500
vt 0.158000 -0.200000
vt 0.155600 -0.195600
vt 0.163100 -0.198500
vt 0.162100 -0.197600
vt 0.156800 -0.193400
vt 0.166300 -0.194400
vt 0.164800 -0.193900
vt 0.167300 -0.189500
vt 0.167500 -0.179700
vt 0.165800 -0.177300
vt 0.167500 -0.176600
vt 0.156800 -0.191000
vt 0.156300 -0.188500
vt 0.156300 -0.193200
vt 0.154800 -0.186800
vt 0.155100 -0.195100
vt 0.153100 -0.185300
vt 0.153100 -0.196300
vt 0.150700 -0.184900
vt 0.150900 -0.196800
vt 0.148500 -0.184900
vt 0.148700 -0.196800
vt 0.146500 -0.184900
vt 0.144100 -0.185300
vt 0.146500 -0.196800
vt 0.142100 -0.186600
vt 0.144100 -0.196300
vt 0.140900 -0.188500
vt 0.142400 -0.195100
vt 0.140400 -0.191000
vt 0.140900 -0.193200
vt 0.106000 -0.236600
vt 0.110600 -0.234700
vt 0.109200 -0.234400
vt 0.107900 -0.233500
vt 0.115300 -0.236600
vt 0.112100 -0.234400
vt 0.113300 -0.233500
vt 0.114000 -0.232200
vt 0.114300 -0.231000
vt 0.115300 -0.229500
vt 0.114300 -0.229500
vt 0.114300 -0.228300
vt 0.115300 -0.222700
vt 0.114000 -0.226900
vt 0.113300 -0.225600
vt 0.112100 -0.224700
vt 0.110600 -0.224400
vt 0.106000 -0.222700
vt 0.109200 -0.224700
vt 0.107900 -0.225600
vt 0.107200 -0.226900
vt 0.107000 -0.228300
vt 0.106000 -0.229500
vt 0.107000 -0.229500
vt 0.103800 -0.222700
vt 0.103800 -0.229500
vt 0.103800 -0.236600
vt 0.107000 -0.231000
vt 0.107200 -0.232200
vt 0.115300 -0.238600
vt 0.106700 -0.238600
vt 0.117500 -0.236600
vt 0.117500 -0.229500
vt 0.117500 -0.222700
vt 0.115300 -0.245700
vt 0.106700 -0.245700
vt 0.106700 -0.220500
vt 0.115300 -0.220500
vt 0.106700 -0.213400
vt 0.115300 -0.213400
vt 0.572900 -0.381900
vt 0.606100 -0.374600
vt 0.603400 -0.381900
vt 0.572900 -0.364600
vt 0.612700 -0.364600
vt 0.612700 -0.374600
vt 0.572900 -0.383900
vt 0.603400 -0.383900
vt 0.570900 -0.364600
vt 0.570900 -0.381900
vt 0.612700 -0.362600
vt 0.572900 -0.362600
vt 0.607300 -0.376600
vt 0.605100 -0.382700
vt 0.614700 -0.364800
vt 0.614700 -0.374600
vt 0.612700 -0.376600
vt 0.499100 -0.368700
vt 0.499100 -0.363100
vt 0.494300 -0.368700
vt 0.507900 -0.368700
vt 0.494300 -0.363100
vt 0.507900 -0.363100
vt 0.517700 -0.368700
vt 0.517700 -0.363100
vt 0.489400 -0.368700
vt 0.489400 -0.363100
vt 0.484500 -0.368700
vt 0.484500 -0.363100
vt 0.479900 -0.368700
vt 0.479900 -0.363100
vt 0.475000 -0.368700
vt 0.475000 -0.363100
vt 0.470100 -0.368700
vt 0.470100 -0.363100
vt 0.467600 -0.368700
vt 0.467600 -0.363100
vt 0.455700 -0.368700
vt 0.455700 -0.363100
vt 0.445900 -0.368700
vt 0.445900 -0.363100
vt 0.444400 -0.368700
vt 0.444400 -0.363100
vt 0.413200 -0.378800
vt 0.418600 -0.385800
vt 0.402400 -0.387500
vt 0.421700 -0.387300
vt 0.427800 -0.384600
vt 0.430300 -0.378800
vt 0.402400 -0.383900
vt 0.389300 -0.387500
vt 0.389000 -0.385300
vt 0.421700 -0.370200
vt 0.427800 -0.372600
vt 0.415600 -0.372600
vt 0.614700 -0.364600
vt 0.469400 -0.379700
vt 0.464700 -0.379700
vt 0.469400 -0.385600
vt 0.464700 -0.385600
vt 0.474200 -0.385600
vt 0.455900 -0.385600
vt 0.474200 -0.379700
vt 0.455900 -0.379700
vt 0.445900 -0.385600
vt 0.445900 -0.379700
vt 0.479100 -0.385600
vt 0.479100 -0.379700
vt 0.484000 -0.385600
vt 0.484000 -0.379700
vt 0.488600 -0.385600
vt 0.488600 -0.379700
vt 0.493500 -0.385600
vt 0.493500 -0.379700
vt 0.496000 -0.385600
vt 0.496000 -0.379700
vt 0.507900 -0.385600
vt 0.507900 -0.379700
vt 0.517700 -0.385600
vt 0.517700 -0.379700
vt 0.444400 -0.379700
vt 0.444400 -0.385600
vt 0.392700 -0.360700
vt 0.398000 -0.368000
vt 0.409000 -0.359500
vt 0.389700 -0.359200
vt 0.383600 -0.361700
vt 0.381000 -0.367800
vt 0.409000 -0.362900
vt 0.422200 -0.359500
vt 0.422200 -0.361700
vt 0.389500 -0.376300
vt 0.383400 -0.373600
vt 0.395600 -0.373900
vt 0.538000 -0.374600
vt 0.540700 -0.381900
vt 0.531100 -0.374600
vt 0.531100 -0.364600
vt 0.363400 -0.361700
vt 0.363400 -0.366500
vt 0.368700 -0.361700
vt 0.368700 -0.367500
vt 0.358200 -0.365600
vt 0.358200 -0.361700
vt 0.351900 -0.363900
vt 0.351900 -0.361700
vt 0.344600 -0.362900
vt 0.344600 -0.361700
vt 0.337500 -0.363900
vt 0.337500 -0.361700
vt 0.331100 -0.365600
vt 0.331100 -0.361700
vt 0.325800 -0.366500
vt 0.325800 -0.361700
vt 0.320600 -0.367500
vt 0.320600 -0.361700
vt 0.310400 -0.359500
vt 0.308700 -0.362100
vt 0.310400 -0.385100
vt 0.308700 -0.382400
vt 0.306500 -0.364600
vt 0.306500 -0.380000
vt 0.304300 -0.376800
vt 0.304300 -0.367800
vt 0.303300 -0.372400
vt 0.365300 -0.383400
vt 0.360900 -0.380500
vt 0.323800 -0.383400
vt 0.328400 -0.380500
vt 0.356800 -0.376800
vt 0.332400 -0.376800
vt 0.351900 -0.373100
vt 0.337500 -0.373100
vt 0.344600 -0.371200
vt 0.326000 -0.366500
vt 0.344600 -0.362600
vt 0.351900 -0.361400
vt 0.358200 -0.365300
vt 0.358200 -0.361400
vt 0.363400 -0.361400
vt 0.368700 -0.367300
vt 0.368700 -0.361400
vt 0.967000 -0.854000
vt 0.969000 -0.856200
vt 0.966100 -0.851000
vt 0.972200 -0.858600
vt 0.965800 -0.847600
vt 0.975300 -0.859300
vt 0.978800 -0.858600
vt 0.966100 -0.844400
vt 0.981700 -0.856400
vt 0.967000 -0.841500
vt 0.983600 -0.854200
vt 0.969000 -0.839300
vt 0.984900 -0.851300
vt 0.972200 -0.837100
vt 0.985100 -0.847900
vt 0.975600 -0.836400
vt 0.978800 -0.837100
vt 0.984900 -0.844700
vt 0.981900 -0.839300
vt 0.983900 -0.841800
vt 0.134100 -0.326500
vt 0.130600 -0.326500
vt 0.134100 -0.329400
vt 0.130600 -0.323600
vt 0.130600 -0.329400
vt 0.134100 -0.323600
vt 0.134100 -0.332400
vt 0.130600 -0.320600
vt 0.130600 -0.332400
vt 0.134100 -0.320600
vt 0.134100 -0.335300
vt 0.130600 -0.317700
vt 0.130600 -0.335300
vt 0.134100 -0.317700
vt 0.134100 -0.338200
vt 0.130600 -0.314800
vt 0.130600 -0.338200
vt 0.134100 -0.314800
vt 0.134100 -0.341100
vt 0.130600 -0.311800
vt 0.130600 -0.341100
vt 0.134100 -0.311800
vt 0.134100 -0.343800
vt 0.130600 -0.308900
vt 0.130600 -0.343800
vt 0.134100 -0.308900
vt 0.134100 -0.346800
vt 0.130600 -0.306200
vt 0.130600 -0.346800
vt 0.134100 -0.349700
vt 0.130600 -0.349700
vt 0.134100 -0.306200
vt 0.130600 -0.303300
vt 0.134100 -0.303300
vt 0.178300 -0.242700
vt 0.176600 -0.240300
vt 0.178800 -0.245400
vt 0.176600 -0.250800
vt 0.178300 -0.248400
vt 0.174100 -0.252500
vt 0.171400 -0.253000
vt 0.166100 -0.250800
vt 0.168500 -0.252500
vt 0.174100 -0.238600
vt 0.171400 -0.238100
vt 0.166100 -0.240300
vt 0.168500 -0.238600
vt 0.163900 -0.245400
vt 0.164600 -0.248400
vt 0.164600 -0.242700
vt 0.126700 -0.224200
vt 0.126700 -0.227100
vt 0.135500 -0.224200
vt 0.135500 -0.227100
vt 0.135500 -0.221000
vt 0.126700 -0.230300
vt 0.126700 -0.221000
vt 0.135500 -0.230300
vt 0.135500 -0.218100
vt 0.126700 -0.233200
vt 0.126700 -0.218100
vt 0.135500 -0.233200
vt 0.126700 -0.236400
vt 0.135500 -0.236400
vt 0.135500 -0.215100
vt 0.126700 -0.215100
vt 0.135500 -0.212000
vt 0.126700 -0.212000
vt 0.157800 -0.229500
vt 0.157300 -0.226600
vt 0.157300 -0.232500
vt 0.153100 -0.236400
vt 0.155600 -0.234900
vt 0.150400 -0.237100
vt 0.147500 -0.236600
vt 0.143300 -0.232500
vt 0.145100 -0.234900
vt 0.155600 -0.224400
vt 0.153100 -0.222700
vt 0.147500 -0.222700
vt 0.150200 -0.222200
vt 0.143300 -0.226900
vt 0.142900 -0.229500
vt 0.145100 -0.224400
vt 0.132800 -0.270100
vt 0.129400 -0.270100
vt 0.132800 -0.272800
vt 0.129400 -0.267200
vt 0.129400 -0.272800
vt 0.132800 -0.267200
vt 0.132800 -0.275700
vt 0.129400 -0.264200
vt 0.129400 -0.275700
vt 0.132800 -0.264200
vt 0.132800 -0.278600
vt 0.129400 -0.261300
vt 0.129400 -0.278600
vt 0.132800 -0.261300
vt 0.132800 -0.281600
vt 0.129400 -0.258400
vt 0.129400 -0.281600
vt 0.132800 -0.258400
vt 0.132800 -0.284500
vt 0.129400 -0.255400
vt 0.129400 -0.284500
vt 0.132800 -0.255400
vt 0.132800 -0.287400
vt 0.129400 -0.252500
vt 0.129400 -0.287400
vt 0.132800 -0.252500
vt 0.132800 -0.290400
vt 0.129400 -0.249600
vt 0.129400 -0.290400
vt 0.132800 -0.293300
vt 0.129400 -0.293300
vt 0.132800 -0.249600
vt 0.129400 -0.246600
vt 0.132800 -0.246600
vt 0.173600 -0.220800
vt 0.175800 -0.218800
vt 0.170900 -0.222000
vt 0.165300 -0.220800
vt 0.168000 -0.222000
vt 0.163400 -0.218600
vt 0.162100 -0.215900
vt 0.163400 -0.210300
vt 0.162400 -0.212900
vt 0.176800 -0.216100
vt 0.177000 -0.213200
vt 0.173900 -0.208500
vt 0.175800 -0.210500
vt 0.168300 -0.207300
vt 0.165600 -0.208300
vt 0.171200 -0.207300
vt 0.158000 -0.313300
vt 0.191000 -0.313300
vt 0.158000 -0.308400
vt 0.191000 -0.308400
vt 0.158000 -0.320400
vt 0.158000 -0.323600
vt 0.191000 -0.320400
vt 0.191000 -0.323600
vt 0.145100 -0.329400
vt 0.145100 -0.325800
vt 0.141900 -0.329400
vt 0.141900 -0.336500
vt 0.145100 -0.336500
vt 0.150400 -0.329400
vt 0.150400 -0.316000
vt 0.145100 -0.316000
vt 0.145100 -0.306200
vt 0.150400 -0.302600
vt 0.145100 -0.302600
vt 0.141900 -0.302600
vt 0.145100 -0.256400
vt 0.145100 -0.266200
vt 0.150400 -0.266200
vt 0.145100 -0.275900
vt 0.150400 -0.252700
vt 0.150400 -0.279600
vt 0.145100 -0.279600
vt 0.141900 -0.279600
vt 0.145100 -0.252700
vt 0.141900 -0.252700
vt 0.145100 -0.245700
vt 0.141900 -0.245700
vt 0.158000 -0.330600
vt 0.158000 -0.336300
vt 0.191000 -0.330600
vt 0.191000 -0.336300
vt 0.191000 -0.298700
vt 0.158000 -0.298700
vt 0.158000 -0.288600
vt 0.191000 -0.288600
vt 0.191000 -0.284000
vt 0.158000 -0.284000
vt 0.191000 -0.273500
vt 0.158000 -0.273500
vt 0.191000 -0.276900
vt 0.158000 -0.276900
vt 0.191000 -0.261100
vt 0.158000 -0.261100
vt 0.191000 -0.266400
vt 0.158000 -0.266400
vt 0.145100 -0.286700
vt 0.141900 -0.286700
vt 0.141900 -0.295500
vt 0.145100 -0.295500
vt 0.120100 -0.356000
vt 0.120100 -0.359000
vt 0.114300 -0.356000
vt 0.114300 -0.359000
vt 0.111100 -0.357800
vt 0.114300 -0.367800
vt 0.108700 -0.359700
vt 0.107700 -0.362400
vt 0.107700 -0.367800
vt 0.115000 -0.370500
vt 0.114000 -0.379200
vt 0.107700 -0.384100
vt 0.116700 -0.371900
vt 0.119200 -0.372200
vt 0.120600 -0.373100
vt 0.121900 -0.374600
vt 0.044400 -0.379200
vt 0.040800 -0.379200
vt 0.044400 -0.365100
vt 0.040800 -0.365100
vt 0.035200 -0.379200
vt 0.035200 -0.365100
vt 0.044700 -0.384600
vt 0.040800 -0.384600
vt 0.047600 -0.381900
vt 0.047600 -0.379200
vt 0.047600 -0.365100
vt 0.050500 -0.379200
vt 0.050500 -0.365100
vt 0.055700 -0.365100
vt 0.055700 -0.379200
vt 0.072300 -0.379200
vt 0.072300 -0.365100
vt 0.017800 -0.384600
vt 0.026600 -0.379200
vt 0.029500 -0.384600
vt 0.029500 -0.379200
vt 0.026600 -0.365100
vt 0.017800 -0.365100
vt 0.014900 -0.365100
vt 0.014900 -0.384600
vt 0.012700 -0.384600
vt 0.012700 -0.365100
vt 0.010300 -0.384600
vt 0.010300 -0.365100
vt 0.008500 -0.365100
vt 0.008500 -0.384600
vt 0.006600 -0.384600
vt 0.006600 -0.365100
vt 0.055700 -0.385600
vt 0.069400 -0.385600
vt 0.045900 -0.385600
vt 0.032200 -0.365100
vt 0.032200 -0.379200
vt 0.032200 -0.384900
vt 0.035200 -0.384900
vt 0.119200 -0.322300
vt 0.122600 -0.324300
vt 0.119200 -0.334100
vt 0.122600 -0.334100
vt 0.122600 -0.347700
vt 0.118400 -0.336800
vt 0.116700 -0.338200
vt 0.114500 -0.338500
vt 0.112800 -0.339700
vt 0.111600 -0.340900
vt 0.107400 -0.386800
vt 0.114300 -0.381400
vt 0.123800 -0.376100
vt 0.074500 -0.379200
vt 0.074500 -0.363900
vt 0.074500 -0.379000
vt 0.071600 -0.386600
vt 0.109600 -0.342400
vt 0.122600 -0.350200
vt 0.004600 -0.363900
vt 0.004600 -0.385800
vt 0.114500 -0.293000
vt 0.120100 -0.293000
vt 0.114500 -0.290100
vt 0.120100 -0.290100
vt 0.111400 -0.291800
vt 0.114500 -0.301800
vt 0.108900 -0.293800
vt 0.107900 -0.296500
vt 0.107900 -0.301800
vt 0.115300 -0.304500
vt 0.114300 -0.313300
vt 0.107900 -0.318200
vt 0.117000 -0.306000
vt 0.119400 -0.306200
vt 0.120900 -0.307400
vt 0.122100 -0.308700
vt 0.100100 -0.289100
vt 0.086000 -0.289400
vt 0.100100 -0.293000
vt 0.086000 -0.283500
vt 0.100100 -0.283500
vt 0.086000 -0.293000
vt 0.080800 -0.293000
vt 0.080800 -0.289400
vt 0.083500 -0.296000
vt 0.086200 -0.296000
vt 0.100100 -0.296000
vt 0.086000 -0.298900
vt 0.100100 -0.298900
vt 0.100100 -0.304300
vt 0.086000 -0.304300
vt 0.086000 -0.320600
vt 0.100100 -0.320600
vt 0.086000 -0.275000
vt 0.080800 -0.266400
vt 0.080800 -0.277900
vt 0.086000 -0.277900
vt 0.100100 -0.275000
vt 0.100100 -0.266400
vt 0.100100 -0.263500
vt 0.080800 -0.263500
vt 0.080800 -0.261300
vt 0.100100 -0.261300
vt 0.080800 -0.258900
vt 0.100100 -0.258900
vt 0.100100 -0.256900
vt 0.080800 -0.256900
vt 0.080800 -0.255200
vt 0.100100 -0.255200
vt 0.079900 -0.304300
vt 0.079900 -0.317700
vt 0.079900 -0.294300
vt 0.086000 -0.280800
vt 0.100100 -0.280800
vt 0.080300 -0.283500
vt 0.080300 -0.280800
vt 0.109600 -0.268900
vt 0.109600 -0.278600
vt 0.113100 -0.268900
vt 0.113100 -0.280300
vt 0.109600 -0.255200
vt 0.113800 -0.265900
vt 0.115500 -0.264500
vt 0.117700 -0.264200
vt 0.119400 -0.263200
vt 0.120600 -0.261800
vt 0.114500 -0.315500
vt 0.107700 -0.320900
vt 0.124100 -0.310100
vt 0.101300 -0.322800
vt 0.086000 -0.322800
vt 0.078900 -0.320100
vt 0.086200 -0.322800
vt 0.109600 -0.252700
vt 0.122600 -0.260600
vt 0.079600 -0.253200
vt 0.101300 -0.253200
vt 0.012000 -0.340400
vt 0.012000 -0.343600
vt 0.065400 -0.340400
vt 0.065400 -0.343600
vt 0.012000 -0.350700
vt 0.012000 -0.354600
vt 0.065400 -0.350700
vt 0.065400 -0.354600
vt 0.065400 -0.331100
vt 0.012000 -0.331100
vt 0.008800 -0.340400
vt 0.008800 -0.333300
vt 0.006800 -0.326000
vt 0.005900 -0.326000
vt 0.005100 -0.333300
vt 0.068600 -0.340400
vt 0.068600 -0.333300
vt 0.070600 -0.326000
vt 0.071600 -0.326000
vt 0.072300 -0.333300
vt 0.098900 -0.331400
vt 0.096700 -0.331400
vt 0.098900 -0.386300
vt 0.096700 -0.386300
vt 0.085500 -0.386300
vt 0.087700 -0.386300
vt 0.085500 -0.331400
vt 0.087700 -0.331400
vt 0.096500 -0.388300
vt 0.087400 -0.388300
vt 0.087400 -0.329200
vt 0.096500 -0.329200
vt 0.095700 -0.332100
vt 0.088400 -0.332100
vt 0.095700 -0.385300
vt 0.088400 -0.385300
vt 0.065400 -0.323800
vt 0.065400 -0.322800
vt 0.012000 -0.323800
vt 0.012000 -0.322800
vt 0.065400 -0.272000
vt 0.012000 -0.272000
vt 0.065400 -0.268900
vt 0.012000 -0.268900
vt 0.065400 -0.282800
vt 0.012000 -0.282800
vt 0.065400 -0.279100
vt 0.012000 -0.279100
vt 0.012000 -0.259300
vt 0.065400 -0.259300
vt 0.008800 -0.261800
vt 0.008800 -0.268900
vt 0.006800 -0.254500
vt 0.005900 -0.254500
vt 0.005100 -0.261800
vt 0.068600 -0.261800
vt 0.068600 -0.268900
vt 0.070600 -0.254500
vt 0.071600 -0.254500
vt 0.072300 -0.261800
vt 0.064000 -0.295500
vt 0.009000 -0.295500
vt 0.064000 -0.293500
vt 0.009000 -0.293500
vt 0.009000 -0.304500
vt 0.064000 -0.304500
vt 0.009000 -0.306700
vt 0.064000 -0.306700
vt 0.066200 -0.304800
vt 0.066200 -0.295700
vt 0.006800 -0.295700
vt 0.006800 -0.304800
vt 0.063200 -0.296500
vt 0.009800 -0.296500
vt 0.009800 -0.303800
vt 0.063200 -0.303800
vt 0.012000 -0.251300
vt 0.065400 -0.251300
vt 0.012000 -0.252300
vt 0.065400 -0.252300
vt 0.093800 -0.995800
vt 0.093800 -0.992700
vt 0.097900 -0.995800
vt 0.097900 -0.992400
vt 0.101800 -0.992400
vt 0.101800 -0.995800
vt 0.089600 -0.992700
vt 0.089600 -0.995800
vt 0.085200 -0.995800
vt 0.085200 -0.992400
vt 0.081100 -0.995800
vt 0.081100 -0.991700
vt 0.076900 -0.995800
vt 0.076900 -0.991200
vt 0.072800 -0.995800
vt 0.072800 -0.990700
vt 0.068600 -0.991200
vt 0.068600 -0.995800
vt 0.064500 -0.991500
vt 0.064500 -0.995800
vt 0.060100 -0.992200
vt 0.060100 -0.995800
vt 0.055900 -0.992700
vt 0.055900 -0.995800
vt 0.051800 -0.995800
vt 0.051800 -0.992400
vt 0.047600 -0.995800
vt 0.047600 -0.992400
vt 0.043700 -0.995800
vt 0.043700 -0.991900
vt 0.109900 -0.991900
vt 0.113100 -0.991700
vt 0.109900 -0.995800
vt 0.113100 -0.995800
vt 0.105700 -0.992200
vt 0.105700 -0.995800
vt 0.004400 -0.983600
vt 0.005400 -0.979000
vt 0.020800 -0.983600
vt 0.007300 -0.974600
vt 0.011700 -0.974800
vt 0.015900 -0.972200
vt 0.020800 -0.971200
vt 0.033200 -0.983600
vt 0.025400 -0.972200
vt 0.029500 -0.974800
vt 0.032200 -0.979000
vt 0.020800 -0.996300
vt 0.032200 -0.988500
vt 0.029500 -0.992700
vt 0.025400 -0.995400
vt 0.015900 -0.995400
vt 0.011700 -0.992700
vt 0.007300 -0.992700
vt 0.005400 -0.988500
vt 0.039800 -0.995800
vt 0.039800 -0.991700
vt 0.017300 -0.762400
vt 0.010700 -0.762400
vt 0.017300 -0.767500
vt 0.010700 -0.757500
vt 0.010700 -0.767500
vt 0.017300 -0.772400
vt 0.010700 -0.772400
vt 0.017300 -0.757500
vt 0.010700 -0.752400
vt 0.017300 -0.752400
vt 0.010700 -0.747500
vt 0.017300 -0.747500
vt 0.010700 -0.742400
vt 0.017300 -0.742400
vt 0.010700 -0.737500
vt 0.017300 -0.737500
vt 0.010700 -0.732400
vt 0.017300 -0.732400
vt 0.019300 -0.870600
vt 0.013900 -0.865400
vt 0.013900 -0.872800
vt 0.021500 -0.865400
vt 0.008800 -0.870600
vt 0.019300 -0.860100
vt 0.006600 -0.865400
vt 0.013900 -0.857900
vt 0.008800 -0.860100
vt 0.007600 -0.099100
vt 0.009500 -0.098900
vt 0.007100 -0.095000
vt 0.009000 -0.095000
vt 0.009500 -0.091100
vt 0.007600 -0.090800
vt 0.934800 -0.059800
vt 0.939400 -0.059800
vt 0.934800 -0.057100
vt 0.014900 -0.059800
vt 0.014900 -0.057100
vt 0.014900 -0.055400
vt 0.934800 -0.055400
vt 0.939400 -0.055700
vt 0.939400 -0.057400
vt 0.944800 -0.055900
vt 0.944800 -0.057600
vt 0.944800 -0.060300
vt 0.962100 -0.056200
vt 0.962100 -0.057900
vt 0.962100 -0.060600
vt 0.979200 -0.056400
vt 0.979200 -0.058100
vt 0.979200 -0.060800
vt 0.994600 -0.056700
vt 0.994600 -0.060800
vt 0.994600 -0.058100
vt 0.934800 -0.039600
vt 0.934800 -0.044400
vt 0.939400 -0.039300
vt 0.014900 -0.044400
vt 0.014900 -0.039600
vt 0.014900 -0.046400
vt 0.934800 -0.032500
vt 0.014900 -0.032500
vt 0.014900 -0.025200
vt 0.934800 -0.025400
vt 0.014900 -0.020300
vt 0.939400 -0.025600
vt 0.934800 -0.020500
vt 0.014900 -0.018300
vt 0.934800 -0.018300
vt 0.014900 -0.015900
vt 0.939400 -0.020500
vt 0.939400 -0.032500
vt 0.934800 -0.015900
vt 0.014900 -0.013400
vt 0.934800 -0.013400
vt 0.939400 -0.015900
vt 0.014900 -0.011500
vt 0.939400 -0.018100
vt 0.939400 -0.013400
vt 0.944800 -0.020500
vt 0.944800 -0.016100
vt 0.944800 -0.013200
vt 0.939400 -0.011200
vt 0.934800 -0.011500
vt 0.014900 -0.009300
vt 0.934800 -0.009300
vt 0.939400 -0.009300
vt 0.944800 -0.011000
vt 0.944800 -0.008800
vt 0.962100 -0.008500
vt 0.962100 -0.012700
vt 0.962100 -0.010700
vt 0.979200 -0.008300
vt 0.962100 -0.016600
vt 0.979200 -0.012200
vt 0.979200 -0.010300
vt 0.994600 -0.008300
vt 0.994600 -0.010300
vt 0.994600 -0.012000
vt 0.979200 -0.016800
vt 0.994600 -0.017600
vt 0.962100 -0.021000
vt 0.979200 -0.021700
vt 0.994600 -0.022500
vt 0.944800 -0.025900
vt 0.962100 -0.026600
vt 0.944800 -0.032500
vt 0.979200 -0.027100
vt 0.994600 -0.027600
vt 0.962100 -0.032500
vt 0.944800 -0.039100
vt 0.979200 -0.032500
vt 0.994600 -0.032500
vt 0.994600 -0.037400
vt 0.979200 -0.037600
vt 0.994600 -0.042500
vt 0.962100 -0.038300
vt 0.979200 -0.043200
vt 0.994600 -0.047400
vt 0.962100 -0.043700
vt 0.979200 -0.047900
vt 0.994600 -0.052700
vt 0.944800 -0.044400
vt 0.962100 -0.048400
vt 0.939400 -0.044400
vt 0.939400 -0.046600
vt 0.944800 -0.048800
vt 0.934800 -0.046600
vt 0.939400 -0.049100
vt 0.934800 -0.049100
vt 0.014900 -0.049100
vt 0.014900 -0.051500
vt 0.934800 -0.051300
vt 0.014900 -0.053500
vt 0.944800 -0.051500
vt 0.939400 -0.051500
vt 0.962100 -0.052300
vt 0.944800 -0.053700
vt 0.939400 -0.053500
vt 0.934800 -0.053500
vt 0.962100 -0.054200
vt 0.979200 -0.052700
vt 0.979200 -0.054500
vt 0.994600 -0.054700
vt 0.035700 -0.118200
vt 0.038600 -0.117900
vt 0.035700 -0.116000
vt 0.038600 -0.116000
vt 0.158000 -0.117900
vt 0.032500 -0.116200
vt 0.032500 -0.118200
vt 0.029800 -0.116200
vt 0.029800 -0.117900
vt 0.024200 -0.117200
vt 0.024200 -0.116000
vt 0.019000 -0.116700
vt 0.029800 -0.114300
vt 0.032500 -0.114300
vt 0.035700 -0.114000
vt 0.018800 -0.115800
vt 0.013900 -0.116000
vt 0.035700 -0.111600
vt 0.013700 -0.115300
vt 0.009300 -0.115500
vt 0.013700 -0.114000
vt 0.018800 -0.113600
vt 0.018800 -0.115000
vt 0.024200 -0.113100
vt 0.024200 -0.114500
vt 0.029800 -0.112300
vt 0.032500 -0.111800
vt 0.038600 -0.113800
vt 0.113600 -0.113600
vt 0.114300 -0.114300
vt 0.112600 -0.111600
vt 0.115000 -0.113300
vt 0.158000 -0.115800
vt 0.218800 -0.117900
vt 0.218800 -0.116000
vt 0.038600 -0.111600
vt 0.038600 -0.109200
vt 0.112600 -0.109600
vt 0.113600 -0.108700
vt 0.209000 -0.114300
vt 0.218800 -0.113800
vt 0.158000 -0.113800
vt 0.116200 -0.111400
vt 0.209800 -0.113300
vt 0.210700 -0.111400
vt 0.208300 -0.113600
vt 0.218800 -0.111600
vt 0.210700 -0.109600
vt 0.218800 -0.109200
vt 0.209500 -0.108700
vt 0.218800 -0.107000
vt 0.158000 -0.111600
vt 0.207100 -0.111600
vt 0.116200 -0.109600
vt 0.207100 -0.109600
vt 0.158000 -0.109200
vt 0.115000 -0.108700
vt 0.208100 -0.108700
vt 0.158000 -0.107000
vt 0.038600 -0.107000
vt 0.158000 -0.102300
vt 0.038600 -0.102300
vt 0.218800 -0.102300
vt 0.035700 -0.107000
vt 0.158000 -0.095000
vt 0.218800 -0.095000
vt 0.038600 -0.095000
vt 0.035700 -0.095000
vt 0.158000 -0.087700
vt 0.218800 -0.087900
vt 0.038600 -0.087700
vt 0.158000 -0.083000
vt 0.218800 -0.083000
vt 0.035700 -0.087900
vt 0.209500 -0.081300
vt 0.218800 -0.080800
vt 0.210700 -0.080300
vt 0.218800 -0.078400
vt 0.210700 -0.078600
vt 0.218800 -0.076200
vt 0.209800 -0.076400
vt 0.208100 -0.081300
vt 0.209000 -0.075700
vt 0.218800 -0.074000
vt 0.208300 -0.076400
vt 0.218800 -0.072000
vt 0.158000 -0.072000
vt 0.158000 -0.074000
vt 0.038600 -0.072000
vt 0.158000 -0.076200
vt 0.158000 -0.078400
vt 0.207100 -0.078400
vt 0.115000 -0.076400
vt 0.116200 -0.078600
vt 0.114300 -0.075700
vt 0.116200 -0.080300
vt 0.113600 -0.076400
vt 0.207100 -0.080300
vt 0.158000 -0.080800
vt 0.115000 -0.081300
vt 0.113600 -0.081300
vt 0.038600 -0.083000
vt 0.038600 -0.080800
vt 0.112600 -0.080300
vt 0.035700 -0.083000
vt 0.112600 -0.078400
vt 0.038600 -0.078400
vt 0.035700 -0.080800
vt 0.032500 -0.087900
vt 0.038600 -0.076200
vt 0.038600 -0.074000
vt 0.035700 -0.074000
vt 0.035700 -0.071800
vt 0.035700 -0.075900
vt 0.032500 -0.071800
vt 0.035700 -0.078400
vt 0.032500 -0.075700
vt 0.032500 -0.073700
vt 0.029800 -0.072000
vt 0.032500 -0.078100
vt 0.029800 -0.075700
vt 0.029800 -0.077700
vt 0.024200 -0.076900
vt 0.029800 -0.073700
vt 0.024200 -0.075200
vt 0.018800 -0.076400
vt 0.024200 -0.074000
vt 0.024200 -0.072500
vt 0.018800 -0.074200
vt 0.019000 -0.073300
vt 0.018800 -0.075000
vt 0.013700 -0.075900
vt 0.013700 -0.074500
vt 0.013900 -0.074000
vt 0.009300 -0.074500
vt 0.035700 -0.119900
vt 0.032500 -0.119900
vt 0.038600 -0.119700
vt 0.038600 -0.122300
vt 0.035700 -0.122300
vt 0.158000 -0.122300
vt 0.032500 -0.122300
vt 0.029800 -0.121900
vt 0.158000 -0.119700
vt 0.218800 -0.122300
vt 0.218800 -0.119700
vt 0.029800 -0.119400
vt 0.024200 -0.120600
vt 0.024200 -0.118400
vt 0.018800 -0.119700
vt 0.019000 -0.117200
vt 0.013400 -0.118700
vt 0.013900 -0.116200
vt 0.009800 -0.117500
vt 0.029800 -0.106000
vt 0.032500 -0.106700
vt 0.029800 -0.101600
vt 0.029100 -0.103800
vt 0.028300 -0.102600
vt 0.028800 -0.105300
vt 0.026900 -0.102100
vt 0.029800 -0.107900
vt 0.027600 -0.106000
vt 0.032500 -0.108900
vt 0.032500 -0.111100
vt 0.029800 -0.109900
vt 0.024200 -0.107200
vt 0.035700 -0.109200
vt 0.024200 -0.105500
vt 0.025900 -0.105700
vt 0.019000 -0.104500
vt 0.025200 -0.104300
vt 0.019000 -0.103300
vt 0.013700 -0.102100
vt 0.024200 -0.104300
vt 0.013700 -0.101100
vt 0.019000 -0.102600
vt 0.024200 -0.100900
vt 0.025600 -0.102800
vt 0.019000 -0.100400
vt 0.013700 -0.099600
vt 0.024200 -0.095000
vt 0.013900 -0.095000
vt 0.019000 -0.095000
vt 0.029800 -0.095000
vt 0.013700 -0.090400
vt 0.019000 -0.089600
vt 0.024200 -0.089100
vt 0.013700 -0.088900
vt 0.013700 -0.087900
vt 0.019000 -0.085500
vt 0.019000 -0.087400
vt 0.019000 -0.086700
vt 0.024200 -0.082800
vt 0.024200 -0.085700
vt 0.024200 -0.084500
vt 0.029800 -0.080100
vt 0.025200 -0.085700
vt 0.025600 -0.087200
vt 0.025900 -0.084200
vt 0.026900 -0.087900
vt 0.027400 -0.084000
vt 0.029800 -0.088400
vt 0.028300 -0.087400
vt 0.029100 -0.086200
vt 0.029800 -0.082100
vt 0.028800 -0.084700
vt 0.029800 -0.084000
vt 0.032500 -0.078900
vt 0.032500 -0.083300
vt 0.032500 -0.081100
vt 0.032500 -0.095000
vt 0.032500 -0.102100
vt 0.035700 -0.102300
vt 0.996100 -0.060800
vt 0.996100 -0.058100
vt 0.939400 -0.007600
vt 0.939400 -0.004900
vt 0.934800 -0.007600
vt 0.934800 -0.005100
vt 0.014900 -0.005100
vt 0.014900 -0.007600
vt 0.944800 -0.007100
vt 0.944800 -0.004600
vt 0.962100 -0.006800
vt 0.962100 -0.004400
vt 0.979200 -0.006800
vt 0.979200 -0.004200
vt 0.994600 -0.004200
vt 0.994600 -0.006600
vt 0.035700 -0.070100
vt 0.038600 -0.070300
vt 0.032500 -0.070100
vt 0.035700 -0.067600
vt 0.038600 -0.067600
vt 0.032500 -0.067600
vt 0.029800 -0.068100
vt 0.158000 -0.070300
vt 0.158000 -0.067600
vt 0.218800 -0.070300
vt 0.218800 -0.067600
vt 0.029800 -0.070600
vt 0.024200 -0.069100
vt 0.024200 -0.071600
vt 0.019000 -0.072500
vt 0.018800 -0.070300
vt 0.013900 -0.073700
vt 0.013400 -0.071300
vt 0.009800 -0.072500
vt 0.996100 -0.006600
vt 0.996100 -0.004200
vt 0.004200 -0.133100
vt 0.009300 -0.133100
vt 0.004400 -0.134800
vt 0.004200 -0.131600
vt 0.009300 -0.134800
vt 0.009300 -0.131600
vt 0.005400 -0.136500
vt 0.004400 -0.129900
vt 0.009300 -0.136500
vt 0.009300 -0.138000
vt 0.007300 -0.138000
vt 0.009300 -0.129900
vt 0.005400 -0.128200
vt 0.009300 -0.128200
vt 0.007300 -0.126700
vt 0.009300 -0.126700
vt 0.009300 -0.125000
vt 0.007300 -0.125000
vt 0.003900 -0.131600
vt 0.003900 -0.133300
vt 0.009300 -0.133300
vt 0.005400 -0.128400
vt 0.009300 -0.128400
vt 0.007300 -0.138200
vt 0.009300 -0.138200
vt 0.018100 -0.127700
vt 0.016100 -0.127700
vt 0.019300 -0.129200
vt 0.018100 -0.132400
vt 0.019300 -0.131100
vt 0.014900 -0.131100
vt 0.016100 -0.132400
vt 0.014900 -0.129200
vt 0.010700 -0.849800
vt 0.017300 -0.849800
vt 0.010700 -0.844400
vt 0.017300 -0.844400
vt 0.010700 -0.839300
vt 0.017300 -0.839300
vt 0.010700 -0.833900
vt 0.017300 -0.833900
vt 0.010700 -0.828800
vt 0.017300 -0.828800
vt 0.010700 -0.823700
vt 0.017300 -0.823700
vt 0.010700 -0.818300
vt 0.017100 -0.818300
vt 0.010700 -0.813200
vt 0.017300 -0.813200
vt 0.010700 -0.807800
vt 0.017300 -0.807800
vt 0.021000 -0.789700
vt 0.013900 -0.789700
vt 0.019000 -0.794600
vt 0.019000 -0.784600
vt 0.013900 -0.796800
vt 0.013900 -0.782700
vt 0.009000 -0.794600
vt 0.009000 -0.784600
vt 0.006800 -0.789700
vt 0.013900 -0.185300
vt 0.022000 -0.185300
vt 0.013700 -0.188800
vt 0.016400 -0.182900
vt 0.019800 -0.182900
vt 0.021700 -0.188800
vt 0.019300 -0.191200
vt 0.015900 -0.191200
vt 0.007800 -0.193400
vt 0.005600 -0.193200
vt 0.007800 -0.191000
vt 0.006100 -0.195600
vt 0.004900 -0.191000
vt 0.007800 -0.195600
vt 0.006100 -0.198000
vt 0.007800 -0.198000
vt 0.007800 -0.188800
vt 0.004400 -0.188800
vt 0.007800 -0.186300
vt 0.004400 -0.186300
vt 0.007800 -0.184100
vt 0.004900 -0.184100
vt 0.007800 -0.181700
vt 0.005600 -0.181700
vt 0.007800 -0.179500
vt 0.006100 -0.179500
vt 0.003900 -0.133100
vt 0.005600 -0.193400
vt 0.511100 -0.996300
vt 0.803700 -0.996300
vt 0.511100 -0.987100
vt 0.803700 -0.987100
vt 0.511100 -0.977500
vt 0.803700 -0.977800
vt 0.511100 -0.968300
vt 0.803700 -0.968500
vt 0.511100 -0.958500
vt 0.803700 -0.958500
vt 0.511100 -0.949900
vt 0.803700 -0.949900
vt 0.511100 -0.940700
vt 0.803700 -0.940700
vt 0.511100 -0.931400
vt 0.803700 -0.931400
vt 0.511100 -0.922100
vt 0.803700 -0.922100
vt 0.511100 -0.912800
vt 0.803700 -0.912800
vt 0.511100 -0.903500
vt 0.803700 -0.903500
vt 0.511100 -0.894300
vt 0.803700 -0.894300
vt 0.511100 -0.884500
vt 0.803700 -0.884200
vt 0.511100 -0.875700
vt 0.803700 -0.875700
vt 0.511100 -0.866400
vt 0.803700 -0.866400
vt 0.511100 -0.856900
vt 0.803700 -0.857100
vt 0.511100 -0.847600
vt 0.803700 -0.847900
vt 0.511100 -0.838300
vt 0.803700 -0.838600
vt 0.511100 -0.829100
vt 0.803700 -0.829300
vt 0.511100 -0.819800
vt 0.803700 -0.820000
vt 0.511100 -0.810000
vt 0.803700 -0.810300
vt 0.511100 -0.801500
vt 0.803700 -0.801500
vt 0.511100 -0.792200
vt 0.803700 -0.792200
vt 0.511100 -0.782900
vt 0.803700 -0.782900
vt 0.511100 -0.773600
vt 0.803700 -0.773600
vt 0.511100 -0.764300
vt 0.803700 -0.764300
vt 0.511100 -0.754800
vt 0.803700 -0.755100
vt 0.511100 -0.745500
vt 0.803700 -0.745800
vt 0.511100 -0.735800
vt 0.803700 -0.736000
vt 0.511100 -0.726700
vt 0.803700 -0.727200
vt 0.511100 -0.717500
vt 0.803700 -0.717900
vt 0.511100 -0.708400
vt 0.511100 -0.699100
vt 0.803700 -0.708700
vt 0.803700 -0.699100
vt 0.424900 -0.338500
vt 0.425200 -0.351600
vt 0.465200 -0.351600
vt 0.465200 -0.285500
vt 0.419300 -0.300100
vt 0.402700 -0.341100
vt 0.462300 -0.282800
vt 0.465200 -0.283300
vt 0.464700 -0.281600
vt 0.302300 -0.335500
vt 0.379200 -0.281100
vt 0.301300 -0.334600
vt 0.378800 -0.279900
vt 0.300400 -0.335300
vt 0.461100 -0.280300
vt 0.301300 -0.336500
vt 0.461100 -0.281100
vt 0.299100 -0.336800
vt 0.463200 -0.280300
vt 0.300400 -0.337500
vt 0.463000 -0.281100
vt 0.465400 -0.281100
vt 0.298400 -0.338700
vt 0.299900 -0.338900
vt 0.299900 -0.340400
vt 0.298400 -0.340400
vt 0.298400 -0.350900
vt 0.299900 -0.350900
vt 0.877900 -0.363900
vt 0.856900 -0.362900
vt 0.856900 -0.364800
vt 0.862000 -0.360900
vt 0.877900 -0.360900
vt 0.862000 -0.366800
vt 0.877900 -0.366800
vt 0.927500 -0.365100
vt 0.961900 -0.364300
vt 0.927500 -0.362900
vt 0.961900 -0.363600
vt 0.990200 -0.364100
vt 0.315300 -0.340400
vt 0.325500 -0.350900
vt 0.380500 -0.340900
vt 0.369700 -0.350900
vt 0.402700 -0.344100
vt 0.381900 -0.344100
vt 0.406100 -0.347700
vt 0.379500 -0.348000
vt 0.373600 -0.351600
vt 0.379500 -0.351600
vt 0.420000 -0.348200
vt 0.420000 -0.344100
vt 0.420000 -0.351600
vt 0.406100 -0.351600
vt 0.916500 -0.364100
vt 0.923300 -0.366800
vt 0.916500 -0.366800
vt 0.923300 -0.361200
vt 0.916500 -0.361200
vt 0.823400 -0.364600
vt 0.823400 -0.363100
vt 0.336000 -0.170700
vt 0.336300 -0.183600
vt 0.296200 -0.170700
vt 0.296000 -0.236900
vt 0.341900 -0.222200
vt 0.358500 -0.181200
vt 0.299100 -0.239600
vt 0.296000 -0.239100
vt 0.296500 -0.240500
vt 0.435700 -0.171200
vt 0.445900 -0.181900
vt 0.381900 -0.241000
vt 0.461300 -0.171200
vt 0.461300 -0.181900
vt 0.380700 -0.181200
vt 0.391700 -0.171200
vt 0.458900 -0.186600
vt 0.461300 -0.183400
vt 0.459800 -0.185800
vt 0.460800 -0.184600
vt 0.381900 -0.174400
vt 0.379500 -0.178300
vt 0.355100 -0.174400
vt 0.387500 -0.170700
vt 0.381900 -0.170700
vt 0.358700 -0.178300
vt 0.341100 -0.174100
vt 0.341100 -0.178300
vt 0.341100 -0.170700
vt 0.355100 -0.170700
vt 0.465900 -0.283000
vt 0.465900 -0.285500
vt 0.465900 -0.351600
vt 0.912800 -0.364100
vt 0.912800 -0.366800
vt 0.912800 -0.361200
vt 0.881600 -0.363900
vt 0.881600 -0.360900
vt 0.881600 -0.366800
vt 0.300100 -0.241000
vt 0.298200 -0.241000
vt 0.779200 -0.338500
vt 0.779500 -0.351600
vt 0.819300 -0.351600
vt 0.819300 -0.285500
vt 0.773400 -0.300100
vt 0.756800 -0.341100
vt 0.816400 -0.282800
vt 0.819300 -0.283300
vt 0.818800 -0.281600
vt 0.656400 -0.335500
vt 0.733600 -0.281100
vt 0.655700 -0.334600
vt 0.733100 -0.279900
vt 0.654700 -0.335300
vt 0.815400 -0.280300
vt 0.655400 -0.336500
vt 0.815400 -0.281100
vt 0.653200 -0.336800
vt 0.817600 -0.280300
vt 0.654500 -0.337500
vt 0.817300 -0.281100
vt 0.819500 -0.281100
vt 0.652700 -0.338700
vt 0.654200 -0.338900
vt 0.654200 -0.340400
vt 0.652700 -0.340400
vt 0.652700 -0.350900
vt 0.654000 -0.350900
vt 0.669400 -0.340400
vt 0.679600 -0.350900
vt 0.734600 -0.340900
vt 0.723800 -0.350900
vt 0.756800 -0.344100
vt 0.736000 -0.344100
vt 0.760200 -0.347700
vt 0.733600 -0.348000
vt 0.727700 -0.351600
vt 0.733600 -0.351600
vt 0.774400 -0.348200
vt 0.774400 -0.344100
vt 0.774400 -0.351600
vt 0.760200 -0.351600
vt 0.690400 -0.170700
vt 0.690400 -0.183600
vt 0.650300 -0.170700
vt 0.650300 -0.236900
vt 0.696200 -0.222200
vt 0.712800 -0.181200
vt 0.653200 -0.239600
vt 0.650300 -0.239100
vt 0.650800 -0.240500
vt 0.790000 -0.171200
vt 0.800200 -0.181900
vt 0.736000 -0.241000
vt 0.815600 -0.171200
vt 0.815400 -0.181900
vt 0.735000 -0.181200
vt 0.745800 -0.171200
vt 0.813200 -0.186600
vt 0.815400 -0.183400
vt 0.814200 -0.185800
vt 0.815100 -0.184600
vt 0.736000 -0.174400
vt 0.733600 -0.178300
vt 0.709400 -0.174400
vt 0.741900 -0.170700
vt 0.736000 -0.170700
vt 0.712800 -0.178300
vt 0.695200 -0.174100
vt 0.695500 -0.178300
vt 0.695500 -0.170700
vt 0.709400 -0.170700
vt 0.820300 -0.283000
vt 0.820000 -0.285500
vt 0.820000 -0.351600
vt 0.654200 -0.241000
vt 0.652300 -0.241000
vt 0.603200 -0.338500
vt 0.603400 -0.351600
vt 0.643200 -0.351600
vt 0.643200 -0.285500
vt 0.597300 -0.300100
vt 0.580700 -0.341100
vt 0.640300 -0.282800
vt 0.643200 -0.283300
vt 0.642700 -0.281600
vt 0.480300 -0.335500
vt 0.557500 -0.281100
vt 0.479600 -0.334600
vt 0.557000 -0.279900
vt 0.478600 -0.335300
vt 0.639300 -0.280300
vt 0.479400 -0.336500
vt 0.639300 -0.281100
vt 0.477200 -0.336800
vt 0.641500 -0.280300
vt 0.478600 -0.337500
vt 0.641300 -0.281100
vt 0.643500 -0.281100
vt 0.476700 -0.338700
vt 0.478100 -0.338900
vt 0.478100 -0.340400
vt 0.476700 -0.340400
vt 0.476700 -0.350900
vt 0.478100 -0.350900
vt 0.493500 -0.340400
vt 0.503500 -0.350900
vt 0.558500 -0.340900
vt 0.547700 -0.350900
vt 0.580700 -0.344100
vt 0.560000 -0.344100
vt 0.584100 -0.347700
vt 0.557500 -0.348000
vt 0.551600 -0.351600
vt 0.557500 -0.351600
vt 0.598300 -0.348200
vt 0.598300 -0.344100
vt 0.598300 -0.351600
vt 0.584100 -0.351600
vt 0.514300 -0.170700
vt 0.514300 -0.183600
vt 0.474200 -0.170700
vt 0.474200 -0.236900
vt 0.520100 -0.222200
vt 0.536800 -0.181200
vt 0.477200 -0.239600
vt 0.474200 -0.239100
vt 0.474700 -0.240500
vt 0.613900 -0.171200
vt 0.624200 -0.181900
vt 0.560000 -0.241000
vt 0.639600 -0.171200
vt 0.639600 -0.181900
vt 0.559000 -0.181200
vt 0.569700 -0.171200
vt 0.637100 -0.186600
vt 0.639300 -0.183400
vt 0.638100 -0.185800
vt 0.639100 -0.184600
vt 0.560000 -0.174400
vt 0.557500 -0.178300
vt 0.533300 -0.174400
vt 0.565800 -0.170700
vt 0.560000 -0.170700
vt 0.536800 -0.178300
vt 0.519400 -0.174100
vt 0.519400 -0.178300
vt 0.519400 -0.170700
vt 0.533300 -0.170700
vt 0.644200 -0.283000
vt 0.644200 -0.285500
vt 0.644000 -0.351600
vt 0.478100 -0.241000
vt 0.476200 -0.241000
vt 0.955300 -0.338500
vt 0.955600 -0.351600
vt 0.995400 -0.351600
vt 0.995600 -0.285500
vt 0.949500 -0.300100
vt 0.932800 -0.341100
vt 0.992400 -0.282800
vt 0.995400 -0.283300
vt 0.995100 -0.281600
vt 0.832700 -0.335500
vt 0.909600 -0.281100
vt 0.831700 -0.334600
vt 0.909200 -0.279900
vt 0.830800 -0.335300
vt 0.991500 -0.280300
vt 0.831700 -0.336500
vt 0.991500 -0.281100
vt 0.829500 -0.336800
vt 0.993700 -0.280300
vt 0.830800 -0.337500
vt 0.993400 -0.281100
vt 0.995600 -0.281100
vt 0.828800 -0.338700
vt 0.830300 -0.338900
vt 0.830300 -0.340400
vt 0.828800 -0.340400
vt 0.828800 -0.350900
vt 0.830300 -0.350900
vt 0.845700 -0.340400
vt 0.855900 -0.350900
vt 0.910600 -0.340900
vt 0.899900 -0.350900
vt 0.932800 -0.344100
vt 0.912100 -0.344100
vt 0.936500 -0.347700
vt 0.909600 -0.348000
vt 0.904000 -0.351600
vt 0.909600 -0.351600
vt 0.950400 -0.348200
vt 0.950400 -0.344100
vt 0.950400 -0.351600
vt 0.936300 -0.351600
vt 0.866400 -0.170700
vt 0.866700 -0.183600
vt 0.826400 -0.170700
vt 0.826400 -0.236900
vt 0.872300 -0.222200
vt 0.888900 -0.181200
vt 0.829300 -0.239600
vt 0.826400 -0.239100
vt 0.826900 -0.240500
vt 0.966100 -0.171200
vt 0.976300 -0.181900
vt 0.912300 -0.241000
vt 0.991700 -0.171200
vt 0.991700 -0.181900
vt 0.911100 -0.181200
vt 0.921900 -0.171200
vt 0.989300 -0.186600
vt 0.991700 -0.183400
vt 0.990200 -0.185800
vt 0.991200 -0.184600
vt 0.912100 -0.174400
vt 0.909600 -0.178300
vt 0.885500 -0.174400
vt 0.917900 -0.170700
vt 0.912100 -0.170700
vt 0.888900 -0.178300
vt 0.871600 -0.174100
vt 0.871600 -0.178300
vt 0.871600 -0.170700
vt 0.885500 -0.170700
vt 0.996300 -0.283000
vt 0.996300 -0.285500
vt 0.996100 -0.351600
vt 0.830500 -0.241000
vt 0.828300 -0.241000
vt 0.368700 -0.092300
vt 0.245700 -0.163100
vt 0.368000 -0.090800
vt 0.244900 -0.161900
vt 0.368700 -0.090800
vt 0.412200 -0.092300
vt 0.412200 -0.090800
vt 0.876700 -0.383600
vt 0.876700 -0.380500
vt 0.822500 -0.382900
vt 0.822500 -0.381400
vt 0.227100 -0.139700
vt 0.255400 -0.132600
vt 0.227400 -0.067900
vt 0.280800 -0.068100
vt 0.317000 -0.078100
vt 0.412000 -0.164100
vt 0.383900 -0.099600
vt 0.358500 -0.163900
vt 0.322100 -0.154100
vt 0.996100 -0.381200
vt 0.941400 -0.380200
vt 0.996100 -0.382700
vt 0.941400 -0.383600
vt 0.339700 -0.068600
vt 0.393700 -0.069100
vt 0.270600 -0.139900
vt 0.299600 -0.163400
vt 0.311100 -0.163900
vt 0.328200 -0.068100
vt 0.879400 -0.383600
vt 0.938500 -0.383600
vt 0.879400 -0.380500
vt 0.938500 -0.380200
vt 0.938700 -0.386300
vt 0.927200 -0.387300
vt 0.879400 -0.386100
vt 0.927200 -0.376600
vt 0.938700 -0.377300
vt 0.879400 -0.378000
vt 0.413400 -0.164100
vt 0.413700 -0.092600
vt 0.951200 -0.092300
vt 0.828100 -0.163100
vt 0.950400 -0.090800
vt 0.827400 -0.161900
vt 0.951200 -0.090800
vt 0.994600 -0.092300
vt 0.994600 -0.090800
vt 0.809500 -0.139700
vt 0.837900 -0.132600
vt 0.809800 -0.067900
vt 0.863200 -0.068100
vt 0.899400 -0.078100
vt 0.994400 -0.164100
vt 0.966300 -0.099600
vt 0.940900 -0.163900
vt 0.904500 -0.154100
vt 0.922100 -0.068600
vt 0.976100 -0.069100
vt 0.853000 -0.139900
vt 0.882100 -0.163400
vt 0.893500 -0.163900
vt 0.910600 -0.068100
vt 0.995800 -0.164100
vt 0.996100 -0.092600
vt 0.562400 -0.092300
vt 0.439300 -0.163100
vt 0.561700 -0.090800
vt 0.438600 -0.161900
vt 0.562400 -0.090800
vt 0.605900 -0.092300
vt 0.605900 -0.090800
vt 0.420800 -0.139700
vt 0.449300 -0.132600
vt 0.421000 -0.067900
vt 0.474700 -0.068100
vt 0.510600 -0.078100
vt 0.605600 -0.164100
vt 0.577500 -0.099600
vt 0.552100 -0.163900
vt 0.515800 -0.154100
vt 0.533300 -0.068600
vt 0.587300 -0.069100
vt 0.464200 -0.139900
vt 0.493500 -0.163400
vt 0.504800 -0.163900
vt 0.521900 -0.068100
vt 0.607100 -0.164100
vt 0.607300 -0.092600
vt 0.756300 -0.092300
vt 0.633200 -0.163100
vt 0.755600 -0.090800
vt 0.632500 -0.161900
vt 0.756300 -0.090800
vt 0.799800 -0.092300
vt 0.799800 -0.090800
vt 0.614700 -0.139700
vt 0.643200 -0.132600
vt 0.614900 -0.067900
vt 0.668600 -0.068100
vt 0.704500 -0.078100
vt 0.799500 -0.164100
vt 0.771400 -0.099600
vt 0.746000 -0.163900
vt 0.709600 -0.154100
vt 0.727200 -0.068600
vt 0.781200 -0.069100
vt 0.658100 -0.139900
vt 0.687400 -0.163400
vt 0.698700 -0.163900
vt 0.715800 -0.068100
vt 0.801000 -0.164100
vt 0.801200 -0.092600
vt 0.221000 -0.380500
vt 0.215600 -0.363900
vt 0.215600 -0.381400
vt 0.225900 -0.378000
vt 0.210300 -0.380500
vt 0.229800 -0.374100
vt 0.205400 -0.378000
vt 0.232200 -0.369200
vt 0.201500 -0.374400
vt 0.233000 -0.363900
vt 0.198800 -0.369500
vt 0.232200 -0.358500
vt 0.198000 -0.363900
vt 0.229800 -0.353600
vt 0.198800 -0.358500
vt 0.225900 -0.349700
vt 0.201200 -0.353600
vt 0.221000 -0.347300
vt 0.205100 -0.349700
vt 0.215400 -0.346300
vt 0.210000 -0.347300
vt 0.174800 -0.366800
vt 0.179500 -0.366800
vt 0.174100 -0.361700
vt 0.174100 -0.372200
vt 0.178500 -0.360200
vt 0.178500 -0.373400
vt 0.171700 -0.356800
vt 0.171700 -0.376800
vt 0.175300 -0.354100
vt 0.175600 -0.379500
vt 0.168000 -0.353100
vt 0.168000 -0.380700
vt 0.170700 -0.349500
vt 0.170700 -0.384400
vt 0.163100 -0.350700
vt 0.163400 -0.383200
vt 0.164600 -0.346300
vt 0.164800 -0.387500
vt 0.158000 -0.349700
vt 0.158000 -0.383900
vt 0.158000 -0.345100
vt 0.158000 -0.388500
vt 0.152600 -0.350700
vt 0.152600 -0.383200
vt 0.151200 -0.346300
vt 0.151200 -0.387500
vt 0.147700 -0.353100
vt 0.148000 -0.380700
vt 0.145100 -0.349500
vt 0.145100 -0.384400
vt 0.144100 -0.356800
vt 0.144100 -0.376800
vt 0.140400 -0.354100
vt 0.140400 -0.379500
vt 0.141600 -0.361700
vt 0.141600 -0.372200
vt 0.137200 -0.360200
vt 0.137500 -0.373600
vt 0.140900 -0.366800
vt 0.136300 -0.366800
vt 0.173900 -0.366800
vt 0.173100 -0.361900
vt 0.173100 -0.371700
vt 0.170700 -0.357500
vt 0.170900 -0.376100
vt 0.167300 -0.353800
vt 0.167300 -0.379700
vt 0.162900 -0.351600
vt 0.162900 -0.381900
vt 0.158000 -0.350900
vt 0.158000 -0.382900
vt 0.152900 -0.351600
vt 0.153100 -0.381900
vt 0.148500 -0.353800
vt 0.148500 -0.379700
vt 0.145100 -0.357500
vt 0.145100 -0.376300
vt 0.142900 -0.361900
vt 0.142900 -0.371900
vt 0.141900 -0.366800
s 0
g off
g us_aim_120c_missile#@root_0_91e5963e-a38e-4dc4-ad22-ccfe0d39bfaf
usemtl 91e5963e-a38e-4dc4-ad22-ccfe0d39bfaf
f 3/1/1 2/2/1 1/3/1
f 3/1/2 4/4/2 2/2/2
f 5/5/1 1/3/1 2/2/1
f 6/6/2 2/2/2 4/4/2
f 1/3/3 5/5/3 7/7/3
f 4/4/4 8/8/4 6/6/4
f 9/9/3 7/7/3 5/5/3
f 10/10/4 6/6/4 8/8/4
f 7/7/5 9/9/5 11/11/5
f 8/8/6 12/12/6 10/10/6
f 13/13/5 11/11/5 9/9/5
f 14/14/6 10/10/6 12/12/6
f 11/11/7 13/13/7 15/15/7
f 12/12/8 16/16/8 14/14/8
f 17/17/7 15/15/7 13/13/7
f 18/18/8 14/14/8 16/16/8
f 15/15/9 17/17/9 19/19/9
f 16/16/10 20/20/10 18/18/10
f 21/21/9 19/19/9 17/17/9
f 22/22/10 18/18/10 20/20/10
f 19/19/11 21/21/11 23/23/11
f 20/20/12 24/24/12 22/22/12
f 25/25/11 23/23/11 21/21/11
f 26/26/12 22/22/12 24/24/12
f 23/23/13 25/25/13 27/27/13
f 24/24/14 28/28/14 26/26/14
f 29/29/13 27/27/13 25/25/13
f 27/27/15 29/29/15 30/30/15
f 31/31/15 30/30/15 29/29/15
f 32/32/14 26/26/14 28/28/14
f 28/28/16 33/33/16 32/32/16
f 34/34/16 32/32/16 33/33/16
f 37/35/17 36/36/17 35/37/17
f 36/36/17 38/38/17 35/37/17
f 38/38/17 39/39/17 35/37/17
f 40/40/17 38/38/17 36/36/17
f 41/41/17 38/38/17 40/40/17
f 42/42/17 38/38/17 41/41/17
f 43/43/17 41/41/17 40/40/17
f 43/43/17 44/44/17 41/41/17
f 41/41/17 44/44/17 45/45/17
f 46/46/17 41/41/17 45/45/17
f 44/44/17 47/47/17 45/45/17
f 45/45/17 47/47/17 48/48/17
f 47/47/17 49/49/17 48/48/17
f 50/50/17 45/45/17 48/48/17
f 53/51/18 52/52/18 51/53/18
f 53/51/18 54/54/18 52/52/18
f 55/55/18 52/52/18 54/54/18
f 56/56/18 51/53/18 52/52/18
f 51/53/19 56/56/19 57/57/19
f 52/52/20 55/55/20 58/58/20
f 52/52/20 58/58/20 56/56/20
f 59/59/20 58/58/20 55/55/20
f 60/60/21 57/57/21 56/56/21
f 57/57/22 60/60/22 61/61/22
f 62/62/20 56/56/20 58/58/20
f 56/56/23 62/62/23 60/60/23
f 58/58/24 59/59/24 63/63/24
f 58/58/24 63/63/24 62/62/24
f 64/64/24 63/63/24 59/59/24
f 65/65/25 61/61/25 60/60/25
f 61/61/26 65/65/26 66/66/26
f 67/67/27 60/60/27 62/62/27
f 60/60/28 67/67/28 65/65/28
f 68/68/24 62/62/24 63/63/24
f 62/62/29 68/68/29 67/67/29
f 63/63/30 64/64/30 69/69/30
f 63/63/30 69/69/30 68/68/30
f 70/70/30 69/69/30 64/64/30
f 71/71/31 66/66/31 65/65/31
f 66/66/32 71/71/32 72/72/32
f 73/73/33 65/65/33 67/67/33
f 65/65/34 73/73/34 71/71/34
f 74/74/35 67/67/35 68/68/35
f 67/67/36 74/74/36 73/73/36
f 75/75/30 68/68/30 69/69/30
f 68/68/37 75/75/37 74/74/37
f 69/69/38 70/70/38 76/76/38
f 69/69/38 76/76/38 75/75/38
f 77/77/38 76/76/38 70/70/38
f 76/76/39 77/77/39 78/78/39
f 79/79/39 78/78/39 77/77/39
f 80/80/38 75/75/38 76/76/38
f 76/76/39 78/78/39 80/80/39
f 81/81/40 74/74/40 75/75/40
f 75/75/41 80/80/41 81/81/41
f 78/78/42 79/79/42 82/82/42
f 74/74/43 81/81/43 83/83/43
f 83/83/36 73/73/36 74/74/36
f 84/84/42 82/82/42 79/79/42
f 85/85/39 80/80/39 78/78/39
f 78/78/42 82/82/42 85/85/42
f 86/86/44 81/81/44 80/80/44
f 80/80/45 85/85/45 86/86/45
f 82/82/46 84/84/46 87/87/46
f 81/81/47 86/86/47 88/88/47
f 88/88/48 83/83/48 81/81/48
f 89/89/46 87/87/46 84/84/46
f 90/90/42 85/85/42 82/82/42
f 82/82/46 87/87/46 90/90/46
f 91/91/49 86/86/49 85/85/49
f 85/85/50 90/90/50 91/91/50
f 87/87/51 89/89/51 92/92/51
f 86/86/52 91/91/52 93/93/52
f 93/93/53 88/88/53 86/86/53
f 94/94/51 92/92/51 89/89/51
f 95/95/46 90/90/46 87/87/46
f 87/87/51 92/92/51 95/95/51
f 96/96/54 91/91/54 90/90/54
f 90/90/55 95/95/55 96/96/55
f 92/92/56 94/94/56 97/97/56
f 91/91/57 96/96/57 98/98/57
f 98/98/52 93/93/52 91/91/52
f 99/99/56 97/97/56 94/94/56
f 100/100/51 95/95/51 92/92/51
f 92/92/56 97/97/56 100/100/56
f 101/101/58 96/96/58 95/95/58
f 95/95/59 100/100/59 101/101/59
f 97/97/60 99/99/60 102/102/60
f 96/96/61 101/101/61 103/103/61
f 103/103/62 98/98/62 96/96/62
f 104/104/60 102/102/60 99/99/60
f 105/105/63 103/103/63 101/101/63
f 106/106/56 100/100/56 97/97/56
f 97/97/60 102/102/60 106/106/60
f 107/107/64 101/101/64 100/100/64
f 100/100/65 106/106/65 107/107/65
f 101/101/66 107/107/66 108/108/66
f 103/103/67 105/105/67 109/109/67
f 110/110/68 109/109/68 105/105/68
f 109/109/69 111/111/69 103/103/69
f 98/98/70 103/103/70 111/111/70
f 109/109/71 110/110/71 112/112/71
f 113/113/72 112/112/72 110/110/72
f 111/111/73 109/109/73 114/114/73
f 112/112/74 114/114/74 109/109/74
f 111/111/75 115/115/75 98/98/75
f 93/93/76 98/98/76 115/115/76
f 114/114/77 116/116/77 111/111/77
f 115/115/78 111/111/78 116/116/78
f 112/112/79 113/113/79 117/117/79
f 118/118/80 117/117/80 113/113/80
f 114/114/81 112/112/81 119/119/81
f 117/117/82 119/119/82 112/112/82
f 116/116/83 114/114/83 120/120/83
f 119/119/84 120/120/84 114/114/84
f 117/117/85 118/118/85 121/121/85
f 122/122/86 121/121/86 118/118/86
f 119/119/87 117/117/87 123/123/87
f 121/121/88 123/123/88 117/117/88
f 120/120/89 119/119/89 124/124/89
f 123/123/90 124/124/90 119/119/90
f 121/121/91 122/122/91 125/125/91
f 126/126/92 125/125/92 122/122/92
f 123/123/93 121/121/93 127/127/93
f 125/125/94 127/127/94 121/121/94
f 124/124/95 123/123/95 128/128/95
f 127/127/95 128/128/95 123/123/95
f 125/125/96 126/126/96 129/129/96
f 130/130/97 129/129/97 126/126/97
f 127/127/98 125/125/98 131/131/98
f 129/129/99 131/131/99 125/125/99
f 128/128/100 127/127/100 132/132/100
f 131/131/101 132/132/101 127/127/101
f 129/129/102 130/130/102 133/133/102
f 134/134/103 133/133/103 130/130/103
f 131/131/104 129/129/104 135/135/104
f 133/133/105 135/135/105 129/129/105
f 132/132/106 131/131/106 136/136/106
f 135/135/107 136/136/107 131/131/107
f 133/133/108 134/134/108 137/137/108
f 138/138/109 137/137/109 134/134/109
f 135/135/110 133/133/110 139/139/110
f 137/137/111 139/139/111 133/133/111
f 136/136/112 135/135/112 140/140/112
f 139/139/113 140/140/113 135/135/113
f 137/137/114 138/138/114 141/141/114
f 142/142/115 141/141/115 138/138/115
f 142/142/116 143/143/116 141/141/116
f 141/141/117 144/144/117 137/137/117
f 139/139/118 137/137/118 144/144/118
f 141/141/119 143/143/119 145/145/119
f 144/144/120 141/141/120 145/145/120
f 147/146/121 146/147/121 143/143/121
f 145/145/122 143/143/122 146/147/122
f 146/147/123 148/148/123 145/145/123
f 144/144/124 149/149/124 139/139/124
f 144/144/125 145/145/125 149/149/125
f 140/140/126 139/139/126 149/149/126
f 150/150/127 145/145/127 148/148/127
f 149/149/128 145/145/128 150/150/128
f 148/148/129 151/151/129 150/150/129
f 149/149/130 152/152/130 140/140/130
f 152/152/131 149/149/131 150/150/131
f 153/153/132 140/140/132 152/152/132
f 154/154/133 150/150/133 151/151/133
f 151/151/134 155/155/134 154/154/134
f 152/152/135 150/150/135 156/156/135
f 156/156/136 150/150/136 154/154/136
f 152/152/137 156/156/137 153/153/137
f 157/157/138 154/154/138 155/155/138
f 140/140/139 153/153/139 136/136/139
f 158/158/140 136/136/140 153/153/140
f 136/136/141 158/158/141 132/132/141
f 159/159/142 153/153/142 156/156/142
f 153/153/143 159/159/143 158/158/143
f 160/160/144 156/156/144 154/154/144
f 156/156/145 160/160/145 159/159/145
f 161/161/146 154/154/146 157/157/146
f 160/160/147 154/154/147 161/161/147
f 162/162/148 161/161/148 157/157/148
f 163/163/149 132/132/149 158/158/149
f 132/132/150 163/163/150 128/128/150
f 164/164/151 158/158/151 159/159/151
f 158/158/152 164/164/152 163/163/152
f 165/165/153 159/159/153 160/160/153
f 160/160/154 161/161/154 165/165/154
f 159/159/155 165/165/155 164/164/155
f 161/161/156 162/162/156 166/166/156
f 166/166/157 165/165/157 161/161/157
f 167/167/158 166/166/158 162/162/158
f 168/168/159 164/164/159 165/165/159
f 165/165/160 166/166/160 168/168/160
f 166/166/161 167/167/161 169/169/161
f 169/169/162 168/168/162 166/166/162
f 170/170/163 169/169/163 167/167/163
f 164/164/164 168/168/164 171/171/164
f 171/171/165 163/163/165 164/164/165
f 168/168/166 169/169/166 172/172/166
f 172/172/167 171/171/167 168/168/167
f 169/169/168 170/170/168 173/173/168
f 173/173/169 172/172/169 169/169/169
f 174/174/170 173/173/170 170/170/170
f 163/163/171 171/171/171 175/175/171
f 175/175/172 128/128/172 163/163/172
f 128/128/173 175/175/173 124/124/173
f 176/176/174 175/175/174 171/171/174
f 171/171/175 172/172/175 176/176/175
f 177/177/176 124/124/176 175/175/176
f 175/175/177 176/176/177 177/177/177
f 124/124/178 177/177/178 120/120/178
f 178/178/179 176/176/179 172/172/179
f 172/172/180 173/173/180 178/178/180
f 179/179/181 177/177/181 176/176/181
f 176/176/182 178/178/182 179/179/182
f 180/180/183 120/120/183 177/177/183
f 177/177/184 179/179/184 180/180/184
f 120/120/185 180/180/185 116/116/185
f 181/181/186 178/178/186 173/173/186
f 173/173/187 174/174/187 181/181/187
f 182/182/188 181/181/188 174/174/188
f 178/178/189 181/181/189 183/183/189
f 183/183/182 179/179/182 178/178/182
f 181/181/190 182/182/190 184/184/190
f 184/184/191 183/183/191 181/181/191
f 185/185/192 184/184/192 182/182/192
f 179/179/193 183/183/193 186/186/193
f 186/186/194 180/180/194 179/179/194
f 183/183/195 184/184/195 187/187/195
f 187/187/196 186/186/196 183/183/196
f 184/184/197 185/185/197 188/188/197
f 188/188/198 187/187/198 184/184/198
f 189/189/199 188/188/199 185/185/199
f 180/180/200 186/186/200 190/190/200
f 190/190/201 116/116/201 180/180/201
f 116/116/202 190/190/202 115/115/202
f 191/191/203 190/190/203 186/186/203
f 186/186/204 187/187/204 191/191/204
f 192/192/205 115/115/205 190/190/205
f 190/190/206 191/191/206 192/192/206
f 115/115/207 192/192/207 93/93/207
f 88/88/208 93/93/208 192/192/208
f 192/192/209 193/193/209 88/88/209
f 193/193/210 192/192/210 191/191/210
f 83/83/211 88/88/211 193/193/211
f 194/194/212 191/191/212 187/187/212
f 191/191/213 194/194/213 193/193/213
f 187/187/214 188/188/214 194/194/214
f 193/193/215 195/195/215 83/83/215
f 195/195/216 193/193/216 194/194/216
f 73/73/217 83/83/217 195/195/217
f 195/195/218 71/71/218 73/73/218
f 194/194/219 196/196/219 195/195/219
f 196/196/220 194/194/220 188/188/220
f 71/71/221 195/195/221 196/196/221
f 188/188/222 189/189/222 196/196/222
f 196/196/223 72/72/223 71/71/223
f 72/72/224 196/196/224 189/189/224
f 199/197/18 198/198/18 197/199/18
f 201/200/18 197/199/18 200/201/18
f 202/202/18 200/201/18 197/199/18
f 202/202/18 197/199/18 198/198/18
f 200/201/20 202/202/20 203/203/20
f 198/198/18 199/197/18 204/204/18
f 205/205/18 204/204/18 199/197/18
f 206/206/20 203/203/20 202/202/20
f 203/203/24 206/206/24 207/207/24
f 198/198/20 208/208/20 202/202/20
f 206/206/20 202/202/20 208/208/20
f 204/204/20 209/209/20 198/198/20
f 208/208/20 198/198/20 209/209/20
f 204/204/18 205/205/18 210/210/18
f 211/211/18 210/210/18 205/205/18
f 211/211/18 212/212/18 210/210/18
f 213/213/18 210/210/18 212/212/18
f 210/210/20 214/214/20 204/204/20
f 210/210/20 213/213/20 214/214/20
f 209/209/20 204/204/20 214/214/20
f 215/215/20 214/214/20 213/213/20
f 214/214/24 215/215/24 216/216/24
f 214/214/24 216/216/24 209/209/24
f 217/217/24 216/216/24 215/215/24
f 218/218/24 209/209/24 216/216/24
f 209/209/24 218/218/24 208/208/24
f 216/216/30 217/217/30 219/219/30
f 216/216/30 219/219/30 218/218/30
f 220/220/30 219/219/30 217/217/30
f 221/221/24 208/208/24 218/218/24
f 208/208/24 221/221/24 206/206/24
f 222/222/30 218/218/30 219/219/30
f 218/218/30 222/222/30 221/221/30
f 219/219/38 220/220/38 223/223/38
f 219/219/38 223/223/38 222/222/38
f 224/224/38 223/223/38 220/220/38
f 225/225/24 206/206/24 221/221/24
f 225/225/24 207/207/24 206/206/24
f 207/207/30 225/225/30 226/226/30
f 221/221/30 227/227/30 225/225/30
f 227/227/30 221/221/30 222/222/30
f 228/228/30 226/226/30 225/225/30
f 228/228/30 225/225/30 227/227/30
f 226/226/38 228/228/38 229/229/38
f 222/222/38 230/230/38 227/227/38
f 230/230/38 222/222/38 223/223/38
f 227/227/38 231/231/38 228/228/38
f 231/231/38 227/227/38 230/230/38
f 232/232/38 229/229/38 228/228/38
f 232/232/38 228/228/38 231/231/38
f 229/229/39 232/232/39 233/233/39
f 223/223/39 234/234/39 230/230/39
f 223/223/39 224/224/39 234/234/39
f 235/235/39 234/234/39 224/224/39
f 236/236/39 230/230/39 234/234/39
f 230/230/39 236/236/39 231/231/39
f 234/234/42 235/235/42 237/237/42
f 234/234/42 237/237/42 236/236/42
f 238/238/42 237/237/42 235/235/42
f 239/239/39 231/231/39 236/236/39
f 231/231/39 239/239/39 232/232/39
f 240/240/42 236/236/42 237/237/42
f 236/236/42 240/240/42 239/239/42
f 237/237/46 238/238/46 241/241/46
f 237/237/46 241/241/46 240/240/46
f 242/242/46 241/241/46 238/238/46
f 243/243/39 233/233/39 232/232/39
f 243/243/39 232/232/39 239/239/39
f 233/233/42 243/243/42 244/244/42
f 245/245/42 239/239/42 240/240/42
f 239/239/42 245/245/42 243/243/42
f 246/246/42 244/244/42 243/243/42
f 246/246/42 243/243/42 245/245/42
f 244/244/46 246/246/46 247/247/46
f 240/240/46 248/248/46 245/245/46
f 248/248/46 240/240/46 241/241/46
f 245/245/46 249/249/46 246/246/46
f 249/249/46 245/245/46 248/248/46
f 250/250/46 247/247/46 246/246/46
f 250/250/46 246/246/46 249/249/46
f 247/247/51 250/250/51 251/251/51
f 241/241/51 252/252/51 248/248/51
f 241/241/51 242/242/51 252/252/51
f 253/253/51 252/252/51 242/242/51
f 254/254/51 248/248/51 252/252/51
f 248/248/51 254/254/51 249/249/51
f 252/252/56 253/253/56 255/255/56
f 252/252/56 255/255/56 254/254/56
f 256/256/56 255/255/56 253/253/56
f 257/257/51 249/249/51 254/254/51
f 249/249/51 257/257/51 250/250/51
f 258/258/56 254/254/56 255/255/56
f 254/254/56 258/258/56 257/257/56
f 255/255/60 256/256/60 259/259/60
f 255/255/60 259/259/60 258/258/60
f 260/260/60 259/259/60 256/256/60
f 261/261/51 251/251/51 250/250/51
f 261/261/51 250/250/51 257/257/51
f 251/251/56 261/261/56 262/262/56
f 263/263/56 257/257/56 258/258/56
f 257/257/56 263/263/56 261/261/56
f 264/264/56 262/262/56 261/261/56
f 264/264/56 261/261/56 263/263/56
f 262/262/60 264/264/60 265/265/60
f 258/258/60 266/266/60 263/263/60
f 266/266/60 258/258/60 259/259/60
f 263/263/60 267/267/60 264/264/60
f 267/267/60 263/263/60 266/266/60
f 268/268/60 265/265/60 264/264/60
f 268/268/60 264/264/60 267/267/60
f 265/265/225 268/268/225 269/269/225
f 259/259/225 270/270/225 266/266/225
f 259/259/225 260/260/225 270/270/225
f 271/271/225 270/270/225 260/260/225
f 272/272/225 266/266/225 270/270/225
f 266/266/225 272/272/225 267/267/225
f 270/270/226 271/271/226 273/273/226
f 270/270/226 273/273/226 272/272/226
f 274/274/226 273/273/226 271/271/226
f 275/275/225 267/267/225 272/272/225
f 267/267/225 275/275/225 268/268/225
f 276/276/226 272/272/226 273/273/226
f 272/272/226 276/276/226 275/275/226
f 273/273/227 274/274/227 277/277/227
f 273/273/227 277/277/227 276/276/227
f 278/278/227 277/277/227 274/274/227
f 279/279/225 269/269/225 268/268/225
f 279/279/225 268/268/225 275/275/225
f 269/269/226 279/279/226 280/280/226
f 281/281/226 275/275/226 276/276/226
f 275/275/226 281/281/226 279/279/226
f 282/282/226 280/280/226 279/279/226
f 282/282/226 279/279/226 281/281/226
f 280/280/227 282/282/227 283/283/227
f 276/276/227 284/284/227 281/281/227
f 284/284/227 276/276/227 277/277/227
f 281/281/227 285/285/227 282/282/227
f 285/285/227 281/281/227 284/284/227
f 286/286/227 283/283/227 282/282/227
f 286/286/227 282/282/227 285/285/227
f 283/283/228 286/286/228 287/287/228
f 288/288/228 287/287/228 286/286/228
f 287/287/229 288/288/229 289/289/229
f 285/285/228 290/290/228 286/286/228
f 288/288/228 286/286/228 290/290/228
f 284/284/228 291/291/228 285/285/228
f 290/290/228 285/285/228 291/291/228
f 291/291/228 284/284/228 292/292/228
f 277/277/228 292/292/228 284/284/228
f 293/293/229 289/289/229 288/288/229
f 289/289/230 293/293/230 294/294/230
f 290/290/229 295/295/229 288/288/229
f 293/293/229 288/288/229 295/295/229
f 291/291/229 296/296/229 290/290/229
f 295/295/229 290/290/229 296/296/229
f 296/296/229 291/291/229 297/297/229
f 292/292/229 297/297/229 291/291/229
f 298/298/230 294/294/230 293/293/230
f 294/294/231 298/298/231 299/299/231
f 295/295/230 300/300/230 293/293/230
f 298/298/230 293/293/230 300/300/230
f 296/296/230 301/301/230 295/295/230
f 300/300/230 295/295/230 301/301/230
f 301/301/230 296/296/230 302/302/230
f 297/297/230 302/302/230 296/296/230
f 303/303/231 299/299/231 298/298/231
f 299/299/232 303/303/232 304/304/232
f 300/300/231 305/305/231 298/298/231
f 303/303/231 298/298/231 305/305/231
f 301/301/231 306/306/231 300/300/231
f 305/305/231 300/300/231 306/306/231
f 306/306/231 301/301/231 307/307/231
f 302/302/231 307/307/231 301/301/231
f 308/308/232 304/304/232 303/303/232
f 304/304/233 308/308/233 309/309/233
f 305/305/232 310/310/232 303/303/232
f 308/308/232 303/303/232 310/310/232
f 306/306/232 311/311/232 305/305/232
f 310/310/232 305/305/232 311/311/232
f 311/311/232 306/306/232 312/312/232
f 307/307/232 312/312/232 306/306/232
f 313/313/233 309/309/233 308/308/233
f 309/309/234 313/313/234 314/314/234
f 310/310/233 315/315/233 308/308/233
f 313/313/233 308/308/233 315/315/233
f 311/311/233 316/316/233 310/310/233
f 315/315/233 310/310/233 316/316/233
f 312/312/233 317/317/233 311/311/233
f 316/316/233 311/311/233 317/317/233
f 312/312/233 318/318/233 317/317/233
f 319/319/233 317/317/233 318/318/233
f 318/318/232 312/312/232 320/320/232
f 317/317/234 319/319/234 321/321/234
f 317/317/234 321/321/234 316/316/234
f 322/322/234 321/321/234 319/319/234
f 316/316/234 323/323/234 315/315/234
f 323/323/234 316/316/234 321/321/234
f 321/321/235 322/322/235 324/324/235
f 321/321/235 324/324/235 323/323/235
f 325/325/235 324/324/235 322/322/235
f 326/326/234 315/315/234 323/323/234
f 315/315/234 326/326/234 313/313/234
f 327/327/235 323/323/235 324/324/235
f 323/323/235 327/327/235 326/326/235
f 324/324/236 325/325/236 328/328/236
f 324/324/236 328/328/236 327/327/236
f 329/329/236 328/328/236 325/325/236
f 330/330/234 313/313/234 326/326/234
f 330/330/234 314/314/234 313/313/234
f 314/314/235 330/330/235 331/331/235
f 326/326/235 332/332/235 330/330/235
f 332/332/235 326/326/235 327/327/235
f 333/333/235 331/331/235 330/330/235
f 333/333/235 330/330/235 332/332/235
f 331/331/236 333/333/236 334/334/236
f 327/327/236 335/335/236 332/332/236
f 335/335/236 327/327/236 328/328/236
f 332/332/236 336/336/236 333/333/236
f 336/336/236 332/332/236 335/335/236
f 337/337/236 334/334/236 333/333/236
f 337/337/236 333/333/236 336/336/236
f 334/334/237 337/337/237 338/338/237
f 328/328/237 339/339/237 335/335/237
f 328/328/237 329/329/237 339/339/237
f 340/340/237 339/339/237 329/329/237
f 341/341/237 335/335/237 339/339/237
f 335/335/237 341/341/237 336/336/237
f 339/339/238 340/340/238 342/342/238
f 339/339/238 342/342/238 341/341/238
f 343/343/238 342/342/238 340/340/238
f 344/344/237 336/336/237 341/341/237
f 336/336/237 344/344/237 337/337/237
f 345/345/238 341/341/238 342/342/238
f 341/341/238 345/345/238 344/344/238
f 342/342/239 343/343/239 346/346/239
f 342/342/239 346/346/239 345/345/239
f 347/347/239 346/346/239 343/343/239
f 348/348/237 338/338/237 337/337/237
f 348/348/237 337/337/237 344/344/237
f 338/338/238 348/348/238 349/349/238
f 350/350/238 344/344/238 345/345/238
f 344/344/238 350/350/238 348/348/238
f 351/351/238 349/349/238 348/348/238
f 351/351/238 348/348/238 350/350/238
f 349/349/239 351/351/239 352/352/239
f 345/345/239 353/353/239 350/350/239
f 353/353/239 345/345/239 346/346/239
f 350/350/239 354/354/239 351/351/239
f 354/354/239 350/350/239 353/353/239
f 355/355/239 352/352/239 351/351/239
f 355/355/239 351/351/239 354/354/239
f 352/352/240 355/355/240 356/356/240
f 346/346/240 357/357/240 353/353/240
f 346/346/240 347/347/240 357/357/240
f 358/358/240 357/357/240 347/347/240
f 359/359/240 353/353/240 357/357/240
f 353/353/240 359/359/240 354/354/240
f 357/357/241 358/358/241 360/360/241
f 357/357/241 360/360/241 359/359/241
f 361/361/241 360/360/241 358/358/241
f 362/362/240 354/354/240 359/359/240
f 354/354/240 362/362/240 355/355/240
f 363/363/241 359/359/241 360/360/241
f 359/359/241 363/363/241 362/362/241
f 360/360/242 361/361/242 364/364/242
f 360/360/242 364/364/242 363/363/242
f 365/365/242 364/364/242 361/361/242
f 366/366/240 356/356/240 355/355/240
f 366/366/240 355/355/240 362/362/240
f 356/356/241 366/366/241 367/367/241
f 368/368/241 362/362/241 363/363/241
f 362/362/241 368/368/241 366/366/241
f 369/369/241 367/367/241 366/366/241
f 369/369/241 366/366/241 368/368/241
f 367/367/242 369/369/242 370/370/242
f 363/363/242 371/371/242 368/368/242
f 371/371/242 363/363/242 364/364/242
f 368/368/242 372/372/242 369/369/242
f 372/372/242 368/368/242 371/371/242
f 373/373/242 370/370/242 369/369/242
f 373/373/242 369/369/242 372/372/242
f 370/370/243 373/373/243 374/374/243
f 364/364/243 375/375/243 371/371/243
f 364/364/243 365/365/243 375/375/243
f 376/376/243 375/375/243 365/365/243
f 377/377/243 371/371/243 375/375/243
f 371/371/243 377/377/243 372/372/243
f 375/375/244 376/376/244 378/378/244
f 375/375/244 378/378/244 377/377/244
f 379/379/244 378/378/244 376/376/244
f 378/378/245 379/379/245 380/380/245
f 381/381/245 380/380/245 379/379/245
f 378/378/245 380/380/245 382/382/245
f 382/382/244 377/377/244 378/378/244
f 383/383/245 382/382/245 380/380/245
f 384/384/243 372/372/243 377/377/243
f 377/377/244 382/382/244 384/384/244
f 372/372/243 384/384/243 373/373/243
f 382/382/245 383/383/245 385/385/245
f 385/385/244 384/384/244 382/382/244
f 386/386/245 385/385/245 383/383/245
f 387/387/243 373/373/243 384/384/243
f 384/384/244 385/385/244 387/387/244
f 387/387/243 374/374/243 373/373/243
f 374/374/244 387/387/244 388/388/244
f 389/389/244 387/387/244 385/385/244
f 389/389/244 388/388/244 387/387/244
f 385/385/245 386/386/245 389/389/245
f 388/388/245 389/389/245 390/390/245
f 391/391/245 389/389/245 386/386/245
f 391/391/245 390/390/245 389/389/245
f 394/392/18 393/393/18 392/394/18
f 396/395/18 392/394/18 395/396/18
f 397/397/18 395/396/18 392/394/18
f 397/397/18 392/394/18 393/393/18
f 395/396/20 397/397/20 398/398/20
f 393/393/18 394/392/18 399/399/18
f 400/400/18 399/399/18 394/392/18
f 401/401/20 398/398/20 397/397/20
f 398/398/24 401/401/24 402/402/24
f 393/393/20 403/403/20 397/397/20
f 401/401/20 397/397/20 403/403/20
f 399/399/20 404/404/20 393/393/20
f 403/403/20 393/393/20 404/404/20
f 399/399/18 400/400/18 405/405/18
f 406/406/18 405/405/18 400/400/18
f 404/404/20 399/399/20 407/407/20
f 405/405/20 407/407/20 399/399/20
f 404/404/24 408/408/24 403/403/24
f 405/405/18 406/406/18 409/409/18
f 410/410/18 409/409/18 406/406/18
f 407/407/20 405/405/20 411/411/20
f 409/409/20 411/411/20 405/405/20
f 407/407/24 412/412/24 404/404/24
f 408/408/24 404/404/24 412/412/24
f 411/411/24 413/413/24 407/407/24
f 412/412/24 407/407/24 413/413/24
f 409/409/18 410/410/18 414/414/18
f 415/415/18 414/414/18 410/410/18
f 415/415/18 416/416/18 414/414/18
f 414/414/20 417/417/20 409/409/20
f 411/411/20 409/409/20 417/417/20
f 418/418/18 414/414/18 416/416/18
f 414/414/20 418/418/20 417/417/20
f 416/416/18 419/419/18 418/418/18
f 417/417/24 420/420/24 411/411/24
f 413/413/24 411/411/24 420/420/24
f 421/421/20 417/417/20 418/418/20
f 417/417/24 421/421/24 420/420/24
f 422/422/18 418/418/18 419/419/18
f 418/418/20 422/422/20 421/421/20
f 419/419/18 423/423/18 422/422/18
f 424/424/20 421/421/20 422/422/20
f 426/425/18 425/426/18 423/423/18
f 427/427/18 423/423/18 425/426/18
f 427/427/18 422/422/18 423/423/18
f 425/426/246 428/428/246 427/427/246
f 429/429/247 427/427/247 428/428/247
f 422/422/20 427/427/20 430/430/20
f 424/424/20 422/422/20 430/430/20
f 429/429/248 431/431/248 427/427/248
f 430/430/20 427/427/20 431/431/20
f 429/429/249 433/429/249 432/432/249
f 434/428/250 433/429/250 429/429/250
f 424/424/251 430/430/251 435/433/251
f 430/430/252 436/434/252 435/433/252
f 430/430/253 437/435/253 436/434/253
f 430/430/251 431/431/251 437/435/251
f 431/431/254 438/436/254 437/435/254
f 431/431/255 439/437/255 438/436/255
f 424/424/256 435/433/256 440/438/256
f 431/431/257 441/439/257 439/437/257
f 429/429/24 441/439/24 431/431/24
f 439/437/258 441/439/258 442/440/258
f 429/429/259 443/432/259 441/439/259
f 441/439/260 444/441/260 442/440/260
f 444/441/261 445/442/261 442/440/261
f 446/443/262 445/442/262 444/441/262
f 446/443/263 444/441/263 447/444/263
f 448/445/264 446/443/264 447/444/264
f 444/441/30 441/439/30 449/446/30
f 448/445/265 447/444/265 450/447/265
f 451/448/265 448/445/265 450/447/265
f 452/449/266 451/448/266 450/447/266
f 447/444/38 444/441/38 453/450/38
f 449/446/38 453/450/38 444/441/38
f 453/450/39 454/451/39 447/444/39
f 450/447/39 447/444/39 454/451/39
f 452/449/267 450/447/267 455/452/267
f 456/453/268 452/449/268 455/452/268
f 457/454/269 456/453/269 455/452/269
f 457/454/267 455/452/267 458/455/267
f 459/456/270 457/454/270 458/455/270
f 455/452/42 450/447/42 460/457/42
f 454/451/42 461/458/42 450/447/42
f 460/457/42 450/447/42 461/458/42
f 461/458/271 454/451/271 462/459/271
f 454/451/39 453/450/39 463/460/39
f 463/460/272 462/459/272 454/451/272
f 464/461/39 463/460/39 453/450/39
f 453/450/38 449/446/38 464/461/38
f 462/459/273 463/460/273 465/462/273
f 463/460/274 464/461/274 466/463/274
f 466/463/275 465/462/275 463/460/275
f 467/464/276 466/463/276 464/461/276
f 468/465/277 464/461/277 449/446/277
f 464/461/278 468/465/278 467/464/278
f 449/446/279 469/466/279 468/465/279
f 469/466/30 449/446/30 441/439/30
f 469/466/280 441/439/280 443/432/280
f 443/432/281 470/467/281 469/466/281
f 443/432/282 471/429/282 470/467/282
f 472/468/283 470/467/283 471/429/283
f 473/469/284 469/466/284 470/467/284
f 473/469/285 468/465/285 469/466/285
f 470/467/286 472/468/286 474/470/286
f 470/467/287 474/470/287 473/469/287
f 475/471/288 474/470/288 472/468/288
f 468/465/289 473/469/289 476/472/289
f 476/472/290 467/464/290 468/465/290
f 477/473/291 473/469/291 474/470/291
f 477/473/292 476/472/292 473/469/292
f 474/470/293 475/471/293 478/474/293
f 474/470/294 478/474/294 477/473/294
f 479/475/295 478/474/295 475/471/295
f 478/474/296 479/475/296 480/476/296
f 481/477/297 480/476/297 479/475/297
f 482/478/298 477/473/298 478/474/298
f 478/474/296 480/476/296 482/478/296
f 476/472/299 477/473/299 483/479/299
f 482/478/300 483/479/300 477/473/300
f 480/476/301 481/477/301 484/480/301
f 485/481/302 484/480/302 481/477/302
f 484/480/303 485/481/303 486/482/303
f 484/480/303 486/482/303 487/483/303
f 483/479/304 488/484/304 476/472/304
f 467/464/305 476/472/305 488/484/305
f 487/483/306 489/485/306 484/480/306
f 480/476/307 484/480/307 490/486/307
f 489/485/308 490/486/308 484/480/308
f 490/486/309 482/478/309 480/476/309
f 487/483/310 491/487/310 489/485/310
f 488/484/311 492/488/311 467/464/311
f 466/463/312 467/464/312 492/488/312
f 490/486/313 493/489/313 482/478/313
f 483/479/314 482/478/314 493/489/314
f 489/485/315 494/490/315 490/486/315
f 493/489/316 490/486/316 494/490/316
f 494/490/317 489/485/317 491/487/317
f 492/488/318 495/491/318 466/463/318
f 465/462/319 466/463/319 495/491/319
f 493/489/320 496/492/320 483/479/320
f 488/484/321 483/479/321 496/492/321
f 494/490/322 497/493/322 493/489/322
f 496/492/323 493/489/323 497/493/323
f 497/493/324 494/490/324 498/494/324
f 491/487/325 498/494/325 494/490/325
f 491/487/326 499/495/326 498/494/326
f 499/495/327 491/487/327 500/496/327
f 501/483/328 500/496/328 491/487/328
f 502/497/329 498/494/329 499/495/329
f 500/496/330 501/483/330 503/498/330
f 504/482/331 503/498/331 501/483/331
f 504/482/332 505/499/332 503/498/332
f 505/499/333 506/500/333 503/498/333
f 507/501/334 503/498/334 506/500/334
f 507/501/335 506/500/335 508/502/335
f 509/503/336 508/502/336 506/500/336
f 508/502/337 509/503/337 510/504/337
f 511/505/338 510/504/338 509/503/338
f 498/494/339 502/497/339 512/506/339
f 513/507/340 512/506/340 502/497/340
f 498/494/341 512/506/341 497/493/341
f 512/506/342 513/507/342 514/508/342
f 515/509/343 497/493/343 512/506/343
f 512/506/344 514/508/344 515/509/344
f 497/493/345 515/509/345 496/492/345
f 516/510/346 514/508/346 513/507/346
f 517/511/347 496/492/347 515/509/347
f 496/492/348 517/511/348 488/484/348
f 492/488/349 488/484/349 517/511/349
f 515/509/350 518/512/350 517/511/350
f 518/512/351 515/509/351 514/508/351
f 517/511/352 519/513/352 492/488/352
f 519/513/350 517/511/350 518/512/350
f 495/491/353 492/488/353 519/513/353
f 514/508/354 520/514/354 518/512/354
f 514/508/355 516/510/355 520/514/355
f 521/515/356 520/514/356 516/510/356
f 522/516/357 518/512/357 520/514/357
f 518/512/358 522/516/358 519/513/358
f 520/514/359 521/515/359 523/517/359
f 520/514/360 523/517/360 522/516/360
f 524/518/361 523/517/361 521/515/361
f 525/519/362 519/513/362 522/516/362
f 519/513/363 525/519/363 495/491/363
f 526/520/364 522/516/364 523/517/364
f 522/516/365 526/520/365 525/519/365
f 523/517/366 524/518/366 527/521/366
f 523/517/367 527/521/367 526/520/367
f 528/522/368 527/521/368 524/518/368
f 529/523/369 495/491/369 525/519/369
f 495/491/370 529/523/370 465/462/370
f 530/524/371 525/519/371 526/520/371
f 525/519/372 530/524/372 529/523/372
f 531/525/373 526/520/373 527/521/373
f 526/520/374 531/525/374 530/524/374
f 527/521/375 528/522/375 532/526/375
f 527/521/376 532/526/376 531/525/376
f 533/527/377 532/526/377 528/522/377
f 534/528/378 465/462/378 529/523/378
f 465/462/379 534/528/379 462/459/379
f 535/529/380 529/523/380 530/524/380
f 529/523/381 535/529/381 534/528/381
f 536/530/382 530/524/382 531/525/382
f 530/524/383 536/530/383 535/529/383
f 537/531/384 531/525/384 532/526/384
f 531/525/385 537/531/385 536/530/385
f 532/526/386 533/527/386 538/532/386
f 532/526/387 538/532/387 537/531/387
f 539/533/388 538/532/388 533/527/388
f 538/532/389 539/533/389 540/534/389
f 541/535/390 540/534/390 539/533/390
f 542/536/391 537/531/391 538/532/391
f 538/532/392 540/534/392 542/536/392
f 543/537/393 536/530/393 537/531/393
f 537/531/394 542/536/394 543/537/394
f 540/534/395 541/535/395 544/538/395
f 536/530/396 543/537/396 545/539/396
f 545/539/397 535/529/397 536/530/397
f 546/540/398 544/538/398 541/535/398
f 547/541/399 542/536/399 540/534/399
f 540/534/400 544/538/400 547/541/400
f 548/542/401 543/537/401 542/536/401
f 542/536/402 547/541/402 548/542/402
f 544/538/403 546/540/403 549/543/403
f 543/537/404 548/542/404 550/544/404
f 550/544/405 545/539/405 543/537/405
f 551/545/406 549/543/406 546/540/406
f 552/546/407 547/541/407 544/538/407
f 544/538/408 549/543/408 552/546/408
f 553/547/409 548/542/409 547/541/409
f 547/541/410 552/546/410 553/547/410
f 549/543/411 551/545/411 554/548/411
f 555/549/412 554/548/412 551/545/412
f 555/549/413 556/550/413 554/548/413
f 557/551/414 552/546/414 549/543/414
f 549/543/415 554/548/415 557/551/415
f 558/552/416 553/547/416 552/546/416
f 552/546/417 557/551/417 558/552/417
f 559/553/418 554/548/418 556/550/418
f 556/550/419 560/554/419 559/553/419
f 561/555/420 557/551/420 554/548/420
f 562/556/421 559/553/421 560/554/421
f 560/554/422 563/557/422 562/556/422
f 559/553/423 564/558/423 554/548/423
f 561/555/424 554/548/424 564/558/424
f 562/556/425 565/559/425 559/553/425
f 564/558/426 559/553/426 565/559/426
f 566/560/427 562/556/427 563/557/427
f 563/557/428 567/561/428 566/560/428
f 565/559/429 562/556/429 568/562/429
f 566/560/430 568/562/430 562/556/430
f 569/563/431 566/560/431 567/561/431
f 567/561/432 570/564/432 569/563/432
f 568/562/433 566/560/433 571/565/433
f 569/563/434 571/565/434 566/560/434
f 572/566/435 569/563/435 570/564/435
f 570/564/436 573/567/436 572/566/436
f 571/565/437 569/563/437 574/568/437
f 572/566/438 574/568/438 569/563/438
f 575/569/439 572/566/439 573/567/439
f 573/567/440 576/570/440 575/569/440
f 574/568/441 572/566/441 577/571/441
f 575/569/442 577/571/442 572/566/442
f 578/572/443 575/569/443 576/570/443
f 576/570/444 579/573/444 578/572/444
f 577/571/445 575/569/445 580/574/445
f 578/572/446 580/574/446 575/569/446
f 581/575/447 578/572/447 579/573/447
f 579/573/448 582/576/448 581/575/448
f 580/574/449 578/572/449 583/577/449
f 581/575/450 583/577/450 578/572/450
f 584/578/451 581/575/451 582/576/451
f 582/576/452 585/579/452 584/578/452
f 583/577/453 581/575/453 586/580/453
f 584/578/454 586/580/454 581/575/454
f 587/581/455 584/578/455 585/579/455
f 585/579/456 588/582/456 587/581/456
f 586/580/457 584/578/457 589/583/457
f 587/581/458 589/583/458 584/578/458
f 590/584/459 587/581/459 588/582/459
f 588/582/460 591/585/460 590/584/460
f 589/583/461 587/581/461 592/586/461
f 590/584/462 592/586/462 587/581/462
f 593/587/463 590/584/463 591/585/463
f 591/585/464 594/588/464 593/587/464
f 595/589/465 593/587/465 594/588/465
f 594/588/466 596/590/466 595/589/466
f 597/591/467 595/589/467 596/590/467
f 598/592/468 597/591/468 596/590/468
f 598/592/469 596/590/469 599/593/469
f 600/594/470 599/593/470 596/590/470
f 600/594/471 601/595/471 599/593/471
f 602/596/472 599/593/472 601/595/472
f 601/595/473 603/597/473 602/596/473
f 604/598/474 602/596/474 603/597/474
f 593/587/475 605/599/475 590/584/475
f 592/586/476 590/584/476 605/599/476
f 605/599/477 593/587/477 606/600/477
f 607/589/478 606/600/478 593/587/478
f 606/600/479 607/589/479 608/601/479
f 609/591/480 608/601/480 607/589/480
f 610/602/480 608/601/480 609/591/480
f 610/602/481 611/603/481 608/601/481
f 606/600/482 608/601/482 612/604/482
f 606/600/483 612/604/483 605/599/483
f 613/605/484 608/601/484 611/603/484
f 613/605/485 612/604/485 608/601/485
f 611/603/486 614/606/486 613/605/486
f 615/607/487 605/599/487 612/604/487
f 605/599/488 615/607/488 592/586/488
f 612/604/489 613/605/489 616/608/489
f 612/604/490 616/608/490 615/607/490
f 617/609/491 613/605/491 614/606/491
f 617/609/492 616/608/492 613/605/492
f 614/606/493 618/610/493 617/609/493
f 619/611/494 592/586/494 615/607/494
f 592/586/495 619/611/495 589/583/495
f 620/612/496 615/607/496 616/608/496
f 615/607/497 620/612/497 619/611/497
f 616/608/498 617/609/498 621/613/498
f 616/608/499 621/613/499 620/612/499
f 622/614/500 617/609/500 618/610/500
f 622/614/501 621/613/501 617/609/501
f 618/610/502 623/615/502 622/614/502
f 624/616/503 589/583/503 619/611/503
f 589/583/504 624/616/504 586/580/504
f 625/617/505 619/611/505 620/612/505
f 619/611/506 625/617/506 624/616/506
f 626/618/507 586/580/507 624/616/507
f 620/612/508 627/619/508 625/617/508
f 627/619/509 620/612/509 621/613/509
f 628/620/510 624/616/510 625/617/510
f 624/616/511 628/620/511 626/618/511
f 586/580/512 626/618/512 583/577/512
f 625/617/513 629/621/513 628/620/513
f 629/621/514 625/617/514 627/619/514
f 630/622/512 583/577/512 626/618/512
f 583/577/515 630/622/515 580/574/515
f 631/623/516 626/618/516 628/620/516
f 626/618/517 631/623/517 630/622/517
f 632/624/518 628/620/518 629/621/518
f 628/620/519 632/624/519 631/623/519
f 633/625/515 580/574/515 630/622/515
f 580/574/520 633/625/520 577/571/520
f 634/626/521 630/622/521 631/623/521
f 630/622/522 634/626/522 633/625/522
f 635/627/523 631/623/523 632/624/523
f 631/623/524 635/627/524 634/626/524
f 636/628/525 577/571/525 633/625/525
f 577/571/526 636/628/526 574/568/526
f 637/629/527 633/625/527 634/626/527
f 633/625/528 637/629/528 636/628/528
f 638/630/529 634/626/529 635/627/529
f 634/626/530 638/630/530 637/629/530
f 639/631/531 574/568/531 636/628/531
f 574/568/532 639/631/532 571/565/532
f 640/632/533 636/628/533 637/629/533
f 636/628/534 640/632/534 639/631/534
f 641/633/535 637/629/535 638/630/535
f 637/629/536 641/633/536 640/632/536
f 642/634/537 571/565/537 639/631/537
f 571/565/538 642/634/538 568/562/538
f 643/635/539 639/631/539 640/632/539
f 639/631/540 643/635/540 642/634/540
f 644/636/541 640/632/541 641/633/541
f 640/632/542 644/636/542 643/635/542
f 645/637/543 568/562/543 642/634/543
f 568/562/544 645/637/544 565/559/544
f 646/638/545 642/634/545 643/635/545
f 642/634/546 646/638/546 645/637/546
f 647/639/547 643/635/547 644/636/547
f 643/635/548 647/639/548 646/638/548
f 648/640/549 565/559/549 645/637/549
f 565/559/550 648/640/550 564/558/550
f 649/641/551 645/637/551 646/638/551
f 645/637/552 649/641/552 648/640/552
f 650/642/553 646/638/553 647/639/553
f 646/638/554 650/642/554 649/641/554
f 651/643/555 564/558/555 648/640/555
f 564/558/556 651/643/556 561/555/556
f 652/644/557 648/640/557 649/641/557
f 648/640/558 652/644/558 651/643/558
f 653/645/559 649/641/559 650/642/559
f 649/641/560 653/645/560 652/644/560
f 647/639/561 654/646/561 650/642/561
f 650/642/562 655/647/562 653/645/562
f 655/647/563 650/642/563 654/646/563
f 654/646/564 647/639/564 656/648/564
f 644/636/565 656/648/565 647/639/565
f 656/648/566 644/636/566 657/649/566
f 641/633/567 657/649/567 644/636/567
f 656/648/568 658/650/568 654/646/568
f 654/646/569 659/651/569 655/647/569
f 659/651/235 654/646/235 658/650/235
f 657/649/570 641/633/570 660/652/570
f 638/630/571 660/652/571 641/633/571
f 657/649/572 661/653/572 656/648/572
f 658/650/573 656/648/573 661/653/573
f 660/652/574 662/654/574 657/649/574
f 661/653/237 657/649/237 662/654/237
f 660/652/575 638/630/575 663/655/575
f 635/627/576 663/655/576 638/630/576
f 662/654/577 660/652/577 664/656/577
f 663/655/578 664/656/578 660/652/578
f 662/654/237 665/657/237 661/653/237
f 661/653/236 666/658/236 658/650/236
f 666/658/237 661/653/237 665/657/237
f 663/655/579 635/627/579 667/659/579
f 632/624/580 667/659/580 635/627/580
f 664/656/239 663/655/239 668/660/239
f 667/659/581 668/660/581 663/655/581
f 664/656/238 669/661/238 662/654/238
f 665/657/238 662/654/238 669/661/238
f 668/660/239 670/662/239 664/656/239
f 669/661/239 664/656/239 670/662/239
f 667/659/582 632/624/582 671/663/582
f 629/621/583 671/663/583 632/624/583
f 668/660/584 667/659/584 672/664/584
f 671/663/585 672/664/585 667/659/585
f 672/664/240 673/665/240 668/660/240
f 670/662/240 668/660/240 673/665/240
f 671/663/586 629/621/586 674/666/586
f 627/619/587 674/666/587 629/621/587
f 672/664/241 671/663/241 675/667/241
f 674/666/588 675/667/588 671/663/588
f 673/665/241 672/664/241 676/668/241
f 675/667/241 676/668/241 672/664/241
f 674/666/589 627/619/589 677/669/589
f 621/613/590 677/669/590 627/619/590
f 621/613/591 622/614/591 677/669/591
f 677/669/592 678/670/592 674/666/592
f 675/667/593 674/666/593 678/670/593
f 679/671/594 677/669/594 622/614/594
f 677/669/595 679/671/595 678/670/595
f 679/671/596 622/614/596 623/615/596
f 623/615/597 680/672/597 679/671/597
f 681/673/597 679/671/597 680/672/597
f 681/673/598 678/670/598 679/671/598
f 678/670/242 682/674/242 675/667/242
f 678/670/599 681/673/599 682/674/599
f 676/668/242 675/667/242 682/674/242
f 683/672/600 682/674/600 681/673/600
f 684/672/601 683/672/601 681/673/601
f 684/672/602 685/675/602 683/672/602
f 686/676/603 676/668/603 682/674/603
f 686/676/604 687/677/604 676/668/604
f 676/668/605 687/677/605 688/678/605
f 689/679/606 686/676/606 682/674/606
f 673/665/607 676/668/607 688/678/607
f 690/680/608 673/665/608 688/678/608
f 670/662/609 673/665/609 690/680/609
f 670/662/610 690/680/610 691/681/610
f 670/662/611 691/681/611 692/682/611
f 689/679/612 682/674/612 693/683/612
f 682/674/243 683/672/243 693/683/243
f 694/684/612 689/679/612 693/683/612
f 695/685/613 694/684/613 693/683/613
f 696/686/614 670/662/614 692/682/614
f 696/686/615 692/682/615 697/687/615
f 696/686/239 669/661/239 670/662/239
f 696/686/616 697/687/616 698/688/616
f 695/685/617 693/683/617 699/689/617
f 700/690/618 695/685/618 699/689/618
f 701/691/619 700/690/619 699/689/619
f 702/692/239 669/661/239 696/686/239
f 703/693/614 696/686/614 698/688/614
f 703/693/239 702/692/239 696/686/239
f 669/661/238 702/692/238 665/657/238
f 703/693/620 698/688/620 704/694/620
f 701/691/617 699/689/617 705/695/617
f 706/696/621 701/691/621 705/695/621
f 707/697/238 665/657/238 702/692/238
f 708/698/622 703/693/622 704/694/622
f 704/694/623 709/699/623 708/698/623
f 703/693/239 710/700/239 702/692/239
f 709/699/624 711/701/624 708/698/624
f 709/699/588 712/702/588 711/701/588
f 711/701/625 712/702/625 713/703/625
f 708/698/240 714/704/240 703/693/240
f 710/700/240 703/693/240 714/704/240
f 711/701/241 715/705/241 708/698/241
f 714/704/241 708/698/241 715/705/241
f 716/706/626 711/701/626 713/703/626
f 706/696/627 716/706/627 713/703/627
f 716/706/628 706/696/628 705/695/628
f 716/706/242 717/707/242 711/701/242
f 715/705/242 711/701/242 717/707/242
f 705/695/243 718/708/243 716/706/243
f 717/707/243 716/706/243 718/708/243
f 718/708/244 705/695/244 719/709/244
f 717/707/242 720/710/242 715/705/242
f 718/708/243 721/711/243 717/707/243
f 720/710/243 717/707/243 721/711/243
f 722/712/242 715/705/242 720/710/242
f 715/705/241 722/712/241 714/704/241
f 720/710/243 721/711/243 723/713/243
f 724/714/241 714/704/241 722/712/241
f 714/704/240 724/714/240 710/700/240
f 722/712/242 720/710/242 725/715/242
f 723/713/242 725/715/242 720/710/242
f 724/714/241 722/712/241 726/716/241
f 725/715/241 726/716/241 722/712/241
f 727/717/240 710/700/240 724/714/240
f 726/716/240 728/718/240 724/714/240
f 727/717/240 724/714/240 728/718/240
f 710/700/239 727/717/239 729/719/239
f 729/719/239 702/692/239 710/700/239
f 702/692/238 729/719/238 707/697/238
f 730/720/239 729/719/239 727/717/239
f 731/721/238 707/697/238 729/719/238
f 729/719/238 730/720/238 731/721/238
f 730/720/239 727/717/239 732/722/239
f 728/718/239 732/722/239 727/717/239
f 733/723/238 731/721/238 730/720/238
f 732/722/238 734/724/238 730/720/238
f 733/723/238 730/720/238 734/724/238
f 732/722/239 728/718/239 735/725/239
f 734/724/238 732/722/238 736/726/238
f 735/725/238 736/726/238 732/722/238
f 737/727/239 735/725/239 728/718/239
f 728/718/240 726/716/240 737/727/240
f 738/728/240 737/727/240 726/716/240
f 726/716/241 725/715/241 738/728/241
f 735/725/239 737/727/239 739/729/239
f 740/730/241 738/728/241 725/715/241
f 725/715/242 723/713/242 740/730/242
f 737/727/240 738/728/240 741/731/240
f 741/731/239 739/729/239 737/727/239
f 738/728/241 740/730/241 742/732/241
f 742/732/240 741/731/240 738/728/240
f 743/733/242 740/730/242 723/713/242
f 739/729/238 744/734/238 735/725/238
f 736/726/238 735/725/238 744/734/238
f 739/729/239 741/731/239 745/735/239
f 744/734/238 739/729/238 746/736/238
f 745/735/238 746/736/238 739/729/238
f 747/737/239 745/735/239 741/731/239
f 741/731/240 742/732/240 747/737/240
f 748/738/241 742/732/241 740/730/241
f 740/730/242 743/733/242 748/738/242
f 749/739/240 747/737/240 742/732/240
f 742/732/241 748/738/241 749/739/241
f 745/735/239 747/737/239 750/740/239
f 747/737/240 749/739/240 751/741/240
f 751/741/239 750/740/239 747/737/239
f 751/741/239 752/742/239 750/740/239
f 752/742/240 751/741/240 753/743/240
f 754/744/239 750/740/239 752/742/239
f 755/745/240 753/743/240 751/741/240
f 755/745/240 751/741/240 749/739/240
f 753/743/241 755/745/241 756/746/241
f 750/740/238 754/744/238 757/747/238
f 750/740/238 757/747/238 745/735/238
f 758/748/238 757/747/238 754/744/238
f 746/736/238 745/735/238 757/747/238
f 757/747/237 758/748/237 759/749/237
f 757/747/237 759/749/237 746/736/237
f 760/750/237 759/749/237 758/748/237
f 761/751/237 746/736/237 759/749/237
f 746/736/237 761/751/237 744/734/237
f 759/749/236 760/750/236 762/752/236
f 759/749/236 762/752/236 761/751/236
f 763/753/236 762/752/236 760/750/236
f 764/754/237 744/734/237 761/751/237
f 744/734/237 764/754/237 736/726/237
f 765/755/236 761/751/236 762/752/236
f 761/751/236 765/755/236 764/754/236
f 762/752/235 763/753/235 766/756/235
f 762/752/235 766/756/235 765/755/235
f 767/757/235 766/756/235 763/753/235
f 768/758/237 736/726/237 764/754/237
f 736/726/237 768/758/237 734/724/237
f 769/759/236 764/754/236 765/755/236
f 764/754/236 769/759/236 768/758/236
f 770/760/235 765/755/235 766/756/235
f 765/755/235 770/760/235 769/759/235
f 766/756/234 767/757/234 771/761/234
f 766/756/234 771/761/234 770/760/234
f 772/762/234 771/761/234 767/757/234
f 773/763/237 734/724/237 768/758/237
f 734/724/237 773/763/237 733/723/237
f 774/764/236 768/758/236 769/759/236
f 768/758/236 774/764/236 773/763/236
f 775/765/235 769/759/235 770/760/235
f 769/759/235 775/765/235 774/764/235
f 776/766/234 770/760/234 771/761/234
f 770/760/234 776/766/234 775/765/234
f 771/761/233 772/762/233 777/767/233
f 771/761/233 777/767/233 776/766/233
f 778/768/233 777/767/233 772/762/233
f 777/767/232 778/768/232 779/769/232
f 780/770/232 779/769/232 778/768/232
f 781/771/233 776/766/233 777/767/233
f 777/767/232 779/769/232 781/771/232
f 782/772/234 775/765/234 776/766/234
f 776/766/233 781/771/233 782/772/233
f 779/769/231 780/770/231 783/773/231
f 775/765/234 782/772/234 784/774/234
f 784/774/235 774/764/235 775/765/235
f 785/775/231 783/773/231 780/770/231
f 786/776/232 781/771/232 779/769/232
f 779/769/231 783/773/231 786/776/231
f 787/777/233 782/772/233 781/771/233
f 781/771/232 786/776/232 787/777/232
f 783/773/230 785/775/230 788/778/230
f 782/772/233 787/777/233 789/779/233
f 789/779/234 784/774/234 782/772/234
f 790/780/230 788/778/230 785/775/230
f 791/781/231 786/776/231 783/773/231
f 783/773/230 788/778/230 791/781/230
f 792/782/232 787/777/232 786/776/232
f 786/776/231 791/781/231 792/782/231
f 788/778/229 790/780/229 793/783/229
f 787/777/232 792/782/232 794/784/232
f 794/784/233 789/779/233 787/777/233
f 795/785/229 793/783/229 790/780/229
f 796/786/230 791/781/230 788/778/230
f 788/778/229 793/783/229 796/786/229
f 797/787/231 792/782/231 791/781/231
f 791/781/230 796/786/230 797/787/230
f 793/783/228 795/785/228 798/788/228
f 792/782/231 797/787/231 799/789/231
f 799/789/232 794/784/232 792/782/232
f 800/790/228 798/788/228 795/785/228
f 801/791/229 796/786/229 793/783/229
f 793/783/228 798/788/228 801/791/228
f 802/792/230 797/787/230 796/786/230
f 796/786/229 801/791/229 802/792/229
f 798/788/227 800/790/227 803/793/227
f 797/787/230 802/792/230 804/794/230
f 804/794/231 799/789/231 797/787/231
f 805/795/227 803/793/227 800/790/227
f 806/796/228 801/791/228 798/788/228
f 798/788/227 803/793/227 806/796/227
f 807/797/229 802/792/229 801/791/229
f 801/791/228 806/796/228 807/797/228
f 803/793/226 805/795/226 808/798/226
f 802/792/229 807/797/229 809/799/229
f 809/799/230 804/794/230 802/792/230
f 810/800/226 808/798/226 805/795/226
f 811/801/227 806/796/227 803/793/227
f 803/793/226 808/798/226 811/801/226
f 812/802/228 807/797/228 806/796/228
f 806/796/227 811/801/227 812/802/227
f 808/798/225 810/800/225 813/803/225
f 807/797/228 812/802/228 814/804/228
f 814/804/229 809/799/229 807/797/229
f 815/805/225 813/803/225 810/800/225
f 816/806/226 811/801/226 808/798/226
f 808/798/225 813/803/225 816/806/225
f 817/807/227 812/802/227 811/801/227
f 811/801/226 816/806/226 817/807/226
f 813/803/60 815/805/60 818/808/60
f 812/802/227 817/807/227 819/809/227
f 819/809/228 814/804/228 812/802/228
f 820/810/60 818/808/60 815/805/60
f 821/811/225 816/806/225 813/803/225
f 813/803/60 818/808/60 821/811/60
f 822/812/226 817/807/226 816/806/226
f 816/806/225 821/811/225 822/812/225
f 818/808/56 820/810/56 823/813/56
f 817/807/226 822/812/226 824/814/226
f 824/814/227 819/809/227 817/807/227
f 825/815/56 823/813/56 820/810/56
f 826/816/60 821/811/60 818/808/60
f 818/808/56 823/813/56 826/816/56
f 827/817/225 822/812/225 821/811/225
f 821/811/60 826/816/60 827/817/60
f 823/813/51 825/815/51 828/818/51
f 822/812/225 827/817/225 829/819/225
f 829/819/226 824/814/226 822/812/226
f 830/820/51 828/818/51 825/815/51
f 831/821/56 826/816/56 823/813/56
f 823/813/51 828/818/51 831/821/51
f 832/822/60 827/817/60 826/816/60
f 826/816/56 831/821/56 832/822/56
f 828/818/46 830/820/46 833/823/46
f 827/817/60 832/822/60 834/824/60
f 834/824/225 829/819/225 827/817/225
f 835/825/46 833/823/46 830/820/46
f 836/826/51 831/821/51 828/818/51
f 828/818/46 833/823/46 836/826/46
f 837/827/56 832/822/56 831/821/56
f 831/821/51 836/826/51 837/827/51
f 833/823/42 835/825/42 838/828/42
f 832/822/56 837/827/56 839/829/56
f 839/829/60 834/824/60 832/822/60
f 840/830/42 838/828/42 835/825/42
f 841/831/46 836/826/46 833/823/46
f 833/823/42 838/828/42 841/831/42
f 842/832/51 837/827/51 836/826/51
f 836/826/46 841/831/46 842/832/46
f 838/828/39 840/830/39 843/833/39
f 837/827/51 842/832/51 844/834/51
f 844/834/56 839/829/56 837/827/56
f 845/835/39 843/833/39 840/830/39
f 846/836/42 841/831/42 838/828/42
f 838/828/39 843/833/39 846/836/39
f 847/837/46 842/832/46 841/831/46
f 841/831/42 846/836/42 847/837/42
f 843/833/38 845/835/38 848/838/38
f 842/832/46 847/837/46 849/839/46
f 849/839/51 844/834/51 842/832/51
f 850/840/38 848/838/38 845/835/38
f 851/841/39 846/836/39 843/833/39
f 843/833/38 848/838/38 851/841/38
f 852/842/42 847/837/42 846/836/42
f 846/836/39 851/841/39 852/842/39
f 848/838/30 850/840/30 853/843/30
f 402/402/30 853/843/30 850/840/30
f 853/843/24 402/402/24 401/401/24
f 848/838/30 853/843/30 854/844/30
f 854/844/38 851/841/38 848/838/38
f 853/843/24 401/401/24 855/845/24
f 855/845/30 854/844/30 853/843/30
f 403/403/24 855/845/24 401/401/24
f 855/845/24 403/403/24 408/408/24
f 856/846/39 852/842/39 851/841/39
f 851/841/38 854/844/38 856/846/38
f 854/844/30 855/845/30 857/847/30
f 857/847/38 856/846/38 854/844/38
f 408/408/30 857/847/30 855/845/30
f 857/847/30 408/408/30 858/848/30
f 412/412/30 858/848/30 408/408/30
f 856/846/38 857/847/38 859/849/38
f 858/848/38 859/849/38 857/847/38
f 852/842/39 856/846/39 860/850/39
f 859/849/39 860/850/39 856/846/39
f 860/850/42 861/851/42 852/842/42
f 847/837/42 852/842/42 861/851/42
f 861/851/46 849/839/46 847/837/46
f 858/848/30 412/412/30 862/852/30
f 413/413/30 862/852/30 412/412/30
f 859/849/38 858/848/38 863/853/38
f 862/852/38 863/853/38 858/848/38
f 863/853/39 864/854/39 859/849/39
f 860/850/39 859/849/39 864/854/39
f 862/852/30 413/413/30 865/855/30
f 420/420/30 865/855/30 413/413/30
f 863/853/38 862/852/38 866/856/38
f 865/855/38 866/856/38 862/852/38
f 864/854/39 863/853/39 867/857/39
f 866/856/39 867/857/39 863/853/39
f 864/854/42 868/858/42 860/850/42
f 861/851/42 860/850/42 868/858/42
f 867/857/42 869/859/42 864/854/42
f 868/858/42 864/854/42 869/859/42
f 866/856/39 870/860/39 867/857/39
f 867/857/42 871/861/42 869/859/42
f 871/861/39 867/857/39 870/860/39
f 868/858/46 872/862/46 861/851/46
f 849/839/46 861/851/46 872/862/46
f 869/859/46 873/863/46 868/858/46
f 872/862/46 868/858/46 873/863/46
f 874/864/42 869/859/42 871/861/42
f 869/859/46 874/864/46 873/863/46
f 872/862/51 875/865/51 849/839/51
f 844/834/51 849/839/51 875/865/51
f 873/863/51 876/866/51 872/862/51
f 875/865/51 872/862/51 876/866/51
f 877/867/46 873/863/46 874/864/46
f 873/863/51 877/867/51 876/866/51
f 875/865/56 878/868/56 844/834/56
f 839/829/56 844/834/56 878/868/56
f 876/866/56 879/869/56 875/865/56
f 878/868/56 875/865/56 879/869/56
f 880/870/51 876/866/51 877/867/51
f 876/866/56 880/870/56 879/869/56
f 878/868/60 881/871/60 839/829/60
f 834/824/60 839/829/60 881/871/60
f 879/869/60 882/872/60 878/868/60
f 881/871/60 878/868/60 882/872/60
f 883/873/56 879/869/56 880/870/56
f 879/869/60 883/873/60 882/872/60
f 881/871/225 884/874/225 834/824/225
f 829/819/225 834/824/225 884/874/225
f 882/872/225 885/875/225 881/871/225
f 884/874/225 881/871/225 885/875/225
f 886/876/60 882/872/60 883/873/60
f 882/872/225 886/876/225 885/875/225
f 880/870/56 887/877/56 883/873/56
f 884/874/226 888/878/226 829/819/226
f 883/873/60 889/879/60 886/876/60
f 889/879/56 883/873/56 887/877/56
f 824/814/226 829/819/226 888/878/226
f 885/875/226 890/880/226 884/874/226
f 888/878/226 884/874/226 890/880/226
f 891/881/225 885/875/225 886/876/225
f 885/875/226 891/881/226 890/880/226
f 886/876/225 892/882/225 891/881/225
f 892/882/60 886/876/60 889/879/60
f 888/878/227 893/883/227 824/814/227
f 819/809/227 824/814/227 893/883/227
f 890/880/227 894/884/227 888/878/227
f 893/883/227 888/878/227 894/884/227
f 892/882/629 889/879/629 895/885/629
f 895/885/630 896/886/630 892/882/630
f 889/879/631 897/887/631 895/885/631
f 896/886/632 898/888/632 892/882/632
f 898/888/225 891/881/225 892/882/225
f 896/886/633 899/889/633 898/888/633
f 898/888/634 899/889/634 900/890/634
f 889/879/635 901/891/635 897/887/635
f 901/891/636 902/892/636 897/887/636
f 901/891/637 903/893/637 902/892/637
f 889/879/56 887/877/56 901/891/56
f 904/894/638 898/888/638 900/890/638
f 905/895/639 904/894/639 900/890/639
f 891/881/226 898/888/226 906/896/226
f 904/894/226 906/896/226 898/888/226
f 906/896/226 890/880/226 891/881/226
f 890/880/227 906/896/227 894/884/227
f 904/894/640 905/895/640 907/897/640
f 906/896/227 904/894/227 908/898/227
f 908/898/227 894/884/227 906/896/227
f 907/897/227 908/898/227 904/894/227
f 905/895/641 909/899/641 907/897/641
f 894/884/228 908/898/228 910/900/228
f 909/899/642 911/901/642 907/897/642
f 909/899/643 912/902/643 911/901/643
f 894/884/228 910/900/228 893/883/228
f 912/902/644 913/903/644 911/901/644
f 914/904/228 893/883/228 910/900/228
f 893/883/228 914/904/228 819/809/228
f 814/804/228 819/809/228 914/904/228
f 914/904/229 915/905/229 814/804/229
f 809/799/229 814/804/229 915/905/229
f 910/900/229 916/906/229 914/904/229
f 915/905/229 914/904/229 916/906/229
f 910/900/229 917/907/229 916/906/229
f 917/907/228 910/900/228 908/898/228
f 908/898/228 907/897/228 917/907/228
f 915/905/230 918/908/230 809/799/230
f 804/794/230 809/799/230 918/908/230
f 916/906/230 919/909/230 915/905/230
f 918/908/230 915/905/230 919/909/230
f 920/910/229 916/906/229 917/907/229
f 916/906/230 920/910/230 919/909/230
f 921/911/228 917/907/228 907/897/228
f 917/907/229 921/911/229 920/910/229
f 907/897/228 911/901/228 921/911/228
f 918/908/231 922/912/231 804/794/231
f 799/789/231 804/794/231 922/912/231
f 919/909/231 923/913/231 918/908/231
f 922/912/231 918/908/231 923/913/231
f 924/914/230 919/909/230 920/910/230
f 919/909/231 924/914/231 923/913/231
f 925/915/229 920/910/229 921/911/229
f 920/910/230 925/915/230 924/914/230
f 921/911/229 926/916/229 925/915/229
f 921/911/228 911/901/228 926/916/228
f 927/917/230 924/914/230 925/915/230
f 928/918/231 923/913/231 924/914/231
f 924/914/231 927/917/231 928/918/231
f 923/913/232 928/918/232 929/919/232
f 923/913/232 929/919/232 922/912/232
f 930/920/232 922/912/232 929/919/232
f 922/912/232 930/920/232 799/789/232
f 794/784/232 799/789/232 930/920/232
f 930/920/233 931/921/233 794/784/233
f 789/779/233 794/784/233 931/921/233
f 929/919/233 932/922/233 930/920/233
f 931/921/233 930/920/233 932/922/233
f 933/923/232 929/919/232 928/918/232
f 929/919/233 933/923/233 932/922/233
f 928/918/232 934/924/232 933/923/232
f 934/924/231 928/918/231 927/917/231
f 931/921/234 935/925/234 789/779/234
f 784/774/234 789/779/234 935/925/234
f 932/922/234 936/926/234 931/921/234
f 935/925/234 931/921/234 936/926/234
f 937/927/233 932/922/233 933/923/233
f 932/922/234 937/927/234 936/926/234
f 933/923/233 938/928/233 937/927/233
f 938/928/232 933/923/232 934/924/232
f 935/925/235 939/929/235 784/774/235
f 774/764/235 784/774/235 939/929/235
f 939/929/236 773/763/236 774/764/236
f 939/929/235 935/925/235 940/930/235
f 936/926/235 940/930/235 935/925/235
f 773/763/236 939/929/236 941/931/236
f 940/930/236 941/931/236 939/929/236
f 941/931/237 733/723/237 773/763/237
f 936/926/235 942/932/235 940/930/235
f 942/932/234 936/926/234 937/927/234
f 940/930/236 943/933/236 941/931/236
f 943/933/235 940/930/235 942/932/235
f 941/931/237 944/934/237 733/723/237
f 944/934/236 941/931/236 943/933/236
f 731/721/237 733/723/237 944/934/237
f 937/927/234 945/935/234 942/932/234
f 943/933/236 946/936/236 944/934/236
f 942/932/235 947/937/235 943/933/235
f 947/937/234 942/932/234 945/935/234
f 946/936/235 943/933/235 947/937/235
f 945/935/233 937/927/233 938/928/233
f 944/934/237 948/938/237 731/721/237
f 948/938/236 944/934/236 946/936/236
f 707/697/237 731/721/237 948/938/237
f 947/937/645 949/939/645 946/936/645
f 949/939/646 947/937/646 950/940/646
f 947/937/647 945/935/647 950/940/647
f 949/939/648 951/941/648 946/936/648
f 945/935/649 952/942/649 950/940/649
f 953/943/650 952/942/650 945/935/650
f 953/943/651 945/935/651 938/928/651
f 954/944/652 953/943/652 938/928/652
f 938/928/653 934/924/653 954/944/653
f 934/924/654 955/945/654 954/944/654
f 951/941/655 956/946/655 946/936/655
f 946/936/236 956/946/236 948/938/236
f 951/941/656 957/947/656 956/946/656
f 957/947/657 958/948/657 956/946/657
f 934/924/658 959/949/658 955/945/658
f 959/949/659 960/950/659 955/945/659
f 934/924/231 927/917/231 959/949/231
f 959/949/660 961/951/660 960/950/660
f 958/948/655 962/952/655 956/946/655
f 958/948/661 963/953/661 962/952/661
f 948/938/236 956/946/236 666/658/236
f 956/946/236 962/952/236 666/658/236
f 948/938/237 666/658/237 707/697/237
f 665/657/237 707/697/237 666/658/237
f 962/952/236 658/650/236 666/658/236
f 963/953/662 964/954/662 962/952/662
f 658/650/235 962/952/235 659/651/235
f 964/954/662 965/955/662 962/952/662
f 965/955/235 659/651/235 962/952/235
f 964/954/663 966/956/663 965/955/663
f 966/956/664 967/957/664 965/955/664
f 966/956/649 968/958/649 967/957/649
f 659/651/234 965/955/234 969/959/234
f 967/957/234 969/959/234 965/955/234
f 969/959/665 655/647/665 659/651/665
f 967/957/666 968/958/666 970/960/666
f 655/647/667 969/959/667 971/961/667
f 971/961/668 653/645/668 655/647/668
f 969/959/233 967/957/233 972/962/233
f 972/962/233 971/961/233 969/959/233
f 973/963/669 967/957/669 970/960/669
f 973/963/233 972/962/233 967/957/233
f 974/964/670 973/963/670 970/960/670
f 653/645/671 971/961/671 975/965/671
f 975/965/672 652/644/672 653/645/672
f 971/961/673 972/962/673 976/966/673
f 976/966/674 975/965/674 971/961/674
f 972/962/232 973/963/232 977/967/232
f 977/967/675 976/966/675 972/962/675
f 978/968/676 973/963/676 974/964/676
f 978/968/232 977/967/232 973/963/232
f 978/968/677 974/964/677 979/969/677
f 978/968/678 979/969/678 961/951/678
f 959/949/658 978/968/658 961/951/658
f 959/949/231 980/970/231 978/968/231
f 927/917/231 980/970/231 959/949/231
f 977/967/231 978/968/231 981/971/231
f 980/970/231 981/971/231 978/968/231
f 981/971/679 982/972/679 977/967/679
f 976/966/680 977/967/680 982/972/680
f 980/970/230 927/917/230 983/973/230
f 925/915/230 983/973/230 927/917/230
f 983/973/229 925/915/229 926/916/229
f 983/973/230 984/974/230 980/970/230
f 983/973/229 926/916/229 984/974/229
f 981/971/230 980/970/230 984/974/230
f 982/972/681 985/975/681 976/966/681
f 975/965/682 976/966/682 985/975/682
f 982/972/683 981/971/683 986/976/683
f 984/974/230 986/976/230 981/971/230
f 985/975/684 982/972/684 987/977/684
f 986/976/685 987/977/685 982/972/685
f 985/975/686 988/978/686 975/965/686
f 652/644/686 975/965/686 988/978/686
f 988/978/687 651/643/687 652/644/687
f 988/978/688 985/975/688 989/979/688
f 987/977/689 989/979/689 985/975/689
f 651/643/690 988/978/690 990/980/690
f 989/979/691 990/980/691 988/978/691
f 990/980/692 561/555/692 651/643/692
f 990/980/693 991/981/693 561/555/693
f 557/551/693 561/555/693 991/981/693
f 991/981/694 558/552/694 557/551/694
f 991/981/695 990/980/695 992/982/695
f 989/979/696 992/982/696 990/980/696
f 558/552/697 991/981/697 993/983/697
f 992/982/698 993/983/698 991/981/698
f 993/983/699 994/984/699 558/552/699
f 553/547/700 558/552/700 994/984/700
f 992/982/701 989/979/701 995/985/701
f 987/977/702 995/985/702 989/979/702
f 993/983/703 992/982/703 996/986/703
f 995/985/704 996/986/704 992/982/704
f 994/984/705 993/983/705 997/987/705
f 996/986/706 997/987/706 993/983/706
f 994/984/707 998/988/707 553/547/707
f 548/542/708 553/547/708 998/988/708
f 998/988/709 550/544/709 548/542/709
f 998/988/710 994/984/710 999/989/710
f 997/987/711 999/989/711 994/984/711
f 550/544/712 998/988/712 1000/990/712
f 999/989/713 1000/990/713 998/988/713
f 1000/990/714 1001/991/714 550/544/714
f 545/539/715 550/544/715 1001/991/715
f 1000/990/716 999/989/716 1002/992/716
f 1001/991/717 1003/993/717 545/539/717
f 535/529/718 545/539/718 1003/993/718
f 1003/993/719 534/528/719 535/529/719
f 1001/991/720 1000/990/720 1004/994/720
f 1002/992/721 1004/994/721 1000/990/721
f 1003/993/722 1001/991/722 1005/995/722
f 1004/994/723 1005/995/723 1001/991/723
f 534/528/724 1003/993/724 1006/996/724
f 1005/995/725 1006/996/725 1003/993/725
f 1006/996/726 462/459/726 534/528/726
f 462/459/727 1006/996/727 461/458/727
f 1007/997/46 461/458/46 1006/996/46
f 1006/996/728 1005/995/728 1007/997/728
f 461/458/46 1007/997/46 460/457/46
f 1005/995/729 1004/994/729 1008/998/729
f 1008/998/730 1007/997/730 1005/995/730
f 1009/999/46 460/457/46 1007/997/46
f 1007/997/51 1008/998/51 1009/999/51
f 1010/1000/56 1008/998/56 1004/994/56
f 1004/994/60 1002/992/60 1010/1000/60
f 1011/1001/51 1009/999/51 1008/998/51
f 1008/998/56 1010/1000/56 1011/1001/56
f 1011/1001/51 887/877/51 1009/999/51
f 887/877/56 1011/1001/56 901/891/56
f 1012/1002/51 1009/999/51 887/877/51
f 1009/999/46 1012/1002/46 460/457/46
f 887/877/51 880/870/51 1012/1002/51
f 877/867/51 1012/1002/51 880/870/51
f 1013/1003/46 460/457/46 1012/1002/46
f 1012/1002/46 877/867/46 1013/1003/46
f 1013/1003/42 455/452/42 460/457/42
f 874/864/46 1013/1003/46 877/867/46
f 458/455/42 455/452/42 1013/1003/42
f 1013/1003/42 874/864/42 458/455/42
f 871/861/42 458/455/42 874/864/42
f 458/455/39 871/861/39 1014/1004/39
f 1014/1004/731 459/456/731 458/455/731
f 870/860/39 1014/1004/39 871/861/39
f 459/456/732 1014/1004/732 1015/1005/732
f 1014/1004/733 1016/1006/733 1015/1005/733
f 1014/1004/38 870/860/38 1016/1006/38
f 1016/1006/262 1017/1007/262 1015/1005/262
f 1018/1008/734 1017/1007/734 1016/1006/734
f 1019/1009/38 1016/1006/38 870/860/38
f 870/860/38 866/856/38 1019/1009/38
f 865/855/38 1019/1009/38 866/856/38
f 1018/1008/735 1016/1006/735 1020/1010/735
f 1016/1006/30 1019/1009/30 1020/1010/30
f 440/438/736 1018/1008/736 1020/1010/736
f 1020/1010/737 424/424/737 440/438/737
f 1021/1011/30 1020/1010/30 1019/1009/30
f 1019/1009/30 865/855/30 1021/1011/30
f 1020/1010/24 1021/1011/24 424/424/24
f 420/420/30 1021/1011/30 865/855/30
f 421/421/24 424/424/24 1021/1011/24
f 1021/1011/24 420/420/24 421/421/24
f 1022/1012/60 106/106/60 102/102/60
f 106/106/738 1022/1012/738 1023/1013/738
f 1023/1013/739 107/107/739 106/106/739
f 102/102/225 1024/1014/225 1022/1012/225
f 102/102/225 104/104/225 1024/1014/225
f 1025/1015/225 1024/1014/225 104/104/225
f 107/107/740 1023/1013/740 1026/1016/740
f 1026/1016/741 108/108/741 107/107/741
f 108/108/742 1026/1016/742 1027/1017/742
f 1024/1014/226 1025/1015/226 1028/1018/226
f 1029/1019/226 1028/1018/226 1025/1015/226
f 1024/1014/226 1028/1018/226 1030/1020/226
f 1030/1020/225 1022/1012/225 1024/1014/225
f 1028/1018/227 1029/1019/227 1031/1021/227
f 1032/1022/227 1031/1021/227 1029/1019/227
f 1033/1023/226 1030/1020/226 1028/1018/226
f 1028/1018/227 1031/1021/227 1033/1023/227
f 1022/1012/743 1030/1020/743 1034/1024/743
f 1034/1024/744 1023/1013/744 1022/1012/744
f 1030/1020/745 1033/1023/745 1035/1025/745
f 1035/1025/746 1034/1024/746 1030/1020/746
f 1031/1021/228 1032/1022/228 1036/1026/228
f 1037/1027/228 1036/1026/228 1032/1022/228
f 1038/1028/227 1033/1023/227 1031/1021/227
f 1031/1021/228 1036/1026/228 1038/1028/228
f 1039/1029/747 1035/1025/747 1033/1023/747
f 1033/1023/748 1038/1028/748 1039/1029/748
f 1036/1026/229 1037/1027/229 1040/1030/229
f 1041/1031/229 1040/1030/229 1037/1027/229
f 1042/1032/228 1038/1028/228 1036/1026/228
f 1036/1026/229 1040/1030/229 1042/1032/229
f 1043/1033/749 1039/1029/749 1038/1028/749
f 1038/1028/750 1042/1032/750 1043/1033/750
f 1040/1030/230 1041/1031/230 1044/1034/230
f 1045/1035/230 1044/1034/230 1041/1031/230
f 1046/1036/229 1042/1032/229 1040/1030/229
f 1040/1030/230 1044/1034/230 1046/1036/230
f 1047/1037/751 1043/1033/751 1042/1032/751
f 1042/1032/752 1046/1036/752 1047/1037/752
f 1044/1034/231 1045/1035/231 1048/1038/231
f 1049/1039/231 1048/1038/231 1045/1035/231
f 1050/1040/230 1046/1036/230 1044/1034/230
f 1044/1034/231 1048/1038/231 1050/1040/231
f 1051/1041/753 1047/1037/753 1046/1036/753
f 1046/1036/754 1050/1040/754 1051/1041/754
f 1048/1038/232 1049/1039/232 1052/1042/232
f 1053/1043/232 1052/1042/232 1049/1039/232
f 1054/1044/231 1050/1040/231 1048/1038/231
f 1048/1038/232 1052/1042/232 1054/1044/232
f 1055/1045/755 1051/1041/755 1050/1040/755
f 1050/1040/756 1054/1044/756 1055/1045/756
f 1051/1041/757 1055/1045/757 1056/1046/757
f 1052/1042/233 1053/1043/233 1057/1047/233
f 1058/1048/233 1057/1047/233 1053/1043/233
f 1059/1049/232 1054/1044/232 1052/1042/232
f 1052/1042/233 1057/1047/233 1059/1049/233
f 1060/1050/758 1055/1045/758 1054/1044/758
f 1054/1044/759 1059/1049/759 1060/1050/759
f 1061/1051/760 1056/1046/760 1055/1045/760
f 1055/1045/761 1060/1050/761 1061/1051/761
f 1056/1046/762 1061/1051/762 1062/1052/762
f 1057/1047/234 1058/1048/234 1063/1053/234
f 1064/1054/234 1063/1053/234 1058/1048/234
f 1065/1055/233 1059/1049/233 1057/1047/233
f 1057/1047/234 1063/1053/234 1065/1055/234
f 1066/1056/763 1060/1050/763 1059/1049/763
f 1059/1049/764 1065/1055/764 1066/1056/764
f 1067/1057/765 1061/1051/765 1060/1050/765
f 1060/1050/766 1066/1056/766 1067/1057/766
f 1068/1058/767 1062/1052/767 1061/1051/767
f 1061/1051/768 1067/1057/768 1068/1058/768
f 1062/1052/769 1068/1058/769 1069/1059/769
f 1070/1060/770 1069/1059/770 1068/1058/770
f 1069/1059/771 1070/1060/771 1071/1061/771
f 1072/1062/772 1068/1058/772 1067/1057/772
f 1068/1058/773 1072/1062/773 1070/1060/773
f 1073/1063/774 1067/1057/774 1066/1056/774
f 1067/1057/775 1073/1063/775 1072/1062/775
f 1066/1056/776 1074/1064/776 1073/1063/776
f 1074/1064/777 1066/1056/777 1065/1055/777
f 1075/1065/778 1071/1061/778 1070/1060/778
f 1071/1061/779 1075/1065/779 1076/1066/779
f 1077/1067/780 1070/1060/780 1072/1062/780
f 1070/1060/781 1077/1067/781 1075/1065/781
f 1078/1068/782 1072/1062/782 1073/1063/782
f 1072/1062/783 1078/1068/783 1077/1067/783
f 1073/1063/784 1079/1069/784 1078/1068/784
f 1079/1069/785 1073/1063/785 1074/1064/785
f 1080/1070/786 1076/1066/786 1075/1065/786
f 1076/1066/787 1080/1070/787 1081/1071/787
f 1082/1072/788 1075/1065/788 1077/1067/788
f 1075/1065/789 1082/1072/789 1080/1070/789
f 1083/1073/790 1077/1067/790 1078/1068/790
f 1077/1067/791 1083/1073/791 1082/1072/791
f 1078/1068/792 1084/1074/792 1083/1073/792
f 1084/1074/793 1078/1068/793 1079/1069/793
f 1085/1075/794 1081/1071/794 1080/1070/794
f 1081/1071/795 1085/1075/795 1086/1076/795
f 1087/1077/796 1080/1070/796 1082/1072/796
f 1080/1070/797 1087/1077/797 1085/1075/797
f 1088/1078/798 1082/1072/798 1083/1073/798
f 1082/1072/799 1088/1078/799 1087/1077/799
f 1083/1073/800 1089/1079/800 1088/1078/800
f 1089/1079/801 1083/1073/801 1084/1074/801
f 1090/1080/802 1086/1076/802 1085/1075/802
f 1086/1076/803 1090/1080/803 1091/1081/803
f 1092/1082/804 1085/1075/804 1087/1077/804
f 1085/1075/805 1092/1082/805 1090/1080/805
f 1093/1083/806 1087/1077/806 1088/1078/806
f 1087/1077/807 1093/1083/807 1092/1082/807
f 1088/1078/808 1094/1084/808 1093/1083/808
f 1094/1084/809 1088/1078/809 1089/1079/809
f 1095/1085/810 1091/1081/810 1090/1080/810
f 1091/1081/811 1095/1085/811 1096/1086/811
f 1097/1087/812 1090/1080/812 1092/1082/812
f 1090/1080/813 1097/1087/813 1095/1085/813
f 1098/1088/814 1092/1082/814 1093/1083/814
f 1092/1082/815 1098/1088/815 1097/1087/815
f 1093/1083/816 1099/1089/816 1098/1088/816
f 1099/1089/817 1093/1083/817 1094/1084/817
f 1100/1090/818 1096/1086/818 1095/1085/818
f 1096/1086/819 1100/1090/819 1101/1091/819
f 1102/1092/820 1095/1085/820 1097/1087/820
f 1095/1085/821 1102/1092/821 1100/1090/821
f 1103/1093/822 1097/1087/822 1098/1088/822
f 1097/1087/823 1103/1093/823 1102/1092/823
f 1098/1088/824 1104/1094/824 1103/1093/824
f 1104/1094/825 1098/1088/825 1099/1089/825
f 1105/1095/826 1101/1091/826 1100/1090/826
f 1101/1091/827 1105/1095/827 1106/1096/827
f 1107/1097/828 1100/1090/828 1102/1092/828
f 1100/1090/829 1107/1097/829 1105/1095/829
f 1105/1095/830 1108/1098/830 1106/1096/830
f 1106/1096/831 1108/1098/831 1109/1099/831
f 1110/1100/832 1105/1095/832 1107/1097/832
f 1110/1100/833 1108/1098/833 1105/1095/833
f 1111/1101/834 1109/1099/834 1108/1098/834
f 1108/1098/835 1112/1102/835 1111/1101/835
f 1113/1103/836 1111/1101/836 1112/1102/836
f 1110/1100/837 1114/1104/837 1108/1098/837
f 1114/1104/838 1112/1102/838 1108/1098/838
f 1107/1097/839 1115/1105/839 1110/1100/839
f 1114/1104/840 1110/1100/840 1115/1105/840
f 1102/1092/841 1116/1106/841 1107/1097/841
f 1115/1105/842 1107/1097/842 1116/1106/842
f 1116/1106/843 1102/1092/843 1103/1093/843
f 1112/1102/844 1117/1107/844 1113/1103/844
f 1118/1108/845 1113/1103/845 1117/1107/845
f 1120/1109/846 1118/1108/846 1119/1110/846
f 1117/1107/847 1119/1110/847 1118/1108/847
f 1103/1093/848 1121/1111/848 1116/1106/848
f 1121/1111/849 1103/1093/849 1104/1094/849
f 1122/1112/848 1116/1106/848 1121/1111/848
f 1116/1106/850 1122/1112/850 1115/1105/850
f 1123/1113/851 1119/1110/851 1117/1107/851
f 1124/1114/852 1119/1110/852 1123/1113/852
f 1124/1114/853 1123/1113/853 1125/1115/853
f 1126/1116/854 1125/1115/854 1123/1113/854
f 1125/1115/855 1126/1116/855 1127/1117/855
f 1128/1118/856 1123/1113/856 1117/1107/856
f 1123/1113/857 1128/1118/857 1126/1116/857
f 1128/1118/858 1117/1107/858 1129/1119/858
f 1129/1119/859 1117/1107/859 1112/1102/859
f 1130/1120/860 1126/1116/860 1128/1118/860
f 1128/1118/861 1129/1119/861 1130/1120/861
f 1131/1121/862 1127/1117/862 1126/1116/862
f 1126/1116/863 1130/1120/863 1131/1121/863
f 1127/1117/864 1131/1121/864 1132/1122/864
f 1133/1123/865 1129/1119/865 1112/1102/865
f 1133/1123/866 1112/1102/866 1114/1104/866
f 1134/1124/867 1130/1120/867 1129/1119/867
f 1129/1119/868 1133/1123/868 1134/1124/868
f 1133/1123/869 1114/1104/869 1135/1125/869
f 1135/1125/868 1134/1124/868 1133/1123/868
f 1115/1105/870 1135/1125/870 1114/1104/870
f 1135/1125/871 1115/1105/871 1122/1112/871
f 1136/1126/872 1131/1121/872 1130/1120/872
f 1130/1120/873 1134/1124/873 1136/1126/873
f 1134/1124/874 1135/1125/874 1137/1127/874
f 1137/1127/875 1136/1126/875 1134/1124/875
f 1122/1112/876 1137/1127/876 1135/1125/876
f 1138/1128/877 1132/1122/877 1131/1121/877
f 1131/1121/878 1136/1126/878 1138/1128/878
f 1132/1122/879 1138/1128/879 1139/1129/879
f 1136/1126/880 1137/1127/880 1140/1130/880
f 1140/1130/881 1138/1128/881 1136/1126/881
f 1137/1127/882 1122/1112/882 1141/1131/882
f 1141/1131/883 1140/1130/883 1137/1127/883
f 1121/1111/882 1141/1131/882 1122/1112/882
f 1142/1132/884 1139/1129/884 1138/1128/884
f 1138/1128/885 1140/1130/885 1142/1132/885
f 1139/1129/886 1142/1132/886 1143/1133/886
f 1140/1130/887 1141/1131/887 1144/1134/887
f 1144/1134/888 1142/1132/888 1140/1130/888
f 1141/1131/889 1121/1111/889 1145/1135/889
f 1145/1135/890 1144/1134/890 1141/1131/890
f 1104/1094/891 1145/1135/891 1121/1111/891
f 1146/1136/892 1143/1133/892 1142/1132/892
f 1142/1132/893 1144/1134/893 1146/1136/893
f 1143/1133/894 1146/1136/894 1147/1137/894
f 1144/1134/895 1145/1135/895 1148/1138/895
f 1148/1138/896 1146/1136/896 1144/1134/896
f 1145/1135/897 1104/1094/897 1149/1139/897
f 1149/1139/898 1148/1138/898 1145/1135/898
f 1099/1089/899 1149/1139/899 1104/1094/899
f 1150/1140/900 1147/1137/900 1146/1136/900
f 1146/1136/901 1148/1138/901 1150/1140/901
f 1147/1137/902 1150/1140/902 1151/1141/902
f 1148/1138/903 1149/1139/903 1152/1142/903
f 1152/1142/904 1150/1140/904 1148/1138/904
f 1149/1139/905 1099/1089/905 1153/1143/905
f 1153/1143/906 1152/1142/906 1149/1139/906
f 1094/1084/907 1153/1143/907 1099/1089/907
f 1154/1144/908 1151/1141/908 1150/1140/908
f 1150/1140/909 1152/1142/909 1154/1144/909
f 1151/1141/910 1154/1144/910 1155/1145/910
f 1152/1142/911 1153/1143/911 1156/1146/911
f 1156/1146/912 1154/1144/912 1152/1142/912
f 1153/1143/913 1094/1084/913 1157/1147/913
f 1157/1147/914 1156/1146/914 1153/1143/914
f 1089/1079/915 1157/1147/915 1094/1084/915
f 1158/1148/916 1155/1145/916 1154/1144/916
f 1154/1144/917 1156/1146/917 1158/1148/917
f 1155/1145/918 1158/1148/918 1159/1149/918
f 1156/1146/919 1157/1147/919 1160/1150/919
f 1160/1150/920 1158/1148/920 1156/1146/920
f 1157/1147/921 1089/1079/921 1161/1151/921
f 1161/1151/922 1160/1150/922 1157/1147/922
f 1084/1074/923 1161/1151/923 1089/1079/923
f 1162/1152/924 1159/1149/924 1158/1148/924
f 1158/1148/925 1160/1150/925 1162/1152/925
f 1159/1149/926 1162/1152/926 1163/1153/926
f 1160/1150/927 1161/1151/927 1164/1154/927
f 1164/1154/928 1162/1152/928 1160/1150/928
f 1161/1151/929 1084/1074/929 1165/1155/929
f 1165/1155/930 1164/1154/930 1161/1151/930
f 1079/1069/931 1165/1155/931 1084/1074/931
f 1162/1152/932 1164/1154/932 1166/1156/932
f 1166/1156/933 1163/1153/933 1162/1152/933
f 1164/1154/934 1165/1155/934 1167/1157/934
f 1167/1157/935 1166/1156/935 1164/1154/935
f 1165/1155/936 1079/1069/936 1168/1158/936
f 1168/1158/937 1167/1157/937 1165/1155/937
f 1074/1064/938 1168/1158/938 1079/1069/938
f 1168/1158/939 1074/1064/939 1169/1159/939
f 1065/1055/940 1169/1159/940 1074/1064/940
f 1169/1159/234 1065/1055/234 1063/1053/234
f 1169/1159/941 1170/1160/941 1168/1158/941
f 1167/1157/942 1168/1158/942 1170/1160/942
f 1063/1053/235 1171/1161/235 1169/1159/235
f 1170/1160/235 1169/1159/235 1171/1161/235
f 1063/1053/235 1064/1054/235 1171/1161/235
f 1172/1162/235 1171/1161/235 1064/1054/235
f 1171/1161/236 1172/1162/236 1173/1163/236
f 1171/1161/236 1173/1163/236 1170/1160/236
f 1174/1164/236 1173/1163/236 1172/1162/236
f 1170/1160/943 1175/1165/943 1167/1157/943
f 1175/1165/236 1170/1160/236 1173/1163/236
f 1166/1156/944 1167/1157/944 1175/1165/944
f 1173/1163/237 1174/1164/237 1176/1166/237
f 1173/1163/237 1176/1166/237 1175/1165/237
f 1177/1167/237 1176/1166/237 1174/1164/237
f 1175/1165/945 1178/1168/945 1166/1156/945
f 1178/1168/237 1175/1165/237 1176/1166/237
f 1163/1153/946 1166/1156/946 1178/1168/946
f 1176/1166/238 1177/1167/238 1179/1169/238
f 1176/1166/238 1179/1169/238 1178/1168/238
f 1180/1170/238 1179/1169/238 1177/1167/238
f 1178/1168/947 1181/1171/947 1163/1153/947
f 1181/1171/238 1178/1168/238 1179/1169/238
f 1179/1169/239 1180/1170/239 1182/1172/239
f 1179/1169/239 1182/1172/239 1181/1171/239
f 1183/1173/239 1182/1172/239 1180/1170/239
f 1184/1174/948 1163/1153/948 1181/1171/948
f 1163/1153/949 1184/1174/949 1185/1175/949
f 1186/1176/239 1181/1171/239 1182/1172/239
f 1181/1171/950 1186/1176/950 1184/1174/950
f 1182/1172/240 1183/1173/240 1187/1177/240
f 1182/1172/240 1187/1177/240 1186/1176/240
f 1188/1178/240 1187/1177/240 1183/1173/240
f 1189/1179/951 1185/1175/951 1184/1174/951
f 1185/1175/952 1189/1179/952 1190/1180/952
f 1191/1181/953 1184/1174/953 1186/1176/953
f 1184/1174/954 1191/1181/954 1189/1179/954
f 1192/1182/240 1186/1176/240 1187/1177/240
f 1186/1176/955 1192/1182/955 1191/1181/955
f 1187/1177/241 1188/1178/241 1193/1183/241
f 1187/1177/241 1193/1183/241 1192/1182/241
f 1194/1184/241 1193/1183/241 1188/1178/241
f 1195/1185/956 1190/1180/956 1189/1179/956
f 1190/1180/957 1195/1185/957 1196/1186/957
f 1197/1187/958 1189/1179/958 1191/1181/958
f 1189/1179/959 1197/1187/959 1195/1185/959
f 1198/1188/960 1191/1181/960 1192/1182/960
f 1191/1181/961 1198/1188/961 1197/1187/961
f 1199/1189/241 1192/1182/241 1193/1183/241
f 1192/1182/962 1199/1189/962 1198/1188/962
f 1193/1183/242 1194/1184/242 1200/1190/242
f 1193/1183/242 1200/1190/242 1199/1189/242
f 1201/1191/242 1200/1190/242 1194/1184/242
f 1200/1190/243 1201/1191/243 1202/1192/243
f 1203/1193/243 1202/1192/243 1201/1191/243
f 1204/1194/242 1199/1189/242 1200/1190/242
f 1200/1190/243 1202/1192/243 1204/1194/243
f 1205/1195/963 1198/1188/963 1199/1189/963
f 1199/1189/964 1204/1194/964 1205/1195/964
f 1202/1192/244 1203/1193/244 1206/1196/244
f 1198/1188/965 1205/1195/965 1207/1197/965
f 1207/1197/961 1197/1187/961 1198/1188/961
f 1208/1198/244 1206/1196/244 1203/1193/244
f 1206/1196/245 1208/1198/245 1209/1199/245
f 1210/1200/245 1209/1199/245 1208/1198/245
f 1202/1192/244 1206/1196/244 1211/1201/244
f 1211/1201/243 1204/1194/243 1202/1192/243
f 1206/1196/245 1209/1199/245 1212/1202/245
f 1212/1202/244 1211/1201/244 1206/1196/244
f 1213/1203/245 1212/1202/245 1209/1199/245
f 1204/1194/966 1211/1201/966 1214/1204/966
f 1214/1204/967 1205/1195/967 1204/1194/967
f 1211/1201/968 1212/1202/968 1215/1205/968
f 1215/1205/969 1214/1204/969 1211/1201/969
f 1212/1202/970 1213/1203/970 1216/1206/970
f 1216/1206/971 1215/1205/971 1212/1202/971
f 1217/1207/972 1216/1206/972 1213/1203/972
f 1205/1195/973 1214/1204/973 1218/1208/973
f 1218/1208/974 1207/1197/974 1205/1195/974
f 1214/1204/975 1215/1205/975 1219/1209/975
f 1219/1209/976 1218/1208/976 1214/1204/976
f 1215/1205/977 1216/1206/977 1220/1210/977
f 1220/1210/978 1219/1209/978 1215/1205/978
f 1216/1206/979 1217/1207/979 1221/1211/979
f 1221/1211/980 1220/1210/980 1216/1206/980
f 1222/1212/981 1221/1211/981 1217/1207/981
f 1221/1211/982 1222/1212/982 1223/1213/982
f 1224/1214/983 1223/1213/983 1222/1212/983
f 1220/1210/984 1221/1211/984 1225/1215/984
f 1223/1213/985 1225/1215/985 1221/1211/985
f 1219/1209/986 1220/1210/986 1226/1216/986
f 1225/1215/987 1226/1216/987 1220/1210/987
f 1226/1216/988 1227/1217/988 1219/1209/988
f 1218/1208/989 1219/1209/989 1227/1217/989
f 1223/1213/990 1224/1214/990 1228/1218/990
f 1229/1219/991 1228/1218/991 1224/1214/991
f 1225/1215/992 1223/1213/992 1230/1220/992
f 1228/1218/993 1230/1220/993 1223/1213/993
f 1226/1216/994 1225/1215/994 1231/1221/994
f 1230/1220/995 1231/1221/995 1225/1215/995
f 1227/1217/996 1226/1216/996 1232/1222/996
f 1231/1221/997 1232/1222/997 1226/1216/997
f 1228/1218/998 1229/1219/998 1233/1223/998
f 1234/1224/999 1233/1223/999 1229/1219/999
f 1230/1220/1000 1228/1218/1000 1235/1225/1000
f 1233/1223/1001 1235/1225/1001 1228/1218/1001
f 1231/1221/1002 1230/1220/1002 1236/1226/1002
f 1235/1225/1003 1236/1226/1003 1230/1220/1003
f 1232/1222/1004 1231/1221/1004 1237/1227/1004
f 1236/1226/1005 1237/1227/1005 1231/1221/1005
f 1233/1223/1006 1234/1224/1006 1238/1228/1006
f 1239/1229/1007 1238/1228/1007 1234/1224/1007
f 1235/1225/1008 1233/1223/1008 1240/1230/1008
f 1238/1228/1009 1240/1230/1009 1233/1223/1009
f 1236/1226/1010 1235/1225/1010 1241/1231/1010
f 1240/1230/1011 1241/1231/1011 1235/1225/1011
f 1237/1227/1012 1236/1226/1012 1242/1232/1012
f 1241/1231/1013 1242/1232/1013 1236/1226/1013
f 1238/1228/1014 1239/1229/1014 1243/1233/1014
f 1244/1234/1015 1243/1233/1015 1239/1229/1015
f 1240/1230/1016 1238/1228/1016 1245/1235/1016
f 1243/1233/1017 1245/1235/1017 1238/1228/1017
f 1241/1231/1018 1240/1230/1018 1246/1236/1018
f 1245/1235/1019 1246/1236/1019 1240/1230/1019
f 1242/1232/1020 1241/1231/1020 1247/1237/1020
f 1246/1236/1021 1247/1237/1021 1241/1231/1021
f 1243/1233/1022 1244/1234/1022 1248/1238/1022
f 1249/1239/1022 1248/1238/1022 1244/1234/1022
f 1245/1235/1023 1243/1233/1023 1250/1240/1023
f 1248/1238/1024 1250/1240/1024 1243/1233/1024
f 1246/1236/1025 1245/1235/1025 1251/1241/1025
f 1250/1240/1026 1251/1241/1026 1245/1235/1026
f 1247/1237/1027 1246/1236/1027 1252/1242/1027
f 1251/1241/1028 1252/1242/1028 1246/1236/1028
f 1248/1238/1029 1249/1239/1029 1253/1243/1029
f 1254/1244/1030 1253/1243/1030 1249/1239/1030
f 1250/1240/1031 1248/1238/1031 1255/1245/1031
f 1253/1243/1032 1255/1245/1032 1248/1238/1032
f 1251/1241/1033 1250/1240/1033 1256/1246/1033
f 1255/1245/1034 1256/1246/1034 1250/1240/1034
f 1252/1242/1035 1251/1241/1035 1257/1247/1035
f 1256/1246/1036 1257/1247/1036 1251/1241/1036
f 1253/1243/1037 1254/1244/1037 1258/1248/1037
f 1259/1249/1038 1258/1248/1038 1254/1244/1038
f 1255/1245/1039 1253/1243/1039 1260/1250/1039
f 1258/1248/1040 1260/1250/1040 1253/1243/1040
f 1256/1246/1041 1255/1245/1041 1261/1251/1041
f 1260/1250/1042 1261/1251/1042 1255/1245/1042
f 1257/1247/1043 1256/1246/1043 1262/1252/1043
f 1261/1251/1044 1262/1252/1044 1256/1246/1044
f 1258/1248/1045 1259/1249/1045 1263/1253/1045
f 1264/1254/1046 1263/1253/1046 1259/1249/1046
f 1264/1254/1047 1265/1255/1047 1263/1253/1047
f 1263/1253/1048 1266/1256/1048 1258/1248/1048
f 1260/1250/1049 1258/1248/1049 1266/1256/1049
f 1263/1253/1050 1265/1255/1050 1267/1257/1050
f 1266/1256/1051 1263/1253/1051 1267/1257/1051
f 1269/1258/1052 1268/1259/1052 1265/1255/1052
f 1267/1257/1053 1265/1255/1053 1268/1259/1053
f 1268/1259/1054 1270/1260/1054 1267/1257/1054
f 1266/1256/1055 1271/1261/1055 1260/1250/1055
f 1266/1256/1056 1267/1257/1056 1271/1261/1056
f 1261/1251/1057 1260/1250/1057 1271/1261/1057
f 1272/1262/1058 1267/1257/1058 1270/1260/1058
f 1271/1261/1059 1267/1257/1059 1272/1262/1059
f 1270/1260/1060 1273/1263/1060 1272/1262/1060
f 1271/1261/1061 1274/1264/1061 1261/1251/1061
f 1274/1264/1062 1271/1261/1062 1272/1262/1062
f 1262/1252/1063 1261/1251/1063 1274/1264/1063
f 1275/1265/1060 1272/1262/1060 1273/1263/1060
f 1273/1263/1064 1276/1266/1064 1275/1265/1064
f 1274/1264/1065 1272/1262/1065 1277/1267/1065
f 1274/1264/1066 1277/1267/1066 1262/1252/1066
f 1277/1267/1067 1272/1262/1067 1275/1265/1067
f 1278/1268/1068 1275/1265/1068 1276/1266/1068
f 1279/1269/1069 1262/1252/1069 1277/1267/1069
f 1262/1252/1070 1279/1269/1070 1257/1247/1070
f 1280/1270/1071 1277/1267/1071 1275/1265/1071
f 1277/1267/1072 1280/1270/1072 1279/1269/1072
f 1281/1271/1073 1275/1265/1073 1278/1268/1073
f 1280/1270/1074 1275/1265/1074 1281/1271/1074
f 1282/1272/1075 1281/1271/1075 1278/1268/1075
f 1283/1273/1076 1279/1269/1076 1280/1270/1076
f 1280/1270/1077 1281/1271/1077 1283/1273/1077
f 1284/1274/1078 1257/1247/1078 1279/1269/1078
f 1279/1269/1079 1283/1273/1079 1284/1274/1079
f 1257/1247/1080 1284/1274/1080 1252/1242/1080
f 1281/1271/1081 1282/1272/1081 1285/1275/1081
f 1285/1275/1082 1283/1273/1082 1281/1271/1082
f 1286/1276/1083 1285/1275/1083 1282/1272/1083
f 1287/1277/1084 1284/1274/1084 1283/1273/1084
f 1283/1273/1085 1285/1275/1085 1287/1277/1085
f 1288/1278/1086 1252/1242/1086 1284/1274/1086
f 1284/1274/1087 1287/1277/1087 1288/1278/1087
f 1252/1242/1088 1288/1278/1088 1247/1237/1088
f 1285/1275/1089 1286/1276/1089 1289/1279/1089
f 1289/1279/1090 1287/1277/1090 1285/1275/1090
f 1290/1280/1091 1289/1279/1091 1286/1276/1091
f 1291/1281/1092 1288/1278/1092 1287/1277/1092
f 1287/1277/1093 1289/1279/1093 1291/1281/1093
f 1292/1282/1094 1247/1237/1094 1288/1278/1094
f 1288/1278/1095 1291/1281/1095 1292/1282/1095
f 1247/1237/1096 1292/1282/1096 1242/1232/1096
f 1289/1279/1097 1290/1280/1097 1293/1283/1097
f 1293/1283/1098 1291/1281/1098 1289/1279/1098
f 1294/1284/1099 1293/1283/1099 1290/1280/1099
f 1295/1285/1100 1292/1282/1100 1291/1281/1100
f 1291/1281/1101 1293/1283/1101 1295/1285/1101
f 1296/1286/1102 1242/1232/1102 1292/1282/1102
f 1292/1282/1103 1295/1285/1103 1296/1286/1103
f 1242/1232/1104 1296/1286/1104 1237/1227/1104
f 1293/1283/1105 1294/1284/1105 1297/1287/1105
f 1297/1287/1106 1295/1285/1106 1293/1283/1106
f 1298/1288/1107 1297/1287/1107 1294/1284/1107
f 1299/1289/1103 1296/1286/1103 1295/1285/1103
f 1295/1285/1108 1297/1287/1108 1299/1289/1108
f 1300/1290/1109 1237/1227/1109 1296/1286/1109
f 1296/1286/1110 1299/1289/1110 1300/1290/1110
f 1237/1227/1111 1300/1290/1111 1232/1222/1111
f 1297/1287/1112 1298/1288/1112 1301/1291/1112
f 1301/1291/1113 1299/1289/1113 1297/1287/1113
f 1302/1292/1114 1301/1291/1114 1298/1288/1114
f 1303/1293/1115 1300/1290/1115 1299/1289/1115
f 1299/1289/1116 1301/1291/1116 1303/1293/1116
f 1304/1294/1117 1232/1222/1117 1300/1290/1117
f 1300/1290/1118 1303/1293/1118 1304/1294/1118
f 1232/1222/1119 1304/1294/1119 1227/1217/1119
f 1301/1291/1120 1302/1292/1120 1305/1295/1120
f 1305/1295/1121 1303/1293/1121 1301/1291/1121
f 1306/1296/1122 1305/1295/1122 1302/1292/1122
f 1307/1297/1123 1304/1294/1123 1303/1293/1123
f 1303/1293/1124 1305/1295/1124 1307/1297/1124
f 1308/1298/1125 1227/1217/1125 1304/1294/1125
f 1304/1294/1126 1307/1297/1126 1308/1298/1126
f 1227/1217/1127 1308/1298/1127 1218/1208/1127
f 1207/1197/1128 1218/1208/1128 1308/1298/1128
f 1305/1295/1129 1306/1296/1129 1309/1299/1129
f 1309/1299/1130 1307/1297/1130 1305/1295/1130
f 1196/1186/1131 1309/1299/1131 1306/1296/1131
f 1309/1299/1132 1196/1186/1132 1195/1185/1132
f 1308/1298/1133 1310/1300/1133 1207/1197/1133
f 1310/1300/1134 1308/1298/1134 1307/1297/1134
f 1307/1297/1135 1309/1299/1135 1310/1300/1135
f 1195/1185/1136 1310/1300/1136 1309/1299/1136
f 1197/1187/1137 1207/1197/1137 1310/1300/1137
f 1310/1300/1138 1195/1185/1138 1197/1187/1138
f 307/307/232 320/320/232 312/312/232
f 307/307/231 1311/1301/231 320/320/231
f 1312/1302/231 1311/1301/231 307/307/231
f 1311/1301/231 1313/1303/231 320/320/231
f 1314/1304/1139 1312/1302/1139 307/307/1139
f 1313/1303/1139 1315/1305/1139 320/320/1139
f 302/302/1140 1314/1304/1140 307/307/1140
f 1315/1305/231 1316/1306/231 320/320/231
f 1317/1307/1141 1314/1304/1141 302/302/1141
f 1315/1305/1142 1318/1308/1142 1316/1306/1142
f 1319/1309/1143 1317/1307/1143 302/302/1143
f 1320/1310/1144 1316/1306/1144 1318/1308/1144
f 302/302/1145 297/297/1145 1319/1309/1145
f 1321/1311/1146 1316/1306/1146 1320/1310/1146
f 1322/1312/1147 1319/1309/1147 297/297/1147
f 1323/1313/1147 1321/1311/1147 1320/1310/1147
f 1322/1312/1148 297/297/1148 1324/1314/1148
f 1323/1313/1148 1325/1315/1148 1321/1311/1148
f 297/297/1149 292/292/1149 1324/1314/1149
f 1326/1316/1150 1321/1311/1150 1325/1315/1150
f 1324/1314/1151 292/292/1151 1327/1317/1151
f 1325/1315/1152 1328/1318/1152 1326/1316/1152
f 1329/1319/1153 1327/1317/1153 292/292/1153
f 1328/1318/1154 1330/1320/1154 1326/1316/1154
f 292/292/1155 277/277/1155 1329/1319/1155
f 278/278/228 1326/1316/228 1330/1320/228
f 1329/1319/1156 277/277/1156 1331/1321/1156
f 1332/1322/1156 278/278/1156 1330/1320/1156
f 1331/1321/228 277/277/228 1333/1323/228
f 277/277/228 278/278/228 1333/1323/228
f 1333/1323/228 278/278/228 1332/1322/228
f 749/739/241 1334/1324/241 755/745/241
f 1334/1324/241 749/739/241 748/738/241
f 1335/1325/241 755/745/241 1334/1324/241
f 1335/1325/241 756/746/241 755/745/241
f 756/746/242 1335/1325/242 1336/1326/242
f 748/738/242 1337/1327/242 1334/1324/242
f 1337/1327/242 748/738/242 743/733/242
f 1334/1324/242 1338/1328/242 1335/1325/242
f 1338/1328/242 1334/1324/242 1337/1327/242
f 1339/1329/242 1336/1326/242 1335/1325/242
f 1339/1329/242 1335/1325/242 1338/1328/242
f 1336/1326/243 1339/1329/243 1340/1330/243
f 1341/1331/243 1340/1330/243 1339/1329/243
f 1340/1330/244 1341/1331/244 1342/1332/244
f 1338/1328/243 1343/1333/243 1339/1329/243
f 1341/1331/243 1339/1329/243 1343/1333/243
f 1337/1327/243 1344/1334/243 1338/1328/243
f 1343/1333/243 1338/1328/243 1344/1334/243
f 1344/1334/243 1337/1327/243 1345/1335/243
f 743/733/243 1345/1335/243 1337/1327/243
f 1346/1336/244 1342/1332/244 1341/1331/244
f 1342/1332/245 1346/1336/245 1347/1337/245
f 1348/1338/245 1347/1337/245 1346/1336/245
f 1348/1338/245 1346/1336/245 1349/1339/245
f 1346/1336/244 1341/1331/244 1350/1340/244
f 1350/1340/245 1349/1339/245 1346/1336/245
f 1343/1333/244 1350/1340/244 1341/1331/244
f 1349/1339/245 1350/1340/245 1351/1341/245
f 1350/1340/244 1343/1333/244 1352/1342/244
f 1352/1342/245 1351/1341/245 1350/1340/245
f 1344/1334/244 1352/1342/244 1343/1333/244
f 1351/1341/245 1352/1342/245 1353/1343/245
f 1352/1342/244 1344/1334/244 1354/1344/244
f 1354/1344/245 1353/1343/245 1352/1342/245
f 1345/1335/244 1354/1344/244 1344/1334/244
f 1353/1343/245 1354/1344/245 1355/1345/245
f 1356/1346/245 1355/1345/245 1354/1344/245
f 1354/1344/244 1345/1335/244 1356/1346/244
f 1355/1345/245 1356/1346/245 1357/1347/245
f 1358/1348/244 1356/1346/244 1345/1335/244
f 1345/1335/243 743/733/243 1358/1348/243
f 723/713/243 1358/1348/243 743/733/243
f 1358/1348/243 723/713/243 721/711/243
f 1356/1346/244 1358/1348/244 1359/1349/244
f 721/711/244 1359/1349/244 1358/1348/244
f 1359/1349/245 1357/1347/245 1356/1346/245
f 721/711/244 718/708/244 1359/1349/244
f 719/709/244 1359/1349/244 718/708/244
f 1359/1349/245 719/709/245 1357/1347/245
f 1360/1350/245 1357/1347/245 719/709/245
f 719/709/245 1361/1351/245 1360/1350/245
f 1361/1351/244 719/709/244 705/695/244
f 1362/1352/245 1360/1350/245 1361/1351/245
f 705/695/244 699/689/244 1361/1351/244
f 1361/1351/245 1363/1353/245 1362/1352/245
f 1361/1351/244 699/689/244 1363/1353/244
f 699/689/244 693/683/244 1363/1353/244
f 693/683/1157 683/672/1157 1363/1353/1157
f 683/672/1158 1364/675/1158 1363/1353/1158
f 1365/1354/245 1362/1352/245 1363/1353/245
f 1366/1355/1159 1363/1353/1159 1364/675/1159
f 1363/1353/245 1366/1355/245 1365/1354/245
f 1367/1356/245 1365/1354/245 1366/1355/245
f 1370/1357/17 1369/1358/17 1368/1359/17
f 1369/1358/17 1371/1360/17 1368/1359/17
f 1371/1360/17 1372/1361/17 1368/1359/17
f 1372/1361/1160 1373/1362/1160 1368/1359/1160
f 1373/1362/17 1374/1363/17 1368/1359/17
f 1374/1363/17 1375/1364/17 1368/1359/17
f 1375/1364/17 1376/1365/17 1368/1359/17
f 1376/1365/17 1377/1366/17 1368/1359/17
f 1377/1366/17 1378/1367/17 1368/1359/17
f 1378/1367/17 1379/1368/17 1368/1359/17
f 1379/1368/17 1380/1369/17 1368/1359/17
f 1380/1369/17 1381/1370/17 1368/1359/17
f 1381/1370/17 1382/1371/17 1368/1359/17
f 1382/1371/17 1383/1372/17 1368/1359/17
f 1383/1372/17 1384/1373/17 1368/1359/17
f 1384/1373/17 1385/1374/17 1368/1359/17
f 1385/1374/17 1386/1375/17 1368/1359/17
f 1386/1375/17 1387/1376/17 1368/1359/17
f 1387/1376/17 1388/1377/17 1368/1359/17
f 1388/1377/17 1389/1378/17 1368/1359/17
f 1389/1378/17 1390/1379/17 1368/1359/17
f 1390/1379/17 1391/1380/17 1368/1359/17
f 1391/1380/17 1392/1381/17 1368/1359/17
f 1392/1381/17 1393/1382/17 1368/1359/17
f 1393/1382/17 1394/1383/17 1368/1359/17
f 1394/1383/17 1395/1384/17 1368/1359/17
f 1395/1384/17 1396/1385/17 1368/1359/17
f 1396/1385/17 1397/1386/17 1368/1359/17
f 1397/1386/17 1398/1387/17 1368/1359/17
f 1398/1387/17 1399/1388/17 1368/1359/17
f 1402/1389/17 1401/576/17 1400/1390/17
f 1401/576/17 1402/1389/17 1403/579/17
f 1404/573/17 1400/1390/17 1401/576/17
f 1405/1391/17 1403/579/17 1402/1389/17
f 1400/1390/17 1404/573/17 1406/1392/17
f 1403/579/17 1405/1391/17 1407/582/17
f 1408/570/17 1406/1392/17 1404/573/17
f 1409/1393/17 1407/582/17 1405/1391/17
f 1406/1392/17 1408/570/17 1410/1394/17
f 1407/582/17 1409/1393/17 1411/585/17
f 1412/567/17 1410/1394/17 1408/570/17
f 1413/1395/17 1411/585/17 1409/1393/17
f 1410/1394/17 1412/567/17 1414/1396/17
f 1411/585/17 1413/1395/17 1415/588/17
f 1416/564/17 1414/1396/17 1412/567/17
f 1417/1397/17 1415/588/17 1413/1395/17
f 1414/1396/17 1416/564/17 1418/1398/17
f 1415/588/17 1417/1397/17 1419/590/17
f 1420/561/17 1418/1398/17 1416/564/17
f 1417/1397/17 1421/1399/17 1419/590/17
f 1418/1398/17 1420/561/17 1422/1400/17
f 1419/590/17 1421/1399/17 1423/594/17
f 1424/557/17 1422/1400/17 1420/561/17
f 1423/594/17 1421/1399/17 1425/595/17
f 1422/1400/17 1424/557/17 1426/1401/17
f 1427/1402/17 1425/595/17 1421/1399/17
f 1425/595/17 1427/1402/17 1428/597/17
f 1429/1403/17 1428/597/17 1427/1402/17
f 1430/554/17 1426/1401/17 1424/557/17
f 1426/1401/17 1430/554/17 1431/1404/17
f 1432/550/17 1431/1404/17 1430/554/17
f 1431/1404/17 1432/550/17 1433/1405/17
f 1434/549/17 1433/1405/17 1432/550/17
f 1433/1405/17 1434/549/17 1435/1406/17
f 1436/545/17 1435/1406/17 1434/549/17
f 1435/1406/17 1436/545/17 1437/1407/17
f 1438/540/17 1437/1407/17 1436/545/17
f 1437/1407/17 1438/540/17 1439/1408/17
f 1440/535/17 1439/1408/17 1438/540/17
f 1439/1408/17 1440/535/17 1441/1409/17
f 1442/533/17 1441/1409/17 1440/535/17
f 1441/1409/17 1442/533/17 1443/1410/17
f 1444/527/17 1443/1410/17 1442/533/17
f 1443/1410/17 1444/527/17 1445/1411/17
f 1446/522/17 1445/1411/17 1444/527/17
f 1445/1411/17 1446/522/17 1447/1412/17
f 1448/518/17 1447/1412/17 1446/522/17
f 1447/1412/17 1448/518/17 1449/1413/17
f 1450/515/17 1449/1413/17 1448/518/17
f 1449/1413/17 1450/515/17 1451/1414/17
f 1452/510/17 1451/1414/17 1450/515/17
f 1451/1414/17 1452/510/17 1453/1415/17
f 1454/507/17 1453/1415/17 1452/510/17
f 1453/1415/17 1454/507/17 1455/1416/17
f 1456/497/17 1455/1416/17 1454/507/17
f 1455/1416/17 1456/497/17 1457/1417/17
f 1458/495/17 1457/1417/17 1456/497/17
f 1457/1417/17 1458/495/17 1459/1418/17
f 1460/496/17 1459/1418/17 1458/495/17
f 1461/498/17 1459/1418/17 1460/496/17
f 1459/1418/17 1461/498/17 1462/1419/17
f 1463/501/17 1462/1419/17 1461/498/17
f 1462/1419/17 1463/501/17 1464/1420/17
f 1465/502/17 1464/1420/17 1463/501/17
f 1464/1420/17 1465/502/17 1466/1421/17
f 1467/504/17 1466/1421/17 1465/502/17
f 1470/1422/1161 1469/1389/1161 1468/1423/1161
f 1469/1389/1162 1470/1422/1162 1471/1391/1162
f 1472/1390/1161 1468/1423/1161 1469/1389/1161
f 1473/1424/1163 1471/1391/1163 1470/1422/1163
f 1468/1423/1164 1472/1390/1164 1474/1425/1164
f 1471/1391/1165 1473/1424/1165 1475/1393/1165
f 1476/1392/1164 1474/1425/1164 1472/1390/1164
f 1477/1426/1166 1475/1393/1166 1473/1424/1166
f 1474/1425/1167 1476/1392/1167 1478/1427/1167
f 1475/1393/1168 1477/1426/1168 1479/1395/1168
f 1480/1394/1167 1478/1427/1167 1476/1392/1167
f 1481/1428/1168 1479/1395/1168 1477/1426/1168
f 1478/1427/1169 1480/1394/1169 1482/1429/1169
f 1479/1395/226 1481/1428/226 1483/1397/226
f 1484/1396/1170 1482/1429/1170 1480/1394/1170
f 1485/1430/1171 1483/1397/1171 1481/1428/1171
f 1482/1429/1172 1484/1396/1172 1486/1431/1172
f 1483/1397/1173 1485/1430/1173 1487/1399/1173
f 1488/1398/1174 1486/1431/1174 1484/1396/1174
f 1485/1430/1175 1489/1432/1175 1487/1399/1175
f 1486/1431/1176 1488/1398/1176 1490/1433/1176
f 1487/1399/1177 1489/1432/1177 1491/1402/1177
f 1492/1400/1176 1490/1433/1176 1488/1398/1176
f 1493/1434/1156 1491/1402/1156 1489/1432/1156
f 1491/1402/1178 1493/1434/1178 1494/1403/1178
f 1495/1435/1178 1494/1403/1178 1493/1434/1178
f 1490/1433/1179 1492/1400/1179 1496/1436/1179
f 1497/1401/1180 1496/1436/1180 1492/1400/1180
f 1496/1436/1181 1497/1401/1181 1498/1437/1181
f 1499/1404/1182 1498/1437/1182 1497/1401/1182
f 1498/1437/1183 1499/1404/1183 1500/1438/1183
f 1501/1405/1183 1500/1438/1183 1499/1404/1183
f 1500/1438/1184 1501/1405/1184 1502/1439/1184
f 1503/1406/1184 1502/1439/1184 1501/1405/1184
f 1502/1439/1185 1503/1406/1185 1504/1440/1185
f 1505/1407/1186 1504/1440/1186 1503/1406/1186
f 1504/1440/1187 1505/1407/1187 1506/1441/1187
f 1507/1408/1188 1506/1441/1188 1505/1407/1188
f 1506/1441/1189 1507/1408/1189 1508/1442/1189
f 1509/1409/1189 1508/1442/1189 1507/1408/1189
f 1508/1442/1190 1509/1409/1190 1510/1443/1190
f 1511/1410/1191 1510/1443/1191 1509/1409/1191
f 1510/1443/1192 1511/1410/1192 1512/1444/1192
f 1513/1411/1193 1512/1444/1193 1511/1410/1193
f 1512/1444/1194 1513/1411/1194 1514/1445/1194
f 1515/1412/1194 1514/1445/1194 1513/1411/1194
f 1514/1445/1195 1515/1412/1195 1516/1446/1195
f 1517/1413/1195 1516/1446/1195 1515/1412/1195
f 1516/1446/1196 1517/1413/1196 1518/1447/1196
f 1519/1414/1196 1518/1447/1196 1517/1413/1196
f 1518/1447/236 1519/1414/236 1520/1448/236
f 1521/1415/1197 1520/1448/1197 1519/1414/1197
f 1520/1448/1198 1521/1415/1198 1522/1449/1198
f 1523/1416/1199 1522/1449/1199 1521/1415/1199
f 1522/1449/1200 1523/1416/1200 1524/1450/1200
f 1525/1417/1200 1524/1450/1200 1523/1416/1200
f 1524/1450/1201 1525/1417/1201 1526/1451/1201
f 1527/1418/1201 1526/1451/1201 1525/1417/1201
f 1528/1419/1202 1526/1451/1202 1527/1418/1202
f 1529/1452/1203 1526/1451/1203 1528/1419/1203
f 1529/1452/1204 1528/1419/1204 1530/1453/1204
f 1531/1420/1205 1530/1453/1205 1528/1419/1205
f 1530/1453/1206 1531/1420/1206 1532/1454/1206
f 1533/1421/1206 1532/1454/1206 1531/1420/1206
f 1536/1455/1207 1535/1456/1207 1534/1457/1207
f 1535/1456/1208 1536/1455/1208 1537/1458/1208
f 1538/1459/1209 1534/1457/1209 1535/1456/1209
f 1539/1460/1208 1537/1458/1208 1536/1455/1208
f 1534/1457/1210 1538/1459/1210 1540/1461/1210
f 1537/1458/1211 1539/1460/1211 1541/1462/1211
f 1542/1463/1212 1540/1461/1212 1538/1459/1212
f 1543/1464/1211 1541/1462/1211 1539/1460/1211
f 1540/1461/1213 1542/1463/1213 1544/1465/1213
f 1541/1462/1214 1543/1464/1214 1545/1466/1214
f 1546/1467/1215 1544/1465/1215 1542/1463/1215
f 1547/1468/1214 1545/1466/1214 1543/1464/1214
f 1544/1465/1216 1546/1467/1216 1548/1469/1216
f 1545/1466/1217 1547/1468/1217 1549/1470/1217
f 1550/1471/1218 1548/1469/1218 1546/1467/1218
f 1551/1472/1217 1549/1470/1217 1547/1468/1217
f 1548/1469/1219 1550/1471/1219 1552/1473/1219
f 1549/1470/1220 1551/1472/1220 1553/1474/1220
f 1554/1475/1221 1552/1473/1221 1550/1471/1221
f 1555/1476/1222 1553/1474/1222 1551/1472/1222
f 1552/1473/1223 1554/1475/1223 1556/1477/1223
f 1553/1474/1224 1555/1476/1224 1557/1478/1224
f 1558/1479/1225 1556/1477/1225 1554/1475/1225
f 1559/1480/1226 1557/1478/1226 1555/1476/1226
f 1556/1477/1227 1558/1479/1227 1560/1481/1227
f 1557/1478/1228 1559/1480/1228 1561/1482/1228
f 1562/1483/1229 1560/1481/1229 1558/1479/1229
f 1563/1484/1228 1561/1482/1228 1559/1480/1228
f 1560/1481/1230 1562/1483/1230 1564/1485/1230
f 1561/1482/1231 1563/1484/1231 1565/1486/1231
f 1566/1487/1232 1564/1485/1232 1562/1483/1232
f 1564/1485/1233 1566/1487/1233 1567/1488/1233
f 1568/1489/1234 1567/1488/1234 1566/1487/1234
f 1569/1490/1235 1565/1486/1235 1563/1484/1235
f 1565/1486/1236 1569/1490/1236 1570/1491/1236
f 1571/1492/1236 1570/1491/1236 1569/1490/1236
f 1570/1491/1237 1571/1492/1237 1572/1493/1237
f 1573/1494/1238 1572/1493/1238 1571/1492/1238
f 1572/1493/1239 1573/1494/1239 1574/1495/1239
f 1575/1496/1240 1574/1495/1240 1573/1494/1240
f 1574/1495/1241 1575/1496/1241 1576/1497/1241
f 1577/1498/1242 1576/1497/1242 1575/1496/1242
f 1576/1497/1243 1577/1498/1243 1578/1499/1243
f 1579/1500/1244 1578/1499/1244 1577/1498/1244
f 1578/1499/1245 1579/1500/1245 1580/1501/1245
f 1581/1502/1245 1580/1501/1245 1579/1500/1245
f 1580/1501/1246 1581/1502/1246 1582/1503/1246
f 1583/1504/1247 1582/1503/1247 1581/1502/1247
f 1582/1503/1248 1583/1504/1248 1584/1505/1248
f 1585/1506/1249 1584/1505/1249 1583/1504/1249
f 1584/1505/1250 1585/1506/1250 1586/1507/1250
f 1587/1508/1251 1586/1507/1251 1585/1506/1251
f 1586/1507/1252 1587/1508/1252 1588/1509/1252
f 1589/1510/1253 1588/1509/1253 1587/1508/1253
f 1588/1509/1254 1589/1510/1254 1590/1511/1254
f 1591/1512/1255 1590/1511/1255 1589/1510/1255
f 1590/1511/1256 1591/1512/1256 1592/1513/1256
f 1593/1514/1256 1592/1513/1256 1591/1512/1256
f 1592/1513/1257 1593/1514/1257 1594/1515/1257
f 1595/1516/1258 1594/1515/1258 1593/1514/1258
f 1594/1515/1259 1595/1516/1259 1596/1517/1259
f 1597/1518/1260 1596/1517/1260 1595/1516/1260
f 1596/1517/1261 1597/1518/1261 1598/1519/1261
f 1599/1520/1262 1598/1519/1262 1597/1518/1262
f 1602/1521/1263 1601/1522/1263 1600/1523/1263
f 1601/1522/1264 1602/1521/1264 1603/1524/1264
f 1604/1525/1265 1600/1523/1265 1601/1522/1265
f 1605/1526/1266 1603/1524/1266 1602/1521/1266
f 1600/1523/1267 1604/1525/1267 1606/1527/1267
f 1603/1524/1268 1605/1526/1268 1607/1528/1268
f 1608/1529/1269 1606/1527/1269 1604/1525/1269
f 1609/1530/1270 1607/1528/1270 1605/1526/1270
f 1606/1527/1271 1608/1529/1271 1610/1531/1271
f 1607/1528/1272 1609/1530/1272 1611/1532/1272
f 1612/1533/1273 1610/1531/1273 1608/1529/1273
f 1613/1534/1274 1611/1532/1274 1609/1530/1274
f 1610/1531/1275 1612/1533/1275 1614/1535/1275
f 1611/1532/1276 1613/1534/1276 1615/1536/1276
f 1616/1537/1277 1614/1535/1277 1612/1533/1277
f 1617/1538/1276 1615/1536/1276 1613/1534/1276
f 1614/1535/1278 1616/1537/1278 1618/1539/1278
f 1615/1536/1279 1617/1538/1279 1619/1540/1279
f 1620/1541/1280 1618/1539/1280 1616/1537/1280
f 1621/1542/1281 1619/1540/1281 1617/1538/1281
f 1618/1539/1282 1620/1541/1282 1622/1543/1282
f 1619/1540/1283 1621/1542/1283 1623/1544/1283
f 1624/1545/1284 1622/1543/1284 1620/1541/1284
f 1625/1546/1285 1623/1544/1285 1621/1542/1285
f 1622/1543/1286 1624/1545/1286 1626/1547/1286
f 1623/1544/1287 1625/1546/1287 1627/1548/1287
f 1628/1549/1288 1626/1547/1288 1624/1545/1288
f 1629/1550/1289 1627/1548/1289 1625/1546/1289
f 1626/1547/1290 1628/1549/1290 1630/1551/1290
f 1627/1548/1291 1629/1550/1291 1631/1552/1291
f 1632/1553/1292 1630/1551/1292 1628/1549/1292
f 1630/1551/1293 1632/1553/1293 1633/1554/1293
f 1634/1555/1294 1633/1554/1294 1632/1553/1294
f 1635/1556/1295 1631/1552/1295 1629/1550/1295
f 1631/1552/1296 1635/1556/1296 1636/1557/1296
f 1637/1558/1297 1636/1557/1297 1635/1556/1297
f 1636/1557/1298 1637/1558/1298 1638/1559/1298
f 1639/1560/1299 1638/1559/1299 1637/1558/1299
f 1638/1559/1300 1639/1560/1300 1640/1561/1300
f 1641/1562/1301 1640/1561/1301 1639/1560/1301
f 1640/1561/1302 1641/1562/1302 1642/1563/1302
f 1643/1564/1302 1642/1563/1302 1641/1562/1302
f 1642/1563/1303 1643/1564/1303 1644/1565/1303
f 1645/1566/1304 1644/1565/1304 1643/1564/1304
f 1644/1565/1305 1645/1566/1305 1646/1567/1305
f 1647/1568/1306 1646/1567/1306 1645/1566/1306
f 1646/1567/1307 1647/1568/1307 1648/1569/1307
f 1649/1570/1308 1648/1569/1308 1647/1568/1308
f 1648/1569/1309 1649/1570/1309 1650/1571/1309
f 1651/1572/1310 1650/1571/1310 1649/1570/1310
f 1650/1571/1311 1651/1572/1311 1652/1573/1311
f 1653/1574/1312 1652/1573/1312 1651/1572/1312
f 1652/1573/1313 1653/1574/1313 1654/1575/1313
f 1655/1576/1314 1654/1575/1314 1653/1574/1314
f 1654/1575/1315 1655/1576/1315 1656/1577/1315
f 1657/1578/1316 1656/1577/1316 1655/1576/1316
f 1656/1577/1317 1657/1578/1317 1658/1579/1317
f 1659/1580/1318 1658/1579/1318 1657/1578/1318
f 1658/1579/1319 1659/1580/1319 1660/1581/1319
f 1661/1582/1320 1660/1581/1320 1659/1580/1320
f 1660/1581/1321 1661/1582/1321 1662/1583/1321
f 1663/1584/1322 1662/1583/1322 1661/1582/1322
f 1662/1583/1323 1663/1584/1323 1664/1585/1323
f 1665/1586/1324 1664/1585/1324 1663/1584/1324
f 1668/1587/1325 1667/1588/1325 1666/1589/1325
f 1670/1525/1326 1669/1522/1326 1667/1588/1326
f 1671/1590/1326 1667/1588/1326 1669/1522/1326
f 1671/1590/1327 1666/1589/1327 1667/1588/1327
f 1669/1522/1328 1672/1524/1328 1671/1590/1328
f 1667/1588/1329 1673/1591/1329 1670/1525/1329
f 1667/1588/1330 1668/1587/1330 1673/1591/1330
f 1674/1529/1329 1670/1525/1329 1673/1591/1329
f 1675/1592/1328 1671/1590/1328 1672/1524/1328
f 1672/1524/1331 1676/1528/1331 1675/1592/1331
f 1666/1589/1332 1671/1590/1332 1677/1593/1332
f 1675/1592/1333 1677/1593/1333 1671/1590/1333
f 1673/1591/1334 1678/1594/1334 1674/1529/1334
f 1679/1533/1334 1674/1529/1334 1678/1594/1334
f 1680/1595/1331 1675/1592/1331 1676/1528/1331
f 1673/1591/1335 1681/1596/1335 1678/1594/1335
f 1681/1596/1336 1673/1591/1336 1668/1587/1336
f 1676/1528/1337 1682/1532/1337 1680/1595/1337
f 1678/1594/1338 1683/1597/1338 1679/1533/1338
f 1684/1537/1338 1679/1533/1338 1683/1597/1338
f 1685/1598/1339 1678/1594/1339 1681/1596/1339
f 1678/1594/1340 1685/1598/1340 1683/1597/1340
f 1686/1599/1337 1680/1595/1337 1682/1532/1337
f 1682/1532/1341 1687/1536/1341 1686/1599/1341
f 1683/1597/1342 1688/1600/1342 1684/1537/1342
f 1689/1541/1342 1684/1537/1342 1688/1600/1342
f 1690/1601/1343 1683/1597/1343 1685/1598/1343
f 1683/1597/1344 1690/1601/1344 1688/1600/1344
f 1691/1602/1341 1686/1599/1341 1687/1536/1341
f 1687/1536/1345 1692/1540/1345 1691/1602/1345
f 1688/1600/1346 1693/1603/1346 1689/1541/1346
f 1694/1545/1347 1689/1541/1347 1693/1603/1347
f 1695/1604/1348 1688/1600/1348 1690/1601/1348
f 1688/1600/1349 1695/1604/1349 1693/1603/1349
f 1696/1605/1345 1691/1602/1345 1692/1540/1345
f 1692/1540/1350 1697/1544/1350 1696/1605/1350
f 1693/1603/1351 1698/1606/1351 1694/1545/1351
f 1699/1549/1351 1694/1545/1351 1698/1606/1351
f 1700/1607/1352 1693/1603/1352 1695/1604/1352
f 1693/1603/1353 1700/1607/1353 1698/1606/1353
f 1701/1608/1354 1696/1605/1354 1697/1544/1354
f 1697/1544/1355 1702/1548/1355 1701/1608/1355
f 1698/1606/1356 1703/1609/1356 1699/1549/1356
f 1704/1553/1356 1699/1549/1356 1703/1609/1356
f 1703/1609/1357 1705/1610/1357 1704/1553/1357
f 1706/1555/1357 1704/1553/1357 1705/1610/1357
f 1698/1606/1358 1707/1611/1358 1703/1609/1358
f 1707/1611/1359 1698/1606/1359 1700/1607/1359
f 1703/1609/1360 1708/1612/1360 1705/1610/1360
f 1708/1612/1361 1703/1609/1361 1707/1611/1361
f 1709/1613/1362 1705/1610/1362 1708/1612/1362
f 1709/1613/1363 1708/1612/1363 1710/1614/1363
f 1711/1615/1364 1710/1614/1364 1708/1612/1364
f 1708/1612/1365 1707/1611/1365 1711/1615/1365
f 1710/1614/1366 1711/1615/1366 1712/1616/1366
f 1707/1611/1367 1700/1607/1367 1713/1617/1367
f 1713/1617/1368 1711/1615/1368 1707/1611/1368
f 1714/1618/1369 1712/1616/1369 1711/1615/1369
f 1711/1615/1370 1713/1617/1370 1714/1618/1370
f 1714/1618/1371 1715/1619/1371 1712/1616/1371
f 1716/1620/1372 1712/1616/1372 1715/1619/1372
f 1717/1621/1373 1713/1617/1373 1700/1607/1373
f 1700/1607/1374 1695/1604/1374 1717/1621/1374
f 1718/1622/1375 1714/1618/1375 1713/1617/1375
f 1713/1617/1376 1717/1621/1376 1718/1622/1376
f 1715/1619/1377 1714/1618/1377 1719/1623/1377
f 1718/1622/1378 1719/1623/1378 1714/1618/1378
f 1715/1619/1379 1720/1624/1379 1716/1620/1379
f 1721/1625/1380 1716/1620/1380 1720/1624/1380
f 1719/1623/1381 1722/1626/1381 1715/1619/1381
f 1720/1624/1382 1715/1619/1382 1722/1626/1382
f 1719/1623/1383 1718/1622/1383 1723/1627/1383
f 1722/1626/1384 1719/1623/1384 1724/1628/1384
f 1723/1627/1385 1724/1628/1385 1719/1623/1385
f 1720/1624/1386 1725/1629/1386 1721/1625/1386
f 1726/1630/1387 1721/1625/1387 1725/1629/1387
f 1725/1629/1388 1727/1485/1388 1726/1630/1388
f 1728/1488/1389 1726/1630/1389 1727/1485/1389
f 1727/1485/1390 1725/1629/1390 1729/1481/1390
f 1725/1629/1391 1720/1624/1391 1730/1631/1391
f 1730/1631/1392 1729/1481/1392 1725/1629/1392
f 1722/1626/1393 1730/1631/1393 1720/1624/1393
f 1729/1481/1394 1730/1631/1394 1731/1477/1394
f 1730/1631/1395 1722/1626/1395 1732/1632/1395
f 1732/1632/1396 1731/1477/1396 1730/1631/1396
f 1724/1628/1397 1732/1632/1397 1722/1626/1397
f 1731/1477/1398 1732/1632/1398 1733/1473/1398
f 1734/1633/1399 1733/1473/1399 1732/1632/1399
f 1732/1632/1400 1724/1628/1400 1734/1633/1400
f 1733/1473/1401 1734/1633/1401 1735/1469/1401
f 1736/1634/1402 1734/1633/1402 1724/1628/1402
f 1737/1635/1403 1735/1469/1403 1734/1633/1403
f 1734/1633/1404 1736/1634/1404 1737/1635/1404
f 1735/1469/1405 1737/1635/1405 1738/1465/1405
f 1724/1628/1406 1723/1627/1406 1736/1634/1406
f 1739/1636/1407 1738/1465/1407 1737/1635/1407
f 1738/1465/1408 1739/1636/1408 1740/1461/1408
f 1741/1637/1409 1737/1635/1409 1736/1634/1409
f 1737/1635/1410 1741/1637/1410 1739/1636/1410
f 1742/1638/1411 1736/1634/1411 1723/1627/1411
f 1736/1634/1412 1742/1638/1412 1741/1637/1412
f 1723/1627/1413 1743/1639/1413 1742/1638/1413
f 1743/1639/1414 1723/1627/1414 1718/1622/1414
f 1743/1639/1415 1718/1622/1415 1717/1621/1415
f 1744/1640/1416 1740/1461/1416 1739/1636/1416
f 1740/1461/1417 1744/1640/1417 1745/1457/1417
f 1746/1641/1418 1739/1636/1418 1741/1637/1418
f 1739/1636/1419 1746/1641/1419 1744/1640/1419
f 1747/1642/1420 1745/1457/1420 1744/1640/1420
f 1745/1457/1421 1747/1642/1421 1748/1455/1421
f 1749/1643/1422 1744/1640/1422 1746/1641/1422
f 1744/1640/1423 1749/1643/1423 1747/1642/1423
f 1741/1637/1424 1750/1644/1424 1746/1641/1424
f 1750/1644/1425 1741/1637/1425 1742/1638/1425
f 1746/1641/1426 1751/1645/1426 1749/1643/1426
f 1751/1645/1427 1746/1641/1427 1750/1644/1427
f 1742/1638/1428 1752/1646/1428 1750/1644/1428
f 1752/1646/1429 1742/1638/1429 1743/1639/1429
f 1750/1644/1430 1753/1647/1430 1751/1645/1430
f 1753/1647/1431 1750/1644/1431 1752/1646/1431
f 1752/1646/1432 1743/1639/1432 1754/1648/1432
f 1717/1621/1433 1754/1648/1433 1743/1639/1433
f 1754/1648/1434 1717/1621/1434 1695/1604/1434
f 1695/1604/1435 1690/1601/1435 1754/1648/1435
f 1754/1648/1436 1755/1649/1436 1752/1646/1436
f 1755/1649/1437 1754/1648/1437 1690/1601/1437
f 1753/1647/1438 1752/1646/1438 1755/1649/1438
f 1690/1601/1439 1685/1598/1439 1755/1649/1439
f 1756/1650/1440 1755/1649/1440 1685/1598/1440
f 1755/1649/1441 1756/1650/1441 1753/1647/1441
f 1685/1598/1442 1681/1596/1442 1756/1650/1442
f 1757/1651/1443 1753/1647/1443 1756/1650/1443
f 1757/1651/1444 1751/1645/1444 1753/1647/1444
f 1758/1652/1445 1756/1650/1445 1681/1596/1445
f 1756/1650/1446 1758/1652/1446 1757/1651/1446
f 1681/1596/1447 1668/1587/1447 1758/1652/1447
f 1751/1645/1448 1757/1651/1448 1759/1653/1448
f 1759/1653/1449 1749/1643/1449 1751/1645/1449
f 1760/1654/1450 1757/1651/1450 1758/1652/1450
f 1760/1654/1451 1759/1653/1451 1757/1651/1451
f 1761/1655/1452 1758/1652/1452 1668/1587/1452
f 1758/1652/1453 1761/1655/1453 1760/1654/1453
f 1668/1587/1454 1666/1589/1454 1761/1655/1454
f 1749/1643/1455 1759/1653/1455 1762/1656/1455
f 1762/1656/1456 1747/1642/1456 1749/1643/1456
f 1759/1653/1457 1760/1654/1457 1763/1657/1457
f 1763/1657/1458 1762/1656/1458 1759/1653/1458
f 1764/1658/1459 1760/1654/1459 1761/1655/1459
f 1764/1658/1460 1763/1657/1460 1760/1654/1460
f 1765/1659/1461 1761/1655/1461 1666/1589/1461
f 1761/1655/1462 1765/1659/1462 1764/1658/1462
f 1666/1589/1463 1677/1593/1463 1765/1659/1463
f 1747/1642/1464 1762/1656/1464 1766/1660/1464
f 1766/1660/1465 1748/1455/1465 1747/1642/1465
f 1748/1455/1466 1766/1660/1466 1767/1460/1466
f 1768/1661/1467 1766/1660/1467 1762/1656/1467
f 1762/1656/1468 1763/1657/1468 1768/1661/1468
f 1769/1662/1469 1767/1460/1469 1766/1660/1469
f 1766/1660/1470 1768/1661/1470 1769/1662/1470
f 1767/1460/1471 1769/1662/1471 1770/1464/1471
f 1771/1663/1472 1768/1661/1472 1763/1657/1472
f 1763/1657/1473 1764/1658/1473 1771/1663/1473
f 1772/1664/1470 1769/1662/1470 1768/1661/1470
f 1768/1661/1474 1771/1663/1474 1772/1664/1474
f 1773/1665/1475 1770/1464/1475 1769/1662/1475
f 1769/1662/1476 1772/1664/1476 1773/1665/1476
f 1770/1464/1477 1773/1665/1477 1774/1468/1477
f 1775/1666/1473 1771/1663/1473 1764/1658/1473
f 1775/1666/1478 1764/1658/1478 1765/1659/1478
f 1776/1667/1479 1772/1664/1479 1771/1663/1479
f 1771/1663/1480 1775/1666/1480 1776/1667/1480
f 1777/1668/1481 1773/1665/1481 1772/1664/1481
f 1772/1664/1482 1776/1667/1482 1777/1668/1482
f 1778/1669/1483 1774/1468/1483 1773/1665/1483
f 1773/1665/1484 1777/1668/1484 1778/1669/1484
f 1774/1468/1485 1778/1669/1485 1779/1472/1485
f 1765/1659/1486 1780/1670/1486 1775/1666/1486
f 1780/1670/1487 1765/1659/1487 1677/1593/1487
f 1781/1671/1488 1776/1667/1488 1775/1666/1488
f 1781/1671/1489 1775/1666/1489 1780/1670/1489
f 1782/1672/1490 1777/1668/1490 1776/1667/1490
f 1776/1667/1491 1781/1671/1491 1782/1672/1491
f 1783/1673/1492 1778/1669/1492 1777/1668/1492
f 1777/1668/1493 1782/1672/1493 1783/1673/1493
f 1784/1674/1494 1779/1472/1494 1778/1669/1494
f 1778/1669/1495 1783/1673/1495 1784/1674/1495
f 1779/1472/1496 1784/1674/1496 1785/1476/1496
f 1786/1675/1497 1785/1476/1497 1784/1674/1497
f 1785/1476/1498 1786/1675/1498 1787/1480/1498
f 1788/1676/1499 1784/1674/1499 1783/1673/1499
f 1784/1674/1500 1788/1676/1500 1786/1675/1500
f 1789/1677/1501 1783/1673/1501 1782/1672/1501
f 1783/1673/1502 1789/1677/1502 1788/1676/1502
f 1782/1672/1503 1790/1678/1503 1789/1677/1503
f 1790/1678/1504 1782/1672/1504 1781/1671/1504
f 1791/1679/1505 1787/1480/1505 1786/1675/1505
f 1787/1480/1506 1791/1679/1506 1792/1484/1506
f 1793/1680/1507 1786/1675/1507 1788/1676/1507
f 1786/1675/1508 1793/1680/1508 1791/1679/1508
f 1794/1681/1509 1788/1676/1509 1789/1677/1509
f 1788/1676/1510 1794/1681/1510 1793/1680/1510
f 1789/1677/1511 1795/1682/1511 1794/1681/1511
f 1795/1682/1512 1789/1677/1512 1790/1678/1512
f 1796/1683/1513 1792/1484/1513 1791/1679/1513
f 1792/1484/1514 1796/1683/1514 1797/1490/1514
f 1798/1684/1515 1791/1679/1515 1793/1680/1515
f 1791/1679/1516 1798/1684/1516 1796/1683/1516
f 1799/1685/1517 1793/1680/1517 1794/1681/1517
f 1793/1680/1518 1799/1685/1518 1798/1684/1518
f 1794/1681/1519 1800/1686/1519 1799/1685/1519
f 1800/1686/1520 1794/1681/1520 1795/1682/1520
f 1801/1687/1521 1797/1490/1521 1796/1683/1521
f 1797/1490/1522 1801/1687/1522 1802/1492/1522
f 1803/1688/1523 1796/1683/1523 1798/1684/1523
f 1796/1683/1524 1803/1688/1524 1801/1687/1524
f 1804/1689/1525 1798/1684/1525 1799/1685/1525
f 1798/1684/1526 1804/1689/1526 1803/1688/1526
f 1799/1685/1527 1805/1690/1527 1804/1689/1527
f 1805/1690/1528 1799/1685/1528 1800/1686/1528
f 1806/1691/1529 1802/1492/1529 1801/1687/1529
f 1802/1492/1530 1806/1691/1530 1807/1494/1530
f 1808/1692/1531 1801/1687/1531 1803/1688/1531
f 1801/1687/1532 1808/1692/1532 1806/1691/1532
f 1809/1693/1533 1803/1688/1533 1804/1689/1533
f 1803/1688/1534 1809/1693/1534 1808/1692/1534
f 1804/1689/1535 1810/1694/1535 1809/1693/1535
f 1810/1694/1536 1804/1689/1536 1805/1690/1536
f 1811/1695/1537 1807/1494/1537 1806/1691/1537
f 1807/1494/1538 1811/1695/1538 1812/1496/1538
f 1813/1696/1532 1806/1691/1532 1808/1692/1532
f 1806/1691/1539 1813/1696/1539 1811/1695/1539
f 1814/1697/1540 1808/1692/1540 1809/1693/1540
f 1808/1692/1541 1814/1697/1541 1813/1696/1541
f 1809/1693/1542 1815/1698/1542 1814/1697/1542
f 1815/1698/1543 1809/1693/1543 1810/1694/1543
f 1816/1699/1544 1812/1496/1544 1811/1695/1544
f 1812/1496/1545 1816/1699/1545 1817/1498/1545
f 1818/1700/1546 1811/1695/1546 1813/1696/1546
f 1811/1695/1547 1818/1700/1547 1816/1699/1547
f 1819/1701/1548 1813/1696/1548 1814/1697/1548
f 1813/1696/1549 1819/1701/1549 1818/1700/1549
f 1814/1697/1550 1820/1702/1550 1819/1701/1550
f 1820/1702/1551 1814/1697/1551 1815/1698/1551
f 1821/1703/1552 1817/1498/1552 1816/1699/1552
f 1817/1498/1553 1821/1703/1553 1822/1500/1553
f 1823/1704/1554 1816/1699/1554 1818/1700/1554
f 1816/1699/1555 1823/1704/1555 1821/1703/1555
f 1824/1705/1556 1818/1700/1556 1819/1701/1556
f 1818/1700/1557 1824/1705/1557 1823/1704/1557
f 1819/1701/1558 1825/1706/1558 1824/1705/1558
f 1825/1706/1559 1819/1701/1559 1820/1702/1559
f 1826/1707/1560 1822/1500/1560 1821/1703/1560
f 1822/1500/1561 1826/1707/1561 1827/1502/1561
f 1828/1708/1562 1821/1703/1562 1823/1704/1562
f 1821/1703/1563 1828/1708/1563 1826/1707/1563
f 1829/1709/1564 1823/1704/1564 1824/1705/1564
f 1823/1704/1565 1829/1709/1565 1828/1708/1565
f 1824/1705/1566 1830/1710/1566 1829/1709/1566
f 1830/1710/1567 1824/1705/1567 1825/1706/1567
f 1831/1711/1568 1827/1502/1568 1826/1707/1568
f 1827/1502/1569 1831/1711/1569 1832/1504/1569
f 1833/1712/1570 1826/1707/1570 1828/1708/1570
f 1826/1707/1571 1833/1712/1571 1831/1711/1571
f 1834/1713/1572 1828/1708/1572 1829/1709/1572
f 1828/1708/1573 1834/1713/1573 1833/1712/1573
f 1829/1709/1574 1835/1714/1574 1834/1713/1574
f 1835/1714/1575 1829/1709/1575 1830/1710/1575
f 1836/1715/1576 1832/1504/1576 1831/1711/1576
f 1832/1504/1577 1836/1715/1577 1837/1506/1577
f 1838/1716/1571 1831/1711/1571 1833/1712/1571
f 1831/1711/1578 1838/1716/1578 1836/1715/1578
f 1839/1717/1579 1833/1712/1579 1834/1713/1579
f 1833/1712/1580 1839/1717/1580 1838/1716/1580
f 1834/1713/1581 1840/1718/1581 1839/1717/1581
f 1840/1718/1582 1834/1713/1582 1835/1714/1582
f 1841/1719/1583 1837/1506/1583 1836/1715/1583
f 1837/1506/1584 1841/1719/1584 1842/1508/1584
f 1843/1720/1585 1836/1715/1585 1838/1716/1585
f 1836/1715/1586 1843/1720/1586 1841/1719/1586
f 1844/1721/1587 1838/1716/1587 1839/1717/1587
f 1838/1716/1588 1844/1721/1588 1843/1720/1588
f 1839/1717/1589 1845/1722/1589 1844/1721/1589
f 1845/1722/1590 1839/1717/1590 1840/1718/1590
f 1846/1723/1591 1842/1508/1591 1841/1719/1591
f 1842/1508/1592 1846/1723/1592 1847/1510/1592
f 1848/1724/1593 1841/1719/1593 1843/1720/1593
f 1841/1719/1594 1848/1724/1594 1846/1723/1594
f 1849/1725/1595 1843/1720/1595 1844/1721/1595
f 1843/1720/1596 1849/1725/1596 1848/1724/1596
f 1844/1721/1597 1850/1726/1597 1849/1725/1597
f 1850/1726/1598 1844/1721/1598 1845/1722/1598
f 1851/1727/1599 1847/1510/1599 1846/1723/1599
f 1847/1510/1600 1851/1727/1600 1852/1512/1600
f 1853/1728/1601 1846/1723/1601 1848/1724/1601
f 1846/1723/1602 1853/1728/1602 1851/1727/1602
f 1854/1729/1603 1848/1724/1603 1849/1725/1603
f 1848/1724/1604 1854/1729/1604 1853/1728/1604
f 1849/1725/1605 1855/1730/1605 1854/1729/1605
f 1855/1730/1597 1849/1725/1597 1850/1726/1597
f 1856/1731/1606 1852/1512/1606 1851/1727/1606
f 1852/1512/1607 1856/1731/1607 1857/1514/1607
f 1858/1732/1608 1851/1727/1608 1853/1728/1608
f 1851/1727/1609 1858/1732/1609 1856/1731/1609
f 1859/1733/1610 1853/1728/1610 1854/1729/1610
f 1853/1728/1611 1859/1733/1611 1858/1732/1611
f 1854/1729/1612 1860/1734/1612 1859/1733/1612
f 1860/1734/1613 1854/1729/1613 1855/1730/1613
f 1861/1735/1614 1857/1514/1614 1856/1731/1614
f 1857/1514/1615 1861/1735/1615 1862/1516/1615
f 1863/1736/1616 1856/1731/1616 1858/1732/1616
f 1856/1731/1617 1863/1736/1617 1861/1735/1617
f 1864/1737/1618 1858/1732/1618 1859/1733/1618
f 1858/1732/1619 1864/1737/1619 1863/1736/1619
f 1859/1733/1620 1865/1738/1620 1864/1737/1620
f 1865/1738/1621 1859/1733/1621 1860/1734/1621
f 1866/1739/1622 1862/1516/1622 1861/1735/1622
f 1862/1516/1623 1866/1739/1623 1867/1518/1623
f 1868/1740/1624 1861/1735/1624 1863/1736/1624
f 1861/1735/1625 1868/1740/1625 1866/1739/1625
f 1869/1741/1626 1863/1736/1626 1864/1737/1626
f 1863/1736/1627 1869/1741/1627 1868/1740/1627
f 1864/1737/1628 1870/1742/1628 1869/1741/1628
f 1870/1742/1629 1864/1737/1629 1865/1738/1629
f 1871/1743/1630 1867/1518/1630 1866/1739/1630
f 1867/1518/1631 1871/1743/1631 1872/1520/1631
f 1873/1744/1632 1872/1520/1632 1871/1743/1632
f 1866/1739/1633 1874/1745/1633 1871/1743/1633
f 1874/1745/1634 1866/1739/1634 1868/1740/1634
f 1871/1743/1635 1875/1746/1635 1873/1744/1635
f 1875/1746/1636 1871/1743/1636 1874/1745/1636
f 1876/1747/1637 1873/1744/1637 1875/1746/1637
f 1868/1740/1638 1877/1748/1638 1874/1745/1638
f 1877/1748/1639 1868/1740/1639 1869/1741/1639
f 1874/1745/1640 1878/1749/1640 1875/1746/1640
f 1878/1749/1641 1874/1745/1641 1877/1748/1641
f 1875/1746/1642 1879/1750/1642 1876/1747/1642
f 1879/1750/1643 1875/1746/1643 1878/1749/1643
f 1880/1751/1644 1876/1747/1644 1879/1750/1644
f 1869/1741/1645 1881/1752/1645 1877/1748/1645
f 1881/1752/1646 1869/1741/1646 1870/1742/1646
f 1877/1748/1647 1882/1753/1647 1878/1749/1647
f 1882/1753/1648 1877/1748/1648 1881/1752/1648
f 1878/1749/1649 1883/1754/1649 1879/1750/1649
f 1883/1754/1650 1878/1749/1650 1882/1753/1650
f 1879/1750/1651 1884/1755/1651 1880/1751/1651
f 1884/1755/1652 1879/1750/1652 1883/1754/1652
f 1885/1756/1653 1880/1751/1653 1884/1755/1653
f 1885/1756/1654 1884/1755/1654 1886/1757/1654
f 1887/1758/1655 1886/1757/1655 1884/1755/1655
f 1884/1755/1656 1883/1754/1656 1887/1758/1656
f 1886/1757/1657 1887/1758/1657 1888/1759/1657
f 1883/1754/1658 1882/1753/1658 1889/1760/1658
f 1889/1760/1659 1887/1758/1659 1883/1754/1659
f 1890/1761/1660 1888/1759/1660 1887/1758/1660
f 1887/1758/1661 1889/1760/1661 1890/1761/1661
f 1890/1761/1662 1891/1762/1662 1888/1759/1662
f 1892/1763/1663 1888/1759/1663 1891/1762/1663
f 1892/1763/1664 1891/1762/1664 1893/1585/1664
f 1894/1583/1664 1893/1585/1664 1891/1762/1664
f 1891/1762/1665 1895/1764/1665 1894/1583/1665
f 1891/1762/1666 1890/1761/1666 1895/1764/1666
f 1896/1581/1665 1894/1583/1665 1895/1764/1665
f 1897/1765/1667 1890/1761/1667 1889/1760/1667
f 1897/1765/1668 1895/1764/1668 1890/1761/1668
f 1898/1766/1669 1889/1760/1669 1882/1753/1669
f 1889/1760/1670 1898/1766/1670 1897/1765/1670
f 1882/1753/1671 1881/1752/1671 1898/1766/1671
f 1895/1764/1672 1899/1767/1672 1896/1581/1672
f 1895/1764/1673 1897/1765/1673 1899/1767/1673
f 1900/1579/1672 1896/1581/1672 1899/1767/1672
f 1901/1768/1674 1897/1765/1674 1898/1766/1674
f 1901/1768/1675 1899/1767/1675 1897/1765/1675
f 1902/1769/1676 1898/1766/1676 1881/1752/1676
f 1898/1766/1677 1902/1769/1677 1901/1768/1677
f 1881/1752/1678 1870/1742/1678 1902/1769/1678
f 1899/1767/1679 1903/1770/1679 1900/1579/1679
f 1899/1767/1680 1901/1768/1680 1903/1770/1680
f 1904/1577/1681 1900/1579/1681 1903/1770/1681
f 1905/1771/1682 1901/1768/1682 1902/1769/1682
f 1905/1771/1683 1903/1770/1683 1901/1768/1683
f 1906/1772/1684 1902/1769/1684 1870/1742/1684
f 1902/1769/1685 1906/1772/1685 1905/1771/1685
f 1870/1742/1686 1865/1738/1686 1906/1772/1686
f 1903/1770/1687 1907/1773/1687 1904/1577/1687
f 1903/1770/1688 1905/1771/1688 1907/1773/1688
f 1908/1575/1687 1904/1577/1687 1907/1773/1687
f 1909/1774/1689 1905/1771/1689 1906/1772/1689
f 1909/1774/1690 1907/1773/1690 1905/1771/1690
f 1910/1775/1691 1906/1772/1691 1865/1738/1691
f 1906/1772/1692 1910/1775/1692 1909/1774/1692
f 1865/1738/1693 1860/1734/1693 1910/1775/1693
f 1907/1773/1694 1911/1776/1694 1908/1575/1694
f 1907/1773/1695 1909/1774/1695 1911/1776/1695
f 1912/1573/1694 1908/1575/1694 1911/1776/1694
f 1913/1777/1696 1909/1774/1696 1910/1775/1696
f 1913/1777/1697 1911/1776/1697 1909/1774/1697
f 1914/1778/1698 1910/1775/1698 1860/1734/1698
f 1910/1775/1699 1914/1778/1699 1913/1777/1699
f 1860/1734/1700 1855/1730/1700 1914/1778/1700
f 1911/1776/1701 1915/1779/1701 1912/1573/1701
f 1911/1776/1702 1913/1777/1702 1915/1779/1702
f 1916/1571/1701 1912/1573/1701 1915/1779/1701
f 1917/1780/1703 1913/1777/1703 1914/1778/1703
f 1917/1780/1704 1915/1779/1704 1913/1777/1704
f 1918/1781/1705 1914/1778/1705 1855/1730/1705
f 1914/1778/1706 1918/1781/1706 1917/1780/1706
f 1855/1730/1707 1850/1726/1707 1918/1781/1707
f 1915/1779/1708 1919/1782/1708 1916/1571/1708
f 1915/1779/1709 1917/1780/1709 1919/1782/1709
f 1920/1569/1708 1916/1571/1708 1919/1782/1708
f 1921/1783/1710 1917/1780/1710 1918/1781/1710
f 1921/1783/1711 1919/1782/1711 1917/1780/1711
f 1922/1784/1712 1918/1781/1712 1850/1726/1712
f 1918/1781/1713 1922/1784/1713 1921/1783/1713
f 1850/1726/1714 1845/1722/1714 1922/1784/1714
f 1919/1782/1715 1923/1785/1715 1920/1569/1715
f 1919/1782/1716 1921/1783/1716 1923/1785/1716
f 1924/1567/1715 1920/1569/1715 1923/1785/1715
f 1925/1786/1717 1921/1783/1717 1922/1784/1717
f 1925/1786/1718 1923/1785/1718 1921/1783/1718
f 1926/1787/1719 1922/1784/1719 1845/1722/1719
f 1922/1784/1720 1926/1787/1720 1925/1786/1720
f 1845/1722/1721 1840/1718/1721 1926/1787/1721
f 1923/1785/1722 1927/1788/1722 1924/1567/1722
f 1923/1785/1723 1925/1786/1723 1927/1788/1723
f 1928/1565/1722 1924/1567/1722 1927/1788/1722
f 1929/1789/1724 1925/1786/1724 1926/1787/1724
f 1929/1789/1725 1927/1788/1725 1925/1786/1725
f 1930/1790/1726 1926/1787/1726 1840/1718/1726
f 1926/1787/1727 1930/1790/1727 1929/1789/1727
f 1840/1718/1728 1835/1714/1728 1930/1790/1728
f 1929/1789/1729 1931/1791/1729 1927/1788/1729
f 1931/1791/1730 1929/1789/1730 1930/1790/1730
f 1927/1788/1731 1932/1792/1731 1928/1565/1731
f 1932/1792/1731 1927/1788/1731 1931/1791/1731
f 1933/1563/1731 1928/1565/1731 1932/1792/1731
f 1934/1793/1732 1930/1790/1732 1835/1714/1732
f 1930/1790/1733 1934/1793/1733 1931/1791/1733
f 1835/1714/1734 1830/1710/1734 1934/1793/1734
f 1932/1792/1735 1935/1794/1735 1933/1563/1735
f 1932/1792/1735 1931/1791/1735 1935/1794/1735
f 1936/1561/1735 1933/1563/1735 1935/1794/1735
f 1937/1795/1736 1931/1791/1736 1934/1793/1736
f 1937/1795/1737 1935/1794/1737 1931/1791/1737
f 1938/1796/1738 1934/1793/1738 1830/1710/1738
f 1934/1793/1739 1938/1796/1739 1937/1795/1739
f 1830/1710/1740 1825/1706/1740 1938/1796/1740
f 1935/1794/1741 1939/1797/1741 1936/1561/1741
f 1935/1794/1742 1937/1795/1742 1939/1797/1742
f 1940/1559/1741 1936/1561/1741 1939/1797/1741
f 1941/1798/1743 1937/1795/1743 1938/1796/1743
f 1941/1798/1744 1939/1797/1744 1937/1795/1744
f 1942/1799/1745 1938/1796/1745 1825/1706/1745
f 1938/1796/1746 1942/1799/1746 1941/1798/1746
f 1825/1706/1747 1820/1702/1747 1942/1799/1747
f 1939/1797/1748 1943/1800/1748 1940/1559/1748
f 1939/1797/1749 1941/1798/1749 1943/1800/1749
f 1944/1557/1748 1940/1559/1748 1943/1800/1748
f 1945/1801/1750 1941/1798/1750 1942/1799/1750
f 1945/1801/1751 1943/1800/1751 1941/1798/1751
f 1946/1802/1752 1942/1799/1752 1820/1702/1752
f 1942/1799/1753 1946/1802/1753 1945/1801/1753
f 1820/1702/1754 1815/1698/1754 1946/1802/1754
f 1943/1800/1755 1947/1803/1755 1944/1557/1755
f 1943/1800/1756 1945/1801/1756 1947/1803/1756
f 1948/1552/1757 1944/1557/1757 1947/1803/1757
f 1949/1804/1758 1945/1801/1758 1946/1802/1758
f 1949/1804/1759 1947/1803/1759 1945/1801/1759
f 1950/1805/1760 1946/1802/1760 1815/1698/1760
f 1946/1802/1761 1950/1805/1761 1949/1804/1761
f 1815/1698/1762 1810/1694/1762 1950/1805/1762
f 1947/1803/1763 1951/1806/1763 1948/1552/1763
f 1947/1803/1764 1949/1804/1764 1951/1806/1764
f 1702/1548/1763 1948/1552/1763 1951/1806/1763
f 1951/1806/1355 1701/1608/1355 1702/1548/1355
f 1952/1807/1765 1951/1806/1765 1949/1804/1765
f 1952/1807/1766 1949/1804/1766 1950/1805/1766
f 1951/1806/1767 1952/1807/1767 1701/1608/1767
f 1953/1808/1768 1950/1805/1768 1810/1694/1768
f 1950/1805/1769 1953/1808/1769 1952/1807/1769
f 1810/1694/1770 1805/1690/1770 1953/1808/1770
f 1954/1809/1771 1701/1608/1771 1952/1807/1771
f 1954/1809/1772 1952/1807/1772 1953/1808/1772
f 1701/1608/1773 1954/1809/1773 1696/1605/1773
f 1955/1810/1774 1953/1808/1774 1805/1690/1774
f 1953/1808/1775 1955/1810/1775 1954/1809/1775
f 1805/1690/1776 1800/1686/1776 1955/1810/1776
f 1956/1811/1777 1696/1605/1777 1954/1809/1777
f 1956/1811/1778 1954/1809/1778 1955/1810/1778
f 1696/1605/1779 1956/1811/1779 1691/1602/1779
f 1957/1812/1780 1955/1810/1780 1800/1686/1780
f 1955/1810/1781 1957/1812/1781 1956/1811/1781
f 1800/1686/1782 1795/1682/1782 1957/1812/1782
f 1958/1813/1783 1691/1602/1783 1956/1811/1783
f 1958/1813/1784 1956/1811/1784 1957/1812/1784
f 1691/1602/1785 1958/1813/1785 1686/1599/1785
f 1959/1814/1786 1957/1812/1786 1795/1682/1786
f 1957/1812/1787 1959/1814/1787 1958/1813/1787
f 1795/1682/1788 1790/1678/1788 1959/1814/1788
f 1960/1815/1789 1686/1599/1789 1958/1813/1789
f 1960/1815/1790 1958/1813/1790 1959/1814/1790
f 1686/1599/1791 1960/1815/1791 1680/1595/1791
f 1961/1816/1792 1959/1814/1792 1790/1678/1792
f 1959/1814/1793 1961/1816/1793 1960/1815/1793
f 1790/1678/1794 1781/1671/1794 1961/1816/1794
f 1780/1670/1795 1961/1816/1795 1781/1671/1795
f 1962/1817/1796 1960/1815/1796 1961/1816/1796
f 1962/1817/1797 1680/1595/1797 1960/1815/1797
f 1961/1816/1798 1780/1670/1798 1962/1817/1798
f 1680/1595/1799 1962/1817/1799 1675/1592/1799
f 1677/1593/1800 1962/1817/1800 1780/1670/1800
f 1677/1593/1801 1675/1592/1801 1962/1817/1801
f 901/891/56 1011/1001/56 1963/1818/56
f 901/891/635 1963/1818/635 903/893/635
f 1963/1818/1802 1964/1819/1802 903/893/1802
f 1963/1818/56 1011/1001/56 1010/1000/56
f 1963/1818/1803 1965/1820/1803 1964/1819/1803
f 1010/1000/60 1966/1821/60 1963/1818/60
f 1966/1821/60 1010/1000/60 1002/992/60
f 1963/1818/1804 1967/1822/1804 1965/1820/1804
f 1967/1822/60 1963/1818/60 1966/1821/60
f 1965/1820/1805 1967/1822/1805 1968/1823/1805
f 1002/992/1806 1969/1824/1806 1966/1821/1806
f 1969/1824/1807 1002/992/1807 999/989/1807
f 999/989/1808 997/987/1808 1969/1824/1808
f 1970/1825/1809 1966/1821/1809 1969/1824/1809
f 1966/1821/225 1970/1825/225 1967/1822/225
f 1971/1826/1810 1969/1824/1810 997/987/1810
f 1969/1824/1811 1971/1826/1811 1970/1825/1811
f 997/987/1812 996/986/1812 1971/1826/1812
f 1967/1822/1813 1972/1827/1813 1968/1823/1813
f 1972/1827/225 1967/1822/225 1970/1825/225
f 1972/1827/633 1973/1828/633 1968/1823/633
f 1974/1829/634 1973/1828/634 1972/1827/634
f 1970/1825/226 1975/1830/226 1972/1827/226
f 1975/1830/226 1970/1825/226 1971/1826/226
f 1974/1829/1814 1972/1827/1814 1976/1831/1814
f 1976/1831/226 1972/1827/226 1975/1830/226
f 1977/1832/1815 1974/1829/1815 1976/1831/1815
f 1971/1826/1816 1978/1833/1816 1975/1830/1816
f 1978/1833/1817 1971/1826/1817 996/986/1817
f 996/986/1818 995/985/1818 1978/1833/1818
f 1979/1834/1819 1975/1830/1819 1978/1833/1819
f 1975/1830/227 1979/1834/227 1976/1831/227
f 1980/1835/1820 1978/1833/1820 995/985/1820
f 1978/1833/1821 1980/1835/1821 1979/1834/1821
f 995/985/1822 987/977/1822 1980/1835/1822
f 986/976/1823 1980/1835/1823 987/977/1823
f 1980/1835/229 986/976/229 1981/1836/229
f 1981/1836/228 1979/1834/228 1980/1835/228
f 984/974/229 1981/1836/229 986/976/229
f 1981/1836/229 984/974/229 926/916/229
f 1979/1834/228 1981/1836/228 1982/1837/228
f 926/916/228 1982/1837/228 1981/1836/228
f 1982/1837/227 1976/1831/227 1979/1834/227
f 1977/1832/1824 1976/1831/1824 1982/1837/1824
f 911/901/228 1982/1837/228 926/916/228
f 1983/1838/1824 1977/1832/1824 1982/1837/1824
f 913/903/1825 1982/1837/1825 911/901/1825
f 913/903/1826 1983/1838/1826 1982/1837/1826
f 1986/1839/1827 1985/1840/1827 1984/1841/1827
f 1987/1842/1828 1985/1840/1828 1986/1839/1828
f 1987/1842/1829 1988/1843/1829 1985/1840/1829
f 1989/1844/1830 1987/1842/1830 1986/1839/1830
f 1988/1843/1831 1990/1845/1831 1985/1840/1831
f 1991/1846/1832 1989/1844/1832 1986/1839/1832
f 1990/1845/1833 1992/1847/1833 1985/1840/1833
f 1985/1840/1834 1992/1847/1834 1984/1841/1834
f 1990/1845/1835 1993/1848/1835 1992/1847/1835
f 1993/1848/1836 1994/1849/1836 1992/1847/1836
f 1991/1846/1837 1986/1839/1837 1995/1850/1837
f 1995/1850/1838 1986/1839/1838 1984/1841/1838
f 1996/1851/1839 1991/1846/1839 1995/1850/1839
f 1997/1852/1840 1996/1851/1840 1995/1850/1840
f 1994/1849/1841 1998/1853/1841 1992/1847/1841
f 1992/1847/1842 1998/1853/1842 1984/1841/1842
f 1994/1849/1843 1999/1854/1843 1998/1853/1843
f 1999/1854/1844 2000/1855/1844 1998/1853/1844
f 1997/1852/1845 1995/1850/1845 2001/1856/1845
f 2001/1856/1846 1995/1850/1846 1984/1841/1846
f 2002/1857/1847 1997/1852/1847 2001/1856/1847
f 2003/1858/1848 2002/1857/1848 2001/1856/1848
f 2000/1855/1849 2004/1859/1849 1998/1853/1849
f 1998/1853/1850 2004/1859/1850 1984/1841/1850
f 2000/1855/1851 2005/1860/1851 2004/1859/1851
f 2005/1860/1852 2006/1861/1852 2004/1859/1852
f 2004/1859/1853 2007/1862/1853 1984/1841/1853
f 2006/1861/1854 2007/1862/1854 2004/1859/1854
f 2007/1862/1855 2001/1856/1855 1984/1841/1855
f 2003/1858/1856 2001/1856/1856 2007/1862/1856
f 2006/1861/1857 2008/1863/1857 2007/1862/1857
f 2008/1863/1858 2003/1858/1858 2007/1862/1858
f 2011/1864/1859 2010/1865/1859 2009/1866/1859
f 2012/1867/1860 2009/1866/1860 2010/1865/1860
f 2009/1866/1861 2013/1868/1861 2011/1864/1861
f 2014/1869/1862 2011/1864/1862 2013/1868/1862
f 2015/1870/1863 2009/1866/1863 2012/1867/1863
f 2016/1871/1864 2015/1870/1864 2012/1867/1864
f 2015/1870/1865 2016/1871/1865 2017/1872/1865
f 2018/1873/1866 2017/1872/1866 2016/1871/1866
f 2019/1874/1867 2009/1866/1867 2015/1870/1867
f 2017/1872/1868 2018/1873/1868 2020/1875/1868
f 2021/1876/1869 2020/1875/1869 2018/1873/1869
f 2017/1872/1870 2022/1877/1870 2015/1870/1870
f 2019/1874/1871 2015/1870/1871 2022/1877/1871
f 2020/1875/1872 2023/1878/1872 2017/1872/1872
f 2022/1877/1873 2017/1872/1873 2023/1878/1873
f 2020/1875/1874 2021/1876/1874 2024/1879/1874
f 2025/1880/1875 2024/1879/1875 2021/1876/1875
f 2023/1878/1876 2020/1875/1876 2026/1881/1876
f 2024/1879/1877 2026/1881/1877 2020/1875/1877
f 2023/1878/1878 2027/1882/1878 2022/1877/1878
f 2024/1879/1879 2025/1880/1879 2028/1883/1879
f 2029/1884/1880 2028/1883/1880 2025/1880/1880
f 2026/1881/1881 2024/1879/1881 2030/1885/1881
f 2028/1883/1882 2030/1885/1882 2024/1879/1882
f 2026/1881/1883 2031/1886/1883 2023/1878/1883
f 2027/1882/1884 2023/1878/1884 2031/1886/1884
f 2030/1885/1885 2032/1887/1885 2026/1881/1885
f 2031/1886/1886 2026/1881/1886 2032/1887/1886
f 2028/1883/1887 2029/1884/1887 2033/1888/1887
f 2034/1889/1888 2033/1888/1888 2029/1884/1888
f 2030/1885/1889 2028/1883/1889 2035/1890/1889
f 2033/1888/1890 2035/1890/1890 2028/1883/1890
f 2032/1887/1891 2030/1885/1891 2036/1891/1891
f 2035/1890/1892 2036/1891/1892 2030/1885/1892
f 2033/1888/1893 2034/1889/1893 2037/1892/1893
f 2038/1893/1894 2037/1892/1894 2034/1889/1894
f 2035/1890/1895 2033/1888/1895 2039/1894/1895
f 2037/1892/1896 2039/1894/1896 2033/1888/1896
f 2036/1891/1897 2035/1890/1897 2040/1895/1897
f 2039/1894/1898 2040/1895/1898 2035/1890/1898
f 2037/1892/1899 2038/1893/1899 2041/1896/1899
f 2042/1897/1900 2041/1896/1900 2038/1893/1900
f 2039/1894/1901 2037/1892/1901 2043/1898/1901
f 2041/1896/1902 2043/1898/1902 2037/1892/1902
f 2040/1895/1903 2039/1894/1903 2044/1899/1903
f 2043/1898/1904 2044/1899/1904 2039/1894/1904
f 2041/1896/1905 2042/1897/1905 2045/1900/1905
f 1027/1017/1906 2045/1900/1906 2042/1897/1906
f 2045/1900/1907 1027/1017/1907 1026/1016/1907
f 2045/1900/1908 2046/1901/1908 2041/1896/1908
f 2043/1898/1909 2041/1896/1909 2046/1901/1909
f 1026/1016/1910 2047/1902/1910 2045/1900/1910
f 2046/1901/1911 2045/1900/1911 2047/1902/1911
f 2047/1902/1912 1026/1016/1912 1023/1013/1912
f 1023/1013/1913 1034/1024/1913 2047/1902/1913
f 2048/1903/1914 2047/1902/1914 1034/1024/1914
f 2047/1902/1915 2048/1903/1915 2046/1901/1915
f 1034/1024/1916 1035/1025/1916 2048/1903/1916
f 2046/1901/1917 2049/1904/1917 2043/1898/1917
f 2049/1904/1918 2046/1901/1918 2048/1903/1918
f 2044/1899/1919 2043/1898/1919 2049/1904/1919
f 2050/1905/1920 2048/1903/1920 1035/1025/1920
f 2048/1903/1921 2050/1905/1921 2049/1904/1921
f 1035/1025/1922 1039/1029/1922 2050/1905/1922
f 2049/1904/1923 2051/1906/1923 2044/1899/1923
f 2051/1906/1924 2049/1904/1924 2050/1905/1924
f 2052/1907/1925 2050/1905/1925 1039/1029/1925
f 2050/1905/1926 2052/1907/1926 2051/1906/1926
f 1039/1029/1927 1043/1033/1927 2052/1907/1927
f 2053/1908/1928 2044/1899/1928 2051/1906/1928
f 2044/1899/1929 2053/1908/1929 2040/1895/1929
f 2054/1909/1930 2051/1906/1930 2052/1907/1930
f 2051/1906/1931 2054/1909/1931 2053/1908/1931
f 2055/1910/1927 2052/1907/1927 1043/1033/1927
f 2052/1907/1932 2055/1910/1932 2054/1909/1932
f 1043/1033/1933 1047/1037/1933 2055/1910/1933
f 2056/1911/1934 2040/1895/1934 2053/1908/1934
f 2040/1895/1935 2056/1911/1935 2036/1891/1935
f 2057/1912/1936 2053/1908/1936 2054/1909/1936
f 2053/1908/1937 2057/1912/1937 2056/1911/1937
f 2058/1913/1938 2054/1909/1938 2055/1910/1938
f 2054/1909/1939 2058/1913/1939 2057/1912/1939
f 2059/1914/1940 2055/1910/1940 1047/1037/1940
f 2055/1910/1941 2059/1914/1941 2058/1913/1941
f 1047/1037/1942 1051/1041/1942 2059/1914/1942
f 2060/1915/1943 2059/1914/1943 1051/1041/1943
f 2059/1914/1944 2060/1915/1944 2061/1916/1944
f 2061/1916/1945 2058/1913/1945 2059/1914/1945
f 2062/1917/1946 2061/1916/1946 2060/1915/1946
f 2063/1918/1947 2057/1912/1947 2058/1913/1947
f 2058/1913/1948 2061/1916/1948 2063/1918/1948
f 2061/1916/1949 2062/1917/1949 2064/1919/1949
f 2064/1919/1950 2063/1918/1950 2061/1916/1950
f 2065/1920/1951 2064/1919/1951 2062/1917/1951
f 2057/1912/1952 2063/1918/1952 2066/1921/1952
f 2066/1921/1953 2056/1911/1953 2057/1912/1953
f 2063/1918/1954 2064/1919/1954 2067/1922/1954
f 2067/1922/1955 2066/1921/1955 2063/1918/1955
f 2064/1919/1956 2065/1920/1956 2068/1923/1956
f 2068/1923/1957 2067/1922/1957 2064/1919/1957
f 2069/1924/1958 2068/1923/1958 2065/1920/1958
f 2056/1911/1959 2066/1921/1959 2070/1925/1959
f 2070/1925/1960 2036/1891/1960 2056/1911/1960
f 2036/1891/1961 2070/1925/1961 2032/1887/1961
f 2071/1926/1962 2070/1925/1962 2066/1921/1962
f 2066/1921/1963 2067/1922/1963 2071/1926/1963
f 2072/1927/1964 2032/1887/1964 2070/1925/1964
f 2070/1925/1965 2071/1926/1965 2072/1927/1965
f 2032/1887/1966 2072/1927/1966 2031/1886/1966
f 2073/1928/1967 2071/1926/1967 2067/1922/1967
f 2067/1922/1968 2068/1923/1968 2073/1928/1968
f 2074/1929/1969 2072/1927/1969 2071/1926/1969
f 2071/1926/1970 2073/1928/1970 2074/1929/1970
f 2075/1930/1971 2031/1886/1971 2072/1927/1971
f 2072/1927/1972 2074/1929/1972 2075/1930/1972
f 2031/1886/1973 2075/1930/1973 2027/1882/1973
f 2076/1931/1974 2073/1928/1974 2068/1923/1974
f 2068/1923/1975 2069/1924/1975 2076/1931/1975
f 2077/1932/1976 2076/1931/1976 2069/1924/1976
f 2073/1928/1977 2076/1931/1977 2078/1933/1977
f 2078/1933/1970 2074/1929/1970 2073/1928/1970
f 2076/1931/1978 2077/1932/1978 2079/1934/1978
f 2079/1934/1979 2078/1933/1979 2076/1931/1979
f 2080/1935/1980 2079/1934/1980 2077/1932/1980
f 2074/1929/1981 2078/1933/1981 2081/1936/1981
f 2081/1936/1982 2075/1930/1982 2074/1929/1982
f 2078/1933/1983 2079/1934/1983 2082/1937/1983
f 2082/1937/1984 2081/1936/1984 2078/1933/1984
f 2079/1934/1985 2080/1935/1985 2083/1938/1985
f 2083/1938/1986 2082/1937/1986 2079/1934/1986
f 2084/1939/1985 2083/1938/1985 2080/1935/1985
f 2075/1930/1987 2081/1936/1987 2085/1940/1987
f 2085/1940/1988 2027/1882/1988 2075/1930/1988
f 2081/1936/1989 2082/1937/1989 2086/1941/1989
f 2086/1941/1990 2085/1940/1990 2081/1936/1990
f 2082/1937/1991 2083/1938/1991 2087/1942/1991
f 2087/1942/1992 2086/1941/1992 2082/1937/1992
f 2083/1938/1993 2084/1939/1993 2088/1943/1993
f 2088/1943/1994 2087/1942/1994 2083/1938/1994
f 2089/1944/1995 2088/1943/1995 2084/1939/1995
f 2027/1882/1996 2085/1940/1996 2090/1945/1996
f 2090/1945/1997 2022/1877/1997 2027/1882/1997
f 2022/1877/1998 2090/1945/1998 2019/1874/1998
f 2091/1946/1999 2090/1945/1999 2085/1940/1999
f 2085/1940/2000 2086/1941/2000 2091/1946/2000
f 2092/1947/2001 2019/1874/2001 2090/1945/2001
f 2090/1945/2002 2091/1946/2002 2092/1947/2002
f 2019/1874/2003 2092/1947/2003 2009/1866/2003
f 2092/1947/2004 2013/1868/2004 2009/1866/2004
f 2093/1948/2005 2092/1947/2005 2091/1946/2005
f 2093/1948/2006 2013/1868/2006 2092/1947/2006
f 2094/1949/2007 2091/1946/2007 2086/1941/2007
f 2091/1946/2008 2094/1949/2008 2093/1948/2008
f 2086/1941/2009 2087/1942/2009 2094/1949/2009
f 2093/1948/2010 2095/1950/2010 2013/1868/2010
f 2095/1950/2008 2093/1948/2008 2094/1949/2008
f 2096/1951/2011 2094/1949/2011 2087/1942/2011
f 2094/1949/2012 2096/1951/2012 2095/1950/2012
f 2087/1942/2013 2088/1943/2013 2096/1951/2013
f 2095/1950/2014 2097/1952/2014 2013/1868/2014
f 2013/1868/2015 2097/1952/2015 2014/1869/2015
f 2098/1953/2016 2095/1950/2016 2096/1951/2016
f 2098/1953/2017 2097/1952/2017 2095/1950/2017
f 2099/1954/2018 2014/1869/2018 2097/1952/2018
f 2097/1952/2019 2100/1955/2019 2099/1954/2019
f 2101/1956/2020 2099/1954/2020 2100/1955/2020
f 2102/1957/2021 2100/1955/2021 2097/1952/2021
f 2098/1953/2022 2102/1957/2022 2097/1952/2022
f 2103/1958/2023 2100/1955/2023 2102/1957/2023
f 2103/1958/2024 2102/1957/2024 2104/1959/2024
f 2102/1957/2025 2098/1953/2025 2105/1960/2025
f 2105/1960/2026 2104/1959/2026 2102/1957/2026
f 2096/1951/2027 2105/1960/2027 2098/1953/2027
f 2105/1960/2028 2096/1951/2028 2088/1943/2028
f 2104/1959/2029 2105/1960/2029 2089/1944/2029
f 2088/1943/2030 2089/1944/2030 2105/1960/2030
f 2108/1961/2031 2107/1962/2031 2106/1963/2031
f 2109/1964/2031 2106/1963/2031 2107/1962/2031
f 2112/1965/2032 2111/1966/2032 2110/1963/2032
f 2111/1966/2033 2113/1967/2033 2110/1963/2033
f 2113/1967/2034 2114/1961/2034 2110/1963/2034
f 2113/1967/2035 2115/1968/2035 2114/1961/2035
f 2115/1968/2036 2116/1969/2036 2114/1961/2036
f 2119/1970/2037 2118/1971/2037 2117/1972/2037
f 2120/1973/2038 2117/1972/2038 2118/1971/2038
f 2118/1971/2039 2119/1970/2039 2121/1974/2039
f 2122/1975/2040 2121/1974/2040 2119/1970/2040
f 2123/1976/2041 2121/1974/2041 2122/1975/2041
f 2123/1976/2041 2122/1975/2041 2124/1977/2041
f 2125/1978/2042 2124/1977/2042 2122/1975/2042
f 2123/1976/2043 2124/1977/2043 2126/1979/2043
f 2127/1980/2043 2126/1979/2043 2124/1977/2043
f 2127/1980/2044 2129/1981/2044 2128/1982/2044
f 2130/1983/2045 2128/1982/2045 2129/1981/2045
f 2133/1984/2046 2132/1985/2046 2131/1986/2046
f 2132/1985/2047 2134/1987/2047 2131/1986/2047
f 2134/1987/2048 2135/1988/2048 2131/1986/2048
f 2133/1984/2049 2131/1986/2049 2136/1989/2049
f 2136/1989/2050 2137/1990/2050 2133/1984/2050
f 2138/1991/2051 2133/1984/2051 2137/1990/2051
f 2136/1989/2052 2139/1992/2052 2137/1990/2052
f 2140/1993/2053 2137/1990/2053 2139/1992/2053
f 2141/1994/2054 2140/1993/2054 2139/1992/2054
f 2144/1995/2055 2143/1996/2055 2142/1997/2055
f 2143/1996/2056 2145/1998/2056 2142/1997/2056
f 2145/1998/2057 2146/1999/2057 2142/1997/2057
f 2146/1999/2058 2145/1998/2058 2147/1969/2058
f 2147/1969/2059 2148/1968/2059 2146/1999/2059
f 2148/1968/2060 2149/1967/2060 2146/1999/2060
f 2149/1967/2060 2150/1966/2060 2146/1999/2060
f 2150/1966/2061 2151/1965/2061 2146/1999/2061
f 2154/2000/2062 2153/2001/2062 2152/1977/2062
f 2154/2000/2063 2155/2002/2063 2153/2001/2063
f 2156/2003/2064 2153/2001/2064 2155/2002/2064
f 2152/1977/2065 2157/2004/2065 2154/2000/2065
f 2157/2004/2066 2152/1977/2066 2158/1978/2066
f 2153/2001/2067 2159/2005/2067 2152/1977/2067
f 2160/1980/2068 2152/1977/2068 2159/2005/2068
f 2161/1981/2069 2160/1980/2069 2159/2005/2069
f 2159/2005/2070 2162/2006/2070 2161/1981/2070
f 2165/2007/2071 2164/2008/2071 2163/2006/2071
f 2166/1981/2072 2163/2006/2072 2164/2008/2072
f 2169/2006/2073 2168/2009/2073 2167/2007/2073
f 2168/2009/2074 2169/2006/2074 2170/2010/2074
f 2173/1997/2075 2172/1999/2075 2171/2002/2075
f 2174/2003/2076 2171/2002/2076 2172/1999/2076
f 2171/2002/2077 2175/2000/2077 2173/1997/2077
f 2176/1995/2078 2173/1997/2078 2175/2000/2078
f 2175/2000/2079 2177/2004/2079 2176/1995/2079
f 2178/1996/2080 2176/1995/2080 2177/2004/2080
f 2177/2004/2081 2179/1978/2081 2178/1996/2081
f 2180/1998/2082 2178/1996/2082 2179/1978/2082
f 2183/2011/2083 2182/2012/2083 2181/2006/2083
f 2184/2005/2084 2183/2011/2084 2181/2006/2084
f 2185/2013/2085 2183/2011/2085 2184/2005/2085
f 2186/2001/2086 2185/2013/2086 2184/2005/2086
f 2189/2010/2087 2188/2006/2087 2187/2012/2087
f 2192/2014/2031 2191/2015/2031 2190/2016/2031
f 2193/2017/2031 2190/2016/2031 2191/2015/2031
f 2196/2018/2088 2195/2019/2088 2194/2016/2088
f 2197/2020/2089 2196/2018/2089 2194/2016/2089
f 2198/2017/2090 2197/2020/2090 2194/2016/2090
f 2199/2021/2091 2197/2020/2091 2198/2017/2091
f 2200/2022/2092 2199/2021/2092 2198/2017/2092
f 2203/2023/2093 2202/2024/2093 2201/2025/2093
f 2204/2026/2094 2201/2025/2094 2202/2024/2094
f 2202/2024/2095 2205/2027/2095 2204/2026/2095
f 2206/2028/2096 2204/2026/2096 2205/2027/2096
f 2205/2027/2097 2207/2029/2097 2206/2028/2097
f 2207/2029/2097 2208/2030/2097 2206/2028/2097
f 2209/2031/2098 2206/2028/2098 2208/2030/2098
f 2207/2029/2099 2210/2032/2099 2208/2030/2099
f 2211/2033/2099 2208/2030/2099 2210/2032/2099
f 2211/2033/2100 2213/2034/2100 2212/2035/2100
f 2214/2036/2101 2212/2035/2101 2213/2034/2101
f 2217/2037/2102 2216/2038/2102 2215/2039/2102
f 2218/2040/2103 2217/2037/2103 2215/2039/2103
f 2219/2041/2104 2218/2040/2104 2215/2039/2104
f 2215/2039/2105 2216/2038/2105 2220/2042/2105
f 2220/2042/2106 2216/2038/2106 2221/2043/2106
f 2222/2044/2107 2221/2043/2107 2216/2038/2107
f 2223/2045/2108 2220/2042/2108 2221/2043/2108
f 2221/2043/2109 2224/2046/2109 2223/2045/2109
f 2224/2046/2110 2225/2047/2110 2223/2045/2110
f 2228/2048/2111 2227/2049/2111 2226/2050/2111
f 2227/2049/2112 2229/2051/2112 2226/2050/2112
f 2229/2051/2113 2230/2052/2113 2226/2050/2113
f 2227/2049/2114 2228/2048/2114 2231/2022/2114
f 2232/2021/2115 2231/2022/2115 2228/2048/2115
f 2233/2020/2116 2232/2021/2116 2228/2048/2116
f 2234/2018/2116 2233/2020/2116 2228/2048/2116
f 2235/2019/2117 2234/2018/2117 2228/2048/2117
f 2238/2053/2118 2237/2054/2118 2236/2030/2118
f 2239/2055/2119 2237/2054/2119 2238/2053/2119
f 2238/2053/2120 2240/2056/2120 2239/2055/2120
f 2241/2057/2121 2236/2030/2121 2237/2054/2121
f 2236/2030/2122 2241/2057/2122 2242/2031/2122
f 2238/2053/2123 2236/2030/2123 2243/2058/2123
f 2244/2033/2124 2243/2058/2124 2236/2030/2124
f 2244/2033/2125 2245/2035/2125 2243/2058/2125
f 2246/2059/2126 2243/2058/2126 2245/2035/2126
f 2249/2035/2127 2248/2060/2127 2247/2059/2127
f 2250/2061/2128 2247/2059/2128 2248/2060/2128
f 2253/2062/2129 2252/2059/2129 2251/2061/2129
f 2252/2059/2130 2253/2062/2130 2254/2063/2130
f 2257/2056/2131 2256/2048/2131 2255/2055/2131
f 2258/2050/2132 2255/2055/2132 2256/2048/2132
f 2255/2055/2133 2258/2050/2133 2259/2054/2133
f 2260/2052/2134 2259/2054/2134 2258/2050/2134
f 2259/2054/2135 2260/2052/2135 2261/2057/2135
f 2262/2051/2136 2261/2057/2136 2260/2052/2136
f 2261/2057/2137 2262/2051/2137 2263/2031/2137
f 2264/2049/2138 2263/2031/2138 2262/2051/2138
f 2267/2064/2139 2266/2065/2139 2265/2059/2139
f 2266/2065/2140 2268/2058/2140 2265/2059/2140
f 2266/2065/2141 2269/2066/2141 2268/2058/2141
f 2269/2066/2142 2270/2053/2142 2268/2058/2142
f 2273/2064/2143 2272/2067/2143 2271/2012/2143
f 2274/2068/2143 2271/2012/2143 2272/2067/2143
f 2272/2067/17 2275/2069/17 2274/2068/17
f 2276/2070/17 2274/2068/17 2275/2069/17
f 2279/2064/2144 2278/2012/2144 2277/2065/2144
f 2280/2011/2144 2277/2065/2144 2278/2012/2144
f 2283/2059/2145 2282/2063/2145 2281/2064/2145
f 2286/1992/2031 2285/2045/2031 2284/1994/2031
f 2287/2047/2031 2284/1994/2031 2285/2045/2031
f 2290/2071/2144 2289/2072/2144 2288/2073/2144
f 2289/2072/2144 2291/2074/2144 2288/2073/2144
f 2292/2075/2144 2290/2071/2144 2288/2073/2144
f 2291/2074/2144 2293/2076/2144 2288/2073/2144
f 2294/2077/2146 2292/2075/2146 2288/2073/2146
f 2295/2078/2147 2294/2077/2147 2288/2073/2147
f 2296/2079/2144 2295/2078/2144 2288/2073/2144
f 2293/2076/2144 2297/2080/2144 2288/2073/2144
f 2296/2079/2144 2288/2073/2144 2298/2081/2144
f 2298/2081/2144 2288/2073/2144 2297/2080/2144
f 2299/2082/2144 2296/2079/2144 2298/2081/2144
f 2300/2083/2148 2299/2082/2148 2298/2081/2148
f 2301/2084/2149 2300/2083/2149 2298/2081/2149
f 2302/2085/2144 2298/2081/2144 2297/2080/2144
f 2303/2086/2144 2302/2085/2144 2297/2080/2144
f 2304/2087/2144 2303/2086/2144 2297/2080/2144
f 2307/2088/2150 2306/2089/2150 2305/2090/2150
f 2306/2089/2151 2307/2088/2151 2308/2091/2151
f 2309/2092/2150 2305/2090/2150 2306/2089/2150
f 2305/2090/2152 2309/2092/2152 2310/2093/2152
f 2311/2094/2153 2310/2093/2153 2309/2092/2153
f 2312/2095/2154 2308/2091/2154 2307/2088/2154
f 2308/2091/2155 2312/2095/2155 2313/2096/2155
f 2314/2097/2156 2313/2096/2156 2312/2095/2156
f 2313/2096/2157 2314/2097/2157 2315/2098/2157
f 2316/2099/2157 2315/2098/2157 2314/2097/2157
f 2315/2098/2158 2316/2099/2158 2317/2100/2158
f 2318/2101/2158 2317/2100/2158 2316/2099/2158
f 2317/2100/2159 2318/2101/2159 2319/2102/2159
f 2320/2103/2159 2319/2102/2159 2318/2101/2159
f 2319/2102/2160 2320/2103/2160 2321/2104/2160
f 2322/2105/2160 2321/2104/2160 2320/2103/2160
f 2321/2104/2161 2322/2105/2161 2323/2106/2161
f 2324/2107/2162 2323/2106/2162 2322/2105/2162
f 2323/2106/2163 2324/2107/2163 2325/2108/2163
f 2326/2109/2164 2325/2108/2164 2324/2107/2164
f 2325/2108/2165 2326/2109/2165 2327/2110/2165
f 2328/2111/2165 2327/2110/2165 2326/2109/2165
f 2327/2110/2166 2328/2111/2166 2329/2112/2166
f 2330/2113/2167 2329/2112/2167 2328/2111/2167
f 2329/2112/2168 2330/2113/2168 2331/2114/2168
f 2332/2115/2169 2331/2114/2169 2330/2113/2169
f 2331/2114/2170 2332/2115/2170 2333/2116/2170
f 2334/2117/2170 2333/2116/2170 2332/2115/2170
f 2333/2116/2171 2334/2117/2171 2335/2118/2171
f 2336/2119/2171 2335/2118/2171 2334/2117/2171
f 2335/2118/2172 2336/2119/2172 2337/2120/2172
f 2338/2121/2173 2337/2120/2173 2336/2119/2173
f 2341/1961/2031 2340/1962/2031 2339/1963/2031
f 2342/1964/2031 2339/1963/2031 2340/1962/2031
f 2345/1965/2174 2344/1966/2174 2343/1963/2174
f 2344/1966/2175 2346/1967/2175 2343/1963/2175
f 2346/1967/2176 2347/1961/2176 2343/1963/2176
f 2346/1967/2177 2348/1968/2177 2347/1961/2177
f 2348/1968/2178 2349/1969/2178 2347/1961/2178
f 2352/1970/2179 2351/1971/2179 2350/1972/2179
f 2353/1973/2180 2350/1972/2180 2351/1971/2180
f 2351/1971/2181 2352/1970/2181 2354/1974/2181
f 2355/1975/2182 2354/1974/2182 2352/1970/2182
f 2356/1976/2183 2354/1974/2183 2355/1975/2183
f 2356/1976/2184 2355/1975/2184 2357/1977/2184
f 2358/1978/2185 2357/1977/2185 2355/1975/2185
f 2356/1976/2186 2357/1977/2186 2359/1979/2186
f 2360/1980/2186 2359/1979/2186 2357/1977/2186
f 2360/1980/2187 2362/1981/2187 2361/1982/2187
f 2363/1983/2188 2361/1982/2188 2362/1981/2188
f 2366/1984/2189 2365/1985/2189 2364/1986/2189
f 2365/1985/2190 2367/1987/2190 2364/1986/2190
f 2367/1987/2191 2368/1988/2191 2364/1986/2191
f 2366/1984/2192 2364/1986/2192 2369/1989/2192
f 2369/1989/2193 2370/1990/2193 2366/1984/2193
f 2371/1991/2193 2366/1984/2193 2370/1990/2193
f 2369/1989/2194 2372/1992/2194 2370/1990/2194
f 2373/1993/2195 2370/1990/2195 2372/1992/2195
f 2374/1994/2196 2373/1993/2196 2372/1992/2196
f 2377/1995/2197 2376/1996/2197 2375/1997/2197
f 2376/1996/2198 2378/1998/2198 2375/1997/2198
f 2378/1998/2199 2379/1999/2199 2375/1997/2199
f 2379/1999/2200 2378/1998/2200 2380/1969/2200
f 2380/1969/2201 2381/1968/2201 2379/1999/2201
f 2381/1968/2202 2382/1967/2202 2379/1999/2202
f 2382/1967/2203 2383/1966/2203 2379/1999/2203
f 2383/1966/2204 2384/1965/2204 2379/1999/2204
f 2387/2000/2205 2386/2001/2205 2385/1977/2205
f 2387/2000/2206 2388/2002/2206 2386/2001/2206
f 2389/2003/2207 2386/2001/2207 2388/2002/2207
f 2385/1977/2208 2390/2004/2208 2387/2000/2208
f 2390/2004/2209 2385/1977/2209 2391/1978/2209
f 2386/2001/2210 2392/2005/2210 2385/1977/2210
f 2393/1980/2211 2385/1977/2211 2392/2005/2211
f 2394/1981/2212 2393/1980/2212 2392/2005/2212
f 2392/2005/2213 2395/2006/2213 2394/1981/2213
f 2398/2007/2128 2397/2008/2128 2396/2006/2128
f 2399/1981/2214 2396/2006/2214 2397/2008/2214
f 2402/2006/2129 2401/2009/2129 2400/2007/2129
f 2401/2009/2215 2402/2006/2215 2403/2010/2215
f 2406/1997/2216 2405/1999/2216 2404/2002/2216
f 2407/2003/2217 2404/2002/2217 2405/1999/2217
f 2404/2002/2218 2408/2000/2218 2406/1997/2218
f 2409/1995/2219 2406/1997/2219 2408/2000/2219
f 2408/2000/2220 2410/2004/2220 2409/1995/2220
f 2411/1996/2221 2409/1995/2221 2410/2004/2221
f 2410/2004/2222 2412/1978/2222 2411/1996/2222
f 2413/1998/2223 2411/1996/2223 2412/1978/2223
f 2416/2011/2224 2415/2012/2224 2414/2006/2224
f 2417/2005/2225 2416/2011/2225 2414/2006/2225
f 2418/2013/2226 2416/2011/2226 2417/2005/2226
f 2419/2001/2227 2418/2013/2227 2417/2005/2227
f 2422/2010/2228 2421/2006/2228 2420/2012/2228
f 2425/2014/2031 2424/2015/2031 2423/2016/2031
f 2426/2017/2031 2423/2016/2031 2424/2015/2031
f 2429/2018/2229 2428/2019/2229 2427/2016/2229
f 2430/2020/2230 2429/2018/2230 2427/2016/2230
f 2431/2017/2231 2430/2020/2231 2427/2016/2231
f 2432/2021/2232 2430/2020/2232 2431/2017/2232
f 2433/2022/2233 2432/2021/2233 2431/2017/2233
f 2436/2023/2234 2435/2024/2234 2434/2025/2234
f 2437/2026/2235 2434/2025/2235 2435/2024/2235
f 2435/2024/2236 2438/2027/2236 2437/2026/2236
f 2439/2028/2237 2437/2026/2237 2438/2027/2237
f 2438/2027/2238 2440/2029/2238 2439/2028/2238
f 2440/2029/2239 2441/2030/2239 2439/2028/2239
f 2442/2031/2240 2439/2028/2240 2441/2030/2240
f 2440/2029/2241 2443/2032/2241 2441/2030/2241
f 2444/2033/2241 2441/2030/2241 2443/2032/2241
f 2444/2033/2242 2446/2034/2242 2445/2035/2242
f 2447/2036/2243 2445/2035/2243 2446/2034/2243
f 2450/2037/2244 2449/2038/2244 2448/2039/2244
f 2451/2040/2245 2450/2037/2245 2448/2039/2245
f 2452/2041/2246 2451/2040/2246 2448/2039/2246
f 2448/2039/2247 2449/2038/2247 2453/2042/2247
f 2453/2042/2248 2449/2038/2248 2454/2043/2248
f 2455/2044/2248 2454/2043/2248 2449/2038/2248
f 2456/2045/2249 2453/2042/2249 2454/2043/2249
f 2454/2043/2250 2457/2046/2250 2456/2045/2250
f 2457/2046/2251 2458/2047/2251 2456/2045/2251
f 2461/2048/2252 2460/2049/2252 2459/2050/2252
f 2460/2049/2253 2462/2051/2253 2459/2050/2253
f 2462/2051/2254 2463/2052/2254 2459/2050/2254
f 2460/2049/2255 2461/2048/2255 2464/2022/2255
f 2465/2021/2256 2464/2022/2256 2461/2048/2256
f 2466/2020/2257 2465/2021/2257 2461/2048/2257
f 2467/2018/2258 2466/2020/2258 2461/2048/2258
f 2468/2019/2259 2467/2018/2259 2461/2048/2259
f 2471/2053/2260 2470/2054/2260 2469/2030/2260
f 2472/2055/2261 2470/2054/2261 2471/2053/2261
f 2471/2053/2262 2473/2056/2262 2472/2055/2262
f 2474/2057/2263 2469/2030/2263 2470/2054/2263
f 2469/2030/2264 2474/2057/2264 2475/2031/2264
f 2471/2053/2265 2469/2030/2265 2476/2058/2265
f 2477/2033/2266 2476/2058/2266 2469/2030/2266
f 2477/2033/2267 2478/2035/2267 2476/2058/2267
f 2479/2059/2268 2476/2058/2268 2478/2035/2268
f 2482/2035/2269 2481/2060/2269 2480/2059/2269
f 2483/2061/2071 2480/2059/2071 2481/2060/2071
f 2486/2062/2073 2485/2059/2073 2484/2061/2073
f 2485/2059/2270 2486/2062/2270 2487/2063/2270
f 2490/2056/2271 2489/2048/2271 2488/2055/2271
f 2491/2050/2272 2488/2055/2272 2489/2048/2272
f 2488/2055/2273 2491/2050/2273 2492/2054/2273
f 2493/2052/2274 2492/2054/2274 2491/2050/2274
f 2492/2054/2275 2493/2052/2275 2494/2057/2275
f 2495/2051/2276 2494/2057/2276 2493/2052/2276
f 2494/2057/2277 2495/2051/2277 2496/2031/2277
f 2497/2049/2278 2496/2031/2278 2495/2051/2278
f 2500/2064/2279 2499/2065/2279 2498/2059/2279
f 2499/2065/2280 2501/2058/2280 2498/2059/2280
f 2499/2065/2281 2502/2066/2281 2501/2058/2281
f 2502/2066/2282 2503/2053/2282 2501/2058/2282
f 2506/2064/2283 2505/2067/2283 2504/2012/2283
f 2507/2068/2283 2504/2012/2283 2505/2067/2283
f 2505/2067/17 2508/2069/17 2507/2068/17
f 2509/2070/17 2507/2068/17 2508/2069/17
f 2512/2064/2284 2511/2012/2284 2510/2065/2284
f 2513/2011/2284 2510/2065/2284 2511/2012/2284
f 2516/2059/2285 2515/2063/2285 2514/2064/2285
f 2519/1992/2031 2518/2045/2031 2517/1994/2031
f 2520/2047/2031 2517/1994/2031 2518/2045/2031
f 2523/2071/2286 2522/2072/2286 2521/2073/2286
f 2522/2072/2287 2524/2074/2287 2521/2073/2287
f 2525/2075/2284 2523/2071/2284 2521/2073/2284
f 2524/2074/2284 2526/2076/2284 2521/2073/2284
f 2527/2077/2284 2525/2075/2284 2521/2073/2284
f 2528/2078/2288 2527/2077/2288 2521/2073/2288
f 2529/2079/2289 2528/2078/2289 2521/2073/2289
f 2526/2076/2284 2530/2080/2284 2521/2073/2284
f 2529/2079/2290 2521/2073/2290 2531/2081/2290
f 2531/2081/2284 2521/2073/2284 2530/2080/2284
f 2532/2082/2291 2529/2079/2291 2531/2081/2291
f 2533/2083/2292 2532/2082/2292 2531/2081/2292
f 2534/2084/2284 2533/2083/2284 2531/2081/2284
f 2535/2085/2293 2531/2081/2293 2530/2080/2293
f 2536/2086/2294 2535/2085/2294 2530/2080/2294
f 2537/2087/2284 2536/2086/2284 2530/2080/2284
f 2540/2088/2151 2539/2089/2151 2538/2090/2151
f 2539/2089/2295 2540/2088/2295 2541/2091/2295
f 2542/2092/2151 2538/2090/2151 2539/2089/2151
f 2538/2090/2296 2542/2092/2296 2543/2093/2296
f 2544/2094/2296 2543/2093/2296 2542/2092/2296
f 2545/2095/2297 2541/2091/2297 2540/2088/2297
f 2541/2091/2153 2545/2095/2153 2546/2096/2153
f 2547/2097/2152 2546/2096/2152 2545/2095/2152
f 2546/2096/2298 2547/2097/2298 2548/2098/2298
f 2549/2099/2298 2548/2098/2298 2547/2097/2298
f 2548/2098/2171 2549/2099/2171 2550/2100/2171
f 2551/2101/2171 2550/2100/2171 2549/2099/2171
f 2550/2100/2170 2551/2101/2170 2552/2102/2170
f 2553/2103/2170 2552/2102/2170 2551/2101/2170
f 2552/2102/2169 2553/2103/2169 2554/2104/2169
f 2555/2105/2169 2554/2104/2169 2553/2103/2169
f 2554/2104/2166 2555/2105/2166 2556/2106/2166
f 2557/2107/2167 2556/2106/2167 2555/2105/2167
f 2556/2106/2299 2557/2107/2299 2558/2108/2299
f 2559/2109/2165 2558/2108/2165 2557/2107/2165
f 2558/2108/2300 2559/2109/2300 2560/2110/2300
f 2561/2111/2300 2560/2110/2300 2559/2109/2300
f 2560/2110/2161 2561/2111/2161 2562/2112/2161
f 2563/2113/2161 2562/2112/2161 2561/2111/2161
f 2562/2112/2301 2563/2113/2301 2564/2114/2301
f 2565/2115/2302 2564/2114/2302 2563/2113/2302
f 2564/2114/2303 2565/2115/2303 2566/2116/2303
f 2567/2117/2303 2566/2116/2303 2565/2115/2303
f 2566/2116/2304 2567/2117/2304 2568/2118/2304
f 2569/2119/2304 2568/2118/2304 2567/2117/2304
f 2568/2118/2305 2569/2119/2305 2570/2120/2305
f 2571/2121/2157 2570/2120/2157 2569/2119/2157
f 2574/2122/2031 2573/2123/2031 2572/2124/2031
f 2575/2125/2031 2572/2124/2031 2573/2123/2031
f 2578/2126/2306 2577/2127/2306 2576/2124/2306
f 2577/2127/2307 2579/2128/2307 2576/2124/2307
f 2579/2128/2308 2580/2122/2308 2576/2124/2308
f 2579/2128/2309 2581/2129/2309 2580/2122/2309
f 2581/2129/2310 2582/2130/2310 2580/2122/2310
f 2585/2131/2311 2584/2132/2311 2583/2133/2311
f 2586/2134/2312 2583/2133/2312 2584/2132/2312
f 2584/2132/2313 2585/2131/2313 2587/2135/2313
f 2588/2136/2314 2587/2135/2314 2585/2131/2314
f 2589/2137/2315 2587/2135/2315 2588/2136/2315
f 2589/2137/2316 2588/2136/2316 2590/2138/2316
f 2591/2139/2317 2590/2138/2317 2588/2136/2317
f 2589/2137/2318 2590/2138/2318 2592/2140/2318
f 2593/2141/2318 2592/2140/2318 2590/2138/2318
f 2593/2141/2319 2595/2142/2319 2594/2143/2319
f 2596/2144/2320 2594/2143/2320 2595/2142/2320
f 2599/2145/2321 2598/2146/2321 2597/2147/2321
f 2598/2146/2322 2600/2148/2322 2597/2147/2322
f 2600/2148/2323 2601/2149/2323 2597/2147/2323
f 2599/2145/2324 2597/2147/2324 2602/2150/2324
f 2602/2150/2325 2603/2151/2325 2599/2145/2325
f 2604/2152/2326 2599/2145/2326 2603/2151/2326
f 2602/2150/2327 2605/2153/2327 2603/2151/2327
f 2606/2154/2328 2603/2151/2328 2605/2153/2328
f 2607/2155/2329 2606/2154/2329 2605/2153/2329
f 2610/2156/2330 2609/2157/2330 2608/2158/2330
f 2609/2157/2331 2611/2159/2331 2608/2158/2331
f 2611/2159/2332 2612/2160/2332 2608/2158/2332
f 2612/2160/2333 2611/2159/2333 2613/2130/2333
f 2613/2130/2334 2614/2129/2334 2612/2160/2334
f 2614/2129/2335 2615/2128/2335 2612/2160/2335
f 2615/2128/2336 2616/2127/2336 2612/2160/2336
f 2616/2127/2337 2617/2126/2337 2612/2160/2337
f 2620/2161/2338 2619/2162/2338 2618/2138/2338
f 2620/2161/2339 2621/2163/2339 2619/2162/2339
f 2622/2164/2340 2619/2162/2340 2621/2163/2340
f 2618/2138/2341 2623/2165/2341 2620/2161/2341
f 2623/2165/2342 2618/2138/2342 2624/2139/2342
f 2619/2162/2343 2625/2166/2343 2618/2138/2343
f 2626/2141/2344 2618/2138/2344 2625/2166/2344
f 2627/2142/2345 2626/2141/2345 2625/2166/2345
f 2625/2166/2346 2628/2167/2346 2627/2142/2346
f 2631/2168/2347 2630/2169/2347 2629/2167/2347
f 2632/2142/2348 2629/2167/2348 2630/2169/2348
f 2635/2167/2349 2634/2170/2349 2633/2168/2349
f 2634/2170/2350 2635/2167/2350 2636/2171/2350
f 2639/2158/2351 2638/2160/2351 2637/2163/2351
f 2640/2164/2352 2637/2163/2352 2638/2160/2352
f 2637/2163/2353 2641/2161/2353 2639/2158/2353
f 2642/2156/2354 2639/2158/2354 2641/2161/2354
f 2641/2161/2355 2643/2165/2355 2642/2156/2355
f 2644/2157/2356 2642/2156/2356 2643/2165/2356
f 2643/2165/2357 2645/2139/2357 2644/2157/2357
f 2646/2159/2357 2644/2157/2357 2645/2139/2357
f 2649/2172/2358 2648/2173/2358 2647/2167/2358
f 2650/2166/2359 2649/2172/2359 2647/2167/2359
f 2651/2174/2360 2649/2172/2360 2650/2166/2360
f 2652/2162/2361 2651/2174/2361 2650/2166/2361
f 2655/2171/2362 2654/2167/2362 2653/2173/2362
f 2658/2175/2031 2657/2176/2031 2656/2177/2031
f 2659/2178/2031 2656/2177/2031 2657/2176/2031
f 2662/2179/2363 2661/2180/2363 2660/2177/2363
f 2663/2181/2364 2662/2179/2364 2660/2177/2364
f 2664/2178/2365 2663/2181/2365 2660/2177/2365
f 2665/2182/2366 2663/2181/2366 2664/2178/2366
f 2666/2183/2367 2665/2182/2367 2664/2178/2367
f 2669/2184/2368 2668/2185/2368 2667/2186/2368
f 2670/2187/2369 2667/2186/2369 2668/2185/2369
f 2668/2185/2370 2671/2188/2370 2670/2187/2370
f 2672/2189/2371 2670/2187/2371 2671/2188/2371
f 2671/2188/2372 2673/2190/2372 2672/2189/2372
f 2673/2190/2373 2674/2191/2373 2672/2189/2373
f 2675/2192/2374 2672/2189/2374 2674/2191/2374
f 2673/2190/2375 2676/2193/2375 2674/2191/2375
f 2677/2194/2375 2674/2191/2375 2676/2193/2375
f 2677/2194/2376 2679/2195/2376 2678/2196/2376
f 2680/2197/2377 2678/2196/2377 2679/2195/2377
f 2683/2198/2378 2682/2199/2378 2681/2200/2378
f 2684/2201/2379 2683/2198/2379 2681/2200/2379
f 2685/2202/2380 2684/2201/2380 2681/2200/2380
f 2681/2200/2381 2682/2199/2381 2686/2203/2381
f 2686/2203/2382 2682/2199/2382 2687/2204/2382
f 2688/2205/2383 2687/2204/2383 2682/2199/2383
f 2689/2206/2384 2686/2203/2384 2687/2204/2384
f 2687/2204/2385 2690/2207/2385 2689/2206/2385
f 2690/2207/2386 2691/2208/2386 2689/2206/2386
f 2694/2209/2387 2693/2210/2387 2692/2211/2387
f 2693/2210/2388 2695/2212/2388 2692/2211/2388
f 2695/2212/2389 2696/2213/2389 2692/2211/2389
f 2693/2210/2390 2694/2209/2390 2697/2183/2390
f 2698/2182/2391 2697/2183/2391 2694/2209/2391
f 2699/2181/2392 2698/2182/2392 2694/2209/2392
f 2700/2179/2393 2699/2181/2393 2694/2209/2393
f 2701/2180/2394 2700/2179/2394 2694/2209/2394
f 2704/2214/2395 2703/2215/2395 2702/2191/2395
f 2705/2216/2396 2703/2215/2396 2704/2214/2396
f 2704/2214/2397 2706/2217/2397 2705/2216/2397
f 2707/2218/2398 2702/2191/2398 2703/2215/2398
f 2702/2191/2399 2707/2218/2399 2708/2192/2399
f 2704/2214/2400 2702/2191/2400 2709/2219/2400
f 2710/2194/2401 2709/2219/2401 2702/2191/2401
f 2710/2194/2402 2711/2196/2402 2709/2219/2402
f 2712/2220/2403 2709/2219/2403 2711/2196/2403
f 2715/2196/2404 2714/2221/2404 2713/2220/2404
f 2716/2222/2405 2713/2220/2405 2714/2221/2405
f 2719/2223/2406 2718/2220/2406 2717/2222/2406
f 2718/2220/2407 2719/2223/2407 2720/2224/2407
f 2723/2217/2408 2722/2209/2408 2721/2216/2408
f 2724/2211/2409 2721/2216/2409 2722/2209/2409
f 2721/2216/2410 2724/2211/2410 2725/2215/2410
f 2726/2213/2411 2725/2215/2411 2724/2211/2411
f 2725/2215/2412 2726/2213/2412 2727/2218/2412
f 2728/2212/2412 2727/2218/2412 2726/2213/2412
f 2727/2218/2413 2728/2212/2413 2729/2192/2413
f 2730/2210/2414 2729/2192/2414 2728/2212/2414
f 2733/2225/2415 2732/2226/2415 2731/2220/2415
f 2732/2226/2416 2734/2219/2416 2731/2220/2416
f 2732/2226/2417 2735/2227/2417 2734/2219/2417
f 2735/2227/2418 2736/2214/2418 2734/2219/2418
f 2739/2225/2419 2738/2228/2419 2737/2173/2419
f 2740/2229/2420 2737/2173/2420 2738/2228/2420
f 2738/2228/17 2741/2230/17 2740/2229/17
f 2742/2231/17 2740/2229/17 2741/2230/17
f 2745/2225/2421 2744/2173/2421 2743/2226/2421
f 2746/2172/2421 2743/2226/2421 2744/2173/2421
f 2749/2220/2422 2748/2224/2422 2747/2225/2422
f 2752/2153/2031 2751/2206/2031 2750/2155/2031
f 2753/2208/2031 2750/2155/2031 2751/2206/2031
f 2756/2071/2423 2755/2072/2423 2754/2073/2423
f 2755/2072/2424 2757/2074/2424 2754/2073/2424
f 2758/2075/2421 2756/2071/2421 2754/2073/2421
f 2757/2074/2421 2759/2076/2421 2754/2073/2421
f 2760/2077/2421 2758/2075/2421 2754/2073/2421
f 2761/2078/2425 2760/2077/2425 2754/2073/2425
f 2762/2079/2426 2761/2078/2426 2754/2073/2426
f 2759/2076/2421 2763/2080/2421 2754/2073/2421
f 2762/2079/2421 2754/2073/2421 2764/2081/2421
f 2764/2081/2421 2754/2073/2421 2763/2080/2421
f 2765/2082/2427 2762/2079/2427 2764/2081/2427
f 2766/2083/2428 2765/2082/2428 2764/2081/2428
f 2767/2084/2429 2766/2083/2429 2764/2081/2429
f 2768/2085/2430 2764/2081/2430 2763/2080/2430
f 2769/2086/2431 2768/2085/2431 2763/2080/2431
f 2770/2087/2421 2769/2086/2421 2763/2080/2421
f 2773/2088/2432 2772/2089/2432 2771/2090/2432
f 2772/2089/2433 2773/2088/2433 2774/2091/2433
f 2775/2092/2432 2771/2090/2432 2772/2089/2432
f 2771/2090/2434 2775/2092/2434 2776/2093/2434
f 2777/2094/2434 2776/2093/2434 2775/2092/2434
f 2778/2095/2435 2774/2091/2435 2773/2088/2435
f 2774/2091/2436 2778/2095/2436 2779/2096/2436
f 2780/2097/2437 2779/2096/2437 2778/2095/2437
f 2779/2096/2438 2780/2097/2438 2781/2098/2438
f 2782/2099/2438 2781/2098/2438 2780/2097/2438
f 2781/2098/2439 2782/2099/2439 2783/2100/2439
f 2784/2101/2439 2783/2100/2439 2782/2099/2439
f 2783/2100/2440 2784/2101/2440 2785/2102/2440
f 2786/2103/2440 2785/2102/2440 2784/2101/2440
f 2785/2102/2441 2786/2103/2441 2787/2104/2441
f 2788/2105/2441 2787/2104/2441 2786/2103/2441
f 2787/2104/2442 2788/2105/2442 2789/2106/2442
f 2790/2107/2443 2789/2106/2443 2788/2105/2443
f 2789/2106/2444 2790/2107/2444 2791/2108/2444
f 2792/2109/2445 2791/2108/2445 2790/2107/2445
f 2791/2108/2446 2792/2109/2446 2793/2110/2446
f 2794/2111/2446 2793/2110/2446 2792/2109/2446
f 2793/2110/2447 2794/2111/2447 2795/2112/2447
f 2796/2113/2447 2795/2112/2447 2794/2111/2447
f 2795/2112/2448 2796/2113/2448 2797/2114/2448
f 2798/2115/2449 2797/2114/2449 2796/2113/2449
f 2797/2114/2450 2798/2115/2450 2799/2116/2450
f 2800/2117/2451 2799/2116/2451 2798/2115/2451
f 2799/2116/2452 2800/2117/2452 2801/2118/2452
f 2802/2119/2453 2801/2118/2453 2800/2117/2453
f 2801/2118/2454 2802/2119/2454 2803/2120/2454
f 2804/2121/2455 2803/2120/2455 2802/2119/2455
f 2807/2122/2031 2806/2123/2031 2805/2124/2031
f 2808/2125/2031 2805/2124/2031 2806/2123/2031
f 2811/2126/2456 2810/2127/2456 2809/2124/2456
f 2810/2127/2457 2812/2128/2457 2809/2124/2457
f 2812/2128/2458 2813/2122/2458 2809/2124/2458
f 2812/2128/2459 2814/2129/2459 2813/2122/2459
f 2814/2129/2460 2815/2130/2460 2813/2122/2460
f 2818/2131/2461 2817/2132/2461 2816/2232/2461
f 2819/2134/2462 2816/2232/2462 2817/2132/2462
f 2817/2132/2463 2818/2131/2463 2820/2135/2463
f 2821/2136/2464 2820/2135/2464 2818/2131/2464
f 2822/2137/2465 2820/2135/2465 2821/2136/2465
f 2822/2137/2466 2821/2136/2466 2823/2138/2466
f 2824/2139/2467 2823/2138/2467 2821/2136/2467
f 2822/2137/2468 2823/2138/2468 2825/2140/2468
f 2826/2233/2468 2825/2140/2468 2823/2138/2468
f 2826/2233/2469 2828/2142/2469 2827/2143/2469
f 2829/2144/2470 2827/2143/2470 2828/2142/2470
f 2832/2145/2471 2831/2146/2471 2830/2147/2471
f 2831/2146/2472 2833/2148/2472 2830/2147/2472
f 2833/2148/2473 2834/2149/2473 2830/2147/2473
f 2832/2145/2474 2830/2147/2474 2835/2150/2474
f 2835/2150/2475 2836/2151/2475 2832/2145/2475
f 2837/2152/2476 2832/2145/2476 2836/2151/2476
f 2835/2150/2477 2838/2153/2477 2836/2151/2477
f 2839/2154/2478 2836/2151/2478 2838/2153/2478
f 2840/2155/2479 2839/2154/2479 2838/2153/2479
f 2843/2156/2480 2842/2157/2480 2841/2158/2480
f 2842/2157/2481 2844/2159/2481 2841/2158/2481
f 2844/2159/2482 2845/2160/2482 2841/2158/2482
f 2845/2160/2483 2844/2159/2483 2846/2130/2483
f 2846/2130/2484 2847/2129/2484 2845/2160/2484
f 2847/2129/2485 2848/2128/2485 2845/2160/2485
f 2848/2128/2486 2849/2127/2486 2845/2160/2486
f 2849/2127/2487 2850/2126/2487 2845/2160/2487
f 2853/2161/2488 2852/2162/2488 2851/2138/2488
f 2853/2161/2489 2854/2163/2489 2852/2162/2489
f 2855/2164/2490 2852/2162/2490 2854/2163/2490
f 2851/2138/2491 2856/2165/2491 2853/2161/2491
f 2856/2165/2492 2851/2138/2492 2857/2139/2492
f 2852/2162/2493 2858/2166/2493 2851/2138/2493
f 2859/2233/2494 2851/2138/2494 2858/2166/2494
f 2860/2142/2495 2859/2233/2495 2858/2166/2495
f 2858/2166/2496 2861/2167/2496 2860/2142/2496
f 2864/2168/2497 2863/2169/2497 2862/2167/2497
f 2865/2142/2498 2862/2167/2498 2863/2169/2498
f 2868/2167/2499 2867/2170/2499 2866/2168/2499
f 2867/2170/2500 2868/2167/2500 2869/2171/2500
f 2872/2158/2501 2871/2160/2501 2870/2163/2501
f 2873/2164/2502 2870/2163/2502 2871/2160/2502
f 2870/2163/2503 2874/2161/2503 2872/2158/2503
f 2875/2156/2504 2872/2158/2504 2874/2161/2504
f 2874/2161/2505 2876/2165/2505 2875/2156/2505
f 2877/2157/2505 2875/2156/2505 2876/2165/2505
f 2876/2165/2506 2878/2139/2506 2877/2157/2506
f 2879/2159/2507 2877/2157/2507 2878/2139/2507
f 2882/2234/2508 2881/2235/2508 2880/2167/2508
f 2883/2166/2509 2882/2234/2509 2880/2167/2509
f 2884/2174/2510 2882/2234/2510 2883/2166/2510
f 2885/2162/2511 2884/2174/2511 2883/2166/2511
f 2888/2171/2512 2887/2167/2512 2886/2235/2512
f 2891/2175/2031 2890/2236/2031 2889/2177/2031
f 2892/2178/2031 2889/2177/2031 2890/2236/2031
f 2895/2179/2513 2894/2180/2513 2893/2177/2513
f 2896/2237/2514 2895/2179/2514 2893/2177/2514
f 2897/2178/2515 2896/2237/2515 2893/2177/2515
f 2898/2238/2516 2896/2237/2516 2897/2178/2516
f 2899/2183/2517 2898/2238/2517 2897/2178/2517
f 2902/2184/2518 2901/2239/2518 2900/2186/2518
f 2903/2187/2519 2900/2186/2519 2901/2239/2519
f 2901/2239/2520 2904/2188/2520 2903/2187/2520
f 2905/2240/2521 2903/2187/2521 2904/2188/2521
f 2904/2188/2522 2906/2190/2522 2905/2240/2522
f 2906/2190/2523 2907/2191/2523 2905/2240/2523
f 2908/2192/2524 2905/2240/2524 2907/2191/2524
f 2906/2190/2525 2909/2241/2525 2907/2191/2525
f 2910/2194/2525 2907/2191/2525 2909/2241/2525
f 2910/2194/2526 2912/2242/2526 2911/2196/2526
f 2913/2197/2527 2911/2196/2527 2912/2242/2527
f 2916/2198/2528 2915/2199/2528 2914/2200/2528
f 2917/2201/2529 2916/2198/2529 2914/2200/2529
f 2918/2202/2530 2917/2201/2530 2914/2200/2530
f 2914/2200/2531 2915/2199/2531 2919/2203/2531
f 2919/2203/2532 2915/2199/2532 2920/2204/2532
f 2921/2205/2533 2920/2204/2533 2915/2199/2533
f 2922/2206/2534 2919/2203/2534 2920/2204/2534
f 2920/2204/2535 2923/2207/2535 2922/2206/2535
f 2923/2207/2536 2924/2208/2536 2922/2206/2536
f 2927/2209/2537 2926/2243/2537 2925/2211/2537
f 2926/2243/2538 2928/2212/2538 2925/2211/2538
f 2928/2212/2539 2929/2213/2539 2925/2211/2539
f 2926/2243/2540 2927/2209/2540 2930/2183/2540
f 2931/2238/2541 2930/2183/2541 2927/2209/2541
f 2932/2237/2542 2931/2238/2542 2927/2209/2542
f 2933/2179/2543 2932/2237/2543 2927/2209/2543
f 2934/2180/2544 2933/2179/2544 2927/2209/2544
f 2937/2214/2545 2936/2244/2545 2935/2191/2545
f 2938/2245/2546 2936/2244/2546 2937/2214/2546
f 2937/2214/2547 2939/2217/2547 2938/2245/2547
f 2940/2218/2548 2935/2191/2548 2936/2244/2548
f 2935/2191/2549 2940/2218/2549 2941/2192/2549
f 2937/2214/2550 2935/2191/2550 2942/2219/2550
f 2943/2194/2551 2942/2219/2551 2935/2191/2551
f 2943/2194/2552 2944/2196/2552 2942/2219/2552
f 2945/2220/2553 2942/2219/2553 2944/2196/2553
f 2948/2196/2554 2947/2246/2554 2946/2220/2554
f 2949/2222/2347 2946/2220/2347 2947/2246/2347
f 2952/2223/2349 2951/2220/2349 2950/2222/2349
f 2951/2220/2555 2952/2223/2555 2953/2224/2555
f 2956/2217/2556 2955/2209/2556 2954/2245/2556
f 2957/2211/2557 2954/2245/2557 2955/2209/2557
f 2954/2245/2558 2957/2211/2558 2958/2244/2558
f 2959/2213/2559 2958/2244/2559 2957/2211/2559
f 2958/2244/2560 2959/2213/2560 2960/2218/2560
f 2961/2212/2561 2960/2218/2561 2959/2213/2561
f 2960/2218/2562 2961/2212/2562 2962/2192/2562
f 2963/2243/2562 2962/2192/2562 2961/2212/2562
f 2966/2225/2563 2965/2226/2563 2964/2220/2563
f 2965/2226/2564 2967/2219/2564 2964/2220/2564
f 2965/2226/2565 2968/2227/2565 2967/2219/2565
f 2968/2227/2566 2969/2214/2566 2967/2219/2566
f 2972/2225/2567 2971/2228/2567 2970/2235/2567
f 2973/2229/2568 2970/2235/2568 2971/2228/2568
f 2971/2228/17 2974/2247/17 2973/2229/17
f 2975/2248/17 2973/2229/17 2974/2247/17
f 2978/2225/2569 2977/2235/2569 2976/2226/2569
f 2979/2234/2569 2976/2226/2569 2977/2235/2569
f 2982/2220/2570 2981/2224/2570 2980/2225/2570
f 2985/2153/2031 2984/2206/2031 2983/2155/2031
f 2986/2208/2031 2983/2155/2031 2984/2206/2031
f 2989/2071/2569 2988/2072/2569 2987/2073/2569
f 2988/2072/2569 2990/2074/2569 2987/2073/2569
f 2991/2075/2569 2989/2071/2569 2987/2073/2569
f 2990/2074/2569 2992/2076/2569 2987/2073/2569
f 2993/2077/2571 2991/2075/2571 2987/2073/2571
f 2994/2078/2572 2993/2077/2572 2987/2073/2572
f 2995/2079/2569 2994/2078/2569 2987/2073/2569
f 2992/2076/2569 2996/2080/2569 2987/2073/2569
f 2995/2079/2569 2987/2073/2569 2997/2081/2569
f 2997/2081/2569 2987/2073/2569 2996/2080/2569
f 2998/2082/2569 2995/2079/2569 2997/2081/2569
f 2999/2083/2573 2998/2082/2573 2997/2081/2573
f 3000/2084/2574 2999/2083/2574 2997/2081/2574
f 3001/2085/2569 2997/2081/2569 2996/2080/2569
f 3002/2086/2569 3001/2085/2569 2996/2080/2569
f 3003/2087/2569 3002/2086/2569 2996/2080/2569
f 3006/2088/2575 3005/2089/2575 3004/2090/2575
f 3005/2089/2432 3006/2088/2432 3007/2091/2432
f 3008/2092/2575 3004/2090/2575 3005/2089/2575
f 3004/2090/2437 3008/2092/2437 3009/2093/2437
f 3010/2094/2576 3009/2093/2576 3008/2092/2576
f 3011/2095/2432 3007/2091/2432 3006/2088/2432
f 3007/2091/2434 3011/2095/2434 3012/2096/2434
f 3013/2097/2434 3012/2096/2434 3011/2095/2434
f 3012/2096/2455 3013/2097/2455 3014/2098/2455
f 3015/2099/2455 3014/2098/2455 3013/2097/2455
f 3014/2098/2577 3015/2099/2577 3016/2100/2577
f 3017/2101/2577 3016/2100/2577 3015/2099/2577
f 3016/2100/2451 3017/2101/2451 3018/2102/2451
f 3019/2103/2451 3018/2102/2451 3017/2101/2451
f 3018/2102/2578 3019/2103/2578 3020/2104/2578
f 3021/2105/2578 3020/2104/2578 3019/2103/2578
f 3020/2104/2447 3021/2105/2447 3022/2106/2447
f 3023/2107/2447 3022/2106/2447 3021/2105/2447
f 3022/2106/2446 3023/2107/2446 3024/2108/2446
f 3025/2109/2446 3024/2108/2446 3023/2107/2446
f 3024/2108/2445 3025/2109/2445 3026/2110/2445
f 3027/2111/2445 3026/2110/2445 3025/2109/2445
f 3026/2110/2442 3027/2111/2442 3028/2112/2442
f 3029/2113/2443 3028/2112/2443 3027/2111/2443
f 3028/2112/2579 3029/2113/2579 3030/2114/2579
f 3031/2115/2441 3030/2114/2441 3029/2113/2441
f 3030/2114/2440 3031/2115/2440 3032/2116/2440
f 3033/2117/2440 3032/2116/2440 3031/2115/2440
f 3032/2116/2439 3033/2117/2439 3034/2118/2439
f 3035/2119/2439 3034/2118/2439 3033/2117/2439
f 3034/2118/2580 3035/2119/2580 3036/2120/2580
f 3037/2121/2581 3036/2120/2581 3035/2119/2581
f 3040/2249/2582 3039/2250/2582 3038/2251/2582
f 3042/2252/2583 3041/2253/2583 3040/2249/2583
f 3039/2250/2584 3040/2249/2584 3041/2253/2584
f 3041/2253/2585 3043/2254/2585 3039/2250/2585
f 3044/2255/2582 3038/2251/2582 3039/2250/2582
f 3038/2251/2586 3044/2255/2586 3045/2256/2586
f 3046/2257/2587 3039/2250/2587 3043/2254/2587
f 3043/2254/2588 3047/2258/2588 3046/2257/2588
f 3039/2250/2582 3048/2259/2582 3044/2255/2582
f 3048/2259/2589 3039/2250/2589 3046/2257/2589
f 3049/2260/2586 3045/2256/2586 3044/2255/2586
f 3045/2256/2590 3049/2260/2590 3050/2261/2590
f 3051/2262/2582 3044/2255/2582 3048/2259/2582
f 3044/2255/2586 3051/2262/2586 3049/2260/2586
f 3048/2259/2589 3046/2257/2589 3052/2263/2589
f 3048/2259/2582 3052/2263/2582 3051/2262/2582
f 3053/2264/2591 3046/2257/2591 3047/2258/2591
f 3053/2264/2592 3052/2263/2592 3046/2257/2592
f 3047/2258/2593 3054/2265/2593 3053/2264/2593
f 3055/2266/2594 3050/2261/2594 3049/2260/2594
f 3050/2261/2595 3055/2266/2595 3056/2267/2595
f 3057/2268/2586 3049/2260/2586 3051/2262/2586
f 3049/2260/2594 3057/2268/2594 3055/2266/2594
f 3058/2269/2595 3056/2267/2595 3055/2266/2595
f 3051/2262/2586 3059/2270/2586 3057/2268/2586
f 3059/2270/2582 3051/2262/2582 3052/2263/2582
f 3060/2271/2590 3055/2266/2590 3057/2268/2590
f 3055/2266/2595 3060/2271/2595 3058/2269/2595
f 3056/2267/2596 3058/2269/2596 3061/2272/2596
f 3057/2268/2594 3062/2273/2594 3060/2271/2594
f 3062/2273/2586 3057/2268/2586 3059/2270/2586
f 3052/2263/2582 3063/2274/2582 3059/2270/2582
f 3052/2263/2597 3053/2264/2597 3063/2274/2597
f 3059/2270/2586 3064/2275/2586 3062/2273/2586
f 3064/2275/2582 3059/2270/2582 3063/2274/2582
f 3065/2276/2598 3063/2274/2598 3053/2264/2598
f 3065/2276/2598 3053/2264/2598 3054/2265/2598
f 3054/2265/2599 3066/2277/2599 3065/2276/2599
f 3063/2274/2600 3065/2276/2600 3067/2278/2600
f 3063/2274/2582 3067/2278/2582 3064/2275/2582
f 3068/2279/2599 3065/2276/2599 3066/2277/2599
f 3068/2279/2601 3067/2278/2601 3065/2276/2601
f 3066/2277/2600 3069/2280/2600 3068/2279/2600
f 3070/2281/2600 3068/2279/2600 3069/2280/2600
f 3068/2279/2602 3070/2281/2602 3067/2278/2602
f 3071/2282/2603 3067/2278/2603 3070/2281/2603
f 3071/2282/2582 3072/2283/2582 3067/2278/2582
f 3073/2284/2582 3067/2278/2582 3072/2283/2582
f 3073/2284/2582 3064/2275/2582 3067/2278/2582
f 3072/2283/2604 3074/2285/2604 3073/2284/2604
f 3064/2275/2586 3073/2284/2586 3075/2286/2586
f 3075/2286/2586 3062/2273/2586 3064/2275/2586
f 3076/2287/2586 3073/2284/2586 3074/2285/2586
f 3076/2287/2586 3075/2286/2586 3073/2284/2586
f 3074/2285/2605 3077/2288/2605 3076/2287/2605
f 3062/2273/2594 3075/2286/2594 3078/2289/2594
f 3078/2289/2594 3060/2271/2594 3062/2273/2594
f 3075/2286/2594 3076/2287/2594 3079/2290/2594
f 3079/2290/2594 3078/2289/2594 3075/2286/2594
f 3080/2291/2590 3076/2287/2590 3077/2288/2590
f 3080/2291/2590 3079/2290/2590 3076/2287/2590
f 3077/2288/2606 3081/2292/2606 3080/2291/2606
f 3060/2271/2595 3078/2289/2595 3082/2293/2595
f 3082/2293/2595 3058/2269/2595 3060/2271/2595
f 3078/2289/2595 3079/2290/2595 3083/2294/2595
f 3083/2294/2595 3082/2293/2595 3078/2289/2595
f 3079/2290/2606 3080/2291/2606 3084/2295/2606
f 3084/2295/2606 3083/2294/2606 3079/2290/2606
f 3085/2296/2595 3080/2291/2595 3081/2292/2595
f 3085/2296/2595 3084/2295/2595 3080/2291/2595
f 3081/2292/2596 3086/2297/2596 3085/2296/2596
f 3087/2298/2596 3085/2296/2596 3086/2297/2596
f 3084/2295/2596 3085/2296/2596 3088/2299/2596
f 3087/2298/2596 3088/2299/2596 3085/2296/2596
f 3087/2298/2607 3086/2297/2607 3089/2300/2607
f 3087/2298/2607 3089/2300/2607 3088/2299/2607
f 3090/2301/2607 3089/2300/2607 3086/2297/2607
f 3088/2299/2596 3091/2302/2596 3084/2295/2596
f 3083/2294/2596 3084/2295/2596 3091/2302/2596
f 3092/2303/2607 3088/2299/2607 3089/2300/2607
f 3088/2299/2607 3092/2303/2607 3091/2302/2607
f 3089/2300/2608 3090/2301/2608 3093/2304/2608
f 3089/2300/2608 3093/2304/2608 3092/2303/2608
f 3094/2305/2608 3093/2304/2608 3090/2301/2608
f 3091/2302/2596 3095/2306/2596 3083/2294/2596
f 3082/2293/2596 3083/2294/2596 3095/2306/2596
f 3096/2307/2607 3091/2302/2607 3092/2303/2607
f 3091/2302/2607 3096/2307/2607 3095/2306/2607
f 3097/2308/2608 3092/2303/2608 3093/2304/2608
f 3092/2303/2608 3097/2308/2608 3096/2307/2608
f 3093/2304/2609 3094/2305/2609 3098/2309/2609
f 3093/2304/2609 3098/2309/2609 3097/2308/2609
f 3099/2310/2609 3098/2309/2609 3094/2305/2609
f 3095/2306/2596 3100/2311/2596 3082/2293/2596
f 3058/2269/2596 3082/2293/2596 3100/2311/2596
f 3100/2311/2596 3061/2272/2596 3058/2269/2596
f 3095/2306/2607 3101/2312/2607 3100/2311/2607
f 3101/2312/2607 3095/2306/2607 3096/2307/2607
f 3100/2311/2607 3102/2313/2607 3061/2272/2607
f 3102/2313/2607 3100/2311/2607 3101/2312/2607
f 3103/2314/2607 3061/2272/2607 3102/2313/2607
f 3096/2307/2608 3104/2315/2608 3101/2312/2608
f 3104/2315/2608 3096/2307/2608 3097/2308/2608
f 3101/2312/2608 3105/2316/2608 3102/2313/2608
f 3105/2316/2608 3101/2312/2608 3104/2315/2608
f 3102/2313/2608 3106/2317/2608 3103/2314/2608
f 3106/2317/2608 3102/2313/2608 3105/2316/2608
f 3107/2318/2608 3103/2314/2608 3106/2317/2608
f 3097/2308/2609 3108/2319/2609 3104/2315/2609
f 3108/2319/2609 3097/2308/2609 3098/2309/2609
f 3104/2315/2609 3109/2320/2609 3105/2316/2609
f 3109/2320/2609 3104/2315/2609 3108/2319/2609
f 3105/2316/2609 3110/2321/2609 3106/2317/2609
f 3110/2321/2609 3105/2316/2609 3109/2320/2609
f 3106/2317/2609 3111/2322/2609 3107/2318/2609
f 3111/2322/2609 3106/2317/2609 3110/2321/2609
f 3112/2323/2609 3107/2318/2609 3111/2322/2609
f 3098/2309/2610 3113/2324/2610 3108/2319/2610
f 3098/2309/2610 3099/2310/2610 3113/2324/2610
f 3114/2325/2611 3113/2324/2611 3099/2310/2611
f 3115/2326/2610 3108/2319/2610 3113/2324/2610
f 3108/2319/2610 3115/2326/2610 3109/2320/2610
f 3113/2324/2612 3114/2325/2612 3116/2327/2612
f 3113/2324/2612 3116/2327/2612 3115/2326/2612
f 3117/2328/2612 3116/2327/2612 3114/2325/2612
f 3117/2328/2613 3118/2329/2613 3116/2327/2613
f 3119/2330/2610 3109/2320/2610 3115/2326/2610
f 3109/2320/2610 3119/2330/2610 3110/2321/2610
f 3120/2331/2612 3115/2326/2612 3116/2327/2612
f 3115/2326/2612 3120/2331/2612 3119/2330/2612
f 3121/2332/2614 3116/2327/2614 3118/2329/2614
f 3118/2329/2615 3122/2333/2615 3121/2332/2615
f 3123/2334/2616 3121/2332/2616 3122/2333/2616
f 3121/2332/2617 3124/2335/2617 3116/2327/2617
f 3121/2332/2618 3123/2334/2618 3124/2335/2618
f 3120/2331/2619 3116/2327/2619 3124/2335/2619
f 3125/2336/2620 3124/2335/2620 3123/2334/2620
f 3124/2335/2621 3125/2336/2621 3126/2337/2621
f 3124/2335/2621 3126/2337/2621 3120/2331/2621
f 3127/2338/2622 3126/2337/2622 3125/2336/2622
f 3128/2339/2612 3119/2330/2612 3120/2331/2612
f 3128/2339/2623 3120/2331/2623 3126/2337/2623
f 3129/2340/2610 3110/2321/2610 3119/2330/2610
f 3119/2330/2612 3128/2339/2612 3129/2340/2612
f 3110/2321/2610 3129/2340/2610 3111/2322/2610
f 3126/2337/2624 3127/2338/2624 3130/2341/2624
f 3126/2337/2625 3130/2341/2625 3128/2339/2625
f 3131/2342/2626 3130/2341/2626 3127/2338/2626
f 3132/2343/2612 3129/2340/2612 3128/2339/2612
f 3132/2343/2627 3128/2339/2627 3130/2341/2627
f 3133/2344/2610 3111/2322/2610 3129/2340/2610
f 3129/2340/2612 3132/2343/2612 3133/2344/2612
f 3111/2322/2610 3133/2344/2610 3112/2323/2610
f 3134/2345/2610 3112/2323/2610 3133/2344/2610
f 3135/2346/2628 3133/2344/2628 3132/2343/2628
f 3135/2346/2629 3132/2343/2629 3130/2341/2629
f 3133/2344/2630 3135/2346/2630 3134/2345/2630
f 3130/2341/2631 3131/2342/2631 3135/2346/2631
f 3136/2347/2632 3134/2345/2632 3135/2346/2632
f 3137/2348/2633 3135/2346/2633 3131/2342/2633
f 3135/2346/2634 3137/2348/2634 3136/2347/2634
f 3138/2349/2635 3136/2347/2635 3137/2348/2635
f 3141/2350/2031 3140/2351/2031 3139/2352/2031
f 3141/2350/2031 3142/2353/2031 3140/2351/2031
f 3140/2351/2031 3143/2354/2031 3139/2352/2031
f 3142/2353/2031 3144/2355/2031 3140/2351/2031
f 3145/2356/2031 3143/2354/2031 3140/2351/2031
f 3144/2355/2031 3146/2357/2031 3140/2351/2031
f 3147/2358/2031 3145/2356/2031 3140/2351/2031
f 3146/2357/2031 3148/2359/2031 3140/2351/2031
f 3149/2360/2031 3147/2358/2031 3140/2351/2031
f 3148/2359/2031 3150/2361/2031 3140/2351/2031
f 3151/2362/2031 3149/2360/2031 3140/2351/2031
f 3152/2363/2031 3149/2360/2031 3151/2362/2031
f 3150/2361/2031 3153/2364/2031 3140/2351/2031
f 3154/2365/2031 3153/2364/2031 3150/2361/2031
f 3150/2361/2031 3155/2366/2031 3154/2365/2031
f 3157/2367/2031 3156/2360/2031 3152/2363/2031
f 3160/2368/17 3159/2369/17 3158/2370/17
f 3158/2370/17 3161/2371/17 3160/2368/17
f 3161/2371/17 3162/2372/17 3160/2368/17
f 3160/2368/17 3162/2372/17 3163/2373/17
f 3163/2373/17 3162/2372/17 3164/2374/17
f 3164/2374/17 3162/2372/17 3165/2375/17
f 3166/2376/17 3164/2374/17 3165/2375/17
f 3167/2377/17 3166/2376/17 3165/2375/17
f 3168/2378/17 3167/2377/17 3165/2375/17
f 3169/2379/17 3168/2378/17 3165/2375/17
f 3170/2380/17 3169/2379/17 3165/2375/17
f 3170/2380/17 3171/2381/17 3169/2379/17
f 3170/2380/17 3172/2382/17 3171/2381/17
f 3170/2380/17 3173/2383/17 3172/2382/17
f 3173/2383/17 3174/2384/17 3172/2382/17
f 3173/2383/17 3175/2385/17 3174/2384/17
f 3172/2382/17 3174/2384/17 3176/2386/17
f 3175/2385/2636 3177/2387/2636 3174/2384/2636
f 3175/2385/17 3178/2388/17 3177/2387/17
f 3177/2387/17 3179/2389/17 3174/2384/17
f 3180/2390/17 3176/2386/17 3174/2384/17
f 3174/2384/2636 3179/2389/2636 3180/2390/2636
f 3176/2386/17 3180/2390/17 3181/2391/17
f 3182/2392/1160 3180/2390/1160 3179/2389/1160
f 3183/2393/17 3181/2391/17 3180/2390/17
f 3180/2390/17 3182/2392/17 3183/2393/17
f 3181/2391/17 3183/2393/17 3184/2394/17
f 3185/2395/1160 3183/2393/1160 3182/2392/1160
f 3186/2396/17 3184/2394/17 3183/2393/17
f 3183/2393/17 3185/2395/17 3186/2396/17
f 3184/2394/17 3186/2396/17 3187/2397/17
f 3188/2398/17 3186/2396/17 3185/2395/17
f 3189/2399/17 3187/2397/17 3186/2396/17
f 3186/2396/17 3188/2398/17 3189/2399/17
f 3190/2400/17 3187/2397/17 3189/2399/17
f 3191/2401/17 3189/2399/17 3188/2398/17
f 3192/2402/17 3190/2400/17 3189/2399/17
f 3189/2399/17 3191/2401/17 3192/2402/17
f 3192/2402/17 3193/2403/17 3190/2400/17
f 3194/2404/17 3192/2402/17 3191/2401/17
f 3193/2403/17 3192/2402/17 3195/2405/17
f 3194/2404/17 3196/2406/17 3192/2402/17
f 3195/2405/17 3192/2402/17 3197/2407/17
f 3197/2407/17 3192/2402/17 3196/2406/17
f 3198/2408/17 3195/2405/17 3197/2407/17
f 3196/2406/17 3199/2409/17 3197/2407/17
f 3197/2407/17 3200/2410/17 3198/2408/17
f 3200/2410/17 3197/2407/17 3199/2409/17
f 3201/2411/17 3198/2408/17 3200/2410/17
f 3199/2409/17 3202/2412/17 3200/2410/17
f 3200/2410/17 3203/2413/17 3201/2411/17
f 3203/2413/17 3200/2410/17 3202/2412/17
f 3204/2414/17 3201/2411/17 3203/2413/17
f 3202/2412/2636 3205/2415/2636 3203/2413/2636
f 3203/2413/17 3206/2416/17 3204/2414/17
f 3206/2416/17 3203/2413/17 3205/2415/17
f 3159/2369/17 3204/2414/17 3206/2416/17
f 3205/2415/2636 3207/2417/2636 3206/2416/2636
f 3206/2416/17 3158/2370/17 3159/2369/17
f 3158/2370/1160 3206/2416/1160 3207/2417/1160
f 3207/2417/17 3208/2418/17 3158/2370/17
f 3208/2418/1160 3209/2419/1160 3158/2370/1160
f 3210/2420/17 3209/2419/17 3208/2418/17
f 3209/2419/17 3161/2371/17 3158/2370/17
f 3213/2369/2637 3212/2368/2637 3211/2421/2637
f 3214/2422/2637 3211/2421/2637 3212/2368/2637
f 3211/2421/2638 3215/2423/2638 3213/2369/2638
f 3212/2368/2639 3216/2373/2639 3214/2422/2639
f 3217/2414/2638 3213/2369/2638 3215/2423/2638
f 3218/2424/2640 3214/2422/2640 3216/2373/2640
f 3215/2423/2641 3219/2425/2641 3217/2414/2641
f 3216/2373/2642 3220/2374/2642 3218/2424/2642
f 3221/2411/2643 3217/2414/2643 3219/2425/2643
f 3222/2426/2644 3218/2424/2644 3220/2374/2644
f 3219/2425/2645 3223/2427/2645 3221/2411/2645
f 3220/2374/2646 3224/2376/2646 3222/2426/2646
f 3225/2408/2647 3221/2411/2647 3223/2427/2647
f 3226/2428/2646 3222/2426/2646 3224/2376/2646
f 3223/2427/2648 3227/2429/2648 3225/2408/2648
f 3226/2428/2649 3224/2376/2649 3228/2430/2649
f 3229/2405/2650 3225/2408/2650 3227/2429/2650
f 3230/2377/2649 3228/2430/2649 3224/2376/2649
f 3227/2429/2651 3231/2431/2651 3229/2405/2651
f 3230/2377/2649 3232/2378/2649 3228/2430/2649
f 3233/2403/2651 3229/2405/2651 3231/2431/2651
f 3234/2432/2649 3228/2430/2649 3232/2378/2649
f 3233/2403/2651 3231/2431/2651 3235/2400/2651
f 3234/2432/2652 3232/2378/2652 3236/2433/2652
f 3237/2434/2651 3235/2400/2651 3231/2431/2651
f 3238/2379/2652 3236/2433/2652 3232/2378/2652
f 3235/2400/2653 3237/2434/2653 3239/2397/2653
f 3236/2433/2654 3238/2379/2654 3240/2435/2654
f 3241/2436/2655 3239/2397/2655 3237/2434/2655
f 3242/2381/2656 3240/2435/2656 3238/2379/2656
f 3239/2397/2657 3241/2436/2657 3243/2394/2657
f 3240/2435/2658 3242/2381/2658 3244/2437/2658
f 3245/2438/2659 3243/2394/2659 3241/2436/2659
f 3246/2382/2660 3244/2437/2660 3242/2381/2660
f 3243/2394/2661 3245/2438/2661 3247/2391/2661
f 3244/2437/2662 3246/2382/2662 3248/2439/2662
f 3249/2440/2663 3247/2391/2663 3245/2438/2663
f 3250/2386/2664 3248/2439/2664 3246/2382/2664
f 3247/2391/2665 3249/2440/2665 3250/2386/2665
f 3248/2439/2666 3250/2386/2666 3249/2440/2666
f 3253/2441/2667 3252/2442/2667 3251/2443/2667
f 3253/2441/2031 3251/2443/2031 3254/2444/2031
f 3253/2441/2031 3255/2445/2031 3252/2442/2031
f 3255/2445/2667 3256/2446/2667 3252/2442/2667
f 3255/2445/2031 3257/2447/2031 3256/2446/2031
f 3255/2445/2031 3258/2448/2031 3257/2447/2031
f 3255/2445/2031 3259/2449/2031 3258/2448/2031
f 3255/2445/2031 3260/2450/2031 3259/2449/2031
f 3261/2451/2031 3259/2449/2031 3260/2450/2031
f 3261/2451/2031 3260/2450/2031 3262/2452/2031
f 3263/2453/2031 3262/2452/2031 3260/2450/2031
f 3262/2452/2031 3263/2453/2031 3264/2454/2031
f 3264/2454/2031 3263/2453/2031 3265/2455/2031
f 3265/2455/2031 3263/2453/2031 3266/2456/2031
f 3266/2456/2668 3263/2453/2668 3267/2457/2668
f 3263/2453/2031 3268/2458/2031 3267/2457/2031
f 3267/2457/2668 3268/2458/2668 3269/2459/2668
f 3269/2459/2031 3268/2458/2031 3270/2460/2031
f 3270/2460/2031 3272/2458/2031 3271/2461/2031
f 3272/2458/2031 3273/2462/2031 3271/2461/2031
f 3274/2463/2031 3273/2462/2031 3272/2458/2031
f 3275/2464/2031 3273/2462/2031 3274/2463/2031
f 3276/2465/2669 3274/2463/2669 3272/2458/2669
f 3277/2466/2669 3274/2463/2669 3276/2465/2669
f 3277/2466/2669 3278/2467/2669 3274/2463/2669
f 3275/2464/2031 3274/2463/2031 3279/2468/2031
f 3274/2463/2669 3278/2467/2669 3280/2441/2669
f 3279/2468/2031 3274/2463/2031 3280/2441/2031
f 3281/2469/2031 3279/2468/2031 3280/2441/2031
f 3254/2444/2031 3281/2469/2031 3280/2441/2031
f 3284/2445/2619 3283/2441/2619 3282/2470/2619
f 3285/2471/2619 3282/2470/2619 3283/2441/2619
f 3288/2445/2651 3287/2472/2651 3286/2450/2651
f 3289/2473/2651 3286/2450/2651 3287/2472/2651
f 3289/2473/2651 3290/2474/2651 3286/2450/2651
f 3291/2453/2651 3286/2450/2651 3290/2474/2651
f 3294/2470/17 3293/2471/17 3292/2475/17
f 3295/2476/17 3292/2475/17 3293/2471/17
f 3298/2477/2600 3297/2458/2600 3296/2478/2600
f 3299/2453/2600 3296/2478/2600 3297/2458/2600
f 3302/2479/17 3301/2477/17 3300/2480/17
f 3303/2478/17 3300/2480/17 3301/2477/17
f 3306/2481/2569 3305/2482/2569 3304/2483/2569
f 3307/2484/2569 3305/2482/2569 3306/2481/2569
f 3307/2484/2569 3308/2485/2569 3305/2482/2569
f 3309/2486/2569 3305/2482/2569 3308/2485/2569
f 3312/2487/2284 3311/2481/2284 3310/2488/2284
f 3313/2483/2284 3310/2488/2284 3311/2481/2284
f 3316/2489/1160 3315/2484/1160 3314/2481/1160
f 3317/2490/2636 3316/2489/2636 3314/2481/2636
f 3320/2491/2144 3319/2485/2144 3318/2492/2144
f 3321/2484/2144 3318/2492/2144 3319/2485/2144
f 3324/2482/2670 3323/2493/2670 3322/2483/2670
f 3325/2494/2671 3322/2483/2671 3323/2493/2671
f 3328/2485/2031 3327/2495/2031 3326/2486/2031
f 3329/2496/2031 3326/2486/2031 3327/2495/2031
f 3332/2486/2284 3331/2497/2284 3330/2482/2284
f 3333/2493/2284 3330/2482/2284 3331/2497/2284
f 3336/2498/2672 3335/2499/2672 3334/2500/2672
f 3336/2498/2673 3337/2501/2673 3335/2499/2673
f 3338/2502/2674 3334/2500/2674 3335/2499/2674
f 3339/2503/2675 3335/2499/2675 3337/2501/2675
f 3337/2501/2676 3340/2504/2676 3339/2503/2676
f 3341/2505/2676 3339/2503/2676 3340/2504/2676
f 3334/2500/2677 3338/2502/2677 3342/2506/2677
f 3343/2507/2678 3342/2506/2678 3338/2502/2678
f 3342/2506/2679 3343/2507/2679 3344/2508/2679
f 3345/2509/2680 3344/2508/2680 3343/2507/2680
f 3344/2508/2681 3345/2509/2681 3346/2510/2681
f 3347/2511/2682 3346/2510/2682 3345/2509/2682
f 3346/2510/2683 3347/2511/2683 3348/2512/2683
f 3349/2513/2684 3348/2512/2684 3347/2511/2684
f 3348/2512/2685 3349/2513/2685 3350/2514/2685
f 3351/2515/2685 3350/2514/2685 3349/2513/2685
f 3350/2514/2686 3351/2515/2686 3352/2516/2686
f 3353/2517/2687 3352/2516/2687 3351/2515/2687
f 3352/2516/2688 3353/2517/2688 3354/2518/2688
f 3355/2519/2688 3354/2518/2688 3353/2517/2688
f 3354/2518/2689 3355/2519/2689 3356/2520/2689
f 3357/2521/2690 3356/2520/2690 3355/2519/2690
f 3360/2520/2691 3359/2521/2691 3358/2522/2691
f 3361/2523/2692 3358/2522/2692 3359/2521/2692
f 3364/2524/2569 3363/2525/2569 3362/2526/2569
f 3366/2527/2693 3363/2525/2693 3365/2528/2693
f 3365/2528/2694 3363/2525/2694 3364/2524/2694
f 3367/2529/2695 3365/2528/2695 3364/2524/2695
f 3362/2526/2696 3368/2530/2696 3364/2524/2696
f 3362/2526/2697 3369/2531/2697 3368/2530/2697
f 3370/2532/2698 3368/2530/2698 3369/2531/2698
f 3371/2533/2569 3367/2529/2569 3364/2524/2569
f 3372/2534/2569 3367/2529/2569 3371/2533/2569
f 3373/2535/2569 3371/2533/2569 3364/2524/2569
f 3376/2482/2421 3375/2481/2421 3374/2483/2421
f 3376/2482/2421 3377/2484/2421 3375/2481/2421
f 3377/2484/2421 3376/2482/2421 3378/2485/2421
f 3379/2486/2421 3378/2485/2421 3376/2482/2421
f 3382/2483/2284 3381/2481/2284 3380/2488/2284
f 3383/2487/2284 3380/2488/2284 3381/2481/2284
f 3386/2489/17 3385/2490/17 3384/2481/17
f 3387/2484/1160 3386/2489/1160 3384/2481/1160
f 3390/2484/2144 3389/2485/2144 3388/2492/2144
f 3391/2491/2144 3388/2492/2144 3389/2485/2144
f 3394/2494/2699 3393/2493/2699 3392/2483/2699
f 3395/2482/2699 3392/2483/2699 3393/2493/2699
f 3398/2485/2031 3397/2486/2031 3396/2536/2031
f 3399/2496/2031 3396/2536/2031 3397/2486/2031
f 3402/2493/2284 3401/2497/2284 3400/2482/2284
f 3403/2486/2284 3400/2482/2284 3401/2497/2284
f 3406/2537/2700 3405/2538/2700 3404/2539/2700
f 3407/2540/2701 3404/2539/2701 3405/2538/2701
f 3404/2539/2702 3408/2541/2702 3406/2537/2702
f 3407/2540/2675 3405/2538/2675 3409/2542/2675
f 3410/2543/2703 3406/2537/2703 3408/2541/2703
f 3411/2544/2675 3409/2542/2675 3405/2538/2675
f 3409/2542/2676 3411/2544/2676 3412/2545/2676
f 3413/2546/2676 3412/2545/2676 3411/2544/2676
f 3408/2541/2704 3414/2547/2704 3410/2543/2704
f 3415/2548/2705 3410/2543/2705 3414/2547/2705
f 3414/2547/2706 3416/2549/2706 3415/2548/2706
f 3417/2550/2707 3415/2548/2707 3416/2549/2707
f 3416/2549/2708 3418/2551/2708 3417/2550/2708
f 3419/2552/2684 3417/2550/2684 3418/2551/2684
f 3418/2551/2685 3420/2553/2685 3419/2552/2685
f 3421/2554/2685 3419/2552/2685 3420/2553/2685
f 3420/2553/2709 3422/2555/2709 3421/2554/2709
f 3423/2556/2710 3421/2554/2710 3422/2555/2710
f 3422/2555/2711 3424/2557/2711 3423/2556/2711
f 3425/2558/2711 3423/2556/2711 3424/2557/2711
f 3424/2557/2712 3426/2559/2712 3425/2558/2712
f 3427/2560/2713 3425/2558/2713 3426/2559/2713
f 3430/2546/2714 3429/2561/2714 3428/2545/2714
f 3431/2562/2715 3428/2545/2715 3429/2561/2715
f 3434/2563/2716 3433/2564/2716 3432/2565/2716
f 3434/2563/2717 3436/2566/2717 3435/2567/2717
f 3434/2563/2718 3435/2567/2718 3433/2564/2718
f 3435/2567/2421 3437/2568/2421 3433/2564/2421
f 3438/2569/2719 3432/2565/2719 3433/2564/2719
f 3432/2565/2720 3438/2569/2720 3439/2570/2720
f 3440/2571/2721 3439/2570/2721 3438/2569/2721
f 3437/2568/2722 3441/2572/2722 3433/2564/2722
f 3442/2573/2723 3441/2572/2723 3437/2568/2723
f 3441/2572/2724 3443/2574/2724 3433/2564/2724
f 3446/2575/2421 3445/2490/2421 3444/2576/2421
f 3447/2489/2421 3445/2490/2421 3446/2575/2421
f 3446/2575/2421 3448/2577/2421 3447/2489/2421
f 3449/2578/2421 3447/2489/2421 3448/2577/2421
f 3452/2575/2569 3451/2576/2569 3450/2490/2569
f 3453/2489/2569 3452/2575/2569 3450/2490/2569
f 3453/2489/2569 3454/2578/2569 3452/2575/2569
f 3455/2577/2569 3452/2575/2569 3454/2578/2569
f 3458/2579/2725 3457/2580/2725 3456/2581/2725
f 3459/2582/2726 3456/2581/2726 3457/2580/2726
f 3457/2580/2727 3458/2579/2727 3460/2583/2727
f 3461/2584/2728 3460/2583/2728 3458/2579/2728
f 3460/2583/2729 3461/2584/2729 3462/2585/2729
f 3463/2586/2730 3462/2585/2730 3461/2584/2730
f 3462/2585/2731 3463/2586/2731 3464/2587/2731
f 3465/2588/2731 3464/2587/2731 3463/2586/2731
f 3464/2587/2732 3465/2588/2732 3466/2589/2732
f 3467/2590/2732 3466/2589/2732 3465/2588/2732
f 3466/2589/2733 3467/2590/2733 3468/2591/2733
f 3469/2592/2733 3468/2591/2733 3467/2590/2733
f 3468/2591/2734 3469/2592/2734 3470/2593/2734
f 3471/2594/2734 3470/2593/2734 3469/2592/2734
f 3470/2593/2735 3471/2594/2735 3472/2595/2735
f 3473/2596/2735 3472/2595/2735 3471/2594/2735
f 3476/2597/2736 3475/2598/2736 3474/2599/2736
f 3477/2600/2736 3474/2599/2736 3475/2598/2736
f 3475/2598/2284 3478/2601/2284 3477/2600/2284
f 3479/2602/2284 3477/2600/2284 3478/2601/2284
f 3479/2602/2737 3478/2601/2737 3480/2603/2737
f 3481/2604/2737 3480/2603/2737 3478/2601/2737
f 3482/2605/2284 3480/2603/2284 3481/2604/2284
f 3485/2606/2738 3484/2607/2738 3483/2608/2738
f 3486/2609/2738 3483/2608/2738 3484/2607/2738
f 3484/2607/2739 3487/2610/2739 3486/2609/2739
f 3488/2611/2739 3486/2609/2739 3487/2610/2739
f 3487/2610/2740 3489/2612/2740 3488/2611/2740
f 3490/2613/2740 3488/2611/2740 3489/2612/2740
f 3491/2614/2741 3490/2613/2741 3489/2612/2741
f 3494/2595/2742 3493/2615/2742 3492/2596/2742
f 3495/2594/2743 3492/2596/2743 3493/2615/2743
f 3493/2615/2744 3496/2591/2744 3495/2594/2744
f 3497/2592/2745 3495/2594/2745 3496/2591/2745
f 3496/2591/2746 3498/2589/2746 3497/2592/2746
f 3499/2590/2747 3497/2592/2747 3498/2589/2747
f 3498/2589/2748 3500/2616/2748 3499/2590/2748
f 3501/2588/2748 3499/2590/2748 3500/2616/2748
f 3500/2616/2749 3502/2585/2749 3501/2588/2749
f 3503/2617/2750 3501/2588/2750 3502/2585/2750
f 3502/2585/2751 3504/2618/2751 3503/2617/2751
f 3505/2619/2752 3503/2617/2752 3504/2618/2752
f 3504/2618/2753 3506/2580/2753 3505/2619/2753
f 3507/2620/2754 3505/2619/2754 3506/2580/2754
f 3506/2580/2755 3508/2621/2755 3507/2620/2755
f 3509/2622/2756 3507/2620/2756 3508/2621/2756
f 3512/2598/2757 3511/2600/2757 3510/2597/2757
f 3513/2599/2757 3510/2597/2757 3511/2600/2757
f 3511/2600/2284 3512/2598/2284 3514/2602/2284
f 3515/2601/2284 3514/2602/2284 3512/2598/2284
f 3515/2601/2758 3516/2604/2758 3514/2602/2758
f 3517/2603/2758 3514/2602/2758 3516/2604/2758
f 3516/2604/2284 3518/2605/2284 3517/2603/2284
f 3521/2607/2759 3520/2609/2759 3519/2606/2759
f 3522/2608/2759 3519/2606/2759 3520/2609/2759
f 3520/2609/2760 3521/2607/2760 3523/2611/2760
f 3524/2610/2760 3523/2611/2760 3521/2607/2760
f 3523/2611/2761 3524/2610/2761 3525/2613/2761
f 3526/2612/2762 3525/2613/2762 3524/2610/2762
f 3526/2612/2763 3527/2614/2763 3525/2613/2763
f 3530/2481/2284 3529/2482/2284 3528/2483/2284
f 3531/2484/2284 3529/2482/2284 3530/2481/2284
f 3531/2484/2284 3532/2485/2284 3529/2482/2284
f 3533/2486/2284 3529/2482/2284 3532/2485/2284
f 3536/2487/2421 3535/2481/2421 3534/2488/2421
f 3537/2483/2421 3534/2488/2421 3535/2481/2421
f 3540/2489/2636 3539/2484/2636 3538/2481/2636
f 3541/2490/17 3540/2489/17 3538/2481/17
f 3544/2491/2569 3543/2485/2569 3542/2492/2569
f 3545/2484/2569 3542/2492/2569 3543/2485/2569
f 3548/2482/2764 3547/2493/2764 3546/2483/2764
f 3549/2494/2764 3546/2483/2764 3547/2493/2764
f 3552/2485/2031 3551/2495/2031 3550/2486/2031
f 3553/2496/2031 3550/2486/2031 3551/2495/2031
f 3556/2486/2421 3555/2497/2421 3554/2482/2421
f 3557/2493/2421 3554/2482/2421 3555/2497/2421
f 3560/2498/2765 3559/2499/2765 3558/2500/2765
f 3560/2498/2766 3561/2501/2766 3559/2499/2766
f 3562/2502/2765 3558/2500/2765 3559/2499/2765
f 3563/2503/2766 3559/2499/2766 3561/2501/2766
f 3561/2501/2767 3564/2504/2767 3563/2503/2767
f 3565/2505/2767 3563/2503/2767 3564/2504/2767
f 3558/2500/2768 3562/2502/2768 3566/2506/2768
f 3567/2507/2769 3566/2506/2769 3562/2502/2769
f 3566/2506/2770 3567/2507/2770 3568/2508/2770
f 3569/2509/2771 3568/2508/2771 3567/2507/2771
f 3568/2508/2772 3569/2509/2772 3570/2510/2772
f 3571/2511/2772 3570/2510/2772 3569/2509/2772
f 3570/2510/2773 3571/2511/2773 3572/2512/2773
f 3573/2513/2774 3572/2512/2774 3571/2511/2774
f 3572/2512/2775 3573/2513/2775 3574/2514/2775
f 3575/2515/2776 3574/2514/2776 3573/2513/2776
f 3574/2514/2777 3575/2515/2777 3576/2516/2777
f 3577/2517/2778 3576/2516/2778 3575/2515/2778
f 3576/2516/2779 3577/2517/2779 3578/2518/2779
f 3579/2519/2780 3578/2518/2780 3577/2517/2780
f 3578/2518/2781 3579/2519/2781 3580/2520/2781
f 3581/2521/2782 3580/2520/2782 3579/2519/2782
f 3584/2520/2783 3583/2521/2783 3582/2522/2783
f 3585/2523/2784 3582/2522/2784 3583/2521/2784
f 3588/2524/2785 3587/2525/2785 3586/2526/2785
f 3590/2527/2786 3587/2525/2786 3589/2528/2786
f 3589/2528/2786 3587/2525/2786 3588/2524/2786
f 3591/2529/2284 3589/2528/2284 3588/2524/2284
f 3586/2526/2787 3592/2530/2787 3588/2524/2787
f 3586/2526/2788 3593/2531/2788 3592/2530/2788
f 3594/2532/2284 3592/2530/2284 3593/2531/2284
f 3595/2533/2737 3591/2529/2737 3588/2524/2737
f 3596/2534/2789 3591/2529/2789 3595/2533/2789
f 3597/2535/2790 3595/2533/2790 3588/2524/2790
f 3600/2482/2144 3599/2481/2144 3598/2483/2144
f 3600/2482/2144 3601/2484/2144 3599/2481/2144
f 3601/2484/2144 3600/2482/2144 3602/2485/2144
f 3603/2486/2144 3602/2485/2144 3600/2482/2144
f 3606/2483/2421 3605/2481/2421 3604/2488/2421
f 3607/2487/2421 3604/2488/2421 3605/2481/2421
f 3610/2489/1160 3609/2490/1160 3608/2481/1160
f 3611/2484/2636 3610/2489/2636 3608/2481/2636
f 3614/2484/2569 3613/2485/2569 3612/2492/2569
f 3615/2491/2569 3612/2492/2569 3613/2485/2569
f 3618/2494/2791 3617/2493/2791 3616/2483/2791
f 3619/2482/2792 3616/2483/2792 3617/2493/2792
f 3622/2485/2031 3621/2486/2031 3620/2536/2031
f 3623/2496/2031 3620/2536/2031 3621/2486/2031
f 3626/2493/2421 3625/2497/2421 3624/2482/2421
f 3627/2486/2421 3624/2482/2421 3625/2497/2421
f 3630/2537/2765 3629/2538/2765 3628/2539/2765
f 3631/2540/2793 3628/2539/2793 3629/2538/2793
f 3628/2539/2794 3632/2541/2794 3630/2537/2794
f 3631/2540/2795 3629/2538/2795 3633/2542/2795
f 3634/2543/2794 3630/2537/2794 3632/2541/2794
f 3635/2544/2766 3633/2542/2766 3629/2538/2766
f 3633/2542/2767 3635/2544/2767 3636/2545/2767
f 3637/2546/2767 3636/2545/2767 3635/2544/2767
f 3632/2541/2796 3638/2547/2796 3634/2543/2796
f 3639/2548/2771 3634/2543/2771 3638/2547/2771
f 3638/2547/2797 3640/2549/2797 3639/2548/2797
f 3641/2550/2798 3639/2548/2798 3640/2549/2798
f 3640/2549/2799 3642/2551/2799 3641/2550/2799
f 3643/2552/2800 3641/2550/2800 3642/2551/2800
f 3642/2551/2801 3644/2553/2801 3643/2552/2801
f 3645/2554/2802 3643/2552/2802 3644/2553/2802
f 3644/2553/2803 3646/2555/2803 3645/2554/2803
f 3647/2556/2804 3645/2554/2804 3646/2555/2804
f 3646/2555/2780 3648/2557/2780 3647/2556/2780
f 3649/2558/2805 3647/2556/2805 3648/2557/2805
f 3648/2557/2806 3650/2559/2806 3649/2558/2806
f 3651/2560/2807 3649/2558/2807 3650/2559/2807
f 3654/2546/2808 3653/2561/2808 3652/2545/2808
f 3655/2562/2809 3652/2545/2809 3653/2561/2809
f 3658/2563/2810 3657/2564/2810 3656/2565/2810
f 3658/2563/2811 3660/2566/2811 3659/2567/2811
f 3658/2563/2812 3659/2567/2812 3657/2564/2812
f 3659/2567/2813 3661/2568/2813 3657/2564/2813
f 3662/2569/2814 3656/2565/2814 3657/2564/2814
f 3656/2565/2815 3662/2569/2815 3663/2570/2815
f 3664/2571/2816 3663/2570/2816 3662/2569/2816
f 3661/2568/2144 3665/2572/2144 3657/2564/2144
f 3666/2573/2817 3665/2572/2817 3661/2568/2817
f 3665/2572/2818 3667/2574/2818 3657/2564/2818
f 3670/2575/2144 3669/2490/2144 3668/2576/2144
f 3671/2489/2144 3669/2490/2144 3670/2575/2144
f 3670/2575/2144 3672/2577/2144 3671/2489/2144
f 3673/2578/2144 3671/2489/2144 3672/2577/2144
f 3676/2575/2284 3675/2576/2284 3674/2490/2284
f 3677/2489/2284 3676/2575/2284 3674/2490/2284
f 3677/2489/2284 3678/2578/2284 3676/2575/2284
f 3679/2577/2284 3676/2575/2284 3678/2578/2284
f 3682/2579/2819 3681/2580/2819 3680/2581/2819
f 3683/2582/2820 3680/2581/2820 3681/2580/2820
f 3681/2580/2821 3682/2579/2821 3684/2583/2821
f 3685/2584/2821 3684/2583/2821 3682/2579/2821
f 3684/2583/2822 3685/2584/2822 3686/2585/2822
f 3687/2586/2823 3686/2585/2823 3685/2584/2823
f 3686/2585/2824 3687/2586/2824 3688/2587/2824
f 3689/2588/2825 3688/2587/2825 3687/2586/2825
f 3688/2587/2826 3689/2588/2826 3690/2589/2826
f 3691/2590/2827 3690/2589/2827 3689/2588/2827
f 3690/2589/2828 3691/2590/2828 3692/2591/2828
f 3693/2592/2829 3692/2591/2829 3691/2590/2829
f 3692/2591/2830 3693/2592/2830 3694/2593/2830
f 3695/2594/2831 3694/2593/2831 3693/2592/2831
f 3694/2593/2832 3695/2594/2832 3696/2595/2832
f 3697/2596/2833 3696/2595/2833 3695/2594/2833
f 3700/2597/2834 3699/2598/2834 3698/2599/2834
f 3701/2600/2834 3698/2599/2834 3699/2598/2834
f 3699/2598/2421 3702/2601/2421 3701/2600/2421
f 3703/2602/2421 3701/2600/2421 3702/2601/2421
f 3703/2602/2421 3702/2601/2421 3704/2603/2421
f 3705/2604/2421 3704/2603/2421 3702/2601/2421
f 3706/2605/2720 3704/2603/2720 3705/2604/2720
f 3709/2606/2835 3708/2607/2835 3707/2608/2835
f 3710/2609/2835 3707/2608/2835 3708/2607/2835
f 3708/2607/2836 3711/2610/2836 3710/2609/2836
f 3712/2611/2836 3710/2609/2836 3711/2610/2836
f 3711/2610/2837 3713/2612/2837 3712/2611/2837
f 3714/2613/2837 3712/2611/2837 3713/2612/2837
f 3715/2614/2838 3714/2613/2838 3713/2612/2838
f 3718/2595/2839 3717/2615/2839 3716/2596/2839
f 3719/2594/2840 3716/2596/2840 3717/2615/2840
f 3717/2615/2841 3720/2591/2841 3719/2594/2841
f 3721/2592/2842 3719/2594/2842 3720/2591/2842
f 3720/2591/2843 3722/2589/2843 3721/2592/2843
f 3723/2590/2844 3721/2592/2844 3722/2589/2844
f 3722/2589/2845 3724/2616/2845 3723/2590/2845
f 3725/2588/2845 3723/2590/2845 3724/2616/2845
f 3724/2616/2846 3726/2585/2846 3725/2588/2846
f 3727/2617/2846 3725/2588/2846 3726/2585/2846
f 3726/2585/2847 3728/2618/2847 3727/2617/2847
f 3729/2619/2847 3727/2617/2847 3728/2618/2847
f 3728/2618/2848 3730/2580/2848 3729/2619/2848
f 3731/2620/2848 3729/2619/2848 3730/2580/2848
f 3730/2580/2849 3732/2621/2849 3731/2620/2849
f 3733/2622/2849 3731/2620/2849 3732/2621/2849
f 3736/2598/2850 3735/2600/2850 3734/2597/2850
f 3737/2599/2850 3734/2597/2850 3735/2600/2850
f 3735/2600/2421 3736/2598/2421 3738/2602/2421
f 3739/2601/2421 3738/2602/2421 3736/2598/2421
f 3739/2601/2722 3740/2604/2722 3738/2602/2722
f 3741/2603/2722 3738/2602/2722 3740/2604/2722
f 3740/2604/2421 3742/2605/2421 3741/2603/2421
f 3745/2607/2851 3744/2609/2851 3743/2606/2851
f 3746/2608/2851 3743/2606/2851 3744/2609/2851
f 3744/2609/2852 3745/2607/2852 3747/2611/2852
f 3748/2610/2853 3747/2611/2853 3745/2607/2853
f 3747/2611/2854 3748/2610/2854 3749/2613/2854
f 3750/2612/2855 3749/2613/2855 3748/2610/2855
f 3750/2612/2856 3751/2614/2856 3749/2613/2856
f 3754/2481/2421 3753/2482/2421 3752/2483/2421
f 3755/2484/2421 3753/2482/2421 3754/2481/2421
f 3755/2484/2421 3756/2485/2421 3753/2482/2421
f 3757/2486/2421 3753/2482/2421 3756/2485/2421
f 3760/2487/2144 3759/2481/2144 3758/2488/2144
f 3761/2483/2144 3758/2488/2144 3759/2481/2144
f 3764/2489/2636 3763/2484/2636 3762/2481/2636
f 3765/2490/1160 3764/2489/1160 3762/2481/1160
f 3768/2491/2284 3767/2485/2284 3766/2492/2284
f 3769/2484/2284 3766/2492/2284 3767/2485/2284
f 3772/2482/2857 3771/2493/2857 3770/2483/2857
f 3773/2494/2858 3770/2483/2858 3771/2493/2858
f 3776/2485/2031 3775/2495/2031 3774/2486/2031
f 3777/2496/2031 3774/2486/2031 3775/2495/2031
f 3780/2486/2144 3779/2497/2144 3778/2482/2144
f 3781/2493/2144 3778/2482/2144 3779/2497/2144
f 3784/2498/2859 3783/2499/2859 3782/2500/2859
f 3784/2498/2860 3785/2501/2860 3783/2499/2860
f 3786/2502/2861 3782/2500/2861 3783/2499/2861
f 3787/2503/2862 3783/2499/2862 3785/2501/2862
f 3785/2501/2863 3788/2504/2863 3787/2503/2863
f 3789/2505/2863 3787/2503/2863 3788/2504/2863
f 3782/2500/2864 3786/2502/2864 3790/2506/2864
f 3791/2507/2865 3790/2506/2865 3786/2502/2865
f 3790/2506/2866 3791/2507/2866 3792/2508/2866
f 3793/2509/2867 3792/2508/2867 3791/2507/2867
f 3792/2508/2868 3793/2509/2868 3794/2510/2868
f 3795/2511/2684 3794/2510/2684 3793/2509/2684
f 3794/2510/2869 3795/2511/2869 3796/2512/2869
f 3797/2513/2870 3796/2512/2870 3795/2511/2870
f 3796/2512/2871 3797/2513/2871 3798/2514/2871
f 3799/2515/2872 3798/2514/2872 3797/2513/2872
f 3798/2514/2873 3799/2515/2873 3800/2516/2873
f 3801/2517/2874 3800/2516/2874 3799/2515/2874
f 3800/2516/2875 3801/2517/2875 3802/2518/2875
f 3803/2519/2875 3802/2518/2875 3801/2517/2875
f 3802/2518/2876 3803/2519/2876 3804/2520/2876
f 3805/2521/2876 3804/2520/2876 3803/2519/2876
f 3808/2520/2877 3807/2521/2877 3806/2522/2877
f 3809/2523/2878 3806/2522/2878 3807/2521/2878
f 3812/2524/2879 3811/2525/2879 3810/2526/2879
f 3814/2527/2880 3811/2525/2880 3813/2528/2880
f 3813/2528/2881 3811/2525/2881 3812/2524/2881
f 3815/2529/2882 3813/2528/2882 3812/2524/2882
f 3810/2526/2883 3816/2530/2883 3812/2524/2883
f 3810/2526/2884 3817/2531/2884 3816/2530/2884
f 3818/2532/2885 3816/2530/2885 3817/2531/2885
f 3819/2533/2421 3815/2529/2421 3812/2524/2421
f 3820/2534/2886 3815/2529/2886 3819/2533/2886
f 3821/2535/2887 3819/2533/2887 3812/2524/2887
f 3824/2482/2569 3823/2481/2569 3822/2483/2569
f 3824/2482/2569 3825/2484/2569 3823/2481/2569
f 3825/2484/2569 3824/2482/2569 3826/2485/2569
f 3827/2486/2569 3826/2485/2569 3824/2482/2569
f 3830/2483/2144 3829/2481/2144 3828/2488/2144
f 3831/2487/2144 3828/2488/2144 3829/2481/2144
f 3834/2489/17 3833/2490/17 3832/2481/17
f 3835/2484/2636 3834/2489/2636 3832/2481/2636
f 3838/2484/2284 3837/2485/2284 3836/2492/2284
f 3839/2491/2284 3836/2492/2284 3837/2485/2284
f 3842/2494/2888 3841/2493/2888 3840/2483/2888
f 3843/2482/2888 3840/2483/2888 3841/2493/2888
f 3846/2485/2031 3845/2486/2031 3844/2536/2031
f 3847/2496/2031 3844/2536/2031 3845/2486/2031
f 3850/2493/2144 3849/2497/2144 3848/2482/2144
f 3851/2486/2144 3848/2482/2144 3849/2497/2144
f 3854/2537/2889 3853/2538/2889 3852/2539/2889
f 3855/2540/2890 3852/2539/2890 3853/2538/2890
f 3852/2539/2891 3856/2541/2891 3854/2537/2891
f 3855/2540/2862 3853/2538/2862 3857/2542/2862
f 3858/2543/2865 3854/2537/2865 3856/2541/2865
f 3859/2544/2862 3857/2542/2862 3853/2538/2862
f 3857/2542/2863 3859/2544/2863 3860/2545/2863
f 3861/2546/2863 3860/2545/2863 3859/2544/2863
f 3856/2541/2866 3862/2547/2866 3858/2543/2866
f 3863/2548/2892 3858/2543/2892 3862/2547/2892
f 3862/2547/2893 3864/2549/2893 3863/2548/2893
f 3865/2550/2684 3863/2548/2684 3864/2549/2684
f 3864/2549/2869 3866/2551/2869 3865/2550/2869
f 3867/2552/2894 3865/2550/2894 3866/2551/2894
f 3866/2551/2895 3868/2553/2895 3867/2552/2895
f 3869/2554/2896 3867/2552/2896 3868/2553/2896
f 3868/2553/2897 3870/2555/2897 3869/2554/2897
f 3871/2556/2898 3869/2554/2898 3870/2555/2898
f 3870/2555/2899 3872/2557/2899 3871/2556/2899
f 3873/2558/2875 3871/2556/2875 3872/2557/2875
f 3872/2557/2900 3874/2559/2900 3873/2558/2900
f 3875/2560/2901 3873/2558/2901 3874/2559/2901
f 3878/2546/2902 3877/2561/2902 3876/2545/2902
f 3879/2562/2903 3876/2545/2903 3877/2561/2903
f 3882/2563/2904 3881/2564/2904 3880/2565/2904
f 3882/2563/2569 3884/2566/2569 3883/2567/2569
f 3882/2563/2905 3883/2567/2905 3881/2564/2905
f 3883/2567/2906 3885/2568/2906 3881/2564/2906
f 3886/2569/2907 3880/2565/2907 3881/2564/2907
f 3880/2565/2908 3886/2569/2908 3887/2570/2908
f 3888/2571/2569 3887/2570/2569 3886/2569/2569
f 3885/2568/2569 3889/2572/2569 3881/2564/2569
f 3890/2573/2909 3889/2572/2909 3885/2568/2909
f 3889/2572/2910 3891/2574/2910 3881/2564/2910
f 3894/2575/2569 3893/2490/2569 3892/2576/2569
f 3895/2489/2569 3893/2490/2569 3894/2575/2569
f 3894/2575/2569 3896/2577/2569 3895/2489/2569
f 3897/2578/2569 3895/2489/2569 3896/2577/2569
f 3900/2575/2421 3899/2576/2421 3898/2490/2421
f 3901/2489/2421 3900/2575/2421 3898/2490/2421
f 3901/2489/2421 3902/2578/2421 3900/2575/2421
f 3903/2577/2421 3900/2575/2421 3902/2578/2421
f 3906/2579/2743 3905/2580/2743 3904/2581/2743
f 3907/2582/2742 3904/2581/2742 3905/2580/2742
f 3905/2580/2911 3906/2579/2911 3908/2583/2911
f 3909/2584/2912 3908/2583/2912 3906/2579/2912
f 3908/2583/2747 3909/2584/2747 3910/2585/2747
f 3911/2586/2913 3910/2585/2913 3909/2584/2913
f 3910/2585/2748 3911/2586/2748 3912/2587/2748
f 3913/2588/2748 3912/2587/2748 3911/2586/2748
f 3912/2587/2749 3913/2588/2749 3914/2589/2749
f 3915/2590/2749 3914/2589/2749 3913/2588/2749
f 3914/2589/2914 3915/2590/2914 3916/2591/2914
f 3917/2592/2914 3916/2591/2914 3915/2590/2914
f 3916/2591/2754 3917/2592/2754 3918/2593/2754
f 3919/2594/2754 3918/2593/2754 3917/2592/2754
f 3918/2593/2755 3919/2594/2755 3920/2595/2755
f 3921/2596/2755 3920/2595/2755 3919/2594/2755
f 3924/2597/2915 3923/2598/2915 3922/2599/2915
f 3925/2600/2915 3922/2599/2915 3923/2598/2915
f 3923/2598/2144 3926/2601/2144 3925/2600/2144
f 3927/2602/2144 3925/2600/2144 3926/2601/2144
f 3927/2602/2916 3926/2601/2916 3928/2603/2916
f 3929/2604/2916 3928/2603/2916 3926/2601/2916
f 3930/2605/2144 3928/2603/2144 3929/2604/2144
f 3933/2606/2917 3932/2607/2917 3931/2608/2917
f 3934/2609/2917 3931/2608/2917 3932/2607/2917
f 3932/2607/2918 3935/2610/2918 3934/2609/2918
f 3936/2611/2918 3934/2609/2918 3935/2610/2918
f 3935/2610/2919 3937/2612/2919 3936/2611/2919
f 3938/2613/2919 3936/2611/2919 3937/2612/2919
f 3939/2614/2920 3938/2613/2920 3937/2612/2920
f 3942/2595/2726 3941/2615/2726 3940/2596/2726
f 3943/2594/2725 3940/2596/2725 3941/2615/2725
f 3941/2615/2728 3944/2591/2728 3943/2594/2728
f 3945/2592/2728 3943/2594/2728 3944/2591/2728
f 3944/2591/2729 3946/2589/2729 3945/2592/2729
f 3947/2590/2921 3945/2592/2921 3946/2589/2921
f 3946/2589/2922 3948/2616/2922 3947/2590/2922
f 3949/2588/2923 3947/2590/2923 3948/2616/2923
f 3948/2616/2732 3950/2585/2732 3949/2588/2732
f 3951/2617/2924 3949/2588/2924 3950/2585/2924
f 3950/2585/2925 3952/2618/2925 3951/2617/2925
f 3953/2619/2926 3951/2617/2926 3952/2618/2926
f 3952/2618/2927 3954/2580/2927 3953/2619/2927
f 3955/2620/2734 3953/2619/2734 3954/2580/2734
f 3954/2580/2735 3956/2621/2735 3955/2620/2735
f 3957/2622/2928 3955/2620/2928 3956/2621/2928
f 3960/2598/2929 3959/2600/2929 3958/2597/2929
f 3961/2599/2929 3958/2597/2929 3959/2600/2929
f 3959/2600/2144 3960/2598/2144 3962/2602/2144
f 3963/2601/2144 3962/2602/2144 3960/2598/2144
f 3963/2601/2144 3964/2604/2144 3962/2602/2144
f 3965/2603/2144 3962/2602/2144 3964/2604/2144
f 3964/2604/2930 3966/2605/2930 3965/2603/2930
f 3969/2607/2931 3968/2609/2931 3967/2606/2931
f 3970/2608/2931 3967/2606/2931 3968/2609/2931
f 3968/2609/2932 3969/2607/2932 3971/2611/2932
f 3972/2610/2932 3971/2611/2932 3969/2607/2932
f 3971/2611/2933 3972/2610/2933 3973/2613/2933
f 3974/2612/2933 3973/2613/2933 3972/2610/2933
f 3974/2612/2934 3975/2614/2934 3973/2613/2934
f 3978/2481/2144 3977/2482/2144 3976/2483/2144
f 3979/2484/2144 3977/2482/2144 3978/2481/2144
f 3979/2484/2144 3980/2485/2144 3977/2482/2144
f 3981/2486/2144 3977/2482/2144 3980/2485/2144
f 3984/2487/2569 3983/2481/2569 3982/2488/2569
f 3985/2483/2569 3982/2488/2569 3983/2481/2569
f 3988/2489/1160 3987/2484/1160 3986/2481/1160
f 3989/2490/17 3988/2489/17 3986/2481/17
f 3992/2491/2421 3991/2485/2421 3990/2492/2421
f 3993/2484/2421 3990/2492/2421 3991/2485/2421
f 3996/2482/2935 3995/2493/2935 3994/2483/2935
f 3997/2494/2935 3994/2483/2935 3995/2493/2935
f 4000/2485/2031 3999/2495/2031 3998/2486/2031
f 4001/2496/2031 3998/2486/2031 3999/2495/2031
f 4004/2486/2569 4003/2497/2569 4002/2482/2569
f 4005/2493/2569 4002/2482/2569 4003/2497/2569
f 4008/2498/2936 4007/2499/2936 4006/2500/2936
f 4008/2498/2937 4009/2501/2937 4007/2499/2937
f 4010/2502/2938 4006/2500/2938 4007/2499/2938
f 4011/2503/2937 4007/2499/2937 4009/2501/2937
f 4009/2501/2939 4012/2504/2939 4011/2503/2939
f 4013/2505/2939 4011/2503/2939 4012/2504/2939
f 4006/2500/2940 4010/2502/2940 4014/2506/2940
f 4015/2507/2940 4014/2506/2940 4010/2502/2940
f 4014/2506/2941 4015/2507/2941 4016/2508/2941
f 4017/2509/2775 4016/2508/2775 4015/2507/2775
f 4016/2508/2942 4017/2509/2942 4018/2510/2942
f 4019/2511/2943 4018/2510/2943 4017/2509/2943
f 4018/2510/2944 4019/2511/2944 4020/2512/2944
f 4021/2513/2945 4020/2512/2945 4019/2511/2945
f 4020/2512/2946 4021/2513/2946 4022/2514/2946
f 4023/2515/2947 4022/2514/2947 4021/2513/2947
f 4022/2514/2948 4023/2515/2948 4024/2516/2948
f 4025/2517/2949 4024/2516/2949 4023/2515/2949
f 4024/2516/2950 4025/2517/2950 4026/2518/2950
f 4027/2519/2950 4026/2518/2950 4025/2517/2950
f 4026/2518/2951 4027/2519/2951 4028/2520/2951
f 4029/2521/2952 4028/2520/2952 4027/2519/2952
f 4032/2520/2953 4031/2521/2953 4030/2522/2953
f 4033/2523/2954 4030/2522/2954 4031/2521/2954
f 4036/2524/2955 4035/2525/2955 4034/2526/2955
f 4038/2527/2956 4035/2525/2956 4037/2528/2956
f 4037/2528/2957 4035/2525/2957 4036/2524/2957
f 4039/2529/2958 4037/2528/2958 4036/2524/2958
f 4034/2526/2959 4040/2530/2959 4036/2524/2959
f 4034/2526/2930 4041/2531/2930 4040/2530/2930
f 4042/2532/2960 4040/2530/2960 4041/2531/2960
f 4043/2533/2144 4039/2529/2144 4036/2524/2144
f 4044/2534/2961 4039/2529/2961 4043/2533/2961
f 4045/2535/2962 4043/2533/2962 4036/2524/2962
f 4048/2482/2284 4047/2481/2284 4046/2483/2284
f 4048/2482/2284 4049/2484/2284 4047/2481/2284
f 4049/2484/2284 4048/2482/2284 4050/2485/2284
f 4051/2486/2284 4050/2485/2284 4048/2482/2284
f 4054/2483/2569 4053/2481/2569 4052/2488/2569
f 4055/2487/2569 4052/2488/2569 4053/2481/2569
f 4058/2489/2636 4057/2490/2636 4056/2481/2636
f 4059/2484/1160 4058/2489/1160 4056/2481/1160
f 4062/2484/2421 4061/2485/2421 4060/2492/2421
f 4063/2491/2421 4060/2492/2421 4061/2485/2421
f 4066/2494/2963 4065/2493/2963 4064/2483/2963
f 4067/2482/2964 4064/2483/2964 4065/2493/2964
f 4070/2485/2031 4069/2486/2031 4068/2536/2031
f 4071/2496/2031 4068/2536/2031 4069/2486/2031
f 4074/2493/2569 4073/2497/2569 4072/2482/2569
f 4075/2486/2569 4072/2482/2569 4073/2497/2569
f 4078/2537/2938 4077/2538/2938 4076/2539/2938
f 4079/2540/2965 4076/2539/2965 4077/2538/2965
f 4076/2539/2966 4080/2541/2966 4078/2537/2966
f 4079/2540/2967 4077/2538/2967 4081/2542/2967
f 4082/2543/2968 4078/2537/2968 4080/2541/2968
f 4083/2544/2969 4081/2542/2969 4077/2538/2969
f 4081/2542/2970 4083/2544/2970 4084/2545/2970
f 4085/2546/2939 4084/2545/2939 4083/2544/2939
f 4080/2541/2971 4086/2547/2971 4082/2543/2971
f 4087/2548/2972 4082/2543/2972 4086/2547/2972
f 4086/2547/2774 4088/2549/2774 4087/2548/2774
f 4089/2550/2973 4087/2548/2973 4088/2549/2973
f 4088/2549/2974 4090/2551/2974 4089/2550/2974
f 4091/2552/2975 4089/2550/2975 4090/2551/2975
f 4090/2551/2771 4092/2553/2771 4091/2552/2771
f 4093/2554/2976 4091/2552/2976 4092/2553/2976
f 4092/2553/2977 4094/2555/2977 4093/2554/2977
f 4095/2556/2978 4093/2554/2978 4094/2555/2978
f 4094/2555/2979 4096/2557/2979 4095/2556/2979
f 4097/2558/2980 4095/2556/2980 4096/2557/2980
f 4096/2557/2981 4098/2559/2981 4097/2558/2981
f 4099/2560/2981 4097/2558/2981 4098/2559/2981
f 4102/2546/2982 4101/2561/2982 4100/2545/2982
f 4103/2562/2983 4100/2545/2983 4101/2561/2983
f 4106/2563/2284 4105/2564/2284 4104/2565/2284
f 4106/2563/2984 4108/2566/2984 4107/2567/2984
f 4106/2563/2985 4107/2567/2985 4105/2564/2985
f 4107/2567/2986 4109/2568/2986 4105/2564/2986
f 4110/2569/2284 4104/2565/2284 4105/2564/2284
f 4104/2565/2284 4110/2569/2284 4111/2570/2284
f 4112/2571/2987 4111/2570/2987 4110/2569/2987
f 4109/2568/2284 4113/2572/2284 4105/2564/2284
f 4114/2573/2284 4113/2572/2284 4109/2568/2284
f 4113/2572/2988 4115/2574/2988 4105/2564/2988
f 4118/2575/2284 4117/2490/2284 4116/2576/2284
f 4119/2489/2284 4117/2490/2284 4118/2575/2284
f 4118/2575/2284 4120/2577/2284 4119/2489/2284
f 4121/2578/2284 4119/2489/2284 4120/2577/2284
f 4124/2575/2144 4123/2576/2144 4122/2490/2144
f 4125/2489/2144 4124/2575/2144 4122/2490/2144
f 4125/2489/2144 4126/2578/2144 4124/2575/2144
f 4127/2577/2144 4124/2575/2144 4126/2578/2144
f 4130/2579/2840 4129/2580/2840 4128/2581/2840
f 4131/2582/2839 4128/2581/2839 4129/2580/2839
f 4129/2580/2841 4130/2579/2841 4132/2583/2841
f 4133/2584/2989 4132/2583/2989 4130/2579/2989
f 4132/2583/2990 4133/2584/2990 4134/2585/2990
f 4135/2586/2991 4134/2585/2991 4133/2584/2991
f 4134/2585/2845 4135/2586/2845 4136/2587/2845
f 4137/2588/2845 4136/2587/2845 4135/2586/2845
f 4136/2587/2846 4137/2588/2846 4138/2589/2846
f 4139/2590/2992 4138/2589/2992 4137/2588/2992
f 4138/2589/2993 4139/2590/2993 4140/2591/2993
f 4141/2592/2994 4140/2591/2994 4139/2590/2994
f 4140/2591/2995 4141/2592/2995 4142/2593/2995
f 4143/2594/2848 4142/2593/2848 4141/2592/2848
f 4142/2593/2849 4143/2594/2849 4144/2595/2849
f 4145/2596/2996 4144/2595/2996 4143/2594/2996
f 4148/2597/2997 4147/2598/2997 4146/2599/2997
f 4149/2600/2997 4146/2599/2997 4147/2598/2997
f 4147/2598/2569 4150/2601/2569 4149/2600/2569
f 4151/2602/2569 4149/2600/2569 4150/2601/2569
f 4151/2602/2998 4150/2601/2998 4152/2603/2998
f 4153/2604/2998 4152/2603/2998 4150/2601/2998
f 4154/2605/2569 4152/2603/2569 4153/2604/2569
f 4157/2606/2999 4156/2607/2999 4155/2608/2999
f 4158/2609/2999 4155/2608/2999 4156/2607/2999
f 4156/2607/3000 4159/2610/3000 4158/2609/3000
f 4160/2611/3000 4158/2609/3000 4159/2610/3000
f 4159/2610/3001 4161/2612/3001 4160/2611/3001
f 4162/2613/3002 4160/2611/3002 4161/2612/3002
f 4163/2614/3003 4162/2613/3003 4161/2612/3003
f 4166/2595/2820 4165/2615/2820 4164/2596/2820
f 4167/2594/2819 4164/2596/2819 4165/2615/2819
f 4165/2615/3004 4168/2591/3004 4167/2594/3004
f 4169/2592/2821 4167/2594/2821 4168/2591/2821
f 4168/2591/2822 4170/2589/2822 4169/2592/2822
f 4171/2590/3005 4169/2592/3005 4170/2589/3005
f 4170/2589/3006 4172/2616/3006 4171/2590/3006
f 4173/2588/3006 4171/2590/3006 4172/2616/3006
f 4172/2616/2826 4174/2585/2826 4173/2588/2826
f 4175/2617/2826 4173/2588/2826 4174/2585/2826
f 4174/2585/3007 4176/2618/3007 4175/2617/3007
f 4177/2619/3007 4175/2617/3007 4176/2618/3007
f 4176/2618/2831 4178/2580/2831 4177/2619/2831
f 4179/2620/2831 4177/2619/2831 4178/2580/2831
f 4178/2580/2832 4180/2621/2832 4179/2620/2832
f 4181/2622/2832 4179/2620/2832 4180/2621/2832
f 4184/2598/3008 4183/2600/3008 4182/2597/3008
f 4185/2599/3008 4182/2597/3008 4183/2600/3008
f 4183/2600/2569 4184/2598/2569 4186/2602/2569
f 4187/2601/2569 4186/2602/2569 4184/2598/2569
f 4187/2601/3009 4188/2604/3009 4186/2602/3009
f 4189/2603/3009 4186/2602/3009 4188/2604/3009
f 4188/2604/2569 4190/2605/2569 4189/2603/2569
f 4193/2607/3010 4192/2609/3010 4191/2606/3010
f 4194/2608/3010 4191/2606/3010 4192/2609/3010
f 4192/2609/3011 4193/2607/3011 4195/2611/3011
f 4196/2610/3011 4195/2611/3011 4193/2607/3011
f 4195/2611/3012 4196/2610/3012 4197/2613/3012
f 4198/2612/3012 4197/2613/3012 4196/2610/3012
f 4198/2612/3013 4199/2614/3013 4197/2613/3013
f 4202/1317/3014 4201/1319/3014 4200/2623/3014
f 4203/2624/3014 4200/2623/3014 4201/1319/3014
f 4200/2623/3015 4204/2625/3015 4202/1317/3015
f 4201/1319/3016 4205/1321/3016 4203/2624/3016
f 4206/1314/3017 4202/1317/3017 4204/2625/3017
f 4207/2626/3016 4203/2624/3016 4205/1321/3016
f 4204/2625/3018 4208/2627/3018 4206/1314/3018
f 4205/1321/3019 4209/1323/3019 4207/2626/3019
f 4210/1312/3018 4206/1314/3018 4208/2627/3018
f 4211/2628/3019 4207/2626/3019 4209/1323/3019
f 4210/1312/3020 4208/2627/3020 4212/1309/3020
f 4211/2628/3021 4209/1323/3021 4213/2629/3021
f 4214/2630/3020 4212/1309/3020 4208/2627/3020
f 4215/1322/3021 4213/2629/3021 4209/1323/3021
f 4212/1309/3022 4214/2630/3022 4216/1307/3022
f 4213/2629/3023 4215/1322/3023 4217/2631/3023
f 4218/2632/3024 4216/1307/3024 4214/2630/3024
f 4219/1320/3023 4217/2631/3023 4215/1322/3023
f 4216/1307/3025 4218/2632/3025 4220/1304/3025
f 4217/2631/3026 4219/1320/3026 4221/2633/3026
f 4222/2634/3025 4220/1304/3025 4218/2632/3025
f 4223/1318/3026 4221/2633/3026 4219/1320/3026
f 4220/1304/3027 4222/2634/3027 4224/1302/3027
f 4221/2633/3028 4223/1318/3028 4225/2635/3028
f 4226/2636/3027 4224/1302/3027 4222/2634/3027
f 4227/1315/3028 4225/2635/3028 4223/1318/3028
f 4224/1302/3029 4226/2636/3029 4228/1301/3029
f 4225/2635/3030 4227/1315/3030 4229/2637/3030
f 4230/2638/3029 4228/1301/3029 4226/2636/3029
f 4231/1313/3030 4229/2637/3030 4227/1315/3030
f 4230/2638/3031 4232/2639/3031 4228/1301/3031
f 4231/1313/3032 4233/1310/3032 4229/2637/3032
f 4234/1303/3031 4228/1301/3031 4232/2639/3031
f 4235/2640/3032 4229/2637/3032 4233/1310/3032
f 4232/2639/3033 4236/2641/3033 4234/1303/3033
f 4233/1310/3034 4237/1308/3034 4235/2640/3034
f 4238/1305/3033 4234/1303/3033 4236/2641/3033
f 4239/2642/3034 4235/2640/3034 4237/1308/3034
f 4236/2641/3035 4239/2642/3035 4238/1305/3035
f 4237/1308/3035 4238/1305/3035 4239/2642/3035
f 4242/2643/3036 4241/2644/3036 4240/2645/3036
f 4241/2644/3037 4242/2643/3037 4243/2646/3037
f 4244/2647/3038 4240/2645/3038 4241/2644/3038
f 4245/2648/3039 4243/2646/3039 4242/2643/3039
f 4240/2645/3040 4244/2647/3040 4246/2649/3040
f 4243/2646/3041 4245/2648/3041 4247/2650/3041
f 4248/2651/3040 4246/2649/3040 4244/2647/3040
f 4249/2652/3041 4247/2650/3041 4245/2648/3041
f 4246/2649/3042 4248/2651/3042 4250/2653/3042
f 4247/2650/3043 4249/2652/3043 4251/2654/3043
f 4252/2655/3042 4250/2653/3042 4248/2651/3042
f 4253/2656/3043 4251/2654/3043 4249/2652/3043
f 4250/2653/3044 4252/2655/3044 4254/2657/3044
f 4251/2654/3045 4253/2656/3045 4255/2658/3045
f 4256/2659/3044 4254/2657/3044 4252/2655/3044
f 4257/2660/3045 4255/2658/3045 4253/2656/3045
f 4254/2657/3046 4256/2659/3046 4258/2661/3046
f 4255/2658/3047 4257/2660/3047 4259/2662/3047
f 4260/2663/3046 4258/2661/3046 4256/2659/3046
f 4261/2664/3047 4259/2662/3047 4257/2660/3047
f 4258/2661/3048 4260/2663/3048 4262/2665/3048
f 4259/2662/3049 4261/2664/3049 4263/2666/3049
f 4264/2667/3048 4262/2665/3048 4260/2663/3048
f 4265/2668/3049 4263/2666/3049 4261/2664/3049
f 4262/2665/3050 4264/2667/3050 4266/2669/3050
f 4263/2666/3051 4265/2668/3051 4267/2670/3051
f 4268/2671/3050 4266/2669/3050 4264/2667/3050
f 4266/2669/3052 4268/2671/3052 4269/2672/3052
f 4270/2673/3052 4269/2672/3052 4268/2671/3052
f 4271/2674/3051 4267/2670/3051 4265/2668/3051
f 4267/2670/3053 4271/2674/3053 4272/2675/3053
f 4273/2676/3053 4272/2675/3053 4271/2674/3053
f 4276/2677/2651 4275/2678/2651 4274/2679/2651
f 4278/2680/2651 4277/2681/2651 4274/2679/2651
f 4275/2678/2651 4278/2680/2651 4274/2679/2651
f 4280/2682/2651 4278/2680/2651 4279/2683/2651
f 4279/2683/2651 4278/2680/2651 4281/2684/2651
f 4281/2684/2651 4278/2680/2651 4275/2678/2651
f 4282/2685/2651 4279/2683/2651 4281/2684/2651
f 4284/2686/2651 4283/2687/2651 4275/2678/2651
f 4283/2687/2651 4285/2688/2651 4275/2678/2651
f 4285/2688/2651 4281/2684/2651 4275/2678/2651
f 4286/2689/2651 4285/2688/2651 4283/2687/2651
f 4287/2690/2651 4281/2684/2651 4285/2688/2651
f 4288/2691/2651 4281/2684/2651 4287/2690/2651
f 4289/2692/2651 4287/2690/2651 4285/2688/2651
f 4292/2693/3054 4291/2694/3054 4290/2695/3054
f 4293/2696/3054 4290/2695/3054 4291/2694/3054
f 4290/2695/3055 4294/2697/3055 4292/2693/3055
f 4291/2694/3056 4295/2698/3056 4293/2696/3056
f 4296/2699/3055 4292/2693/3055 4294/2697/3055
f 4297/2700/3056 4293/2696/3056 4295/2698/3056
f 4294/2697/3057 4298/2701/3057 4296/2699/3057
f 4295/2698/3058 4299/2702/3058 4297/2700/3058
f 4300/2703/3057 4296/2699/3057 4298/2701/3057
f 4301/2704/3058 4297/2700/3058 4299/2702/3058
f 4299/2702/3059 4302/2705/3059 4301/2704/3059
f 4303/2706/3059 4301/2704/3059 4302/2705/3059
f 4298/2701/3060 4304/2707/3060 4300/2703/3060
f 4305/2708/3060 4300/2703/3060 4304/2707/3060
f 4304/2707/3061 4306/2709/3061 4305/2708/3061
f 4307/2710/3061 4305/2708/3061 4306/2709/3061
f 4310/2711/2649 4309/2712/2649 4308/2713/2649
f 4312/2714/2649 4311/2715/2649 4308/2713/2649
f 4309/2712/2649 4312/2714/2649 4308/2713/2649
f 4314/2716/2649 4312/2714/2649 4313/2717/2649
f 4313/2717/2649 4312/2714/2649 4315/2718/2649
f 4315/2718/2649 4312/2714/2649 4309/2712/2649
f 4316/2719/2649 4313/2717/2649 4315/2718/2649
f 4318/2720/2649 4317/2721/2649 4309/2712/2649
f 4317/2721/2649 4319/2722/2649 4309/2712/2649
f 4319/2722/2649 4315/2718/2649 4309/2712/2649
f 4320/2723/2649 4319/2722/2649 4317/2721/2649
f 4321/2724/2649 4315/2718/2649 4319/2722/2649
f 4322/2725/2649 4315/2718/2649 4321/2724/2649
f 4323/2726/2649 4321/2724/2649 4319/2722/2649
f 4326/2727/3036 4325/2728/3036 4324/2729/3036
f 4325/2728/3037 4326/2727/3037 4327/2730/3037
f 4328/2731/3036 4324/2729/3036 4325/2728/3036
f 4329/2732/3037 4327/2730/3037 4326/2727/3037
f 4324/2729/3040 4328/2731/3040 4330/2733/3040
f 4327/2730/3041 4329/2732/3041 4331/2734/3041
f 4332/2735/3040 4330/2733/3040 4328/2731/3040
f 4333/2736/3041 4331/2734/3041 4329/2732/3041
f 4330/2733/3042 4332/2735/3042 4334/2737/3042
f 4331/2734/3043 4333/2736/3043 4335/2738/3043
f 4336/2739/3042 4334/2737/3042 4332/2735/3042
f 4337/2740/3043 4335/2738/3043 4333/2736/3043
f 4334/2737/3044 4336/2739/3044 4338/2741/3044
f 4335/2738/3045 4337/2740/3045 4339/2742/3045
f 4340/2743/3044 4338/2741/3044 4336/2739/3044
f 4341/2744/3045 4339/2742/3045 4337/2740/3045
f 4338/2741/3046 4340/2743/3046 4342/2745/3046
f 4339/2742/3047 4341/2744/3047 4343/2746/3047
f 4344/2747/3046 4342/2745/3046 4340/2743/3046
f 4345/2748/3047 4343/2746/3047 4341/2744/3047
f 4342/2745/3048 4344/2747/3048 4346/2749/3048
f 4343/2746/3049 4345/2748/3049 4347/2750/3049
f 4348/2751/3048 4346/2749/3048 4344/2747/3048
f 4349/2752/3049 4347/2750/3049 4345/2748/3049
f 4346/2749/3050 4348/2751/3050 4350/2753/3050
f 4347/2750/3051 4349/2752/3051 4351/2754/3051
f 4352/2755/3050 4350/2753/3050 4348/2751/3050
f 4350/2753/3052 4352/2755/3052 4353/2756/3052
f 4354/2757/3052 4353/2756/3052 4352/2755/3052
f 4355/2758/3051 4351/2754/3051 4349/2752/3051
f 4351/2754/3053 4355/2758/3053 4356/2759/3053
f 4357/2760/3053 4356/2759/3053 4355/2758/3053
f 4360/2761/2651 4359/2762/2651 4358/2763/2651
f 4362/2764/2651 4361/2765/2651 4358/2763/2651
f 4359/2762/2651 4362/2764/2651 4358/2763/2651
f 4364/2766/2651 4362/2764/2651 4363/2767/2651
f 4363/2767/2651 4362/2764/2651 4365/2768/2651
f 4365/2768/2651 4362/2764/2651 4359/2762/2651
f 4366/2769/2651 4363/2767/2651 4365/2768/2651
f 4368/2770/2651 4367/2771/2651 4359/2762/2651
f 4367/2771/2651 4369/2772/2651 4359/2762/2651
f 4369/2772/2651 4365/2768/2651 4359/2762/2651
f 4370/2773/2651 4369/2772/2651 4367/2771/2651
f 4371/2774/2651 4365/2768/2651 4369/2772/2651
f 4372/2775/2651 4365/2768/2651 4371/2774/2651
f 4373/2776/2651 4371/2774/2651 4369/2772/2651
f 4376/2777/3062 4375/2778/3062 4374/2779/3062
f 4377/2780/3062 4374/2779/3062 4375/2778/3062
f 4380/2781/2600 4379/2782/2600 4378/2783/2600
f 4381/2784/2600 4378/2783/2600 4379/2782/2600
f 4384/2785/2031 4383/2786/2031 4382/2787/2031
f 4382/2787/2031 4385/2788/2031 4384/2785/2031
f 4386/2789/2031 4384/2785/2031 4385/2788/2031
f 4387/2790/2031 4383/2786/2031 4384/2785/2031
f 4388/2791/2031 4383/2786/2031 4387/2790/2031
f 4389/2792/2031 4383/2786/2031 4388/2791/2031
f 4390/2793/2031 4389/2792/2031 4388/2791/2031
f 4390/2793/2031 4388/2791/2031 4391/2794/2031
f 4390/2793/2031 4391/2794/2031 4392/2795/2031
f 4390/2793/2031 4392/2795/2031 4393/2796/2031
f 4396/2797/17 4395/2798/17 4394/2799/17
f 4395/2798/17 4397/2800/17 4394/2799/17
f 4398/2801/17 4396/2797/17 4394/2799/17
f 4397/2800/17 4399/2802/17 4394/2799/17
f 4397/2800/17 4400/2803/17 4399/2802/17
f 4397/2800/17 4401/2804/17 4400/2803/17
f 4402/2805/17 4396/2797/17 4398/2801/17
f 4403/2806/17 4396/2797/17 4402/2805/17
f 4402/2805/17 4404/2807/17 4403/2806/17
f 4405/2808/17 4403/2806/17 4404/2807/17
f 4408/2809/2600 4407/2810/2600 4406/2811/2600
f 4409/2812/2600 4406/2811/2600 4407/2810/2600
f 4412/2783/2651 4411/2778/2651 4410/2781/2651
f 4413/2777/2651 4410/2781/2651 4411/2778/2651
f 4416/2782/2649 4415/2809/2649 4414/2784/2649
f 4417/2811/2649 4414/2784/2649 4415/2809/2649
f 4420/2780/2651 4419/2813/2651 4418/2779/2651
f 4421/2814/2651 4418/2779/2651 4419/2813/2651
f 4421/2814/2651 4419/2813/2651 4422/2815/2651
f 4423/2816/2651 4422/2815/2651 4419/2813/2651
f 4426/2816/3063 4425/2817/3063 4424/2815/3063
f 4427/2818/3063 4424/2815/3063 4425/2817/3063
f 4430/2819/2619 4429/2820/2619 4428/2821/2619
f 4431/2822/2619 4428/2821/2619 4429/2820/2619
f 4434/2823/2619 4433/2824/2619 4432/2825/2619
f 4435/2826/2619 4432/2825/2619 4433/2824/2619
f 4438/2818/2651 4437/2817/2651 4436/2822/2651
f 4439/2821/2651 4436/2822/2651 4437/2817/2651
f 4442/2803/17 4441/2804/17 4440/2827/17
f 4443/2828/17 4440/2827/17 4441/2804/17
f 4446/2825/2649 4445/2826/2649 4444/2819/2649
f 4447/2820/2649 4444/2819/2649 4445/2826/2649
f 4450/2796/2031 4449/2795/2031 4448/2829/2031
f 4451/2830/2031 4448/2829/2031 4449/2795/2031
f 4454/2831/17 4453/2832/17 4452/2833/17
f 4455/2834/17 4452/2833/17 4453/2832/17
f 4456/2835/17 4452/2833/17 4455/2834/17
f 4457/2836/17 4456/2835/17 4455/2834/17
f 4457/2836/17 4458/2837/17 4456/2835/17
f 4457/2836/17 4459/2838/17 4458/2837/17
f 4460/2839/17 4459/2838/17 4457/2836/17
f 4457/2836/17 4461/2840/17 4460/2839/17
f 4461/2840/17 4462/2841/17 4460/2839/17
f 4460/2839/17 4462/2841/17 4463/2842/17
f 4461/2840/17 4464/2843/17 4462/2841/17
f 4464/2843/17 4465/2844/17 4462/2841/17
f 4465/2844/17 4466/2845/17 4462/2841/17
f 4466/2845/17 4467/2846/17 4462/2841/17
f 4470/2847/3064 4469/2848/3064 4468/2849/3064
f 4471/2850/3064 4468/2849/3064 4469/2848/3064
f 4469/2848/2651 4472/2851/2651 4471/2850/2651
f 4473/2852/2651 4471/2850/2651 4472/2851/2651
f 4470/2847/3064 4474/2853/3064 4469/2848/3064
f 4475/2854/3064 4469/2848/3064 4474/2853/3064
f 4470/2847/3065 4476/2855/3065 4474/2853/3065
f 4470/2847/3066 4468/2849/3066 4477/2856/3066
f 4470/2847/3067 4477/2856/3067 4476/2855/3067
f 4478/2857/3066 4477/2856/3066 4468/2849/3066
f 4477/2856/3068 4479/2858/3068 4476/2855/3068
f 4477/2856/3069 4478/2857/3069 4479/2858/3069
f 4480/2859/3069 4479/2858/3069 4478/2857/3069
f 4480/2859/2600 4481/2860/2600 4479/2858/2600
f 4482/2861/2600 4479/2858/2600 4481/2860/2600
f 4482/2861/2600 4481/2860/2600 4483/2862/2600
f 4484/2863/2600 4483/2862/2600 4481/2860/2600
f 4487/2864/2619 4486/2865/2619 4485/2866/2619
f 4486/2865/2619 4488/2867/2619 4485/2866/2619
f 4486/2865/2619 4487/2864/2619 4489/2868/2619
f 4490/2869/2619 4489/2868/2619 4487/2864/2619
f 4490/2869/3070 4487/2864/3070 4491/2870/3070
f 4492/2871/3070 4491/2870/3070 4487/2864/3070
f 4492/2871/3071 4493/2872/3071 4491/2870/3071
f 4494/2873/3071 4491/2870/3071 4493/2872/3071
f 4493/2872/3072 4495/2874/3072 4494/2873/3072
f 4496/2875/3072 4494/2873/3072 4495/2874/3072
f 4496/2875/3073 4495/2874/3073 4497/2876/3073
f 4498/2877/3073 4497/2876/3073 4495/2874/3073
f 4498/2877/3074 4499/2878/3074 4497/2876/3074
f 4500/2879/3074 4497/2876/3074 4499/2878/3074
f 4503/2861/3075 4502/2880/3075 4501/2858/3075
f 4503/2861/3075 4504/2862/3075 4502/2880/3075
f 4505/2881/3076 4502/2880/3076 4504/2862/3076
f 4502/2880/3077 4506/2855/3077 4501/2858/3077
f 4502/2880/3078 4507/2882/3078 4506/2855/3078
f 4510/2868/2649 4509/2883/2649 4508/2865/2649
f 4511/2884/2649 4508/2865/2649 4509/2883/2649
f 4514/2884/2619 4513/2883/2619 4512/2851/2619
f 4515/2852/2619 4512/2851/2619 4513/2883/2619
f 4518/2885/2031 4517/2884/2031 4516/2886/2031
f 4519/2851/2031 4516/2886/2031 4517/2884/2031
f 4522/2887/2031 4521/2888/2031 4520/2889/2031
f 4523/2890/2031 4520/2889/2031 4521/2888/2031
f 4523/2890/2031 4524/2891/2031 4520/2889/2031
f 4525/2892/2031 4520/2889/2031 4524/2891/2031
f 4524/2891/2031 4526/2893/2031 4525/2892/2031
f 4526/2893/2031 4524/2891/2031 4527/2894/2031
f 4524/2891/2031 4528/2895/2031 4527/2894/2031
f 4529/2896/2031 4528/2895/2031 4524/2891/2031
f 4532/2842/3079 4531/2841/3079 4530/2897/3079
f 4533/2898/3080 4530/2897/3080 4531/2841/3080
f 4531/2841/3081 4534/2846/3081 4533/2898/3081
f 4535/2899/3082 4533/2898/3082 4534/2846/3082
f 4538/2862/3083 4537/2863/3083 4536/2900/3083
f 4539/2901/3083 4536/2900/3083 4537/2863/3083
f 4541/2902/3084 4540/2903/3084 4538/2862/3084
f 4542/2881/3085 4538/2862/3085 4540/2903/3085
f 4545/2896/3086 4544/2891/3086 4543/2904/3086
f 4546/2905/3087 4543/2904/3087 4544/2891/3087
f 4549/2906/3088 4548/2879/3088 4547/2907/3088
f 4550/2878/3088 4547/2907/3088 4548/2879/3088
f 4553/2908/17 4552/2909/17 4551/2910/17
f 4554/2911/17 4551/2910/17 4552/2909/17
f 4551/2910/17 4555/2912/17 4553/2908/17
f 4555/2912/17 4556/2913/17 4553/2908/17
f 4557/2914/17 4556/2913/17 4555/2912/17
f 4558/2915/17 4556/2913/17 4557/2914/17
f 4558/2915/17 4559/2916/17 4556/2913/17
f 4560/2917/17 4556/2913/17 4559/2916/17
f 4561/2918/17 4560/2917/17 4559/2916/17
f 4561/2918/17 4559/2916/17 4562/2919/17
f 4563/2920/17 4560/2917/17 4561/2918/17
f 4564/2921/17 4563/2920/17 4561/2918/17
f 4565/2922/17 4564/2921/17 4561/2918/17
f 4566/2923/17 4565/2922/17 4561/2918/17
f 4569/2924/3089 4568/2925/3089 4567/2926/3089
f 4568/2925/2651 4569/2924/2651 4570/2927/2651
f 4571/2928/2651 4570/2927/2651 4569/2924/2651
f 4572/2929/3089 4567/2926/3089 4568/2925/3089
f 4572/2929/3089 4568/2925/3089 4573/2930/3089
f 4574/2931/3089 4573/2930/3089 4568/2925/3089
f 4575/2932/3090 4572/2929/3090 4573/2930/3090
f 4572/2929/3091 4576/2933/3091 4567/2926/3091
f 4576/2933/3092 4572/2929/3092 4575/2932/3092
f 4577/2934/3091 4567/2926/3091 4576/2933/3091
f 4578/2935/3093 4576/2933/3093 4575/2932/3093
f 4576/2933/3094 4578/2935/3094 4577/2934/3094
f 4579/2936/3094 4577/2934/3094 4578/2935/3094
f 4579/2936/2619 4578/2935/2619 4580/2937/2619
f 4581/2938/2619 4580/2937/2619 4578/2935/2619
f 4581/2938/2619 4582/2939/2619 4580/2937/2619
f 4583/2940/2619 4580/2937/2619 4582/2939/2619
f 4586/2941/2600 4585/2942/2600 4584/2943/2600
f 4587/2944/2600 4586/2941/2600 4584/2943/2600
f 4586/2941/2600 4588/2945/2600 4585/2942/2600
f 4589/2946/2600 4585/2942/2600 4588/2945/2600
f 4589/2946/3095 4590/2947/3095 4585/2942/3095
f 4591/2948/3095 4585/2942/3095 4590/2947/3095
f 4591/2948/3096 4590/2947/3096 4592/2949/3096
f 4593/2950/3096 4592/2949/3096 4590/2947/3096
f 4592/2949/3097 4593/2950/3097 4594/2951/3097
f 4595/2952/3097 4594/2951/3097 4593/2950/3097
f 4595/2952/3098 4596/2953/3098 4594/2951/3098
f 4597/2954/3098 4594/2951/3098 4596/2953/3098
f 4597/2954/3099 4596/2953/3099 4598/2955/3099
f 4599/2956/3099 4598/2955/3099 4596/2953/3099
f 4602/2957/3100 4601/2938/3100 4600/2935/3100
f 4601/2938/3100 4602/2957/3100 4603/2939/3100
f 4604/2958/3101 4603/2939/3101 4602/2957/3101
f 4605/2932/3102 4602/2957/3102 4600/2935/3102
f 4606/2959/3103 4602/2957/3103 4605/2932/3103
f 4609/2960/2649 4608/2961/2649 4607/2941/2649
f 4610/2945/2649 4607/2941/2649 4608/2961/2649
f 4613/2928/2600 4612/2961/2600 4611/2927/2600
f 4614/2960/2600 4611/2927/2600 4612/2961/2600
f 4617/2927/2031 4616/2960/2031 4615/2962/2031
f 4618/2963/2031 4615/2962/2031 4616/2960/2031
f 4621/2964/2031 4620/2965/2031 4619/2966/2031
f 4622/2967/2031 4619/2966/2031 4620/2965/2031
f 4621/2964/2031 4619/2966/2031 4623/2968/2031
f 4624/2969/2031 4623/2968/2031 4619/2966/2031
f 4625/2970/2031 4623/2968/2031 4624/2969/2031
f 4623/2968/2031 4625/2970/2031 4626/2971/2031
f 4627/2972/2031 4623/2968/2031 4626/2971/2031
f 4627/2972/2031 4628/2973/2031 4623/2968/2031
f 4631/2974/3104 4630/2918/3104 4629/2975/3104
f 4632/2919/3105 4629/2975/3105 4630/2918/3105
f 4630/2918/3106 4631/2974/3106 4633/2923/3106
f 4634/2976/3107 4633/2923/3107 4631/2974/3107
f 4637/2977/3108 4636/2940/3108 4635/2978/3108
f 4638/2939/3108 4635/2978/3108 4636/2940/3108
f 4640/2958/3109 4639/2979/3109 4638/2939/3109
f 4641/2980/3110 4638/2939/3110 4639/2979/3110
f 4644/2981/3111 4643/2968/3111 4642/2982/3111
f 4645/2973/3112 4642/2982/3112 4643/2968/3112
f 4648/2955/3113 4647/2956/3113 4646/2983/3113
f 4649/2984/3113 4646/2983/3113 4647/2956/3113
f 4652/2985/2600 4651/2986/2600 4650/2987/2600
f 4653/2988/2600 4650/2987/2600 4651/2986/2600
f 4656/2989/2600 4655/2990/2600 4654/2991/2600
f 4657/2992/2600 4654/2991/2600 4655/2990/2600
f 4660/2987/2651 4659/2993/2651 4658/2985/2651
f 4661/2994/2651 4658/2985/2651 4659/2993/2651
f 4664/2985/17 4663/2994/17 4662/2995/17
f 4665/2996/17 4662/2995/17 4663/2994/17
f 4663/2994/17 4666/2997/17 4665/2996/17
f 4666/2997/17 4667/2998/17 4665/2996/17
f 4668/2999/17 4665/2996/17 4667/2998/17
f 4671/2986/2649 4670/2989/2649 4669/2988/2649
f 4672/2991/2649 4669/2988/2649 4670/2989/2649
f 4675/3000/2031 4674/3001/2031 4673/2987/2031
f 4676/2993/2031 4673/2987/2031 4674/3001/2031
f 4677/3002/2031 4676/2993/2031 4674/3001/2031
f 4677/3002/2031 4674/3001/2031 4678/3003/2031
f 4679/3004/2031 4678/3003/2031 4674/3001/2031
f 4682/3005/2619 4681/3006/2619 4680/3007/2619
f 4683/3008/2619 4680/3007/2619 4681/3006/2619
f 4686/3009/2600 4685/3010/2600 4684/3011/2600
f 4687/3012/2600 4684/3011/2600 4685/3010/2600
f 4690/3013/2031 4689/3008/2031 4688/3014/2031
f 4691/3010/2031 4688/3014/2031 4689/3008/2031
f 4694/3015/17 4693/3012/17 4692/3016/17
f 4695/3006/17 4692/3016/17 4693/3012/17
f 4698/3006/3114 4697/3017/3114 4696/3008/3114
f 4697/3017/3115 4698/3006/3115 4699/3018/3115
f 4700/3019/3114 4696/3008/3114 4697/3017/3114
f 4701/3012/3116 4699/3018/3116 4698/3006/3116
f 4696/3008/3117 4700/3019/3117 4702/3010/3117
f 4699/3018/3118 4701/3012/3118 4703/3020/3118
f 4703/3020/3119 4702/3010/3119 4700/3019/3119
f 4702/3010/3118 4703/3020/3118 4701/3012/3118
f 4706/3021/2619 4705/3022/2619 4704/3023/2619
f 4707/3024/2619 4704/3023/2619 4705/3022/2619
f 4704/3023/3120 4708/2994/3120 4706/3021/3120
f 4709/2993/3120 4706/3021/3120 4708/2994/3120
f 4712/3025/2619 4711/3026/2619 4710/3027/2619
f 4713/3028/2619 4710/3027/2619 4711/3026/2619
f 4716/3029/2619 4715/3030/2619 4714/3031/2619
f 4717/3032/2619 4714/3031/2619 4715/3030/2619
f 4720/3033/2651 4719/3034/2651 4718/3028/2651
f 4721/3027/2651 4718/3028/2651 4719/3034/2651
f 4724/3035/17 4723/3033/17 4722/3036/17
f 4725/3028/17 4722/3036/17 4723/3033/17
f 4726/3037/17 4723/3033/17 4724/3035/17
f 4726/3037/17 4724/3035/17 4727/3038/17
f 4728/3039/17 4727/3038/17 4724/3035/17
f 4731/3031/2649 4730/3032/2649 4729/3025/2649
f 4732/3026/2649 4729/3025/2649 4730/3032/2649
f 4735/3034/2031 4734/3040/2031 4733/3027/2031
f 4736/3041/2031 4733/3027/2031 4734/3040/2031
f 4735/3034/2031 4737/3042/2031 4734/3040/2031
f 4737/3042/2031 4738/3043/2031 4734/3040/2031
f 4739/3044/2031 4734/3040/2031 4738/3043/2031
f 4742/3045/2600 4741/3046/2600 4740/3047/2600
f 4743/3048/2600 4740/3047/2600 4741/3046/2600
f 4746/3049/2619 4745/3050/2619 4744/3051/2619
f 4747/3052/2619 4744/3051/2619 4745/3050/2619
f 4750/3050/2031 4749/3045/2031 4748/3053/2031
f 4751/3054/2031 4748/3053/2031 4749/3045/2031
f 4754/3046/17 4753/3049/17 4752/3055/17
f 4755/3056/17 4752/3055/17 4753/3049/17
f 4758/3057/3121 4757/3058/3121 4756/3045/3121
f 4759/3046/3121 4756/3045/3121 4757/3058/3121
f 4756/3045/3122 4760/3050/3122 4758/3057/3122
f 4757/3058/3123 4761/3059/3123 4759/3046/3123
f 4762/3060/3124 4758/3057/3124 4760/3050/3124
f 4763/3049/3125 4759/3046/3125 4761/3059/3125
f 4760/3050/3126 4763/3049/3126 4762/3060/3126
f 4761/3059/3126 4762/3060/3126 4763/3049/3126
f 4766/3061/2600 4765/3062/2600 4764/3063/2600
f 4767/3064/2600 4764/3063/2600 4765/3062/2600
f 4770/3063/3127 4769/3064/3127 4768/3033/3127
f 4771/3034/3127 4768/3033/3127 4769/3064/3127
f 4774/3065/3128 4773/3066/3128 4772/3067/3128
f 4775/3068/3129 4772/3067/3129 4773/3066/3129
f 4775/3068/3130 4776/3069/3130 4772/3067/3130
f 4777/3070/3131 4772/3067/3131 4776/3069/3131
f 4773/3066/3132 4774/3065/3132 4778/3071/3132
f 4779/3072/3132 4778/3071/3132 4774/3065/3132
f 4779/3072/3133 4780/3073/3133 4778/3071/3133
f 4781/3074/3133 4778/3071/3133 4780/3073/3133
f 4780/3073/3134 4782/3075/3134 4781/3074/3134
f 4783/3076/3135 4781/3074/3135 4782/3075/3135
f 4782/3075/3136 4784/3077/3136 4783/3076/3136
f 4785/3078/3137 4783/3076/3137 4784/3077/3137
f 4784/3077/3138 4786/3079/3138 4785/3078/3138
f 4787/3080/3139 4785/3078/3139 4786/3079/3139
f 4787/3080/3140 4786/3079/3140 4788/3081/3140
f 4789/3082/3141 4788/3081/3141 4786/3079/3141
f 4788/3081/3142 4789/3082/3142 4790/3083/3142
f 4791/3084/3142 4790/3083/3142 4789/3082/3142
f 4790/3083/3143 4791/3084/3143 4792/3085/3143
f 4793/3086/3144 4792/3085/3144 4791/3084/3144
f 4792/3085/3145 4793/3086/3145 4794/3087/3145
f 4795/3088/3146 4794/3087/3146 4793/3086/3146
f 4795/3088/3147 4796/3089/3147 4794/3087/3147
f 4797/3090/3148 4794/3087/3148 4796/3089/3148
f 4796/3089/3149 4798/3091/3149 4797/3090/3149
f 4799/3092/3150 4797/3090/3150 4798/3091/3150
f 4798/3091/3151 4800/3093/3151 4799/3092/3151
f 4801/3094/3151 4799/3092/3151 4800/3093/3151
f 4804/3095/3152 4803/3096/3152 4802/3097/3152
f 4805/3098/3153 4802/3097/3153 4803/3096/3153
f 4804/3095/3154 4802/3097/3154 4806/3099/3154
f 4807/3100/3155 4806/3099/3155 4802/3097/3155
f 4807/3100/3156 4808/3070/3156 4806/3099/3156
f 4809/3069/3157 4806/3099/3157 4808/3070/3157
f 4812/3101/3158 4811/3102/3158 4810/3103/3158
f 4811/3102/3159 4813/3104/3159 4810/3103/3159
f 4813/3104/3160 4814/3105/3160 4810/3103/3160
f 4814/3105/3161 4815/3106/3161 4810/3103/3161
f 4815/3106/3162 4816/3107/3162 4810/3103/3162
f 4810/3103/3163 4816/3107/3163 4817/3108/3163
f 4816/3107/3164 4818/3109/3164 4817/3108/3164
f 4818/3109/3165 4819/3110/3165 4817/3108/3165
f 4819/3110/3166 4820/3111/3166 4817/3108/3166
f 4810/3103/3167 4817/3108/3167 4821/3112/3167
f 4817/3108/3168 4822/3113/3168 4821/3112/3168
f 4810/3103/3167 4821/3112/3167 4812/3101/3167
f 4822/3113/2421 4823/3114/2421 4821/3112/2421
f 4823/3114/2421 4824/3115/2421 4821/3112/2421
f 4821/3112/3169 4825/3116/3169 4812/3101/3169
f 4825/3116/3170 4826/3117/3170 4812/3101/3170
f 4826/3117/3171 4827/3118/3171 4812/3101/3171
f 4827/3118/3172 4828/3119/3172 4812/3101/3172
f 4831/3093/3173 4830/3120/3173 4829/3094/3173
f 4832/3121/3174 4829/3094/3174 4830/3120/3174
f 4835/3065/3175 4834/3066/3175 4833/3067/3175
f 4836/3068/3176 4833/3067/3176 4834/3066/3176
f 4836/3068/3177 4837/3069/3177 4833/3067/3177
f 4838/3070/3178 4833/3067/3178 4837/3069/3178
f 4834/3066/3179 4835/3065/3179 4839/3071/3179
f 4840/3072/3180 4839/3071/3180 4835/3065/3180
f 4840/3072/3181 4841/3073/3181 4839/3071/3181
f 4842/3074/3182 4839/3071/3182 4841/3073/3182
f 4841/3073/3183 4843/3075/3183 4842/3074/3183
f 4844/3076/3184 4842/3074/3184 4843/3075/3184
f 4843/3075/3185 4845/3077/3185 4844/3076/3185
f 4846/3078/3186 4844/3076/3186 4845/3077/3186
f 4845/3077/3187 4847/3079/3187 4846/3078/3187
f 4848/3080/3187 4846/3078/3187 4847/3079/3187
f 4848/3080/3188 4847/3079/3188 4849/3081/3188
f 4850/3082/3188 4849/3081/3188 4847/3079/3188
f 4849/3081/3189 4850/3082/3189 4851/3083/3189
f 4852/3084/3189 4851/3083/3189 4850/3082/3189
f 4851/3083/3190 4852/3084/3190 4853/3085/3190
f 4854/3086/3190 4853/3085/3190 4852/3084/3190
f 4853/3085/3191 4854/3086/3191 4855/3087/3191
f 4856/3088/3191 4855/3087/3191 4854/3086/3191
f 4856/3088/3192 4857/3089/3192 4855/3087/3192
f 4858/3090/3192 4855/3087/3192 4857/3089/3192
f 4857/3089/3193 4859/3091/3193 4858/3090/3193
f 4860/3092/3194 4858/3090/3194 4859/3091/3194
f 4859/3091/3195 4861/3093/3195 4860/3092/3195
f 4862/3094/3196 4860/3092/3196 4861/3093/3196
f 4865/3095/3197 4864/3096/3197 4863/3097/3197
f 4866/3098/3197 4863/3097/3197 4864/3096/3197
f 4865/3095/3198 4863/3097/3198 4867/3099/3198
f 4868/3100/3199 4867/3099/3199 4863/3097/3199
f 4868/3100/3200 4869/3070/3200 4867/3099/3200
f 4870/3069/3201 4867/3099/3201 4869/3070/3201
f 4873/3101/3202 4872/3102/3202 4871/3103/3202
f 4872/3102/3203 4874/3104/3203 4871/3103/3203
f 4874/3104/3204 4875/3105/3204 4871/3103/3204
f 4875/3105/3205 4876/3106/3205 4871/3103/3205
f 4876/3106/3206 4877/3107/3206 4871/3103/3206
f 4871/3103/3207 4877/3107/3207 4878/3108/3207
f 4877/3107/3208 4879/3109/3208 4878/3108/3208
f 4879/3109/3209 4880/3110/3209 4878/3108/3209
f 4880/3110/3210 4881/3111/3210 4878/3108/3210
f 4871/3103/3211 4878/3108/3211 4882/3112/3211
f 4878/3108/3212 4883/3113/3212 4882/3112/3212
f 4871/3103/3211 4882/3112/3211 4873/3101/3211
f 4883/3113/2144 4884/3114/2144 4882/3112/2144
f 4884/3114/2144 4885/3115/2144 4882/3112/2144
f 4882/3112/3213 4886/3116/3213 4873/3101/3213
f 4886/3116/3214 4887/3117/3214 4873/3101/3214
f 4887/3117/3215 4888/3118/3215 4873/3101/3215
f 4888/3118/3216 4889/3119/3216 4873/3101/3216
f 4892/3093/3217 4891/3120/3217 4890/3094/3217
f 4893/3121/3218 4890/3094/3218 4891/3120/3218
f 4896/3065/3149 4895/3066/3149 4894/3067/3149
f 4897/3068/3219 4894/3067/3219 4895/3066/3219
f 4897/3068/3220 4898/3069/3220 4894/3067/3220
f 4899/3070/3151 4894/3067/3151 4898/3069/3151
f 4895/3066/3221 4896/3065/3221 4900/3071/3221
f 4901/3072/3147 4900/3071/3147 4896/3065/3147
f 4901/3072/3146 4902/3073/3146 4900/3071/3146
f 4903/3074/3222 4900/3071/3222 4902/3073/3222
f 4902/3073/3144 4904/3075/3144 4903/3074/3144
f 4905/3076/3223 4903/3074/3223 4904/3075/3223
f 4904/3075/3224 4906/3077/3224 4905/3076/3224
f 4907/3078/3225 4905/3076/3225 4906/3077/3225
f 4906/3077/3226 4908/3079/3226 4907/3078/3226
f 4909/3080/3227 4907/3078/3227 4908/3079/3227
f 4909/3080/3228 4908/3079/3228 4910/3081/3228
f 4911/3082/3229 4910/3081/3229 4908/3079/3229
f 4910/3081/3230 4911/3082/3230 4912/3083/3230
f 4913/3084/3230 4912/3083/3230 4911/3082/3230
f 4912/3083/3231 4913/3084/3231 4914/3085/3231
f 4915/3086/3134 4914/3085/3134 4913/3084/3134
f 4914/3085/3133 4915/3086/3133 4916/3087/3133
f 4917/3088/3133 4916/3087/3133 4915/3086/3133
f 4917/3088/3132 4918/3089/3132 4916/3087/3132
f 4919/3090/3232 4916/3087/3232 4918/3089/3232
f 4918/3089/3233 4920/3091/3233 4919/3090/3233
f 4921/3092/3234 4919/3090/3234 4920/3091/3234
f 4920/3091/3131 4922/3093/3131 4921/3092/3131
f 4923/3094/3131 4921/3092/3131 4922/3093/3131
f 4926/3095/3235 4925/3096/3235 4924/3097/3235
f 4927/3098/3236 4924/3097/3236 4925/3096/3236
f 4926/3095/3237 4924/3097/3237 4928/3099/3237
f 4929/3100/3238 4928/3099/3238 4924/3097/3238
f 4929/3100/3174 4930/3070/3174 4928/3099/3174
f 4931/3069/3174 4928/3099/3174 4930/3070/3174
f 4934/3101/2569 4933/3102/2569 4932/3103/2569
f 4933/3102/3239 4935/3104/3239 4932/3103/3239
f 4935/3104/3240 4936/3105/3240 4932/3103/3240
f 4936/3105/2569 4937/3106/2569 4932/3103/2569
f 4937/3106/2569 4938/3107/2569 4932/3103/2569
f 4932/3103/2569 4938/3107/2569 4939/3108/2569
f 4938/3107/2569 4940/3109/2569 4939/3108/2569
f 4940/3109/2569 4941/3110/2569 4939/3108/2569
f 4941/3110/2569 4942/3111/2569 4939/3108/2569
f 4932/3103/2569 4939/3108/2569 4943/3112/2569
f 4939/3108/2569 4944/3113/2569 4943/3112/2569
f 4932/3103/2569 4943/3112/2569 4934/3101/2569
f 4944/3113/2569 4945/3114/2569 4943/3112/2569
f 4945/3114/2569 4946/3115/2569 4943/3112/2569
f 4943/3112/2569 4947/3116/2569 4934/3101/2569
f 4947/3116/2569 4948/3117/2569 4934/3101/2569
f 4948/3117/3241 4949/3118/3241 4934/3101/3241
f 4949/3118/3242 4950/3119/3242 4934/3101/3242
f 4953/3093/3157 4952/3120/3157 4951/3094/3157
f 4954/3121/3156 4951/3094/3156 4952/3120/3156
f 4957/3065/3194 4956/3066/3194 4955/3067/3194
f 4958/3068/3243 4955/3067/3243 4956/3066/3243
f 4958/3068/3244 4959/3069/3244 4955/3067/3244
f 4960/3070/3245 4955/3067/3245 4959/3069/3245
f 4956/3066/3192 4957/3065/3192 4961/3071/3192
f 4962/3072/3192 4961/3071/3192 4957/3065/3192
f 4962/3072/3191 4963/3073/3191 4961/3071/3191
f 4964/3074/3191 4961/3071/3191 4963/3073/3191
f 4963/3073/3190 4965/3075/3190 4964/3074/3190
f 4966/3076/3246 4964/3074/3246 4965/3075/3246
f 4965/3075/3247 4967/3077/3247 4966/3076/3247
f 4968/3078/3248 4966/3076/3248 4967/3077/3248
f 4967/3077/3188 4969/3079/3188 4968/3078/3188
f 4970/3080/3188 4968/3078/3188 4969/3079/3188
f 4970/3080/3187 4969/3079/3187 4971/3081/3187
f 4972/3082/3187 4971/3081/3187 4969/3079/3187
f 4971/3081/3249 4972/3082/3249 4973/3083/3249
f 4974/3084/3249 4973/3083/3249 4972/3082/3249
f 4973/3083/3250 4974/3084/3250 4975/3085/3250
f 4976/3086/3250 4975/3085/3250 4974/3084/3250
f 4975/3085/3181 4976/3086/3181 4977/3087/3181
f 4978/3088/3181 4977/3087/3181 4976/3086/3181
f 4978/3088/3180 4979/3089/3180 4977/3087/3180
f 4980/3090/3180 4977/3087/3180 4979/3089/3180
f 4979/3089/3251 4981/3091/3251 4980/3090/3251
f 4982/3092/3251 4980/3090/3251 4981/3091/3251
f 4981/3091/3178 4983/3093/3178 4982/3092/3178
f 4984/3094/3178 4982/3092/3178 4983/3093/3178
f 4987/3095/3199 4986/3096/3199 4985/3097/3199
f 4988/3098/3199 4985/3097/3199 4986/3096/3199
f 4987/3095/3252 4985/3097/3252 4989/3099/3252
f 4990/3100/3197 4989/3099/3197 4985/3097/3197
f 4990/3100/3253 4991/3070/3253 4989/3099/3253
f 4992/3069/3254 4989/3099/3254 4991/3070/3254
f 4995/3101/3255 4994/3102/3255 4993/3103/3255
f 4994/3102/3256 4996/3104/3256 4993/3103/3256
f 4996/3104/3257 4997/3105/3257 4993/3103/3257
f 4997/3105/3258 4998/3106/3258 4993/3103/3258
f 4998/3106/3259 4999/3107/3259 4993/3103/3259
f 4993/3103/3260 4999/3107/3260 5000/3108/3260
f 4999/3107/3261 5001/3109/3261 5000/3108/3261
f 5001/3109/3262 5002/3110/3262 5000/3108/3262
f 5002/3110/3263 5003/3111/3263 5000/3108/3263
f 4993/3103/2290 5000/3108/2290 5004/3112/2290
f 5000/3108/3264 5005/3113/3264 5004/3112/3264
f 4993/3103/2290 5004/3112/2290 4995/3101/2290
f 5005/3113/2284 5006/3114/2284 5004/3112/2284
f 5006/3114/2284 5007/3115/2284 5004/3112/2284
f 5004/3112/3265 5008/3116/3265 4995/3101/3265
f 5008/3116/3266 5009/3117/3266 4995/3101/3266
f 5009/3117/3267 5010/3118/3267 4995/3101/3267
f 5010/3118/3268 5011/3119/3268 4995/3101/3268
f 5014/3093/3201 5013/3120/3201 5012/3094/3201
f 5015/3121/3200 5012/3094/3200 5013/3120/3200
f 5018/3122/3269 5017/3123/3269 5016/3124/3269
f 5017/3123/3270 5018/3122/3270 5019/3125/3270
f 5020/3126/3271 5016/3124/3271 5017/3123/3271
f 5016/3124/3272 5020/3126/3272 5021/3127/3272
f 5022/3128/3272 5021/3127/3272 5020/3126/3272
f 5023/3129/3270 5019/3125/3270 5018/3122/3270
f 5019/3125/3273 5023/3129/3273 5024/3130/3273
f 5025/3131/3274 5024/3130/3274 5023/3129/3274
f 5024/3130/3275 5025/3131/3275 5026/3132/3275
f 5027/3133/3276 5026/3132/3276 5025/3131/3276
f 5026/3132/3277 5027/3133/3277 5028/3134/3277
f 5029/3135/3277 5028/3134/3277 5027/3133/3277
f 5028/3134/3278 5029/3135/3278 5030/3136/3278
f 5031/3137/3279 5030/3136/3279 5029/3135/3279
f 5030/3136/3280 5031/3137/3280 5032/3138/3280
f 5033/3139/3280 5032/3138/3280 5031/3137/3280
f 5036/3140/3281 5035/3141/3281 5034/3142/3281
f 5037/3143/3282 5035/3141/3282 5036/3140/3282
f 5034/3142/3283 5035/3141/3283 5038/3144/3283
f 5039/3145/3284 5035/3141/3284 5037/3143/3284
f 5038/3144/3285 5035/3141/3285 5040/3146/3285
f 5041/3147/3286 5035/3141/3286 5039/3145/3286
f 5040/3146/3287 5035/3141/3287 5042/3148/3287
f 5042/3148/3288 5035/3141/3288 5041/3147/3288
f 5045/3122/3289 5044/3123/3289 5043/3124/3289
f 5044/3123/3290 5045/3122/3290 5046/3125/3290
f 5047/3126/3289 5043/3124/3289 5044/3123/3289
f 5043/3124/3291 5047/3126/3291 5048/3127/3291
f 5049/3128/3292 5048/3127/3292 5047/3126/3292
f 5050/3129/3293 5046/3125/3293 5045/3122/3293
f 5046/3125/3294 5050/3129/3294 5051/3130/3294
f 5052/3131/3294 5051/3130/3294 5050/3129/3294
f 5051/3130/3295 5052/3131/3295 5053/3132/3295
f 5054/3133/3295 5053/3132/3295 5052/3131/3295
f 5053/3132/3296 5054/3133/3296 5055/3134/3296
f 5056/3135/3297 5055/3134/3297 5054/3133/3297
f 5055/3134/3298 5056/3135/3298 5057/3136/3298
f 5058/3137/3298 5057/3136/3298 5056/3135/3298
f 5057/3136/3299 5058/3137/3299 5059/3138/3299
f 5060/3139/3300 5059/3138/3300 5058/3137/3300
f 5063/3140/3301 5062/3141/3301 5061/3142/3301
f 5064/3143/3302 5062/3141/3302 5063/3140/3302
f 5061/3142/3303 5062/3141/3303 5065/3144/3303
f 5066/3145/3304 5062/3141/3304 5064/3143/3304
f 5065/3144/3305 5062/3141/3305 5067/3146/3305
f 5068/3147/3306 5062/3141/3306 5066/3145/3306
f 5067/3146/3307 5062/3141/3307 5069/3148/3307
f 5069/3148/3308 5062/3141/3308 5068/3147/3308
f 5072/3122/3309 5071/3123/3309 5070/3124/3309
f 5071/3123/3310 5072/3122/3310 5073/3125/3310
f 5074/3126/3309 5070/3124/3309 5071/3123/3309
f 5070/3124/3311 5074/3126/3311 5075/3127/3311
f 5076/3128/3312 5075/3127/3312 5074/3126/3312
f 5077/3129/3313 5073/3125/3313 5072/3122/3313
f 5073/3125/3314 5077/3129/3314 5078/3130/3314
f 5079/3131/3315 5078/3130/3315 5077/3129/3315
f 5078/3130/3316 5079/3131/3316 5080/3132/3316
f 5081/3133/3317 5080/3132/3317 5079/3131/3317
f 5080/3132/3318 5081/3133/3318 5082/3134/3318
f 5083/3135/3319 5082/3134/3319 5081/3133/3319
f 5082/3134/3320 5083/3135/3320 5084/3136/3320
f 5085/3137/3320 5084/3136/3320 5083/3135/3320
f 5084/3136/3321 5085/3137/3321 5086/3138/3321
f 5087/3139/3322 5086/3138/3322 5085/3137/3322
f 5090/3140/3323 5089/3141/3323 5088/3142/3323
f 5091/3143/3324 5089/3141/3324 5090/3140/3324
f 5088/3142/3325 5089/3141/3325 5092/3144/3325
f 5093/3145/3326 5089/3141/3326 5091/3143/3326
f 5092/3144/3327 5089/3141/3327 5094/3146/3327
f 5095/3147/3328 5089/3141/3328 5093/3145/3328
f 5094/3146/3329 5089/3141/3329 5096/3148/3329
f 5096/3148/3330 5089/3141/3330 5095/3147/3330
f 5099/3122/3331 5098/3123/3331 5097/3124/3331
f 5098/3123/3332 5099/3122/3332 5100/3125/3332
f 5101/3126/3333 5097/3124/3333 5098/3123/3333
f 5097/3124/3334 5101/3126/3334 5102/3127/3334
f 5103/3128/3334 5102/3127/3334 5101/3126/3334
f 5104/3129/3335 5100/3125/3335 5099/3122/3335
f 5100/3125/3336 5104/3129/3336 5105/3130/3336
f 5106/3131/3337 5105/3130/3337 5104/3129/3337
f 5105/3130/3338 5106/3131/3338 5107/3132/3338
f 5108/3133/3339 5107/3132/3339 5106/3131/3339
f 5107/3132/3340 5108/3133/3340 5109/3134/3340
f 5110/3135/3341 5109/3134/3341 5108/3133/3341
f 5109/3134/3342 5110/3135/3342 5111/3136/3342
f 5112/3137/3343 5111/3136/3343 5110/3135/3343
f 5111/3136/3344 5112/3137/3344 5113/3138/3344
f 5114/3139/3344 5113/3138/3344 5112/3137/3344
f 5117/3140/3345 5116/3141/3345 5115/3142/3345
f 5118/3143/3346 5116/3141/3346 5117/3140/3346
f 5115/3142/3347 5116/3141/3347 5119/3144/3347
f 5120/3145/3348 5116/3141/3348 5118/3143/3348
f 5119/3144/3349 5116/3141/3349 5121/3146/3349
f 5122/3147/3350 5116/3141/3350 5120/3145/3350
f 5121/3146/3351 5116/3141/3351 5123/3148/3351
f 5123/3148/3352 5116/3141/3352 5122/3147/3352
f 5126/3122/3353 5125/3123/3353 5124/3124/3353
f 5125/3123/3354 5126/3122/3354 5127/3125/3354
f 5128/3126/3355 5124/3124/3355 5125/3123/3355
f 5124/3124/3356 5128/3126/3356 5129/3127/3356
f 5130/3128/3357 5129/3127/3357 5128/3126/3357
f 5131/3129/3358 5127/3125/3358 5126/3122/3358
f 5127/3125/3359 5131/3129/3359 5132/3130/3359
f 5133/3131/3360 5132/3130/3360 5131/3129/3360
f 5132/3130/3361 5133/3131/3361 5134/3132/3361
f 5135/3133/3362 5134/3132/3362 5133/3131/3362
f 5134/3132/3363 5135/3133/3363 5136/3134/3363
f 5137/3135/3364 5136/3134/3364 5135/3133/3364
f 5136/3134/3365 5137/3135/3365 5138/3136/3365
f 5139/3137/3365 5138/3136/3365 5137/3135/3365
f 5138/3136/3366 5139/3137/3366 5140/3138/3366
f 5141/3139/3367 5140/3138/3367 5139/3137/3367
f 5144/3140/3368 5143/3141/3368 5142/3142/3368
f 5145/3143/3369 5143/3141/3369 5144/3140/3369
f 5142/3142/3370 5143/3141/3370 5146/3144/3370
f 5147/3145/3371 5143/3141/3371 5145/3143/3371
f 5146/3144/3372 5143/3141/3372 5148/3146/3372
f 5149/3147/3373 5143/3141/3373 5147/3145/3373
f 5148/3146/3374 5143/3141/3374 5150/3148/3374
f 5150/3148/3375 5143/3141/3375 5149/3147/3375
f 5153/3122/3289 5152/3123/3289 5151/3124/3289
f 5152/3123/3290 5153/3122/3290 5154/3125/3290
f 5155/3126/3289 5151/3124/3289 5152/3123/3289
f 5151/3124/3376 5155/3126/3376 5156/3127/3376
f 5157/3128/3292 5156/3127/3292 5155/3126/3292
f 5158/3129/3293 5154/3125/3293 5153/3122/3293
f 5154/3125/3294 5158/3129/3294 5159/3130/3294
f 5160/3131/3294 5159/3130/3294 5158/3129/3294
f 5159/3130/3295 5160/3131/3295 5161/3132/3295
f 5162/3133/3295 5161/3132/3295 5160/3131/3295
f 5161/3132/3296 5162/3133/3296 5163/3134/3296
f 5164/3135/3297 5163/3134/3297 5162/3133/3297
f 5163/3134/3377 5164/3135/3377 5165/3136/3377
f 5166/3137/3377 5165/3136/3377 5164/3135/3377
f 5165/3136/3378 5166/3137/3378 5167/3138/3378
f 5168/3139/3300 5167/3138/3300 5166/3137/3300
f 5171/3140/3301 5170/3141/3301 5169/3142/3301
f 5172/3143/3302 5170/3141/3302 5171/3140/3302
f 5169/3142/3303 5170/3141/3303 5173/3144/3303
f 5174/3145/3304 5170/3141/3304 5172/3143/3304
f 5173/3144/3305 5170/3141/3305 5175/3146/3305
f 5176/3147/3306 5170/3141/3306 5174/3145/3306
f 5175/3146/3379 5170/3141/3379 5177/3148/3379
f 5177/3148/3308 5170/3141/3308 5176/3147/3308
f 5180/3122/3380 5179/3123/3380 5178/3124/3380
f 5179/3123/3381 5180/3122/3381 5181/3125/3381
f 5182/3126/3382 5178/3124/3382 5179/3123/3382
f 5178/3124/3383 5182/3126/3383 5183/3127/3383
f 5184/3128/3384 5183/3127/3384 5182/3126/3384
f 5185/3129/3385 5181/3125/3385 5180/3122/3385
f 5181/3125/3386 5185/3129/3386 5186/3130/3386
f 5187/3131/3386 5186/3130/3386 5185/3129/3386
f 5186/3130/2966 5187/3131/2966 5188/3132/2966
f 5189/3133/2966 5188/3132/2966 5187/3131/2966
f 5188/3132/3387 5189/3133/3387 5190/3134/3387
f 5191/3135/3388 5190/3134/3388 5189/3133/3388
f 5190/3134/3389 5191/3135/3389 5192/3136/3389
f 5193/3137/3390 5192/3136/3390 5191/3135/3390
f 5192/3136/3391 5193/3137/3391 5194/3138/3391
f 5195/3139/3392 5194/3138/3392 5193/3137/3392
f 5198/3140/3393 5197/3141/3393 5196/3142/3393
f 5199/3143/3394 5197/3141/3394 5198/3140/3394
f 5196/3142/3395 5197/3141/3395 5200/3144/3395
f 5201/3145/3396 5197/3141/3396 5199/3143/3396
f 5200/3144/3397 5197/3141/3397 5202/3146/3397
f 5203/3147/3398 5197/3141/3398 5201/3145/3398
f 5202/3146/3399 5197/3141/3399 5204/3148/3399
f 5204/3148/3400 5197/3141/3400 5203/3147/3400
f 5207/3122/3401 5206/3123/3401 5205/3124/3401
f 5206/3123/3402 5207/3122/3402 5208/3125/3402
f 5209/3126/3401 5205/3124/3401 5206/3123/3401
f 5205/3124/3403 5209/3126/3403 5210/3127/3403
f 5211/3128/3403 5210/3127/3403 5209/3126/3403
f 5212/3129/3402 5208/3125/3402 5207/3122/3402
f 5208/3125/3404 5212/3129/3404 5213/3130/3404
f 5214/3131/3405 5213/3130/3405 5212/3129/3405
f 5213/3130/3406 5214/3131/3406 5215/3132/3406
f 5216/3133/3406 5215/3132/3406 5214/3131/3406
f 5215/3132/3407 5216/3133/3407 5217/3134/3407
f 5218/3135/3407 5217/3134/3407 5216/3133/3407
f 5217/3134/3408 5218/3135/3408 5219/3136/3408
f 5220/3137/3408 5219/3136/3408 5218/3135/3408
f 5219/3136/3409 5220/3137/3409 5221/3138/3409
f 5222/3139/3409 5221/3138/3409 5220/3137/3409
f 5225/3140/3410 5224/3141/3410 5223/3142/3410
f 5226/3143/3411 5224/3141/3411 5225/3140/3411
f 5223/3142/3412 5224/3141/3412 5227/3144/3412
f 5228/3145/3413 5224/3141/3413 5226/3143/3413
f 5227/3144/3414 5224/3141/3414 5229/3146/3414
f 5230/3147/3415 5224/3141/3415 5228/3145/3415
f 5229/3146/3416 5224/3141/3416 5231/3148/3416
f 5231/3148/3417 5224/3141/3417 5230/3147/3417
f 5234/3122/3418 5233/3123/3418 5232/3124/3418
f 5233/3123/3419 5234/3122/3419 5235/3125/3419
f 5236/3126/3418 5232/3124/3418 5233/3123/3418
f 5232/3124/3420 5236/3126/3420 5237/3127/3420
f 5238/3128/3421 5237/3127/3421 5236/3126/3421
f 5239/3129/3419 5235/3125/3419 5234/3122/3419
f 5235/3125/3422 5239/3129/3422 5240/3130/3422
f 5241/3131/3423 5240/3130/3423 5239/3129/3423
f 5240/3130/3424 5241/3131/3424 5242/3132/3424
f 5243/3133/3425 5242/3132/3425 5241/3131/3425
f 5242/3132/3426 5243/3133/3426 5244/3134/3426
f 5245/3135/3427 5244/3134/3427 5243/3133/3427
f 5244/3134/3428 5245/3135/3428 5246/3136/3428
f 5247/3137/3428 5246/3136/3428 5245/3135/3428
f 5246/3136/3429 5247/3137/3429 5248/3138/3429
f 5249/3139/3430 5248/3138/3430 5247/3137/3430
f 5252/3140/3431 5251/3141/3431 5250/3142/3431
f 5253/3143/3432 5251/3141/3432 5252/3140/3432
f 5250/3142/3433 5251/3141/3433 5254/3144/3433
f 5255/3145/3434 5251/3141/3434 5253/3143/3434
f 5254/3144/3435 5251/3141/3435 5256/3146/3435
f 5257/3147/3436 5251/3141/3436 5255/3145/3436
f 5256/3146/3437 5251/3141/3437 5258/3148/3437
f 5258/3148/3438 5251/3141/3438 5257/3147/3438
f 5261/3122/3439 5260/3123/3439 5259/3124/3439
f 5260/3123/3440 5261/3122/3440 5262/3125/3440
f 5263/3126/3439 5259/3124/3439 5260/3123/3439
f 5259/3124/3441 5263/3126/3441 5264/3127/3441
f 5265/3128/3442 5264/3127/3442 5263/3126/3442
f 5266/3129/3443 5262/3125/3443 5261/3122/3443
f 5262/3125/3444 5266/3129/3444 5267/3130/3444
f 5268/3131/3445 5267/3130/3445 5266/3129/3445
f 5267/3130/3446 5268/3131/3446 5269/3132/3446
f 5270/3133/3447 5269/3132/3447 5268/3131/3447
f 5269/3132/3448 5270/3133/3448 5271/3134/3448
f 5272/3135/3449 5271/3134/3449 5270/3133/3449
f 5271/3134/3450 5272/3135/3450 5273/3136/3450
f 5274/3137/3450 5273/3136/3450 5272/3135/3450
f 5273/3136/3451 5274/3137/3451 5275/3138/3451
f 5276/3139/3452 5275/3138/3452 5274/3137/3452
f 5279/3140/3453 5278/3141/3453 5277/3142/3453
f 5280/3143/3454 5278/3141/3454 5279/3140/3454
f 5277/3142/3455 5278/3141/3455 5281/3144/3455
f 5282/3145/3456 5278/3141/3456 5280/3143/3456
f 5281/3144/3457 5278/3141/3457 5283/3146/3457
f 5284/3147/3458 5278/3141/3458 5282/3145/3458
f 5283/3146/3459 5278/3141/3459 5285/3148/3459
f 5285/3148/3460 5278/3141/3460 5284/3147/3460
f 5288/3122/3461 5287/3123/3461 5286/3124/3461
f 5287/3123/3462 5288/3122/3462 5289/3125/3462
f 5290/3126/3463 5286/3124/3463 5287/3123/3463
f 5286/3124/3464 5290/3126/3464 5291/3127/3464
f 5292/3128/3465 5291/3127/3465 5290/3126/3465
f 5293/3129/3466 5289/3125/3466 5288/3122/3466
f 5289/3125/3467 5293/3129/3467 5294/3130/3467
f 5295/3131/3468 5294/3130/3468 5293/3129/3468
f 5294/3130/3469 5295/3131/3469 5296/3132/3469
f 5297/3133/3470 5296/3132/3470 5295/3131/3470
f 5296/3132/3471 5297/3133/3471 5298/3134/3471
f 5299/3135/3472 5298/3134/3472 5297/3133/3472
f 5298/3134/3473 5299/3135/3473 5300/3136/3473
f 5301/3137/3474 5300/3136/3474 5299/3135/3474
f 5300/3136/3475 5301/3137/3475 5302/3138/3475
f 5303/3139/3476 5302/3138/3476 5301/3137/3476
f 5306/3140/3477 5305/3141/3477 5304/3142/3477
f 5307/3143/3478 5305/3141/3478 5306/3140/3478
f 5304/3142/3479 5305/3141/3479 5308/3144/3479
f 5309/3145/3480 5305/3141/3480 5307/3143/3480
f 5308/3144/3481 5305/3141/3481 5310/3146/3481
f 5311/3147/3482 5305/3141/3482 5309/3145/3482
f 5310/3146/3483 5305/3141/3483 5312/3148/3483
f 5312/3148/3484 5305/3141/3484 5311/3147/3484
f 5315/3122/3485 5314/3123/3485 5313/3124/3485
f 5314/3123/3486 5315/3122/3486 5316/3125/3486
f 5317/3126/3487 5313/3124/3487 5314/3123/3487
f 5313/3124/3488 5317/3126/3488 5318/3127/3488
f 5319/3128/3488 5318/3127/3488 5317/3126/3488
f 5320/3129/3489 5316/3125/3489 5315/3122/3489
f 5316/3125/3490 5320/3129/3490 5321/3130/3490
f 5322/3131/3491 5321/3130/3491 5320/3129/3491
f 5321/3130/3492 5322/3131/3492 5323/3132/3492
f 5324/3133/3493 5323/3132/3493 5322/3131/3493
f 5323/3132/3494 5324/3133/3494 5325/3134/3494
f 5326/3135/3495 5325/3134/3495 5324/3133/3495
f 5325/3134/3496 5326/3135/3496 5327/3136/3496
f 5328/3137/3497 5327/3136/3497 5326/3135/3497
f 5327/3136/3498 5328/3137/3498 5329/3138/3498
f 5330/3139/3498 5329/3138/3498 5328/3137/3498
f 5333/3140/3499 5332/3141/3499 5331/3142/3499
f 5334/3143/3500 5332/3141/3500 5333/3140/3500
f 5331/3142/3501 5332/3141/3501 5335/3144/3501
f 5336/3145/3502 5332/3141/3502 5334/3143/3502
f 5335/3144/3503 5332/3141/3503 5337/3146/3503
f 5338/3147/3504 5332/3141/3504 5336/3145/3504
f 5337/3146/3505 5332/3141/3505 5339/3148/3505
f 5339/3148/3506 5332/3141/3506 5338/3147/3506
f 5342/3122/3507 5341/3123/3507 5340/3124/3507
f 5341/3123/3508 5342/3122/3508 5343/3125/3508
f 5344/3126/3509 5340/3124/3509 5341/3123/3509
f 5340/3124/3510 5344/3126/3510 5345/3127/3510
f 5346/3128/3511 5345/3127/3511 5344/3126/3511
f 5347/3129/3512 5343/3125/3512 5342/3122/3512
f 5343/3125/3513 5347/3129/3513 5348/3130/3513
f 5349/3131/3514 5348/3130/3514 5347/3129/3514
f 5348/3130/3515 5349/3131/3515 5350/3132/3515
f 5351/3133/3516 5350/3132/3516 5349/3131/3516
f 5350/3132/3517 5351/3133/3517 5352/3134/3517
f 5353/3135/3518 5352/3134/3518 5351/3133/3518
f 5352/3134/3519 5353/3135/3519 5354/3136/3519
f 5355/3137/3520 5354/3136/3520 5353/3135/3520
f 5354/3136/3521 5355/3137/3521 5356/3138/3521
f 5357/3139/3522 5356/3138/3522 5355/3137/3522
f 5360/3140/3523 5359/3141/3523 5358/3142/3523
f 5361/3143/3524 5359/3141/3524 5360/3140/3524
f 5358/3142/3525 5359/3141/3525 5362/3144/3525
f 5363/3145/3526 5359/3141/3526 5361/3143/3526
f 5362/3144/3527 5359/3141/3527 5364/3146/3527
f 5365/3147/3528 5359/3141/3528 5363/3145/3528
f 5364/3146/3529 5359/3141/3529 5366/3148/3529
f 5366/3148/3530 5359/3141/3530 5365/3147/3530
f 5369/3122/3531 5368/3123/3531 5367/3124/3531
f 5368/3123/3532 5369/3122/3532 5370/3125/3532
f 5371/3126/3533 5367/3124/3533 5368/3123/3533
f 5367/3124/3534 5371/3126/3534 5372/3127/3534
f 5373/3128/3535 5372/3127/3535 5371/3126/3535
f 5374/3129/3536 5370/3125/3536 5369/3122/3536
f 5370/3125/3537 5374/3129/3537 5375/3130/3537
f 5376/3131/3538 5375/3130/3538 5374/3129/3538
f 5375/3130/3539 5376/3131/3539 5377/3132/3539
f 5378/3133/3540 5377/3132/3540 5376/3131/3540
f 5377/3132/3541 5378/3133/3541 5379/3134/3541
f 5380/3135/3542 5379/3134/3542 5378/3133/3542
f 5379/3134/3543 5380/3135/3543 5381/3136/3543
f 5382/3137/3544 5381/3136/3544 5380/3135/3544
f 5381/3136/3545 5382/3137/3545 5383/3138/3545
f 5384/3139/3546 5383/3138/3546 5382/3137/3546
f 5387/3140/3547 5386/3141/3547 5385/3142/3547
f 5388/3143/3548 5386/3141/3548 5387/3140/3548
f 5385/3142/3549 5386/3141/3549 5389/3144/3549
f 5390/3145/3550 5386/3141/3550 5388/3143/3550
f 5389/3144/3551 5386/3141/3551 5391/3146/3551
f 5392/3147/3552 5386/3141/3552 5390/3145/3552
f 5391/3146/3553 5386/3141/3553 5393/3148/3553
f 5393/3148/3554 5386/3141/3554 5392/3147/3554
f 5396/3122/3555 5395/3123/3555 5394/3124/3555
f 5395/3123/3556 5396/3122/3556 5397/3125/3556
f 5398/3126/3557 5394/3124/3557 5395/3123/3557
f 5394/3124/3488 5398/3126/3488 5399/3127/3488
f 5400/3128/3488 5399/3127/3488 5398/3126/3488
f 5401/3129/3558 5397/3125/3558 5396/3122/3558
f 5397/3125/3490 5401/3129/3490 5402/3130/3490
f 5403/3131/3559 5402/3130/3559 5401/3129/3559
f 5402/3130/3492 5403/3131/3492 5404/3132/3492
f 5405/3133/3493 5404/3132/3493 5403/3131/3493
f 5404/3132/3494 5405/3133/3494 5406/3134/3494
f 5407/3135/3560 5406/3134/3560 5405/3133/3560
f 5406/3134/3496 5407/3135/3496 5408/3136/3496
f 5409/3137/3561 5408/3136/3561 5407/3135/3561
f 5408/3136/3498 5409/3137/3498 5410/3138/3498
f 5411/3139/3498 5410/3138/3498 5409/3137/3498
f 5414/3140/3499 5413/3141/3499 5412/3142/3499
f 5415/3143/3500 5413/3141/3500 5414/3140/3500
f 5412/3142/3562 5413/3141/3562 5416/3144/3562
f 5417/3145/3502 5413/3141/3502 5415/3143/3502
f 5416/3144/3503 5413/3141/3503 5418/3146/3503
f 5419/3147/3504 5413/3141/3504 5417/3145/3504
f 5418/3146/3563 5413/3141/3563 5420/3148/3563
f 5420/3148/3564 5413/3141/3564 5419/3147/3564
f 5423/3122/3565 5422/3123/3565 5421/3124/3565
f 5422/3123/3269 5423/3122/3269 5424/3125/3269
f 5425/3126/3566 5421/3124/3566 5422/3123/3566
f 5421/3124/3567 5425/3126/3567 5426/3127/3567
f 5427/3128/3568 5426/3127/3568 5425/3126/3568
f 5428/3129/3569 5424/3125/3569 5423/3122/3569
f 5424/3125/3570 5428/3129/3570 5429/3130/3570
f 5430/3131/3571 5429/3130/3571 5428/3129/3571
f 5429/3130/3280 5430/3131/3280 5431/3132/3280
f 5432/3133/3572 5431/3132/3572 5430/3131/3572
f 5431/3132/3573 5432/3133/3573 5433/3134/3573
f 5434/3135/3574 5433/3134/3574 5432/3133/3574
f 5433/3134/3575 5434/3135/3575 5435/3136/3575
f 5436/3137/3576 5435/3136/3576 5434/3135/3576
f 5435/3136/3577 5436/3137/3577 5437/3138/3577
f 5438/3139/3578 5437/3138/3578 5436/3137/3578
f 5441/3140/3579 5440/3141/3579 5439/3142/3579
f 5442/3143/3580 5440/3141/3580 5441/3140/3580
f 5439/3142/3581 5440/3141/3581 5443/3144/3581
f 5444/3145/3582 5440/3141/3582 5442/3143/3582
f 5443/3144/3583 5440/3141/3583 5445/3146/3583
f 5446/3147/3584 5440/3141/3584 5444/3145/3584
f 5445/3146/3585 5440/3141/3585 5447/3148/3585
f 5447/3148/3586 5440/3141/3586 5446/3147/3586
f 5450/3122/3565 5449/3123/3565 5448/3124/3565
f 5449/3123/3269 5450/3122/3269 5451/3125/3269
f 5452/3126/3587 5448/3124/3587 5449/3123/3587
f 5448/3124/3588 5452/3126/3588 5453/3127/3588
f 5454/3128/3568 5453/3127/3568 5452/3126/3568
f 5455/3129/3589 5451/3125/3589 5450/3122/3589
f 5451/3125/3590 5455/3129/3590 5456/3130/3590
f 5457/3131/3591 5456/3130/3591 5455/3129/3591
f 5456/3130/3592 5457/3131/3592 5458/3132/3592
f 5459/3133/3593 5458/3132/3593 5457/3131/3593
f 5458/3132/3573 5459/3133/3573 5460/3134/3573
f 5461/3135/3594 5460/3134/3594 5459/3133/3594
f 5460/3134/3595 5461/3135/3595 5462/3136/3595
f 5463/3137/3576 5462/3136/3576 5461/3135/3576
f 5462/3136/3577 5463/3137/3577 5464/3138/3577
f 5465/3139/3578 5464/3138/3578 5463/3137/3578
f 5468/3140/3579 5467/3141/3579 5466/3142/3579
f 5469/3143/3596 5467/3141/3596 5468/3140/3596
f 5466/3142/3597 5467/3141/3597 5470/3144/3597
f 5471/3145/3598 5467/3141/3598 5469/3143/3598
f 5470/3144/3599 5467/3141/3599 5472/3146/3599
f 5473/3147/3584 5467/3141/3584 5471/3145/3584
f 5472/3146/3585 5467/3141/3585 5474/3148/3585
f 5474/3148/3586 5467/3141/3586 5473/3147/3586
f 5477/3122/3600 5476/3123/3600 5475/3124/3600
f 5476/3123/3601 5477/3122/3601 5478/3125/3601
f 5479/3126/3602 5475/3124/3602 5476/3123/3602
f 5475/3124/3603 5479/3126/3603 5480/3127/3603
f 5481/3128/3604 5480/3127/3604 5479/3126/3604
f 5482/3129/3605 5478/3125/3605 5477/3122/3605
f 5478/3125/3606 5482/3129/3606 5483/3130/3606
f 5484/3131/3607 5483/3130/3607 5482/3129/3607
f 5483/3130/3608 5484/3131/3608 5485/3132/3608
f 5486/3133/3609 5485/3132/3609 5484/3131/3609
f 5485/3132/3610 5486/3133/3610 5487/3134/3610
f 5488/3135/3611 5487/3134/3611 5486/3133/3611
f 5487/3134/3612 5488/3135/3612 5489/3136/3612
f 5490/3137/3613 5489/3136/3613 5488/3135/3613
f 5489/3136/3614 5490/3137/3614 5491/3138/3614
f 5492/3139/3615 5491/3138/3615 5490/3137/3615
f 5495/3140/3616 5494/3141/3616 5493/3142/3616
f 5496/3143/3617 5494/3141/3617 5495/3140/3617
f 5493/3142/3618 5494/3141/3618 5497/3144/3618
f 5498/3145/3619 5494/3141/3619 5496/3143/3619
f 5497/3144/3620 5494/3141/3620 5499/3146/3620
f 5500/3147/3621 5494/3141/3621 5498/3145/3621
f 5499/3146/3622 5494/3141/3622 5501/3148/3622
f 5501/3148/3623 5494/3141/3623 5500/3147/3623
f 5504/3122/3624 5503/3123/3624 5502/3124/3624
f 5503/3123/3486 5504/3122/3486 5505/3125/3486
f 5506/3126/3487 5502/3124/3487 5503/3123/3487
f 5502/3124/3488 5506/3126/3488 5507/3127/3488
f 5508/3128/3488 5507/3127/3488 5506/3126/3488
f 5509/3129/3558 5505/3125/3558 5504/3122/3558
f 5505/3125/3490 5509/3129/3490 5510/3130/3490
f 5511/3131/3491 5510/3130/3491 5509/3129/3491
f 5510/3130/3625 5511/3131/3625 5512/3132/3625
f 5513/3133/3626 5512/3132/3626 5511/3131/3626
f 5512/3132/3627 5513/3133/3627 5514/3134/3627
f 5515/3135/3495 5514/3134/3495 5513/3133/3495
f 5514/3134/3496 5515/3135/3496 5516/3136/3496
f 5517/3137/3497 5516/3136/3497 5515/3135/3497
f 5516/3136/3498 5517/3137/3498 5518/3138/3498
f 5519/3139/3498 5518/3138/3498 5517/3137/3498
f 5522/3140/3499 5521/3141/3499 5520/3142/3499
f 5523/3143/3500 5521/3141/3500 5522/3140/3500
f 5520/3142/3501 5521/3141/3501 5524/3144/3501
f 5525/3145/3502 5521/3141/3502 5523/3143/3502
f 5524/3144/3503 5521/3141/3503 5526/3146/3503
f 5527/3147/3504 5521/3141/3504 5525/3145/3504
f 5526/3146/3563 5521/3141/3563 5528/3148/3563
f 5528/3148/3564 5521/3141/3564 5527/3147/3564
f 5531/3122/3624 5530/3123/3624 5529/3124/3624
f 5530/3123/3486 5531/3122/3486 5532/3125/3486
f 5533/3126/3628 5529/3124/3628 5530/3123/3628
f 5529/3124/3629 5533/3126/3629 5534/3127/3629
f 5535/3128/3488 5534/3127/3488 5533/3126/3488
f 5536/3129/3558 5532/3125/3558 5531/3122/3558
f 5532/3125/3490 5536/3129/3490 5537/3130/3490
f 5538/3131/3630 5537/3130/3630 5536/3129/3630
f 5537/3130/3492 5538/3131/3492 5539/3132/3492
f 5540/3133/3493 5539/3132/3493 5538/3131/3493
f 5539/3132/3494 5540/3133/3494 5541/3134/3494
f 5542/3135/3631 5541/3134/3631 5540/3133/3631
f 5541/3134/3632 5542/3135/3632 5543/3136/3632
f 5544/3137/3497 5543/3136/3497 5542/3135/3497
f 5543/3136/3498 5544/3137/3498 5545/3138/3498
f 5546/3139/3498 5545/3138/3498 5544/3137/3498
f 5549/3140/3499 5548/3141/3499 5547/3142/3499
f 5550/3143/3500 5548/3141/3500 5549/3140/3500
f 5547/3142/3501 5548/3141/3501 5551/3144/3501
f 5552/3145/3502 5548/3141/3502 5550/3143/3502
f 5551/3144/3503 5548/3141/3503 5553/3146/3503
f 5554/3147/3504 5548/3141/3504 5552/3145/3504
f 5553/3146/3563 5548/3141/3563 5555/3148/3563
f 5555/3148/3564 5548/3141/3564 5554/3147/3564
f 5558/3122/3507 5557/3123/3507 5556/3124/3507
f 5557/3123/3508 5558/3122/3508 5559/3125/3508
f 5560/3126/3509 5556/3124/3509 5557/3123/3509
f 5556/3124/3510 5560/3126/3510 5561/3127/3510
f 5562/3128/3511 5561/3127/3511 5560/3126/3511
f 5563/3129/3512 5559/3125/3512 5558/3122/3512
f 5559/3125/3513 5563/3129/3513 5564/3130/3513
f 5565/3131/3514 5564/3130/3514 5563/3129/3514
f 5564/3130/3633 5565/3131/3633 5566/3132/3633
f 5567/3133/3634 5566/3132/3634 5565/3131/3634
f 5566/3132/3635 5567/3133/3635 5568/3134/3635
f 5569/3135/3635 5568/3134/3635 5567/3133/3635
f 5568/3134/3636 5569/3135/3636 5570/3136/3636
f 5571/3137/3637 5570/3136/3637 5569/3135/3637
f 5570/3136/3638 5571/3137/3638 5572/3138/3638
f 5573/3139/3639 5572/3138/3639 5571/3137/3639
f 5576/3140/3523 5575/3141/3523 5574/3142/3523
f 5577/3143/3640 5575/3141/3640 5576/3140/3640
f 5574/3142/3525 5575/3141/3525 5578/3144/3525
f 5579/3145/3641 5575/3141/3641 5577/3143/3641
f 5578/3144/3527 5575/3141/3527 5580/3146/3527
f 5581/3147/3642 5575/3141/3642 5579/3145/3642
f 5580/3146/3643 5575/3141/3643 5582/3148/3643
f 5582/3148/3644 5575/3141/3644 5581/3147/3644
f 5585/3122/3645 5584/3123/3645 5583/3124/3645
f 5584/3123/3646 5585/3122/3646 5586/3125/3646
f 5587/3126/3647 5583/3124/3647 5584/3123/3647
f 5583/3124/3648 5587/3126/3648 5588/3127/3648
f 5589/3128/3294 5588/3127/3294 5587/3126/3294
f 5590/3129/3649 5586/3125/3649 5585/3122/3649
f 5586/3125/3650 5590/3129/3650 5591/3130/3650
f 5592/3131/3651 5591/3130/3651 5590/3129/3651
f 5591/3130/3652 5592/3131/3652 5593/3132/3652
f 5594/3133/3653 5593/3132/3653 5592/3131/3653
f 5593/3132/3654 5594/3133/3654 5595/3134/3654
f 5596/3135/3655 5595/3134/3655 5594/3133/3655
f 5595/3134/3656 5596/3135/3656 5597/3136/3656
f 5598/3137/3657 5597/3136/3657 5596/3135/3657
f 5597/3136/3658 5598/3137/3658 5599/3138/3658
f 5600/3139/3659 5599/3138/3659 5598/3137/3659
f 5603/3140/3660 5602/3141/3660 5601/3142/3660
f 5604/3143/3661 5602/3141/3661 5603/3140/3661
f 5601/3142/3662 5602/3141/3662 5605/3144/3662
f 5606/3145/3663 5602/3141/3663 5604/3143/3663
f 5605/3144/3664 5602/3141/3664 5607/3146/3664
f 5608/3147/3665 5602/3141/3665 5606/3145/3665
f 5607/3146/3666 5602/3141/3666 5609/3148/3666
f 5609/3148/3667 5602/3141/3667 5608/3147/3667
f 5612/3122/3668 5611/3123/3668 5610/3124/3668
f 5611/3123/3669 5612/3122/3669 5613/3125/3669
f 5614/3126/3668 5610/3124/3668 5611/3123/3668
f 5610/3124/3670 5614/3126/3670 5615/3127/3670
f 5616/3128/3671 5615/3127/3671 5614/3126/3671
f 5617/3129/3672 5613/3125/3672 5612/3122/3672
f 5613/3125/3673 5617/3129/3673 5618/3130/3673
f 5619/3131/3674 5618/3130/3674 5617/3129/3674
f 5618/3130/3675 5619/3131/3675 5620/3132/3675
f 5621/3133/3676 5620/3132/3676 5619/3131/3676
f 5620/3132/3677 5621/3133/3677 5622/3134/3677
f 5623/3135/3678 5622/3134/3678 5621/3133/3678
f 5622/3134/3679 5623/3135/3679 5624/3136/3679
f 5625/3137/3680 5624/3136/3680 5623/3135/3680
f 5624/3136/3681 5625/3137/3681 5626/3138/3681
f 5627/3139/3682 5626/3138/3682 5625/3137/3682
f 5630/3140/3683 5629/3141/3683 5628/3142/3683
f 5631/3143/3684 5629/3141/3684 5630/3140/3684
f 5628/3142/3685 5629/3141/3685 5632/3144/3685
f 5633/3145/3686 5629/3141/3686 5631/3143/3686
f 5632/3144/3687 5629/3141/3687 5634/3146/3687
f 5635/3147/3688 5629/3141/3688 5633/3145/3688
f 5634/3146/3689 5629/3141/3689 5636/3148/3689
f 5636/3148/3690 5629/3141/3690 5635/3147/3690
f 5639/3122/3691 5638/3123/3691 5637/3124/3691
f 5638/3123/3692 5639/3122/3692 5640/3125/3692
f 5641/3126/3693 5637/3124/3693 5638/3123/3693
f 5637/3124/3694 5641/3126/3694 5642/3127/3694
f 5643/3128/3695 5642/3127/3695 5641/3126/3695
f 5644/3129/3696 5640/3125/3696 5639/3122/3696
f 5640/3125/3697 5644/3129/3697 5645/3130/3697
f 5646/3131/3421 5645/3130/3421 5644/3129/3421
f 5645/3130/3698 5646/3131/3698 5647/3132/3698
f 5648/3133/3699 5647/3132/3699 5646/3131/3699
f 5647/3132/3700 5648/3133/3700 5649/3134/3700
f 5650/3135/3700 5649/3134/3700 5648/3133/3700
f 5649/3134/3701 5650/3135/3701 5651/3136/3701
f 5652/3137/3702 5651/3136/3702 5650/3135/3702
f 5651/3136/3424 5652/3137/3424 5653/3138/3424
f 5654/3139/3703 5653/3138/3703 5652/3137/3703
f 5657/3140/3704 5656/3141/3704 5655/3142/3704
f 5658/3143/3705 5656/3141/3705 5657/3140/3705
f 5655/3142/3706 5656/3141/3706 5659/3144/3706
f 5660/3145/3707 5656/3141/3707 5658/3143/3707
f 5659/3144/3708 5656/3141/3708 5661/3146/3708
f 5662/3147/3709 5656/3141/3709 5660/3145/3709
f 5661/3146/3710 5656/3141/3710 5663/3148/3710
f 5663/3148/3711 5656/3141/3711 5662/3147/3711
f 5666/3122/3269 5665/3123/3269 5664/3124/3269
f 5665/3123/3270 5666/3122/3270 5667/3125/3270
f 5668/3126/3712 5664/3124/3712 5665/3123/3712
f 5664/3124/3272 5668/3126/3272 5669/3127/3272
f 5670/3128/3272 5669/3127/3272 5668/3126/3272
f 5671/3129/3713 5667/3125/3713 5666/3122/3713
f 5667/3125/3273 5671/3129/3273 5672/3130/3273
f 5673/3131/3274 5672/3130/3274 5671/3129/3274
f 5672/3130/3275 5673/3131/3275 5674/3132/3275
f 5675/3133/3276 5674/3132/3276 5673/3131/3276
f 5674/3132/3277 5675/3133/3277 5676/3134/3277
f 5677/3135/3277 5676/3134/3277 5675/3133/3277
f 5676/3134/3278 5677/3135/3278 5678/3136/3278
f 5679/3137/3279 5678/3136/3279 5677/3135/3279
f 5678/3136/3280 5679/3137/3280 5680/3138/3280
f 5681/3139/3280 5680/3138/3280 5679/3137/3280
f 5684/3140/3281 5683/3141/3281 5682/3142/3281
f 5685/3143/3714 5683/3141/3714 5684/3140/3714
f 5682/3142/3283 5683/3141/3283 5686/3144/3283
f 5687/3145/3284 5683/3141/3284 5685/3143/3284
f 5686/3144/3285 5683/3141/3285 5688/3146/3285
f 5689/3147/3286 5683/3141/3286 5687/3145/3286
f 5688/3146/3287 5683/3141/3287 5690/3148/3287
f 5690/3148/3715 5683/3141/3715 5689/3147/3715
f 5693/3122/3269 5692/3123/3269 5691/3124/3269
f 5692/3123/3716 5693/3122/3716 5694/3125/3716
f 5695/3126/3712 5691/3124/3712 5692/3123/3712
f 5691/3124/3272 5695/3126/3272 5696/3127/3272
f 5697/3128/3272 5696/3127/3272 5695/3126/3272
f 5698/3129/3270 5694/3125/3270 5693/3122/3270
f 5694/3125/3273 5698/3129/3273 5699/3130/3273
f 5700/3131/3717 5699/3130/3717 5698/3129/3717
f 5699/3130/3275 5700/3131/3275 5701/3132/3275
f 5702/3133/3276 5701/3132/3276 5700/3131/3276
f 5701/3132/3277 5702/3133/3277 5703/3134/3277
f 5704/3135/3277 5703/3134/3277 5702/3133/3277
f 5703/3134/3278 5704/3135/3278 5705/3136/3278
f 5706/3137/3279 5705/3136/3279 5704/3135/3279
f 5705/3136/3280 5706/3137/3280 5707/3138/3280
f 5708/3139/3280 5707/3138/3280 5706/3137/3280
f 5711/3140/3281 5710/3141/3281 5709/3142/3281
f 5712/3143/3282 5710/3141/3282 5711/3140/3282
f 5709/3142/3283 5710/3141/3283 5713/3144/3283
f 5714/3145/3284 5710/3141/3284 5712/3143/3284
f 5713/3144/3285 5710/3141/3285 5715/3146/3285
f 5716/3147/3286 5710/3141/3286 5714/3145/3286
f 5715/3146/3287 5710/3141/3287 5717/3148/3287
f 5717/3148/3288 5710/3141/3288 5716/3147/3288
f 5720/3122/3718 5719/3123/3718 5718/3124/3718
f 5719/3123/3646 5720/3122/3646 5721/3125/3646
f 5722/3126/3719 5718/3124/3719 5719/3123/3719
f 5718/3124/3720 5722/3126/3720 5723/3127/3720
f 5724/3128/3294 5723/3127/3294 5722/3126/3294
f 5725/3129/3649 5721/3125/3649 5720/3122/3649
f 5721/3125/3650 5725/3129/3650 5726/3130/3650
f 5727/3131/3651 5726/3130/3651 5725/3129/3651
f 5726/3130/3652 5727/3131/3652 5728/3132/3652
f 5729/3133/3653 5728/3132/3653 5727/3131/3653
f 5728/3132/3654 5729/3133/3654 5730/3134/3654
f 5731/3135/3721 5730/3134/3721 5729/3133/3721
f 5730/3134/3297 5731/3135/3297 5732/3136/3297
f 5733/3137/3657 5732/3136/3657 5731/3135/3657
f 5732/3136/3658 5733/3137/3658 5734/3138/3658
f 5735/3139/3659 5734/3138/3659 5733/3137/3659
f 5738/3140/3660 5737/3141/3660 5736/3142/3660
f 5739/3143/3661 5737/3141/3661 5738/3140/3661
f 5736/3142/3662 5737/3141/3662 5740/3144/3662
f 5741/3145/3663 5737/3141/3663 5739/3143/3663
f 5740/3144/3722 5737/3141/3722 5742/3146/3722
f 5743/3147/3665 5737/3141/3665 5741/3145/3665
f 5742/3146/3666 5737/3141/3666 5744/3148/3666
f 5744/3148/3667 5737/3141/3667 5743/3147/3667
f 5747/3122/3723 5746/3123/3723 5745/3124/3723
f 5746/3123/3724 5747/3122/3724 5748/3125/3724
f 5749/3126/3723 5745/3124/3723 5746/3123/3723
f 5745/3124/3725 5749/3126/3725 5750/3127/3725
f 5751/3128/3726 5750/3127/3726 5749/3126/3726
f 5752/3129/3727 5748/3125/3727 5747/3122/3727
f 5748/3125/3728 5752/3129/3728 5753/3130/3728
f 5754/3131/3728 5753/3130/3728 5752/3129/3728
f 5753/3130/3729 5754/3131/3729 5755/3132/3729
f 5756/3133/3729 5755/3132/3729 5754/3131/3729
f 5755/3132/3730 5756/3133/3730 5757/3134/3730
f 5758/3135/3731 5757/3134/3731 5756/3133/3731
f 5757/3134/3732 5758/3135/3732 5759/3136/3732
f 5760/3137/3732 5759/3136/3732 5758/3135/3732
f 5759/3136/3733 5760/3137/3733 5761/3138/3733
f 5762/3139/3734 5761/3138/3734 5760/3137/3734
f 5765/3140/3735 5764/3141/3735 5763/3142/3735
f 5766/3143/3736 5764/3141/3736 5765/3140/3736
f 5763/3142/3737 5764/3141/3737 5767/3144/3737
f 5768/3145/3738 5764/3141/3738 5766/3143/3738
f 5767/3144/3739 5764/3141/3739 5769/3146/3739
f 5770/3147/3740 5764/3141/3740 5768/3145/3740
f 5769/3146/3741 5764/3141/3741 5771/3148/3741
f 5771/3148/3742 5764/3141/3742 5770/3147/3742
f 5774/3122/3723 5773/3123/3723 5772/3124/3723
f 5773/3123/3743 5774/3122/3743 5775/3125/3743
f 5776/3126/3723 5772/3124/3723 5773/3123/3723
f 5772/3124/3744 5776/3126/3744 5777/3127/3744
f 5778/3128/3726 5777/3127/3726 5776/3126/3726
f 5779/3129/3745 5775/3125/3745 5774/3122/3745
f 5775/3125/3728 5779/3129/3728 5780/3130/3728
f 5781/3131/3728 5780/3130/3728 5779/3129/3728
f 5780/3130/3729 5781/3131/3729 5782/3132/3729
f 5783/3133/3729 5782/3132/3729 5781/3131/3729
f 5782/3132/3746 5783/3133/3746 5784/3134/3746
f 5785/3135/3747 5784/3134/3747 5783/3133/3747
f 5784/3134/3732 5785/3135/3732 5786/3136/3732
f 5787/3137/3732 5786/3136/3732 5785/3135/3732
f 5786/3136/3733 5787/3137/3733 5788/3138/3733
f 5789/3139/3734 5788/3138/3734 5787/3137/3734
f 5792/3140/3735 5791/3141/3735 5790/3142/3735
f 5793/3143/3736 5791/3141/3736 5792/3140/3736
f 5790/3142/3737 5791/3141/3737 5794/3144/3737
f 5795/3145/3748 5791/3141/3748 5793/3143/3748
f 5794/3144/3739 5791/3141/3739 5796/3146/3739
f 5797/3147/3749 5791/3141/3749 5795/3145/3749
f 5796/3146/3741 5791/3141/3741 5798/3148/3741
f 5798/3148/3742 5791/3141/3742 5797/3147/3742
f 5801/3122/3750 5800/3123/3750 5799/3124/3750
f 5800/3123/3751 5801/3122/3751 5802/3125/3751
f 5803/3126/3750 5799/3124/3750 5800/3123/3750
f 5799/3124/3752 5803/3126/3752 5804/3127/3752
f 5805/3128/3753 5804/3127/3753 5803/3126/3753
f 5806/3129/3754 5802/3125/3754 5801/3122/3754
f 5802/3125/3755 5806/3129/3755 5807/3130/3755
f 5808/3131/3756 5807/3130/3756 5806/3129/3756
f 5807/3130/3757 5808/3131/3757 5809/3132/3757
f 5810/3133/3758 5809/3132/3758 5808/3131/3758
f 5809/3132/3759 5810/3133/3759 5811/3134/3759
f 5812/3135/3760 5811/3134/3760 5810/3133/3760
f 5811/3134/3761 5812/3135/3761 5813/3136/3761
f 5814/3137/3761 5813/3136/3761 5812/3135/3761
f 5813/3136/3762 5814/3137/3762 5815/3138/3762
f 5816/3139/3763 5815/3138/3763 5814/3137/3763
f 5819/3140/3764 5818/3141/3764 5817/3142/3764
f 5820/3143/3765 5818/3141/3765 5819/3140/3765
f 5817/3142/3766 5818/3141/3766 5821/3144/3766
f 5822/3145/3767 5818/3141/3767 5820/3143/3767
f 5821/3144/3768 5818/3141/3768 5823/3146/3768
f 5824/3147/3769 5818/3141/3769 5822/3145/3769
f 5823/3146/3770 5818/3141/3770 5825/3148/3770
f 5825/3148/3771 5818/3141/3771 5824/3147/3771
f 5828/3122/3772 5827/3123/3772 5826/3124/3772
f 5827/3123/3773 5828/3122/3773 5829/3125/3773
f 5830/3126/3774 5826/3124/3774 5827/3123/3774
f 5826/3124/3775 5830/3126/3775 5831/3127/3775
f 5832/3128/3776 5831/3127/3776 5830/3126/3776
f 5833/3129/3777 5829/3125/3777 5828/3122/3777
f 5829/3125/3778 5833/3129/3778 5834/3130/3778
f 5835/3131/3779 5834/3130/3779 5833/3129/3779
f 5834/3130/3780 5835/3131/3780 5836/3132/3780
f 5837/3133/3781 5836/3132/3781 5835/3131/3781
f 5836/3132/3782 5837/3133/3782 5838/3134/3782
f 5839/3135/3782 5838/3134/3782 5837/3133/3782
f 5838/3134/3783 5839/3135/3783 5840/3136/3783
f 5841/3137/3784 5840/3136/3784 5839/3135/3784
f 5840/3136/3785 5841/3137/3785 5842/3138/3785
f 5843/3139/3786 5842/3138/3786 5841/3137/3786
f 5846/3140/3787 5845/3141/3787 5844/3142/3787
f 5847/3143/3788 5845/3141/3788 5846/3140/3788
f 5844/3142/3789 5845/3141/3789 5848/3144/3789
f 5849/3145/3790 5845/3141/3790 5847/3143/3790
f 5848/3144/3791 5845/3141/3791 5850/3146/3791
f 5851/3147/3792 5845/3141/3792 5849/3145/3792
f 5850/3146/3793 5845/3141/3793 5852/3148/3793
f 5852/3148/3794 5845/3141/3794 5851/3147/3794
f 5855/3122/3795 5854/3123/3795 5853/3124/3795
f 5854/3123/3796 5855/3122/3796 5856/3125/3796
f 5857/3126/3797 5853/3124/3797 5854/3123/3797
f 5853/3124/3798 5857/3126/3798 5858/3127/3798
f 5859/3128/3799 5858/3127/3799 5857/3126/3799
f 5860/3129/3796 5856/3125/3796 5855/3122/3796
f 5856/3125/3800 5860/3129/3800 5861/3130/3800
f 5862/3131/3801 5861/3130/3801 5860/3129/3801
f 5861/3130/3802 5862/3131/3802 5863/3132/3802
f 5864/3133/3803 5863/3132/3803 5862/3131/3803
f 5863/3132/3804 5864/3133/3804 5865/3134/3804
f 5866/3135/3805 5865/3134/3805 5864/3133/3805
f 5865/3134/3806 5866/3135/3806 5867/3136/3806
f 5868/3137/3807 5867/3136/3807 5866/3135/3807
f 5867/3136/3808 5868/3137/3808 5869/3138/3808
f 5870/3139/3809 5869/3138/3809 5868/3137/3809
f 5873/3140/3810 5872/3141/3810 5871/3142/3810
f 5874/3143/3811 5872/3141/3811 5873/3140/3811
f 5871/3142/3812 5872/3141/3812 5875/3144/3812
f 5876/3145/3813 5872/3141/3813 5874/3143/3813
f 5875/3144/3814 5872/3141/3814 5877/3146/3814
f 5878/3147/3815 5872/3141/3815 5876/3145/3815
f 5877/3146/3816 5872/3141/3816 5879/3148/3816
f 5879/3148/3817 5872/3141/3817 5878/3147/3817
f 5882/3122/3818 5881/3123/3818 5880/3124/3818
f 5881/3123/3796 5882/3122/3796 5883/3125/3796
f 5884/3126/3819 5880/3124/3819 5881/3123/3819
f 5880/3124/3798 5884/3126/3798 5885/3127/3798
f 5886/3128/3799 5885/3127/3799 5884/3126/3799
f 5887/3129/3820 5883/3125/3820 5882/3122/3820
f 5883/3125/3800 5887/3129/3800 5888/3130/3800
f 5889/3131/3801 5888/3130/3801 5887/3129/3801
f 5888/3130/3802 5889/3131/3802 5890/3132/3802
f 5891/3133/3821 5890/3132/3821 5889/3131/3821
f 5890/3132/3804 5891/3133/3804 5892/3134/3804
f 5893/3135/3805 5892/3134/3805 5891/3133/3805
f 5892/3134/3822 5893/3135/3822 5894/3136/3822
f 5895/3137/3807 5894/3136/3807 5893/3135/3807
f 5894/3136/3808 5895/3137/3808 5896/3138/3808
f 5897/3139/3809 5896/3138/3809 5895/3137/3809
f 5900/3140/3823 5899/3141/3823 5898/3142/3823
f 5901/3143/3824 5899/3141/3824 5900/3140/3824
f 5898/3142/3812 5899/3141/3812 5902/3144/3812
f 5903/3145/3813 5899/3141/3813 5901/3143/3813
f 5902/3144/3814 5899/3141/3814 5904/3146/3814
f 5905/3147/3815 5899/3141/3815 5903/3145/3815
f 5904/3146/3816 5899/3141/3816 5906/3148/3816
f 5906/3148/3817 5899/3141/3817 5905/3147/3817
f 5909/3122/3825 5908/3123/3825 5907/3124/3825
f 5908/3123/3290 5909/3122/3290 5910/3125/3290
f 5911/3126/3825 5907/3124/3825 5908/3123/3825
f 5907/3124/3291 5911/3126/3291 5912/3127/3291
f 5913/3128/3292 5912/3127/3292 5911/3126/3292
f 5914/3129/3826 5910/3125/3826 5909/3122/3826
f 5910/3125/3294 5914/3129/3294 5915/3130/3294
f 5916/3131/3294 5915/3130/3294 5914/3129/3294
f 5915/3130/3295 5916/3131/3295 5917/3132/3295
f 5918/3133/3827 5917/3132/3827 5916/3131/3827
f 5917/3132/3296 5918/3133/3296 5919/3134/3296
f 5920/3135/3656 5919/3134/3656 5918/3133/3656
f 5919/3134/3377 5920/3135/3377 5921/3136/3377
f 5922/3137/3298 5921/3136/3298 5920/3135/3298
f 5921/3136/3378 5922/3137/3378 5923/3138/3378
f 5924/3139/3300 5923/3138/3300 5922/3137/3300
f 5927/3140/3301 5926/3141/3301 5925/3142/3301
f 5928/3143/3302 5926/3141/3302 5927/3140/3302
f 5925/3142/3303 5926/3141/3303 5929/3144/3303
f 5930/3145/3304 5926/3141/3304 5928/3143/3304
f 5929/3144/3305 5926/3141/3305 5931/3146/3305
f 5932/3147/3306 5926/3141/3306 5930/3145/3306
f 5931/3146/3307 5926/3141/3307 5933/3148/3307
f 5933/3148/3308 5926/3141/3308 5932/3147/3308
f 5936/3122/3828 5935/3123/3828 5934/3124/3828
f 5935/3123/3508 5936/3122/3508 5937/3125/3508
f 5938/3126/3509 5934/3124/3509 5935/3123/3509
f 5934/3124/3510 5938/3126/3510 5939/3127/3510
f 5940/3128/3511 5939/3127/3511 5938/3126/3511
f 5941/3129/3508 5937/3125/3508 5936/3122/3508
f 5937/3125/3513 5941/3129/3513 5942/3130/3513
f 5943/3131/3829 5942/3130/3829 5941/3129/3829
f 5942/3130/3515 5943/3131/3515 5944/3132/3515
f 5945/3133/3516 5944/3132/3516 5943/3131/3516
f 5944/3132/3830 5945/3133/3830 5946/3134/3830
f 5947/3135/3831 5946/3134/3831 5945/3133/3831
f 5946/3134/3832 5947/3135/3832 5948/3136/3832
f 5949/3137/3833 5948/3136/3833 5947/3135/3833
f 5948/3136/3521 5949/3137/3521 5950/3138/3521
f 5951/3139/3522 5950/3138/3522 5949/3137/3522
f 5954/3140/3834 5953/3141/3834 5952/3142/3834
f 5955/3143/3524 5953/3141/3524 5954/3140/3524
f 5952/3142/3525 5953/3141/3525 5956/3144/3525
f 5957/3145/3835 5953/3141/3835 5955/3143/3835
f 5956/3144/3527 5953/3141/3527 5958/3146/3527
f 5959/3147/3528 5953/3141/3528 5957/3145/3528
f 5958/3146/3529 5953/3141/3529 5960/3148/3529
f 5960/3148/3530 5953/3141/3530 5959/3147/3530
f 5963/3122/3507 5962/3123/3507 5961/3124/3507
f 5962/3123/3512 5963/3122/3512 5964/3125/3512
f 5965/3126/3836 5961/3124/3836 5962/3123/3836
f 5961/3124/3510 5965/3126/3510 5966/3127/3510
f 5967/3128/3511 5966/3127/3511 5965/3126/3511
f 5968/3129/3512 5964/3125/3512 5963/3122/3512
f 5964/3125/3513 5968/3129/3513 5969/3130/3513
f 5970/3131/3837 5969/3130/3837 5968/3129/3837
f 5969/3130/3515 5970/3131/3515 5971/3132/3515
f 5972/3133/3516 5971/3132/3516 5970/3131/3516
f 5971/3132/3517 5972/3133/3517 5973/3134/3517
f 5974/3135/3517 5973/3134/3517 5972/3133/3517
f 5973/3134/3832 5974/3135/3832 5975/3136/3832
f 5976/3137/3838 5975/3136/3838 5974/3135/3838
f 5975/3136/3521 5976/3137/3521 5977/3138/3521
f 5978/3139/3522 5977/3138/3522 5976/3137/3522
f 5981/3140/3523 5980/3141/3523 5979/3142/3523
f 5982/3143/3524 5980/3141/3524 5981/3140/3524
f 5979/3142/3525 5980/3141/3525 5983/3144/3525
f 5984/3145/3835 5980/3141/3835 5982/3143/3835
f 5983/3144/3527 5980/3141/3527 5985/3146/3527
f 5986/3147/3528 5980/3141/3528 5984/3145/3528
f 5985/3146/3529 5980/3141/3529 5987/3148/3529
f 5987/3148/3530 5980/3141/3530 5986/3147/3530
f 5990/3149/3839 5989/3150/3839 5988/3151/3839
f 5991/3152/3840 5988/3151/3840 5989/3150/3840
f 5991/3152/3841 5992/3153/3841 5988/3151/3841
f 5993/3154/3842 5988/3151/3842 5992/3153/3842
f 5996/3155/2600 5995/3156/2600 5994/3157/2600
f 5996/3155/2600 5994/3157/2600 5997/3158/2600
f 5998/3159/2600 5997/3158/2600 5994/3157/2600
f 5998/3159/3843 5994/3157/3843 5999/3160/3843
f 6000/3161/3843 5999/3160/3843 5994/3157/3843
f 6000/3161/3843 5994/3157/3843 6001/3162/3843
f 6002/3163/3843 6001/3162/3843 5994/3157/3843
f 6002/3163/2600 5994/3157/2600 5995/3156/2600
f 6001/3162/3843 6002/3163/3843 6003/3164/3843
f 6002/3163/2600 5995/3156/2600 6004/3165/2600
f 6004/3165/3843 6003/3164/3843 6002/3163/3843
f 6005/3166/2600 6004/3165/2600 5995/3156/2600
f 6003/3164/3843 6004/3165/3843 6006/3167/3843
f 6004/3165/2600 6005/3166/2600 6007/3168/2600
f 6007/3168/3843 6006/3167/3843 6004/3165/3843
f 6008/3169/2600 6007/3168/2600 6005/3166/2600
f 6006/3167/3843 6007/3168/3843 6009/3170/3843
f 6007/3168/2600 6008/3169/2600 6010/3171/2600
f 6010/3171/3843 6009/3170/3843 6007/3168/3843
f 6011/3172/2600 6010/3171/2600 6008/3169/2600
f 6009/3170/3843 6010/3171/3843 6012/3173/3843
f 6011/3172/2600 6013/3174/2600 6010/3171/2600
f 6014/3175/3843 6012/3173/3843 6010/3171/3843
f 6014/3175/2600 6010/3171/2600 6013/3174/2600
f 6017/3176/3844 6016/3177/3844 6015/3178/3844
f 6016/3177/3845 6017/3176/3845 6018/3179/3845
f 6019/3180/3846 6018/3179/3846 6017/3176/3846
f 6018/3179/3845 6020/3181/3845 6016/3177/3845
f 6017/3176/3847 6021/3182/3847 6019/3180/3847
f 6017/3176/3848 6015/3178/3848 6021/3182/3848
f 6022/3183/3849 6019/3180/3849 6021/3182/3849
f 6022/3183/3850 6021/3182/3850 6023/3184/3850
f 6024/3185/3851 6023/3184/3851 6021/3182/3851
f 6023/3184/3852 6024/3185/3852 6025/3186/3852
f 6024/3185/3853 6021/3182/3853 6026/3187/3853
f 6027/3188/3854 6025/3186/3854 6024/3185/3854
f 6024/3185/3855 6026/3187/3855 6027/3188/3855
f 6025/3186/3856 6027/3188/3856 6028/3189/3856
f 6029/3190/3857 6028/3189/3857 6027/3188/3857
f 6028/3189/3858 6029/3190/3858 6030/3191/3858
f 6031/3192/3859 6027/3188/3859 6026/3187/3859
f 6027/3188/3860 6031/3192/3860 6029/3190/3860
f 6032/3193/3861 6026/3187/3861 6021/3182/3861
f 6032/3193/3862 6021/3182/3862 6015/3178/3862
f 6033/3194/3863 6030/3191/3863 6029/3190/3863
f 6030/3191/3864 6033/3194/3864 6034/3195/3864
f 6035/3196/3865 6034/3195/3865 6033/3194/3865
f 6033/3194/3863 6029/3190/3863 6036/3197/3863
f 6035/3196/3865 6033/3194/3865 6036/3197/3865
f 6034/3195/2619 6035/3196/2619 6037/3198/2619
f 6036/3197/3863 6029/3190/3863 6038/3199/3863
f 6038/3199/3866 6029/3190/3866 6031/3192/3866
f 6039/3200/3867 6035/3196/3867 6036/3197/3867
f 6038/3199/3868 6031/3192/3868 6040/3201/3868
f 6031/3192/3869 6026/3187/3869 6040/3201/3869
f 6036/3197/3870 6038/3199/3870 6041/3202/3870
f 6038/3199/3871 6040/3201/3871 6041/3202/3871
f 6039/3200/3872 6036/3197/3872 6042/3203/3872
f 6041/3202/3873 6042/3203/3873 6036/3197/3873
f 6039/3200/2619 6043/3204/2619 6035/3196/2619
f 6039/3200/3874 6042/3203/3874 6043/3204/3874
f 6044/3205/2619 6037/3198/2619 6035/3196/2619
f 6044/3205/2619 6035/3196/2619 6043/3204/2619
f 6037/3198/2619 6044/3205/2619 6045/3206/2619
f 6046/3207/2619 6045/3206/2619 6044/3205/2619
f 6044/3205/2619 6043/3204/2619 6046/3207/2619
f 6047/3208/2619 6046/3207/2619 6043/3204/2619
f 6043/3204/3875 6048/3209/3875 6047/3208/3875
f 6048/3209/3876 6043/3204/3876 6042/3203/3876
f 6049/3210/3877 6047/3208/3877 6048/3209/3877
f 6049/3210/3877 6048/3209/3877 6050/3211/3877
f 6042/3203/3878 6051/3212/3878 6048/3209/3878
f 6042/3203/3879 6041/3202/3879 6051/3212/3879
f 6052/3213/3880 6050/3211/3880 6048/3209/3880
f 6052/3213/3881 6048/3209/3881 6051/3212/3881
f 6050/3211/3882 6052/3213/3882 6053/3214/3882
f 6054/3215/3883 6051/3212/3883 6041/3202/3883
f 6041/3202/3884 6040/3201/3884 6054/3215/3884
f 6051/3212/3885 6055/3216/3885 6052/3213/3885
f 6051/3212/3886 6054/3215/3886 6055/3216/3886
f 6056/3217/3887 6053/3214/3887 6052/3213/3887
f 6056/3217/3887 6052/3213/3887 6055/3216/3887
f 6053/3214/3888 6056/3217/3888 6057/3218/3888
f 6058/3219/3889 6057/3218/3889 6056/3217/3889
f 6058/3219/3890 6056/3217/3890 6059/3220/3890
f 6055/3216/3891 6059/3220/3891 6056/3217/3891
f 6055/3216/3892 6060/3221/3892 6059/3220/3892
f 6060/3221/3893 6055/3216/3893 6054/3215/3893
f 6061/3222/3894 6059/3220/3894 6060/3221/3894
f 6054/3215/3895 6062/3223/3895 6060/3221/3895
f 6062/3223/3896 6054/3215/3896 6040/3201/3896
f 6060/3221/3897 6063/3224/3897 6061/3222/3897
f 6063/3224/3898 6060/3221/3898 6062/3223/3898
f 6064/3225/3899 6061/3222/3899 6063/3224/3899
f 6040/3201/3900 6065/3226/3900 6062/3223/3900
f 6065/3226/3901 6040/3201/3901 6026/3187/3901
f 6026/3187/3902 6032/3193/3902 6065/3226/3902
f 6066/3227/3903 6062/3223/3903 6065/3226/3903
f 6062/3223/3904 6066/3227/3904 6063/3224/3904
f 6067/3228/3905 6065/3226/3905 6032/3193/3905
f 6065/3226/3906 6067/3228/3906 6066/3227/3906
f 6063/3224/3907 6068/3229/3907 6064/3225/3907
f 6068/3229/3908 6063/3224/3908 6066/3227/3908
f 6069/3230/3909 6064/3225/3909 6068/3229/3909
f 6070/3231/3910 6066/3227/3910 6067/3228/3910
f 6066/3227/3911 6070/3231/3911 6068/3229/3911
f 6067/3228/3912 6032/3193/3912 6071/3232/3912
f 6068/3229/3913 6072/3233/3913 6069/3230/3913
f 6072/3233/3914 6068/3229/3914 6070/3231/3914
f 6073/3234/3915 6069/3230/3915 6072/3233/3915
f 6073/3234/3916 6072/3233/3916 6074/3235/3916
f 6015/3178/3917 6071/3232/3917 6032/3193/3917
f 6075/3236/3918 6074/3235/3918 6072/3233/3918
f 6072/3233/3919 6070/3231/3919 6075/3236/3919
f 6074/3235/3920 6075/3236/3920 6076/3237/3920
f 6070/3231/3921 6067/3228/3921 6077/3238/3921
f 6077/3238/3922 6075/3236/3922 6070/3231/3922
f 6071/3232/3923 6077/3238/3923 6067/3228/3923
f 6078/3239/3924 6076/3237/3924 6075/3236/3924
f 6075/3236/3925 6077/3238/3925 6078/3239/3925
f 6076/3237/3926 6078/3239/3926 6079/3240/3926
f 6077/3238/3927 6071/3232/3927 6080/3241/3927
f 6080/3241/3928 6078/3239/3928 6077/3238/3928
f 6081/3242/3929 6079/3240/3929 6078/3239/3929
f 6078/3239/3930 6080/3241/3930 6081/3242/3930
f 6079/3240/3931 6081/3242/3931 6082/3243/3931
f 6083/3244/3932 6080/3241/3932 6071/3232/3932
f 6071/3232/3933 6015/3178/3933 6083/3244/3933
f 6084/3245/3934 6081/3242/3934 6080/3241/3934
f 6080/3241/3935 6083/3244/3935 6084/3245/3935
f 6085/3246/3936 6083/3244/3936 6015/3178/3936
f 6085/3246/3937 6015/3178/3937 6016/3177/3937
f 6085/3246/3938 6086/3247/3938 6083/3244/3938
f 6085/3246/3939 6016/3177/3939 6086/3247/3939
f 6083/3244/3940 6086/3247/3940 6087/3248/3940
f 6087/3248/3941 6084/3245/3941 6083/3244/3941
f 6088/3249/3942 6086/3247/3942 6016/3177/3942
f 6088/3249/3942 6016/3177/3942 6020/3181/3942
f 6086/3247/3943 6089/3250/3943 6087/3248/3943
f 6088/3249/3944 6089/3250/3944 6086/3247/3944
f 6088/3249/3944 6020/3181/3944 6090/3251/3944
f 6088/3249/3944 6090/3251/3944 6089/3250/3944
f 6091/3252/3945 6090/3251/3945 6020/3181/3945
f 6091/3252/3946 6092/3253/3946 6090/3251/3946
f 6093/3254/3947 6090/3251/3947 6092/3253/3947
f 6090/3251/3947 6093/3254/3947 6089/3250/3947
f 6092/3253/2600 6094/3255/2600 6093/3254/2600
f 6087/3248/3948 6089/3250/3948 6095/3256/3948
f 6093/3254/3947 6096/3257/3947 6089/3250/3947
f 6096/3257/3949 6095/3256/3949 6089/3250/3949
f 6095/3256/3950 6097/3258/3950 6087/3248/3950
f 6084/3245/3951 6087/3248/3951 6097/3258/3951
f 6095/3256/3952 6096/3257/3952 6098/3259/3952
f 6095/3256/3953 6098/3259/3953 6097/3258/3953
f 6096/3257/2600 6093/3254/2600 6099/3260/2600
f 6099/3260/3954 6098/3259/3954 6096/3257/3954
f 6100/3261/2600 6093/3254/2600 6094/3255/2600
f 6100/3261/2600 6099/3260/2600 6093/3254/2600
f 6100/3261/2600 6094/3255/2600 6101/3161/2600
f 6102/3160/2600 6101/3161/2600 6094/3255/2600
f 6101/3161/2600 6103/3162/2600 6100/3261/2600
f 6099/3260/2600 6100/3261/2600 6103/3162/2600
f 6099/3260/3954 6103/3162/3954 6098/3259/3954
f 6104/3164/3955 6098/3259/3955 6103/3162/3955
f 6098/3259/3956 6104/3164/3956 6105/3262/3956
f 6105/3262/3957 6097/3258/3957 6098/3259/3957
f 6106/3167/3958 6105/3262/3958 6104/3164/3958
f 6097/3258/3959 6105/3262/3959 6107/3263/3959
f 6097/3258/3960 6107/3263/3960 6084/3245/3960
f 6081/3242/3961 6084/3245/3961 6107/3263/3961
f 6107/3263/3962 6082/3243/3962 6081/3242/3962
f 6108/3264/3963 6107/3263/3963 6105/3262/3963
f 6105/3262/3964 6106/3167/3964 6108/3264/3964
f 6107/3263/3965 6108/3264/3965 6082/3243/3965
f 6109/3170/3966 6108/3264/3966 6106/3167/3966
f 6110/3265/3967 6082/3243/3967 6108/3264/3967
f 6108/3264/3968 6109/3170/3968 6110/3265/3968
f 6111/3173/3969 6110/3265/3969 6109/3170/3969
f 6114/3266/2600 6113/3267/2600 6112/3268/2600
f 6115/3269/2600 6112/3268/2600 6113/3267/2600
f 6113/3267/2600 6116/3270/2600 6115/3269/2600
f 6112/3268/3970 6117/3271/3970 6114/3266/3970
f 6118/3272/3971 6114/3266/3971 6117/3271/3971
f 6117/3271/3972 6119/3273/3972 6118/3272/3972
f 6120/3274/3973 6118/3272/3973 6119/3273/3973
f 6120/3274/3974 6119/3273/3974 6121/3275/3974
f 6122/3276/3975 6121/3275/3975 6119/3273/3975
f 6121/3275/3976 6122/3276/3976 6123/3277/3976
f 6119/3273/3977 6117/3271/3977 6124/3278/3977
f 6119/3273/3978 6124/3278/3978 6122/3276/3978
f 6117/3271/3970 6112/3268/3970 6125/3279/3970
f 6125/3279/3977 6124/3278/3977 6117/3271/3977
f 6126/3280/3970 6125/3279/3970 6112/3268/3970
f 6112/3268/2600 6115/3269/2600 6126/3280/2600
f 6127/3281/3978 6123/3277/3978 6122/3276/3978
f 6123/3277/3979 6127/3281/3979 6128/3282/3979
f 6126/3280/3980 6129/3283/3980 6125/3279/3980
f 6130/3284/3979 6128/3282/3979 6127/3281/3979
f 6128/3282/3981 6130/3284/3981 6131/3285/3981
f 6131/3285/3982 6130/3284/3982 6132/3286/3982
f 6132/3286/3983 6130/3284/3983 6133/3287/3983
f 6127/3281/3979 6134/3288/3979 6130/3284/3979
f 6134/3288/3984 6133/3287/3984 6130/3284/3984
f 6127/3281/3978 6122/3276/3978 6134/3288/3978
f 6133/3287/3985 6134/3288/3985 6135/3289/3985
f 6136/3290/3978 6134/3288/3978 6122/3276/3978
f 6136/3290/3986 6135/3289/3986 6134/3288/3986
f 6136/3290/3978 6122/3276/3978 6124/3278/3978
f 6136/3290/3987 6124/3278/3987 6135/3289/3987
f 6137/3291/3988 6135/3289/3988 6124/3278/3988
f 6137/3291/3989 6124/3278/3989 6138/3292/3989
f 6125/3279/3990 6138/3292/3990 6124/3278/3990
f 6138/3292/3991 6125/3279/3991 6129/3283/3991
f 6126/3280/3992 6139/3293/3992 6129/3283/3992
f 6139/3293/2600 6126/3280/2600 6115/3269/2600
f 6139/3293/3993 6115/3269/3993 6140/3294/3993
f 6140/3294/3994 6115/3269/3994 6141/3295/3994
f 6140/3294/3995 6142/3296/3995 6139/3293/3995
f 6140/3294/3996 6141/3295/3996 6143/3297/3996
f 6115/3269/3997 6144/3298/3997 6141/3295/3997
f 6141/3295/3998 6144/3298/3998 6143/3297/3998
f 6144/3298/2600 6115/3269/2600 6116/3270/2600
f 6116/3270/2600 6145/3299/2600 6144/3298/2600
f 6146/3300/2600 6144/3298/2600 6145/3299/2600
f 6147/3301/3999 6139/3293/3999 6142/3296/3999
f 6147/3301/4000 6129/3283/4000 6139/3293/4000
f 6147/3301/4001 6142/3296/4001 6148/3302/4001
f 6149/3303/4002 6148/3302/4002 6142/3296/4002
f 6149/3303/4003 6150/3304/4003 6148/3302/4003
f 6144/3298/2600 6146/3300/2600 6151/3305/2600
f 6152/3306/2600 6151/3305/2600 6146/3300/2600
f 6143/3297/4004 6144/3298/4004 6153/3307/4004
f 6144/3298/2600 6151/3305/2600 6153/3307/2600
f 6143/3297/4005 6153/3307/4005 6154/3308/4005
f 6151/3305/4006 6152/3306/4006 6155/3309/4006
f 6155/3309/4007 6152/3306/4007 6156/3310/4007
f 6157/3311/4008 6151/3305/4008 6155/3309/4008
f 6153/3307/4009 6151/3305/4009 6157/3311/4009
f 6158/3312/4010 6156/3310/4010 6152/3306/4010
f 6156/3310/4011 6158/3312/4011 6159/3313/4011
f 6158/3312/4012 6160/3314/4012 6159/3313/4012
f 6161/3315/4013 6159/3313/4013 6160/3314/4013
f 6162/3316/3845 6161/3315/3845 6160/3314/3845
f 6163/3317/4014 6153/3307/4014 6157/3311/4014
f 6163/3317/4015 6154/3308/4015 6153/3307/4015
f 6164/3318/4016 6163/3317/4016 6157/3311/4016
f 6154/3308/4002 6163/3317/4002 6165/3319/4002
f 6163/3317/4002 6164/3318/4002 6166/3320/4002
f 6163/3317/4001 6167/3321/4001 6165/3319/4001
f 6167/3321/4001 6163/3317/4001 6166/3320/4001
f 6168/3322/4017 6165/3319/4017 6167/3321/4017
f 6166/3320/4018 6169/3323/4018 6167/3321/4018
f 6167/3321/4019 6169/3323/4019 6170/3324/4019
f 6169/3323/4020 6161/3315/4020 6170/3324/4020
f 6170/3324/4019 6168/3322/4019 6167/3321/4019
f 6162/3316/4021 6170/3324/4021 6161/3315/4021
f 6170/3324/4022 6171/3325/4022 6168/3322/4022
f 6150/3304/4023 6168/3322/4023 6171/3325/4023
f 6148/3302/4019 6150/3304/4019 6171/3325/4019
f 6170/3324/4024 6162/3316/4024 6172/3326/4024
f 6171/3325/4024 6170/3324/4024 6173/3327/4024
f 6172/3326/4024 6173/3327/4024 6170/3324/4024
f 6174/3328/3846 6172/3326/3846 6162/3316/3846
f 6171/3325/4025 6175/3329/4025 6148/3302/4025
f 6171/3325/4026 6173/3327/4026 6175/3329/4026
f 6172/3326/4027 6174/3328/4027 6176/3330/4027
f 6177/3331/4028 6176/3330/4028 6174/3328/4028
f 6173/3327/4029 6172/3326/4029 6178/3332/4029
f 6176/3330/4029 6178/3332/4029 6172/3326/4029
f 6178/3332/4030 6179/3333/4030 6173/3327/4030
f 6176/3330/4031 6177/3331/4031 6180/3334/4031
f 6181/3335/4032 6180/3334/4032 6177/3331/4032
f 6178/3332/4033 6176/3330/4033 6182/3336/4033
f 6180/3334/4033 6182/3336/4033 6176/3330/4033
f 6180/3334/4034 6181/3335/4034 6183/3337/4034
f 6180/3334/4034 6183/3337/4034 6182/3336/4034
f 6184/3338/4035 6183/3337/4035 6181/3335/4035
f 6182/3336/4036 6185/3339/4036 6178/3332/4036
f 6179/3333/4037 6178/3332/4037 6185/3339/4037
f 6184/3338/4038 6186/3340/4038 6183/3337/4038
f 6186/3340/4039 6184/3338/4039 6187/3341/4039
f 6188/3342/4040 6186/3340/4040 6187/3341/4040
f 6187/3341/4041 6189/3343/4041 6188/3342/4041
f 6189/3343/4042 6190/3344/4042 6188/3342/4042
f 6189/3343/4043 6191/3345/4043 6190/3344/4043
f 6192/3346/4044 6190/3344/4044 6191/3345/4044
f 6193/3347/4045 6183/3337/4045 6186/3340/4045
f 6191/3345/4046 6194/3348/4046 6192/3346/4046
f 6194/3348/2619 6191/3345/2619 6195/3349/2619
f 6194/3348/4047 6196/3350/4047 6192/3346/4047
f 6198/3351/2619 6197/3352/2619 6195/3349/2619
f 6199/3353/2619 6195/3349/2619 6197/3352/2619
f 6195/3349/2619 6199/3353/2619 6194/3348/2619
f 6197/3352/2619 6200/3354/2619 6199/3353/2619
f 6194/3348/4048 6201/3355/4048 6196/3350/4048
f 6194/3348/2619 6199/3353/2619 6201/3355/2619
f 6201/3355/4049 6202/3356/4049 6196/3350/4049
f 6202/3356/4050 6203/3357/4050 6196/3350/4050
f 6199/3353/4051 6204/3358/4051 6201/3355/4051
f 6204/3358/4052 6205/3359/4052 6201/3355/4052
f 6202/3356/4053 6201/3355/4053 6205/3359/4053
f 6199/3353/4054 6206/3360/4054 6204/3358/4054
f 6202/3356/4055 6205/3359/4055 6207/3361/4055
f 6206/3360/4056 6208/3362/4056 6204/3358/4056
f 6203/3357/4055 6202/3356/4055 6209/3363/4055
f 6210/3364/4057 6202/3356/4057 6207/3361/4057
f 6202/3356/4057 6210/3364/4057 6209/3363/4057
f 6193/3347/4058 6209/3363/4058 6210/3364/4058
f 6207/3361/4059 6211/3365/4059 6210/3364/4059
f 6193/3347/4060 6210/3364/4060 6183/3337/4060
f 6211/3365/4061 6183/3337/4061 6210/3364/4061
f 6211/3365/4062 6212/3366/4062 6183/3337/4062
f 6213/3367/4063 6183/3337/4063 6212/3366/4063
f 6213/3367/4034 6182/3336/4034 6183/3337/4034
f 6212/3366/4060 6214/3368/4060 6213/3367/4060
f 6212/3366/4064 6215/3369/4064 6214/3368/4064
f 6213/3367/4065 6216/3370/4065 6182/3336/4065
f 6213/3367/4066 6214/3368/4066 6216/3370/4066
f 6215/3369/4055 6217/3371/4055 6214/3368/4055
f 6185/3339/4067 6182/3336/4067 6216/3370/4067
f 6218/3372/4057 6214/3368/4057 6217/3371/4057
f 6219/3373/3856 6216/3370/3856 6214/3368/3856
f 6214/3368/4057 6218/3372/4057 6219/3373/4057
f 6185/3339/4068 6216/3370/4068 6220/3374/4068
f 6218/3372/4049 6217/3371/4049 6221/3375/4049
f 6208/3362/4050 6221/3375/4050 6217/3371/4050
f 6222/3376/4069 6221/3375/4069 6208/3362/4069
f 6222/3376/4070 6208/3362/4070 6206/3360/4070
f 6199/3353/4071 6222/3376/4071 6206/3360/4071
f 6222/3376/2619 6199/3353/2619 6200/3354/2619
f 6222/3376/2619 6200/3354/2619 6223/3377/2619
f 6224/3378/2619 6223/3377/2619 6200/3354/2619
f 6221/3375/2619 6222/3376/2619 6225/3379/2619
f 6221/3375/4049 6225/3379/4049 6218/3372/4049
f 6223/3377/2619 6225/3379/2619 6222/3376/2619
f 6224/3378/4072 6226/3380/4072 6223/3377/4072
f 6227/3381/4073 6218/3372/4073 6225/3379/4073
f 6227/3381/4074 6219/3373/4074 6218/3372/4074
f 6225/3379/4072 6223/3377/4072 6228/3382/4072
f 6225/3379/4075 6228/3382/4075 6227/3381/4075
f 6229/3383/4072 6223/3377/4072 6226/3380/4072
f 6229/3383/4072 6228/3382/4072 6223/3377/4072
f 6226/3380/4076 6230/3384/4076 6229/3383/4076
f 6231/3385/4077 6227/3381/4077 6228/3382/4077
f 6228/3382/4078 6232/3386/4078 6231/3385/4078
f 6228/3382/4079 6229/3383/4079 6232/3386/4079
f 6233/3387/4080 6231/3385/4080 6232/3386/4080
f 6233/3387/4081 6232/3386/4081 6234/3388/4081
f 6235/3389/4079 6232/3386/4079 6229/3383/4079
f 6235/3389/4082 6229/3383/4082 6230/3384/4082
f 6236/3390/4083 6234/3388/4083 6232/3386/4083
f 6232/3386/4084 6235/3389/4084 6236/3390/4084
f 6234/3388/4085 6236/3390/4085 6237/3391/4085
f 6235/3389/4086 6230/3384/4086 6238/3392/4086
f 6238/3392/4087 6236/3390/4087 6235/3389/4087
f 6239/3393/4084 6238/3392/4084 6230/3384/4084
f 6238/3392/4088 6239/3393/4088 6240/3394/4088
f 6238/3392/4089 6240/3394/4089 6236/3390/4089
f 6241/3395/4088 6240/3394/4088 6239/3393/4088
f 6242/3396/4090 6237/3391/4090 6236/3390/4090
f 6242/3396/4091 6236/3390/4091 6240/3394/4091
f 6237/3391/4092 6242/3396/4092 6243/3397/4092
f 6240/3394/4093 6241/3395/4093 6244/3398/4093
f 6242/3396/4094 6240/3394/4094 6244/3398/4094
f 6244/3398/4095 6243/3397/4095 6242/3396/4095
f 6245/3399/4096 6244/3398/4096 6241/3395/4096
f 6246/3400/4097 6243/3397/4097 6244/3398/4097
f 6244/3398/4098 6245/3399/4098 6246/3400/4098
f 6249/3266/3843 6248/3401/3843 6247/3267/3843
f 6249/3266/4099 6250/3272/4099 6248/3401/4099
f 6251/3402/4100 6248/3401/4100 6250/3272/4100
f 6250/3272/4101 6252/3274/4101 6251/3402/4101
f 6253/3403/3843 6247/3267/3843 6248/3401/3843
f 6253/3403/2600 6248/3401/2600 6254/3404/2600
f 6255/3405/2600 6254/3404/2600 6248/3401/2600
f 6248/3401/4102 6251/3402/4102 6255/3405/4102
f 6254/3404/2600 6256/3406/2600 6253/3403/2600
f 6257/3407/4102 6255/3405/4102 6251/3402/4102
f 6257/3407/4103 6251/3402/4103 6258/3408/4103
f 6253/3403/3843 6259/3409/3843 6247/3267/3843
f 6259/3409/2600 6253/3403/2600 6256/3406/2600
f 6256/3406/2600 6260/3410/2600 6259/3409/2600
f 6261/3270/3843 6247/3267/3843 6259/3409/3843
f 6262/3411/2600 6259/3409/2600 6260/3410/2600
f 6259/3409/3843 6262/3411/3843 6261/3270/3843
f 6263/3299/3843 6261/3270/3843 6262/3411/3843
f 6264/3412/4104 6258/3408/4104 6251/3402/4104
f 6264/3412/4105 6251/3402/4105 6252/3274/4105
f 6258/3408/4106 6264/3412/4106 6265/3413/4106
f 6264/3412/4107 6252/3274/4107 6266/3414/4107
f 6266/3414/4108 6265/3413/4108 6264/3412/4108
f 6267/3275/4109 6266/3414/4109 6252/3274/4109
f 6265/3413/4110 6266/3414/4110 6268/3415/4110
f 6266/3414/4111 6267/3275/4111 6269/3416/4111
f 6269/3416/4112 6268/3415/4112 6266/3414/4112
f 6270/3277/4113 6269/3416/4113 6267/3275/4113
f 6268/3415/4114 6269/3416/4114 6271/3417/4114
f 6269/3416/4115 6270/3277/4115 6272/3418/4115
f 6272/3418/4116 6271/3417/4116 6269/3416/4116
f 6273/3282/4117 6272/3418/4117 6270/3277/4117
f 6274/3285/4118 6272/3418/4118 6273/3282/4118
f 6272/3418/4119 6274/3285/4119 6271/3417/4119
f 6275/3419/4120 6271/3417/4120 6274/3285/4120
f 6278/3420/4121 6277/3421/4121 6276/3422/4121
f 6276/3422/4122 6279/3423/4122 6278/3420/4122
f 6280/3424/4123 6279/3423/4123 6276/3422/4123
f 6279/3423/4124 6281/3425/4124 6278/3420/4124
f 6282/3426/4125 6280/3424/4125 6276/3422/4125
f 6278/3420/4126 6281/3425/4126 6283/3427/4126
f 6281/3425/4127 6284/3428/4127 6283/3427/4127
f 6277/3421/4128 6278/3420/4128 6285/3429/4128
f 6283/3427/4129 6285/3429/4129 6278/3420/4129
f 6285/3429/4130 6283/3427/4130 6286/3430/4130
f 6287/3431/4131 6286/3430/4131 6283/3427/4131
f 6286/3430/4132 6129/3283/4132 6285/3429/4132
f 6287/3431/4133 6283/3427/4133 6288/3432/4133
f 6289/3433/4134 6285/3429/4134 6129/3283/4134
f 6285/3429/4135 6289/3433/4135 6277/3421/4135
f 6129/3283/4136 6147/3301/4136 6289/3433/4136
f 6148/3302/4137 6289/3433/4137 6147/3301/4137
f 6289/3433/4138 6148/3302/4138 6175/3329/4138
f 6175/3329/4139 6277/3421/4139 6289/3433/4139
f 6290/3434/4140 6288/3432/4140 6283/3427/4140
f 6283/3427/4141 6284/3428/4141 6290/3434/4141
f 6291/3435/4142 6290/3434/4142 6284/3428/4142
f 6288/3432/4140 6290/3434/4140 6292/3436/4140
f 6291/3435/4143 6293/3437/4143 6290/3434/4143
f 6294/3438/4144 6292/3436/4144 6290/3434/4144
f 6292/3436/4145 6294/3438/4145 6295/3439/4145
f 6290/3434/4146 6293/3437/4146 6296/3440/4146
f 6297/3441/4147 6295/3439/4147 6294/3438/4147
f 6295/3439/4148 6297/3441/4148 6298/3150/4148
f 6294/3438/4149 6290/3434/4149 6299/3442/4149
f 6296/3440/4150 6299/3442/4150 6290/3434/4150
f 6294/3438/4151 6299/3442/4151 6297/3441/4151
f 6296/3440/4152 6293/3437/4152 6300/3443/4152
f 6296/3440/4153 6300/3443/4153 6299/3442/4153
f 6293/3437/4154 6301/3444/4154 6300/3443/4154
f 6301/3444/4155 6282/3426/4155 6300/3443/4155
f 6299/3442/4151 6302/3445/4151 6297/3441/4151
f 6302/3445/4156 6299/3442/4156 6300/3443/4156
f 6300/3443/4157 6282/3426/4157 6276/3422/4157
f 6303/3446/4158 6297/3441/4158 6302/3445/4158
f 6298/3150/4159 6297/3441/4159 6303/3446/4159
f 6300/3443/4160 6304/3447/4160 6302/3445/4160
f 6303/3446/4161 6305/3448/4161 6298/3150/4161
f 6302/3445/4162 6306/3449/4162 6303/3446/4162
f 6306/3449/4163 6302/3445/4163 6304/3447/4163
f 6305/3448/4164 6303/3446/4164 6306/3449/4164
f 6307/3152/4165 6298/3150/4165 6305/3448/4165
f 6276/3422/4166 6308/3450/4166 6300/3443/4166
f 6304/3447/4167 6300/3443/4167 6308/3450/4167
f 6305/3448/4168 6309/3451/4168 6307/3152/4168
f 6310/3153/4169 6307/3152/4169 6309/3451/4169
f 6306/3449/4170 6311/3452/4170 6305/3448/4170
f 6309/3451/4171 6305/3448/4171 6311/3452/4171
f 6304/3447/4172 6312/3453/4172 6306/3449/4172
f 6311/3452/4173 6306/3449/4173 6312/3453/4173
f 6304/3447/4174 6308/3450/4174 6312/3453/4174
f 6310/3153/4175 6309/3451/4175 6313/3454/4175
f 6313/3454/4176 6314/3455/4176 6310/3153/4176
f 6314/3455/4177 6313/3454/4177 6315/3456/4177
f 6313/3454/4175 6309/3451/4175 6316/3457/4175
f 6311/3452/4178 6316/3457/4178 6309/3451/4178
f 6317/3458/4179 6315/3456/4179 6313/3454/4179
f 6313/3454/4180 6316/3457/4180 6317/3458/4180
f 6315/3456/4181 6317/3458/4181 6318/3459/4181
f 6316/3457/4182 6311/3452/4182 6319/3460/4182
f 6316/3457/4183 6319/3460/4183 6317/3458/4183
f 6312/3453/4184 6319/3460/4184 6311/3452/4184
f 6320/3461/4185 6318/3459/4185 6317/3458/4185
f 6320/3461/4186 6317/3458/4186 6319/3460/4186
f 6318/3459/4187 6320/3461/4187 6321/3462/4187
f 6322/3463/4188 6319/3460/4188 6312/3453/4188
f 6322/3463/4189 6320/3461/4189 6319/3460/4189
f 6323/3464/4190 6322/3463/4190 6312/3453/4190
f 6322/3463/4191 6324/3465/4191 6320/3461/4191
f 6325/3466/4192 6323/3464/4192 6312/3453/4192
f 6324/3465/4193 6326/3467/4193 6320/3461/4193
f 6325/3466/4194 6312/3453/4194 6327/3468/4194
f 6328/3469/4195 6325/3466/4195 6327/3468/4195
f 6327/3468/4196 6312/3453/4196 6308/3450/4196
f 6329/3470/4197 6328/3469/4197 6327/3468/4197
f 6330/3471/4198 6320/3461/4198 6326/3467/4198
f 6330/3471/4199 6321/3462/4199 6320/3461/4199
f 6326/3467/4200 6331/3472/4200 6330/3471/4200
f 6331/3472/4201 6329/3470/4201 6332/3473/4201
f 6331/3472/4202 6332/3473/4202 6330/3471/4202
f 6329/3470/4203 6327/3468/4203 6332/3473/4203
f 6321/3462/4204 6330/3471/4204 6333/3474/4204
f 6332/3473/4205 6327/3468/4205 6334/3475/4205
f 6332/3473/4206 6334/3475/4206 6330/3471/4206
f 6335/3476/4207 6333/3474/4207 6330/3471/4207
f 6335/3476/4208 6330/3471/4208 6334/3475/4208
f 6333/3474/4209 6335/3476/4209 6227/3381/4209
f 6219/3373/4210 6227/3381/4210 6335/3476/4210
f 6219/3373/4211 6335/3476/4211 6216/3370/4211
f 6334/3475/4212 6216/3370/4212 6335/3476/4212
f 6334/3475/4213 6220/3374/4213 6216/3370/4213
f 6220/3374/4214 6334/3475/4214 6327/3468/4214
f 6220/3374/4215 6327/3468/4215 6336/3477/4215
f 6308/3450/4216 6336/3477/4216 6327/3468/4216
f 6308/3450/4217 6276/3422/4217 6336/3477/4217
f 6336/3477/4218 6179/3333/4218 6220/3374/4218
f 6185/3339/4219 6220/3374/4219 6179/3333/4219
f 6337/3478/4220 6336/3477/4220 6276/3422/4220
f 6336/3477/4221 6337/3478/4221 6179/3333/4221
f 6337/3478/4222 6276/3422/4222 6277/3421/4222
f 6277/3421/4223 6175/3329/4223 6337/3478/4223
f 6338/3479/4224 6179/3333/4224 6337/3478/4224
f 6338/3479/4225 6337/3478/4225 6175/3329/4225
f 6338/3479/4226 6173/3327/4226 6179/3333/4226
f 6338/3479/4227 6175/3329/4227 6173/3327/4227
f 6341/3480/1160 6340/3481/1160 6339/3174/1160
f 6342/3175/2636 6339/3174/2636 6340/3481/2636
f 6345/3482/2619 6344/3483/2619 6343/3484/2619
f 6346/3485/2619 6343/3484/2619 6344/3483/2619
f 6346/3485/2619 6347/3486/2619 6343/3484/2619
f 6348/3487/2619 6343/3484/2619 6347/3486/2619
f 6343/3484/4228 6348/3487/4228 6349/3207/4228
f 6350/3206/4228 6349/3207/4228 6348/3487/4228
f 6349/3207/4228 6351/3208/4228 6343/3484/4228
f 6345/3482/4228 6343/3484/4228 6351/3208/4228
f 6351/3208/4228 6352/3210/4228 6345/3482/4228
f 6345/3482/2619 6353/3488/2619 6344/3483/2619
f 6353/3488/4228 6345/3482/4228 6352/3210/4228
f 6354/3489/2619 6344/3483/2619 6353/3488/2619
f 6352/3210/4228 6355/3211/4228 6353/3488/4228
f 6353/3488/2619 6356/3490/2619 6354/3489/2619
f 6356/3490/4228 6353/3488/4228 6355/3211/4228
f 6357/3491/2619 6354/3489/2619 6356/3490/2619
f 6355/3211/4228 6358/3214/4228 6356/3490/4228
f 6356/3490/2619 6359/3492/2619 6357/3491/2619
f 6359/3492/4228 6356/3490/4228 6358/3214/4228
f 6360/3493/2619 6357/3491/2619 6359/3492/2619
f 6358/3214/4228 6361/3218/4228 6359/3492/4228
f 6360/3493/2619 6359/3492/2619 6362/3494/2619
f 6363/3495/4228 6359/3492/4228 6361/3218/4228
f 6363/3495/2619 6362/3494/2619 6359/3492/2619
f 6366/3378/4228 6365/3354/4228 6364/3496/4228
f 6366/3378/4229 6364/3496/4229 6367/3380/4229
f 6368/3497/4228 6364/3496/4228 6365/3354/4228
f 6369/3498/4230 6367/3380/4230 6364/3496/4230
f 6365/3354/4228 6370/3352/4228 6368/3497/4228
f 6364/3496/2619 6368/3497/2619 6371/3499/2619
f 6364/3496/4231 6371/3499/4231 6369/3498/4231
f 6372/3500/2619 6371/3499/2619 6368/3497/2619
f 6373/3501/4231 6369/3498/4231 6371/3499/4231
f 6367/3380/4232 6369/3498/4232 6374/3384/4232
f 6373/3501/4233 6375/3502/4233 6369/3498/4233
f 6368/3497/2619 6376/3503/2619 6372/3500/2619
f 6376/3503/4228 6368/3497/4228 6370/3352/4228
f 6370/3352/4228 6377/3351/4228 6376/3503/4228
f 6378/3504/2619 6372/3500/2619 6376/3503/2619
f 6379/3505/4228 6376/3503/4228 6377/3351/4228
f 6376/3503/2619 6379/3505/2619 6378/3504/2619
f 6380/3506/2619 6378/3504/2619 6379/3505/2619
f 6381/3507/4234 6369/3498/4234 6375/3502/4234
f 6381/3507/4235 6374/3384/4235 6369/3498/4235
f 6375/3502/4236 6382/3508/4236 6381/3507/4236
f 6381/3507/4237 6383/3509/4237 6374/3384/4237
f 6383/3509/4238 6381/3507/4238 6382/3508/4238
f 6384/3393/4239 6374/3384/4239 6383/3509/4239
f 6384/3393/4240 6383/3509/4240 6385/3395/4240
f 6383/3509/4241 6382/3508/4241 6386/3510/4241
f 6386/3510/4242 6385/3395/4242 6383/3509/4242
f 6387/3511/4243 6386/3510/4243 6382/3508/4243
f 6385/3395/4244 6386/3510/4244 6388/3399/4244
f 6386/3510/4245 6387/3511/4245 6389/3512/4245
f 6389/3512/4246 6388/3399/4246 6386/3510/4246
f 6390/3513/4247 6389/3512/4247 6387/3511/4247
f 6391/3400/4248 6388/3399/4248 6389/3512/4248
f 6389/3512/4249 6390/3513/4249 6391/3400/4249
f 6392/3514/4250 6391/3400/4250 6390/3513/4250
f 6395/3495/1160 6394/3515/1160 6393/3494/1160
f 6396/3516/2636 6393/3494/2636 6394/3515/2636
f 6399/3517/4251 6398/3518/4251 6397/3519/4251
f 6399/3517/4252 6400/3520/4252 6398/3518/4252
f 6401/3521/4251 6397/3519/4251 6398/3518/4251
f 6402/3522/4252 6398/3518/4252 6400/3520/4252
f 6397/3519/4253 6401/3521/4253 6403/3523/4253
f 6400/3520/4254 6404/3524/4254 6402/3522/4254
f 6405/3525/4255 6403/3523/4255 6401/3521/4255
f 6405/3525/4256 6406/3526/4256 6403/3523/4256
f 6407/3527/4256 6403/3523/4256 6406/3526/4256
f 6408/3528/4254 6402/3522/4254 6404/3524/4254
f 6404/3524/4257 6409/3529/4257 6408/3528/4257
f 6410/3530/4257 6408/3528/4257 6409/3529/4257
f 6409/3529/4258 6411/3531/4258 6410/3530/4258
f 6412/3532/4258 6410/3530/4258 6411/3531/4258
f 6412/3532/4259 6411/3531/4259 6413/3533/4259
f 6414/3534/4259 6413/3533/4259 6411/3531/4259
f 6417/3535/4260 6416/3522/4260 6415/3524/4260
f 6417/3535/4261 6418/3536/4261 6416/3522/4261
f 6419/3528/4260 6415/3524/4260 6416/3522/4260
f 6420/3537/4261 6416/3522/4261 6418/3536/4261
f 6415/3524/4253 6419/3528/4253 6421/3538/4253
f 6418/3536/4262 6422/3519/4262 6420/3537/4262
f 6423/3539/4253 6421/3538/4253 6419/3528/4253
f 6424/3521/4262 6420/3537/4262 6422/3519/4262
f 6421/3538/4263 6423/3539/4263 6425/3531/4263
f 6422/3519/4257 6426/3523/4257 6424/3521/4257
f 6427/3532/4263 6425/3531/4263 6423/3539/4263
f 6425/3531/4264 6427/3532/4264 6428/3534/4264
f 6429/3533/4264 6428/3534/4264 6427/3532/4264
f 6430/3525/4257 6424/3521/4257 6426/3523/4257
f 6426/3523/4265 6431/3540/4265 6430/3525/4265
f 6432/3541/4265 6430/3525/4265 6431/3540/4265
f 6435/3542/4266 6434/3543/4266 6433/3544/4266
f 6434/3543/4267 6436/3545/4267 6433/3544/4267
f 6436/3545/4268 6437/3546/4268 6433/3544/4268
f 6438/3547/4267 6436/3545/4267 6434/3543/4267
f 6439/3548/4269 6436/3545/4269 6438/3547/4269
f 6440/3549/4270 6438/3547/4270 6434/3543/4270
f 6443/3542/4269 6442/3543/4269 6441/3544/4269
f 6442/3543/4267 6444/3545/4267 6441/3544/4267
f 6444/3545/4270 6445/3546/4270 6441/3544/4270
f 6446/3547/4267 6444/3545/4267 6442/3543/4267
f 6447/3548/4271 6444/3545/4271 6446/3547/4271
f 6448/3549/4268 6446/3547/4268 6442/3543/4268
f 6451/3550/4272 6450/3551/4272 6449/3552/4272
f 6452/3553/4272 6449/3552/4272 6450/3551/4272
f 6449/3552/4273 6452/3553/4273 6453/3554/4273
f 6454/3555/4273 6453/3554/4273 6452/3553/4273
f 6453/3554/4274 6454/3555/4274 6455/3556/4274
f 6456/3557/4274 6455/3556/4274 6454/3555/4274
f 6455/3556/4275 6456/3557/4275 6457/3558/4275
f 6458/3559/4275 6457/3558/4275 6456/3557/4275
f 6457/3558/4276 6458/3559/4276 6459/3560/4276
f 6460/3561/4276 6459/3560/4276 6458/3559/4276
f 6459/3560/4277 6460/3561/4277 6461/3562/4277
f 6462/3563/4277 6461/3562/4277 6460/3561/4277
f 6461/3562/4278 6462/3563/4278 6463/3564/4278
f 6464/3565/4278 6463/3564/4278 6462/3563/4278
f 6463/3564/2031 6464/3565/2031 6465/3566/2031
f 6466/3567/2031 6465/3566/2031 6464/3565/2031
f 6469/3568/4279 6468/3569/4279 6467/3570/4279
f 6470/3571/4280 6468/3569/4280 6469/3568/4280
f 6467/3570/4281 6468/3569/4281 6471/3572/4281
f 6472/3573/4282 6468/3569/4282 6470/3571/4282
f 6471/3572/4283 6468/3569/4283 6473/3574/4283
f 6474/3575/4284 6468/3569/4284 6472/3573/4284
f 6473/3574/4285 6468/3569/4285 6475/3576/4285
f 6475/3576/4286 6468/3569/4286 6474/3575/4286
f 6478/3577/4287 6477/3578/4287 6476/3579/4287
f 6478/3577/4288 6479/3580/4288 6477/3578/4288
f 6480/3581/4289 6477/3578/4289 6479/3580/4289
f 6477/3578/4290 6481/3582/4290 6476/3579/4290
f 6481/3582/4291 6482/3583/4291 6476/3579/4291
f 6482/3583/4292 6483/3584/4292 6476/3579/4292
f 6486/3585/4293 6485/3586/4293 6484/3587/4293
f 6485/3586/4294 6486/3585/4294 6487/3588/4294
f 6488/3589/4295 6484/3587/4295 6485/3586/4295
f 6489/3590/4296 6487/3588/4296 6486/3585/4296
f 6487/3588/4297 6489/3590/4297 6490/3591/4297
f 6491/3592/4297 6490/3591/4297 6489/3590/4297
f 6484/3587/4298 6488/3589/4298 6492/3593/4298
f 6493/3594/4299 6492/3593/4299 6488/3589/4299
f 6492/3593/4300 6493/3594/4300 6494/3595/4300
f 6495/3596/4301 6494/3595/4301 6493/3594/4301
f 6494/3595/4302 6495/3596/4302 6496/3597/4302
f 6497/3598/4303 6496/3597/4303 6495/3596/4303
f 6496/3597/4304 6497/3598/4304 6498/3599/4304
f 6499/3600/4304 6498/3599/4304 6497/3598/4304
f 6498/3599/4305 6499/3600/4305 6500/3601/4305
f 6501/3602/4306 6500/3601/4306 6499/3600/4306
f 6504/3521/4307 6503/3518/4307 6502/3519/4307
f 6505/3603/4307 6502/3519/4307 6503/3518/4307
f 6502/3519/4308 6506/3523/4308 6504/3521/4308
f 6505/3603/4309 6503/3518/4309 6507/3520/4309
f 6508/3525/4310 6504/3521/4310 6506/3523/4310
f 6508/3525/4311 6506/3523/4311 6509/3526/4311
f 6510/3527/4311 6509/3526/4311 6506/3523/4311
f 6511/3522/4309 6507/3520/4309 6503/3518/4309
f 6507/3520/4312 6511/3522/4312 6512/3524/4312
f 6513/3528/4312 6512/3524/4312 6511/3522/4312
f 6512/3524/4313 6513/3528/4313 6514/3529/4313
f 6515/3530/4314 6514/3529/4314 6513/3528/4314
f 6514/3529/4315 6515/3530/4315 6516/3531/4315
f 6517/3532/4316 6516/3531/4316 6515/3530/4316
f 6517/3532/4317 6518/3533/4317 6516/3531/4317
f 6519/3534/4317 6516/3531/4317 6518/3533/4317
f 6522/3528/4318 6521/3522/4318 6520/3524/4318
f 6523/3535/4318 6520/3524/4318 6521/3522/4318
f 6520/3524/4308 6524/3529/4308 6522/3528/4308
f 6523/3535/4319 6521/3522/4319 6525/3603/4319
f 6526/3530/4308 6522/3528/4308 6524/3529/4308
f 6527/3518/4319 6525/3603/4319 6521/3522/4319
f 6524/3529/4320 6528/3531/4320 6526/3530/4320
f 6525/3603/4321 6527/3518/4321 6529/3519/4321
f 6530/3532/4320 6526/3530/4320 6528/3531/4320
f 6528/3531/4322 6531/3534/4322 6530/3532/4322
f 6532/3533/4322 6530/3532/4322 6531/3534/4322
f 6533/3521/4321 6529/3519/4321 6527/3518/4321
f 6529/3519/4313 6533/3521/4313 6534/3523/4313
f 6535/3525/4314 6534/3523/4314 6533/3521/4314
f 6534/3523/4323 6535/3525/4323 6536/3527/4323
f 6537/3526/4324 6536/3527/4324 6535/3525/4324
f 6540/3547/4325 6539/3548/4325 6538/3549/4325
f 6539/3548/4326 6541/3542/4326 6538/3549/4326
f 6541/3542/4327 6542/3543/4327 6538/3549/4327
f 6543/3546/4326 6541/3542/4326 6539/3548/4326
f 6544/3544/4328 6541/3542/4328 6543/3546/4328
f 6545/3545/4329 6543/3546/4329 6539/3548/4329
f 6548/3547/4330 6547/3548/4330 6546/3549/4330
f 6547/3548/4326 6549/3542/4326 6546/3549/4326
f 6549/3542/4331 6550/3543/4331 6546/3549/4331
f 6551/3546/4326 6549/3542/4326 6547/3548/4326
f 6552/3544/4325 6549/3542/4325 6551/3546/4325
f 6553/3545/4332 6551/3546/4332 6547/3548/4332
f 6556/3584/4333 6555/3583/4333 6554/3579/4333
f 6555/3583/4334 6557/3582/4334 6554/3579/4334
f 6557/3582/4335 6558/3578/4335 6554/3579/4335
f 6558/3578/4336 6559/3577/4336 6554/3579/4336
f 6559/3577/4337 6558/3578/4337 6560/3580/4337
f 6561/3581/4338 6560/3580/4338 6558/3578/4338
f 6564/3589/4339 6563/3604/4339 6562/3587/4339
f 6565/3585/4340 6562/3587/4340 6563/3604/4340
f 6562/3587/4341 6566/3593/4341 6564/3589/4341
f 6563/3604/4342 6567/3588/4342 6565/3585/4342
f 6568/3594/4343 6564/3589/4343 6566/3593/4343
f 6569/3590/4344 6565/3585/4344 6567/3588/4344
f 6567/3588/4345 6570/3591/4345 6569/3590/4345
f 6571/3592/4345 6569/3590/4345 6570/3591/4345
f 6566/3593/4346 6572/3595/4346 6568/3594/4346
f 6573/3596/4347 6568/3594/4347 6572/3595/4347
f 6572/3595/4348 6574/3597/4348 6573/3596/4348
f 6575/3598/4349 6573/3596/4349 6574/3597/4349
f 6574/3597/4350 6576/3599/4350 6575/3598/4350
f 6577/3600/4350 6575/3598/4350 6576/3599/4350
f 6576/3599/4351 6578/3601/4351 6577/3600/4351
f 6579/3602/4352 6577/3600/4352 6578/3601/4352
f 6582/3550/4272 6581/3551/4272 6580/3552/4272
f 6583/3553/4272 6580/3552/4272 6581/3551/4272
f 6580/3552/4264 6583/3553/4264 6584/3554/4264
f 6585/3555/4264 6584/3554/4264 6583/3553/4264
f 6584/3554/4353 6585/3555/4353 6586/3556/4353
f 6587/3557/4353 6586/3556/4353 6585/3555/4353
f 6586/3556/4275 6587/3557/4275 6588/3558/4275
f 6589/3559/4275 6588/3558/4275 6587/3557/4275
f 6588/3558/4276 6589/3559/4276 6590/3560/4276
f 6591/3561/4276 6590/3560/4276 6589/3559/4276
f 6590/3560/4354 6591/3561/4354 6592/3562/4354
f 6593/3563/4354 6592/3562/4354 6591/3561/4354
f 6592/3562/4355 6593/3563/4355 6594/3564/4355
f 6595/3565/4355 6594/3564/4355 6593/3563/4355
f 6594/3564/2031 6595/3565/2031 6596/3566/2031
f 6597/3567/2031 6596/3566/2031 6595/3565/2031
f 6600/3568/4279 6599/3569/4279 6598/3570/4279
f 6601/3571/4280 6599/3569/4280 6600/3568/4280
f 6598/3570/4281 6599/3569/4281 6602/3572/4281
f 6603/3573/4356 6599/3569/4356 6601/3571/4356
f 6602/3572/4357 6599/3569/4357 6604/3574/4357
f 6605/3575/4358 6599/3569/4358 6603/3573/4358
f 6604/3574/4285 6599/3569/4285 6606/3576/4285
f 6606/3576/4286 6599/3569/4286 6605/3575/4286
f 6609/3550/4272 6608/3551/4272 6607/3552/4272
f 6610/3553/4272 6607/3552/4272 6608/3551/4272
f 6607/3552/4264 6610/3553/4264 6611/3554/4264
f 6612/3555/4264 6611/3554/4264 6610/3553/4264
f 6611/3554/4353 6612/3555/4353 6613/3556/4353
f 6614/3557/4353 6613/3556/4353 6612/3555/4353
f 6613/3556/4275 6614/3557/4275 6615/3558/4275
f 6616/3559/4275 6615/3558/4275 6614/3557/4275
f 6615/3558/4276 6616/3559/4276 6617/3560/4276
f 6618/3561/4276 6617/3560/4276 6616/3559/4276
f 6617/3560/4354 6618/3561/4354 6619/3562/4354
f 6620/3563/4354 6619/3562/4354 6618/3561/4354
f 6619/3562/4359 6620/3563/4359 6621/3564/4359
f 6622/3565/4359 6621/3564/4359 6620/3563/4359
f 6621/3564/2031 6622/3565/2031 6623/3566/2031
f 6624/3567/2031 6623/3566/2031 6622/3565/2031
f 6627/3568/4279 6626/3569/4279 6625/3570/4279
f 6628/3571/4280 6626/3569/4280 6627/3568/4280
f 6625/3570/4281 6626/3569/4281 6629/3572/4281
f 6630/3573/4360 6626/3569/4360 6628/3571/4360
f 6629/3572/4357 6626/3569/4357 6631/3574/4357
f 6632/3575/4358 6626/3569/4358 6630/3573/4358
f 6631/3574/4285 6626/3569/4285 6633/3576/4285
f 6633/3576/4286 6626/3569/4286 6632/3575/4286
f 6636/3550/4272 6635/3551/4272 6634/3552/4272
f 6637/3553/4272 6634/3552/4272 6635/3551/4272
f 6634/3552/4273 6637/3553/4273 6638/3554/4273
f 6639/3555/4273 6638/3554/4273 6637/3553/4273
f 6638/3554/4274 6639/3555/4274 6640/3556/4274
f 6641/3557/4274 6640/3556/4274 6639/3555/4274
f 6640/3556/4275 6641/3557/4275 6642/3558/4275
f 6643/3559/4275 6642/3558/4275 6641/3557/4275
f 6642/3558/4276 6643/3559/4276 6644/3560/4276
f 6645/3561/4276 6644/3560/4276 6643/3559/4276
f 6644/3560/4277 6645/3561/4277 6646/3562/4277
f 6647/3563/4277 6646/3562/4277 6645/3561/4277
f 6646/3562/4361 6647/3563/4361 6648/3564/4361
f 6649/3565/4361 6648/3564/4361 6647/3563/4361
f 6648/3564/2031 6649/3565/2031 6650/3566/2031
f 6651/3567/2031 6650/3566/2031 6649/3565/2031
f 6654/3568/4279 6653/3569/4279 6652/3570/4279
f 6655/3571/4280 6653/3569/4280 6654/3568/4280
f 6652/3570/4281 6653/3569/4281 6656/3572/4281
f 6657/3573/4362 6653/3569/4362 6655/3571/4362
f 6656/3572/4363 6653/3569/4363 6658/3574/4363
f 6659/3575/4284 6653/3569/4284 6657/3573/4284
f 6658/3574/4285 6653/3569/4285 6660/3576/4285
f 6660/3576/4286 6653/3569/4286 6659/3575/4286
f 6663/3550/4364 6662/3551/4364 6661/3552/4364
f 6664/3553/4364 6661/3552/4364 6662/3551/4364
f 6661/3552/4365 6664/3553/4365 6665/3554/4365
f 6666/3555/4365 6665/3554/4365 6664/3553/4365
f 6665/3554/4353 6666/3555/4353 6667/3556/4353
f 6668/3557/4353 6667/3556/4353 6666/3555/4353
f 6667/3556/4275 6668/3557/4275 6669/3558/4275
f 6670/3559/4275 6669/3558/4275 6668/3557/4275
f 6669/3558/4276 6670/3559/4276 6671/3560/4276
f 6672/3561/4276 6671/3560/4276 6670/3559/4276
f 6671/3560/4277 6672/3561/4277 6673/3562/4277
f 6674/3563/4277 6673/3562/4277 6672/3561/4277
f 6673/3562/4359 6674/3563/4359 6675/3564/4359
f 6676/3565/4359 6675/3564/4359 6674/3563/4359
f 6675/3564/4366 6676/3565/4366 6677/3566/4366
f 6678/3567/4367 6677/3566/4367 6676/3565/4367
f 6681/3568/4368 6680/3569/4368 6679/3570/4368
f 6682/3571/4369 6680/3569/4369 6681/3568/4369
f 6679/3570/4370 6680/3569/4370 6683/3572/4370
f 6684/3573/4371 6680/3569/4371 6682/3571/4371
f 6683/3572/4357 6680/3569/4357 6685/3574/4357
f 6686/3575/4284 6680/3569/4284 6684/3573/4284
f 6685/3574/4285 6680/3569/4285 6687/3576/4285
f 6687/3576/4286 6680/3569/4286 6686/3575/4286
f 6690/3550/4372 6689/3551/4372 6688/3552/4372
f 6691/3553/4373 6688/3552/4373 6689/3551/4373
f 6688/3552/4374 6691/3553/4374 6692/3554/4374
f 6693/3555/4374 6692/3554/4374 6691/3553/4374
f 6692/3554/4375 6693/3555/4375 6694/3556/4375
f 6695/3557/4375 6694/3556/4375 6693/3555/4375
f 6694/3556/4376 6695/3557/4376 6696/3558/4376
f 6697/3559/4376 6696/3558/4376 6695/3557/4376
f 6696/3558/4276 6697/3559/4276 6698/3560/4276
f 6699/3561/4276 6698/3560/4276 6697/3559/4276
f 6698/3560/4277 6699/3561/4277 6700/3562/4277
f 6701/3563/4277 6700/3562/4277 6699/3561/4277
f 6700/3562/4359 6701/3563/4359 6702/3564/4359
f 6703/3565/4359 6702/3564/4359 6701/3563/4359
f 6702/3564/4366 6703/3565/4366 6704/3566/4366
f 6705/3567/4367 6704/3566/4367 6703/3565/4367
f 6708/3568/4377 6707/3569/4377 6706/3570/4377
f 6709/3571/4369 6707/3569/4369 6708/3568/4369
f 6706/3570/4378 6707/3569/4378 6710/3572/4378
f 6711/3573/4371 6707/3569/4371 6709/3571/4371
f 6710/3572/4379 6707/3569/4379 6712/3574/4379
f 6713/3575/4284 6707/3569/4284 6711/3573/4284
f 6712/3574/4285 6707/3569/4285 6714/3576/4285
f 6714/3576/4286 6707/3569/4286 6713/3575/4286
f 6717/3550/4364 6716/3551/4364 6715/3552/4364
f 6718/3553/4364 6715/3552/4364 6716/3551/4364
f 6715/3552/4365 6718/3553/4365 6719/3554/4365
f 6720/3555/4365 6719/3554/4365 6718/3553/4365
f 6719/3554/4380 6720/3555/4380 6721/3556/4380
f 6722/3557/4380 6721/3556/4380 6720/3555/4380
f 6721/3556/17 6722/3557/17 6723/3558/17
f 6724/3559/17 6723/3558/17 6722/3557/17
f 6723/3558/4381 6724/3559/4381 6725/3560/4381
f 6726/3561/4381 6725/3560/4381 6724/3559/4381
f 6725/3560/4382 6726/3561/4382 6727/3562/4382
f 6728/3563/4382 6727/3562/4382 6726/3561/4382
f 6727/3562/4355 6728/3563/4355 6729/3564/4355
f 6730/3565/4355 6729/3564/4355 6728/3563/4355
f 6729/3564/4366 6730/3565/4366 6731/3566/4366
f 6732/3567/4366 6731/3566/4366 6730/3565/4366
f 6735/3568/4383 6734/3569/4383 6733/3570/4383
f 6736/3571/4384 6734/3569/4384 6735/3568/4384
f 6733/3570/4385 6734/3569/4385 6737/3572/4385
f 6738/3573/4386 6734/3569/4386 6736/3571/4386
f 6737/3572/4387 6734/3569/4387 6739/3574/4387
f 6740/3575/4388 6734/3569/4388 6738/3573/4388
f 6739/3574/4389 6734/3569/4389 6741/3576/4389
f 6741/3576/4390 6734/3569/4390 6740/3575/4390
f 6744/3550/4272 6743/3551/4272 6742/3552/4272
f 6745/3553/4272 6742/3552/4272 6743/3551/4272
f 6742/3552/4264 6745/3553/4264 6746/3554/4264
f 6747/3555/4264 6746/3554/4264 6745/3553/4264
f 6746/3554/4353 6747/3555/4353 6748/3556/4353
f 6749/3557/4353 6748/3556/4353 6747/3555/4353
f 6748/3556/4275 6749/3557/4275 6750/3558/4275
f 6751/3559/4275 6750/3558/4275 6749/3557/4275
f 6750/3558/4381 6751/3559/4381 6752/3560/4381
f 6753/3561/4381 6752/3560/4381 6751/3559/4381
f 6752/3560/4391 6753/3561/4391 6754/3562/4391
f 6755/3563/4391 6754/3562/4391 6753/3561/4391
f 6754/3562/4355 6755/3563/4355 6756/3564/4355
f 6757/3565/4355 6756/3564/4355 6755/3563/4355
f 6756/3564/2031 6757/3565/2031 6758/3566/2031
f 6759/3567/2031 6758/3566/2031 6757/3565/2031
f 6762/3568/4392 6761/3569/4392 6760/3570/4392
f 6763/3571/4393 6761/3569/4393 6762/3568/4393
f 6760/3570/4394 6761/3569/4394 6764/3572/4394
f 6765/3573/4356 6761/3569/4356 6763/3571/4356
f 6764/3572/4395 6761/3569/4395 6766/3574/4395
f 6767/3575/4388 6761/3569/4388 6765/3573/4388
f 6766/3574/4396 6761/3569/4396 6768/3576/4396
f 6768/3576/4397 6761/3569/4397 6767/3575/4397
f 6771/3550/4272 6770/3551/4272 6769/3552/4272
f 6772/3553/4272 6769/3552/4272 6770/3551/4272
f 6769/3552/4273 6772/3553/4273 6773/3554/4273
f 6774/3555/4273 6773/3554/4273 6772/3553/4273
f 6773/3554/4274 6774/3555/4274 6775/3556/4274
f 6776/3557/4274 6775/3556/4274 6774/3555/4274
f 6775/3556/4275 6776/3557/4275 6777/3558/4275
f 6778/3559/4275 6777/3558/4275 6776/3557/4275
f 6777/3558/4398 6778/3559/4398 6779/3560/4398
f 6780/3561/4381 6779/3560/4381 6778/3559/4381
f 6779/3560/4391 6780/3561/4391 6781/3562/4391
f 6782/3563/4391 6781/3562/4391 6780/3561/4391
f 6781/3562/4399 6782/3563/4399 6783/3564/4399
f 6784/3565/4399 6783/3564/4399 6782/3563/4399
f 6783/3564/2031 6784/3565/2031 6785/3566/2031
f 6786/3567/2031 6785/3566/2031 6784/3565/2031
f 6789/3568/4392 6788/3569/4392 6787/3570/4392
f 6790/3571/4393 6788/3569/4393 6789/3568/4393
f 6787/3570/4400 6788/3569/4400 6791/3572/4400
f 6792/3573/4401 6788/3569/4401 6790/3571/4401
f 6791/3572/4402 6788/3569/4402 6793/3574/4402
f 6794/3575/4388 6788/3569/4388 6792/3573/4388
f 6793/3574/4396 6788/3569/4396 6795/3576/4396
f 6795/3576/4397 6788/3569/4397 6794/3575/4397
f 6798/3550/4364 6797/3551/4364 6796/3552/4364
f 6799/3553/4364 6796/3552/4364 6797/3551/4364
f 6796/3552/4264 6799/3553/4264 6800/3554/4264
f 6801/3555/4264 6800/3554/4264 6799/3553/4264
f 6800/3554/4353 6801/3555/4353 6802/3556/4353
f 6803/3557/4258 6802/3556/4258 6801/3555/4258
f 6802/3556/17 6803/3557/17 6804/3558/17
f 6805/3559/17 6804/3558/17 6803/3557/17
f 6804/3558/4403 6805/3559/4403 6806/3560/4403
f 6807/3561/4403 6806/3560/4403 6805/3559/4403
f 6806/3560/4391 6807/3561/4391 6808/3562/4391
f 6809/3563/4391 6808/3562/4391 6807/3561/4391
f 6808/3562/4355 6809/3563/4355 6810/3564/4355
f 6811/3565/4404 6810/3564/4404 6809/3563/4404
f 6810/3564/4405 6811/3565/4405 6812/3566/4405
f 6813/3567/4405 6812/3566/4405 6811/3565/4405
f 6816/3568/4383 6815/3569/4383 6814/3570/4383
f 6817/3571/4406 6815/3569/4406 6816/3568/4406
f 6814/3570/4394 6815/3569/4394 6818/3572/4394
f 6819/3573/4356 6815/3569/4356 6817/3571/4356
f 6818/3572/4395 6815/3569/4395 6820/3574/4395
f 6821/3575/4388 6815/3569/4388 6819/3573/4388
f 6820/3574/4389 6815/3569/4389 6822/3576/4389
f 6822/3576/4407 6815/3569/4407 6821/3575/4407
f 6825/3550/4408 6824/3551/4408 6823/3552/4408
f 6826/3553/4409 6823/3552/4409 6824/3551/4409
f 6823/3552/4273 6826/3553/4273 6827/3554/4273
f 6828/3555/4273 6827/3554/4273 6826/3553/4273
f 6827/3554/4410 6828/3555/4410 6829/3556/4410
f 6830/3557/4274 6829/3556/4274 6828/3555/4274
f 6829/3556/4411 6830/3557/4411 6831/3558/4411
f 6832/3559/4412 6831/3558/4412 6830/3557/4412
f 6831/3558/4276 6832/3559/4276 6833/3560/4276
f 6834/3561/4276 6833/3560/4276 6832/3559/4276
f 6833/3560/4382 6834/3561/4382 6835/3562/4382
f 6836/3563/4382 6835/3562/4382 6834/3561/4382
f 6835/3562/4413 6836/3563/4413 6837/3564/4413
f 6838/3565/4413 6837/3564/4413 6836/3563/4413
f 6837/3564/2031 6838/3565/2031 6839/3566/2031
f 6840/3567/2031 6839/3566/2031 6838/3565/2031
f 6843/3568/4414 6842/3569/4414 6841/3570/4414
f 6844/3571/4415 6842/3569/4415 6843/3568/4415
f 6841/3570/4400 6842/3569/4400 6845/3572/4400
f 6846/3573/4416 6842/3569/4416 6844/3571/4416
f 6845/3572/4402 6842/3569/4402 6847/3574/4402
f 6848/3575/4417 6842/3569/4417 6846/3573/4417
f 6847/3574/4418 6842/3569/4418 6849/3576/4418
f 6849/3576/4419 6842/3569/4419 6848/3575/4419
f 6852/3550/4420 6851/3551/4420 6850/3552/4420
f 6853/3553/4364 6850/3552/4364 6851/3551/4364
f 6850/3552/4365 6853/3553/4365 6854/3554/4365
f 6855/3555/4365 6854/3554/4365 6853/3553/4365
f 6854/3554/4380 6855/3555/4380 6856/3556/4380
f 6857/3557/4380 6856/3556/4380 6855/3555/4380
f 6856/3556/17 6857/3557/17 6858/3558/17
f 6859/3559/17 6858/3558/17 6857/3557/17
f 6858/3558/4421 6859/3559/4421 6860/3560/4421
f 6861/3561/4403 6860/3560/4403 6859/3559/4403
f 6860/3560/4391 6861/3561/4391 6862/3562/4391
f 6863/3563/4391 6862/3562/4391 6861/3561/4391
f 6862/3562/4422 6863/3563/4422 6864/3564/4422
f 6865/3565/4399 6864/3564/4399 6863/3563/4399
f 6864/3564/4405 6865/3565/4405 6866/3566/4405
f 6867/3567/4423 6866/3566/4423 6865/3565/4423
f 6870/3568/4383 6869/3569/4383 6868/3570/4383
f 6871/3571/4406 6869/3569/4406 6870/3568/4406
f 6868/3570/4385 6869/3569/4385 6872/3572/4385
f 6873/3573/4424 6869/3569/4424 6871/3571/4424
f 6872/3572/4387 6869/3569/4387 6874/3574/4387
f 6875/3575/4388 6869/3569/4388 6873/3573/4388
f 6874/3574/4389 6869/3569/4389 6876/3576/4389
f 6876/3576/4407 6869/3569/4407 6875/3575/4407
f 6879/3550/4425 6878/3551/4425 6877/3552/4425
f 6880/3553/4426 6877/3552/4426 6878/3551/4426
f 6877/3552/4365 6880/3553/4365 6881/3554/4365
f 6882/3555/4365 6881/3554/4365 6880/3553/4365
f 6881/3554/4274 6882/3555/4274 6883/3556/4274
f 6884/3557/4274 6883/3556/4274 6882/3555/4274
f 6883/3556/4411 6884/3557/4411 6885/3558/4411
f 6886/3559/4411 6885/3558/4411 6884/3557/4411
f 6885/3558/4276 6886/3559/4276 6887/3560/4276
f 6888/3561/4276 6887/3560/4276 6886/3559/4276
f 6887/3560/4382 6888/3561/4382 6889/3562/4382
f 6890/3563/4382 6889/3562/4382 6888/3561/4382
f 6889/3562/4427 6890/3563/4427 6891/3564/4427
f 6892/3565/4278 6891/3564/4278 6890/3563/4278
f 6891/3564/2031 6892/3565/2031 6893/3566/2031
f 6894/3567/2031 6893/3566/2031 6892/3565/2031
f 6897/3568/4428 6896/3569/4428 6895/3570/4428
f 6898/3571/4393 6896/3569/4393 6897/3568/4393
f 6895/3570/4429 6896/3569/4429 6899/3572/4429
f 6900/3573/4282 6896/3569/4282 6898/3571/4282
f 6899/3572/4402 6896/3569/4402 6901/3574/4402
f 6902/3575/4430 6896/3569/4430 6900/3573/4430
f 6901/3574/4418 6896/3569/4418 6903/3576/4418
f 6903/3576/4431 6896/3569/4431 6902/3575/4431
f 6906/3550/4364 6905/3551/4364 6904/3552/4364
f 6907/3553/4364 6904/3552/4364 6905/3551/4364
f 6904/3552/4365 6907/3553/4365 6908/3554/4365
f 6909/3555/4365 6908/3554/4365 6907/3553/4365
f 6908/3554/4432 6909/3555/4432 6910/3556/4432
f 6911/3557/4258 6910/3556/4258 6909/3555/4258
f 6910/3556/4275 6911/3557/4275 6912/3558/4275
f 6913/3559/4275 6912/3558/4275 6911/3557/4275
f 6912/3558/4381 6913/3559/4381 6914/3560/4381
f 6915/3561/4398 6914/3560/4398 6913/3559/4398
f 6914/3560/4382 6915/3561/4382 6916/3562/4382
f 6917/3563/4433 6916/3562/4433 6915/3561/4433
f 6916/3562/4278 6917/3563/4278 6918/3564/4278
f 6919/3565/4278 6918/3564/4278 6917/3563/4278
f 6918/3564/2668 6919/3565/2668 6920/3566/2668
f 6921/3567/2667 6920/3566/2667 6919/3565/2667
f 6924/3568/4434 6923/3569/4434 6922/3570/4434
f 6925/3571/4435 6923/3569/4435 6924/3568/4435
f 6922/3570/4429 6923/3569/4429 6926/3572/4429
f 6927/3573/4282 6923/3569/4282 6925/3571/4282
f 6926/3572/4395 6923/3569/4395 6928/3574/4395
f 6929/3575/4417 6923/3569/4417 6927/3573/4417
f 6928/3574/4396 6923/3569/4396 6930/3576/4396
f 6930/3576/4436 6923/3569/4436 6929/3575/4436
f 6933/3550/4272 6932/3551/4272 6931/3552/4272
f 6934/3553/4272 6931/3552/4272 6932/3551/4272
f 6931/3552/4273 6934/3553/4273 6935/3554/4273
f 6936/3555/4273 6935/3554/4273 6934/3553/4273
f 6935/3554/4437 6936/3555/4437 6937/3556/4437
f 6938/3557/4274 6937/3556/4274 6936/3555/4274
f 6937/3556/17 6938/3557/17 6939/3558/17
f 6940/3559/17 6939/3558/17 6938/3557/17
f 6939/3558/4421 6940/3559/4421 6941/3560/4421
f 6942/3561/4403 6941/3560/4403 6940/3559/4403
f 6941/3560/4391 6942/3561/4391 6943/3562/4391
f 6944/3563/4391 6943/3562/4391 6942/3561/4391
f 6943/3562/4422 6944/3563/4422 6945/3564/4422
f 6946/3565/4422 6945/3564/4422 6944/3563/4422
f 6945/3564/2031 6946/3565/2031 6947/3566/2031
f 6948/3567/2031 6947/3566/2031 6946/3565/2031
f 6951/3568/4392 6950/3569/4392 6949/3570/4392
f 6952/3571/4393 6950/3569/4393 6951/3568/4393
f 6949/3570/4438 6950/3569/4438 6953/3572/4438
f 6954/3573/4401 6950/3569/4401 6952/3571/4401
f 6953/3572/4402 6950/3569/4402 6955/3574/4402
f 6956/3575/4388 6950/3569/4388 6954/3573/4388
f 6955/3574/4389 6950/3569/4389 6957/3576/4389
f 6957/3576/4407 6950/3569/4407 6956/3575/4407
f 6960/3550/4372 6959/3551/4372 6958/3552/4372
f 6961/3553/4373 6958/3552/4373 6959/3551/4373
f 6958/3552/4374 6961/3553/4374 6962/3554/4374
f 6963/3555/4374 6962/3554/4374 6961/3553/4374
f 6962/3554/4439 6963/3555/4439 6964/3556/4439
f 6965/3557/4439 6964/3556/4439 6963/3555/4439
f 6964/3556/17 6965/3557/17 6966/3558/17
f 6967/3559/17 6966/3558/17 6965/3557/17
f 6966/3558/4381 6967/3559/4381 6968/3560/4381
f 6969/3561/4381 6968/3560/4381 6967/3559/4381
f 6968/3560/4382 6969/3561/4382 6970/3562/4382
f 6971/3563/4382 6970/3562/4382 6969/3561/4382
f 6970/3562/4355 6971/3563/4355 6972/3564/4355
f 6973/3565/4355 6972/3564/4355 6971/3563/4355
f 6972/3564/4367 6973/3565/4367 6974/3566/4367
f 6975/3567/4367 6974/3566/4367 6973/3565/4367
f 6978/3568/4440 6977/3569/4440 6976/3570/4440
f 6979/3571/4441 6977/3569/4441 6978/3568/4441
f 6976/3570/4442 6977/3569/4442 6980/3572/4442
f 6981/3573/4386 6977/3569/4386 6979/3571/4386
f 6980/3572/4443 6977/3569/4443 6982/3574/4443
f 6983/3575/4388 6977/3569/4388 6981/3573/4388
f 6982/3574/4389 6977/3569/4389 6984/3576/4389
f 6984/3576/4390 6977/3569/4390 6983/3575/4390
f 6987/3550/4444 6986/3551/4444 6985/3552/4444
f 6988/3553/4444 6985/3552/4444 6986/3551/4444
f 6985/3552/4445 6988/3553/4445 6989/3554/4445
f 6990/3555/4445 6989/3554/4445 6988/3553/4445
f 6989/3554/4375 6990/3555/4375 6991/3556/4375
f 6992/3557/4375 6991/3556/4375 6990/3555/4375
f 6991/3556/4275 6992/3557/4275 6993/3558/4275
f 6994/3559/4275 6993/3558/4275 6992/3557/4275
f 6993/3558/4381 6994/3559/4381 6995/3560/4381
f 6996/3561/4381 6995/3560/4381 6994/3559/4381
f 6995/3560/4391 6996/3561/4391 6997/3562/4391
f 6998/3563/4391 6997/3562/4391 6996/3561/4391
f 6997/3562/4355 6998/3563/4355 6999/3564/4355
f 7000/3565/4355 6999/3564/4355 6998/3563/4355
f 6999/3564/2031 7000/3565/2031 7001/3566/2031
f 7002/3567/2031 7001/3566/2031 7000/3565/2031
f 7005/3568/4446 7004/3569/4446 7003/3570/4446
f 7006/3571/4393 7004/3569/4393 7005/3568/4393
f 7003/3570/4447 7004/3569/4447 7007/3572/4447
f 7008/3573/4356 7004/3569/4356 7006/3571/4356
f 7007/3572/4448 7004/3569/4448 7009/3574/4448
f 7010/3575/4388 7004/3569/4388 7008/3573/4388
f 7009/3574/4396 7004/3569/4396 7011/3576/4396
f 7011/3576/4397 7004/3569/4397 7010/3575/4397
f 7014/3550/4444 7013/3551/4444 7012/3552/4444
f 7015/3553/4444 7012/3552/4444 7013/3551/4444
f 7012/3552/4445 7015/3553/4445 7016/3554/4445
f 7017/3555/4445 7016/3554/4445 7015/3553/4445
f 7016/3554/4432 7017/3555/4432 7018/3556/4432
f 7019/3557/4432 7018/3556/4432 7017/3555/4432
f 7018/3556/4275 7019/3557/4275 7020/3558/4275
f 7021/3559/4275 7020/3558/4275 7019/3557/4275
f 7020/3558/4398 7021/3559/4398 7022/3560/4398
f 7023/3561/4381 7022/3560/4381 7021/3559/4381
f 7022/3560/4391 7023/3561/4391 7024/3562/4391
f 7025/3563/4391 7024/3562/4391 7023/3561/4391
f 7024/3562/4399 7025/3563/4399 7026/3564/4399
f 7027/3565/4399 7026/3564/4399 7025/3563/4399
f 7026/3564/2031 7027/3565/2031 7028/3566/2031
f 7029/3567/2031 7028/3566/2031 7027/3565/2031
f 7032/3568/4446 7031/3569/4446 7030/3570/4446
f 7033/3571/4393 7031/3569/4393 7032/3568/4393
f 7030/3570/4449 7031/3569/4449 7034/3572/4449
f 7035/3573/4401 7031/3569/4401 7033/3571/4401
f 7034/3572/4395 7031/3569/4395 7036/3574/4395
f 7037/3575/4388 7031/3569/4388 7035/3573/4388
f 7036/3574/4396 7031/3569/4396 7038/3576/4396
f 7038/3576/4397 7031/3569/4397 7037/3575/4397
f 7041/3550/4372 7040/3551/4372 7039/3552/4372
f 7042/3553/4373 7039/3552/4373 7040/3551/4373
f 7039/3552/4445 7042/3553/4445 7043/3554/4445
f 7044/3555/4445 7043/3554/4445 7042/3553/4445
f 7043/3554/4375 7044/3555/4375 7045/3556/4375
f 7046/3557/4450 7045/3556/4450 7044/3555/4450
f 7045/3556/17 7046/3557/17 7047/3558/17
f 7048/3559/17 7047/3558/17 7046/3557/17
f 7047/3558/4403 7048/3559/4403 7049/3560/4403
f 7050/3561/4403 7049/3560/4403 7048/3559/4403
f 7049/3560/4391 7050/3561/4391 7051/3562/4391
f 7052/3563/4391 7051/3562/4391 7050/3561/4391
f 7051/3562/4355 7052/3563/4355 7053/3564/4355
f 7054/3565/4404 7053/3564/4404 7052/3563/4404
f 7053/3564/4451 7054/3565/4451 7055/3566/4451
f 7056/3567/4451 7055/3566/4451 7054/3565/4451
f 7059/3568/4452 7058/3569/4452 7057/3570/4452
f 7060/3571/4453 7058/3569/4453 7059/3568/4453
f 7057/3570/4447 7058/3569/4447 7061/3572/4447
f 7062/3573/4356 7058/3569/4356 7060/3571/4356
f 7061/3572/4448 7058/3569/4448 7063/3574/4448
f 7064/3575/4388 7058/3569/4388 7062/3573/4388
f 7063/3574/4389 7058/3569/4389 7065/3576/4389
f 7065/3576/4407 7058/3569/4407 7064/3575/4407
f 7068/3550/4454 7067/3551/4454 7066/3552/4454
f 7069/3553/4455 7066/3552/4455 7067/3551/4455
f 7066/3552/4445 7069/3553/4445 7070/3554/4445
f 7071/3555/4445 7070/3554/4445 7069/3553/4445
f 7070/3554/4456 7071/3555/4456 7072/3556/4456
f 7073/3557/4353 7072/3556/4353 7071/3555/4353
f 7072/3556/4411 7073/3557/4411 7074/3558/4411
f 7075/3559/4412 7074/3558/4412 7073/3557/4412
f 7074/3558/4276 7075/3559/4276 7076/3560/4276
f 7077/3561/4276 7076/3560/4276 7075/3559/4276
f 7076/3560/4382 7077/3561/4382 7078/3562/4382
f 7079/3563/4382 7078/3562/4382 7077/3561/4382
f 7078/3562/4413 7079/3563/4413 7080/3564/4413
f 7081/3565/4413 7080/3564/4413 7079/3563/4413
f 7080/3564/2031 7081/3565/2031 7082/3566/2031
f 7083/3567/2031 7082/3566/2031 7081/3565/2031
f 7086/3568/4457 7085/3569/4457 7084/3570/4457
f 7087/3571/4415 7085/3569/4415 7086/3568/4415
f 7084/3570/4449 7085/3569/4449 7088/3572/4449
f 7089/3573/4416 7085/3569/4416 7087/3571/4416
f 7088/3572/4395 7085/3569/4395 7090/3574/4395
f 7091/3575/4417 7085/3569/4417 7089/3573/4417
f 7090/3574/4418 7085/3569/4418 7092/3576/4418
f 7092/3576/4419 7085/3569/4419 7091/3575/4419
f 7095/3550/4458 7094/3551/4458 7093/3552/4458
f 7096/3553/4372 7093/3552/4372 7094/3551/4372
f 7093/3552/4459 7096/3553/4459 7097/3554/4459
f 7098/3555/4374 7097/3554/4374 7096/3553/4374
f 7097/3554/4439 7098/3555/4439 7099/3556/4439
f 7100/3557/4439 7099/3556/4439 7098/3555/4439
f 7099/3556/17 7100/3557/17 7101/3558/17
f 7102/3559/17 7101/3558/17 7100/3557/17
f 7101/3558/4421 7102/3559/4421 7103/3560/4421
f 7104/3561/4403 7103/3560/4403 7102/3559/4403
f 7103/3560/4391 7104/3561/4391 7105/3562/4391
f 7106/3563/4391 7105/3562/4391 7104/3561/4391
f 7105/3562/4422 7106/3563/4422 7107/3564/4422
f 7108/3565/4399 7107/3564/4399 7106/3563/4399
f 7107/3564/4451 7108/3565/4451 7109/3566/4451
f 7110/3567/4405 7109/3566/4405 7108/3565/4405
f 7113/3568/4460 7112/3569/4460 7111/3570/4460
f 7114/3571/4453 7112/3569/4453 7113/3568/4453
f 7111/3570/4442 7112/3569/4442 7115/3572/4442
f 7116/3573/4424 7112/3569/4424 7114/3571/4424
f 7115/3572/4443 7112/3569/4443 7117/3574/4443
f 7118/3575/4388 7112/3569/4388 7116/3573/4388
f 7117/3574/4389 7112/3569/4389 7119/3576/4389
f 7119/3576/4407 7112/3569/4407 7118/3575/4407
f 7122/3550/4364 7121/3551/4364 7120/3552/4364
f 7123/3553/4420 7120/3552/4420 7121/3551/4420
f 7120/3552/4374 7123/3553/4374 7124/3554/4374
f 7125/3555/4374 7124/3554/4374 7123/3553/4374
f 7124/3554/4353 7125/3555/4353 7126/3556/4353
f 7127/3557/4353 7126/3556/4353 7125/3555/4353
f 7126/3556/4411 7127/3557/4411 7128/3558/4411
f 7129/3559/4411 7128/3558/4411 7127/3557/4411
f 7128/3558/4276 7129/3559/4276 7130/3560/4276
f 7131/3561/4276 7130/3560/4276 7129/3559/4276
f 7130/3560/4382 7131/3561/4382 7132/3562/4382
f 7133/3563/4382 7132/3562/4382 7131/3561/4382
f 7132/3562/4427 7133/3563/4427 7134/3564/4427
f 7135/3565/4278 7134/3564/4278 7133/3563/4278
f 7134/3564/2031 7135/3565/2031 7136/3566/2031
f 7137/3567/2031 7136/3566/2031 7135/3565/2031
f 7140/3568/4461 7139/3569/4461 7138/3570/4461
f 7141/3571/4393 7139/3569/4393 7140/3568/4393
f 7138/3570/4462 7139/3569/4462 7142/3572/4462
f 7143/3573/4282 7139/3569/4282 7141/3571/4282
f 7142/3572/4395 7139/3569/4395 7144/3574/4395
f 7145/3575/4430 7139/3569/4430 7143/3573/4430
f 7144/3574/4418 7139/3569/4418 7146/3576/4418
f 7146/3576/4431 7139/3569/4431 7145/3575/4431
f 7149/3550/4372 7148/3551/4372 7147/3552/4372
f 7150/3553/4372 7147/3552/4372 7148/3551/4372
f 7147/3552/4374 7150/3553/4374 7151/3554/4374
f 7152/3555/4459 7151/3554/4459 7150/3553/4459
f 7151/3554/4375 7152/3555/4375 7153/3556/4375
f 7154/3557/4463 7153/3556/4463 7152/3555/4463
f 7153/3556/4275 7154/3557/4275 7155/3558/4275
f 7156/3559/4275 7155/3558/4275 7154/3557/4275
f 7155/3558/4381 7156/3559/4381 7157/3560/4381
f 7158/3561/4398 7157/3560/4398 7156/3559/4398
f 7157/3560/4382 7158/3561/4382 7159/3562/4382
f 7160/3563/4433 7159/3562/4433 7158/3561/4433
f 7159/3562/4278 7160/3563/4278 7161/3564/4278
f 7162/3565/4278 7161/3564/4278 7160/3563/4278
f 7161/3564/2668 7162/3565/2668 7163/3566/2668
f 7164/3567/2667 7163/3566/2667 7162/3565/2667
f 7167/3568/4464 7166/3569/4464 7165/3570/4464
f 7168/3571/4393 7166/3569/4393 7167/3568/4393
f 7165/3570/4462 7166/3569/4462 7169/3572/4462
f 7170/3573/4282 7166/3569/4282 7168/3571/4282
f 7169/3572/4465 7166/3569/4465 7171/3574/4465
f 7172/3575/4417 7166/3569/4417 7170/3573/4417
f 7171/3574/4396 7166/3569/4396 7173/3576/4396
f 7173/3576/4436 7166/3569/4436 7172/3575/4436
f 7176/3550/4466 7175/3551/4466 7174/3552/4466
f 7177/3553/4466 7174/3552/4466 7175/3551/4466
f 7174/3552/4445 7177/3553/4445 7178/3554/4445
f 7179/3555/4445 7178/3554/4445 7177/3553/4445
f 7178/3554/4456 7179/3555/4456 7180/3556/4456
f 7181/3557/4353 7180/3556/4353 7179/3555/4353
f 7180/3556/17 7181/3557/17 7182/3558/17
f 7183/3559/17 7182/3558/17 7181/3557/17
f 7182/3558/4421 7183/3559/4421 7184/3560/4421
f 7185/3561/4403 7184/3560/4403 7183/3559/4403
f 7184/3560/4391 7185/3561/4391 7186/3562/4391
f 7187/3563/4391 7186/3562/4391 7185/3561/4391
f 7186/3562/4422 7187/3563/4422 7188/3564/4422
f 7189/3565/4422 7188/3564/4422 7187/3563/4422
f 7188/3564/2031 7189/3565/2031 7190/3566/2031
f 7191/3567/2031 7190/3566/2031 7189/3565/2031
f 7194/3568/4446 7193/3569/4446 7192/3570/4446
f 7195/3571/4393 7193/3569/4393 7194/3568/4393
f 7192/3570/4449 7193/3569/4449 7196/3572/4449
f 7197/3573/4401 7193/3569/4401 7195/3571/4401
f 7196/3572/4395 7193/3569/4395 7198/3574/4395
f 7199/3575/4388 7193/3569/4388 7197/3573/4388
f 7198/3574/4389 7193/3569/4389 7200/3576/4389
f 7200/3576/4407 7193/3569/4407 7199/3575/4407
f 7203/3605/4467 7202/3606/4467 7201/3607/4467
f 7205/54/4468 7203/3605/4468 7204/55/4468
f 7201/3607/4469 7204/55/4469 7203/3605/4469
f 7204/55/4470 7201/3607/4470 7206/59/4470
f 7207/3608/4467 7201/3607/4467 7202/3606/4467
f 7202/3606/4471 7208/200/4471 7207/3608/4471
f 7209/201/4472 7207/3608/4472 7208/200/4472
f 7210/3609/4473 7206/59/4473 7201/3607/4473
f 7201/3607/20 7207/3608/20 7210/3609/20
f 7206/59/4474 7210/3609/4474 7211/64/4474
f 7207/3608/4475 7209/201/4475 7212/3610/4475
f 7212/3610/20 7210/3609/20 7207/3608/20
f 7213/203/4475 7212/3610/4475 7209/201/4475
f 7214/3611/4476 7211/64/4476 7210/3609/4476
f 7210/3609/1179 7212/3610/1179 7214/3611/1179
f 7211/64/4477 7214/3611/4477 7215/70/4477
f 7212/3610/4478 7213/203/4478 7216/3612/4478
f 7216/3612/1179 7214/3611/1179 7212/3610/1179
f 7217/207/4479 7216/3612/4479 7213/203/4479
f 7218/3613/4480 7215/70/4480 7214/3611/4480
f 7214/3611/4481 7216/3612/4481 7218/3613/4481
f 7215/70/4482 7218/3613/4482 7219/77/4482
f 7216/3612/4483 7217/207/4483 7220/3614/4483
f 7220/3614/4481 7218/3613/4481 7216/3612/4481
f 7221/226/4484 7220/3614/4484 7217/207/4484
f 7222/3615/4485 7219/77/4485 7218/3613/4485
f 7218/3613/4486 7220/3614/4486 7222/3615/4486
f 7219/77/4487 7222/3615/4487 7223/79/4487
f 7220/3614/4488 7221/226/4488 7224/3616/4488
f 7224/3616/4486 7222/3615/4486 7220/3614/4486
f 7225/229/4489 7224/3616/4489 7221/226/4489
f 7226/3617/4490 7223/79/4490 7222/3615/4490
f 7222/3615/1170 7224/3616/1170 7226/3617/1170
f 7223/79/4491 7226/3617/4491 7227/84/4491
f 7224/3616/4492 7225/229/4492 7228/3618/4492
f 7228/3618/1170 7226/3617/1170 7224/3616/1170
f 7229/233/4493 7228/3618/4493 7225/229/4493
f 7230/3619/4494 7227/84/4494 7226/3617/4494
f 7226/3617/272 7228/3618/272 7230/3619/272
f 7227/84/4495 7230/3619/4495 7231/89/4495
f 7228/3618/4496 7229/233/4496 7232/3620/4496
f 7232/3620/272 7230/3619/272 7228/3618/272
f 7233/244/4497 7232/3620/4497 7229/233/4497
f 7234/3621/4498 7231/89/4498 7230/3619/4498
f 7230/3619/4499 7232/3620/4499 7234/3621/4499
f 7231/89/4500 7234/3621/4500 7235/94/4500
f 7232/3620/4501 7233/244/4501 7236/3622/4501
f 7236/3622/4499 7234/3621/4499 7232/3620/4499
f 7237/247/4502 7236/3622/4502 7233/244/4502
f 7238/3623/4503 7235/94/4503 7234/3621/4503
f 7234/3621/4504 7236/3622/4504 7238/3623/4504
f 7235/94/4505 7238/3623/4505 7239/99/4505
f 7236/3622/4506 7237/247/4506 7240/3624/4506
f 7240/3624/4504 7238/3623/4504 7236/3622/4504
f 7241/251/4507 7240/3624/4507 7237/247/4507
f 7242/3625/4508 7239/99/4508 7238/3623/4508
f 7238/3623/1163 7240/3624/1163 7242/3625/1163
f 7239/99/4509 7242/3625/4509 7243/104/4509
f 7240/3624/4510 7241/251/4510 7244/3626/4510
f 7244/3626/1163 7242/3625/1163 7240/3624/1163
f 7245/262/4511 7244/3626/4511 7241/251/4511
f 7246/3627/4512 7243/104/4512 7242/3625/4512
f 7242/3625/1165 7244/3626/1165 7246/3627/1165
f 7243/104/4513 7246/3627/4513 7247/1015/4513
f 7244/3626/4514 7245/262/4514 7248/3628/4514
f 7248/3628/1165 7246/3627/1165 7244/3626/1165
f 7249/265/4515 7248/3628/4515 7245/262/4515
f 7250/3629/4516 7247/1015/4516 7246/3627/4516
f 7246/3627/4517 7248/3628/4517 7250/3629/4517
f 7247/1015/4518 7250/3629/4518 7251/1019/4518
f 7248/3628/4519 7249/265/4519 7252/3630/4519
f 7252/3630/4517 7250/3629/4517 7248/3628/4517
f 7253/269/4520 7252/3630/4520 7249/265/4520
f 7254/3631/4521 7251/1019/4521 7250/3629/4521
f 7250/3629/1171 7252/3630/1171 7254/3631/1171
f 7251/1019/4522 7254/3631/4522 7255/1022/4522
f 7252/3630/4523 7253/269/4523 7256/3632/4523
f 7256/3632/1171 7254/3631/1171 7252/3630/1171
f 7257/280/4524 7256/3632/4524 7253/269/4524
f 7258/3633/4525 7255/1022/4525 7254/3631/4525
f 7254/3631/1175 7256/3632/1175 7258/3633/1175
f 7255/1022/4526 7258/3633/4526 7259/1027/4526
f 7256/3632/4527 7257/280/4527 7260/3634/4527
f 7260/3634/1175 7258/3633/1175 7256/3632/1175
f 7261/283/4528 7260/3634/4528 7257/280/4528
f 7262/3635/4529 7259/1027/4529 7258/3633/4529
f 7258/3633/228 7260/3634/228 7262/3635/228
f 7259/1027/4530 7262/3635/4530 7263/1031/4530
f 7260/3634/4531 7261/283/4531 7264/3636/4531
f 7264/3636/228 7262/3635/228 7260/3634/228
f 7265/287/4531 7264/3636/4531 7261/283/4531
f 7266/3637/4532 7263/1031/4532 7262/3635/4532
f 7262/3635/1355 7264/3636/1355 7266/3637/1355
f 7263/1031/4533 7266/3637/4533 7267/1035/4533
f 7264/3636/4534 7265/287/4534 7268/3638/4534
f 7268/3638/1355 7266/3637/1355 7264/3636/1355
f 7269/289/4535 7268/3638/4535 7265/287/4535
f 7270/3639/4536 7267/1035/4536 7266/3637/4536
f 7266/3637/1763 7268/3638/1763 7270/3639/1763
f 7267/1035/4537 7270/3639/4537 7271/1039/4537
f 7268/3638/4538 7269/289/4538 7272/3640/4538
f 7272/3640/1763 7270/3639/1763 7268/3638/1763
f 7273/294/4539 7272/3640/4539 7269/289/4539
f 7274/3641/4540 7271/1039/4540 7270/3639/4540
f 7270/3639/231 7272/3640/231 7274/3641/231
f 7271/1039/4541 7274/3641/4541 7275/1043/4541
f 7272/3640/4542 7273/294/4542 7276/3642/4542
f 7276/3642/231 7274/3641/231 7272/3640/231
f 7277/299/4542 7276/3642/4542 7273/294/4542
f 7278/3643/4543 7275/1043/4543 7274/3641/4543
f 7274/3641/1203 7276/3642/1203 7278/3643/1203
f 7275/1043/4544 7278/3643/4544 7279/1048/4544
f 7276/3642/4545 7277/299/4545 7280/3644/4545
f 7280/3644/1203 7278/3643/1203 7276/3642/1203
f 7281/304/4546 7280/3644/4546 7277/299/4546
f 7282/3645/4547 7279/1048/4547 7278/3643/4547
f 7278/3643/4548 7280/3644/4548 7282/3645/4548
f 7279/1048/4549 7282/3645/4549 7283/1054/4549
f 7280/3644/4550 7281/304/4550 7284/3646/4550
f 7284/3646/4548 7282/3645/4548 7280/3644/4548
f 7285/309/4551 7284/3646/4551 7281/304/4551
f 7286/3647/4552 7283/1054/4552 7282/3645/4552
f 7282/3645/4553 7284/3646/4553 7286/3647/4553
f 7283/1054/4554 7286/3647/4554 7287/1162/4554
f 7284/3646/4555 7285/309/4555 7288/3648/4555
f 7288/3648/4553 7286/3647/4553 7284/3646/4553
f 7289/314/4556 7288/3648/4556 7285/309/4556
f 7290/3649/4557 7287/1162/4557 7286/3647/4557
f 7286/3647/1199 7288/3648/1199 7290/3649/1199
f 7287/1162/4558 7290/3649/4558 7291/1164/4558
f 7288/3648/4559 7289/314/4559 7292/3650/4559
f 7292/3650/1199 7290/3649/1199 7288/3648/1199
f 7293/331/4560 7292/3650/4560 7289/314/4560
f 7294/3651/4561 7291/1164/4561 7290/3649/4561
f 7290/3649/236 7292/3650/236 7294/3651/236
f 7291/1164/4562 7294/3651/4562 7295/1167/4562
f 7292/3650/4563 7293/331/4563 7296/3652/4563
f 7296/3652/236 7294/3651/236 7292/3650/236
f 7297/334/4563 7296/3652/4563 7293/331/4563
f 7298/3653/4564 7295/1167/4564 7294/3651/4564
f 7294/3651/1715 7296/3652/1715 7298/3653/1715
f 7295/1167/4565 7298/3653/4565 7299/1170/4565
f 7296/3652/4566 7297/334/4566 7300/3654/4566
f 7300/3654/1715 7298/3653/1715 7296/3652/1715
f 7301/338/4567 7300/3654/4567 7297/334/4567
f 7302/3655/4568 7299/1170/4568 7298/3653/4568
f 7298/3653/1708 7300/3654/1708 7302/3655/1708
f 7299/1170/4569 7302/3655/4569 7303/1173/4569
f 7300/3654/4570 7301/338/4570 7304/3656/4570
f 7304/3656/1708 7302/3655/1708 7300/3654/1708
f 7305/349/4571 7304/3656/4571 7301/338/4571
f 7306/3657/4572 7303/1173/4572 7302/3655/4572
f 7302/3655/239 7304/3656/239 7306/3657/239
f 7303/1173/4573 7306/3657/4573 7307/1178/4573
f 7304/3656/4574 7305/349/4574 7308/3658/4574
f 7308/3658/239 7306/3657/239 7304/3656/239
f 7309/352/4574 7308/3658/4574 7305/349/4574
f 7310/3659/4575 7307/1178/4575 7306/3657/4575
f 7306/3657/1193 7308/3658/1193 7310/3659/1193
f 7307/1178/4576 7310/3659/4576 7311/1184/4576
f 7308/3658/4577 7309/352/4577 7312/3660/4577
f 7312/3660/1193 7310/3659/1193 7308/3658/1193
f 7313/356/4578 7312/3660/4578 7309/352/4578
f 7314/3661/4579 7311/1184/4579 7310/3659/4579
f 7310/3659/1191 7312/3660/1191 7314/3661/1191
f 7311/1184/4580 7314/3661/4580 7315/1191/4580
f 7312/3660/4581 7313/356/4581 7316/3662/4581
f 7316/3662/1191 7314/3661/1191 7312/3660/1191
f 7317/367/4582 7316/3662/4582 7313/356/4582
f 7318/3663/4583 7315/1191/4583 7314/3661/4583
f 7314/3661/4584 7316/3662/4584 7318/3663/4584
f 7315/1191/4585 7318/3663/4585 7319/1193/4585
f 7316/3662/4586 7317/367/4586 7320/3664/4586
f 7320/3664/4584 7318/3663/4584 7316/3662/4584
f 7321/370/4587 7320/3664/4587 7317/367/4587
f 7322/3665/4588 7319/1193/4588 7318/3663/4588
f 7318/3663/1187 7320/3664/1187 7322/3665/1187
f 7319/1193/4589 7322/3665/4589 7323/1198/4589
f 7320/3664/4590 7321/370/4590 7324/3666/4590
f 7324/3666/1187 7322/3665/1187 7320/3664/1187
f 7325/374/4591 7324/3666/4591 7321/370/4591
f 7326/3667/4592 7323/1198/4592 7322/3665/4592
f 7322/3665/244 7324/3666/244 7326/3667/244
f 7323/1198/4593 7326/3667/4593 7327/1200/4593
f 7328/3668/4594 7327/1200/4594 7326/3667/4594
f 7329/3669/244 7326/3667/244 7324/3666/244
f 7324/3666/4595 7325/374/4595 7329/3669/4595
f 7326/3667/4596 7329/3669/4596 7328/3668/4596
f 7330/388/4595 7329/3669/4595 7325/374/4595
f 7331/3670/4596 7328/3668/4596 7329/3669/4596
f 7329/3669/4597 7330/388/4597 7331/3670/4597
f 7332/390/4598 7331/3670/4598 7330/388/4598
f 7335/3671/4599 7334/3672/4599 7333/3673/4599
f 7336/3674/4600 7335/3671/4600 7333/3673/4600
f 7337/3675/4601 7335/3671/4601 7336/3674/4601
f 7338/3676/4602 7335/3671/4602 7337/3675/4602
f 7339/3677/4603 7337/3675/4603 7336/3674/4603
f 7340/3678/4604 7339/3677/4604 7336/3674/4604
f 7341/3679/4605 7339/3677/4605 7340/3678/4605
f 7344/3680/4606 7343/3681/4606 7342/3682/4606
f 7345/3683/4606 7342/3682/4606 7343/3681/4606
f 7342/3682/4607 7346/3684/4607 7344/3680/4607
f 7345/3683/2144 7343/3681/2144 7347/3685/2144
f 7348/3686/4608 7344/3680/4608 7346/3684/4608
f 7349/3687/2144 7347/3685/2144 7343/3681/2144
f 7346/3684/4609 7350/3688/4609 7348/3686/4609
f 7347/3685/2144 7349/3687/2144 7351/3689/2144
f 7352/3690/4610 7348/3686/4610 7350/3688/4610
f 7353/3691/2144 7351/3689/2144 7349/3687/2144
f 7353/3691/4611 7354/3679/4611 7351/3689/4611
f 7355/3692/4611 7351/3689/4611 7354/3679/4611
f 7350/3688/4612 7356/3693/4612 7352/3690/4612
f 7357/3694/4612 7352/3690/4612 7356/3693/4612
f 7357/3694/2667 7356/3693/2667 7358/3695/2667
f 7359/3696/2668 7358/3695/2668 7356/3693/2668
f 7359/3696/2031 7360/3697/2031 7358/3695/2031
f 7361/3698/2031 7358/3695/2031 7360/3697/2031
f 7364/3699/4613 7363/3700/4613 7362/3701/4613
f 7365/3702/4614 7363/3700/4614 7364/3699/4614
f 7366/3703/2284 7365/3702/2284 7364/3699/2284
f 7362/3701/4615 7367/3704/4615 7364/3699/4615
f 7367/3704/2284 7368/3705/2284 7364/3699/2284
f 7371/3706/2284 7370/3707/2284 7369/3708/2284
f 7372/3709/2284 7369/3708/2284 7370/3707/2284
f 7370/3707/2284 7373/3710/2284 7372/3709/2284
f 7374/3710/2284 7372/3709/2284 7373/3710/2284
f 7377/3711/2569 7376/3712/2569 7375/3681/2569
f 7376/3712/2569 7377/3711/2569 7378/3698/2569
f 7378/3698/2569 7377/3711/2569 7379/3695/2569
f 7376/3712/4616 7380/3713/4616 7375/3681/4616
f 7381/3714/4617 7380/3713/4617 7376/3712/4617
f 7380/3713/4618 7382/3675/4618 7375/3681/4618
f 7383/3676/4619 7382/3675/4619 7380/3713/4619
f 7384/3680/2569 7377/3711/2569 7375/3681/2569
f 7385/3694/4620 7379/3695/4620 7377/3711/4620
f 7386/3686/2569 7377/3711/2569 7384/3680/2569
f 7387/3690/4621 7385/3694/4621 7377/3711/4621
f 7387/3690/4622 7377/3711/4622 7386/3686/4622
f 7390/3715/2569 7389/3716/2569 7388/3717/2569
f 7391/3718/4623 7388/3717/4623 7389/3716/4623
f 7392/3719/4624 7391/3718/4624 7389/3716/4624
f 7393/3720/2569 7391/3718/2569 7392/3719/2569
f 7394/3721/4625 7390/3715/4625 7388/3717/4625
f 7395/3722/4626 7390/3715/4626 7394/3721/4626
f 7394/3721/4627 7388/3717/4627 7396/3723/4627
f 7397/3724/4628 7396/3723/4628 7388/3717/4628
f 7400/3706/4629 7399/3725/4629 7398/3726/4629
f 7401/3727/2284 7398/3726/2284 7399/3725/2284
f 7402/3708/4630 7399/3725/4630 7400/3706/4630
f 7402/3708/4631 7403/3728/4631 7399/3725/4631
f 7404/3729/2284 7399/3725/2284 7403/3728/2284
f 7407/3721/4632 7406/3723/4632 7405/3672/4632
f 7408/3671/4633 7407/3721/4633 7405/3672/4633
f 7409/3722/4634 7407/3721/4634 7408/3671/4634
f 7412/3671/4635 7411/3676/4635 7410/3722/4635
f 7413/3715/4636 7410/3722/4636 7411/3676/4636
f 7416/3716/4637 7415/3713/4637 7414/3719/4637
f 7417/3714/4638 7414/3719/4638 7415/3713/4638
f 7420/3676/4639 7419/3713/4639 7418/3715/4639
f 7421/3716/4640 7418/3715/4640 7419/3713/4640
f 7424/3730/2284 7423/3701/2284 7422/3731/2284
f 7425/3700/2284 7422/3731/2284 7423/3701/2284
f 7428/3732/4641 7427/3733/4641 7426/3734/4641
f 7427/3733/4642 7429/3735/4642 7426/3734/4642
f 7430/3736/4643 7429/3735/4643 7427/3733/4643
f 7431/3737/4644 7430/3736/4644 7427/3733/4644
f 7430/3736/4645 7432/3738/4645 7429/3735/4645
f 7432/3738/4646 7433/3739/4646 7429/3735/4646
f 7434/3740/4647 7433/3739/4647 7432/3738/4647
f 7437/3741/2421 7436/3742/2421 7435/3743/2421
f 7436/3742/2421 7437/3741/2421 7438/3744/2421
f 7436/3742/2421 7438/3744/2421 7439/3745/2421
f 7437/3741/4648 7435/3743/4648 7440/3746/4648
f 7440/3746/4649 7441/3747/4649 7437/3741/4649
f 7435/3743/4650 7442/3736/4650 7440/3746/4650
f 7440/3746/4651 7442/3736/4651 7443/3737/4651
f 7436/3742/2421 7444/3748/2421 7435/3743/2421
f 7439/3745/4652 7445/3749/4652 7436/3742/4652
f 7436/3742/2421 7446/3750/2421 7444/3748/2421
f 7445/3749/4653 7447/3751/4653 7436/3742/4653
f 7436/3742/4654 7447/3751/4654 7446/3750/4654
f 7450/3752/4655 7449/3753/4655 7448/3754/4655
f 7450/3752/4656 7451/3755/4656 7449/3753/4656
f 7450/3752/2421 7452/3756/2421 7451/3755/2421
f 7453/3757/2421 7448/3754/2421 7449/3753/2421
f 7454/3758/2421 7448/3754/2421 7453/3757/2421
f 7453/3757/2421 7455/3759/2421 7454/3758/2421
f 7454/3758/4657 7456/3760/4657 7448/3754/4657
f 7457/3761/4658 7448/3754/4658 7456/3760/4658
f 7460/3760/4659 7459/3758/4659 7458/3732/4659
f 7459/3758/4660 7461/3733/4660 7458/3732/4660
f 7459/3758/4661 7462/3759/4661 7461/3733/4661
f 7465/3757/4662 7464/3737/4662 7463/3759/4662
f 7466/3733/4663 7463/3759/4663 7464/3737/4663
f 7469/3747/4664 7468/3746/4664 7467/3755/4664
f 7470/3753/4665 7467/3755/4665 7468/3746/4665
f 7473/3762/4666 7472/3692/4666 7471/3678/4666
f 7474/3679/4667 7471/3678/4667 7472/3692/4667
f 7471/3678/1160 7475/3674/1160 7473/3762/1160
f 7476/3763/1160 7473/3762/1160 7475/3674/1160
f 7475/3674/4668 7477/3673/4668 7476/3763/4668
f 7478/3764/4669 7476/3763/4669 7477/3673/4669
f 7481/3753/4670 7480/3746/4670 7479/3757/4670
f 7482/3737/4671 7479/3757/4671 7480/3746/4671
f 7485/3765/4672 7484/3766/4672 7483/3725/4672
f 7486/3727/4673 7483/3725/4673 7484/3766/4673
f 7483/3725/4674 7487/3729/4674 7485/3765/4674
f 7488/3767/17 7485/3765/17 7487/3729/17
f 7491/3768/2031 7490/3769/2031 7489/3699/2031
f 7492/3703/2031 7489/3699/2031 7490/3769/2031
f 7489/3699/2031 7493/3705/2031 7491/3768/2031
f 7494/3770/2031 7491/3768/2031 7493/3705/2031
f 7497/3768/4675 7496/3770/4675 7495/3765/4675
f 7498/3766/4676 7495/3765/4676 7496/3770/4676
f 7495/3765/4677 7499/3767/4677 7497/3768/4677
f 7500/3769/4678 7497/3768/4678 7499/3767/4678
f 7503/3738/4679 7502/3736/4679 7501/3771/4679
f 7504/3743/4680 7501/3771/4680 7502/3736/4680
f 7505/3772/4681 7503/3738/4681 7501/3771/4681
f 7506/3740/4682 7503/3738/4682 7505/3772/4682
f 7509/3691/4683 7508/3677/4683 7507/3679/4683
f 7510/3687/4684 7508/3677/4684 7509/3691/4684
f 7508/3677/4685 7510/3687/4685 7511/3675/4685
f 7512/3681/4686 7511/3675/4686 7510/3687/4686
f 7515/3773/4687 7514/3774/4687 7513/3775/4687
f 7516/3776/4688 7515/3773/4688 7513/3775/4688
f 7517/3777/4689 7515/3773/4689 7516/3776/4689
f 7518/3778/4690 7515/3773/4690 7517/3777/4690
f 7519/3779/4691 7517/3777/4691 7516/3776/4691
f 7520/3780/4692 7519/3779/4692 7516/3776/4692
f 7521/3781/4693 7519/3779/4693 7520/3780/4693
f 7524/3782/4694 7523/3783/4694 7522/3784/4694
f 7525/3785/4694 7522/3784/4694 7523/3783/4694
f 7522/3784/4695 7526/3786/4695 7524/3782/4695
f 7525/3785/2569 7523/3783/2569 7527/3787/2569
f 7528/3788/4695 7524/3782/4695 7526/3786/4695
f 7529/3789/2569 7527/3787/2569 7523/3783/2569
f 7526/3786/4696 7530/3790/4696 7528/3788/4696
f 7527/3787/2569 7529/3789/2569 7531/3791/2569
f 7532/3792/4697 7528/3788/4697 7530/3790/4697
f 7533/3793/2569 7531/3791/2569 7529/3789/2569
f 7533/3793/4698 7534/3781/4698 7531/3791/4698
f 7535/3794/4698 7531/3791/4698 7534/3781/4698
f 7530/3790/4699 7536/3795/4699 7532/3792/4699
f 7537/3796/4700 7532/3792/4700 7536/3795/4700
f 7537/3796/2031 7536/3795/2031 7538/3797/2031
f 7539/3798/2031 7538/3797/2031 7536/3795/2031
f 7539/3798/2031 7540/3799/2031 7538/3797/2031
f 7541/3800/2031 7538/3797/2031 7540/3799/2031
f 7544/3699/4701 7543/3700/4701 7542/3701/4701
f 7545/3702/4702 7543/3700/4702 7544/3699/4702
f 7546/3703/4703 7545/3702/4703 7544/3699/4703
f 7542/3701/4704 7547/3704/4704 7544/3699/4704
f 7547/3704/2421 7548/3705/2421 7544/3699/2421
f 7551/3706/4705 7550/3707/4705 7549/3708/4705
f 7552/3709/4706 7549/3708/4706 7550/3707/4706
f 7550/3707/4707 7553/3710/4707 7552/3709/4707
f 7554/3710/2421 7552/3709/2421 7553/3710/2421
f 7557/3801/4708 7556/3802/4708 7555/3783/4708
f 7556/3802/4709 7557/3801/4709 7558/3800/4709
f 7558/3800/2284 7557/3801/2284 7559/3797/2284
f 7556/3802/4710 7560/3803/4710 7555/3783/4710
f 7561/3804/4711 7560/3803/4711 7556/3802/4711
f 7560/3803/4712 7562/3777/4712 7555/3783/4712
f 7563/3778/4713 7562/3777/4713 7560/3803/4713
f 7564/3782/2284 7557/3801/2284 7555/3783/2284
f 7565/3796/2284 7559/3797/2284 7557/3801/2284
f 7566/3788/2284 7557/3801/2284 7564/3782/2284
f 7567/3792/2284 7565/3796/2284 7557/3801/2284
f 7567/3792/2284 7557/3801/2284 7566/3788/2284
f 7570/3805/2284 7569/3806/2284 7568/3807/2284
f 7571/3808/2284 7568/3807/2284 7569/3806/2284
f 7572/3809/4714 7571/3808/4714 7569/3806/4714
f 7573/3810/4715 7571/3808/4715 7572/3809/4715
f 7574/3811/4716 7570/3805/4716 7568/3807/4716
f 7575/3812/2286 7570/3805/2286 7574/3811/2286
f 7574/3811/4717 7568/3807/4717 7576/3813/4717
f 7577/3814/4715 7576/3813/4715 7568/3807/4715
f 7580/3706/4718 7579/3725/4718 7578/3726/4718
f 7581/3727/2421 7578/3726/2421 7579/3725/2421
f 7582/3708/4719 7579/3725/4719 7580/3706/4719
f 7582/3708/4720 7583/3728/4720 7579/3725/4720
f 7584/3729/4703 7579/3725/4703 7583/3728/4703
f 7587/3811/4721 7586/3813/4721 7585/3774/4721
f 7588/3773/4722 7587/3811/4722 7585/3774/4722
f 7589/3812/4723 7587/3811/4723 7588/3773/4723
f 7592/3773/4724 7591/3778/4724 7590/3812/4724
f 7593/3805/4725 7590/3812/4725 7591/3778/4725
f 7596/3806/4726 7595/3803/4726 7594/3809/4726
f 7597/3804/4727 7594/3809/4727 7595/3803/4727
f 7600/3778/4728 7599/3803/4728 7598/3805/4728
f 7601/3806/4729 7598/3805/4729 7599/3803/4729
f 7604/3730/2421 7603/3701/2421 7602/3731/2421
f 7605/3700/2421 7602/3731/2421 7603/3701/2421
f 7608/3815/4730 7607/3816/4730 7606/3817/4730
f 7607/3816/4731 7609/3818/4731 7606/3817/4731
f 7610/3819/4732 7609/3818/4732 7607/3816/4732
f 7611/3820/4733 7610/3819/4733 7607/3816/4733
f 7610/3819/4734 7612/3821/4734 7609/3818/4734
f 7612/3821/4735 7613/3822/4735 7609/3818/4735
f 7614/3823/4736 7613/3822/4736 7612/3821/4736
f 7617/3824/4737 7616/3825/4737 7615/3826/4737
f 7616/3825/4738 7617/3824/4738 7618/3827/4738
f 7616/3825/4739 7618/3827/4739 7619/3828/4739
f 7617/3824/4740 7615/3826/4740 7620/3829/4740
f 7620/3829/4741 7621/3830/4741 7617/3824/4741
f 7615/3826/4742 7622/3819/4742 7620/3829/4742
f 7620/3829/4743 7622/3819/4743 7623/3820/4743
f 7616/3825/3205 7624/3831/3205 7615/3826/3205
f 7619/3828/4744 7625/3832/4744 7616/3825/4744
f 7616/3825/3205 7626/3833/3205 7624/3831/3205
f 7625/3832/2144 7627/3834/2144 7616/3825/2144
f 7616/3825/4745 7627/3834/4745 7626/3833/4745
f 7630/3835/4746 7629/3836/4746 7628/3837/4746
f 7630/3835/4747 7631/3838/4747 7629/3836/4747
f 7630/3835/4748 7632/3839/4748 7631/3838/4748
f 7633/3840/4746 7628/3837/4746 7629/3836/4746
f 7634/3841/4749 7628/3837/4749 7633/3840/4749
f 7633/3840/2144 7635/3842/2144 7634/3841/2144
f 7634/3841/4750 7636/3843/4750 7628/3837/4750
f 7637/3844/4748 7628/3837/4748 7636/3843/4748
f 7640/3843/4751 7639/3841/4751 7638/3815/4751
f 7639/3841/4752 7641/3816/4752 7638/3815/4752
f 7639/3841/4753 7642/3842/4753 7641/3816/4753
f 7645/3840/4754 7644/3820/4754 7643/3842/4754
f 7646/3816/4755 7643/3842/4755 7644/3820/4755
f 7649/3830/4756 7648/3829/4756 7647/3838/4756
f 7650/3836/4757 7647/3838/4757 7648/3829/4757
f 7653/3845/4758 7652/3794/4758 7651/3780/4758
f 7654/3781/4758 7651/3780/4758 7652/3794/4758
f 7651/3780/4668 7655/3776/4668 7653/3845/4668
f 7656/3846/17 7653/3845/17 7655/3776/17
f 7655/3776/17 7657/3775/17 7656/3846/17
f 7658/3847/17 7656/3846/17 7657/3775/17
f 7661/3836/4759 7660/3829/4759 7659/3840/4759
f 7662/3820/4760 7659/3840/4760 7660/3829/4760
f 7665/3765/4761 7664/3766/4761 7663/3725/4761
f 7666/3727/4762 7663/3725/4762 7664/3766/4762
f 7663/3725/4763 7667/3729/4763 7665/3765/4763
f 7668/3767/17 7665/3765/17 7667/3729/17
f 7671/3768/2031 7670/3769/2031 7669/3699/2031
f 7672/3703/2031 7669/3699/2031 7670/3769/2031
f 7669/3699/2031 7673/3705/2031 7671/3768/2031
f 7674/3770/2031 7671/3768/2031 7673/3705/2031
f 7677/3768/4764 7676/3770/4764 7675/3765/4764
f 7678/3766/4765 7675/3765/4765 7676/3770/4765
f 7675/3765/4766 7679/3767/4766 7677/3768/4766
f 7680/3769/4766 7677/3768/4766 7679/3767/4766
f 7683/3821/4767 7682/3819/4767 7681/3848/4767
f 7684/3826/4768 7681/3848/4768 7682/3819/4768
f 7685/3849/4769 7683/3821/4769 7681/3848/4769
f 7686/3823/4770 7683/3821/4770 7685/3849/4770
f 7689/3793/4771 7688/3779/4771 7687/3781/4771
f 7690/3789/4772 7688/3779/4772 7689/3793/4772
f 7688/3779/4773 7690/3789/4773 7691/3777/4773
f 7692/3783/4774 7691/3777/4774 7690/3789/4774
f 7695/3850/4775 7694/3851/4775 7693/3852/4775
f 7696/3853/4642 7695/3850/4642 7693/3852/4642
f 7697/3854/4776 7695/3850/4776 7696/3853/4776
f 7698/3855/4777 7695/3850/4777 7697/3854/4777
f 7699/3856/4778 7697/3854/4778 7696/3853/4778
f 7700/3857/4779 7699/3856/4779 7696/3853/4779
f 7701/3858/4780 7699/3856/4780 7700/3857/4780
f 7704/3859/4781 7703/3860/4781 7702/3861/4781
f 7705/3862/4781 7702/3861/4781 7703/3860/4781
f 7702/3861/4782 7706/3863/4782 7704/3859/4782
f 7705/3862/2284 7703/3860/2284 7707/3864/2284
f 7708/3865/4783 7704/3859/4783 7706/3863/4783
f 7709/3866/2284 7707/3864/2284 7703/3860/2284
f 7706/3863/4784 7710/3867/4784 7708/3865/4784
f 7707/3864/2284 7709/3866/2284 7711/3868/2284
f 7712/3869/4785 7708/3865/4785 7710/3867/4785
f 7713/3870/2284 7711/3868/2284 7709/3866/2284
f 7713/3870/4786 7714/3858/4786 7711/3868/4786
f 7715/3871/4786 7711/3868/4786 7714/3858/4786
f 7710/3867/4787 7716/3872/4787 7712/3869/4787
f 7717/3873/4788 7712/3869/4788 7716/3872/4788
f 7717/3873/2668 7716/3872/2668 7718/3874/2668
f 7719/3875/2667 7718/3874/2667 7716/3872/2667
f 7719/3875/2031 7720/3876/2031 7718/3874/2031
f 7721/3877/2031 7718/3874/2031 7720/3876/2031
f 7724/3699/4739 7723/3700/4739 7722/3701/4739
f 7725/3702/4789 7723/3700/4789 7724/3699/4789
f 7726/3703/4790 7725/3702/4790 7724/3699/4790
f 7722/3701/4791 7727/3704/4791 7724/3699/4791
f 7727/3704/4792 7728/3705/4792 7724/3699/4792
f 7731/3706/4793 7730/3707/4793 7729/3708/4793
f 7732/3709/4793 7729/3708/4793 7730/3707/4793
f 7730/3707/4794 7733/3710/4794 7732/3709/4794
f 7734/3710/4794 7732/3709/4794 7733/3710/4794
f 7737/3878/2421 7736/3879/2421 7735/3860/2421
f 7736/3879/4795 7737/3878/4795 7738/3877/4795
f 7738/3877/4701 7737/3878/4701 7739/3874/4701
f 7736/3879/4796 7740/3880/4796 7735/3860/4796
f 7741/3881/4797 7740/3880/4797 7736/3879/4797
f 7740/3880/4798 7742/3854/4798 7735/3860/4798
f 7743/3855/4799 7742/3854/4799 7740/3880/4799
f 7744/3859/4800 7737/3878/4800 7735/3860/4800
f 7745/3873/4701 7739/3874/4701 7737/3878/4701
f 7746/3865/4800 7737/3878/4800 7744/3859/4800
f 7747/3869/4801 7745/3873/4801 7737/3878/4801
f 7747/3869/4802 7737/3878/4802 7746/3865/4802
f 7750/3882/4803 7749/3883/4803 7748/3884/4803
f 7751/3885/4804 7748/3884/4804 7749/3883/4804
f 7752/3886/2421 7751/3885/2421 7749/3883/2421
f 7753/3887/2421 7751/3885/2421 7752/3886/2421
f 7754/3888/4803 7750/3882/4803 7748/3884/4803
f 7755/3889/2423 7750/3882/2423 7754/3888/2423
f 7754/3888/4657 7748/3884/4657 7756/3890/4657
f 7757/3891/4658 7756/3890/4658 7748/3884/4658
f 7760/3706/4805 7759/3725/4805 7758/3726/4805
f 7761/3727/4792 7758/3726/4792 7759/3725/4792
f 7762/3708/4806 7759/3725/4806 7760/3706/4806
f 7762/3708/4807 7763/3728/4807 7759/3725/4807
f 7764/3729/4790 7759/3725/4790 7763/3728/4790
f 7767/3888/4808 7766/3890/4808 7765/3851/4808
f 7768/3850/4809 7767/3888/4809 7765/3851/4809
f 7769/3889/4810 7767/3888/4810 7768/3850/4810
f 7772/3850/4811 7771/3855/4811 7770/3889/4811
f 7773/3882/4812 7770/3889/4812 7771/3855/4812
f 7776/3883/4813 7775/3880/4813 7774/3886/4813
f 7777/3881/4814 7774/3886/4814 7775/3880/4814
f 7780/3855/4815 7779/3880/4815 7778/3882/4815
f 7781/3883/4816 7778/3882/4816 7779/3880/4816
f 7784/3730/2144 7783/3701/2144 7782/3731/2144
f 7785/3700/2144 7782/3731/2144 7783/3701/2144
f 7788/3892/4817 7787/3893/4817 7786/3894/4817
f 7787/3893/4600 7789/3895/4600 7786/3894/4600
f 7790/3896/4818 7789/3895/4818 7787/3893/4818
f 7791/3897/4819 7790/3896/4819 7787/3893/4819
f 7790/3896/4820 7792/3898/4820 7789/3895/4820
f 7792/3898/4821 7793/3899/4821 7789/3895/4821
f 7794/3900/4822 7793/3899/4822 7792/3898/4822
f 7797/3901/2569 7796/3902/2569 7795/3903/2569
f 7796/3902/4823 7797/3901/4823 7798/3904/4823
f 7796/3902/4824 7798/3904/4824 7799/3905/4824
f 7797/3901/4825 7795/3903/4825 7800/3906/4825
f 7800/3906/4826 7801/3907/4826 7797/3901/4826
f 7795/3903/4827 7802/3896/4827 7800/3906/4827
f 7800/3906/4828 7802/3896/4828 7803/3897/4828
f 7796/3902/4829 7804/3908/4829 7795/3903/4829
f 7799/3905/4824 7805/3909/4824 7796/3902/4824
f 7796/3902/4829 7806/3910/4829 7804/3908/4829
f 7805/3909/4830 7807/3911/4830 7796/3902/4830
f 7796/3902/4831 7807/3911/4831 7806/3910/4831
f 7810/3912/4832 7809/3913/4832 7808/3914/4832
f 7810/3912/2569 7811/3915/2569 7809/3913/2569
f 7810/3912/2569 7812/3916/2569 7811/3915/2569
f 7813/3917/4833 7808/3914/4833 7809/3913/4833
f 7814/3918/4833 7808/3914/4833 7813/3917/4833
f 7813/3917/4834 7815/3919/4834 7814/3918/4834
f 7814/3918/4835 7816/3920/4835 7808/3914/4835
f 7817/3921/4628 7808/3914/4628 7816/3920/4628
f 7820/3920/4836 7819/3918/4836 7818/3892/4836
f 7819/3918/4837 7821/3893/4837 7818/3892/4837
f 7819/3918/4838 7822/3919/4838 7821/3893/4838
f 7825/3917/4839 7824/3897/4839 7823/3919/4839
f 7826/3893/4840 7823/3919/4840 7824/3897/4840
f 7829/3907/4841 7828/3906/4841 7827/3915/4841
f 7830/3913/4842 7827/3915/4842 7828/3906/4842
f 7833/3922/4843 7832/3871/4843 7831/3857/4843
f 7834/3858/4844 7831/3857/4844 7832/3871/4844
f 7831/3857/2636 7835/3853/2636 7833/3922/2636
f 7836/3923/2636 7833/3922/2636 7835/3853/2636
f 7835/3853/4669 7837/3852/4669 7836/3923/4669
f 7838/3924/4668 7836/3923/4668 7837/3852/4668
f 7841/3913/4845 7840/3906/4845 7839/3917/4845
f 7842/3897/4846 7839/3917/4846 7840/3906/4846
f 7845/3765/4847 7844/3766/4847 7843/3725/4847
f 7846/3727/4848 7843/3725/4848 7844/3766/4848
f 7843/3725/4849 7847/3729/4849 7845/3765/4849
f 7848/3767/17 7845/3765/17 7847/3729/17
f 7851/3768/2031 7850/3769/2031 7849/3699/2031
f 7852/3703/2031 7849/3699/2031 7850/3769/2031
f 7849/3699/2031 7853/3705/2031 7851/3768/2031
f 7854/3770/2031 7851/3768/2031 7853/3705/2031
f 7857/3768/4850 7856/3770/4850 7855/3765/4850
f 7858/3766/4851 7855/3765/4851 7856/3770/4851
f 7855/3765/4852 7859/3767/4852 7857/3768/4852
f 7860/3769/4853 7857/3768/4853 7859/3767/4853
f 7863/3898/4854 7862/3896/4854 7861/3925/4854
f 7864/3903/4855 7861/3925/4855 7862/3896/4855
f 7865/3926/4856 7863/3898/4856 7861/3925/4856
f 7866/3900/4857 7863/3898/4857 7865/3926/4857
f 7869/3870/4858 7868/3856/4858 7867/3858/4858
f 7870/3866/4859 7868/3856/4859 7869/3870/4859
f 7868/3856/4860 7870/3866/4860 7871/3854/4860
f 7872/3860/4861 7871/3854/4861 7870/3866/4861
f 7875/3927/4862 7874/3928/4862 7873/3929/4862
f 7876/3930/4731 7875/3927/4731 7873/3929/4731
f 7877/3931/4863 7875/3927/4863 7876/3930/4863
f 7878/3932/4864 7875/3927/4864 7877/3931/4864
f 7879/3933/4865 7877/3931/4865 7876/3930/4865
f 7880/3934/4866 7879/3933/4866 7876/3930/4866
f 7881/3935/4867 7879/3933/4867 7880/3934/4867
f 7884/3936/4868 7883/3937/4868 7882/3938/4868
f 7885/3939/4868 7882/3938/4868 7883/3937/4868
f 7882/3938/4869 7886/3940/4869 7884/3936/4869
f 7885/3939/2421 7883/3937/2421 7887/3941/2421
f 7888/3942/4869 7884/3936/4869 7886/3940/4869
f 7889/3943/2421 7887/3941/2421 7883/3937/2421
f 7886/3940/4870 7890/3944/4870 7888/3942/4870
f 7887/3941/2421 7889/3943/2421 7891/3945/2421
f 7892/3946/4871 7888/3942/4871 7890/3944/4871
f 7893/3947/2421 7891/3945/2421 7889/3943/2421
f 7893/3947/4872 7894/3935/4872 7891/3945/4872
f 7895/3948/4872 7891/3945/4872 7894/3935/4872
f 7890/3944/4873 7896/3949/4873 7892/3946/4873
f 7897/3950/4874 7892/3946/4874 7896/3949/4874
f 7897/3950/2667 7896/3949/2667 7898/3951/2667
f 7899/3952/2668 7898/3951/2668 7896/3949/2668
f 7899/3952/2031 7900/3953/2031 7898/3951/2031
f 7901/3954/2031 7898/3951/2031 7900/3953/2031
f 7904/3699/4824 7903/3700/4824 7902/3701/4824
f 7905/3702/4875 7903/3700/4875 7904/3699/4875
f 7906/3703/2569 7905/3702/2569 7904/3699/2569
f 7902/3701/4876 7907/3704/4876 7904/3699/4876
f 7907/3704/4877 7908/3705/4877 7904/3699/4877
f 7911/3706/2569 7910/3707/2569 7909/3708/2569
f 7912/3709/4878 7909/3708/4878 7910/3707/4878
f 7910/3707/4879 7913/3710/4879 7912/3709/4879
f 7914/3710/4880 7912/3709/4880 7913/3710/4880
f 7917/3955/4881 7916/3956/4881 7915/3937/4881
f 7916/3956/4882 7917/3955/4882 7918/3954/4882
f 7918/3954/4739 7917/3955/4739 7919/3951/4739
f 7916/3956/4883 7920/3957/4883 7915/3937/4883
f 7921/3958/4884 7920/3957/4884 7916/3956/4884
f 7920/3957/4885 7922/3931/4885 7915/3937/4885
f 7923/3932/4886 7922/3931/4886 7920/3957/4886
f 7924/3936/4887 7917/3955/4887 7915/3937/4887
f 7925/3950/4888 7919/3951/4888 7917/3955/4888
f 7926/3942/4887 7917/3955/4887 7924/3936/4887
f 7927/3946/4889 7925/3950/4889 7917/3955/4889
f 7927/3946/4890 7917/3955/4890 7926/3942/4890
f 7930/3959/4748 7929/3960/4748 7928/3961/4748
f 7931/3962/4748 7928/3961/4748 7929/3960/4748
f 7932/3963/4891 7931/3962/4891 7929/3960/4891
f 7933/3964/4746 7931/3962/4746 7932/3963/4746
f 7934/3965/4892 7930/3959/4892 7928/3961/4892
f 7935/3966/2144 7930/3959/2144 7934/3965/2144
f 7934/3965/4750 7928/3961/4750 7936/3967/4750
f 7937/3968/4746 7936/3967/4746 7928/3961/4746
f 7940/3706/4893 7939/3725/4893 7938/3726/4893
f 7941/3727/4877 7938/3726/4877 7939/3725/4877
f 7942/3708/4894 7939/3725/4894 7940/3706/4894
f 7942/3708/4895 7943/3728/4895 7939/3725/4895
f 7944/3729/2569 7939/3725/2569 7943/3728/2569
f 7947/3965/4751 7946/3967/4751 7945/3928/4751
f 7948/3927/4896 7947/3965/4896 7945/3928/4896
f 7949/3966/4753 7947/3965/4753 7948/3927/4753
f 7952/3927/4897 7951/3932/4897 7950/3966/4897
f 7953/3959/4898 7950/3966/4898 7951/3932/4898
f 7956/3960/4899 7955/3957/4899 7954/3963/4899
f 7957/3958/4900 7954/3963/4900 7955/3957/4900
f 7960/3932/4901 7959/3957/4901 7958/3959/4901
f 7961/3960/4902 7958/3959/4902 7959/3957/4902
f 7964/3730/2569 7963/3701/2569 7962/3731/2569
f 7965/3700/2569 7962/3731/2569 7963/3701/2569
f 7968/3969/4903 7967/3970/4903 7966/3971/4903
f 7967/3970/4688 7969/3972/4688 7966/3971/4688
f 7970/3973/4904 7969/3972/4904 7967/3970/4904
f 7971/3974/4905 7970/3973/4905 7967/3970/4905
f 7970/3973/4906 7972/3975/4906 7969/3972/4906
f 7972/3975/4907 7973/3976/4907 7969/3972/4907
f 7974/3977/4908 7973/3976/4908 7972/3975/4908
f 7977/3978/4909 7976/3979/4909 7975/3980/4909
f 7976/3979/4910 7977/3978/4910 7978/3981/4910
f 7976/3979/2284 7978/3981/2284 7979/3982/2284
f 7977/3978/4911 7975/3980/4911 7980/3983/4911
f 7980/3983/4912 7981/3984/4912 7977/3978/4912
f 7975/3980/4913 7982/3973/4913 7980/3983/4913
f 7980/3983/4914 7982/3973/4914 7983/3974/4914
f 7976/3979/2284 7984/3985/2284 7975/3980/2284
f 7979/3982/2284 7985/3986/2284 7976/3979/2284
f 7976/3979/2284 7986/3987/2284 7984/3985/2284
f 7985/3986/2284 7987/3988/2284 7976/3979/2284
f 7976/3979/2284 7987/3988/2284 7986/3987/2284
f 7990/3989/2284 7989/3990/2284 7988/3991/2284
f 7990/3989/4915 7991/3992/4915 7989/3990/4915
f 7990/3989/4916 7992/3993/4916 7991/3992/4916
f 7993/3994/2284 7988/3991/2284 7989/3990/2284
f 7994/3995/4917 7988/3991/4917 7993/3994/4917
f 7993/3994/4918 7995/3996/4918 7994/3995/4918
f 7994/3995/4919 7996/3997/4919 7988/3991/4919
f 7997/3998/4916 7988/3991/4916 7996/3997/4916
f 8000/3997/4920 7999/3995/4920 7998/3969/4920
f 7999/3995/4921 8001/3970/4921 7998/3969/4921
f 7999/3995/4922 8002/3996/4922 8001/3970/4922
f 8005/3994/4923 8004/3974/4923 8003/3996/4923
f 8006/3970/4924 8003/3996/4924 8004/3974/4924
f 8009/3984/4925 8008/3983/4925 8007/3992/4925
f 8010/3990/4926 8007/3992/4926 8008/3983/4926
f 8013/3999/4927 8012/3948/4927 8011/3934/4927
f 8014/3935/4927 8011/3934/4927 8012/3948/4927
f 8011/3934/4669 8015/3930/4669 8013/3999/4669
f 8016/4000/17 8013/3999/17 8015/3930/17
f 8015/3930/17 8017/3929/17 8016/4000/17
f 8018/4001/17 8016/4000/17 8017/3929/17
f 8021/3990/4928 8020/3983/4928 8019/3994/4928
f 8022/3974/4929 8019/3994/4929 8020/3983/4929
f 8025/3765/4930 8024/3766/4930 8023/3725/4930
f 8026/3727/4931 8023/3725/4931 8024/3766/4931
f 8023/3725/4932 8027/3729/4932 8025/3765/4932
f 8028/3767/17 8025/3765/17 8027/3729/17
f 8031/3768/2031 8030/3769/2031 8029/3699/2031
f 8032/3703/2031 8029/3699/2031 8030/3769/2031
f 8029/3699/2031 8033/3705/2031 8031/3768/2031
f 8034/3770/2031 8031/3768/2031 8033/3705/2031
f 8037/3768/4933 8036/3770/4933 8035/3765/4933
f 8038/3766/4933 8035/3765/4933 8036/3770/4933
f 8035/3765/4934 8039/3767/4934 8037/3768/4934
f 8040/3769/4935 8037/3768/4935 8039/3767/4935
f 8043/3975/4936 8042/3973/4936 8041/4002/4936
f 8044/3980/4937 8041/4002/4937 8042/3973/4937
f 8045/4003/4938 8043/3975/4938 8041/4002/4938
f 8046/3977/4939 8043/3975/4939 8045/4003/4939
f 8049/3947/4940 8048/3933/4940 8047/3935/4940
f 8050/3943/4941 8048/3933/4941 8049/3947/4941
f 8048/3933/4942 8050/3943/4942 8051/3931/4942
f 8052/3937/4943 8051/3931/4943 8050/3943/4943
f 8055/4004/4944 8054/4005/4944 8053/4006/4944
f 8056/4007/4944 8053/4006/4944 8054/4005/4944
f 8055/4004/2144 8058/4008/2144 8057/4009/2144
f 8059/4010/2144 8057/4009/2144 8058/4008/2144
f 8062/4011/2284 8061/4012/2284 8060/4013/2284
f 8063/4014/2284 8060/4013/2284 8061/4012/2284
f 8066/4015/4945 8065/4016/4945 8064/4017/4945
f 8067/4018/4946 8064/4017/4946 8065/4016/4946
f 8065/4016/4947 8068/4019/4947 8067/4018/4947
f 8071/4009/4948 8070/4020/4948 8069/4021/4948
f 8072/4022/4949 8069/4021/4949 8070/4020/4949
f 8073/4023/4950 8069/4021/4950 8072/4022/4950
f 8076/4024/4951 8075/4025/4951 8074/4026/4951
f 8077/4027/2286 8074/4026/2286 8075/4025/2286
f 8080/4019/4952 8079/4016/4952 8078/4028/4952
f 8079/4016/4953 8081/4029/4953 8078/4028/4953
f 8082/4030/4954 8081/4029/4954 8079/4016/4954
f 8085/4031/4955 8084/4023/4955 8083/4032/4955
f 8088/4018/4956 8087/4019/4956 8086/4033/4956
f 8091/4033/4957 8090/4019/4957 8089/4028/4957
f 8094/4004/4958 8093/4021/4958 8092/4005/4958
f 8093/4021/4959 8095/4031/4959 8092/4005/4959
f 8096/4023/4960 8095/4031/4960 8093/4021/4960
f 8099/4034/2284 8098/4035/2284 8097/4036/2284
f 8100/4037/2284 8097/4036/2284 8098/4035/2284
f 8103/4032/4961 8102/4023/4961 8101/4022/4961
f 8106/4038/4962 8105/4035/4962 8104/4039/4962
f 8104/4039/4963 8105/4035/4963 8107/4040/4963
f 8108/4034/4964 8107/4040/4964 8105/4035/4964
f 8111/4035/2031 8110/4027/2031 8109/4037/2031
f 8112/4025/2031 8109/4037/2031 8110/4027/2031
f 8115/4041/4965 8114/4037/4965 8113/4042/4965
f 8114/4037/4966 8115/4041/4966 8116/4036/4966
f 8117/4043/4967 8116/4036/4967 8115/4041/4967
f 8120/4036/17 8119/4012/17 8118/4034/17
f 8121/4011/17 8118/4034/17 8119/4012/17
f 8124/4020/17 8123/4009/17 8122/4044/17
f 8125/4045/17 8122/4044/17 8123/4009/17
f 8128/4030/4968 8127/4016/4968 8126/4015/4968
f 8131/4004/4969 8130/4009/4969 8129/4021/4969
f 8134/4046/4970 8133/4047/4970 8132/4048/4970
f 8135/4049/4970 8132/4048/4970 8133/4047/4970
f 8134/4046/4971 8137/4050/4971 8136/4051/4971
f 8138/4052/4971 8136/4051/4971 8137/4050/4971
f 8141/4011/4972 8140/4012/4972 8139/4013/4972
f 8142/4014/4973 8139/4013/4973 8140/4012/4973
f 8145/4053/4974 8144/4054/4974 8143/4055/4974
f 8146/4056/4975 8143/4055/4975 8144/4054/4975
f 8144/4054/4976 8147/4057/4976 8146/4056/4976
f 8150/4051/4977 8149/4058/4977 8148/4059/4977
f 8151/4060/4978 8148/4059/4978 8149/4058/4978
f 8152/4061/4979 8148/4059/4979 8151/4060/4979
f 8155/4024/4973 8154/4025/4973 8153/4026/4973
f 8156/4027/4834 8153/4026/4834 8154/4025/4834
f 8159/4057/4980 8158/4054/4980 8157/4062/4980
f 8158/4054/4981 8160/4063/4981 8157/4062/4981
f 8161/4064/4982 8160/4063/4982 8158/4054/4982
f 8164/4065/4983 8163/4061/4983 8162/4066/4983
f 8167/4056/4984 8166/4057/4984 8165/4067/4984
f 8170/4067/4985 8169/4057/4985 8168/4062/4985
f 8173/4046/4986 8172/4059/4986 8171/4047/4986
f 8172/4059/4987 8174/4065/4987 8171/4047/4987
f 8175/4061/4988 8174/4065/4988 8172/4059/4988
f 8178/4034/4973 8177/4035/4973 8176/4036/4973
f 8179/4037/4623 8176/4036/4623 8177/4035/4623
f 8182/4066/4989 8181/4061/4989 8180/4060/4989
f 8185/4038/4990 8184/4035/4990 8183/4039/4990
f 8183/4039/4991 8184/4035/4991 8186/4040/4991
f 8187/4034/4992 8186/4040/4992 8184/4035/4992
f 8190/4035/2031 8189/4027/2031 8188/4037/2031
f 8191/4025/2031 8188/4037/2031 8189/4027/2031
f 8194/4041/4993 8193/4037/4993 8192/4042/4993
f 8193/4037/4994 8194/4041/4994 8195/4036/4994
f 8196/4043/4995 8195/4036/4995 8194/4041/4995
f 8199/4036/17 8198/4012/17 8197/4034/17
f 8200/4011/17 8197/4034/17 8198/4012/17
f 8203/4058/17 8202/4051/17 8201/4068/17
f 8204/4069/17 8201/4068/17 8202/4051/17
f 8207/4064/4996 8206/4054/4996 8205/4053/4996
f 8210/4046/4997 8209/4051/4997 8208/4059/4997
f 8213/4070/4998 8212/4071/4998 8211/4072/4998
f 8214/4073/4998 8211/4072/4998 8212/4071/4998
f 8213/4070/4999 8216/4074/4999 8215/4075/4999
f 8217/4076/4999 8215/4075/4999 8216/4074/4999
f 8220/4011/4739 8219/4012/4739 8218/4013/4739
f 8221/4014/4739 8218/4013/4739 8219/4012/4739
f 8224/4077/4948 8223/4078/4948 8222/4079/4948
f 8225/4080/5000 8222/4079/5000 8223/4078/5000
f 8223/4078/5001 8226/4081/5001 8225/4080/5001
f 8229/4075/4945 8228/4082/4945 8227/4083/4945
f 8230/4084/5002 8227/4083/5002 8228/4082/5002
f 8231/4085/5003 8227/4083/5003 8230/4084/5003
f 8234/4024/4793 8233/4025/4793 8232/4026/4793
f 8235/4027/4793 8232/4026/4793 8233/4025/4793
f 8238/4081/5004 8237/4078/5004 8236/4086/5004
f 8237/4078/5005 8239/4087/5005 8236/4086/5005
f 8240/4088/5006 8239/4087/5006 8237/4078/5006
f 8243/4089/5007 8242/4085/5007 8241/4090/5007
f 8246/4080/5008 8245/4081/5008 8244/4091/5008
f 8249/4091/5009 8248/4081/5009 8247/4086/5009
f 8252/4070/5010 8251/4083/5010 8250/4071/5010
f 8251/4083/5011 8253/4089/5011 8250/4071/5011
f 8254/4085/5012 8253/4089/5012 8251/4083/5012
f 8257/4034/4739 8256/4035/4739 8255/4036/4739
f 8258/4037/4739 8255/4036/4739 8256/4035/4739
f 8261/4090/5013 8260/4085/5013 8259/4084/5013
f 8264/4038/5014 8263/4035/5014 8262/4039/5014
f 8262/4039/5015 8263/4035/5015 8265/4040/5015
f 8266/4034/5016 8265/4040/5016 8263/4035/5016
f 8269/4035/2031 8268/4027/2031 8267/4037/2031
f 8270/4025/2031 8267/4037/2031 8268/4027/2031
f 8273/4041/5017 8272/4037/5017 8271/4042/5017
f 8272/4037/5018 8273/4041/5018 8274/4036/5018
f 8275/4043/5019 8274/4036/5019 8273/4041/5019
f 8278/4036/17 8277/4012/17 8276/4034/17
f 8279/4011/17 8276/4034/17 8277/4012/17
f 8282/4082/17 8281/4075/17 8280/4092/17
f 8283/4093/17 8280/4092/17 8281/4075/17
f 8286/4088/5020 8285/4078/5020 8284/4077/5020
f 8289/4070/5021 8288/4075/5021 8287/4083/5021
f 8292/4094/5022 8291/4095/5022 8290/4096/5022
f 8293/4097/5022 8290/4096/5022 8291/4095/5022
f 8292/4094/4880 8295/4098/4880 8294/4099/4880
f 8296/4100/4880 8294/4099/4880 8295/4098/4880
f 8299/4011/5023 8298/4012/5023 8297/4013/5023
f 8300/4014/4705 8297/4013/4705 8298/4012/4705
f 8303/4101/4977 8302/4102/4977 8301/4103/4977
f 8304/4104/5024 8301/4103/5024 8302/4102/5024
f 8302/4102/5025 8305/4105/5025 8304/4104/5025
f 8308/4099/4974 8307/4106/4974 8306/4107/4974
f 8309/4108/5026 8306/4107/5026 8307/4106/5026
f 8310/4109/5027 8306/4107/5027 8309/4108/5027
f 8313/4024/4705 8312/4025/4705 8311/4026/4705
f 8314/4027/4705 8311/4026/4705 8312/4025/4705
f 8317/4105/5028 8316/4102/5028 8315/4110/5028
f 8316/4102/5029 8318/4111/5029 8315/4110/5029
f 8319/4112/5030 8318/4111/5030 8316/4102/5030
f 8322/4113/5031 8321/4109/5031 8320/4114/5031
f 8325/4104/5032 8324/4105/5032 8323/4115/5032
f 8328/4115/5033 8327/4105/5033 8326/4110/5033
f 8331/4094/5034 8330/4107/5034 8329/4095/5034
f 8330/4107/5035 8332/4113/5035 8329/4095/5035
f 8333/4109/5036 8332/4113/5036 8330/4107/5036
f 8336/4034/4705 8335/4035/4705 8334/4036/4705
f 8337/4037/4655 8334/4036/4655 8335/4035/4655
f 8340/4114/5037 8339/4109/5037 8338/4108/5037
f 8343/4038/4993 8342/4035/4993 8341/4039/4993
f 8341/4039/5038 8342/4035/5038 8344/4040/5038
f 8345/4034/5039 8344/4040/5039 8342/4035/5039
f 8348/4035/2031 8347/4027/2031 8346/4037/2031
f 8349/4025/2031 8346/4037/2031 8347/4027/2031
f 8352/4041/5040 8351/4037/5040 8350/4042/5040
f 8351/4037/5041 8352/4041/5041 8353/4036/5041
f 8354/4043/5042 8353/4036/5042 8352/4041/5042
f 8357/4036/17 8356/4012/17 8355/4034/17
f 8358/4011/17 8355/4034/17 8356/4012/17
f 8361/4106/17 8360/4099/17 8359/4116/17
f 8362/4117/17 8359/4116/17 8360/4099/17
f 8365/4112/5043 8364/4102/5043 8363/4101/5043
f 8368/4094/5044 8367/4099/5044 8366/4107/5044
f 8371/4118/2651 8370/4119/2651 8369/4120/2651
f 8372/4121/2651 8370/4119/2651 8371/4118/2651
f 8370/4119/2651 8373/4122/2651 8369/4120/2651
f 8374/4123/2651 8370/4119/2651 8372/4121/2651
f 8370/4119/2651 8375/4124/2651 8373/4122/2651
f 8376/4125/2651 8370/4119/2651 8374/4123/2651
f 8370/4119/2651 8377/4126/2651 8375/4124/2651
f 8378/4127/2651 8370/4119/2651 8376/4125/2651
f 8370/4119/2651 8379/4128/2651 8377/4126/2651
f 8380/4129/2651 8370/4119/2651 8378/4127/2651
f 8370/4119/2651 8381/4130/2651 8379/4128/2651
f 8382/4131/2651 8370/4119/2651 8380/4129/2651
f 8370/4119/2651 8383/4132/2651 8381/4130/2651
f 8382/4131/2651 8384/4133/2651 8370/4119/2651
f 8370/4119/2651 8385/4134/2651 8383/4132/2651
f 8384/4133/2651 8386/4135/2651 8370/4119/2651
f 8387/4136/2651 8385/4134/2651 8370/4119/2651
f 8386/4135/2651 8388/4137/2651 8370/4119/2651
f 8389/4138/2651 8387/4136/2651 8370/4119/2651
f 8388/4137/2651 8389/4138/2651 8370/4119/2651
f 8392/4139/2651 8391/4140/2651 8390/4141/2651
f 8392/4139/2651 8393/4142/2651 8391/4140/2651
f 8394/4143/2651 8390/4141/2651 8391/4140/2651
f 8395/4144/2651 8391/4140/2651 8393/4142/2651
f 8390/4141/2651 8394/4143/2651 8396/4145/2651
f 8393/4142/2651 8397/4146/2651 8395/4144/2651
f 8398/4147/2651 8396/4145/2651 8394/4143/2651
f 8399/4148/2651 8395/4144/2651 8397/4146/2651
f 8396/4145/2651 8398/4147/2651 8400/4149/2651
f 8397/4146/2651 8401/4150/2651 8399/4148/2651
f 8402/4151/2651 8400/4149/2651 8398/4147/2651
f 8403/4152/2651 8399/4148/2651 8401/4150/2651
f 8400/4149/2651 8402/4151/2651 8404/4153/2651
f 8401/4150/2651 8405/4154/2651 8403/4152/2651
f 8406/4155/2651 8404/4153/2651 8402/4151/2651
f 8407/4156/2651 8403/4152/2651 8405/4154/2651
f 8404/4153/2651 8406/4155/2651 8408/4157/2651
f 8405/4154/2651 8409/4158/2651 8407/4156/2651
f 8410/4159/2651 8408/4157/2651 8406/4155/2651
f 8411/4160/2651 8407/4156/2651 8409/4158/2651
f 8408/4157/2651 8410/4159/2651 8412/4161/2651
f 8409/4158/2651 8413/4162/2651 8411/4160/2651
f 8414/4163/2651 8412/4161/2651 8410/4159/2651
f 8415/4164/2651 8411/4160/2651 8413/4162/2651
f 8412/4161/2651 8414/4163/2651 8416/4165/2651
f 8413/4162/2651 8417/4166/2651 8415/4164/2651
f 8418/4167/2651 8416/4165/2651 8414/4163/2651
f 8419/4168/2651 8415/4164/2651 8417/4166/2651
f 8416/4165/2651 8418/4167/2651 8420/4169/2651
f 8417/4166/2651 8421/4170/2651 8419/4168/2651
f 8422/4171/2651 8420/4169/2651 8418/4167/2651
f 8423/4172/2651 8419/4168/2651 8421/4170/2651
f 8420/4169/2651 8422/4171/2651 8424/4173/2651
f 8421/4170/2651 8425/4174/2651 8423/4172/2651
f 8426/4175/2651 8424/4173/2651 8422/4171/2651
f 8427/4176/2651 8423/4172/2651 8425/4174/2651
f 8424/4173/2651 8426/4175/2651 8428/4177/2651
f 8425/4174/2651 8428/4177/2651 8427/4176/2651
f 8429/4178/2651 8428/4177/2651 8426/4175/2651
f 8429/4178/2651 8427/4176/2651 8428/4177/2651
f 8432/4179/5045 8431/4139/5045 8430/4180/5045
f 8432/4179/5046 8433/4181/5046 8431/4139/5046
f 8434/4141/5045 8430/4180/5045 8431/4139/5045
f 8435/4142/5046 8431/4139/5046 8433/4181/5046
f 8430/4180/5047 8434/4141/5047 8436/4182/5047
f 8433/4181/5048 8437/4183/5048 8435/4142/5048
f 8438/4145/5047 8436/4182/5047 8434/4141/5047
f 8439/4146/5048 8435/4142/5048 8437/4183/5048
f 8436/4182/5049 8438/4145/5049 8440/4184/5049
f 8437/4183/5050 8441/4185/5050 8439/4146/5050
f 8442/4149/5049 8440/4184/5049 8438/4145/5049
f 8443/4150/5050 8439/4146/5050 8441/4185/5050
f 8440/4184/5051 8442/4149/5051 8444/4186/5051
f 8441/4185/5052 8445/4187/5052 8443/4150/5052
f 8446/4153/5051 8444/4186/5051 8442/4149/5051
f 8447/4154/5052 8443/4150/5052 8445/4187/5052
f 8444/4186/5053 8446/4153/5053 8448/4188/5053
f 8445/4187/5054 8449/4189/5054 8447/4154/5054
f 8450/4157/5053 8448/4188/5053 8446/4153/5053
f 8451/4158/5054 8447/4154/5054 8449/4189/5054
f 8448/4188/5055 8450/4157/5055 8452/4190/5055
f 8449/4189/5056 8453/4191/5056 8451/4158/5056
f 8454/4161/5055 8452/4190/5055 8450/4157/5055
f 8455/4162/5056 8451/4158/5056 8453/4191/5056
f 8452/4190/5057 8454/4161/5057 8456/4192/5057
f 8453/4191/5058 8457/4193/5058 8455/4162/5058
f 8458/4165/5057 8456/4192/5057 8454/4161/5057
f 8459/4166/5058 8455/4162/5058 8457/4193/5058
f 8456/4192/5059 8458/4165/5059 8460/4194/5059
f 8457/4193/5060 8461/4195/5060 8459/4166/5060
f 8462/4169/5061 8460/4194/5061 8458/4165/5061
f 8463/4170/5062 8459/4166/5062 8461/4195/5062
f 8460/4194/5063 8462/4169/5063 8464/4196/5063
f 8461/4195/5064 8465/4197/5064 8463/4170/5064
f 8466/4173/5065 8464/4196/5065 8462/4169/5065
f 8467/4174/5066 8463/4170/5066 8465/4197/5066
f 8464/4196/5067 8466/4173/5067 8468/4198/5067
f 8465/4197/5068 8468/4198/5068 8467/4174/5068
f 8469/4177/5067 8468/4198/5067 8466/4173/5067
f 8469/4177/5068 8467/4174/5068 8468/4198/5068
