# Blender 5.2.2 LTS
# www.blender.org
mtllib BigBro1.mtl
o Chassis_Chassis_MAT_0
v 8.459894 -1.208611 -0.560285
v 8.472376 -1.249224 -0.487038
v 8.528587 -0.997235 -0.405843
v 8.454140 -1.147308 -0.618415
v 8.455669 -1.071314 -0.655736
v 8.464338 -0.988068 -0.668596
v 8.479296 -0.905720 -0.655736
v 8.499079 -0.832331 -0.618415
v 8.521749 -0.775083 -0.560285
v 8.545088 -0.739581 -0.487038
v 8.566814 -0.729300 -0.405843
v 8.584797 -0.745246 -0.324648
v 8.597275 -0.785859 -0.251401
v 8.603031 -0.847162 -0.193271
v 8.601501 -0.923156 -0.155950
v 8.592834 -1.006402 -0.143090
v 8.577877 -1.088749 -0.155950
v 8.558092 -1.162138 -0.193271
v 8.535423 -1.219388 -0.251401
v 8.512083 -1.254889 -0.324648
v 8.490358 -1.265171 -0.405843
v 9.351967 -1.374719 -0.706489
v 9.339485 -1.334106 -0.779736
v 9.408176 -1.122730 -0.625294
v 9.333731 -1.272803 -0.837865
v 9.335260 -1.196808 -0.875187
v 9.343929 -1.113564 -0.888047
v 9.358887 -1.031215 -0.875187
v 9.378668 -0.957825 -0.837865
v 9.401340 -0.900578 -0.779736
v 9.424679 -0.865076 -0.706489
v 9.446405 -0.854794 -0.625294
v 9.464386 -0.870740 -0.544099
v 9.476868 -0.911354 -0.470851
v 9.482622 -0.972657 -0.412722
v 9.481092 -1.048650 -0.375401
v 9.472424 -1.131896 -0.362541
v 9.457466 -1.214243 -0.375401
v 9.437683 -1.287633 -0.412722
v 9.415014 -1.344882 -0.470851
v 9.391674 -1.380384 -0.544099
v 9.369949 -1.390665 -0.625294
v 8.459894 -1.208611 0.560284
v 8.528587 -0.997235 0.405842
v 8.472376 -1.249224 0.487037
v 8.454140 -1.147308 0.618414
v 8.455669 -1.071314 0.655735
v 8.464338 -0.988068 0.668595
v 8.479296 -0.905720 0.655735
v 8.499079 -0.832331 0.618414
v 8.521749 -0.775083 0.560284
v 8.545088 -0.739581 0.487037
v 8.566814 -0.729300 0.405842
v 8.584797 -0.745246 0.324647
v 8.597275 -0.785859 0.251400
v 8.603031 -0.847162 0.193271
v 8.601501 -0.923156 0.155949
v 8.592834 -1.006402 0.143089
v 8.577877 -1.088749 0.155949
v 8.558092 -1.162138 0.193271
v 8.535423 -1.219388 0.251400
v 8.512083 -1.254889 0.324647
v 8.490358 -1.265171 0.405842
v 9.351967 -1.374719 0.706488
v 9.408176 -1.122730 0.625293
v 9.339485 -1.334106 0.779735
v 9.333731 -1.272803 0.837864
v 9.335260 -1.196808 0.875186
v 9.343929 -1.113564 0.888046
v 9.358887 -1.031215 0.875186
v 9.378668 -0.957825 0.837864
v 9.401340 -0.900578 0.779735
v 9.424679 -0.865076 0.706488
v 9.446405 -0.854794 0.625293
v 9.464386 -0.870740 0.544098
v 9.476868 -0.911354 0.470850
v 9.482622 -0.972657 0.412721
v 9.481092 -1.048650 0.375400
v 9.472424 -1.131896 0.362540
v 9.457466 -1.214243 0.375400
v 9.437683 -1.287633 0.412721
v 9.415014 -1.344882 0.470850
v 9.391674 -1.380384 0.544098
v 9.369949 -1.390665 0.625293
v 8.529808 -1.212115 -0.159084
v 8.524380 -1.250172 -0.083636
v 8.560736 -0.995350 -0.000000
v 8.538267 -1.152839 -0.218960
v 8.548925 -1.078147 -0.257403
v 8.560736 -0.995350 -0.270649
v 8.572550 -0.912554 -0.257403
v 8.583206 -0.837862 -0.218960
v 8.591661 -0.778586 -0.159084
v 8.597094 -0.740529 -0.083636
v 8.598965 -0.727416 -0.000000
v 8.597094 -0.740529 0.083635
v 8.591661 -0.778586 0.159083
v 8.583206 -0.837862 0.218959
v 8.572550 -0.912554 0.257402
v 8.560736 -0.995350 0.270648
v 8.548925 -1.078147 0.257402
v 8.538267 -1.152839 0.218959
v 8.529808 -1.212115 0.159083
v 8.524380 -1.250172 0.083635
v 8.522509 -1.263286 -0.000000
v 9.430405 -1.379438 -0.083636
v 9.435835 -1.341381 -0.159084
v 9.466761 -1.124616 -0.000000
v 9.444292 -1.282105 -0.218960
v 9.454948 -1.207413 -0.257403
v 9.466761 -1.124616 -0.270649
v 9.478573 -1.041819 -0.257403
v 9.489229 -0.967127 -0.218960
v 9.497688 -0.907852 -0.159084
v 9.503117 -0.869794 -0.083636
v 9.504988 -0.856680 -0.000000
v 9.503117 -0.869794 0.083635
v 9.497688 -0.907852 0.159083
v 9.489229 -0.967127 0.218959
v 9.478573 -1.041819 0.257402
v 9.466761 -1.124616 0.270648
v 9.454948 -1.207413 0.257402
v 9.444292 -1.282105 0.218959
v 9.435835 -1.341381 0.159083
v 9.430405 -1.379438 0.083635
v 9.428532 -1.392551 -0.000000
v 8.512865 -0.854806 -0.560285
v 8.535059 -0.891037 -0.487038
v 8.526804 -0.632987 -0.405843
v 8.492037 -0.796863 -0.618415
v 8.474613 -0.722878 -0.655736
v 8.462296 -0.640094 -0.668596
v 8.456295 -0.556614 -0.655736
v 8.457195 -0.480610 -0.618415
v 8.464909 -0.419522 -0.560285
v 8.478682 -0.379329 -0.487038
v 8.497166 -0.363966 -0.405843
v 8.518551 -0.374936 -0.324648
v 8.540743 -0.411167 -0.251401
v 8.561567 -0.469110 -0.193271
v 8.578995 -0.543095 -0.155950
v 8.591311 -0.625879 -0.143090
v 8.597313 -0.709359 -0.155950
v 8.596413 -0.785363 -0.193271
v 8.588699 -0.846452 -0.251401
v 8.574924 -0.886644 -0.324648
v 8.556444 -0.902007 -0.405843
v 9.418213 -0.793735 -0.706489
v 9.396019 -0.757504 -0.779736
v 9.409960 -0.535684 -0.625294
v 9.375195 -0.699560 -0.837865
v 9.357767 -0.625575 -0.875187
v 9.345451 -0.542791 -0.888047
v 9.339451 -0.459312 -0.875187
v 9.340347 -0.383307 -0.837865
v 9.348064 -0.322219 -0.779736
v 9.361835 -0.282026 -0.706489
v 9.380320 -0.266663 -0.625294
v 9.401703 -0.277634 -0.544099
v 9.423897 -0.313864 -0.470851
v 9.444725 -0.371808 -0.412722
v 9.462149 -0.445793 -0.375401
v 9.474466 -0.528577 -0.362541
v 9.480467 -0.612057 -0.375401
v 9.479567 -0.688061 -0.412722
v 9.471855 -0.749149 -0.470851
v 9.458080 -0.789342 -0.544099
v 9.439598 -0.804705 -0.625294
v 8.512865 -0.854806 0.560284
v 8.526804 -0.632987 0.405842
v 8.535059 -0.891037 0.487037
v 8.492037 -0.796863 0.618414
v 8.474613 -0.722878 0.655735
v 8.462296 -0.640094 0.668595
v 8.456295 -0.556614 0.655735
v 8.457195 -0.480610 0.618414
v 8.464909 -0.419522 0.560284
v 8.478682 -0.379329 0.487037
v 8.497166 -0.363966 0.405842
v 8.518551 -0.374936 0.324647
v 8.540743 -0.411167 0.251400
v 8.561567 -0.469110 0.193271
v 8.578995 -0.543095 0.155949
v 8.591311 -0.625879 0.143089
v 8.597313 -0.709359 0.155949
v 8.596413 -0.785363 0.193271
v 8.588699 -0.846452 0.251400
v 8.574924 -0.886644 0.324647
v 8.556444 -0.902007 0.405842
v 9.418213 -0.793735 0.706488
v 9.409960 -0.535684 0.625293
v 9.396019 -0.757504 0.779735
v 9.375195 -0.699560 0.837864
v 9.357767 -0.625575 0.875186
v 9.345451 -0.542791 0.888046
v 9.339451 -0.459312 0.875186
v 9.340347 -0.383307 0.837864
v 9.348064 -0.322219 0.779735
v 9.361835 -0.282026 0.706488
v 9.380320 -0.266663 0.625293
v 9.401703 -0.277634 0.544098
v 9.423897 -0.313864 0.470850
v 9.444725 -0.371808 0.412721
v 9.462149 -0.445793 0.375400
v 9.474466 -0.528577 0.362540
v 9.480467 -0.612057 0.375400
v 9.479567 -0.688061 0.412721
v 9.471855 -0.749149 0.470850
v 9.458080 -0.789342 0.544098
v 9.439598 -0.804705 0.625293
v 8.582878 -0.852091 -0.159084
v 8.587090 -0.890303 -0.083636
v 8.558901 -0.634449 -0.000000
v 8.576321 -0.792575 -0.218960
v 8.568060 -0.717581 -0.257403
v 8.558901 -0.634449 -0.270649
v 8.549742 -0.551317 -0.257403
v 8.541479 -0.476322 -0.218960
v 8.534920 -0.416806 -0.159084
v 8.530710 -0.378594 -0.083636
v 8.529261 -0.365428 -0.000000
v 8.530710 -0.378594 0.083635
v 8.534920 -0.416806 0.159083
v 8.541479 -0.476322 0.218959
v 8.549742 -0.551317 0.257402
v 8.558901 -0.634449 0.270648
v 8.568060 -0.717581 0.257402
v 8.576321 -0.792575 0.218959
v 8.582878 -0.852091 0.159083
v 8.587090 -0.890303 0.083635
v 8.588541 -0.903470 -0.000000
v 9.496784 -0.790077 -0.083636
v 9.492573 -0.751865 -0.159084
v 9.468594 -0.534222 -0.000000
v 9.486015 -0.692349 -0.218960
v 9.477753 -0.617354 -0.257403
v 9.468594 -0.534222 -0.270649
v 9.459435 -0.451090 -0.257403
v 9.451172 -0.376096 -0.218960
v 9.444614 -0.316580 -0.159084
v 9.440405 -0.278368 -0.083636
v 9.438953 -0.265201 -0.000000
v 9.440405 -0.278368 0.083635
v 9.444614 -0.316580 0.159083
v 9.451172 -0.376096 0.218959
v 9.459435 -0.451090 0.257402
v 9.468594 -0.534222 0.270648
v 9.477753 -0.617354 0.257402
v 9.486015 -0.692349 0.218959
v 9.492573 -0.751865 0.159083
v 9.496784 -0.790076 0.083635
v 9.498234 -0.803243 -0.000000
v -3.701888 1.187784 2.429295
v -2.943945 1.187784 2.866894
v -3.701889 1.187784 3.304492
v -4.459831 1.187784 2.866894
v -4.459831 1.187784 3.742091
v -3.701888 1.187784 4.179689
v -2.943945 1.187784 3.742091
v -2.943945 1.513797 2.866894
v -3.701888 1.513797 2.429295
v -3.701889 1.709160 3.304492
v -3.701888 1.513797 2.429295
v -4.459831 1.513797 2.866894
v -3.701889 1.709160 3.304492
v -4.459831 1.513797 2.866894
v -4.459831 1.513797 3.742091
v -3.701889 1.709160 3.304492
v -4.459831 1.513797 3.742091
v -3.701888 1.513797 4.179689
v -3.701889 1.709160 3.304492
v -3.701888 1.513797 4.179689
v -2.943945 1.513797 3.742091
v -3.701889 1.709160 3.304492
v -2.943945 1.513797 3.742091
v -2.943945 1.513797 2.866894
v -3.701889 1.709160 3.304492
v 4.034251 -1.066997 1.289222
v 4.053845 -1.105451 1.289222
v 3.922656 -1.148076 1.289222
v 4.003736 -1.036480 1.289222
v 3.965281 -1.016888 1.289222
v 3.922656 -1.010136 1.289222
v 3.880031 -1.016888 1.289222
v 3.841577 -1.036481 1.289222
v 3.811060 -1.066997 1.289222
v 3.791468 -1.105451 1.289222
v 3.784717 -1.148076 1.289222
v 3.791468 -1.190702 1.289222
v 3.811060 -1.229156 1.289222
v 3.841577 -1.259672 1.289222
v 3.880030 -1.279265 1.289222
v 3.922656 -1.286016 1.289222
v 3.965282 -1.279265 1.289222
v 4.003735 -1.259672 1.289222
v 4.034252 -1.229156 1.289222
v 4.053844 -1.190702 1.289222
v 4.060596 -1.148076 1.289222
v 4.053845 -1.105450 3.289222
v 4.034251 -1.066997 3.289222
v 3.922656 -1.148076 3.289222
v 4.003736 -1.036480 3.289222
v 3.965281 -1.016888 3.289222
v 3.922656 -1.010136 3.289222
v 3.880031 -1.016888 3.289222
v 3.841577 -1.036480 3.289222
v 3.811060 -1.066997 3.289222
v 3.791468 -1.105451 3.289222
v 3.784717 -1.148076 3.289222
v 3.791468 -1.190702 3.289222
v 3.811060 -1.229155 3.289222
v 3.841577 -1.259672 3.289222
v 3.880030 -1.279265 3.289222
v 3.922656 -1.286016 3.289222
v 3.965282 -1.279265 3.289222
v 4.003735 -1.259672 3.289222
v 4.034252 -1.229155 3.289222
v 4.053844 -1.190702 3.289222
v 4.060596 -1.148076 3.289222
v 6.234191 -1.066997 1.289222
v 6.253786 -1.105451 1.289222
v 6.122596 -1.148076 1.289222
v 6.203676 -1.036480 1.289222
v 6.165222 -1.016888 1.289222
v 6.122596 -1.010136 1.289222
v 6.079971 -1.016888 1.289222
v 6.041517 -1.036481 1.289222
v 6.011000 -1.066997 1.289222
v 5.991408 -1.105451 1.289222
v 5.984657 -1.148076 1.289222
v 5.991408 -1.190702 1.289222
v 6.011000 -1.229156 1.289222
v 6.041517 -1.259672 1.289222
v 6.079970 -1.279265 1.289222
v 6.122596 -1.286016 1.289222
v 6.165223 -1.279265 1.289222
v 6.203675 -1.259672 1.289222
v 6.234192 -1.229156 1.289222
v 6.253785 -1.190702 1.289222
v 6.260536 -1.148076 1.289222
v 6.253786 -1.105450 3.289222
v 6.234191 -1.066997 3.289222
v 6.122596 -1.148076 3.289222
v 6.203676 -1.036480 3.289222
v 6.165222 -1.016888 3.289222
v 6.122596 -1.010136 3.289222
v 6.079971 -1.016888 3.289222
v 6.041517 -1.036480 3.289222
v 6.011000 -1.066997 3.289222
v 5.991408 -1.105451 3.289222
v 5.984657 -1.148076 3.289222
v 5.991408 -1.190702 3.289222
v 6.011000 -1.229155 3.289222
v 6.041517 -1.259672 3.289222
v 6.079970 -1.279265 3.289222
v 6.122596 -1.286016 3.289222
v 6.165223 -1.279265 3.289222
v 6.203675 -1.259672 3.289222
v 6.234192 -1.229155 3.289222
v 6.253785 -1.190702 3.289222
v 6.260536 -1.148076 3.289222
v -5.613874 -1.066997 1.289221
v -5.594280 -1.105451 1.289221
v -5.725470 -1.148076 1.289221
v -5.644390 -1.036480 1.289221
v -5.682844 -1.016888 1.289221
v -5.725470 -1.010136 1.289221
v -5.768095 -1.016888 1.289221
v -5.806549 -1.036481 1.289221
v -5.837066 -1.066997 1.289221
v -5.856658 -1.105451 1.289221
v -5.863409 -1.148076 1.289221
v -5.856658 -1.190702 1.289221
v -5.837066 -1.229156 1.289221
v -5.806549 -1.259672 1.289221
v -5.768096 -1.279265 1.289221
v -5.725470 -1.286016 1.289221
v -5.682843 -1.279265 1.289221
v -5.644391 -1.259672 1.289221
v -5.613873 -1.229156 1.289221
v -5.594281 -1.190702 1.289221
v -5.587530 -1.148076 1.289221
v -5.594280 -1.105450 3.289221
v -5.613874 -1.066997 3.289222
v -5.725470 -1.148076 3.289221
v -5.644390 -1.036480 3.289221
v -5.682844 -1.016888 3.289222
v -5.725470 -1.010136 3.289222
v -5.768095 -1.016888 3.289222
v -5.806549 -1.036480 3.289222
v -5.837066 -1.066997 3.289221
v -5.856658 -1.105451 3.289222
v -5.863409 -1.148076 3.289221
v -5.856658 -1.190702 3.289222
v -5.837066 -1.229155 3.289222
v -5.806549 -1.259672 3.289221
v -5.768096 -1.279265 3.289221
v -5.725470 -1.286016 3.289222
v -5.682843 -1.279265 3.289222
v -5.644391 -1.259672 3.289222
v -5.613873 -1.229155 3.289221
v -5.594281 -1.190702 3.289221
v -5.587530 -1.148076 3.289221
v -3.304205 -1.066997 1.289222
v -3.284611 -1.105451 1.289222
v -3.415801 -1.148076 1.289222
v -3.334721 -1.036480 1.289222
v -3.373175 -1.016888 1.289222
v -3.415801 -1.010136 1.289222
v -3.458426 -1.016888 1.289222
v -3.496880 -1.036481 1.289222
v -3.527397 -1.066997 1.289222
v -3.546989 -1.105451 1.289222
v -3.553740 -1.148076 1.289222
v -3.546989 -1.190702 1.289222
v -3.527397 -1.229156 1.289222
v -3.496880 -1.259672 1.289222
v -3.458427 -1.279265 1.289222
v -3.415801 -1.286016 1.289222
v -3.373174 -1.279265 1.289222
v -3.334722 -1.259672 1.289222
v -3.304204 -1.229156 1.289222
v -3.284612 -1.190702 1.289222
v -3.277861 -1.148076 1.289222
v -3.284611 -1.105450 3.289222
v -3.304205 -1.066997 3.289222
v -3.415801 -1.148076 3.289222
v -3.334721 -1.036480 3.289222
v -3.373175 -1.016888 3.289222
v -3.415801 -1.010136 3.289222
v -3.458426 -1.016888 3.289222
v -3.496880 -1.036480 3.289222
v -3.527397 -1.066997 3.289222
v -3.546989 -1.105451 3.289222
v -3.553740 -1.148076 3.289222
v -3.546989 -1.190702 3.289222
v -3.527397 -1.229155 3.289222
v -3.496880 -1.259672 3.289222
v -3.458427 -1.279265 3.289222
v -3.415801 -1.286016 3.289222
v -3.373174 -1.279265 3.289222
v -3.334722 -1.259672 3.289222
v -3.304204 -1.229155 3.289222
v -3.284612 -1.190702 3.289222
v -3.277861 -1.148076 3.289222
v -0.613906 -1.066997 1.289222
v -0.594312 -1.105451 1.289222
v -0.725501 -1.148076 1.289222
v -0.644422 -1.036480 1.289222
v -0.682876 -1.016888 1.289222
v -0.725501 -1.010136 1.289222
v -0.768127 -1.016888 1.289222
v -0.806581 -1.036481 1.289222
v -0.837097 -1.066997 1.289222
v -0.856690 -1.105451 1.289222
v -0.863441 -1.148076 1.289222
v -0.856690 -1.190702 1.289222
v -0.837097 -1.229156 1.289222
v -0.806581 -1.259672 1.289222
v -0.768128 -1.279265 1.289222
v -0.725501 -1.286016 1.289222
v -0.682875 -1.279265 1.289222
v -0.644423 -1.259672 1.289222
v -0.613905 -1.229156 1.289222
v -0.594313 -1.190702 1.289222
v -0.587562 -1.148076 1.289222
v -0.594312 -1.105450 3.289222
v -0.613906 -1.066997 3.289222
v -0.725501 -1.148076 3.289222
v -0.644422 -1.036480 3.289222
v -0.682876 -1.016888 3.289222
v -0.725501 -1.010136 3.289222
v -0.768127 -1.016888 3.289222
v -0.806581 -1.036480 3.289222
v -0.837097 -1.066997 3.289222
v -0.856690 -1.105451 3.289222
v -0.863441 -1.148076 3.289222
v -0.856690 -1.190702 3.289222
v -0.837097 -1.229155 3.289222
v -0.806581 -1.259672 3.289222
v -0.768128 -1.279265 3.289222
v -0.725501 -1.286016 3.289222
v -0.682875 -1.279265 3.289222
v -0.644423 -1.259672 3.289222
v -0.613905 -1.229155 3.289222
v -0.594313 -1.190702 3.289222
v -0.587562 -1.148076 3.289222
v 1.639118 -1.066997 1.289222
v 1.658712 -1.105451 1.289222
v 1.527523 -1.148076 1.289222
v 1.608602 -1.036480 1.289222
v 1.570148 -1.016888 1.289222
v 1.527523 -1.010136 1.289222
v 1.484897 -1.016888 1.289222
v 1.446443 -1.036481 1.289222
v 1.415926 -1.066997 1.289222
v 1.396334 -1.105451 1.289222
v 1.389583 -1.148076 1.289222
v 1.396334 -1.190702 1.289222
v 1.415926 -1.229156 1.289222
v 1.446443 -1.259672 1.289222
v 1.484896 -1.279265 1.289222
v 1.527523 -1.286016 1.289222
v 1.570149 -1.279265 1.289222
v 1.608601 -1.259672 1.289222
v 1.639119 -1.229156 1.289222
v 1.658711 -1.190702 1.289222
v 1.665462 -1.148076 1.289222
v 1.658712 -1.105450 3.289222
v 1.639118 -1.066997 3.289222
v 1.527523 -1.148076 3.289222
v 1.608602 -1.036480 3.289222
v 1.570148 -1.016888 3.289222
v 1.527523 -1.010136 3.289222
v 1.484897 -1.016888 3.289222
v 1.446443 -1.036480 3.289222
v 1.415926 -1.066997 3.289222
v 1.396334 -1.105451 3.289222
v 1.389583 -1.148076 3.289222
v 1.396334 -1.190702 3.289222
v 1.415926 -1.229155 3.289222
v 1.446443 -1.259672 3.289222
v 1.484896 -1.279265 3.289222
v 1.527523 -1.286016 3.289222
v 1.570149 -1.279265 3.289222
v 1.608601 -1.259672 3.289222
v 1.639119 -1.229155 3.289222
v 1.658711 -1.190702 3.289222
v 1.665462 -1.148076 3.289222
v -7.609632 -0.142748 1.281710
v -7.590038 -0.181202 1.281710
v -7.721228 -0.223827 1.281710
v -7.640148 -0.112232 1.281710
v -7.678601 -0.092639 1.281710
v -7.721228 -0.085887 1.281710
v -7.763853 -0.092639 1.281710
v -7.802306 -0.112232 1.281710
v -7.832823 -0.142748 1.281710
v -7.852416 -0.181202 1.281710
v -7.859167 -0.223827 1.281710
v -7.852416 -0.266453 1.281710
v -7.832823 -0.304907 1.281710
v -7.802307 -0.335424 1.281710
v -7.763853 -0.355016 1.281710
v -7.721228 -0.361767 1.281710
v -7.678601 -0.355016 1.281710
v -7.640149 -0.335424 1.281710
v -7.609632 -0.304906 1.281710
v -7.590038 -0.266453 1.281710
v -7.583287 -0.223827 1.281710
v -7.590038 -0.181202 3.281710
v -7.609632 -0.142748 3.281710
v -7.721228 -0.223827 3.281710
v -7.640148 -0.112232 3.281710
v -7.678601 -0.092639 3.281710
v -7.721228 -0.085887 3.281710
v -7.763853 -0.092639 3.281710
v -7.802306 -0.112232 3.281710
v -7.832823 -0.142748 3.281710
v -7.852416 -0.181202 3.281710
v -7.859167 -0.223827 3.281710
v -7.852416 -0.266453 3.281710
v -7.832823 -0.304907 3.281710
v -7.802307 -0.335424 3.281710
v -7.763853 -0.355016 3.281710
v -7.721228 -0.361768 3.281710
v -7.678601 -0.355016 3.281710
v -7.640149 -0.335424 3.281710
v -7.609632 -0.304907 3.281710
v -7.590038 -0.266453 3.281710
v -7.583287 -0.223827 3.281710
v 8.480770 -0.231145 1.281710
v 8.500364 -0.269599 1.281710
v 8.369175 -0.312224 1.281710
v 8.450254 -0.200629 1.281710
v 8.411800 -0.181036 1.281710
v 8.369175 -0.174285 1.281710
v 8.326550 -0.181036 1.281710
v 8.288095 -0.200629 1.281710
v 8.257580 -0.231145 1.281710
v 8.237986 -0.269599 1.281710
v 8.231236 -0.312224 1.281710
v 8.237986 -0.354850 1.281710
v 8.257580 -0.393304 1.281710
v 8.288095 -0.423821 1.281710
v 8.326550 -0.443413 1.281710
v 8.369175 -0.450164 1.281710
v 8.411800 -0.443413 1.281710
v 8.450253 -0.423821 1.281710
v 8.480770 -0.393303 1.281710
v 8.500364 -0.354850 1.281710
v 8.507114 -0.312224 1.281710
v 8.500364 -0.269599 3.281710
v 8.480770 -0.231145 3.281710
v 8.369175 -0.312224 3.281710
v 8.450254 -0.200629 3.281710
v 8.411800 -0.181036 3.281710
v 8.369175 -0.174285 3.281710
v 8.326550 -0.181036 3.281710
v 8.288095 -0.200629 3.281710
v 8.257580 -0.231145 3.281710
v 8.237986 -0.269599 3.281710
v 8.231236 -0.312224 3.281710
v 8.237986 -0.354850 3.281710
v 8.257580 -0.393304 3.281710
v 8.288095 -0.423821 3.281710
v 8.326550 -0.443413 3.281710
v 8.369175 -0.450165 3.281710
v 8.411800 -0.443413 3.281710
v 8.450253 -0.423821 3.281710
v 8.480770 -0.393304 3.281710
v 8.500364 -0.354850 3.281710
v 8.507114 -0.312224 3.281710
v 4.034251 -1.066997 -1.289222
v 3.922656 -1.148076 -1.289222
v 4.053845 -1.105451 -1.289222
v 4.003736 -1.036480 -1.289222
v 3.965281 -1.016888 -1.289222
v 3.922656 -1.010136 -1.289222
v 3.880031 -1.016888 -1.289222
v 3.841577 -1.036481 -1.289223
v 3.811060 -1.066997 -1.289222
v 3.791468 -1.105451 -1.289222
v 3.784717 -1.148076 -1.289222
v 3.791468 -1.190702 -1.289222
v 3.811060 -1.229156 -1.289222
v 3.841577 -1.259672 -1.289222
v 3.880030 -1.279265 -1.289222
v 3.922656 -1.286016 -1.289222
v 3.965282 -1.279265 -1.289222
v 4.003735 -1.259672 -1.289222
v 4.034252 -1.229156 -1.289222
v 4.053844 -1.190702 -1.289222
v 4.060596 -1.148076 -1.289222
v 4.053845 -1.105450 -3.289222
v 3.922656 -1.148076 -3.289222
v 4.034251 -1.066997 -3.289223
v 4.003736 -1.036480 -3.289222
v 3.965281 -1.016888 -3.289223
v 3.922656 -1.010136 -3.289223
v 3.880031 -1.016888 -3.289223
v 3.841577 -1.036480 -3.289223
v 3.811060 -1.066997 -3.289222
v 3.791468 -1.105451 -3.289223
v 3.784717 -1.148076 -3.289222
v 3.791468 -1.190702 -3.289223
v 3.811060 -1.229155 -3.289223
v 3.841577 -1.259672 -3.289222
v 3.880030 -1.279265 -3.289222
v 3.922656 -1.286016 -3.289223
v 3.965282 -1.279265 -3.289223
v 4.003735 -1.259672 -3.289223
v 4.034252 -1.229155 -3.289222
v 4.053844 -1.190702 -3.289222
v 4.060596 -1.148076 -3.289222
v 6.234191 -1.066997 -1.289222
v 6.122596 -1.148076 -1.289222
v 6.253786 -1.105451 -1.289222
v 6.203676 -1.036480 -1.289222
v 6.165222 -1.016888 -1.289222
v 6.122596 -1.010136 -1.289222
v 6.079971 -1.016888 -1.289222
v 6.041517 -1.036481 -1.289223
v 6.011000 -1.066997 -1.289222
v 5.991408 -1.105451 -1.289222
v 5.984657 -1.148076 -1.289222
v 5.991408 -1.190702 -1.289222
v 6.011000 -1.229156 -1.289222
v 6.041517 -1.259672 -1.289222
v 6.079970 -1.279265 -1.289222
v 6.122596 -1.286016 -1.289222
v 6.165223 -1.279265 -1.289222
v 6.203675 -1.259672 -1.289222
v 6.234192 -1.229156 -1.289222
v 6.253785 -1.190702 -1.289222
v 6.260536 -1.148076 -1.289222
v 6.253786 -1.105450 -3.289222
v 6.122596 -1.148076 -3.289222
v 6.234191 -1.066997 -3.289223
v 6.203676 -1.036480 -3.289222
v 6.165222 -1.016888 -3.289223
v 6.122596 -1.010136 -3.289223
v 6.079971 -1.016888 -3.289223
v 6.041517 -1.036480 -3.289223
v 6.011000 -1.066997 -3.289222
v 5.991408 -1.105451 -3.289223
v 5.984657 -1.148076 -3.289222
v 5.991408 -1.190702 -3.289223
v 6.011000 -1.229155 -3.289223
v 6.041517 -1.259672 -3.289222
v 6.079970 -1.279265 -3.289222
v 6.122596 -1.286016 -3.289223
v 6.165223 -1.279265 -3.289223
v 6.203675 -1.259672 -3.289223
v 6.234192 -1.229155 -3.289222
v 6.253785 -1.190702 -3.289222
v 6.260536 -1.148076 -3.289222
v -5.613874 -1.066997 -1.289223
v -5.725470 -1.148076 -1.289223
v -5.594280 -1.105451 -1.289223
v -5.644390 -1.036480 -1.289223
v -5.682844 -1.016888 -1.289223
v -5.725470 -1.010136 -1.289223
v -5.768095 -1.016888 -1.289223
v -5.806549 -1.036481 -1.289223
v -5.837066 -1.066997 -1.289223
v -5.856658 -1.105451 -1.289223
v -5.863409 -1.148076 -1.289223
v -5.856658 -1.190702 -1.289223
v -5.837066 -1.229156 -1.289223
v -5.806549 -1.259672 -1.289223
v -5.768096 -1.279265 -1.289223
v -5.725470 -1.286016 -1.289223
v -5.682843 -1.279265 -1.289223
v -5.644391 -1.259672 -1.289223
v -5.613873 -1.229156 -1.289223
v -5.594281 -1.190702 -1.289223
v -5.587530 -1.148076 -1.289223
v -5.594280 -1.105450 -3.289223
v -5.725470 -1.148076 -3.289223
v -5.613874 -1.066997 -3.289223
v -5.644390 -1.036480 -3.289223
v -5.682844 -1.016888 -3.289223
v -5.725470 -1.010136 -3.289223
v -5.768095 -1.016888 -3.289223
v -5.806549 -1.036480 -3.289223
v -5.837066 -1.066997 -3.289223
v -5.856658 -1.105451 -3.289223
v -5.863409 -1.148076 -3.289223
v -5.856658 -1.190702 -3.289223
v -5.837066 -1.229155 -3.289223
v -5.806549 -1.259672 -3.289223
v -5.768096 -1.279265 -3.289223
v -5.725470 -1.286016 -3.289223
v -5.682843 -1.279265 -3.289223
v -5.644391 -1.259672 -3.289223
v -5.613873 -1.229155 -3.289223
v -5.594281 -1.190702 -3.289223
v -5.587530 -1.148076 -3.289223
v -3.304205 -1.066997 -1.289222
v -3.415801 -1.148076 -1.289222
v -3.284611 -1.105451 -1.289222
v -3.334721 -1.036480 -1.289222
v -3.373175 -1.016888 -1.289222
v -3.415801 -1.010136 -1.289222
v -3.458426 -1.016888 -1.289222
v -3.496880 -1.036481 -1.289223
v -3.527397 -1.066997 -1.289222
v -3.546989 -1.105451 -1.289222
v -3.553740 -1.148076 -1.289222
v -3.546989 -1.190702 -1.289222
v -3.527397 -1.229156 -1.289222
v -3.496880 -1.259672 -1.289222
v -3.458427 -1.279265 -1.289222
v -3.415801 -1.286016 -1.289222
v -3.373174 -1.279265 -1.289222
v -3.334722 -1.259672 -1.289222
v -3.304204 -1.229156 -1.289222
v -3.284612 -1.190702 -1.289222
v -3.277861 -1.148076 -1.289222
v -3.284611 -1.105450 -3.289222
v -3.415801 -1.148076 -3.289222
v -3.304205 -1.066997 -3.289223
v -3.334721 -1.036480 -3.289222
v -3.373175 -1.016888 -3.289223
v -3.415801 -1.010136 -3.289223
v -3.458426 -1.016888 -3.289223
v -3.496880 -1.036480 -3.289223
v -3.527397 -1.066997 -3.289222
v -3.546989 -1.105451 -3.289223
v -3.553740 -1.148076 -3.289222
v -3.546989 -1.190702 -3.289223
v -3.527397 -1.229155 -3.289223
v -3.496880 -1.259672 -3.289222
v -3.458427 -1.279265 -3.289222
v -3.415801 -1.286016 -3.289223
v -3.373174 -1.279265 -3.289223
v -3.334722 -1.259672 -3.289223
v -3.304204 -1.229155 -3.289222
v -3.284612 -1.190702 -3.289222
v -3.277861 -1.148076 -3.289222
v -0.613906 -1.066997 -1.289222
v -0.725501 -1.148076 -1.289222
v -0.594312 -1.105451 -1.289222
v -0.644422 -1.036480 -1.289222
v -0.682876 -1.016888 -1.289222
v -0.725501 -1.010136 -1.289222
v -0.768127 -1.016888 -1.289222
v -0.806581 -1.036481 -1.289223
v -0.837097 -1.066997 -1.289222
v -0.856690 -1.105451 -1.289222
v -0.863441 -1.148076 -1.289222
v -0.856690 -1.190702 -1.289222
v -0.837097 -1.229156 -1.289222
v -0.806581 -1.259672 -1.289222
v -0.768128 -1.279265 -1.289222
v -0.725501 -1.286016 -1.289222
v -0.682875 -1.279265 -1.289222
v -0.644423 -1.259672 -1.289222
v -0.613905 -1.229156 -1.289222
v -0.594313 -1.190702 -1.289222
v -0.587562 -1.148076 -1.289222
v -0.594312 -1.105450 -3.289222
v -0.725501 -1.148076 -3.289222
v -0.613906 -1.066997 -3.289223
v -0.644422 -1.036480 -3.289222
v -0.682876 -1.016888 -3.289223
v -0.725501 -1.010136 -3.289223
v -0.768127 -1.016888 -3.289223
v -0.806581 -1.036480 -3.289223
v -0.837097 -1.066997 -3.289222
v -0.856690 -1.105451 -3.289223
v -0.863441 -1.148076 -3.289222
v -0.856690 -1.190702 -3.289223
v -0.837097 -1.229155 -3.289223
v -0.806581 -1.259672 -3.289222
v -0.768128 -1.279265 -3.289222
v -0.725501 -1.286016 -3.289223
v -0.682875 -1.279265 -3.289223
v -0.644423 -1.259672 -3.289223
v -0.613905 -1.229155 -3.289222
v -0.594313 -1.190702 -3.289222
v -0.587562 -1.148076 -3.289222
v 1.639118 -1.066997 -1.289222
v 1.527523 -1.148076 -1.289222
v 1.658712 -1.105451 -1.289222
v 1.608602 -1.036480 -1.289222
v 1.570148 -1.016888 -1.289222
v 1.527523 -1.010136 -1.289222
v 1.484897 -1.016888 -1.289222
v 1.446443 -1.036481 -1.289223
v 1.415926 -1.066997 -1.289222
v 1.396334 -1.105451 -1.289222
v 1.389583 -1.148076 -1.289222
v 1.396334 -1.190702 -1.289222
v 1.415926 -1.229156 -1.289222
v 1.446443 -1.259672 -1.289222
v 1.484896 -1.279265 -1.289222
v 1.527523 -1.286016 -1.289222
v 1.570149 -1.279265 -1.289222
v 1.608601 -1.259672 -1.289222
v 1.639119 -1.229156 -1.289222
v 1.658711 -1.190702 -1.289222
v 1.665462 -1.148076 -1.289222
v 1.658712 -1.105450 -3.289222
v 1.527523 -1.148076 -3.289222
v 1.639118 -1.066997 -3.289223
v 1.608602 -1.036480 -3.289222
v 1.570148 -1.016888 -3.289223
v 1.527523 -1.010136 -3.289223
v 1.484897 -1.016888 -3.289223
v 1.446443 -1.036480 -3.289223
v 1.415926 -1.066997 -3.289222
v 1.396334 -1.105451 -3.289223
v 1.389583 -1.148076 -3.289222
v 1.396334 -1.190702 -3.289223
v 1.415926 -1.229155 -3.289223
v 1.446443 -1.259672 -3.289222
v 1.484896 -1.279265 -3.289222
v 1.527523 -1.286016 -3.289223
v 1.570149 -1.279265 -3.289223
v 1.608601 -1.259672 -3.289223
v 1.639119 -1.229155 -3.289222
v 1.658711 -1.190702 -3.289222
v 1.665462 -1.148076 -3.289222
v -7.609632 -0.142748 -1.281711
v -7.721228 -0.223827 -1.281711
v -7.590038 -0.181202 -1.281711
v -7.640148 -0.112232 -1.281711
v -7.678601 -0.092639 -1.281711
v -7.721228 -0.085887 -1.281711
v -7.763853 -0.092639 -1.281711
v -7.802306 -0.112232 -1.281711
v -7.832823 -0.142748 -1.281711
v -7.852416 -0.181202 -1.281711
v -7.859167 -0.223827 -1.281711
v -7.852416 -0.266453 -1.281711
v -7.832823 -0.304907 -1.281711
v -7.802307 -0.335424 -1.281711
v -7.763853 -0.355016 -1.281711
v -7.721228 -0.361767 -1.281711
v -7.678601 -0.355016 -1.281711
v -7.640149 -0.335424 -1.281711
v -7.609632 -0.304906 -1.281711
v -7.590038 -0.266453 -1.281711
v -7.583287 -0.223827 -1.281711
v -7.590038 -0.181202 -3.281711
v -7.721228 -0.223827 -3.281711
v -7.609632 -0.142748 -3.281711
v -7.640148 -0.112232 -3.281711
v -7.678601 -0.092639 -3.281711
v -7.721228 -0.085887 -3.281711
v -7.763853 -0.092639 -3.281711
v -7.802306 -0.112232 -3.281711
v -7.832823 -0.142748 -3.281711
v -7.852416 -0.181202 -3.281711
v -7.859167 -0.223827 -3.281711
v -7.852416 -0.266453 -3.281711
v -7.832823 -0.304907 -3.281711
v -7.802307 -0.335424 -3.281711
v -7.763853 -0.355016 -3.281711
v -7.721228 -0.361768 -3.281711
v -7.678601 -0.355016 -3.281711
v -7.640149 -0.335424 -3.281711
v -7.609632 -0.304907 -3.281711
v -7.590038 -0.266453 -3.281711
v -7.583287 -0.223827 -3.281711
v 8.480770 -0.231145 -1.281711
v 8.369175 -0.312224 -1.281711
v 8.500364 -0.269599 -1.281711
v 8.450254 -0.200629 -1.281711
v 8.411800 -0.181036 -1.281711
v 8.369175 -0.174285 -1.281711
v 8.326550 -0.181036 -1.281711
v 8.288095 -0.200629 -1.281711
v 8.257580 -0.231145 -1.281711
v 8.237986 -0.269599 -1.281711
v 8.231236 -0.312224 -1.281711
v 8.237986 -0.354850 -1.281711
v 8.257580 -0.393304 -1.281711
v 8.288095 -0.423821 -1.281711
v 8.326550 -0.443413 -1.281711
v 8.369175 -0.450164 -1.281711
v 8.411800 -0.443413 -1.281711
v 8.450253 -0.423821 -1.281711
v 8.480770 -0.393303 -1.281711
v 8.500364 -0.354850 -1.281711
v 8.507114 -0.312224 -1.281711
v 8.500364 -0.269599 -3.281711
v 8.369175 -0.312224 -3.281711
v 8.480770 -0.231145 -3.281711
v 8.450254 -0.200629 -3.281711
v 8.411800 -0.181036 -3.281711
v 8.369175 -0.174285 -3.281711
v 8.326550 -0.181036 -3.281711
v 8.288095 -0.200629 -3.281711
v 8.257580 -0.231145 -3.281711
v 8.237986 -0.269599 -3.281711
v 8.231236 -0.312224 -3.281711
v 8.237986 -0.354850 -3.281711
v 8.257580 -0.393304 -3.281711
v 8.288095 -0.423821 -3.281711
v 8.326550 -0.443413 -3.281711
v 8.369175 -0.450165 -3.281711
v 8.411800 -0.443413 -3.281711
v 8.450253 -0.423821 -3.281711
v 8.480770 -0.393304 -3.281711
v 8.500364 -0.354850 -3.281711
v 8.507114 -0.312224 -3.281711
v 4.800590 1.144016 -1.874248
v 5.253506 1.144016 -0.985351
v 2.220909 1.144016 -0.000000
v 4.095157 1.144016 -2.579681
v 3.206259 1.144016 -3.032597
v 2.220909 1.144016 -3.188661
v 1.235559 1.144016 -3.032597
v 0.346661 1.144016 -2.579681
v -0.358771 1.144016 -1.874248
v -0.811687 1.144016 -0.985351
v -0.967751 1.144016 -0.000000
v -0.811687 1.144016 0.985350
v -0.358771 1.144016 1.874247
v 0.346662 1.144016 2.579679
v 1.235559 1.144016 3.032595
v 2.220909 1.144016 3.188659
v 3.206259 1.144016 3.032595
v 4.095156 1.144016 2.579679
v 4.800588 1.144016 1.874246
v 5.253504 1.144016 0.985349
v 5.409568 1.144016 -0.000000
v 5.253506 1.555434 -0.985351
v 4.800590 1.555434 -1.874248
v 2.220909 1.555434 -0.000000
v 4.095157 1.555434 -2.579681
v 3.206259 1.555434 -3.032597
v 2.220909 1.555434 -3.188661
v 1.235559 1.555434 -3.032597
v 0.346661 1.555434 -2.579681
v -0.358771 1.555434 -1.874248
v -0.811687 1.555434 -0.985351
v -0.967751 1.555434 -0.000000
v -0.811687 1.555434 0.985350
v -0.358771 1.555434 1.874247
v 0.346662 1.555434 2.579679
v 1.235559 1.555434 3.032595
v 2.220909 1.555434 3.188659
v 3.206259 1.555434 3.032595
v 4.095156 1.555434 2.579679
v 4.800588 1.555434 1.874246
v 5.253504 1.555434 0.985349
v 5.409568 1.555434 -0.000000
v 9.437675 -0.077418 1.049787
v 9.437675 -0.077418 1.473017
v 9.198490 0.581909 1.473017
v 9.198490 0.581909 1.049787
v 9.906334 0.102549 1.473017
v 9.935328 0.861210 1.473017
v 9.198490 0.581909 1.473017
v 9.437675 -0.077418 1.473017
v 9.906334 0.102549 1.473017
v 9.909618 0.187354 1.403127
v 9.931650 0.765955 1.403745
v 9.935328 0.861210 1.473017
v 9.838768 0.156473 1.403127
v 9.838768 0.156473 1.119779
v 9.883966 0.743082 1.119804
v 9.884020 0.743759 1.403745
v 9.935328 0.861210 1.473017
v 9.935328 0.861210 1.049787
v 9.198490 0.581909 1.049787
v 9.198490 0.581909 1.473017
v 9.931625 0.765290 1.119804
v 9.935328 0.861210 1.049787
v 9.935328 0.861210 1.049787
v 9.906334 0.102549 1.049787
v 9.437675 -0.077418 1.049787
v 9.198490 0.581909 1.049787
v 9.909618 0.187354 1.119779
v 9.906334 0.102549 1.049787
v 9.906334 0.102549 1.049787
v 9.906334 0.102549 1.473017
v 9.437675 -0.077418 1.473017
v 9.437675 -0.077418 1.049787
v 9.909618 0.187354 1.403127
v 9.909618 0.187354 1.119779
v 9.838768 0.156473 1.119779
v 9.838768 0.156473 1.403127
v 9.909618 0.187354 1.119779
v 9.931625 0.765290 1.119804
v 9.883966 0.743082 1.119804
v 9.838768 0.156473 1.119779
v 9.931625 0.765290 1.119804
v 9.931650 0.765955 1.403745
v 9.884020 0.743759 1.403745
v 9.883966 0.743082 1.119804
v 9.931650 0.765955 1.403745
v 9.909618 0.187354 1.403127
v 9.838768 0.156473 1.403127
v 9.884020 0.743759 1.403745
v 9.437675 -0.077418 -1.049788
v 9.198490 0.581909 -1.049788
v 9.198490 0.581909 -1.473018
v 9.437675 -0.077418 -1.473018
v 9.906334 0.102549 -1.473018
v 9.437675 -0.077418 -1.473018
v 9.198490 0.581909 -1.473018
v 9.935328 0.861210 -1.473018
v 9.906334 0.102549 -1.473018
v 9.935328 0.861210 -1.473018
v 9.931650 0.765955 -1.403746
v 9.909618 0.187354 -1.403128
v 9.838768 0.156473 -1.403128
v 9.884020 0.743759 -1.403746
v 9.883966 0.743082 -1.119805
v 9.838768 0.156473 -1.119780
v 9.935328 0.861210 -1.473018
v 9.198490 0.581909 -1.473018
v 9.198490 0.581909 -1.049788
v 9.935328 0.861210 -1.049788
v 9.935328 0.861210 -1.049788
v 9.931625 0.765290 -1.119805
v 9.935328 0.861210 -1.049788
v 9.198490 0.581909 -1.049788
v 9.437675 -0.077418 -1.049788
v 9.906334 0.102549 -1.049788
v 9.906334 0.102549 -1.049788
v 9.909618 0.187354 -1.119780
v 9.906334 0.102549 -1.049788
v 9.437675 -0.077418 -1.049788
v 9.437675 -0.077418 -1.473018
v 9.906334 0.102549 -1.473018
v 9.909618 0.187354 -1.403128
v 9.838768 0.156473 -1.403128
v 9.838768 0.156473 -1.119780
v 9.909618 0.187354 -1.119780
v 9.909618 0.187354 -1.119780
v 9.838768 0.156473 -1.119780
v 9.883966 0.743082 -1.119805
v 9.931625 0.765290 -1.119805
v 9.931625 0.765290 -1.119805
v 9.883966 0.743082 -1.119805
v 9.884020 0.743759 -1.403746
v 9.931650 0.765955 -1.403746
v 9.931650 0.765955 -1.403746
v 9.884020 0.743759 -1.403746
v 9.838768 0.156473 -1.403128
v 9.909618 0.187354 -1.403128
v 9.437675 -0.077418 0.676717
v 9.437675 -0.077418 0.949542
v 9.198490 0.581909 0.949542
v 9.198490 0.581909 0.676717
v 9.906334 0.102549 0.949542
v 9.935328 0.861210 0.949542
v 9.198490 0.581909 0.949542
v 9.437675 -0.077418 0.949542
v 9.906334 0.102549 0.949542
v 9.909618 0.187354 0.904489
v 9.931650 0.765955 0.904887
v 9.935328 0.861210 0.949542
v 9.838768 0.156473 0.904489
v 9.838768 0.156473 0.721836
v 9.883966 0.743082 0.721852
v 9.884020 0.743759 0.904887
v 9.935328 0.861210 0.949542
v 9.935328 0.861210 0.676717
v 9.198490 0.581909 0.676717
v 9.198490 0.581909 0.949542
v 9.931625 0.765290 0.721852
v 9.935328 0.861210 0.676717
v 9.935328 0.861210 0.676717
v 9.906334 0.102549 0.676717
v 9.437675 -0.077418 0.676717
v 9.198490 0.581909 0.676717
v 9.909618 0.187354 0.721836
v 9.906334 0.102549 0.676717
v 9.906334 0.102549 0.676717
v 9.906334 0.102549 0.949542
v 9.437675 -0.077418 0.949542
v 9.437675 -0.077418 0.676717
v 9.909618 0.187354 0.904489
v 9.909618 0.187354 0.721836
v 9.838768 0.156473 0.721836
v 9.838768 0.156473 0.904489
v 9.909618 0.187354 0.721836
v 9.931625 0.765290 0.721852
v 9.883966 0.743082 0.721852
v 9.838768 0.156473 0.721836
v 9.931625 0.765290 0.721852
v 9.931650 0.765955 0.904887
v 9.884020 0.743759 0.904887
v 9.883966 0.743082 0.721852
v 9.931650 0.765955 0.904887
v 9.909618 0.187354 0.904489
v 9.838768 0.156473 0.904489
v 9.884020 0.743759 0.904887
v 9.437675 -0.077418 -0.676718
v 9.198490 0.581909 -0.676718
v 9.198490 0.581909 -0.949543
v 9.437675 -0.077418 -0.949543
v 9.906334 0.102549 -0.949543
v 9.437675 -0.077418 -0.949543
v 9.198490 0.581909 -0.949543
v 9.935328 0.861210 -0.949543
v 9.906334 0.102549 -0.949543
v 9.935328 0.861210 -0.949543
v 9.931650 0.765955 -0.904888
v 9.909618 0.187354 -0.904490
v 9.838768 0.156473 -0.904490
v 9.884020 0.743759 -0.904888
v 9.883966 0.743082 -0.721853
v 9.838768 0.156473 -0.721837
v 9.935328 0.861210 -0.949543
v 9.198490 0.581909 -0.949543
v 9.198490 0.581909 -0.676718
v 9.935328 0.861210 -0.676718
v 9.935328 0.861210 -0.676718
v 9.931625 0.765290 -0.721853
v 9.935328 0.861210 -0.676718
v 9.198490 0.581909 -0.676718
v 9.437675 -0.077418 -0.676718
v 9.906334 0.102549 -0.676718
v 9.906334 0.102549 -0.676718
v 9.909618 0.187354 -0.721837
v 9.906334 0.102549 -0.676718
v 9.437675 -0.077418 -0.676718
v 9.437675 -0.077418 -0.949543
v 9.906334 0.102549 -0.949543
v 9.909618 0.187354 -0.904490
v 9.838768 0.156473 -0.904490
v 9.838768 0.156473 -0.721837
v 9.909618 0.187354 -0.721837
v 9.909618 0.187354 -0.721837
v 9.838768 0.156473 -0.721837
v 9.883966 0.743082 -0.721853
v 9.931625 0.765290 -0.721853
v 9.931625 0.765290 -0.721853
v 9.883966 0.743082 -0.721853
v 9.884020 0.743759 -0.904888
v 9.931650 0.765955 -0.904888
v 9.931650 0.765955 -0.904888
v 9.884020 0.743759 -0.904888
v 9.838768 0.156473 -0.904490
v 9.909618 0.187354 -0.904490
v 8.472376 -1.249224 -0.487038
v 8.459894 -1.208611 -0.560285
v 9.339485 -1.334106 -0.779736
v 9.351967 -1.374719 -0.706489
v 8.454140 -1.147308 -0.618415
v 9.333731 -1.272803 -0.837865
v 8.454140 -1.147308 -0.618415
v 8.455669 -1.071314 -0.655736
v 9.335260 -1.196808 -0.875187
v 9.333731 -1.272803 -0.837865
v 8.464338 -0.988068 -0.668596
v 9.343929 -1.113564 -0.888047
v 8.479296 -0.905720 -0.655736
v 9.358887 -1.031215 -0.875187
v 8.499079 -0.832331 -0.618415
v 9.378668 -0.957825 -0.837865
v 8.499079 -0.832331 -0.618415
v 8.521749 -0.775083 -0.560285
v 9.401340 -0.900578 -0.779736
v 9.378668 -0.957825 -0.837865
v 8.545088 -0.739581 -0.487038
v 9.424679 -0.865076 -0.706489
v 8.566814 -0.729300 -0.405843
v 9.446405 -0.854794 -0.625294
v 8.584797 -0.745246 -0.324648
v 9.464386 -0.870740 -0.544099
v 8.597275 -0.785859 -0.251401
v 9.476868 -0.911354 -0.470851
v 8.603031 -0.847162 -0.193271
v 9.482622 -0.972657 -0.412722
v 8.603031 -0.847162 -0.193271
v 8.601501 -0.923156 -0.155950
v 9.481092 -1.048650 -0.375401
v 9.482622 -0.972657 -0.412722
v 8.592834 -1.006402 -0.143090
v 9.472424 -1.131896 -0.362541
v 8.577877 -1.088749 -0.155950
v 9.457466 -1.214243 -0.375401
v 8.558092 -1.162138 -0.193271
v 9.437683 -1.287633 -0.412722
v 8.558092 -1.162138 -0.193271
v 8.535423 -1.219388 -0.251401
v 9.415014 -1.344882 -0.470851
v 9.437683 -1.287633 -0.412722
v 8.512083 -1.254889 -0.324648
v 9.391674 -1.380384 -0.544099
v 8.490358 -1.265171 -0.405843
v 9.369949 -1.390665 -0.625294
v 8.472376 -1.249224 0.487037
v 9.351967 -1.374719 0.706488
v 9.339485 -1.334106 0.779735
v 8.459894 -1.208611 0.560284
v 9.333731 -1.272803 0.837864
v 8.454140 -1.147308 0.618414
v 8.454140 -1.147308 0.618414
v 9.333731 -1.272803 0.837864
v 9.335260 -1.196808 0.875186
v 8.455669 -1.071314 0.655735
v 9.343929 -1.113564 0.888046
v 8.464338 -0.988068 0.668595
v 9.358887 -1.031215 0.875186
v 8.479296 -0.905720 0.655735
v 9.378668 -0.957825 0.837864
v 8.499079 -0.832331 0.618414
v 8.499079 -0.832331 0.618414
v 9.378668 -0.957825 0.837864
v 9.401340 -0.900578 0.779735
v 8.521749 -0.775083 0.560284
v 9.424679 -0.865076 0.706488
v 8.545088 -0.739581 0.487037
v 9.446405 -0.854794 0.625293
v 8.566814 -0.729300 0.405842
v 9.464386 -0.870740 0.544098
v 8.584797 -0.745246 0.324647
v 9.476868 -0.911354 0.470850
v 8.597275 -0.785859 0.251400
v 9.482622 -0.972657 0.412721
v 8.603031 -0.847162 0.193271
v 8.603031 -0.847162 0.193271
v 9.482622 -0.972657 0.412721
v 9.481092 -1.048650 0.375400
v 8.601501 -0.923156 0.155949
v 9.472424 -1.131896 0.362540
v 8.592834 -1.006402 0.143089
v 9.457466 -1.214243 0.375400
v 8.577877 -1.088749 0.155949
v 9.437683 -1.287633 0.412721
v 8.558092 -1.162138 0.193271
v 8.558092 -1.162138 0.193271
v 9.437683 -1.287633 0.412721
v 9.415014 -1.344882 0.470850
v 8.535423 -1.219388 0.251400
v 9.391674 -1.380384 0.544098
v 8.512083 -1.254889 0.324647
v 9.369949 -1.390665 0.625293
v 8.490358 -1.265171 0.405842
v 8.524380 -1.250172 -0.083636
v 8.529808 -1.212115 -0.159084
v 9.435835 -1.341381 -0.159084
v 9.430405 -1.379438 -0.083636
v 8.538267 -1.152839 -0.218960
v 9.444292 -1.282105 -0.218960
v 8.538267 -1.152839 -0.218960
v 8.548925 -1.078147 -0.257403
v 9.454948 -1.207413 -0.257403
v 9.444292 -1.282105 -0.218960
v 8.560736 -0.995350 -0.270649
v 9.466761 -1.124616 -0.270649
v 8.572550 -0.912554 -0.257403
v 9.478573 -1.041819 -0.257403
v 8.583206 -0.837862 -0.218960
v 9.489229 -0.967127 -0.218960
v 8.583206 -0.837862 -0.218960
v 8.591661 -0.778586 -0.159084
v 9.497688 -0.907852 -0.159084
v 9.489229 -0.967127 -0.218960
v 8.597094 -0.740529 -0.083636
v 9.503117 -0.869794 -0.083636
v 8.598965 -0.727416 -0.000000
v 9.504988 -0.856680 -0.000000
v 8.597094 -0.740529 0.083635
v 9.503117 -0.869794 0.083635
v 8.591661 -0.778586 0.159083
v 9.497688 -0.907852 0.159083
v 8.583206 -0.837862 0.218959
v 9.489229 -0.967127 0.218959
v 8.583206 -0.837862 0.218959
v 8.572550 -0.912554 0.257402
v 9.478573 -1.041819 0.257402
v 9.489229 -0.967127 0.218959
v 8.560736 -0.995350 0.270648
v 9.466761 -1.124616 0.270648
v 8.548925 -1.078147 0.257402
v 9.454948 -1.207413 0.257402
v 8.538267 -1.152839 0.218959
v 9.444292 -1.282105 0.218959
v 8.538267 -1.152839 0.218959
v 8.529808 -1.212115 0.159083
v 9.435835 -1.341381 0.159083
v 9.444292 -1.282105 0.218959
v 8.524380 -1.250172 0.083635
v 9.430405 -1.379438 0.083635
v 8.522509 -1.263286 -0.000000
v 9.428532 -1.392551 -0.000000
v 8.535059 -0.891037 -0.487038
v 8.512865 -0.854806 -0.560285
v 9.396019 -0.757504 -0.779736
v 9.418213 -0.793735 -0.706489
v 8.492037 -0.796863 -0.618415
v 9.375195 -0.699560 -0.837865
v 8.492037 -0.796863 -0.618415
v 8.474613 -0.722878 -0.655736
v 9.357767 -0.625575 -0.875187
v 9.375195 -0.699560 -0.837865
v 8.462296 -0.640094 -0.668596
v 9.345451 -0.542791 -0.888047
v 8.456295 -0.556614 -0.655736
v 9.339451 -0.459312 -0.875187
v 8.457195 -0.480610 -0.618415
v 9.340347 -0.383307 -0.837865
v 8.457195 -0.480610 -0.618415
v 8.464909 -0.419522 -0.560285
v 9.348064 -0.322219 -0.779736
v 9.340347 -0.383307 -0.837865
v 8.478682 -0.379329 -0.487038
v 9.361835 -0.282026 -0.706489
v 8.497166 -0.363966 -0.405843
v 9.380320 -0.266663 -0.625294
v 8.518551 -0.374936 -0.324648
v 9.401703 -0.277634 -0.544099
v 8.540743 -0.411167 -0.251401
v 9.423897 -0.313864 -0.470851
v 8.561567 -0.469110 -0.193271
v 9.444725 -0.371808 -0.412722
v 8.561567 -0.469110 -0.193271
v 8.578995 -0.543095 -0.155950
v 9.462149 -0.445793 -0.375401
v 9.444725 -0.371808 -0.412722
v 8.591311 -0.625879 -0.143090
v 9.474466 -0.528577 -0.362541
v 8.597313 -0.709359 -0.155950
v 9.480467 -0.612057 -0.375401
v 8.596413 -0.785363 -0.193271
v 9.479567 -0.688061 -0.412722
v 8.596413 -0.785363 -0.193271
v 8.588699 -0.846452 -0.251401
v 9.471855 -0.749149 -0.470851
v 9.479567 -0.688061 -0.412722
v 8.574924 -0.886644 -0.324648
v 9.458080 -0.789342 -0.544099
v 8.556444 -0.902007 -0.405843
v 9.439598 -0.804705 -0.625294
v 8.535059 -0.891037 0.487037
v 9.418213 -0.793735 0.706488
v 9.396019 -0.757504 0.779735
v 8.512865 -0.854806 0.560284
v 9.375195 -0.699560 0.837864
v 8.492037 -0.796863 0.618414
v 8.492037 -0.796863 0.618414
v 9.375195 -0.699560 0.837864
v 9.357767 -0.625575 0.875186
v 8.474613 -0.722878 0.655735
v 9.345451 -0.542791 0.888046
v 8.462296 -0.640094 0.668595
v 9.339451 -0.459312 0.875186
v 8.456295 -0.556614 0.655735
v 9.340347 -0.383307 0.837864
v 8.457195 -0.480610 0.618414
v 8.457195 -0.480610 0.618414
v 9.340347 -0.383307 0.837864
v 9.348064 -0.322219 0.779735
v 8.464909 -0.419522 0.560284
v 9.361835 -0.282026 0.706488
v 8.478682 -0.379329 0.487037
v 9.380320 -0.266663 0.625293
v 8.497166 -0.363966 0.405842
v 9.401703 -0.277634 0.544098
v 8.518551 -0.374936 0.324647
v 9.423897 -0.313864 0.470850
v 8.540743 -0.411167 0.251400
v 9.444725 -0.371808 0.412721
v 8.561567 -0.469110 0.193271
v 8.561567 -0.469110 0.193271
v 9.444725 -0.371808 0.412721
v 9.462149 -0.445793 0.375400
v 8.578995 -0.543095 0.155949
v 9.474466 -0.528577 0.362540
v 8.591311 -0.625879 0.143089
v 9.480467 -0.612057 0.375400
v 8.597313 -0.709359 0.155949
v 9.479567 -0.688061 0.412721
v 8.596413 -0.785363 0.193271
v 8.596413 -0.785363 0.193271
v 9.479567 -0.688061 0.412721
v 9.471855 -0.749149 0.470850
v 8.588699 -0.846452 0.251400
v 9.458080 -0.789342 0.544098
v 8.574924 -0.886644 0.324647
v 9.439598 -0.804705 0.625293
v 8.556444 -0.902007 0.405842
v 8.587090 -0.890303 -0.083636
v 8.582878 -0.852091 -0.159084
v 9.492573 -0.751865 -0.159084
v 9.496784 -0.790077 -0.083636
v 8.576321 -0.792575 -0.218960
v 9.486015 -0.692349 -0.218960
v 8.576321 -0.792575 -0.218960
v 8.568060 -0.717581 -0.257403
v 9.477753 -0.617354 -0.257403
v 9.486015 -0.692349 -0.218960
v 8.558901 -0.634449 -0.270649
v 9.468594 -0.534222 -0.270649
v 8.549742 -0.551317 -0.257403
v 9.459435 -0.451090 -0.257403
v 8.541479 -0.476322 -0.218960
v 9.451172 -0.376096 -0.218960
v 8.541479 -0.476322 -0.218960
v 8.534920 -0.416806 -0.159084
v 9.444614 -0.316580 -0.159084
v 9.451172 -0.376096 -0.218960
v 8.530710 -0.378594 -0.083636
v 9.440405 -0.278368 -0.083636
v 8.529261 -0.365428 -0.000000
v 9.438953 -0.265201 -0.000000
v 8.530710 -0.378594 0.083635
v 9.440405 -0.278368 0.083635
v 8.534920 -0.416806 0.159083
v 9.444614 -0.316580 0.159083
v 8.541479 -0.476322 0.218959
v 9.451172 -0.376096 0.218959
v 8.541479 -0.476322 0.218959
v 8.549742 -0.551317 0.257402
v 9.459435 -0.451090 0.257402
v 9.451172 -0.376096 0.218959
v 8.558901 -0.634449 0.270648
v 9.468594 -0.534222 0.270648
v 8.568060 -0.717581 0.257402
v 9.477753 -0.617354 0.257402
v 8.576321 -0.792575 0.218959
v 9.486015 -0.692349 0.218959
v 8.576321 -0.792575 0.218959
v 8.582878 -0.852091 0.159083
v 9.492573 -0.751865 0.159083
v 9.486015 -0.692349 0.218959
v 8.587090 -0.890303 0.083635
v 9.496784 -0.790076 0.083635
v 8.588541 -0.903470 -0.000000
v 9.498234 -0.803243 -0.000000
v -2.960670 1.319218 3.624220
v -2.830839 1.319218 3.624220
v -2.864669 1.452884 3.624220
v -2.960670 1.495618 3.624220
v -2.960670 1.495618 3.624220
v -2.864669 1.452884 3.624220
v -2.864669 1.452884 3.494390
v -2.960670 1.495618 3.494390
v -2.960670 1.495618 3.494390
v -2.864669 1.452884 3.494390
v -2.830839 1.319218 3.494390
v -2.960670 1.319218 3.494390
v -2.960670 1.319218 3.494390
v -2.830839 1.319218 3.494390
v -2.830839 1.319218 3.624220
v -2.960670 1.319218 3.624220
v -2.830839 1.319218 3.624220
v -2.830839 1.319218 3.494390
v -2.864669 1.452884 3.494390
v -2.864669 1.452884 3.624220
v -2.960670 1.319218 3.494390
v -2.960670 1.319218 3.624220
v -2.960670 1.495618 3.624220
v -2.960670 1.495618 3.494390
v -2.960670 1.319218 3.112234
v -2.830839 1.319218 3.112234
v -2.864669 1.452884 3.112234
v -2.960670 1.495618 3.112234
v -2.960670 1.495618 3.112234
v -2.864669 1.452884 3.112234
v -2.864669 1.452884 2.982404
v -2.960670 1.495618 2.982404
v -2.960670 1.495618 2.982404
v -2.864669 1.452884 2.982404
v -2.830839 1.319218 2.982404
v -2.960670 1.319218 2.982404
v -2.960670 1.319218 2.982404
v -2.830839 1.319218 2.982404
v -2.830839 1.319218 3.112234
v -2.960670 1.319218 3.112234
v -2.830839 1.319218 3.112234
v -2.830839 1.319218 2.982404
v -2.864669 1.452884 2.982404
v -2.864669 1.452884 3.112234
v -2.960670 1.319218 2.982404
v -2.960670 1.319218 3.112234
v -2.960670 1.495618 3.112234
v -2.960670 1.495618 2.982404
v -2.943945 1.393361 2.866894
v -3.701888 1.393361 2.429295
v -3.701888 1.513797 2.429295
v -2.943945 1.513797 2.866894
v -3.701888 1.393361 2.429295
v -4.459831 1.393361 2.866894
v -4.459831 1.513797 2.866894
v -3.701888 1.513797 2.429295
v -4.459831 1.393361 2.866894
v -4.459831 1.393361 3.742091
v -4.459831 1.513797 3.742091
v -4.459831 1.513797 2.866894
v -4.459831 1.393361 3.742091
v -3.701888 1.393361 4.179689
v -3.701888 1.513797 4.179689
v -4.459831 1.513797 3.742091
v -3.701888 1.393361 4.179689
v -2.943945 1.393361 3.742091
v -2.943945 1.513797 3.742091
v -3.701888 1.513797 4.179689
v -2.943945 1.393361 3.742091
v -2.943945 1.393361 2.866894
v -2.943945 1.513797 2.866894
v -2.943945 1.513797 3.742091
v -2.687828 1.187784 2.719025
v -3.701888 1.187784 2.133556
v -3.701888 1.393361 2.133556
v -2.687828 1.393361 2.719025
v -3.701888 1.187784 2.133556
v -4.715950 1.187784 2.719024
v -4.715950 1.393361 2.719024
v -3.701888 1.393361 2.133556
v -4.715950 1.187784 2.719024
v -4.715950 1.187784 3.889961
v -4.715950 1.393361 3.889961
v -4.715950 1.393361 2.719024
v -4.715950 1.187784 3.889961
v -3.701888 1.187784 4.475429
v -3.701888 1.393361 4.475429
v -4.715950 1.393361 3.889961
v -3.701888 1.187784 4.475429
v -2.687828 1.187784 3.889961
v -2.687828 1.393361 3.889961
v -3.701888 1.393361 4.475429
v -2.687828 1.187784 3.889961
v -2.687828 1.187784 2.719025
v -2.687828 1.393361 2.719025
v -2.687828 1.393361 3.889961
v -2.943945 1.187784 2.866894
v -3.701888 1.187784 2.429295
v -3.701888 1.187784 2.133556
v -2.687828 1.187784 2.719025
v -3.701888 1.393361 2.429295
v -2.943945 1.393361 2.866894
v -2.687828 1.393361 2.719025
v -3.701888 1.393361 2.133556
v -3.701888 1.187784 2.429295
v -4.459831 1.187784 2.866894
v -4.715950 1.187784 2.719024
v -3.701888 1.187784 2.133556
v -4.459831 1.393361 2.866894
v -3.701888 1.393361 2.429295
v -3.701888 1.393361 2.133556
v -4.715950 1.393361 2.719024
v -4.459831 1.187784 3.742091
v -4.715950 1.187784 3.889961
v -4.459831 1.393361 3.742091
v -4.459831 1.393361 2.866894
v -4.715950 1.393361 2.719024
v -4.715950 1.393361 3.889961
v -4.459831 1.187784 3.742091
v -3.701888 1.187784 4.179689
v -3.701888 1.187784 4.475429
v -4.715950 1.187784 3.889961
v -3.701888 1.393361 4.179689
v -3.701888 1.393361 4.475429
v -3.701888 1.187784 4.179689
v -2.943945 1.187784 3.742091
v -2.687828 1.187784 3.889961
v -3.701888 1.187784 4.475429
v -2.943945 1.393361 3.742091
v -2.687828 1.393361 3.889961
v -2.943945 1.187784 2.866894
v -2.687828 1.187784 2.719025
v -2.687828 1.187784 3.889961
v 9.001896 -1.319566 0.931818
v 9.001896 -1.319566 1.307489
v 8.762711 -0.660239 1.307489
v 8.762711 -0.660239 0.931818
v 9.470554 -1.139599 1.307489
v 9.499548 -0.380937 1.307489
v 8.762711 -0.660239 1.307489
v 9.001896 -1.319566 1.307489
v 9.470554 -1.139599 1.307489
v 9.473839 -1.054794 1.245452
v 9.495871 -0.476192 1.246001
v 9.499548 -0.380937 1.307489
v 9.008785 -1.228683 1.245452
v 9.008785 -1.228683 0.993945
v 9.053984 -0.642074 0.993967
v 9.054037 -0.641397 1.246001
v 9.499548 -0.380937 1.307489
v 9.499548 -0.380937 0.931818
v 8.762711 -0.660239 0.931818
v 8.762711 -0.660239 1.307489
v 9.495846 -0.476858 0.993967
v 9.499548 -0.380937 0.931818
v 9.499548 -0.380937 0.931818
v 9.470554 -1.139599 0.931818
v 9.001896 -1.319566 0.931818
v 8.762711 -0.660239 0.931818
v 9.473839 -1.054794 0.993945
v 9.470554 -1.139599 0.931818
v 9.470554 -1.139599 0.931818
v 9.470554 -1.139599 1.307489
v 9.001896 -1.319566 1.307489
v 9.001896 -1.319566 0.931818
v 9.473839 -1.054794 1.245452
v 9.473839 -1.054794 0.993945
v 9.008785 -1.228683 0.993945
v 9.008785 -1.228683 1.245452
v 9.473839 -1.054794 0.993945
v 9.495846 -0.476858 0.993967
v 9.053984 -0.642074 0.993967
v 9.008785 -1.228683 0.993945
v 9.495846 -0.476858 0.993967
v 9.495871 -0.476192 1.246001
v 9.054037 -0.641397 1.246001
v 9.053984 -0.642074 0.993967
v 9.495871 -0.476192 1.246001
v 9.473839 -1.054794 1.245452
v 9.008785 -1.228683 1.245452
v 9.054037 -0.641397 1.246001
v 9.001896 -1.319566 -0.931819
v 8.762711 -0.660239 -0.931819
v 8.762711 -0.660239 -1.307490
v 9.001896 -1.319566 -1.307490
v 9.470554 -1.139599 -1.307490
v 9.001896 -1.319566 -1.307490
v 8.762711 -0.660239 -1.307490
v 9.499548 -0.380937 -1.307490
v 9.470554 -1.139599 -1.307490
v 9.499548 -0.380937 -1.307490
v 9.495871 -0.476192 -1.246002
v 9.473839 -1.054794 -1.245453
v 9.008785 -1.228683 -1.245453
v 9.054037 -0.641397 -1.246002
v 9.053984 -0.642074 -0.993968
v 9.008785 -1.228683 -0.993946
v 9.499548 -0.380937 -1.307490
v 8.762711 -0.660239 -1.307490
v 8.762711 -0.660239 -0.931819
v 9.499548 -0.380937 -0.931819
v 9.499548 -0.380937 -0.931819
v 9.495846 -0.476858 -0.993968
v 9.499548 -0.380937 -0.931819
v 8.762711 -0.660239 -0.931819
v 9.001896 -1.319566 -0.931819
v 9.470554 -1.139599 -0.931819
v 9.470554 -1.139599 -0.931819
v 9.473839 -1.054794 -0.993946
v 9.470554 -1.139599 -0.931819
v 9.001896 -1.319566 -0.931819
v 9.001896 -1.319566 -1.307490
v 9.470554 -1.139599 -1.307490
v 9.473839 -1.054794 -1.245453
v 9.008785 -1.228683 -1.245453
v 9.008785 -1.228683 -0.993946
v 9.473839 -1.054794 -0.993946
v 9.473839 -1.054794 -0.993946
v 9.008785 -1.228683 -0.993946
v 9.053984 -0.642074 -0.993968
v 9.495846 -0.476858 -0.993968
v 9.495846 -0.476858 -0.993968
v 9.053984 -0.642074 -0.993968
v 9.054037 -0.641397 -1.246002
v 9.495871 -0.476192 -1.246002
v 9.495871 -0.476192 -1.246002
v 9.054037 -0.641397 -1.246002
v 9.008785 -1.228683 -1.245453
v 9.473839 -1.054794 -1.245453
v 7.326095 -1.354657 1.414514
v 9.121119 -1.354657 1.414514
v 9.121119 -0.063001 1.414514
v 7.326095 -0.063001 1.414514
v 7.326095 -0.063001 1.414514
v 9.121119 -0.063001 1.414514
v 9.121119 -0.063001 -1.414515
v 7.326095 -0.063001 -1.414515
v 7.326095 -0.063001 -1.414515
v 9.121119 -0.063001 -1.414515
v 9.121119 -1.354657 -1.414515
v 7.326095 -1.354657 -1.414515
v 7.326095 -1.354657 -1.414515
v 9.121119 -1.354657 -1.414515
v 9.121119 -1.354657 1.414514
v 7.326095 -1.354657 1.414514
v 9.121119 -1.354657 1.414514
v 9.121119 -1.354657 -1.414515
v 9.121119 -0.063001 -1.414515
v 9.121119 -0.063001 1.414514
v 7.326095 -1.354657 -1.414515
v 7.326095 -1.354657 1.414514
v 7.326095 -0.063001 1.414514
v 7.326095 -0.063001 -1.414515
v -6.752525 0.850378 1.564473
v -6.716218 0.484657 1.564473
v -6.520225 0.504115 1.888664
v -6.556533 0.869836 1.888664
v -6.752525 0.850378 -1.564474
v -6.752525 0.850378 -1.377316
v -6.556533 0.869836 -1.662725
v -6.556533 0.869836 -1.888665
v -6.716218 0.484657 -1.564474
v -6.752525 0.850378 -1.564474
v -6.556533 0.869836 -1.888665
v -6.520225 0.504115 -1.888665
v -6.716218 0.484657 -1.377316
v -6.716218 0.484657 -1.564474
v -6.520225 0.504115 -1.888665
v -6.520225 0.504115 -1.662725
v -5.236506 1.000886 -1.662725
v -5.200197 0.635165 -1.662725
v -5.200197 0.635165 -2.344592
v -5.236506 1.000886 -2.344592
v -7.623929 0.394541 -1.495794
v -7.696180 0.387368 -1.377316
v -7.732489 0.753088 -1.377316
v -7.660237 0.760261 -1.495794
v -6.752525 0.850378 1.377315
v -6.752525 0.850378 1.564473
v -6.556533 0.869836 1.888664
v -6.556533 0.869836 1.662723
v -5.200197 0.635165 2.344591
v -5.200197 0.635165 1.662723
v -5.236506 1.000886 1.662723
v -5.236506 1.000886 2.344591
v -6.716218 0.484657 1.564473
v -6.716218 0.484657 1.377315
v -6.520225 0.504115 1.662723
v -6.520225 0.504115 1.888664
v -7.732489 0.753088 1.377315
v -7.696180 0.387368 1.377315
v -7.623929 0.394541 1.495793
v -7.660237 0.760261 1.495793
v -7.696180 0.387368 1.377315
v -7.500187 0.406825 1.377315
v -7.500187 0.406825 1.564473
v -7.623929 0.394541 1.495793
v -7.696180 0.387368 -1.377316
v -7.500187 0.406825 -1.377316
v -7.623929 0.394541 -1.495794
v -7.500187 0.406825 -1.564474
v -7.660237 0.760261 -1.495794
v -7.536496 0.772546 -1.564474
v -7.500187 0.406825 -1.564474
v -7.623929 0.394541 -1.495794
v -7.732489 0.753088 -1.377316
v -7.536496 0.772546 -1.377316
v -7.536496 0.772546 -1.564474
v -7.660237 0.760261 -1.495794
v -7.732489 0.753088 1.377315
v -7.536496 0.772546 1.377315
v -7.660237 0.760261 1.495793
v -7.536496 0.772546 1.564473
v -7.623929 0.394541 1.495793
v -7.500187 0.406825 1.564473
v -7.536496 0.772546 1.564473
v -7.660237 0.760261 1.495793
v -6.925924 0.463838 1.564473
v -6.925924 0.463838 1.377315
v -6.925924 0.463838 -1.377316
v -6.925924 0.463838 -1.564474
v -6.925924 0.463838 -1.564474
v -6.962233 0.829558 -1.564474
v -6.962233 0.829558 -1.564474
v -6.962233 0.829558 -1.377316
v -6.954510 0.751764 -1.377316
v -6.954510 0.751764 1.377315
v -6.744802 0.772583 1.377315
v -6.744802 0.772583 -1.377316
v -6.962233 0.829558 1.377315
v -6.962233 0.829558 1.564473
v -6.962233 0.829558 1.564473
v -6.925924 0.463838 1.564473
v -7.290480 0.427645 1.377315
v -7.290480 0.427645 1.564473
v -7.290480 0.427645 -1.377316
v -7.290480 0.427645 -1.564474
v -7.326788 0.793366 -1.564474
v -7.290480 0.427645 -1.564474
v -7.326788 0.793366 -1.377316
v -7.326788 0.793366 -1.564474
v -7.528772 0.694752 -1.377316
v -7.528772 0.694752 1.377315
v -7.319066 0.715571 1.377315
v -7.319066 0.715571 -1.377316
v -7.326788 0.793366 1.564473
v -7.326788 0.793366 1.377315
v -7.290480 0.427645 1.564473
v -7.326788 0.793366 1.564473
v -6.993431 0.457136 1.564473
v -6.993431 0.457136 1.377315
v -6.993431 0.457136 -1.377316
v -6.993431 0.457136 -1.564474
v -6.993431 0.457136 -1.564474
v -7.029739 0.822856 -1.564474
v -7.029739 0.822856 -1.564474
v -7.029739 0.822856 -1.377316
v -7.029739 0.822856 1.377315
v -7.029739 0.822856 1.564473
v -7.029739 0.822856 1.564473
v -6.993431 0.457136 1.564473
v -7.222973 0.434347 1.377315
v -7.222973 0.434347 1.564473
v -7.222973 0.434347 -1.377316
v -7.222973 0.434347 -1.564474
v -7.259282 0.800068 -1.564474
v -7.222973 0.434347 -1.564474
v -7.259282 0.800068 -1.377316
v -7.259282 0.800068 -1.564474
v -7.259282 0.800068 1.377315
v -7.259282 0.800068 1.564473
v -7.222973 0.434347 1.564473
v -7.259282 0.800068 1.564473
v -7.251558 0.722274 -1.377316
v -7.251558 0.722274 1.377315
v -7.022017 0.745062 1.377315
v -7.022017 0.745062 -1.377316
v -6.962233 0.829558 -1.377316
v -6.962233 0.829558 1.377315
v -6.954510 0.751764 1.377315
v -6.954510 0.751764 -1.377316
v -6.962233 0.829558 1.377315
v -6.752525 0.850378 1.377315
v -6.744802 0.772583 1.377315
v -6.954510 0.751764 1.377315
v -6.752525 0.850378 1.377315
v -6.752525 0.850378 -1.377316
v -6.744802 0.772583 -1.377316
v -6.744802 0.772583 1.377315
v -6.752525 0.850378 -1.377316
v -6.962233 0.829558 -1.377316
v -6.954510 0.751764 -1.377316
v -6.744802 0.772583 -1.377316
v -7.536496 0.772546 -1.377316
v -7.536496 0.772546 1.377315
v -7.528772 0.694752 1.377315
v -7.528772 0.694752 -1.377316
v -7.536496 0.772546 1.377315
v -7.326788 0.793366 1.377315
v -7.319066 0.715571 1.377315
v -7.528772 0.694752 1.377315
v -7.326788 0.793366 1.377315
v -7.326788 0.793366 -1.377316
v -7.319066 0.715571 -1.377316
v -7.319066 0.715571 1.377315
v -7.326788 0.793366 -1.377316
v -7.536496 0.772546 -1.377316
v -7.528772 0.694752 -1.377316
v -7.319066 0.715571 -1.377316
v -7.259282 0.800068 -1.377316
v -7.259282 0.800068 1.377315
v -7.251558 0.722274 1.377315
v -7.251558 0.722274 -1.377316
v -7.259282 0.800068 1.377315
v -7.029739 0.822856 1.377315
v -7.022017 0.745062 1.377315
v -7.251558 0.722274 1.377315
v -7.029739 0.822856 1.377315
v -7.029739 0.822856 -1.377316
v -7.022017 0.745062 -1.377316
v -7.022017 0.745062 1.377315
v -7.029739 0.822856 -1.377316
v -7.259282 0.800068 -1.377316
v -7.251558 0.722274 -1.377316
v -7.022017 0.745062 -1.377316
v -6.520225 0.504115 -1.662725
v -6.520225 0.504115 -1.888665
v -5.200197 0.635165 -2.344592
v -5.200197 0.635165 -1.662725
v -6.520225 0.504115 -1.888665
v -6.556533 0.869836 -1.888665
v -5.236506 1.000886 -2.344592
v -5.200197 0.635165 -2.344592
v -6.556533 0.869836 -1.888665
v -6.556533 0.869836 -1.662725
v -5.236506 1.000886 -1.662725
v -5.236506 1.000886 -2.344592
v -6.520225 0.504115 1.888664
v -6.520225 0.504115 1.662723
v -5.200197 0.635165 1.662723
v -5.200197 0.635165 2.344591
v -6.556533 0.869836 1.662723
v -6.556533 0.869836 1.888664
v -5.236506 1.000886 2.344591
v -5.236506 1.000886 1.662723
v -6.556533 0.869836 1.888664
v -6.520225 0.504115 1.888664
v -5.200197 0.635165 2.344591
v -5.236506 1.000886 2.344591
v -6.520225 0.504115 1.662723
v -6.520225 0.504115 -1.662725
v -5.200197 0.635165 -1.662725
v -5.200197 0.635165 1.662723
v -6.556533 0.869836 -1.662725
v -6.556533 0.869836 1.662723
v -5.236506 1.000886 1.662723
v -5.236506 1.000886 -1.662725
v 5.358160 0.558145 -4.774405
v 5.358160 0.485013 -4.774405
v 7.408847 0.485013 -4.774405
v 7.408847 0.558145 -4.774405
v 5.358160 0.558145 -4.981056
v 5.358160 0.558145 -4.774405
v 7.408847 0.558145 -4.774405
v 7.408847 0.558145 -4.981056
v 7.408847 0.485013 -4.981056
v 5.358160 0.485013 -4.981056
v 5.358160 0.558145 -4.981056
v 7.408847 0.558145 -4.981056
v 5.358160 -0.767583 -4.774405
v 5.358160 -0.767583 -4.981056
v 7.408847 -0.767583 -4.981056
v 7.408847 -0.767583 -4.774405
v 8.370813 0.361492 -4.648225
v 8.370813 0.361492 -4.860239
v 8.370813 0.402289 -4.860239
v 8.370813 0.402289 -4.648225
v -8.084734 0.161751 -4.397622
v -8.084734 0.161751 -4.186811
v -8.084734 0.191354 -4.186811
v -8.084734 0.191354 -4.397622
v 7.408847 -0.767583 -4.774405
v 7.408847 -0.767583 -4.981056
v 8.370813 -0.337274 -4.860239
v 8.370813 -0.337274 -4.648225
v 8.370813 0.361492 -4.860239
v 7.408847 0.485013 -4.981056
v 7.408847 0.558145 -4.981056
v 8.370813 0.402289 -4.860239
v 7.408847 0.558145 -4.981056
v 7.408847 0.558145 -4.774405
v 8.370813 0.402289 -4.648225
v 8.370813 0.402289 -4.860239
v 7.408847 0.558145 -4.774405
v 7.408847 0.485013 -4.774405
v 8.370813 0.361492 -4.648225
v 8.370813 0.402289 -4.648225
v -4.882785 -0.767583 -4.981056
v -4.882785 -0.767583 -4.774405
v -8.084734 -0.345274 -4.186811
v -8.084734 -0.345274 -4.397622
v -8.084734 0.161751 -4.186811
v -4.882785 0.485013 -4.774405
v -4.882785 0.558145 -4.774405
v -8.084734 0.191354 -4.186811
v -4.882785 0.558145 -4.774405
v -4.882785 0.558145 -4.981056
v -8.084734 0.191354 -4.397622
v -8.084734 0.191354 -4.186811
v -4.882785 0.558145 -4.981056
v -4.882785 0.485013 -4.981056
v -8.084734 0.161751 -4.397622
v -8.084734 0.191354 -4.397622
v 3.697940 -0.767583 -4.774405
v 3.697940 -0.767583 -4.981056
v 3.697940 0.485013 -4.981056
v 3.697940 0.558145 -4.981056
v 3.697940 0.558145 -4.981056
v 3.697940 0.558145 -4.774405
v 3.697940 0.558145 -4.774405
v 3.697940 0.485013 -4.774405
v -4.882785 -0.767583 -4.981056
v -2.792323 -0.767583 -4.981056
v -2.792323 -0.767583 -4.774405
v -4.882785 -0.767583 -4.774405
v -4.882785 0.558145 -4.981056
v -2.792323 0.558145 -4.981056
v -2.792323 0.485013 -4.981056
v -4.882785 0.485013 -4.981056
v -4.882785 0.558145 -4.774405
v -2.792323 0.558145 -4.774405
v -2.792323 0.558145 -4.981056
v -4.882785 0.558145 -4.981056
v -4.882785 0.485013 -4.774405
v -2.792323 0.485013 -4.774405
v -2.792323 0.558145 -4.774405
v -4.882785 0.558145 -4.774405
v -4.882785 -0.709759 -4.774405
v -2.792323 -0.709759 -4.774405
v -2.792323 -0.467982 -4.774405
v -4.882785 -0.467982 -4.774405
v 5.358160 -0.467982 -4.774405
v 3.697940 -0.467982 -4.774405
v 3.697940 -0.709759 -4.774405
v 5.358160 -0.709759 -4.774405
v 7.408847 -0.467982 -4.774405
v 7.408847 -0.709759 -4.774405
v 8.370813 -0.170141 -4.648225
v 7.408847 -0.467982 -4.774405
v 7.408847 -0.709759 -4.774405
v 8.370813 -0.305016 -4.648225
v 8.370813 -0.305016 -4.648225
v 8.370813 -0.305016 -4.860239
v 8.370813 -0.170141 -4.860239
v 8.370813 -0.170141 -4.648225
v 8.370813 -0.305016 -4.860239
v 7.408847 -0.709759 -4.981056
v 7.408847 -0.467982 -4.981056
v 8.370813 -0.170141 -4.860239
v 7.408847 -0.709759 -4.981056
v 5.358160 -0.709759 -4.981056
v 5.358160 -0.467982 -4.981056
v 7.408847 -0.467982 -4.981056
v 5.358160 -0.709759 -4.808495
v 3.697939 -0.709759 -4.808495
v 3.697939 -0.467982 -4.808495
v 5.358160 -0.467982 -4.808495
v -4.882785 -0.467982 -4.981056
v -2.792323 -0.467982 -4.981056
v -2.792323 -0.709759 -4.981056
v -4.882785 -0.709759 -4.981056
v -8.084734 -0.224002 -4.397622
v -4.882785 -0.467982 -4.981056
v -4.882785 -0.709759 -4.981056
v -8.084734 -0.321868 -4.397622
v -8.084734 -0.321868 -4.397622
v -8.084734 -0.321868 -4.186811
v -8.084734 -0.224002 -4.186811
v -8.084734 -0.224002 -4.397622
v -8.084734 -0.321868 -4.186811
v -4.882785 -0.709759 -4.774405
v -4.882785 -0.467982 -4.774405
v -8.084734 -0.224002 -4.186811
v -4.882785 -0.767583 -4.774405
v -2.792323 -0.767583 -4.774405
v 3.697940 -0.767583 -4.774405
v 5.358160 -0.767583 -4.774405
v 7.408847 -0.767583 -4.774405
v 7.408847 -0.767583 -4.774405
v 8.370813 -0.337274 -4.648225
v 8.370813 -0.337274 -4.648225
v 8.370813 -0.337274 -4.860239
v 7.408847 -0.767583 -4.981056
v 8.370813 -0.337274 -4.860239
v 5.358160 -0.767583 -4.981056
v 7.408847 -0.767583 -4.981056
v 3.697940 -0.767583 -4.981056
v 3.697939 -0.709759 -4.981056
v -2.792323 -0.767583 -4.981056
v -4.882785 -0.767583 -4.981056
v -4.882785 -0.767583 -4.981056
v -8.084734 -0.345274 -4.397622
v -8.084734 -0.345274 -4.397622
v -8.084734 -0.345274 -4.186811
v -4.882785 -0.767583 -4.774405
v -8.084734 -0.345274 -4.186811
v -2.792323 -0.213756 -4.774405
v -4.882785 -0.213756 -4.774405
v -4.882785 -0.213756 -4.774405
v -8.084734 -0.121096 -4.186811
v -8.084734 -0.121096 -4.186811
v -8.084734 -0.121096 -4.397622
v -8.084734 -0.121096 -4.397622
v -4.882785 -0.213756 -4.981056
v -4.882785 -0.213756 -4.981056
v -2.792323 -0.213756 -4.981056
v 3.697939 -0.467982 -4.981056
v 3.697939 -0.213756 -4.981056
v 5.358160 -0.213756 -4.981056
v 7.408847 -0.213756 -4.981056
v 7.408847 -0.213756 -4.981056
v 8.370813 -0.028320 -4.860239
v 8.370813 -0.028320 -4.860239
v 8.370813 -0.028320 -4.648225
v 8.370813 -0.028320 -4.648225
v 7.408847 -0.213756 -4.774405
v 7.408847 -0.213756 -4.774405
v 5.358160 -0.213756 -4.774405
v 3.697940 -0.213756 -4.774405
v -2.792323 0.021750 -4.774405
v -4.882785 0.021750 -4.774405
v -4.882785 0.021750 -4.774405
v -8.084734 -0.055647 -4.186811
v -8.084734 -0.055647 -4.186811
v -8.084734 -0.055647 -4.397622
v -8.084734 -0.055647 -4.397622
v -4.882785 0.021750 -4.981056
v -4.882785 0.021750 -4.981056
v -2.792323 0.021750 -4.981056
v 5.358160 -0.213756 -4.808495
v 3.697939 -0.213756 -4.808495
v 3.697939 0.021750 -4.808495
v 5.358160 0.021750 -4.808495
v 5.358160 0.021750 -4.981056
v 7.408847 0.021750 -4.981056
v 7.408847 0.021750 -4.981056
v 8.370813 0.080864 -4.860239
v 8.370813 0.080864 -4.860239
v 8.370813 0.080864 -4.648225
v 8.370813 0.080864 -4.648225
v 7.408847 0.021750 -4.774405
v 7.408847 0.021750 -4.774405
v 5.358160 0.021750 -4.774405
v 3.697940 0.021750 -4.774405
v -2.792323 0.287134 -4.774405
v -4.882785 0.287134 -4.774405
v -4.882785 0.287134 -4.774405
v -8.084734 0.081654 -4.186811
v -8.084734 0.081654 -4.186811
v -8.084734 0.081654 -4.397622
v -8.084734 0.081654 -4.397622
v -4.882785 0.287134 -4.981056
v -4.882785 0.287134 -4.981056
v -2.792323 0.287134 -4.981056
v 3.697939 0.021750 -4.981056
v 3.697940 0.287134 -4.981056
v 5.358160 0.287134 -4.981056
v 7.408847 0.287134 -4.981056
v 7.408847 0.287134 -4.981056
v 8.370813 0.251104 -4.860239
v 8.370813 0.251104 -4.860239
v 8.370813 0.251105 -4.648225
v 8.370813 0.251105 -4.648225
v 7.408847 0.287134 -4.774405
v 7.408847 0.287134 -4.774405
v 5.358160 0.287134 -4.774405
v 3.697940 0.287134 -4.774405
v 5.358160 0.287134 -4.808495
v 3.697940 0.287134 -4.808495
v 3.697940 0.485013 -4.808495
v 5.358160 0.485013 -4.808495
v 5.358160 -0.709759 -4.981056
v 3.697939 -0.709759 -4.981056
v 3.697939 -0.709759 -4.808495
v 5.358160 -0.709759 -4.808495
v 3.697939 -0.709759 -4.981056
v 3.697939 -0.467982 -4.981056
v 3.697939 -0.467982 -4.808495
v 3.697939 -0.709759 -4.808495
v 3.697939 -0.467982 -4.981056
v 5.358160 -0.467982 -4.981056
v 5.358160 -0.467982 -4.808495
v 3.697939 -0.467982 -4.808495
v 5.358160 -0.467982 -4.981056
v 5.358160 -0.709759 -4.981056
v 5.358160 -0.709759 -4.808495
v 5.358160 -0.467982 -4.808495
v 5.358160 -0.213756 -4.981056
v 3.697939 -0.213756 -4.981056
v 3.697939 -0.213756 -4.808495
v 5.358160 -0.213756 -4.808495
v 3.697939 -0.213756 -4.981056
v 3.697939 0.021750 -4.981056
v 3.697939 0.021750 -4.808495
v 3.697939 -0.213756 -4.808495
v 3.697939 0.021750 -4.981056
v 5.358160 0.021750 -4.981056
v 5.358160 0.021750 -4.808495
v 3.697939 0.021750 -4.808495
v 5.358160 0.021750 -4.981056
v 5.358160 -0.213756 -4.981056
v 5.358160 -0.213756 -4.808495
v 5.358160 0.021750 -4.808495
v 5.358160 0.287134 -4.981056
v 3.697940 0.287134 -4.981056
v 3.697940 0.287134 -4.808495
v 5.358160 0.287134 -4.808495
v 3.697940 0.287134 -4.981056
v 3.697940 0.485013 -4.981056
v 3.697940 0.485013 -4.808495
v 3.697940 0.287134 -4.808495
v 3.697940 0.485013 -4.981056
v 5.358160 0.485013 -4.981056
v 5.358160 0.485013 -4.808495
v 3.697940 0.485013 -4.808495
v 5.358160 0.485013 -4.981056
v 5.358160 0.287134 -4.981056
v 5.358160 0.287134 -4.808495
v 5.358160 0.485013 -4.808495
v -1.108248 -0.709759 -4.774405
v -1.108248 -0.767583 -4.774405
v -1.108248 -0.467982 -4.774405
v -1.108248 -0.213756 -4.774405
v -1.108248 0.021750 -4.774405
v -1.108248 0.287134 -4.774405
v -1.108248 0.485013 -4.774405
v -1.108248 0.558145 -4.774405
v -1.108248 0.558145 -4.981056
v -1.108248 0.558145 -4.774405
v -1.108248 0.485013 -4.981056
v -1.108248 0.558145 -4.981056
v -1.108248 0.287134 -4.981056
v -1.108249 0.021750 -4.981056
v -1.108249 -0.213756 -4.981056
v -1.108249 -0.467983 -4.981056
v -1.108249 -0.709759 -4.981056
v -1.108248 -0.767583 -4.981056
v -1.108248 -0.767583 -4.774405
v -1.108248 -0.767583 -4.981056
v -2.792323 -0.709759 -4.808494
v -2.792323 -0.467982 -4.808494
v -1.108249 -0.467983 -4.808494
v -1.108249 -0.709759 -4.808494
v -2.792323 -0.213756 -4.808494
v -2.792323 0.021750 -4.808494
v -1.108249 0.021750 -4.808494
v -1.108249 -0.213756 -4.808494
v -2.792323 0.287134 -4.808494
v -2.792323 0.485013 -4.808494
v -1.108248 0.485013 -4.808494
v -1.108248 0.287134 -4.808494
v -2.792323 -0.709759 -4.981056
v -2.792323 -0.467982 -4.981056
v -2.792323 -0.467982 -4.808494
v -2.792323 -0.709759 -4.808494
v -2.792323 -0.467982 -4.981056
v -1.108249 -0.467983 -4.981056
v -1.108249 -0.467983 -4.808494
v -2.792323 -0.467982 -4.808494
v -1.108249 -0.467983 -4.981056
v -1.108249 -0.709759 -4.981056
v -1.108249 -0.709759 -4.808494
v -1.108249 -0.467983 -4.808494
v -1.108249 -0.709759 -4.981056
v -2.792323 -0.709759 -4.981056
v -2.792323 -0.709759 -4.808494
v -1.108249 -0.709759 -4.808494
v -2.792323 -0.213756 -4.981056
v -2.792323 0.021750 -4.981056
v -2.792323 0.021750 -4.808494
v -2.792323 -0.213756 -4.808494
v -2.792323 0.021750 -4.981056
v -1.108249 0.021750 -4.981056
v -1.108249 0.021750 -4.808494
v -2.792323 0.021750 -4.808494
v -1.108249 0.021750 -4.981056
v -1.108249 -0.213756 -4.981056
v -1.108249 -0.213756 -4.808494
v -1.108249 0.021750 -4.808494
v -1.108249 -0.213756 -4.981056
v -2.792323 -0.213756 -4.981056
v -2.792323 -0.213756 -4.808494
v -1.108249 -0.213756 -4.808494
v -2.792323 0.287134 -4.981056
v -2.792323 0.485013 -4.981056
v -2.792323 0.485013 -4.808494
v -2.792323 0.287134 -4.808494
v -2.792323 0.485013 -4.981056
v -1.108248 0.485013 -4.981056
v -1.108248 0.485013 -4.808494
v -2.792323 0.485013 -4.808494
v -1.108248 0.485013 -4.981056
v -1.108248 0.287134 -4.981056
v -1.108248 0.287134 -4.808494
v -1.108248 0.485013 -4.808494
v -1.108248 0.287134 -4.981056
v -2.792323 0.287134 -4.981056
v -2.792323 0.287134 -4.808494
v -1.108248 0.287134 -4.808494
v -2.792323 -0.767583 4.774404
v -2.792323 -0.709759 4.774404
v -1.108248 -0.709759 4.774404
v -1.108248 -0.767583 4.774404
v -2.792323 0.558145 4.774404
v -2.792323 0.558145 4.981056
v -1.108248 0.558145 4.981056
v -1.108248 0.558145 4.774404
v -1.108248 -0.767583 4.981056
v -1.108249 -0.709759 4.981056
v -2.792323 -0.709759 4.981056
v -2.792323 -0.767583 4.981056
v -2.792323 -0.767583 4.981056
v -2.792323 -0.767583 4.774404
v -1.108248 -0.767583 4.774404
v -1.108248 -0.767583 4.981056
v 8.370813 -0.337274 4.648223
v 8.370813 -0.305016 4.648223
v 8.370813 -0.305016 4.860239
v 8.370813 -0.337274 4.860239
v -8.084734 -0.345274 4.397621
v -8.084734 -0.321868 4.397621
v -8.084734 -0.321868 4.186810
v -8.084734 -0.345274 4.186810
v 7.408847 -0.767583 4.774404
v 8.370813 -0.337274 4.648223
v 8.370813 -0.337274 4.860239
v 7.408847 -0.767583 4.981056
v 7.408847 -0.767583 4.981056
v 8.370813 -0.337274 4.860239
v 8.370813 -0.305016 4.860239
v 7.408847 -0.709759 4.981056
v 7.408847 0.558145 4.981056
v 8.370813 0.402289 4.860239
v 8.370813 0.402289 4.648223
v 7.408847 0.558145 4.774404
v 7.408847 -0.709759 4.774404
v 8.370813 -0.305016 4.648223
v 8.370813 -0.337274 4.648223
v 7.408847 -0.767583 4.774404
v -4.882785 -0.767583 4.981056
v -8.084734 -0.345274 4.397621
v -8.084734 -0.345274 4.186810
v -4.882785 -0.767583 4.774404
v -4.882785 -0.767583 4.774404
v -8.084734 -0.345274 4.186810
v -8.084734 -0.321868 4.186810
v -4.882785 -0.709759 4.774404
v -4.882785 0.558145 4.774404
v -8.084734 0.191354 4.186810
v -8.084734 0.191354 4.397621
v -4.882785 0.558145 4.981056
v -4.882785 -0.709759 4.981056
v -8.084734 -0.321868 4.397621
v -8.084734 -0.345274 4.397621
v -4.882785 -0.767583 4.981056
v 5.358160 -0.767583 4.981056
v 5.358160 -0.767583 4.774404
v 7.408847 -0.767583 4.774404
v 7.408847 -0.767583 4.981056
v 7.408847 -0.709759 4.981056
v 5.358160 -0.709759 4.981056
v 5.358160 -0.767583 4.981056
v 7.408847 -0.767583 4.981056
v 5.358160 0.558145 4.774404
v 5.358160 0.558145 4.981056
v 7.408847 0.558145 4.981056
v 7.408847 0.558145 4.774404
v 5.358160 -0.767583 4.774404
v 5.358160 -0.709759 4.774404
v 7.408847 -0.709759 4.774404
v 7.408847 -0.767583 4.774404
v 3.697940 -0.767583 4.981056
v 3.697940 -0.767583 4.774404
v 3.697939 -0.709759 4.981056
v 3.697940 -0.767583 4.981056
v 3.697940 0.558145 4.774404
v 3.697940 0.558145 4.981056
v 3.697940 -0.767583 4.774404
v 3.697940 -0.709759 4.774404
v -1.108248 0.558145 4.774404
v -1.108248 0.485013 4.774404
v -2.792323 0.485013 4.774404
v -2.792323 0.558145 4.774404
v 5.358160 0.485013 4.774404
v 3.697940 0.485013 4.774404
v 3.697940 0.558145 4.774404
v 5.358160 0.558145 4.774404
v 7.408847 0.485013 4.774404
v 7.408847 0.558145 4.774404
v 7.408847 0.558145 4.774404
v 8.370813 0.402289 4.648223
v 8.370813 0.361492 4.648223
v 7.408847 0.485013 4.774404
v 8.370813 0.361492 4.860239
v 8.370813 0.361492 4.648223
v 8.370813 0.402289 4.648223
v 8.370813 0.402289 4.860239
v 7.408847 0.485013 4.981056
v 8.370813 0.361492 4.860239
v 8.370813 0.402289 4.860239
v 7.408847 0.558145 4.981056
v 5.358160 0.558145 4.981056
v 5.358160 0.485013 4.981056
v 7.408847 0.485013 4.981056
v 7.408847 0.558145 4.981056
v 3.697940 0.558145 4.981056
v 3.697940 0.485013 4.981056
v -2.792323 0.558145 4.981056
v -2.792323 0.485013 4.981056
v -1.108248 0.485013 4.981056
v -1.108248 0.558145 4.981056
v -4.882785 0.558145 4.981056
v -8.084734 0.191354 4.397621
v -8.084734 0.161751 4.397621
v -4.882785 0.485013 4.981056
v -8.084734 0.161751 4.186810
v -8.084734 0.161751 4.397621
v -8.084734 0.191354 4.397621
v -8.084734 0.191354 4.186810
v -4.882785 0.485013 4.774404
v -8.084734 0.161751 4.186810
v -8.084734 0.191354 4.186810
v -4.882785 0.558145 4.774404
v -1.108248 0.287134 4.774404
v -2.792323 0.287134 4.774404
v 5.358160 0.287134 4.774404
v 3.697940 0.287134 4.774404
v 7.408847 0.287134 4.774404
v 8.370813 0.251105 4.648223
v 7.408847 0.287134 4.774404
v 8.370813 0.251104 4.860239
v 8.370813 0.251105 4.648223
v 7.408847 0.287134 4.981056
v 8.370813 0.251104 4.860239
v 5.358160 0.287134 4.981056
v 7.408847 0.287134 4.981056
v 5.358160 0.485013 4.808494
v 3.697940 0.485013 4.808494
v 3.697940 0.287134 4.808494
v 5.358160 0.287134 4.808494
v -1.108248 0.287134 4.808494
v -1.108248 0.485013 4.808494
v -2.792323 0.485013 4.808494
v -2.792323 0.287134 4.808494
v -8.084734 0.081654 4.397621
v -4.882785 0.287134 4.981056
v -8.084734 0.081654 4.186810
v -8.084734 0.081654 4.397621
v -4.882785 0.287134 4.774404
v -8.084734 0.081654 4.186810
v -1.108248 -0.467982 4.774404
v -2.792323 -0.467982 4.774404
v -8.084734 -0.224002 4.186810
v -4.882785 -0.467982 4.774404
v -8.084734 -0.224002 4.397621
v -8.084734 -0.224002 4.186810
v -4.882785 -0.467982 4.981056
v -8.084734 -0.224002 4.397621
v -1.108249 -0.709759 4.808494
v -1.108249 -0.467983 4.808494
v -2.792323 -0.467982 4.808494
v -2.792323 -0.709759 4.808494
v 5.358160 -0.467982 4.808494
v 3.697939 -0.467982 4.808494
v 3.697939 -0.709759 4.808494
v 5.358160 -0.709759 4.808494
v 7.408847 -0.467982 4.981056
v 5.358160 -0.467982 4.981056
v 8.370813 -0.170141 4.860239
v 7.408847 -0.467982 4.981056
v 8.370813 -0.170141 4.648223
v 8.370813 -0.170141 4.860239
v 7.408847 -0.467982 4.774404
v 8.370813 -0.170141 4.648223
v 5.358160 -0.467982 4.774404
v 7.408847 -0.467982 4.774404
v 3.697940 -0.467982 4.774404
v -1.108248 -0.213756 4.774404
v -2.792323 -0.213756 4.774404
v -8.084734 -0.121096 4.186810
v -4.882785 -0.213756 4.774404
v -8.084734 -0.121096 4.397621
v -8.084734 -0.121096 4.186810
v -4.882785 -0.213756 4.981056
v -8.084734 -0.121096 4.397621
v -1.108249 -0.467983 4.981056
v -1.108249 -0.213756 4.981056
v -2.792323 -0.213756 4.981056
v -2.792323 -0.467982 4.981056
v 5.358160 -0.213756 4.981056
v 3.697939 -0.213756 4.981056
v 3.697939 -0.467982 4.981056
v 7.408847 -0.213756 4.981056
v 8.370813 -0.028320 4.860239
v 7.408847 -0.213756 4.981056
v 8.370813 -0.028320 4.648223
v 8.370813 -0.028320 4.860239
v 7.408847 -0.213756 4.774404
v 8.370813 -0.028320 4.648223
v 5.358160 -0.213756 4.774404
v 7.408847 -0.213756 4.774404
v 3.697940 -0.213756 4.774404
v -1.108248 0.021750 4.774404
v -2.792323 0.021750 4.774404
v -8.084734 -0.055647 4.186810
v -4.882785 0.021750 4.774404
v -8.084734 -0.055647 4.397621
v -8.084734 -0.055647 4.186810
v -4.882785 0.021750 4.981056
v -8.084734 -0.055647 4.397621
v -1.108249 -0.213756 4.808494
v -1.108249 0.021750 4.808494
v -2.792323 0.021750 4.808494
v -2.792323 -0.213756 4.808494
v 5.358160 0.021750 4.808494
v 3.697939 0.021750 4.808494
v 3.697939 -0.213756 4.808494
v 5.358160 -0.213756 4.808494
v 7.408847 0.021750 4.981056
v 5.358160 0.021750 4.981056
v 8.370813 0.080864 4.860239
v 7.408847 0.021750 4.981056
v 8.370813 0.080864 4.648223
v 8.370813 0.080864 4.860239
v 7.408847 0.021750 4.774404
v 8.370813 0.080864 4.648223
v 5.358160 0.021750 4.774404
v 7.408847 0.021750 4.774404
v 3.697940 0.021750 4.774404
v -1.108249 0.021750 4.981056
v -1.108248 0.287134 4.981056
v -2.792323 0.287134 4.981056
v -2.792323 0.021750 4.981056
v 3.697940 0.287134 4.981056
v 3.697939 0.021750 4.981056
v 5.358160 0.485013 4.981056
v 3.697940 0.485013 4.981056
v 3.697940 0.485013 4.808494
v 5.358160 0.485013 4.808494
v 3.697940 0.485013 4.981056
v 3.697940 0.287134 4.981056
v 3.697940 0.287134 4.808494
v 3.697940 0.485013 4.808494
v 3.697940 0.287134 4.981056
v 5.358160 0.287134 4.981056
v 5.358160 0.287134 4.808494
v 3.697940 0.287134 4.808494
v 5.358160 0.287134 4.981056
v 5.358160 0.485013 4.981056
v 5.358160 0.485013 4.808494
v 5.358160 0.287134 4.808494
v 5.358160 -0.467982 4.981056
v 3.697939 -0.467982 4.981056
v 3.697939 -0.467982 4.808494
v 5.358160 -0.467982 4.808494
v 3.697939 -0.467982 4.981056
v 3.697939 -0.709759 4.981056
v 3.697939 -0.709759 4.808494
v 3.697939 -0.467982 4.808494
v 3.697939 -0.709759 4.981056
v 5.358160 -0.709759 4.981056
v 5.358160 -0.709759 4.808494
v 3.697939 -0.709759 4.808494
v 5.358160 -0.709759 4.981056
v 5.358160 -0.467982 4.981056
v 5.358160 -0.467982 4.808494
v 5.358160 -0.709759 4.808494
v 5.358160 0.021750 4.981056
v 3.697939 0.021750 4.981056
v 3.697939 0.021750 4.808494
v 5.358160 0.021750 4.808494
v 3.697939 0.021750 4.981056
v 3.697939 -0.213756 4.981056
v 3.697939 -0.213756 4.808494
v 3.697939 0.021750 4.808494
v 3.697939 -0.213756 4.981056
v 5.358160 -0.213756 4.981056
v 5.358160 -0.213756 4.808494
v 3.697939 -0.213756 4.808494
v 5.358160 -0.213756 4.981056
v 5.358160 0.021750 4.981056
v 5.358160 0.021750 4.808494
v 5.358160 -0.213756 4.808494
v -4.882785 -0.767583 4.774404
v -4.882785 -0.709759 4.774404
v -4.882785 -0.467982 4.774404
v -4.882785 -0.213756 4.774404
v -4.882785 0.021750 4.774404
v -4.882785 0.287134 4.774404
v -4.882785 0.485013 4.774404
v -4.882785 0.558145 4.774404
v -4.882785 0.558145 4.774404
v -4.882785 0.558145 4.981056
v -4.882785 0.558145 4.981056
v -4.882785 0.485013 4.981056
v -4.882785 0.287134 4.981056
v -4.882785 0.021750 4.981056
v -4.882785 -0.213756 4.981056
v -4.882785 -0.467982 4.981056
v -4.882785 -0.709759 4.981056
v -4.882785 -0.767583 4.981056
v -4.882785 -0.767583 4.981056
v -4.882785 -0.767583 4.774404
v -1.108248 0.287134 4.981056
v -1.108248 0.485013 4.981056
v -1.108248 0.485013 4.808494
v -1.108248 0.287134 4.808494
v -1.108248 0.485013 4.981056
v -2.792323 0.485013 4.981056
v -2.792323 0.485013 4.808494
v -1.108248 0.485013 4.808494
v -2.792323 0.485013 4.981056
v -2.792323 0.287134 4.981056
v -2.792323 0.287134 4.808494
v -2.792323 0.485013 4.808494
v -2.792323 0.287134 4.981056
v -1.108248 0.287134 4.981056
v -1.108248 0.287134 4.808494
v -2.792323 0.287134 4.808494
v -1.108249 -0.709759 4.981056
v -1.108249 -0.467983 4.981056
v -1.108249 -0.467983 4.808494
v -1.108249 -0.709759 4.808494
v -1.108249 -0.467983 4.981056
v -2.792323 -0.467982 4.981056
v -2.792323 -0.467982 4.808494
v -1.108249 -0.467983 4.808494
v -2.792323 -0.467982 4.981056
v -2.792323 -0.709759 4.981056
v -2.792323 -0.709759 4.808494
v -2.792323 -0.467982 4.808494
v -2.792323 -0.709759 4.981056
v -1.108249 -0.709759 4.981056
v -1.108249 -0.709759 4.808494
v -2.792323 -0.709759 4.808494
v -1.108249 -0.213756 4.981056
v -1.108249 0.021750 4.981056
v -1.108249 0.021750 4.808494
v -1.108249 -0.213756 4.808494
v -1.108249 0.021750 4.981056
v -2.792323 0.021750 4.981056
v -2.792323 0.021750 4.808494
v -1.108249 0.021750 4.808494
v -2.792323 0.021750 4.981056
v -2.792323 -0.213756 4.981056
v -2.792323 -0.213756 4.808494
v -2.792323 0.021750 4.808494
v -2.792323 -0.213756 4.981056
v -1.108249 -0.213756 4.981056
v -1.108249 -0.213756 4.808494
v -2.792323 -0.213756 4.808494
v 7.022479 0.493291 -2.295176
v 8.964840 0.493291 -2.295176
v 8.964840 0.493291 -0.395500
v 7.022479 0.493291 -0.395500
v 7.345662 1.493291 -0.647974
v 7.022479 1.493291 -0.395500
v 8.964840 1.493291 -0.395500
v 8.964838 1.493291 -0.647974
v 8.964840 0.493291 -0.395500
v 8.964840 1.493291 -0.395500
v 7.022479 1.493291 -0.395500
v 7.022479 0.493291 -0.395500
v 7.345662 1.332891 -0.647974
v 8.964838 1.332891 -0.647974
v 8.964838 1.332891 -2.042702
v 7.345662 1.332891 -2.042702
v 9.131004 1.436771 -0.647974
v 9.454193 1.346265 -0.395500
v 9.454193 1.346265 -2.295176
v 9.131004 1.436771 -2.042702
v 9.454193 1.346265 -2.295176
v 9.454193 1.346265 -0.395500
v 9.454193 0.493291 -0.395500
v 9.454193 0.493291 -2.295176
v 7.022479 1.493291 -0.395500
v 7.022479 1.493291 -2.295176
v 7.022479 0.493291 -2.295176
v 7.022479 0.493291 -0.395500
v 7.345662 1.493291 -2.042702
v 7.022479 1.493291 -2.295176
v 7.022479 1.493291 -2.295176
v 8.964840 1.493291 -2.295176
v 8.964840 0.493291 -2.295176
v 7.022479 0.493291 -2.295176
v 8.964838 1.493291 -2.042702
v 8.964840 1.493291 -2.295176
v 7.345662 1.493291 -0.647974
v 8.964838 1.493291 -0.647974
v 8.964838 1.332891 -0.647974
v 7.345662 1.332891 -0.647974
v 9.131004 1.436771 -0.647974
v 9.131004 1.436771 -2.042702
v 9.131004 1.332891 -2.042702
v 9.131004 1.332891 -0.647974
v 8.964838 1.332891 -2.042702
v 8.964838 1.493291 -2.042702
v 7.345662 1.493291 -2.042702
v 7.345662 1.332891 -2.042702
v 7.345662 1.493291 -2.042702
v 7.345662 1.493291 -0.647974
v 7.345662 1.332891 -0.647974
v 7.345662 1.332891 -2.042702
v 9.454193 0.493291 -2.295176
v 9.454193 0.493291 -0.395500
v 9.454193 1.346265 -0.395500
v 9.454193 0.493291 -0.395500
v 9.131004 1.436771 -0.647974
v 9.131004 1.332891 -0.647974
v 9.131004 1.332891 -0.647974
v 9.131004 1.332891 -2.042702
v 9.131004 1.436771 -2.042702
v 9.131004 1.332891 -2.042702
v 9.454193 1.346265 -2.295176
v 9.454193 0.493291 -2.295176
v 8.964840 0.493291 2.295111
v 8.964840 0.493291 0.395436
v 9.454193 0.493291 0.395436
v 9.454193 0.493291 2.295111
v 8.964838 1.493291 2.042638
v 8.964840 1.493291 2.295112
v 9.454193 1.346265 2.295112
v 9.131004 1.436771 2.042638
v 9.454193 1.346265 2.295112
v 8.964840 1.493291 2.295112
v 8.964840 0.493291 2.295111
v 9.454193 0.493291 2.295111
v 8.964838 1.332891 0.647910
v 8.964838 1.332891 2.042638
v 9.131004 1.332891 2.042638
v 9.131004 1.332891 0.647910
v 9.454193 1.346265 0.395436
v 9.131004 1.436771 0.647910
v 9.454193 1.346265 0.395436
v 9.454193 1.346265 2.295112
v 9.454193 0.493291 2.295111
v 9.454193 0.493291 0.395436
v 7.022479 1.493291 2.295112
v 7.022479 1.493291 0.395436
v 7.022479 0.493291 0.395436
v 7.022479 0.493291 2.295111
v 7.022479 1.493291 2.295112
v 7.345662 1.493291 2.042638
v 7.345662 1.493291 0.647910
v 7.022479 1.493291 0.395436
v 8.964840 0.493291 0.395436
v 8.964840 1.493291 0.395436
v 9.454193 1.346265 0.395436
v 9.454193 0.493291 0.395436
v 8.964840 1.493291 0.395436
v 8.964838 1.493291 0.647910
v 8.964838 1.332891 2.042638
v 8.964838 1.493291 2.042638
v 9.131004 1.436771 2.042638
v 9.131004 1.332891 2.042638
v 9.131004 1.436771 2.042638
v 9.131004 1.436771 0.647910
v 9.131004 1.332891 0.647910
v 9.131004 1.332891 2.042638
v 9.131004 1.436771 0.647910
v 8.964838 1.493291 0.647910
v 8.964838 1.332891 0.647910
v 9.131004 1.332891 0.647910
v 7.345662 1.493291 0.647910
v 7.345662 1.493291 2.042638
v 7.345662 1.332891 2.042638
v 7.345662 1.332891 0.647910
v 7.022479 0.493291 0.395436
v 7.022479 0.493291 2.295111
v 7.022479 1.493291 0.395436
v 7.022479 0.493291 0.395436
v 7.345662 1.493291 0.647910
v 7.345662 1.332891 0.647910
v 7.345662 1.332891 2.042638
v 7.345662 1.332891 0.647910
v 7.345662 1.493291 2.042638
v 7.345662 1.332891 2.042638
v 7.022479 1.493291 2.295112
v 7.022479 0.493291 2.295111
v -8.052087 0.598446 -2.999173
v -5.083133 0.845851 -2.999173
v -5.083133 1.377499 -2.999173
v -8.052087 0.981339 -2.999173
v -8.052087 0.981339 -2.999173
v -5.083133 1.377499 -2.999173
v -5.083133 1.377499 -4.364347
v -8.052087 0.981339 -4.122155
v -8.052087 0.981339 -4.122155
v -5.083133 1.377499 -4.364347
v -5.083133 0.845851 -4.364347
v -8.052087 0.598446 -4.122155
v -8.052087 0.598446 -4.122155
v -5.083133 0.845851 -4.364347
v -5.083133 0.845851 -2.999173
v -8.052087 0.598446 -2.999173
v -5.083133 0.845851 -2.999173
v -5.083133 0.845851 -4.364347
v -5.083133 1.377499 -4.364347
v -5.083133 1.377499 -2.999173
v -8.052087 0.598446 -4.122155
v -8.052087 0.598446 -2.999173
v -8.052087 0.981339 -2.999173
v -8.052087 0.981339 -4.122155
v -8.052087 0.598446 2.999172
v -8.052087 0.981339 2.999172
v -5.083133 1.377499 2.999172
v -5.083133 0.845851 2.999172
v -8.052087 0.981339 2.999172
v -8.052087 0.981339 4.122154
v -5.083133 1.377499 4.364346
v -5.083133 1.377499 2.999172
v -8.052087 0.981339 4.122154
v -8.052087 0.598446 4.122154
v -5.083133 0.845851 4.364346
v -5.083133 1.377499 4.364346
v -8.052087 0.598446 4.122154
v -8.052087 0.598446 2.999172
v -5.083133 0.845851 2.999172
v -5.083133 0.845851 4.364346
v -5.083133 0.845851 2.999172
v -5.083133 1.377499 2.999172
v -5.083133 1.377499 4.364346
v -5.083133 0.845851 4.364346
v -8.052087 0.598446 4.122154
v -8.052087 0.981339 4.122154
v -8.052087 0.981339 2.999172
v -8.052087 0.598446 2.999172
v -7.580091 0.063671 1.571037
v -8.580091 0.063671 1.381631
v -8.419774 -0.269663 1.381631
v -7.580091 -0.269663 1.571037
v -8.866632 0.063671 -0.993663
v -7.580091 0.063671 -0.993663
v -7.580091 0.063671 -1.519387
v -8.580091 0.063671 -1.329982
v -8.580091 0.063671 -1.329982
v -7.580091 0.063671 -1.519387
v -7.580091 -0.269663 -1.519387
v -8.419774 -0.269663 -1.329982
v -8.099141 -0.936329 -1.329982
v -7.580091 -0.936329 -1.519387
v -7.786013 -0.936329 -0.993663
v -8.385683 -0.936329 -0.993663
v -7.580091 -0.269663 -0.993663
v -7.580091 -0.269663 -1.519387
v -7.580091 0.063671 -1.519387
v -7.580091 0.063671 -0.993663
v -8.419774 -0.269663 -1.329982
v -8.706316 -0.269663 -0.993663
v -8.866632 0.063671 -0.993663
v -8.580091 0.063671 -1.329982
v -8.580091 0.063671 1.381631
v -7.580091 0.063671 1.571037
v -7.580091 0.063671 1.045314
v -8.866632 0.063671 1.045314
v -7.580091 0.063671 1.045314
v -7.580091 0.063671 1.571037
v -7.580091 -0.269663 1.571037
v -7.580091 -0.269663 1.045314
v -8.385683 -0.936329 1.045314
v -7.786013 -0.936329 1.045314
v -7.580091 -0.936329 1.571037
v -8.096796 -0.936329 1.381631
v -8.706316 -0.269663 1.045314
v -8.419774 -0.269663 1.381631
v -8.580091 0.063671 1.381631
v -8.866632 0.063671 1.045314
v -9.012321 0.063671 -0.370610
v -7.580091 0.063671 -0.370610
v -7.580091 -0.269663 -0.370610
v -7.580091 0.063671 -0.370610
v -7.786013 -0.936329 -0.370610
v -8.531371 -0.936329 -0.370610
v -8.852004 -0.269663 -0.370610
v -9.012321 0.063671 -0.370610
v -7.580091 0.063671 0.422261
v -9.012321 0.063671 0.422261
v -7.580091 0.063671 0.422261
v -7.580091 -0.269663 0.422261
v -8.531371 -0.936329 0.422261
v -7.786013 -0.936329 0.422261
v -8.852004 -0.269663 0.422261
v -9.012321 0.063671 0.422261
v -7.580091 -0.602996 1.045314
v -7.580091 -0.602996 1.571037
v -7.580091 -0.936329 1.571037
v -7.786013 -0.936329 1.045314
v -7.580091 -0.602996 0.422261
v -7.786013 -0.936329 0.422261
v -7.580091 -0.602996 -0.370610
v -7.786013 -0.936329 -0.370610
v -7.786013 -0.936329 -0.993663
v -7.580091 -0.602996 -0.993663
v -7.580091 -0.936329 -1.519387
v -7.580091 -0.602996 -1.519387
v -8.259458 -0.602996 -1.329982
v -7.580091 -0.602996 -1.519387
v -7.580091 -0.936329 -1.519387
v -8.099141 -0.936329 -1.329982
v -8.385683 -0.936329 -0.993663
v -8.546000 -0.602996 -0.993663
v -8.259458 -0.602996 -1.329982
v -8.099141 -0.936329 -1.329982
v -8.531371 -0.936329 -0.370610
v -8.691687 -0.602996 -0.370610
v -8.531371 -0.936329 0.422261
v -8.691687 -0.602996 0.422261
v -8.385683 -0.936329 1.045314
v -8.546000 -0.602996 1.045314
v -8.096796 -0.936329 1.381631
v -8.259458 -0.602996 1.381631
v -7.580091 -0.602996 1.571037
v -8.259458 -0.602996 1.381631
v -8.096796 -0.936329 1.381631
v -7.580091 -0.936329 1.571037
v -8.333214 -0.602996 -0.993663
v -8.478901 -0.602996 -0.370610
v -8.639217 -0.269663 -0.370610
v -8.493530 -0.269663 -0.993663
v -8.478901 -0.602996 0.422261
v -8.639217 -0.269663 0.422261
v -8.333214 -0.602996 1.045314
v -8.493530 -0.269663 1.045314
v -8.546000 -0.602996 -0.993663
v -8.691687 -0.602996 -0.370610
v -8.478901 -0.602996 -0.370610
v -8.333214 -0.602996 -0.993663
v -8.852004 -0.269663 -0.370610
v -8.706316 -0.269663 -0.993663
v -8.493530 -0.269663 -0.993663
v -8.639217 -0.269663 -0.370610
v -8.706316 -0.269663 -0.993663
v -8.546000 -0.602996 -0.993663
v -8.333214 -0.602996 -0.993663
v -8.493530 -0.269663 -0.993663
v -8.691687 -0.602996 0.422261
v -8.478901 -0.602996 0.422261
v -8.852004 -0.269663 0.422261
v -8.639217 -0.269663 0.422261
v -8.546000 -0.602996 1.045314
v -8.333214 -0.602996 1.045314
v -8.546000 -0.602996 1.045314
v -8.706316 -0.269663 1.045314
v -8.493530 -0.269663 1.045314
v -8.333214 -0.602996 1.045314
v -8.706316 -0.269663 1.045314
v -8.493530 -0.269663 1.045314
v -8.309331 0.466366 1.906687
v -5.898457 0.690685 2.619065
v -5.913072 0.813234 2.619065
v -8.323946 0.588916 1.906687
v -8.323946 0.588916 1.906687
v -5.913072 0.813234 2.619065
v -5.913072 0.813234 -2.619066
v -8.323946 0.588916 -1.906688
v -8.323946 0.588916 -1.906688
v -5.913072 0.813234 -2.619066
v -5.898457 0.690685 -2.619066
v -8.309331 0.466366 -1.906688
v -8.266491 0.107143 -1.906688
v -5.855617 0.331461 -2.619066
v -5.855617 0.331461 2.619065
v -8.266491 0.107143 1.906687
v -5.898457 0.690685 2.619065
v -5.898457 0.690685 -2.619066
v -5.913072 0.813234 -2.619066
v -5.913072 0.813234 2.619065
v -8.309331 0.466366 -1.906688
v -8.309331 0.466366 1.906687
v -8.323946 0.588916 1.906687
v -8.323946 0.588916 -1.906688
v -8.266491 0.107143 2.442262
v -5.855617 0.331461 3.080557
v -5.898457 0.690685 3.080557
v -8.309331 0.466366 2.442262
v -5.855617 0.331461 2.619065
v -5.855617 0.331461 -2.619066
v -8.309331 0.466366 -2.442263
v -5.898457 0.690685 -3.080558
v -5.855617 0.331461 -3.080558
v -8.266491 0.107143 -2.442263
v -8.266491 0.107143 -1.906688
v -8.266491 0.107143 1.906687
v -8.266491 0.107143 1.906687
v -5.855617 0.331461 2.619065
v -5.855617 0.331461 3.080557
v -8.266491 0.107143 2.442262
v -5.855617 0.331461 2.619065
v -5.898457 0.690685 2.619065
v -5.898457 0.690685 3.080557
v -5.855617 0.331461 3.080557
v -5.898457 0.690685 2.619065
v -8.309331 0.466366 1.906687
v -8.309331 0.466366 2.442262
v -5.898457 0.690685 3.080557
v -8.309331 0.466366 1.906687
v -8.266491 0.107143 1.906687
v -8.266491 0.107143 2.442262
v -8.309331 0.466366 2.442262
v -8.309331 0.466366 -1.906688
v -5.898457 0.690685 -2.619066
v -5.898457 0.690685 -3.080558
v -8.309331 0.466366 -2.442263
v -5.898457 0.690685 -2.619066
v -5.855617 0.331461 -2.619066
v -5.855617 0.331461 -3.080558
v -5.898457 0.690685 -3.080558
v -5.855617 0.331461 -2.619066
v -8.266491 0.107143 -1.906688
v -8.266491 0.107143 -2.442263
v -5.855617 0.331461 -3.080558
v -8.266491 0.107143 -1.906688
v -8.309331 0.466366 -1.906688
v -8.309331 0.466366 -2.442263
v -8.266491 0.107143 -2.442263
v -6.132312 -1.709160 1.749746
v 7.447164 -1.709160 1.749746
v 9.492723 -0.116896 1.838213
v -6.134324 -0.116896 1.838213
v -6.134324 -0.116896 1.838213
v 9.492723 -0.116896 1.838213
v 9.492723 -0.116896 -1.838214
v -6.134324 -0.116896 -1.838214
v -6.134324 -0.116896 -1.838214
v 9.492723 -0.116896 -1.838214
v 7.447164 -1.709160 -1.749747
v -6.132312 -1.709160 -1.749747
v -6.132312 -1.709160 -1.749747
v 7.447164 -1.709160 -1.749747
v 7.447164 -1.709160 1.749746
v -6.132312 -1.709160 1.749746
v 7.447164 -1.709160 1.749746
v 7.447164 -1.709160 -1.749747
v 9.492723 -0.116896 -1.838214
v 9.492723 -0.116896 1.838213
v -7.573901 -1.453680 -1.402340
v -7.573901 -1.453680 1.402339
v -7.575914 0.138584 1.838213
v -7.575914 0.138584 -1.838214
v -6.132312 -1.709160 -1.749747
v -6.132312 -1.709160 1.749746
v -7.573901 -1.453680 1.402339
v -7.573901 -1.453680 -1.402340
v -6.132312 -1.709160 1.749746
v -6.134324 -0.116896 1.838213
v -7.575914 0.138584 1.838213
v -7.573901 -1.453680 1.402339
v -6.134324 -0.116896 1.838213
v -6.134324 -0.116896 -1.838214
v -7.575914 0.138584 -1.838214
v -7.575914 0.138584 1.838213
v -6.134324 -0.116896 -1.838214
v -6.132312 -1.709160 -1.749747
v -7.573901 -1.453680 -1.402340
v -7.575914 0.138584 -1.838214
v -8.744434 0.042075 -2.562850
v -8.526608 0.042075 -2.562850
v -8.526608 0.175439 -2.562850
v -8.744434 0.175439 -2.562850
v -8.657553 0.426864 -2.616792
v -8.439728 0.426864 -2.616792
v -8.439728 0.426864 -3.787051
v -8.657553 0.426864 -3.787051
v -8.744434 0.175439 -3.847855
v -8.526608 0.175439 -3.847855
v -8.526608 -0.109837 -3.847855
v -8.744434 -0.109837 -3.847855
v -8.744434 -0.166204 -3.787052
v -8.526608 -0.166204 -3.787052
v -8.526608 -0.025097 -2.616792
v -8.744434 -0.025097 -2.616792
v -8.526608 0.175439 -2.616792
v -8.526608 0.035698 -2.616792
v -8.526608 -0.102649 -3.787051
v -8.526608 0.175439 -3.787051
v -8.744434 0.175439 -3.787051
v -8.744434 -0.102649 -3.787052
v -8.744434 0.035698 -2.616792
v -8.744434 0.175439 -2.616792
v -8.677656 0.368685 -2.562850
v -8.459831 0.368685 -2.562850
v -8.439728 0.426864 -2.562850
v -8.657553 0.426864 -2.562850
v -8.439728 0.426864 -2.616792
v -8.459831 0.368685 -2.616792
v -8.459831 0.368685 -3.787051
v -8.439728 0.426864 -3.787051
v -8.459831 0.368685 -3.847855
v -8.677656 0.368685 -3.847855
v -8.657553 0.426864 -3.847855
v -8.439728 0.426864 -3.847855
v -8.718265 0.426864 -3.787051
v -8.738369 0.368685 -3.787051
v -8.738369 0.368685 -2.616792
v -8.718265 0.426864 -2.616792
v -8.744434 -0.018593 -2.562850
v -8.526608 -0.018593 -2.562850
v -8.526608 -0.025097 -2.616792
v -8.526608 -0.166204 -3.787052
v -8.526608 -0.173535 -3.847855
v -8.744434 -0.173535 -3.847855
v -8.805147 -0.102649 -3.787052
v -8.805147 -0.166204 -3.787052
v -8.805147 -0.025097 -2.616792
v -8.805147 0.035698 -2.616792
v -8.738369 0.368685 -2.562850
v -8.718265 0.426864 -2.562850
v -8.657553 0.426864 -2.562850
v -8.439728 0.426864 -2.562850
v -8.459831 0.368685 -2.562850
v -8.439728 0.426864 -2.562850
v -8.526608 0.042075 -2.562850
v -8.526608 0.175439 -2.562850
v -8.526608 -0.018593 -2.562850
v -8.526608 -0.018593 -2.562850
v -8.744434 -0.018593 -2.562850
v -8.805147 -0.018593 -2.562850
v -8.805147 0.042075 -2.562850
v -8.805147 0.175439 -2.616792
v -8.805147 0.175439 -2.562850
v -8.744434 -0.173535 -3.847855
v -8.526608 -0.173535 -3.847855
v -8.526608 -0.173535 -3.847855
v -8.526608 -0.109837 -3.847855
v -8.526608 0.175439 -3.847855
v -8.459831 0.368685 -3.847855
v -8.439728 0.426864 -3.847855
v -8.439728 0.426864 -3.847855
v -8.657553 0.426864 -3.847855
v -8.738369 0.368685 -3.847855
v -8.718265 0.426864 -3.847855
v -8.805147 -0.109837 -3.847855
v -8.805147 0.175439 -3.787051
v -8.805147 0.175439 -3.847855
v -8.805147 -0.173535 -3.847855
v -8.526608 0.175439 -2.562850
v -8.526608 0.175439 -2.616792
v -8.526608 0.175439 -3.787051
v -8.526608 0.175439 -3.847855
v -8.805147 0.175439 -3.847855
v -8.805147 0.175439 -3.787051
v -8.677656 0.368685 -2.616792
v -8.677656 0.368685 -3.787051
v -8.805147 0.175439 -2.616792
v -8.805147 0.175439 -2.562850
v -8.677656 0.368685 -3.787051
v -8.677656 0.368685 -2.616792
v -8.738369 0.368685 -2.616792
v -8.738369 0.368685 -3.787051
v -8.718265 0.426864 -3.787051
v -8.718265 0.426864 -2.616792
v -8.744434 -0.166204 -3.787052
v -8.744434 -0.025097 -2.616792
v -8.805147 -0.025097 -2.616792
v -8.805147 -0.166204 -3.787052
v -8.744434 0.035698 -2.616792
v -8.744434 -0.102649 -3.787052
v -8.805147 -0.102649 -3.787052
v -8.805147 0.035698 -2.616792
v -8.718265 0.426864 -2.562850
v -8.738369 0.368685 -2.562850
v -8.718265 0.426864 -2.562850
v -8.744434 -0.025097 -2.616792
v -8.744434 -0.018593 -2.562850
v -8.805147 -0.018593 -2.562850
v -8.805147 -0.025097 -2.616792
v -8.805147 0.042075 -2.562850
v -8.805147 -0.018593 -2.562850
v -8.744434 0.175439 -2.616792
v -8.744434 0.035698 -2.616792
v -8.805147 0.035698 -2.616792
v -8.805147 0.175439 -2.616792
v -8.805147 0.175439 -2.562850
v -8.718265 0.426864 -3.847855
v -8.738369 0.368685 -3.847855
v -8.718265 0.426864 -3.847855
v -8.744434 -0.102649 -3.787052
v -8.744434 0.175439 -3.787051
v -8.805147 0.175439 -3.787051
v -8.805147 -0.102649 -3.787052
v -8.805147 -0.109837 -3.847855
v -8.805147 0.175439 -3.847855
v -8.744434 -0.173535 -3.847855
v -8.744434 -0.166204 -3.787052
v -8.805147 -0.166204 -3.787052
v -8.805147 -0.173535 -3.847855
v -8.805147 -0.173535 -3.847855
v -8.744434 0.175439 -3.787051
v -8.677656 0.368685 -3.787051
v -8.738369 0.368685 -3.787051
v -8.805147 0.175439 -3.787051
v -8.677656 0.368685 -2.616792
v -8.738369 0.368685 -2.616792
v -8.744434 0.042075 2.562848
v -8.744434 0.175439 2.562848
v -8.526608 0.175439 2.562848
v -8.526608 0.042075 2.562848
v -8.657553 0.426864 2.616791
v -8.657553 0.426864 3.787050
v -8.439728 0.426864 3.787050
v -8.439728 0.426864 2.616791
v -8.744434 0.175439 3.847853
v -8.744434 -0.109837 3.847853
v -8.526608 -0.109837 3.847853
v -8.526608 0.175439 3.847853
v -8.744434 -0.166204 3.787051
v -8.744434 -0.025097 2.616791
v -8.526608 -0.025097 2.616791
v -8.526608 -0.166204 3.787051
v -8.526608 0.175439 2.616791
v -8.526608 0.175439 3.787050
v -8.526608 -0.102649 3.787050
v -8.526608 0.035698 2.616791
v -8.744434 0.175439 3.787050
v -8.744434 0.175439 2.616791
v -8.744434 0.035698 2.616791
v -8.744434 -0.102649 3.787051
v -8.677656 0.368685 2.562848
v -8.657553 0.426864 2.562848
v -8.439728 0.426864 2.562848
v -8.459831 0.368685 2.562848
v -8.439728 0.426864 2.616791
v -8.439728 0.426864 3.787050
v -8.459831 0.368685 3.787050
v -8.459831 0.368685 2.616791
v -8.459831 0.368685 3.847853
v -8.439728 0.426864 3.847853
v -8.657553 0.426864 3.847853
v -8.677656 0.368685 3.847853
v -8.718265 0.426864 3.787050
v -8.718265 0.426864 2.616791
v -8.738369 0.368685 2.616791
v -8.738369 0.368685 3.787050
v -8.744434 -0.018593 2.562848
v -8.526608 -0.018593 2.562848
v -8.526608 -0.166204 3.787051
v -8.526608 -0.025097 2.616791
v -8.744434 -0.173535 3.847853
v -8.526608 -0.173535 3.847853
v -8.805147 -0.102649 3.787051
v -8.805147 0.035698 2.616791
v -8.805147 -0.025097 2.616791
v -8.805147 -0.166204 3.787051
v -8.718265 0.426864 2.562848
v -8.738369 0.368685 2.562848
v -8.657553 0.426864 2.562848
v -8.439728 0.426864 2.562848
v -8.459831 0.368685 2.562848
v -8.439728 0.426864 2.562848
v -8.526608 0.042075 2.562848
v -8.526608 0.175439 2.562848
v -8.526608 -0.018593 2.562848
v -8.744434 -0.018593 2.562848
v -8.526608 -0.018593 2.562848
v -8.805147 0.042075 2.562848
v -8.805147 -0.018593 2.562848
v -8.805147 0.175439 2.616791
v -8.805147 0.175439 2.562848
v -8.744434 -0.173535 3.847853
v -8.526608 -0.173535 3.847853
v -8.526608 -0.109837 3.847853
v -8.526608 -0.173535 3.847853
v -8.526608 0.175439 3.847853
v -8.439728 0.426864 3.847853
v -8.459831 0.368685 3.847853
v -8.657553 0.426864 3.847853
v -8.439728 0.426864 3.847853
v -8.738369 0.368685 3.847853
v -8.718265 0.426864 3.847853
v -8.805147 -0.109837 3.847853
v -8.805147 0.175439 3.847853
v -8.805147 0.175439 3.787050
v -8.805147 -0.173535 3.847853
v -8.526608 0.175439 2.562848
v -8.526608 0.175439 2.616791
v -8.526608 0.175439 3.787050
v -8.526608 0.175439 3.847853
v -8.805147 0.175439 3.847853
v -8.805147 0.175439 3.787050
v -8.677656 0.368685 2.616791
v -8.677656 0.368685 3.787050
v -8.805147 0.175439 2.562848
v -8.805147 0.175439 2.616791
v -8.677656 0.368685 3.787050
v -8.738369 0.368685 3.787050
v -8.738369 0.368685 2.616791
v -8.677656 0.368685 2.616791
v -8.718265 0.426864 2.616791
v -8.718265 0.426864 3.787050
v -8.744434 -0.166204 3.787051
v -8.805147 -0.166204 3.787051
v -8.805147 -0.025097 2.616791
v -8.744434 -0.025097 2.616791
v -8.744434 0.035698 2.616791
v -8.805147 0.035698 2.616791
v -8.805147 -0.102649 3.787051
v -8.744434 -0.102649 3.787051
v -8.738369 0.368685 2.562848
v -8.718265 0.426864 2.562848
v -8.718265 0.426864 2.562848
v -8.744434 -0.025097 2.616791
v -8.805147 -0.025097 2.616791
v -8.805147 -0.018593 2.562848
v -8.744434 -0.018593 2.562848
v -8.805147 -0.018593 2.562848
v -8.805147 0.042075 2.562848
v -8.744434 0.175439 2.616791
v -8.805147 0.175439 2.616791
v -8.805147 0.035698 2.616791
v -8.744434 0.035698 2.616791
v -8.805147 0.175439 2.562848
v -8.718265 0.426864 3.847853
v -8.718265 0.426864 3.847853
v -8.738369 0.368685 3.847853
v -8.744434 -0.102649 3.787051
v -8.805147 -0.102649 3.787051
v -8.805147 0.175439 3.787050
v -8.744434 0.175439 3.787050
v -8.805147 0.175439 3.847853
v -8.805147 -0.109837 3.847853
v -8.744434 -0.173535 3.847853
v -8.805147 -0.173535 3.847853
v -8.805147 -0.166204 3.787051
v -8.744434 -0.166204 3.787051
v -8.805147 -0.173535 3.847853
v -8.744434 0.175439 3.787050
v -8.805147 0.175439 3.787050
v -8.738369 0.368685 3.787050
v -8.677656 0.368685 3.787050
v -8.677656 0.368685 2.616791
v -8.738369 0.368685 2.616791
v 4.053845 -1.105451 1.289222
v 4.034251 -1.066997 1.289222
v 4.034251 -1.066997 3.289222
v 4.053845 -1.105450 3.289222
v 4.003736 -1.036480 1.289222
v 4.003736 -1.036480 3.289222
v 4.003736 -1.036480 1.289222
v 3.965281 -1.016888 1.289222
v 3.965281 -1.016888 3.289222
v 4.003736 -1.036480 3.289222
v 3.922656 -1.010136 1.289222
v 3.922656 -1.010136 3.289222
v 3.880031 -1.016888 1.289222
v 3.880031 -1.016888 3.289222
v 3.841577 -1.036481 1.289222
v 3.841577 -1.036480 3.289222
v 3.841577 -1.036481 1.289222
v 3.811060 -1.066997 1.289222
v 3.811060 -1.066997 3.289222
v 3.841577 -1.036480 3.289222
v 3.791468 -1.105451 1.289222
v 3.791468 -1.105451 3.289222
v 3.784717 -1.148076 1.289222
v 3.784717 -1.148076 3.289222
v 3.791468 -1.190702 1.289222
v 3.791468 -1.190702 3.289222
v 3.811060 -1.229156 1.289222
v 3.811060 -1.229155 3.289222
v 3.841577 -1.259672 1.289222
v 3.841577 -1.259672 3.289222
v 3.841577 -1.259672 1.289222
v 3.880030 -1.279265 1.289222
v 3.880030 -1.279265 3.289222
v 3.841577 -1.259672 3.289222
v 3.922656 -1.286016 1.289222
v 3.922656 -1.286016 3.289222
v 3.965282 -1.279265 1.289222
v 3.965282 -1.279265 3.289222
v 4.003735 -1.259672 1.289222
v 4.003735 -1.259672 3.289222
v 4.003735 -1.259672 1.289222
v 4.034252 -1.229156 1.289222
v 4.034252 -1.229155 3.289222
v 4.003735 -1.259672 3.289222
v 4.053844 -1.190702 1.289222
v 4.053844 -1.190702 3.289222
v 4.060596 -1.148076 1.289222
v 4.060596 -1.148076 3.289222
v 6.253786 -1.105451 1.289222
v 6.234191 -1.066997 1.289222
v 6.234191 -1.066997 3.289222
v 6.253786 -1.105450 3.289222
v 6.203676 -1.036480 1.289222
v 6.203676 -1.036480 3.289222
v 6.203676 -1.036480 1.289222
v 6.165222 -1.016888 1.289222
v 6.165222 -1.016888 3.289222
v 6.203676 -1.036480 3.289222
v 6.122596 -1.010136 1.289222
v 6.122596 -1.010136 3.289222
v 6.079971 -1.016888 1.289222
v 6.079971 -1.016888 3.289222
v 6.041517 -1.036481 1.289222
v 6.041517 -1.036480 3.289222
v 6.041517 -1.036481 1.289222
v 6.011000 -1.066997 1.289222
v 6.011000 -1.066997 3.289222
v 6.041517 -1.036480 3.289222
v 5.991408 -1.105451 1.289222
v 5.991408 -1.105451 3.289222
v 5.984657 -1.148076 1.289222
v 5.984657 -1.148076 3.289222
v 5.991408 -1.190702 1.289222
v 5.991408 -1.190702 3.289222
v 6.011000 -1.229156 1.289222
v 6.011000 -1.229155 3.289222
v 6.041517 -1.259672 1.289222
v 6.041517 -1.259672 3.289222
v 6.041517 -1.259672 1.289222
v 6.079970 -1.279265 1.289222
v 6.079970 -1.279265 3.289222
v 6.041517 -1.259672 3.289222
v 6.122596 -1.286016 1.289222
v 6.122596 -1.286016 3.289222
v 6.165223 -1.279265 1.289222
v 6.165223 -1.279265 3.289222
v 6.203675 -1.259672 1.289222
v 6.203675 -1.259672 3.289222
v 6.203675 -1.259672 1.289222
v 6.234192 -1.229156 1.289222
v 6.234192 -1.229155 3.289222
v 6.203675 -1.259672 3.289222
v 6.253785 -1.190702 1.289222
v 6.253785 -1.190702 3.289222
v 6.260536 -1.148076 1.289222
v 6.260536 -1.148076 3.289222
v -5.594280 -1.105451 1.289221
v -5.613874 -1.066997 1.289221
v -5.613874 -1.066997 3.289222
v -5.594280 -1.105450 3.289221
v -5.644390 -1.036480 1.289221
v -5.644390 -1.036480 3.289221
v -5.644390 -1.036480 1.289221
v -5.682844 -1.016888 1.289221
v -5.682844 -1.016888 3.289222
v -5.644390 -1.036480 3.289221
v -5.725470 -1.010136 1.289221
v -5.725470 -1.010136 3.289222
v -5.768095 -1.016888 1.289221
v -5.768095 -1.016888 3.289222
v -5.806549 -1.036481 1.289221
v -5.806549 -1.036480 3.289222
v -5.806549 -1.036481 1.289221
v -5.837066 -1.066997 1.289221
v -5.837066 -1.066997 3.289221
v -5.806549 -1.036480 3.289222
v -5.856658 -1.105451 1.289221
v -5.856658 -1.105451 3.289222
v -5.863409 -1.148076 1.289221
v -5.863409 -1.148076 3.289221
v -5.856658 -1.190702 1.289221
v -5.856658 -1.190702 3.289222
v -5.837066 -1.229156 1.289221
v -5.837066 -1.229155 3.289222
v -5.806549 -1.259672 1.289221
v -5.806549 -1.259672 3.289221
v -5.806549 -1.259672 1.289221
v -5.768096 -1.279265 1.289221
v -5.768096 -1.279265 3.289221
v -5.806549 -1.259672 3.289221
v -5.725470 -1.286016 1.289221
v -5.725470 -1.286016 3.289222
v -5.682843 -1.279265 1.289221
v -5.682843 -1.279265 3.289222
v -5.644391 -1.259672 1.289221
v -5.644391 -1.259672 3.289222
v -5.644391 -1.259672 1.289221
v -5.613873 -1.229156 1.289221
v -5.613873 -1.229155 3.289221
v -5.644391 -1.259672 3.289222
v -5.594281 -1.190702 1.289221
v -5.594281 -1.190702 3.289221
v -5.587530 -1.148076 1.289221
v -5.587530 -1.148076 3.289221
v -3.284611 -1.105451 1.289222
v -3.304205 -1.066997 1.289222
v -3.304205 -1.066997 3.289222
v -3.284611 -1.105450 3.289222
v -3.334721 -1.036480 1.289222
v -3.334721 -1.036480 3.289222
v -3.334721 -1.036480 1.289222
v -3.373175 -1.016888 1.289222
v -3.373175 -1.016888 3.289222
v -3.334721 -1.036480 3.289222
v -3.415801 -1.010136 1.289222
v -3.415801 -1.010136 3.289222
v -3.458426 -1.016888 1.289222
v -3.458426 -1.016888 3.289222
v -3.496880 -1.036481 1.289222
v -3.496880 -1.036480 3.289222
v -3.496880 -1.036481 1.289222
v -3.527397 -1.066997 1.289222
v -3.527397 -1.066997 3.289222
v -3.496880 -1.036480 3.289222
v -3.546989 -1.105451 1.289222
v -3.546989 -1.105451 3.289222
v -3.553740 -1.148076 1.289222
v -3.553740 -1.148076 3.289222
v -3.546989 -1.190702 1.289222
v -3.546989 -1.190702 3.289222
v -3.527397 -1.229156 1.289222
v -3.527397 -1.229155 3.289222
v -3.496880 -1.259672 1.289222
v -3.496880 -1.259672 3.289222
v -3.496880 -1.259672 1.289222
v -3.458427 -1.279265 1.289222
v -3.458427 -1.279265 3.289222
v -3.496880 -1.259672 3.289222
v -3.415801 -1.286016 1.289222
v -3.415801 -1.286016 3.289222
v -3.373174 -1.279265 1.289222
v -3.373174 -1.279265 3.289222
v -3.334722 -1.259672 1.289222
v -3.334722 -1.259672 3.289222
v -3.334722 -1.259672 1.289222
v -3.304204 -1.229156 1.289222
v -3.304204 -1.229155 3.289222
v -3.334722 -1.259672 3.289222
v -3.284612 -1.190702 1.289222
v -3.284612 -1.190702 3.289222
v -3.277861 -1.148076 1.289222
v -3.277861 -1.148076 3.289222
v -0.594312 -1.105451 1.289222
v -0.613906 -1.066997 1.289222
v -0.613906 -1.066997 3.289222
v -0.594312 -1.105450 3.289222
v -0.644422 -1.036480 1.289222
v -0.644422 -1.036480 3.289222
v -0.644422 -1.036480 1.289222
v -0.682876 -1.016888 1.289222
v -0.682876 -1.016888 3.289222
v -0.644422 -1.036480 3.289222
v -0.725501 -1.010136 1.289222
v -0.725501 -1.010136 3.289222
v -0.768127 -1.016888 1.289222
v -0.768127 -1.016888 3.289222
v -0.806581 -1.036481 1.289222
v -0.806581 -1.036480 3.289222
v -0.806581 -1.036481 1.289222
v -0.837097 -1.066997 1.289222
v -0.837097 -1.066997 3.289222
v -0.806581 -1.036480 3.289222
v -0.856690 -1.105451 1.289222
v -0.856690 -1.105451 3.289222
v -0.863441 -1.148076 1.289222
v -0.863441 -1.148076 3.289222
v -0.856690 -1.190702 1.289222
v -0.856690 -1.190702 3.289222
v -0.837097 -1.229156 1.289222
v -0.837097 -1.229155 3.289222
v -0.806581 -1.259672 1.289222
v -0.806581 -1.259672 3.289222
v -0.806581 -1.259672 1.289222
v -0.768128 -1.279265 1.289222
v -0.768128 -1.279265 3.289222
v -0.806581 -1.259672 3.289222
v -0.725501 -1.286016 1.289222
v -0.725501 -1.286016 3.289222
v -0.682875 -1.279265 1.289222
v -0.682875 -1.279265 3.289222
v -0.644423 -1.259672 1.289222
v -0.644423 -1.259672 3.289222
v -0.644423 -1.259672 1.289222
v -0.613905 -1.229156 1.289222
v -0.613905 -1.229155 3.289222
v -0.644423 -1.259672 3.289222
v -0.594313 -1.190702 1.289222
v -0.594313 -1.190702 3.289222
v -0.587562 -1.148076 1.289222
v -0.587562 -1.148076 3.289222
v 1.658712 -1.105451 1.289222
v 1.639118 -1.066997 1.289222
v 1.639118 -1.066997 3.289222
v 1.658712 -1.105450 3.289222
v 1.608602 -1.036480 1.289222
v 1.608602 -1.036480 3.289222
v 1.608602 -1.036480 1.289222
v 1.570148 -1.016888 1.289222
v 1.570148 -1.016888 3.289222
v 1.608602 -1.036480 3.289222
v 1.527523 -1.010136 1.289222
v 1.527523 -1.010136 3.289222
v 1.484897 -1.016888 1.289222
v 1.484897 -1.016888 3.289222
v 1.446443 -1.036481 1.289222
v 1.446443 -1.036480 3.289222
v 1.446443 -1.036481 1.289222
v 1.415926 -1.066997 1.289222
v 1.415926 -1.066997 3.289222
v 1.446443 -1.036480 3.289222
v 1.396334 -1.105451 1.289222
v 1.396334 -1.105451 3.289222
v 1.389583 -1.148076 1.289222
v 1.389583 -1.148076 3.289222
v 1.396334 -1.190702 1.289222
v 1.396334 -1.190702 3.289222
v 1.415926 -1.229156 1.289222
v 1.415926 -1.229155 3.289222
v 1.446443 -1.259672 1.289222
v 1.446443 -1.259672 3.289222
v 1.446443 -1.259672 1.289222
v 1.484896 -1.279265 1.289222
v 1.484896 -1.279265 3.289222
v 1.446443 -1.259672 3.289222
v 1.527523 -1.286016 1.289222
v 1.527523 -1.286016 3.289222
v 1.570149 -1.279265 1.289222
v 1.570149 -1.279265 3.289222
v 1.608601 -1.259672 1.289222
v 1.608601 -1.259672 3.289222
v 1.608601 -1.259672 1.289222
v 1.639119 -1.229156 1.289222
v 1.639119 -1.229155 3.289222
v 1.608601 -1.259672 3.289222
v 1.658711 -1.190702 1.289222
v 1.658711 -1.190702 3.289222
v 1.665462 -1.148076 1.289222
v 1.665462 -1.148076 3.289222
v -7.590038 -0.181202 1.281710
v -7.609632 -0.142748 1.281710
v -7.609632 -0.142748 3.281710
v -7.590038 -0.181202 3.281710
v -7.640148 -0.112232 1.281710
v -7.640148 -0.112232 3.281710
v -7.640148 -0.112232 1.281710
v -7.678601 -0.092639 1.281710
v -7.678601 -0.092639 3.281710
v -7.640148 -0.112232 3.281710
v -7.721228 -0.085887 1.281710
v -7.721228 -0.085887 3.281710
v -7.763853 -0.092639 1.281710
v -7.763853 -0.092639 3.281710
v -7.802306 -0.112232 1.281710
v -7.802306 -0.112232 3.281710
v -7.802306 -0.112232 1.281710
v -7.832823 -0.142748 1.281710
v -7.832823 -0.142748 3.281710
v -7.802306 -0.112232 3.281710
v -7.852416 -0.181202 1.281710
v -7.852416 -0.181202 3.281710
v -7.859167 -0.223827 1.281710
v -7.859167 -0.223827 3.281710
v -7.852416 -0.266453 1.281710
v -7.852416 -0.266453 3.281710
v -7.832823 -0.304907 1.281710
v -7.832823 -0.304907 3.281710
v -7.802307 -0.335424 1.281710
v -7.802307 -0.335424 3.281710
v -7.802307 -0.335424 1.281710
v -7.763853 -0.355016 1.281710
v -7.763853 -0.355016 3.281710
v -7.802307 -0.335424 3.281710
v -7.721228 -0.361767 1.281710
v -7.721228 -0.361768 3.281710
v -7.678601 -0.355016 1.281710
v -7.678601 -0.355016 3.281710
v -7.640149 -0.335424 1.281710
v -7.640149 -0.335424 3.281710
v -7.640149 -0.335424 1.281710
v -7.609632 -0.304906 1.281710
v -7.609632 -0.304907 3.281710
v -7.640149 -0.335424 3.281710
v -7.590038 -0.266453 1.281710
v -7.590038 -0.266453 3.281710
v -7.583287 -0.223827 1.281710
v -7.583287 -0.223827 3.281710
v 8.500364 -0.269599 1.281710
v 8.480770 -0.231145 1.281710
v 8.480770 -0.231145 3.281710
v 8.500364 -0.269599 3.281710
v 8.450254 -0.200629 1.281710
v 8.450254 -0.200629 3.281710
v 8.450254 -0.200629 1.281710
v 8.411800 -0.181036 1.281710
v 8.411800 -0.181036 3.281710
v 8.450254 -0.200629 3.281710
v 8.369175 -0.174285 1.281710
v 8.369175 -0.174285 3.281710
v 8.326550 -0.181036 1.281710
v 8.326550 -0.181036 3.281710
v 8.288095 -0.200629 1.281710
v 8.288095 -0.200629 3.281710
v 8.288095 -0.200629 1.281710
v 8.257580 -0.231145 1.281710
v 8.257580 -0.231145 3.281710
v 8.288095 -0.200629 3.281710
v 8.237986 -0.269599 1.281710
v 8.237986 -0.269599 3.281710
v 8.231236 -0.312224 1.281710
v 8.231236 -0.312224 3.281710
v 8.237986 -0.354850 1.281710
v 8.237986 -0.354850 3.281710
v 8.257580 -0.393304 1.281710
v 8.257580 -0.393304 3.281710
v 8.288095 -0.423821 1.281710
v 8.288095 -0.423821 3.281710
v 8.288095 -0.423821 1.281710
v 8.326550 -0.443413 1.281710
v 8.326550 -0.443413 3.281710
v 8.288095 -0.423821 3.281710
v 8.369175 -0.450164 1.281710
v 8.369175 -0.450165 3.281710
v 8.411800 -0.443413 1.281710
v 8.411800 -0.443413 3.281710
v 8.450253 -0.423821 1.281710
v 8.450253 -0.423821 3.281710
v 8.450253 -0.423821 1.281710
v 8.480770 -0.393303 1.281710
v 8.480770 -0.393304 3.281710
v 8.450253 -0.423821 3.281710
v 8.500364 -0.354850 1.281710
v 8.500364 -0.354850 3.281710
v 8.507114 -0.312224 1.281710
v 8.507114 -0.312224 3.281710
v 4.053845 -1.105451 -1.289222
v 4.053845 -1.105450 -3.289222
v 4.034251 -1.066997 -3.289223
v 4.034251 -1.066997 -1.289222
v 4.003736 -1.036480 -3.289222
v 4.003736 -1.036480 -1.289222
v 4.003736 -1.036480 -1.289222
v 4.003736 -1.036480 -3.289222
v 3.965281 -1.016888 -3.289223
v 3.965281 -1.016888 -1.289222
v 3.922656 -1.010136 -3.289223
v 3.922656 -1.010136 -1.289222
v 3.880031 -1.016888 -3.289223
v 3.880031 -1.016888 -1.289222
v 3.841577 -1.036480 -3.289223
v 3.841577 -1.036481 -1.289223
v 3.841577 -1.036481 -1.289223
v 3.841577 -1.036480 -3.289223
v 3.811060 -1.066997 -3.289222
v 3.811060 -1.066997 -1.289222
v 3.791468 -1.105451 -3.289223
v 3.791468 -1.105451 -1.289222
v 3.784717 -1.148076 -3.289222
v 3.784717 -1.148076 -1.289222
v 3.791468 -1.190702 -3.289223
v 3.791468 -1.190702 -1.289222
v 3.811060 -1.229155 -3.289223
v 3.811060 -1.229156 -1.289222
v 3.841577 -1.259672 -3.289222
v 3.841577 -1.259672 -1.289222
v 3.841577 -1.259672 -1.289222
v 3.841577 -1.259672 -3.289222
v 3.880030 -1.279265 -3.289222
v 3.880030 -1.279265 -1.289222
v 3.922656 -1.286016 -3.289223
v 3.922656 -1.286016 -1.289222
v 3.965282 -1.279265 -3.289223
v 3.965282 -1.279265 -1.289222
v 4.003735 -1.259672 -3.289223
v 4.003735 -1.259672 -1.289222
v 4.003735 -1.259672 -1.289222
v 4.003735 -1.259672 -3.289223
v 4.034252 -1.229155 -3.289222
v 4.034252 -1.229156 -1.289222
v 4.053844 -1.190702 -3.289222
v 4.053844 -1.190702 -1.289222
v 4.060596 -1.148076 -3.289222
v 4.060596 -1.148076 -1.289222
v 6.253786 -1.105451 -1.289222
v 6.253786 -1.105450 -3.289222
v 6.234191 -1.066997 -3.289223
v 6.234191 -1.066997 -1.289222
v 6.203676 -1.036480 -3.289222
v 6.203676 -1.036480 -1.289222
v 6.203676 -1.036480 -1.289222
v 6.203676 -1.036480 -3.289222
v 6.165222 -1.016888 -3.289223
v 6.165222 -1.016888 -1.289222
v 6.122596 -1.010136 -3.289223
v 6.122596 -1.010136 -1.289222
v 6.079971 -1.016888 -3.289223
v 6.079971 -1.016888 -1.289222
v 6.041517 -1.036480 -3.289223
v 6.041517 -1.036481 -1.289223
v 6.041517 -1.036481 -1.289223
v 6.041517 -1.036480 -3.289223
v 6.011000 -1.066997 -3.289222
v 6.011000 -1.066997 -1.289222
v 5.991408 -1.105451 -3.289223
v 5.991408 -1.105451 -1.289222
v 5.984657 -1.148076 -3.289222
v 5.984657 -1.148076 -1.289222
v 5.991408 -1.190702 -3.289223
v 5.991408 -1.190702 -1.289222
v 6.011000 -1.229155 -3.289223
v 6.011000 -1.229156 -1.289222
v 6.041517 -1.259672 -3.289222
v 6.041517 -1.259672 -1.289222
v 6.041517 -1.259672 -1.289222
v 6.041517 -1.259672 -3.289222
v 6.079970 -1.279265 -3.289222
v 6.079970 -1.279265 -1.289222
v 6.122596 -1.286016 -3.289223
v 6.122596 -1.286016 -1.289222
v 6.165223 -1.279265 -3.289223
v 6.165223 -1.279265 -1.289222
v 6.203675 -1.259672 -3.289223
v 6.203675 -1.259672 -1.289222
v 6.203675 -1.259672 -1.289222
v 6.203675 -1.259672 -3.289223
v 6.234192 -1.229155 -3.289222
v 6.234192 -1.229156 -1.289222
v 6.253785 -1.190702 -3.289222
v 6.253785 -1.190702 -1.289222
v 6.260536 -1.148076 -3.289222
v 6.260536 -1.148076 -1.289222
v -5.594280 -1.105451 -1.289223
v -5.594280 -1.105450 -3.289223
v -5.613874 -1.066997 -3.289223
v -5.613874 -1.066997 -1.289223
v -5.644390 -1.036480 -3.289223
v -5.644390 -1.036480 -1.289223
v -5.644390 -1.036480 -1.289223
v -5.644390 -1.036480 -3.289223
v -5.682844 -1.016888 -3.289223
v -5.682844 -1.016888 -1.289223
v -5.725470 -1.010136 -3.289223
v -5.725470 -1.010136 -1.289223
v -5.768095 -1.016888 -3.289223
v -5.768095 -1.016888 -1.289223
v -5.806549 -1.036480 -3.289223
v -5.806549 -1.036481 -1.289223
v -5.806549 -1.036481 -1.289223
v -5.806549 -1.036480 -3.289223
v -5.837066 -1.066997 -3.289223
v -5.837066 -1.066997 -1.289223
v -5.856658 -1.105451 -3.289223
v -5.856658 -1.105451 -1.289223
v -5.863409 -1.148076 -3.289223
v -5.863409 -1.148076 -1.289223
v -5.856658 -1.190702 -3.289223
v -5.856658 -1.190702 -1.289223
v -5.837066 -1.229155 -3.289223
v -5.837066 -1.229156 -1.289223
v -5.806549 -1.259672 -3.289223
v -5.806549 -1.259672 -1.289223
v -5.806549 -1.259672 -1.289223
v -5.806549 -1.259672 -3.289223
v -5.768096 -1.279265 -3.289223
v -5.768096 -1.279265 -1.289223
v -5.725470 -1.286016 -3.289223
v -5.725470 -1.286016 -1.289223
v -5.682843 -1.279265 -3.289223
v -5.682843 -1.279265 -1.289223
v -5.644391 -1.259672 -3.289223
v -5.644391 -1.259672 -1.289223
v -5.644391 -1.259672 -1.289223
v -5.644391 -1.259672 -3.289223
v -5.613873 -1.229155 -3.289223
v -5.613873 -1.229156 -1.289223
v -5.594281 -1.190702 -3.289223
v -5.594281 -1.190702 -1.289223
v -5.587530 -1.148076 -3.289223
v -5.587530 -1.148076 -1.289223
v -3.284611 -1.105451 -1.289222
v -3.284611 -1.105450 -3.289222
v -3.304205 -1.066997 -3.289223
v -3.304205 -1.066997 -1.289222
v -3.334721 -1.036480 -3.289222
v -3.334721 -1.036480 -1.289222
v -3.334721 -1.036480 -1.289222
v -3.334721 -1.036480 -3.289222
v -3.373175 -1.016888 -3.289223
v -3.373175 -1.016888 -1.289222
v -3.415801 -1.010136 -3.289223
v -3.415801 -1.010136 -1.289222
v -3.458426 -1.016888 -3.289223
v -3.458426 -1.016888 -1.289222
v -3.496880 -1.036480 -3.289223
v -3.496880 -1.036481 -1.289223
v -3.496880 -1.036481 -1.289223
v -3.496880 -1.036480 -3.289223
v -3.527397 -1.066997 -3.289222
v -3.527397 -1.066997 -1.289222
v -3.546989 -1.105451 -3.289223
v -3.546989 -1.105451 -1.289222
v -3.553740 -1.148076 -3.289222
v -3.553740 -1.148076 -1.289222
v -3.546989 -1.190702 -3.289223
v -3.546989 -1.190702 -1.289222
v -3.527397 -1.229155 -3.289223
v -3.527397 -1.229156 -1.289222
v -3.496880 -1.259672 -3.289222
v -3.496880 -1.259672 -1.289222
v -3.496880 -1.259672 -1.289222
v -3.496880 -1.259672 -3.289222
v -3.458427 -1.279265 -3.289222
v -3.458427 -1.279265 -1.289222
v -3.415801 -1.286016 -3.289223
v -3.415801 -1.286016 -1.289222
v -3.373174 -1.279265 -3.289223
v -3.373174 -1.279265 -1.289222
v -3.334722 -1.259672 -3.289223
v -3.334722 -1.259672 -1.289222
v -3.334722 -1.259672 -1.289222
v -3.334722 -1.259672 -3.289223
v -3.304204 -1.229155 -3.289222
v -3.304204 -1.229156 -1.289222
v -3.284612 -1.190702 -3.289222
v -3.284612 -1.190702 -1.289222
v -3.277861 -1.148076 -3.289222
v -3.277861 -1.148076 -1.289222
v -0.594312 -1.105451 -1.289222
v -0.594312 -1.105450 -3.289222
v -0.613906 -1.066997 -3.289223
v -0.613906 -1.066997 -1.289222
v -0.644422 -1.036480 -3.289222
v -0.644422 -1.036480 -1.289222
v -0.644422 -1.036480 -1.289222
v -0.644422 -1.036480 -3.289222
v -0.682876 -1.016888 -3.289223
v -0.682876 -1.016888 -1.289222
v -0.725501 -1.010136 -3.289223
v -0.725501 -1.010136 -1.289222
v -0.768127 -1.016888 -3.289223
v -0.768127 -1.016888 -1.289222
v -0.806581 -1.036480 -3.289223
v -0.806581 -1.036481 -1.289223
v -0.806581 -1.036481 -1.289223
v -0.806581 -1.036480 -3.289223
v -0.837097 -1.066997 -3.289222
v -0.837097 -1.066997 -1.289222
v -0.856690 -1.105451 -3.289223
v -0.856690 -1.105451 -1.289222
v -0.863441 -1.148076 -3.289222
v -0.863441 -1.148076 -1.289222
v -0.856690 -1.190702 -3.289223
v -0.856690 -1.190702 -1.289222
v -0.837097 -1.229155 -3.289223
v -0.837097 -1.229156 -1.289222
v -0.806581 -1.259672 -3.289222
v -0.806581 -1.259672 -1.289222
v -0.806581 -1.259672 -1.289222
v -0.806581 -1.259672 -3.289222
v -0.768128 -1.279265 -3.289222
v -0.768128 -1.279265 -1.289222
v -0.725501 -1.286016 -3.289223
v -0.725501 -1.286016 -1.289222
v -0.682875 -1.279265 -3.289223
v -0.682875 -1.279265 -1.289222
v -0.644423 -1.259672 -3.289223
v -0.644423 -1.259672 -1.289222
v -0.644423 -1.259672 -1.289222
v -0.644423 -1.259672 -3.289223
v -0.613905 -1.229155 -3.289222
v -0.613905 -1.229156 -1.289222
v -0.594313 -1.190702 -3.289222
v -0.594313 -1.190702 -1.289222
v -0.587562 -1.148076 -3.289222
v -0.587562 -1.148076 -1.289222
v 1.658712 -1.105451 -1.289222
v 1.658712 -1.105450 -3.289222
v 1.639118 -1.066997 -3.289223
v 1.639118 -1.066997 -1.289222
v 1.608602 -1.036480 -3.289222
v 1.608602 -1.036480 -1.289222
v 1.608602 -1.036480 -1.289222
v 1.608602 -1.036480 -3.289222
v 1.570148 -1.016888 -3.289223
v 1.570148 -1.016888 -1.289222
v 1.527523 -1.010136 -3.289223
v 1.527523 -1.010136 -1.289222
v 1.484897 -1.016888 -3.289223
v 1.484897 -1.016888 -1.289222
v 1.446443 -1.036480 -3.289223
v 1.446443 -1.036481 -1.289223
v 1.446443 -1.036481 -1.289223
v 1.446443 -1.036480 -3.289223
v 1.415926 -1.066997 -3.289222
v 1.415926 -1.066997 -1.289222
v 1.396334 -1.105451 -3.289223
v 1.396334 -1.105451 -1.289222
v 1.389583 -1.148076 -3.289222
v 1.389583 -1.148076 -1.289222
v 1.396334 -1.190702 -3.289223
v 1.396334 -1.190702 -1.289222
v 1.415926 -1.229155 -3.289223
v 1.415926 -1.229156 -1.289222
v 1.446443 -1.259672 -3.289222
v 1.446443 -1.259672 -1.289222
v 1.446443 -1.259672 -1.289222
v 1.446443 -1.259672 -3.289222
v 1.484896 -1.279265 -3.289222
v 1.484896 -1.279265 -1.289222
v 1.527523 -1.286016 -3.289223
v 1.527523 -1.286016 -1.289222
v 1.570149 -1.279265 -3.289223
v 1.570149 -1.279265 -1.289222
v 1.608601 -1.259672 -3.289223
v 1.608601 -1.259672 -1.289222
v 1.608601 -1.259672 -1.289222
v 1.608601 -1.259672 -3.289223
v 1.639119 -1.229155 -3.289222
v 1.639119 -1.229156 -1.289222
v 1.658711 -1.190702 -3.289222
v 1.658711 -1.190702 -1.289222
v 1.665462 -1.148076 -3.289222
v 1.665462 -1.148076 -1.289222
v -7.590038 -0.181202 -1.281711
v -7.590038 -0.181202 -3.281711
v -7.609632 -0.142748 -3.281711
v -7.609632 -0.142748 -1.281711
v -7.640148 -0.112232 -3.281711
v -7.640148 -0.112232 -1.281711
v -7.640148 -0.112232 -1.281711
v -7.640148 -0.112232 -3.281711
v -7.678601 -0.092639 -3.281711
v -7.678601 -0.092639 -1.281711
v -7.721228 -0.085887 -3.281711
v -7.721228 -0.085887 -1.281711
v -7.763853 -0.092639 -3.281711
v -7.763853 -0.092639 -1.281711
v -7.802306 -0.112232 -3.281711
v -7.802306 -0.112232 -1.281711
v -7.802306 -0.112232 -1.281711
v -7.802306 -0.112232 -3.281711
v -7.832823 -0.142748 -3.281711
v -7.832823 -0.142748 -1.281711
v -7.852416 -0.181202 -3.281711
v -7.852416 -0.181202 -1.281711
v -7.859167 -0.223827 -3.281711
v -7.859167 -0.223827 -1.281711
v -7.852416 -0.266453 -3.281711
v -7.852416 -0.266453 -1.281711
v -7.832823 -0.304907 -3.281711
v -7.832823 -0.304907 -1.281711
v -7.802307 -0.335424 -3.281711
v -7.802307 -0.335424 -1.281711
v -7.802307 -0.335424 -1.281711
v -7.802307 -0.335424 -3.281711
v -7.763853 -0.355016 -3.281711
v -7.763853 -0.355016 -1.281711
v -7.721228 -0.361768 -3.281711
v -7.721228 -0.361767 -1.281711
v -7.678601 -0.355016 -3.281711
v -7.678601 -0.355016 -1.281711
v -7.640149 -0.335424 -3.281711
v -7.640149 -0.335424 -1.281711
v -7.640149 -0.335424 -1.281711
v -7.640149 -0.335424 -3.281711
v -7.609632 -0.304907 -3.281711
v -7.609632 -0.304906 -1.281711
v -7.590038 -0.266453 -3.281711
v -7.590038 -0.266453 -1.281711
v -7.583287 -0.223827 -3.281711
v -7.583287 -0.223827 -1.281711
v 8.500364 -0.269599 -1.281711
v 8.500364 -0.269599 -3.281711
v 8.480770 -0.231145 -3.281711
v 8.480770 -0.231145 -1.281711
v 8.450254 -0.200629 -3.281711
v 8.450254 -0.200629 -1.281711
v 8.450254 -0.200629 -1.281711
v 8.450254 -0.200629 -3.281711
v 8.411800 -0.181036 -3.281711
v 8.411800 -0.181036 -1.281711
v 8.369175 -0.174285 -3.281711
v 8.369175 -0.174285 -1.281711
v 8.326550 -0.181036 -3.281711
v 8.326550 -0.181036 -1.281711
v 8.288095 -0.200629 -3.281711
v 8.288095 -0.200629 -1.281711
v 8.288095 -0.200629 -1.281711
v 8.288095 -0.200629 -3.281711
v 8.257580 -0.231145 -3.281711
v 8.257580 -0.231145 -1.281711
v 8.237986 -0.269599 -3.281711
v 8.237986 -0.269599 -1.281711
v 8.231236 -0.312224 -3.281711
v 8.231236 -0.312224 -1.281711
v 8.237986 -0.354850 -3.281711
v 8.237986 -0.354850 -1.281711
v 8.257580 -0.393304 -3.281711
v 8.257580 -0.393304 -1.281711
v 8.288095 -0.423821 -3.281711
v 8.288095 -0.423821 -1.281711
v 8.288095 -0.423821 -1.281711
v 8.288095 -0.423821 -3.281711
v 8.326550 -0.443413 -3.281711
v 8.326550 -0.443413 -1.281711
v 8.369175 -0.450165 -3.281711
v 8.369175 -0.450164 -1.281711
v 8.411800 -0.443413 -3.281711
v 8.411800 -0.443413 -1.281711
v 8.450253 -0.423821 -3.281711
v 8.450253 -0.423821 -1.281711
v 8.450253 -0.423821 -1.281711
v 8.450253 -0.423821 -3.281711
v 8.480770 -0.393304 -3.281711
v 8.480770 -0.393303 -1.281711
v 8.500364 -0.354850 -3.281711
v 8.500364 -0.354850 -1.281711
v 8.507114 -0.312224 -3.281711
v 8.507114 -0.312224 -1.281711
v 5.253506 1.144016 -0.985351
v 4.800590 1.144016 -1.874248
v 4.800590 1.555434 -1.874248
v 5.253506 1.555434 -0.985351
v 4.095157 1.144016 -2.579681
v 4.095157 1.555434 -2.579681
v 4.095157 1.144016 -2.579681
v 3.206259 1.144016 -3.032597
v 3.206259 1.555434 -3.032597
v 4.095157 1.555434 -2.579681
v 2.220909 1.144016 -3.188661
v 2.220909 1.555434 -3.188661
v 1.235559 1.144016 -3.032597
v 1.235559 1.555434 -3.032597
v 0.346661 1.144016 -2.579681
v 0.346661 1.555434 -2.579681
v 0.346661 1.144016 -2.579681
v -0.358771 1.144016 -1.874248
v -0.358771 1.555434 -1.874248
v 0.346661 1.555434 -2.579681
v -0.811687 1.144016 -0.985351
v -0.811687 1.555434 -0.985351
v -0.967751 1.144016 -0.000000
v -0.967751 1.555434 -0.000000
v -0.811687 1.144016 0.985350
v -0.811687 1.555434 0.985350
v -0.358771 1.144016 1.874247
v -0.358771 1.555434 1.874247
v 0.346662 1.144016 2.579679
v 0.346662 1.555434 2.579679
v 0.346662 1.144016 2.579679
v 1.235559 1.144016 3.032595
v 1.235559 1.555434 3.032595
v 0.346662 1.555434 2.579679
v 2.220909 1.144016 3.188659
v 2.220909 1.555434 3.188659
v 3.206259 1.144016 3.032595
v 3.206259 1.555434 3.032595
v 4.095156 1.144016 2.579679
v 4.095156 1.555434 2.579679
v 4.095156 1.144016 2.579679
v 4.800588 1.144016 1.874246
v 4.800588 1.555434 1.874246
v 4.095156 1.555434 2.579679
v 5.253504 1.144016 0.985349
v 5.253504 1.555434 0.985349
v 5.409568 1.144016 -0.000000
v 5.409568 1.555434 -0.000000
v 9.437675 -0.077418 1.574419
v 9.437675 -0.077418 2.209160
v 9.198490 0.581909 2.209160
v 9.198490 0.581909 1.574419
v 9.906334 0.102549 2.209160
v 9.935328 0.861210 2.209160
v 9.198490 0.581909 2.209160
v 9.437675 -0.077418 2.209160
v 9.906334 0.102549 2.209160
v 9.909618 0.187354 2.104342
v 9.931650 0.765955 2.105269
v 9.935328 0.861210 2.209160
v 9.838768 0.156473 2.104342
v 9.838768 0.156473 1.679390
v 9.883966 0.743082 1.679428
v 9.884020 0.743759 2.105269
v 9.935328 0.861210 2.209160
v 9.935328 0.861210 1.574419
v 9.198490 0.581909 1.574419
v 9.198490 0.581909 2.209160
v 9.931625 0.765290 1.679428
v 9.935328 0.861210 1.574419
v 9.935328 0.861210 1.574419
v 9.906334 0.102549 1.574419
v 9.437675 -0.077418 1.574419
v 9.198490 0.581909 1.574419
v 9.909618 0.187354 1.679390
v 9.906334 0.102549 1.574419
v 9.906334 0.102549 1.574419
v 9.906334 0.102549 2.209160
v 9.437675 -0.077418 2.209160
v 9.437675 -0.077418 1.574419
v 9.909618 0.187354 2.104342
v 9.909618 0.187354 1.679390
v 9.838768 0.156473 1.679390
v 9.838768 0.156473 2.104342
v 9.909618 0.187354 1.679390
v 9.931625 0.765290 1.679428
v 9.883966 0.743082 1.679428
v 9.838768 0.156473 1.679390
v 9.931625 0.765290 1.679428
v 9.931650 0.765955 2.105269
v 9.884020 0.743759 2.105269
v 9.883966 0.743082 1.679428
v 9.931650 0.765955 2.105269
v 9.909618 0.187354 2.104342
v 9.838768 0.156473 2.104342
v 9.884020 0.743759 2.105269
v 9.437675 -0.077418 -1.574420
v 9.198490 0.581909 -1.574420
v 9.198490 0.581909 -2.209161
v 9.437675 -0.077418 -2.209161
v 9.906334 0.102549 -2.209161
v 9.437675 -0.077418 -2.209161
v 9.198490 0.581909 -2.209161
v 9.935328 0.861210 -2.209161
v 9.906334 0.102549 -2.209161
v 9.935328 0.861210 -2.209161
v 9.931650 0.765955 -2.105270
v 9.909618 0.187354 -2.104343
v 9.838768 0.156473 -2.104343
v 9.884020 0.743759 -2.105270
v 9.883966 0.743082 -1.679429
v 9.838768 0.156473 -1.679391
v 9.935328 0.861210 -2.209161
v 9.198490 0.581909 -2.209161
v 9.198490 0.581909 -1.574420
v 9.935328 0.861210 -1.574420
v 9.935328 0.861210 -1.574420
v 9.931625 0.765290 -1.679429
v 9.935328 0.861210 -1.574420
v 9.198490 0.581909 -1.574420
v 9.437675 -0.077418 -1.574420
v 9.906334 0.102549 -1.574420
v 9.906334 0.102549 -1.574420
v 9.909618 0.187354 -1.679391
v 9.906334 0.102549 -1.574420
v 9.437675 -0.077418 -1.574420
v 9.437675 -0.077418 -2.209161
v 9.906334 0.102549 -2.209161
v 9.909618 0.187354 -2.104343
v 9.838768 0.156473 -2.104343
v 9.838768 0.156473 -1.679391
v 9.909618 0.187354 -1.679391
v 9.909618 0.187354 -1.679391
v 9.838768 0.156473 -1.679391
v 9.883966 0.743082 -1.679429
v 9.931625 0.765290 -1.679429
v 9.931625 0.765290 -1.679429
v 9.883966 0.743082 -1.679429
v 9.884020 0.743759 -2.105270
v 9.931650 0.765955 -2.105270
v 9.931650 0.765955 -2.105270
v 9.884020 0.743759 -2.105270
v 9.838768 0.156473 -2.104343
v 9.909618 0.187354 -2.104343
v 8.875353 1.296373 2.820859
v 8.875353 0.926957 2.820859
v 9.723799 0.926957 2.820859
v 9.723799 1.081934 2.820859
v 7.378341 0.626698 2.820860
v 7.346524 0.414482 2.768742
v 8.875353 0.817330 2.768742
v 8.875353 0.926957 2.820859
v 9.723799 0.926957 2.820859
v 9.723799 0.817330 2.768742
v -6.132375 0.414480 2.768742
v -4.895539 0.414480 2.768742
v -4.895540 0.626696 2.820860
v -6.132375 0.626696 2.444293
v -8.462557 0.196510 2.079210
v -6.132375 0.414480 2.768742
v -6.132375 0.626696 2.444293
v -8.541809 0.357117 2.079210
v -4.895540 0.783147 4.863130
v 7.378341 0.848482 4.863130
v 7.378341 1.296373 4.624716
v -4.895540 1.296373 4.624715
v -4.895539 0.414480 2.768742
v -4.895540 0.626696 2.820860
v -4.895540 -1.068509 4.482534
v 7.378341 -1.068507 4.680302
v 7.378341 -1.036248 4.863130
v -4.895540 -1.036250 4.863130
v 7.378341 1.296373 4.081729
v -4.895540 1.296373 4.081729
v -4.895540 1.296373 4.624715
v 7.378341 1.296373 4.624716
v -8.894060 0.579467 3.817438
v -8.996466 0.177476 3.817438
v -8.996466 0.177476 4.291776
v -8.894060 0.579467 4.291776
v -6.132375 1.059995 2.444293
v -6.132375 0.626696 2.444293
v -8.583950 0.375866 2.224984
v -8.583950 0.828994 2.224984
v -8.570930 -0.581776 4.120465
v -6.351610 -0.854987 4.434710
v -6.351610 -0.783929 4.612486
v -8.570930 -0.461073 4.291776
v -6.351610 0.578115 4.612485
v -6.351610 1.091341 4.478660
v -8.570930 0.828994 4.291776
v -8.570930 0.315769 4.291776
v -6.351610 1.091341 4.478660
v -6.351610 1.091341 3.965789
v -8.570930 0.828994 3.817438
v -8.570930 0.828994 4.291776
v -8.570930 0.828994 4.291776
v -8.570930 0.828994 3.817438
v -8.894060 0.579467 4.291776
v -8.996466 0.177476 4.291776
v -8.996466 -0.581778 3.817438
v -8.570930 -0.581776 4.120465
v -8.570930 -0.461073 4.291776
v -8.996466 -0.461075 4.291776
v -8.983445 0.177477 2.078416
v -8.887615 0.579467 2.115419
v -8.996466 -0.461075 4.291776
v -8.570930 -0.461073 4.291776
v -8.996466 0.177476 4.291776
v -8.996466 0.177476 3.817438
v -8.996466 -0.581778 3.817438
v -8.996466 -0.461075 4.291776
v -8.983445 0.177477 2.078416
v -8.583950 0.375866 2.224984
v -8.583950 -0.342524 2.224984
v -8.983445 -0.342525 2.078416
v 8.875353 1.296373 2.820859
v 7.378341 1.296373 2.820860
v 7.378341 0.626698 2.820860
v 8.875353 0.926957 2.820859
v 8.273712 1.085070 4.228930
v 7.378341 1.296373 4.081729
v 7.378341 1.296373 4.624716
v 8.273708 1.085070 4.611141
v 7.378341 1.296373 4.624716
v 7.378341 0.848482 4.863130
v 8.562817 0.636299 4.729610
v 8.273708 1.085070 4.611141
v 7.378341 -1.036248 4.863130
v 7.378341 -1.068507 4.680302
v 8.562820 -0.498866 4.665130
v 8.562817 -0.466607 4.729610
v 7.378341 0.626698 2.820860
v 7.378341 1.296373 2.820860
v 8.273712 1.085070 2.820860
v 8.562820 0.636299 2.820860
v 7.378341 1.296373 2.820860
v -4.895540 1.296373 2.820860
v -6.132375 1.059995 2.444293
v -8.583950 0.828994 2.224984
v -8.583950 0.828994 2.224984
v -8.887615 0.579467 2.115419
v -8.983445 0.177477 2.078416
v -8.983445 0.177477 2.078416
v -8.983445 -0.342525 2.078416
v -8.583950 -0.342524 2.224984
v -8.983445 -0.342525 2.078416
v -8.583950 0.375866 2.224984
v -8.570930 0.283510 4.120465
v -8.570930 -0.581776 4.120465
v -8.583950 -0.342524 2.224984
v -6.132375 0.626696 2.444293
v -6.351610 0.545857 4.434710
v -8.570930 0.283510 4.120465
v -8.583950 0.375866 2.224984
v -4.895540 0.626696 2.820860
v 7.378341 0.626698 2.820860
v 7.378341 0.750891 4.680302
v -4.895540 0.750889 4.482534
v 8.562820 0.636299 4.665130
v 7.378341 0.750891 4.680302
v 7.378341 0.626698 2.820860
v 8.562820 0.636299 2.820860
v 7.378341 1.296373 2.820860
v 8.273712 1.085070 2.820860
v -4.895540 0.750889 4.482534
v 7.378341 0.750891 4.680302
v 7.378341 -1.068507 4.680302
v -4.895540 -1.068509 4.482534
v 7.378341 0.848482 4.863130
v -4.895540 0.783147 4.863130
v -4.895540 -1.036250 4.863130
v 7.378341 -1.036248 4.863130
v -8.570930 0.283510 4.120465
v -6.351610 0.545857 4.434710
v -6.351610 -0.854987 4.434710
v -8.570930 -0.581776 4.120465
v 7.378341 0.750891 4.680302
v 8.562820 0.636299 4.665130
v 8.562820 -0.498866 4.665130
v 7.378341 -1.068507 4.680302
v 8.562820 0.636299 4.665130
v 8.562817 0.636299 4.729610
v 8.562817 -0.466607 4.729610
v 8.562820 -0.498866 4.665130
v 8.562817 0.636299 4.729610
v 7.378341 0.848482 4.863130
v 7.378341 -1.036248 4.863130
v 8.562817 -0.466607 4.729610
v 8.273712 1.085070 4.228930
v 8.273708 1.085070 4.611141
v 8.562817 0.636299 4.729610
v 8.562820 0.636299 4.665130
v 8.562820 0.636299 4.665130
v 8.562820 0.636299 2.820860
v 8.273712 1.085070 2.820860
v 7.378341 1.296373 1.193205
v -4.895540 1.296373 1.193205
v 8.875353 1.296373 1.193204
v 8.875353 1.296373 2.820859
v 9.723799 1.081934 1.193204
v 8.875353 1.296373 1.193204
v 8.875353 1.296373 2.820859
v 9.723799 1.081934 2.820859
v 9.723799 0.926957 2.820859
v 9.723799 0.926957 1.193204
v 9.723799 1.081934 1.193204
v 9.723799 1.081934 2.820859
v 9.723799 0.817330 2.768742
v 9.723799 0.817330 1.175832
v 8.875353 -0.193825 2.288031
v 8.875353 -0.193825 1.015594
v 9.723799 -0.193825 1.015594
v 9.723799 -0.193825 2.288031
v 7.053060 -1.542911 2.288031
v 7.053060 -1.542911 1.015594
v -4.895532 -1.542915 1.015594
v -4.895532 -1.542915 2.288031
v -6.132374 -1.542915 1.015594
v -4.895532 -1.542915 1.015594
v -4.895532 -1.542915 2.288031
v -6.132374 -1.542915 2.288031
v -7.731567 -1.284857 0.945987
v -6.132374 -1.542915 1.015594
v -6.132374 -1.542915 2.288031
v -7.731567 -1.284857 2.079209
v -8.541809 0.357117 0.945987
v -8.462557 0.196510 0.945987
v -8.462557 0.196510 2.079210
v -8.541809 0.357117 2.079210
v -6.132375 0.626696 2.444293
v -6.132375 0.626696 1.193204
v -8.541809 0.357117 0.945987
v -8.541809 0.357117 2.079210
v -6.132374 1.059995 1.193205
v -6.132375 0.626696 1.193204
v -6.132375 0.626696 2.444293
v -6.132375 1.059995 2.444293
v -4.895540 1.296373 2.820860
v -4.895540 1.296373 1.193205
v -6.132374 1.059995 1.193205
v -6.132375 1.059995 2.444293
v -4.895540 0.626696 2.820860
v -4.895540 0.750889 4.482534
v -4.895540 0.750889 4.482534
v -4.895540 -1.068509 4.482534
v -4.895540 -1.068509 4.482534
v -4.895540 -1.036250 4.863130
v -4.895540 0.783147 4.863130
v -6.351610 0.578115 4.612485
v -6.351610 -0.783929 4.612486
v -4.895540 -1.036250 4.863130
v -4.895540 0.783147 4.863130
v -4.895540 1.296373 4.624715
v -4.895540 1.296373 4.624715
v -4.895540 1.296373 4.081729
v -4.895540 1.296373 2.820860
v -4.895532 -1.542915 2.288031
v 7.053060 -1.542911 2.288031
v 7.053060 -1.542911 2.288031
v 8.875353 -0.193825 2.288031
v 8.875353 -0.193825 2.288031
v 9.723799 -0.193825 2.288031
v 9.723799 -0.193825 2.288031
v 9.723799 -0.193825 1.015594
v -7.731567 -1.284857 0.945987
v -7.731567 -1.284857 2.079209
v -6.132374 -1.542915 2.288031
v -7.731567 -1.284857 2.079209
v -4.895532 -1.542915 2.288031
v -6.132374 -1.542915 2.288031
v -8.570930 -0.461073 4.291776
v -6.351610 -0.783929 4.612486
v -6.351610 0.578115 4.612485
v -8.570930 0.315769 4.291776
v 7.378341 1.296373 -0.000000
v -4.895540 1.296373 -0.000000
v 8.875353 1.296373 -0.000000
v 9.723799 1.081934 -0.000000
v 8.875353 1.296373 -0.000000
v 9.723799 0.926957 -0.000000
v 9.723799 1.081934 -0.000000
v 9.723799 0.817330 -0.000000
v 9.723799 -0.193825 -0.000000
v 8.875353 -0.193825 -0.000000
v 9.723799 -0.193825 -0.000000
v 7.053060 -1.542911 -0.000000
v -4.895532 -1.542915 -0.000000
v -6.132374 -1.542915 -0.000000
v -4.895532 -1.542915 -0.000000
v -7.731567 -1.284857 -0.000000
v -6.132374 -1.542915 -0.000000
v -8.462557 0.196510 -0.000000
v -7.731567 -1.284857 -0.000000
v -8.541809 0.357117 -0.000000
v -6.132375 0.626696 -0.000000
v -8.541809 0.357117 -0.000000
v -6.132374 1.059995 -0.000000
v -6.132375 0.626696 -0.000000
v -4.895540 1.296373 -0.000000
v -6.132374 1.059995 -0.000000
v 8.875353 1.296373 -2.820860
v 9.723799 1.081934 -2.820860
v 9.723799 0.926957 -2.820860
v 8.875353 0.926957 -2.820860
v 7.378341 0.626698 -2.820861
v 8.875353 0.926957 -2.820860
v 8.875353 0.817330 -2.768743
v 7.346524 0.414482 -2.768743
v 9.723799 0.926957 -2.820860
v 9.723799 0.817330 -2.768743
v -6.132375 0.414480 -2.768743
v -6.132375 0.626696 -2.444294
v -4.895540 0.626696 -2.820861
v -4.895539 0.414480 -2.768743
v -8.462557 0.196510 -2.079211
v -8.541809 0.357117 -2.079211
v -6.132375 0.626696 -2.444294
v -6.132375 0.414480 -2.768743
v -4.895540 0.783147 -4.863131
v -4.895540 1.296373 -4.624716
v 7.378341 1.296373 -4.624717
v 7.378341 0.848482 -4.863131
v -4.895539 0.414480 -2.768743
v -4.895540 0.626696 -2.820861
v -4.895540 -1.068509 -4.680303
v -4.895540 -1.036250 -4.863131
v 7.378341 -1.036248 -4.863131
v 7.378341 -1.068507 -4.680303
v 7.378341 1.296373 -4.081730
v 7.378341 1.296373 -4.624717
v -4.895540 1.296373 -4.624716
v -4.895540 1.296373 -4.081730
v -8.894060 0.579467 -3.817439
v -8.894060 0.579467 -4.291777
v -8.996466 0.177476 -4.291777
v -8.996466 0.177476 -3.817439
v -6.132375 1.059995 -2.444294
v -8.583950 0.828994 -2.224985
v -8.583950 0.375866 -2.224985
v -6.132375 0.626696 -2.444294
v -8.570930 -0.581776 -4.120466
v -8.570930 -0.461073 -4.291777
v -6.351610 -0.783929 -4.612487
v -6.351610 -0.854987 -4.434711
v -6.351610 0.578115 -4.612486
v -8.570930 0.315769 -4.291777
v -8.570930 0.828994 -4.291777
v -6.351610 1.091341 -4.478661
v -6.351610 1.091341 -4.478661
v -8.570930 0.828994 -4.291777
v -8.570930 0.828994 -3.817439
v -6.351610 1.091341 -3.965790
v -8.570930 0.828994 -4.291777
v -8.570930 0.828994 -3.817439
v -8.996466 0.177476 -4.291777
v -8.894060 0.579467 -4.291777
v -8.996466 -0.581778 -3.817439
v -8.996466 -0.461075 -4.291777
v -8.570930 -0.461073 -4.291777
v -8.570930 -0.581776 -4.120466
v -8.887615 0.579467 -2.115420
v -8.983445 0.177477 -2.078417
v -8.570930 -0.461073 -4.291777
v -8.996466 -0.461075 -4.291777
v -8.996466 0.177476 -4.291777
v -8.996466 -0.461075 -4.291777
v -8.996466 -0.581778 -3.817439
v -8.996466 0.177476 -3.817439
v -8.983445 0.177477 -2.078417
v -8.983445 -0.342525 -2.078417
v -8.583950 -0.342524 -2.224985
v -8.583950 0.375866 -2.224985
v 8.875353 1.296373 -2.820860
v 8.875353 0.926957 -2.820860
v 7.378341 0.626698 -2.820861
v 7.378341 1.296373 -2.820861
v 8.273712 1.085070 -4.228931
v 8.273708 1.085070 -4.611142
v 7.378341 1.296373 -4.624717
v 7.378341 1.296373 -4.081730
v 7.378341 1.296373 -4.624717
v 8.273708 1.085070 -4.611142
v 8.562817 0.636299 -4.729611
v 7.378341 0.848482 -4.863131
v 7.378341 -1.036248 -4.863131
v 8.562817 -0.466607 -4.729611
v 8.562820 -0.498866 -4.665131
v 7.378341 -1.068507 -4.680303
v 7.378341 0.626698 -2.820861
v 8.562820 0.636299 -2.820861
v 8.273712 1.085070 -2.820861
v 7.378341 1.296373 -2.820861
v 7.378341 1.296373 -2.820861
v -4.895540 1.296373 -2.820861
v -8.583950 0.828994 -2.224985
v -6.132375 1.059995 -2.444294
v -8.887615 0.579467 -2.115420
v -8.583950 0.828994 -2.224985
v -8.983445 0.177477 -2.078417
v -8.983445 -0.342525 -2.078417
v -8.983445 0.177477 -2.078417
v -8.583950 -0.342524 -2.224985
v -8.983445 -0.342525 -2.078417
v -8.583950 0.375866 -2.224985
v -8.583950 -0.342524 -2.224985
v -8.570930 -0.581776 -4.120466
v -8.570930 0.283510 -4.120466
v -6.132375 0.626696 -2.444294
v -8.583950 0.375866 -2.224985
v -8.570930 0.283510 -4.120466
v -6.351610 0.545857 -4.434711
v -4.895540 0.626696 -2.820861
v -4.895540 0.750889 -4.680303
v 7.378341 0.750891 -4.680303
v 7.378341 0.626698 -2.820861
v 8.562820 0.636299 -4.665131
v 8.562820 0.636299 -2.820861
v 7.378341 0.626698 -2.820861
v 7.378341 0.750891 -4.680303
v 7.378341 1.296373 -2.820861
v 8.273712 1.085070 -2.820861
v -4.895540 0.750889 -4.680303
v -4.895540 -1.068509 -4.680303
v 7.378341 -1.068507 -4.680303
v 7.378341 0.750891 -4.680303
v 7.378341 0.848482 -4.863131
v 7.378341 -1.036248 -4.863131
v -4.895540 -1.036250 -4.863131
v -4.895540 0.783147 -4.863131
v -8.570930 0.283510 -4.120466
v -8.570930 -0.581776 -4.120466
v -6.351610 -0.854987 -4.434711
v -6.351610 0.545857 -4.434711
v 7.378341 0.750891 -4.680303
v 7.378341 -1.068507 -4.680303
v 8.562820 -0.498866 -4.665131
v 8.562820 0.636299 -4.665131
v 8.562820 0.636299 -4.665131
v 8.562820 -0.498866 -4.665131
v 8.562817 -0.466607 -4.729611
v 8.562817 0.636299 -4.729611
v 8.562817 0.636299 -4.729611
v 8.562817 -0.466607 -4.729611
v 7.378341 -1.036248 -4.863131
v 7.378341 0.848482 -4.863131
v 8.273712 1.085070 -4.228931
v 8.562820 0.636299 -4.665131
v 8.562817 0.636299 -4.729611
v 8.273708 1.085070 -4.611142
v 8.562820 0.636299 -4.665131
v 8.273712 1.085070 -2.820861
v 8.562820 0.636299 -2.820861
v -4.895540 1.296373 -1.193206
v 7.378341 1.296373 -1.193206
v 8.875353 1.296373 -1.193205
v 8.875353 1.296373 -2.820860
v 9.723799 1.081934 -1.193205
v 9.723799 1.081934 -2.820860
v 8.875353 1.296373 -2.820860
v 8.875353 1.296373 -1.193205
v 9.723799 0.926957 -2.820860
v 9.723799 1.081934 -2.820860
v 9.723799 1.081934 -1.193205
v 9.723799 0.926957 -1.193205
v 9.723799 0.817330 -2.768743
v 9.723799 0.817330 -1.175833
v 8.875353 -0.193825 -2.288032
v 9.723799 -0.193825 -2.288032
v 9.723799 -0.193825 -1.015595
v 8.875353 -0.193825 -1.015595
v 7.053060 -1.542911 -2.288032
v 7.053060 -1.542911 -1.015595
v -4.895532 -1.542915 -1.015595
v -4.895532 -1.542915 -2.288032
v -6.132374 -1.542915 -1.015595
v -6.132374 -1.542915 -2.288032
v -4.895532 -1.542915 -2.288032
v -4.895532 -1.542915 -1.015595
v -7.731567 -1.284857 -0.945988
v -7.731567 -1.284857 -2.079210
v -6.132374 -1.542915 -2.288032
v -6.132374 -1.542915 -1.015595
v -8.541809 0.357117 -0.945988
v -8.541809 0.357117 -2.079211
v -8.462557 0.196510 -2.079211
v -8.462557 0.196510 -0.945988
v -6.132375 0.626696 -2.444294
v -8.541809 0.357117 -2.079211
v -8.541809 0.357117 -0.945988
v -6.132375 0.626696 -1.193205
v -6.132374 1.059995 -1.193206
v -6.132375 1.059995 -2.444294
v -6.132375 0.626696 -2.444294
v -6.132375 0.626696 -1.193205
v -4.895540 1.296373 -2.820861
v -6.132375 1.059995 -2.444294
v -6.132374 1.059995 -1.193206
v -4.895540 1.296373 -1.193206
v -4.895540 0.626696 -2.820861
v -4.895540 0.750889 -4.680303
v -4.895540 -1.068509 -4.680303
v -4.895540 0.750889 -4.680303
v -4.895540 -1.036250 -4.863131
v -4.895540 -1.068509 -4.680303
v -4.895540 0.783147 -4.863131
v -4.895540 -1.036250 -4.863131
v -6.351610 -0.783929 -4.612487
v -6.351610 0.578115 -4.612486
v -4.895540 0.783147 -4.863131
v -4.895540 1.296373 -4.624716
v -4.895540 1.296373 -4.624716
v -4.895540 1.296373 -4.081730
v -4.895540 1.296373 -2.820861
v -4.895532 -1.542915 -2.288032
v 7.053060 -1.542911 -2.288032
v 8.875353 -0.193825 -2.288032
v 7.053060 -1.542911 -2.288032
v 9.723799 -0.193825 -2.288032
v 8.875353 -0.193825 -2.288032
v 9.723799 -0.193825 -2.288032
v 9.723799 -0.193825 -1.015595
v -7.731567 -1.284857 -2.079210
v -7.731567 -1.284857 -0.945988
v -6.132374 -1.542915 -2.288032
v -7.731567 -1.284857 -2.079210
v -4.895532 -1.542915 -2.288032
v -6.132374 -1.542915 -2.288032
v -8.570930 -0.461073 -4.291777
v -8.570930 0.315769 -4.291777
v -6.351610 0.578115 -4.612486
v -6.351610 -0.783929 -4.612487
v -9.141551 0.332262 -2.459851
v -8.539904 0.332262 -2.459851
v -8.539904 0.442740 -2.459851
v -9.141551 0.442740 -2.459851
v -9.141551 0.442740 -3.822946
v -8.539904 0.442740 -3.822946
v -8.539904 0.442740 -3.934479
v -9.141551 0.442740 -3.934479
v -9.141551 0.442740 -4.067580
v -8.539904 0.442740 -4.067580
v -8.539904 0.313794 -4.067580
v -9.141551 0.313794 -4.067580
v -9.141551 -0.351352 -3.934479
v -8.539904 -0.351352 -3.934479
v -8.539904 -0.373335 -3.822946
v -9.141551 -0.373335 -3.822946
v -8.539904 0.442740 -3.822946
v -8.539904 0.305697 -3.822946
v -8.539904 0.309389 -3.934479
v -8.539904 0.442740 -3.934479
v -9.141551 0.442740 -3.934479
v -9.141551 0.309389 -3.934479
v -9.141551 0.305697 -3.822946
v -9.141551 0.442740 -3.822946
v -9.141551 0.442740 -2.577342
v -8.539904 0.442740 -2.577342
v -8.539904 0.442740 -2.577342
v -8.539904 0.329972 -2.577342
v -8.539904 -0.228777 -2.577341
v -9.141551 -0.228777 -2.577341
v -9.141551 0.329972 -2.577341
v -9.141551 0.442740 -2.577342
v -9.141551 -0.129670 -2.459851
v -8.539904 -0.129670 -2.459851
v -8.539904 -0.141534 -2.577342
v -8.539904 -0.267312 -3.822946
v -8.539904 -0.248185 -3.934479
v -8.539904 -0.225358 -4.067580
v -9.141551 -0.225358 -4.067580
v -9.028681 0.309389 -3.934479
v -9.028681 -0.248185 -3.934479
v -9.028681 -0.267312 -3.822946
v -9.028681 0.305697 -3.822946
v -9.028681 -0.141534 -2.577341
v -9.028681 0.329972 -2.577341
v -9.141551 -0.215141 -2.459851
v -8.539904 -0.215141 -2.459851
v -8.539904 -0.228777 -2.577341
v -8.539904 -0.373335 -3.822946
v -8.539904 -0.351352 -3.934479
v -8.539904 -0.325117 -4.067580
v -9.141551 -0.325117 -4.067580
v -9.141551 -0.248185 -3.934479
v -9.141551 -0.351352 -3.934479
v -9.141551 -0.373335 -3.822946
v -9.141551 -0.267312 -3.822946
v -9.141551 -0.228777 -2.577341
v -9.141551 -0.141534 -2.577341
v -9.141551 -0.325117 -4.067580
v -8.539904 -0.325117 -4.067580
v -8.539904 -0.225358 -4.067580
v -8.539904 -0.325117 -4.067580
v -8.539904 0.313794 -4.067580
v -8.539904 0.442740 -4.067580
v -8.539904 0.442740 -4.067580
v -9.141551 0.442740 -4.067580
v -9.141551 0.313794 -4.067580
v -9.141551 0.442740 -4.067580
v -9.141551 -0.225358 -4.067580
v -9.141551 -0.325117 -4.067580
v -9.141551 0.442740 -2.459851
v -8.539904 0.442740 -2.459851
v -8.539904 0.332262 -2.459851
v -8.539904 0.442740 -2.459851
v -8.539904 -0.129670 -2.459851
v -8.539904 -0.215141 -2.459851
v -8.539904 -0.215141 -2.459851
v -9.141551 -0.215141 -2.459851
v -9.141551 -0.129670 -2.459851
v -9.141551 -0.215141 -2.459851
v -9.141551 0.332262 -2.459851
v -9.141551 0.442740 -2.459851
v -9.141551 0.309389 -3.934479
v -9.141551 -0.248185 -3.934479
v -9.028681 -0.248185 -3.934479
v -9.028681 0.309389 -3.934479
v -9.141551 -0.248185 -3.934479
v -9.141551 -0.267312 -3.822946
v -9.028681 -0.267312 -3.822946
v -9.028681 -0.248185 -3.934479
v -9.141551 0.305697 -3.822946
v -9.141551 0.309389 -3.934479
v -9.028681 0.309389 -3.934479
v -9.028681 0.305697 -3.822946
v -9.141551 -0.141534 -2.577341
v -9.141551 0.329972 -2.577341
v -9.028681 0.329972 -2.577341
v -9.028681 -0.141534 -2.577341
v -9.141551 0.329972 -2.577341
v -9.141551 0.305697 -3.822946
v -9.028681 0.305697 -3.822946
v -9.028681 0.329972 -2.577341
v -9.141551 -0.267312 -3.822946
v -9.141551 -0.141534 -2.577341
v -9.028681 -0.141534 -2.577341
v -9.028681 -0.267312 -3.822946
v -9.141551 0.332262 2.459850
v -9.141551 0.442740 2.459850
v -8.539904 0.442740 2.459850
v -8.539904 0.332262 2.459850
v -9.141551 0.442740 3.822945
v -9.141551 0.442740 3.934479
v -8.539904 0.442740 3.934479
v -8.539904 0.442740 3.822945
v -9.141551 0.442740 4.067579
v -9.141551 0.313794 4.067579
v -8.539904 0.313794 4.067579
v -8.539904 0.442740 4.067579
v -9.141551 -0.351352 3.934479
v -9.141551 -0.373335 3.822945
v -8.539904 -0.373335 3.822945
v -8.539904 -0.351352 3.934479
v -8.539904 0.442740 3.822945
v -8.539904 0.442740 3.934479
v -8.539904 0.309389 3.934479
v -8.539904 0.305697 3.822945
v -9.141551 0.442740 3.934479
v -9.141551 0.442740 3.822945
v -9.141551 0.305697 3.822945
v -9.141551 0.309389 3.934479
v -9.141551 0.442740 2.577341
v -8.539904 0.442740 2.577341
v -8.539904 0.442740 2.577341
v -8.539904 0.329972 2.577341
v -9.141551 -0.228777 2.577340
v -8.539904 -0.228777 2.577340
v -9.141551 0.442740 2.577341
v -9.141551 0.329972 2.577340
v -9.141551 -0.129670 2.459850
v -8.539904 -0.129670 2.459850
v -8.539904 -0.267312 3.822945
v -8.539904 -0.141534 2.577341
v -8.539904 -0.248185 3.934479
v -9.141551 -0.225358 4.067579
v -8.539904 -0.225358 4.067579
v -9.028681 0.309389 3.934479
v -9.028681 0.305697 3.822945
v -9.028681 -0.267312 3.822945
v -9.028681 -0.248185 3.934479
v -9.028681 -0.141534 2.577340
v -9.028681 0.329972 2.577340
v -9.141551 -0.215141 2.459850
v -8.539904 -0.215141 2.459850
v -8.539904 -0.373335 3.822945
v -8.539904 -0.228777 2.577340
v -8.539904 -0.351352 3.934479
v -9.141551 -0.325117 4.067579
v -8.539904 -0.325117 4.067579
v -9.141551 -0.248185 3.934479
v -9.141551 -0.267312 3.822945
v -9.141551 -0.373335 3.822945
v -9.141551 -0.351352 3.934479
v -9.141551 -0.228777 2.577340
v -9.141551 -0.141534 2.577340
v -9.141551 -0.325117 4.067579
v -8.539904 -0.325117 4.067579
v -8.539904 -0.225358 4.067579
v -8.539904 -0.325117 4.067579
v -8.539904 0.313794 4.067579
v -8.539904 0.442740 4.067579
v -9.141551 0.442740 4.067579
v -8.539904 0.442740 4.067579
v -9.141551 0.313794 4.067579
v -9.141551 0.442740 4.067579
v -9.141551 -0.225358 4.067579
v -9.141551 -0.325117 4.067579
v -9.141551 0.442740 2.459850
v -8.539904 0.442740 2.459850
v -8.539904 0.332262 2.459850
v -8.539904 0.442740 2.459850
v -8.539904 -0.129670 2.459850
v -8.539904 -0.215141 2.459850
v -9.141551 -0.215141 2.459850
v -8.539904 -0.215141 2.459850
v -9.141551 -0.129670 2.459850
v -9.141551 -0.215141 2.459850
v -9.141551 0.332262 2.459850
v -9.141551 0.442740 2.459850
v -9.141551 0.309389 3.934479
v -9.028681 0.309389 3.934479
v -9.028681 -0.248185 3.934479
v -9.141551 -0.248185 3.934479
v -9.141551 -0.248185 3.934479
v -9.028681 -0.248185 3.934479
v -9.028681 -0.267312 3.822945
v -9.141551 -0.267312 3.822945
v -9.141551 0.305697 3.822945
v -9.028681 0.305697 3.822945
v -9.028681 0.309389 3.934479
v -9.141551 0.309389 3.934479
v -9.141551 -0.141534 2.577340
v -9.028681 -0.141534 2.577340
v -9.028681 0.329972 2.577340
v -9.141551 0.329972 2.577340
v -9.141551 0.329972 2.577340
v -9.028681 0.329972 2.577340
v -9.028681 0.305697 3.822945
v -9.141551 0.305697 3.822945
v -9.141551 -0.267312 3.822945
v -9.028681 -0.267312 3.822945
v -9.028681 -0.141534 2.577340
v -9.141551 -0.141534 2.577340
vn -0.9611 0.1371 0.2398
vn -0.9611 0.1372 0.2398
vn 0.9611 -0.1371 -0.2398
vn -0.9611 0.1371 -0.2398
vn -0.9611 0.1372 -0.2398
vn 0.9611 -0.1371 0.2398
vn -0.9900 0.1412 -0.0000
vn -0.9900 0.1413 -0.0000
vn 0.9900 -0.1412 -0.0000
vn 0.9900 -0.1413 -0.0000
vn -0.9650 -0.1063 0.2398
vn 0.9650 0.1063 -0.2398
vn 0.9650 0.1064 -0.2398
vn -0.9650 -0.1063 -0.2398
vn 0.9650 0.1063 0.2398
vn 0.9650 0.1064 0.2398
vn -0.9940 -0.1095 -0.0000
vn 0.9940 0.1095 -0.0000
vn -0.0000 -1.0000 -0.0000
vn 0.1248 0.9683 -0.2162
vn -0.1248 0.9683 -0.2162
vn -0.2496 0.9683 -0.0000
vn -0.1248 0.9683 0.2162
vn 0.1248 0.9683 0.2162
vn 0.2496 0.9683 -0.0000
vn -0.0000 -0.0000 -1.0000
vn -0.0000 -0.0000 1.0000
vn -0.0000 1.0000 -0.0000
vn -0.9401 -0.3410 -0.0000
vn 0.9993 -0.0384 -0.0000
vn 0.9993 -0.0384 -0.0001
vn 0.9993 -0.0382 -0.0005
vn 0.9993 -0.0383 -0.0002
vn 0.9970 -0.0768 -0.0000
vn -0.3544 0.9351 -0.0000
vn 0.9993 -0.0386 -0.0000
vn 0.9993 -0.0382 -0.0000
vn 0.9993 -0.0383 0.0001
vn 0.9993 -0.0383 -0.0001
vn 0.9993 -0.0383 -0.0000
vn 0.9993 -0.0387 -0.0000
vn 0.3585 -0.9335 -0.0000
vn -0.3996 0.9167 -0.0000
vn 0.4224 -0.9064 0.0021
vn -0.0005 0.0011 -1.0000
vn 0.9993 -0.0383 0.0002
vn 0.9993 -0.0384 0.0003
vn 0.4224 -0.9064 -0.0021
vn -0.0005 0.0011 1.0000
vn 0.9993 -0.0385 0.0003
vn 0.9993 -0.0385 -0.0002
vn 0.9993 -0.0384 0.0002
vn 0.9993 -0.0385 -0.0003
vn 0.4224 -0.9064 0.0032
vn -0.0003 0.0007 -1.0000
vn 0.9993 -0.0381 0.0001
vn 0.4224 -0.9064 -0.0032
vn -0.0003 0.0007 1.0000
vn -0.2077 -0.9311 -0.3000
vn -0.2538 -0.7810 -0.5706
vn -0.2751 -0.5545 -0.7854
vn -0.2694 -0.2737 -0.9233
vn -0.2374 0.0339 -0.9708
vn -0.1821 0.3381 -0.9233
vn -0.1090 0.6093 -0.7854
vn -0.0253 0.8208 -0.5706
vn 0.0610 0.9520 -0.3000
vn 0.1412 0.9900 -0.0000
vn 0.2077 0.9311 0.3000
vn 0.2538 0.7810 0.5706
vn 0.2751 0.5545 0.7854
vn 0.2694 0.2737 0.9233
vn 0.2374 -0.0339 0.9708
vn 0.1821 -0.3381 0.9233
vn 0.1090 -0.6093 0.7854
vn 0.0253 -0.8208 0.5706
vn -0.0610 -0.9520 0.3000
vn -0.1412 -0.9900 -0.0000
vn -0.2077 -0.9311 0.3000
vn -0.2538 -0.7810 0.5706
vn -0.2751 -0.5545 0.7854
vn -0.2694 -0.2737 0.9233
vn -0.2374 0.0339 0.9708
vn -0.1821 0.3381 0.9233
vn -0.1090 0.6093 0.7854
vn -0.0253 0.8208 0.5706
vn 0.0610 0.9520 0.3000
vn 0.2077 0.9311 -0.3000
vn 0.2538 0.7810 -0.5706
vn 0.2751 0.5545 -0.7854
vn 0.2694 0.2737 -0.9233
vn 0.2374 -0.0339 -0.9708
vn 0.1821 -0.3381 -0.9233
vn 0.1090 -0.6093 -0.7854
vn 0.0253 -0.8208 -0.5706
vn -0.0610 -0.9520 -0.3000
vn -0.1343 -0.9415 -0.3090
vn -0.1143 -0.8009 -0.5878
vn -0.0830 -0.5819 -0.8090
vn -0.0436 -0.3059 -0.9511
vn 0.0436 0.3059 -0.9511
vn 0.0830 0.5819 -0.8090
vn 0.0831 0.5819 -0.8090
vn 0.1143 0.8009 -0.5878
vn 0.1343 0.9415 -0.3090
vn 0.1343 0.9415 0.3090
vn 0.1143 0.8009 0.5878
vn 0.0830 0.5819 0.8090
vn 0.0436 0.3059 0.9511
vn -0.0436 -0.3059 0.9511
vn -0.0830 -0.5819 0.8090
vn -0.1143 -0.8009 0.5878
vn -0.1343 -0.9415 0.3090
vn 0.0305 -0.9535 -0.3000
vn -0.0515 -0.8196 -0.5706
vn -0.1284 -0.6055 -0.7854
vn -0.1285 -0.6055 -0.7854
vn -0.1928 -0.3321 -0.9233
vn -0.2383 -0.0263 -0.9708
vn -0.2605 0.2822 -0.9233
vn -0.2572 0.5630 -0.7854
vn -0.2287 0.7887 -0.5706
vn -0.1778 0.9372 -0.3000
vn -0.1095 0.9940 -0.0000
vn -0.0305 0.9535 0.3000
vn 0.0515 0.8196 0.5706
vn 0.1285 0.6055 0.7854
vn 0.1284 0.6055 0.7854
vn 0.1928 0.3321 0.9233
vn 0.2383 0.0263 0.9708
vn 0.2605 -0.2822 0.9233
vn 0.2572 -0.5630 0.7854
vn 0.2287 -0.7887 0.5706
vn 0.1778 -0.9372 0.3000
vn 0.1095 -0.9940 -0.0000
vn 0.0305 -0.9535 0.3000
vn -0.0515 -0.8196 0.5706
vn -0.1285 -0.6055 0.7854
vn -0.1284 -0.6055 0.7854
vn -0.1928 -0.3321 0.9233
vn -0.2383 -0.0263 0.9708
vn -0.2605 0.2822 0.9233
vn -0.2572 0.5630 0.7854
vn -0.2287 0.7887 0.5706
vn -0.1778 0.9372 0.3000
vn -0.0305 0.9535 -0.3000
vn 0.0515 0.8196 -0.5706
vn 0.1284 0.6055 -0.7854
vn 0.1285 0.6055 -0.7854
vn 0.1928 0.3321 -0.9233
vn 0.2383 0.0263 -0.9708
vn 0.2605 -0.2822 -0.9233
vn 0.2572 -0.5630 -0.7854
vn 0.2287 -0.7887 -0.5706
vn 0.1778 -0.9372 -0.3000
vn 0.1042 -0.9453 -0.3090
vn 0.0886 -0.8042 -0.5878
vn 0.0644 -0.5843 -0.8090
vn 0.0644 -0.5842 -0.8090
vn 0.0338 -0.3072 -0.9511
vn -0.0338 0.3072 -0.9511
vn -0.0644 0.5842 -0.8090
vn -0.0644 0.5843 -0.8090
vn -0.0886 0.8042 -0.5878
vn -0.1042 0.9453 -0.3090
vn -0.1042 0.9453 0.3090
vn -0.0886 0.8041 0.5878
vn -0.0886 0.8042 0.5878
vn -0.0644 0.5843 0.8090
vn -0.0644 0.5842 0.8090
vn -0.0338 0.3072 0.9511
vn 0.0338 -0.3072 0.9511
vn 0.0644 -0.5842 0.8090
vn 0.0644 -0.5843 0.8090
vn 0.0886 -0.8042 0.5878
vn 0.1042 -0.9453 0.3090
vn 0.4067 0.9136 -0.0000
vn 0.9694 0.2454 -0.0000
vn -1.0000 -0.0000 -0.0000
vn 0.5000 -0.0000 -0.8660
vn -0.5000 -0.0000 -0.8660
vn -0.5000 -0.0000 0.8660
vn 0.5000 -0.0000 0.8660
vn 1.0000 -0.0000 -0.0000
vn 0.9993 -0.0384 -0.0002
vn 0.9993 -0.0381 -0.0000
vn 0.9993 -0.0384 0.0001
vn -0.3502 0.9367 -0.0000
vn 0.3502 -0.9367 0.0024
vn -0.0004 0.0010 -1.0000
vn 0.9993 -0.0384 -0.0003
vn 0.9993 -0.0383 0.0003
vn 0.3502 -0.9367 -0.0024
vn -0.0004 0.0010 1.0000
vn -0.6193 -0.0615 0.7827
vn -0.8505 -0.0844 0.5192
vn -0.0988 0.9951 -0.0000
vn -0.6193 -0.0615 -0.7827
vn -0.8505 -0.0844 -0.5192
vn 0.0988 -0.9951 -0.0000
vn 0.9951 0.0988 -0.0000
vn -0.8485 -0.0842 -0.5225
vn -0.9948 -0.0988 -0.0253
vn -0.9948 -0.0988 0.0253
vn -0.8485 -0.0842 0.5225
vn -0.4811 -0.0478 -0.8754
vn -0.1998 -0.0198 -0.9796
vn -0.4811 -0.0478 0.8754
vn -0.1998 -0.0198 0.9796
vn -0.9951 -0.0988 -0.0000
vn -0.3234 -0.0321 -0.9457
vn -0.3234 -0.0321 0.9457
vn 0.4083 -0.9128 -0.0000
vn 0.1246 -0.0000 -0.9922
vn 0.1599 0.9871 -0.0000
vn -0.1301 -0.0000 0.9915
vn -0.1308 -0.9914 -0.0000
vn 0.1805 -0.0000 0.9836
vn -0.1138 0.9935 -0.0000
vn -0.1793 -0.0000 -0.9838
vn 0.1246 -0.0000 0.9922
vn -0.1301 -0.0000 -0.9915
vn 0.1805 -0.0000 -0.9836
vn -0.1793 -0.0000 0.9838
vn 0.0483 0.9988 -0.0030
vn 0.2737 0.9618 -0.0028
vn 0.2723 0.9622 -0.0018
vn 0.2723 0.9622 0.0018
vn 0.2737 0.9618 0.0028
vn 0.0482 0.9988 0.0030
vn -0.1323 0.9912 -0.0000
vn -0.0813 -0.0000 -0.9967
vn 0.0830 -0.9965 -0.0000
vn -0.0813 -0.0000 0.9967
vn -0.2014 -0.0484 0.9783
vn -0.2143 -0.0515 0.9754
vn -0.2197 -0.0528 0.9741
vn -0.2014 -0.0485 -0.9783
vn -0.2014 -0.0484 -0.9783
vn -0.2197 -0.0528 -0.9741
vn -0.2143 -0.0516 -0.9754
vn -0.7148 -0.3438 -0.6090
vn -0.8032 -0.3863 -0.4536
vn -0.8440 -0.4059 -0.3505
vn -0.8031 -0.3863 0.4536
vn -0.7148 -0.3438 0.6090
vn -0.8440 -0.4059 0.3506
vn -0.8971 -0.4314 -0.0955
vn -0.8976 -0.4317 -0.0890
vn -0.8971 -0.4314 0.0955
vn -0.8976 -0.4317 0.0890
vn 0.9719 -0.2315 -0.0436
vn 0.9837 -0.1519 -0.0963
vn 0.9392 -0.2901 -0.1839
vn 0.8967 -0.4362 -0.0747
vn 0.9555 -0.2951 -0.0000
vn 0.8508 -0.5256 -0.0000
vn 0.8967 -0.4362 0.0747
vn 0.9719 -0.2315 0.0435
vn 0.9392 -0.2901 0.1839
vn 0.9837 -0.1519 0.0963
vn -0.2602 -0.0626 -0.9635
vn -0.2680 -0.0644 -0.9613
vn -0.3006 -0.0723 -0.9510
vn -0.8260 -0.3973 -0.3999
vn -0.8088 -0.3890 -0.4410
vn -0.8252 -0.3980 0.4008
vn -0.8084 -0.3894 0.4414
vn -0.7131 -0.3455 0.6100
vn -0.7138 -0.3448 0.6096
vn -0.2682 -0.0649 0.9612
vn -0.2603 -0.0629 0.9635
vn -0.3011 -0.0735 0.9508
vn -0.8818 -0.4241 -0.2062
vn -0.8818 -0.4241 0.2062
vn -0.2804 -0.0334 0.9593
vn -0.0926 0.9957 -0.0000
vn -0.2804 -0.0334 -0.9593
vn 0.0926 -0.9957 -0.0000
vn 0.9930 0.1184 -0.0000
vn -0.9930 -0.1184 -0.0000
vn -0.2532 -0.0302 0.9669
vn -0.2532 -0.0302 -0.9669
vn -0.0000 -0.0555 0.9985
vn -0.0000 -0.0555 -0.9985
vn 0.6142 -0.7891 -0.0000
vn -1.0000 -0.0013 -0.0000
vn -0.1745 -0.9847 -0.0000
vn -0.1461 -0.1609 0.9761
vn -0.1462 -0.1609 0.9761
vn 0.1745 0.9847 -0.0000
vn -0.1461 -0.1609 -0.9761
vn -0.1462 -0.1609 -0.9761
vn -0.0000 -0.9928 0.1197
vn -0.9865 0.1638 -0.0000
vn -0.9865 0.1639 -0.0000
vn 0.9452 -0.3266 -0.0000
vn -0.9452 0.3266 -0.0000
vn -0.0000 0.9931 -0.1174
vn -0.0000 -0.9928 -0.1197
vn -0.0000 0.9931 0.1174
vn 0.9511 0.3090 -0.0000
vn 0.8090 0.5878 -0.0000
vn 0.5878 0.8090 -0.0000
vn 0.5878 0.8090 0.0001
vn 0.5877 0.8090 -0.0000
vn 0.3090 0.9511 -0.0000
vn -0.3090 0.9511 -0.0000
vn -0.5878 0.8090 -0.0000
vn -0.5877 0.8090 -0.0001
vn -0.8090 0.5878 -0.0000
vn -0.9511 0.3090 -0.0000
vn -0.9511 -0.3090 -0.0000
vn -0.8090 -0.5878 -0.0000
vn -0.5878 -0.8090 -0.0000
vn -0.3090 -0.9511 -0.0000
vn 0.3090 -0.9511 -0.0000
vn 0.5878 -0.8090 -0.0000
vn 0.8090 -0.5878 -0.0000
vn 0.9511 -0.3090 -0.0000
vn -0.5877 0.8090 -0.0000
vn -0.5878 -0.8090 0.0001
vn -0.5878 -0.8090 -0.0001
vn -0.5878 0.8090 -0.0001
vn -0.5877 -0.8090 -0.0000
vn 0.5878 -0.8090 -0.0001
vn 0.5878 0.8090 -0.0001
vn 0.5878 -0.8090 0.0001
vn -0.5878 0.8090 0.0001
vn 0.9511 -0.0000 -0.3090
vn 0.8090 -0.0000 -0.5878
vn 0.5878 -0.0000 -0.8090
vn 0.5878 -0.0001 -0.8090
vn 0.5878 0.0001 -0.8090
vn 0.3090 -0.0000 -0.9511
vn -0.3090 -0.0000 -0.9511
vn -0.5878 -0.0000 -0.8090
vn -0.8090 -0.0000 -0.5878
vn -0.9511 -0.0000 -0.3090
vn -0.9511 -0.0000 0.3090
vn -0.8090 -0.0000 0.5878
vn -0.5878 -0.0000 0.8090
vn -0.3090 -0.0000 0.9511
vn 0.3090 -0.0000 0.9511
vn 0.5878 -0.0000 0.8090
vn 0.8090 -0.0000 0.5878
vn 0.9511 -0.0000 0.3090
vn 0.9993 -0.0382 -0.0004
vn -0.0000 -0.0001 1.0000
vn 0.4224 -0.9064 0.0014
vn -0.0007 0.0016 -1.0000
vn -0.0008 0.0016 -1.0000
vn 0.9993 -0.0382 0.0004
vn -0.0000 -0.0001 -1.0000
vn 0.4224 -0.9064 -0.0014
vn -0.0008 0.0016 1.0000
vn -0.0007 0.0016 1.0000
vn 0.0081 -0.2470 0.9690
vn 0.0191 -0.2484 0.9685
vn 0.1091 -0.3531 0.9292
vn 0.0500 -0.3512 0.9350
vn -0.0000 -0.4294 0.9031
vn -0.0147 -0.1568 0.9875
vn -0.1271 0.5357 0.8348
vn -0.2366 -0.0154 0.9715
vn -0.2320 -0.0716 0.9701
vn -0.2314 0.6102 0.7577
vn -0.0012 0.4444 0.8958
vn -0.0012 0.4445 0.8958
vn -0.0000 -0.2385 0.9711
vn -0.0009 -0.9935 0.1138
vn -0.8465 0.5325 -0.0019
vn -0.9705 0.2412 -0.0043
vn -0.9691 0.2469 -0.0000
vn -0.8372 0.5469 -0.0000
vn 0.0891 -0.0000 -0.9960
vn 0.1292 0.0004 -0.9916
vn 0.1068 0.0002 -0.9943
vn -0.1834 -0.8616 0.4733
vn -0.1808 -0.9235 0.3382
vn -0.1805 -0.9275 0.3273
vn -0.1461 0.2093 0.9669
vn -0.1487 0.2213 0.9638
vn -0.1188 0.1193 0.9857
vn -0.0911 0.0915 0.9916
vn -0.1271 0.9919 -0.0000
vn -0.1225 0.9924 -0.0144
vn -0.1067 0.9942 -0.0132
vn -0.1174 0.9931 -0.0000
vn -0.6112 0.7915 -0.0000
vn -0.6203 0.7843 0.0010
vn 0.0559 -0.9941 -0.0927
vn 0.0134 -0.9998 0.0123
vn -0.1238 -0.9295 0.3475
vn -0.1237 -0.9295 0.3475
vn 0.3407 0.0026 -0.9402
vn 0.3409 0.0025 -0.9401
vn -1.0000 -0.0000 -0.0058
vn -1.0000 -0.0000 -0.0059
vn 0.3444 -0.0000 -0.9388
vn 0.5472 0.8370 -0.0000
vn 0.2297 0.9733 -0.0000
vn 0.3972 0.9177 -0.0000
vn 0.1465 0.4062 0.9020
vn 0.1465 0.4063 0.9019
vn 0.4336 -0.8719 0.2275
vn -0.1214 0.9924 -0.0191
vn -0.1037 0.9945 -0.0169
vn -0.6230 0.7822 0.0012
vn -0.8697 0.4936 -0.0028
vn -0.9708 0.2396 -0.0055
vn -1.0000 -0.0000 -0.0075
vn 0.0710 -0.9889 -0.1302
vn 0.0709 -0.9889 -0.1302
vn 1.0000 -0.0000 -0.0069
vn 0.1004 -0.9947 -0.0205
vn 0.0998 -0.9948 -0.0196
vn 0.1134 -0.9928 -0.0383
vn 0.1134 -0.9928 -0.0382
vn -0.0006 -0.9975 0.0704
vn -0.0006 -0.9975 0.0703
vn -0.0440 -0.9985 0.0335
vn 0.5193 0.8546 -0.0000
vn 0.0161 -0.0000 -0.9999
vn 0.1402 -0.0000 -0.9901
vn 0.0844 -0.0000 -0.9964
vn 0.0842 -0.0000 -0.9964
vn -0.0128 -0.0000 -0.9999
vn 1.0000 -0.0000 0.0001
vn 0.1120 -0.0000 0.9937
vn 0.5473 0.8370 -0.0000
vn 0.8406 0.5416 -0.0000
vn 0.8406 0.5416 0.0001
vn 0.8407 0.5416 -0.0000
vn 0.2450 0.9695 -0.0000
vn 0.4508 -0.8926 -0.0000
vn 0.0976 -0.9952 -0.0000
vn -0.1593 -0.9872 -0.0000
vn -0.8968 -0.4425 -0.0000
vn -0.1112 0.9938 -0.0000
vn -0.1877 0.9822 -0.0000
vn 0.0733 -0.9972 0.0162
vn 0.0734 -0.9972 0.0163
vn 0.0328 -0.0000 -0.9995
vn -0.1733 -0.9684 0.1792
vn -0.1696 -0.0000 0.9855
vn -0.1734 0.3358 0.9259
vn -0.1734 0.3358 0.9258
vn -0.1394 0.9902 -0.0000
vn -0.1520 0.9883 -0.0163
vn -0.1575 0.9872 -0.0235
vn 0.1666 -0.3187 0.9331
vn -0.2209 -0.1809 0.9584
vn -0.1430 -0.0000 0.9897
vn 0.0975 -0.9952 -0.0000
vn 0.0081 -0.2470 -0.9690
vn 0.0500 -0.3512 -0.9350
vn 0.1091 -0.3531 -0.9292
vn 0.0191 -0.2484 -0.9685
vn -0.0000 -0.4294 -0.9031
vn -0.0147 -0.1568 -0.9875
vn -0.1271 0.5357 -0.8348
vn -0.2366 -0.0154 -0.9715
vn -0.2313 0.6102 -0.7577
vn -0.2314 0.6103 -0.7577
vn -0.2320 -0.0716 -0.9701
vn -0.0012 0.4444 -0.8958
vn -0.0012 0.4445 -0.8958
vn -0.0000 -0.2385 -0.9711
vn -0.0000 -0.9848 -0.1738
vn -0.8465 0.5325 0.0019
vn -0.9705 0.2412 0.0043
vn 0.0891 -0.0000 0.9960
vn 0.1068 0.0002 0.9943
vn 0.1292 0.0004 0.9916
vn -0.1834 -0.8616 -0.4733
vn -0.1900 -0.8999 -0.3925
vn -0.1892 -0.8953 -0.4033
vn -0.1461 0.2093 -0.9669
vn -0.0911 0.0915 -0.9916
vn -0.1188 0.1193 -0.9857
vn -0.1487 0.2213 -0.9638
vn -0.1067 0.9942 0.0132
vn -0.1224 0.9924 0.0143
vn -0.6203 0.7843 -0.0010
vn 0.0559 -0.9941 0.0927
vn -0.1237 -0.9295 -0.3475
vn -0.1238 -0.9295 -0.3476
vn 0.0134 -0.9998 -0.0123
vn 0.3409 0.0025 0.9401
vn 0.3409 0.0024 0.9401
vn -1.0000 -0.0000 0.0059
vn -1.0000 -0.0000 0.0058
vn 0.3444 -0.0000 0.9388
vn 0.1465 0.4062 -0.9020
vn 0.1465 0.4063 -0.9019
vn 0.4336 -0.8719 -0.2275
vn -0.1037 0.9945 0.0169
vn -0.1214 0.9924 0.0191
vn -0.8697 0.4936 0.0028
vn -0.6230 0.7822 -0.0012
vn -0.9708 0.2396 0.0055
vn -1.0000 -0.0000 0.0075
vn 0.0710 -0.9889 0.1302
vn 0.0709 -0.9889 0.1302
vn 1.0000 -0.0000 0.0069
vn 0.0996 -0.9948 0.0201
vn 0.1134 -0.9928 0.0382
vn 0.0981 -0.9950 0.0181
vn -0.0000 -0.9978 -0.0666
vn -0.0440 -0.9985 -0.0335
vn 0.1402 -0.0000 0.9901
vn 0.1540 -0.0000 0.9881
vn -0.0128 -0.0000 0.9999
vn 1.0000 -0.0000 -0.0001
vn 0.1120 -0.0000 -0.9937
vn 0.8406 0.5416 -0.0001
vn 0.0724 -0.9973 -0.0154
vn 0.1663 -0.0000 0.9861
vn -0.1968 -0.9425 -0.2700
vn -0.1696 -0.0000 -0.9855
vn -0.1734 0.3358 -0.9259
vn -0.1734 0.3358 -0.9258
vn -0.1520 0.9883 0.0163
vn -0.1575 0.9872 0.0235
vn 0.1666 -0.3187 -0.9331
vn -0.2209 -0.1809 -0.9584
vn -0.1430 -0.0000 -0.9897
vn -0.0000 -0.9811 -0.1934
vn -0.0000 -0.9959 0.0899
vn -0.0000 -0.9960 0.0899
vn -0.0000 -0.9933 0.1153
vn -0.0000 0.9856 0.1690
vn -0.0000 -0.9995 -0.0331
vn -0.0000 -0.9998 0.0195
vn -0.0000 0.9949 -0.1005
vn -0.0000 -0.9811 0.1934
vn -0.0000 -0.9960 -0.0899
vn -0.0000 -0.9959 -0.0899
vn -0.0000 -0.9933 -0.1153
vn -0.0000 0.9856 -0.1690
vn -0.0000 -0.9995 0.0331
vn -0.0000 -0.9998 -0.0195
vn -0.0000 0.9949 0.1005
vt 0.014126 0.221638
vt 0.015656 0.222487
vt 0.017352 0.217223
vt 0.012912 0.220358
vt 0.012132 0.218770
vt 0.011863 0.217031
vt 0.012132 0.215311
vt 0.012912 0.213778
vt 0.014126 0.212582
vt 0.015656 0.211840
vt 0.017352 0.211625
vt 0.019048 0.211959
vt 0.020579 0.212807
vt 0.021793 0.214088
vt 0.022572 0.215675
vt 0.022841 0.217414
vt 0.022572 0.219134
vt 0.021793 0.220667
vt 0.020579 0.221863
vt 0.019048 0.222605
vt 0.017352 0.222820
vt 0.015303 0.207556
vt 0.016833 0.206708
vt 0.013607 0.202292
vt 0.018047 0.205427
vt 0.018827 0.203840
vt 0.019096 0.202101
vt 0.018827 0.200380
vt 0.018047 0.198847
vt 0.016833 0.197651
vt 0.015303 0.196910
vt 0.013607 0.196695
vt 0.011911 0.197028
vt 0.010381 0.197877
vt 0.009166 0.199157
vt 0.008387 0.200745
vt 0.008118 0.202484
vt 0.008387 0.204204
vt 0.009166 0.205737
vt 0.010381 0.206933
vt 0.011911 0.207674
vt 0.013607 0.207889
vt 0.035259 0.204592
vt 0.032033 0.200176
vt 0.033729 0.205440
vt 0.036474 0.203311
vt 0.037253 0.201724
vt 0.037522 0.199985
vt 0.037253 0.198265
vt 0.036474 0.196732
vt 0.035259 0.195536
vt 0.033729 0.194794
vt 0.032033 0.194579
vt 0.030337 0.194912
vt 0.028807 0.195761
vt 0.027592 0.197041
vt 0.026813 0.198629
vt 0.026544 0.200368
vt 0.026813 0.202088
vt 0.027592 0.203621
vt 0.028807 0.204817
vt 0.030337 0.205559
vt 0.032033 0.205773
vt 0.048580 0.205411
vt 0.050277 0.200147
vt 0.047050 0.204562
vt 0.045836 0.203282
vt 0.045056 0.201694
vt 0.044788 0.199955
vt 0.045056 0.198235
vt 0.045836 0.196702
vt 0.047050 0.195506
vt 0.048580 0.194764
vt 0.050277 0.194550
vt 0.051973 0.194883
vt 0.053503 0.195731
vt 0.054717 0.197012
vt 0.055497 0.198599
vt 0.055765 0.200338
vt 0.055497 0.202058
vt 0.054717 0.203592
vt 0.053503 0.204787
vt 0.051973 0.205529
vt 0.050277 0.205744
vt 0.171413 0.214047
vt 0.170618 0.215623
vt 0.175941 0.217370
vt 0.172651 0.212796
vt 0.174211 0.211993
vt 0.175941 0.211716
vt 0.177670 0.211993
vt 0.179231 0.212796
vt 0.180469 0.214047
vt 0.181264 0.215623
vt 0.181538 0.217370
vt 0.181264 0.219117
vt 0.180469 0.220693
vt 0.179231 0.221944
vt 0.177670 0.222747
vt 0.175941 0.223024
vt 0.174211 0.222747
vt 0.172651 0.221944
vt 0.171413 0.220693
vt 0.170618 0.219117
vt 0.170344 0.217370
vt 0.153680 0.220044
vt 0.154475 0.221620
vt 0.159004 0.218296
vt 0.155714 0.222870
vt 0.157274 0.223673
vt 0.159004 0.223950
vt 0.160733 0.223673
vt 0.162294 0.222870
vt 0.163532 0.221620
vt 0.164327 0.220044
vt 0.164601 0.218296
vt 0.164327 0.216549
vt 0.163532 0.214973
vt 0.162294 0.213722
vt 0.160733 0.212919
vt 0.159004 0.212643
vt 0.157274 0.212919
vt 0.155714 0.213722
vt 0.154475 0.214973
vt 0.153680 0.216549
vt 0.153407 0.218296
vt 0.104983 0.223908
vt 0.106513 0.224664
vt 0.108209 0.219274
vt 0.103769 0.222697
vt 0.102989 0.221152
vt 0.102721 0.219422
vt 0.102989 0.217678
vt 0.103769 0.216091
vt 0.104983 0.214815
vt 0.106513 0.213975
vt 0.108209 0.213654
vt 0.109906 0.213883
vt 0.111436 0.214640
vt 0.112650 0.215851
vt 0.113430 0.217396
vt 0.113698 0.219125
vt 0.113430 0.220869
vt 0.112650 0.222457
vt 0.111436 0.223733
vt 0.109906 0.224573
vt 0.108209 0.224894
vt 0.093185 0.221478
vt 0.094715 0.220721
vt 0.091489 0.216088
vt 0.095929 0.219511
vt 0.096709 0.217965
vt 0.096978 0.216236
vt 0.096709 0.214492
vt 0.095929 0.212904
vt 0.094715 0.211628
vt 0.093185 0.210789
vt 0.091489 0.210468
vt 0.089793 0.210697
vt 0.088262 0.211454
vt 0.087048 0.212664
vt 0.086269 0.214210
vt 0.086000 0.215939
vt 0.086269 0.217683
vt 0.087048 0.219271
vt 0.088262 0.220547
vt 0.089793 0.221386
vt 0.091489 0.221707
vt 0.077994 0.220721
vt 0.074768 0.216088
vt 0.076464 0.221478
vt 0.079208 0.219511
vt 0.079988 0.217965
vt 0.080257 0.216236
vt 0.079988 0.214492
vt 0.079208 0.212904
vt 0.077994 0.211628
vt 0.076464 0.210789
vt 0.074768 0.210468
vt 0.073072 0.210697
vt 0.071542 0.211454
vt 0.070327 0.212664
vt 0.069548 0.214210
vt 0.069279 0.215939
vt 0.069548 0.217683
vt 0.070327 0.219271
vt 0.071542 0.220547
vt 0.073072 0.221386
vt 0.074768 0.221707
vt 0.056351 0.220491
vt 0.058047 0.215100
vt 0.054821 0.219734
vt 0.053607 0.218523
vt 0.052827 0.216978
vt 0.052558 0.215248
vt 0.052827 0.213504
vt 0.053607 0.211917
vt 0.054821 0.210641
vt 0.056351 0.209801
vt 0.058047 0.209480
vt 0.059743 0.209709
vt 0.061273 0.210466
vt 0.062488 0.211677
vt 0.063267 0.213222
vt 0.063536 0.214951
vt 0.063267 0.216695
vt 0.062488 0.218283
vt 0.061273 0.219559
vt 0.059743 0.220399
vt 0.058047 0.220720
vt 0.137497 0.215917
vt 0.136699 0.217493
vt 0.142044 0.219240
vt 0.138740 0.214666
vt 0.140307 0.213863
vt 0.142044 0.213586
vt 0.143780 0.213863
vt 0.145347 0.214666
vt 0.146590 0.215917
vt 0.147388 0.217493
vt 0.147663 0.219240
vt 0.147388 0.220987
vt 0.146590 0.222563
vt 0.145347 0.223814
vt 0.143780 0.224617
vt 0.142044 0.224894
vt 0.140307 0.224617
vt 0.138740 0.223814
vt 0.137497 0.222563
vt 0.136699 0.220987
vt 0.136424 0.219240
vt 0.119716 0.220987
vt 0.120515 0.222563
vt 0.125061 0.219240
vt 0.121758 0.223814
vt 0.123324 0.224617
vt 0.125061 0.224894
vt 0.126798 0.224617
vt 0.128364 0.223814
vt 0.129608 0.222563
vt 0.130406 0.220987
vt 0.130681 0.219240
vt 0.130406 0.217493
vt 0.129608 0.215917
vt 0.128364 0.214666
vt 0.126798 0.213863
vt 0.125061 0.213586
vt 0.123324 0.213863
vt 0.121758 0.214666
vt 0.120515 0.215917
vt 0.119716 0.217493
vt 0.119441 0.219240
vt 0.390468 0.394714
vt 0.406301 0.385573
vt 0.390468 0.376432
vt 0.374635 0.385573
vt 0.374635 0.367290
vt 0.390468 0.358149
vt 0.406301 0.367290
vt 0.940462 0.077528
vt 0.924628 0.068387
vt 0.924628 0.086669
vt 0.908795 0.077528
vt 0.908795 0.095811
vt 0.924628 0.104952
vt 0.940462 0.095810
vt 0.371088 0.212352
vt 0.371497 0.211549
vt 0.368757 0.210658
vt 0.370451 0.212990
vt 0.369647 0.213399
vt 0.368757 0.213540
vt 0.367866 0.213399
vt 0.367063 0.212990
vt 0.366426 0.212352
vt 0.366016 0.211549
vt 0.365875 0.210658
vt 0.366016 0.209768
vt 0.366426 0.208965
vt 0.367063 0.208327
vt 0.367866 0.207918
vt 0.368757 0.207777
vt 0.369647 0.207918
vt 0.370451 0.208327
vt 0.371088 0.208965
vt 0.371497 0.209768
vt 0.371638 0.210658
vt 0.384268 0.221814
vt 0.383859 0.221011
vt 0.381527 0.222704
vt 0.383221 0.220373
vt 0.382418 0.219964
vt 0.381527 0.219823
vt 0.380637 0.219964
vt 0.379834 0.220373
vt 0.379196 0.221011
vt 0.378787 0.221814
vt 0.378646 0.222704
vt 0.378787 0.223595
vt 0.379196 0.224398
vt 0.379834 0.225035
vt 0.380637 0.225445
vt 0.381527 0.225586
vt 0.382418 0.225445
vt 0.383221 0.225035
vt 0.383859 0.224398
vt 0.384268 0.223595
vt 0.384409 0.222704
vt 0.396629 0.224398
vt 0.397038 0.223595
vt 0.394298 0.222704
vt 0.395992 0.225035
vt 0.395188 0.225445
vt 0.394298 0.225586
vt 0.393407 0.225445
vt 0.392604 0.225035
vt 0.391967 0.224398
vt 0.391557 0.223595
vt 0.391416 0.222704
vt 0.391557 0.221814
vt 0.391967 0.221010
vt 0.392604 0.220373
vt 0.393407 0.219964
vt 0.394298 0.219823
vt 0.395188 0.219964
vt 0.395992 0.220373
vt 0.396629 0.221010
vt 0.397038 0.221814
vt 0.397179 0.222704
vt 0.409809 0.221814
vt 0.409400 0.221010
vt 0.407068 0.222704
vt 0.408762 0.220373
vt 0.407959 0.219964
vt 0.407068 0.219823
vt 0.406178 0.219964
vt 0.405375 0.220373
vt 0.404737 0.221010
vt 0.404328 0.221814
vt 0.404187 0.222704
vt 0.404328 0.223595
vt 0.404737 0.224398
vt 0.405375 0.225035
vt 0.406178 0.225445
vt 0.407068 0.225586
vt 0.407959 0.225445
vt 0.408762 0.225035
vt 0.409400 0.224398
vt 0.409809 0.223595
vt 0.409950 0.222704
vt 0.422170 0.223870
vt 0.422579 0.223067
vt 0.419839 0.222177
vt 0.421533 0.224508
vt 0.420729 0.224917
vt 0.419839 0.225058
vt 0.418949 0.224917
vt 0.418145 0.224508
vt 0.417508 0.223870
vt 0.417098 0.223067
vt 0.416957 0.222177
vt 0.417098 0.221286
vt 0.417508 0.220483
vt 0.418145 0.219845
vt 0.418948 0.219436
vt 0.419839 0.219295
vt 0.420729 0.219436
vt 0.421533 0.219845
vt 0.422170 0.220483
vt 0.422579 0.221286
vt 0.422720 0.222177
vt 0.435350 0.221286
vt 0.434941 0.220483
vt 0.432610 0.222177
vt 0.434303 0.219845
vt 0.433500 0.219436
vt 0.432610 0.219295
vt 0.431719 0.219436
vt 0.430916 0.219845
vt 0.430278 0.220483
vt 0.429869 0.221286
vt 0.429728 0.222177
vt 0.429869 0.223067
vt 0.430278 0.223870
vt 0.430916 0.224508
vt 0.431719 0.224917
vt 0.432610 0.225058
vt 0.433500 0.224917
vt 0.434303 0.224508
vt 0.434941 0.223870
vt 0.435350 0.223067
vt 0.435491 0.222177
vt 0.447711 0.223870
vt 0.448121 0.223067
vt 0.445380 0.222177
vt 0.447074 0.224508
vt 0.446270 0.224917
vt 0.445380 0.225058
vt 0.444490 0.224917
vt 0.443686 0.224508
vt 0.443049 0.223870
vt 0.442640 0.223067
vt 0.442499 0.222177
vt 0.442640 0.221286
vt 0.443049 0.220483
vt 0.443686 0.219845
vt 0.444490 0.219436
vt 0.445380 0.219295
vt 0.446270 0.219436
vt 0.447074 0.219845
vt 0.447711 0.220483
vt 0.448121 0.221286
vt 0.448262 0.222177
vt 0.460891 0.025817
vt 0.460482 0.025014
vt 0.458151 0.026708
vt 0.459844 0.024376
vt 0.459041 0.023967
vt 0.458151 0.023826
vt 0.457260 0.023967
vt 0.456457 0.024376
vt 0.455819 0.025014
vt 0.455410 0.025817
vt 0.455269 0.026708
vt 0.455410 0.027598
vt 0.455819 0.028401
vt 0.456457 0.029039
vt 0.457260 0.029448
vt 0.458151 0.029589
vt 0.459041 0.029448
vt 0.459844 0.029039
vt 0.460482 0.028401
vt 0.460891 0.027598
vt 0.461032 0.026708
vt 0.473252 0.028401
vt 0.473662 0.027598
vt 0.470921 0.026708
vt 0.472615 0.029039
vt 0.471812 0.029448
vt 0.470921 0.029589
vt 0.470031 0.029448
vt 0.469227 0.029039
vt 0.468590 0.028401
vt 0.468181 0.027598
vt 0.468040 0.026708
vt 0.468181 0.025817
vt 0.468590 0.025014
vt 0.469227 0.024376
vt 0.470031 0.023967
vt 0.470921 0.023826
vt 0.471812 0.023967
vt 0.472615 0.024376
vt 0.473252 0.025014
vt 0.473662 0.025817
vt 0.473803 0.026708
vt 0.486432 0.025657
vt 0.486023 0.024854
vt 0.483692 0.026547
vt 0.485385 0.024216
vt 0.484582 0.023807
vt 0.483692 0.023666
vt 0.482801 0.023807
vt 0.481998 0.024216
vt 0.481360 0.024854
vt 0.480951 0.025657
vt 0.480810 0.026547
vt 0.480951 0.027438
vt 0.481360 0.028241
vt 0.481998 0.028879
vt 0.482801 0.029288
vt 0.483692 0.029429
vt 0.484582 0.029288
vt 0.485385 0.028879
vt 0.486023 0.028241
vt 0.486432 0.027438
vt 0.486573 0.026547
vt 0.498793 0.028241
vt 0.499203 0.027438
vt 0.496462 0.026547
vt 0.498156 0.028879
vt 0.497353 0.029288
vt 0.496462 0.029429
vt 0.495572 0.029288
vt 0.494768 0.028879
vt 0.494131 0.028241
vt 0.493722 0.027438
vt 0.493581 0.026547
vt 0.493722 0.025657
vt 0.494131 0.024854
vt 0.494768 0.024216
vt 0.495572 0.023807
vt 0.496462 0.023666
vt 0.497353 0.023807
vt 0.498156 0.024216
vt 0.498793 0.024854
vt 0.499203 0.025657
vt 0.499344 0.026547
vt 0.511973 0.025657
vt 0.511564 0.024854
vt 0.509233 0.026547
vt 0.510926 0.024216
vt 0.510123 0.023807
vt 0.509233 0.023666
vt 0.508342 0.023807
vt 0.507539 0.024216
vt 0.506901 0.024854
vt 0.506492 0.025657
vt 0.506351 0.026547
vt 0.506492 0.027438
vt 0.506901 0.028241
vt 0.507539 0.028879
vt 0.508342 0.029288
vt 0.509233 0.029429
vt 0.510123 0.029288
vt 0.510926 0.028879
vt 0.511564 0.028241
vt 0.511973 0.027438
vt 0.512114 0.026547
vt 0.524334 0.028241
vt 0.524744 0.027438
vt 0.522003 0.026547
vt 0.523697 0.028879
vt 0.522894 0.029288
vt 0.522003 0.029429
vt 0.521113 0.029288
vt 0.520310 0.028879
vt 0.519672 0.028241
vt 0.519263 0.027438
vt 0.519122 0.026547
vt 0.519263 0.025657
vt 0.519672 0.024854
vt 0.520310 0.024216
vt 0.521113 0.023807
vt 0.522003 0.023666
vt 0.522894 0.023807
vt 0.523697 0.024216
vt 0.524334 0.024854
vt 0.524744 0.025657
vt 0.524885 0.026547
vt 0.537514 0.025657
vt 0.537105 0.024854
vt 0.534774 0.026547
vt 0.536467 0.024216
vt 0.535664 0.023807
vt 0.534774 0.023666
vt 0.533883 0.023807
vt 0.533080 0.024216
vt 0.532443 0.024854
vt 0.532033 0.025657
vt 0.531892 0.026547
vt 0.532033 0.027438
vt 0.532443 0.028241
vt 0.533080 0.028879
vt 0.533883 0.029288
vt 0.534774 0.029429
vt 0.535664 0.029288
vt 0.536467 0.028879
vt 0.537105 0.028241
vt 0.537514 0.027438
vt 0.537655 0.026547
vt 0.549875 0.028241
vt 0.550285 0.027438
vt 0.547544 0.026547
vt 0.549238 0.028879
vt 0.548435 0.029288
vt 0.547544 0.029429
vt 0.546654 0.029288
vt 0.545851 0.028879
vt 0.545213 0.028241
vt 0.544804 0.027438
vt 0.544663 0.026547
vt 0.544804 0.025657
vt 0.545213 0.024854
vt 0.545851 0.024216
vt 0.546654 0.023807
vt 0.547544 0.023666
vt 0.548435 0.023807
vt 0.549238 0.024216
vt 0.549875 0.024854
vt 0.550285 0.025657
vt 0.550426 0.026547
vt 0.563055 0.025657
vt 0.562646 0.024854
vt 0.560315 0.026547
vt 0.562008 0.024216
vt 0.561205 0.023807
vt 0.560315 0.023666
vt 0.559424 0.023807
vt 0.558621 0.024216
vt 0.557984 0.024854
vt 0.557574 0.025657
vt 0.557433 0.026547
vt 0.557574 0.027438
vt 0.557984 0.028241
vt 0.558621 0.028879
vt 0.559424 0.029288
vt 0.560315 0.029429
vt 0.561205 0.029288
vt 0.562008 0.028879
vt 0.562646 0.028241
vt 0.563055 0.027438
vt 0.563196 0.026547
vt 0.575417 0.025663
vt 0.573085 0.027357
vt 0.575826 0.026467
vt 0.574779 0.025026
vt 0.573976 0.024617
vt 0.573085 0.024476
vt 0.572195 0.024617
vt 0.571392 0.025026
vt 0.570754 0.025663
vt 0.570345 0.026467
vt 0.570204 0.027357
vt 0.570345 0.028247
vt 0.570754 0.029051
vt 0.571392 0.029688
vt 0.572195 0.030098
vt 0.573085 0.030239
vt 0.573976 0.030098
vt 0.574779 0.029688
vt 0.575417 0.029051
vt 0.575826 0.028247
vt 0.575967 0.027357
vt 0.588596 0.028247
vt 0.585856 0.027357
vt 0.588187 0.029051
vt 0.587550 0.029688
vt 0.586746 0.030098
vt 0.585856 0.030239
vt 0.584965 0.030098
vt 0.584162 0.029688
vt 0.583525 0.029051
vt 0.583115 0.028247
vt 0.582974 0.027357
vt 0.583115 0.026467
vt 0.583525 0.025663
vt 0.584162 0.025026
vt 0.584965 0.024616
vt 0.585856 0.024476
vt 0.586746 0.024616
vt 0.587550 0.025026
vt 0.588187 0.025663
vt 0.588596 0.026467
vt 0.588737 0.027357
vt 0.600958 0.024044
vt 0.598626 0.025738
vt 0.601367 0.024847
vt 0.600320 0.023407
vt 0.599517 0.022997
vt 0.598626 0.022856
vt 0.597736 0.022997
vt 0.596933 0.023407
vt 0.596295 0.024044
vt 0.595886 0.024847
vt 0.595745 0.025738
vt 0.595886 0.026628
vt 0.596295 0.027432
vt 0.596933 0.028069
vt 0.597736 0.028478
vt 0.598626 0.028619
vt 0.599517 0.028478
vt 0.600320 0.028069
vt 0.600958 0.027432
vt 0.601367 0.026628
vt 0.601508 0.025738
vt 0.614137 0.026628
vt 0.611397 0.025738
vt 0.613728 0.027432
vt 0.613091 0.028069
vt 0.612287 0.028478
vt 0.611397 0.028619
vt 0.610506 0.028478
vt 0.609703 0.028069
vt 0.609066 0.027432
vt 0.608656 0.026628
vt 0.608515 0.025738
vt 0.608656 0.024847
vt 0.609066 0.024044
vt 0.609703 0.023407
vt 0.610506 0.022997
vt 0.611397 0.022856
vt 0.612287 0.022997
vt 0.613091 0.023407
vt 0.613728 0.024044
vt 0.614137 0.024847
vt 0.614278 0.025738
vt 0.626499 0.026405
vt 0.624167 0.028098
vt 0.626908 0.027208
vt 0.625861 0.025767
vt 0.625058 0.025358
vt 0.624167 0.025217
vt 0.623277 0.025358
vt 0.622474 0.025767
vt 0.621836 0.026405
vt 0.621427 0.027208
vt 0.621286 0.028098
vt 0.621427 0.028989
vt 0.621836 0.029792
vt 0.622474 0.030429
vt 0.623277 0.030839
vt 0.624167 0.030980
vt 0.625058 0.030839
vt 0.625861 0.030429
vt 0.626499 0.029792
vt 0.626908 0.028989
vt 0.627049 0.028098
vt 0.639678 0.028989
vt 0.636938 0.028098
vt 0.639269 0.029792
vt 0.638632 0.030429
vt 0.637828 0.030839
vt 0.636938 0.030980
vt 0.636047 0.030839
vt 0.635244 0.030429
vt 0.634607 0.029792
vt 0.634197 0.028989
vt 0.634056 0.028098
vt 0.634197 0.027208
vt 0.634607 0.026404
vt 0.635244 0.025767
vt 0.636047 0.025358
vt 0.636938 0.025217
vt 0.637828 0.025358
vt 0.638632 0.025767
vt 0.639269 0.026404
vt 0.639678 0.027208
vt 0.639820 0.028098
vt 0.652040 0.026405
vt 0.649709 0.028098
vt 0.652449 0.027208
vt 0.651402 0.025767
vt 0.650599 0.025358
vt 0.649709 0.025217
vt 0.648818 0.025358
vt 0.648015 0.025767
vt 0.647377 0.026405
vt 0.646968 0.027208
vt 0.646827 0.028098
vt 0.646968 0.028989
vt 0.647377 0.029792
vt 0.648015 0.030429
vt 0.648818 0.030839
vt 0.649709 0.030980
vt 0.650599 0.030839
vt 0.651402 0.030429
vt 0.652040 0.029792
vt 0.652449 0.028989
vt 0.652590 0.028098
vt 0.665219 0.028989
vt 0.662479 0.028098
vt 0.664810 0.029792
vt 0.664173 0.030429
vt 0.663369 0.030839
vt 0.662479 0.030980
vt 0.661589 0.030839
vt 0.660785 0.030429
vt 0.660148 0.029792
vt 0.659739 0.028989
vt 0.659598 0.028098
vt 0.659739 0.027208
vt 0.660148 0.026404
vt 0.660785 0.025767
vt 0.661589 0.025358
vt 0.662479 0.025217
vt 0.663369 0.025358
vt 0.664173 0.025767
vt 0.664810 0.026404
vt 0.665219 0.027208
vt 0.665361 0.028098
vt 0.677581 0.022548
vt 0.675250 0.024242
vt 0.677990 0.023352
vt 0.676943 0.021911
vt 0.676140 0.021502
vt 0.675250 0.021361
vt 0.674359 0.021502
vt 0.673556 0.021911
vt 0.672918 0.022548
vt 0.672509 0.023352
vt 0.672368 0.024242
vt 0.672509 0.025132
vt 0.672918 0.025936
vt 0.673556 0.026573
vt 0.674359 0.026983
vt 0.675250 0.027124
vt 0.676140 0.026983
vt 0.676943 0.026573
vt 0.677581 0.025936
vt 0.677990 0.025132
vt 0.678131 0.024242
vt 0.690761 0.025132
vt 0.688020 0.024242
vt 0.690351 0.025936
vt 0.689714 0.026573
vt 0.688911 0.026983
vt 0.688020 0.027124
vt 0.687130 0.026983
vt 0.686326 0.026573
vt 0.685689 0.025936
vt 0.685280 0.025132
vt 0.685139 0.024242
vt 0.685280 0.023352
vt 0.685689 0.022548
vt 0.686326 0.021911
vt 0.687130 0.021501
vt 0.688020 0.021361
vt 0.688911 0.021501
vt 0.689714 0.021911
vt 0.690351 0.022548
vt 0.690761 0.023352
vt 0.690902 0.024242
vt 0.703122 0.022548
vt 0.700791 0.024242
vt 0.703531 0.023352
vt 0.702484 0.021911
vt 0.701681 0.021502
vt 0.700791 0.021361
vt 0.699900 0.021502
vt 0.699097 0.021911
vt 0.698459 0.022548
vt 0.698050 0.023352
vt 0.697909 0.024242
vt 0.698050 0.025132
vt 0.698459 0.025936
vt 0.699097 0.026573
vt 0.699900 0.026983
vt 0.700791 0.027124
vt 0.701681 0.026983
vt 0.702484 0.026573
vt 0.703122 0.025936
vt 0.703531 0.025132
vt 0.703672 0.024242
vt 0.716302 0.025076
vt 0.713561 0.024185
vt 0.715892 0.025879
vt 0.715255 0.026516
vt 0.714452 0.026926
vt 0.713561 0.027067
vt 0.712671 0.026926
vt 0.711867 0.026516
vt 0.711230 0.025879
vt 0.710821 0.025076
vt 0.710680 0.024185
vt 0.710821 0.023295
vt 0.711230 0.022491
vt 0.711867 0.021854
vt 0.712671 0.021445
vt 0.713561 0.021304
vt 0.714452 0.021445
vt 0.715255 0.021854
vt 0.715892 0.022491
vt 0.716302 0.023295
vt 0.716443 0.024185
vt 0.728663 0.022491
vt 0.726332 0.024185
vt 0.729072 0.023295
vt 0.728025 0.021854
vt 0.727222 0.021445
vt 0.726332 0.021304
vt 0.725441 0.021445
vt 0.724638 0.021854
vt 0.724000 0.022491
vt 0.723591 0.023295
vt 0.723450 0.024185
vt 0.723591 0.025076
vt 0.724000 0.025879
vt 0.724638 0.026516
vt 0.725441 0.026926
vt 0.726332 0.027067
vt 0.727222 0.026926
vt 0.728025 0.026516
vt 0.728663 0.025879
vt 0.729072 0.025076
vt 0.729213 0.024185
vt 0.741843 0.026802
vt 0.739102 0.025911
vt 0.741433 0.027605
vt 0.740796 0.028242
vt 0.739993 0.028652
vt 0.739102 0.028793
vt 0.738212 0.028652
vt 0.737409 0.028242
vt 0.736771 0.027605
vt 0.736362 0.026802
vt 0.736221 0.025911
vt 0.736362 0.025021
vt 0.736771 0.024217
vt 0.737409 0.023580
vt 0.738212 0.023171
vt 0.739102 0.023030
vt 0.739993 0.023171
vt 0.740796 0.023580
vt 0.741433 0.024217
vt 0.741843 0.025021
vt 0.741984 0.025911
vt 0.754204 0.024217
vt 0.751873 0.025911
vt 0.754613 0.025021
vt 0.753566 0.023580
vt 0.752763 0.023171
vt 0.751873 0.023030
vt 0.750982 0.023171
vt 0.750179 0.023580
vt 0.749542 0.024217
vt 0.749132 0.025021
vt 0.748991 0.025911
vt 0.749132 0.026802
vt 0.749542 0.027605
vt 0.750179 0.028242
vt 0.750982 0.028652
vt 0.751873 0.028793
vt 0.752763 0.028652
vt 0.753566 0.028242
vt 0.754204 0.027605
vt 0.754613 0.026802
vt 0.754754 0.025911
vt 0.767384 0.026788
vt 0.764643 0.025897
vt 0.766974 0.027591
vt 0.766337 0.028228
vt 0.765534 0.028638
vt 0.764643 0.028779
vt 0.763753 0.028638
vt 0.762949 0.028228
vt 0.762312 0.027591
vt 0.761903 0.026788
vt 0.761762 0.025897
vt 0.761903 0.025007
vt 0.762312 0.024203
vt 0.762949 0.023566
vt 0.763753 0.023157
vt 0.764643 0.023016
vt 0.765534 0.023157
vt 0.766337 0.023566
vt 0.766974 0.024203
vt 0.767384 0.025007
vt 0.767525 0.025897
vt 0.487865 0.593440
vt 0.497327 0.574871
vt 0.433977 0.554287
vt 0.473129 0.608176
vt 0.454560 0.617637
vt 0.433977 0.620898
vt 0.413393 0.617637
vt 0.394824 0.608176
vt 0.380088 0.593440
vt 0.370627 0.574871
vt 0.367367 0.554287
vt 0.370627 0.533704
vt 0.380088 0.515135
vt 0.394824 0.500399
vt 0.413393 0.490937
vt 0.433977 0.487677
vt 0.454560 0.490937
vt 0.473129 0.500399
vt 0.487865 0.515135
vt 0.497327 0.533704
vt 0.500587 0.554287
vt 0.358363 0.518949
vt 0.348902 0.500380
vt 0.295013 0.539533
vt 0.334166 0.485644
vt 0.315597 0.476183
vt 0.295013 0.472923
vt 0.274430 0.476183
vt 0.255861 0.485644
vt 0.241125 0.500380
vt 0.231663 0.518949
vt 0.228403 0.539533
vt 0.231663 0.560116
vt 0.241125 0.578685
vt 0.255861 0.593421
vt 0.274430 0.602883
vt 0.295013 0.606143
vt 0.315597 0.602883
vt 0.334166 0.593421
vt 0.348902 0.578685
vt 0.358363 0.560116
vt 0.361624 0.539533
vt 0.586557 0.047748
vt 0.595398 0.047748
vt 0.595398 0.033975
vt 0.586557 0.033975
vt 0.391608 0.261638
vt 0.392214 0.245790
vt 0.376821 0.251625
vt 0.381818 0.265398
vt 0.913309 0.041718
vt 0.914769 0.039947
vt 0.914756 0.027860
vt 0.913309 0.025870
vt 0.285600 0.225940
vt 0.291519 0.225940
vt 0.291519 0.213686
vt 0.285587 0.213671
vt 0.703796 0.046252
vt 0.712637 0.046252
vt 0.712637 0.030860
vt 0.703796 0.030860
vt 0.920688 0.027874
vt 0.922150 0.025870
vt 0.414106 0.265398
vt 0.413500 0.249550
vt 0.403710 0.245790
vt 0.398714 0.259563
vt 0.920688 0.039947
vt 0.922150 0.041718
vt 0.099519 0.206732
vt 0.108360 0.206732
vt 0.108360 0.196941
vt 0.099519 0.196941
vt 0.352760 0.213554
vt 0.352760 0.207635
vt 0.351280 0.207635
vt 0.351280 0.213554
vt 0.363910 0.229363
vt 0.364369 0.217290
vt 0.363374 0.217754
vt 0.362429 0.230008
vt 0.337681 0.213420
vt 0.337682 0.207488
vt 0.336687 0.207488
vt 0.336686 0.213420
vt 0.410469 0.242054
vt 0.410009 0.229967
vt 0.408529 0.229322
vt 0.409474 0.241590
vt 0.580814 0.047748
vt 0.580814 0.033975
vt 0.571973 0.033975
vt 0.571973 0.047748
vt 0.435393 0.249550
vt 0.425603 0.245790
vt 0.420606 0.259563
vt 0.435998 0.265398
vt 0.907566 0.041718
vt 0.907566 0.025870
vt 0.906119 0.027860
vt 0.906106 0.039947
vt 0.279831 0.225940
vt 0.279844 0.213671
vt 0.273913 0.213686
vt 0.273912 0.225940
vt 0.698053 0.046252
vt 0.698053 0.030860
vt 0.689212 0.030860
vt 0.689212 0.046252
vt 0.898725 0.025870
vt 0.900188 0.027874
vt 0.457891 0.259104
vt 0.442498 0.264938
vt 0.447495 0.278711
vt 0.457285 0.274952
vt 0.898725 0.041718
vt 0.900187 0.039947
vt 0.122955 0.209850
vt 0.122955 0.200060
vt 0.114113 0.200060
vt 0.114113 0.209850
vt 0.360058 0.207635
vt 0.358578 0.207635
vt 0.358578 0.213554
vt 0.360058 0.213554
vt 0.356227 0.217935
vt 0.354747 0.217290
vt 0.355691 0.229544
vt 0.356686 0.230008
vt 0.344978 0.207488
vt 0.343983 0.207488
vt 0.343984 0.213420
vt 0.344979 0.213420
vt 0.402786 0.229322
vt 0.401791 0.229786
vt 0.400846 0.242054
vt 0.402326 0.241409
vt 0.560530 0.047748
vt 0.566230 0.047748
vt 0.566230 0.033975
vt 0.560530 0.033975
vt 0.479177 0.066653
vt 0.479783 0.050805
vt 0.464391 0.056639
vt 0.469387 0.070412
vt 0.887283 0.043104
vt 0.888224 0.041332
vt 0.888216 0.029245
vt 0.887283 0.027255
vt 0.264354 0.219112
vt 0.268169 0.219112
vt 0.268169 0.206858
vt 0.264346 0.206844
vt 0.677770 0.046252
vt 0.683469 0.046252
vt 0.683469 0.030860
vt 0.677770 0.030860
vt 0.892039 0.029259
vt 0.892982 0.027255
vt 0.501675 0.070282
vt 0.501070 0.054434
vt 0.491280 0.050675
vt 0.486283 0.064448
vt 0.892039 0.041332
vt 0.892982 0.043104
vt 0.128708 0.209850
vt 0.134408 0.209850
vt 0.134408 0.200060
vt 0.128708 0.200060
vt 0.792945 0.019992
vt 0.792945 0.016176
vt 0.791465 0.016176
vt 0.791465 0.019992
vt 0.348544 0.229363
vt 0.349004 0.217290
vt 0.348008 0.217754
vt 0.347064 0.230008
vt 0.806423 0.014966
vt 0.806423 0.011143
vt 0.805428 0.011143
vt 0.805427 0.014966
vt 0.395103 0.242054
vt 0.394642 0.229967
vt 0.393162 0.229322
vt 0.394108 0.241590
vt 0.554787 0.046938
vt 0.554787 0.033165
vt 0.549088 0.033165
vt 0.549088 0.046938
vt 0.522962 0.054434
vt 0.513172 0.050675
vt 0.508176 0.064448
vt 0.523568 0.070282
vt 0.881540 0.043398
vt 0.881540 0.027549
vt 0.880607 0.029539
vt 0.880599 0.041626
vt 0.258594 0.219112
vt 0.258602 0.206844
vt 0.254779 0.206858
vt 0.254779 0.219112
vt 0.672027 0.050108
vt 0.672027 0.034716
vt 0.666328 0.034716
vt 0.666328 0.050108
vt 0.875841 0.027549
vt 0.876783 0.029553
vt 0.545460 0.050675
vt 0.530068 0.056509
vt 0.535064 0.070282
vt 0.544855 0.066523
vt 0.875841 0.043398
vt 0.876783 0.041626
vt 0.147178 0.209850
vt 0.147178 0.200060
vt 0.141479 0.200060
vt 0.141479 0.209850
vt 0.785722 0.016176
vt 0.784242 0.016176
vt 0.784242 0.019992
vt 0.785722 0.019992
vt 0.340861 0.217801
vt 0.339381 0.217156
vt 0.340325 0.229410
vt 0.341321 0.229874
vt 0.799684 0.016168
vt 0.798688 0.016168
vt 0.798689 0.019992
vt 0.799684 0.019992
vt 0.387419 0.229322
vt 0.386424 0.229786
vt 0.385479 0.242054
vt 0.386959 0.241409
vt 0.241850 0.223230
vt 0.240320 0.222969
vt 0.235736 0.241343
vt 0.237266 0.241604
vt 0.239106 0.222849
vt 0.234521 0.241223
vt 0.733679 0.051971
vt 0.732091 0.052003
vt 0.734713 0.070377
vt 0.736300 0.070345
vt 0.730352 0.052184
vt 0.732974 0.070558
vt 0.728632 0.052496
vt 0.731253 0.070871
vt 0.727099 0.052910
vt 0.729720 0.071284
vt 0.263470 0.222849
vt 0.262256 0.223322
vt 0.266840 0.241697
vt 0.268055 0.241223
vt 0.260726 0.223810
vt 0.265310 0.242184
vt 0.259030 0.224264
vt 0.263614 0.242638
vt 0.257334 0.224639
vt 0.261918 0.243014
vt 0.255804 0.224900
vt 0.260388 0.243274
vt 0.254589 0.225020
vt 0.259174 0.243395
vt 0.752719 0.052909
vt 0.751132 0.052878
vt 0.748510 0.071252
vt 0.750098 0.071284
vt 0.749393 0.052697
vt 0.746771 0.071071
vt 0.747673 0.052384
vt 0.745051 0.070758
vt 0.746140 0.051971
vt 0.743518 0.070345
vt 0.247987 0.225020
vt 0.246772 0.224547
vt 0.242188 0.242921
vt 0.243402 0.243395
vt 0.245242 0.224059
vt 0.240658 0.242433
vt 0.243546 0.223605
vt 0.238962 0.241980
vt 0.280794 0.230057
vt 0.285378 0.248431
vt 0.286908 0.248170
vt 0.282324 0.229796
vt 0.288123 0.248050
vt 0.283538 0.229676
vt 0.762559 0.051971
vt 0.759937 0.070345
vt 0.761525 0.070377
vt 0.764146 0.052003
vt 0.763264 0.070558
vt 0.765885 0.052184
vt 0.764984 0.070871
vt 0.767606 0.052496
vt 0.766517 0.071284
vt 0.769139 0.052909
vt 0.299309 0.229676
vt 0.294725 0.248050
vt 0.295940 0.248524
vt 0.300524 0.230149
vt 0.297470 0.249011
vt 0.302054 0.230637
vt 0.299166 0.249465
vt 0.303750 0.231091
vt 0.300862 0.249841
vt 0.305446 0.231467
vt 0.302392 0.250102
vt 0.306976 0.231727
vt 0.303606 0.250222
vt 0.308191 0.231847
vt 0.776357 0.052909
vt 0.778978 0.071284
vt 0.780566 0.071252
vt 0.777944 0.052878
vt 0.782305 0.071071
vt 0.779683 0.052696
vt 0.784025 0.070758
vt 0.781403 0.052384
vt 0.785558 0.070345
vt 0.782936 0.051971
vt 0.274657 0.231847
vt 0.279242 0.250222
vt 0.280456 0.249748
vt 0.275872 0.231374
vt 0.281986 0.249261
vt 0.277402 0.230886
vt 0.283682 0.248807
vt 0.279098 0.230432
vt 0.828441 0.047113
vt 0.826865 0.047226
vt 0.826865 0.066153
vt 0.828441 0.066040
vt 0.825614 0.047403
vt 0.825614 0.066330
vt 0.321373 0.237709
vt 0.319813 0.237931
vt 0.322513 0.256858
vt 0.324073 0.256635
vt 0.318083 0.238178
vt 0.320783 0.257105
vt 0.316353 0.238425
vt 0.319054 0.257351
vt 0.314793 0.238647
vt 0.317494 0.257574
vt 0.851182 0.047074
vt 0.849931 0.047251
vt 0.849931 0.066177
vt 0.851182 0.066001
vt 0.848355 0.047364
vt 0.848355 0.066291
vt 0.846607 0.047403
vt 0.846607 0.066330
vt 0.844860 0.047364
vt 0.844860 0.066291
vt 0.843284 0.047251
vt 0.843284 0.066177
vt 0.842034 0.047074
vt 0.842034 0.066001
vt 0.340493 0.234549
vt 0.338932 0.234326
vt 0.336232 0.253253
vt 0.337792 0.253476
vt 0.337203 0.234080
vt 0.334502 0.253006
vt 0.335473 0.233833
vt 0.332773 0.252759
vt 0.333913 0.233610
vt 0.331212 0.252537
vt 0.834762 0.047403
vt 0.833512 0.047226
vt 0.833512 0.066153
vt 0.834762 0.066330
vt 0.831936 0.047113
vt 0.831936 0.066040
vt 0.830188 0.047074
vt 0.830188 0.066000
vt 0.161578 0.228585
vt 0.160048 0.228122
vt 0.155464 0.246570
vt 0.156994 0.247034
vt 0.158834 0.227687
vt 0.154249 0.246135
vt 0.867092 0.047881
vt 0.865546 0.047517
vt 0.863514 0.065966
vt 0.865059 0.066330
vt 0.863817 0.047259
vt 0.861784 0.065708
vt 0.862073 0.047134
vt 0.860041 0.065583
vt 0.860485 0.047153
vt 0.858453 0.065602
vt 0.183198 0.226760
vt 0.181984 0.226921
vt 0.186568 0.245370
vt 0.187783 0.245209
vt 0.180454 0.227209
vt 0.185038 0.245658
vt 0.178758 0.227595
vt 0.183342 0.246044
vt 0.177062 0.228042
vt 0.181646 0.246491
vt 0.175532 0.228506
vt 0.180116 0.246954
vt 0.174317 0.228940
vt 0.178902 0.247389
vt 0.879654 0.047134
vt 0.878109 0.047498
vt 0.880141 0.065947
vt 0.881687 0.065583
vt 0.876379 0.047755
vt 0.878412 0.066204
vt 0.874635 0.047881
vt 0.876668 0.066330
vt 0.873048 0.047862
vt 0.875080 0.066311
vt 0.167715 0.229867
vt 0.166500 0.229706
vt 0.161916 0.248155
vt 0.163130 0.248316
vt 0.164970 0.229418
vt 0.160386 0.247867
vt 0.163274 0.229032
vt 0.158690 0.247481
vt 0.200522 0.223832
vt 0.205106 0.242281
vt 0.206636 0.241817
vt 0.202052 0.223368
vt 0.207851 0.241382
vt 0.203266 0.222933
vt 0.887643 0.047587
vt 0.889675 0.066036
vt 0.891221 0.065671
vt 0.889188 0.047223
vt 0.892950 0.065414
vt 0.890917 0.046965
vt 0.894694 0.065289
vt 0.892661 0.046840
vt 0.896282 0.065307
vt 0.894249 0.046859
vt 0.219038 0.222933
vt 0.214453 0.241382
vt 0.215668 0.241543
vt 0.220252 0.223094
vt 0.217198 0.241831
vt 0.221782 0.223382
vt 0.218894 0.242217
vt 0.223478 0.223768
vt 0.220590 0.242664
vt 0.225174 0.224215
vt 0.222120 0.243127
vt 0.226704 0.224679
vt 0.223334 0.243563
vt 0.227919 0.225114
vt 0.904270 0.045455
vt 0.902237 0.063904
vt 0.903783 0.064268
vt 0.905816 0.045819
vt 0.905512 0.064525
vt 0.907545 0.046076
vt 0.907256 0.064650
vt 0.909289 0.046201
vt 0.908844 0.064632
vt 0.910877 0.046183
vt 0.194385 0.225114
vt 0.198970 0.243563
vt 0.200184 0.243401
vt 0.195600 0.224953
vt 0.201714 0.243114
vt 0.197130 0.224665
vt 0.203410 0.242728
vt 0.198826 0.224279
vt 0.795603 0.052453
vt 0.794027 0.052365
vt 0.794027 0.071368
vt 0.795603 0.071456
vt 0.792776 0.052228
vt 0.792776 0.071231
vt 0.356332 0.234472
vt 0.354765 0.234300
vt 0.352672 0.253303
vt 0.354238 0.253475
vt 0.353029 0.234108
vt 0.350935 0.253112
vt 0.351292 0.233917
vt 0.349198 0.252920
vt 0.349725 0.233744
vt 0.347632 0.252748
vt 0.818343 0.052352
vt 0.817092 0.052215
vt 0.817092 0.071218
vt 0.818343 0.071355
vt 0.815516 0.052127
vt 0.815516 0.071130
vt 0.813769 0.052097
vt 0.813769 0.071100
vt 0.812022 0.052127
vt 0.812022 0.071130
vt 0.810446 0.052215
vt 0.810446 0.071218
vt 0.809195 0.052352
vt 0.809195 0.071355
vt 0.368833 0.233745
vt 0.367266 0.233917
vt 0.369360 0.252920
vt 0.370927 0.252748
vt 0.365530 0.234108
vt 0.367624 0.253112
vt 0.363793 0.234300
vt 0.365887 0.253303
vt 0.362227 0.234472
vt 0.364320 0.253476
vt 0.801924 0.052228
vt 0.800673 0.052365
vt 0.800673 0.071368
vt 0.801924 0.071231
vt 0.799097 0.052453
vt 0.799097 0.071456
vt 0.797350 0.052483
vt 0.797350 0.071486
vt 0.775787 0.019992
vt 0.778499 0.019992
vt 0.777792 0.017200
vt 0.775787 0.016307
vt 0.690608 0.017624
vt 0.692613 0.017624
vt 0.692613 0.014912
vt 0.690608 0.014912
vt 0.767332 0.019279
vt 0.769337 0.018386
vt 0.770044 0.015594
vt 0.767332 0.015594
vt 0.682152 0.014912
vt 0.682152 0.017624
vt 0.684865 0.017624
vt 0.684865 0.014912
vt 0.706811 0.017567
vt 0.709523 0.017567
vt 0.709523 0.014775
vt 0.706811 0.014775
vt 0.758876 0.019279
vt 0.761588 0.019279
vt 0.761588 0.015594
vt 0.758876 0.015594
vt 0.750421 0.019293
vt 0.753133 0.019293
vt 0.752427 0.016501
vt 0.750421 0.015608
vt 0.674404 0.017624
vt 0.676409 0.017624
vt 0.676409 0.014912
vt 0.674404 0.014912
vt 0.741966 0.019293
vt 0.743971 0.018400
vt 0.744678 0.015608
vt 0.741966 0.015608
vt 0.665949 0.014912
vt 0.665949 0.017624
vt 0.668661 0.017624
vt 0.668661 0.014912
vt 0.698356 0.017624
vt 0.701068 0.017624
vt 0.701068 0.014832
vt 0.698356 0.014832
vt 0.733511 0.017567
vt 0.736223 0.017567
vt 0.736223 0.013882
vt 0.733511 0.013882
vt 0.913184 0.136237
vt 0.913184 0.145379
vt 0.915699 0.145379
vt 0.915699 0.136237
vt 0.169753 0.252052
vt 0.169753 0.261193
vt 0.172269 0.261193
vt 0.172269 0.252052
vt 0.169753 0.279476
vt 0.172269 0.279476
vt 0.802395 0.032658
vt 0.802395 0.048491
vt 0.804911 0.048491
vt 0.804911 0.032658
vt 0.913184 0.108814
vt 0.913184 0.117955
vt 0.915699 0.117955
vt 0.915699 0.108814
vt 0.891291 0.133148
vt 0.891291 0.145379
vt 0.895586 0.145379
vt 0.895586 0.133148
vt 0.902237 0.108688
vt 0.902237 0.120918
vt 0.906532 0.120918
vt 0.906532 0.108688
vt 0.902237 0.145379
vt 0.906532 0.145379
vt 0.167130 0.328764
vt 0.167130 0.349947
vt 0.171424 0.349947
vt 0.171424 0.328764
vt 0.167130 0.371131
vt 0.171424 0.371131
vt 0.891291 0.108688
vt 0.895586 0.108688
vt 0.390468 0.400892
vt 0.411651 0.388662
vt 0.342358 0.345908
vt 0.358191 0.355049
vt 0.363541 0.351960
vt 0.342358 0.339730
vt 0.369284 0.388662
vt 0.326525 0.355049
vt 0.321174 0.351960
vt 0.369284 0.364201
vt 0.326525 0.373331
vt 0.321174 0.376420
vt 0.390468 0.351971
vt 0.342358 0.382473
vt 0.342358 0.388651
vt 0.411651 0.364201
vt 0.358191 0.373331
vt 0.363541 0.376420
vt 0.535497 0.046938
vt 0.543345 0.046938
vt 0.543345 0.033165
vt 0.535497 0.033165
vt 0.566747 0.067333
vt 0.567352 0.051484
vt 0.551960 0.057319
vt 0.556957 0.071092
vt 0.862250 0.043398
vt 0.863546 0.041626
vt 0.863534 0.029539
vt 0.862250 0.027549
vt 0.243782 0.219112
vt 0.249036 0.219112
vt 0.249035 0.206858
vt 0.243770 0.206844
vt 0.652737 0.050108
vt 0.660585 0.050108
vt 0.660585 0.034716
vt 0.652737 0.034716
vt 0.868799 0.029553
vt 0.870098 0.027549
vt 0.589245 0.071092
vt 0.588639 0.055244
vt 0.578849 0.051484
vt 0.573852 0.065257
vt 0.868800 0.041626
vt 0.870098 0.043398
vt 0.154249 0.208906
vt 0.162097 0.208906
vt 0.162097 0.199116
vt 0.154249 0.199116
vt 0.183439 0.207640
vt 0.188693 0.207640
vt 0.188693 0.197925
vt 0.183439 0.197925
vt 0.764356 0.044602
vt 0.764816 0.032529
vt 0.755586 0.035980
vt 0.754642 0.048234
vt 0.238170 0.203107
vt 0.243435 0.203108
vt 0.243435 0.193878
vt 0.238170 0.193877
vt 0.796652 0.048234
vt 0.796192 0.036148
vt 0.786477 0.032515
vt 0.787423 0.044783
vt 0.529754 0.046938
vt 0.529754 0.033165
vt 0.521907 0.033165
vt 0.521907 0.046938
vt 0.610531 0.055244
vt 0.600741 0.051484
vt 0.595745 0.065257
vt 0.611137 0.071092
vt 0.856507 0.043338
vt 0.856507 0.027490
vt 0.855222 0.029480
vt 0.855211 0.041566
vt 0.238016 0.219112
vt 0.238027 0.206844
vt 0.232762 0.206858
vt 0.232762 0.219112
vt 0.646994 0.050108
vt 0.646994 0.034716
vt 0.639146 0.034716
vt 0.639146 0.050108
vt 0.848659 0.027490
vt 0.849958 0.029493
vt 0.633029 0.053845
vt 0.617637 0.059679
vt 0.622634 0.073452
vt 0.632424 0.069693
vt 0.848659 0.043338
vt 0.849957 0.041566
vt 0.176692 0.207980
vt 0.176692 0.198190
vt 0.168844 0.198190
vt 0.168844 0.207980
vt 0.201464 0.203192
vt 0.201464 0.193478
vt 0.196210 0.193478
vt 0.196210 0.203192
vt 0.748439 0.036161
vt 0.738724 0.032529
vt 0.739668 0.044783
vt 0.748899 0.048234
vt 0.256205 0.203107
vt 0.256205 0.193877
vt 0.250941 0.193878
vt 0.250941 0.203108
vt 0.780734 0.032515
vt 0.771505 0.035966
vt 0.770559 0.048234
vt 0.780274 0.044602
vt 0.716153 0.113936
vt 0.716153 0.151434
vt 0.743135 0.151434
vt 0.743135 0.113936
vt 0.763586 0.269262
vt 0.801084 0.269262
vt 0.801084 0.210165
vt 0.763586 0.210165
vt 0.748991 0.113936
vt 0.748991 0.151434
vt 0.775973 0.151434
vt 0.775973 0.113936
vt 0.807371 0.269262
vt 0.844868 0.269262
vt 0.844868 0.210165
vt 0.807371 0.210165
vt 0.851155 0.210395
vt 0.851155 0.269492
vt 0.878138 0.269492
vt 0.878138 0.210395
vt 0.883994 0.210395
vt 0.883994 0.269492
vt 0.910976 0.269492
vt 0.910976 0.210395
vt 0.855938 0.174001
vt 0.848298 0.174759
vt 0.848704 0.178854
vt 0.856344 0.178095
vt 0.130936 0.391163
vt 0.130936 0.395073
vt 0.135030 0.389111
vt 0.135030 0.384391
vt 0.838790 0.174759
vt 0.831150 0.174001
vt 0.830744 0.178095
vt 0.838383 0.178853
vt 0.189315 0.452616
vt 0.189315 0.456526
vt 0.193410 0.463298
vt 0.193410 0.458578
vt 0.234864 0.454942
vt 0.227224 0.454942
vt 0.227224 0.469186
vt 0.234864 0.469186
vt 0.442648 0.421448
vt 0.442499 0.423923
vt 0.450138 0.423923
vt 0.450288 0.421448
vt 0.130936 0.452616
vt 0.130936 0.456526
vt 0.135030 0.463298
vt 0.135030 0.458578
vt 0.227224 0.371231
vt 0.227224 0.385475
vt 0.234864 0.385475
vt 0.234864 0.371231
vt 0.189315 0.391163
vt 0.189315 0.395073
vt 0.193410 0.389111
vt 0.193410 0.384391
vt 0.450138 0.481466
vt 0.442499 0.481466
vt 0.442648 0.483941
vt 0.450288 0.483941
vt 0.168844 0.395073
vt 0.172939 0.395073
vt 0.172939 0.391163
vt 0.170354 0.392598
vt 0.168844 0.452616
vt 0.172939 0.452616
vt 0.170354 0.455091
vt 0.172939 0.456526
vt 0.833032 0.155039
vt 0.832776 0.157624
vt 0.840416 0.158382
vt 0.840672 0.155797
vt 0.110465 0.395073
vt 0.114559 0.395073
vt 0.114559 0.391163
vt 0.111974 0.392598
vt 0.110465 0.452616
vt 0.114559 0.452616
vt 0.111974 0.455091
vt 0.114559 0.456526
vt 0.846415 0.155797
vt 0.846672 0.158382
vt 0.854312 0.157624
vt 0.854055 0.155039
vt 0.184935 0.391163
vt 0.184935 0.395073
vt 0.184935 0.452616
vt 0.184935 0.456526
vt 0.839225 0.170379
vt 0.831585 0.169620
vt 0.126555 0.391163
vt 0.126555 0.395073
vt 0.916832 0.211949
vt 0.916832 0.269492
vt 0.921213 0.269492
vt 0.921213 0.211949
vt 0.126555 0.452616
vt 0.126555 0.456526
vt 0.855503 0.169620
vt 0.847863 0.170379
vt 0.177319 0.395073
vt 0.177319 0.391163
vt 0.177319 0.452616
vt 0.177319 0.456526
vt 0.832341 0.162004
vt 0.839981 0.162763
vt 0.118940 0.395073
vt 0.118940 0.391163
vt 0.927778 0.211949
vt 0.927778 0.269492
vt 0.932159 0.269492
vt 0.932159 0.211949
vt 0.118940 0.456526
vt 0.118940 0.452616
vt 0.847107 0.162763
vt 0.854747 0.162005
vt 0.183524 0.391163
vt 0.183524 0.395073
vt 0.183524 0.452616
vt 0.183524 0.456526
vt 0.839365 0.168968
vt 0.831725 0.168210
vt 0.125145 0.391163
vt 0.125145 0.395073
vt 0.125145 0.452616
vt 0.125145 0.456526
vt 0.855363 0.168210
vt 0.847723 0.168968
vt 0.178729 0.395073
vt 0.178729 0.391163
vt 0.178729 0.452616
vt 0.178729 0.456526
vt 0.832201 0.163415
vt 0.839841 0.164173
vt 0.120350 0.395073
vt 0.120350 0.391163
vt 0.120350 0.452616
vt 0.120350 0.456526
vt 0.847247 0.164173
vt 0.854887 0.163415
vt 0.935667 0.150669
vt 0.935667 0.208213
vt 0.940462 0.208213
vt 0.940462 0.150669
vt 0.929923 0.208213
vt 0.929923 0.150669
vt 0.928298 0.150669
vt 0.928298 0.208213
vt 0.910793 0.008936
vt 0.910358 0.013317
vt 0.911983 0.013478
vt 0.912418 0.009097
vt 0.922555 0.208213
vt 0.922555 0.150669
vt 0.920930 0.150669
vt 0.920930 0.208213
vt 0.904615 0.013317
vt 0.904180 0.008936
vt 0.902555 0.009097
vt 0.902990 0.013478
vt 0.915187 0.206658
vt 0.915187 0.149115
vt 0.913562 0.149115
vt 0.913562 0.206658
vt 0.895187 0.008936
vt 0.894752 0.013317
vt 0.896377 0.013478
vt 0.896812 0.009097
vt 0.907819 0.206658
vt 0.907819 0.149115
vt 0.906194 0.149115
vt 0.906194 0.206658
vt 0.889009 0.013317
vt 0.888574 0.008936
vt 0.886949 0.009097
vt 0.887384 0.013478
vt 0.900451 0.206658
vt 0.900451 0.149115
vt 0.898826 0.149115
vt 0.898826 0.206658
vt 0.862578 0.018857
vt 0.862102 0.023652
vt 0.863727 0.023813
vt 0.864203 0.019018
vt 0.893083 0.206658
vt 0.893083 0.149115
vt 0.891457 0.149115
vt 0.891457 0.206658
vt 0.873325 0.023652
vt 0.872848 0.018857
vt 0.871223 0.019018
vt 0.871699 0.023813
vt 0.220985 0.472822
vt 0.220985 0.458578
vt 0.828006 0.205670
vt 0.835646 0.206428
vt 0.162605 0.389111
vt 0.162605 0.374867
vt 0.220985 0.389111
vt 0.220985 0.374867
vt 0.162605 0.472822
vt 0.162605 0.458578
vt 0.851442 0.206428
vt 0.859082 0.205670
vt 0.731035 0.566581
vt 0.729507 0.566581
vt 0.729507 0.609420
vt 0.731035 0.609420
vt 0.697598 0.560135
vt 0.693281 0.560135
vt 0.693281 0.602973
vt 0.697598 0.602973
vt 0.647256 0.602973
vt 0.647256 0.560135
vt 0.645729 0.560135
vt 0.645729 0.602973
vt 0.625871 0.560135
vt 0.621554 0.560135
vt 0.621554 0.602973
vt 0.625871 0.602973
vt 0.728552 0.033637
vt 0.732981 0.033637
vt 0.732981 0.032785
vt 0.728552 0.032785
vt 0.040571 0.210128
vt 0.046815 0.210128
vt 0.046815 0.209510
vt 0.040571 0.209510
vt 0.624078 0.623068
vt 0.628507 0.623068
vt 0.649837 0.623068
vt 0.648985 0.623068
vt 0.690645 0.623068
vt 0.695074 0.623068
vt 0.726927 0.629515
vt 0.727779 0.629515
vt 0.621554 0.346205
vt 0.625871 0.346205
vt 0.639986 0.279317
vt 0.633742 0.279317
vt 0.722754 0.285764
vt 0.729507 0.352651
vt 0.731035 0.352651
vt 0.723373 0.285764
vt 0.693281 0.346205
vt 0.697598 0.346205
vt 0.685410 0.279317
vt 0.679166 0.279317
vt 0.645729 0.346205
vt 0.647256 0.346205
vt 0.654009 0.279317
vt 0.653391 0.279317
vt 0.625871 0.525454
vt 0.621554 0.525454
vt 0.647256 0.525454
vt 0.645729 0.525454
vt 0.697598 0.525454
vt 0.693281 0.525454
vt 0.731035 0.531900
vt 0.729507 0.531900
vt 0.621554 0.389874
vt 0.625871 0.389874
vt 0.645729 0.389874
vt 0.647256 0.389874
vt 0.693281 0.389874
vt 0.697598 0.389874
vt 0.729507 0.396320
vt 0.731035 0.396320
vt 0.704549 0.352651
vt 0.704549 0.396320
vt 0.709599 0.396320
vt 0.709599 0.352651
vt 0.709599 0.566581
vt 0.709599 0.531900
vt 0.704549 0.531900
vt 0.704549 0.566581
vt 0.709599 0.609420
vt 0.704549 0.609420
vt 0.715821 0.629515
vt 0.713004 0.629515
vt 0.728552 0.047561
vt 0.732981 0.047561
vt 0.732981 0.044743
vt 0.728552 0.044743
vt 0.663760 0.623068
vt 0.672215 0.602973
vt 0.667164 0.602973
vt 0.660942 0.623068
vt 0.672215 0.560135
vt 0.667164 0.560135
vt 0.728212 0.110200
vt 0.728212 0.075518
vt 0.723161 0.075518
vt 0.723161 0.110200
vt 0.667164 0.346205
vt 0.667164 0.389874
vt 0.672215 0.389874
vt 0.672215 0.346205
vt 0.662068 0.279317
vt 0.664112 0.279317
vt 0.040571 0.220231
vt 0.046815 0.220231
vt 0.046815 0.218186
vt 0.040571 0.218186
vt 0.712651 0.285764
vt 0.714696 0.285764
vt 0.703341 0.352651
vt 0.703341 0.396320
vt 0.703341 0.531900
vt 0.703341 0.566581
vt 0.703341 0.609420
vt 0.712330 0.629515
vt 0.728552 0.048234
vt 0.732981 0.048234
vt 0.673423 0.602973
vt 0.664434 0.623068
vt 0.673423 0.560135
vt 0.673423 0.525454
vt 0.672215 0.525454
vt 0.673423 0.389874
vt 0.673423 0.346205
vt 0.664601 0.279317
vt 0.040571 0.220720
vt 0.046815 0.220720
vt 0.712163 0.285764
vt 0.714910 0.396320
vt 0.714910 0.352651
vt 0.716846 0.285764
vt 0.046815 0.216037
vt 0.040571 0.216037
vt 0.659918 0.279317
vt 0.661854 0.346205
vt 0.661854 0.389874
vt 0.667164 0.525454
vt 0.661854 0.525454
vt 0.661854 0.560135
vt 0.661854 0.602973
vt 0.657980 0.623068
vt 0.732981 0.041781
vt 0.728552 0.041781
vt 0.718784 0.629515
vt 0.714910 0.609420
vt 0.714910 0.566581
vt 0.714910 0.531900
vt 0.719830 0.396320
vt 0.719830 0.352651
vt 0.718213 0.285764
vt 0.046815 0.214669
vt 0.040571 0.214669
vt 0.658551 0.279317
vt 0.656934 0.346205
vt 0.656934 0.389874
vt 0.717418 0.108014
vt 0.717418 0.073332
vt 0.712498 0.073332
vt 0.712498 0.108014
vt 0.656934 0.560135
vt 0.656934 0.602973
vt 0.655699 0.623068
vt 0.732981 0.039500
vt 0.728552 0.039500
vt 0.721065 0.629515
vt 0.719830 0.609420
vt 0.719830 0.566581
vt 0.719830 0.531900
vt 0.725373 0.396320
vt 0.725373 0.352651
vt 0.721081 0.285764
vt 0.046815 0.211801
vt 0.040571 0.211801
vt 0.655683 0.279317
vt 0.651390 0.346205
vt 0.651390 0.389874
vt 0.656934 0.525454
vt 0.651390 0.525454
vt 0.651390 0.560135
vt 0.651390 0.602973
vt 0.652143 0.623068
vt 0.732981 0.035943
vt 0.728552 0.035943
vt 0.724621 0.629515
vt 0.725373 0.609420
vt 0.725373 0.566581
vt 0.725373 0.531900
vt 0.706755 0.108014
vt 0.706755 0.073332
vt 0.702622 0.073332
vt 0.702622 0.108014
vt 0.696879 0.108014
vt 0.696879 0.073332
vt 0.693274 0.073332
vt 0.693274 0.108014
vt 0.778137 0.028779
vt 0.778137 0.023728
vt 0.774532 0.023728
vt 0.774532 0.028779
vt 0.683926 0.073333
vt 0.683926 0.108014
vt 0.687531 0.108014
vt 0.687531 0.073333
vt 0.785478 0.023728
vt 0.785478 0.028779
vt 0.789083 0.028779
vt 0.789083 0.023728
vt 0.678183 0.111870
vt 0.678183 0.077189
vt 0.674578 0.077189
vt 0.674578 0.111870
vt 0.883950 0.023519
vt 0.883950 0.018600
vt 0.880345 0.018600
vt 0.880345 0.023519
vt 0.665231 0.077189
vt 0.665231 0.111870
vt 0.668835 0.111870
vt 0.668835 0.077189
vt 0.891291 0.017214
vt 0.891291 0.022134
vt 0.894896 0.022134
vt 0.894896 0.017214
vt 0.659487 0.111870
vt 0.659487 0.077189
vt 0.655883 0.077189
vt 0.655883 0.111870
vt 0.881206 0.014863
vt 0.881206 0.010730
vt 0.877601 0.010730
vt 0.877601 0.014863
vt 0.646535 0.077189
vt 0.646535 0.111870
vt 0.650140 0.111870
vt 0.650140 0.077189
vt 0.868253 0.010987
vt 0.868253 0.015121
vt 0.871858 0.015121
vt 0.871858 0.010987
vt 0.704549 0.431500
vt 0.703341 0.431500
vt 0.709599 0.431500
vt 0.714910 0.431500
vt 0.719830 0.431500
vt 0.725373 0.431500
vt 0.729507 0.431500
vt 0.731035 0.431500
vt 0.697598 0.425054
vt 0.693281 0.425054
vt 0.647256 0.425054
vt 0.645729 0.425054
vt 0.651390 0.425054
vt 0.656934 0.425054
vt 0.661854 0.425054
vt 0.667164 0.425054
vt 0.672215 0.425054
vt 0.673423 0.425054
vt 0.625871 0.425054
vt 0.621554 0.425054
vt 0.903052 0.069772
vt 0.898001 0.069772
vt 0.898001 0.104952
vt 0.903052 0.104952
vt 0.892258 0.069772
vt 0.887339 0.069772
vt 0.887339 0.104952
vt 0.892258 0.104952
vt 0.881596 0.070066
vt 0.877462 0.070066
vt 0.877462 0.105246
vt 0.881596 0.105246
vt 0.800029 0.028779
vt 0.800029 0.023728
vt 0.796425 0.023728
vt 0.796425 0.028779
vt 0.868114 0.070066
vt 0.868114 0.105246
vt 0.871719 0.105246
vt 0.871719 0.070066
vt 0.807371 0.018703
vt 0.807371 0.023753
vt 0.810975 0.023753
vt 0.810975 0.018703
vt 0.862371 0.105246
vt 0.862371 0.070066
vt 0.858766 0.070066
vt 0.858766 0.105246
vt 0.905842 0.022134
vt 0.905842 0.017214
vt 0.902237 0.017214
vt 0.902237 0.022134
vt 0.849419 0.070066
vt 0.849419 0.105246
vt 0.853023 0.105246
vt 0.853023 0.070066
vt 0.913184 0.017214
vt 0.913184 0.022134
vt 0.916788 0.022134
vt 0.916788 0.017214
vt 0.843675 0.105246
vt 0.843675 0.070066
vt 0.840071 0.070066
vt 0.840071 0.105246
vt 0.862510 0.014967
vt 0.862510 0.010833
vt 0.858905 0.010833
vt 0.858905 0.014967
vt 0.830723 0.070066
vt 0.830723 0.105246
vt 0.834328 0.105246
vt 0.834328 0.070066
vt 0.849557 0.010833
vt 0.849557 0.014967
vt 0.853162 0.014967
vt 0.853162 0.010833
vt 0.824980 0.110271
vt 0.824980 0.075091
vt 0.821375 0.075091
vt 0.821375 0.110271
vt 0.615811 0.389874
vt 0.614603 0.389874
vt 0.614603 0.425054
vt 0.615811 0.425054
vt 0.568259 0.387703
vt 0.563942 0.387703
vt 0.563942 0.422883
vt 0.568259 0.422883
vt 0.530505 0.422883
vt 0.531713 0.422883
vt 0.531713 0.387703
vt 0.530505 0.387703
vt 0.524762 0.387703
vt 0.520445 0.387703
vt 0.520445 0.422883
vt 0.524762 0.422883
vt 0.722809 0.046252
vt 0.722809 0.045578
vt 0.718380 0.045578
vt 0.718380 0.046252
vt 0.034828 0.222820
vt 0.034828 0.222331
vt 0.028584 0.222331
vt 0.028584 0.222820
vt 0.520445 0.600802
vt 0.517809 0.620898
vt 0.522238 0.620898
vt 0.524762 0.600802
vt 0.530505 0.600802
vt 0.539494 0.620898
vt 0.540168 0.620898
vt 0.531713 0.600802
vt 0.563942 0.600802
vt 0.566466 0.620898
vt 0.570895 0.620898
vt 0.568259 0.600802
vt 0.614603 0.602973
vt 0.606148 0.623068
vt 0.606822 0.623068
vt 0.615811 0.602973
vt 0.524762 0.344034
vt 0.512574 0.277146
vt 0.506330 0.277146
vt 0.520445 0.344034
vt 0.615811 0.346205
vt 0.606989 0.279317
vt 0.606500 0.279317
vt 0.614603 0.346205
vt 0.568259 0.344034
vt 0.582374 0.277146
vt 0.576130 0.277146
vt 0.563942 0.344034
vt 0.531713 0.344034
vt 0.539816 0.277146
vt 0.539327 0.277146
vt 0.530505 0.344034
vt 0.524762 0.557964
vt 0.520445 0.557964
vt 0.531713 0.557964
vt 0.530505 0.557964
vt 0.568259 0.557964
vt 0.563942 0.557964
vt 0.615811 0.560135
vt 0.614603 0.560135
vt 0.524762 0.523283
vt 0.520445 0.523283
vt 0.531713 0.523283
vt 0.530505 0.523283
vt 0.568259 0.523283
vt 0.563942 0.523283
vt 0.615811 0.525454
vt 0.614603 0.525454
vt 0.588117 0.425054
vt 0.589644 0.425054
vt 0.589644 0.389874
vt 0.588117 0.389874
vt 0.589644 0.560135
vt 0.589644 0.525454
vt 0.588117 0.525454
vt 0.588117 0.560135
vt 0.589644 0.602973
vt 0.588117 0.602973
vt 0.591373 0.623068
vt 0.592225 0.623068
vt 0.718380 0.031655
vt 0.722809 0.031655
vt 0.722809 0.030803
vt 0.718380 0.030803
vt 0.556671 0.600802
vt 0.554091 0.620898
vt 0.554943 0.620898
vt 0.558199 0.600802
vt 0.558199 0.557964
vt 0.556671 0.557964
vt 0.558199 0.523283
vt 0.556671 0.523283
vt 0.558199 0.387703
vt 0.556671 0.387703
vt 0.556671 0.422883
vt 0.558199 0.422883
vt 0.558199 0.344034
vt 0.550537 0.277146
vt 0.549918 0.277146
vt 0.556671 0.344034
vt 0.028584 0.212228
vt 0.034828 0.212228
vt 0.034828 0.211610
vt 0.028584 0.211610
vt 0.589644 0.346205
vt 0.596397 0.279317
vt 0.595779 0.279317
vt 0.588117 0.346205
vt 0.593778 0.425054
vt 0.593778 0.389874
vt 0.593778 0.560135
vt 0.593778 0.525454
vt 0.593778 0.602973
vt 0.594531 0.623068
vt 0.718380 0.033961
vt 0.722809 0.033961
vt 0.552537 0.600802
vt 0.551785 0.620898
vt 0.552537 0.557964
vt 0.640792 0.111870
vt 0.640792 0.077189
vt 0.636658 0.077189
vt 0.636658 0.111870
vt 0.811498 0.110402
vt 0.815632 0.110402
vt 0.815632 0.075222
vt 0.811498 0.075222
vt 0.548245 0.277146
vt 0.552537 0.344034
vt 0.028584 0.213901
vt 0.034828 0.213901
vt 0.593778 0.346205
vt 0.598071 0.279317
vt 0.609552 0.425054
vt 0.609552 0.389874
vt 0.604456 0.279317
vt 0.609552 0.346205
vt 0.034828 0.220286
vt 0.028584 0.220286
vt 0.536763 0.344034
vt 0.541860 0.277146
vt 0.800705 0.110402
vt 0.805755 0.110402
vt 0.805755 0.075223
vt 0.800705 0.075223
vt 0.630915 0.111870
vt 0.630915 0.077189
vt 0.625864 0.077189
vt 0.625864 0.111870
vt 0.536763 0.600802
vt 0.536763 0.557964
vt 0.542985 0.620898
vt 0.722809 0.042761
vt 0.718380 0.042761
vt 0.609552 0.602973
vt 0.603330 0.623068
vt 0.609552 0.560135
vt 0.609552 0.525454
vt 0.604242 0.425054
vt 0.604242 0.389874
vt 0.602306 0.279317
vt 0.604242 0.346205
vt 0.034828 0.218137
vt 0.028584 0.218137
vt 0.542074 0.344034
vt 0.544010 0.277146
vt 0.536763 0.422883
vt 0.542074 0.422883
vt 0.542074 0.387703
vt 0.536763 0.387703
vt 0.542074 0.557964
vt 0.542074 0.523283
vt 0.536763 0.523283
vt 0.542074 0.600802
vt 0.545948 0.620898
vt 0.722809 0.039798
vt 0.718380 0.039798
vt 0.604242 0.602973
vt 0.600368 0.623068
vt 0.604242 0.560135
vt 0.604242 0.525454
vt 0.599322 0.425054
vt 0.599322 0.389874
vt 0.600939 0.279317
vt 0.599322 0.346205
vt 0.034828 0.216769
vt 0.028584 0.216769
vt 0.546994 0.344034
vt 0.545377 0.277146
vt 0.790042 0.110402
vt 0.794962 0.110402
vt 0.794962 0.075222
vt 0.790042 0.075222
vt 0.620121 0.111870
vt 0.620121 0.077189
vt 0.615202 0.077189
vt 0.615202 0.111870
vt 0.546994 0.600802
vt 0.546994 0.557964
vt 0.548229 0.620898
vt 0.722809 0.037517
vt 0.718380 0.037517
vt 0.599322 0.602973
vt 0.598087 0.623068
vt 0.599322 0.560135
vt 0.599322 0.525454
vt 0.546994 0.422883
vt 0.552537 0.422883
vt 0.552537 0.387703
vt 0.546994 0.387703
vt 0.552537 0.523283
vt 0.546994 0.523283
vt 0.609459 0.109510
vt 0.609459 0.074828
vt 0.605854 0.074828
vt 0.605854 0.109510
vt 0.840210 0.010833
vt 0.840210 0.014966
vt 0.843814 0.014966
vt 0.843814 0.010833
vt 0.596506 0.074828
vt 0.596506 0.109510
vt 0.600111 0.109510
vt 0.600111 0.074828
vt 0.834467 0.014966
vt 0.834467 0.010833
vt 0.830862 0.010833
vt 0.830862 0.014966
vt 0.590763 0.109510
vt 0.590763 0.074828
vt 0.587158 0.074828
vt 0.587158 0.109510
vt 0.818317 0.018703
vt 0.818317 0.023753
vt 0.821922 0.023753
vt 0.821922 0.018703
vt 0.577810 0.074828
vt 0.577810 0.109510
vt 0.581415 0.109510
vt 0.581415 0.074828
vt 0.832868 0.023753
vt 0.832868 0.018703
vt 0.829263 0.018703
vt 0.829263 0.023753
vt 0.572067 0.109510
vt 0.572067 0.074828
vt 0.568463 0.074828
vt 0.568463 0.109510
vt 0.924130 0.017214
vt 0.924130 0.022134
vt 0.927735 0.022134
vt 0.927735 0.017214
vt 0.559115 0.074828
vt 0.559115 0.109510
vt 0.562719 0.109510
vt 0.562719 0.074828
vt 0.940462 0.025097
vt 0.940462 0.020177
vt 0.936857 0.020177
vt 0.936857 0.025097
vt 0.825119 0.014966
vt 0.825119 0.010833
vt 0.821514 0.010833
vt 0.821514 0.014966
vt 0.784299 0.110402
vt 0.784299 0.075222
vt 0.780694 0.075222
vt 0.780694 0.110402
vt 0.812166 0.010833
vt 0.812166 0.014966
vt 0.815771 0.014966
vt 0.815771 0.010833
vt 0.771346 0.075020
vt 0.771346 0.110200
vt 0.774951 0.110200
vt 0.774951 0.075020
vt 0.843814 0.023753
vt 0.843814 0.018703
vt 0.840209 0.018703
vt 0.840209 0.023753
vt 0.765603 0.110200
vt 0.765603 0.075020
vt 0.761998 0.075020
vt 0.761998 0.110200
vt 0.851155 0.018703
vt 0.851155 0.023753
vt 0.854760 0.023753
vt 0.854760 0.018703
vt 0.752650 0.075020
vt 0.752650 0.110200
vt 0.756255 0.110200
vt 0.756255 0.075020
vt 0.931114 0.013478
vt 0.931114 0.008558
vt 0.927509 0.008558
vt 0.927509 0.013478
vt 0.746907 0.110200
vt 0.746907 0.075020
vt 0.743303 0.075020
vt 0.743303 0.110200
vt 0.918161 0.008558
vt 0.918161 0.013478
vt 0.921766 0.013478
vt 0.921766 0.008558
vt 0.733955 0.075020
vt 0.733955 0.110200
vt 0.737560 0.110200
vt 0.737560 0.075020
vt 0.746713 0.155170
vt 0.746713 0.195745
vt 0.786397 0.195745
vt 0.786397 0.155170
vt 0.706561 0.161921
vt 0.701286 0.155170
vt 0.701286 0.195746
vt 0.706561 0.195746
vt 0.674654 0.199602
vt 0.695543 0.199602
vt 0.695543 0.159026
vt 0.674654 0.159026
vt 0.781830 0.114139
vt 0.781830 0.147963
vt 0.810965 0.147963
vt 0.810965 0.114139
vt 0.706561 0.199217
vt 0.701286 0.205968
vt 0.740970 0.205968
vt 0.735696 0.199217
vt 0.631807 0.155290
vt 0.631807 0.115606
vt 0.613988 0.115606
vt 0.613988 0.155290
vt 0.658595 0.155290
vt 0.658595 0.115606
vt 0.637705 0.115606
vt 0.637705 0.155290
vt 0.735696 0.161921
vt 0.740970 0.155170
vt 0.648021 0.159026
vt 0.648021 0.199602
vt 0.668911 0.199602
vt 0.668911 0.159026
vt 0.735696 0.195746
vt 0.740970 0.195746
vt 0.818317 0.114139
vt 0.818317 0.147964
vt 0.821668 0.147964
vt 0.821668 0.114139
vt 0.308825 0.291657
vt 0.308825 0.262521
vt 0.306655 0.262521
vt 0.306655 0.291657
vt 0.827439 0.147831
vt 0.830789 0.147831
vt 0.830789 0.114007
vt 0.827439 0.114007
vt 0.300911 0.291657
vt 0.300911 0.262521
vt 0.297561 0.262521
vt 0.297561 0.291657
vt 0.746713 0.205968
vt 0.786397 0.205968
vt 0.692472 0.209824
vt 0.674654 0.209824
vt 0.819498 0.151435
vt 0.821668 0.151435
vt 0.781830 0.151434
vt 0.810965 0.151434
vt 0.829609 0.151303
vt 0.827439 0.151303
vt 0.651092 0.209824
vt 0.668911 0.209824
vt 0.642278 0.199602
vt 0.602594 0.199602
vt 0.602594 0.209824
vt 0.642278 0.209824
vt 0.562442 0.197431
vt 0.557168 0.197431
vt 0.557168 0.207653
vt 0.562442 0.200902
vt 0.548353 0.207653
vt 0.551425 0.197431
vt 0.530535 0.197431
vt 0.530535 0.207653
vt 0.865696 0.142806
vt 0.836560 0.142806
vt 0.836560 0.146277
vt 0.865696 0.146277
vt 0.596851 0.207653
vt 0.591577 0.200902
vt 0.682889 0.155290
vt 0.682889 0.115606
vt 0.665071 0.115606
vt 0.665071 0.155290
vt 0.709677 0.151434
vt 0.709677 0.111750
vt 0.688787 0.111750
vt 0.688787 0.151434
vt 0.557168 0.156855
vt 0.562442 0.163607
vt 0.591577 0.163607
vt 0.596851 0.156855
vt 0.524792 0.197431
vt 0.503902 0.197431
vt 0.506973 0.207653
vt 0.524792 0.207653
vt 0.596851 0.197431
vt 0.591577 0.197431
vt 0.876398 0.142806
vt 0.873048 0.142806
vt 0.874228 0.146277
vt 0.876398 0.146277
vt 0.291818 0.283094
vt 0.291818 0.253958
vt 0.289648 0.253958
vt 0.289648 0.283094
vt 0.884340 0.146277
vt 0.885520 0.142806
vt 0.882170 0.142806
vt 0.882170 0.146277
vt 0.283905 0.283094
vt 0.283905 0.253958
vt 0.280554 0.253958
vt 0.280554 0.283094
vt 0.602594 0.159026
vt 0.642278 0.159026
vt 0.503902 0.156855
vt 0.524792 0.156855
vt 0.885520 0.108982
vt 0.882170 0.108982
vt 0.836560 0.108982
vt 0.865696 0.108982
vt 0.873048 0.108982
vt 0.876398 0.108982
vt 0.551425 0.156855
vt 0.530535 0.156855
vt 0.457093 0.421921
vt 0.462262 0.483941
vt 0.473368 0.483941
vt 0.465092 0.421921
vt 0.480810 0.211390
vt 0.480810 0.273410
vt 0.509328 0.273410
vt 0.504269 0.211390
vt 0.523749 0.211390
vt 0.515473 0.273410
vt 0.526579 0.273410
vt 0.531747 0.211390
vt 0.544249 0.211390
vt 0.539190 0.273410
vt 0.567708 0.273410
vt 0.567708 0.211390
vt 0.263705 0.254575
vt 0.263705 0.283094
vt 0.274811 0.283094
vt 0.274811 0.254575
vt 0.070329 0.225444
vt 0.070329 0.248902
vt 0.078327 0.248902
vt 0.078327 0.225444
vt 0.590127 0.211390
vt 0.582128 0.211390
vt 0.573852 0.273410
vt 0.584959 0.273410
vt 0.626087 0.213560
vt 0.602629 0.213560
vt 0.597569 0.275581
vt 0.626087 0.275581
vt 0.640231 0.213560
vt 0.632232 0.213560
vt 0.637400 0.275581
vt 0.648506 0.275581
vt 0.679408 0.213560
vt 0.655949 0.213560
vt 0.655949 0.275581
vt 0.684467 0.275581
vt 0.246856 0.275649
vt 0.257962 0.275649
vt 0.257962 0.247131
vt 0.246856 0.247131
vt 0.084924 0.248902
vt 0.092922 0.248902
vt 0.092922 0.225444
vt 0.084924 0.225444
vt 0.120408 0.228630
vt 0.099519 0.228630
vt 0.102868 0.235593
vt 0.120408 0.235593
vt 0.354324 0.415611
vt 0.381199 0.415611
vt 0.381199 0.404628
vt 0.360310 0.408585
vt 0.126884 0.249520
vt 0.147774 0.249520
vt 0.147774 0.242556
vt 0.130233 0.242556
vt 0.396797 0.479984
vt 0.407640 0.483941
vt 0.403338 0.472959
vt 0.390811 0.472959
vt 0.429060 0.472959
vt 0.429060 0.483941
vt 0.436023 0.483941
vt 0.436023 0.472959
vt 0.878751 0.150014
vt 0.878751 0.157039
vt 0.885714 0.157039
vt 0.885714 0.150014
vt 0.360310 0.465230
vt 0.381199 0.469186
vt 0.381199 0.458204
vt 0.354324 0.458204
vt 0.436023 0.430365
vt 0.436023 0.419383
vt 0.429060 0.419383
vt 0.429060 0.430365
vt 0.390811 0.430365
vt 0.403338 0.430365
vt 0.407640 0.419383
vt 0.396846 0.423340
vt 0.878751 0.199633
vt 0.878751 0.206658
vt 0.885714 0.206658
vt 0.885714 0.199633
vt 0.351280 0.428626
vt 0.381199 0.428626
vt 0.429060 0.459943
vt 0.436023 0.459943
vt 0.403338 0.459943
vt 0.387768 0.459943
vt 0.878751 0.170055
vt 0.885714 0.170055
vt 0.381199 0.445189
vt 0.351280 0.445189
vt 0.436023 0.443381
vt 0.429060 0.443381
vt 0.387768 0.443381
vt 0.403338 0.443381
vt 0.878751 0.186617
vt 0.885714 0.186617
vt 0.422096 0.430365
vt 0.422096 0.419383
vt 0.415133 0.419383
vt 0.415133 0.430365
vt 0.422096 0.443381
vt 0.415133 0.443381
vt 0.422096 0.459943
vt 0.415133 0.459943
vt 0.415133 0.472959
vt 0.422096 0.472959
vt 0.415133 0.483941
vt 0.422096 0.483941
vt 0.133582 0.235593
vt 0.147774 0.235593
vt 0.147774 0.228630
vt 0.136931 0.228630
vt 0.864825 0.157039
vt 0.871788 0.157039
vt 0.871788 0.150014
vt 0.864825 0.150014
vt 0.864825 0.170055
vt 0.871788 0.170055
vt 0.864825 0.186617
vt 0.871788 0.186617
vt 0.864825 0.199633
vt 0.871788 0.199633
vt 0.864825 0.206658
vt 0.871788 0.206658
vt 0.120408 0.242556
vt 0.106216 0.242556
vt 0.109614 0.249520
vt 0.120408 0.249520
vt 0.238041 0.324901
vt 0.238041 0.337916
vt 0.245004 0.337916
vt 0.245004 0.324901
vt 0.238041 0.354479
vt 0.245004 0.354479
vt 0.238041 0.367494
vt 0.245004 0.367494
vt 0.227853 0.324901
vt 0.224809 0.337916
vt 0.229254 0.337916
vt 0.232298 0.324901
vt 0.211578 0.358115
vt 0.214621 0.371131
vt 0.219066 0.371131
vt 0.216023 0.358115
vt 0.299864 0.201867
vt 0.292901 0.205216
vt 0.292901 0.209661
vt 0.299864 0.206312
vt 0.224809 0.354479
vt 0.229254 0.354479
vt 0.211578 0.341552
vt 0.216023 0.341552
vt 0.227853 0.367494
vt 0.232298 0.367494
vt 0.312635 0.205216
vt 0.305671 0.201867
vt 0.305671 0.206312
vt 0.312635 0.209661
vt 0.214621 0.328537
vt 0.219066 0.328537
vt 0.490913 0.157291
vt 0.495599 0.207653
vt 0.498159 0.207348
vt 0.493473 0.156986
vt 0.008118 0.468791
vt 0.058481 0.483672
vt 0.058481 0.374250
vt 0.008118 0.389131
vt 0.482610 0.156986
vt 0.477924 0.207348
vt 0.480484 0.207653
vt 0.485170 0.157291
vt 0.172298 0.580741
vt 0.222660 0.595622
vt 0.222660 0.486199
vt 0.172298 0.501081
vt 0.163995 0.486199
vt 0.163995 0.595622
vt 0.166555 0.595622
vt 0.166555 0.486199
vt 0.101550 0.392824
vt 0.101550 0.472484
vt 0.104110 0.472484
vt 0.104110 0.392824
vt 0.810073 0.156066
vt 0.814759 0.206428
vt 0.822263 0.205534
vt 0.817577 0.155171
vt 0.156491 0.486199
vt 0.156491 0.595622
vt 0.796826 0.155171
vt 0.792140 0.205534
vt 0.799644 0.206428
vt 0.804330 0.156066
vt 0.094045 0.392824
vt 0.094045 0.472484
vt 0.222660 0.476559
vt 0.172298 0.489892
vt 0.163995 0.476559
vt 0.156491 0.476559
vt 0.457300 0.417711
vt 0.472181 0.367349
vt 0.460993 0.367349
vt 0.447659 0.417711
vt 0.094045 0.483672
vt 0.101550 0.483672
vt 0.417394 0.365284
vt 0.432276 0.415647
vt 0.441916 0.415647
vt 0.428582 0.365284
vt 0.156491 0.605262
vt 0.163995 0.605262
vt 0.172298 0.591929
vt 0.222660 0.605262
vt 0.101550 0.381636
vt 0.094045 0.381636
vt 0.871223 0.665040
vt 0.871223 0.948711
vt 0.904485 0.991442
vt 0.904485 0.664998
vt 0.863662 0.303343
vt 0.863662 0.629787
vt 0.940462 0.629787
vt 0.940462 0.303343
vt 0.824657 0.303343
vt 0.824657 0.629787
vt 0.857919 0.587056
vt 0.857919 0.303385
vt 0.738626 0.303113
vt 0.738626 0.586784
vt 0.811729 0.586784
vt 0.811729 0.303113
vt 0.736778 0.629515
vt 0.813577 0.629515
vt 0.311144 0.401492
vt 0.311144 0.460081
vt 0.344406 0.469186
vt 0.344406 0.392387
vt 0.804472 0.272998
vt 0.745883 0.272998
vt 0.909822 0.634883
vt 0.876560 0.634925
vt 0.940462 0.273228
vt 0.863662 0.273228
vt 0.852582 0.273271
vt 0.819320 0.273228
vt 0.210249 0.201925
vt 0.214799 0.201925
vt 0.214799 0.199139
vt 0.210249 0.199139
vt 0.159460 0.278385
vt 0.164010 0.278385
vt 0.164010 0.253939
vt 0.159460 0.253939
vt 0.311907 0.220688
vt 0.316458 0.220688
vt 0.316458 0.214728
vt 0.311907 0.214728
vt 0.147898 0.278829
vt 0.152448 0.278829
vt 0.152448 0.254383
vt 0.147898 0.254383
vt 0.135634 0.254383
vt 0.132715 0.254383
vt 0.129825 0.278829
vt 0.135634 0.278829
vt 0.013927 0.226556
vt 0.008118 0.226556
vt 0.011008 0.251002
vt 0.013927 0.251002
vt 0.211644 0.195102
vt 0.216194 0.195102
vt 0.216614 0.193887
vt 0.212063 0.193887
vt 0.140887 0.254383
vt 0.139671 0.254383
vt 0.139671 0.278829
vt 0.140887 0.278829
vt 0.317853 0.224724
vt 0.313302 0.224724
vt 0.313722 0.225940
vt 0.318273 0.225940
vt 0.122601 0.254526
vt 0.121386 0.254526
vt 0.121386 0.278972
vt 0.122601 0.278972
vt 0.210249 0.203192
vt 0.214799 0.203192
vt 0.131445 0.254383
vt 0.128498 0.278829
vt 0.316458 0.213398
vt 0.311907 0.213398
vt 0.111540 0.254526
vt 0.110212 0.254526
vt 0.113160 0.278972
vt 0.114430 0.278972
vt 0.121386 0.280099
vt 0.122601 0.280099
vt 0.159460 0.279512
vt 0.164010 0.279512
vt 0.139671 0.253256
vt 0.140887 0.253256
vt 0.132848 0.253256
vt 0.135634 0.253256
vt 0.131581 0.253256
vt 0.152448 0.253256
vt 0.147898 0.253256
vt 0.113296 0.280099
vt 0.114563 0.280099
vt 0.117349 0.278972
vt 0.117349 0.280099
vt 0.147898 0.280099
vt 0.152448 0.280099
vt 0.128344 0.280099
vt 0.129675 0.280099
vt 0.135634 0.280099
vt 0.139671 0.280099
vt 0.140887 0.280099
vt 0.164010 0.252668
vt 0.159460 0.252668
vt 0.121386 0.253256
vt 0.122601 0.253256
vt 0.111390 0.253256
vt 0.117349 0.254526
vt 0.117349 0.253256
vt 0.110059 0.253256
vt 0.017964 0.251002
vt 0.017964 0.226556
vt 0.025988 0.251002
vt 0.025988 0.226556
vt 0.024720 0.226556
vt 0.024720 0.251002
vt 0.158191 0.253939
vt 0.158191 0.278385
vt 0.146630 0.254383
vt 0.146630 0.278829
vt 0.033285 0.251002
vt 0.033285 0.226556
vt 0.032017 0.226556
vt 0.032017 0.251002
vt 0.210795 0.193887
vt 0.210375 0.195102
vt 0.158191 0.279512
vt 0.146630 0.253256
vt 0.208980 0.201925
vt 0.208980 0.203192
vt 0.319710 0.205624
vt 0.319710 0.202705
vt 0.318442 0.202705
vt 0.318442 0.205624
vt 0.208980 0.199139
vt 0.158191 0.252668
vt 0.312034 0.224724
vt 0.312454 0.225940
vt 0.082543 0.206732
vt 0.082543 0.200922
vt 0.081275 0.200922
vt 0.081275 0.206732
vt 0.310639 0.214728
vt 0.310639 0.220688
vt 0.146630 0.280099
vt 0.310639 0.213398
vt 0.083938 0.196885
vt 0.082670 0.196885
vt 0.321105 0.209661
vt 0.319837 0.209661
vt 0.224843 0.195070
vt 0.224843 0.197856
vt 0.229394 0.197856
vt 0.229394 0.195070
vt 0.099766 0.254383
vt 0.099766 0.278829
vt 0.104316 0.278829
vt 0.104316 0.254383
vt 0.298531 0.218650
vt 0.298531 0.224609
vt 0.303081 0.224609
vt 0.303081 0.218650
vt 0.088204 0.255554
vt 0.088204 0.280001
vt 0.092754 0.280001
vt 0.092754 0.255554
vt 0.075941 0.278355
vt 0.075941 0.253909
vt 0.070131 0.253909
vt 0.073021 0.278355
vt 0.045124 0.248902
vt 0.045124 0.224456
vt 0.042205 0.224456
vt 0.039315 0.248902
vt 0.226238 0.201893
vt 0.226658 0.203108
vt 0.231209 0.203108
vt 0.230789 0.201893
vt 0.081193 0.278355
vt 0.081193 0.253909
vt 0.079977 0.253909
vt 0.079977 0.278355
vt 0.304476 0.214613
vt 0.304896 0.213398
vt 0.300346 0.213398
vt 0.299926 0.214613
vt 0.062908 0.278212
vt 0.062908 0.253765
vt 0.061692 0.253765
vt 0.061692 0.278212
vt 0.224843 0.193802
vt 0.229394 0.193802
vt 0.068804 0.253909
vt 0.071751 0.278355
vt 0.298531 0.225940
vt 0.303081 0.225940
vt 0.051846 0.278212
vt 0.054736 0.253765
vt 0.053466 0.253765
vt 0.050519 0.278212
vt 0.062908 0.252639
vt 0.061692 0.252639
vt 0.099766 0.253256
vt 0.104316 0.253256
vt 0.079977 0.279482
vt 0.081193 0.279482
vt 0.073155 0.279482
vt 0.075941 0.279482
vt 0.071887 0.279482
vt 0.088204 0.281127
vt 0.092754 0.281127
vt 0.054869 0.252639
vt 0.053602 0.252639
vt 0.057655 0.253765
vt 0.057655 0.252639
vt 0.088204 0.254284
vt 0.092754 0.254284
vt 0.069981 0.252639
vt 0.068651 0.252639
vt 0.075941 0.252639
vt 0.081193 0.252639
vt 0.079977 0.252639
vt 0.099766 0.280099
vt 0.104316 0.280099
vt 0.061692 0.279482
vt 0.062908 0.279482
vt 0.051696 0.279482
vt 0.057655 0.279482
vt 0.057655 0.278212
vt 0.050365 0.279482
vt 0.049161 0.224456
vt 0.049161 0.248902
vt 0.057002 0.224456
vt 0.055734 0.224456
vt 0.055734 0.248902
vt 0.057002 0.248902
vt 0.098498 0.254383
vt 0.098498 0.278829
vt 0.086936 0.255554
vt 0.086936 0.280001
vt 0.064300 0.224456
vt 0.063031 0.224456
vt 0.063031 0.248902
vt 0.064300 0.248902
vt 0.224970 0.201893
vt 0.225390 0.203108
vt 0.098498 0.253256
vt 0.086936 0.281127
vt 0.223575 0.193802
vt 0.223575 0.195070
vt 0.328832 0.210501
vt 0.327564 0.210501
vt 0.327564 0.213420
vt 0.328832 0.213420
vt 0.223575 0.197856
vt 0.098498 0.280099
vt 0.299077 0.213398
vt 0.298657 0.214613
vt 0.091665 0.196885
vt 0.090397 0.196885
vt 0.090397 0.202695
vt 0.091665 0.202695
vt 0.297262 0.218650
vt 0.297262 0.224609
vt 0.086936 0.254284
vt 0.297262 0.225940
vt 0.091792 0.206731
vt 0.093060 0.206731
vt 0.330227 0.206464
vt 0.328959 0.206464
vt 0.159946 0.371131
vt 0.160749 0.371131
vt 0.160749 0.329351
vt 0.159946 0.329351
vt 0.161387 0.371131
vt 0.161387 0.329351
vt 0.150981 0.329351
vt 0.150178 0.329351
vt 0.150178 0.371131
vt 0.150981 0.371131
vt 0.149288 0.329351
vt 0.149288 0.371131
vt 0.148397 0.329351
vt 0.148397 0.371131
vt 0.147594 0.329351
vt 0.147594 0.371131
vt 0.141851 0.329351
vt 0.141213 0.329351
vt 0.141213 0.371131
vt 0.141851 0.371131
vt 0.140410 0.329351
vt 0.140410 0.371131
vt 0.139520 0.329351
vt 0.139520 0.371131
vt 0.138629 0.329351
vt 0.138629 0.371131
vt 0.137826 0.329351
vt 0.137826 0.371131
vt 0.137188 0.329351
vt 0.137188 0.371131
vt 0.128058 0.371131
vt 0.128861 0.371131
vt 0.128861 0.329351
vt 0.128058 0.329351
vt 0.129752 0.371131
vt 0.129752 0.329351
vt 0.130642 0.371131
vt 0.130642 0.329351
vt 0.131445 0.371131
vt 0.131445 0.329351
vt 0.156724 0.371131
vt 0.157362 0.371131
vt 0.157362 0.329351
vt 0.156724 0.329351
vt 0.158165 0.371131
vt 0.158165 0.329351
vt 0.159056 0.371131
vt 0.159056 0.329351
vt 0.120874 0.371131
vt 0.121677 0.371131
vt 0.121677 0.329351
vt 0.120874 0.329351
vt 0.122315 0.371131
vt 0.122315 0.329351
vt 0.111909 0.329351
vt 0.111106 0.329351
vt 0.111106 0.371131
vt 0.111909 0.371131
vt 0.110216 0.329351
vt 0.110216 0.371131
vt 0.109325 0.329351
vt 0.109325 0.371131
vt 0.108522 0.329351
vt 0.108522 0.371131
vt 0.102779 0.336121
vt 0.102141 0.336121
vt 0.102141 0.377900
vt 0.102779 0.377900
vt 0.101338 0.336121
vt 0.101338 0.377900
vt 0.100448 0.336121
vt 0.100448 0.377900
vt 0.099557 0.336121
vt 0.099557 0.377900
vt 0.098754 0.336121
vt 0.098754 0.377900
vt 0.098116 0.336121
vt 0.098116 0.377900
vt 0.088986 0.372159
vt 0.089789 0.372159
vt 0.089789 0.330379
vt 0.088986 0.330379
vt 0.090680 0.372159
vt 0.090680 0.330379
vt 0.091570 0.372159
vt 0.091570 0.330379
vt 0.092373 0.372159
vt 0.092373 0.330379
vt 0.117652 0.371131
vt 0.118290 0.371131
vt 0.118290 0.329351
vt 0.117652 0.329351
vt 0.119093 0.371131
vt 0.119093 0.329351
vt 0.119984 0.371131
vt 0.119984 0.329351
vt 0.081802 0.372159
vt 0.082605 0.372159
vt 0.082605 0.330379
vt 0.081802 0.330379
vt 0.083243 0.372159
vt 0.083243 0.330379
vt 0.072837 0.330379
vt 0.072034 0.330379
vt 0.072034 0.372159
vt 0.072837 0.372159
vt 0.071144 0.330379
vt 0.071144 0.372159
vt 0.070253 0.330379
vt 0.070253 0.372159
vt 0.069450 0.330379
vt 0.069450 0.372159
vt 0.063707 0.328734
vt 0.063069 0.328734
vt 0.063069 0.370513
vt 0.063707 0.370513
vt 0.062266 0.328734
vt 0.062266 0.370513
vt 0.061376 0.328734
vt 0.061376 0.370513
vt 0.060485 0.328734
vt 0.060485 0.370513
vt 0.059682 0.328734
vt 0.059682 0.370513
vt 0.059044 0.328734
vt 0.059044 0.370513
vt 0.049914 0.370513
vt 0.050717 0.370513
vt 0.050717 0.328734
vt 0.049914 0.328734
vt 0.051608 0.370513
vt 0.051608 0.328734
vt 0.052498 0.370513
vt 0.052498 0.328734
vt 0.053301 0.370513
vt 0.053301 0.328734
vt 0.078580 0.372159
vt 0.079218 0.372159
vt 0.079218 0.330379
vt 0.078580 0.330379
vt 0.080021 0.372159
vt 0.080021 0.330379
vt 0.080912 0.372159
vt 0.080912 0.330379
vt 0.042730 0.370513
vt 0.043533 0.370513
vt 0.043533 0.328734
vt 0.042730 0.328734
vt 0.044171 0.370513
vt 0.044171 0.328734
vt 0.033765 0.328734
vt 0.032962 0.328734
vt 0.032962 0.370513
vt 0.033765 0.370513
vt 0.032072 0.328734
vt 0.032072 0.370513
vt 0.031181 0.328734
vt 0.031181 0.370513
vt 0.030378 0.328734
vt 0.030378 0.370513
vt 0.024635 0.328734
vt 0.023997 0.328734
vt 0.023997 0.370513
vt 0.024635 0.370513
vt 0.023194 0.328734
vt 0.023194 0.370513
vt 0.022304 0.328734
vt 0.022304 0.370513
vt 0.021413 0.328734
vt 0.021413 0.370513
vt 0.020610 0.328734
vt 0.020610 0.370513
vt 0.019972 0.328734
vt 0.019972 0.370513
vt 0.010842 0.370513
vt 0.011645 0.370513
vt 0.011645 0.328734
vt 0.010842 0.328734
vt 0.012536 0.370513
vt 0.012536 0.328734
vt 0.013426 0.370513
vt 0.013426 0.328734
vt 0.014229 0.370513
vt 0.014229 0.328734
vt 0.039508 0.370513
vt 0.040146 0.370513
vt 0.040146 0.328734
vt 0.039508 0.328734
vt 0.040949 0.370513
vt 0.040949 0.328734
vt 0.041840 0.370513
vt 0.041840 0.328734
vt 0.011340 0.324998
vt 0.012143 0.324998
vt 0.012143 0.283218
vt 0.011340 0.283218
vt 0.012780 0.324998
vt 0.012780 0.283218
vt 0.022634 0.283218
vt 0.021831 0.283218
vt 0.021831 0.324998
vt 0.022634 0.324998
vt 0.020940 0.283218
vt 0.020940 0.324998
vt 0.020050 0.283218
vt 0.020050 0.324998
vt 0.019247 0.283218
vt 0.019247 0.324998
vt 0.034855 0.283218
vt 0.034218 0.283218
vt 0.034218 0.324998
vt 0.034855 0.324998
vt 0.033414 0.283218
vt 0.033414 0.324998
vt 0.032524 0.283218
vt 0.032524 0.324998
vt 0.031634 0.283218
vt 0.031634 0.324998
vt 0.030830 0.283218
vt 0.030830 0.324998
vt 0.030193 0.283218
vt 0.030193 0.324998
vt 0.041139 0.324998
vt 0.041942 0.324998
vt 0.041942 0.283218
vt 0.041139 0.283218
vt 0.042833 0.324998
vt 0.042833 0.283218
vt 0.043723 0.324998
vt 0.043723 0.283218
vt 0.044526 0.324998
vt 0.044526 0.283218
vt 0.008118 0.324998
vt 0.008756 0.324998
vt 0.008756 0.283218
vt 0.008118 0.283218
vt 0.009559 0.324998
vt 0.009559 0.283218
vt 0.010449 0.324998
vt 0.010449 0.283218
vt 0.055307 0.324998
vt 0.056110 0.324998
vt 0.056110 0.283218
vt 0.055307 0.283218
vt 0.056748 0.324998
vt 0.056748 0.283218
vt 0.066419 0.283218
vt 0.065616 0.283218
vt 0.065616 0.324998
vt 0.066419 0.324998
vt 0.064725 0.283218
vt 0.064725 0.324998
vt 0.063835 0.283218
vt 0.063835 0.324998
vt 0.063031 0.283218
vt 0.063031 0.324998
vt 0.078640 0.284864
vt 0.078002 0.284864
vt 0.078002 0.326643
vt 0.078640 0.326643
vt 0.077199 0.284864
vt 0.077199 0.326643
vt 0.076309 0.284864
vt 0.076309 0.326643
vt 0.075418 0.284864
vt 0.075418 0.326643
vt 0.074615 0.284864
vt 0.074615 0.326643
vt 0.073978 0.284864
vt 0.073978 0.326643
vt 0.084924 0.326643
vt 0.085727 0.326643
vt 0.085727 0.284864
vt 0.084924 0.284864
vt 0.086617 0.326643
vt 0.086617 0.284864
vt 0.087508 0.326643
vt 0.087508 0.284864
vt 0.088311 0.326643
vt 0.088311 0.284864
vt 0.052085 0.324998
vt 0.052723 0.324998
vt 0.052723 0.283218
vt 0.052085 0.283218
vt 0.053526 0.324998
vt 0.053526 0.283218
vt 0.054416 0.324998
vt 0.054416 0.283218
vt 0.099092 0.326643
vt 0.099895 0.326643
vt 0.099895 0.284864
vt 0.099092 0.284864
vt 0.100532 0.326643
vt 0.100532 0.284864
vt 0.110203 0.283836
vt 0.109400 0.283836
vt 0.109400 0.325615
vt 0.110203 0.325615
vt 0.108510 0.283836
vt 0.108510 0.325615
vt 0.107619 0.283836
vt 0.107619 0.325615
vt 0.106816 0.283836
vt 0.106816 0.325615
vt 0.122425 0.283836
vt 0.121787 0.283836
vt 0.121787 0.325615
vt 0.122425 0.325615
vt 0.120984 0.283836
vt 0.120984 0.325615
vt 0.120093 0.283836
vt 0.120093 0.325615
vt 0.119203 0.283836
vt 0.119203 0.325615
vt 0.118400 0.283836
vt 0.118400 0.325615
vt 0.117762 0.283836
vt 0.117762 0.325615
vt 0.128708 0.325615
vt 0.129512 0.325615
vt 0.129512 0.283836
vt 0.128708 0.283836
vt 0.130402 0.325615
vt 0.130402 0.283836
vt 0.131293 0.325615
vt 0.131293 0.283836
vt 0.132096 0.325615
vt 0.132096 0.283836
vt 0.095870 0.326643
vt 0.096507 0.326643
vt 0.096507 0.284864
vt 0.095870 0.284864
vt 0.097311 0.326643
vt 0.097311 0.284864
vt 0.098201 0.326643
vt 0.098201 0.284864
vt 0.142876 0.325615
vt 0.143679 0.325615
vt 0.143679 0.283836
vt 0.142876 0.283836
vt 0.144317 0.325615
vt 0.144317 0.283836
vt 0.153988 0.283836
vt 0.153185 0.283836
vt 0.153185 0.325615
vt 0.153988 0.325615
vt 0.152294 0.283836
vt 0.152294 0.325615
vt 0.151404 0.283836
vt 0.151404 0.325615
vt 0.150601 0.283836
vt 0.150601 0.325615
vt 0.166209 0.283248
vt 0.165572 0.283248
vt 0.165572 0.325027
vt 0.166209 0.325027
vt 0.164769 0.283248
vt 0.164769 0.325027
vt 0.163878 0.283248
vt 0.163878 0.325027
vt 0.162988 0.283248
vt 0.162988 0.325027
vt 0.162184 0.283248
vt 0.162184 0.325027
vt 0.161547 0.283248
vt 0.161547 0.325027
vt 0.172493 0.324992
vt 0.173296 0.324992
vt 0.173296 0.283212
vt 0.172493 0.283212
vt 0.174187 0.324992
vt 0.174187 0.283212
vt 0.175077 0.324992
vt 0.175077 0.283212
vt 0.175880 0.324992
vt 0.175880 0.283212
vt 0.139655 0.325615
vt 0.140292 0.325615
vt 0.140292 0.283836
vt 0.139655 0.283836
vt 0.141095 0.325615
vt 0.141095 0.283836
vt 0.141986 0.325615
vt 0.141986 0.283836
vt 0.186661 0.283212
vt 0.186661 0.324992
vt 0.187464 0.324992
vt 0.187464 0.283212
vt 0.188102 0.324992
vt 0.188102 0.283212
vt 0.197773 0.324992
vt 0.197773 0.283212
vt 0.196970 0.283212
vt 0.196970 0.324992
vt 0.196079 0.283212
vt 0.196079 0.324992
vt 0.195189 0.283212
vt 0.195189 0.324992
vt 0.194385 0.283212
vt 0.194385 0.324992
vt 0.209994 0.324801
vt 0.209994 0.283021
vt 0.209356 0.283021
vt 0.209356 0.324801
vt 0.208553 0.283021
vt 0.208553 0.324801
vt 0.207663 0.283021
vt 0.207663 0.324801
vt 0.206772 0.283021
vt 0.206772 0.324801
vt 0.205969 0.283021
vt 0.205969 0.324801
vt 0.205332 0.283021
vt 0.205332 0.324801
vt 0.216278 0.279385
vt 0.216278 0.321165
vt 0.217081 0.321165
vt 0.217081 0.279385
vt 0.217971 0.321165
vt 0.217971 0.279385
vt 0.218862 0.321165
vt 0.218862 0.279385
vt 0.219665 0.321165
vt 0.219665 0.279385
vt 0.183439 0.283212
vt 0.183439 0.324992
vt 0.184077 0.324992
vt 0.184077 0.283212
vt 0.184880 0.324992
vt 0.184880 0.283212
vt 0.185770 0.324992
vt 0.185770 0.283212
vt 0.230445 0.279385
vt 0.230446 0.321165
vt 0.231249 0.321165
vt 0.231249 0.279385
vt 0.231886 0.321165
vt 0.231886 0.279385
vt 0.241557 0.321165
vt 0.241557 0.279385
vt 0.240754 0.279385
vt 0.240754 0.321165
vt 0.239864 0.279385
vt 0.239864 0.321165
vt 0.238973 0.279385
vt 0.238973 0.321165
vt 0.238170 0.279385
vt 0.238170 0.321165
vt 0.253779 0.328609
vt 0.253779 0.286830
vt 0.253141 0.286830
vt 0.253141 0.328609
vt 0.252338 0.286830
vt 0.252338 0.328609
vt 0.251447 0.286830
vt 0.251447 0.328609
vt 0.250557 0.286830
vt 0.250557 0.328609
vt 0.249754 0.286830
vt 0.249754 0.328609
vt 0.249116 0.286830
vt 0.249116 0.328609
vt 0.260062 0.286830
vt 0.260062 0.328609
vt 0.260866 0.328609
vt 0.260866 0.286830
vt 0.261756 0.328609
vt 0.261756 0.286830
vt 0.262647 0.328609
vt 0.262647 0.286830
vt 0.263450 0.328609
vt 0.263450 0.286830
vt 0.227224 0.279385
vt 0.227224 0.321165
vt 0.227861 0.321165
vt 0.227861 0.279385
vt 0.228665 0.321165
vt 0.228665 0.279385
vt 0.229555 0.321165
vt 0.229555 0.279385
vt 0.274230 0.286830
vt 0.274230 0.328609
vt 0.275033 0.328609
vt 0.275033 0.286830
vt 0.275671 0.328609
vt 0.275671 0.286830
vt 0.285342 0.328609
vt 0.285342 0.286830
vt 0.284539 0.286830
vt 0.284539 0.328609
vt 0.283648 0.286830
vt 0.283648 0.328609
vt 0.282758 0.286830
vt 0.282758 0.328609
vt 0.281955 0.286830
vt 0.281955 0.328609
vt 0.297563 0.337172
vt 0.297563 0.295393
vt 0.296926 0.295393
vt 0.296926 0.337172
vt 0.296122 0.295393
vt 0.296122 0.337172
vt 0.295232 0.295393
vt 0.295232 0.337172
vt 0.294342 0.295393
vt 0.294342 0.337172
vt 0.293538 0.295393
vt 0.293538 0.337172
vt 0.292901 0.295393
vt 0.292901 0.337172
vt 0.303847 0.295393
vt 0.303847 0.337172
vt 0.304650 0.337172
vt 0.304650 0.295393
vt 0.305541 0.337172
vt 0.305541 0.295393
vt 0.306431 0.337172
vt 0.306431 0.295393
vt 0.307234 0.337172
vt 0.307234 0.295393
vt 0.271009 0.286830
vt 0.271009 0.328609
vt 0.271646 0.328609
vt 0.271646 0.286830
vt 0.272449 0.328609
vt 0.272449 0.286830
vt 0.273340 0.328609
vt 0.273340 0.286830
vt 0.318015 0.294214
vt 0.318015 0.335993
vt 0.318818 0.335993
vt 0.318818 0.294214
vt 0.319456 0.335993
vt 0.319456 0.294214
vt 0.329127 0.335993
vt 0.329127 0.294214
vt 0.328324 0.294214
vt 0.328324 0.335993
vt 0.327433 0.294214
vt 0.327433 0.335993
vt 0.326543 0.294214
vt 0.326543 0.335993
vt 0.325739 0.294214
vt 0.325739 0.335993
vt 0.341348 0.335993
vt 0.341348 0.294214
vt 0.340710 0.294214
vt 0.340710 0.335993
vt 0.339907 0.294214
vt 0.339907 0.335993
vt 0.339017 0.294214
vt 0.339017 0.335993
vt 0.338126 0.294214
vt 0.338126 0.335993
vt 0.337323 0.294214
vt 0.337323 0.335993
vt 0.336686 0.294214
vt 0.336686 0.335993
vt 0.347632 0.294214
vt 0.347632 0.335993
vt 0.348435 0.335993
vt 0.348435 0.294214
vt 0.349325 0.335993
vt 0.349325 0.294214
vt 0.350216 0.335993
vt 0.350216 0.294214
vt 0.351019 0.335993
vt 0.351019 0.294214
vt 0.314793 0.294214
vt 0.314793 0.335993
vt 0.315431 0.335993
vt 0.315431 0.294214
vt 0.316234 0.335993
vt 0.316234 0.294214
vt 0.317124 0.335993
vt 0.317124 0.294214
vt 0.361800 0.294214
vt 0.361800 0.335993
vt 0.362603 0.335993
vt 0.362603 0.294214
vt 0.363240 0.335993
vt 0.363240 0.294214
vt 0.372912 0.348235
vt 0.372912 0.306455
vt 0.372108 0.306455
vt 0.372108 0.348235
vt 0.371218 0.306455
vt 0.371218 0.348235
vt 0.370327 0.306455
vt 0.370327 0.348235
vt 0.369524 0.306455
vt 0.369524 0.348235
vt 0.385133 0.348235
vt 0.385133 0.306455
vt 0.384495 0.306455
vt 0.384495 0.348235
vt 0.383692 0.306455
vt 0.383692 0.348235
vt 0.382801 0.306455
vt 0.382801 0.348235
vt 0.381911 0.306455
vt 0.381911 0.348235
vt 0.381108 0.306455
vt 0.381108 0.348235
vt 0.380470 0.306455
vt 0.380470 0.348235
vt 0.391416 0.306455
vt 0.391416 0.348235
vt 0.392220 0.348235
vt 0.392220 0.306455
vt 0.393110 0.348235
vt 0.393110 0.306455
vt 0.394001 0.348235
vt 0.394001 0.306455
vt 0.394804 0.348235
vt 0.394804 0.306455
vt 0.358578 0.294214
vt 0.358578 0.335993
vt 0.359215 0.335993
vt 0.359215 0.294214
vt 0.360019 0.335993
vt 0.360019 0.294214
vt 0.360909 0.335993
vt 0.360909 0.294214
vt 0.405584 0.306455
vt 0.405584 0.348235
vt 0.406387 0.348235
vt 0.406387 0.306455
vt 0.407025 0.348235
vt 0.407025 0.306455
vt 0.416696 0.348235
vt 0.416696 0.306455
vt 0.415893 0.306455
vt 0.415893 0.348235
vt 0.415002 0.306455
vt 0.415002 0.348235
vt 0.414112 0.306455
vt 0.414112 0.348235
vt 0.413309 0.306455
vt 0.413309 0.348235
vt 0.428917 0.361548
vt 0.428917 0.319769
vt 0.428280 0.319769
vt 0.428280 0.361548
vt 0.427477 0.319769
vt 0.427477 0.361548
vt 0.426586 0.319769
vt 0.426586 0.361548
vt 0.425696 0.319769
vt 0.425696 0.361548
vt 0.424892 0.319769
vt 0.424892 0.361548
vt 0.424255 0.319769
vt 0.424255 0.361548
vt 0.435201 0.319769
vt 0.435201 0.361548
vt 0.436004 0.361548
vt 0.436004 0.319769
vt 0.436895 0.361548
vt 0.436895 0.319769
vt 0.437785 0.361548
vt 0.437785 0.319769
vt 0.438589 0.361548
vt 0.438589 0.319769
vt 0.402363 0.306455
vt 0.402363 0.348235
vt 0.403000 0.348235
vt 0.403000 0.306455
vt 0.403803 0.348235
vt 0.403803 0.306455
vt 0.404694 0.348235
vt 0.404694 0.306455
vt 0.449369 0.321833
vt 0.449369 0.363613
vt 0.450172 0.363613
vt 0.450172 0.321833
vt 0.450810 0.363613
vt 0.450810 0.321833
vt 0.460481 0.363613
vt 0.460481 0.321833
vt 0.459678 0.321833
vt 0.459678 0.363613
vt 0.458787 0.321833
vt 0.458787 0.363613
vt 0.457897 0.321833
vt 0.457897 0.363613
vt 0.457093 0.321833
vt 0.457093 0.363613
vt 0.472702 0.363613
vt 0.472702 0.321833
vt 0.472065 0.321833
vt 0.472065 0.363613
vt 0.471261 0.321833
vt 0.471261 0.363613
vt 0.470371 0.321833
vt 0.470371 0.363613
vt 0.469480 0.321833
vt 0.469480 0.363613
vt 0.468677 0.321833
vt 0.468677 0.363613
vt 0.468040 0.321833
vt 0.468040 0.363613
vt 0.478986 0.111470
vt 0.478986 0.153249
vt 0.479789 0.153249
vt 0.479789 0.111470
vt 0.480679 0.153249
vt 0.480679 0.111470
vt 0.481570 0.153249
vt 0.481570 0.111470
vt 0.482373 0.153249
vt 0.482373 0.111470
vt 0.446147 0.321833
vt 0.446147 0.363613
vt 0.446785 0.363613
vt 0.446785 0.321833
vt 0.447588 0.363613
vt 0.447588 0.321833
vt 0.448478 0.363613
vt 0.448478 0.321833
vt 0.493154 0.111470
vt 0.493154 0.153249
vt 0.493957 0.153249
vt 0.493957 0.111470
vt 0.494594 0.153249
vt 0.494594 0.111470
vt 0.504265 0.153119
vt 0.504265 0.111340
vt 0.503462 0.111340
vt 0.503462 0.153119
vt 0.502572 0.111340
vt 0.502572 0.153119
vt 0.501681 0.111340
vt 0.501681 0.153119
vt 0.500878 0.111340
vt 0.500878 0.153119
vt 0.516487 0.153119
vt 0.516487 0.111340
vt 0.515849 0.111340
vt 0.515849 0.153119
vt 0.515046 0.111340
vt 0.515046 0.153119
vt 0.514155 0.111340
vt 0.514155 0.153119
vt 0.513265 0.111340
vt 0.513265 0.153119
vt 0.512462 0.111340
vt 0.512462 0.153119
vt 0.511824 0.111340
vt 0.511824 0.153119
vt 0.522770 0.111340
vt 0.522770 0.153119
vt 0.523574 0.153119
vt 0.523574 0.111340
vt 0.524464 0.153119
vt 0.524464 0.111340
vt 0.525355 0.153119
vt 0.525355 0.111340
vt 0.526158 0.153119
vt 0.526158 0.111340
vt 0.489932 0.111470
vt 0.489932 0.153249
vt 0.490569 0.153249
vt 0.490569 0.111470
vt 0.491373 0.153249
vt 0.491373 0.111470
vt 0.492263 0.153249
vt 0.492263 0.111470
vt 0.064856 0.450367
vt 0.064856 0.468936
vt 0.073450 0.468936
vt 0.073450 0.450367
vt 0.064856 0.483672
vt 0.073450 0.483672
vt 0.290549 0.469186
vt 0.290549 0.450617
vt 0.281955 0.450617
vt 0.281955 0.469186
vt 0.290549 0.430034
vt 0.281955 0.430034
vt 0.290549 0.409450
vt 0.281955 0.409450
vt 0.290549 0.390881
vt 0.281955 0.390881
vt 0.079451 0.375895
vt 0.079451 0.390631
vt 0.088045 0.390631
vt 0.088045 0.375895
vt 0.079451 0.409200
vt 0.088045 0.409200
vt 0.079451 0.429784
vt 0.088045 0.429784
vt 0.079451 0.450367
vt 0.088045 0.450367
vt 0.079451 0.468936
vt 0.088045 0.468936
vt 0.079451 0.483672
vt 0.088045 0.483672
vt 0.296550 0.390881
vt 0.296550 0.409450
vt 0.305144 0.409450
vt 0.305144 0.390881
vt 0.296550 0.430034
vt 0.305144 0.430034
vt 0.296550 0.450617
vt 0.305144 0.450617
vt 0.296550 0.469186
vt 0.305144 0.469186
vt 0.064856 0.375895
vt 0.064856 0.390631
vt 0.073450 0.390631
vt 0.073450 0.375895
vt 0.064856 0.409200
vt 0.073450 0.409200
vt 0.064856 0.429784
vt 0.073450 0.429784
vt 0.502904 0.046938
vt 0.516164 0.046938
vt 0.516164 0.033165
vt 0.502904 0.033165
vt 0.654316 0.069693
vt 0.654922 0.053845
vt 0.639530 0.059679
vt 0.644526 0.073452
vt 0.829657 0.043338
vt 0.831846 0.041566
vt 0.831827 0.029479
vt 0.829657 0.027489
vt 0.218142 0.219197
vt 0.227019 0.219197
vt 0.227018 0.206943
vt 0.218122 0.206929
vt 0.620144 0.050108
vt 0.633403 0.050108
vt 0.633403 0.034716
vt 0.620144 0.034716
vt 0.840723 0.029493
vt 0.842916 0.027489
vt 0.676814 0.073452
vt 0.676208 0.057604
vt 0.666418 0.053845
vt 0.661422 0.067618
vt 0.840723 0.041566
vt 0.842916 0.043338
vt 0.441536 0.242054
vt 0.441536 0.228794
vt 0.431746 0.228794
vt 0.431746 0.242054
vt 0.279786 0.209935
vt 0.279786 0.201058
vt 0.278306 0.201058
vt 0.278306 0.209935
vt 0.333178 0.229229
vt 0.333638 0.217156
vt 0.332643 0.217620
vt 0.331698 0.229874
vt 0.264707 0.203108
vt 0.264707 0.194212
vt 0.263712 0.194212
vt 0.263711 0.203108
vt 0.379736 0.242054
vt 0.379276 0.229967
vt 0.377796 0.229322
vt 0.378741 0.241590
vt 0.497161 0.046938
vt 0.497161 0.033165
vt 0.483901 0.033165
vt 0.483901 0.046938
vt 0.698101 0.053748
vt 0.688311 0.049988
vt 0.683314 0.063762
vt 0.698707 0.069596
vt 0.823914 0.043338
vt 0.823914 0.027489
vt 0.821744 0.029479
vt 0.821724 0.041566
vt 0.212360 0.219197
vt 0.212379 0.206929
vt 0.203484 0.206943
vt 0.203483 0.219197
vt 0.614401 0.047748
vt 0.614401 0.032356
vt 0.601141 0.032356
vt 0.601141 0.047748
vt 0.810654 0.027489
vt 0.812848 0.029493
vt 0.720599 0.049988
vt 0.705207 0.055823
vt 0.710203 0.069596
vt 0.719993 0.065837
vt 0.810654 0.043338
vt 0.812847 0.041566
vt 0.426003 0.228794
vt 0.416212 0.228794
vt 0.416212 0.242054
vt 0.426003 0.242054
vt 0.287083 0.201058
vt 0.285603 0.201058
vt 0.285603 0.209935
vt 0.287083 0.209935
vt 0.325496 0.221899
vt 0.324016 0.221254
vt 0.324960 0.233508
vt 0.325955 0.233972
vt 0.272004 0.194212
vt 0.271009 0.194212
vt 0.271010 0.203108
vt 0.272005 0.203108
vt 0.372053 0.217276
vt 0.371058 0.217740
vt 0.370112 0.230008
vt 0.371592 0.229363
vt 0.266468 0.973718
vt 0.258751 0.973718
vt 0.258751 0.991442
vt 0.261988 0.991442
vt 0.252478 0.942446
vt 0.248045 0.941781
vt 0.256461 0.973718
vt 0.256461 0.991442
vt 0.248045 0.660211
vt 0.248045 0.686048
vt 0.252478 0.686048
vt 0.252478 0.660211
vt 0.243492 0.611534
vt 0.246847 0.609879
vt 0.376517 0.710301
vt 0.377881 0.966698
vt 0.387238 0.966698
vt 0.387238 0.710301
vt 0.440403 0.710301
vt 0.440403 0.966698
vt 0.451413 0.966698
vt 0.451413 0.710301
vt 0.019461 0.942446
vt 0.019461 0.686048
vt 0.008118 0.686048
vt 0.008118 0.942446
vt 0.310219 0.377236
vt 0.301821 0.377236
vt 0.301821 0.387145
vt 0.310219 0.387145
vt 0.690657 0.275587
vt 0.699708 0.275587
vt 0.704948 0.224374
vt 0.695482 0.224374
vt 0.429568 0.633523
vt 0.435650 0.679884
vt 0.446177 0.679884
vt 0.439477 0.633523
vt 0.372233 0.679884
vt 0.382955 0.679884
vt 0.377474 0.633523
vt 0.366753 0.633523
vt 0.011169 0.655632
vt 0.021883 0.655632
vt 0.024982 0.609271
vt 0.015073 0.609271
vt 0.315431 0.387145
vt 0.315431 0.377236
vt 0.372262 0.626773
vt 0.363864 0.624634
vt 0.429568 0.624634
vt 0.439477 0.624634
vt 0.709092 0.216029
vt 0.700695 0.218031
vt 0.350525 0.624634
vt 0.350525 0.633523
vt 0.285961 0.377236
vt 0.288482 0.387145
vt 0.719955 0.224374
vt 0.719955 0.216029
vt 0.266468 0.942446
vt 0.016386 0.961150
vt 0.008402 0.961150
vt 0.373449 0.991442
vt 0.382824 0.985402
vt 0.440109 0.991442
vt 0.448623 0.991442
vt 0.044622 0.254739
vt 0.030633 0.254739
vt 0.035047 0.273443
vt 0.044422 0.279482
vt 0.045800 0.942446
vt 0.045800 0.686048
vt 0.045800 0.660211
vt 0.058248 0.608999
vt 0.315431 0.343970
vt 0.310219 0.341682
vt 0.301821 0.340909
vt 0.290959 0.340909
vt 0.396302 0.633251
vt 0.393241 0.624906
vt 0.388964 0.302719
vt 0.387035 0.269453
vt 0.368959 0.269453
vt 0.373957 0.302719
vt 0.693938 0.684464
vt 0.720837 0.679884
vt 0.714756 0.633523
vt 0.681490 0.633251
vt 0.693938 0.710301
vt 0.693938 0.966698
vt 0.725590 0.966698
vt 0.725590 0.710301
vt 0.725297 0.991442
vt 0.693938 0.991442
vt 0.045800 0.961150
vt 0.783654 0.710301
vt 0.783654 0.966698
vt 0.821661 0.966698
vt 0.821661 0.710301
vt 0.338510 0.710301
vt 0.338510 0.966698
vt 0.793418 0.633523
vt 0.787937 0.679884
vt 0.817200 0.679884
vt 0.811493 0.633523
vt 0.786048 0.991442
vt 0.809761 0.991442
vt 0.557430 0.121760
vt 0.557430 0.113246
vt 0.534390 0.113246
vt 0.533716 0.121760
vt 0.350410 0.991442
vt 0.566804 0.123705
vt 0.566804 0.115721
vt 0.557430 0.153119
vt 0.566804 0.153119
vt 0.079801 0.942446
vt 0.079801 0.686048
vt 0.079801 0.973718
vt 0.045800 0.973718
vt 0.079801 0.991442
vt 0.045800 0.991442
vt 0.147510 0.487409
vt 0.147510 0.521410
vt 0.150748 0.521410
vt 0.150748 0.487409
vt 0.145220 0.488497
vt 0.145220 0.521773
vt 0.674918 0.973718
vt 0.648337 0.973718
vt 0.648337 0.991442
vt 0.674918 0.991442
vt 0.674918 0.935651
vt 0.648337 0.935651
vt 0.648337 0.686049
vt 0.674918 0.686049
vt 0.648337 0.660211
vt 0.674918 0.660211
vt 0.646883 0.626805
vt 0.670556 0.626805
vt 0.276119 0.445514
vt 0.272764 0.445514
vt 0.272764 0.469186
vt 0.276119 0.469186
vt 0.118354 0.605262
vt 0.118354 0.571261
vt 0.068022 0.566097
vt 0.068022 0.589770
vt 0.062279 0.571261
vt 0.053227 0.571261
vt 0.053227 0.605262
vt 0.062279 0.605262
vt 0.079801 0.660211
vt 0.343781 0.679884
vt 0.207156 0.686049
vt 0.207156 0.935651
vt 0.235338 0.973718
vt 0.235338 0.991442
vt 0.124097 0.498539
vt 0.124097 0.525120
vt 0.241819 0.445514
vt 0.241819 0.469186
vt 0.207156 0.660211
vt 0.212547 0.626805
vt 0.104727 0.942446
vt 0.104727 0.686048
vt 0.104727 0.973718
vt 0.104727 0.991442
vt 0.147510 0.546336
vt 0.150748 0.546336
vt 0.145220 0.546336
vt 0.124097 0.546336
vt 0.627122 0.973718
vt 0.627122 0.991442
vt 0.627122 0.935651
vt 0.627122 0.686049
vt 0.627122 0.660211
vt 0.627122 0.626805
vt 0.272764 0.425752
vt 0.241819 0.425752
vt 0.276119 0.425752
vt 0.118354 0.546336
vt 0.068022 0.546336
vt 0.062279 0.546336
vt 0.053227 0.546336
vt 0.104727 0.660211
vt 0.272833 0.973718
vt 0.277313 0.991442
vt 0.280550 0.991442
vt 0.280550 0.973718
vt 0.286822 0.942446
vt 0.282840 0.973718
vt 0.291255 0.941781
vt 0.282840 0.991442
vt 0.291255 0.660211
vt 0.286822 0.660211
vt 0.286822 0.686048
vt 0.291255 0.686048
vt 0.295809 0.611535
vt 0.292454 0.609879
vt 0.469639 0.710301
vt 0.458918 0.710301
vt 0.458918 0.966698
vt 0.468274 0.966698
vt 0.524658 0.710301
vt 0.513649 0.710301
vt 0.513649 0.966698
vt 0.524658 0.966698
vt 0.189993 0.942446
vt 0.201336 0.942446
vt 0.201336 0.686048
vt 0.189993 0.686048
vt 0.275005 0.342254
vt 0.275005 0.332345
vt 0.266608 0.332345
vt 0.266608 0.342254
vt 0.756442 0.269268
vt 0.751617 0.218056
vt 0.742151 0.218056
vt 0.747391 0.269268
vt 0.535493 0.633523
vt 0.525584 0.633523
vt 0.518884 0.679884
vt 0.529411 0.679884
vt 0.473922 0.679884
vt 0.479402 0.633523
vt 0.468681 0.633523
vt 0.463201 0.679884
vt 0.198285 0.655632
vt 0.194381 0.609271
vt 0.184472 0.609271
vt 0.187571 0.655632
vt 0.280218 0.332345
vt 0.280218 0.342254
vt 0.482291 0.624634
vt 0.473894 0.626773
vt 0.535493 0.624634
vt 0.525584 0.624634
vt 0.746404 0.211712
vt 0.738007 0.209710
vt 0.495630 0.633523
vt 0.495630 0.624634
vt 0.253268 0.332345
vt 0.250747 0.342254
vt 0.727144 0.209710
vt 0.727144 0.218056
vt 0.272833 0.942446
vt 0.193068 0.961150
vt 0.201052 0.961150
vt 0.463332 0.985402
vt 0.472707 0.991442
vt 0.516438 0.991442
vt 0.524952 0.991442
vt 0.010901 0.254739
vt 0.011101 0.279482
vt 0.020476 0.273443
vt 0.024890 0.254739
vt 0.163654 0.942446
vt 0.163654 0.686048
vt 0.151206 0.608999
vt 0.163654 0.660211
vt 0.275005 0.377809
vt 0.280218 0.375520
vt 0.266608 0.378582
vt 0.255745 0.378582
vt 0.568759 0.633251
vt 0.571820 0.624906
vt 0.363216 0.257212
vt 0.348209 0.257212
vt 0.343211 0.290478
vt 0.361287 0.290478
vt 0.764225 0.684464
vt 0.776672 0.633251
vt 0.743407 0.633523
vt 0.737325 0.679884
vt 0.764225 0.710301
vt 0.732572 0.710301
vt 0.732572 0.966698
vt 0.764225 0.966698
vt 0.732866 0.991442
vt 0.764225 0.991442
vt 0.163654 0.961150
vt 0.865445 0.710301
vt 0.827439 0.710301
vt 0.827439 0.966698
vt 0.865445 0.966698
vt 0.507646 0.966698
vt 0.507646 0.710301
vt 0.855682 0.633523
vt 0.837606 0.633523
vt 0.831899 0.679884
vt 0.861162 0.679884
vt 0.839338 0.991442
vt 0.863052 0.991442
vt 0.597566 0.144605
vt 0.573852 0.144605
vt 0.574526 0.153119
vt 0.597566 0.153119
vt 0.495746 0.991442
vt 0.606940 0.142660
vt 0.606940 0.150644
vt 0.606940 0.113246
vt 0.597566 0.113246
vt 0.129653 0.686048
vt 0.129653 0.942446
vt 0.129653 0.973718
vt 0.163654 0.973718
vt 0.129653 0.991442
vt 0.163654 0.991442
vt 0.147510 0.605262
vt 0.150748 0.605262
vt 0.150748 0.571261
vt 0.147510 0.571261
vt 0.145220 0.604174
vt 0.145220 0.570898
vt 0.579326 0.973718
vt 0.579326 0.991442
vt 0.605906 0.991442
vt 0.605906 0.973718
vt 0.579326 0.935651
vt 0.605906 0.935651
vt 0.605906 0.686049
vt 0.579326 0.686049
vt 0.605906 0.660211
vt 0.579326 0.660211
vt 0.607360 0.626805
vt 0.583688 0.626805
vt 0.276119 0.405991
vt 0.276119 0.382318
vt 0.272764 0.382318
vt 0.272764 0.405991
vt 0.118354 0.487409
vt 0.068022 0.502901
vt 0.068022 0.526574
vt 0.118354 0.521410
vt 0.062279 0.521410
vt 0.062279 0.487409
vt 0.053227 0.487409
vt 0.053227 0.521410
vt 0.129653 0.660211
vt 0.502375 0.679884
vt 0.332145 0.686049
vt 0.332145 0.935651
vt 0.303963 0.973718
vt 0.303963 0.991442
vt 0.124097 0.594132
vt 0.124097 0.567551
vt 0.241819 0.382318
vt 0.241819 0.405991
vt 0.332145 0.660211
vt 0.326754 0.626805
vt 0.465590 0.035633
vt 0.478158 0.035633
vt 0.478158 0.033325
vt 0.465590 0.033325
vt 0.540803 0.081035
vt 0.553372 0.081035
vt 0.553372 0.078705
vt 0.540803 0.078705
vt 0.916832 0.064650
vt 0.929401 0.064650
vt 0.929401 0.061957
vt 0.916832 0.061957
vt 0.522492 0.104823
vt 0.535060 0.104823
vt 0.535060 0.102493
vt 0.522492 0.102493
vt 0.516749 0.102493
vt 0.513886 0.102493
vt 0.513963 0.104823
vt 0.516749 0.104823
vt 0.493958 0.076929
vt 0.491173 0.076929
vt 0.491096 0.079259
vt 0.493958 0.079259
vt 0.540803 0.107055
vt 0.553372 0.107055
vt 0.516749 0.076473
vt 0.514393 0.076473
vt 0.535060 0.076473
vt 0.522492 0.076473
vt 0.491603 0.105279
vt 0.493958 0.105279
vt 0.465590 0.045283
vt 0.478158 0.045283
vt 0.504544 0.076473
vt 0.501916 0.102493
vt 0.502316 0.104823
vt 0.929401 0.050694
vt 0.916832 0.050694
vt 0.240683 0.247299
vt 0.229035 0.247299
vt 0.228636 0.249629
vt 0.240606 0.249629
vt 0.231263 0.275649
vt 0.241113 0.275649
vt 0.465590 0.047068
vt 0.478158 0.047068
vt 0.502721 0.076473
vt 0.499701 0.102493
vt 0.500161 0.104823
vt 0.929401 0.048610
vt 0.916832 0.048610
vt 0.479525 0.076929
vt 0.477370 0.076929
vt 0.476911 0.079259
vt 0.479126 0.079259
vt 0.479931 0.105279
vt 0.481753 0.105279
vt 0.522492 0.107603
vt 0.535060 0.107603
vt 0.502793 0.107603
vt 0.500709 0.107603
vt 0.514055 0.107603
vt 0.516749 0.107603
vt 0.553372 0.075925
vt 0.540803 0.075925
vt 0.491265 0.074149
vt 0.493958 0.074149
vt 0.480002 0.074149
vt 0.477918 0.074149
vt 0.540803 0.109510
vt 0.553372 0.109510
vt 0.514441 0.074018
vt 0.516749 0.074018
vt 0.504792 0.074018
vt 0.503006 0.074018
vt 0.535060 0.074018
vt 0.522492 0.074018
vt 0.482001 0.107734
vt 0.480216 0.107734
vt 0.491651 0.107734
vt 0.493958 0.107734
vt 0.195382 0.207549
vt 0.195382 0.219197
vt 0.197740 0.219197
vt 0.197740 0.207549
vt 0.220535 0.247299
vt 0.220535 0.249629
vt 0.222893 0.249629
vt 0.222893 0.247299
vt 0.212434 0.273319
vt 0.212434 0.275649
vt 0.214792 0.275649
vt 0.214792 0.273319
vt 0.063031 0.195894
vt 0.063031 0.205744
vt 0.065389 0.205744
vt 0.065389 0.195894
vt 0.212434 0.247299
vt 0.214792 0.247299
vt 0.220535 0.275649
vt 0.222893 0.275649
vt 0.447279 0.253059
vt 0.447279 0.255367
vt 0.459847 0.255367
vt 0.459847 0.253059
vt 0.458600 0.312987
vt 0.458600 0.315317
vt 0.471168 0.315317
vt 0.471168 0.312987
vt 0.927893 0.028833
vt 0.927893 0.031527
vt 0.940462 0.031527
vt 0.940462 0.028833
vt 0.440288 0.285228
vt 0.440288 0.287558
vt 0.452856 0.287558
vt 0.452856 0.285228
vt 0.434545 0.274245
vt 0.434545 0.271915
vt 0.431760 0.271915
vt 0.431682 0.274245
vt 0.411755 0.299939
vt 0.411755 0.297609
vt 0.408892 0.297609
vt 0.408969 0.299939
vt 0.458600 0.286967
vt 0.471168 0.286967
vt 0.434545 0.300265
vt 0.432190 0.300265
vt 0.440288 0.313578
vt 0.452856 0.313578
vt 0.411755 0.271589
vt 0.409399 0.271589
vt 0.447279 0.243410
vt 0.459847 0.243410
vt 0.419712 0.274245
vt 0.422340 0.300265
vt 0.420112 0.271915
vt 0.927893 0.042790
vt 0.940462 0.042790
vt 0.206261 0.279285
vt 0.206184 0.276955
vt 0.194214 0.276955
vt 0.194613 0.279285
vt 0.196841 0.250935
vt 0.206691 0.250935
vt 0.447279 0.241624
vt 0.459847 0.241624
vt 0.417498 0.274245
vt 0.420517 0.300265
vt 0.417957 0.271915
vt 0.927893 0.044874
vt 0.940462 0.044874
vt 0.397321 0.299939
vt 0.396922 0.297609
vt 0.394707 0.297609
vt 0.395166 0.299939
vt 0.397727 0.271589
vt 0.399549 0.271589
vt 0.440288 0.282448
vt 0.452856 0.282448
vt 0.420589 0.269134
vt 0.418505 0.269134
vt 0.431852 0.269134
vt 0.434545 0.269134
vt 0.458600 0.318097
vt 0.471168 0.318097
vt 0.409061 0.302719
vt 0.411755 0.302719
vt 0.397798 0.302719
vt 0.395714 0.302719
vt 0.458600 0.284512
vt 0.471168 0.284512
vt 0.432237 0.302719
vt 0.434545 0.302719
vt 0.422588 0.302719
vt 0.420802 0.302719
vt 0.440288 0.316032
vt 0.452856 0.316032
vt 0.399797 0.269134
vt 0.398012 0.269134
vt 0.409447 0.269134
vt 0.411755 0.269134
vt 0.187281 0.223024
vt 0.189639 0.223024
vt 0.189639 0.211376
vt 0.187281 0.211376
vt 0.186113 0.279476
vt 0.188471 0.279476
vt 0.188471 0.277146
vt 0.186113 0.277146
vt 0.178012 0.253456
vt 0.180370 0.253456
vt 0.180370 0.251126
vt 0.178012 0.251126
vt 0.072153 0.206732
vt 0.074511 0.206732
vt 0.074511 0.196882
vt 0.072153 0.196882
vt 0.178012 0.279476
vt 0.180370 0.279476
vt 0.188471 0.251126
vt 0.186113 0.251126
s 0
usemtl Chassis_MAT
f 1/1/1 2/2/1 3/3/1
f 4/4/1 1/1/1 3/3/1
f 5/5/1 4/4/1 3/3/1
f 6/6/1 5/5/1 3/3/1
f 7/7/1 6/6/1 3/3/1
f 8/8/1 7/7/1 3/3/1
f 9/9/1 8/8/1 3/3/1
f 10/10/1 9/9/1 3/3/1
f 11/11/1 10/10/1 3/3/1
f 12/12/1 11/11/1 3/3/1
f 13/13/1 12/12/1 3/3/1
f 14/14/1 13/13/1 3/3/1
f 15/15/1 14/14/1 3/3/1
f 16/16/1 15/15/1 3/3/1
f 17/17/1 16/16/1 3/3/1
f 18/18/2 17/17/2 3/3/2
f 19/19/1 18/18/1 3/3/1
f 20/20/1 19/19/1 3/3/1
f 21/21/1 20/20/1 3/3/1
f 2/2/1 21/21/1 3/3/1
f 22/22/3 23/23/3 24/24/3
f 23/23/3 25/25/3 24/24/3
f 25/25/3 26/26/3 24/24/3
f 26/26/3 27/27/3 24/24/3
f 27/27/3 28/28/3 24/24/3
s 1
f 28/28/3 29/29/3 24/24/3
s 0
f 29/29/3 30/30/3 24/24/3
f 30/30/3 31/31/3 24/24/3
f 31/31/3 32/32/3 24/24/3
f 32/32/3 33/33/3 24/24/3
f 33/33/3 34/34/3 24/24/3
f 34/34/3 35/35/3 24/24/3
f 35/35/3 36/36/3 24/24/3
f 36/36/3 37/37/3 24/24/3
f 37/37/3 38/38/3 24/24/3
s 1
f 38/38/3 39/39/3 24/24/3
s 0
f 39/39/3 40/40/3 24/24/3
f 40/40/3 41/41/3 24/24/3
f 41/41/3 42/42/3 24/24/3
f 42/42/3 22/22/3 24/24/3
f 43/43/4 44/44/4 45/45/4
f 46/46/4 44/44/4 43/43/4
f 47/47/4 44/44/4 46/46/4
s 1
f 48/48/4 44/44/4 47/47/4
s 0
f 49/49/4 44/44/4 48/48/4
f 50/50/4 44/44/4 49/49/4
f 51/51/4 44/44/4 50/50/4
f 52/52/4 44/44/4 51/51/4
f 53/53/4 44/44/4 52/52/4
f 54/54/4 44/44/4 53/53/4
f 55/55/4 44/44/4 54/54/4
f 56/56/4 44/44/4 55/55/4
f 57/57/4 44/44/4 56/56/4
f 58/58/4 44/44/4 57/57/4
f 59/59/4 44/44/4 58/58/4
f 60/60/5 44/44/5 59/59/5
f 61/61/4 44/44/4 60/60/4
f 62/62/4 44/44/4 61/61/4
s 1
f 63/63/4 44/44/4 62/62/4
s 0
f 45/45/4 44/44/4 63/63/4
f 64/64/6 65/65/6 66/66/6
f 66/66/6 65/65/6 67/67/6
f 67/67/6 65/65/6 68/68/6
f 68/68/6 65/65/6 69/69/6
f 69/69/6 65/65/6 70/70/6
f 70/70/6 65/65/6 71/71/6
f 71/71/6 65/65/6 72/72/6
f 72/72/6 65/65/6 73/73/6
f 73/73/6 65/65/6 74/74/6
f 74/74/6 65/65/6 75/75/6
f 75/75/6 65/65/6 76/76/6
f 76/76/6 65/65/6 77/77/6
f 77/77/6 65/65/6 78/78/6
f 78/78/6 65/65/6 79/79/6
f 79/79/6 65/65/6 80/80/6
s 1
f 80/80/6 65/65/6 81/81/6
s 0
f 81/81/6 65/65/6 82/82/6
f 82/82/6 65/65/6 83/83/6
f 83/83/6 65/65/6 84/84/6
f 84/84/6 65/65/6 64/64/6
f 85/85/7 86/86/7 87/87/7
f 88/88/8 85/85/8 87/87/8
f 89/89/8 88/88/8 87/87/8
f 90/90/7 89/89/7 87/87/7
f 91/91/8 90/90/8 87/87/8
f 92/92/7 91/91/7 87/87/7
f 93/93/7 92/92/7 87/87/7
f 94/94/8 93/93/8 87/87/8
f 95/95/7 94/94/7 87/87/7
f 96/96/7 95/95/7 87/87/7
f 97/97/8 96/96/8 87/87/8
f 98/98/7 97/97/7 87/87/7
f 99/99/7 98/98/7 87/87/7
f 100/100/8 99/99/8 87/87/8
f 101/101/7 100/100/7 87/87/7
f 102/102/8 101/101/8 87/87/8
f 103/103/8 102/102/8 87/87/8
f 104/104/7 103/103/7 87/87/7
f 105/105/7 104/104/7 87/87/7
f 86/86/7 105/105/7 87/87/7
f 106/106/9 107/107/9 108/108/9
f 107/107/9 109/109/9 108/108/9
f 109/109/9 110/110/9 108/108/9
f 110/110/9 111/111/9 108/108/9
f 111/111/9 112/112/9 108/108/9
f 112/112/9 113/113/9 108/108/9
f 113/113/10 114/114/10 108/108/10
f 114/114/9 115/115/9 108/108/9
f 115/115/9 116/116/9 108/108/9
f 116/116/9 117/117/9 108/108/9
f 117/117/9 118/118/9 108/108/9
f 118/118/10 119/119/10 108/108/10
f 119/119/9 120/120/9 108/108/9
f 120/120/9 121/121/9 108/108/9
f 121/121/9 122/122/9 108/108/9
f 122/122/9 123/123/9 108/108/9
f 123/123/9 124/124/9 108/108/9
f 124/124/9 125/125/9 108/108/9
f 125/125/9 126/126/9 108/108/9
f 126/126/9 106/106/9 108/108/9
f 127/127/11 128/128/11 129/129/11
f 130/130/11 127/127/11 129/129/11
f 131/131/11 130/130/11 129/129/11
f 132/132/11 131/131/11 129/129/11
f 133/133/11 132/132/11 129/129/11
f 134/134/11 133/133/11 129/129/11
f 135/135/11 134/134/11 129/129/11
f 136/136/11 135/135/11 129/129/11
f 137/137/11 136/136/11 129/129/11
f 138/138/11 137/137/11 129/129/11
f 139/139/11 138/138/11 129/129/11
f 140/140/11 139/139/11 129/129/11
f 141/141/11 140/140/11 129/129/11
f 142/142/11 141/141/11 129/129/11
f 143/143/11 142/142/11 129/129/11
f 144/144/11 143/143/11 129/129/11
f 145/145/11 144/144/11 129/129/11
f 146/146/11 145/145/11 129/129/11
f 147/147/11 146/146/11 129/129/11
f 128/128/11 147/147/11 129/129/11
f 148/148/12 149/149/12 150/150/12
f 149/149/12 151/151/12 150/150/12
f 151/151/12 152/152/12 150/150/12
f 152/152/12 153/153/12 150/150/12
f 153/153/12 154/154/12 150/150/12
f 154/154/13 155/155/13 150/150/13
f 155/155/12 156/156/12 150/150/12
f 156/156/12 157/157/12 150/150/12
f 157/157/12 158/158/12 150/150/12
f 158/158/12 159/159/12 150/150/12
f 159/159/12 160/160/12 150/150/12
f 160/160/12 161/161/12 150/150/12
f 161/161/12 162/162/12 150/150/12
f 162/162/12 163/163/12 150/150/12
f 163/163/12 164/164/12 150/150/12
f 164/164/12 165/165/12 150/150/12
f 165/165/12 166/166/12 150/150/12
f 166/166/12 167/167/12 150/150/12
f 167/167/12 168/168/12 150/150/12
f 168/168/12 148/148/12 150/150/12
f 169/169/14 170/170/14 171/171/14
f 172/172/14 170/170/14 169/169/14
f 173/173/14 170/170/14 172/172/14
s 1
f 174/174/14 170/170/14 173/173/14
s 0
f 175/175/14 170/170/14 174/174/14
s 1
f 176/176/14 170/170/14 175/175/14
s 0
f 177/177/14 170/170/14 176/176/14
f 178/178/14 170/170/14 177/177/14
f 179/179/14 170/170/14 178/178/14
f 180/180/14 170/170/14 179/179/14
f 181/181/14 170/170/14 180/180/14
f 182/182/14 170/170/14 181/181/14
f 183/183/14 170/170/14 182/182/14
f 184/184/14 170/170/14 183/183/14
f 185/185/14 170/170/14 184/184/14
f 186/186/14 170/170/14 185/185/14
f 187/187/14 170/170/14 186/186/14
f 188/188/14 170/170/14 187/187/14
f 189/189/14 170/170/14 188/188/14
f 171/171/14 170/170/14 189/189/14
f 190/190/15 191/191/15 192/192/15
f 192/192/15 191/191/15 193/193/15
f 193/193/15 191/191/15 194/194/15
f 194/194/15 191/191/15 195/195/15
f 195/195/15 191/191/15 196/196/15
f 196/196/16 191/191/16 197/197/16
f 197/197/15 191/191/15 198/198/15
f 198/198/15 191/191/15 199/199/15
f 199/199/15 191/191/15 200/200/15
f 200/200/15 191/191/15 201/201/15
f 201/201/15 191/191/15 202/202/15
f 202/202/15 191/191/15 203/203/15
f 203/203/15 191/191/15 204/204/15
f 204/204/15 191/191/15 205/205/15
f 205/205/15 191/191/15 206/206/15
f 206/206/15 191/191/15 207/207/15
f 207/207/15 191/191/15 208/208/15
f 208/208/15 191/191/15 209/209/15
f 209/209/15 191/191/15 210/210/15
f 210/210/15 191/191/15 190/190/15
f 211/211/17 212/212/17 213/213/17
f 214/214/17 211/211/17 213/213/17
f 215/215/17 214/214/17 213/213/17
f 216/216/17 215/215/17 213/213/17
f 217/217/17 216/216/17 213/213/17
f 218/218/17 217/217/17 213/213/17
f 219/219/17 218/218/17 213/213/17
f 220/220/17 219/219/17 213/213/17
f 221/221/17 220/220/17 213/213/17
f 222/222/17 221/221/17 213/213/17
f 223/223/17 222/222/17 213/213/17
f 224/224/17 223/223/17 213/213/17
f 225/225/17 224/224/17 213/213/17
f 226/226/17 225/225/17 213/213/17
f 227/227/17 226/226/17 213/213/17
f 228/228/17 227/227/17 213/213/17
f 229/229/17 228/228/17 213/213/17
f 230/230/17 229/229/17 213/213/17
f 231/231/17 230/230/17 213/213/17
f 212/212/17 231/231/17 213/213/17
f 232/232/18 233/233/18 234/234/18
f 233/233/18 235/235/18 234/234/18
f 235/235/18 236/236/18 234/234/18
f 236/236/18 237/237/18 234/234/18
f 237/237/18 238/238/18 234/234/18
f 238/238/18 239/239/18 234/234/18
f 239/239/18 240/240/18 234/234/18
f 240/240/18 241/241/18 234/234/18
f 241/241/18 242/242/18 234/234/18
f 242/242/18 243/243/18 234/234/18
f 243/243/18 244/244/18 234/234/18
f 244/244/18 245/245/18 234/234/18
f 245/245/18 246/246/18 234/234/18
f 246/246/18 247/247/18 234/234/18
f 247/247/18 248/248/18 234/234/18
f 248/248/18 249/249/18 234/234/18
f 249/249/18 250/250/18 234/234/18
f 250/250/18 251/251/18 234/234/18
f 251/251/18 252/252/18 234/234/18
f 252/252/18 232/232/18 234/234/18
f 253/253/19 254/254/19 255/255/19
f 256/256/19 253/253/19 255/255/19
f 257/257/19 256/256/19 255/255/19
f 258/258/19 257/257/19 255/255/19
f 259/259/19 258/258/19 255/255/19
f 254/254/19 259/259/19 255/255/19
f 260/260/20 261/261/20 262/262/20
f 263/261/21 264/263/21 265/262/21
f 266/263/22 267/264/22 268/262/22
f 269/264/23 270/265/23 271/262/23
f 272/265/24 273/266/24 274/262/24
f 275/266/25 276/260/25 277/262/25
f 278/267/26 279/268/26 280/269/26
f 281/270/26 278/267/26 280/269/26
f 282/271/26 281/270/26 280/269/26
f 283/272/26 282/271/26 280/269/26
f 284/273/26 283/272/26 280/269/26
f 285/274/26 284/273/26 280/269/26
f 286/275/26 285/274/26 280/269/26
f 287/276/26 286/275/26 280/269/26
f 288/277/26 287/276/26 280/269/26
f 289/278/26 288/277/26 280/269/26
f 290/279/26 289/278/26 280/269/26
f 291/280/26 290/279/26 280/269/26
f 292/281/26 291/280/26 280/269/26
f 293/282/26 292/281/26 280/269/26
f 294/283/26 293/282/26 280/269/26
f 295/284/26 294/283/26 280/269/26
f 296/285/26 295/284/26 280/269/26
f 297/286/26 296/285/26 280/269/26
f 298/287/26 297/286/26 280/269/26
f 279/268/26 298/287/26 280/269/26
f 299/288/27 300/289/27 301/290/27
f 300/289/27 302/291/27 301/290/27
f 302/291/27 303/292/27 301/290/27
f 303/292/27 304/293/27 301/290/27
f 304/293/27 305/294/27 301/290/27
f 305/294/27 306/295/27 301/290/27
f 306/295/27 307/296/27 301/290/27
f 307/296/27 308/297/27 301/290/27
f 308/297/27 309/298/27 301/290/27
f 309/298/27 310/299/27 301/290/27
f 310/299/27 311/300/27 301/290/27
f 311/300/27 312/301/27 301/290/27
f 312/301/27 313/302/27 301/290/27
f 313/302/27 314/303/27 301/290/27
f 314/303/27 315/304/27 301/290/27
f 315/304/27 316/305/27 301/290/27
f 316/305/27 317/306/27 301/290/27
f 317/306/27 318/307/27 301/290/27
f 318/307/27 319/308/27 301/290/27
f 319/308/27 299/288/27 301/290/27
f 320/309/26 321/310/26 322/311/26
f 323/312/26 320/309/26 322/311/26
f 324/313/26 323/312/26 322/311/26
f 325/314/26 324/313/26 322/311/26
f 326/315/26 325/314/26 322/311/26
f 327/316/26 326/315/26 322/311/26
f 328/317/26 327/316/26 322/311/26
f 329/318/26 328/317/26 322/311/26
f 330/319/26 329/318/26 322/311/26
f 331/320/26 330/319/26 322/311/26
f 332/321/26 331/320/26 322/311/26
f 333/322/26 332/321/26 322/311/26
f 334/323/26 333/322/26 322/311/26
f 335/324/26 334/323/26 322/311/26
f 336/325/26 335/324/26 322/311/26
f 337/326/26 336/325/26 322/311/26
f 338/327/26 337/326/26 322/311/26
f 339/328/26 338/327/26 322/311/26
f 340/329/26 339/328/26 322/311/26
f 321/310/26 340/329/26 322/311/26
f 341/330/27 342/331/27 343/332/27
f 342/331/27 344/333/27 343/332/27
f 344/333/27 345/334/27 343/332/27
f 345/334/27 346/335/27 343/332/27
f 346/335/27 347/336/27 343/332/27
f 347/336/27 348/337/27 343/332/27
f 348/337/27 349/338/27 343/332/27
f 349/338/27 350/339/27 343/332/27
f 350/339/27 351/340/27 343/332/27
f 351/340/27 352/341/27 343/332/27
f 352/341/27 353/342/27 343/332/27
f 353/342/27 354/343/27 343/332/27
f 354/343/27 355/344/27 343/332/27
f 355/344/27 356/345/27 343/332/27
f 356/345/27 357/346/27 343/332/27
f 357/346/27 358/347/27 343/332/27
f 358/347/27 359/348/27 343/332/27
f 359/348/27 360/349/27 343/332/27
f 360/349/27 361/350/27 343/332/27
f 361/350/27 341/330/27 343/332/27
f 362/351/26 363/352/26 364/353/26
f 365/354/26 362/351/26 364/353/26
f 366/355/26 365/354/26 364/353/26
f 367/356/26 366/355/26 364/353/26
f 368/357/26 367/356/26 364/353/26
f 369/358/26 368/357/26 364/353/26
f 370/359/26 369/358/26 364/353/26
f 371/360/26 370/359/26 364/353/26
f 372/361/26 371/360/26 364/353/26
f 373/362/26 372/361/26 364/353/26
f 374/363/26 373/362/26 364/353/26
f 375/364/26 374/363/26 364/353/26
f 376/365/26 375/364/26 364/353/26
f 377/366/26 376/365/26 364/353/26
f 378/367/26 377/366/26 364/353/26
f 379/368/26 378/367/26 364/353/26
f 380/369/26 379/368/26 364/353/26
f 381/370/26 380/369/26 364/353/26
f 382/371/26 381/370/26 364/353/26
f 363/352/26 382/371/26 364/353/26
f 383/372/27 384/373/27 385/374/27
f 384/373/27 386/375/27 385/374/27
f 386/375/27 387/376/27 385/374/27
f 387/376/27 388/377/27 385/374/27
f 388/377/27 389/378/27 385/374/27
f 389/378/27 390/379/27 385/374/27
f 390/379/27 391/380/27 385/374/27
f 391/380/27 392/381/27 385/374/27
f 392/381/27 393/382/27 385/374/27
f 393/382/27 394/383/27 385/374/27
f 394/383/27 395/384/27 385/374/27
f 395/384/27 396/385/27 385/374/27
f 396/385/27 397/386/27 385/374/27
f 397/386/27 398/387/27 385/374/27
f 398/387/27 399/388/27 385/374/27
f 399/388/27 400/389/27 385/374/27
f 400/389/27 401/390/27 385/374/27
f 401/390/27 402/391/27 385/374/27
f 402/391/27 403/392/27 385/374/27
f 403/392/27 383/372/27 385/374/27
f 404/393/26 405/394/26 406/395/26
f 407/396/26 404/393/26 406/395/26
f 408/397/26 407/396/26 406/395/26
f 409/398/26 408/397/26 406/395/26
f 410/399/26 409/398/26 406/395/26
f 411/400/26 410/399/26 406/395/26
f 412/401/26 411/400/26 406/395/26
f 413/402/26 412/401/26 406/395/26
f 414/403/26 413/402/26 406/395/26
f 415/404/26 414/403/26 406/395/26
f 416/405/26 415/404/26 406/395/26
f 417/406/26 416/405/26 406/395/26
f 418/407/26 417/406/26 406/395/26
f 419/408/26 418/407/26 406/395/26
f 420/409/26 419/408/26 406/395/26
f 421/410/26 420/409/26 406/395/26
f 422/411/26 421/410/26 406/395/26
f 423/412/26 422/411/26 406/395/26
f 424/413/26 423/412/26 406/395/26
f 405/394/26 424/413/26 406/395/26
f 425/414/27 426/415/27 427/416/27
f 426/415/27 428/417/27 427/416/27
f 428/417/27 429/418/27 427/416/27
f 429/418/27 430/419/27 427/416/27
f 430/419/27 431/420/27 427/416/27
f 431/420/27 432/421/27 427/416/27
f 432/421/27 433/422/27 427/416/27
f 433/422/27 434/423/27 427/416/27
f 434/423/27 435/424/27 427/416/27
f 435/424/27 436/425/27 427/416/27
f 436/425/27 437/426/27 427/416/27
f 437/426/27 438/427/27 427/416/27
f 438/427/27 439/428/27 427/416/27
f 439/428/27 440/429/27 427/416/27
f 440/429/27 441/430/27 427/416/27
f 441/430/27 442/431/27 427/416/27
f 442/431/27 443/432/27 427/416/27
f 443/432/27 444/433/27 427/416/27
f 444/433/27 445/434/27 427/416/27
f 445/434/27 425/414/27 427/416/27
f 446/435/26 447/436/26 448/437/26
f 449/438/26 446/435/26 448/437/26
f 450/439/26 449/438/26 448/437/26
f 451/440/26 450/439/26 448/437/26
f 452/441/26 451/440/26 448/437/26
f 453/442/26 452/441/26 448/437/26
f 454/443/26 453/442/26 448/437/26
f 455/444/26 454/443/26 448/437/26
f 456/445/26 455/444/26 448/437/26
f 457/446/26 456/445/26 448/437/26
f 458/447/26 457/446/26 448/437/26
f 459/448/26 458/447/26 448/437/26
f 460/449/26 459/448/26 448/437/26
f 461/450/26 460/449/26 448/437/26
f 462/451/26 461/450/26 448/437/26
f 463/452/26 462/451/26 448/437/26
f 464/453/26 463/452/26 448/437/26
f 465/454/26 464/453/26 448/437/26
f 466/455/26 465/454/26 448/437/26
f 447/436/26 466/455/26 448/437/26
f 467/456/27 468/457/27 469/458/27
f 468/457/27 470/459/27 469/458/27
f 470/459/27 471/460/27 469/458/27
f 471/460/27 472/461/27 469/458/27
f 472/461/27 473/462/27 469/458/27
f 473/462/27 474/463/27 469/458/27
f 474/463/27 475/464/27 469/458/27
f 475/464/27 476/465/27 469/458/27
f 476/465/27 477/466/27 469/458/27
f 477/466/27 478/467/27 469/458/27
f 478/467/27 479/468/27 469/458/27
f 479/468/27 480/469/27 469/458/27
f 480/469/27 481/470/27 469/458/27
f 481/470/27 482/471/27 469/458/27
f 482/471/27 483/472/27 469/458/27
f 483/472/27 484/473/27 469/458/27
f 484/473/27 485/474/27 469/458/27
f 485/474/27 486/475/27 469/458/27
f 486/475/27 487/476/27 469/458/27
f 487/476/27 467/456/27 469/458/27
f 488/477/26 489/478/26 490/479/26
f 491/480/26 488/477/26 490/479/26
f 492/481/26 491/480/26 490/479/26
f 493/482/26 492/481/26 490/479/26
f 494/483/26 493/482/26 490/479/26
f 495/484/26 494/483/26 490/479/26
f 496/485/26 495/484/26 490/479/26
f 497/486/26 496/485/26 490/479/26
f 498/487/26 497/486/26 490/479/26
f 499/488/26 498/487/26 490/479/26
f 500/489/26 499/488/26 490/479/26
f 501/490/26 500/489/26 490/479/26
f 502/491/26 501/490/26 490/479/26
f 503/492/26 502/491/26 490/479/26
f 504/493/26 503/492/26 490/479/26
f 505/494/26 504/493/26 490/479/26
f 506/495/26 505/494/26 490/479/26
f 507/496/26 506/495/26 490/479/26
f 508/497/26 507/496/26 490/479/26
f 489/478/26 508/497/26 490/479/26
f 509/498/27 510/499/27 511/500/27
f 510/499/27 512/501/27 511/500/27
f 512/501/27 513/502/27 511/500/27
f 513/502/27 514/503/27 511/500/27
f 514/503/27 515/504/27 511/500/27
f 515/504/27 516/505/27 511/500/27
f 516/505/27 517/506/27 511/500/27
f 517/506/27 518/507/27 511/500/27
f 518/507/27 519/508/27 511/500/27
f 519/508/27 520/509/27 511/500/27
f 520/509/27 521/510/27 511/500/27
f 521/510/27 522/511/27 511/500/27
f 522/511/27 523/512/27 511/500/27
f 523/512/27 524/513/27 511/500/27
f 524/513/27 525/514/27 511/500/27
f 525/514/27 526/515/27 511/500/27
f 526/515/27 527/516/27 511/500/27
f 527/516/27 528/517/27 511/500/27
f 528/517/27 529/518/27 511/500/27
f 529/518/27 509/498/27 511/500/27
f 530/519/26 531/520/26 532/521/26
f 533/522/26 530/519/26 532/521/26
f 534/523/26 533/522/26 532/521/26
f 535/524/26 534/523/26 532/521/26
f 536/525/26 535/524/26 532/521/26
f 537/526/26 536/525/26 532/521/26
f 538/527/26 537/526/26 532/521/26
f 539/528/26 538/527/26 532/521/26
f 540/529/26 539/528/26 532/521/26
f 541/530/26 540/529/26 532/521/26
f 542/531/26 541/530/26 532/521/26
f 543/532/26 542/531/26 532/521/26
f 544/533/26 543/532/26 532/521/26
f 545/534/26 544/533/26 532/521/26
f 546/535/26 545/534/26 532/521/26
f 547/536/26 546/535/26 532/521/26
f 548/537/26 547/536/26 532/521/26
f 549/538/26 548/537/26 532/521/26
f 550/539/26 549/538/26 532/521/26
f 531/520/26 550/539/26 532/521/26
f 551/540/27 552/541/27 553/542/27
f 552/541/27 554/543/27 553/542/27
f 554/543/27 555/544/27 553/542/27
f 555/544/27 556/545/27 553/542/27
f 556/545/27 557/546/27 553/542/27
f 557/546/27 558/547/27 553/542/27
f 558/547/27 559/548/27 553/542/27
f 559/548/27 560/549/27 553/542/27
f 560/549/27 561/550/27 553/542/27
f 561/550/27 562/551/27 553/542/27
f 562/551/27 563/552/27 553/542/27
f 563/552/27 564/553/27 553/542/27
f 564/553/27 565/554/27 553/542/27
f 565/554/27 566/555/27 553/542/27
f 566/555/27 567/556/27 553/542/27
f 567/556/27 568/557/27 553/542/27
f 568/557/27 569/558/27 553/542/27
f 569/558/27 570/559/27 553/542/27
f 570/559/27 571/560/27 553/542/27
f 571/560/27 551/540/27 553/542/27
f 572/561/26 573/562/26 574/563/26
f 575/564/26 572/561/26 574/563/26
f 576/565/26 575/564/26 574/563/26
f 577/566/26 576/565/26 574/563/26
f 578/567/26 577/566/26 574/563/26
f 579/568/26 578/567/26 574/563/26
f 580/569/26 579/568/26 574/563/26
f 581/570/26 580/569/26 574/563/26
f 582/571/26 581/570/26 574/563/26
f 583/572/26 582/571/26 574/563/26
f 584/573/26 583/572/26 574/563/26
f 585/574/26 584/573/26 574/563/26
f 586/575/26 585/574/26 574/563/26
f 587/576/26 586/575/26 574/563/26
f 588/577/26 587/576/26 574/563/26
f 589/578/26 588/577/26 574/563/26
f 590/579/26 589/578/26 574/563/26
f 591/580/26 590/579/26 574/563/26
f 592/581/26 591/580/26 574/563/26
f 573/562/26 592/581/26 574/563/26
f 593/582/27 594/583/27 595/584/27
f 594/583/27 596/585/27 595/584/27
f 596/585/27 597/586/27 595/584/27
f 597/586/27 598/587/27 595/584/27
f 598/587/27 599/588/27 595/584/27
f 599/588/27 600/589/27 595/584/27
f 600/589/27 601/590/27 595/584/27
f 601/590/27 602/591/27 595/584/27
f 602/591/27 603/592/27 595/584/27
f 603/592/27 604/593/27 595/584/27
f 604/593/27 605/594/27 595/584/27
f 605/594/27 606/595/27 595/584/27
f 606/595/27 607/596/27 595/584/27
f 607/596/27 608/597/27 595/584/27
f 608/597/27 609/598/27 595/584/27
f 609/598/27 610/599/27 595/584/27
f 610/599/27 611/600/27 595/584/27
f 611/600/27 612/601/27 595/584/27
f 612/601/27 613/602/27 595/584/27
f 613/602/27 593/582/27 595/584/27
f 614/603/27 615/604/27 616/605/27
f 617/606/27 615/604/27 614/603/27
f 618/607/27 615/604/27 617/606/27
f 619/608/27 615/604/27 618/607/27
f 620/609/27 615/604/27 619/608/27
f 621/610/27 615/604/27 620/609/27
f 622/611/27 615/604/27 621/610/27
f 623/612/27 615/604/27 622/611/27
f 624/613/27 615/604/27 623/612/27
f 625/614/27 615/604/27 624/613/27
f 626/615/27 615/604/27 625/614/27
f 627/616/27 615/604/27 626/615/27
f 628/617/27 615/604/27 627/616/27
f 629/618/27 615/604/27 628/617/27
f 630/619/27 615/604/27 629/618/27
f 631/620/27 615/604/27 630/619/27
f 632/621/27 615/604/27 631/620/27
f 633/622/27 615/604/27 632/621/27
f 634/623/27 615/604/27 633/622/27
f 616/605/27 615/604/27 634/623/27
f 635/624/26 636/625/26 637/626/26
f 637/626/26 636/625/26 638/627/26
f 638/627/26 636/625/26 639/628/26
f 639/628/26 636/625/26 640/629/26
f 640/629/26 636/625/26 641/630/26
f 641/630/26 636/625/26 642/631/26
f 642/631/26 636/625/26 643/632/26
f 643/632/26 636/625/26 644/633/26
f 644/633/26 636/625/26 645/634/26
f 645/634/26 636/625/26 646/635/26
f 646/635/26 636/625/26 647/636/26
f 647/636/26 636/625/26 648/637/26
f 648/637/26 636/625/26 649/638/26
f 649/638/26 636/625/26 650/639/26
f 650/639/26 636/625/26 651/640/26
f 651/640/26 636/625/26 652/641/26
f 652/641/26 636/625/26 653/642/26
f 653/642/26 636/625/26 654/643/26
f 654/643/26 636/625/26 655/644/26
f 655/644/26 636/625/26 635/624/26
f 656/645/27 657/646/27 658/647/27
f 659/648/27 657/646/27 656/645/27
f 660/649/27 657/646/27 659/648/27
f 661/650/27 657/646/27 660/649/27
f 662/651/27 657/646/27 661/650/27
f 663/652/27 657/646/27 662/651/27
f 664/653/27 657/646/27 663/652/27
f 665/654/27 657/646/27 664/653/27
f 666/655/27 657/646/27 665/654/27
f 667/656/27 657/646/27 666/655/27
f 668/657/27 657/646/27 667/656/27
f 669/658/27 657/646/27 668/657/27
f 670/659/27 657/646/27 669/658/27
f 671/660/27 657/646/27 670/659/27
f 672/661/27 657/646/27 671/660/27
f 673/662/27 657/646/27 672/661/27
f 674/663/27 657/646/27 673/662/27
f 675/664/27 657/646/27 674/663/27
f 676/665/27 657/646/27 675/664/27
f 658/647/27 657/646/27 676/665/27
f 677/666/26 678/667/26 679/668/26
f 679/668/26 678/667/26 680/669/26
f 680/669/26 678/667/26 681/670/26
f 681/670/26 678/667/26 682/671/26
f 682/671/26 678/667/26 683/672/26
f 683/672/26 678/667/26 684/673/26
f 684/673/26 678/667/26 685/674/26
f 685/674/26 678/667/26 686/675/26
f 686/675/26 678/667/26 687/676/26
f 687/676/26 678/667/26 688/677/26
f 688/677/26 678/667/26 689/678/26
f 689/678/26 678/667/26 690/679/26
f 690/679/26 678/667/26 691/680/26
f 691/680/26 678/667/26 692/681/26
f 692/681/26 678/667/26 693/682/26
f 693/682/26 678/667/26 694/683/26
f 694/683/26 678/667/26 695/684/26
f 695/684/26 678/667/26 696/685/26
f 696/685/26 678/667/26 697/686/26
f 697/686/26 678/667/26 677/666/26
f 698/687/27 699/688/27 700/689/27
f 701/690/27 699/688/27 698/687/27
f 702/691/27 699/688/27 701/690/27
f 703/692/27 699/688/27 702/691/27
f 704/693/27 699/688/27 703/692/27
f 705/694/27 699/688/27 704/693/27
f 706/695/27 699/688/27 705/694/27
f 707/696/27 699/688/27 706/695/27
f 708/697/27 699/688/27 707/696/27
f 709/698/27 699/688/27 708/697/27
f 710/699/27 699/688/27 709/698/27
f 711/700/27 699/688/27 710/699/27
f 712/701/27 699/688/27 711/700/27
f 713/702/27 699/688/27 712/701/27
f 714/703/27 699/688/27 713/702/27
f 715/704/27 699/688/27 714/703/27
f 716/705/27 699/688/27 715/704/27
f 717/706/27 699/688/27 716/705/27
f 718/707/27 699/688/27 717/706/27
f 700/689/27 699/688/27 718/707/27
f 719/708/26 720/709/26 721/710/26
f 721/710/26 720/709/26 722/711/26
f 722/711/26 720/709/26 723/712/26
f 723/712/26 720/709/26 724/713/26
f 724/713/26 720/709/26 725/714/26
f 725/714/26 720/709/26 726/715/26
f 726/715/26 720/709/26 727/716/26
f 727/716/26 720/709/26 728/717/26
f 728/717/26 720/709/26 729/718/26
f 729/718/26 720/709/26 730/719/26
f 730/719/26 720/709/26 731/720/26
f 731/720/26 720/709/26 732/721/26
f 732/721/26 720/709/26 733/722/26
f 733/722/26 720/709/26 734/723/26
f 734/723/26 720/709/26 735/724/26
f 735/724/26 720/709/26 736/725/26
f 736/725/26 720/709/26 737/726/26
f 737/726/26 720/709/26 738/727/26
f 738/727/26 720/709/26 739/728/26
f 739/728/26 720/709/26 719/708/26
f 740/729/27 741/730/27 742/731/27
f 743/732/27 741/730/27 740/729/27
f 744/733/27 741/730/27 743/732/27
f 745/734/27 741/730/27 744/733/27
f 746/735/27 741/730/27 745/734/27
f 747/736/27 741/730/27 746/735/27
f 748/737/27 741/730/27 747/736/27
f 749/738/27 741/730/27 748/737/27
f 750/739/27 741/730/27 749/738/27
f 751/740/27 741/730/27 750/739/27
f 752/741/27 741/730/27 751/740/27
f 753/742/27 741/730/27 752/741/27
f 754/743/27 741/730/27 753/742/27
f 755/744/27 741/730/27 754/743/27
f 756/745/27 741/730/27 755/744/27
f 757/746/27 741/730/27 756/745/27
f 758/747/27 741/730/27 757/746/27
f 759/748/27 741/730/27 758/747/27
f 760/749/27 741/730/27 759/748/27
f 742/731/27 741/730/27 760/749/27
f 761/750/26 762/751/26 763/752/26
f 763/752/26 762/751/26 764/753/26
f 764/753/26 762/751/26 765/754/26
f 765/754/26 762/751/26 766/755/26
f 766/755/26 762/751/26 767/756/26
f 767/756/26 762/751/26 768/757/26
f 768/757/26 762/751/26 769/758/26
f 769/758/26 762/751/26 770/759/26
f 770/759/26 762/751/26 771/760/26
f 771/760/26 762/751/26 772/761/26
f 772/761/26 762/751/26 773/762/26
f 773/762/26 762/751/26 774/763/26
f 774/763/26 762/751/26 775/764/26
f 775/764/26 762/751/26 776/765/26
f 776/765/26 762/751/26 777/766/26
f 777/766/26 762/751/26 778/767/26
f 778/767/26 762/751/26 779/768/26
f 779/768/26 762/751/26 780/769/26
f 780/769/26 762/751/26 781/770/26
f 781/770/26 762/751/26 761/750/26
f 782/771/27 783/772/27 784/773/27
f 785/774/27 783/772/27 782/771/27
f 786/775/27 783/772/27 785/774/27
f 787/776/27 783/772/27 786/775/27
f 788/777/27 783/772/27 787/776/27
f 789/778/27 783/772/27 788/777/27
f 790/779/27 783/772/27 789/778/27
f 791/780/27 783/772/27 790/779/27
f 792/781/27 783/772/27 791/780/27
f 793/782/27 783/772/27 792/781/27
f 794/783/27 783/772/27 793/782/27
f 795/784/27 783/772/27 794/783/27
f 796/785/27 783/772/27 795/784/27
f 797/786/27 783/772/27 796/785/27
f 798/787/27 783/772/27 797/786/27
f 799/788/27 783/772/27 798/787/27
f 800/789/27 783/772/27 799/788/27
f 801/790/27 783/772/27 800/789/27
f 802/791/27 783/772/27 801/790/27
f 784/773/27 783/772/27 802/791/27
f 803/792/26 804/793/26 805/794/26
f 805/794/26 804/793/26 806/795/26
f 806/795/26 804/793/26 807/796/26
f 807/796/26 804/793/26 808/797/26
f 808/797/26 804/793/26 809/798/26
f 809/798/26 804/793/26 810/799/26
f 810/799/26 804/793/26 811/800/26
f 811/800/26 804/793/26 812/801/26
f 812/801/26 804/793/26 813/802/26
f 813/802/26 804/793/26 814/803/26
f 814/803/26 804/793/26 815/804/26
f 815/804/26 804/793/26 816/805/26
f 816/805/26 804/793/26 817/806/26
f 817/806/26 804/793/26 818/807/26
f 818/807/26 804/793/26 819/808/26
f 819/808/26 804/793/26 820/809/26
f 820/809/26 804/793/26 821/810/26
f 821/810/26 804/793/26 822/811/26
f 822/811/26 804/793/26 823/812/26
f 823/812/26 804/793/26 803/792/26
f 824/813/27 825/814/27 826/815/27
f 827/816/27 825/814/27 824/813/27
f 828/817/27 825/814/27 827/816/27
f 829/818/27 825/814/27 828/817/27
f 830/819/27 825/814/27 829/818/27
f 831/820/27 825/814/27 830/819/27
f 832/821/27 825/814/27 831/820/27
f 833/822/27 825/814/27 832/821/27
f 834/823/27 825/814/27 833/822/27
f 835/824/27 825/814/27 834/823/27
f 836/825/27 825/814/27 835/824/27
f 837/826/27 825/814/27 836/825/27
f 838/827/27 825/814/27 837/826/27
f 839/828/27 825/814/27 838/827/27
f 840/829/27 825/814/27 839/828/27
f 841/830/27 825/814/27 840/829/27
f 842/831/27 825/814/27 841/830/27
f 843/832/27 825/814/27 842/831/27
f 844/833/27 825/814/27 843/832/27
f 826/815/27 825/814/27 844/833/27
f 845/834/26 846/835/26 847/836/26
f 847/836/26 846/835/26 848/837/26
f 848/837/26 846/835/26 849/838/26
f 849/838/26 846/835/26 850/839/26
f 850/839/26 846/835/26 851/840/26
f 851/840/26 846/835/26 852/841/26
f 852/841/26 846/835/26 853/842/26
f 853/842/26 846/835/26 854/843/26
f 854/843/26 846/835/26 855/844/26
f 855/844/26 846/835/26 856/845/26
f 856/845/26 846/835/26 857/846/26
f 857/846/26 846/835/26 858/847/26
f 858/847/26 846/835/26 859/848/26
f 859/848/26 846/835/26 860/849/26
f 860/849/26 846/835/26 861/850/26
f 861/850/26 846/835/26 862/851/26
f 862/851/26 846/835/26 863/852/26
f 863/852/26 846/835/26 864/853/26
f 864/853/26 846/835/26 865/854/26
f 865/854/26 846/835/26 845/834/26
f 866/855/27 867/856/27 868/857/27
f 869/858/27 867/856/27 866/855/27
f 870/859/27 867/856/27 869/858/27
f 871/860/27 867/856/27 870/859/27
f 872/861/27 867/856/27 871/860/27
f 873/862/27 867/856/27 872/861/27
f 874/863/27 867/856/27 873/862/27
f 875/864/27 867/856/27 874/863/27
f 876/865/27 867/856/27 875/864/27
f 877/866/27 867/856/27 876/865/27
f 878/867/27 867/856/27 877/866/27
f 879/868/27 867/856/27 878/867/27
f 880/869/27 867/856/27 879/868/27
f 881/870/27 867/856/27 880/869/27
f 882/871/27 867/856/27 881/870/27
f 883/872/27 867/856/27 882/871/27
f 884/873/27 867/856/27 883/872/27
f 885/874/27 867/856/27 884/873/27
f 886/875/27 867/856/27 885/874/27
f 868/857/27 867/856/27 886/875/27
f 887/876/26 888/877/26 889/878/26
f 889/878/26 888/877/26 890/879/26
f 890/879/26 888/877/26 891/880/26
f 891/880/26 888/877/26 892/881/26
f 892/881/26 888/877/26 893/882/26
f 893/882/26 888/877/26 894/883/26
f 894/883/26 888/877/26 895/884/26
f 895/884/26 888/877/26 896/885/26
f 896/885/26 888/877/26 897/886/26
f 897/886/26 888/877/26 898/887/26
f 898/887/26 888/877/26 899/888/26
f 899/888/26 888/877/26 900/889/26
f 900/889/26 888/877/26 901/890/26
f 901/890/26 888/877/26 902/891/26
f 902/891/26 888/877/26 903/892/26
f 903/892/26 888/877/26 904/893/26
f 904/893/26 888/877/26 905/894/26
f 905/894/26 888/877/26 906/895/26
f 906/895/26 888/877/26 907/896/26
f 907/896/26 888/877/26 887/876/26
f 908/897/27 909/898/27 910/899/27
f 911/900/27 909/898/27 908/897/27
f 912/901/27 909/898/27 911/900/27
f 913/902/27 909/898/27 912/901/27
f 914/903/27 909/898/27 913/902/27
f 915/904/27 909/898/27 914/903/27
f 916/905/27 909/898/27 915/904/27
f 917/906/27 909/898/27 916/905/27
f 918/907/27 909/898/27 917/906/27
f 919/908/27 909/898/27 918/907/27
f 920/909/27 909/898/27 919/908/27
f 921/910/27 909/898/27 920/909/27
f 922/911/27 909/898/27 921/910/27
f 923/912/27 909/898/27 922/911/27
f 924/913/27 909/898/27 923/912/27
f 925/914/27 909/898/27 924/913/27
f 926/915/27 909/898/27 925/914/27
f 927/916/27 909/898/27 926/915/27
f 928/917/27 909/898/27 927/916/27
f 910/899/27 909/898/27 928/917/27
f 929/918/26 930/919/26 931/920/26
f 931/920/26 930/919/26 932/921/26
f 932/921/26 930/919/26 933/922/26
f 933/922/26 930/919/26 934/923/26
f 934/923/26 930/919/26 935/924/26
f 935/924/26 930/919/26 936/925/26
f 936/925/26 930/919/26 937/926/26
f 937/926/26 930/919/26 938/927/26
f 938/927/26 930/919/26 939/928/26
f 939/928/26 930/919/26 940/929/26
f 940/929/26 930/919/26 941/930/26
f 941/930/26 930/919/26 942/931/26
f 942/931/26 930/919/26 943/932/26
f 943/932/26 930/919/26 944/933/26
f 944/933/26 930/919/26 945/934/26
f 945/934/26 930/919/26 946/935/26
f 946/935/26 930/919/26 947/936/26
f 947/936/26 930/919/26 948/937/26
f 948/937/26 930/919/26 949/938/26
f 949/938/26 930/919/26 929/918/26
f 950/939/19 951/940/19 952/941/19
f 953/942/19 950/939/19 952/941/19
f 954/943/19 953/942/19 952/941/19
f 955/944/19 954/943/19 952/941/19
f 956/945/19 955/944/19 952/941/19
f 957/946/19 956/945/19 952/941/19
f 958/947/19 957/946/19 952/941/19
f 959/948/19 958/947/19 952/941/19
f 960/949/19 959/948/19 952/941/19
f 961/950/19 960/949/19 952/941/19
f 962/951/19 961/950/19 952/941/19
f 963/952/19 962/951/19 952/941/19
f 964/953/19 963/952/19 952/941/19
f 965/954/19 964/953/19 952/941/19
f 966/955/19 965/954/19 952/941/19
f 967/956/19 966/955/19 952/941/19
f 968/957/19 967/956/19 952/941/19
f 969/958/19 968/957/19 952/941/19
f 970/959/19 969/958/19 952/941/19
f 951/940/19 970/959/19 952/941/19
f 971/960/28 972/961/28 973/962/28
f 972/961/28 974/963/28 973/962/28
f 974/963/28 975/964/28 973/962/28
f 975/964/28 976/965/28 973/962/28
f 976/965/28 977/966/28 973/962/28
f 977/966/28 978/967/28 973/962/28
f 978/967/28 979/968/28 973/962/28
f 979/968/28 980/969/28 973/962/28
f 980/969/28 981/970/28 973/962/28
f 981/970/28 982/971/28 973/962/28
f 982/971/28 983/972/28 973/962/28
f 983/972/28 984/973/28 973/962/28
f 984/973/28 985/974/28 973/962/28
f 985/974/28 986/975/28 973/962/28
f 986/975/28 987/976/28 973/962/28
f 987/976/28 988/977/28 973/962/28
f 988/977/28 989/978/28 973/962/28
f 989/978/28 990/979/28 973/962/28
f 990/979/28 991/980/28 973/962/28
f 991/980/28 971/960/28 973/962/28
f 992/981/29 993/982/29 994/983/29
f 992/981/29 994/983/29 995/984/29
f 996/985/27 997/986/27 998/987/27
f 996/985/27 998/987/27 999/988/27
s 1
f 1000/989/30 1001/990/31 1002/991/32
f 1000/989/30 1002/991/32 1003/992/33
s 0
f 1004/993/34 1005/994/34 1006/995/34
f 1004/993/34 1006/995/34 1007/996/34
f 1008/997/35 1009/998/35 1010/999/35
f 1008/997/35 1010/999/35 1011/1000/35
f 1003/992/36 1002/991/36 1012/1001/36
f 1003/992/36 1012/1001/37 1013/1002/36
f 1014/1003/26 1015/1004/26 1016/1005/26
f 1014/1003/26 1016/1005/26 1017/1006/26
s 1
f 1013/1002/38 1012/1001/39 1018/1007/40
f 1013/1002/38 1018/1007/40 1019/1008/30
s 0
f 1001/990/30 1000/989/41 1019/1008/41
s 1
f 1001/990/37 1019/1008/30 1018/1007/40
s 0
f 1020/1009/42 1021/1010/42 1022/1011/42
f 1020/1009/42 1022/1011/42 1023/1012/42
f 1024/1013/43 1025/1014/43 1026/1015/43
f 1024/1013/43 1026/1015/43 1027/1016/43
f 1028/1017/27 1029/1018/27 1030/1019/27
f 1028/1017/27 1030/1019/27 1031/1020/27
f 1032/1021/44 1033/1022/44 1034/1023/44
f 1032/1021/44 1034/1023/44 1035/1024/44
f 1036/1025/45 1037/1026/45 1038/1027/45
s 1
f 1036/1025/45 1038/1027/45 1039/1028/45
s 0
f 1040/1029/29 1041/1030/29 1042/1031/29
f 1040/1029/29 1042/1031/29 1043/1032/29
f 1044/1033/26 1045/1034/26 1046/1035/26
f 1044/1033/26 1046/1035/26 1047/1036/26
s 1
f 1048/1037/39 1049/1038/38 1050/1039/46
f 1048/1037/39 1050/1039/46 1051/1040/40
s 0
f 1052/1041/34 1053/1042/34 1054/1043/34
f 1052/1041/34 1054/1043/34 1055/1044/34
f 1056/1045/35 1057/1046/35 1058/1047/35
f 1056/1045/35 1058/1047/35 1059/1048/35
f 1049/1038/36 1060/1049/36 1061/1050/36
f 1049/1038/36 1061/1050/36 1050/1039/36
f 1062/1051/27 1063/1052/27 1064/1053/27
f 1062/1051/27 1064/1053/27 1065/1054/27
s 1
f 1060/1049/30 1066/1055/30 1067/1056/47
f 1060/1049/30 1067/1056/47 1061/1050/40
f 1051/1040/37 1067/1056/47 1066/1055/30
s 0
f 1051/1040/30 1066/1055/41 1048/1037/41
f 1068/1057/42 1069/1058/42 1070/1059/42
f 1068/1057/42 1070/1059/42 1071/1060/42
f 1072/1061/43 1073/1062/43 1074/1063/43
f 1072/1061/43 1074/1063/43 1075/1064/43
f 1076/1065/26 1077/1066/26 1078/1067/26
f 1076/1065/26 1078/1067/26 1079/1068/26
f 1080/1069/48 1081/1070/48 1082/1071/48
f 1080/1069/48 1082/1071/48 1083/1072/48
s 1
f 1084/1073/49 1085/1074/49 1086/1075/49
s 0
f 1084/1073/49 1086/1075/49 1087/1076/49
f 1088/1077/29 1089/1078/29 1090/1079/29
f 1088/1077/29 1090/1079/29 1091/1080/29
f 1092/1081/27 1093/1082/27 1094/1083/27
f 1092/1081/27 1094/1083/27 1095/1084/27
s 1
f 1096/1085/50 1097/1086/40 1098/1087/39
f 1096/1085/50 1098/1087/39 1099/1088/51
s 0
f 1100/1089/34 1101/1090/34 1102/1091/34
f 1100/1089/34 1102/1091/34 1103/1092/34
f 1104/1093/35 1105/1094/35 1106/1095/35
f 1104/1093/35 1106/1095/35 1107/1096/35
s 1
f 1099/1088/51 1098/1087/39 1108/1097/40
f 1099/1088/51 1108/1097/40 1109/1098/52
s 0
f 1110/1099/26 1111/1100/26 1112/1101/26
f 1110/1099/26 1112/1101/26 1113/1102/26
s 1
f 1109/1098/52 1108/1097/40 1114/1103/40
f 1109/1098/52 1114/1103/40 1115/1104/53
f 1097/1086/40 1096/1085/50 1115/1104/53
f 1097/1086/40 1115/1104/53 1114/1103/40
s 0
f 1116/1105/42 1117/1106/42 1118/1107/42
f 1116/1105/42 1118/1107/42 1119/1108/42
f 1120/1109/43 1121/1110/43 1122/1111/43
f 1120/1109/43 1122/1111/43 1123/1112/43
f 1124/1113/27 1125/1114/27 1126/1115/27
f 1124/1113/27 1126/1115/27 1127/1116/27
f 1128/1117/54 1129/1118/54 1130/1119/54
f 1128/1117/54 1130/1119/54 1131/1120/54
f 1132/1121/55 1133/1122/55 1134/1123/55
f 1132/1121/55 1134/1123/55 1135/1124/55
f 1136/1125/29 1137/1126/29 1138/1127/29
f 1136/1125/29 1138/1127/29 1139/1128/29
f 1140/1129/26 1141/1130/26 1142/1131/26
f 1140/1129/26 1142/1131/26 1143/1132/26
s 1
f 1144/1133/31 1145/1134/47 1146/1135/38
f 1144/1133/31 1146/1135/38 1147/1136/39
s 0
f 1148/1137/34 1149/1138/34 1150/1139/34
f 1148/1137/34 1150/1139/34 1151/1140/34
f 1152/1141/35 1153/1142/35 1154/1143/35
f 1152/1141/35 1154/1143/35 1155/1144/35
f 1145/1134/36 1156/1145/37 1157/1146/37
s 1
f 1145/1134/47 1157/1146/56 1146/1135/38
s 0
f 1158/1147/27 1159/1148/27 1160/1149/27
f 1158/1147/27 1160/1149/27 1161/1150/27
s 1
f 1156/1145/31 1162/1151/31 1163/1152/40
f 1156/1145/31 1163/1152/40 1157/1146/38
f 1147/1136/30 1163/1152/40 1162/1151/31
s 0
f 1147/1136/30 1162/1151/37 1144/1133/41
f 1164/1153/42 1165/1154/42 1166/1155/42
f 1164/1153/42 1166/1155/42 1167/1156/42
f 1168/1157/43 1169/1158/43 1170/1159/43
f 1168/1157/43 1170/1159/43 1171/1160/43
f 1172/1161/26 1173/1162/26 1174/1163/26
f 1172/1161/26 1174/1163/26 1175/1164/26
f 1176/1165/57 1177/1166/57 1178/1167/57
f 1176/1165/57 1178/1167/57 1179/1168/57
f 1180/1169/58 1181/1170/58 1182/1171/58
f 1180/1169/58 1182/1171/58 1183/1172/58
s 1
f 1184/1173/59 1185/1174/60 1186/1175/60
f 1184/1173/59 1186/1175/60 1187/1176/59
f 1185/1174/60 1188/1177/61 1189/1178/61
f 1185/1174/60 1189/1178/61 1186/1175/60
f 1190/1179/61 1191/1180/62 1192/1181/62
f 1190/1179/61 1192/1181/62 1193/1182/61
f 1191/1180/62 1194/1183/63 1195/1184/63
f 1191/1180/62 1195/1184/63 1192/1181/62
f 1194/1183/63 1196/1185/64 1197/1186/64
f 1194/1183/63 1197/1186/64 1195/1184/63
f 1196/1185/64 1198/1187/65 1199/1188/65
f 1196/1185/64 1199/1188/65 1197/1186/64
f 1200/1189/65 1201/1190/66 1202/1191/66
f 1200/1189/65 1202/1191/66 1203/1192/65
f 1201/1190/66 1204/1193/67 1205/1194/67
f 1201/1190/66 1205/1194/67 1202/1191/66
f 1204/1193/67 1206/1195/68 1207/1196/68
f 1204/1193/67 1207/1196/68 1205/1194/67
f 1206/1195/68 1208/1197/69 1209/1198/69
f 1206/1195/68 1209/1198/69 1207/1196/68
f 1208/1197/69 1210/1199/70 1211/1200/70
f 1208/1197/69 1211/1200/70 1209/1198/69
f 1210/1199/70 1212/1201/71 1213/1202/71
f 1210/1199/70 1213/1202/71 1211/1200/70
f 1214/1203/71 1215/1204/72 1216/1205/72
f 1214/1203/71 1216/1205/72 1217/1206/71
f 1215/1204/72 1218/1207/73 1219/1208/73
f 1215/1204/72 1219/1208/73 1216/1205/72
f 1218/1207/73 1220/1209/74 1221/1210/74
f 1218/1207/73 1221/1210/74 1219/1208/73
f 1220/1209/74 1222/1211/75 1223/1212/75
f 1220/1209/74 1223/1212/75 1221/1210/74
f 1224/1213/75 1225/1214/76 1226/1215/76
f 1224/1213/75 1226/1215/76 1227/1216/75
f 1225/1214/76 1228/1217/77 1229/1218/77
f 1225/1214/76 1229/1218/77 1226/1215/76
f 1228/1217/77 1230/1219/78 1231/1220/78
f 1228/1217/77 1231/1220/78 1229/1218/77
f 1230/1219/78 1184/1173/59 1187/1176/59
f 1230/1219/78 1187/1176/59 1231/1220/78
f 1232/1221/79 1233/1222/79 1234/1223/80
f 1232/1221/79 1234/1223/80 1235/1224/80
f 1235/1224/80 1234/1223/80 1236/1225/81
f 1235/1224/80 1236/1225/81 1237/1226/81
f 1238/1227/81 1239/1228/81 1240/1229/82
f 1238/1227/81 1240/1229/82 1241/1230/82
f 1241/1230/82 1240/1229/82 1242/1231/83
f 1241/1230/82 1242/1231/83 1243/1232/83
f 1243/1232/83 1242/1231/83 1244/1233/84
f 1243/1232/83 1244/1233/84 1245/1234/84
f 1245/1234/84 1244/1233/84 1246/1235/85
f 1245/1234/84 1246/1235/85 1247/1236/85
f 1248/1237/85 1249/1238/85 1250/1239/86
f 1248/1237/85 1250/1239/86 1251/1240/86
f 1251/1240/86 1250/1239/86 1252/1241/87
f 1251/1240/86 1252/1241/87 1253/1242/87
f 1253/1242/87 1252/1241/87 1254/1243/68
f 1253/1242/87 1254/1243/68 1255/1244/68
f 1255/1244/68 1254/1243/68 1256/1245/88
f 1255/1244/68 1256/1245/88 1257/1246/88
f 1257/1246/88 1256/1245/88 1258/1247/89
f 1257/1246/88 1258/1247/89 1259/1248/89
f 1259/1248/89 1258/1247/89 1260/1249/90
f 1259/1248/89 1260/1249/90 1261/1250/90
f 1262/1251/90 1263/1252/90 1264/1253/91
f 1262/1251/90 1264/1253/91 1265/1254/91
f 1265/1254/91 1264/1253/91 1266/1255/92
f 1265/1254/91 1266/1255/92 1267/1256/92
f 1267/1256/92 1266/1255/92 1268/1257/93
f 1267/1256/92 1268/1257/93 1269/1258/93
f 1269/1258/93 1268/1257/93 1270/1259/94
f 1269/1258/93 1270/1259/94 1271/1260/94
f 1272/1261/94 1273/1262/94 1274/1263/95
f 1272/1261/94 1274/1263/95 1275/1264/95
f 1275/1264/95 1274/1263/95 1276/1265/96
f 1275/1264/95 1276/1265/96 1277/1266/96
f 1277/1266/96 1276/1265/96 1278/1267/78
f 1277/1266/96 1278/1267/78 1279/1268/78
f 1279/1268/78 1278/1267/78 1233/1222/79
f 1279/1268/78 1233/1222/79 1232/1221/79
f 1280/1269/97 1281/1270/98 1282/1271/98
f 1280/1269/97 1282/1271/98 1283/1272/97
f 1281/1270/98 1284/1273/99 1285/1274/99
f 1281/1270/98 1285/1274/99 1282/1271/98
f 1286/1275/99 1287/1276/100 1288/1277/100
f 1286/1275/99 1288/1277/100 1289/1278/99
f 1287/1276/100 1290/1279/26 1291/1280/26
f 1287/1276/100 1291/1280/26 1288/1277/100
f 1290/1279/26 1292/1281/101 1293/1282/101
f 1290/1279/26 1293/1282/101 1291/1280/26
f 1292/1281/101 1294/1283/102 1295/1284/103
f 1292/1281/101 1295/1284/103 1293/1282/101
f 1296/1285/102 1297/1286/104 1298/1287/104
f 1296/1285/102 1298/1287/104 1299/1288/102
f 1297/1286/104 1300/1289/105 1301/1290/105
f 1297/1286/104 1301/1290/105 1298/1287/104
f 1300/1289/105 1302/1291/68 1303/1292/68
f 1300/1289/105 1303/1292/68 1301/1290/105
f 1302/1291/68 1304/1293/106 1305/1294/106
f 1302/1291/68 1305/1294/106 1303/1292/68
f 1304/1293/106 1306/1295/107 1307/1296/107
f 1304/1293/106 1307/1296/107 1305/1294/106
f 1306/1295/107 1308/1297/108 1309/1298/108
f 1306/1295/107 1309/1298/108 1307/1296/107
f 1310/1299/108 1311/1300/109 1312/1301/109
f 1310/1299/108 1312/1301/109 1313/1302/108
f 1311/1300/109 1314/1303/27 1315/1304/27
f 1311/1300/109 1315/1304/27 1312/1301/109
f 1314/1303/27 1316/1305/110 1317/1306/110
f 1314/1303/27 1317/1306/110 1315/1304/27
f 1316/1305/110 1318/1307/111 1319/1308/111
f 1316/1305/110 1319/1308/111 1317/1306/110
f 1320/1309/111 1321/1310/112 1322/1311/112
f 1320/1309/111 1322/1311/112 1323/1312/111
f 1321/1310/112 1324/1313/113 1325/1314/113
f 1321/1310/112 1325/1314/113 1322/1311/112
f 1324/1313/113 1326/1315/78 1327/1316/78
f 1324/1313/113 1327/1316/78 1325/1314/113
f 1326/1315/78 1280/1269/97 1283/1272/97
f 1326/1315/78 1283/1272/97 1327/1316/78
f 1328/1317/114 1329/1318/115 1330/1319/115
f 1328/1317/114 1330/1319/115 1331/1320/114
f 1329/1318/115 1332/1321/116 1333/1322/116
f 1329/1318/115 1333/1322/116 1330/1319/115
f 1334/1323/117 1335/1324/118 1336/1325/118
f 1334/1323/117 1336/1325/118 1337/1326/117
f 1335/1324/118 1338/1327/119 1339/1328/119
f 1335/1324/118 1339/1328/119 1336/1325/118
f 1338/1327/119 1340/1329/120 1341/1330/120
f 1338/1327/119 1341/1330/120 1339/1328/119
f 1340/1329/120 1342/1331/121 1343/1332/121
f 1340/1329/120 1343/1332/121 1341/1330/120
f 1344/1333/121 1345/1334/122 1346/1335/122
f 1344/1333/121 1346/1335/122 1347/1336/121
f 1345/1334/122 1348/1337/123 1349/1338/123
f 1345/1334/122 1349/1338/123 1346/1335/122
f 1348/1337/123 1350/1339/124 1351/1340/124
f 1348/1337/123 1351/1340/124 1349/1338/123
f 1350/1339/124 1352/1341/125 1353/1342/125
f 1350/1339/124 1353/1342/125 1351/1340/124
f 1352/1341/125 1354/1343/126 1355/1344/126
f 1352/1341/125 1355/1344/126 1353/1342/125
f 1354/1343/126 1356/1345/127 1357/1346/128
f 1354/1343/126 1357/1346/128 1355/1344/126
f 1358/1347/127 1359/1348/129 1360/1349/129
f 1358/1347/127 1360/1349/129 1361/1350/127
f 1359/1348/129 1362/1351/130 1363/1352/130
f 1359/1348/129 1363/1352/130 1360/1349/129
f 1362/1351/130 1364/1353/131 1365/1354/131
f 1362/1351/130 1365/1354/131 1363/1352/130
f 1364/1353/131 1366/1355/132 1367/1356/132
f 1364/1353/131 1367/1356/132 1365/1354/131
f 1368/1357/132 1369/1358/133 1370/1359/133
f 1368/1357/132 1370/1359/133 1371/1360/132
f 1369/1358/133 1372/1361/134 1373/1362/134
f 1369/1358/133 1373/1362/134 1370/1359/133
f 1372/1361/134 1374/1363/135 1375/1364/135
f 1372/1361/134 1375/1364/135 1373/1362/134
f 1374/1363/135 1328/1317/114 1331/1320/114
f 1374/1363/135 1331/1320/114 1375/1364/135
f 1376/1365/136 1377/1366/136 1378/1367/137
f 1376/1365/136 1378/1367/137 1379/1368/137
f 1379/1368/137 1378/1367/137 1380/1369/138
f 1379/1368/137 1380/1369/138 1381/1370/139
f 1382/1371/138 1383/1372/138 1384/1373/140
f 1382/1371/138 1384/1373/140 1385/1374/140
f 1385/1374/140 1384/1373/140 1386/1375/141
f 1385/1374/140 1386/1375/141 1387/1376/141
f 1387/1376/141 1386/1375/141 1388/1377/142
f 1387/1376/141 1388/1377/142 1389/1378/142
f 1389/1378/142 1388/1377/142 1390/1379/143
f 1389/1378/142 1390/1379/143 1391/1380/143
f 1392/1381/143 1393/1382/143 1394/1383/144
f 1392/1381/143 1394/1383/144 1395/1384/144
f 1395/1384/144 1394/1383/144 1396/1385/145
f 1395/1384/144 1396/1385/145 1397/1386/145
f 1397/1386/145 1396/1385/145 1398/1387/124
f 1397/1386/145 1398/1387/124 1399/1388/124
f 1399/1388/124 1398/1387/124 1400/1389/146
f 1399/1388/124 1400/1389/146 1401/1390/146
f 1401/1390/146 1400/1389/146 1402/1391/147
f 1401/1390/146 1402/1391/147 1403/1392/147
f 1403/1392/147 1402/1391/147 1404/1393/148
f 1403/1392/147 1404/1393/148 1405/1394/148
f 1406/1395/149 1407/1396/149 1408/1397/150
f 1406/1395/149 1408/1397/150 1409/1398/150
f 1409/1398/150 1408/1397/150 1410/1399/151
f 1409/1398/150 1410/1399/151 1411/1400/151
f 1411/1400/151 1410/1399/151 1412/1401/152
f 1411/1400/151 1412/1401/152 1413/1402/152
f 1413/1402/152 1412/1401/152 1414/1403/153
f 1413/1402/152 1414/1403/153 1415/1404/153
f 1416/1405/153 1417/1406/153 1418/1407/154
f 1416/1405/153 1418/1407/154 1419/1408/154
f 1419/1408/154 1418/1407/154 1420/1409/155
f 1419/1408/154 1420/1409/155 1421/1410/155
f 1421/1410/155 1420/1409/155 1422/1411/135
f 1421/1410/155 1422/1411/135 1423/1412/135
f 1423/1412/135 1422/1411/135 1377/1366/136
f 1423/1412/135 1377/1366/136 1376/1365/136
f 1424/1413/156 1425/1414/157 1426/1415/157
f 1424/1413/156 1426/1415/157 1427/1416/156
f 1425/1414/157 1428/1417/158 1429/1418/158
f 1425/1414/157 1429/1418/158 1426/1415/157
f 1430/1419/159 1431/1420/160 1432/1421/160
f 1430/1419/159 1432/1421/160 1433/1422/159
f 1431/1420/160 1434/1423/26 1435/1424/26
f 1431/1420/160 1435/1424/26 1432/1421/160
f 1434/1423/26 1436/1425/161 1437/1426/161
f 1434/1423/26 1437/1426/161 1435/1424/26
f 1436/1425/161 1438/1427/162 1439/1428/162
f 1436/1425/161 1439/1428/162 1437/1426/161
f 1440/1429/163 1441/1430/164 1442/1431/164
f 1440/1429/163 1442/1431/164 1443/1432/163
f 1441/1430/164 1444/1433/165 1445/1434/165
f 1441/1430/164 1445/1434/165 1442/1431/164
f 1444/1433/165 1446/1435/124 1447/1436/124
f 1444/1433/165 1447/1436/124 1445/1434/165
f 1446/1435/124 1448/1437/166 1449/1438/166
f 1446/1435/124 1449/1438/166 1447/1436/124
f 1448/1437/166 1450/1439/167 1451/1440/168
f 1448/1437/166 1451/1440/168 1449/1438/166
f 1450/1439/167 1452/1441/169 1453/1442/169
f 1450/1439/167 1453/1442/169 1451/1440/168
f 1454/1443/170 1455/1444/171 1456/1445/171
f 1454/1443/170 1456/1445/171 1457/1446/170
f 1455/1444/171 1458/1447/27 1459/1448/27
f 1455/1444/171 1459/1448/27 1456/1445/171
f 1458/1447/27 1460/1449/172 1461/1450/172
f 1458/1447/27 1461/1450/172 1459/1448/27
f 1460/1449/172 1462/1451/173 1463/1452/173
f 1460/1449/172 1463/1452/173 1461/1450/172
f 1464/1453/174 1465/1454/175 1466/1455/175
f 1464/1453/174 1466/1455/175 1467/1456/174
f 1465/1454/175 1468/1457/176 1469/1458/176
f 1465/1454/175 1469/1458/176 1466/1455/175
f 1468/1457/176 1470/1459/135 1471/1460/135
f 1468/1457/176 1471/1460/135 1469/1458/176
f 1470/1459/135 1424/1413/156 1427/1416/156
f 1470/1459/135 1427/1416/156 1471/1460/135
s 0
f 1472/1461/27 1473/1462/27 1474/1463/27
f 1472/1461/27 1474/1463/27 1475/1464/27
f 1476/1465/177 1477/1466/177 1478/1467/177
f 1476/1465/177 1478/1467/177 1479/1468/177
f 1480/1469/26 1481/1470/26 1482/1471/26
f 1480/1469/26 1482/1471/26 1483/1472/26
f 1484/1473/19 1485/1474/19 1486/1475/19
f 1484/1473/19 1486/1475/19 1487/1476/19
f 1488/1477/178 1489/1478/178 1490/1479/178
f 1488/1477/178 1490/1479/178 1491/1480/178
f 1492/1481/179 1493/1482/179 1494/1483/179
f 1492/1481/179 1494/1483/179 1495/1484/179
f 1496/1485/27 1497/1486/27 1498/1487/27
f 1496/1485/27 1498/1487/27 1499/1488/27
f 1500/1489/177 1501/1490/177 1502/1491/177
f 1500/1489/177 1502/1491/177 1503/1492/177
f 1504/1493/26 1505/1494/26 1506/1495/26
f 1504/1493/26 1506/1495/26 1507/1496/26
f 1508/1497/19 1509/1498/19 1510/1499/19
f 1508/1497/19 1510/1499/19 1511/1500/19
f 1512/1501/178 1513/1502/178 1514/1503/178
f 1512/1501/178 1514/1503/178 1515/1504/178
f 1516/1505/179 1517/1506/179 1518/1507/179
f 1516/1505/179 1518/1507/179 1519/1508/179
f 1520/1509/180 1521/1510/180 1522/1511/180
f 1520/1509/180 1522/1511/180 1523/1512/180
f 1524/1513/181 1525/1514/181 1526/1515/181
f 1524/1513/181 1526/1515/181 1527/1516/181
f 1528/1514/179 1529/1517/179 1530/1518/179
f 1528/1514/179 1530/1518/179 1531/1515/179
f 1532/1519/182 1533/1520/182 1534/1521/182
f 1532/1519/182 1534/1521/182 1535/1522/182
f 1536/1523/183 1537/1524/183 1538/1525/183
f 1536/1523/183 1538/1525/183 1539/1526/183
f 1540/1524/184 1541/1509/184 1542/1512/184
f 1540/1524/184 1542/1512/184 1543/1525/184
f 1544/1527/180 1545/1528/180 1546/1529/180
f 1544/1527/180 1546/1529/180 1547/1530/180
f 1548/1531/181 1549/1532/181 1550/1533/181
f 1548/1531/181 1550/1533/181 1551/1534/181
f 1552/1532/179 1553/1535/179 1554/1536/179
f 1552/1532/179 1554/1536/179 1555/1533/179
f 1556/1537/182 1557/1538/182 1558/1539/182
f 1556/1537/182 1558/1539/182 1559/1540/182
s 1
f 1560/1538/183 1561/1541/183 1562/1542/183
s 0
f 1560/1538/183 1562/1542/183 1563/1539/183
f 1564/1543/184 1565/1527/184 1566/1530/184
f 1564/1543/184 1566/1530/184 1567/1544/184
f 1568/254/19 1569/253/19 1570/1545/19
f 1568/254/19 1570/1545/19 1571/1546/19
f 1572/1547/28 1573/1548/28 1574/1549/28
f 1572/1547/28 1574/1549/28 1575/1550/28
f 1576/253/19 1577/256/19 1578/1551/19
f 1576/253/19 1578/1551/19 1579/1545/19
f 1580/1552/28 1581/1547/28 1582/1550/28
f 1580/1552/28 1582/1550/28 1583/1553/28
f 1577/256/19 1584/257/19 1585/1554/19
f 1577/256/19 1585/1554/19 1578/1551/19
f 1586/1555/28 1587/1552/28 1588/1553/28
f 1586/1555/28 1588/1553/28 1589/1556/28
f 1590/257/19 1591/258/19 1592/1557/19
f 1590/257/19 1592/1557/19 1593/1554/19
f 1594/1558/28 1586/1555/28 1589/1556/28
f 1594/1558/28 1589/1556/28 1595/1559/28
f 1596/258/19 1597/259/19 1598/1560/19
f 1596/258/19 1598/1560/19 1599/1557/19
f 1600/1561/28 1594/1558/28 1595/1559/28
f 1600/1561/28 1595/1559/28 1601/1562/28
f 259/259/19 1602/254/19 1603/1546/19
f 259/259/19 1603/1546/19 1604/1560/19
f 1573/1548/28 1600/1561/28 1601/1562/28
f 1573/1548/28 1601/1562/28 1574/1549/28
f 1605/1563/29 1606/1564/29 1607/1565/29
f 1605/1563/29 1607/1565/29 1608/1566/29
f 1609/1567/27 1610/1568/27 1611/1569/27
f 1609/1567/27 1611/1569/27 1612/1570/27
s 1
f 1613/1571/185 1614/1572/40 1615/1573/39
f 1613/1571/185 1615/1573/39 1616/1574/39
s 0
f 1617/1575/34 1618/1576/34 1619/1577/34
f 1617/1575/34 1619/1577/34 1620/1578/34
f 1621/1579/35 1622/1580/35 1623/1581/35
f 1621/1579/35 1623/1581/35 1624/1582/35
f 1616/1574/36 1615/1573/37 1625/1583/37
f 1616/1574/36 1625/1583/186 1626/1584/37
f 1627/1585/26 1628/1586/26 1629/1587/26
f 1627/1585/26 1629/1587/26 1630/1588/26
s 1
f 1626/1584/40 1625/1583/40 1631/1589/39
f 1626/1584/40 1631/1589/39 1632/1590/187
f 1614/1572/40 1613/1571/185 1632/1590/37
s 0
f 1614/1572/30 1632/1590/30 1631/1589/30
f 1633/1591/42 1634/1592/42 1635/1593/42
f 1633/1591/42 1635/1593/42 1636/1594/42
f 1637/1595/188 1638/1596/188 1639/1597/188
f 1637/1595/188 1639/1597/188 1640/1598/188
f 1641/1599/27 1642/1600/27 1643/1601/27
f 1641/1599/27 1643/1601/27 1644/1602/27
f 1645/1603/189 1646/1604/189 1647/1605/189
f 1645/1603/189 1647/1605/189 1648/1606/189
f 1649/1607/190 1650/1608/190 1651/1609/190
f 1649/1607/190 1651/1609/190 1652/1610/190
f 1653/1611/29 1654/1612/29 1655/1613/29
f 1653/1611/29 1655/1613/29 1656/1614/29
f 1657/1615/26 1658/1616/26 1659/1617/26
f 1657/1615/26 1659/1617/26 1660/1618/26
s 1
f 1661/1619/191 1662/1620/192 1663/1621/40
f 1661/1619/191 1663/1621/40 1664/1622/39
s 0
f 1665/1623/34 1666/1624/34 1667/1625/34
f 1665/1623/34 1667/1625/34 1668/1626/34
f 1669/1627/35 1670/1628/35 1671/1629/35
f 1669/1627/35 1671/1629/35 1672/1630/35
f 1662/1620/36 1673/1631/36 1674/1632/186
f 1662/1620/36 1674/1632/37 1663/1621/37
f 1675/1633/27 1676/1634/27 1677/1635/27
f 1675/1633/27 1677/1635/27 1678/1636/27
s 1
f 1673/1631/39 1679/1637/30 1680/1638/47
f 1673/1631/39 1680/1638/47 1674/1632/40
f 1664/1622/39 1680/1638/47 1679/1637/30
f 1664/1622/39 1679/1637/30 1661/1619/191
s 0
f 1681/1639/42 1682/1640/42 1683/1641/42
f 1681/1639/42 1683/1641/42 1684/1642/42
f 1685/1643/188 1686/1644/188 1687/1645/188
f 1685/1643/188 1687/1645/188 1688/1646/188
f 1689/1647/26 1690/1648/26 1691/1649/26
f 1689/1647/26 1691/1649/26 1692/1650/26
f 1693/1651/193 1694/1652/193 1695/1653/193
f 1693/1651/193 1695/1653/193 1696/1654/193
f 1697/1655/194 1698/1656/194 1699/1657/194
f 1697/1655/194 1699/1657/194 1700/1658/194
f 1701/1659/27 1702/1660/27 1703/1661/27
f 1701/1659/27 1703/1661/27 1704/1662/27
f 1705/1663/28 1706/1664/28 1707/1665/28
f 1705/1663/28 1707/1665/28 1708/1666/28
f 1709/1667/26 1710/1668/26 1711/1669/26
f 1709/1667/26 1711/1669/26 1712/1670/26
f 1713/1671/19 1714/1672/19 1715/1673/19
f 1713/1671/19 1715/1673/19 1716/1674/19
f 1717/1675/184 1718/1676/184 1719/1677/184
f 1717/1675/184 1719/1677/184 1720/1678/184
f 1721/1679/179 1722/1680/179 1723/1681/179
f 1721/1679/179 1723/1681/179 1724/1682/179
s 1
f 1725/1683/195 1726/1684/195 1727/1685/196
f 1725/1683/195 1727/1685/196 1728/1686/196
s 0
f 1729/1687/197 1730/1688/197 1731/1689/197
f 1729/1687/197 1731/1689/197 1732/1690/197
s 1
f 1733/1691/198 1734/1692/198 1735/1693/199
f 1733/1691/198 1735/1693/199 1736/1694/199
s 0
f 1737/1695/200 1738/1696/200 1739/1697/200
f 1737/1695/200 1739/1697/200 1740/1698/200
f 1741/1699/201 1742/1700/201 1743/1701/201
f 1741/1699/201 1743/1701/201 1744/1702/201
s 1
f 1745/1703/202 1746/1704/203 1747/1705/203
f 1745/1703/202 1747/1705/203 1748/1706/202
s 0
f 1749/1707/197 1750/1708/197 1751/1709/197
f 1749/1707/197 1751/1709/197 1752/1710/197
f 1753/1711/201 1754/1712/201 1755/1713/201
f 1753/1711/201 1755/1713/201 1756/1714/201
f 1757/1715/200 1758/1716/200 1759/1717/200
f 1757/1715/200 1759/1717/200 1760/1718/200
s 1
f 1761/1719/204 1762/1720/204 1763/1721/205
f 1761/1719/204 1763/1721/205 1764/1722/205
s 0
f 1730/1688/197 1749/1707/197 1752/1710/197
f 1730/1688/197 1752/1710/197 1731/1689/197
f 1755/1713/201 1754/1712/201 1742/1700/201
f 1755/1713/201 1742/1700/201 1741/1699/201
f 1758/1716/200 1737/1695/200 1740/1698/200
f 1758/1716/200 1740/1698/200 1759/1717/200
s 1
f 1747/1705/203 1746/1704/203 1762/1720/204
f 1747/1705/203 1762/1720/204 1761/1719/204
s 0
f 1765/1723/200 1766/1724/200 1767/1725/200
f 1765/1723/200 1767/1725/200 1768/1726/200
f 1769/1727/200 1770/1728/200 1766/1724/200
f 1769/1727/200 1766/1724/200 1765/1723/200
f 1771/1729/200 1772/1730/200 1770/1728/200
f 1771/1729/200 1770/1728/200 1769/1727/200
s 1
f 1773/1731/206 1774/1732/207 1775/1733/207
f 1773/1731/206 1775/1733/207 1776/1734/206
s 0
f 1777/1735/197 1778/1736/197 1779/1737/197
f 1777/1735/197 1779/1737/197 1780/1738/197
f 1781/1739/197 1782/1740/197 1778/1736/197
f 1781/1739/197 1778/1736/197 1777/1735/197
f 1783/1741/197 1784/1742/197 1782/1740/197
f 1783/1741/197 1782/1740/197 1781/1739/197
s 1
f 1785/1743/208 1786/1744/209 1787/1745/209
f 1785/1743/208 1787/1745/209 1788/1746/208
s 0
f 1789/1747/200 1790/1748/200 1758/1716/200
f 1789/1747/200 1758/1716/200 1757/1715/200
f 1790/1748/200 1791/1749/200 1737/1695/200
f 1790/1748/200 1737/1695/200 1758/1716/200
f 1791/1749/200 1792/1750/200 1738/1696/200
f 1791/1749/200 1738/1696/200 1737/1695/200
s 1
f 1793/1751/26 1794/1752/26 1734/1692/198
f 1793/1751/26 1734/1692/198 1733/1691/198
s 0
f 1795/1753/197 1796/1754/197 1730/1688/197
f 1795/1753/197 1730/1688/197 1729/1687/197
f 1797/1755/197 1798/1756/197 1799/1757/197
f 1797/1755/197 1799/1757/197 1800/1758/197
f 1801/1759/197 1802/1760/197 1750/1708/197
f 1801/1759/197 1750/1708/197 1749/1707/197
s 1
f 1803/1761/27 1804/1762/27 1726/1684/195
f 1803/1761/27 1726/1684/195 1725/1683/195
s 0
f 1767/1725/200 1766/1724/200 1805/1763/200
f 1767/1725/200 1805/1763/200 1806/1764/200
f 1766/1724/200 1770/1728/200 1807/1765/200
f 1766/1724/200 1807/1765/200 1805/1763/200
f 1770/1728/200 1772/1730/200 1808/1766/200
f 1770/1728/200 1808/1766/200 1807/1765/200
s 1
f 1775/1733/207 1774/1732/207 1809/1767/26
f 1775/1733/207 1809/1767/26 1810/1768/26
s 0
f 1779/1737/197 1778/1736/197 1811/1769/197
f 1779/1737/197 1811/1769/197 1812/1770/197
f 1813/1771/197 1814/1772/197 1815/1773/197
f 1813/1771/197 1815/1773/197 1816/1774/197
f 1782/1740/197 1784/1742/197 1817/1775/197
f 1782/1740/197 1817/1775/197 1818/1776/197
s 1
f 1787/1745/209 1786/1744/209 1819/1777/27
f 1787/1745/209 1819/1777/27 1820/1778/27
s 0
f 1821/1779/200 1822/1780/200 1790/1748/200
f 1821/1779/200 1790/1748/200 1789/1747/200
f 1822/1780/200 1823/1781/200 1791/1749/200
f 1822/1780/200 1791/1749/200 1790/1748/200
f 1823/1781/200 1824/1782/200 1792/1750/200
f 1823/1781/200 1792/1750/200 1791/1749/200
f 1825/1783/26 1826/1784/26 1794/1752/26
f 1825/1783/26 1794/1752/26 1793/1751/26
f 1827/1785/197 1828/1786/197 1796/1754/197
f 1827/1785/197 1796/1754/197 1795/1753/197
f 1828/1786/197 1829/1787/197 1801/1759/197
f 1828/1786/197 1801/1759/197 1796/1754/197
f 1829/1787/197 1830/1788/197 1802/1760/197
f 1829/1787/197 1802/1760/197 1801/1759/197
f 1831/1789/27 1832/1790/27 1804/1762/27
f 1831/1789/27 1804/1762/27 1803/1761/27
f 1806/1764/200 1805/1763/200 1833/1791/200
f 1806/1764/200 1833/1791/200 1834/1792/200
f 1805/1763/200 1807/1765/200 1835/1793/200
f 1805/1763/200 1835/1793/200 1833/1791/200
f 1807/1765/200 1808/1766/200 1836/1794/200
f 1807/1765/200 1836/1794/200 1835/1793/200
f 1810/1768/26 1809/1767/26 1837/1795/26
f 1810/1768/26 1837/1795/26 1838/1796/26
f 1812/1770/197 1811/1769/197 1839/1797/197
f 1812/1770/197 1839/1797/197 1840/1798/197
f 1811/1769/197 1818/1776/197 1841/1799/197
f 1811/1769/197 1841/1799/197 1839/1797/197
f 1818/1776/197 1817/1775/197 1842/1800/197
f 1818/1776/197 1842/1800/197 1841/1799/197
f 1820/1778/27 1819/1777/27 1843/1801/27
f 1820/1778/27 1843/1801/27 1844/1802/27
f 1834/1792/200 1833/1791/200 1822/1780/200
f 1834/1792/200 1822/1780/200 1821/1779/200
f 1833/1791/200 1835/1793/200 1823/1781/200
f 1833/1791/200 1823/1781/200 1822/1780/200
f 1835/1793/200 1836/1794/200 1824/1782/200
f 1835/1793/200 1824/1782/200 1823/1781/200
f 1838/1796/26 1837/1795/26 1826/1784/26
f 1838/1796/26 1826/1784/26 1825/1783/26
f 1840/1798/197 1839/1797/197 1828/1786/197
f 1840/1798/197 1828/1786/197 1827/1785/197
f 1845/1803/197 1846/1804/197 1847/1805/197
f 1845/1803/197 1847/1805/197 1848/1806/197
f 1841/1799/197 1842/1800/197 1830/1788/197
f 1841/1799/197 1830/1788/197 1829/1787/197
f 1844/1802/27 1843/1801/27 1832/1790/27
f 1844/1802/27 1832/1790/27 1831/1789/27
f 1849/1807/201 1850/1808/201 1851/1809/201
f 1849/1807/201 1851/1809/201 1852/1810/201
f 1853/1811/26 1854/1812/26 1855/1813/26
f 1853/1811/26 1855/1813/26 1856/1814/26
f 1857/1815/210 1858/1816/210 1859/1817/210
f 1857/1815/210 1859/1817/210 1860/1818/210
f 1861/1819/27 1862/1820/27 1863/1821/27
f 1861/1819/27 1863/1821/27 1864/1822/27
f 1865/1823/201 1866/1824/201 1867/1825/201
f 1865/1823/201 1867/1825/201 1868/1826/201
f 1869/1827/26 1870/1828/26 1871/1829/26
f 1869/1827/26 1871/1829/26 1872/1830/26
f 1873/1831/210 1874/1832/210 1875/1833/210
f 1873/1831/210 1875/1833/210 1876/1834/210
f 1877/1835/27 1878/1836/27 1879/1837/27
f 1877/1835/27 1879/1837/27 1880/1838/27
f 1881/1839/201 1882/1840/201 1883/1841/201
f 1881/1839/201 1883/1841/201 1884/1842/201
f 1885/1843/26 1886/1844/26 1887/1845/26
f 1885/1843/26 1887/1845/26 1888/1846/26
f 1889/1847/210 1890/1848/210 1891/1849/210
f 1889/1847/210 1891/1849/210 1892/1850/210
f 1893/1851/27 1894/1852/27 1895/1853/27
f 1893/1851/27 1895/1853/27 1896/1854/27
f 1897/1698/200 1898/1697/200 1899/1855/200
f 1897/1698/200 1899/1855/200 1900/1856/200
f 1901/1694/211 1902/1693/211 1903/1857/211
f 1901/1694/211 1903/1857/211 1904/1858/211
f 1905/1690/197 1906/1689/197 1907/1859/197
f 1905/1690/197 1907/1859/197 1908/1860/197
f 1909/1718/200 1910/1717/200 1911/1861/200
f 1909/1718/200 1911/1861/200 1912/1862/200
f 1913/1710/197 1914/1709/197 1915/1863/197
f 1913/1710/197 1915/1863/197 1916/1864/197
f 1917/1686/212 1918/1685/212 1919/1865/212
f 1917/1686/212 1919/1865/212 1920/1866/212
f 1921/1717/200 1922/1698/200 1923/1856/200
f 1921/1717/200 1923/1856/200 1924/1861/200
f 1925/1689/197 1926/1710/197 1927/1864/197
f 1925/1689/197 1927/1864/197 1928/1859/197
f 1929/1867/27 1930/1868/27 1931/1869/27
f 1929/1867/27 1931/1869/27 1932/1870/27
f 1933/1871/28 1934/1872/28 1935/1873/28
f 1933/1871/28 1935/1873/28 1936/1874/28
f 1937/1875/26 1938/1876/26 1939/1877/26
f 1937/1875/26 1939/1877/26 1940/1878/26
f 1941/1879/19 1942/1880/19 1943/1881/19
f 1941/1879/19 1943/1881/19 1944/1882/19
f 1945/1883/184 1946/1884/184 1947/1885/184
f 1945/1883/184 1947/1885/184 1948/1886/184
f 1949/1887/179 1950/1888/179 1951/1889/179
f 1949/1887/179 1951/1889/179 1952/1890/179
f 1953/1882/213 1954/1881/213 1955/1891/213
f 1953/1882/213 1955/1891/213 1956/1892/213
f 1957/1893/214 1958/1875/214 1959/1878/214
f 1957/1893/214 1959/1878/214 1960/1894/214
f 1961/1874/215 1962/1873/215 1963/1895/215
f 1961/1874/215 1963/1895/215 1964/1896/215
f 1965/1870/216 1966/1869/216 1967/1897/216
f 1965/1870/216 1967/1897/216 1968/1898/216
f 1969/1899/217 1970/1900/217 1971/1901/217
f 1969/1899/217 1971/1901/217 1972/1902/217
f 1973/1903/218 1974/1904/218 1975/1905/218
f 1973/1903/218 1975/1905/218 1976/1906/218
f 1977/1907/219 1978/1908/219 1979/1909/219
f 1977/1907/219 1979/1909/219 1980/1910/219
f 1981/1911/220 1982/1912/220 1983/1913/220
f 1981/1911/220 1983/1913/220 1984/1914/220
f 1985/1915/19 1986/1916/19 1942/1880/19
f 1985/1915/19 1942/1880/19 1941/1879/19
f 1938/1876/26 1987/1917/26 1988/1918/26
f 1938/1876/26 1988/1918/26 1939/1877/26
f 1989/1919/28 1990/1920/28 1934/1872/28
f 1989/1919/28 1934/1872/28 1933/1871/28
f 1991/1921/27 1992/1922/27 1930/1868/27
f 1991/1921/27 1930/1868/27 1929/1867/27
f 1993/1899/19 1994/1923/19 1995/1924/19
f 1993/1899/19 1995/1924/19 1996/1900/19
f 1997/1911/26 1998/1925/26 1999/1926/26
f 1997/1911/26 1999/1926/26 2000/1912/26
f 2001/1907/28 2002/1927/28 2003/1928/28
f 2001/1907/28 2003/1928/28 2004/1908/28
f 2005/1904/27 2006/1929/27 2007/1930/27
f 2005/1904/27 2007/1930/27 2008/1905/27
f 2009/1931/27 2010/1932/27 2011/1933/27
f 2009/1931/27 2011/1933/27 2012/1934/27
f 2013/1935/27 2014/1936/27 2015/1937/27
f 2013/1935/27 2015/1937/27 2016/1938/27
f 2017/1939/27 2013/1935/27 2016/1938/27
f 2017/1939/27 2016/1938/27 2018/1940/27
f 2019/1941/216 2020/1939/216 2021/1940/216
f 2019/1941/216 2021/1940/216 2022/1942/216
f 2023/1943/184 2024/1944/184 2025/1945/184
f 2023/1943/184 2025/1945/184 2026/1946/184
f 2027/1947/214 2028/1948/214 2029/1949/214
f 2027/1947/214 2029/1949/214 2030/1950/214
f 2031/1948/26 2032/1951/26 2033/1952/26
f 2031/1948/26 2033/1952/26 2034/1949/26
f 2035/1953/26 2036/1954/26 2037/1955/26
f 2035/1953/26 2037/1955/26 2038/1956/26
f 2039/1957/26 2040/1958/26 2041/1959/26
f 2039/1957/26 2041/1959/26 2042/1960/26
f 2043/1961/220 2044/1957/220 2045/1960/220
f 2043/1961/220 2045/1960/220 2046/1962/220
f 2047/1963/179 2048/1964/179 2049/1965/179
f 2047/1963/179 2049/1965/179 2050/1966/179
f 2051/1967/218 2052/1931/218 2053/1934/218
f 2051/1967/218 2053/1934/218 2054/1968/218
f 2055/1969/27 2056/1970/27 2010/1932/27
f 2055/1969/27 2010/1932/27 2009/1931/27
f 2016/1938/27 2015/1937/27 2057/1971/27
f 2016/1938/27 2057/1971/27 2058/1972/27
f 2018/1940/27 2016/1938/27 2058/1972/27
f 2018/1940/27 2058/1972/27 2059/1973/27
f 2022/1942/216 2021/1940/216 2060/1973/216
s 1
f 2022/1942/216 2060/1973/216 2061/1974/216
s 0
f 2062/1975/184 2063/1976/184 2024/1944/184
f 2062/1975/184 2024/1944/184 2023/1943/184
f 2064/1977/214 2028/1948/214 2027/1947/214
f 2064/1977/214 2027/1947/214 2065/1978/214
f 2066/1979/26 2032/1951/26 2031/1948/26
f 2066/1979/26 2031/1948/26 2067/1977/26
f 2068/1980/26 2069/1981/26 2032/1951/26
f 2068/1980/26 2032/1951/26 2066/1979/26
f 2042/1960/26 2041/1959/26 2070/1982/26
f 2042/1960/26 2070/1982/26 2071/1983/26
f 2046/1962/220 2045/1960/220 2072/1983/220
f 2046/1962/220 2072/1983/220 2073/1984/220
f 2074/1985/179 2075/1986/179 2048/1964/179
f 2074/1985/179 2048/1964/179 2047/1963/179
f 2076/1969/218 2052/1931/218 2051/1967/218
f 2076/1969/218 2051/1967/218 2077/1987/218
f 2012/1934/27 2011/1933/27 2078/1988/27
f 2012/1934/27 2078/1988/27 2079/1989/27
f 2054/1968/218 2053/1934/218 2080/1989/218
f 2054/1968/218 2080/1989/218 2081/1990/218
f 2050/1966/179 2049/1965/179 2082/1991/179
f 2050/1966/179 2082/1991/179 2083/1992/179
f 2084/1993/220 2085/1994/220 2044/1957/220
f 2084/1993/220 2044/1957/220 2043/1961/220
f 2086/1994/26 2087/1995/26 2040/1958/26
f 2086/1994/26 2040/1958/26 2039/1957/26
f 2033/1952/26 2088/1996/26 2089/1997/26
f 2033/1952/26 2089/1997/26 2090/1998/26
f 2034/1949/26 2033/1952/26 2090/1998/26
f 2034/1949/26 2090/1998/26 2091/1999/26
f 2030/1950/214 2029/1949/214 2092/1999/214
f 2030/1950/214 2092/1999/214 2093/2000/214
f 2026/1946/184 2025/1945/184 2094/2001/184
f 2026/1946/184 2094/2001/184 2095/2002/184
f 2096/2003/216 2097/2004/216 2020/1939/216
f 2096/2003/216 2020/1939/216 2019/1941/216
f 2098/2004/27 2099/2005/27 2013/1935/27
f 2098/2004/27 2013/1935/27 2017/1939/27
f 2099/2005/27 2100/2006/27 2014/1936/27
f 2099/2005/27 2014/1936/27 2013/1935/27
f 2079/1989/27 2078/1988/27 2101/2007/27
f 2079/1989/27 2101/2007/27 2102/2008/27
f 2081/1990/218 2080/1989/218 2103/2008/218
f 2081/1990/218 2103/2008/218 2104/2009/218
f 2083/1992/179 2082/1991/179 2105/2010/179
f 2083/1992/179 2105/2010/179 2106/2011/179
f 2107/2012/220 2108/2013/220 2085/1994/220
f 2107/2012/220 2085/1994/220 2084/1993/220
f 2109/2013/26 2110/2014/26 2087/1995/26
f 2109/2013/26 2087/1995/26 2086/1994/26
f 2111/2015/26 2112/2016/26 2113/2017/26
f 2111/2015/26 2113/2017/26 2114/2018/26
f 2091/1999/26 2090/1998/26 2115/2019/26
f 2091/1999/26 2115/2019/26 2116/2020/26
f 2093/2000/214 2092/1999/214 2117/2020/214
f 2093/2000/214 2117/2020/214 2118/2021/214
f 2095/2002/184 2094/2001/184 2119/2022/184
f 2095/2002/184 2119/2022/184 2120/2023/184
f 2121/2024/216 2122/2025/216 2097/2004/216
f 2121/2024/216 2097/2004/216 2096/2003/216
f 2123/2025/27 2124/2026/27 2099/2005/27
f 2123/2025/27 2099/2005/27 2098/2004/27
f 2124/2026/27 2125/2027/27 2100/2006/27
f 2124/2026/27 2100/2006/27 2099/2005/27
f 2102/2008/27 2101/2007/27 2126/2028/27
f 2102/2008/27 2126/2028/27 2127/2029/27
s 1
f 2104/2009/218 2103/2008/218 2128/2029/218
s 0
f 2104/2009/218 2128/2029/218 2129/2030/218
f 2106/2011/179 2105/2010/179 2130/2031/179
f 2106/2011/179 2130/2031/179 2131/2032/179
s 1
f 2132/2033/220 2133/2034/220 2108/2013/220
s 0
f 2132/2033/220 2108/2013/220 2107/2012/220
f 2134/2034/26 2135/2035/26 2110/2014/26
f 2134/2034/26 2110/2014/26 2109/2013/26
f 2115/2019/26 2136/2036/26 2137/2037/26
f 2115/2019/26 2137/2037/26 2138/2038/26
f 2116/2020/26 2115/2019/26 2138/2038/26
f 2116/2020/26 2138/2038/26 2139/2039/26
f 2118/2021/214 2117/2020/214 2140/2039/214
f 2118/2021/214 2140/2039/214 2141/2040/214
f 2120/2023/184 2119/2022/184 2142/2041/184
f 2120/2023/184 2142/2041/184 2143/2042/184
f 2144/2043/216 2145/2044/216 2122/2025/216
f 2144/2043/216 2122/2025/216 2121/2024/216
f 2146/2044/27 2147/2045/27 2124/2026/27
f 2146/2044/27 2124/2026/27 2123/2025/27
f 2147/2045/27 2148/2046/27 2125/2027/27
f 2147/2045/27 2125/2027/27 2124/2026/27
f 2127/2029/27 2126/2028/27 2006/1929/27
f 2127/2029/27 2006/1929/27 2005/1904/27
f 2129/2030/218 2128/2029/218 1974/1904/218
f 2129/2030/218 1974/1904/218 1973/1903/218
f 2131/2032/179 2130/2031/179 1950/1888/179
f 2131/2032/179 1950/1888/179 1949/1887/179
f 1983/1913/220 1982/1912/220 2133/2034/220
f 1983/1913/220 2133/2034/220 2132/2033/220
f 2000/1912/26 1999/1926/26 2135/2035/26
f 2000/1912/26 2135/2035/26 2134/2034/26
f 2149/2047/26 2150/2048/26 2151/2049/26
f 2149/2047/26 2151/2049/26 2152/2050/26
f 2139/2039/26 2138/2038/26 1938/1876/26
f 2139/2039/26 1938/1876/26 1937/1875/26
f 2141/2040/214 2140/2039/214 1958/1875/214
f 2141/2040/214 1958/1875/214 1957/1893/214
f 2143/2042/184 2142/2041/184 1946/1884/184
f 2143/2042/184 1946/1884/184 1945/1883/184
f 1967/1897/216 1966/1869/216 2145/2044/216
f 1967/1897/216 2145/2044/216 2144/2043/216
f 1931/1869/27 1930/1868/27 2147/2045/27
f 1931/1869/27 2147/2045/27 2146/2044/27
f 1930/1868/27 1992/1922/27 2148/2046/27
f 1930/1868/27 2148/2046/27 2147/2045/27
f 2153/2051/28 2154/2052/28 2155/2053/28
f 2153/2051/28 2155/2053/28 2156/2054/28
f 2157/2055/184 2158/2056/184 2159/2057/184
f 2157/2055/184 2159/2057/184 2160/2058/184
f 2161/2059/19 2162/2060/19 2163/2061/19
f 2161/2059/19 2163/2061/19 2164/2062/19
f 2165/2063/179 2166/2064/179 2167/2065/179
f 2165/2063/179 2167/2065/179 2168/2066/179
f 2169/2067/28 2170/2068/28 2171/2069/28
f 2169/2067/28 2171/2069/28 2172/2070/28
f 2173/2071/184 2174/2072/184 2175/2073/184
f 2173/2071/184 2175/2073/184 2176/2074/184
f 2177/2075/19 2178/2076/19 2179/2077/19
f 2177/2075/19 2179/2077/19 2180/2078/19
f 2181/2079/179 2182/2080/179 2183/2081/179
f 2181/2079/179 2183/2081/179 2184/2082/179
f 2185/2083/28 2186/2084/28 2187/2085/28
f 2185/2083/28 2187/2085/28 2188/2086/28
f 2189/2087/184 2190/2088/184 2191/2089/184
f 2189/2087/184 2191/2089/184 2192/2090/184
f 2193/2091/19 2194/2092/19 2195/2093/19
f 2193/2091/19 2195/2093/19 2196/2094/19
f 2197/2095/179 2198/2096/179 2199/2097/179
f 2197/2095/179 2199/2097/179 2200/2098/179
f 2201/2099/27 2202/2100/27 2057/1971/27
f 2201/2099/27 2057/1971/27 2015/1937/27
f 2203/2101/27 2201/2099/27 2015/1937/27
f 2203/2101/27 2015/1937/27 2014/1936/27
f 2204/2102/27 2203/2101/27 2014/1936/27
f 2204/2102/27 2014/1936/27 2100/2006/27
f 2205/2103/27 2204/2102/27 2100/2006/27
f 2205/2103/27 2100/2006/27 2125/2027/27
f 2206/2104/27 2205/2103/27 2125/2027/27
f 2206/2104/27 2125/2027/27 2148/2046/27
f 2207/2105/27 2206/2104/27 2148/2046/27
f 2207/2105/27 2148/2046/27 1992/1922/27
f 2208/2106/27 2207/2105/27 1992/1922/27
f 2208/2106/27 1992/1922/27 1991/1921/27
f 2209/2107/28 2210/2108/28 1990/1920/28
f 2209/2107/28 1990/1920/28 1989/1919/28
f 2211/2109/26 2212/2110/26 1988/1918/26
f 2211/2109/26 1988/1918/26 1987/1917/26
f 2213/2111/26 2211/2109/26 1987/1917/26
f 2213/2111/26 1987/1917/26 2137/2037/26
f 2214/2112/26 2213/2111/26 2137/2037/26
f 2214/2112/26 2137/2037/26 2136/2036/26
f 2215/2113/26 2214/2112/26 2136/2036/26
f 2215/2113/26 2136/2036/26 2089/1997/26
f 2216/2114/26 2215/2113/26 2089/1997/26
f 2216/2114/26 2089/1997/26 2088/1996/26
f 2217/2115/26 2216/2114/26 2088/1996/26
f 2217/2115/26 2088/1996/26 2069/1981/26
f 2218/2116/26 2217/2115/26 2069/1981/26
f 2218/2116/26 2069/1981/26 2068/1980/26
f 2219/2117/19 2220/2118/19 1986/1916/19
f 2219/2117/19 1986/1916/19 1985/1915/19
f 1999/1926/26 1998/1925/26 2212/2110/26
f 1999/1926/26 2212/2110/26 2211/2109/26
f 2003/1928/28 2002/1927/28 2210/2108/28
f 2003/1928/28 2210/2108/28 2209/2107/28
f 2007/1930/27 2006/1929/27 2207/2105/27
f 2007/1930/27 2207/2105/27 2208/2106/27
f 2006/1929/27 2126/2028/27 2206/2104/27
f 2006/1929/27 2206/2104/27 2207/2105/27
f 2126/2028/27 2101/2007/27 2205/2103/27
f 2126/2028/27 2205/2103/27 2206/2104/27
f 2101/2007/27 2078/1988/27 2204/2102/27
f 2101/2007/27 2204/2102/27 2205/2103/27
f 2078/1988/27 2011/1933/27 2203/2101/27
f 2078/1988/27 2203/2101/27 2204/2102/27
f 2011/1933/27 2010/1932/27 2201/2099/27
f 2011/1933/27 2201/2099/27 2203/2101/27
f 2010/1932/27 2056/1970/27 2202/2100/27
f 2010/1932/27 2202/2100/27 2201/2099/27
f 1995/1924/19 1994/1923/19 2220/2118/19
f 1995/1924/19 2220/2118/19 2219/2117/19
f 2070/1982/26 2041/1959/26 2217/2115/26
f 2070/1982/26 2217/2115/26 2218/2116/26
f 2221/2119/26 2222/2120/26 2223/2121/26
f 2221/2119/26 2223/2121/26 2224/2122/26
f 2040/1958/26 2087/1995/26 2215/2113/26
f 2040/1958/26 2215/2113/26 2216/2114/26
f 2225/2123/26 2226/2124/26 2227/2125/26
f 2225/2123/26 2227/2125/26 2228/2126/26
f 2110/2014/26 2135/2035/26 2213/2111/26
f 2110/2014/26 2213/2111/26 2214/2112/26
f 2229/2127/26 2230/2128/26 2231/2129/26
f 2229/2127/26 2231/2129/26 2232/2130/26
f 2233/2131/184 2234/2132/184 2235/2133/184
f 2233/2131/184 2235/2133/184 2236/2134/184
f 2237/2135/19 2238/2136/19 2239/2137/19
f 2237/2135/19 2239/2137/19 2240/2138/19
f 2241/2139/179 2242/2140/179 2243/2141/179
f 2241/2139/179 2243/2141/179 2244/2142/179
f 2245/2143/28 2246/2144/28 2247/2145/28
f 2245/2143/28 2247/2145/28 2248/2146/28
f 2249/2147/184 2250/2148/184 2251/2149/184
f 2249/2147/184 2251/2149/184 2252/2150/184
f 2253/2151/19 2254/2152/19 2255/2153/19
f 2253/2151/19 2255/2153/19 2256/2154/19
f 2257/2155/179 2258/2156/179 2259/2157/179
f 2257/2155/179 2259/2157/179 2260/2158/179
f 2261/2159/28 2262/2160/28 2263/2161/28
f 2261/2159/28 2263/2161/28 2264/2162/28
f 2265/2163/184 2266/2164/184 2267/2165/184
f 2265/2163/184 2267/2165/184 2268/2166/184
f 2269/2167/19 2270/2168/19 2271/2169/19
f 2269/2167/19 2271/2169/19 2272/2170/19
f 2273/2171/179 2274/2172/179 2275/2173/179
f 2273/2171/179 2275/2173/179 2276/2174/179
f 2277/2175/28 2278/2176/28 2279/2177/28
f 2277/2175/28 2279/2177/28 2280/2178/28
f 2281/2179/26 2282/2180/26 2283/2181/26
f 2281/2179/26 2283/2181/26 2284/2182/26
f 2285/2183/28 2286/2184/28 2287/2185/28
f 2285/2183/28 2287/2185/28 2288/2186/28
f 2289/2187/27 2290/2188/27 2291/2189/27
f 2289/2187/27 2291/2189/27 2292/2190/27
f 2293/2191/19 2294/2192/19 2295/2193/19
f 2293/2191/19 2295/2193/19 2296/2194/19
f 2297/2195/184 2298/2196/184 2299/2197/184
f 2297/2195/184 2299/2197/184 2300/2198/184
f 2301/2199/179 2302/2200/179 2303/2201/179
f 2301/2199/179 2303/2201/179 2304/2202/179
f 2305/2203/213 2306/2204/213 2307/2205/213
f 2305/2203/213 2307/2205/213 2308/2206/213
f 2309/2207/221 2310/2208/221 2311/2209/221
f 2309/2207/221 2311/2209/221 2312/2210/221
f 2313/2211/215 2314/2212/215 2315/2213/215
f 2313/2211/215 2315/2213/215 2316/2214/215
f 2317/2215/222 2318/2216/222 2319/2217/222
f 2317/2215/222 2319/2217/222 2320/2218/222
f 2321/2219/217 2322/2220/217 2323/2221/217
f 2321/2219/217 2323/2221/217 2324/2222/217
f 2325/2223/223 2326/2224/223 2327/2225/223
f 2325/2223/223 2327/2225/223 2328/2226/223
f 2329/2227/219 2330/2228/219 2331/2229/219
f 2329/2227/219 2331/2229/219 2332/2230/219
f 2333/2231/224 2334/2232/224 2335/2233/224
f 2333/2231/224 2335/2233/224 2336/2234/224
f 2337/2235/19 2338/2236/19 2339/2203/19
f 2337/2235/19 2339/2203/19 2340/2206/19
f 2341/2210/27 2342/2237/27 2343/2238/27
f 2341/2210/27 2343/2238/27 2344/2207/27
f 2345/2239/28 2346/2240/28 2347/2211/28
f 2345/2239/28 2347/2211/28 2348/2214/28
f 2349/2241/26 2350/2242/26 2351/2215/26
f 2349/2241/26 2351/2215/26 2352/2218/26
f 2353/2243/19 2354/2244/19 2338/2236/19
f 2353/2243/19 2338/2236/19 2337/2235/19
f 2342/2237/27 2355/2245/27 2356/2246/27
f 2342/2237/27 2356/2246/27 2343/2238/27
f 2357/2247/28 2358/2248/28 2346/2240/28
f 2357/2247/28 2346/2240/28 2345/2239/28
f 2359/2249/26 2360/2250/26 2350/2242/26
f 2359/2249/26 2350/2242/26 2349/2241/26
f 2361/2251/26 2362/2252/26 2363/2253/26
f 2361/2251/26 2363/2253/26 2364/2254/26
f 2365/2255/26 2366/2256/26 2367/2257/26
f 2365/2255/26 2367/2257/26 2368/2258/26
f 2369/2259/26 2365/2255/26 2368/2258/26
f 2369/2259/26 2368/2258/26 2370/2260/26
f 2371/2260/222 2372/2261/222 2373/2262/222
f 2371/2260/222 2373/2262/222 2374/2259/222
f 2375/2263/184 2376/2264/184 2377/2265/184
f 2375/2263/184 2377/2265/184 2378/2266/184
f 2379/2267/221 2380/2268/221 2381/2269/221
f 2379/2267/221 2381/2269/221 2382/2270/221
f 2383/2271/27 2384/2272/27 2385/2267/27
f 2383/2271/27 2385/2267/27 2386/2270/27
f 2387/2273/27 2388/2274/27 2384/2272/27
f 2387/2273/27 2384/2272/27 2383/2271/27
f 2389/2275/27 2390/2276/27 2391/2277/27
f 2389/2275/27 2391/2277/27 2392/2278/27
s 1
f 2393/2279/224 2394/2280/224 2395/2281/224
s 0
f 2393/2279/224 2395/2281/224 2396/2282/224
f 2397/2283/179 2398/2284/179 2399/2285/179
f 2397/2283/179 2399/2285/179 2400/2286/179
f 2401/2287/223 2402/2288/223 2403/2289/223
f 2401/2287/223 2403/2289/223 2404/2290/223
f 2362/2252/26 2405/2291/26 2406/2292/26
f 2362/2252/26 2406/2292/26 2363/2253/26
f 2407/2293/26 2408/2294/26 2366/2256/26
f 2407/2293/26 2366/2256/26 2365/2255/26
f 2409/2295/26 2407/2293/26 2365/2255/26
f 2409/2295/26 2365/2255/26 2369/2259/26
f 2374/2259/222 2373/2262/222 2410/2296/222
f 2374/2259/222 2410/2296/222 2411/2295/222
f 2412/2297/184 2413/2298/184 2376/2264/184
f 2412/2297/184 2376/2264/184 2375/2263/184
f 2414/2299/221 2415/2300/221 2380/2268/221
f 2414/2299/221 2380/2268/221 2379/2267/221
f 2385/2267/27 2384/2272/27 2416/2301/27
f 2385/2267/27 2416/2301/27 2417/2299/27
f 2418/2302/27 2419/2303/27 2420/2304/27
f 2418/2302/27 2420/2304/27 2421/2305/27
f 2422/2306/27 2423/2307/27 2424/2308/27
f 2422/2306/27 2424/2308/27 2425/2309/27
f 2396/2282/224 2395/2281/224 2426/2310/224
f 2396/2282/224 2426/2310/224 2427/2311/224
f 2428/2312/179 2429/2313/179 2398/2284/179
f 2428/2312/179 2398/2284/179 2397/2283/179
f 2430/2314/223 2431/2315/223 2402/2288/223
f 2430/2314/223 2402/2288/223 2401/2287/223
f 2432/2316/26 2283/2181/26 2282/2180/26
f 2432/2316/26 2282/2180/26 2433/2317/26
f 2328/2226/223 2327/2225/223 2434/2318/223
f 2328/2226/223 2434/2318/223 2435/2319/223
f 2303/2201/179 2302/2200/179 2436/2320/179
f 2303/2201/179 2436/2320/179 2437/2321/179
f 2438/2322/224 2439/2323/224 2334/2232/224
f 2438/2322/224 2334/2232/224 2333/2231/224
f 2440/2324/27 2441/2325/27 2442/2326/27
f 2440/2324/27 2442/2326/27 2443/2327/27
f 2444/2328/27 2445/2329/27 2446/2330/27
f 2444/2328/27 2446/2330/27 2447/2331/27
f 2448/2332/27 2449/2333/27 2342/2237/27
f 2448/2332/27 2342/2237/27 2341/2210/27
f 2312/2210/221 2311/2209/221 2450/2334/221
f 2312/2210/221 2450/2334/221 2451/2332/221
f 2299/2197/184 2298/2196/184 2452/2335/184
f 2299/2197/184 2452/2335/184 2453/2336/184
f 2454/2337/222 2455/2338/222 2318/2216/222
f 2454/2337/222 2318/2216/222 2317/2215/222
f 2351/2215/26 2350/2242/26 2456/2339/26
f 2351/2215/26 2456/2339/26 2457/2337/26
f 2350/2242/26 2360/2250/26 2458/2340/26
f 2350/2242/26 2458/2340/26 2456/2339/26
f 2459/2341/26 2432/2316/26 2433/2317/26
f 2459/2341/26 2433/2317/26 2460/2342/26
f 2435/2319/223 2434/2318/223 2461/2343/223
f 2435/2319/223 2461/2343/223 2462/2344/223
f 2437/2321/179 2436/2320/179 2463/2345/179
f 2437/2321/179 2463/2345/179 2464/2346/179
f 2465/2347/224 2466/2348/224 2439/2323/224
f 2465/2347/224 2439/2323/224 2438/2322/224
f 2467/2349/27 2468/2350/27 2469/2351/27
f 2467/2349/27 2469/2351/27 2470/2352/27
f 2471/2353/27 2472/2354/27 2473/2355/27
f 2471/2353/27 2473/2355/27 2449/2333/27
f 2474/2356/27 2471/2353/27 2449/2333/27
f 2474/2356/27 2449/2333/27 2448/2332/27
f 2451/2332/221 2450/2334/221 2475/2357/221
f 2451/2332/221 2475/2357/221 2476/2356/221
f 2453/2336/184 2452/2335/184 2477/2358/184
f 2453/2336/184 2477/2358/184 2478/2359/184
f 2479/2360/222 2480/2361/222 2455/2338/222
f 2479/2360/222 2455/2338/222 2454/2337/222
f 2457/2337/26 2456/2339/26 2481/2362/26
f 2457/2337/26 2481/2362/26 2482/2360/26
f 2456/2339/26 2458/2340/26 2483/2363/26
f 2456/2339/26 2483/2363/26 2481/2362/26
f 2484/2364/26 2459/2341/26 2460/2342/26
f 2484/2364/26 2460/2342/26 2485/2365/26
f 2462/2344/223 2461/2343/223 2486/2366/223
f 2462/2344/223 2486/2366/223 2487/2367/223
f 2464/2346/179 2463/2345/179 2488/2368/179
f 2464/2346/179 2488/2368/179 2489/2369/179
f 2490/2370/224 2491/2371/224 2466/2348/224
f 2490/2370/224 2466/2348/224 2465/2347/224
f 2492/2372/27 2493/2373/27 2494/2374/27
f 2492/2372/27 2494/2374/27 2495/2375/27
f 2496/2376/27 2497/2377/27 2498/2378/27
f 2496/2376/27 2498/2378/27 2499/2379/27
f 2500/2380/27 2501/2381/27 2471/2353/27
f 2500/2380/27 2471/2353/27 2474/2356/27
f 2476/2356/221 2475/2357/221 2502/2382/221
f 2476/2356/221 2502/2382/221 2503/2380/221
f 2478/2359/184 2477/2358/184 2504/2383/184
f 2478/2359/184 2504/2383/184 2505/2384/184
f 2506/2385/222 2507/2386/222 2480/2361/222
f 2506/2385/222 2480/2361/222 2479/2360/222
f 2482/2360/26 2481/2362/26 2508/2387/26
f 2482/2360/26 2508/2387/26 2509/2385/26
f 2481/2362/26 2483/2363/26 2510/2388/26
f 2481/2362/26 2510/2388/26 2508/2387/26
f 2405/2291/26 2484/2364/26 2485/2365/26
f 2405/2291/26 2485/2365/26 2406/2292/26
f 2487/2367/223 2486/2366/223 2431/2315/223
f 2487/2367/223 2431/2315/223 2430/2314/223
f 2489/2369/179 2488/2368/179 2429/2313/179
f 2489/2369/179 2429/2313/179 2428/2312/179
f 2427/2311/224 2426/2310/224 2491/2371/224
f 2427/2311/224 2491/2371/224 2490/2370/224
f 2511/2389/27 2512/2390/27 2513/2391/27
f 2511/2389/27 2513/2391/27 2514/2392/27
f 2416/2301/27 2515/2393/27 2516/2394/27
f 2416/2301/27 2516/2394/27 2501/2381/27
f 2417/2299/27 2416/2301/27 2501/2381/27
f 2417/2299/27 2501/2381/27 2500/2380/27
f 2503/2380/221 2502/2382/221 2415/2300/221
f 2503/2380/221 2415/2300/221 2414/2299/221
f 2505/2384/184 2504/2383/184 2413/2298/184
f 2505/2384/184 2413/2298/184 2412/2297/184
f 2411/2295/222 2410/2296/222 2507/2386/222
f 2411/2295/222 2507/2386/222 2506/2385/222
f 2509/2385/26 2508/2387/26 2407/2293/26
f 2509/2385/26 2407/2293/26 2409/2295/26
f 2508/2387/26 2510/2388/26 2408/2294/26
f 2508/2387/26 2408/2294/26 2407/2293/26
f 2517/2395/19 2518/2396/19 2519/2397/19
f 2517/2395/19 2519/2397/19 2520/2398/19
f 2521/2399/184 2522/2400/184 2523/2401/184
f 2521/2399/184 2523/2401/184 2524/2402/184
f 2525/2403/28 2526/2404/28 2527/2405/28
f 2525/2403/28 2527/2405/28 2528/2406/28
f 2529/2407/179 2530/2408/179 2531/2409/179
f 2529/2407/179 2531/2409/179 2532/2410/179
f 2533/2411/19 2534/2412/19 2535/2413/19
f 2533/2411/19 2535/2413/19 2536/2414/19
f 2537/2415/184 2538/2416/184 2539/2417/184
f 2537/2415/184 2539/2417/184 2540/2418/184
f 2541/2419/28 2542/2420/28 2543/2421/28
f 2541/2419/28 2543/2421/28 2544/2422/28
f 2545/2423/179 2546/2424/179 2547/2425/179
f 2545/2423/179 2547/2425/179 2548/2426/179
f 2549/2427/19 2550/2428/19 2551/2429/19
f 2549/2427/19 2551/2429/19 2552/2430/19
f 2553/2431/184 2554/2432/184 2555/2433/184
f 2553/2431/184 2555/2433/184 2556/2434/184
f 2557/2435/28 2558/2436/28 2559/2437/28
f 2557/2435/28 2559/2437/28 2560/2438/28
f 2561/2439/179 2562/2440/179 2563/2441/179
f 2561/2439/179 2563/2441/179 2564/2442/179
f 2565/2223/26 2566/2226/26 2282/2180/26
f 2565/2223/26 2282/2180/26 2281/2179/26
f 2433/2317/26 2282/2180/26 2566/2226/26
f 2433/2317/26 2566/2226/26 2567/2319/26
f 2460/2342/26 2433/2317/26 2567/2319/26
f 2460/2342/26 2567/2319/26 2568/2344/26
f 2485/2365/26 2460/2342/26 2568/2344/26
f 2485/2365/26 2568/2344/26 2569/2367/26
f 2406/2292/26 2485/2365/26 2569/2367/26
f 2406/2292/26 2569/2367/26 2570/2314/26
f 2363/2253/26 2406/2292/26 2570/2314/26
f 2363/2253/26 2570/2314/26 2571/2287/26
f 2364/2254/26 2363/2253/26 2571/2287/26
f 2364/2254/26 2571/2287/26 2572/2290/26
f 2573/2227/28 2574/2230/28 2286/2184/28
f 2573/2227/28 2286/2184/28 2285/2183/28
f 2575/2279/27 2576/2282/27 2390/2276/27
f 2575/2279/27 2390/2276/27 2389/2275/27
f 2513/2391/27 2390/2276/27 2576/2282/27
f 2513/2391/27 2576/2282/27 2577/2311/27
f 2514/2392/27 2513/2391/27 2577/2311/27
f 2514/2392/27 2577/2311/27 2578/2370/27
f 2469/2351/27 2514/2392/27 2578/2370/27
f 2469/2351/27 2578/2370/27 2579/2347/27
f 2470/2352/27 2469/2351/27 2579/2347/27
f 2470/2352/27 2579/2347/27 2580/2322/27
f 2291/2189/27 2470/2352/27 2580/2322/27
f 2291/2189/27 2580/2322/27 2581/2231/27
f 2292/2190/27 2291/2189/27 2581/2231/27
f 2292/2190/27 2581/2231/27 2582/2234/27
f 2583/2219/19 2584/2222/19 2294/2192/19
f 2583/2219/19 2294/2192/19 2293/2191/19
f 2392/2278/27 2391/2277/27 2388/2274/27
f 2392/2278/27 2388/2274/27 2387/2273/27
f 2288/2186/28 2287/2185/28 2358/2248/28
f 2288/2186/28 2358/2248/28 2357/2247/28
f 2366/2256/26 2362/2252/26 2361/2251/26
f 2366/2256/26 2361/2251/26 2367/2257/26
f 2408/2294/26 2405/2291/26 2362/2252/26
f 2408/2294/26 2362/2252/26 2366/2256/26
f 2510/2388/26 2484/2364/26 2405/2291/26
f 2510/2388/26 2405/2291/26 2408/2294/26
f 2483/2363/26 2459/2341/26 2484/2364/26
f 2483/2363/26 2484/2364/26 2510/2388/26
f 2458/2340/26 2432/2316/26 2459/2341/26
f 2458/2340/26 2459/2341/26 2483/2363/26
f 2360/2250/26 2283/2181/26 2432/2316/26
f 2360/2250/26 2432/2316/26 2458/2340/26
f 2284/2182/26 2283/2181/26 2360/2250/26
f 2284/2182/26 2360/2250/26 2359/2249/26
f 2296/2194/19 2295/2193/19 2354/2244/19
f 2296/2194/19 2354/2244/19 2353/2243/19
f 2355/2245/27 2290/2188/27 2289/2187/27
f 2355/2245/27 2289/2187/27 2356/2246/27
f 2473/2355/27 2467/2349/27 2290/2188/27
f 2473/2355/27 2290/2188/27 2355/2245/27
f 2472/2354/27 2468/2350/27 2467/2349/27
f 2472/2354/27 2467/2349/27 2473/2355/27
f 2516/2394/27 2511/2389/27 2468/2350/27
f 2516/2394/27 2468/2350/27 2472/2354/27
f 2515/2393/27 2512/2390/27 2511/2389/27
f 2515/2393/27 2511/2389/27 2516/2394/27
f 2388/2274/27 2391/2277/27 2512/2390/27
f 2388/2274/27 2512/2390/27 2515/2393/27
f 2585/2443/179 2586/2444/179 2587/2445/179
f 2585/2443/179 2587/2445/179 2588/2446/179
f 2589/2447/19 2590/2448/19 2591/2449/19
f 2589/2447/19 2591/2449/19 2592/2450/19
f 2593/2451/184 2594/2452/184 2595/2453/184
f 2593/2451/184 2595/2453/184 2596/2454/184
f 2597/2455/28 2598/2456/28 2599/2457/28
f 2597/2455/28 2599/2457/28 2600/2458/28
f 2601/2459/179 2602/2460/179 2603/2461/179
f 2601/2459/179 2603/2461/179 2604/2462/179
f 2605/2463/19 2606/2464/19 2607/2465/19
f 2605/2463/19 2607/2465/19 2608/2466/19
f 2609/2467/184 2610/2468/184 2611/2469/184
f 2609/2467/184 2611/2469/184 2612/2470/184
f 2613/2471/28 2614/2472/28 2615/2473/28
f 2613/2471/28 2615/2473/28 2616/2474/28
f 2617/2475/179 2618/2476/179 2619/2477/179
f 2617/2475/179 2619/2477/179 2620/2478/179
f 2621/2479/19 2622/2480/19 2623/2481/19
f 2621/2479/19 2623/2481/19 2624/2482/19
f 2625/2483/184 2626/2484/184 2627/2485/184
f 2625/2483/184 2627/2485/184 2628/2486/184
f 2629/2487/28 2630/2488/28 2631/2489/28
f 2629/2487/28 2631/2489/28 2632/2490/28
f 2633/2491/19 2634/2492/19 2635/2493/19
f 2633/2491/19 2635/2493/19 2636/2494/19
s 1
f 2637/2495/28 2638/2496/28 2639/2497/225
f 2637/2495/28 2639/2497/225 2640/2498/225
s 0
f 2641/2499/27 2642/2500/27 2643/2501/27
f 2641/2499/27 2643/2501/27 2644/2502/27
f 2645/2503/28 2646/2504/28 2647/2505/28
f 2645/2503/28 2647/2505/28 2648/2506/28
s 1
f 2649/2507/226 2650/2508/227 2651/2509/228
f 2649/2507/226 2651/2509/228 2652/2510/229
s 0
f 2653/2511/184 2654/2512/184 2655/2513/184
f 2653/2511/184 2655/2513/184 2656/2514/184
f 2657/2515/179 2658/2516/179 2659/2517/179
f 2657/2515/179 2659/2517/179 2660/2518/179
f 2638/2496/28 2637/2495/28 2661/2519/28
f 2638/2496/28 2661/2519/28 2662/2520/28
f 2663/2521/26 2664/2522/26 2665/2523/26
f 2663/2521/26 2665/2523/26 2666/2524/26
s 1
f 2662/2520/28 2661/2519/28 2667/2525/230
f 2662/2520/28 2667/2525/230 2668/2526/230
s 0
f 2669/2527/26 2670/2528/26 2671/2529/26
f 2669/2527/26 2671/2529/26 2672/2530/26
f 2673/2531/179 2674/2532/179 2675/2533/179
f 2673/2531/179 2675/2533/179 2676/2534/179
f 2677/2535/27 2678/2536/27 2679/2537/27
f 2677/2535/27 2679/2537/27 2680/2538/27
f 2681/2539/184 2682/2540/184 2683/2541/184
f 2681/2539/184 2683/2541/184 2684/2542/184
f 2635/2493/19 2634/2492/19 2685/2543/19
f 2635/2493/19 2685/2543/19 2686/2544/19
f 2687/2545/27 2642/2500/27 2641/2499/27
f 2687/2545/27 2641/2499/27 2688/2546/27
s 1
f 2640/2498/225 2639/2497/225 2650/2508/227
f 2640/2498/225 2650/2508/227 2649/2507/226
s 0
f 2671/2529/26 2670/2528/26 2689/2547/26
f 2671/2529/26 2689/2547/26 2690/2548/26
f 2647/2505/28 2646/2504/28 2691/2549/28
f 2647/2505/28 2691/2549/28 2692/2550/28
f 2693/2551/27 2678/2536/27 2677/2535/27
f 2693/2551/27 2677/2535/27 2694/2552/27
s 1
f 2668/2526/230 2667/2525/230 2652/2510/229
f 2668/2526/230 2652/2510/229 2651/2509/228
s 0
f 2665/2523/26 2664/2522/26 2695/2553/26
f 2665/2523/26 2695/2553/26 2696/2554/26
f 2697/2555/19 2698/2556/19 2699/2557/19
f 2697/2555/19 2699/2557/19 2700/2558/19
s 1
f 2701/2559/225 2702/2560/225 2703/2561/227
f 2701/2559/225 2703/2561/227 2704/2562/226
s 0
f 2705/2563/27 2706/2564/27 2707/2565/27
f 2705/2563/27 2707/2565/27 2708/2566/27
f 2709/2567/28 2710/2568/28 2711/2569/28
f 2709/2567/28 2711/2569/28 2712/2570/28
s 1
f 2704/2562/226 2703/2561/227 2713/2571/228
f 2704/2562/226 2713/2571/228 2714/2572/229
s 0
f 2715/2573/184 2716/2574/184 2717/2575/184
f 2715/2573/184 2717/2575/184 2718/2576/184
f 2719/2577/179 2720/2578/179 2721/2579/179
f 2719/2577/179 2721/2579/179 2722/2580/179
f 2723/2581/28 2724/2582/28 2725/2583/28
f 2723/2581/28 2725/2583/28 2726/2584/28
f 2727/2585/26 2728/2586/26 2729/2587/26
f 2727/2585/26 2729/2587/26 2730/2588/26
s 1
f 2731/2589/230 2732/2590/230 2714/2572/229
f 2731/2589/230 2714/2572/229 2713/2571/228
s 0
f 2733/2591/26 2734/2592/26 2735/2593/26
f 2733/2591/26 2735/2593/26 2736/2594/26
f 2737/2595/179 2738/2596/179 2739/2597/179
f 2737/2595/179 2739/2597/179 2740/2598/179
f 2741/2599/27 2742/2600/27 2743/2601/27
f 2741/2599/27 2743/2601/27 2744/2602/27
f 2745/2603/184 2746/2604/184 2747/2605/184
f 2745/2603/184 2747/2605/184 2748/2606/184
f 2749/2607/19 2698/2556/19 2697/2555/19
f 2749/2607/19 2697/2555/19 2750/2608/19
f 2751/2609/26 2728/2586/26 2727/2585/26
f 2751/2609/26 2727/2585/26 2752/2610/26
s 1
f 2726/2584/28 2725/2583/28 2732/2590/230
f 2726/2584/28 2732/2590/230 2731/2589/230
s 0
f 2743/2601/27 2742/2600/27 2753/2611/27
f 2743/2601/27 2753/2611/27 2754/2612/27
f 2755/2613/28 2710/2568/28 2709/2567/28
f 2755/2613/28 2709/2567/28 2756/2614/28
f 2757/2615/26 2734/2592/26 2733/2591/26
f 2757/2615/26 2733/2591/26 2758/2616/26
s 1
f 2724/2582/28 2723/2581/28 2702/2560/225
f 2724/2582/28 2702/2560/225 2701/2559/225
s 0
f 2707/2565/27 2706/2564/27 2759/2617/27
f 2707/2565/27 2759/2617/27 2760/2618/27
f 2761/2619/27 2762/2620/27 2763/2621/27
f 2761/2619/27 2763/2621/27 2764/2622/27
f 2765/2623/231 2766/2624/231 2767/2625/231
f 2765/2623/231 2767/2625/231 2768/2626/231
f 2769/2627/232 2770/2628/232 2771/2629/232
f 2769/2627/232 2771/2629/232 2772/2630/232
f 2773/2631/233 2774/2632/233 2775/2633/233
f 2773/2631/233 2775/2633/233 2776/2634/233
f 2777/2635/184 2778/2636/184 2779/2637/184
f 2777/2635/184 2779/2637/184 2780/2638/184
f 2781/2639/179 2782/2640/179 2783/2641/179
f 2781/2639/179 2783/2641/179 2784/2642/179
f 2785/2643/26 2786/2644/26 2787/2645/26
f 2785/2643/26 2787/2645/26 2788/2646/26
f 2789/2647/231 2790/2648/231 2791/2649/231
f 2789/2647/231 2791/2649/231 2792/2650/231
f 2793/2651/234 2794/2652/234 2795/2653/234
f 2793/2651/234 2795/2653/234 2796/2654/234
f 2797/2655/233 2798/2656/233 2799/2657/233
f 2797/2655/233 2799/2657/233 2800/2658/233
f 2801/2659/184 2802/2660/184 2803/2661/184
f 2801/2659/184 2803/2661/184 2804/2662/184
f 2805/2663/179 2806/2664/179 2807/2665/179
f 2805/2663/179 2807/2665/179 2808/2666/179
s 1
f 2809/2667/235 2810/2668/235 2811/2669/236
f 2809/2667/235 2811/2669/236 2812/2670/237
s 0
f 2813/2671/28 2814/2672/28 2815/2673/28
f 2813/2671/28 2815/2673/28 2816/2674/28
s 1
f 2817/2675/238 2818/2676/239 2819/2677/240
f 2817/2675/238 2819/2677/240 2820/2678/241
s 0
f 2821/2679/19 2822/2680/19 2823/2681/19
f 2821/2679/19 2823/2681/19 2824/2682/19
f 2825/2683/184 2826/2684/184 2827/2685/184
f 2825/2683/184 2827/2685/184 2828/2686/184
s 1
f 2829/2687/242 2830/2688/243 2831/2689/244
f 2829/2687/242 2831/2689/244 2832/2690/242
s 0
f 2833/2691/28 2834/2692/28 2835/2693/28
f 2833/2691/28 2835/2693/28 2836/2694/28
f 2837/2695/184 2838/2696/184 2839/2697/184
f 2837/2695/184 2839/2697/184 2840/2698/184
f 2841/2699/19 2842/2700/19 2843/2701/19
f 2841/2699/19 2843/2701/19 2844/2702/19
s 1
f 2845/2703/245 2846/2704/246 2847/2705/246
f 2845/2703/245 2847/2705/246 2848/2706/247
s 0
f 2849/2707/28 2850/2708/28 2814/2672/28
f 2849/2707/28 2814/2672/28 2813/2671/28
f 2851/2709/184 2825/2683/184 2828/2686/184
f 2851/2709/184 2828/2686/184 2852/2710/184
f 2824/2682/19 2823/2681/19 2853/2711/19
f 2824/2682/19 2853/2711/19 2854/2712/19
s 1
f 2830/2688/243 2855/2713/248 2856/2714/249
f 2830/2688/243 2856/2714/249 2831/2689/244
s 0
f 2836/2694/28 2835/2693/28 2857/2715/28
f 2836/2694/28 2857/2715/28 2858/2716/28
f 2859/2717/184 2837/2695/184 2840/2698/184
f 2859/2717/184 2840/2698/184 2860/2718/184
f 2861/2719/19 2862/2720/19 2842/2700/19
f 2861/2719/19 2842/2700/19 2841/2699/19
s 1
f 2863/2721/250 2845/2703/245 2848/2706/247
f 2863/2721/250 2848/2706/247 2864/2722/251
s 0
f 2858/2716/28 2857/2715/28 2850/2708/28
f 2858/2716/28 2850/2708/28 2849/2707/28
f 2852/2710/184 2859/2717/184 2860/2718/184
f 2852/2710/184 2860/2718/184 2851/2709/184
f 2854/2712/19 2853/2711/19 2862/2720/19
f 2854/2712/19 2862/2720/19 2861/2719/19
s 1
f 2855/2713/248 2863/2721/250 2864/2722/251
f 2855/2713/248 2864/2722/251 2856/2714/249
f 2865/2723/252 2866/2724/253 2867/2725/254
f 2865/2723/252 2867/2725/254 2868/2726/255
f 2869/2727/256 2865/2723/252 2868/2726/255
f 2869/2727/256 2868/2726/255 2870/2728/257
f 2871/2729/256 2869/2727/256 2870/2728/257
f 2871/2729/256 2870/2728/257 2872/2730/257
f 2873/2731/258 2874/2732/259 2871/2729/256
f 2873/2731/258 2871/2729/256 2872/2730/257
f 2875/2733/260 2876/2734/261 2874/2732/259
f 2875/2733/260 2874/2732/259 2873/2731/258
f 2877/2735/262 2878/2736/263 2879/2737/264
f 2877/2735/262 2879/2737/264 2880/2738/264
f 2881/2739/265 2882/2740/266 2883/2741/242
f 2881/2739/265 2883/2741/242 2884/2742/242
f 2885/2743/248 2886/2744/249 2882/2740/266
f 2885/2743/248 2882/2740/266 2881/2739/265
f 2887/2745/250 2888/2746/251 2886/2744/249
f 2887/2745/250 2886/2744/249 2885/2743/248
f 2889/2747/267 2890/2748/268 2888/2746/251
f 2889/2747/267 2888/2746/251 2887/2745/250
f 2891/2749/269 2892/2750/270 2890/2748/268
f 2891/2749/269 2890/2748/268 2889/2747/267
f 2893/2751/271 2894/2752/272 2895/2753/273
f 2893/2751/271 2895/2753/273 2896/2754/273
f 2840/2698/184 2839/2697/184 2866/2724/253
f 2840/2698/184 2866/2724/253 2865/2723/252
f 2860/2718/184 2840/2698/184 2865/2723/252
f 2860/2718/184 2865/2723/252 2869/2727/256
f 2851/2709/184 2860/2718/184 2869/2727/256
f 2851/2709/184 2869/2727/256 2871/2729/256
f 2871/2729/256 2874/2732/259 2825/2683/184
f 2871/2729/256 2825/2683/184 2851/2709/184
f 2874/2732/259 2876/2734/261 2826/2684/184
f 2874/2732/259 2826/2684/184 2825/2683/184
f 2820/2678/241 2819/2677/240 2878/2736/263
f 2820/2678/241 2878/2736/263 2877/2735/262
f 2883/2741/242 2882/2740/266 2830/2688/243
f 2883/2741/242 2830/2688/243 2829/2687/242
f 2897/2755/274 2898/2756/248 2899/2757/249
f 2897/2755/274 2899/2757/249 2900/2758/274
f 2898/2756/248 2901/2759/250 2902/2760/251
f 2898/2756/248 2902/2760/251 2899/2757/249
f 2901/2759/250 2903/2761/275 2904/2762/275
f 2901/2759/250 2904/2762/275 2902/2760/251
f 2890/2748/268 2892/2750/270 2846/2704/246
f 2890/2748/268 2846/2704/246 2845/2703/245
f 2812/2670/237 2811/2669/236 2894/2752/272
f 2812/2670/237 2894/2752/272 2893/2751/271
s 0
f 2905/2763/28 2906/2764/28 2907/2765/28
f 2905/2763/28 2907/2765/28 2908/2766/28
f 2909/2767/19 2910/2768/19 2911/2769/19
f 2909/2767/19 2911/2769/19 2912/2770/19
f 2913/2771/27 2914/2772/27 2915/2773/27
f 2913/2771/27 2915/2773/27 2916/2774/27
f 2906/2764/28 2917/2775/28 2918/2776/28
f 2906/2764/28 2918/2776/28 2907/2765/28
f 2919/2777/19 2909/2767/19 2912/2770/19
f 2919/2777/19 2912/2770/19 2920/2778/19
f 2917/2775/28 2921/2779/28 2922/2780/28
f 2917/2775/28 2922/2780/28 2918/2776/28
f 2923/2781/26 2924/2782/26 2925/2783/26
f 2923/2781/26 2925/2783/26 2926/2784/26
f 2927/2785/19 2919/2777/19 2920/2778/19
f 2927/2785/19 2920/2778/19 2928/2786/19
f 2929/2787/276 2930/2788/276 2931/2789/276
f 2929/2787/276 2931/2789/276 2932/2790/276
f 2933/2791/277 2934/2792/277 2935/2793/277
f 2933/2791/277 2935/2793/277 2936/2794/277
f 2937/2795/278 2938/2796/278 2939/2797/278
f 2937/2795/278 2939/2797/278 2940/2798/278
f 2941/2799/279 2942/2800/279 2943/2801/279
f 2941/2799/279 2943/2801/279 2944/2802/279
f 2945/2803/280 2946/2804/280 2947/2805/280
f 2945/2803/280 2947/2805/280 2948/2806/280
f 2949/2807/281 2950/2808/281 2951/2809/281
f 2949/2807/281 2951/2809/281 2952/2810/281
f 2953/2811/282 2954/2812/282 2955/2813/282
f 2953/2811/282 2955/2813/282 2956/2814/282
f 2957/2815/280 2958/2816/280 2946/2804/280
f 2957/2815/280 2946/2804/280 2945/2803/280
f 2959/2817/283 2960/2818/283 2961/2819/283
f 2959/2817/283 2961/2819/283 2962/2820/283
f 2963/2821/281 2964/2822/281 2950/2808/281
f 2963/2821/281 2950/2808/281 2949/2807/281
f 2965/2802/279 2966/2801/279 2967/2823/279
f 2965/2802/279 2967/2823/279 2968/2824/279
f 2969/2815/280 2970/2803/280 2971/2825/280
f 2969/2815/280 2971/2825/280 2972/2826/280
f 2973/2827/277 2974/2828/277 2975/2829/277
f 2973/2827/277 2975/2829/277 2976/2830/277
f 2977/2808/281 2978/2822/281 2979/2831/281
f 2977/2808/281 2979/2831/281 2980/2832/281
f 2981/2833/277 2982/2834/277 2983/2835/277
f 2981/2833/277 2983/2835/277 2984/2836/277
f 2985/2804/280 2986/2816/280 2987/2837/280
f 2985/2804/280 2987/2837/280 2988/2838/280
f 2989/2800/279 2990/2799/279 2991/2839/279
f 2989/2800/279 2991/2839/279 2992/2840/279
f 2993/2821/281 2994/2807/281 2995/2841/281
f 2993/2821/281 2995/2841/281 2996/2842/281
f 2997/2843/284 2998/2844/284 2999/2845/284
f 2997/2843/284 2999/2845/284 3000/2846/284
f 3001/2847/28 3002/2848/28 3003/2849/28
f 3001/2847/28 3003/2849/28 3004/2850/28
f 3005/2851/285 3006/2852/285 3007/2853/285
f 3005/2851/285 3007/2853/285 3008/2854/285
f 3009/2855/19 3010/2856/19 3011/2857/19
f 3009/2855/19 3011/2857/19 3012/2858/19
f 3013/2857/286 3014/2856/286 3015/2859/286
f 3013/2857/286 3015/2859/286 3016/2860/286
f 3017/2861/287 3018/2862/287 3019/2863/287
f 3017/2861/287 3019/2863/287 3020/2864/287
f 3021/2855/288 3022/2858/288 3023/2865/288
f 3021/2855/288 3023/2865/288 3024/2866/288
s 1
f 3025/2843/289 3026/2846/289 3027/2867/289
f 3025/2843/289 3027/2867/289 3028/2868/290
s 0
f 3029/2847/291 3030/2850/291 3031/2869/291
f 3029/2847/291 3031/2869/291 3032/2870/291
s 1
f 3033/2851/292 3034/2854/293 3035/2871/292
f 3033/2851/292 3035/2871/292 3036/2872/292
s 0
f 3037/2873/27 3038/2874/27 3039/2875/27
f 3037/2873/27 3039/2875/27 3040/2876/27
f 3041/2877/28 3042/2878/28 3043/2879/28
f 3041/2877/28 3043/2879/28 3044/2880/28
f 3045/2881/26 3046/2882/26 3047/2883/26
f 3045/2881/26 3047/2883/26 3048/2884/26
f 3049/2885/294 3050/2886/294 3051/2887/294
f 3049/2885/294 3051/2887/294 3052/2888/294
f 3053/2889/184 3054/2890/184 3055/2891/184
f 3053/2889/184 3055/2891/184 3056/2892/184
s 1
f 3057/2893/295 3058/2894/179 3059/2895/179
f 3057/2893/295 3059/2895/179 3060/2896/296
s 0
f 3061/2897/27 3062/2898/27 3063/2899/27
f 3061/2897/27 3063/2899/27 3064/2900/27
f 3065/2901/297 3066/2902/297 3067/2903/297
f 3065/2901/297 3067/2903/297 3068/2904/297
f 3069/2905/26 3070/2906/26 3071/2907/26
f 3069/2905/26 3071/2907/26 3072/2908/26
f 3073/2909/298 3074/2910/298 3075/2911/298
f 3073/2909/298 3075/2911/298 3076/2912/298
f 3077/2913/27 3078/2914/27 3038/2874/27
f 3077/2913/27 3038/2874/27 3037/2873/27
f 3054/2890/184 3079/2915/184 3080/2916/184
f 3054/2890/184 3080/2916/184 3055/2891/184
f 3048/2884/26 3047/2883/26 3081/2917/26
f 3048/2884/26 3081/2917/26 3082/2918/26
f 3083/2919/179 3084/2920/179 3085/2921/179
f 3083/2919/179 3085/2921/179 3086/2922/179
f 3076/2912/298 3075/2911/298 3087/2923/298
f 3076/2912/298 3087/2923/298 3088/2924/298
f 3089/2925/28 3090/2926/28 3042/2878/28
f 3089/2925/28 3042/2878/28 3041/2877/28
f 3091/2927/297 3066/2902/297 3065/2901/297
f 3091/2927/297 3065/2901/297 3092/2928/297
f 3093/2929/184 3054/2890/184 3053/2889/184
f 3093/2929/184 3053/2889/184 3094/2930/184
f 3095/2931/184 3079/2915/184 3054/2890/184
f 3095/2931/184 3054/2890/184 3093/2929/184
f 3052/2888/294 3051/2887/294 3096/2932/294
f 3052/2888/294 3096/2932/294 3097/2933/294
f 3086/2922/179 3085/2921/179 3098/2934/179
f 3086/2922/179 3098/2934/179 3099/2935/179
f 3100/2936/179 3086/2922/179 3099/2935/179
f 3100/2936/179 3099/2935/179 3101/2937/179
f 3102/2938/294 3103/2939/294 3050/2886/294
f 3102/2938/294 3050/2886/294 3049/2885/294
f 3055/2891/184 3080/2916/184 3104/2940/184
f 3055/2891/184 3104/2940/184 3105/2941/184
f 3056/2892/184 3055/2891/184 3105/2941/184
f 3056/2892/184 3105/2941/184 3106/2942/184
f 3068/2904/297 3067/2903/297 3107/2943/297
f 3068/2904/297 3107/2943/297 3108/2944/297
f 3044/2880/28 3043/2879/28 3109/2945/28
f 3044/2880/28 3109/2945/28 3110/2946/28
f 3111/2947/298 3074/2910/298 3073/2909/298
f 3111/2947/298 3073/2909/298 3112/2948/298
f 3113/2949/179 3083/2919/179 3114/2950/179
f 3113/2949/179 3114/2950/179 3115/2951/179
f 3116/2952/179 3084/2920/179 3083/2919/179
f 3116/2952/179 3083/2919/179 3113/2949/179
f 3040/2876/27 3039/2875/27 3062/2898/27
f 3040/2876/27 3062/2898/27 3061/2897/27
f 3117/2930/297 3118/2889/297 3066/2902/297
f 3117/2930/297 3066/2902/297 3091/2927/297
f 3067/2903/297 3066/2902/297 3118/2889/297
f 3067/2903/297 3118/2889/297 3119/2892/297
f 3107/2943/297 3067/2903/297 3119/2892/297
f 3107/2943/297 3119/2892/297 3120/2942/297
f 3046/2882/26 3045/2881/26 3070/2906/26
f 3046/2882/26 3070/2906/26 3069/2905/26
f 3121/2951/298 3122/2950/298 3074/2910/298
f 3121/2951/298 3074/2910/298 3111/2947/298
s 1
f 3123/2953/298 3124/2954/298 3057/2893/295
f 3123/2953/298 3057/2893/295 3060/2896/296
s 0
f 3087/2923/298 3075/2911/298 3125/2936/298
f 3087/2923/298 3125/2936/298 3126/2937/298
f 3127/2955/19 3128/2956/19 3129/2957/19
f 3127/2955/19 3129/2957/19 3130/2958/19
f 3041/2877/28 3044/2880/28 3131/2959/28
f 3041/2877/28 3131/2959/28 3132/2960/28
f 3133/2885/294 3134/2888/294 3135/2961/294
f 3133/2885/294 3135/2961/294 3136/2962/294
f 3137/2963/299 3138/2964/299 3139/2965/299
f 3137/2963/299 3139/2965/299 3140/2966/299
f 3061/2897/27 3064/2900/27 3141/2967/27
f 3061/2897/27 3141/2967/27 3142/2968/27
f 3089/2925/28 3041/2877/28 3132/2960/28
f 3089/2925/28 3132/2960/28 3143/2969/28
f 3144/2888/294 3145/2933/294 3146/2970/294
f 3144/2888/294 3146/2970/294 3147/2961/294
f 3077/2913/27 3037/2873/27 3148/2971/27
f 3077/2913/27 3148/2971/27 3149/2972/27
f 3150/2973/26 3151/2974/26 3152/2975/26
f 3150/2973/26 3152/2975/26 3153/2976/26
f 3037/2873/27 3040/2876/27 3154/2977/27
f 3037/2873/27 3154/2977/27 3148/2971/27
f 3044/2880/28 3110/2946/28 3155/2978/28
f 3044/2880/28 3155/2978/28 3131/2959/28
f 3071/2907/26 3070/2906/26 3156/2979/26
f 3071/2907/26 3156/2979/26 3157/2980/26
f 3158/2981/27 3159/2982/27 3160/2983/27
f 3158/2981/27 3160/2983/27 3161/2984/27
f 3045/2881/26 3048/2884/26 3162/2985/26
f 3045/2881/26 3162/2985/26 3163/2986/26
f 3164/2938/294 3165/2885/294 3166/2962/294
f 3164/2938/294 3166/2962/294 3167/2987/294
f 3048/2884/26 3082/2918/26 3168/2988/26
f 3048/2884/26 3168/2988/26 3162/2985/26
f 3169/2982/27 3170/2989/27 3171/2990/27
f 3169/2982/27 3171/2990/27 3172/2983/27
f 3070/2906/26 3045/2881/26 3163/2986/26
f 3070/2906/26 3163/2986/26 3156/2979/26
f 3173/2991/26 3150/2973/26 3153/2976/26
f 3173/2991/26 3153/2976/26 3174/2992/26
f 3040/2876/27 3061/2897/27 3142/2968/27
f 3040/2876/27 3142/2968/27 3154/2977/27
f 3175/2993/26 3176/2994/26 3177/2995/26
f 3175/2993/26 3177/2995/26 3178/2996/26
f 3179/2997/28 3180/2998/28 3181/2999/28
f 3179/2997/28 3181/2999/28 3182/3000/28
f 3183/3001/27 3184/3002/27 3185/3003/27
f 3183/3001/27 3185/3003/27 3186/3004/27
f 3187/3005/300 3188/3006/300 3189/3007/300
f 3187/3005/300 3189/3007/300 3190/3008/300
f 3191/3009/184 3192/3010/184 3193/3011/184
f 3191/3009/184 3193/3011/184 3194/3012/184
s 1
f 3195/3013/295 3196/3014/295 3197/3015/179
f 3195/3013/295 3197/3015/179 3198/3016/179
s 0
f 3199/3017/26 3200/3018/26 3201/3019/26
f 3199/3017/26 3201/3019/26 3202/3020/26
f 3203/3021/297 3204/3022/297 3205/3023/297
f 3203/3021/297 3205/3023/297 3206/3024/297
f 3207/3025/27 3208/3026/27 3209/3027/27
f 3207/3025/27 3209/3027/27 3210/3028/27
f 3211/3029/298 3212/3030/298 3213/3031/298
f 3211/3029/298 3213/3031/298 3214/3032/298
f 3215/3033/26 3175/2993/26 3178/2996/26
f 3215/3033/26 3178/2996/26 3216/3034/26
f 3194/3012/184 3193/3011/184 3217/3035/184
f 3194/3012/184 3217/3035/184 3218/3036/184
f 3184/3002/27 3219/3037/27 3220/3038/27
f 3184/3002/27 3220/3038/27 3185/3003/27
f 3221/3039/179 3222/3040/179 3223/3041/179
f 3221/3039/179 3223/3041/179 3224/3042/179
f 3212/3030/298 3225/3043/298 3226/3044/298
f 3212/3030/298 3226/3044/298 3213/3031/298
f 3227/3045/28 3179/2997/28 3182/3000/28
f 3227/3045/28 3182/3000/28 3228/3046/28
f 3229/3047/297 3230/3048/297 3203/3021/297
f 3229/3047/297 3203/3021/297 3206/3024/297
f 3231/3049/184 3232/3050/184 3191/3009/184
f 3231/3049/184 3191/3009/184 3194/3012/184
f 3233/3051/184 3231/3049/184 3194/3012/184
f 3233/3051/184 3194/3012/184 3218/3036/184
f 3188/3006/300 3234/3052/300 3235/3053/300
f 3188/3006/300 3235/3053/300 3189/3007/300
f 3222/3040/179 3236/3054/179 3237/3055/179
f 3222/3040/179 3237/3055/179 3223/3041/179
f 3238/3056/179 3239/3057/179 3236/3054/179
f 3238/3056/179 3236/3054/179 3222/3040/179
f 3240/3058/300 3187/3005/300 3190/3008/300
f 3240/3058/300 3190/3008/300 3241/3059/300
f 3193/3011/184 3242/3060/184 3243/3061/184
f 3193/3011/184 3243/3061/184 3217/3035/184
f 3192/3010/184 3244/3062/184 3242/3060/184
f 3192/3010/184 3242/3060/184 3193/3011/184
f 3204/3022/297 3245/3063/297 3246/3064/297
f 3204/3022/297 3246/3064/297 3205/3023/297
f 3180/2998/28 3247/3065/28 3248/3066/28
f 3180/2998/28 3248/3066/28 3181/2999/28
s 1
f 3249/3067/298 3250/3068/298 3211/3029/298
f 3249/3067/298 3211/3029/298 3214/3032/298
s 0
f 3251/3069/179 3252/3070/179 3253/3071/179
f 3251/3069/179 3253/3071/179 3221/3039/179
f 3254/3072/179 3251/3069/179 3221/3039/179
f 3254/3072/179 3221/3039/179 3224/3042/179
f 3176/2994/26 3199/3017/26 3202/3020/26
f 3176/2994/26 3202/3020/26 3177/2995/26
f 3255/3050/297 3229/3047/297 3206/3024/297
f 3255/3050/297 3206/3024/297 3256/3009/297
f 3205/3023/297 3257/3010/297 3256/3009/297
f 3205/3023/297 3256/3009/297 3206/3024/297
f 3246/3064/297 3258/3062/297 3257/3010/297
f 3246/3064/297 3257/3010/297 3205/3023/297
f 3186/3004/27 3207/3025/27 3210/3028/27
f 3186/3004/27 3210/3028/27 3183/3001/27
f 3259/3070/298 3249/3067/298 3214/3032/298
f 3259/3070/298 3214/3032/298 3260/3071/298
s 1
f 3261/3073/298 3196/3014/295 3195/3013/295
f 3261/3073/298 3195/3013/295 3262/3074/298
s 0
f 3226/3044/298 3263/3057/298 3264/3056/298
f 3226/3044/298 3264/3056/298 3213/3031/298
f 3265/3075/19 3266/3076/19 3267/3077/19
f 3265/3075/19 3267/3077/19 3268/3078/19
f 3179/2997/28 3269/3079/28 3270/3080/28
f 3179/2997/28 3270/3080/28 3180/2998/28
f 3271/3005/300 3272/3081/300 3273/3082/300
f 3271/3005/300 3273/3082/300 3274/3006/300
f 3275/3083/301 3276/3084/301 3277/3085/301
f 3275/3083/301 3277/3085/301 3278/3086/301
f 3199/3017/26 3279/3087/26 3280/3088/26
f 3199/3017/26 3280/3088/26 3200/3018/26
f 3227/3045/28 3281/3089/28 3269/3079/28
f 3227/3045/28 3269/3079/28 3179/2997/28
f 3282/3006/300 3283/3082/300 3284/3090/300
f 3282/3006/300 3284/3090/300 3285/3052/300
f 3215/3033/26 3286/3091/26 3287/3092/26
f 3215/3033/26 3287/3092/26 3175/2993/26
f 3288/3093/27 3289/3094/27 3290/3095/27
f 3288/3093/27 3290/3095/27 3291/3096/27
f 3175/2993/26 3287/3092/26 3292/3097/26
f 3175/2993/26 3292/3097/26 3176/2994/26
f 3180/2998/28 3270/3080/28 3293/3098/28
f 3180/2998/28 3293/3098/28 3247/3065/28
f 3209/3027/27 3294/3099/27 3295/3100/27
f 3209/3027/27 3295/3100/27 3210/3028/27
f 3296/3101/26 3297/3102/26 3298/3103/26
f 3296/3101/26 3298/3103/26 3299/3104/26
f 3183/3001/27 3300/3105/27 3301/3106/27
f 3183/3001/27 3301/3106/27 3184/3002/27
f 3302/3058/300 3303/3107/300 3304/3081/300
f 3302/3058/300 3304/3081/300 3305/3005/300
f 3184/3002/27 3301/3106/27 3306/3108/27
f 3184/3002/27 3306/3108/27 3219/3037/27
f 3307/3104/26 3308/3103/26 3309/3109/26
f 3307/3104/26 3309/3109/26 3310/3110/26
f 3210/3028/27 3295/3100/27 3300/3105/27
f 3210/3028/27 3300/3105/27 3183/3001/27
f 3311/3111/27 3312/3112/27 3289/3094/27
f 3311/3111/27 3289/3094/27 3288/3093/27
f 3176/2994/26 3292/3097/26 3279/3087/26
f 3176/2994/26 3279/3087/26 3199/3017/26
s 1
f 3313/3113/302 3314/3114/303 3315/3115/303
f 3313/3113/302 3315/3115/303 3316/3116/302
f 3314/3114/303 3317/3117/304 3318/3118/305
f 3314/3114/303 3318/3118/305 3315/3115/303
f 3319/3119/306 3320/3120/307 3321/3121/307
f 3319/3119/306 3321/3121/307 3322/3122/306
f 3320/3120/307 3323/3123/28 3324/3124/28
f 3320/3120/307 3324/3124/28 3321/3121/307
f 3323/3123/28 3325/3125/308 3326/3126/308
f 3323/3123/28 3326/3126/308 3324/3124/28
f 3325/3125/308 3327/3127/309 3328/3128/310
f 3325/3125/308 3328/3128/310 3326/3126/308
f 3329/3129/309 3330/3130/311 3331/3131/311
f 3329/3129/309 3331/3131/311 3332/3132/309
f 3330/3130/311 3333/3133/312 3334/3134/312
f 3330/3130/311 3334/3134/312 3331/3131/311
f 3333/3133/312 3335/3135/179 3336/3136/179
f 3333/3133/312 3336/3136/179 3334/3134/312
f 3335/3135/179 3337/3137/313 3338/3138/313
f 3335/3135/179 3338/3138/313 3336/3136/179
f 3337/3137/313 3339/3139/314 3340/3140/314
f 3337/3137/313 3340/3140/314 3338/3138/313
f 3339/3139/314 3341/3141/315 3342/3142/315
f 3339/3139/314 3342/3142/315 3340/3140/314
f 3343/3143/315 3344/3144/316 3345/3145/316
f 3343/3143/315 3345/3145/316 3346/3146/315
f 3344/3144/316 3347/3147/19 3348/3148/19
f 3344/3144/316 3348/3148/19 3345/3145/316
f 3347/3147/19 3349/3149/317 3350/3150/317
f 3347/3147/19 3350/3150/317 3348/3148/19
f 3349/3149/317 3351/3151/318 3352/3152/318
f 3349/3149/317 3352/3152/318 3350/3150/317
f 3353/3153/318 3354/3154/319 3355/3155/319
f 3353/3153/318 3355/3155/319 3356/3156/318
f 3354/3154/319 3357/3157/320 3358/3158/320
f 3354/3154/319 3358/3158/320 3355/3155/319
f 3357/3157/320 3359/3159/184 3360/3160/184
f 3357/3157/320 3360/3160/184 3358/3158/320
f 3359/3159/184 3313/3113/302 3316/3116/302
f 3359/3159/184 3316/3116/302 3360/3160/184
f 3361/3161/302 3362/3162/303 3363/3163/303
f 3361/3161/302 3363/3163/303 3364/3164/302
f 3362/3162/303 3365/3165/304 3366/3166/305
f 3362/3162/303 3366/3166/305 3363/3163/303
f 3367/3167/306 3368/3168/307 3369/3169/307
f 3367/3167/306 3369/3169/307 3370/3170/306
f 3368/3168/307 3371/3171/28 3372/3172/28
f 3368/3168/307 3372/3172/28 3369/3169/307
f 3371/3171/28 3373/3173/308 3374/3174/308
f 3371/3171/28 3374/3174/308 3372/3172/28
f 3373/3173/308 3375/3175/309 3376/3176/321
f 3373/3173/308 3376/3176/321 3374/3174/308
f 3377/3177/309 3378/3178/311 3379/3179/311
f 3377/3177/309 3379/3179/311 3380/3180/309
f 3378/3178/311 3381/3181/312 3382/3182/312
f 3378/3178/311 3382/3182/312 3379/3179/311
f 3381/3181/312 3383/3183/179 3384/3184/179
f 3381/3181/312 3384/3184/179 3382/3182/312
f 3383/3183/179 3385/3185/313 3386/3186/313
f 3383/3183/179 3386/3186/313 3384/3184/179
f 3385/3185/313 3387/3187/314 3388/3188/314
f 3385/3185/313 3388/3188/314 3386/3186/313
f 3387/3187/314 3389/3189/315 3390/3190/322
f 3387/3187/314 3390/3190/322 3388/3188/314
f 3391/3191/315 3392/3192/316 3393/3193/316
f 3391/3191/315 3393/3193/316 3394/3194/315
f 3392/3192/316 3395/3195/19 3396/3196/19
f 3392/3192/316 3396/3196/19 3393/3193/316
f 3395/3195/19 3397/3197/317 3398/3198/317
f 3395/3195/19 3398/3198/317 3396/3196/19
f 3397/3197/317 3399/3199/318 3400/3200/318
f 3397/3197/317 3400/3200/318 3398/3198/317
f 3401/3201/318 3402/3202/319 3403/3203/319
f 3401/3201/318 3403/3203/319 3404/3204/318
f 3402/3202/319 3405/3205/320 3406/3206/320
f 3402/3202/319 3406/3206/320 3403/3203/319
f 3405/3205/320 3407/3207/184 3408/3208/184
f 3405/3205/320 3408/3208/184 3406/3206/320
f 3407/3207/184 3361/3161/302 3364/3164/302
f 3407/3207/184 3364/3164/302 3408/3208/184
f 3409/3209/302 3410/3210/303 3411/3211/303
f 3409/3209/302 3411/3211/303 3412/3212/302
f 3410/3210/303 3413/3213/304 3414/3214/304
f 3410/3210/303 3414/3214/304 3411/3211/303
f 3415/3215/306 3416/3216/307 3417/3217/307
f 3415/3215/306 3417/3217/307 3418/3218/306
f 3416/3216/307 3419/3219/28 3420/3220/28
f 3416/3216/307 3420/3220/28 3417/3217/307
f 3419/3219/28 3421/3221/308 3422/3222/308
f 3419/3219/28 3422/3222/308 3420/3220/28
f 3421/3221/308 3423/3223/309 3424/3224/321
f 3421/3221/308 3424/3224/321 3422/3222/308
f 3425/3225/309 3426/3226/311 3427/3227/311
f 3425/3225/309 3427/3227/311 3428/3228/309
f 3426/3226/311 3429/3229/312 3430/3230/312
f 3426/3226/311 3430/3230/312 3427/3227/311
f 3429/3229/312 3431/3231/179 3432/3232/179
f 3429/3229/312 3432/3232/179 3430/3230/312
f 3431/3231/179 3433/3233/313 3434/3234/313
f 3431/3231/179 3434/3234/313 3432/3232/179
f 3433/3233/313 3435/3235/314 3436/3236/314
f 3433/3233/313 3436/3236/314 3434/3234/313
f 3435/3235/314 3437/3237/315 3438/3238/315
f 3435/3235/314 3438/3238/315 3436/3236/314
f 3439/3239/315 3440/3240/316 3441/3241/316
f 3439/3239/315 3441/3241/316 3442/3242/315
f 3440/3240/316 3443/3243/19 3444/3244/19
f 3440/3240/316 3444/3244/19 3441/3241/316
f 3443/3243/19 3445/3245/317 3446/3246/317
f 3443/3243/19 3446/3246/317 3444/3244/19
f 3445/3245/317 3447/3247/318 3448/3248/318
f 3445/3245/317 3448/3248/318 3446/3246/317
f 3449/3249/318 3450/3250/319 3451/3251/319
f 3449/3249/318 3451/3251/319 3452/3252/318
f 3450/3250/319 3453/3253/320 3454/3254/320
f 3450/3250/319 3454/3254/320 3451/3251/319
f 3453/3253/320 3455/3255/184 3456/3256/184
f 3453/3253/320 3456/3256/184 3454/3254/320
f 3455/3255/184 3409/3209/302 3412/3212/302
f 3455/3255/184 3412/3212/302 3456/3256/184
f 3457/3257/302 3458/3258/303 3459/3259/303
f 3457/3257/302 3459/3259/303 3460/3260/302
f 3458/3258/303 3461/3261/304 3462/3262/305
f 3458/3258/303 3462/3262/305 3459/3259/303
f 3463/3263/306 3464/3264/307 3465/3265/307
f 3463/3263/306 3465/3265/307 3466/3266/306
f 3464/3264/307 3467/3267/28 3468/3268/28
f 3464/3264/307 3468/3268/28 3465/3265/307
f 3467/3267/28 3469/3269/308 3470/3270/308
f 3467/3267/28 3470/3270/308 3468/3268/28
f 3469/3269/308 3471/3271/309 3472/3272/310
f 3469/3269/308 3472/3272/310 3470/3270/308
f 3473/3273/309 3474/3274/311 3475/3275/311
f 3473/3273/309 3475/3275/311 3476/3276/309
f 3474/3274/311 3477/3277/312 3478/3278/312
f 3474/3274/311 3478/3278/312 3475/3275/311
f 3477/3277/312 3479/3279/179 3480/3280/179
f 3477/3277/312 3480/3280/179 3478/3278/312
f 3479/3279/179 3481/3281/313 3482/3282/313
f 3479/3279/179 3482/3282/313 3480/3280/179
f 3481/3281/313 3483/3283/314 3484/3284/314
f 3481/3281/313 3484/3284/314 3482/3282/313
f 3483/3283/314 3485/3285/315 3486/3286/315
f 3483/3283/314 3486/3286/315 3484/3284/314
f 3487/3287/315 3488/3288/316 3489/3289/316
f 3487/3287/315 3489/3289/316 3490/3290/315
f 3488/3288/316 3491/3291/19 3492/3292/19
f 3488/3288/316 3492/3292/19 3489/3289/316
f 3491/3291/19 3493/3293/317 3494/3294/317
f 3491/3291/19 3494/3294/317 3492/3292/19
f 3493/3293/317 3495/3295/318 3496/3296/318
f 3493/3293/317 3496/3296/318 3494/3294/317
f 3497/3297/318 3498/3298/319 3499/3299/319
f 3497/3297/318 3499/3299/319 3500/3300/318
f 3498/3298/319 3501/3301/320 3502/3302/320
f 3498/3298/319 3502/3302/320 3499/3299/319
f 3501/3301/320 3503/3303/184 3504/3304/184
f 3501/3301/320 3504/3304/184 3502/3302/320
f 3503/3303/184 3457/3257/302 3460/3260/302
f 3503/3303/184 3460/3260/302 3504/3304/184
f 3505/3305/302 3506/3306/303 3507/3307/303
f 3505/3305/302 3507/3307/303 3508/3308/302
f 3506/3306/303 3509/3309/304 3510/3310/304
f 3506/3306/303 3510/3310/304 3507/3307/303
f 3511/3311/306 3512/3312/307 3513/3313/307
f 3511/3311/306 3513/3313/307 3514/3314/306
f 3512/3312/307 3515/3315/28 3516/3316/28
f 3512/3312/307 3516/3316/28 3513/3313/307
f 3515/3315/28 3517/3317/308 3518/3318/308
f 3515/3315/28 3518/3318/308 3516/3316/28
f 3517/3317/308 3519/3319/309 3520/3320/310
f 3517/3317/308 3520/3320/310 3518/3318/308
f 3521/3321/309 3522/3322/311 3523/3323/311
f 3521/3321/309 3523/3323/311 3524/3324/309
f 3522/3322/311 3525/3325/312 3526/3326/312
f 3522/3322/311 3526/3326/312 3523/3323/311
f 3525/3325/312 3527/3327/179 3528/3328/179
f 3525/3325/312 3528/3328/179 3526/3326/312
f 3527/3327/179 3529/3329/313 3530/3330/313
f 3527/3327/179 3530/3330/313 3528/3328/179
f 3529/3329/313 3531/3331/314 3532/3332/314
f 3529/3329/313 3532/3332/314 3530/3330/313
f 3531/3331/314 3533/3333/315 3534/3334/322
f 3531/3331/314 3534/3334/322 3532/3332/314
f 3535/3335/323 3536/3336/316 3537/3337/316
f 3535/3335/323 3537/3337/316 3538/3338/315
f 3536/3336/316 3539/3339/19 3540/3340/19
f 3536/3336/316 3540/3340/19 3537/3337/316
f 3539/3339/19 3541/3341/317 3542/3342/317
f 3539/3339/19 3542/3342/317 3540/3340/19
f 3541/3341/317 3543/3343/318 3544/3344/318
f 3541/3341/317 3544/3344/318 3542/3342/317
f 3545/3345/318 3546/3346/319 3547/3347/319
f 3545/3345/318 3547/3347/319 3548/3348/318
f 3546/3346/319 3549/3349/320 3550/3350/320
f 3546/3346/319 3550/3350/320 3547/3347/319
f 3549/3349/320 3551/3351/184 3552/3352/184
f 3549/3349/320 3552/3352/184 3550/3350/320
f 3551/3351/184 3505/3305/302 3508/3308/302
f 3551/3351/184 3508/3308/302 3552/3352/184
f 3553/3353/302 3554/3354/303 3555/3355/303
f 3553/3353/302 3555/3355/303 3556/3356/302
f 3554/3354/303 3557/3357/304 3558/3358/304
f 3554/3354/303 3558/3358/304 3555/3355/303
f 3559/3359/306 3560/3360/307 3561/3361/307
f 3559/3359/306 3561/3361/307 3562/3362/306
f 3560/3360/307 3563/3363/28 3564/3364/28
f 3560/3360/307 3564/3364/28 3561/3361/307
f 3563/3363/28 3565/3365/308 3566/3366/308
f 3563/3363/28 3566/3366/308 3564/3364/28
f 3565/3365/308 3567/3367/309 3568/3368/310
f 3565/3365/308 3568/3368/310 3566/3366/308
f 3569/3369/309 3570/3370/311 3571/3371/311
f 3569/3369/309 3571/3371/311 3572/3372/309
f 3570/3370/311 3573/3373/312 3574/3374/312
f 3570/3370/311 3574/3374/312 3571/3371/311
f 3573/3373/312 3575/3375/179 3576/3376/179
f 3573/3373/312 3576/3376/179 3574/3374/312
f 3575/3375/179 3577/3377/313 3578/3378/313
f 3575/3375/179 3578/3378/313 3576/3376/179
f 3577/3377/313 3579/3379/314 3580/3380/314
f 3577/3377/313 3580/3380/314 3578/3378/313
f 3579/3379/314 3581/3381/315 3582/3382/322
f 3579/3379/314 3582/3382/322 3580/3380/314
f 3583/3383/315 3584/3384/316 3585/3385/316
f 3583/3383/315 3585/3385/316 3586/3386/315
f 3584/3384/316 3587/3387/19 3588/3388/19
f 3584/3384/316 3588/3388/19 3585/3385/316
f 3587/3387/19 3589/3389/317 3590/3390/317
f 3587/3387/19 3590/3390/317 3588/3388/19
f 3589/3389/317 3591/3391/318 3592/3392/318
f 3589/3389/317 3592/3392/318 3590/3390/317
f 3593/3393/318 3594/3394/319 3595/3395/319
f 3593/3393/318 3595/3395/319 3596/3396/318
f 3594/3394/319 3597/3397/320 3598/3398/320
f 3594/3394/319 3598/3398/320 3595/3395/319
f 3597/3397/320 3599/3399/184 3600/3400/184
f 3597/3397/320 3600/3400/184 3598/3398/320
f 3599/3399/184 3553/3353/302 3556/3356/302
f 3599/3399/184 3556/3356/302 3600/3400/184
f 3601/3401/302 3602/3402/303 3603/3403/303
f 3601/3401/302 3603/3403/303 3604/3404/302
f 3602/3402/303 3605/3405/304 3606/3406/304
f 3602/3402/303 3606/3406/304 3603/3403/303
f 3607/3407/304 3608/3408/307 3609/3409/307
f 3607/3407/304 3609/3409/307 3610/3410/304
f 3608/3408/307 3611/3411/28 3612/3412/28
f 3608/3408/307 3612/3412/28 3609/3409/307
f 3611/3411/28 3613/3413/308 3614/3414/308
f 3611/3411/28 3614/3414/308 3612/3412/28
f 3613/3413/308 3615/3415/309 3616/3416/324
f 3613/3413/308 3616/3416/324 3614/3414/308
f 3617/3417/309 3618/3418/311 3619/3419/311
f 3617/3417/309 3619/3419/311 3620/3420/309
f 3618/3418/311 3621/3421/312 3622/3422/312
f 3618/3418/311 3622/3422/312 3619/3419/311
f 3621/3421/312 3623/3423/179 3624/3424/179
f 3621/3421/312 3624/3424/179 3622/3422/312
f 3623/3423/179 3625/3425/313 3626/3426/313
f 3623/3423/179 3626/3426/313 3624/3424/179
f 3625/3425/313 3627/3427/314 3628/3428/314
f 3625/3425/313 3628/3428/314 3626/3426/313
f 3627/3427/314 3629/3429/315 3630/3430/315
f 3627/3427/314 3630/3430/315 3628/3428/314
f 3631/3431/325 3632/3432/316 3633/3433/316
f 3631/3431/325 3633/3433/316 3634/3434/325
f 3632/3432/316 3635/3435/19 3636/3436/19
f 3632/3432/316 3636/3436/19 3633/3433/316
f 3635/3435/19 3637/3437/317 3638/3438/317
f 3635/3435/19 3638/3438/317 3636/3436/19
f 3637/3437/317 3639/3439/318 3640/3440/318
f 3637/3437/317 3640/3440/318 3638/3438/317
f 3641/3441/318 3642/3442/319 3643/3443/319
f 3641/3441/318 3643/3443/319 3644/3444/318
f 3642/3442/319 3645/3445/320 3646/3446/320
f 3642/3442/319 3646/3446/320 3643/3443/319
f 3645/3445/320 3647/3447/184 3648/3448/184
f 3645/3445/320 3648/3448/184 3646/3446/320
f 3647/3447/184 3601/3401/302 3604/3404/302
f 3647/3447/184 3604/3404/302 3648/3448/184
f 3649/3449/302 3650/3450/303 3651/3451/303
f 3649/3449/302 3651/3451/303 3652/3452/302
f 3650/3450/303 3653/3453/304 3654/3454/304
f 3650/3450/303 3654/3454/304 3651/3451/303
f 3655/3455/306 3656/3456/307 3657/3457/307
f 3655/3455/306 3657/3457/307 3658/3458/306
f 3656/3456/307 3659/3459/28 3660/3460/28
f 3656/3456/307 3660/3460/28 3657/3457/307
f 3659/3459/28 3661/3461/308 3662/3462/308
f 3659/3459/28 3662/3462/308 3660/3460/28
f 3661/3461/308 3663/3463/321 3664/3464/321
f 3661/3461/308 3664/3464/321 3662/3462/308
f 3665/3465/309 3666/3466/311 3667/3467/311
f 3665/3465/309 3667/3467/311 3668/3468/309
f 3666/3466/311 3669/3469/312 3670/3470/312
f 3666/3466/311 3670/3470/312 3667/3467/311
f 3669/3469/312 3671/3471/179 3672/3472/179
f 3669/3469/312 3672/3472/179 3670/3470/312
f 3671/3471/179 3673/3473/313 3674/3474/313
f 3671/3471/179 3674/3474/313 3672/3472/179
f 3673/3473/313 3675/3475/314 3676/3476/314
f 3673/3473/313 3676/3476/314 3674/3474/313
f 3675/3475/314 3677/3477/315 3678/3478/315
f 3675/3475/314 3678/3478/315 3676/3476/314
f 3679/3479/325 3680/3480/316 3681/3481/316
f 3679/3479/325 3681/3481/316 3682/3482/325
f 3680/3480/316 3683/3483/19 3684/3484/19
f 3680/3480/316 3684/3484/19 3681/3481/316
f 3683/3483/19 3685/3485/317 3686/3486/317
f 3683/3483/19 3686/3486/317 3684/3484/19
f 3685/3485/317 3687/3487/318 3688/3488/326
f 3685/3485/317 3688/3488/326 3686/3486/317
f 3689/3489/318 3690/3490/319 3691/3491/319
f 3689/3489/318 3691/3491/319 3692/3492/318
f 3690/3490/319 3693/3493/320 3694/3494/320
f 3690/3490/319 3694/3494/320 3691/3491/319
f 3693/3493/320 3695/3495/184 3696/3496/184
f 3693/3493/320 3696/3496/184 3694/3494/320
f 3695/3495/184 3649/3449/302 3652/3452/302
f 3695/3495/184 3652/3452/302 3696/3496/184
f 3697/3497/302 3698/3498/302 3699/3499/303
f 3697/3497/302 3699/3499/303 3700/3500/303
f 3700/3500/303 3699/3499/303 3701/3501/304
f 3700/3500/303 3701/3501/304 3702/3502/327
f 3703/3503/306 3704/3504/306 3705/3505/307
f 3703/3503/306 3705/3505/307 3706/3506/307
f 3706/3506/307 3705/3505/307 3707/3507/28
f 3706/3506/307 3707/3507/28 3708/3508/28
f 3708/3508/28 3707/3507/28 3709/3509/308
f 3708/3508/28 3709/3509/308 3710/3510/308
f 3710/3510/308 3709/3509/308 3711/3511/321
f 3710/3510/308 3711/3511/321 3712/3512/309
f 3713/3513/309 3714/3514/309 3715/3515/311
f 3713/3513/309 3715/3515/311 3716/3516/311
f 3716/3516/311 3715/3515/311 3717/3517/312
f 3716/3516/311 3717/3517/312 3718/3518/312
f 3718/3518/312 3717/3517/312 3719/3519/179
f 3718/3518/312 3719/3519/179 3720/3520/179
f 3720/3520/179 3719/3519/179 3721/3521/313
f 3720/3520/179 3721/3521/313 3722/3522/313
f 3722/3522/313 3721/3521/313 3723/3523/314
f 3722/3522/313 3723/3523/314 3724/3524/314
f 3724/3524/314 3723/3523/314 3725/3525/315
f 3724/3524/314 3725/3525/315 3726/3526/315
f 3727/3527/315 3728/3528/315 3729/3529/316
f 3727/3527/315 3729/3529/316 3730/3530/316
f 3730/3530/316 3729/3529/316 3731/3531/19
f 3730/3530/316 3731/3531/19 3732/3532/19
f 3732/3532/19 3731/3531/19 3733/3533/317
f 3732/3532/19 3733/3533/317 3734/3534/317
f 3734/3534/317 3733/3533/317 3735/3535/318
f 3734/3534/317 3735/3535/318 3736/3536/318
f 3737/3537/318 3738/3538/328 3739/3539/319
f 3737/3537/318 3739/3539/319 3740/3540/319
f 3740/3540/319 3739/3539/319 3741/3541/320
f 3740/3540/319 3741/3541/320 3742/3542/320
f 3742/3542/320 3741/3541/320 3743/3543/184
f 3742/3542/320 3743/3543/184 3744/3544/184
f 3744/3544/184 3743/3543/184 3698/3498/302
f 3744/3544/184 3698/3498/302 3697/3497/302
f 3745/3545/302 3746/3546/302 3747/3547/303
f 3745/3545/302 3747/3547/303 3748/3548/303
f 3748/3548/303 3747/3547/303 3749/3549/304
f 3748/3548/303 3749/3549/304 3750/3550/327
f 3751/3551/306 3752/3552/306 3753/3553/307
f 3751/3551/306 3753/3553/307 3754/3554/307
f 3754/3554/307 3753/3553/307 3755/3555/28
f 3754/3554/307 3755/3555/28 3756/3556/28
f 3756/3556/28 3755/3555/28 3757/3557/308
f 3756/3556/28 3757/3557/308 3758/3558/308
f 3758/3558/308 3757/3557/308 3759/3559/321
f 3758/3558/308 3759/3559/321 3760/3560/309
f 3761/3561/309 3762/3562/309 3763/3563/311
f 3761/3561/309 3763/3563/311 3764/3564/311
f 3764/3564/311 3763/3563/311 3765/3565/312
f 3764/3564/311 3765/3565/312 3766/3566/312
f 3766/3566/312 3765/3565/312 3767/3567/179
f 3766/3566/312 3767/3567/179 3768/3568/179
f 3768/3568/179 3767/3567/179 3769/3569/313
f 3768/3568/179 3769/3569/313 3770/3570/313
f 3770/3570/313 3769/3569/313 3771/3571/314
f 3770/3570/313 3771/3571/314 3772/3572/314
f 3772/3572/314 3771/3571/314 3773/3573/315
f 3772/3572/314 3773/3573/315 3774/3574/315
f 3775/3575/315 3776/3576/315 3777/3577/316
f 3775/3575/315 3777/3577/316 3778/3578/316
f 3778/3578/316 3777/3577/316 3779/3579/19
f 3778/3578/316 3779/3579/19 3780/3580/19
f 3780/3580/19 3779/3579/19 3781/3581/317
f 3780/3580/19 3781/3581/317 3782/3582/317
f 3782/3582/317 3781/3581/317 3783/3583/318
f 3782/3582/317 3783/3583/318 3784/3584/318
f 3785/3585/318 3786/3586/328 3787/3587/319
f 3785/3585/318 3787/3587/319 3788/3588/319
f 3788/3588/319 3787/3587/319 3789/3589/320
f 3788/3588/319 3789/3589/320 3790/3590/320
f 3790/3590/320 3789/3589/320 3791/3591/184
f 3790/3590/320 3791/3591/184 3792/3592/184
f 3792/3592/184 3791/3591/184 3746/3546/302
f 3792/3592/184 3746/3546/302 3745/3545/302
f 3793/3593/302 3794/3594/302 3795/3595/303
f 3793/3593/302 3795/3595/303 3796/3596/303
f 3796/3596/303 3795/3595/303 3797/3597/304
f 3796/3596/303 3797/3597/304 3798/3598/304
f 3799/3599/306 3800/3600/306 3801/3601/307
f 3799/3599/306 3801/3601/307 3802/3602/307
f 3802/3602/307 3801/3601/307 3803/3603/28
f 3802/3602/307 3803/3603/28 3804/3604/28
f 3804/3604/28 3803/3603/28 3805/3605/308
f 3804/3604/28 3805/3605/308 3806/3606/308
f 3806/3606/308 3805/3605/308 3807/3607/321
f 3806/3606/308 3807/3607/321 3808/3608/309
f 3809/3609/309 3810/3610/309 3811/3611/311
f 3809/3609/309 3811/3611/311 3812/3612/311
f 3812/3612/311 3811/3611/311 3813/3613/312
f 3812/3612/311 3813/3613/312 3814/3614/312
f 3814/3614/312 3813/3613/312 3815/3615/179
f 3814/3614/312 3815/3615/179 3816/3616/179
f 3816/3616/179 3815/3615/179 3817/3617/313
f 3816/3616/179 3817/3617/313 3818/3618/313
f 3818/3618/313 3817/3617/313 3819/3619/314
f 3818/3618/313 3819/3619/314 3820/3620/314
f 3820/3620/314 3819/3619/314 3821/3621/315
f 3820/3620/314 3821/3621/315 3822/3622/315
f 3823/3623/315 3824/3624/315 3825/3625/316
f 3823/3623/315 3825/3625/316 3826/3626/316
f 3826/3626/316 3825/3625/316 3827/3627/19
f 3826/3626/316 3827/3627/19 3828/3628/19
f 3828/3628/19 3827/3627/19 3829/3629/317
f 3828/3628/19 3829/3629/317 3830/3630/317
f 3830/3630/317 3829/3629/317 3831/3631/318
f 3830/3630/317 3831/3631/318 3832/3632/318
f 3833/3633/318 3834/3634/318 3835/3635/319
f 3833/3633/318 3835/3635/319 3836/3636/319
f 3836/3636/319 3835/3635/319 3837/3637/320
f 3836/3636/319 3837/3637/320 3838/3638/320
f 3838/3638/320 3837/3637/320 3839/3639/184
f 3838/3638/320 3839/3639/184 3840/3640/184
f 3840/3640/184 3839/3639/184 3794/3594/302
f 3840/3640/184 3794/3594/302 3793/3593/302
f 3841/3641/302 3842/3642/302 3843/3643/303
f 3841/3641/302 3843/3643/303 3844/3644/303
f 3844/3644/303 3843/3643/303 3845/3645/304
f 3844/3644/303 3845/3645/304 3846/3646/327
f 3847/3647/306 3848/3648/306 3849/3649/307
f 3847/3647/306 3849/3649/307 3850/3650/307
f 3850/3650/307 3849/3649/307 3851/3651/28
f 3850/3650/307 3851/3651/28 3852/3652/28
f 3852/3652/28 3851/3651/28 3853/3653/308
f 3852/3652/28 3853/3653/308 3854/3654/308
f 3854/3654/308 3853/3653/308 3855/3655/321
f 3854/3654/308 3855/3655/321 3856/3656/309
f 3857/3657/309 3858/3658/309 3859/3659/311
f 3857/3657/309 3859/3659/311 3860/3660/311
f 3860/3660/311 3859/3659/311 3861/3661/312
f 3860/3660/311 3861/3661/312 3862/3662/312
f 3862/3662/312 3861/3661/312 3863/3663/179
f 3862/3662/312 3863/3663/179 3864/3664/179
f 3864/3664/179 3863/3663/179 3865/3665/313
f 3864/3664/179 3865/3665/313 3866/3666/313
f 3866/3666/313 3865/3665/313 3867/3667/314
f 3866/3666/313 3867/3667/314 3868/3668/314
f 3868/3668/314 3867/3667/314 3869/3669/315
f 3868/3668/314 3869/3669/315 3870/3670/315
f 3871/3671/315 3872/3672/315 3873/3673/316
f 3871/3671/315 3873/3673/316 3874/3674/316
f 3874/3674/316 3873/3673/316 3875/3675/19
f 3874/3674/316 3875/3675/19 3876/3676/19
f 3876/3676/19 3875/3675/19 3877/3677/317
f 3876/3676/19 3877/3677/317 3878/3678/317
f 3878/3678/317 3877/3677/317 3879/3679/318
f 3878/3678/317 3879/3679/318 3880/3680/318
f 3881/3681/318 3882/3682/318 3883/3683/319
f 3881/3681/318 3883/3683/319 3884/3684/319
f 3884/3684/319 3883/3683/319 3885/3685/320
f 3884/3684/319 3885/3685/320 3886/3686/320
f 3886/3686/320 3885/3685/320 3887/3687/184
f 3886/3686/320 3887/3687/184 3888/3688/184
f 3888/3688/184 3887/3687/184 3842/3642/302
f 3888/3688/184 3842/3642/302 3841/3641/302
f 3889/3689/302 3890/3690/302 3891/3691/303
f 3889/3689/302 3891/3691/303 3892/3692/303
f 3892/3692/303 3891/3691/303 3893/3693/304
f 3892/3692/303 3893/3693/304 3894/3694/327
f 3895/3695/306 3896/3696/306 3897/3697/307
f 3895/3695/306 3897/3697/307 3898/3698/307
f 3898/3698/307 3897/3697/307 3899/3699/28
f 3898/3698/307 3899/3699/28 3900/3700/28
f 3900/3700/28 3899/3699/28 3901/3701/308
f 3900/3700/28 3901/3701/308 3902/3702/308
f 3902/3702/308 3901/3701/308 3903/3703/321
f 3902/3702/308 3903/3703/321 3904/3704/309
f 3905/3705/309 3906/3706/309 3907/3707/311
f 3905/3705/309 3907/3707/311 3908/3708/311
f 3908/3708/311 3907/3707/311 3909/3709/312
f 3908/3708/311 3909/3709/312 3910/3710/312
f 3910/3710/312 3909/3709/312 3911/3711/179
f 3910/3710/312 3911/3711/179 3912/3712/179
f 3912/3712/179 3911/3711/179 3913/3713/313
f 3912/3712/179 3913/3713/313 3914/3714/313
f 3914/3714/313 3913/3713/313 3915/3715/314
f 3914/3714/313 3915/3715/314 3916/3716/314
f 3916/3716/314 3915/3715/314 3917/3717/315
f 3916/3716/314 3917/3717/315 3918/3718/315
f 3919/3719/315 3920/3720/315 3921/3721/316
f 3919/3719/315 3921/3721/316 3922/3722/316
f 3922/3722/316 3921/3721/316 3923/3723/19
f 3922/3722/316 3923/3723/19 3924/3724/19
f 3924/3724/19 3923/3723/19 3925/3725/317
f 3924/3724/19 3925/3725/317 3926/3726/317
f 3926/3726/317 3925/3725/317 3927/3727/318
f 3926/3726/317 3927/3727/318 3928/3728/318
f 3929/3729/318 3930/3730/328 3931/3731/319
f 3929/3729/318 3931/3731/319 3932/3732/319
f 3932/3732/319 3931/3731/319 3933/3733/320
f 3932/3732/319 3933/3733/320 3934/3734/320
f 3934/3734/320 3933/3733/320 3935/3735/184
f 3934/3734/320 3935/3735/184 3936/3736/184
f 3936/3736/184 3935/3735/184 3890/3690/302
f 3936/3736/184 3890/3690/302 3889/3689/302
f 3937/3737/302 3938/3738/302 3939/3739/303
f 3937/3737/302 3939/3739/303 3940/3740/303
f 3940/3740/303 3939/3739/303 3941/3741/304
f 3940/3740/303 3941/3741/304 3942/3742/327
f 3943/3743/306 3944/3744/306 3945/3745/307
f 3943/3743/306 3945/3745/307 3946/3746/307
f 3946/3746/307 3945/3745/307 3947/3747/28
f 3946/3746/307 3947/3747/28 3948/3748/28
f 3948/3748/28 3947/3747/28 3949/3749/308
f 3948/3748/28 3949/3749/308 3950/3750/308
f 3950/3750/308 3949/3749/308 3951/3751/321
f 3950/3750/308 3951/3751/321 3952/3752/309
f 3953/3753/309 3954/3754/309 3955/3755/311
f 3953/3753/309 3955/3755/311 3956/3756/311
f 3956/3756/311 3955/3755/311 3957/3757/312
f 3956/3756/311 3957/3757/312 3958/3758/312
f 3958/3758/312 3957/3757/312 3959/3759/179
f 3958/3758/312 3959/3759/179 3960/3760/179
f 3960/3760/179 3959/3759/179 3961/3761/313
f 3960/3760/179 3961/3761/313 3962/3762/313
f 3962/3762/313 3961/3761/313 3963/3763/314
f 3962/3762/313 3963/3763/314 3964/3764/314
f 3964/3764/314 3963/3763/314 3965/3765/315
f 3964/3764/314 3965/3765/315 3966/3766/315
f 3967/3767/315 3968/3768/315 3969/3769/316
f 3967/3767/315 3969/3769/316 3970/3770/316
f 3970/3770/316 3969/3769/316 3971/3771/19
f 3970/3770/316 3971/3771/19 3972/3772/19
f 3972/3772/19 3971/3771/19 3973/3773/317
f 3972/3772/19 3973/3773/317 3974/3774/317
f 3974/3774/317 3973/3773/317 3975/3775/318
f 3974/3774/317 3975/3775/318 3976/3776/318
f 3977/3777/318 3978/3778/328 3979/3779/319
f 3977/3777/318 3979/3779/319 3980/3780/319
f 3980/3780/319 3979/3779/319 3981/3781/320
f 3980/3780/319 3981/3781/320 3982/3782/320
f 3982/3782/320 3981/3781/320 3983/3783/184
f 3982/3782/320 3983/3783/184 3984/3784/184
f 3984/3784/184 3983/3783/184 3938/3738/302
f 3984/3784/184 3938/3738/302 3937/3737/302
f 3985/3785/302 3986/3786/302 3987/3787/303
f 3985/3785/302 3987/3787/303 3988/3788/303
f 3988/3788/303 3987/3787/303 3989/3789/304
f 3988/3788/303 3989/3789/304 3990/3790/304
f 3991/3791/304 3992/3792/304 3993/3793/307
f 3991/3791/304 3993/3793/307 3994/3794/307
f 3994/3794/307 3993/3793/307 3995/3795/28
f 3994/3794/307 3995/3795/28 3996/3796/28
f 3996/3796/28 3995/3795/28 3997/3797/308
f 3996/3796/28 3997/3797/308 3998/3798/308
f 3998/3798/308 3997/3797/308 3999/3799/309
f 3998/3798/308 3999/3799/309 4000/3800/309
f 4001/3801/309 4002/3802/309 4003/3803/311
f 4001/3801/309 4003/3803/311 4004/3804/311
f 4004/3804/311 4003/3803/311 4005/3805/312
f 4004/3804/311 4005/3805/312 4006/3806/312
f 4006/3806/312 4005/3805/312 4007/3807/179
f 4006/3806/312 4007/3807/179 4008/3808/179
f 4008/3808/179 4007/3807/179 4009/3809/313
f 4008/3808/179 4009/3809/313 4010/3810/313
f 4010/3810/313 4009/3809/313 4011/3811/314
f 4010/3810/313 4011/3811/314 4012/3812/314
f 4012/3812/314 4011/3811/314 4013/3813/315
f 4012/3812/314 4013/3813/315 4014/3814/315
f 4015/3815/325 4016/3816/325 4017/3817/316
f 4015/3815/325 4017/3817/316 4018/3818/316
f 4018/3818/316 4017/3817/316 4019/3819/19
f 4018/3818/316 4019/3819/19 4020/3820/19
f 4020/3820/19 4019/3819/19 4021/3821/317
f 4020/3820/19 4021/3821/317 4022/3822/317
f 4022/3822/317 4021/3821/317 4023/3823/318
f 4022/3822/317 4023/3823/318 4024/3824/318
f 4025/3825/318 4026/3826/318 4027/3827/319
f 4025/3825/318 4027/3827/319 4028/3828/319
f 4028/3828/319 4027/3827/319 4029/3829/320
f 4028/3828/319 4029/3829/320 4030/3830/320
f 4030/3830/320 4029/3829/320 4031/3831/184
f 4030/3830/320 4031/3831/184 4032/3832/184
f 4032/3832/184 4031/3831/184 3986/3786/302
f 4032/3832/184 3986/3786/302 3985/3785/302
f 4033/3833/302 4034/3834/302 4035/3835/303
f 4033/3833/302 4035/3835/303 4036/3836/303
f 4036/3836/303 4035/3835/303 4037/3837/304
f 4036/3836/303 4037/3837/304 4038/3838/304
f 4039/3839/306 4040/3840/306 4041/3841/307
f 4039/3839/306 4041/3841/307 4042/3842/307
f 4042/3842/307 4041/3841/307 4043/3843/28
f 4042/3842/307 4043/3843/28 4044/3844/28
f 4044/3844/28 4043/3843/28 4045/3845/308
f 4044/3844/28 4045/3845/308 4046/3846/308
f 4046/3846/308 4045/3845/308 4047/3847/321
f 4046/3846/308 4047/3847/321 4048/3848/321
f 4049/3849/309 4050/3850/329 4051/3851/311
f 4049/3849/309 4051/3851/311 4052/3852/311
f 4052/3852/311 4051/3851/311 4053/3853/312
f 4052/3852/311 4053/3853/312 4054/3854/312
f 4054/3854/312 4053/3853/312 4055/3855/179
f 4054/3854/312 4055/3855/179 4056/3856/179
f 4056/3856/179 4055/3855/179 4057/3857/313
f 4056/3856/179 4057/3857/313 4058/3858/313
f 4058/3858/313 4057/3857/313 4059/3859/314
f 4058/3858/313 4059/3859/314 4060/3860/314
f 4060/3860/314 4059/3859/314 4061/3861/315
f 4060/3860/314 4061/3861/315 4062/3862/315
f 4063/3863/325 4064/3864/325 4065/3865/316
f 4063/3863/325 4065/3865/316 4066/3866/316
f 4066/3866/316 4065/3865/316 4067/3867/19
f 4066/3866/316 4067/3867/19 4068/3868/19
f 4068/3868/19 4067/3867/19 4069/3869/317
f 4068/3868/19 4069/3869/317 4070/3870/317
f 4070/3870/317 4069/3869/317 4071/3871/318
f 4070/3870/317 4071/3871/318 4072/3872/318
f 4073/3873/318 4074/3874/318 4075/3875/319
f 4073/3873/318 4075/3875/319 4076/3876/319
f 4076/3876/319 4075/3875/319 4077/3877/320
f 4076/3876/319 4077/3877/320 4078/3878/320
f 4078/3878/320 4077/3877/320 4079/3879/184
f 4078/3878/320 4079/3879/184 4080/3880/184
f 4080/3880/184 4079/3879/184 4034/3834/302
f 4080/3880/184 4034/3834/302 4033/3833/302
f 4081/3881/330 4082/3882/331 4083/3883/331
f 4081/3881/330 4083/3883/331 4084/3884/330
f 4082/3882/331 4085/3885/332 4086/3886/333
f 4082/3882/331 4086/3886/333 4083/3883/331
f 4087/3887/334 4088/3888/335 4089/3889/335
f 4087/3887/334 4089/3889/335 4090/3890/332
f 4088/3888/335 4091/3891/26 4092/3892/26
f 4088/3888/335 4092/3892/26 4089/3889/335
f 4091/3891/26 4093/3893/336 4094/3894/336
f 4091/3891/26 4094/3894/336 4092/3892/26
f 4093/3893/336 4095/3895/337 4096/3896/337
f 4093/3893/336 4096/3896/337 4094/3894/336
f 4097/3897/337 4098/3898/338 4099/3899/338
f 4097/3897/337 4099/3899/338 4100/3900/337
f 4098/3898/338 4101/3901/339 4102/3902/339
f 4098/3898/338 4102/3902/339 4099/3899/338
f 4101/3901/339 4103/3903/179 4104/3904/179
f 4101/3901/339 4104/3904/179 4102/3902/339
f 4103/3903/179 4105/3905/340 4106/3906/340
f 4103/3903/179 4106/3906/340 4104/3904/179
f 4105/3905/340 4107/3907/341 4108/3908/341
f 4105/3905/340 4108/3908/341 4106/3906/340
f 4107/3907/341 4109/3909/342 4110/3910/342
f 4107/3907/341 4110/3910/342 4108/3908/341
f 4111/3911/342 4112/3912/343 4113/3913/343
f 4111/3911/342 4113/3913/343 4114/3914/342
f 4112/3912/343 4115/3915/27 4116/3916/27
f 4112/3912/343 4116/3916/27 4113/3913/343
f 4115/3915/27 4117/3917/344 4118/3918/344
f 4115/3915/27 4118/3918/344 4116/3916/27
f 4117/3917/344 4119/3919/345 4120/3920/345
f 4117/3917/344 4120/3920/345 4118/3918/344
f 4121/3921/345 4122/3922/346 4123/3923/346
f 4121/3921/345 4123/3923/346 4124/3924/345
f 4122/3922/346 4125/3925/347 4126/3926/347
f 4122/3922/346 4126/3926/347 4123/3923/346
f 4125/3925/347 4127/3927/184 4128/3928/184
f 4125/3925/347 4128/3928/184 4126/3926/347
f 4127/3927/184 4081/3881/330 4084/3884/330
f 4127/3927/184 4084/3884/330 4128/3928/184
s 0
f 4129/3929/29 4130/3930/29 4131/3931/29
f 4129/3929/29 4131/3931/29 4132/3932/29
f 4133/3933/27 4134/3934/27 4135/3935/27
f 4133/3933/27 4135/3935/27 4136/3936/27
s 1
f 4137/3937/38 4138/3938/38 4139/3939/38
s 0
f 4137/3937/40 4139/3939/40 4140/3940/40
f 4141/3941/34 4142/3942/34 4143/3943/34
f 4141/3941/34 4143/3943/34 4144/3944/34
f 4145/3945/35 4146/3946/35 4147/3947/35
f 4145/3945/35 4147/3947/35 4148/3948/35
f 4140/3940/36 4139/3939/36 4149/3949/36
f 4140/3940/37 4149/3949/37 4150/3950/37
f 4151/3951/26 4152/3952/26 4153/3953/26
f 4151/3951/26 4153/3953/26 4154/3954/26
s 1
f 4150/3950/31 4149/3949/40 4155/3955/31
s 0
f 4150/3950/348 4155/3955/39 4156/3956/39
f 4138/3938/30 4137/3937/30 4156/3956/37
f 4138/3938/41 4156/3956/41 4155/3955/41
f 4157/3957/42 4158/3958/42 4159/3959/42
f 4157/3957/42 4159/3959/42 4160/3960/42
f 4161/3961/43 4162/3962/43 4163/3963/43
s 1
f 4161/3961/43 4163/3963/43 4164/3964/43
s 0
f 4165/3965/349 4166/3966/349 4167/3967/349
f 4165/3965/349 4167/3967/349 4168/3968/349
f 4169/3969/350 4170/3970/350 4171/3971/350
f 4169/3969/350 4171/3971/350 4172/3972/350
f 4173/3973/351 4174/3974/351 4175/3975/351
f 4173/3973/352 4175/3975/352 4176/3976/352
f 4177/3977/29 4178/3978/29 4179/3979/29
f 4177/3977/29 4179/3979/29 4180/3980/29
f 4181/3981/26 4182/3982/26 4183/3983/26
f 4181/3981/26 4183/3983/26 4184/3984/26
s 1
f 4185/3985/33 4186/3986/40 4187/3987/40
f 4185/3985/33 4187/3987/40 4188/3988/187
s 0
f 4189/3989/34 4190/3990/34 4191/3991/34
f 4189/3989/34 4191/3991/34 4192/3992/34
f 4193/3993/35 4194/3994/35 4195/3995/35
f 4193/3993/35 4195/3995/35 4196/3996/35
s 1
f 4186/3986/37 4197/3997/33 4198/3998/38
s 0
f 4186/3986/36 4198/3998/37 4187/3987/37
f 4199/3999/27 4200/4000/27 4201/4001/27
f 4199/3999/27 4201/4001/27 4202/4002/27
f 4197/3997/353 4203/4003/353 4204/4004/353
s 1
f 4197/3997/33 4204/4004/187 4198/3998/38
s 0
f 4188/3988/41 4204/4004/41 4203/4003/41
s 1
f 4188/3988/187 4203/4003/30 4185/3985/33
s 0
f 4205/4005/42 4206/4006/42 4207/4007/42
f 4205/4005/42 4207/4007/42 4208/4008/42
s 1
f 4209/4009/43 4210/4010/43 4211/4011/43
f 4209/4009/43 4211/4011/43 4212/4012/43
s 0
f 4213/4013/354 4214/4014/354 4215/4015/354
f 4213/4013/354 4215/4015/354 4216/4016/354
f 4217/4017/355 4218/4018/355 4219/4019/355
f 4217/4017/355 4219/4019/355 4220/4020/355
f 4221/4021/356 4222/4022/356 4223/4023/356
f 4221/4021/357 4223/4023/357 4224/4024/357
f 4225/4025/27 4226/4026/27 4227/4027/27
f 4225/4025/27 4227/4027/27 4228/4028/27
s 1
f 4229/4029/358 4230/4030/359 4231/4031/360
f 4229/4029/358 4231/4031/360 4232/4026/361
f 4233/4027/362 4232/4026/361 4231/4031/360
f 4233/4027/362 4231/4031/360 4234/4032/362
f 4235/4033/363 4236/4034/363 4237/4035/364
f 4235/4033/363 4237/4035/364 4238/4036/364
f 4239/4037/365 4240/4033/366 4241/4036/367
f 4239/4037/365 4241/4036/367 4242/4038/367
f 4243/4039/368 4244/4040/369 4245/4041/368
f 4243/4039/368 4245/4041/368 4246/4042/368
f 4247/4034/370 4230/4030/359 4229/4029/358
f 4247/4034/370 4229/4029/358 4248/4035/370
f 4249/4043/371 4250/4044/371 4251/4045/371
f 4249/4043/371 4251/4045/371 4252/4046/371
s 0
f 4253/4047/28 4254/4048/28 4255/4049/28
f 4253/4047/28 4255/4049/28 4256/4050/28
s 1
f 4257/4051/372 4258/4052/373 4259/4053/374
f 4257/4051/372 4259/4053/374 4260/4054/375
f 4261/4055/376 4262/4056/376 4263/4057/377
f 4261/4055/376 4263/4057/377 4264/4058/378
f 4265/4059/379 4266/4060/380 4267/4061/381
f 4265/4059/379 4267/4061/381 4268/4062/379
f 4269/4063/382 4270/4064/383 4271/4065/384
f 4269/4063/382 4271/4065/384 4272/4066/385
f 4273/4067/386 4274/4068/387 4275/4069/388
f 4273/4067/386 4275/4069/388 4276/4070/389
f 4277/4071/390 4278/4072/391 4257/4051/372
f 4277/4071/390 4257/4051/372 4260/4054/375
f 4272/4066/385 4271/4065/384 4279/4073/27
f 4272/4066/385 4279/4073/27 4280/4074/27
f 4281/4075/392 4282/4059/393 4283/4062/394
f 4281/4075/392 4283/4062/394 4284/4076/395
f 4264/4058/378 4263/4057/377 4285/4077/396
f 4264/4058/378 4285/4077/396 4286/4078/397
f 4272/4066/385 4280/4074/27 4287/4079/27
f 4272/4066/385 4287/4079/27 4288/4080/27
f 4289/4053/179 4290/4052/398 4291/4081/399
f 4289/4053/179 4291/4081/399 4292/4082/179
s 0
f 4293/4077/400 4294/4057/400 4295/4083/400
f 4293/4077/400 4295/4083/400 4296/4084/400
f 4297/4025/27 4298/4085/27 4299/4029/27
f 4297/4025/27 4299/4029/27 4300/4026/27
s 1
f 4301/4086/401 4302/4047/402 4303/4050/402
f 4301/4086/401 4303/4050/402 4304/4087/403
f 4305/4041/404 4306/4040/405 4307/4088/404
f 4305/4041/404 4307/4088/404 4308/4089/404
f 4309/4045/406 4310/4044/406 4311/4090/406
f 4309/4045/406 4311/4090/406 4312/4091/406
s 0
f 4313/4092/26 4314/4093/26 4315/4094/26
f 4313/4092/26 4315/4094/26 4316/4095/26
f 4317/4096/28 4318/4097/28 4254/4048/28
f 4317/4096/28 4254/4048/28 4253/4047/28
s 1
f 4275/4069/388 4274/4068/387 4319/4098/407
f 4275/4069/388 4319/4098/407 4320/4099/408
f 4257/4051/372 4278/4072/391 4321/4100/409
f 4257/4051/372 4321/4100/409 4322/4101/410
f 4322/4101/410 4323/4102/411 4258/4052/373
f 4322/4101/410 4258/4052/373 4257/4051/372
f 4291/4081/399 4290/4052/398 4324/4102/412
f 4291/4081/399 4324/4102/412 4325/4103/412
f 4326/4104/413 4282/4059/393 4281/4075/392
f 4326/4104/413 4281/4075/392 4327/4105/414
s 0
f 4328/4106/415 4329/4107/415 4330/4108/415
f 4328/4106/415 4330/4108/415 4331/4109/415
s 1
f 4332/4110/416 4333/4111/417 4334/4112/418
f 4332/4110/416 4334/4112/418 4335/4113/419
f 4336/4114/420 4337/4115/421 4338/4116/420
f 4336/4114/420 4338/4116/420 4339/4117/420
f 4340/4118/422 4341/4116/422 4342/4115/422
f 4340/4118/422 4342/4115/422 4343/4119/422
f 4344/4096/402 4302/4047/402 4301/4086/401
f 4344/4096/402 4301/4086/401 4345/4120/423
s 0
f 4346/4121/424 4347/4122/424 4348/4123/424
f 4346/4121/424 4348/4123/424 4349/4124/424
f 4350/4040/27 4351/4039/27 4352/4125/27
f 4350/4040/27 4352/4125/27 4353/4126/27
s 1
f 4354/4127/425 4355/4128/426 4356/4129/427
f 4354/4127/425 4356/4129/427 4357/4130/425
s 0
f 4358/4122/428 4359/4131/428 4360/4132/428
f 4358/4122/428 4360/4132/428 4361/4123/428
f 4362/4133/429 4363/4134/429 4364/4135/429
f 4362/4133/429 4364/4135/429 4365/4136/429
f 4366/4088/430 4367/4040/430 4368/4126/430
f 4366/4088/430 4368/4126/430 4369/4137/430
s 1
f 4370/4138/431 4371/4139/403 4372/4134/432
f 4370/4138/431 4372/4134/432 4373/4133/433
f 4374/4133/434 4375/4140/434 4376/4141/423
f 4374/4133/434 4376/4141/423 4370/4138/431
s 0
f 4318/4097/28 4317/4096/28 4377/4142/28
f 4318/4097/28 4377/4142/28 4378/4143/28
f 4379/4144/28 4377/4142/28 4317/4096/28
f 4379/4144/28 4317/4096/28 4380/4145/28
f 4381/4146/435 4382/4144/435 4383/4145/435
f 4381/4146/435 4383/4145/435 4384/4147/435
f 4385/4148/184 4386/4149/184 4387/4150/184
f 4385/4148/184 4387/4150/184 4388/4151/184
f 4389/4152/184 4390/4153/184 4386/4149/184
f 4389/4152/184 4386/4149/184 4385/4148/184
s 1
f 4391/4154/436 4392/4155/436 4393/4156/19
f 4391/4154/436 4393/4156/19 4394/4157/19
f 4395/4158/437 4396/4159/437 4392/4155/436
f 4395/4158/437 4392/4155/436 4391/4154/436
f 4397/4160/19 4396/4159/437 4395/4158/437
f 4397/4160/19 4395/4158/437 4398/4161/19
s 0
f 4399/4162/19 4400/4160/19 4401/4161/19
f 4399/4162/19 4401/4161/19 4402/4163/19
f 4403/4164/438 4404/4162/438 4405/4163/438
f 4403/4164/438 4405/4163/438 4406/4165/438
f 4407/4166/439 4408/4167/439 4409/4168/439
f 4407/4166/439 4409/4168/439 4410/4169/439
f 4411/4170/440 4412/4171/440 4413/4172/440
f 4411/4170/440 4413/4172/440 4414/4173/440
f 4415/4174/179 4416/4175/179 4417/4176/179
f 4415/4174/179 4417/4176/179 4418/4177/179
f 4419/4097/441 4420/4143/441 4421/4178/441
f 4419/4097/441 4421/4178/441 4422/4098/441
s 1
f 4423/4114/442 4424/4117/443 4333/4111/417
f 4423/4114/442 4333/4111/417 4332/4110/416
f 4356/4129/427 4355/4128/426 4425/4121/444
f 4356/4129/427 4425/4121/444 4426/4124/444
f 4267/4061/381 4266/4060/380 4427/4043/445
f 4267/4061/381 4427/4043/445 4428/4046/445
s 0
f 4429/4039/446 4430/4063/446 4431/4179/446
f 4429/4039/446 4431/4179/446 4432/4125/446
s 1
f 4433/4039/447 4434/4042/448 4270/4064/383
f 4433/4039/447 4270/4064/383 4269/4063/382
f 4435/4049/449 4436/4048/450 4274/4068/387
f 4435/4049/449 4274/4068/387 4273/4067/386
f 4319/4098/407 4274/4068/387 4436/4048/450
f 4319/4098/407 4436/4048/450 4437/4097/451
f 4438/4180/370 4439/4181/370 4230/4030/359
f 4438/4180/370 4230/4030/359 4247/4034/370
f 4231/4031/360 4230/4030/359 4440/4181/452
f 4231/4031/360 4440/4181/452 4441/4182/452
f 4234/4032/362 4231/4031/360 4442/4182/362
s 0
f 4234/4032/362 4442/4182/362 4443/4183/362
f 4444/4184/184 4445/4185/184 4390/4153/184
f 4444/4184/184 4390/4153/184 4389/4152/184
f 4409/4168/439 4408/4167/439 4446/4186/439
f 4409/4168/439 4446/4186/439 4447/4187/439
s 1
f 4448/4188/453 4240/4033/366 4239/4037/365
f 4448/4188/453 4239/4037/365 4449/4189/453
f 4450/4180/370 4236/4034/363 4235/4033/363
f 4450/4180/370 4235/4033/363 4451/4188/370
s 0
f 4452/4080/454 4453/4179/454 4454/4063/454
f 4452/4080/454 4454/4063/454 4455/4066/454
f 4378/4143/28 4377/4142/28 4456/4190/28
f 4378/4143/28 4456/4190/28 4457/4191/28
f 4458/4192/28 4456/4190/28 4377/4142/28
f 4458/4192/28 4377/4142/28 4379/4144/28
f 4459/4193/435 4460/4192/435 4382/4144/435
f 4459/4193/435 4382/4144/435 4381/4146/435
f 4387/4150/184 4386/4149/184 4461/4194/184
f 4387/4150/184 4461/4194/184 4462/4195/184
f 4386/4149/184 4390/4153/184 4463/4196/184
f 4386/4149/184 4463/4196/184 4461/4194/184
f 4464/4197/184 4463/4196/184 4390/4153/184
f 4464/4197/184 4390/4153/184 4445/4185/184
s 1
f 4393/4156/19 4392/4155/436 4465/4198/436
f 4393/4156/19 4465/4198/436 4466/4199/19
f 4392/4155/436 4396/4159/437 4467/4200/455
f 4392/4155/436 4467/4200/455 4465/4198/436
f 4468/4201/19 4467/4200/455 4396/4159/437
f 4468/4201/19 4396/4159/437 4397/4160/19
s 0
f 4469/4202/19 4470/4201/19 4400/4160/19
f 4469/4202/19 4400/4160/19 4399/4162/19
f 4471/4203/438 4472/4202/438 4404/4162/438
f 4471/4203/438 4404/4162/438 4403/4164/438
f 4408/4167/439 4473/4204/439 4474/4205/439
f 4408/4167/439 4474/4205/439 4446/4186/439
f 4475/4206/439 4473/4204/439 4408/4167/439
f 4475/4206/439 4408/4167/439 4407/4166/439
f 4413/4172/440 4412/4171/440 4476/4207/440
f 4413/4172/440 4476/4207/440 4477/4208/440
f 4478/4209/179 4479/4210/179 4416/4175/179
f 4478/4209/179 4416/4175/179 4415/4174/179
f 4421/4178/441 4420/4143/441 4480/4191/441
f 4421/4178/441 4480/4191/441 4481/4211/441
f 4482/4212/26 4483/4213/26 4484/4214/26
f 4482/4212/26 4484/4214/26 4485/4215/26
s 1
f 4486/4216/456 4487/4215/457 4488/4217/458
f 4486/4216/456 4488/4217/458 4489/4218/459
f 4490/4214/460 4491/4219/460 4488/4217/458
f 4490/4214/460 4488/4217/458 4487/4215/457
f 4492/4220/461 4493/4221/462 4494/4222/462
f 4492/4220/461 4494/4222/462 4495/4223/461
f 4496/4224/463 4497/4225/464 4498/4221/465
f 4496/4224/463 4498/4221/465 4499/4220/466
f 4500/4226/467 4501/4227/467 4502/4228/467
f 4500/4226/467 4502/4228/467 4503/4229/468
f 4504/4223/469 4505/4222/469 4486/4216/456
f 4504/4223/469 4486/4216/456 4489/4218/459
s 0
f 4506/4230/470 4507/4231/470 4508/4232/470
f 4506/4230/470 4508/4232/470 4509/4233/470
f 4510/4234/28 4511/4235/28 4512/4236/28
f 4510/4234/28 4512/4236/28 4513/4237/28
s 1
f 4514/4238/471 4515/4239/375 4516/4240/374
f 4514/4238/471 4516/4240/374 4517/4241/472
f 4518/4242/473 4519/4243/474 4520/4244/475
f 4518/4242/473 4520/4244/475 4521/4245/473
f 4522/4246/476 4523/4247/476 4524/4248/477
f 4522/4246/476 4524/4248/477 4525/4249/478
f 4526/4250/479 4527/4251/480 4528/4252/481
f 4526/4250/479 4528/4252/481 4529/4253/482
f 4530/4254/386 4531/4255/389 4532/4256/483
f 4530/4254/386 4532/4256/483 4533/4257/484
f 4534/4258/390 4515/4239/375 4514/4238/471
f 4534/4258/390 4514/4238/471 4535/4259/485
f 4527/4251/480 4536/4260/26 4537/4261/26
f 4527/4251/480 4537/4261/26 4528/4252/481
f 4538/4262/486 4539/4263/487 4540/4247/488
f 4538/4262/486 4540/4247/488 4541/4246/489
f 4519/4243/474 4542/4264/490 4543/4265/491
f 4519/4243/474 4543/4265/491 4520/4244/475
f 4527/4251/480 4544/4266/26 4545/4267/26
f 4527/4251/480 4545/4267/26 4536/4260/26
f 4546/4240/179 4547/4268/179 4548/4269/492
f 4546/4240/179 4548/4269/492 4549/4241/493
s 0
f 4550/4265/494 4551/4270/494 4552/4271/494
f 4550/4265/494 4552/4271/494 4553/4244/494
f 4554/4212/26 4555/4215/26 4556/4216/26
f 4554/4212/26 4556/4216/26 4557/4272/26
s 1
f 4558/4273/401 4559/4274/403 4560/4235/402
f 4558/4273/401 4560/4235/402 4561/4234/402
f 4562/4228/495 4563/4275/495 4564/4276/495
f 4562/4228/495 4564/4276/495 4565/4229/496
f 4566/4232/497 4567/4277/497 4568/4278/497
f 4566/4232/497 4568/4278/497 4569/4233/497
s 0
f 4570/4279/27 4571/4280/27 4572/4281/27
f 4570/4279/27 4572/4281/27 4573/4282/27
f 4574/4283/28 4510/4234/28 4513/4237/28
f 4574/4283/28 4513/4237/28 4575/4284/28
s 1
f 4532/4256/483 4576/4285/498 4577/4286/499
f 4532/4256/483 4577/4286/499 4533/4257/484
f 4514/4238/471 4578/4287/500 4579/4288/501
f 4514/4238/471 4579/4288/501 4535/4259/485
f 4578/4287/500 4514/4238/471 4517/4241/472
f 4578/4287/500 4517/4241/472 4580/4289/502
f 4548/4269/492 4581/4290/503 4582/4289/503
f 4548/4269/492 4582/4289/503 4549/4241/493
f 4583/4291/504 4584/4292/505 4538/4262/486
f 4583/4291/504 4538/4262/486 4541/4246/489
s 0
f 4585/4293/506 4586/4294/506 4587/4295/506
f 4585/4293/506 4587/4295/506 4588/4296/506
s 1
f 4589/4297/507 4590/4298/508 4591/4299/508
f 4589/4297/507 4591/4299/508 4592/4300/509
s 0
f 4593/4301/510 4594/4302/510 4595/4303/510
f 4593/4301/510 4595/4303/510 4596/4304/510
s 1
f 4597/4305/511 4598/4306/511 4599/4304/511
f 4597/4305/511 4599/4304/511 4600/4303/511
f 4601/4283/402 4602/4307/423 4558/4273/401
f 4601/4283/402 4558/4273/401 4561/4234/402
s 0
f 4603/4308/27 4604/4309/27 4605/4310/27
f 4603/4308/27 4605/4310/27 4606/4311/27
f 4607/4229/26 4608/4312/26 4609/4313/26
f 4607/4229/26 4609/4313/26 4610/4226/26
s 1
f 4611/4314/512 4612/4315/512 4613/4316/513
f 4611/4314/512 4613/4316/513 4614/4317/513
s 0
f 4615/4311/514 4616/4310/514 4617/4318/514
f 4615/4311/514 4617/4318/514 4618/4319/514
f 4619/4320/515 4620/4321/515 4621/4322/515
f 4619/4320/515 4621/4322/515 4622/4323/515
f 4623/4276/516 4624/4324/516 4625/4312/516
f 4623/4276/516 4625/4312/516 4626/4229/516
s 1
f 4627/4325/431 4628/4320/517 4629/4323/432
f 4627/4325/431 4629/4323/432 4630/4326/403
f 4631/4320/434 4627/4325/431 4632/4327/423
f 4631/4320/434 4632/4327/423 4633/4328/434
s 0
f 4575/4284/28 4634/4329/28 4635/4330/28
f 4575/4284/28 4635/4330/28 4574/4283/28
f 4636/4331/28 4637/4332/28 4574/4283/28
f 4636/4331/28 4574/4283/28 4635/4330/28
f 4638/4333/435 4639/4334/435 4640/4332/435
f 4638/4333/435 4640/4332/435 4641/4331/435
f 4642/4335/184 4643/4336/184 4644/4337/184
f 4642/4335/184 4644/4337/184 4645/4338/184
f 4646/4339/184 4642/4335/184 4645/4338/184
f 4646/4339/184 4645/4338/184 4647/4340/184
s 1
f 4648/4341/436 4649/4342/19 4650/4343/19
f 4648/4341/436 4650/4343/19 4651/4344/436
f 4652/4345/437 4648/4341/436 4651/4344/436
f 4652/4345/437 4651/4344/436 4653/4346/437
f 4654/4347/19 4655/4348/19 4652/4345/437
f 4654/4347/19 4652/4345/437 4653/4346/437
s 0
f 4656/4349/19 4657/4350/19 4658/4348/19
f 4656/4349/19 4658/4348/19 4659/4347/19
f 4660/4351/438 4661/4352/438 4662/4350/438
f 4660/4351/438 4662/4350/438 4663/4349/438
f 4664/4353/439 4665/4354/439 4666/4355/439
f 4664/4353/439 4666/4355/439 4667/4356/439
f 4668/4357/440 4669/4358/440 4670/4359/440
f 4668/4357/440 4670/4359/440 4671/4360/440
f 4672/4361/179 4673/4362/179 4674/4363/179
f 4672/4361/179 4674/4363/179 4675/4364/179
f 4676/4284/441 4677/4286/441 4678/4365/441
f 4676/4284/441 4678/4365/441 4679/4329/441
s 1
f 4680/4301/518 4589/4297/507 4592/4300/509
f 4680/4301/518 4592/4300/509 4681/4302/518
f 4613/4316/513 4682/4309/519 4683/4308/519
f 4613/4316/513 4683/4308/519 4614/4317/513
f 4524/4248/477 4684/4231/520 4685/4230/520
f 4524/4248/477 4685/4230/520 4525/4249/478
s 0
f 4686/4226/521 4687/4313/521 4688/4366/521
f 4686/4226/521 4688/4366/521 4689/4250/521
s 1
f 4690/4226/522 4526/4250/479 4529/4253/482
f 4690/4226/522 4529/4253/482 4691/4227/523
f 4692/4236/449 4530/4254/386 4533/4257/484
f 4692/4236/449 4533/4257/484 4693/4237/524
f 4577/4286/499 4694/4284/525 4693/4237/524
f 4577/4286/499 4693/4237/524 4533/4257/484
f 4695/4367/469 4504/4223/469 4489/4218/459
f 4695/4367/469 4489/4218/459 4696/4368/469
f 4488/4217/458 4697/4369/526 4698/4368/526
f 4488/4217/458 4698/4368/526 4489/4218/459
s 0
f 4491/4219/460 4699/4370/460 4700/4369/460
s 1
f 4491/4219/460 4700/4369/460 4488/4217/458
s 0
f 4701/4371/184 4646/4339/184 4647/4340/184
f 4701/4371/184 4647/4340/184 4702/4372/184
f 4666/4355/439 4703/4373/439 4704/4374/439
f 4666/4355/439 4704/4374/439 4667/4356/439
s 1
f 4705/4375/527 4706/4376/527 4496/4224/463
f 4705/4375/527 4496/4224/463 4499/4220/466
f 4707/4367/469 4708/4375/469 4492/4220/461
f 4707/4367/469 4492/4220/461 4495/4223/461
s 0
f 4709/4266/528 4710/4251/528 4711/4250/528
f 4709/4266/528 4711/4250/528 4712/4366/528
f 4634/4329/28 4457/4191/28 4456/4190/28
f 4634/4329/28 4456/4190/28 4635/4330/28
f 4458/4192/28 4636/4331/28 4635/4330/28
f 4458/4192/28 4635/4330/28 4456/4190/28
f 4459/4193/435 4638/4333/435 4641/4331/435
f 4459/4193/435 4641/4331/435 4460/4192/435
f 4644/4337/184 4462/4195/184 4461/4194/184
f 4644/4337/184 4461/4194/184 4645/4338/184
f 4645/4338/184 4461/4194/184 4463/4196/184
f 4645/4338/184 4463/4196/184 4647/4340/184
f 4464/4197/184 4702/4372/184 4647/4340/184
f 4464/4197/184 4647/4340/184 4463/4196/184
s 1
f 4650/4343/19 4466/4199/19 4465/4198/436
f 4650/4343/19 4465/4198/436 4651/4344/436
f 4651/4344/436 4465/4198/436 4467/4200/455
f 4651/4344/436 4467/4200/455 4653/4346/437
f 4468/4201/19 4654/4347/19 4653/4346/437
f 4468/4201/19 4653/4346/437 4467/4200/455
s 0
f 4469/4202/19 4656/4349/19 4659/4347/19
f 4469/4202/19 4659/4347/19 4470/4201/19
f 4471/4203/438 4660/4351/438 4663/4349/438
f 4471/4203/438 4663/4349/438 4472/4202/438
f 4667/4356/439 4704/4374/439 4474/4205/439
f 4667/4356/439 4474/4205/439 4473/4204/439
f 4475/4206/439 4664/4353/439 4667/4356/439
f 4475/4206/439 4667/4356/439 4473/4204/439
f 4670/4359/440 4477/4208/440 4476/4207/440
f 4670/4359/440 4476/4207/440 4671/4360/440
f 4478/4209/179 4672/4361/179 4675/4364/179
f 4478/4209/179 4675/4364/179 4479/4210/179
f 4678/4365/441 4481/4211/441 4480/4191/441
f 4678/4365/441 4480/4191/441 4679/4329/441
f 4713/4377/27 4714/4378/27 4715/4379/27
f 4713/4377/27 4715/4379/27 4716/4380/27
f 4717/4381/28 4718/4382/28 4719/4383/28
f 4717/4381/28 4719/4383/28 4720/4384/28
f 4721/4385/26 4722/4386/26 4723/4387/26
f 4721/4385/26 4723/4387/26 4724/4388/26
s 1
f 4725/4389/529 4726/4390/529 4727/4391/530
f 4725/4389/529 4727/4391/530 4728/4392/531
s 0
f 4729/4393/184 4730/4394/184 4731/4395/184
f 4729/4393/184 4731/4395/184 4732/4396/184
f 4733/4397/179 4734/4398/179 4735/4399/179
f 4733/4397/179 4735/4399/179 4736/4400/179
f 4737/4401/28 4738/4402/28 4718/4382/28
f 4737/4401/28 4718/4382/28 4717/4381/28
f 4739/4403/184 4740/4404/184 4730/4394/184
f 4739/4403/184 4730/4394/184 4729/4393/184
s 1
f 4728/4392/531 4727/4391/530 4741/4405/532
f 4728/4392/531 4741/4405/532 4742/4406/532
s 0
f 4736/4400/179 4735/4399/179 4743/4407/179
f 4736/4400/179 4743/4407/179 4744/4408/179
f 4745/4409/27 4746/4410/27 4714/4378/27
f 4745/4409/27 4714/4378/27 4713/4377/27
f 4740/4404/184 4747/4411/184 4748/4412/184
f 4740/4404/184 4748/4412/184 4730/4394/184
f 4749/4413/184 4731/4395/184 4730/4394/184
f 4749/4413/184 4730/4394/184 4748/4412/184
f 4724/4388/26 4723/4387/26 4750/4414/26
f 4724/4388/26 4750/4414/26 4751/4415/26
f 4752/4416/179 4753/4417/179 4754/4418/179
f 4752/4416/179 4754/4418/179 4755/4419/179
f 4756/4420/179 4757/4421/179 4755/4419/179
f 4756/4420/179 4755/4419/179 4754/4418/179
f 4758/4422/27 4759/4423/27 4746/4410/27
f 4758/4422/27 4746/4410/27 4745/4409/27
f 4747/4411/184 4760/4424/184 4761/4425/184
f 4747/4411/184 4761/4425/184 4748/4412/184
f 4762/4426/184 4749/4413/184 4748/4412/184
f 4762/4426/184 4748/4412/184 4761/4425/184
f 4751/4415/26 4750/4414/26 4763/4427/26
f 4751/4415/26 4763/4427/26 4764/4428/26
f 4765/4429/179 4766/4430/179 4767/4431/179
f 4765/4429/179 4767/4431/179 4768/4432/179
f 4769/4433/179 4770/4434/179 4768/4432/179
f 4769/4433/179 4768/4432/179 4767/4431/179
f 4771/4435/529 4772/4436/529 4726/4390/529
f 4771/4435/529 4726/4390/529 4725/4389/529
f 4773/4437/184 4749/4413/184 4762/4426/184
f 4773/4437/184 4762/4426/184 4774/4438/184
f 4775/4439/184 4731/4395/184 4749/4413/184
f 4775/4439/184 4749/4413/184 4773/4437/184
f 4732/4396/184 4731/4395/184 4775/4439/184
f 4732/4396/184 4775/4439/184 4776/4440/184
f 4720/4384/28 4719/4383/28 4777/4441/28
f 4720/4384/28 4777/4441/28 4778/4442/28
f 4779/4443/179 4734/4398/179 4733/4397/179
f 4779/4443/179 4733/4397/179 4780/4444/179
f 4781/4445/179 4765/4429/179 4734/4398/179
f 4781/4445/179 4734/4398/179 4779/4443/179
f 4782/4446/179 4766/4430/179 4765/4429/179
f 4782/4446/179 4765/4429/179 4781/4445/179
f 4783/4447/28 4784/4448/28 4738/4402/28
f 4783/4447/28 4738/4402/28 4737/4401/28
f 4785/4449/184 4740/4404/184 4739/4403/184
f 4785/4449/184 4739/4403/184 4786/4450/184
f 4787/4451/184 4747/4411/184 4740/4404/184
f 4787/4451/184 4740/4404/184 4785/4449/184
f 4788/4452/184 4760/4424/184 4747/4411/184
f 4788/4452/184 4747/4411/184 4787/4451/184
f 4742/4406/532 4741/4405/532 4789/4453/532
f 4742/4406/532 4789/4453/532 4790/4454/532
f 4791/4455/179 4770/4434/179 4769/4433/179
f 4791/4455/179 4769/4433/179 4792/4456/179
f 4793/4457/179 4743/4407/179 4770/4434/179
f 4793/4457/179 4770/4434/179 4791/4455/179
f 4744/4408/179 4743/4407/179 4793/4457/179
f 4744/4408/179 4793/4457/179 4794/4458/179
f 4795/4459/27 4796/4460/27 4797/4461/27
f 4795/4459/27 4797/4461/27 4798/4462/27
f 4799/4463/533 4800/4464/533 4801/4465/533
f 4799/4463/533 4801/4465/533 4802/4466/533
f 4803/4467/534 4804/4468/534 4805/4469/534
f 4803/4467/534 4805/4469/534 4806/4470/534
f 4807/4471/26 4808/4472/26 4809/4473/26
f 4807/4471/26 4809/4473/26 4810/4474/26
f 4811/4475/535 4812/4467/535 4813/4470/535
f 4811/4475/535 4813/4470/535 4814/4476/535
f 4815/4464/536 4816/4477/536 4817/4478/536
f 4815/4464/536 4817/4478/536 4818/4465/536
f 4819/4479/26 4820/4480/26 4821/4481/26
f 4819/4479/26 4821/4481/26 4822/4482/26
f 4823/4483/28 4824/4484/28 4825/4485/28
f 4823/4483/28 4825/4485/28 4826/4486/28
f 4827/4487/27 4828/4488/27 4829/4489/27
f 4827/4487/27 4829/4489/27 4830/4490/27
s 1
f 4831/4491/537 4832/4492/538 4833/4493/539
f 4831/4491/537 4833/4493/539 4834/4494/537
s 0
f 4835/4495/184 4836/4496/184 4837/4497/184
f 4835/4495/184 4837/4497/184 4838/4498/184
f 4839/4499/179 4840/4500/179 4841/4501/179
f 4839/4499/179 4841/4501/179 4842/4502/179
f 4843/4503/28 4823/4483/28 4826/4486/28
f 4843/4503/28 4826/4486/28 4844/4504/28
f 4845/4505/184 4835/4495/184 4838/4498/184
f 4845/4505/184 4838/4498/184 4846/4506/184
s 1
f 4832/4492/538 4847/4507/540 4848/4508/540
f 4832/4492/538 4848/4508/540 4833/4493/539
s 0
f 4840/4500/179 4849/4509/179 4850/4510/179
f 4840/4500/179 4850/4510/179 4841/4501/179
f 4851/4511/26 4819/4479/26 4822/4482/26
f 4851/4511/26 4822/4482/26 4852/4512/26
f 4846/4506/184 4838/4498/184 4853/4513/184
f 4846/4506/184 4853/4513/184 4854/4514/184
f 4855/4515/184 4853/4513/184 4838/4498/184
f 4855/4515/184 4838/4498/184 4837/4497/184
f 4828/4488/27 4856/4516/27 4857/4517/27
f 4828/4488/27 4857/4517/27 4829/4489/27
f 4858/4518/179 4859/4519/179 4860/4520/179
f 4858/4518/179 4860/4520/179 4861/4521/179
f 4862/4522/179 4860/4520/179 4859/4519/179
f 4862/4522/179 4859/4519/179 4863/4523/179
f 4864/4524/26 4851/4511/26 4852/4512/26
f 4864/4524/26 4852/4512/26 4865/4525/26
f 4854/4514/184 4853/4513/184 4866/4526/184
f 4854/4514/184 4866/4526/184 4867/4527/184
f 4868/4528/184 4866/4526/184 4853/4513/184
f 4868/4528/184 4853/4513/184 4855/4515/184
f 4856/4516/27 4869/4529/27 4870/4530/27
f 4856/4516/27 4870/4530/27 4857/4517/27
f 4871/4531/179 4872/4532/179 4873/4533/179
f 4871/4531/179 4873/4533/179 4874/4534/179
f 4875/4535/179 4873/4533/179 4872/4532/179
f 4875/4535/179 4872/4532/179 4876/4536/179
f 4877/4537/537 4831/4491/537 4834/4494/537
f 4877/4537/537 4834/4494/537 4878/4538/537
f 4879/4539/184 4880/4540/184 4868/4528/184
f 4879/4539/184 4868/4528/184 4855/4515/184
f 4881/4541/184 4879/4539/184 4855/4515/184
f 4881/4541/184 4855/4515/184 4837/4497/184
f 4836/4496/184 4882/4542/184 4881/4541/184
f 4836/4496/184 4881/4541/184 4837/4497/184
f 4824/4484/28 4883/4543/28 4884/4544/28
f 4824/4484/28 4884/4544/28 4825/4485/28
f 4885/4545/179 4886/4546/179 4839/4499/179
f 4885/4545/179 4839/4499/179 4842/4502/179
f 4887/4547/179 4885/4545/179 4842/4502/179
f 4887/4547/179 4842/4502/179 4871/4531/179
f 4888/4548/179 4887/4547/179 4871/4531/179
f 4888/4548/179 4871/4531/179 4874/4534/179
f 4889/4549/28 4843/4503/28 4844/4504/28
f 4889/4549/28 4844/4504/28 4890/4550/28
f 4891/4551/184 4892/4552/184 4845/4505/184
f 4891/4551/184 4845/4505/184 4846/4506/184
f 4893/4553/184 4891/4551/184 4846/4506/184
f 4893/4553/184 4846/4506/184 4854/4514/184
f 4894/4554/184 4893/4553/184 4854/4514/184
f 4894/4554/184 4854/4514/184 4867/4527/184
f 4847/4507/540 4895/4555/540 4896/4556/540
f 4847/4507/540 4896/4556/540 4848/4508/540
f 4897/4557/179 4898/4558/179 4875/4535/179
f 4897/4557/179 4875/4535/179 4876/4536/179
f 4899/4559/179 4897/4557/179 4876/4536/179
f 4899/4559/179 4876/4536/179 4850/4510/179
f 4849/4509/179 4900/4560/179 4899/4559/179
f 4849/4509/179 4899/4559/179 4850/4510/179
f 4901/4561/26 4902/4562/26 4903/4563/26
f 4901/4561/26 4903/4563/26 4904/4564/26
f 4905/4565/541 4906/4566/541 4907/4567/541
f 4905/4565/541 4907/4567/541 4908/4568/541
f 4909/4569/542 4910/4570/542 4911/4571/542
f 4909/4569/542 4911/4571/542 4912/4572/542
f 4913/4573/27 4914/4574/27 4915/4575/27
f 4913/4573/27 4915/4575/27 4916/4576/27
f 4917/4577/543 4918/4578/543 4919/4570/543
f 4917/4577/543 4919/4570/543 4920/4569/543
f 4921/4568/544 4922/4567/544 4923/4579/544
f 4921/4568/544 4923/4579/544 4924/4580/544
