# Blender 5.2.2 LTS
# www.blender.org
mtllib CI1.mtl
o Object001_02_-_Default_0
v 26.193275 1.209179 -36.641075
v 26.193285 1.209178 -39.769455
v 24.785059 1.209178 -39.769466
v 24.785059 1.209179 -36.641083
v 24.785059 1.209178 -39.769466
v 26.193285 1.209178 -39.769455
v 26.193285 0.378473 -39.769455
v 24.785059 0.378473 -39.769466
v 24.785059 1.209178 -39.769466
v 24.785059 0.378473 -39.769466
v 24.785059 0.378474 -36.641083
v 24.785059 1.209179 -36.641083
v 26.193275 1.209179 -32.336098
v 26.193275 0.378474 -32.336098
v 26.193275 0.378474 -36.641075
v 26.193275 0.378474 -36.641075
v 26.193275 1.209179 -36.641075
v 26.193275 1.209179 -32.336098
v 24.785059 1.209179 -36.641083
v 24.785059 0.378474 -36.641083
v 24.785057 0.378474 -32.336098
v 24.785057 1.209179 -32.336098
v 26.193275 1.209179 -36.641075
v 26.193275 0.378474 -36.641075
v 26.193285 0.378473 -39.769455
v 26.193285 0.378473 -39.769455
v 26.193285 1.209178 -39.769455
v 26.193275 1.209179 -36.641075
v 26.193275 2.072885 -36.641068
v 26.193275 2.072885 -32.336090
v 26.193275 1.209179 -32.336098
v 26.193275 1.209179 -32.336098
v 26.193275 1.209179 -36.641075
v 26.193275 2.072885 -36.641068
v 24.785053 2.072885 -32.336098
v 24.785059 2.072885 -36.641075
v 24.785059 1.209179 -36.641083
v 24.785059 1.209179 -36.641083
v 24.785057 1.209179 -32.336098
v 24.785053 2.072885 -32.336098
v 24.785059 2.072885 -36.641075
v 26.193275 2.072885 -36.641068
v 26.193275 1.209179 -36.641075
v 24.785059 1.209179 -36.641083
v 26.193275 3.608103 -37.409195
v 26.193272 3.608104 -32.302612
v 26.193275 2.072885 -32.336090
v 26.193275 2.072885 -32.336090
v 26.193275 2.072885 -36.641068
v 26.193275 3.608103 -37.409195
v 24.785057 3.608104 -32.302612
v 24.785055 3.608103 -37.409195
v 24.785059 2.072885 -36.641075
v 24.785059 2.072885 -36.641075
v 24.785053 2.072885 -32.336098
v 24.785057 3.608104 -32.302612
v 24.785055 3.608103 -37.409195
v 26.193275 3.608103 -37.409195
v 26.193275 2.072885 -36.641068
v 26.193275 2.072885 -36.641068
v 24.785059 2.072885 -36.641075
v 24.785055 3.608103 -37.409195
v 26.193275 6.995758 -37.409195
v 26.193272 6.995758 -32.302612
v 26.193272 3.608104 -32.302612
v 26.193272 3.608104 -32.302612
v 26.193275 3.608103 -37.409195
v 26.193275 6.995758 -37.409195
v 24.785057 6.995758 -32.302612
v 24.785055 6.995758 -37.409195
v 24.785055 3.608103 -37.409195
v 24.785055 3.608103 -37.409195
v 24.785057 3.608104 -32.302612
v 24.785057 6.995758 -32.302612
v 24.785055 6.995758 -37.409195
v 26.193275 6.995758 -37.409195
v 26.193275 3.608103 -37.409195
v 24.785055 3.608103 -37.409195
v 26.193272 8.502452 -36.288769
v 26.193272 8.502453 -32.313396
v 26.193272 6.995758 -32.302612
v 26.193272 6.995758 -32.302612
v 26.193275 6.995758 -37.409195
v 26.193272 8.502452 -36.288769
v 24.785049 8.502453 -32.313396
v 24.785055 8.502452 -36.288769
v 24.785055 6.995758 -37.409195
v 24.785055 6.995758 -37.409195
v 24.785057 6.995758 -32.302612
v 24.785049 8.502453 -32.313396
v 24.785055 8.502452 -36.288769
v 26.193272 8.502452 -36.288769
v 26.193275 6.995758 -37.409195
v 26.193275 6.995758 -37.409195
v 24.785055 6.995758 -37.409195
v 26.193272 16.204489 -36.288769
v 26.193279 16.201614 -34.037842
v 26.193272 8.502453 -32.313396
v 26.193272 16.204489 -36.288769
v 24.785049 16.201614 -34.037842
v 24.785055 16.204489 -36.288769
v 24.785055 8.502452 -36.288769
v 24.785055 8.502452 -36.288769
v 24.785049 8.502453 -32.313396
v 24.785049 16.201614 -34.037842
v 24.785055 16.204489 -36.288769
v 26.193272 16.204489 -36.288769
v 26.193272 8.502452 -36.288769
v 24.785055 8.502452 -36.288769
v 26.193279 16.201614 -34.037842
v 26.193272 16.204489 -36.288769
v 26.193272 17.198904 -36.969044
v 26.193272 17.198904 -36.969044
v 26.193275 17.232012 -34.014748
v 26.193279 16.201614 -34.037842
v 24.785049 16.201614 -34.037842
v 24.785053 17.232012 -34.014748
v 24.785055 17.198904 -36.969051
v 24.785055 17.198904 -36.969051
v 24.785055 16.204489 -36.288769
v 24.785049 16.201614 -34.037842
v 24.785055 17.198904 -36.969051
v 26.193272 17.198904 -36.969044
v 26.193272 16.204489 -36.288769
v 26.193272 16.204489 -36.288769
v 24.785055 16.204489 -36.288769
v 24.785055 17.198904 -36.969051
v 24.785055 19.625582 -36.969055
v 26.193272 19.625582 -36.969044
v 26.193272 17.198904 -36.969044
v 24.785055 17.198904 -36.969051
v 26.193281 20.774145 -35.820484
v 26.193272 19.625582 -36.969044
v 24.785055 19.625582 -36.969055
v 24.785055 19.625582 -36.969055
v 24.785057 20.774145 -35.820484
v 26.193281 20.774145 -35.820484
v 26.193275 17.232012 -34.014748
v 26.193272 17.198904 -36.969044
v 26.193272 19.625582 -36.969044
v 26.193275 17.232012 -34.014748
v 26.193272 19.625582 -36.969044
v 26.193272 19.622362 -23.852791
v 26.193275 18.401768 -22.860460
v 26.193275 17.232012 -34.014748
v 26.193272 19.622362 -23.852791
v 26.193274 19.348173 -13.835976
v 26.193275 18.401768 -22.860460
v 26.193272 19.622362 -23.852791
v 26.193274 19.348173 -13.835976
v 26.193272 19.622362 -23.852791
v 26.193272 19.619894 -13.791100
v 26.193272 19.619894 -13.791100
v 26.193272 19.622362 -23.852791
v 26.193272 19.625582 -36.969044
v 26.193272 19.625582 -36.969044
v 26.193281 20.774145 -35.820484
v 26.193275 20.774147 -23.267555
v 26.193272 19.619894 -13.791100
v 26.193272 19.625582 -36.969044
v 26.193275 20.774147 -23.267555
v 26.193272 19.619894 -13.791100
v 26.193275 20.774147 -23.267555
v 26.193274 20.774149 -13.399271
v 26.193275 20.774147 -23.267555
v 26.193281 20.774145 -35.820484
v 24.785057 20.774145 -35.820484
v 26.193274 20.774149 -13.399271
v 24.785053 20.774147 -23.267555
v 24.785048 20.774149 -13.355696
v 24.785053 20.774147 -23.267555
v 24.785057 20.774145 -35.820484
v 24.785055 19.625582 -36.969055
v 24.785048 20.774149 -13.355696
v 24.785053 20.774147 -23.267555
v 24.785055 19.625582 -36.969055
v 24.785048 20.774149 -13.355696
v 24.785055 19.625582 -36.969055
v 24.785053 19.622368 -23.852777
v 24.785048 20.774149 -13.355696
v 24.785053 19.622368 -23.852777
v 24.785049 19.619783 -13.289709
v 24.785055 19.625582 -36.969055
v 24.785055 17.198904 -36.969051
v 24.785053 17.232012 -34.014748
v 24.785053 19.622368 -23.852777
v 24.785055 19.625582 -36.969055
v 24.785053 17.232012 -34.014748
v 24.785053 19.622368 -23.852777
v 24.785053 17.232012 -34.014748
v 24.785049 18.449520 -22.405167
v 24.785049 19.619783 -13.289709
v 24.785053 19.622368 -23.852777
v 24.785049 18.449520 -22.405167
v 24.785049 19.619783 -13.289709
v 24.785049 18.449520 -22.405167
v 24.785049 19.408201 -13.263639
v 27.298660 93.143051 19.367611
v 27.298660 93.143051 6.962730
v 11.008516 104.850365 6.962727
v 11.008518 104.850365 19.367607
v 27.249813 70.435020 19.367615
v 27.249813 70.435020 6.962734
v 27.298660 93.143051 6.962730
v 27.298660 93.143051 19.367611
v 10.956921 57.245834 19.367615
v 10.956923 57.245834 6.962734
v 27.249813 70.435020 6.962734
v 27.249813 70.435020 19.367615
v 12.726982 93.103127 5.263824
v 12.747976 101.447647 5.263821
v 25.548714 92.248085 5.263824
v 12.747976 101.447647 21.066513
v 12.726980 93.103127 21.066517
v 25.548714 92.248085 21.066517
v 25.503588 71.270416 21.066517
v 12.726286 70.409744 21.066521
v 12.710890 60.914654 21.066525
v 12.710890 60.914654 5.263828
v 12.726286 70.409744 5.263824
v 25.503590 71.270416 5.263821
v 12.747976 101.447647 5.263821
v 12.726982 93.103127 5.263824
v 10.978966 93.105354 6.962730
v 11.008516 104.850365 6.962727
v 25.548714 92.248085 5.263824
v 12.747976 101.447647 5.263821
v 11.008516 104.850365 6.962727
v 27.298660 93.143051 6.962730
v 25.503590 71.270416 5.263821
v 25.548714 92.248085 5.263824
v 27.298660 93.143051 6.962730
v 27.249813 70.435020 6.962734
v 12.710890 60.914654 5.263828
v 25.503590 71.270416 5.263821
v 27.249813 70.435020 6.962734
v 10.956923 57.245834 6.962734
v 12.726286 70.409744 5.263824
v 12.710890 60.914654 5.263828
v 10.956923 57.245834 6.962734
v 10.978270 70.411186 6.962734
v 12.726980 93.103127 21.066517
v 12.747976 101.447647 21.066513
v 11.008518 104.850365 19.367607
v 10.978964 93.105354 19.367611
v 12.726286 70.409744 21.066521
v 10.978270 70.411186 19.367611
v 12.710890 60.914654 21.066525
v 10.956921 57.245834 19.367615
v 25.503588 71.270416 21.066517
v 12.710890 60.914654 21.066525
v 10.956921 57.245834 19.367615
v 27.249813 70.435020 19.367615
v 25.548714 92.248085 21.066517
v 25.503588 71.270416 21.066517
v 27.249813 70.435020 19.367615
v 27.298660 93.143051 19.367611
v 12.747976 101.447647 21.066513
v 25.548714 92.248085 21.066517
v 27.298660 93.143051 19.367611
v 11.008518 104.850365 19.367607
v -41.608017 1.110165 53.249634
v -41.939346 1.110166 55.254417
v -40.549973 1.110166 55.484039
v -40.218651 1.110165 53.479256
v -40.549973 1.110166 55.484039
v -41.939346 1.110166 55.254417
v -41.939346 0.462617 55.254417
v -40.549973 0.462617 55.484039
v -40.549973 1.110166 55.484039
v -40.549973 0.462617 55.484039
v -40.218651 0.462617 53.479248
v -40.218651 1.110165 53.479256
v -41.338936 1.110165 51.621437
v -41.338936 0.462617 51.621437
v -41.608025 0.462617 53.249634
v -41.608017 1.110165 53.249634
v -39.949554 0.462617 51.851059
v -39.949554 1.110165 51.851059
v -41.939346 0.462617 55.254417
v -41.939346 1.110166 55.254417
v -41.608017 1.343784 53.249634
v -41.338928 1.343784 51.621437
v -41.338936 1.110165 51.621437
v -41.608017 1.110165 53.249634
v -39.949547 1.343784 51.851059
v -40.218636 1.343785 53.479256
v -40.218651 1.110165 53.479256
v -39.949554 1.110165 51.851059
v -40.218636 1.343785 53.479256
v -41.608017 1.343784 53.249634
v -41.608017 1.110165 53.249634
v -40.218651 1.110165 53.479256
v -41.689362 2.090466 53.741882
v -41.335373 2.090466 51.599983
v -39.945999 2.090466 51.829597
v -40.299980 2.090466 53.971504
v -40.299980 2.090466 53.971504
v -41.689362 2.090466 53.741882
v -41.608017 1.343784 53.249634
v -40.218636 1.343785 53.479256
v -41.689362 3.738112 53.741882
v -41.335373 3.738112 51.599983
v -39.945999 3.738112 51.829597
v -40.299980 3.738113 53.971504
v -40.299980 3.738113 53.971504
v -41.689362 3.738112 53.741882
v -41.689362 2.090466 53.741882
v -40.299980 2.090466 53.971504
v -41.570702 4.470921 53.023865
v -41.336525 4.470921 51.606888
v -41.335373 3.738112 51.599983
v -39.947144 4.470921 51.836502
v -40.181328 4.470921 53.253479
v -39.945999 3.738112 51.829597
v -40.181328 4.470921 53.253479
v -41.570702 4.470921 53.023865
v -41.689362 3.738112 53.741882
v -40.299980 3.738113 53.971504
v -41.570702 5.052505 53.023865
v -41.332306 5.050542 51.581398
v -39.942932 5.050542 51.811012
v -40.181328 5.052505 53.253479
v -40.181328 5.052505 53.253479
v -41.570702 5.052505 53.023865
v -41.570702 4.470921 53.023865
v -40.181328 4.470921 53.253479
v -41.642754 5.731771 53.459824
v -41.329865 5.754385 51.566589
v -39.940483 5.754385 51.796211
v -40.253380 5.731771 53.689430
v -40.253380 5.731771 53.689430
v -41.642754 5.731771 53.459824
v -41.570702 5.052505 53.023865
v -40.181328 5.052505 53.253479
v -40.219330 10.623462 44.847061
v -41.642754 7.389385 53.459824
v -41.521103 8.173946 52.723763
v -40.216141 11.459472 44.827736
v -40.253380 7.389385 53.689430
v -41.642754 7.389385 53.459824
v -41.642754 5.731771 53.459824
v -40.253380 5.731771 53.689430
v -38.826767 11.459472 45.057365
v -40.216141 11.459472 44.827736
v -41.521103 8.173946 52.723763
v -40.131729 8.173946 52.953377
v -41.521103 8.173946 52.723763
v -41.642754 7.389385 53.459824
v -40.253380 7.389385 53.689430
v -40.131729 8.173946 52.953377
v -40.131729 8.173946 52.953377
v -40.253380 7.389385 53.689430
v -38.829964 10.623470 45.076660
v -38.826767 11.459472 45.057365
v -39.940483 5.754385 51.796211
v -38.862663 9.164421 45.274551
v -40.253380 5.731771 53.689430
v -41.329865 5.754385 51.566589
v -41.642754 5.731771 53.459824
v -40.252045 9.164411 45.044952
v -56.935181 1.110164 39.508041
v -58.837036 1.110164 40.223495
v -58.341209 1.110164 41.541565
v -56.439346 1.110164 40.826080
v -58.341209 1.110164 41.541565
v -58.837036 1.110164 40.223495
v -58.837044 0.469011 40.223495
v -58.341209 0.469012 41.541565
v -58.341209 1.110164 41.541565
v -58.341209 0.469012 41.541565
v -56.439354 0.469011 40.826080
v -56.439346 1.110164 40.826080
v -55.390579 1.110163 38.926987
v -55.390594 0.469011 38.926987
v -56.935188 0.469011 39.508041
v -56.935181 1.110164 39.508041
v -54.894753 0.469011 40.245026
v -54.894745 1.110164 40.245026
v -58.837044 0.469011 40.223495
v -58.837036 1.110164 40.223495
v -56.935181 1.343783 39.508049
v -55.390572 1.343783 38.926994
v -55.390579 1.110163 38.926987
v -56.935181 1.110164 39.508041
v -54.894737 1.343783 40.245033
v -56.439339 1.343783 40.826088
v -56.439346 1.110164 40.826080
v -54.894745 1.110164 40.245026
v -56.439339 1.343783 40.826088
v -56.935181 1.343783 39.508049
v -56.935181 1.110164 39.508041
v -56.439346 1.110164 40.826080
v -57.402145 2.090464 39.683731
v -55.370216 2.090464 38.919334
v -54.874382 2.090464 40.237373
v -56.906319 2.090464 41.001762
v -56.906319 2.090464 41.001762
v -57.402145 2.090464 39.683731
v -56.935181 1.343783 39.508049
v -56.439339 1.343783 40.826088
v -57.402145 3.738111 39.683731
v -55.370216 3.738111 38.919334
v -54.874382 3.738111 40.237373
v -56.906319 3.738111 41.001762
v -56.906319 3.738111 41.001762
v -57.402145 3.738111 39.683731
v -57.402145 2.090464 39.683731
v -56.906319 2.090464 41.001762
v -56.720993 4.470919 39.427467
v -55.376762 4.470919 38.921791
v -55.370216 3.738111 38.919334
v -54.880928 4.470919 40.239845
v -56.225159 4.470920 40.745522
v -54.874382 3.738111 40.237373
v -56.225159 4.470920 40.745522
v -56.720993 4.470919 39.427467
v -57.402145 3.738111 39.683731
v -56.906319 3.738111 41.001762
v -56.720993 5.052503 39.427467
v -55.352585 5.050540 38.912697
v -54.856750 5.050540 40.230736
v -56.225159 5.052503 40.745522
v -56.225159 5.052503 40.745522
v -56.720993 5.052503 39.427467
v -56.720993 4.470919 39.427467
v -56.225159 4.470920 40.745522
v -57.134575 5.731769 39.583061
v -55.338547 5.754384 38.907417
v -54.842712 5.754384 40.225456
v -56.638741 5.731770 40.901100
v -56.638741 5.731770 40.901100
v -57.134575 5.731769 39.583061
v -56.720993 5.052503 39.427467
v -56.225159 5.052503 40.745522
v -48.963989 10.623461 36.509399
v -57.134575 7.389383 39.583061
v -56.436302 8.173944 39.320374
v -48.945663 11.459471 36.502495
v -56.638741 7.389384 40.901100
v -57.134575 7.389383 39.583061
v -57.134575 5.731769 39.583061
v -56.638741 5.731770 40.901100
v -48.449837 11.459471 37.820549
v -48.945663 11.459471 36.502495
v -56.436302 8.173944 39.320374
v -55.940460 8.173944 40.638412
v -56.436302 8.173944 39.320374
v -57.134575 7.389383 39.583061
v -56.638741 7.389384 40.901100
v -55.940460 8.173944 40.638412
v -55.940460 8.173944 40.638412
v -56.638741 7.389384 40.901100
v -48.468147 10.623469 37.827415
v -48.449837 11.459471 37.820549
v -54.842712 5.754384 40.225456
v -48.655869 9.164420 37.898048
v -56.638741 5.731770 40.901100
v -55.338547 5.754384 38.907417
v -57.134575 5.731769 39.583061
v -49.151726 9.164410 36.580009
v -0.197151 1.209179 -36.641083
v -0.197155 1.209178 -39.769474
v -1.605377 1.209178 -39.769474
v -1.605373 1.209179 -36.641075
v -1.605377 1.209178 -39.769474
v -0.197155 1.209178 -39.769474
v -0.197155 0.378473 -39.769474
v -1.605377 0.378473 -39.769474
v -1.605377 1.209178 -39.769474
v -1.605377 0.378473 -39.769474
v -1.605373 0.378474 -36.641075
v -1.605373 1.209179 -36.641075
v -0.197159 1.209179 -32.336105
v -0.197159 0.378474 -32.336105
v -0.197151 0.378474 -36.641083
v -0.197151 1.209179 -36.641083
v -1.605381 0.378474 -32.336105
v -1.605381 1.209179 -32.336105
v -0.197155 0.378473 -39.769474
v -0.197155 1.209178 -39.769474
v -0.197151 2.072885 -36.641075
v -0.197155 2.072885 -32.336098
v -1.605373 2.072885 -32.336098
v -1.605377 2.072885 -36.641075
v -1.605377 2.072885 -36.641075
v -0.197151 2.072885 -36.641075
v -0.197151 1.209179 -36.641083
v -1.605373 1.209179 -36.641075
v -0.197151 3.608103 -37.409195
v -0.197155 3.608104 -32.302620
v -1.605377 3.608104 -32.302612
v -1.605377 3.608103 -37.409195
v -1.605377 3.608103 -37.409195
v -0.197151 3.608103 -37.409195
v -0.197151 6.995758 -37.409195
v -0.197155 6.995758 -32.302620
v -1.605377 6.995758 -32.302612
v -1.605377 6.995758 -37.409195
v -1.605377 6.995758 -37.409195
v -0.197151 6.995758 -37.409195
v -0.197151 8.502452 -36.288769
v -0.197155 8.502453 -32.313396
v -1.605381 8.502453 -32.313396
v -1.605377 8.502452 -36.288769
v -1.605377 8.502452 -36.288769
v -0.197151 8.502452 -36.288769
v -0.197151 6.995758 -37.409195
v -1.605377 6.995758 -37.409195
v -0.197151 16.204489 -36.288769
v -0.197159 16.201614 -34.037849
v -1.605377 16.201614 -34.037842
v -1.605377 16.204489 -36.288769
v -1.605377 16.204489 -36.288769
v -0.197151 16.204489 -36.288769
v -0.197151 8.502452 -36.288769
v -1.605377 8.502452 -36.288769
v -0.197159 17.198904 -36.969051
v -0.197155 17.232012 -34.014755
v -1.605377 17.232012 -34.014755
v -1.605377 17.198904 -36.969051
v -1.605377 17.198904 -36.969051
v -0.197159 17.198904 -36.969051
v -0.197151 16.204489 -36.288769
v -1.605377 16.204489 -36.288769
v -0.197159 19.619270 -11.250910
v -0.197159 19.625582 -36.969055
v -0.197155 20.774145 -35.820484
v -0.197159 20.774149 -11.206902
v -1.605377 20.774145 -35.820484
v -1.605377 19.625582 -36.969055
v -1.605385 19.619282 -11.250874
v -1.605385 20.774149 -11.206905
v -1.605377 19.625582 -36.969055
v -0.197159 19.625582 -36.969055
v -0.197159 17.198904 -36.969051
v -1.605377 17.198904 -36.969051
v -1.605385 20.774149 -11.206905
v -0.197159 20.774149 -11.206902
v -0.197155 20.774145 -35.820484
v -1.605377 20.774145 -35.820484
v -0.197155 20.774145 -35.820484
v -0.197159 19.625582 -36.969055
v -1.605377 19.625582 -36.969055
v -1.605377 20.774145 -35.820484
v -1.605377 17.232012 -34.014755
v -1.605377 17.198904 -36.969051
v -0.197155 17.232012 -34.014755
v -0.197159 17.198904 -36.969051
v 12.418198 1.209179 -36.641083
v 12.418182 1.209178 -39.769474
v 11.009974 1.209178 -39.769474
v 11.009968 1.209179 -36.641083
v 11.009974 1.209178 -39.769474
v 12.418182 1.209178 -39.769474
v 12.418182 0.378473 -39.769474
v 11.009974 0.378473 -39.769474
v 11.009974 1.209178 -39.769474
v 11.009974 0.378473 -39.769474
v 11.009968 0.378474 -36.641083
v 11.009968 1.209179 -36.641083
v 12.418182 1.209179 -32.336113
v 12.418182 0.378474 -32.336113
v 12.418198 0.378474 -36.641083
v 12.418198 1.209179 -36.641083
v 11.009972 0.378474 -32.336098
v 11.009972 1.209179 -32.336098
v 12.418182 0.378473 -39.769474
v 12.418182 1.209178 -39.769474
v 12.418194 2.072885 -36.641075
v 12.418188 2.072885 -32.336098
v 11.009968 2.072885 -32.336098
v 11.009968 2.072885 -36.641083
v 11.009968 2.072885 -36.641083
v 12.418194 2.072885 -36.641075
v 12.418198 1.209179 -36.641083
v 11.009968 1.209179 -36.641083
v 12.418192 3.608103 -37.409195
v 12.418194 3.608104 -32.302612
v 11.009968 3.608104 -32.302612
v 11.009972 3.608103 -37.409195
v 11.009972 3.608103 -37.409195
v 12.418192 3.608103 -37.409195
v 12.418192 6.995758 -37.409195
v 12.418194 6.995758 -32.302612
v 11.009968 6.995758 -32.302612
v 11.009972 6.995758 -37.409195
v 11.009972 6.995758 -37.409195
v 12.418192 6.995758 -37.409195
v 12.418194 8.502452 -36.288769
v 12.418190 8.502453 -32.313396
v 11.009968 8.502453 -32.313396
v 11.009972 8.502452 -36.288761
v 11.009972 8.502452 -36.288761
v 12.418194 8.502452 -36.288769
v 12.418192 6.995758 -37.409195
v 11.009972 6.995758 -37.409195
v 12.418194 16.204489 -36.288769
v 12.418190 16.201614 -34.037849
v 11.009968 16.201614 -34.037849
v 11.009972 16.204489 -36.288761
v 11.009972 16.204489 -36.288761
v 12.418194 16.204489 -36.288769
v 12.418194 8.502452 -36.288769
v 11.009972 8.502452 -36.288761
v 12.418188 17.198904 -36.969051
v 12.418194 17.232012 -34.014748
v 11.009968 17.232012 -34.014755
v 11.009972 17.198904 -36.969051
v 11.009972 17.198904 -36.969051
v 12.418188 17.198904 -36.969051
v 12.418194 16.204489 -36.288769
v 11.009972 16.204489 -36.288761
v 12.418186 19.619270 -11.250902
v 12.418188 19.625582 -36.969055
v 12.418190 20.774145 -35.820484
v 12.418186 20.774149 -11.206898
v 11.009966 20.774145 -35.820484
v 11.009972 19.625582 -36.969055
v 11.009964 19.619282 -11.250870
v 11.009962 20.774149 -11.206902
v 11.009972 19.625582 -36.969055
v 12.418188 19.625582 -36.969055
v 12.418188 17.198904 -36.969051
v 11.009972 17.198904 -36.969051
v 11.009962 20.774149 -11.206902
v 12.418186 20.774149 -11.206898
v 12.418190 20.774145 -35.820484
v 11.009966 20.774145 -35.820484
v 12.418190 20.774145 -35.820484
v 12.418188 19.625582 -36.969055
v 11.009972 19.625582 -36.969055
v 11.009966 20.774145 -35.820484
v 11.009968 17.232012 -34.014755
v 11.009972 17.198904 -36.969051
v 12.418194 17.232012 -34.014748
v 12.418188 17.198904 -36.969051
v 41.776848 1.209183 -6.607990
v 44.905231 1.209183 -6.607990
v 44.905231 1.209183 -8.016211
v 41.776852 1.209183 -8.016207
v 44.905231 1.209183 -8.016211
v 44.905231 1.209183 -6.607990
v 44.905231 0.378478 -6.607990
v 44.905231 0.378478 -8.016211
v 44.905231 1.209183 -8.016211
v 44.905231 0.378478 -8.016211
v 41.776852 0.378478 -8.016207
v 41.776852 1.209183 -8.016207
v 37.471867 1.209183 -6.607983
v 37.471867 0.378478 -6.607983
v 41.776848 0.378478 -6.607990
v 41.776848 1.209183 -6.607990
v 37.471859 0.378478 -8.016207
v 37.471859 1.209183 -8.016207
v 44.905231 0.378478 -6.607990
v 44.905231 1.209183 -6.607990
v 41.776844 2.072888 -6.607983
v 37.471867 2.072888 -6.607983
v 37.471859 2.072888 -8.016203
v 41.776848 2.072888 -8.016203
v 41.776848 2.072888 -8.016203
v 41.776844 2.072888 -6.607983
v 41.776848 1.209183 -6.607990
v 41.776852 1.209183 -8.016207
v 42.544964 3.608107 -6.607983
v 37.438377 3.608107 -6.607983
v 37.438377 3.608107 -8.016203
v 42.544964 3.608107 -8.016207
v 42.544964 3.608107 -8.016207
v 42.544964 3.608107 -6.607983
v 42.544964 6.995761 -6.607983
v 37.438377 6.995761 -6.607983
v 37.438377 6.995761 -8.016203
v 42.544964 6.995761 -8.016207
v 42.544964 6.995761 -8.016207
v 42.544964 6.995761 -6.607983
v 41.424530 8.502457 -6.607979
v 37.449158 8.502457 -6.607983
v 37.449158 8.502456 -8.016209
v 41.424530 8.502456 -8.016205
v 41.424530 8.502456 -8.016205
v 41.424530 8.502457 -6.607979
v 42.544964 6.995761 -6.607983
v 42.544964 6.995761 -8.016207
v 41.424530 16.204493 -6.607983
v 39.173607 16.201618 -6.607983
v 39.173607 16.201618 -8.016205
v 41.424530 16.204493 -8.016205
v 41.424530 16.204493 -8.016205
v 41.424530 16.204493 -6.607983
v 41.424530 8.502457 -6.607979
v 41.424530 8.502456 -8.016205
v 42.104809 17.198908 -6.607983
v 39.150509 17.232016 -6.607979
v 39.150509 17.232016 -8.016205
v 42.104809 17.198908 -8.016209
v 42.104809 17.198908 -8.016209
v 42.104809 17.198908 -6.607983
v 41.424530 16.204493 -6.607983
v 41.424530 16.204493 -8.016205
v 16.386673 19.619270 -6.607983
v 42.104809 19.625586 -6.607983
v 40.956245 20.774149 -6.607986
v 16.342669 20.774149 -6.607986
v 40.956249 20.774149 -8.016205
v 42.104809 19.625586 -8.016209
v 16.386641 19.619282 -8.016205
v 16.342674 20.774149 -8.016205
v 42.104809 19.625586 -8.016209
v 42.104809 19.625586 -6.607983
v 42.104809 17.198908 -6.607983
v 42.104809 17.198908 -8.016209
v 16.342674 20.774149 -8.016205
v 16.342669 20.774149 -6.607986
v 40.956245 20.774149 -6.607986
v 40.956249 20.774149 -8.016205
v 40.956245 20.774149 -6.607986
v 42.104809 19.625586 -6.607983
v 42.104809 19.625586 -8.016209
v 40.956249 20.774149 -8.016205
v 39.150509 17.232016 -8.016205
v 42.104809 17.198908 -8.016209
v 39.150509 17.232016 -6.607979
v 42.104809 17.198908 -6.607983
v 41.776840 1.209184 3.892422
v 44.905224 1.209184 3.892418
v 44.905228 1.209184 2.484188
v 41.776848 1.209184 2.484196
v 44.905228 1.209184 2.484188
v 44.905224 1.209184 3.892418
v 44.905224 0.378479 3.892418
v 44.905228 0.378479 2.484188
v 44.905228 1.209184 2.484188
v 44.905228 0.378479 2.484188
v 41.776848 0.378479 2.484196
v 41.776848 1.209184 2.484196
v 37.471867 1.209184 3.892418
v 37.471867 0.378479 3.892418
v 41.776840 0.378479 3.892422
v 41.776840 1.209184 3.892422
v 37.471867 0.378479 2.484188
v 37.471867 1.209184 2.484188
v 44.905224 0.378479 3.892418
v 44.905224 1.209184 3.892418
v 41.776844 2.072890 3.892422
v 37.471863 2.072890 3.892422
v 37.471867 2.072890 2.484196
v 41.776844 2.072890 2.484196
v 41.776844 2.072890 2.484196
v 41.776844 2.072890 3.892422
v 41.776840 1.209184 3.892422
v 41.776848 1.209184 2.484196
v 42.544960 3.608109 3.892422
v 37.438377 3.608109 3.892422
v 37.438381 3.608109 2.484196
v 42.544964 3.608109 2.484196
v 42.544964 3.608109 2.484196
v 42.544960 3.608109 3.892422
v 42.544960 6.995763 3.892422
v 37.438377 6.995763 3.892422
v 37.438381 6.995763 2.484196
v 42.544964 6.995763 2.484196
v 42.544964 6.995763 2.484196
v 42.544960 6.995763 3.892422
v 41.424530 8.502458 3.892426
v 37.449162 8.502458 3.892422
v 37.449158 8.502458 2.484196
v 41.424530 8.502458 2.484196
v 41.424530 8.502458 2.484196
v 41.424530 8.502458 3.892426
v 42.544960 6.995763 3.892422
v 42.544964 6.995763 2.484196
v 41.424530 16.204494 3.892422
v 39.173611 16.201620 3.892418
v 39.173611 16.201620 2.484192
v 41.424530 16.204494 2.484192
v 41.424530 16.204494 2.484192
v 41.424530 16.204494 3.892422
v 41.424530 8.502458 3.892426
v 41.424530 8.502458 2.484196
v 42.104809 17.198910 3.892414
v 39.150513 17.232018 3.892422
v 39.150513 17.232018 2.484192
v 42.104813 17.198910 2.484192
v 42.104813 17.198910 2.484192
v 42.104809 17.198910 3.892414
v 41.424530 16.204494 3.892422
v 41.424530 16.204494 2.484192
v 16.386673 19.619272 3.892418
v 42.104809 19.625587 3.892414
v 40.956249 20.774151 3.892418
v 16.342670 20.774151 3.892418
v 40.956249 20.774151 2.484192
v 42.104813 19.625587 2.484192
v 16.386641 19.619284 2.484192
v 16.342674 20.774151 2.484192
v 42.104813 19.625587 2.484192
v 42.104809 19.625587 3.892414
v 42.104809 17.198910 3.892414
v 42.104813 17.198910 2.484192
v 16.342674 20.774151 2.484192
v 16.342670 20.774151 3.892418
v 40.956249 20.774151 3.892418
v 40.956249 20.774151 2.484192
v 40.956249 20.774151 3.892418
v 42.104809 19.625587 3.892414
v 42.104813 19.625587 2.484192
v 40.956249 20.774151 2.484192
v 39.150513 17.232018 2.484192
v 42.104813 17.198910 2.484192
v 39.150513 17.232018 3.892422
v 42.104809 17.198910 3.892414
v 41.776840 1.209187 23.791000
v 44.905224 1.209187 23.790997
v 44.905228 1.209187 22.382774
v 41.776840 1.209187 22.382778
v 44.905228 1.209187 22.382774
v 44.905224 1.209187 23.790997
v 44.905224 0.378482 23.790997
v 44.905228 0.378482 22.382774
v 44.905228 1.209187 22.382774
v 44.905228 0.378482 22.382774
v 41.776840 0.378482 22.382778
v 41.776840 1.209187 22.382778
v 37.471863 1.209187 23.791000
v 37.471863 0.378482 23.791000
v 41.776840 0.378482 23.791000
v 41.776840 1.209187 23.791000
v 37.471863 0.378482 22.382774
v 37.471863 1.209187 22.382774
v 44.905224 0.378482 23.790997
v 44.905224 1.209187 23.790997
v 41.776840 2.072893 23.791000
v 37.471859 2.072893 23.791000
v 37.471863 2.072892 22.382774
v 41.776840 2.072892 22.382774
v 41.776840 2.072892 22.382774
v 41.776840 2.072893 23.791000
v 41.776840 1.209187 23.791000
v 41.776840 1.209187 22.382778
v 42.544960 3.608112 23.791000
v 37.438374 3.608112 23.791000
v 37.438374 3.608111 22.382774
v 42.544960 3.608111 22.382774
v 42.544960 3.608111 22.382774
v 42.544960 3.608112 23.791000
v 42.544960 6.995766 23.791000
v 37.438374 6.995766 23.791000
v 37.438374 6.995765 22.382774
v 42.544960 6.995765 22.382774
v 42.544960 6.995765 22.382774
v 42.544960 6.995766 23.791000
v 41.424530 8.502460 23.791000
v 37.449154 8.502460 23.790997
v 37.449158 8.502460 22.382774
v 41.424530 8.502460 22.382774
v 41.424530 8.502460 22.382774
v 41.424530 8.502460 23.791000
v 42.544960 6.995766 23.791000
v 42.544960 6.995765 22.382774
v 41.424530 16.204496 23.790997
v 39.173603 16.201622 23.790997
v 39.173607 16.201622 22.382771
v 41.424530 16.204496 22.382771
v 41.424530 16.204496 22.382771
v 41.424530 16.204496 23.790997
v 41.424530 8.502460 23.791000
v 41.424530 8.502460 22.382774
v 42.104809 17.198912 23.790997
v 39.150509 17.232019 23.790997
v 39.150509 17.232019 22.382771
v 42.104809 17.198912 22.382771
v 42.104809 17.198912 22.382771
v 42.104809 17.198912 23.790997
v 41.424530 16.204496 23.790997
v 41.424530 16.204496 22.382771
v 16.386669 19.619274 23.790997
v 42.104809 19.625589 23.790997
v 40.956245 20.774153 23.790997
v 16.342667 20.774153 23.790997
v 40.956245 20.774153 22.382771
v 42.104809 19.625589 22.382771
v 16.386637 19.619286 22.382771
v 16.342670 20.774153 22.382771
v 42.104809 19.625589 22.382771
v 42.104809 19.625589 23.790997
v 42.104809 17.198912 23.790997
v 42.104809 17.198912 22.382771
v 16.342670 20.774153 22.382771
v 16.342667 20.774153 23.790997
v 40.956245 20.774153 23.790997
v 40.956245 20.774153 22.382771
v 40.956245 20.774153 23.790997
v 42.104809 19.625589 23.790997
v 42.104809 19.625589 22.382771
v 40.956245 20.774153 22.382771
v 39.150509 17.232019 22.382771
v 42.104809 17.198912 22.382771
v 39.150509 17.232019 23.790997
v 42.104809 17.198912 23.790997
v 41.776836 1.209188 34.291397
v 44.905224 1.209188 34.291397
v 44.905224 1.209188 32.883171
v 41.776840 1.209188 32.883179
v 44.905224 1.209188 32.883171
v 44.905224 1.209188 34.291397
v 44.905224 0.378483 34.291397
v 44.905224 0.378483 32.883171
v 44.905224 1.209188 32.883171
v 44.905224 0.378483 32.883171
v 41.776840 0.378483 32.883179
v 41.776840 1.209188 32.883179
v 37.471863 1.209188 34.291397
v 37.471863 0.378483 34.291397
v 41.776836 0.378483 34.291397
v 41.776836 1.209188 34.291397
v 37.471863 0.378483 32.883171
v 37.471863 1.209188 32.883171
v 44.905224 0.378483 34.291397
v 44.905224 1.209188 34.291397
v 41.776836 2.072894 34.291397
v 37.471859 2.072894 34.291397
v 37.471859 2.072894 32.883171
v 41.776840 2.072894 32.883171
v 41.776840 2.072894 32.883171
v 41.776836 2.072894 34.291397
v 41.776836 1.209188 34.291397
v 41.776840 1.209188 32.883179
v 42.544956 3.608113 34.291397
v 37.438374 3.608113 34.291397
v 37.438374 3.608113 32.883171
v 42.544956 3.608113 32.883171
v 42.544956 3.608113 32.883171
v 42.544956 3.608113 34.291397
v 42.544956 6.995767 34.291397
v 37.438374 6.995767 34.291397
v 37.438374 6.995767 32.883171
v 42.544956 6.995767 32.883171
v 42.544956 6.995767 32.883171
v 42.544956 6.995767 34.291397
v 41.424526 8.502461 34.291397
v 37.449154 8.502461 34.291397
v 37.449154 8.502461 32.883171
v 41.424526 8.502461 32.883171
v 41.424526 8.502461 32.883171
v 41.424526 8.502461 34.291397
v 42.544956 6.995767 34.291397
v 42.544956 6.995767 32.883171
v 41.424526 16.204498 34.291397
v 39.173607 16.201624 34.291397
v 39.173607 16.201624 32.883179
v 41.424526 16.204498 32.883171
v 41.424526 16.204498 32.883171
v 41.424526 16.204498 34.291397
v 41.424526 8.502461 34.291397
v 41.424526 8.502461 32.883171
v 42.104805 17.198914 34.291397
v 39.150509 17.232021 34.291397
v 39.150509 17.232021 32.883179
v 42.104805 17.198914 32.883171
v 42.104805 17.198914 32.883171
v 42.104805 17.198914 34.291397
v 41.424526 16.204498 34.291397
v 41.424526 16.204498 32.883171
v 16.386669 19.619276 34.291397
v 42.104805 19.625591 34.291397
v 40.956245 20.774155 34.291397
v 16.342667 20.774155 34.291397
v 40.956245 20.774155 32.883179
v 42.104805 19.625591 32.883171
v 16.386637 19.619287 32.883171
v 16.342670 20.774155 32.883171
v 42.104805 19.625591 32.883171
v 42.104805 19.625591 34.291397
v 42.104805 17.198914 34.291397
v 42.104805 17.198914 32.883171
v 16.342670 20.774155 32.883171
v 16.342667 20.774155 34.291397
v 40.956245 20.774155 34.291397
v 40.956245 20.774155 32.883179
v 40.956245 20.774155 34.291397
v 42.104805 19.625591 34.291397
v 42.104805 19.625591 32.883171
v 40.956245 20.774155 32.883179
v 39.150509 17.232021 32.883179
v 42.104805 17.198914 32.883171
v 39.150509 17.232021 34.291397
v 42.104805 17.198914 34.291397
v 28.126293 1.209190 48.369453
v 28.126297 1.209191 51.497841
v 29.534513 1.209191 51.497849
v 29.534515 1.209190 48.369453
v 29.534513 1.209191 51.497849
v 28.126297 1.209191 51.497841
v 28.126297 0.378486 51.497841
v 29.534513 0.378486 51.497849
v 29.534513 1.209191 51.497849
v 29.534513 0.378486 51.497849
v 29.534515 0.378485 48.369453
v 29.534515 1.209190 48.369453
v 28.126289 1.209190 44.064476
v 28.126289 0.378485 44.064476
v 28.126293 0.378485 48.369453
v 28.126293 1.209190 48.369453
v 29.534515 0.378485 44.064468
v 29.534515 1.209190 44.064468
v 28.126297 0.378486 51.497841
v 28.126297 1.209191 51.497841
v 28.126293 2.072896 48.369453
v 28.126291 2.072895 44.064468
v 29.534515 2.072895 44.064468
v 29.534515 2.072896 48.369453
v 29.534515 2.072896 48.369453
v 28.126293 2.072896 48.369453
v 28.126293 1.209190 48.369453
v 29.534515 1.209190 48.369453
v 28.126293 3.608115 49.137573
v 28.126293 3.608114 44.030991
v 29.534517 3.608114 44.030991
v 29.534515 3.608115 49.137566
v 29.534515 3.608115 49.137566
v 28.126293 3.608115 49.137573
v 28.126293 6.995769 49.137573
v 28.126293 6.995768 44.030991
v 29.534517 6.995768 44.030991
v 29.534515 6.995769 49.137566
v 29.534515 6.995769 49.137566
v 28.126293 6.995769 49.137573
v 28.126293 8.502463 48.017143
v 28.126293 8.502463 44.041771
v 29.534517 8.502463 44.041771
v 29.534515 8.502463 48.017143
v 29.534515 8.502463 48.017143
v 28.126293 8.502463 48.017143
v 28.126293 6.995769 49.137573
v 29.534515 6.995769 49.137566
v 28.126293 16.204500 48.017143
v 28.126293 16.201626 45.766220
v 29.534515 16.201626 45.766220
v 29.534515 16.204500 48.017143
v 29.534515 16.204500 48.017143
v 28.126293 16.204500 48.017143
v 28.126293 8.502463 48.017143
v 29.534515 8.502463 48.017143
v 28.126295 17.198915 48.697426
v 28.126293 17.232023 45.743126
v 29.534515 17.232023 45.743126
v 29.534515 17.198915 48.697426
v 29.534515 17.198915 48.697426
v 28.126295 17.198915 48.697426
v 28.126293 16.204500 48.017143
v 29.534515 16.204500 48.017143
v 28.126295 19.619274 22.979275
v 28.126295 19.625593 48.697426
v 28.126295 20.774157 47.548866
v 28.126295 20.774153 22.935272
v 29.534515 20.774157 47.548859
v 29.534515 19.625593 48.697426
v 29.534519 19.619286 22.979244
v 29.534519 20.774153 22.935272
v 29.534515 19.625593 48.697426
v 28.126295 19.625593 48.697426
v 28.126295 17.198915 48.697426
v 29.534515 17.198915 48.697426
v 29.534519 20.774153 22.935272
v 28.126295 20.774153 22.935272
v 28.126295 20.774157 47.548866
v 29.534515 20.774157 47.548859
v 28.126295 20.774157 47.548866
v 28.126295 19.625593 48.697426
v 29.534515 19.625593 48.697426
v 29.534515 20.774157 47.548859
v 29.534515 17.232023 45.743126
v 29.534515 17.198915 48.697426
v 28.126293 17.232023 45.743126
v 28.126295 17.198915 48.697426
v 15.510948 1.209190 48.369453
v 15.510948 1.209191 51.497849
v 16.919167 1.209191 51.497849
v 16.919170 1.209190 48.369453
v 16.919167 1.209191 51.497849
v 15.510948 1.209191 51.497849
v 15.510948 0.378486 51.497849
v 16.919167 0.378486 51.497849
v 16.919167 1.209191 51.497849
v 16.919167 0.378486 51.497849
v 16.919170 0.378485 48.369453
v 16.919170 1.209190 48.369453
v 15.510948 1.209190 44.064476
v 15.510948 0.378485 44.064476
v 15.510948 0.378485 48.369453
v 15.510948 1.209190 48.369453
v 16.919170 0.378485 44.064468
v 16.919170 1.209190 44.064468
v 15.510948 0.378486 51.497849
v 15.510948 1.209191 51.497849
v 15.510948 2.072896 48.369453
v 15.510948 2.072895 44.064476
v 16.919172 2.072895 44.064476
v 16.919170 2.072896 48.369453
v 16.919170 2.072896 48.369453
v 15.510948 2.072896 48.369453
v 15.510948 1.209190 48.369453
v 16.919170 1.209190 48.369453
v 15.510950 3.608115 49.137573
v 15.510948 3.608114 44.030991
v 16.919170 3.608114 44.030991
v 16.919170 3.608115 49.137573
v 16.919170 3.608115 49.137573
v 15.510950 3.608115 49.137573
v 15.510950 6.995769 49.137573
v 15.510948 6.995768 44.030991
v 16.919170 6.995768 44.030991
v 16.919170 6.995769 49.137573
v 16.919170 6.995769 49.137573
v 15.510950 6.995769 49.137573
v 15.510948 8.502463 48.017143
v 15.510948 8.502463 44.041771
v 16.919170 8.502463 44.041771
v 16.919170 8.502463 48.017143
v 16.919170 8.502463 48.017143
v 15.510948 8.502463 48.017143
v 15.510950 6.995769 49.137573
v 16.919170 6.995769 49.137573
v 15.510948 16.204500 48.017143
v 15.510948 16.201626 45.766220
v 16.919170 16.201626 45.766220
v 16.919170 16.204500 48.017143
v 16.919170 16.204500 48.017143
v 15.510948 16.204500 48.017143
v 15.510948 8.502463 48.017143
v 16.919170 8.502463 48.017143
v 15.510950 17.198915 48.697426
v 15.510948 17.232023 45.743126
v 16.919170 17.232023 45.743126
v 16.919172 17.198915 48.697426
v 16.919172 17.198915 48.697426
v 15.510950 17.198915 48.697426
v 15.510948 16.204500 48.017143
v 16.919170 16.204500 48.017143
v 15.510952 19.619274 22.979275
v 15.510950 19.625593 48.697426
v 15.510948 20.774157 47.548866
v 15.510952 20.774153 22.935272
v 16.919172 20.774157 47.548866
v 16.919172 19.625593 48.697426
v 16.919174 19.619286 22.979244
v 16.919172 20.774153 22.935272
v 16.919172 19.625593 48.697426
v 15.510950 19.625593 48.697426
v 15.510950 17.198915 48.697426
v 16.919172 17.198915 48.697426
v 16.919172 20.774153 22.935272
v 15.510952 20.774153 22.935272
v 15.510948 20.774157 47.548866
v 16.919172 20.774157 47.548866
v 15.510948 20.774157 47.548866
v 15.510950 19.625593 48.697426
v 16.919172 19.625593 48.697426
v 16.919172 20.774157 47.548866
v 16.919170 17.232023 45.743126
v 16.919172 17.198915 48.697426
v 15.510948 17.232023 45.743126
v 15.510950 17.198915 48.697426
v 1.735859 1.209190 48.369453
v 1.735870 1.209191 51.497841
v 3.144089 1.209191 51.497841
v 3.144089 1.209190 48.369453
v 3.144089 1.209191 51.497841
v 1.735870 1.209191 51.497841
v 1.735870 0.378486 51.497841
v 3.144089 0.378486 51.497841
v 3.144089 1.209191 51.497841
v 3.144089 0.378486 51.497841
v 3.144089 0.378485 48.369453
v 3.144089 1.209190 48.369453
v 1.735859 1.209190 44.064468
v 1.735859 0.378485 44.064468
v 1.735859 0.378485 48.369453
v 1.735859 1.209190 48.369453
v 3.144077 0.378485 44.064468
v 3.144077 1.209190 44.064468
v 1.735870 0.378486 51.497841
v 1.735870 1.209191 51.497841
v 1.735859 2.072896 48.369453
v 1.735859 2.072895 44.064476
v 3.144089 2.072895 44.064468
v 3.144089 2.072896 48.369453
v 3.144089 2.072896 48.369453
v 1.735859 2.072896 48.369453
v 1.735859 1.209190 48.369453
v 3.144089 1.209190 48.369453
v 1.735859 3.608115 49.137566
v 1.735859 3.608114 44.030983
v 3.144089 3.608114 44.030983
v 3.144089 3.608115 49.137566
v 3.144089 3.608115 49.137566
v 1.735859 3.608115 49.137566
v 1.735859 6.995769 49.137566
v 1.735859 6.995768 44.030983
v 3.144089 6.995768 44.030983
v 3.144089 6.995769 49.137566
v 3.144089 6.995769 49.137566
v 1.735859 6.995769 49.137566
v 1.735859 8.502463 48.017143
v 1.735859 8.502463 44.041771
v 3.144081 8.502463 44.041771
v 3.144081 8.502463 48.017143
v 3.144081 8.502463 48.017143
v 1.735859 8.502463 48.017143
v 1.735859 6.995769 49.137566
v 3.144089 6.995769 49.137566
v 1.735859 16.204500 48.017143
v 1.735859 16.201626 45.766220
v 3.144089 16.201626 45.766220
v 3.144081 16.204500 48.017143
v 3.144081 16.204500 48.017143
v 1.735859 16.204500 48.017143
v 1.735859 8.502463 48.017143
v 3.144081 8.502463 48.017143
v 1.735859 17.198915 48.697426
v 1.735863 17.232023 45.743126
v 3.144089 17.232023 45.743126
v 3.144089 17.198915 48.697426
v 3.144089 17.198915 48.697426
v 1.735859 17.198915 48.697426
v 1.735859 16.204500 48.017143
v 3.144081 16.204500 48.017143
v 1.735863 19.619274 22.979275
v 1.735859 19.625593 48.697426
v 1.735859 20.774157 47.548859
v 1.735863 20.774153 22.935268
v 3.144089 20.774157 47.548859
v 3.144089 19.625593 48.697426
v 3.144089 19.619286 22.979240
v 3.144089 20.774153 22.935272
v 3.144089 19.625593 48.697426
v 1.735859 19.625593 48.697426
v 1.735859 17.198915 48.697426
v 3.144089 17.198915 48.697426
v 3.144089 20.774153 22.935272
v 1.735863 20.774153 22.935268
v 1.735859 20.774157 47.548859
v 3.144089 20.774157 47.548859
v 1.735859 20.774157 47.548859
v 1.735859 19.625593 48.697426
v 3.144089 19.625593 48.697426
v 3.144089 20.774157 47.548859
v 3.144089 17.232023 45.743126
v 3.144089 17.198915 48.697426
v 1.735863 17.232023 45.743126
v 1.735859 17.198915 48.697426
v 53.606960 26.633753 -27.794308
v 53.861279 26.506170 -27.524277
v 55.679512 26.478455 -29.662861
v 55.373894 26.606817 -29.872566
v 53.160995 25.368683 -28.233500
v 54.851883 25.342907 -30.222322
v 55.474159 26.196699 -29.801666
v 53.687527 26.223936 -27.700249
v 54.677082 25.608290 -30.345751
v 53.014740 25.633631 -28.390518
v 53.460022 26.385603 -27.942238
v 55.201000 26.359064 -29.989964
v 52.528381 24.354004 -28.878883
v 52.517826 24.791437 -28.893990
v 54.089844 24.767429 -30.742981
v 54.100395 24.330000 -30.727886
v 57.849670 26.125921 -33.322216
v 56.857952 26.141041 -32.155762
v 57.214851 26.011894 -32.006378
v 58.235348 25.996338 -33.206684
v 56.831615 26.584595 -31.587120
v 57.179543 26.455584 -31.427187
v 51.760178 26.095047 -25.590645
v 51.557137 26.221848 -25.920994
v 50.565430 26.236965 -24.754555
v 50.739674 26.110603 -24.390347
v 52.149239 26.655975 -26.079746
v 52.361252 26.529039 -25.759949
v 56.977909 25.730623 -32.108036
v 56.259892 24.878286 -32.416080
v 57.208927 24.863819 -33.532310
v 57.980667 25.715334 -33.287472
v 51.618011 25.812330 -25.803774
v 50.615250 25.827618 -24.624336
v 50.238182 24.970083 -25.333399
v 51.187206 24.955616 -26.449636
v 51.436150 25.973303 -26.099453
v 51.069511 25.220129 -26.640219
v 50.136505 25.234354 -25.542824
v 50.459007 25.988195 -24.950138
v 56.659111 25.893679 -32.242653
v 57.636250 25.878782 -33.391964
v 56.989555 25.129881 -33.603325
v 56.056545 25.144106 -32.505928
v 55.389137 23.867155 -32.781361
v 55.378586 24.304586 -32.796455
v 56.260891 24.291113 -33.834221
v 56.271446 23.853683 -33.819126
v 55.386749 24.747622 -32.268402
v 55.397308 24.310194 -32.253292
v 50.662544 24.376608 -27.249489
v 50.673100 23.939177 -27.234385
v 49.790791 23.952652 -26.196621
v 49.780235 24.390079 -26.211731
v 51.231468 24.373810 -27.353470
v 51.220917 24.811241 -27.368572
v 56.831615 26.584595 -31.587120
v 56.246868 25.321640 -31.863085
v 56.259892 24.878286 -32.416080
v 56.977909 25.730623 -32.108036
v 56.316788 26.169708 -30.855270
v 56.048515 25.587381 -31.958817
v 56.083164 26.359455 -30.965023
v 56.659111 25.893679 -32.242653
v 56.056545 25.144106 -32.505928
v 55.397308 24.310194 -32.253292
v 52.149239 26.655975 -26.079746
v 51.766003 25.389944 -26.592728
v 52.783051 26.223886 -26.698946
v 51.618011 25.812330 -25.803774
v 51.187206 24.955616 -26.449636
v 51.643303 25.654537 -26.777443
v 51.069511 25.220129 -26.640219
v 51.436150 25.973303 -26.099453
v 52.639709 26.412252 -26.914885
v 51.231468 24.373810 -27.353470
v 53.687527 26.223936 -27.700249
v 55.474159 26.196699 -29.801666
v 55.679512 26.478455 -29.662861
v 53.861279 26.506170 -27.524277
v 54.851883 25.342907 -30.222322
v 53.160995 25.368683 -28.233500
v 52.528381 24.354004 -28.878883
v 54.100395 24.330000 -30.727886
v 55.201000 26.359064 -29.989964
v 53.460022 26.385603 -27.942238
v 53.606960 26.633753 -27.794308
v 55.373894 26.606817 -29.872566
v 53.014740 25.633631 -28.390518
v 54.677082 25.608290 -30.345751
v 54.089844 24.767429 -30.742981
v 52.517826 24.791437 -28.893990
v 57.214851 26.011894 -32.006378
v 56.977909 25.730623 -32.108036
v 57.980667 25.715334 -33.287472
v 58.235348 25.996338 -33.206684
v 56.271446 23.853683 -33.819126
v 57.208927 24.863819 -33.532310
v 56.259892 24.878286 -32.416080
v 55.389137 23.867155 -32.781361
v 55.679512 26.478455 -29.662861
v 55.474159 26.196699 -29.801666
v 56.316788 26.169708 -30.855270
v 57.179543 26.455584 -31.427187
v 55.397308 24.310194 -32.253292
v 56.246868 25.321640 -31.863085
v 54.851883 25.342907 -30.222322
v 54.100395 24.330000 -30.727886
v 51.187206 24.955616 -26.449636
v 50.238182 24.970083 -25.333399
v 49.790791 23.952652 -26.196621
v 50.673100 23.939177 -27.234385
v 50.615250 25.827618 -24.624336
v 51.618011 25.812330 -25.803774
v 51.760178 26.095047 -25.590645
v 50.739674 26.110603 -24.390347
v 53.160995 25.368683 -28.233500
v 51.766003 25.389944 -26.592728
v 51.231468 24.373810 -27.353470
v 52.528381 24.354004 -28.878883
v 52.783051 26.223886 -26.698946
v 53.687527 26.223936 -27.700249
v 53.861279 26.506170 -27.524277
v 52.361252 26.529039 -25.759949
v 51.557137 26.221848 -25.920994
v 51.436150 25.973303 -26.099453
v 50.459007 25.988195 -24.950138
v 50.565430 26.236965 -24.754555
v 49.780235 24.390079 -26.211731
v 50.136505 25.234354 -25.542824
v 51.069511 25.220129 -26.640219
v 50.662544 24.376608 -27.249489
v 53.606960 26.633753 -27.794308
v 53.460022 26.385603 -27.942238
v 52.639709 26.412252 -26.914885
v 52.149239 26.655975 -26.079746
v 51.220917 24.811241 -27.368572
v 51.643303 25.654537 -26.777443
v 53.014740 25.633631 -28.390518
v 52.517826 24.791437 -28.893990
v 56.056545 25.144106 -32.505928
v 56.989555 25.129881 -33.603325
v 56.260891 24.291113 -33.834221
v 55.378586 24.304586 -32.796455
v 57.636250 25.878782 -33.391964
v 56.659111 25.893679 -32.242653
v 56.857952 26.141041 -32.155762
v 57.849670 26.125921 -33.322216
v 54.677082 25.608290 -30.345751
v 56.048515 25.587381 -31.958817
v 55.386749 24.747622 -32.268402
v 54.089844 24.767429 -30.742981
v 56.083164 26.359455 -30.965023
v 55.201000 26.359064 -29.989964
v 55.373894 26.606817 -29.872566
v 56.831615 26.584595 -31.587120
v 56.316788 26.169708 -30.855270
v 56.977909 25.730623 -32.108036
v 57.214851 26.011894 -32.006378
v 57.179543 26.455584 -31.427187
v 56.259892 24.878286 -32.416080
v 56.246868 25.321640 -31.863085
v 55.397308 24.310194 -32.253292
v 55.389137 23.867155 -32.781361
v 55.386749 24.747622 -32.268402
v 56.048515 25.587381 -31.958817
v 56.056545 25.144106 -32.505928
v 55.378586 24.304586 -32.796455
v 56.857952 26.141041 -32.155762
v 56.659111 25.893679 -32.242653
v 56.083164 26.359455 -30.965023
v 56.831615 26.584595 -31.587120
v 51.231468 24.373810 -27.353470
v 51.766003 25.389944 -26.592728
v 51.187206 24.955616 -26.449636
v 50.673100 23.939177 -27.234385
v 51.760178 26.095047 -25.590645
v 51.618011 25.812330 -25.803774
v 52.783051 26.223886 -26.698946
v 52.361252 26.529039 -25.759949
v 52.639709 26.412252 -26.914885
v 51.436150 25.973303 -26.099453
v 51.557137 26.221848 -25.920994
v 52.149239 26.655975 -26.079746
v 51.069511 25.220129 -26.640219
v 51.643303 25.654537 -26.777443
v 51.220917 24.811241 -27.368572
v 50.662544 24.376608 -27.249489
v 54.677082 25.608290 -30.345751
v 55.201000 26.359064 -29.989964
v 55.474159 26.196699 -29.801666
v 54.851883 25.342907 -30.222322
v 56.048515 25.587381 -31.958817
v 54.677082 25.608290 -30.345751
v 54.851883 25.342907 -30.222322
v 56.246868 25.321640 -31.863085
v 56.083164 26.359455 -30.965023
v 56.048515 25.587381 -31.958817
v 56.246868 25.321640 -31.863085
v 56.316788 26.169708 -30.855270
v 55.201000 26.359064 -29.989964
v 56.083164 26.359455 -30.965023
v 56.316788 26.169708 -30.855270
v 55.474159 26.196699 -29.801666
v 53.460022 26.385603 -27.942238
v 53.014740 25.633631 -28.390518
v 53.160995 25.368683 -28.233500
v 53.687527 26.223936 -27.700249
v 52.639709 26.412252 -26.914885
v 53.460022 26.385603 -27.942238
v 53.687527 26.223936 -27.700249
v 52.783051 26.223886 -26.698946
v 51.643303 25.654537 -26.777443
v 52.639709 26.412252 -26.914885
v 52.783051 26.223886 -26.698946
v 51.766003 25.389944 -26.592728
v 53.014740 25.633631 -28.390518
v 51.643303 25.654537 -26.777443
v 51.766003 25.389944 -26.592728
v 53.160995 25.368683 -28.233500
v 56.271446 23.853683 -33.819126
v 56.260891 24.291113 -33.834221
v 56.989555 25.129881 -33.603325
v 57.636250 25.878782 -33.391964
v 57.849670 26.125921 -33.322216
v 58.235348 25.996338 -33.206684
v 57.980667 25.715334 -33.287472
v 57.208927 24.863819 -33.532310
v 49.790791 23.952652 -26.196621
v 50.238182 24.970083 -25.333399
v 50.615250 25.827618 -24.624336
v 50.739674 26.110603 -24.390347
v 50.565430 26.236965 -24.754555
v 50.459007 25.988195 -24.950138
v 50.136505 25.234354 -25.542824
v 49.780235 24.390079 -26.211731
v 51.998951 24.661385 -27.732269
v 52.379864 24.661020 -28.174530
v 52.155472 25.029591 -28.368286
v 51.774551 25.029953 -27.926027
v 51.773045 24.415268 -28.697229
v 50.835705 24.414526 -29.503532
v 50.455063 24.415039 -29.061031
v 51.392410 24.415781 -28.254730
v 51.392410 24.415781 -28.254730
v 50.455063 24.415039 -29.061031
v 50.454857 23.783775 -29.060482
v 51.392204 23.784519 -28.254173
v 51.392204 23.784519 -28.254173
v 50.454857 23.783775 -29.060482
v 50.835503 23.783262 -29.502975
v 51.772842 23.784002 -28.696672
v 51.772842 23.784002 -28.696672
v 50.835503 23.783262 -29.502975
v 50.835705 24.414526 -29.503532
v 51.773045 24.415268 -28.697229
v 51.773045 24.415268 -28.697229
v 51.392410 24.415781 -28.254730
v 51.774551 25.029953 -27.926027
v 52.155472 25.029591 -28.368286
v 51.998951 24.661385 -27.732269
v 51.774551 25.029953 -27.926027
v 52.379864 24.661020 -28.174530
v 51.998951 24.661385 -27.732269
v 52.155472 25.029591 -28.368286
v 52.379864 24.661020 -28.174530
v 54.702389 24.661407 -30.860016
v 55.083294 24.661045 -31.302273
v 54.858906 25.029613 -31.496029
v 54.477989 25.029978 -31.053772
v 54.476482 24.415293 -31.824974
v 53.539135 24.414549 -32.631279
v 53.158493 24.415064 -32.188778
v 54.095840 24.415806 -31.382483
v 54.095840 24.415806 -31.382483
v 53.158493 24.415064 -32.188778
v 53.158295 23.783802 -32.188221
v 54.095634 23.784544 -31.381916
v 54.095634 23.784544 -31.381916
v 53.158295 23.783802 -32.188221
v 53.538933 23.783285 -32.630722
v 54.476273 23.784029 -31.824409
v 54.476273 23.784029 -31.824409
v 53.538933 23.783285 -32.630722
v 53.539135 24.414549 -32.631279
v 54.476482 24.415293 -31.824974
v 54.476482 24.415293 -31.824974
v 54.095840 24.415806 -31.382483
v 54.477989 25.029978 -31.053772
v 54.858906 25.029613 -31.496029
v 54.702389 24.661407 -30.860016
v 54.477989 25.029978 -31.053772
v 55.083294 24.661045 -31.302273
v 54.702389 24.661407 -30.860016
v 54.858906 25.029613 -31.496029
v 55.083294 24.661045 -31.302273
v 50.835705 24.414526 -29.503532
v 50.835503 23.783262 -29.502975
v 50.454857 23.783775 -29.060482
v 50.455063 24.415039 -29.061031
v 53.539135 24.414549 -32.631279
v 53.538933 23.783285 -32.630722
v 53.158295 23.783802 -32.188221
v 53.158493 24.415064 -32.188778
v 53.817940 26.633749 -50.147175
v 54.093666 26.506166 -50.395306
v 51.996845 26.478451 -52.261559
v 51.780262 26.606813 -51.960785
v 53.368744 25.368679 -49.711285
v 51.418774 25.342903 -51.446827
v 51.853416 26.196695 -52.059399
v 53.913795 26.223932 -50.225590
v 51.291405 25.608286 -51.274868
v 53.208450 25.633627 -49.568619
v 53.666710 26.385599 -50.003632
v 51.658978 26.359060 -51.790585
v 52.709175 24.354000 -49.093468
v 52.693836 24.791433 -49.083252
v 50.880966 24.767426 -50.696781
v 50.896297 24.329996 -50.707001
v 48.387638 26.125919 -54.514126
v 49.531300 26.141037 -53.496208
v 49.688740 26.011890 -53.849632
v 48.511879 25.996336 -54.897083
v 50.099201 26.584591 -53.456993
v 50.266983 26.455580 -53.801205
v 55.979164 26.095043 -48.250919
v 55.644295 26.221844 -48.055420
v 56.787952 26.236961 -47.037514
v 57.156013 26.110600 -47.203465
v 55.499008 26.655972 -48.650967
v 55.823532 26.529036 -48.855675
v 49.581741 25.730619 -53.615051
v 49.257500 24.878284 -52.904198
v 48.163063 24.863817 -53.878311
v 48.425331 25.715332 -54.644302
v 55.762856 25.812326 -48.113621
v 56.919258 25.827614 -47.084373
v 56.201839 24.970079 -46.723476
v 55.107399 24.955612 -47.697567
v 55.463142 25.973299 -47.938499
v 54.914196 25.220125 -47.584213
v 55.990150 25.234350 -46.626568
v 56.590012 25.988192 -46.935547
v 49.439926 25.893677 -53.299393
v 48.313068 25.878780 -54.302334
v 48.087101 25.129879 -53.660606
v 49.163059 25.144104 -52.702953
v 48.872574 23.867153 -52.041962
v 48.857231 24.304585 -52.031757
v 47.839737 24.291111 -52.937359
v 47.855076 23.853682 -52.947563
v 49.385345 24.747620 -52.027946
v 49.400681 24.310192 -52.038151
v 54.295853 24.376604 -47.191162
v 54.311199 23.939173 -47.201366
v 55.328693 23.952650 -46.295765
v 55.313351 24.390078 -46.285561
v 54.204803 24.373806 -47.762306
v 54.189461 24.811237 -47.752087
v 50.099201 26.584591 -53.456993
v 49.810051 25.321636 -52.878658
v 49.257500 24.878284 -52.904198
v 49.581741 25.730619 -53.615051
v 50.819195 26.169704 -52.925705
v 49.709850 25.587378 -52.682522
v 50.704174 26.359451 -52.694622
v 49.439926 25.893677 -53.299393
v 49.163059 25.144104 -52.702953
v 49.400681 24.310192 -52.038151
v 55.499008 26.655972 -48.650967
v 54.977463 25.389940 -48.279446
v 54.894333 26.223883 -49.298653
v 55.762856 25.812326 -48.113621
v 55.107399 24.955612 -47.697567
v 54.790016 25.654533 -48.160973
v 54.914196 25.220125 -47.584213
v 55.463142 25.973299 -47.938499
v 54.675201 26.412249 -49.160233
v 54.204803 24.373806 -47.762306
v 53.913795 26.223932 -50.225590
v 51.853416 26.196695 -52.059399
v 51.996845 26.478451 -52.261559
v 54.093666 26.506166 -50.395306
v 51.418774 25.342903 -51.446827
v 53.368744 25.368679 -49.711285
v 52.709175 24.354000 -49.093468
v 50.896297 24.329996 -50.707001
v 51.658978 26.359060 -51.790585
v 53.666710 26.385599 -50.003632
v 53.817940 26.633749 -50.147175
v 51.780262 26.606813 -51.960785
v 53.208450 25.633627 -49.568619
v 51.291405 25.608286 -51.274868
v 50.880966 24.767426 -50.696781
v 52.693836 24.791433 -49.083252
v 49.688740 26.011890 -53.849632
v 49.581741 25.730619 -53.615051
v 48.425331 25.715332 -54.644302
v 48.511879 25.996336 -54.897083
v 47.855076 23.853682 -52.947563
v 48.163063 24.863817 -53.878311
v 49.257500 24.878284 -52.904198
v 48.872574 23.867153 -52.041962
v 51.996845 26.478451 -52.261559
v 51.853416 26.196695 -52.059399
v 50.819195 26.169704 -52.925705
v 50.266983 26.455580 -53.801205
v 49.400681 24.310192 -52.038151
v 49.810051 25.321636 -52.878658
v 51.418774 25.342903 -51.446827
v 50.896297 24.329996 -50.707001
v 55.107399 24.955612 -47.697567
v 56.201839 24.970079 -46.723476
v 55.328693 23.952650 -46.295765
v 54.311199 23.939173 -47.201366
v 56.919258 25.827614 -47.084373
v 55.762856 25.812326 -48.113621
v 55.979164 26.095043 -48.250919
v 57.156013 26.110600 -47.203465
v 53.368744 25.368679 -49.711285
v 54.977463 25.389940 -48.279446
v 54.204803 24.373806 -47.762306
v 52.709175 24.354000 -49.093468
v 54.894333 26.223883 -49.298653
v 53.913795 26.223932 -50.225590
v 54.093666 26.506166 -50.395306
v 55.823532 26.529036 -48.855675
v 55.644295 26.221844 -48.055420
v 55.463142 25.973299 -47.938499
v 56.590012 25.988192 -46.935547
v 56.787952 26.236961 -47.037514
v 55.313351 24.390078 -46.285561
v 55.990150 25.234350 -46.626568
v 54.914196 25.220125 -47.584213
v 54.295853 24.376604 -47.191162
v 53.817940 26.633749 -50.147175
v 53.666710 26.385599 -50.003632
v 54.675201 26.412249 -49.160233
v 55.499008 26.655972 -48.650967
v 54.189461 24.811237 -47.752087
v 54.790016 25.654533 -48.160973
v 53.208450 25.633627 -49.568619
v 52.693836 24.791433 -49.083252
v 49.163059 25.144104 -52.702953
v 48.087101 25.129879 -53.660606
v 47.839737 24.291111 -52.937359
v 48.857231 24.304585 -52.031757
v 48.313068 25.878780 -54.302334
v 49.439926 25.893677 -53.299393
v 49.531300 26.141037 -53.496208
v 48.387638 26.125919 -54.514126
v 51.291405 25.608286 -51.274868
v 49.709850 25.587378 -52.682522
v 49.385345 24.747620 -52.027946
v 50.880966 24.767426 -50.696781
v 50.704174 26.359451 -52.694622
v 51.658978 26.359060 -51.790585
v 51.780262 26.606813 -51.960785
v 50.099201 26.584591 -53.456993
v 50.819195 26.169704 -52.925705
v 49.581741 25.730619 -53.615051
v 49.688740 26.011890 -53.849632
v 50.266983 26.455580 -53.801205
v 49.257500 24.878284 -52.904198
v 49.810051 25.321636 -52.878658
v 49.400681 24.310192 -52.038151
v 48.872574 23.867153 -52.041962
v 49.385345 24.747620 -52.027946
v 49.709850 25.587378 -52.682522
v 49.163059 25.144104 -52.702953
v 48.857231 24.304585 -52.031757
v 49.531300 26.141037 -53.496208
v 49.439926 25.893677 -53.299393
v 50.704174 26.359451 -52.694622
v 50.099201 26.584591 -53.456993
v 54.204803 24.373806 -47.762306
v 54.977463 25.389940 -48.279446
v 55.107399 24.955612 -47.697567
v 54.311199 23.939173 -47.201366
v 55.979164 26.095043 -48.250919
v 55.762856 25.812326 -48.113621
v 54.894333 26.223883 -49.298653
v 55.823532 26.529036 -48.855675
v 54.675201 26.412249 -49.160233
v 55.463142 25.973299 -47.938499
v 55.644295 26.221844 -48.055420
v 55.499008 26.655972 -48.650967
v 54.914196 25.220125 -47.584213
v 54.790016 25.654533 -48.160973
v 54.189461 24.811237 -47.752087
v 54.295853 24.376604 -47.191162
v 51.291405 25.608286 -51.274868
v 51.658978 26.359060 -51.790585
v 51.853416 26.196695 -52.059399
v 51.418774 25.342903 -51.446827
v 49.709850 25.587378 -52.682522
v 51.291405 25.608286 -51.274868
v 51.418774 25.342903 -51.446827
v 49.810051 25.321636 -52.878658
v 50.704174 26.359451 -52.694622
v 49.709850 25.587378 -52.682522
v 49.810051 25.321636 -52.878658
v 50.819195 26.169704 -52.925705
v 51.658978 26.359060 -51.790585
v 50.704174 26.359451 -52.694622
v 50.819195 26.169704 -52.925705
v 51.853416 26.196695 -52.059399
v 53.666710 26.385599 -50.003632
v 53.208450 25.633627 -49.568619
v 53.368744 25.368679 -49.711285
v 53.913795 26.223932 -50.225590
v 54.675201 26.412249 -49.160233
v 53.666710 26.385599 -50.003632
v 53.913795 26.223932 -50.225590
v 54.894333 26.223883 -49.298653
v 54.790016 25.654533 -48.160973
v 54.675201 26.412249 -49.160233
v 54.894333 26.223883 -49.298653
v 54.977463 25.389940 -48.279446
v 53.208450 25.633627 -49.568619
v 54.790016 25.654533 -48.160973
v 54.977463 25.389940 -48.279446
v 53.368744 25.368679 -49.711285
v 47.855076 23.853682 -52.947563
v 47.839737 24.291111 -52.937359
v 48.087101 25.129879 -53.660606
v 48.313068 25.878780 -54.302334
v 48.387638 26.125919 -54.514126
v 48.511879 25.996336 -54.897083
v 48.425331 25.715332 -54.644302
v 48.163063 24.863817 -53.878311
v 55.328693 23.952650 -46.295765
v 56.201839 24.970079 -46.723476
v 56.919258 25.827614 -47.084373
v 57.156013 26.110600 -47.203465
v 56.787952 26.236961 -47.037514
v 56.590012 25.988192 -46.935547
v 55.990150 25.234350 -46.626568
v 55.313351 24.390078 -46.285561
v 53.843506 24.661381 -48.538170
v 53.409992 24.661016 -48.929012
v 53.211197 25.029587 -48.709080
v 53.644714 25.029949 -48.318226
v 52.873672 24.415264 -48.334209
v 52.046318 24.414522 -47.415382
v 52.480080 24.415035 -47.024807
v 53.307419 24.415777 -47.943630
v 53.307419 24.415777 -47.943630
v 52.480080 24.415035 -47.024807
v 52.480629 23.783772 -47.024597
v 53.307976 23.784515 -47.943405
v 53.307976 23.784515 -47.943405
v 52.480629 23.783772 -47.024597
v 52.046867 23.783258 -47.415165
v 52.874218 23.783998 -48.333984
v 52.874218 23.783998 -48.333984
v 52.046867 23.783258 -47.415165
v 52.046318 24.414522 -47.415382
v 52.873672 24.415264 -48.334209
v 52.873672 24.415264 -48.334209
v 53.307419 24.415777 -47.943630
v 53.644714 25.029949 -48.318226
v 53.211197 25.029587 -48.709080
v 53.843506 24.661381 -48.538170
v 53.644714 25.029949 -48.318226
v 53.409992 24.661016 -48.929012
v 53.843506 24.661381 -48.538170
v 53.211197 25.029587 -48.709080
v 53.409992 24.661016 -48.929012
v 50.777855 24.661404 -51.311821
v 50.344345 24.661041 -51.702675
v 50.145546 25.029610 -51.482735
v 50.579056 25.029974 -51.091866
v 49.808025 24.415289 -51.107857
v 48.980667 24.414547 -50.189030
v 49.414425 24.415060 -49.798458
v 50.241779 24.415802 -50.717285
v 50.241779 24.415802 -50.717285
v 49.414425 24.415060 -49.798458
v 49.414978 23.783798 -49.798241
v 50.242317 23.784540 -50.717056
v 50.242317 23.784540 -50.717056
v 49.414978 23.783798 -49.798241
v 48.981220 23.783283 -50.188812
v 49.808571 23.784025 -51.107628
v 49.808571 23.784025 -51.107628
v 48.981220 23.783283 -50.188812
v 48.980667 24.414547 -50.189030
v 49.808025 24.415289 -51.107857
v 49.808025 24.415289 -51.107857
v 50.241779 24.415802 -50.717285
v 50.579056 25.029974 -51.091866
v 50.145546 25.029610 -51.482735
v 50.777855 24.661404 -51.311821
v 50.579056 25.029974 -51.091866
v 50.344345 24.661041 -51.702675
v 50.777855 24.661404 -51.311821
v 50.145546 25.029610 -51.482735
v 50.344345 24.661041 -51.702675
v 52.046318 24.414522 -47.415382
v 52.046867 23.783258 -47.415165
v 52.480629 23.783772 -47.024597
v 52.480080 24.415035 -47.024807
v 48.980667 24.414547 -50.189030
v 48.981220 23.783283 -50.188812
v 49.414978 23.783798 -49.798241
v 49.414425 24.415060 -49.798458
v 58.332108 26.633751 -38.996826
v 58.702530 26.506168 -38.977325
v 58.539490 26.478453 -41.779617
v 58.173668 26.606815 -41.720093
v 57.706253 25.368681 -39.006222
v 57.554634 25.342905 -41.612286
v 58.295135 26.196697 -41.738102
v 58.455338 26.223934 -38.984486
v 57.342979 25.608288 -41.580753
v 57.492039 25.633629 -39.018703
v 58.123680 26.385601 -39.002251
v 57.967548 26.359062 -41.685509
v 56.803013 24.354002 -39.035751
v 56.784943 24.791435 -39.039368
v 56.643986 24.767427 -41.462208
v 56.662052 24.329998 -41.458584
v 57.580196 26.125921 -45.924526
v 57.669128 26.141039 -44.396069
v 58.030354 26.011892 -44.534641
v 57.938850 25.996338 -46.107475
v 58.042953 26.584593 -43.966774
v 58.404999 26.455582 -44.091511
v 58.519463 26.095045 -36.127758
v 58.144440 26.221846 -36.226307
v 58.233360 26.236963 -34.697857
v 58.610966 26.110601 -34.554932
v 58.462822 26.655973 -36.750145
v 58.837040 26.529037 -36.665432
v 57.788826 25.730621 -44.444424
v 57.056904 24.878286 -44.171059
v 56.971809 24.863819 -45.633739
v 57.698898 25.715334 -45.989929
v 58.269424 25.812328 -36.183620
v 58.359348 25.827616 -34.638126
v 57.596855 24.970081 -34.890232
v 57.511757 24.955614 -36.352898
v 57.933670 25.973301 -36.271721
v 57.294998 25.220127 -36.409355
v 57.378654 25.234352 -34.971390
v 58.021294 25.988194 -34.765713
v 57.465340 25.893679 -44.321495
v 57.377712 25.878782 -45.827511
v 56.764156 25.129881 -45.533512
v 56.847813 25.144106 -44.095531
v 56.175026 23.867155 -43.833538
v 56.156952 24.304586 -43.837181
v 56.077827 24.291113 -45.197002
v 56.095894 23.853683 -45.193378
v 56.527695 24.747622 -43.461052
v 56.545757 24.310194 -43.457428
v 56.579838 24.376606 -36.568668
v 56.597893 23.939175 -36.565041
v 56.677013 23.952650 -35.205200
v 56.658951 24.390078 -35.208836
v 56.919304 24.373808 -37.036911
v 56.901237 24.811239 -37.040543
v 58.042953 26.584593 -43.966774
v 57.429546 25.321638 -43.762283
v 57.056904 24.878286 -44.171059
v 57.788826 25.730621 -44.444424
v 58.176392 26.169706 -43.081966
v 57.220005 25.587379 -43.694443
v 57.931671 26.359453 -42.999920
v 57.465340 25.893679 -44.321495
v 56.847813 25.144106 -44.095531
v 56.545757 24.310194 -43.457428
v 58.462822 26.655973 -36.750145
v 57.831329 25.389942 -36.856239
v 58.493233 26.223885 -37.635704
v 58.269424 25.812328 -36.183620
v 57.511757 24.955614 -36.352898
v 57.615013 25.654535 -36.905006
v 57.294998 25.220127 -36.409355
v 57.933670 25.973301 -36.271721
v 58.240417 26.412251 -37.692783
v 56.919304 24.373808 -37.036911
v 58.455338 26.223934 -38.984486
v 58.295135 26.196697 -41.738102
v 58.539490 26.478453 -41.779617
v 58.702530 26.506168 -38.977325
v 57.554634 25.342905 -41.612286
v 57.706253 25.368681 -39.006222
v 56.803013 24.354002 -39.035751
v 56.662052 24.329998 -41.458584
v 57.967548 26.359062 -41.685509
v 58.123680 26.385601 -39.002251
v 58.332108 26.633751 -38.996826
v 58.173668 26.606815 -41.720093
v 57.492039 25.633629 -39.018703
v 57.342979 25.608288 -41.580753
v 56.643986 24.767427 -41.462208
v 56.784943 24.791435 -39.039368
v 58.030354 26.011892 -44.534641
v 57.788826 25.730621 -44.444424
v 57.698898 25.715334 -45.989929
v 57.938850 25.996338 -46.107475
v 56.095894 23.853683 -45.193378
v 56.971809 24.863819 -45.633739
v 57.056904 24.878286 -44.171059
v 56.175026 23.867155 -43.833538
v 58.539490 26.478453 -41.779617
v 58.295135 26.196697 -41.738102
v 58.176392 26.169706 -43.081966
v 58.404999 26.455582 -44.091511
v 56.545757 24.310194 -43.457428
v 57.429546 25.321638 -43.762283
v 57.554634 25.342905 -41.612286
v 56.662052 24.329998 -41.458584
v 57.511757 24.955614 -36.352898
v 57.596855 24.970081 -34.890232
v 56.677013 23.952650 -35.205200
v 56.597893 23.939175 -36.565041
v 58.359348 25.827616 -34.638126
v 58.269424 25.812328 -36.183620
v 58.519463 26.095045 -36.127758
v 58.610966 26.110601 -34.554932
v 57.706253 25.368681 -39.006222
v 57.831329 25.389942 -36.856239
v 56.919304 24.373808 -37.036911
v 56.803013 24.354002 -39.035751
v 58.493233 26.223885 -37.635704
v 58.455338 26.223934 -38.984486
v 58.702530 26.506168 -38.977325
v 58.837040 26.529037 -36.665432
v 58.144440 26.221846 -36.226307
v 57.933670 25.973301 -36.271721
v 58.021294 25.988194 -34.765713
v 58.233360 26.236963 -34.697857
v 56.658951 24.390078 -35.208836
v 57.378654 25.234352 -34.971390
v 57.294998 25.220127 -36.409355
v 56.579838 24.376606 -36.568668
v 58.332108 26.633751 -38.996826
v 58.123680 26.385601 -39.002251
v 58.240417 26.412251 -37.692783
v 58.462822 26.655973 -36.750145
v 56.901237 24.811239 -37.040543
v 57.615013 25.654535 -36.905006
v 57.492039 25.633629 -39.018703
v 56.784943 24.791435 -39.039368
v 56.847813 25.144106 -44.095531
v 56.764156 25.129881 -45.533512
v 56.077827 24.291113 -45.197002
v 56.156952 24.304586 -43.837181
v 57.377712 25.878782 -45.827511
v 57.465340 25.893679 -44.321495
v 57.669128 26.141039 -44.396069
v 57.580196 26.125921 -45.924526
v 57.342979 25.608288 -41.580753
v 57.220005 25.587379 -43.694443
v 56.527695 24.747622 -43.461052
v 56.643986 24.767427 -41.462208
v 57.931671 26.359453 -42.999920
v 57.967548 26.359062 -41.685509
v 58.173668 26.606815 -41.720093
v 58.042953 26.584593 -43.966774
v 58.176392 26.169706 -43.081966
v 57.788826 25.730621 -44.444424
v 58.030354 26.011892 -44.534641
v 58.404999 26.455582 -44.091511
v 57.056904 24.878286 -44.171059
v 57.429546 25.321638 -43.762283
v 56.545757 24.310194 -43.457428
v 56.175026 23.867155 -43.833538
v 56.527695 24.747622 -43.461052
v 57.220005 25.587379 -43.694443
v 56.847813 25.144106 -44.095531
v 56.156952 24.304586 -43.837181
v 57.669128 26.141039 -44.396069
v 57.465340 25.893679 -44.321495
v 57.931671 26.359453 -42.999920
v 58.042953 26.584593 -43.966774
v 56.919304 24.373808 -37.036911
v 57.831329 25.389942 -36.856239
v 57.511757 24.955614 -36.352898
v 56.597893 23.939175 -36.565041
v 58.519463 26.095045 -36.127758
v 58.269424 25.812328 -36.183620
v 58.493233 26.223885 -37.635704
v 58.837040 26.529037 -36.665432
v 58.240417 26.412251 -37.692783
v 57.933670 25.973301 -36.271721
v 58.144440 26.221846 -36.226307
v 58.462822 26.655973 -36.750145
v 57.294998 25.220127 -36.409355
v 57.615013 25.654535 -36.905006
v 56.901237 24.811239 -37.040543
v 56.579838 24.376606 -36.568668
v 57.342979 25.608288 -41.580753
v 57.967548 26.359062 -41.685509
v 58.295135 26.196697 -41.738102
v 57.554634 25.342905 -41.612286
v 57.220005 25.587379 -43.694443
v 57.342979 25.608288 -41.580753
v 57.554634 25.342905 -41.612286
v 57.429546 25.321638 -43.762283
v 57.931671 26.359453 -42.999920
v 57.220005 25.587379 -43.694443
v 57.429546 25.321638 -43.762283
v 58.176392 26.169706 -43.081966
v 57.967548 26.359062 -41.685509
v 57.931671 26.359453 -42.999920
v 58.176392 26.169706 -43.081966
v 58.295135 26.196697 -41.738102
v 58.123680 26.385601 -39.002251
v 57.492039 25.633629 -39.018703
v 57.706253 25.368681 -39.006222
v 58.455338 26.223934 -38.984486
v 58.240417 26.412251 -37.692783
v 58.123680 26.385601 -39.002251
v 58.455338 26.223934 -38.984486
v 58.493233 26.223885 -37.635704
v 57.615013 25.654535 -36.905006
v 58.240417 26.412251 -37.692783
v 58.493233 26.223885 -37.635704
v 57.831329 25.389942 -36.856239
v 57.492039 25.633629 -39.018703
v 57.615013 25.654535 -36.905006
v 57.831329 25.389942 -36.856239
v 57.706253 25.368681 -39.006222
v 56.095894 23.853683 -45.193378
v 56.077827 24.291113 -45.197002
v 56.764156 25.129881 -45.533512
v 57.377712 25.878782 -45.827511
v 57.580196 26.125921 -45.924526
v 57.938850 25.996338 -46.107475
v 57.698898 25.715334 -45.989929
v 56.971809 24.863819 -45.633739
v 56.677013 23.952650 -35.205200
v 57.596855 24.970081 -34.890232
v 58.359348 25.827616 -34.638126
v 58.610966 26.110601 -34.554932
v 58.233360 26.236963 -34.697857
v 58.021294 25.988194 -34.765713
v 57.378654 25.234352 -34.971390
v 56.658951 24.390078 -35.208836
v 57.212448 24.661383 -37.841019
v 57.182274 24.661018 -38.423923
v 56.886192 25.029589 -38.408974
v 56.916351 25.029951 -37.826061
v 56.382439 24.415266 -38.382561
v 55.147728 24.414524 -38.317883
v 55.178261 24.415037 -37.734985
v 56.412987 24.415779 -37.799679
v 56.412987 24.415779 -37.799679
v 55.178261 24.415037 -37.734985
v 55.178486 23.783773 -37.734455
v 56.413216 23.784517 -37.799129
v 56.413216 23.784517 -37.799129
v 55.178486 23.783773 -37.734455
v 55.147945 23.783260 -38.317333
v 56.382675 23.784000 -38.382019
v 56.382675 23.784000 -38.382019
v 55.147945 23.783260 -38.317333
v 55.147728 24.414524 -38.317883
v 56.382439 24.415266 -38.382561
v 56.382439 24.415266 -38.382561
v 56.412987 24.415779 -37.799679
v 56.916351 25.029951 -37.826061
v 56.886192 25.029589 -38.408974
v 57.212448 24.661383 -37.841019
v 56.916351 25.029951 -37.826061
v 57.182274 24.661018 -38.423923
v 57.212448 24.661383 -37.841019
v 56.886192 25.029589 -38.408974
v 57.182274 24.661018 -38.423923
v 57.005978 24.661406 -41.970016
v 56.975800 24.661043 -42.552929
v 56.679714 25.029612 -42.537971
v 56.709885 25.029976 -41.955074
v 56.175968 24.415291 -42.511574
v 54.941238 24.414549 -42.446888
v 54.971775 24.415062 -41.863998
v 56.206505 24.415804 -41.928684
v 56.206505 24.415804 -41.928684
v 54.971775 24.415062 -41.863998
v 54.972015 23.783800 -41.863461
v 56.206745 23.784542 -41.928135
v 56.206745 23.784542 -41.928135
v 54.972015 23.783800 -41.863461
v 54.941471 23.783285 -42.446339
v 56.176208 23.784027 -42.511024
v 56.176208 23.784027 -42.511024
v 54.941471 23.783285 -42.446339
v 54.941238 24.414549 -42.446888
v 56.175968 24.415291 -42.511574
v 56.175968 24.415291 -42.511574
v 56.206505 24.415804 -41.928684
v 56.709885 25.029976 -41.955074
v 56.679714 25.029612 -42.537971
v 57.005978 24.661406 -41.970016
v 56.709885 25.029976 -41.955074
v 56.975800 24.661043 -42.552929
v 57.005978 24.661406 -41.970016
v 56.679714 25.029612 -42.537971
v 56.975800 24.661043 -42.552929
v 55.147728 24.414524 -38.317883
v 55.147945 23.783260 -38.317333
v 55.178486 23.783773 -37.734455
v 55.178261 24.415037 -37.734985
v 54.941238 24.414549 -42.446888
v 54.941471 23.783285 -42.446339
v 54.972015 23.783800 -41.863461
v 54.971775 24.415062 -41.863998
v 42.472023 26.633749 -54.979115
v 42.491531 26.506166 -55.349545
v 39.689224 26.478451 -55.186497
v 39.748772 26.606813 -54.820671
v 42.462620 25.368679 -54.353264
v 39.856571 25.342903 -54.201637
v 39.730751 26.196695 -54.942142
v 42.484364 26.223932 -55.102348
v 39.888100 25.608286 -53.989979
v 42.450150 25.633627 -54.139046
v 42.466595 26.385599 -54.770683
v 39.783344 26.359060 -54.614563
v 42.433094 24.354000 -53.450027
v 42.429474 24.791433 -53.431953
v 40.006649 24.767426 -53.290993
v 40.010265 24.329996 -53.309055
v 35.544327 26.125919 -54.227196
v 37.072784 26.141037 -54.316132
v 36.934204 26.011890 -54.677368
v 35.361389 25.996336 -54.585857
v 37.502083 26.584591 -54.689960
v 37.377342 26.455580 -55.052010
v 45.341106 26.095043 -55.166477
v 45.242554 26.221844 -54.791447
v 46.771000 26.236961 -54.880371
v 46.913925 26.110600 -55.257973
v 44.718719 26.655972 -55.109825
v 44.803421 26.529036 -55.484047
v 37.024422 25.730619 -54.435837
v 37.297791 24.878284 -53.703907
v 35.835117 24.863817 -53.618824
v 35.478935 25.715332 -54.345901
v 45.285240 25.812326 -54.916443
v 46.830727 25.827614 -55.006351
v 46.578621 24.970079 -54.243858
v 45.115952 24.955612 -54.158768
v 45.197128 25.973299 -54.580681
v 45.059494 25.220125 -53.941998
v 46.497463 25.234350 -54.025658
v 46.703133 25.988192 -54.668293
v 37.147350 25.893677 -54.112350
v 35.641350 25.878780 -54.024723
v 35.935349 25.129879 -53.411167
v 37.373322 25.144104 -53.494820
v 37.635319 23.867153 -52.822021
v 37.631680 24.304585 -52.803955
v 36.271847 24.291111 -52.724846
v 36.275463 23.853682 -52.742908
v 38.007812 24.747620 -53.174690
v 38.011421 24.310192 -53.192757
v 44.900188 24.376604 -53.226845
v 44.903809 23.939173 -53.244904
v 46.263645 23.952648 -53.324013
v 46.260021 24.390076 -53.305950
v 44.431938 24.373806 -53.566319
v 44.428314 24.811237 -53.548237
v 37.502083 26.584591 -54.689960
v 37.706573 25.321636 -54.076557
v 37.297791 24.878284 -53.703907
v 37.024422 25.730619 -54.435837
v 38.386879 26.169704 -54.823399
v 37.774403 25.587378 -53.867012
v 38.468937 26.359451 -54.578663
v 37.147350 25.893677 -54.112350
v 37.373322 25.144104 -53.494820
v 38.011421 24.310192 -53.192757
v 44.718719 26.655972 -55.109825
v 44.612606 25.389940 -54.478348
v 43.833153 26.223883 -55.140251
v 45.285240 25.812326 -54.916443
v 45.115952 24.955612 -54.158768
v 44.563850 25.654533 -54.262020
v 45.059494 25.220125 -53.941998
v 45.197128 25.973299 -54.580681
v 43.776070 26.412249 -54.887428
v 44.431938 24.373806 -53.566319
v 42.484364 26.223932 -55.102348
v 39.730751 26.196695 -54.942142
v 39.689224 26.478451 -55.186497
v 42.491531 26.506166 -55.349545
v 39.856571 25.342903 -54.201637
v 42.462620 25.368679 -54.353264
v 42.433094 24.354000 -53.450027
v 40.010265 24.329996 -53.309055
v 39.783344 26.359060 -54.614563
v 42.466595 26.385599 -54.770683
v 42.472023 26.633749 -54.979115
v 39.748772 26.606813 -54.820671
v 42.450150 25.633627 -54.139046
v 39.888100 25.608286 -53.989979
v 40.006649 24.767426 -53.290993
v 42.429474 24.791433 -53.431953
v 36.934204 26.011890 -54.677368
v 37.024422 25.730619 -54.435837
v 35.478935 25.715332 -54.345901
v 35.361389 25.996336 -54.585857
v 36.275463 23.853682 -52.742908
v 35.835117 24.863817 -53.618824
v 37.297791 24.878284 -53.703907
v 37.635319 23.867153 -52.822021
v 39.689224 26.478451 -55.186497
v 39.730751 26.196695 -54.942142
v 38.386879 26.169704 -54.823399
v 37.377342 26.455580 -55.052010
v 38.011421 24.310192 -53.192757
v 37.706573 25.321636 -54.076557
v 39.856571 25.342903 -54.201637
v 40.010265 24.329996 -53.309055
v 45.115952 24.955612 -54.158768
v 46.578621 24.970079 -54.243858
v 46.263645 23.952648 -53.324013
v 44.903809 23.939173 -53.244904
v 46.830727 25.827614 -55.006351
v 45.285240 25.812326 -54.916443
v 45.341106 26.095043 -55.166477
v 46.913925 26.110600 -55.257973
v 42.462620 25.368679 -54.353264
v 44.612606 25.389940 -54.478348
v 44.431938 24.373806 -53.566319
v 42.433094 24.354000 -53.450027
v 43.833153 26.223883 -55.140251
v 42.484364 26.223932 -55.102348
v 42.491531 26.506166 -55.349545
v 44.803421 26.529036 -55.484047
v 45.242554 26.221844 -54.791447
v 45.197128 25.973299 -54.580681
v 46.703133 25.988192 -54.668293
v 46.771000 26.236961 -54.880371
v 46.260021 24.390076 -53.305950
v 46.497463 25.234350 -54.025658
v 45.059494 25.220125 -53.941998
v 44.900188 24.376604 -53.226845
v 42.472023 26.633749 -54.979115
v 42.466595 26.385599 -54.770683
v 43.776070 26.412249 -54.887428
v 44.718719 26.655972 -55.109825
v 44.428314 24.811237 -53.548237
v 44.563850 25.654533 -54.262020
v 42.450150 25.633627 -54.139046
v 42.429474 24.791433 -53.431953
v 37.373322 25.144104 -53.494820
v 35.935349 25.129879 -53.411167
v 36.271847 24.291111 -52.724846
v 37.631680 24.304585 -52.803955
v 35.641350 25.878780 -54.024723
v 37.147350 25.893677 -54.112350
v 37.072784 26.141037 -54.316132
v 35.544327 26.125919 -54.227196
v 39.888100 25.608286 -53.989979
v 37.774403 25.587378 -53.867012
v 38.007812 24.747620 -53.174690
v 40.006649 24.767426 -53.290993
v 38.468937 26.359451 -54.578663
v 39.783344 26.359060 -54.614563
v 39.748772 26.606813 -54.820671
v 37.502083 26.584591 -54.689960
v 38.386879 26.169704 -54.823399
v 37.024422 25.730619 -54.435837
v 36.934204 26.011890 -54.677368
v 37.377342 26.455580 -55.052010
v 37.297791 24.878284 -53.703907
v 37.706573 25.321636 -54.076557
v 38.011421 24.310192 -53.192757
v 37.635319 23.867153 -52.822021
v 38.007812 24.747620 -53.174690
v 37.774403 25.587378 -53.867012
v 37.373322 25.144104 -53.494820
v 37.631680 24.304585 -52.803955
v 37.072784 26.141037 -54.316132
v 37.147350 25.893677 -54.112350
v 38.468937 26.359451 -54.578663
v 37.502083 26.584591 -54.689960
v 44.431938 24.373806 -53.566319
v 44.612606 25.389940 -54.478348
v 45.115952 24.955612 -54.158768
v 44.903809 23.939173 -53.244904
v 45.341106 26.095043 -55.166477
v 45.285240 25.812326 -54.916443
v 43.833153 26.223883 -55.140251
v 44.803421 26.529036 -55.484047
v 43.776070 26.412249 -54.887428
v 45.197128 25.973299 -54.580681
v 45.242554 26.221844 -54.791447
v 44.718719 26.655972 -55.109825
v 45.059494 25.220125 -53.941998
v 44.563850 25.654533 -54.262020
v 44.428314 24.811237 -53.548237
v 44.900188 24.376604 -53.226845
v 39.888100 25.608286 -53.989979
v 39.783344 26.359060 -54.614563
v 39.730751 26.196695 -54.942142
v 39.856571 25.342903 -54.201637
v 37.774403 25.587378 -53.867012
v 39.888100 25.608286 -53.989979
v 39.856571 25.342903 -54.201637
v 37.706573 25.321636 -54.076557
v 38.468937 26.359451 -54.578663
v 37.774403 25.587378 -53.867012
v 37.706573 25.321636 -54.076557
v 38.386879 26.169704 -54.823399
v 39.783344 26.359060 -54.614563
v 38.468937 26.359451 -54.578663
v 38.386879 26.169704 -54.823399
v 39.730751 26.196695 -54.942142
v 42.466595 26.385599 -54.770683
v 42.450150 25.633627 -54.139046
v 42.462620 25.368679 -54.353264
v 42.484364 26.223932 -55.102348
v 43.776070 26.412249 -54.887428
v 42.466595 26.385599 -54.770683
v 42.484364 26.223932 -55.102348
v 43.833153 26.223883 -55.140251
v 44.563850 25.654533 -54.262020
v 43.776070 26.412249 -54.887428
v 43.833153 26.223883 -55.140251
v 44.612606 25.389940 -54.478348
v 42.450150 25.633627 -54.139046
v 44.563850 25.654533 -54.262020
v 44.612606 25.389940 -54.478348
v 42.462620 25.368679 -54.353264
v 36.275463 23.853682 -52.742908
v 36.271847 24.291111 -52.724846
v 35.935349 25.129879 -53.411167
v 35.641350 25.878780 -54.024723
v 35.544327 26.125919 -54.227196
v 35.361389 25.996336 -54.585857
v 35.478935 25.715332 -54.345901
v 35.835117 24.863817 -53.618824
v 46.263645 23.952648 -53.324013
v 46.578621 24.970079 -54.243858
v 46.830727 25.827614 -55.006351
v 46.913925 26.110600 -55.257973
v 46.771000 26.236961 -54.880371
v 46.703133 25.988192 -54.668293
v 46.497463 25.234350 -54.025658
v 46.260021 24.390076 -53.305950
v 43.627838 24.661381 -53.859444
v 43.044937 24.661016 -53.829269
v 43.059887 25.029587 -53.533188
v 43.642792 25.029949 -53.563366
v 43.086288 24.415264 -53.029449
v 43.150967 24.414522 -51.794731
v 43.733864 24.415035 -51.825264
v 43.669167 24.415777 -53.059990
v 43.669167 24.415777 -53.059990
v 43.733864 24.415035 -51.825264
v 43.734402 23.783772 -51.825497
v 43.669724 23.784515 -53.060223
v 43.669724 23.784515 -53.060223
v 43.734402 23.783772 -51.825497
v 43.151508 23.783258 -51.794952
v 43.086830 23.783998 -53.029694
v 43.086830 23.783998 -53.029694
v 43.151508 23.783258 -51.794952
v 43.150967 24.414522 -51.794731
v 43.086288 24.415264 -53.029449
v 43.086288 24.415264 -53.029449
v 43.669167 24.415777 -53.059990
v 43.642792 25.029949 -53.563366
v 43.059887 25.029587 -53.533188
v 43.627838 24.661381 -53.859444
v 43.642792 25.029949 -53.563366
v 43.044937 24.661016 -53.829269
v 43.627838 24.661381 -53.859444
v 43.059887 25.029587 -53.533188
v 43.044937 24.661016 -53.829269
v 39.498840 24.661404 -53.652985
v 38.915920 24.661041 -53.622810
v 38.930885 25.029610 -53.326714
v 39.513783 25.029974 -53.356888
v 38.957283 24.415289 -52.822971
v 39.021965 24.414547 -51.588242
v 39.604855 24.415060 -51.618778
v 39.540169 24.415802 -52.853512
v 39.540169 24.415802 -52.853512
v 39.604855 24.415060 -51.618778
v 39.605400 23.783798 -51.619019
v 39.540722 23.784540 -52.853745
v 39.540722 23.784540 -52.853745
v 39.605400 23.783798 -51.619019
v 39.022507 23.783283 -51.588482
v 38.957832 23.784025 -52.823215
v 38.957832 23.784025 -52.823215
v 39.022507 23.783283 -51.588482
v 39.021965 24.414547 -51.588242
v 38.957283 24.415289 -52.822971
v 38.957283 24.415289 -52.822971
v 39.540169 24.415802 -52.853512
v 39.513783 25.029974 -53.356888
v 38.930885 25.029610 -53.326714
v 39.498840 24.661404 -53.652985
v 39.513783 25.029974 -53.356888
v 38.915920 24.661041 -53.622810
v 39.498840 24.661404 -53.652985
v 38.930885 25.029610 -53.326714
v 38.915920 24.661041 -53.622810
v 43.150967 24.414522 -51.794731
v 43.151508 23.783258 -51.794952
v 43.734402 23.783772 -51.825497
v 43.733864 24.415035 -51.825264
v 39.021965 24.414547 -51.588242
v 39.022507 23.783283 -51.588482
v 39.605400 23.783798 -51.619019
v 39.604855 24.415060 -51.618778
v 27.601999 26.633751 -38.350269
v 27.233810 26.506168 -38.305153
v 27.880981 26.478453 -35.573734
v 28.230919 26.606815 -35.695889
v 28.219967 25.368681 -38.449684
v 28.821831 25.342905 -35.909542
v 28.114420 26.196697 -35.657059
v 27.478495 26.223934 -38.341003
v 29.024788 25.608288 -35.977352
v 28.433098 25.633629 -38.474602
v 27.808199 26.385601 -38.381107
v 28.427891 26.359062 -35.765724
v 29.114624 24.354002 -38.577461
v 29.133038 24.791435 -38.577026
v 29.692581 24.767427 -36.215466
v 29.674160 24.329998 -36.215908
v 29.545464 26.125923 -31.658375
v 29.192467 26.141039 -33.148174
v 28.860794 26.011892 -32.948978
v 29.224022 25.996340 -31.415943
v 28.749771 26.584593 -33.506042
v 28.414898 26.455582 -33.320312
v 26.919283 26.095045 -41.143227
v 27.305729 26.221846 -41.111290
v 26.952726 26.236963 -42.601074
v 26.556049 26.110601 -42.676262
v 27.083134 26.655973 -40.540115
v 26.699886 26.529037 -40.558567
v 29.082983 25.730621 -33.079750
v 29.756321 24.878286 -33.476078
v 30.094112 24.863821 -32.050400
v 29.439919 25.715336 -31.573380
v 27.175209 25.812328 -41.131618
v 26.818283 25.827616 -42.638012
v 27.612967 24.970081 -42.522141
v 27.950775 24.955614 -41.096470
v 27.521170 25.973301 -41.103161
v 28.174047 25.220127 -41.078506
v 27.841949 25.234352 -42.480099
v 27.173355 25.988194 -42.571060
v 29.380207 25.893679 -33.257000
v 29.728018 25.878784 -31.789093
v 30.281204 25.129883 -32.185162
v 29.949112 25.144106 -33.586769
v 30.566204 23.867155 -33.961605
v 30.584625 24.304586 -33.961163
v 30.898672 24.291113 -32.635727
v 30.880255 23.853683 -32.636154
v 30.154198 24.747622 -34.267197
v 30.135780 24.310194 -34.267632
v 28.906002 24.376606 -41.045815
v 28.887581 23.939175 -41.046249
v 28.573534 23.952650 -42.371685
v 28.591955 24.390078 -42.371250
v 28.653000 24.373808 -40.525723
v 28.671421 24.811239 -40.525303
v 28.749771 26.584593 -33.506042
v 29.318352 25.321638 -33.813934
v 29.756321 24.878286 -33.476078
v 29.082983 25.730621 -33.079750
v 28.464718 26.169706 -34.354218
v 29.512932 25.587379 -33.917126
v 28.691481 26.359453 -34.477524
v 29.380207 25.893679 -33.257000
v 29.949112 25.144106 -33.586769
v 30.135780 24.310194 -34.267632
v 27.083134 26.655973 -40.540115
v 27.723450 25.389942 -40.545288
v 27.206949 26.223885 -39.662727
v 27.175209 25.812328 -41.131618
v 27.950775 24.955614 -41.096470
v 27.944950 25.654535 -40.534836
v 28.174047 25.220127 -41.078506
v 27.521170 25.973301 -41.103161
v 27.465855 26.412251 -39.650425
v 28.653000 24.373808 -40.525723
v 27.478495 26.223934 -38.341003
v 28.114420 26.196697 -35.657059
v 27.880981 26.478453 -35.573734
v 27.233810 26.506168 -38.305153
v 28.821831 25.342905 -35.909542
v 28.219967 25.368681 -38.449684
v 29.114624 24.354002 -38.577461
v 29.674160 24.329998 -36.215908
v 28.427891 26.359062 -35.765724
v 27.808199 26.385601 -38.381107
v 27.601999 26.633751 -38.350269
v 28.230919 26.606815 -35.695889
v 28.433098 25.633629 -38.474602
v 29.024788 25.608288 -35.977352
v 29.692581 24.767427 -36.215466
v 29.133038 24.791435 -38.577026
v 28.860794 26.011892 -32.948978
v 29.082983 25.730621 -33.079750
v 29.439919 25.715336 -31.573380
v 29.224022 25.996340 -31.415943
v 30.880255 23.853683 -32.636154
v 30.094112 24.863821 -32.050400
v 29.756321 24.878286 -33.476078
v 30.566204 23.867155 -33.961605
v 27.880981 26.478453 -35.573734
v 28.114420 26.196697 -35.657059
v 28.464718 26.169706 -34.354218
v 28.414898 26.455582 -33.320312
v 30.135780 24.310194 -34.267632
v 29.318352 25.321638 -33.813934
v 28.821831 25.342905 -35.909542
v 29.674160 24.329998 -36.215908
v 27.950775 24.955614 -41.096470
v 27.612967 24.970081 -42.522141
v 28.573534 23.952650 -42.371685
v 28.887581 23.939175 -41.046249
v 26.818283 25.827616 -42.638012
v 27.175209 25.812328 -41.131618
v 26.919283 26.095045 -41.143227
v 26.556049 26.110601 -42.676262
v 28.219967 25.368681 -38.449684
v 27.723450 25.389942 -40.545288
v 28.653000 24.373808 -40.525723
v 29.114624 24.354002 -38.577461
v 27.206949 26.223885 -39.662727
v 27.478495 26.223934 -38.341003
v 27.233810 26.506168 -38.305153
v 26.699886 26.529037 -40.558567
v 27.305729 26.221846 -41.111290
v 27.521170 25.973301 -41.103161
v 27.173355 25.988194 -42.571060
v 26.952726 26.236963 -42.601074
v 28.591955 24.390078 -42.371250
v 27.841949 25.234352 -42.480099
v 28.174047 25.220127 -41.078506
v 28.906002 24.376606 -41.045815
v 27.601999 26.633751 -38.350269
v 27.808199 26.385601 -38.381107
v 27.465855 26.412251 -39.650425
v 27.083134 26.655973 -40.540115
v 28.671421 24.811239 -40.525303
v 27.944950 25.654535 -40.534836
v 28.433098 25.633629 -38.474602
v 29.133038 24.791435 -38.577026
v 29.949112 25.144106 -33.586769
v 30.281204 25.129883 -32.185162
v 30.898672 24.291113 -32.635727
v 30.584625 24.304586 -33.961163
v 29.728018 25.878784 -31.789093
v 29.380207 25.893679 -33.257000
v 29.192467 26.141039 -33.148174
v 29.545464 26.125923 -31.658375
v 29.024788 25.608288 -35.977352
v 29.512932 25.587379 -33.917126
v 30.154198 24.747622 -34.267197
v 29.692581 24.767427 -36.215466
v 28.691481 26.359453 -34.477524
v 28.427891 26.359062 -35.765724
v 28.230919 26.606815 -35.695889
v 28.749771 26.584593 -33.506042
v 28.464718 26.169706 -34.354218
v 29.082983 25.730621 -33.079750
v 28.860794 26.011892 -32.948978
v 28.414898 26.455582 -33.320312
v 29.756321 24.878286 -33.476078
v 29.318352 25.321638 -33.813934
v 30.135780 24.310194 -34.267632
v 30.566204 23.867155 -33.961605
v 30.154198 24.747622 -34.267197
v 29.512932 25.587379 -33.917126
v 29.949112 25.144106 -33.586769
v 30.584625 24.304586 -33.961163
v 29.192467 26.141039 -33.148174
v 29.380207 25.893679 -33.257000
v 28.691481 26.359453 -34.477524
v 28.749771 26.584593 -33.506042
v 28.653000 24.373808 -40.525723
v 27.723450 25.389942 -40.545288
v 27.950775 24.955614 -41.096470
v 28.887581 23.939175 -41.046249
v 26.919283 26.095045 -41.143227
v 27.175209 25.812328 -41.131618
v 27.206949 26.223885 -39.662727
v 26.699886 26.529037 -40.558567
v 27.465855 26.412251 -39.650425
v 27.521170 25.973301 -41.103161
v 27.305729 26.221846 -41.111290
v 27.083134 26.655973 -40.540115
v 28.174047 25.220127 -41.078506
v 27.944950 25.654535 -40.534836
v 28.671421 24.811239 -40.525303
v 28.906002 24.376606 -41.045815
v 29.024788 25.608288 -35.977352
v 28.427891 26.359062 -35.765724
v 28.114420 26.196697 -35.657059
v 28.821831 25.342905 -35.909542
v 29.512932 25.587379 -33.917126
v 29.024788 25.608288 -35.977352
v 28.821831 25.342905 -35.909542
v 29.318352 25.321638 -33.813934
v 28.691481 26.359453 -34.477524
v 29.512932 25.587379 -33.917126
v 29.318352 25.321638 -33.813934
v 28.464718 26.169706 -34.354218
v 28.427891 26.359062 -35.765724
v 28.691481 26.359453 -34.477524
v 28.464718 26.169706 -34.354218
v 28.114420 26.196697 -35.657059
v 27.808199 26.385601 -38.381107
v 28.433098 25.633629 -38.474602
v 28.219967 25.368681 -38.449684
v 27.478495 26.223934 -38.341003
v 27.465855 26.412251 -39.650425
v 27.808199 26.385601 -38.381107
v 27.478495 26.223934 -38.341003
v 27.206949 26.223885 -39.662727
v 27.944950 25.654535 -40.534836
v 27.465855 26.412251 -39.650425
v 27.206949 26.223885 -39.662727
v 27.723450 25.389942 -40.545288
v 28.433098 25.633629 -38.474602
v 27.944950 25.654535 -40.534836
v 27.723450 25.389942 -40.545288
v 28.219967 25.368681 -38.449684
v 30.880255 23.853683 -32.636154
v 30.898672 24.291113 -32.635727
v 30.281204 25.129883 -32.185162
v 29.728018 25.878784 -31.789093
v 29.545464 26.125923 -31.658375
v 29.224022 25.996340 -31.415943
v 29.439919 25.715336 -31.573380
v 30.094112 24.863821 -32.050400
v 28.573534 23.952650 -42.371685
v 27.612967 24.970081 -42.522141
v 26.818283 25.827616 -42.638012
v 26.556049 26.110601 -42.676262
v 26.952726 26.236963 -42.601074
v 27.173355 25.988194 -42.571060
v 27.841949 25.234352 -42.480099
v 28.591955 24.390078 -42.371250
v 28.503941 24.661383 -39.682945
v 28.634876 24.661018 -39.114128
v 28.923874 25.029589 -39.180275
v 28.792934 25.029951 -39.749084
v 29.415363 24.415266 -39.293751
v 30.620102 24.414524 -39.571861
v 30.488815 24.415037 -40.140591
v 29.284081 24.415779 -39.862480
v 29.284081 24.415779 -39.862480
v 30.488815 24.415037 -40.140591
v 30.488495 23.783773 -40.141083
v 29.283758 23.784517 -39.862972
v 29.283758 23.784517 -39.862972
v 30.488495 23.783773 -40.141083
v 30.619776 23.783260 -39.572346
v 29.415049 23.784000 -39.294243
v 29.415049 23.784000 -39.294243
v 30.619776 23.783260 -39.572346
v 30.620102 24.414524 -39.571861
v 29.415363 24.415266 -39.293751
v 29.415363 24.415266 -39.293751
v 29.284081 24.415779 -39.862480
v 28.792934 25.029951 -39.749084
v 28.923874 25.029589 -39.180275
v 28.503941 24.661383 -39.682945
v 28.792934 25.029951 -39.749084
v 28.634876 24.661018 -39.114128
v 28.503941 24.661383 -39.682945
v 28.923874 25.029589 -39.180275
v 28.634876 24.661018 -39.114128
v 29.424267 24.661406 -35.652515
v 29.555214 24.661043 -35.083702
v 29.844193 25.029612 -35.149849
v 29.713282 25.029976 -35.718658
v 30.335701 24.415291 -35.263325
v 31.540445 24.414549 -35.541435
v 31.409155 24.415062 -36.110168
v 30.204418 24.415804 -35.832054
v 30.204418 24.415804 -35.832054
v 31.409155 24.415062 -36.110168
v 31.408829 23.783800 -36.110661
v 30.204088 23.784542 -35.832554
v 30.204088 23.784542 -35.832554
v 31.408829 23.783800 -36.110661
v 31.540115 23.783285 -35.541920
v 30.335375 23.784027 -35.263824
v 30.335375 23.784027 -35.263824
v 31.540115 23.783285 -35.541920
v 31.540445 24.414549 -35.541435
v 30.335701 24.415291 -35.263325
v 30.335701 24.415291 -35.263325
v 30.204418 24.415804 -35.832054
v 29.713282 25.029976 -35.718658
v 29.844193 25.029612 -35.149849
v 29.424267 24.661406 -35.652515
v 29.713282 25.029976 -35.718658
v 29.555214 24.661043 -35.083702
v 29.424267 24.661406 -35.652515
v 29.844193 25.029612 -35.149849
v 29.555214 24.661043 -35.083702
v 30.620102 24.414524 -39.571861
v 30.619776 23.783260 -39.572346
v 30.488495 23.783773 -40.141083
v 30.488815 24.415037 -40.140591
v 31.540445 24.414549 -35.541435
v 31.540115 23.783285 -35.541920
v 31.408829 23.783800 -36.110661
v 31.409155 24.415062 -36.110168
v 41.703140 26.633753 -24.426189
v 41.623920 26.506170 -24.063801
v 44.415649 26.478455 -23.771036
v 44.416115 26.606817 -24.141674
v 41.813728 25.368683 -25.042265
v 44.409958 25.342907 -24.769997
v 44.414234 26.196699 -24.018894
v 41.671013 26.223936 -24.306583
v 44.413105 25.608290 -24.983957
v 41.860722 25.633631 -25.251637
v 41.742229 26.385603 -24.630997
v 44.415375 26.359064 -24.350664
v 41.989094 24.354004 -25.928814
v 41.995590 24.791437 -25.946058
v 44.409283 24.767429 -25.692921
v 44.402782 24.330000 -25.675678
v 48.661171 26.125923 -24.046661
v 47.138485 26.141041 -24.206348
v 47.216751 26.011894 -23.827446
v 48.783646 25.996340 -23.663124
v 46.654324 26.584595 -23.906948
v 46.718826 26.455584 -23.529491
v 38.841576 26.095047 -24.705776
v 38.999531 26.221848 -25.059910
v 37.476852 26.236965 -25.219589
v 37.274693 26.110603 -24.870102
v 39.464931 26.655975 -24.660917
v 39.320747 26.529039 -24.305353
v 47.166832 25.730623 -24.080399
v 47.015556 24.878288 -24.846920
v 48.472717 24.863821 -24.694099
v 48.706482 25.715336 -23.918943
v 38.937180 25.812330 -24.943474
v 37.397514 25.827618 -25.104931
v 37.769741 24.970083 -25.816544
v 39.226898 24.955616 -25.663750
v 39.078476 25.973303 -25.260540
v 39.317707 25.220129 -25.868507
v 37.885147 25.234354 -26.018744
v 37.578152 25.988195 -25.417877
v 47.097889 25.893681 -24.419514
v 48.598209 25.878784 -24.262180
v 48.407425 25.129883 -24.915245
v 46.974869 25.144108 -25.065474
v 46.825253 23.867157 -25.771812
v 46.831760 24.304588 -25.789047
v 48.186470 24.291115 -25.646988
v 48.179977 23.853685 -25.629745
v 46.400585 24.747623 -25.484085
v 46.394081 24.310196 -25.466852
v 39.590683 24.376608 -26.548435
v 39.584183 23.939177 -26.531200
v 38.229462 23.952652 -26.673275
v 38.235973 24.390079 -26.690510
v 39.997795 24.373810 -26.137650
v 40.004292 24.811241 -26.154884
v 46.654324 26.584595 -23.906948
v 46.551838 25.321640 -24.545368
v 47.015556 24.878288 -24.846920
v 47.166832 25.730623 -24.080399
v 45.759598 26.169708 -23.918510
v 46.518818 25.587381 -24.763130
v 45.718243 26.359455 -24.173294
v 47.097889 25.893681 -24.419514
v 46.974869 25.144108 -25.065474
v 46.394081 24.310196 -25.466852
v 39.464931 26.655975 -24.660917
v 39.671852 25.389944 -25.266893
v 40.333874 26.223886 -24.487541
v 38.937180 25.812330 -24.943474
v 39.226898 24.955616 -25.663750
v 39.755001 25.654537 -25.472462
v 39.317707 25.220129 -25.868507
v 39.078476 25.973303 -25.260540
v 40.431137 26.412252 -24.727785
v 39.997795 24.373810 -26.137650
v 41.671013 26.223936 -24.306583
v 44.414234 26.196699 -24.018894
v 44.415649 26.478455 -23.771036
v 41.623920 26.506170 -24.063801
v 44.409958 25.342907 -24.769997
v 41.813728 25.368683 -25.042265
v 41.989094 24.354004 -25.928814
v 44.402782 24.330000 -25.675678
v 44.415375 26.359064 -24.350664
v 41.742229 26.385603 -24.630997
v 41.703140 26.633753 -24.426189
v 44.416115 26.606817 -24.141674
v 41.860722 25.633631 -25.251637
v 44.413105 25.608290 -24.983957
v 44.409283 24.767429 -25.692921
v 41.995590 24.791437 -25.946058
v 47.216751 26.011894 -23.827446
v 47.166832 25.730623 -24.080399
v 48.706482 25.715336 -23.918943
v 48.783646 25.996340 -23.663124
v 48.179977 23.853685 -25.629745
v 48.472717 24.863821 -24.694099
v 47.015556 24.878288 -24.846920
v 46.825253 23.867157 -25.771812
v 44.415649 26.478455 -23.771036
v 44.414234 26.196699 -24.018894
v 45.759598 26.169708 -23.918510
v 46.718826 26.455584 -23.529491
v 46.394081 24.310196 -25.466852
v 46.551838 25.321640 -24.545368
v 44.409958 25.342907 -24.769997
v 44.402782 24.330000 -25.675678
v 39.226898 24.955616 -25.663750
v 37.769741 24.970083 -25.816544
v 38.229462 23.952652 -26.673275
v 39.584183 23.939177 -26.531200
v 37.397514 25.827618 -25.104931
v 38.937180 25.812330 -24.943474
v 38.841576 26.095047 -24.705776
v 37.274693 26.110603 -24.870102
v 41.813728 25.368683 -25.042265
v 39.671852 25.389944 -25.266893
v 39.997795 24.373810 -26.137650
v 41.989094 24.354004 -25.928814
v 40.333874 26.223886 -24.487541
v 41.671013 26.223936 -24.306583
v 41.623920 26.506170 -24.063801
v 39.320747 26.529039 -24.305353
v 38.999531 26.221848 -25.059910
v 39.078476 25.973303 -25.260540
v 37.578152 25.988195 -25.417877
v 37.476852 26.236965 -25.219589
v 38.235973 24.390079 -26.690510
v 37.885147 25.234354 -26.018744
v 39.317707 25.220129 -25.868507
v 39.590683 24.376608 -26.548435
v 41.703140 26.633753 -24.426189
v 41.742229 26.385603 -24.630997
v 40.431137 26.412252 -24.727785
v 39.464931 26.655975 -24.660917
v 40.004292 24.811241 -26.154884
v 39.755001 25.654537 -25.472462
v 41.860722 25.633631 -25.251637
v 41.995590 24.791437 -25.946058
v 46.974869 25.144108 -25.065474
v 48.407425 25.129883 -24.915245
v 48.186470 24.291115 -25.646988
v 46.831760 24.304588 -25.789047
v 48.598209 25.878784 -24.262180
v 47.097889 25.893681 -24.419514
v 47.138485 26.141041 -24.206348
v 48.661171 26.125923 -24.046661
v 44.413105 25.608290 -24.983957
v 46.518818 25.587381 -24.763130
v 46.400585 24.747623 -25.484085
v 44.409283 24.767429 -25.692921
v 45.718243 26.359455 -24.173294
v 44.415375 26.359064 -24.350664
v 44.416115 26.606817 -24.141674
v 46.654324 26.584595 -23.906948
v 45.759598 26.169708 -23.918510
v 47.166832 25.730623 -24.080399
v 47.216751 26.011894 -23.827446
v 46.718826 26.455584 -23.529491
v 47.015556 24.878288 -24.846920
v 46.551838 25.321640 -24.545368
v 46.394081 24.310196 -25.466852
v 46.825253 23.867157 -25.771812
v 46.400585 24.747623 -25.484085
v 46.518818 25.587381 -24.763130
v 46.974869 25.144108 -25.065474
v 46.831760 24.304588 -25.789047
v 47.138485 26.141041 -24.206348
v 47.097889 25.893681 -24.419514
v 45.718243 26.359455 -24.173294
v 46.654324 26.584595 -23.906948
v 39.997795 24.373810 -26.137650
v 39.671852 25.389944 -25.266893
v 39.226898 24.955616 -25.663750
v 39.584183 23.939177 -26.531200
v 38.841576 26.095047 -24.705776
v 38.937180 25.812330 -24.943474
v 40.333874 26.223886 -24.487541
v 39.320747 26.529039 -24.305353
v 40.431137 26.412252 -24.727785
v 39.078476 25.973303 -25.260540
v 38.999531 26.221848 -25.059910
v 39.464931 26.655975 -24.660917
v 39.317707 25.220129 -25.868507
v 39.755001 25.654537 -25.472462
v 40.004292 24.811241 -26.154884
v 39.590683 24.376608 -26.548435
v 44.413105 25.608290 -24.983957
v 44.415375 26.359064 -24.350664
v 44.414234 26.196699 -24.018894
v 44.409958 25.342907 -24.769997
v 46.518818 25.587381 -24.763130
v 44.413105 25.608290 -24.983957
v 44.409958 25.342907 -24.769997
v 46.551838 25.321640 -24.545368
v 45.718243 26.359455 -24.173294
v 46.518818 25.587381 -24.763130
v 46.551838 25.321640 -24.545368
v 45.759598 26.169708 -23.918510
v 44.415375 26.359064 -24.350664
v 45.718243 26.359455 -24.173294
v 45.759598 26.169708 -23.918510
v 44.414234 26.196699 -24.018894
v 41.742229 26.385603 -24.630997
v 41.860722 25.633631 -25.251637
v 41.813728 25.368683 -25.042265
v 41.671013 26.223936 -24.306583
v 40.431137 26.412252 -24.727785
v 41.742229 26.385603 -24.630997
v 41.671013 26.223936 -24.306583
v 40.333874 26.223886 -24.487541
v 39.755001 25.654537 -25.472462
v 40.431137 26.412252 -24.727785
v 40.333874 26.223886 -24.487541
v 39.671852 25.389944 -25.266893
v 41.860722 25.633631 -25.251637
v 39.755001 25.654537 -25.472462
v 39.671852 25.389944 -25.266893
v 41.813728 25.368683 -25.042265
v 48.179977 23.853685 -25.629745
v 48.186470 24.291115 -25.646988
v 48.407425 25.129883 -24.915245
v 48.598209 25.878784 -24.262180
v 48.661171 26.125923 -24.046661
v 48.783646 25.996340 -23.663124
v 48.706482 25.715336 -23.918943
v 48.472717 24.863821 -24.694099
v 38.229462 23.952652 -26.673275
v 37.769741 24.970083 -25.816544
v 37.397514 25.827618 -25.104931
v 37.274693 26.110603 -24.870102
v 37.476852 26.236965 -25.219589
v 37.578152 25.988195 -25.417877
v 37.885147 25.234354 -26.018744
v 38.235973 24.390079 -26.690510
v 40.743828 24.661385 -25.718189
v 41.323936 24.661020 -25.653601
v 41.357113 25.029591 -25.948206
v 40.777008 25.029953 -26.012802
v 41.412605 24.415268 -26.449570
v 41.548668 24.414526 -27.678484
v 40.968521 24.415039 -27.742725
v 40.832462 24.415781 -26.513803
v 40.832462 24.415781 -26.513803
v 40.968521 24.415039 -27.742725
v 40.967953 23.783775 -27.742580
v 40.831890 23.784519 -26.513666
v 40.831890 23.784519 -26.513666
v 40.967953 23.783775 -27.742580
v 41.548096 23.783262 -27.678347
v 41.412033 23.784002 -26.449440
v 41.412033 23.784002 -26.449440
v 41.548096 23.783262 -27.678347
v 41.548668 24.414526 -27.678484
v 41.412605 24.415268 -26.449570
v 41.412605 24.415268 -26.449570
v 40.832462 24.415781 -26.513803
v 40.777008 25.029953 -26.012802
v 41.357113 25.029591 -25.948206
v 40.743828 24.661385 -25.718189
v 40.777008 25.029953 -26.012802
v 41.323936 24.661020 -25.653601
v 40.743828 24.661385 -25.718189
v 41.357113 25.029591 -25.948206
v 41.323936 24.661020 -25.653601
v 44.851799 24.661407 -25.253506
v 45.431892 24.661045 -25.188915
v 45.465080 25.029613 -25.483522
v 44.884975 25.029978 -25.548119
v 45.520573 24.415293 -25.984886
v 45.656631 24.414551 -27.213799
v 45.076488 24.415064 -27.278032
v 44.940430 24.415806 -26.049118
v 44.940430 24.415806 -26.049118
v 45.076488 24.415064 -27.278032
v 45.075912 23.783802 -27.277887
v 44.939846 23.784544 -26.048981
v 44.939846 23.784544 -26.048981
v 45.075912 23.783802 -27.277887
v 45.656063 23.783287 -27.213661
v 45.519993 23.784029 -25.984741
v 45.519993 23.784029 -25.984741
v 45.656063 23.783287 -27.213661
v 45.656631 24.414551 -27.213799
v 45.520573 24.415293 -25.984886
v 45.520573 24.415293 -25.984886
v 44.940430 24.415806 -26.049118
v 44.884975 25.029978 -25.548119
v 45.465080 25.029613 -25.483522
v 44.851799 24.661407 -25.253506
v 44.884975 25.029978 -25.548119
v 45.431892 24.661045 -25.188915
v 44.851799 24.661407 -25.253506
v 45.465080 25.029613 -25.483522
v 45.431892 24.661045 -25.188915
v 41.548668 24.414526 -27.678484
v 41.548096 23.783262 -27.678347
v 40.967953 23.783775 -27.742580
v 40.968521 24.415039 -27.742725
v 45.656631 24.414551 -27.213799
v 45.656063 23.783287 -27.213661
v 45.075912 23.783802 -27.277887
v 45.076488 24.415064 -27.278032
v 31.321678 26.633749 -50.464939
v 31.073545 26.506166 -50.740662
v 29.207298 26.478451 -48.643852
v 29.508080 26.606813 -48.427269
v 31.757576 25.368679 -50.015747
v 30.022030 25.342903 -48.065777
v 29.409454 26.196695 -48.500423
v 31.243261 26.223932 -50.560799
v 30.193985 25.608286 -47.938408
v 31.900230 25.633627 -49.855453
v 31.465225 26.385599 -50.313717
v 29.678272 26.359060 -48.305973
v 32.375393 24.354000 -49.356186
v 32.385605 24.791433 -49.340839
v 30.772068 24.767426 -47.527969
v 30.761860 24.329996 -47.543301
v 26.954733 26.125921 -45.034634
v 27.972639 26.141039 -46.178295
v 27.619223 26.011892 -46.335732
v 26.571779 25.996338 -45.158886
v 28.011864 26.584591 -46.746193
v 27.667652 26.455580 -46.913979
v 33.217941 26.095043 -52.626167
v 33.413441 26.221844 -52.291290
v 34.431335 26.236961 -53.434956
v 34.265392 26.110600 -53.803020
v 32.817894 26.655972 -52.146015
v 32.613182 26.529036 -52.470535
v 27.853800 25.730621 -46.228737
v 28.564642 24.878286 -45.904499
v 27.590546 24.863819 -44.810059
v 26.824564 25.715334 -45.072334
v 33.355240 25.812326 -52.409859
v 34.384487 25.827614 -53.566269
v 34.745377 24.970079 -52.848839
v 33.771294 24.955612 -51.754402
v 33.530354 25.973299 -52.110142
v 33.884640 25.220125 -51.561195
v 34.842285 25.234350 -52.637154
v 34.533298 25.988192 -53.237011
v 28.169458 25.893679 -46.086929
v 27.166523 25.878782 -44.960060
v 27.808254 25.129881 -44.734097
v 28.765900 25.144106 -45.810059
v 29.426891 23.867155 -45.519562
v 29.437103 24.304586 -45.504234
v 28.531496 24.291113 -44.486740
v 28.521286 23.853683 -44.502068
v 29.440918 24.747622 -46.032345
v 29.430702 24.310194 -46.047680
v 34.277687 24.376604 -50.942852
v 34.267479 23.939173 -50.958199
v 35.173084 23.952648 -51.975693
v 35.183289 24.390076 -51.960350
v 33.706551 24.373806 -50.851803
v 33.716759 24.811237 -50.836464
v 28.011864 26.584591 -46.746193
v 28.590202 25.321636 -46.457047
v 28.564642 24.878286 -45.904499
v 27.853800 25.730621 -46.228737
v 28.543148 26.169704 -47.466202
v 28.786331 25.587379 -46.356842
v 28.774223 26.359451 -47.351177
v 28.169458 25.893679 -46.086929
v 28.765900 25.144106 -45.810059
v 29.430702 24.310194 -46.047680
v 32.817894 26.655972 -52.146015
v 33.189400 25.389940 -51.624470
v 32.170204 26.223883 -51.541340
v 33.355240 25.812326 -52.409859
v 33.771294 24.955612 -51.754402
v 33.307880 25.654533 -51.437019
v 33.884640 25.220125 -51.561195
v 33.530354 25.973299 -52.110142
v 32.308617 26.412249 -51.322205
v 33.706551 24.373806 -50.851803
v 31.243261 26.223932 -50.560799
v 29.409454 26.196695 -48.500423
v 29.207298 26.478451 -48.643852
v 31.073545 26.506166 -50.740662
v 30.022030 25.342903 -48.065777
v 31.757576 25.368679 -50.015747
v 32.375393 24.354000 -49.356186
v 30.761860 24.329996 -47.543301
v 29.678272 26.359060 -48.305973
v 31.465225 26.385599 -50.313717
v 31.321678 26.633749 -50.464939
v 29.508080 26.606813 -48.427269
v 31.900230 25.633627 -49.855453
v 30.193985 25.608286 -47.938408
v 30.772068 24.767426 -47.527969
v 32.385605 24.791433 -49.340839
v 27.619223 26.011892 -46.335732
v 27.853800 25.730621 -46.228737
v 26.824564 25.715334 -45.072334
v 26.571779 25.996338 -45.158886
v 28.521286 23.853683 -44.502068
v 27.590546 24.863819 -44.810059
v 28.564642 24.878286 -45.904499
v 29.426891 23.867155 -45.519562
v 29.207298 26.478451 -48.643852
v 29.409454 26.196695 -48.500423
v 28.543148 26.169704 -47.466202
v 27.667652 26.455580 -46.913979
v 29.430702 24.310194 -46.047680
v 28.590202 25.321636 -46.457047
v 30.022030 25.342903 -48.065777
v 30.761860 24.329996 -47.543301
v 33.771294 24.955612 -51.754402
v 34.745377 24.970079 -52.848839
v 35.173084 23.952648 -51.975693
v 34.267479 23.939173 -50.958199
v 34.384487 25.827614 -53.566269
v 33.355240 25.812326 -52.409859
v 33.217941 26.095043 -52.626167
v 34.265392 26.110600 -53.803020
v 31.757576 25.368679 -50.015747
v 33.189400 25.389940 -51.624470
v 33.706551 24.373806 -50.851803
v 32.375393 24.354000 -49.356186
v 32.170204 26.223883 -51.541340
v 31.243261 26.223932 -50.560799
v 31.073545 26.506166 -50.740662
v 32.613182 26.529036 -52.470535
v 33.413441 26.221844 -52.291290
v 33.530354 25.973299 -52.110142
v 34.533298 25.988192 -53.237011
v 34.431335 26.236961 -53.434956
v 35.183289 24.390076 -51.960350
v 34.842285 25.234350 -52.637154
v 33.884640 25.220125 -51.561195
v 34.277687 24.376604 -50.942852
v 31.321678 26.633749 -50.464939
v 31.465225 26.385599 -50.313717
v 32.308617 26.412249 -51.322205
v 32.817894 26.655972 -52.146015
v 33.716759 24.811237 -50.836464
v 33.307880 25.654533 -51.437019
v 31.900230 25.633627 -49.855453
v 32.385605 24.791433 -49.340839
v 28.765900 25.144106 -45.810059
v 27.808254 25.129881 -44.734097
v 28.531496 24.291113 -44.486740
v 29.437103 24.304586 -45.504234
v 27.166523 25.878782 -44.960060
v 28.169458 25.893679 -46.086929
v 27.972639 26.141039 -46.178295
v 26.954733 26.125921 -45.034634
v 30.193985 25.608286 -47.938408
v 28.786331 25.587379 -46.356842
v 29.440918 24.747622 -46.032345
v 30.772068 24.767426 -47.527969
v 28.774223 26.359451 -47.351177
v 29.678272 26.359060 -48.305973
v 29.508080 26.606813 -48.427269
v 28.011864 26.584591 -46.746193
v 28.543148 26.169704 -47.466202
v 27.853800 25.730621 -46.228737
v 27.619223 26.011892 -46.335732
v 27.667652 26.455580 -46.913979
v 28.564642 24.878286 -45.904499
v 28.590202 25.321636 -46.457047
v 29.430702 24.310194 -46.047680
v 29.426891 23.867155 -45.519562
v 29.440918 24.747622 -46.032345
v 28.786331 25.587379 -46.356842
v 28.765900 25.144106 -45.810059
v 29.437103 24.304586 -45.504234
v 27.972639 26.141039 -46.178295
v 28.169458 25.893679 -46.086929
v 28.774223 26.359451 -47.351177
v 28.011864 26.584591 -46.746193
v 33.706551 24.373806 -50.851803
v 33.189400 25.389940 -51.624470
v 33.771294 24.955612 -51.754402
v 34.267479 23.939173 -50.958199
v 33.217941 26.095043 -52.626167
v 33.355240 25.812326 -52.409859
v 32.170204 26.223883 -51.541340
v 32.613182 26.529036 -52.470535
v 32.308617 26.412249 -51.322205
v 33.530354 25.973299 -52.110142
v 33.413441 26.221844 -52.291290
v 32.817894 26.655972 -52.146015
v 33.884640 25.220125 -51.561195
v 33.307880 25.654533 -51.437019
v 33.716759 24.811237 -50.836464
v 34.277687 24.376604 -50.942852
v 30.193985 25.608286 -47.938408
v 29.678272 26.359060 -48.305973
v 29.409454 26.196695 -48.500423
v 30.022030 25.342903 -48.065777
v 28.786331 25.587379 -46.356842
v 30.193985 25.608286 -47.938408
v 30.022030 25.342903 -48.065777
v 28.590202 25.321636 -46.457047
v 28.774223 26.359451 -47.351177
v 28.786331 25.587379 -46.356842
v 28.590202 25.321636 -46.457047
v 28.543148 26.169704 -47.466202
v 29.678272 26.359060 -48.305973
v 28.774223 26.359451 -47.351177
v 28.543148 26.169704 -47.466202
v 29.409454 26.196695 -48.500423
v 31.465225 26.385599 -50.313717
v 31.900230 25.633627 -49.855453
v 31.757576 25.368679 -50.015747
v 31.243261 26.223932 -50.560799
v 32.308617 26.412249 -51.322205
v 31.465225 26.385599 -50.313717
v 31.243261 26.223932 -50.560799
v 32.170204 26.223883 -51.541340
v 33.307880 25.654533 -51.437019
v 32.308617 26.412249 -51.322205
v 32.170204 26.223883 -51.541340
v 33.189400 25.389940 -51.624470
v 31.900230 25.633627 -49.855453
v 33.307880 25.654533 -51.437019
v 33.189400 25.389940 -51.624470
v 31.757576 25.368679 -50.015747
v 28.521286 23.853683 -44.502068
v 28.531496 24.291113 -44.486740
v 27.808254 25.129881 -44.734097
v 27.166523 25.878782 -44.960060
v 26.954733 26.125921 -45.034634
v 26.571779 25.996338 -45.158886
v 26.824564 25.715334 -45.072334
v 27.590546 24.863819 -44.810059
v 35.173084 23.952648 -51.975693
v 34.745377 24.970079 -52.848839
v 34.384487 25.827614 -53.566269
v 34.265392 26.110600 -53.803020
v 34.431335 26.236961 -53.434956
v 34.533298 25.988192 -53.237011
v 34.842285 25.234350 -52.637154
v 35.183289 24.390076 -51.960350
v 32.930679 24.661381 -50.490505
v 32.539837 24.661016 -50.056980
v 32.759781 25.029587 -49.858196
v 33.150627 25.029949 -50.291702
v 33.134644 24.415264 -49.520668
v 34.053471 24.414522 -48.693321
v 34.444046 24.415035 -49.127087
v 33.525215 24.415777 -49.954437
v 33.525215 24.415777 -49.954437
v 34.444046 24.415035 -49.127087
v 34.444260 23.783772 -49.127636
v 33.525444 23.784515 -49.954975
v 33.525444 23.784515 -49.954975
v 34.444260 23.783772 -49.127636
v 34.053680 23.783258 -48.693871
v 33.134869 23.783998 -49.521217
v 33.134869 23.783998 -49.521217
v 34.053680 23.783258 -48.693871
v 34.053471 24.414522 -48.693321
v 33.134644 24.415264 -49.520668
v 33.134644 24.415264 -49.520668
v 33.525215 24.415777 -49.954437
v 33.150627 25.029949 -50.291702
v 32.759781 25.029587 -49.858196
v 32.930679 24.661381 -50.490505
v 33.150627 25.029949 -50.291702
v 32.539837 24.661016 -50.056980
v 32.930679 24.661381 -50.490505
v 32.759781 25.029587 -49.858196
v 32.539837 24.661016 -50.056980
v 30.157030 24.661404 -47.424850
v 29.766190 24.661041 -46.991337
v 29.986132 25.029610 -46.792545
v 30.376980 25.029974 -47.226059
v 30.361000 24.415289 -46.455017
v 31.279821 24.414549 -45.627670
v 31.670399 24.415062 -46.061436
v 30.751575 24.415802 -46.888767
v 30.751575 24.415802 -46.888767
v 31.670399 24.415062 -46.061436
v 31.670614 23.783800 -46.061977
v 30.751789 23.784540 -46.889324
v 30.751789 23.784540 -46.889324
v 31.670614 23.783800 -46.061977
v 31.280041 23.783285 -45.628220
v 30.361223 23.784025 -46.455566
v 30.361223 23.784025 -46.455566
v 31.280041 23.783285 -45.628220
v 31.279821 24.414549 -45.627670
v 30.361000 24.415289 -46.455017
v 30.361000 24.415289 -46.455017
v 30.751575 24.415802 -46.888767
v 30.376980 25.029974 -47.226059
v 29.986132 25.029610 -46.792545
v 30.157030 24.661404 -47.424850
v 30.376980 25.029974 -47.226059
v 29.766190 24.661041 -46.991337
v 30.157030 24.661404 -47.424850
v 29.986132 25.029610 -46.792545
v 29.766190 24.661041 -46.991337
v 34.053471 24.414522 -48.693321
v 34.053680 23.783258 -48.693871
v 34.444260 23.783772 -49.127636
v 34.444046 24.415035 -49.127087
v 31.279821 24.414549 -45.627670
v 31.280041 23.783285 -45.628220
v 31.670614 23.783800 -46.061977
v 31.670399 24.415062 -46.061436
v -12.034718 17.242855 -32.577927
v -12.034710 2.701127 -32.577915
v -24.556427 2.701134 -32.577923
v -24.556427 17.242861 -32.577927
v 11.008518 104.850365 19.367607
v 11.008516 104.850365 6.962727
v 10.982714 131.165405 6.962723
v 10.982714 131.165421 19.367603
v 42.652267 14.537158 18.387806
v 42.652267 1.769167 18.383251
v 42.652267 1.769161 7.946594
v 42.652267 14.537151 7.942146
v 40.612480 17.241186 44.758621
v 40.610634 2.730895 44.758644
v 40.610775 2.727831 21.333302
v 40.612343 17.238571 21.338898
v 11.016953 131.165421 27.912987
v 10.971725 104.811279 27.915627
v 10.971727 104.811279 -0.795570
v 11.016954 131.165405 -0.792927
v 10.956923 57.245834 6.962734
v 10.974554 57.220924 -0.794167
v -10.386486 2.701126 -32.577923
v -10.386490 17.242853 -32.577927
v -6.045967 0.378503 -30.453749
v -7.685352 0.378471 -30.453758
v -7.685360 19.943987 -30.453743
v -6.045963 19.943996 -30.453743
v 10.982714 131.165421 19.367603
v 10.982714 131.165405 6.962723
v 1.429482 131.165405 6.962727
v 1.429482 131.165421 18.457466
v 11.016953 131.165421 27.912987
v 1.611908 131.165421 27.906898
v 10.971725 104.811279 27.915627
v 11.016953 131.165421 27.912987
v 1.611908 131.165421 27.906898
v 1.438435 108.393639 27.917816
v 10.974554 57.220921 27.914246
v 1.450241 57.220963 27.916000
v 35.331249 2.730774 -35.576260
v -3.344822 2.720730 -35.576260
v -3.344822 17.221907 -35.576260
v 35.332844 17.240429 -35.576260
v 11.016954 131.165405 -0.792927
v 10.971727 104.811279 -0.795570
v 1.438438 108.393639 -0.836979
v 1.611908 131.165405 -0.826061
v 11.016954 131.165405 -0.792927
v 1.611908 131.165405 -0.826061
v 1.429482 131.165421 18.457466
v 1.429482 131.165405 6.962727
v 1.478947 127.630539 6.962730
v 1.478939 127.630547 18.457470
v 1.611908 131.165421 27.906898
v 1.478947 127.630539 24.490341
v 1.438435 108.393639 27.917816
v 1.611908 131.165421 27.906898
v 1.478947 127.630539 24.490341
v 1.467304 108.393623 24.490334
v 1.467304 57.468754 24.490349
v 1.450241 57.220963 27.916000
v -6.045948 0.397374 -33.452084
v -6.045967 0.378503 -30.453749
v -6.045963 19.943996 -30.453743
v -6.045952 19.921745 -33.452087
v 1.611908 131.165405 -0.826061
v 1.438438 108.393639 -0.836979
v 1.467304 108.393623 1.748573
v 1.478947 127.630539 1.748573
v 1.611908 131.165405 -0.826061
v 1.478947 127.630539 1.748573
v 10.974554 57.220921 27.914246
v 10.956921 57.245834 19.367615
v 10.958796 36.117538 6.962738
v 10.959745 27.295033 6.962734
v 11.025784 27.290432 -0.790615
v 1.569027 27.285362 27.909592
v 11.025776 27.281786 27.910713
v 10.974554 57.220924 -0.794167
v 1.450241 57.220966 -0.835152
v 1.467293 27.291887 24.490326
v 1.569027 27.285362 27.909592
v 1.450241 57.220966 -0.835152
v 1.467304 57.468758 1.748581
v 10.958797 36.117542 19.367619
v 24.000906 27.297985 17.120415
v 24.000910 27.296766 9.209702
v 24.000906 33.417351 9.194687
v 24.000904 33.417355 17.135605
v 11.025776 27.281786 27.910713
v 10.959745 27.296324 19.367645
v 11.025784 27.290432 -0.790615
v 1.569031 27.294985 -0.828705
v 1.569031 27.294985 -0.828705
v 1.467300 27.297052 1.748589
v 21.422527 27.275236 -17.950390
v 21.422527 27.289436 6.984409
v 21.422527 19.939783 6.999233
v 21.422527 19.943254 -17.950388
v 21.422527 27.264408 34.040085
v -6.044659 27.276262 34.040085
v -6.044659 19.921717 34.040085
v 21.422527 19.943262 34.040085
v -12.034721 19.943991 -15.273176
v -27.257561 19.944000 -15.273180
v -27.257568 27.303267 -15.273174
v -12.034733 27.294247 -15.273182
v 24.000906 22.640923 17.110901
v 24.000906 22.640919 9.219097
v 21.422527 19.943262 34.040085
v 21.422527 19.939789 19.330696
v 21.422527 27.290567 19.345711
v 21.422527 27.264408 34.040085
v -7.685360 19.943989 -15.273176
v -7.685371 27.291912 -15.273174
v -6.073524 19.943998 -15.273180
v -6.073524 27.291306 -15.273182
v 21.422527 19.943254 -17.950388
v -6.073521 19.921749 -17.950388
v -6.073521 27.289019 -17.950390
v 21.422527 27.275236 -17.950390
v -6.073521 19.921749 -17.950388
v -6.073524 19.943998 -15.273180
v -6.073524 27.291306 -15.273182
v -6.073521 27.289019 -17.950390
v 40.612354 17.241285 -31.226780
v 40.612354 17.238564 4.991077
v 40.610764 2.727824 4.996544
v 40.610767 2.731009 -31.226784
v 38.034416 19.942871 46.983932
v -6.044807 19.921719 46.983932
v -6.044518 0.397285 46.983932
v 38.031940 0.408833 46.983932
v -12.034733 27.294247 -15.273182
v -27.257568 27.303267 -15.273174
v -27.276085 27.312466 1.748585
v -10.470181 27.303453 1.748592
v -7.685371 27.291912 -15.273174
v -6.120106 27.301121 1.748585
v -6.073524 27.291306 -15.273182
v 1.467300 27.297052 1.748589
v -6.073521 27.289019 -17.950390
v 1.569031 27.294985 -0.828705
v 21.422527 27.275236 -17.950390
v 11.025784 27.290432 -0.790615
v 21.422527 27.289436 6.984409
v 10.959745 27.295033 6.962734
v 21.422529 36.118484 6.962742
v 21.422527 27.289436 6.984409
v 10.959745 27.295033 6.962734
v 10.958796 36.117538 6.962738
v 21.422525 36.118488 19.367619
v 21.422529 36.118484 6.962742
v 10.958796 36.117538 6.962738
v 10.958797 36.117542 19.367619
v 21.422527 27.290567 19.345711
v 21.422525 36.118488 19.367619
v 10.958797 36.117542 19.367619
v 10.959745 27.296324 19.367645
v 21.422527 27.264408 34.040085
v 21.422527 27.290567 19.345711
v 10.959745 27.296324 19.367645
v 11.025776 27.281786 27.910713
v -6.044659 27.276262 34.040085
v 1.569027 27.285362 27.909592
v 1.467293 27.291887 24.490326
v -6.044662 27.296154 24.492844
v -7.847260 2.725484 24.507618
v -7.847267 2.744300 31.954498
v -7.847240 17.196220 31.794701
v -7.847260 24.556250 31.794716
v -7.847260 24.566362 24.507927
v -12.034718 19.943989 -30.453743
v -27.257561 19.943998 -30.453751
v -27.257561 19.944000 -15.273180
v -12.034721 19.943991 -15.273176
v -7.685360 19.943987 -30.453743
v -12.034718 19.943989 -30.453743
v -12.034721 19.943991 -15.273176
v -7.685360 19.943989 -15.273176
v -6.045963 19.943996 -30.453743
v -7.685360 19.943987 -30.453743
v -7.685360 19.943989 -15.273176
v -6.073524 19.943998 -15.273180
v -6.045952 19.921745 -33.452087
v -6.045963 19.943996 -30.453743
v -6.073524 19.943998 -15.273180
v -6.073521 19.921749 -17.950388
v 38.034271 19.942858 -33.452087
v -6.045952 19.921745 -33.452087
v -6.073521 19.921749 -17.950388
v 21.422527 19.943254 -17.950388
v 38.034271 19.939980 4.991161
v 38.034271 19.942858 -33.452087
v 21.422527 19.943254 -17.950388
v 21.422527 19.939783 6.999233
v 38.034271 19.939985 21.338772
v 38.034271 19.939980 4.991161
v 21.422527 19.939783 6.999233
v 21.422527 19.939789 19.330696
v 38.034416 19.942871 46.983932
v 38.034271 19.939985 21.338772
v 21.422527 19.939789 19.330696
v 21.422527 19.943262 34.040085
v -6.044807 19.921719 46.983932
v 38.034416 19.942871 46.983932
v 21.422527 19.943262 34.040085
v -6.044659 19.921717 34.040085
v -7.847130 2.744275 44.738579
v -7.847389 17.196196 44.738556
v -7.847240 17.196220 31.794701
v -7.847267 2.744300 31.954498
v -27.257561 19.943998 -30.453751
v -27.257568 0.378481 -30.453758
v -27.257561 0.378483 -15.273178
v -27.257561 19.944000 -15.273180
v 40.612354 17.241285 -31.226780
v 40.610767 2.731009 -31.226784
v 38.032085 0.408821 -33.452084
v 38.034271 19.942858 -33.452087
v 40.612354 17.238564 4.991077
v 40.612354 17.241285 -31.226780
v 38.034271 19.942858 -33.452087
v 38.034271 19.939980 4.991161
v 40.612343 17.238571 21.338898
v 40.612354 17.238564 4.991077
v 38.034271 19.939980 4.991161
v 38.034271 19.939985 21.338772
v 40.612480 17.241186 44.758621
v 40.612343 17.238571 21.338898
v 38.034271 19.939985 21.338772
v 38.034416 19.942871 46.983932
v 40.610634 2.730895 44.758644
v 40.612480 17.241186 44.758621
v 38.034416 19.942871 46.983932
v 38.031940 0.408833 46.983932
v 40.610775 2.727831 21.333302
v 40.610634 2.730895 44.758644
v 38.031940 0.408833 46.983932
v 38.032085 0.405458 21.333439
v 42.652267 1.769161 7.946594
v 42.652267 1.769167 18.383251
v 42.652267 0.578596 18.383289
v 42.652267 0.578595 7.946560
v 40.610767 2.731009 -31.226784
v 40.610764 2.727824 4.996544
v 38.032089 0.405452 4.996445
v 38.032085 0.408821 -33.452084
v 42.652267 14.537151 7.942146
v 42.652267 1.769161 7.946594
v 40.610764 2.727824 4.996544
v 40.612354 17.238564 4.991077
v 42.652267 14.537158 18.387806
v 42.652267 14.537151 7.942146
v 40.612354 17.238564 4.991077
v 40.612343 17.238571 21.338898
v 42.652267 1.769167 18.383251
v 42.652267 14.537158 18.387806
v 40.612343 17.238571 21.338898
v 40.610775 2.727831 21.333302
v 42.652267 0.578596 18.383289
v 42.652267 1.769167 18.383251
v 40.610775 2.727831 21.333302
v 38.032085 0.405458 21.333439
v 42.652267 1.769161 7.946594
v 42.652267 0.578595 7.946560
v 38.032089 0.405452 4.996445
v 40.610764 2.727824 4.996544
v -10.386486 2.701126 -32.577923
v -10.386490 17.242853 -32.577927
v -7.685360 19.943987 -30.453743
v -7.685352 0.378471 -30.453758
v -12.034710 2.701127 -32.577915
v -10.386486 2.701126 -32.577923
v -7.685352 0.378471 -30.453758
v -12.034710 0.378473 -30.454765
v -24.556427 2.701134 -32.577923
v -12.034710 2.701127 -32.577915
v -12.034710 0.378473 -30.454765
v -27.257568 0.378481 -30.453758
v -24.556427 17.242861 -32.577927
v -24.556427 2.701134 -32.577923
v -27.257568 0.378481 -30.453758
v -27.257561 19.943998 -30.453751
v -12.034718 17.242855 -32.577927
v -24.556427 17.242861 -32.577927
v -27.257561 19.943998 -30.453751
v -12.034718 19.943989 -30.453743
v -10.386490 17.242853 -32.577927
v -12.034718 17.242855 -32.577927
v -12.034718 19.943989 -30.453743
v -7.685360 19.943987 -30.453743
v 35.331249 2.730774 -35.576260
v 35.332844 17.240429 -35.576260
v 38.034271 19.942858 -33.452087
v 38.032085 0.408821 -33.452084
v -3.344822 2.720730 -35.576260
v 35.331249 2.730774 -35.576260
v 38.032085 0.408821 -33.452084
v -6.045948 0.397374 -33.452084
v -3.344822 17.221907 -35.576260
v -3.344822 2.720730 -35.576260
v -6.045948 0.397374 -33.452084
v -6.045952 19.921745 -33.452087
v 35.332844 17.240429 -35.576260
v -3.344822 17.221907 -35.576260
v -6.045952 19.921745 -33.452087
v 38.034271 19.942858 -33.452087
v 24.000910 27.296766 9.209702
v 24.000906 22.640919 9.219097
v 21.422527 19.939783 6.999233
v 21.422527 27.289436 6.984409
v 24.000906 33.417351 9.194687
v 24.000910 27.296766 9.209702
v 21.422527 27.289436 6.984409
v 21.422529 36.118484 6.962742
v 24.000904 33.417355 17.135605
v 24.000906 33.417351 9.194687
v 21.422529 36.118484 6.962742
v 21.422525 36.118488 19.367619
v 24.000906 27.297985 17.120415
v 24.000904 33.417355 17.135605
v 21.422525 36.118488 19.367619
v 21.422527 27.290567 19.345711
v 24.000906 22.640923 17.110901
v 24.000906 27.297985 17.120415
v 21.422527 27.290567 19.345711
v 21.422527 19.939789 19.330696
v 24.000906 22.640919 9.219097
v 24.000906 22.640923 17.110901
v 21.422527 19.939789 19.330696
v 21.422527 19.939783 6.999233
v -7.847267 2.744300 31.954498
v -7.847260 2.725484 24.507618
v -6.044662 0.378417 24.492458
v -6.044662 0.397282 31.960091
v -7.847130 2.744275 44.738579
v -7.847267 2.744300 31.954498
v -6.044662 0.397282 31.960091
v -6.044518 0.397285 46.983932
v -7.847389 17.196196 44.738556
v -7.847130 2.744275 44.738579
v -6.044518 0.397285 46.983932
v -6.044807 19.921719 46.983932
v -7.847240 17.196220 31.794701
v -7.847389 17.196196 44.738556
v -6.044807 19.921719 46.983932
v -6.044659 19.921717 34.040085
v -7.847260 24.556250 31.794716
v -7.847240 17.196220 31.794701
v -6.044659 19.921717 34.040085
v -6.044659 27.276262 34.040085
v -7.847260 24.566362 24.507927
v -7.847260 24.556250 31.794716
v -6.044659 27.276262 34.040085
v -6.044662 27.296154 24.492844
v -41.097366 72.109062 13.135792
v -41.097366 72.109062 38.227394
v -27.177704 72.109062 38.227394
v -27.177696 72.109062 13.135792
v -27.751259 53.191399 37.653816
v -40.523811 53.191399 37.653824
v -40.523819 1.133266 37.653831
v -27.751274 1.133266 37.653824
v -27.751259 53.191399 37.653816
v -27.751274 1.133266 37.653824
v -26.474655 1.133263 13.890587
v -26.474648 53.191395 13.890575
v -41.097366 33.838539 -18.905167
v -27.177696 33.838539 -18.905170
v -27.177696 0.378476 -18.905178
v -41.097374 0.378476 -18.905178
v -41.097366 33.838539 -18.905167
v -41.097374 0.378476 -18.905178
v -41.097366 0.378478 -1.988964
v -41.097366 45.026840 -1.988956
v -41.097366 45.026840 -1.988956
v -27.177696 45.026840 -1.988968
v -27.177696 33.838539 -18.905170
v -41.097366 33.838539 -18.905167
v -27.177696 45.026840 -1.988968
v -27.177696 0.378478 -1.988960
v -27.177696 0.378476 -18.905178
v -27.177696 33.838539 -18.905170
v -41.097366 0.378481 13.135799
v -41.097366 53.946175 13.135796
v -27.177704 72.109062 38.227394
v -41.097366 72.109062 38.227394
v -41.097366 53.946178 38.227394
v -27.177704 53.946178 38.227394
v -27.177704 72.109062 38.227394
v -27.177704 53.946178 38.227394
v -27.177696 53.946175 13.135796
v -27.177696 72.109062 13.135792
v -41.097366 61.376915 -1.988956
v -27.177696 61.376915 -1.988968
v -27.177696 45.026840 -1.988968
v -41.097366 45.026840 -1.988956
v -41.097366 61.376915 -1.988956
v -41.097366 72.109062 13.135792
v -27.177696 61.376915 -1.988968
v -41.097366 61.376915 -1.988956
v -27.177696 53.946175 13.135796
v -27.177696 0.378481 13.135803
v -40.286217 53.191395 13.890575
v -40.286224 1.133263 13.890587
v -40.523819 1.133266 37.653831
v -40.523811 53.191399 37.653824
v -27.177696 72.109062 13.135792
v -27.177696 53.946175 13.135796
v -27.177696 45.026840 -1.988968
v -27.177696 61.376915 -1.988968
v -41.097366 53.946178 38.227394
v -41.097366 72.109062 38.227394
v -40.523819 1.133266 37.653831
v -40.286224 1.133263 13.890587
v -41.097366 0.378481 13.135799
v -41.097382 0.378484 38.227402
v -27.751274 1.133266 37.653824
v -40.523819 1.133266 37.653831
v -41.097382 0.378484 38.227402
v -27.177711 0.378484 38.227394
v -27.751259 53.191399 37.653816
v -26.474648 53.191395 13.890575
v -27.177696 53.946175 13.135796
v -27.177704 53.946178 38.227394
v -40.523811 53.191399 37.653824
v -27.751259 53.191399 37.653816
v -27.177704 53.946178 38.227394
v -41.097366 53.946178 38.227394
v -40.286217 53.191395 13.890575
v -40.523811 53.191399 37.653824
v -41.097366 53.946178 38.227394
v -41.097366 53.946175 13.135796
v -40.286224 1.133263 13.890587
v -40.286217 53.191395 13.890575
v -41.097366 53.946175 13.135796
v -41.097366 0.378481 13.135799
v -27.276093 213.019653 24.194256
v -27.276093 213.019653 24.490330
v -10.470181 213.019653 24.490330
v -10.470181 213.019638 10.743324
v -27.276085 213.019638 10.743328
v -27.276093 19.943998 28.270966
v -27.276093 0.378483 28.270966
v -10.470184 0.378483 28.270966
v -10.470181 19.943998 28.270966
v -41.086212 115.072105 10.743340
v -41.086212 87.948189 10.743343
v -41.086212 87.948189 24.289505
v -41.086212 115.072098 24.223492
v -30.797897 127.625046 10.743340
v -41.086212 115.072105 10.743340
v -41.086212 115.072098 24.223492
v -30.797897 127.625038 24.220135
v -10.470184 161.264496 28.270943
v -10.470177 161.264496 24.490334
v -10.470177 186.932419 24.490330
v -10.470181 186.932419 28.270943
v -10.470184 178.818207 28.270943
v -10.470184 36.215622 28.270958
v -10.470181 36.215622 24.490356
v -10.470181 127.625046 24.490341
v -10.470184 127.625046 28.270950
v -27.276085 36.215622 6.962746
v -27.276085 36.215622 10.743355
v -27.276085 75.568199 10.743347
v -27.276085 87.948189 10.743347
v -27.289078 127.615593 10.743343
v -27.289078 127.615593 6.962730
v -30.797897 143.710770 10.743336
v -30.797897 143.710770 24.216457
v -30.797897 161.264496 24.211475
v -30.797897 161.264481 10.743332
v -7.148705 204.436584 22.265026
v -7.148705 146.411911 22.265034
v -7.148708 146.411896 13.018513
v -7.148705 204.436569 12.968636
v -30.797897 75.568199 10.743343
v -30.797897 75.568199 24.319630
v -41.086212 87.948189 24.289505
v -41.086212 87.948189 10.743343
v -39.338196 88.585815 25.986862
v -29.977722 77.322296 26.014282
v -29.024109 77.322296 26.014282
v -29.024117 87.954285 25.988403
v -39.338196 114.451424 25.922569
v -29.024109 115.074577 25.922394
v -29.972282 125.875458 25.919502
v -29.035294 125.872940 25.919502
v -30.797897 143.710770 24.216457
v -27.276093 143.710770 24.216457
v -27.276085 161.264496 24.211472
v -30.797897 161.264496 24.211475
v -30.797897 213.019638 10.743324
v -30.797897 213.019653 24.194256
v -30.797897 178.818192 10.743332
v -27.165596 178.744522 10.743332
v -27.276085 161.264481 10.743336
v -30.797897 161.264481 10.743332
v -39.338188 114.447296 9.044441
v -29.972282 125.874794 9.044430
v -29.035294 125.872269 9.044434
v -29.024117 115.071205 9.044441
v -39.338188 88.579727 9.044445
v -29.024117 87.948189 9.044445
v -29.977730 77.316216 9.044445
v -29.024109 77.316216 9.044437
v -30.797897 75.568199 10.743343
v -27.276085 75.568199 10.743347
v -27.276085 36.215622 10.743355
v -30.797897 36.215622 10.743351
v -27.838669 182.680115 31.042999
v -14.472462 182.734055 31.569977
v -14.684216 200.389969 31.569870
v -27.903175 200.770203 31.029709
v -14.472458 182.734039 3.663692
v -27.838623 182.680084 4.190670
v -27.903122 200.770142 4.203945
v -14.684216 200.389954 3.663780
v -28.997955 181.444077 5.462395
v -28.974869 181.444092 9.251522
v -29.016495 202.035858 9.232765
v -29.066040 202.035812 5.476635
v -10.786392 143.448395 24.490337
v -10.786392 144.401779 28.270943
v -10.470184 127.625046 28.270950
v -10.470181 127.625046 24.490341
v -10.470181 186.932404 6.962715
v -10.470181 186.932404 10.743328
v -10.470181 161.264481 10.743332
v -10.470181 161.264481 6.962719
v -10.470181 178.818192 6.962723
v -28.974930 181.444366 25.698181
v -28.998009 181.444122 29.771271
v -29.066101 202.035873 29.757019
v -29.016335 202.035995 25.715622
v -34.076012 182.741516 10.248177
v -34.076027 182.741730 24.701378
v -34.138550 200.865417 24.684647
v -34.138557 200.865326 10.263641
v -30.797897 178.818207 24.206490
v -30.797897 178.818192 10.743332
v -30.797897 127.625046 10.743340
v -30.797897 127.625038 24.220135
v -32.655113 202.100449 25.698425
v -32.581985 181.519547 25.717979
v -28.974930 181.444366 25.698181
v -29.016335 202.035995 25.715622
v -27.165649 178.744583 24.206490
v -30.797897 178.818207 24.206490
v -30.797897 127.625038 24.220135
v -27.289078 127.615585 24.220135
v -30.797897 143.710770 10.743336
v -27.276085 143.710770 10.743340
v -27.289078 127.615593 10.743343
v -30.797897 127.625046 10.743340
v -28.974869 181.444092 9.251522
v -32.581970 181.519333 9.231712
v -32.655121 202.100342 9.249798
v -29.016495 202.035858 9.232765
v -34.817177 145.042953 -0.353409
v -14.635284 143.448380 -0.353409
v -14.635284 131.787811 -0.353409
v -25.169411 131.781891 -0.353409
v -27.289078 127.615593 10.743343
v -27.276085 143.710770 10.743340
v -38.991867 143.701309 10.743336
v -38.868378 161.190811 10.743332
v -27.276085 161.264481 10.743336
v -27.165596 178.744522 10.743332
v -14.635284 161.264481 -0.353413
v -34.712166 159.916336 -0.353405
v -24.929977 174.589233 -0.353405
v -14.635284 174.634674 -0.353413
v -27.276093 143.710770 24.216457
v -27.289078 127.615585 24.220135
v -38.991859 143.701324 24.216457
v -14.635288 143.710785 33.442703
v -34.817177 145.042984 33.442703
v -25.169411 131.781906 33.442703
v -14.635288 131.787827 33.442711
v -34.712143 159.916351 33.442703
v -14.635288 161.264496 33.442703
v -14.635288 174.634705 33.442703
v -24.930023 174.589279 33.442703
v -27.165649 178.744583 24.206490
v -27.276085 161.264496 24.211472
v -38.868362 161.190811 24.211472
v -10.470184 143.710785 31.340721
v -10.470184 127.625046 31.340729
v -10.470184 161.264496 28.270943
v -10.470184 178.818207 28.270943
v -10.470184 178.818207 31.340721
v -10.470184 161.264496 31.340721
v -27.165649 178.744583 31.340729
v -10.470184 178.818207 31.340721
v -10.470184 178.818207 28.270943
v -27.165649 178.744583 28.270950
v -38.868362 161.190811 24.211472
v -38.868355 161.190811 31.340721
v -27.165649 178.744583 31.340729
v -27.165649 178.744583 28.270950
v -27.165649 178.744583 24.206490
v -38.991859 143.701340 31.340729
v -38.868355 161.190811 31.340721
v -38.868362 161.190811 24.211472
v -38.991859 143.701324 24.216457
v -27.289093 127.615593 28.270950
v -27.289078 127.615593 31.340729
v -38.991859 143.701340 31.340729
v -38.991859 143.701324 24.216457
v -27.289078 127.615585 24.220135
v -10.470184 127.625046 31.340729
v -27.289078 127.615593 31.340729
v -27.289093 127.615593 28.270950
v -10.470184 127.625046 28.270950
v -27.289078 127.615593 6.962730
v -27.289078 127.615593 10.743343
v -38.991867 143.701309 10.743336
v -38.991867 143.701309 1.748566
v -27.289078 127.615593 1.748573
v -38.991867 143.701309 1.748566
v -38.991867 143.701309 10.743336
v -38.868378 161.190811 10.743332
v -38.868378 161.190811 1.748562
v -27.165588 178.744522 6.962723
v -27.165596 178.744522 1.748566
v -38.868378 161.190811 1.748562
v -38.868378 161.190811 10.743332
v -27.165596 178.744522 10.743332
v -10.470177 178.818192 1.748569
v -27.165596 178.744522 1.748566
v -27.165588 178.744522 6.962723
v -10.470181 178.818192 6.962723
v -10.470181 161.264481 6.962719
v -10.786388 143.448380 6.962727
v -10.470181 143.448380 1.748566
v -10.470181 161.264481 1.748562
v -10.470177 178.818192 1.748569
v -10.470181 178.818192 6.962723
v -6.161140 143.448380 2.413376
v -6.108475 143.448395 24.490337
v 1.478947 127.630539 24.490341
v 1.478947 127.630539 1.748573
v -10.786388 143.448380 10.802258
v -10.786392 143.448395 24.490337
v -6.108475 143.448395 24.490337
v -6.161140 143.448380 2.413376
v -10.470181 143.448380 1.748566
v -10.786388 143.448380 6.962727
v -6.161140 143.448380 2.413376
v 1.478947 127.630539 1.748573
v -10.470177 127.625046 1.748577
v -10.470181 143.448380 1.748566
v 1.478947 127.630539 24.490341
v -6.108475 143.448395 24.490337
v -10.786392 143.448395 24.490337
v -10.470181 127.625046 24.490341
v 1.478947 127.630539 24.490341
v -10.470181 127.625046 24.490341
v -10.470181 36.215622 24.490356
v 1.467304 36.215622 24.490353
v -10.470181 210.318527 22.265026
v -10.470181 210.318512 12.968636
v -10.470181 213.019638 10.743324
v -10.470181 213.019653 24.490330
v -10.742096 204.205032 24.490330
v -10.470181 204.436584 22.265026
v -10.470181 146.411896 13.018513
v -10.470181 146.411911 22.265034
v -10.786392 143.448395 24.490337
v -10.786388 143.448380 10.802258
v -10.742096 204.205017 10.743332
v -10.470181 204.436569 12.968636
v -7.148708 210.318527 22.265026
v -7.148708 210.318512 12.968636
v -10.470181 210.318512 12.968636
v -10.470181 210.318527 22.265026
v -7.148708 210.318527 22.265026
v -10.470181 210.318527 22.265026
v -10.470181 204.436584 22.265026
v -7.148705 204.436584 22.265026
v -7.148708 146.411896 13.018513
v -7.148705 146.411911 22.265034
v -10.470181 146.411911 22.265034
v -10.470181 146.411896 13.018513
v -7.148708 146.411896 13.018513
v -10.470181 146.411896 13.018513
v -10.470181 204.436569 12.968636
v -7.148705 204.436569 12.968636
v -10.470181 204.436584 22.265026
v -10.742096 204.205032 24.490330
v -7.148705 146.411911 22.265034
v -10.470181 146.411911 22.265034
v -27.180573 204.737793 28.270935
v -10.742096 204.205032 28.270935
v -10.470181 213.019653 28.270935
v -27.276093 213.019653 28.270935
v -10.742096 204.205017 6.962719
v -27.180519 204.737747 6.962715
v -27.276085 213.019638 6.962719
v -10.470181 213.019638 6.962715
v -27.180519 204.737747 6.962715
v -27.180519 204.737762 10.743328
v -27.276085 213.019638 10.743328
v -27.276085 213.019638 6.962719
v -10.742096 204.205032 28.270935
v -10.742096 204.205032 24.490330
v -10.470181 213.019653 24.490330
v -10.470181 213.019653 28.270935
v -10.742096 204.205017 10.743332
v -10.742096 204.205017 6.962719
v -10.470181 213.019638 6.962715
v -10.470181 213.019638 10.743324
v -27.180573 204.737793 28.270935
v -27.276093 213.019653 28.270935
v -27.276093 213.019653 24.490330
v -27.276093 213.019653 24.194256
v -27.180573 204.737793 24.204842
v -30.797897 204.801468 10.743328
v -30.797897 204.801483 24.204838
v -30.797897 213.019653 24.194256
v -30.797897 213.019638 10.743324
v -7.148708 210.318512 12.968636
v -7.148708 210.318527 22.265026
v -30.797897 204.801483 24.204838
v -27.180573 204.737793 24.204842
v -27.276093 213.019653 24.194256
v -30.797897 213.019653 24.194256
v -27.180519 204.737762 10.743328
v -30.797897 204.801468 10.743328
v -30.797897 213.019638 10.743324
v -27.276085 213.019638 10.743328
v -10.470181 204.436569 12.968636
v -10.742096 204.205017 10.743332
v -10.470181 210.318512 12.968636
v -7.148708 210.318512 12.968636
v -27.276093 36.215626 28.270958
v -10.470184 36.215622 28.270958
v -10.470184 127.625046 28.270950
v -27.289093 127.615593 28.270950
v -27.289093 127.615593 28.270950
v -27.289078 127.615585 24.220135
v -27.276093 87.948189 24.289505
v -27.276085 75.568199 24.319630
v -27.276093 36.215622 24.410969
v -27.276093 36.215626 28.270958
v -30.797897 36.215622 10.743351
v -30.797897 36.215622 24.410969
v -30.797897 75.568199 24.319630
v -30.797897 75.568199 10.743343
v -30.797897 36.215622 24.410969
v -27.276093 36.215622 24.410969
v -27.276085 75.568199 24.319630
v -30.797897 75.568199 24.319630
v -27.276085 36.215618 1.748585
v -27.289078 127.615593 1.748573
v -1.233826 38.916756 -1.659561
v -24.574951 38.916752 -1.659557
v -24.585152 124.915977 -1.659573
v -1.223824 124.927452 -1.659576
v -10.470184 27.311966 28.270966
v -10.470181 27.311964 24.490356
v -6.044662 27.296154 24.492844
v 1.467293 27.291887 24.490326
v -10.470181 27.311964 24.490356
v -27.276093 27.311968 28.270966
v -10.470184 27.311966 28.270966
v 1.467300 27.297052 1.748589
v -27.276085 27.312466 1.748585
v -27.276085 36.215618 1.748585
v 1.467304 36.215622 1.748585
v -10.470181 19.943998 28.270966
v -10.470181 19.943996 24.490356
v -10.470181 19.943996 24.490356
v -6.044659 19.943922 24.492756
v -10.470184 0.378483 28.270966
v -10.470177 0.378482 24.490349
v -10.470181 186.932419 28.270943
v -10.742096 204.205032 28.270935
v -13.400314 201.588623 30.395119
v -13.171314 181.507462 30.395126
v -10.470184 178.818207 28.270943
v -29.066101 202.035873 29.757019
v -13.400314 201.588623 30.395119
v -10.742096 204.205032 28.270935
v -27.180573 204.737793 28.270935
v -29.016335 202.035995 25.715622
v -29.066101 202.035873 29.757019
v -27.180573 204.737793 28.270935
v -27.180573 204.737793 24.204842
v -32.655113 202.100449 25.698425
v -29.016335 202.035995 25.715622
v -27.180573 204.737793 24.204842
v -30.797897 204.801483 24.204838
v -32.655121 202.100342 9.249798
v -32.655113 202.100449 25.698425
v -30.797897 204.801483 24.204838
v -30.797897 204.801468 10.743328
v -29.016495 202.035858 9.232765
v -32.655121 202.100342 9.249798
v -30.797897 204.801468 10.743328
v -27.180519 204.737762 10.743328
v -29.066040 202.035812 5.476635
v -29.016495 202.035858 9.232765
v -27.180519 204.737762 10.743328
v -27.180519 204.737747 6.962715
v -13.400314 201.588608 4.838539
v -29.066040 202.035812 5.476635
v -27.180519 204.737747 6.962715
v -10.742096 204.205017 6.962719
v -10.470181 186.932404 6.962715
v -10.470181 178.818192 6.962723
v -13.171314 181.507446 4.838543
v -13.400314 201.588608 4.838539
v -10.742096 204.205017 6.962719
v -28.997955 181.444077 5.462395
v -13.171314 181.507446 4.838543
v -10.470181 178.818192 6.962723
v -27.165588 178.744522 6.962723
v -28.974869 181.444092 9.251522
v -28.997955 181.444077 5.462395
v -27.165588 178.744522 6.962723
v -27.165596 178.744522 10.743332
v -32.581970 181.519333 9.231712
v -28.974869 181.444092 9.251522
v -27.165596 178.744522 10.743332
v -30.797897 178.818192 10.743332
v -32.581985 181.519547 25.717979
v -32.581970 181.519333 9.231712
v -30.797897 178.818192 10.743332
v -30.797897 178.818207 24.206490
v -28.974930 181.444366 25.698181
v -32.581985 181.519547 25.717979
v -30.797897 178.818207 24.206490
v -27.165649 178.744583 24.206490
v -28.998009 181.444122 29.771271
v -28.974930 181.444366 25.698181
v -27.165649 178.744583 24.206490
v -27.165649 178.744583 28.270950
v -13.171314 181.507462 30.395126
v -28.998009 181.444122 29.771271
v -27.165649 178.744583 28.270950
v -10.470184 178.818207 28.270943
v -27.341293 230.671112 6.813564
v -10.470181 231.427261 6.962715
v -27.273018 230.674255 10.469536
v -27.341293 230.671112 6.813564
v -10.470181 231.427261 10.743324
v -27.273018 230.674255 10.469536
v -27.276085 213.019638 10.743328
v -10.470181 213.019638 10.743324
v -10.470181 231.427261 6.962715
v -10.470181 231.427261 10.743324
v -10.470181 231.427277 28.270935
v -27.341293 230.671127 28.420090
v -10.470181 231.427277 24.490330
v -10.470181 231.427277 28.270935
v -27.273018 230.674271 24.764114
v -10.470181 231.427277 24.490330
v -10.470181 213.019653 24.490330
v -27.276093 213.019653 24.490330
v -27.341293 230.671127 28.420090
v -27.273018 230.674271 24.764114
v -27.276085 243.193161 6.962715
v -10.470181 243.193161 6.962711
v -10.470181 243.193161 10.743320
v -27.276085 243.193161 10.743324
v -10.470181 243.193161 6.962711
v -10.470181 243.193161 10.743320
v -10.470181 243.193176 28.270935
v -27.276093 243.193176 28.270935
v -10.470181 243.193176 24.490326
v -10.470181 243.193176 28.270935
v -27.276093 243.193176 24.490326
v -10.470181 243.193176 24.490326
v -27.275826 248.130142 6.962708
v -19.972054 248.115417 6.962708
v -19.972050 248.115417 10.743320
v -27.275826 248.130142 10.743317
v -19.972054 248.115417 6.962708
v -19.972050 248.115417 10.743320
v -10.470181 243.193161 10.743320
v -10.470181 243.193161 6.962711
v -19.972050 248.115433 28.270943
v -27.275826 248.130157 28.270943
v -19.972050 248.115433 24.490326
v -19.972050 248.115433 28.270943
v -10.470181 243.193176 28.270935
v -10.470181 243.193176 24.490326
v -27.275826 248.130157 24.490322
v -19.972050 248.115433 24.490326
v -27.275826 248.130142 6.962708
v -27.275826 248.130142 10.743317
v -27.275826 248.130157 28.270943
v -27.275826 248.130157 24.490322
v -28.169685 233.436462 10.283302
v -28.688217 233.416565 7.530239
v -27.341293 230.671112 6.813564
v -27.273018 230.674255 10.469536
v -28.688217 233.416580 27.703423
v -28.169685 233.436478 24.950356
v -27.273018 230.674271 24.764114
v -27.341293 230.671127 28.420090
v -28.688217 233.416565 7.530239
v -28.792725 243.193161 6.962711
v -27.276085 243.193161 6.962715
v -27.341293 230.671112 6.813564
v -28.121918 243.193161 10.743320
v -28.169685 233.436462 10.283302
v -28.792725 243.193176 28.270943
v -28.688217 233.416580 27.703423
v -27.341293 230.671127 28.420090
v -27.276093 243.193176 28.270935
v -28.169685 233.436478 24.950356
v -28.121918 243.193176 24.490326
v -28.121651 248.131851 10.743324
v -27.275826 248.130157 28.270943
v -28.792458 248.133224 28.270943
v -28.792450 248.133209 6.962711
v -27.275826 248.130142 6.962708
v -28.121651 248.131866 24.490322
v -28.792450 248.133209 6.962711
v -28.121651 248.131851 10.743324
v -28.121651 248.131866 24.490322
v -28.792458 248.133224 28.270943
v -28.987411 234.183960 10.673218
v -30.104416 235.027054 8.323673
v -30.104424 235.027069 26.909981
v -28.987411 234.183975 24.560432
v -30.104416 235.027054 8.323673
v -30.252190 243.193161 7.633224
v -28.756058 243.193161 10.915905
v -28.987411 234.183960 10.673218
v -30.252190 243.193176 27.600418
v -30.104424 235.027069 26.909981
v -28.987411 234.183975 24.560432
v -28.756058 243.193176 24.317738
v -28.755783 248.133133 10.915905
v -30.251915 248.136154 27.600426
v -30.251915 248.136139 7.633232
v -28.755783 248.133148 24.317738
v -30.251915 248.136139 7.633232
v -28.755783 248.133133 10.915905
v -28.755783 248.133148 24.317738
v -30.251915 248.136154 27.600426
v -29.975998 234.976578 12.339108
v -31.608490 235.800171 10.795658
v -31.608498 235.800186 24.437996
v -29.976006 234.976608 22.894547
v -31.608490 235.800171 10.795658
v -32.105789 243.323700 10.436275
v -29.739845 243.331100 12.467720
v -29.975998 234.976578 12.339108
v -28.987411 234.183960 10.673218
v -28.756058 243.193161 10.915905
v -32.105789 243.323715 24.797379
v -31.608498 235.800186 24.437996
v -29.976006 234.976608 22.894547
v -29.739845 243.331116 22.765930
v -28.756058 243.193176 24.317738
v -28.987411 234.183975 24.560432
v -29.741135 248.135117 12.467720
v -28.755783 248.133133 10.915905
v -32.106667 248.139908 24.797379
v -32.106667 248.139893 10.436272
v -29.741135 248.135132 22.765926
v -28.755783 248.133148 24.317738
v -32.106667 248.139893 10.436272
v -29.741135 248.135117 12.467720
v -29.741135 248.135132 22.765926
v -32.106667 248.139908 24.797379
v -32.425415 236.603638 14.613819
v -30.727821 235.782074 15.241024
v -30.451584 243.262131 15.042267
v -30.727821 235.782074 15.241024
v -30.452087 248.135605 15.042267
v -32.722443 248.140182 14.026546
v -30.452087 248.135605 15.042267
v -32.722183 243.266388 14.026550
v -32.722443 248.140182 14.026546
v -32.425415 236.603638 14.613819
v -32.425415 236.603653 20.619835
v -30.727821 235.782089 19.992630
v -30.727821 235.782089 19.992630
v -30.451576 243.262146 20.191372
v -30.452087 248.135605 20.191372
v -30.452087 248.135605 20.191372
v -32.722435 248.140213 21.207100
v -32.722435 248.140213 21.207100
v -32.722183 243.266403 21.207100
v -32.425415 236.603653 20.619835
v -10.470177 127.625046 1.748577
v 1.478947 127.630539 1.748573
v -1.223824 124.927452 -1.659576
v -24.585152 124.915977 -1.659573
v -27.289078 127.615593 1.748573
v -1.233826 38.916756 -1.659561
v -1.223824 124.927452 -1.659576
v 1.478947 127.630539 1.748573
v 1.467304 36.215622 1.748585
v -24.574951 38.916752 -1.659557
v -1.233826 38.916756 -1.659561
v 1.467304 36.215622 1.748585
v -27.276085 36.215618 1.748585
v -24.585152 124.915977 -1.659573
v -24.574951 38.916752 -1.659557
v -27.276085 36.215618 1.748585
v -27.289078 127.615593 1.748573
v -14.635288 143.710785 33.442703
v -14.635288 131.787827 33.442711
v -10.470184 127.625046 31.340729
v -10.470184 143.710785 31.340721
v -14.635288 161.264496 33.442703
v -10.470184 143.710785 31.340721
v -10.470184 161.264496 31.340721
v -14.635288 174.634705 33.442703
v -14.635288 161.264496 33.442703
v -10.470184 161.264496 31.340721
v -10.470184 178.818207 31.340721
v -24.930023 174.589279 33.442703
v -14.635288 174.634705 33.442703
v -10.470184 178.818207 31.340721
v -27.165649 178.744583 31.340729
v -34.712143 159.916351 33.442703
v -24.930023 174.589279 33.442703
v -27.165649 178.744583 31.340729
v -38.868355 161.190811 31.340721
v -34.817177 145.042984 33.442703
v -34.712143 159.916351 33.442703
v -38.868355 161.190811 31.340721
v -38.991859 143.701340 31.340729
v -25.169411 131.781906 33.442703
v -34.817177 145.042984 33.442703
v -38.991859 143.701340 31.340729
v -27.289078 127.615593 31.340729
v -14.635288 131.787827 33.442711
v -25.169411 131.781906 33.442703
v -27.289078 127.615593 31.340729
v -10.470184 127.625046 31.340729
v -25.169411 131.781891 -0.353409
v -14.635284 131.787811 -0.353409
v -10.470177 127.625046 1.748577
v -27.289078 127.615593 1.748573
v -34.817177 145.042953 -0.353409
v -25.169411 131.781891 -0.353409
v -27.289078 127.615593 1.748573
v -38.991867 143.701309 1.748566
v -34.712166 159.916336 -0.353405
v -34.817177 145.042953 -0.353409
v -38.991867 143.701309 1.748566
v -38.868378 161.190811 1.748562
v -24.929977 174.589233 -0.353405
v -34.712166 159.916336 -0.353405
v -38.868378 161.190811 1.748562
v -27.165596 178.744522 1.748566
v -14.635284 174.634674 -0.353413
v -24.929977 174.589233 -0.353405
v -27.165596 178.744522 1.748566
v -10.470177 178.818192 1.748569
v -14.635284 161.264481 -0.353413
v -14.635284 174.634674 -0.353413
v -10.470177 178.818192 1.748569
v -10.470181 161.264481 1.748562
v -14.635284 143.448380 -0.353409
v -14.635284 161.264481 -0.353413
v -10.470181 161.264481 1.748562
v -10.470181 143.448380 1.748566
v -14.635284 131.787811 -0.353409
v -14.635284 143.448380 -0.353409
v -10.470181 143.448380 1.748566
v -10.470177 127.625046 1.748577
v -27.276093 87.948189 24.289505
v -27.289078 127.615585 24.220135
v -29.035294 125.872940 25.919502
v -29.024109 115.074577 25.922394
v -29.024117 87.954285 25.988403
v -29.972282 125.875458 25.919502
v -29.035294 125.872940 25.919502
v -27.289078 127.615585 24.220135
v -30.797897 127.625038 24.220135
v -39.338196 114.451424 25.922569
v -29.972282 125.875458 25.919502
v -30.797897 127.625038 24.220135
v -41.086212 115.072098 24.223492
v -39.338196 88.585815 25.986862
v -39.338196 114.451424 25.922569
v -41.086212 115.072098 24.223492
v -41.086212 87.948189 24.289505
v -29.977722 77.322296 26.014282
v -39.338196 88.585815 25.986862
v -41.086212 87.948189 24.289505
v -30.797897 75.568199 24.319630
v -29.024109 77.322296 26.014282
v -29.977722 77.322296 26.014282
v -30.797897 75.568199 24.319630
v -27.276085 75.568199 24.319630
v -29.024117 87.954285 25.988403
v -29.024109 77.322296 26.014282
v -27.276085 75.568199 24.319630
v -27.276093 87.948189 24.289505
v -29.024109 77.316216 9.044437
v -29.024117 87.948189 9.044445
v -27.276085 87.948189 10.743347
v -27.276085 75.568199 10.743347
v -29.977730 77.316216 9.044445
v -29.024109 77.316216 9.044437
v -27.276085 75.568199 10.743347
v -30.797897 75.568199 10.743343
v -39.338188 88.579727 9.044445
v -29.977730 77.316216 9.044445
v -30.797897 75.568199 10.743343
v -41.086212 87.948189 10.743343
v -39.338188 114.447296 9.044441
v -39.338188 88.579727 9.044445
v -41.086212 87.948189 10.743343
v -41.086212 115.072105 10.743340
v -29.972282 125.874794 9.044430
v -39.338188 114.447296 9.044441
v -41.086212 115.072105 10.743340
v -30.797897 127.625046 10.743340
v -29.035294 125.872269 9.044434
v -29.972282 125.874794 9.044430
v -30.797897 127.625046 10.743340
v -27.289078 127.615593 10.743343
v -27.289078 127.615593 10.743343
v -27.276085 87.948189 10.743347
v -29.024117 87.948189 9.044445
v -29.024117 115.071205 9.044441
v -29.035294 125.872269 9.044434
v -14.472462 182.734055 31.569977
v -27.838669 182.680115 31.042999
v -28.998009 181.444122 29.771271
v -13.171314 181.507462 30.395126
v -14.684216 200.389969 31.569870
v -14.472462 182.734055 31.569977
v -13.171314 181.507462 30.395126
v -13.400314 201.588623 30.395119
v -27.903175 200.770203 31.029709
v -14.684216 200.389969 31.569870
v -13.400314 201.588623 30.395119
v -29.066101 202.035873 29.757019
v -27.838669 182.680115 31.042999
v -27.903175 200.770203 31.029709
v -29.066101 202.035873 29.757019
v -28.998009 181.444122 29.771271
v -27.903122 200.770142 4.203945
v -27.838623 182.680084 4.190670
v -28.997955 181.444077 5.462395
v -29.066040 202.035812 5.476635
v -14.684216 200.389954 3.663780
v -27.903122 200.770142 4.203945
v -29.066040 202.035812 5.476635
v -13.400314 201.588608 4.838539
v -14.472458 182.734039 3.663692
v -14.684216 200.389954 3.663780
v -13.400314 201.588608 4.838539
v -13.171314 181.507446 4.838543
v -27.838623 182.680084 4.190670
v -14.472458 182.734039 3.663692
v -13.171314 181.507446 4.838543
v -28.997955 181.444077 5.462395
v -34.138550 200.865417 24.684647
v -34.076027 182.741730 24.701378
v -32.581985 181.519547 25.717979
v -32.655113 202.100449 25.698425
v -34.138557 200.865326 10.263641
v -34.138550 200.865417 24.684647
v -32.655113 202.100449 25.698425
v -32.655121 202.100342 9.249798
v -34.076012 182.741516 10.248177
v -34.138557 200.865326 10.263641
v -32.655121 202.100342 9.249798
v -32.581970 181.519333 9.231712
v -34.076027 182.741730 24.701378
v -34.076012 182.741516 10.248177
v -32.581970 181.519333 9.231712
v -32.581985 181.519547 25.717979
v -6.154026 0.378482 24.490349
v -6.044659 19.943922 24.492756
v -10.470181 19.943996 24.490356
v -10.470177 0.378482 24.490349
v -3.006214 161.232513 7.444752
v -0.677147 148.367889 7.452263
v -10.786388 143.448380 6.962727
v -10.470181 161.264481 6.962719
v -0.677147 148.367889 10.305202
v -3.006214 161.232513 10.268818
v -10.470181 161.264481 10.743332
v -10.786388 143.448380 10.802258
v -0.677147 148.367905 27.788918
v -3.006210 161.232529 27.788918
v -10.470184 161.264496 28.270943
v -10.786392 144.401779 28.270943
v -3.006214 161.232529 24.972359
v -0.677147 148.367905 24.972359
v -10.786392 143.448395 24.490337
v -10.470177 161.264496 24.490334
v -0.677147 148.367905 24.972359
v -0.677147 148.367905 27.788918
v -10.786392 144.401779 28.270943
v -10.786392 143.448395 24.490337
v -3.006210 161.232529 27.788918
v -3.006214 161.232529 24.972359
v -10.470177 161.264496 24.490334
v -10.470184 161.264496 28.270943
v -3.006214 161.232513 10.268818
v -3.006214 161.232513 7.444752
v -10.470181 161.264481 6.962719
v -10.470181 161.264481 10.743332
v -0.677147 148.367889 7.452263
v -0.677147 148.367889 10.305202
v -10.786388 143.448380 10.802258
v -10.786388 143.448380 6.962727
v -3.426090 187.832077 10.261299
v -0.276455 200.091309 10.261295
v -10.742096 204.205017 10.743332
v -10.470181 186.932404 10.743328
v -3.426090 187.832092 27.788918
v -0.276455 200.091324 27.788910
v -10.742096 204.205032 28.270935
v -10.470181 186.932419 28.270943
v -3.426090 187.832092 24.972359
v -3.426090 187.832092 27.788918
v -10.470181 186.932419 28.270943
v -10.470177 186.932419 24.490330
v -3.426090 187.832077 7.444740
v -3.426090 187.832077 10.261299
v -10.470181 186.932404 10.743328
v -10.470181 186.932404 6.962715
v -0.276455 200.091309 7.444748
v -3.426090 187.832077 7.444740
v -10.470181 186.932404 6.962715
v -10.742096 204.205017 6.962719
v -0.276455 200.091324 24.972351
v -3.426090 187.832092 24.972359
v -10.470177 186.932419 24.490330
v -10.742096 204.205032 24.490330
v -0.276455 200.091324 27.788910
v -0.276455 200.091324 24.972351
v -10.742096 204.205032 24.490330
v -10.742096 204.205032 28.270935
v -0.276455 200.091309 10.261295
v -0.276455 200.091309 7.444748
v -10.742096 204.205017 6.962719
v -10.742096 204.205017 10.743332
v -0.455379 161.328751 7.444752
v 7.544979 152.130386 7.452267
v 7.544979 152.130402 27.788918
v -0.455379 161.328766 27.788918
v 7.544979 152.130402 24.972359
v 7.544979 152.130402 27.788918
v -0.455379 161.328766 27.788918
v -0.455379 161.328766 24.972359
v -0.455379 161.328751 10.268818
v -0.455379 161.328751 7.444752
v 7.544979 152.130386 7.452267
v 7.544979 152.130386 10.303322
v -0.450542 187.726105 27.788918
v 8.052353 196.294327 27.788918
v -0.450554 187.726105 24.972359
v -0.450542 187.726105 27.788918
v -0.450550 187.726089 7.444748
v -0.450550 187.726089 10.261299
v 8.052353 196.294312 7.444740
v -0.450550 187.726089 7.444748
v 8.052353 196.294327 27.788918
v 8.052353 196.294327 24.972359
v 8.052353 196.294312 10.263176
v 8.052353 196.294312 7.444740
v -0.450554 187.726105 24.972359
v -0.455379 161.328766 24.972359
v -0.455379 161.328766 27.788918
v -0.450542 187.726105 27.788918
v -0.450542 187.726105 27.788918
v -0.455379 161.328766 27.788918
v 8.052353 196.294327 27.788918
v 7.544979 152.130402 27.788918
v 7.544979 152.130402 24.972359
v 8.052353 196.294327 24.972359
v -0.450550 187.726089 7.444748
v -0.455379 161.328751 7.444752
v -0.455379 161.328751 10.268818
v -0.450550 187.726089 10.261299
v 8.052353 196.294312 10.263176
v 7.544979 152.130386 10.303322
v 7.544979 152.130386 7.452267
v 8.052353 196.294312 7.444740
v -0.455379 161.328751 7.444752
v -0.450550 187.726089 7.444748
v 9.381683 154.833038 22.726990
v 9.381683 154.833023 12.546562
v 9.826153 193.549973 12.510712
v 9.826153 193.549988 22.726982
v -3.426090 187.832092 24.972359
v -0.276455 200.091324 24.972351
v -0.276455 200.091309 10.261295
v -3.426090 187.832077 10.261299
v -0.677147 148.367905 24.972359
v -3.006214 161.232529 24.972359
v -3.006214 161.232513 10.268818
v -0.677147 148.367889 10.305202
v 9.381683 154.833023 12.546562
v 9.381683 154.833038 22.726990
v 7.544979 152.130402 24.972359
v 7.544979 152.130386 10.303322
v 9.826153 193.549973 12.510712
v 9.381683 154.833023 12.546562
v 7.544979 152.130386 10.303322
v 8.052353 196.294312 10.263176
v 9.826153 193.549988 22.726982
v 9.826153 193.549973 12.510712
v 8.052353 196.294312 10.263176
v 8.052353 196.294327 24.972359
v 9.381683 154.833038 22.726990
v 9.826153 193.549988 22.726982
v 8.052353 196.294327 24.972359
v 7.544979 152.130402 24.972359
v 10.769049 30.465900 32.294571
v 10.769053 26.644234 36.761566
v 21.094971 26.650747 36.761154
v 21.094971 30.472412 32.294167
v 10.769053 26.644234 36.761566
v 10.774332 17.801937 36.758972
v 21.100250 17.808104 36.758980
v 21.094971 26.650747 36.761154
v 35.600086 26.979065 37.068268
v 35.606197 16.743467 37.065506
v 35.606197 16.745443 32.598511
v 35.600086 30.800732 32.601273
v 22.487904 30.794880 22.443886
v 22.494019 16.739590 22.441120
v 9.381844 16.731762 22.441124
v 9.375725 30.787052 22.443886
v -3.736446 30.779222 22.443886
v -3.730335 16.723934 22.441120
v -3.730331 16.721960 32.598511
v -3.736446 30.777246 32.601273
v 21.094971 30.472412 32.294167
v 21.094967 30.473938 23.530106
v 10.769049 30.467783 23.530109
v 10.769049 30.465900 32.294571
v 35.606190 16.747417 22.441124
v 35.600079 30.802706 22.443886
v -3.730331 16.719984 37.065506
v -3.736443 26.955580 37.068275
v 23.881224 30.473730 32.294571
v 23.881227 26.652060 36.761566
v 34.207150 26.658577 36.761162
v 34.207142 30.480240 32.294159
v 7.982800 26.642921 36.761162
v 7.982792 30.464584 32.294159
v -2.343128 30.458075 32.294571
v -2.343128 26.636406 36.761566
v 23.881227 26.652060 36.761566
v 23.886507 17.809767 36.758972
v 34.212425 17.815931 36.758980
v 34.207150 26.658577 36.761162
v 7.988075 17.800276 36.758980
v 7.982800 26.642921 36.761162
v -2.343128 26.636406 36.761566
v -2.337845 17.794111 36.758972
v -3.730335 16.723934 22.441120
v -3.736446 30.779222 22.443886
v 35.600079 30.802706 22.443886
v 35.606190 16.747417 22.441124
v 7.982792 30.464584 32.294159
v 7.982792 30.466110 23.530109
v -2.343128 30.459957 23.530109
v -2.343128 30.458075 32.294571
v 23.881224 30.475611 23.530109
v 23.881224 30.473730 32.294571
v 34.207142 30.480240 32.294159
v 34.207146 30.481764 23.530102
v 34.909214 17.439617 37.065689
v 23.190168 17.432621 37.065689
v 22.494019 16.735640 37.065506
v 35.606197 16.743467 37.065506
v 34.903526 26.978737 37.068169
v 34.909214 17.439617 37.065689
v 35.606197 16.743467 37.065506
v 35.600086 26.979065 37.068268
v 34.903526 30.800404 32.601166
v 34.903526 26.978737 37.068169
v 35.600086 26.979065 37.068268
v 35.600086 30.800732 32.601273
v 34.903515 30.802156 23.140453
v 34.903526 30.800404 32.601166
v 35.600086 30.800732 32.601273
v 35.600079 30.802706 22.443886
v 23.184469 30.795158 23.140453
v 34.903515 30.802156 23.140453
v 35.600079 30.802706 22.443886
v 22.487904 30.794880 22.443886
v -3.039886 30.777576 32.601379
v -3.039886 30.779503 23.140453
v -3.736446 30.779222 22.443886
v -3.736446 30.777246 32.601273
v -3.039879 26.955910 37.068375
v -3.039886 30.777576 32.601379
v -3.736446 30.777246 32.601273
v -3.736443 26.955580 37.068275
v -3.034184 17.416964 37.065689
v -3.039879 26.955910 37.068375
v -3.736443 26.955580 37.068275
v -3.730331 16.719984 37.065506
v 8.684860 17.423960 37.065689
v -3.034184 17.416964 37.065689
v -3.730331 16.719984 37.065506
v 9.381844 16.727812 37.065506
v -3.039886 30.779503 23.140453
v 8.679161 30.786501 23.140453
v 9.375725 30.787052 22.443886
v -3.736446 30.779222 22.443886
v 21.797039 17.431789 37.065689
v 10.077993 17.424791 37.065697
v 9.381844 16.727812 37.065506
v 22.494019 16.735640 37.065506
v 23.190168 17.432621 37.065689
v 23.184473 26.971565 37.068375
v 21.791342 26.970911 37.068169
v 21.797039 17.431789 37.065689
v 22.494019 16.735640 37.065506
v 21.791342 30.792578 32.601166
v 21.791342 26.970911 37.068169
v 23.184473 26.971565 37.068375
v 23.184471 30.793232 32.601379
v 22.487904 30.794880 22.443886
v 21.791342 30.794327 23.140453
v 21.791342 30.792578 32.601166
v 23.184471 30.793232 32.601379
v 23.184469 30.795158 23.140453
v 10.072289 30.787333 23.140453
v 21.791342 30.794327 23.140453
v 22.487904 30.794880 22.443886
v 9.375725 30.787052 22.443886
v 8.679161 30.786501 23.140453
v 8.679161 30.784748 32.601181
v 10.072292 30.785404 32.601379
v 10.072289 30.787333 23.140453
v 9.375725 30.787052 22.443886
v 10.072300 26.963737 37.068375
v 10.072292 30.785404 32.601379
v 8.679161 30.784748 32.601181
v 8.679169 26.963081 37.068169
v 9.381844 16.727812 37.065506
v 10.077993 17.424791 37.065697
v 10.072300 26.963737 37.068375
v 8.679169 26.963081 37.068169
v 8.684860 17.423960 37.065689
v 21.100250 17.808104 36.758980
v 10.774332 17.801937 36.758972
v 10.077993 17.424791 37.065697
v 21.797039 17.431789 37.065689
v 21.094971 26.650747 36.761154
v 21.100250 17.808104 36.758980
v 21.797039 17.431789 37.065689
v 21.791342 26.970911 37.068169
v 21.094971 30.472412 32.294167
v 21.094971 26.650747 36.761154
v 21.791342 26.970911 37.068169
v 21.791342 30.792578 32.601166
v 21.094967 30.473938 23.530106
v 21.094971 30.472412 32.294167
v 21.791342 30.792578 32.601166
v 21.791342 30.794327 23.140453
v 10.769049 30.467783 23.530109
v 21.094967 30.473938 23.530106
v 21.791342 30.794327 23.140453
v 10.072289 30.787333 23.140453
v 10.769049 30.465900 32.294571
v 10.769049 30.467783 23.530109
v 10.072289 30.787333 23.140453
v 10.072292 30.785404 32.601379
v 10.769053 26.644234 36.761566
v 10.769049 30.465900 32.294571
v 10.072292 30.785404 32.601379
v 10.072300 26.963737 37.068375
v 10.774332 17.801937 36.758972
v 10.769053 26.644234 36.761566
v 10.072300 26.963737 37.068375
v 10.077993 17.424791 37.065697
v 34.212425 17.815931 36.758980
v 23.886507 17.809767 36.758972
v 23.190168 17.432621 37.065689
v 34.909214 17.439617 37.065689
v 34.207150 26.658577 36.761162
v 34.212425 17.815931 36.758980
v 34.909214 17.439617 37.065689
v 34.903526 26.978737 37.068169
v 34.207142 30.480240 32.294159
v 34.207150 26.658577 36.761162
v 34.903526 26.978737 37.068169
v 34.903526 30.800404 32.601166
v 34.207146 30.481764 23.530102
v 34.207142 30.480240 32.294159
v 34.903526 30.800404 32.601166
v 34.903515 30.802156 23.140453
v 23.881224 30.475611 23.530109
v 34.207146 30.481764 23.530102
v 34.903515 30.802156 23.140453
v 23.184469 30.795158 23.140453
v 23.881224 30.473730 32.294571
v 23.881224 30.475611 23.530109
v 23.184469 30.795158 23.140453
v 23.184471 30.793232 32.601379
v 23.881227 26.652060 36.761566
v 23.881224 30.473730 32.294571
v 23.184471 30.793232 32.601379
v 23.184473 26.971565 37.068375
v 23.886507 17.809767 36.758972
v 23.881227 26.652060 36.761566
v 23.184473 26.971565 37.068375
v 23.190168 17.432621 37.065689
v -2.343128 30.458075 32.294571
v -2.343128 30.459957 23.530109
v -3.039886 30.779503 23.140453
v -3.039886 30.777576 32.601379
v -2.343128 26.636406 36.761566
v -2.343128 30.458075 32.294571
v -3.039886 30.777576 32.601379
v -3.039879 26.955910 37.068375
v -2.337845 17.794111 36.758972
v -2.343128 26.636406 36.761566
v -3.039879 26.955910 37.068375
v -3.034184 17.416964 37.065689
v 7.988075 17.800276 36.758980
v -2.337845 17.794111 36.758972
v -3.034184 17.416964 37.065689
v 8.684860 17.423960 37.065689
v 7.982800 26.642921 36.761162
v 7.988075 17.800276 36.758980
v 8.684860 17.423960 37.065689
v 8.679169 26.963081 37.068169
v 7.982792 30.464584 32.294159
v 7.982800 26.642921 36.761162
v 8.679169 26.963081 37.068169
v 8.679161 30.784748 32.601181
v 7.982792 30.466110 23.530109
v 7.982792 30.464584 32.294159
v 8.679161 30.784748 32.601181
v 8.679161 30.786501 23.140453
v -2.343128 30.459957 23.530109
v 7.982792 30.466110 23.530109
v 8.679161 30.786501 23.140453
v -3.039886 30.779503 23.140453
v 19.118168 30.782619 -19.329149
v 26.702621 30.785343 -12.754793
v 26.917824 30.785908 -15.090366
v 21.351894 30.783188 -19.915009
v 16.415606 30.781147 -16.140450
v 24.000055 30.783865 -9.566101
v 26.702621 30.785343 -12.754793
v 19.118168 30.782619 -19.329149
v 16.248524 30.781004 -12.636301
v 20.658987 30.783722 -8.813221
v 24.000055 30.783865 -9.566101
v 16.415606 30.781147 -16.140450
v 19.118168 30.782619 -19.329149
v 21.351894 30.783188 -19.915009
v 21.354488 15.942557 -19.915024
v 19.120766 15.750631 -19.329155
v 16.415606 30.781147 -16.140450
v 19.118168 30.782619 -19.329149
v 19.120766 15.750631 -19.329155
v 16.418200 15.749156 -16.140463
v 16.248524 30.781004 -12.636301
v 16.415606 30.781147 -16.140450
v 16.418200 15.749156 -16.140463
v 16.251112 15.749011 -12.636307
v 24.000055 30.783865 -9.566101
v 20.658987 30.783722 -8.813221
v 20.661573 15.751732 -8.813232
v 24.002647 15.751875 -9.566116
v 26.702621 30.785343 -12.754793
v 24.000055 30.783865 -9.566101
v 24.002647 15.751875 -9.566116
v 26.705215 15.753351 -12.754803
v 26.917824 30.785908 -15.090366
v 26.702621 30.785343 -12.754793
v 26.705215 15.753351 -12.754803
v 26.920414 15.945276 -15.090372
v 26.920414 15.945276 -15.090372
v 21.354488 15.942557 -19.915024
v 21.351894 30.783188 -19.915009
v 26.917824 30.785908 -15.090366
v 4.112679 30.778898 1.364132
v 8.523148 30.781620 5.187218
v 20.658987 30.783722 -8.813221
v 16.248524 30.781004 -12.636301
v 4.115269 15.746907 1.364117
v 4.112679 30.778898 1.364132
v 16.248524 30.781004 -12.636301
v 16.251112 15.749011 -12.636307
v 8.523148 30.781620 5.187218
v 8.525738 15.749631 5.187202
v 20.661573 15.751732 -8.813232
v 20.658987 30.783722 -8.813221
v 47.129314 24.667992 -53.164299
v 55.685421 24.672174 -45.747692
v 55.686005 23.460398 -45.747677
v 47.129890 23.456215 -53.164276
v 35.834888 24.662607 -52.358540
v 47.129890 23.456215 -53.164276
v 35.835468 23.450830 -52.358521
v 28.418280 24.659174 -43.802418
v 35.835468 23.450830 -52.358521
v 28.418873 23.447397 -43.802402
v 31.264366 24.641100 -31.798513
v 28.418873 23.447397 -43.802402
v 31.264862 23.467190 -31.798748
v 49.074581 24.669270 -25.897148
v 36.830292 24.645151 -26.973862
v 36.830788 23.471241 -26.974094
v 49.075161 23.457493 -25.897139
v 56.491177 24.672701 -34.453266
v 49.075161 23.457493 -25.897139
v 56.491756 23.460926 -34.453251
v 56.491756 23.460926 -34.453251
v 55.686005 23.460398 -45.747677
v 36.830292 24.645151 -26.973862
v 49.074581 24.669270 -25.897148
v 56.491177 24.672701 -34.453266
v 55.685421 24.672174 -45.747692
v 47.129314 24.667992 -53.164299
v 35.834888 24.662607 -52.358540
v 28.418280 24.659174 -43.802418
v 31.264366 24.641100 -31.798513
v 26.309433 24.640390 -25.856760
v 31.264366 24.641100 -31.798513
v 31.264862 23.467190 -31.798748
v 26.309805 23.487196 -25.856760
v 31.875851 23.567060 -21.032352
v 36.830788 23.471241 -26.974094
v 36.830292 24.645151 -26.973862
v 31.875351 24.548159 -21.032122
v 48.573586 22.047913 -42.188343
v 44.617085 22.046030 -45.617920
v 47.129890 23.456215 -53.164276
v 55.686005 23.460398 -45.747677
v 48.946175 22.045721 -36.965599
v 48.573586 22.047913 -42.188343
v 55.686005 23.460398 -45.747677
v 56.491756 23.460926 -34.453251
v 45.980938 22.040558 -33.544758
v 48.946175 22.045721 -36.965599
v 56.491756 23.460926 -34.453251
v 49.075161 23.457493 -25.897139
v 39.845261 22.055267 -34.084316
v 45.980938 22.040558 -33.544758
v 49.075161 23.457493 -25.897139
v 36.830788 23.471241 -26.974094
v 37.867973 22.053009 -35.798264
v 39.845261 22.055267 -34.084316
v 36.830788 23.471241 -26.974094
v 31.264862 23.467190 -31.798748
v 36.437103 22.036007 -41.833694
v 37.867973 22.053009 -35.798264
v 31.264862 23.467190 -31.798748
v 28.418873 23.447397 -43.802402
v 39.394337 22.041174 -45.245308
v 36.437103 22.036007 -41.833694
v 28.418873 23.447397 -43.802402
v 35.835468 23.450830 -52.358521
v 44.617085 22.046030 -45.617920
v 39.394337 22.041174 -45.245308
v 35.835468 23.450830 -52.358521
v 47.129890 23.456215 -53.164276
v 21.354488 24.639807 -19.915026
v 26.920414 24.642529 -15.090374
v 31.875351 24.548159 -21.032122
v 26.309433 24.640390 -25.856760
v 26.309433 24.640390 -25.856760
v 26.309805 23.487196 -25.856760
v 21.354862 23.468744 -19.915020
v 21.354488 24.639807 -19.915026
v 31.875851 23.567060 -21.032352
v 31.875351 24.548159 -21.032122
v 26.920414 24.642529 -15.090374
v 26.920918 23.471464 -15.090612
v 26.309433 24.640390 -25.856760
v 31.875351 24.548159 -21.032122
v 36.830292 24.645151 -26.973862
v 31.264366 24.641100 -31.798513
v 36.830788 23.471241 -26.974094
v 31.875851 23.567060 -21.032352
v 26.309805 23.487196 -25.856760
v 31.264862 23.467190 -31.798748
v 21.354862 23.468744 -19.915020
v 26.309805 23.487196 -25.856760
v 31.875851 23.567060 -21.032352
v 26.920918 23.471464 -15.090612
v 44.077995 13.283560 -43.998367
v 47.047119 13.285443 -41.424572
v 47.046875 7.985985 -41.424442
v 44.077442 7.984100 -43.998329
v 47.047119 13.285443 -41.424572
v 47.326828 13.283254 -37.505196
v 47.326393 7.983794 -37.504692
v 47.046875 7.985985 -41.424442
v 47.326828 13.283254 -37.505196
v 45.340271 13.278090 -35.127792
v 45.341171 7.978633 -35.126549
v 47.326393 7.983794 -37.504692
v 45.340271 13.278090 -35.127792
v 40.510929 13.292799 -35.655678
v 40.512047 7.993341 -35.656208
v 45.341171 7.978633 -35.126549
v 40.510929 13.292799 -35.655678
v 39.328220 13.290541 -36.681816
v 39.327686 7.991079 -36.683723
v 40.512047 7.993341 -35.656208
v 39.328220 13.290541 -36.681816
v 38.095650 13.273537 -41.426357
v 38.094158 7.974079 -41.427189
v 39.327686 7.991079 -36.683723
v 38.095650 13.273537 -41.426357
v 40.158504 13.278703 -43.718933
v 40.157825 7.979245 -43.718502
v 38.094158 7.974079 -41.427189
v 40.158504 13.278703 -43.718933
v 44.077995 13.283560 -43.998367
v 44.077442 7.984100 -43.998329
v 40.157825 7.979245 -43.718502
v 44.617085 7.054965 -45.617916
v 48.573586 7.056849 -42.188343
v 48.573597 0.379766 -42.188358
v 44.617088 0.377882 -45.617916
v 48.573586 14.214580 -42.188343
v 44.617085 14.212697 -45.617916
v 44.617085 22.046030 -45.617920
v 48.573586 22.047913 -42.188343
v 48.573586 7.056849 -42.188343
v 48.946186 7.054659 -36.965595
v 48.946190 0.377577 -36.965603
v 48.573597 0.379766 -42.188358
v 48.946175 14.212388 -36.965599
v 48.573586 14.214580 -42.188343
v 48.573586 22.047913 -42.188343
v 48.946175 22.045721 -36.965599
v 48.946186 7.054659 -36.965595
v 45.980946 7.049498 -33.544765
v 45.980953 0.372413 -33.544773
v 48.946190 0.377577 -36.965603
v 45.980938 14.207227 -33.544758
v 48.946175 14.212388 -36.965599
v 48.946175 22.045721 -36.965599
v 45.980938 22.040558 -33.544758
v 45.980946 7.049498 -33.544765
v 39.845261 7.064204 -34.084312
v 39.845264 0.387121 -34.084312
v 45.980953 0.372413 -33.544773
v 39.845261 14.221933 -34.084312
v 45.980938 14.207227 -33.544758
v 45.980938 22.040558 -33.544758
v 39.845261 22.055267 -34.084316
v 39.845261 7.064204 -34.084312
v 37.867973 7.061946 -35.798260
v 37.867981 0.384862 -35.798260
v 39.845264 0.387121 -34.084312
v 37.867973 14.219674 -35.798260
v 39.845261 14.221933 -34.084312
v 39.845261 22.055267 -34.084316
v 37.867973 22.053009 -35.798264
v 37.867973 7.061946 -35.798260
v 36.437103 7.044943 -41.833694
v 36.437107 0.367859 -41.833702
v 37.867981 0.384862 -35.798260
v 36.437103 14.202674 -41.833694
v 37.867973 14.219674 -35.798260
v 37.867973 22.053009 -35.798264
v 36.437103 22.036007 -41.833694
v 36.437103 7.044943 -41.833694
v 39.394337 7.050109 -45.245308
v 39.394337 0.373027 -45.245308
v 36.437107 0.367859 -41.833702
v 39.394337 14.207839 -45.245308
v 36.437103 14.202674 -41.833694
v 36.437103 22.036007 -41.833694
v 39.394337 22.041174 -45.245308
v 39.394337 7.050109 -45.245308
v 44.617085 7.054965 -45.617916
v 44.617088 0.377882 -45.617916
v 39.394337 0.373027 -45.245308
v 44.617085 14.212697 -45.617916
v 39.394337 14.207839 -45.245308
v 39.394337 22.041174 -45.245308
v 44.617085 22.046030 -45.617920
v 44.077442 7.984100 -43.998329
v 47.046875 7.985985 -41.424442
v 48.573586 7.056849 -42.188343
v 44.617085 7.054965 -45.617916
v 40.157825 7.979245 -43.718502
v 44.077442 7.984100 -43.998329
v 44.617085 7.054965 -45.617916
v 39.394337 7.050109 -45.245308
v 38.094158 7.974079 -41.427189
v 40.157825 7.979245 -43.718502
v 39.394337 7.050109 -45.245308
v 36.437103 7.044943 -41.833694
v 39.327686 7.991079 -36.683723
v 38.094158 7.974079 -41.427189
v 36.437103 7.044943 -41.833694
v 37.867973 7.061946 -35.798260
v 40.512047 7.993341 -35.656208
v 39.327686 7.991079 -36.683723
v 37.867973 7.061946 -35.798260
v 39.845261 7.064204 -34.084312
v 45.341171 7.978633 -35.126549
v 40.512047 7.993341 -35.656208
v 39.845261 7.064204 -34.084312
v 45.980946 7.049498 -33.544765
v 47.326393 7.983794 -37.504692
v 45.341171 7.978633 -35.126549
v 45.980946 7.049498 -33.544765
v 48.946186 7.054659 -36.965595
v 47.046875 7.985985 -41.424442
v 47.326393 7.983794 -37.504692
v 48.946186 7.054659 -36.965595
v 48.573586 7.056849 -42.188343
v 47.047119 13.285443 -41.424572
v 44.077995 13.283560 -43.998367
v 44.617085 14.212697 -45.617916
v 48.573586 14.214580 -42.188343
v 47.326828 13.283254 -37.505196
v 47.047119 13.285443 -41.424572
v 48.573586 14.214580 -42.188343
v 48.946175 14.212388 -36.965599
v 45.340271 13.278090 -35.127792
v 47.326828 13.283254 -37.505196
v 48.946175 14.212388 -36.965599
v 45.980938 14.207227 -33.544758
v 40.510929 13.292799 -35.655678
v 45.340271 13.278090 -35.127792
v 45.980938 14.207227 -33.544758
v 39.845261 14.221933 -34.084312
v 39.328220 13.290541 -36.681816
v 40.510929 13.292799 -35.655678
v 39.845261 14.221933 -34.084312
v 37.867973 14.219674 -35.798260
v 38.095650 13.273537 -41.426357
v 39.328220 13.290541 -36.681816
v 37.867973 14.219674 -35.798260
v 36.437103 14.202674 -41.833694
v 40.158504 13.278703 -43.718933
v 38.095650 13.273537 -41.426357
v 36.437103 14.202674 -41.833694
v 39.394337 14.207839 -45.245308
v 44.077995 13.283560 -43.998367
v 40.158504 13.278703 -43.718933
v 39.394337 14.207839 -45.245308
v 44.617085 14.212697 -45.617916
v -29.401192 10.394298 40.513695
v -29.669212 0.465843 40.416145
v -28.036224 0.465797 34.200127
v -27.663673 10.394297 34.064522
v -45.954979 10.394296 26.623413
v -39.905548 10.394296 23.792416
v -39.974388 0.465796 24.182846
v -45.812378 0.465841 26.870407
v -48.128571 9.294868 28.435005
v -48.795509 0.465841 29.373550
v -51.010612 9.294868 32.648476
v -50.742577 0.465797 32.746048
v -51.704033 9.294869 36.581108
v -51.418793 0.465798 36.581108
v -57.529961 7.100993 38.730789
v -57.312813 0.469768 38.730721
v -39.352348 0.469828 53.801422
v -39.314644 7.101021 54.015244
v -34.456848 9.294870 46.538773
v -38.209290 9.294870 47.904556
v -38.258812 0.465843 47.623672
v -34.599457 0.465843 46.291779
v -30.807823 9.294870 42.968849
v -31.616318 0.465843 43.788635
v -27.663673 19.959585 34.064522
v -29.401192 19.959587 40.513695
v -45.954979 19.959585 26.623413
v -39.905548 19.959583 23.792412
v -48.128571 21.059013 28.435005
v -49.970490 19.959585 33.027084
v -48.166069 19.959585 29.901726
v -48.166069 10.394297 29.901726
v -49.970490 10.394297 33.027084
v -50.597153 19.959585 36.581093
v -50.597153 10.394298 36.581093
v -38.401482 19.959587 46.814476
v -50.597153 19.959585 36.581093
v -50.597153 10.394298 36.581093
v -38.401482 10.394299 46.814476
v -35.010284 19.959587 45.580185
v -38.401482 19.959587 46.814476
v -38.401482 10.394299 46.814476
v -35.010284 10.394299 45.580185
v -32.245750 19.959587 43.260468
v -32.245750 10.394299 43.260468
v -30.807823 21.059015 42.968849
v -27.663673 29.524876 34.064514
v -29.401192 29.524878 40.513687
v -45.954979 29.524876 26.623405
v -39.905548 29.524874 23.792412
v -48.128571 28.425447 28.434998
v -51.010612 28.425447 32.648468
v -51.010612 21.059013 32.648476
v -51.704033 28.425447 36.581100
v -51.704033 21.059013 36.581108
v -51.704033 28.425447 36.581100
v -51.704033 21.059013 36.581108
v -38.209290 21.059015 47.904556
v -38.209290 28.425449 47.904549
v -34.456848 28.425449 46.538765
v -38.209290 28.425449 47.904549
v -38.209290 21.059015 47.904556
v -34.456848 21.059015 46.538773
v -30.807823 28.425449 42.968842
v -27.663673 39.090164 34.064514
v -29.401192 39.090164 40.513687
v -45.954979 39.090160 26.623405
v -39.905548 39.090160 23.792412
v -48.128571 40.189590 28.434998
v -49.970490 39.090164 33.027077
v -48.166069 39.090160 29.901718
v -48.166069 29.524876 29.901718
v -49.970490 29.524876 33.027077
v -50.597153 39.090164 36.581085
v -50.597153 29.524876 36.581085
v -38.401482 39.090164 46.814468
v -50.597153 39.090164 36.581085
v -50.597153 29.524876 36.581085
v -38.401482 29.524878 46.814468
v -35.010284 39.090164 45.580177
v -38.401482 39.090164 46.814468
v -38.401482 29.524878 46.814468
v -35.010284 29.524878 45.580177
v -32.245750 39.090164 43.260460
v -32.245750 29.524878 43.260460
v -30.807823 40.189594 42.968842
v -28.036224 49.397148 34.200119
v -29.669205 49.397099 40.416138
v -45.812370 49.397095 26.870407
v -39.974380 49.397144 24.182842
v -48.795502 49.397095 29.373550
v -50.742561 49.397148 32.746040
v -51.010612 40.189594 32.648468
v -51.418793 49.397148 36.581100
v -51.704033 40.189594 36.581100
v -38.258812 49.397099 47.623665
v -51.418793 49.397148 36.581100
v -51.704033 40.189594 36.581100
v -38.209290 40.189594 47.904549
v -34.599449 49.397099 46.291771
v -38.258812 49.397099 47.623665
v -38.209290 40.189594 47.904549
v -34.456848 40.189594 46.538765
v -31.616310 49.397099 43.788628
v -34.599449 49.397099 46.291771
v -31.616310 49.397099 43.788628
v -29.669205 49.397099 40.416138
v -28.036224 49.397148 34.200119
v -39.974380 49.397144 24.182842
v -45.812370 49.397095 26.870407
v -48.795502 49.397095 29.373550
v -50.742561 49.397148 32.746040
v -51.418793 49.397148 36.581100
v -38.258812 49.397099 47.623665
v -48.128571 9.294868 28.435005
v -51.010612 9.294868 32.648476
v -49.970490 10.394297 33.027084
v -48.166069 10.394297 29.901726
v -48.128571 21.059013 28.435005
v -48.128571 9.294868 28.435005
v -51.010612 21.059013 32.648476
v -48.128571 21.059013 28.435005
v -48.166069 19.959585 29.901726
v -49.970490 19.959585 33.027084
v -51.704033 21.059013 36.581108
v -50.597153 19.959585 36.581093
v -38.209290 21.059015 47.904556
v -51.704033 21.059013 36.581108
v -50.597153 19.959585 36.581093
v -38.401482 19.959587 46.814476
v -34.456848 21.059015 46.538773
v -38.209290 21.059015 47.904556
v -38.401482 19.959587 46.814476
v -35.010284 19.959587 45.580185
v -30.807823 21.059015 42.968849
v -32.245750 19.959587 43.260468
v -30.807823 9.294870 42.968849
v -30.807823 21.059015 42.968849
v -32.245750 19.959587 43.260468
v -32.245750 10.394299 43.260468
v -34.456848 9.294870 46.538773
v -30.807823 9.294870 42.968849
v -32.245750 10.394299 43.260468
v -35.010284 10.394299 45.580185
v -38.209290 9.294870 47.904556
v -38.401482 10.394299 46.814476
v -51.704033 9.294869 36.581108
v -38.209290 9.294870 47.904556
v -38.401482 10.394299 46.814476
v -50.597153 10.394298 36.581093
v -51.704033 9.294869 36.581108
v -50.597153 10.394298 36.581093
v -48.128571 28.425447 28.434998
v -51.010612 28.425447 32.648468
v -49.970490 29.524876 33.027077
v -48.166069 29.524876 29.901718
v -48.128571 40.189590 28.434998
v -48.128571 28.425447 28.434998
v -51.010612 40.189594 32.648468
v -48.128571 40.189590 28.434998
v -48.166069 39.090160 29.901718
v -49.970490 39.090164 33.027077
v -51.704033 40.189594 36.581100
v -50.597153 39.090164 36.581085
v -38.209290 40.189594 47.904549
v -51.704033 40.189594 36.581100
v -50.597153 39.090164 36.581085
v -38.401482 39.090164 46.814468
v -34.456848 40.189594 46.538765
v -38.209290 40.189594 47.904549
v -38.401482 39.090164 46.814468
v -35.010284 39.090164 45.580177
v -30.807823 40.189594 42.968842
v -32.245750 39.090164 43.260460
v -30.807823 28.425449 42.968842
v -30.807823 40.189594 42.968842
v -32.245750 39.090164 43.260460
v -32.245750 29.524878 43.260460
v -34.456848 28.425449 46.538765
v -30.807823 28.425449 42.968842
v -32.245750 29.524878 43.260460
v -35.010284 29.524878 45.580177
v -38.209290 28.425449 47.904549
v -38.401482 29.524878 46.814468
v -51.704033 28.425447 36.581100
v -38.209290 28.425449 47.904549
v -38.401482 29.524878 46.814468
v -50.597153 29.524876 36.581085
v -51.704033 28.425447 36.581100
v -50.597153 29.524876 36.581085
v -57.312813 0.469768 38.730721
v -57.529961 7.100993 38.730789
v -51.704033 9.294869 36.581108
v -51.418793 0.465798 36.581108
v -39.314644 7.101021 54.015244
v -39.352348 0.469828 53.801422
v -38.258812 0.465843 47.623672
v -38.209290 9.294870 47.904556
v -57.529961 7.100993 38.730789
v -39.314644 7.101021 54.015244
v -38.209290 9.294870 47.904556
v -51.704033 9.294869 36.581108
v -14.671021 19.341589 44.026222
v -14.671021 0.378485 44.026222
v -14.671028 0.378484 36.793274
v -14.671024 27.802000 36.793282
v -26.892609 27.801998 18.608009
v -26.892616 0.378481 18.608006
v -26.892609 0.378483 31.347748
v -26.892601 27.802000 31.347755
v -23.935493 27.357126 35.588142
v -23.935486 18.896717 42.821083
v -17.484241 18.896717 42.821083
v -17.484241 27.357126 35.588142
v -23.935486 18.896717 42.821083
v -23.935486 1.286854 43.117851
v -17.484241 1.286854 43.117844
v -17.484241 18.896717 42.821083
v -14.671024 0.378483 34.588654
v -14.671024 27.802000 34.588654
v -26.892601 27.802000 36.793282
v -26.892609 0.378484 36.793282
v -26.892609 0.378485 44.026215
v -26.892601 19.341589 44.026222
v -23.935493 37.134727 35.558075
v -17.484241 37.134727 35.558075
v -17.484241 40.677898 33.353439
v -23.935493 40.677898 33.353439
v -26.892609 41.030807 18.608009
v -26.892609 27.801998 18.608009
v -26.892601 27.802000 31.347755
v -26.892601 41.030807 31.347748
v -17.484241 37.134727 35.558075
v -23.935493 37.134727 35.558075
v -23.935493 27.357126 35.588142
v -17.484241 27.357126 35.588142
v -14.671024 37.487644 36.793274
v -14.671024 27.802000 36.793282
v -14.671024 41.030811 34.588646
v -26.892601 27.802000 34.588661
v -26.892601 0.378483 34.588654
v -14.671024 0.378483 31.347748
v -14.671024 27.802000 31.347748
v -23.935493 96.553818 33.388039
v -17.484241 96.692726 33.388039
v -17.484241 99.680397 30.821930
v -23.935493 99.680397 30.821930
v -26.892601 41.030811 34.588654
v -26.892601 27.802000 34.588661
v -26.892601 27.802000 36.793282
v -26.892601 37.487644 36.793274
v -14.671024 27.802000 31.347748
v -14.671024 41.030807 31.347740
v -26.892609 100.737984 18.607998
v -26.892601 41.030807 31.347748
v -26.892601 100.737984 31.347740
v -17.484241 96.692726 33.388039
v -23.935493 96.553818 33.388039
v -23.935493 40.677898 33.353439
v -17.484241 40.677898 33.353439
v -14.671024 97.149712 34.588638
v -14.671024 100.737984 31.347733
v -26.892601 41.030807 31.347748
v -26.892601 27.802000 31.347755
v -14.671021 0.378481 18.608002
v -14.671021 27.801998 18.608002
v -17.484241 99.680397 19.516365
v -23.935493 99.680397 19.516365
v -14.671024 41.030807 31.347740
v -14.671024 27.802000 31.347748
v -14.671021 27.801998 18.608002
v -14.671021 41.030807 18.608002
v -26.892601 100.737984 31.347740
v -26.892601 97.010811 34.588646
v -14.671024 100.737984 31.347733
v -14.671021 100.737984 18.607990
v -26.892601 27.802000 36.793282
v -26.892601 19.341589 44.026222
v -23.935486 19.341589 44.026222
v -23.935486 27.802000 36.793282
v -26.892601 19.341589 44.026222
v -26.892609 0.378485 44.026215
v -23.935486 0.378485 44.026222
v -23.935486 19.341589 44.026222
v -17.484245 27.802000 36.793282
v -17.484238 19.341589 44.026222
v -14.671021 19.341589 44.026222
v -14.671024 27.802000 36.793282
v -17.484238 19.341589 44.026222
v -17.484241 0.378485 44.026222
v -14.671021 0.378485 44.026222
v -14.671021 19.341589 44.026222
v -23.935486 37.487644 36.793274
v -23.935486 41.030811 34.588646
v -26.892601 41.030811 34.588654
v -26.892601 37.487644 36.793274
v -14.671024 37.487644 36.793274
v -14.671024 41.030811 34.588646
v -17.484245 41.030811 34.588646
v -17.484245 37.487644 36.793274
v -26.892601 27.802000 36.793282
v -23.935486 27.802000 36.793282
v -17.484245 27.802000 36.793282
v -14.671024 27.802000 36.793282
v -23.935486 97.010811 34.588638
v -23.935493 100.737984 31.347740
v -26.892601 100.737984 31.347740
v -26.892601 97.010811 34.588646
v -14.671024 97.149712 34.588638
v -14.671024 100.737984 31.347733
v -17.484241 100.737984 31.347740
v -17.484245 97.149712 34.588638
v -26.892601 97.010811 34.588646
v -23.935486 97.010811 34.588638
v -17.484245 97.149712 34.588638
v -14.671024 97.149712 34.588638
v -23.935493 100.737984 18.607998
v -26.892609 100.737984 18.607998
v -14.671021 100.737984 18.607990
v -17.484238 100.737984 18.607998
v -17.484241 18.896717 42.821083
v -17.484241 1.286854 43.117844
v -17.484241 0.378485 44.026222
v -17.484238 19.341589 44.026222
v -17.484241 27.357126 35.588142
v -17.484241 18.896717 42.821083
v -17.484238 19.341589 44.026222
v -17.484245 27.802000 36.793282
v -17.484241 37.134727 35.558075
v -17.484241 27.357126 35.588142
v -17.484245 27.802000 36.793282
v -17.484245 37.487644 36.793274
v -17.484241 40.677898 33.353439
v -17.484241 37.134727 35.558075
v -17.484245 37.487644 36.793274
v -17.484245 41.030811 34.588646
v -17.484241 96.692726 33.388039
v -17.484241 40.677898 33.353439
v -17.484245 41.030811 34.588646
v -17.484245 97.149712 34.588638
v -17.484241 99.680397 30.821930
v -17.484241 96.692726 33.388039
v -17.484245 97.149712 34.588638
v -17.484241 100.737984 31.347740
v -17.484241 99.680397 19.516365
v -17.484241 99.680397 30.821930
v -17.484241 100.737984 31.347740
v -17.484238 100.737984 18.607998
v -23.935493 99.680397 30.821930
v -23.935493 99.680397 19.516365
v -23.935493 100.737984 18.607998
v -23.935493 100.737984 31.347740
v -23.935493 96.553818 33.388039
v -23.935493 100.737984 31.347740
v -23.935486 97.010811 34.588638
v -23.935493 40.677898 33.353439
v -23.935493 96.553818 33.388039
v -23.935486 97.010811 34.588638
v -23.935486 41.030811 34.588646
v -23.935493 37.134727 35.558075
v -23.935493 40.677898 33.353439
v -23.935486 41.030811 34.588646
v -23.935486 37.487644 36.793274
v -23.935493 27.357126 35.588142
v -23.935493 37.134727 35.558075
v -23.935486 37.487644 36.793274
v -23.935486 27.802000 36.793282
v -23.935486 18.896717 42.821083
v -23.935493 27.357126 35.588142
v -23.935486 27.802000 36.793282
v -23.935486 19.341589 44.026222
v -23.935486 1.286854 43.117851
v -23.935486 0.378485 44.026222
vn -0.0000 1.0000 -0.0000
vn -0.0000 -0.0000 -1.0000
vn -1.0000 -0.0000 -0.0000
vn 1.0000 -0.0000 -0.0000
vn -0.0000 -0.4475 -0.8943
vn -0.0000 0.5967 -0.8024
vn -0.0000 -0.5646 -0.8254
vn -0.0000 -0.5646 -0.8253
vn -0.0000 0.7071 -0.7071
vn 0.5836 0.8120 -0.0000
vn 1.0000 -0.0022 -0.0000
vn 0.6292 -0.7773 -0.0000
vn -0.0000 -0.0000 1.0000
vn -0.6970 0.0018 -0.7171
vn -0.6970 0.0009 -0.7171
vn 0.4067 0.5660 -0.7171
vn 0.6970 -0.0015 -0.7171
vn 0.4385 -0.5417 -0.7171
vn -0.6970 0.0006 -0.7171
vn -0.6970 0.0011 -0.7171
vn -0.6970 0.0009 0.7171
vn -0.6970 0.0018 0.7171
vn -0.6970 0.0006 0.7171
vn -0.6970 0.0011 0.7171
vn 0.4385 -0.5417 0.7171
vn 0.6970 -0.0015 0.7171
vn 0.4067 0.5660 0.7171
vn -0.1631 -0.0000 0.9866
vn 0.9866 -0.0000 0.1631
vn -0.9866 -0.0000 -0.1631
vn -0.9866 -0.0000 -0.1630
vn -0.9866 0.0001 -0.1631
vn 0.9866 -0.0001 0.1631
vn -0.1356 -0.5556 0.8203
vn -0.1630 -0.0000 0.9866
vn -0.1157 0.7047 0.7001
vn -0.1157 0.7047 0.7000
vn -0.1367 -0.5453 0.8270
vn -0.0619 0.9251 0.3747
vn -0.1182 0.6891 0.7150
vn -0.9360 -0.0000 0.3521
vn 0.3521 -0.0000 0.9360
vn -0.3521 -0.0000 -0.9360
vn 0.3521 -0.0001 0.9360
vn -0.7782 -0.5556 0.2928
vn -0.6641 0.7047 0.2498
vn -0.7846 -0.5453 0.2951
vn -0.3555 0.9251 0.1337
vn -0.6783 0.6891 0.2552
vn -0.0000 -0.2299 -0.9732
vn 0.9732 -0.2299 -0.0000
vn 0.8024 0.5967 -0.0000
vn 0.8253 -0.5646 -0.0000
vn 0.7071 0.7071 -0.0000
vn 0.8254 -0.5646 -0.0000
vn -0.0000 -0.2299 0.9732
vn -0.0000 0.5967 0.8024
vn -0.0000 -0.5646 0.8253
vn -0.0000 0.7071 0.7071
vn 0.2559 0.9446 0.2053
vn 0.2559 0.9447 0.2053
vn 0.5695 -0.6579 0.4928
vn -0.5799 0.6422 -0.5013
vn -0.7615 -0.0407 -0.6469
vn 0.4117 0.8884 -0.2031
vn 0.3890 0.9101 -0.1426
vn 0.4040 0.9021 -0.1513
vn 0.4145 0.8885 -0.1967
vn -0.0478 0.9223 0.3834
vn -0.1056 0.9029 0.4167
vn -0.0535 0.9155 0.3988
vn -0.0989 0.9028 0.4186
vn 0.5696 -0.6579 0.4928
vn -0.9051 -0.0365 -0.4236
vn -0.9640 -0.0324 -0.2641
vn -0.9051 -0.0365 -0.4237
vn -0.9639 -0.0327 -0.2641
vn -0.4470 -0.0416 -0.8936
vn -0.5755 -0.0421 -0.8167
vn -0.5755 -0.0419 -0.8167
vn 0.4041 0.9021 -0.1513
vn 0.4146 0.8885 -0.1968
vn 0.5432 -0.6606 0.5182
vn 0.5420 -0.6494 0.5334
vn -0.5639 0.6376 -0.5249
vn -0.5624 0.6624 -0.4950
vn -0.9640 -0.0324 -0.2640
vn -0.0990 0.9028 0.4186
vn -0.0535 0.9154 0.3989
vn 0.6026 -0.6510 0.4616
vn 0.5901 -0.6605 0.4643
vn -0.5706 0.6622 -0.4857
vn -0.5990 0.6385 -0.4832
vn -0.5754 -0.0421 -0.8168
vn -0.4469 -0.0416 -0.8936
vn 0.5655 -0.6639 0.4894
vn 0.5655 -0.6638 0.4894
vn -0.5800 0.6420 -0.5015
vn 0.5424 -0.6962 0.4702
vn 0.5793 -0.6587 0.4801
vn 0.5424 -0.6963 0.4701
vn 0.5421 -0.6966 0.4699
vn 0.5585 -0.6584 0.5045
vn 0.5421 -0.6967 0.4699
vn -0.5800 0.6420 -0.5014
vn -0.6163 0.5811 -0.5315
vn -0.5913 0.6415 -0.4888
vn -0.6163 0.5810 -0.5315
vn -0.5800 0.6419 -0.5015
vn -0.6166 0.5805 -0.5318
vn -0.5692 0.6411 -0.5147
vn 0.5603 -0.6407 0.5250
vn 0.5515 -0.6525 0.5197
vn 0.5318 -0.6528 0.5395
vn 0.5323 -0.6543 0.5371
vn -0.5636 0.6370 -0.5259
vn -0.5637 0.6377 -0.5250
vn -0.5636 0.6371 -0.5258
vn -0.6055 0.6135 -0.5069
vn -0.5827 0.6430 -0.4971
vn -0.6057 0.6136 -0.5066
vn 0.6061 -0.6550 0.4513
vn 0.6042 -0.6562 0.4520
vn 0.5987 -0.6428 0.4778
vn 0.5927 -0.6532 0.4711
vn -0.5902 0.6128 -0.5255
vn -0.5763 0.6428 -0.5046
vn -0.5997 0.6381 -0.4829
vn -0.5990 0.6386 -0.4830
vn 0.5677 -0.0078 -0.8232
vn 0.5659 -0.0042 -0.8245
vn 0.5664 -0.0052 -0.8241
vn 0.5681 -0.0086 -0.8229
vn 0.5979 0.6264 0.5002
vn 0.5978 0.6264 0.5002
vn -0.6972 -0.5288 0.4840
vn -0.8008 -0.4591 0.3846
vn -0.7806 -0.4748 0.4064
vn -0.6750 -0.5408 0.5019
vn -0.3701 -0.8846 -0.2837
vn -0.4518 -0.7928 -0.4090
vn -0.4347 -0.8156 -0.3820
vn -0.3543 -0.8981 -0.2604
vn -0.7229 0.0147 0.6908
vn -0.7204 0.0132 0.6934
vn -0.7211 0.0137 0.6926
vn -0.7235 0.0150 0.6902
vn -0.4327 -0.8168 -0.3815
vn -0.3577 -0.8962 -0.2624
vn -0.3713 -0.8842 -0.2834
vn -0.4453 -0.8000 -0.4022
vn 0.2942 -0.4746 -0.8296
vn 0.3423 -0.5837 -0.7363
vn 0.3339 -0.5644 -0.7549
vn 0.2858 -0.4559 -0.8429
vn 0.3277 -0.0247 -0.9445
vn 0.2923 0.0175 -0.9562
vn 0.2923 0.0174 -0.9562
vn -0.1478 0.3947 -0.9068
vn -0.1497 0.3961 -0.9059
vn -0.1498 0.3963 -0.9058
vn -0.9156 0.4021 0.0005
vn -0.9156 0.4021 0.0006
vn -0.8975 0.0308 0.4400
vn -0.8948 0.0327 0.4453
vn -0.8677 -0.0194 0.4968
vn -0.8801 -0.0048 0.4748
vn 0.5907 0.6268 0.5082
vn 0.5906 0.6268 0.5082
vn -0.3237 0.9039 -0.2795
vn 0.0001 1.0000 -0.0011
vn -0.3239 0.9038 -0.2796
vn -0.6526 0.0009 0.7577
vn -0.6521 0.0009 0.7581
vn -0.6524 0.0009 0.7579
vn 0.3057 -0.9148 0.2641
vn -0.0001 -1.0000 0.0011
vn 0.3056 -0.9149 0.2639
vn 0.6521 -0.0009 -0.7581
vn -0.3237 0.9039 -0.2796
vn -0.3241 0.9038 -0.2794
vn -0.5855 0.6345 -0.5046
vn -0.5853 0.6346 -0.5047
vn -0.6528 0.0008 0.7575
vn 0.5594 -0.6742 0.4823
vn 0.5594 -0.6741 0.4823
vn 0.6523 -0.0009 -0.7579
vn 0.6527 -0.0009 -0.7576
vn 0.6529 -0.0009 -0.7574
vn 0.6528 -0.0008 -0.7575
vn 0.6524 -0.0009 -0.7579
vn -0.6525 0.0009 0.7578
vn 0.6526 -0.0009 -0.7577
vn -0.6528 0.0009 0.7575
vn -0.7581 -0.0003 -0.6521
vn 0.2111 0.9446 -0.2512
vn 0.5055 -0.6579 -0.5582
vn -0.5143 0.6422 0.5683
vn -0.6640 -0.0407 0.7466
vn 0.2111 0.9447 -0.2512
vn -0.1937 0.8884 -0.4162
vn -0.1338 0.9101 -0.3922
vn -0.1421 0.9021 -0.4074
vn -0.1873 0.8885 -0.4189
vn 0.3822 0.9223 0.0565
vn 0.4142 0.9029 0.1150
vn 0.3975 0.9155 0.0625
vn 0.4162 0.9028 0.1084
vn -0.5143 0.6422 0.5684
vn -0.4440 -0.0365 0.8953
vn -0.2859 -0.0324 0.9577
vn -0.4441 -0.0365 0.8952
vn -0.2859 -0.0327 0.9577
vn -0.9035 -0.0416 0.4266
vn -0.8296 -0.0421 0.5568
vn -0.8296 -0.0419 0.5568
vn 0.5304 -0.6606 -0.5313
vn 0.5455 -0.6494 -0.5298
vn -0.5375 0.6376 0.5518
vn -0.5076 0.6624 0.5510
vn -0.2858 -0.0324 0.9577
vn -0.4441 -0.0365 0.8953
vn 0.4163 0.9028 0.1084
vn 0.4751 -0.6510 -0.5920
vn 0.4775 -0.6605 -0.5794
vn -0.4985 0.6622 0.5594
vn -0.4967 0.6385 0.5879
vn -0.8296 -0.0421 0.5567
vn 0.5021 -0.6639 -0.5543
vn 0.5021 -0.6638 -0.5543
vn -0.5145 0.6420 0.5685
vn 0.4823 -0.6963 -0.5316
vn 0.4931 -0.6587 -0.5682
vn 0.5021 -0.6639 -0.5542
vn 0.4821 -0.6967 -0.5313
vn 0.5170 -0.6584 -0.5470
vn -0.5453 0.5811 0.6041
vn -0.5020 0.6415 0.5800
vn -0.5454 0.5811 0.6041
vn -0.5145 0.6419 0.5685
vn -0.5456 0.5805 0.6044
vn -0.5275 0.6411 0.5574
vn 0.5375 -0.6407 -0.5482
vn 0.5321 -0.6524 -0.5396
vn 0.5514 -0.6528 -0.5194
vn 0.5491 -0.6543 -0.5200
vn -0.5384 0.6372 0.5515
vn -0.5376 0.6377 0.5516
vn -0.5384 0.6371 0.5515
vn -0.5205 0.6135 0.5939
vn -0.5102 0.6430 0.5713
vn -0.5202 0.6136 0.5940
vn 0.4649 -0.6550 -0.5957
vn 0.4656 -0.6562 -0.5938
vn 0.4913 -0.6428 -0.5877
vn 0.4844 -0.6532 -0.5819
vn -0.5387 0.6128 0.5781
vn -0.5175 0.6429 0.5647
vn -0.4964 0.6381 0.5886
vn -0.4965 0.6386 0.5879
vn -0.4963 0.6381 0.5887
vn -0.8101 -0.0078 -0.5862
vn -0.8114 -0.0042 -0.5844
vn -0.8111 -0.0052 -0.5849
vn -0.8098 -0.0086 -0.5866
vn 0.5136 0.6264 -0.5863
vn 0.4680 -0.5288 0.7080
vn 0.3664 -0.4592 0.8093
vn 0.3886 -0.4748 0.7896
vn 0.4865 -0.5408 0.6862
vn -0.2920 -0.8846 0.3636
vn -0.4192 -0.7928 0.4424
vn -0.3918 -0.8156 0.4259
vn -0.2684 -0.8981 0.3484
vn 0.6742 0.0147 0.7384
vn 0.6769 0.0132 0.7360
vn 0.6761 0.0137 0.7367
vn 0.6736 0.0150 0.7389
vn -0.3912 -0.8168 0.4240
vn -0.2704 -0.8962 0.3517
vn -0.2917 -0.8842 0.3648
vn -0.4122 -0.8000 0.4360
vn -0.8227 -0.4746 -0.3129
vn -0.7284 -0.5837 -0.3589
vn -0.7472 -0.5644 -0.3510
vn -0.8362 -0.4559 -0.3048
vn 0.5136 0.6264 -0.5864
vn -0.9368 -0.0247 -0.3490
vn -0.9493 0.0175 -0.3139
vn -0.9493 0.0174 -0.3139
vn -0.9090 0.3962 0.1292
vn -0.9368 -0.0247 -0.3491
vn -0.9091 0.3960 0.1290
vn -0.9091 0.3960 0.1291
vn -0.0199 0.4020 0.9154
vn -0.0199 0.4019 0.9155
vn 0.4196 0.0307 0.9072
vn 0.4248 0.0327 0.9047
vn 0.4769 -0.0193 0.8787
vn 0.4547 -0.0048 0.8906
vn 0.4548 -0.0048 0.8906
vn 0.5215 0.6268 -0.5790
vn -0.2868 0.9039 0.3173
vn -0.0011 1.0000 -0.0001
vn -0.2869 0.9038 0.3175
vn 0.7427 0.0009 0.6696
vn 0.7431 0.0009 0.6691
vn 0.7429 0.0009 0.6694
vn 0.2709 -0.9148 -0.2996
vn 0.0011 -1.0000 0.0001
vn 0.2708 -0.9149 -0.2995
vn -0.7431 -0.0009 -0.6692
vn -0.7431 -0.0009 -0.6691
vn -0.7427 -0.0009 -0.6696
vn -0.7429 -0.0009 -0.6693
vn -0.2869 0.9039 0.3172
vn -0.2867 0.9038 0.3176
vn -0.5177 0.6345 0.5739
vn -0.5178 0.6346 0.5737
vn 0.7425 0.0008 0.6698
vn 0.4948 -0.6742 -0.5483
vn 0.4949 -0.6741 -0.5483
vn -0.7424 -0.0009 -0.6699
vn -0.7425 -0.0008 -0.6698
vn -0.7428 -0.0008 -0.6696
vn 0.5215 0.6268 -0.5789
vn -0.2869 0.9038 0.3174
vn 0.7428 0.0009 0.6695
vn 0.7431 0.0009 0.6692
vn -0.7429 -0.0009 -0.6694
vn -0.2869 0.9039 0.3173
vn -0.2867 0.9038 0.3177
vn -0.5178 0.6345 0.5739
vn 0.7425 0.0009 0.6698
vn -0.6691 -0.0003 0.7431
vn 0.3269 0.9446 -0.0284
vn 0.3268 0.9447 -0.0284
vn 0.7522 -0.6579 -0.0373
vn -0.7656 0.6422 0.0382
vn -0.9975 -0.0407 0.0584
vn 0.1574 0.8884 -0.4313
vn 0.1827 0.9101 -0.3719
vn 0.1876 0.9021 -0.3885
vn 0.1638 0.8885 -0.4286
vn 0.2303 0.9223 0.3102
vn 0.2116 0.9029 0.3742
vn 0.2369 0.9155 0.3253
vn 0.2177 0.9028 0.3710
vn -0.9470 -0.0365 0.3191
vn -0.8793 -0.0324 0.4751
vn -0.9470 -0.0365 0.3190
vn -0.8793 -0.0327 0.4751
vn -0.9405 -0.0416 -0.3372
vn -0.9803 -0.0421 -0.1929
vn -0.9405 -0.0417 -0.3372
vn -0.9803 -0.0419 -0.1928
vn 0.1876 0.9021 -0.3886
vn 0.1638 0.8885 -0.4287
vn 0.7507 -0.6606 -0.0007
vn 0.7604 -0.6494 0.0111
vn -0.7703 0.6376 0.0101
vn -0.7485 0.6624 0.0307
vn 0.7546 -0.6510 -0.0826
vn 0.7474 -0.6605 -0.0720
vn 0.7546 -0.6510 -0.0827
vn -0.7481 0.6622 0.0431
vn -0.7669 0.6385 0.0645
vn 0.7470 -0.6638 -0.0369
vn -0.7658 0.6420 0.0382
vn 0.7169 -0.6963 -0.0348
vn 0.7505 -0.6587 -0.0531
vn 0.7469 -0.6639 -0.0369
vn 0.7166 -0.6966 -0.0348
vn 0.7524 -0.6584 -0.0212
vn 0.7166 -0.6967 -0.0348
vn 0.7165 -0.6967 -0.0348
vn -0.7657 0.6420 0.0382
vn -0.8128 0.5811 0.0416
vn -0.7652 0.6415 0.0552
vn -0.8128 0.5810 0.0415
vn -0.7658 0.6419 0.0382
vn -0.8132 0.5805 0.0416
vn -0.7671 0.6412 0.0211
vn 0.7677 -0.6407 -0.0076
vn 0.7578 -0.6524 -0.0053
vn 0.7572 -0.6528 0.0226
vn 0.7559 -0.6543 0.0206
vn -0.7707 0.6371 0.0093
vn -0.7702 0.6377 0.0099
vn -0.7880 0.6135 0.0519
vn -0.7647 0.6430 0.0432
vn -0.7879 0.6136 0.0522
vn 0.7500 -0.6550 -0.0925
vn 0.7491 -0.6562 -0.0907
vn 0.7630 -0.6428 -0.0682
vn 0.7540 -0.6532 -0.0689
vn -0.7897 0.6128 0.0279
vn -0.7653 0.6428 0.0334
vn -0.7672 0.6381 0.0652
vn -0.7668 0.6386 0.0646
vn -0.1584 -0.0078 -0.9874
vn -0.1605 -0.0042 -0.9870
vn -0.1599 -0.0052 -0.9871
vn -0.1579 -0.0086 -0.9874
vn 0.7778 0.6264 -0.0514
vn -0.1697 -0.5288 0.8316
vn -0.3132 -0.4592 0.8313
vn -0.2835 -0.4748 0.8332
vn -0.1413 -0.5408 0.8292
vn -0.4635 -0.8846 0.0506
vn -0.6092 -0.7928 0.0164
vn -0.5782 -0.8155 0.0241
vn -0.4361 -0.8981 0.0566
vn -0.0454 0.0147 0.9989
vn -0.0418 0.0133 0.9990
vn -0.0428 0.0137 0.9990
vn -0.0462 0.0151 0.9988
vn -0.5764 -0.8168 0.0232
vn -0.4399 -0.8962 0.0575
vn -0.4642 -0.8842 0.0517
vn -0.5998 -0.8000 0.0168
vn -0.3605 -0.4746 -0.8030
vn -0.2613 -0.5837 -0.7688
vn -0.2802 -0.5644 -0.7765
vn -0.3757 -0.4559 -0.8068
vn -0.4156 -0.0247 -0.9092
vn -0.4493 0.0174 -0.8932
vn -0.4493 0.0175 -0.8932
vn -0.7351 0.3983 -0.5485
vn -0.7342 0.3963 -0.5513
vn -0.7341 0.3963 -0.5514
vn -0.6617 0.4024 0.6327
vn -0.6617 0.4023 0.6327
vn -0.3448 0.0308 0.9382
vn -0.3393 0.0328 0.9401
vn -0.2842 -0.0193 0.9586
vn -0.6617 0.4023 0.6328
vn -0.3082 -0.0048 0.9513
vn 0.7781 0.6268 -0.0407
vn -0.4271 0.9039 0.0216
vn -0.0006 1.0000 -0.0008
vn -0.4273 0.9038 0.0216
vn 0.0518 0.0009 0.9987
vn 0.0523 0.0009 0.9986
vn 0.0520 0.0009 0.9986
vn 0.4035 -0.9148 -0.0203
vn 0.0006 -1.0000 0.0009
vn 0.4033 -0.9149 -0.0203
vn -0.0523 -0.0009 -0.9986
vn -0.0520 -0.0009 -0.9986
vn -0.4272 0.9039 0.0215
vn -0.4274 0.9038 0.0219
vn -0.7719 0.6345 0.0397
vn -0.7718 0.6346 0.0395
vn 0.0514 0.0009 0.9987
vn 0.0514 0.0008 0.9987
vn 0.7376 -0.6742 -0.0378
vn 0.7376 -0.6741 -0.0378
vn -0.0518 -0.0009 -0.9987
vn -0.0516 -0.0009 -0.9987
vn -0.0514 -0.0008 -0.9987
vn -0.0517 -0.0009 -0.9987
vn -0.4273 0.9038 0.0219
vn -0.7718 0.6346 0.0396
vn 0.0517 0.0009 0.9987
vn -0.0515 -0.0008 -0.9987
vn -0.9986 -0.0003 0.0523
vn -0.0284 0.9447 -0.3268
vn -0.0284 0.9446 -0.3269
vn -0.0373 -0.6579 -0.7522
vn 0.0382 0.6422 0.7656
vn 0.0584 -0.0407 0.9975
vn -0.4313 0.8884 -0.1574
vn -0.3719 0.9101 -0.1827
vn -0.3885 0.9021 -0.1876
vn -0.4286 0.8885 -0.1638
vn 0.3102 0.9223 -0.2303
vn 0.3742 0.9029 -0.2116
vn 0.3253 0.9155 -0.2369
vn 0.3710 0.9028 -0.2177
vn -0.0372 -0.6579 -0.7522
vn 0.3191 -0.0365 0.9470
vn 0.4751 -0.0324 0.8793
vn 0.3190 -0.0365 0.9470
vn 0.4751 -0.0327 0.8793
vn -0.3372 -0.0416 0.9405
vn -0.1929 -0.0421 0.9803
vn -0.1929 -0.0419 0.9803
vn -0.3886 0.9021 -0.1876
vn -0.4287 0.8885 -0.1638
vn -0.0007 -0.6606 -0.7507
vn 0.0111 -0.6494 -0.7604
vn 0.0101 0.6376 0.7703
vn 0.0307 0.6624 0.7485
vn -0.0826 -0.6510 -0.7546
vn -0.0720 -0.6605 -0.7474
vn -0.0827 -0.6510 -0.7546
vn 0.0431 0.6622 0.7481
vn 0.0645 0.6385 0.7669
vn -0.3372 -0.0417 0.9405
vn -0.0369 -0.6638 -0.7470
vn 0.0382 0.6420 0.7658
vn -0.0348 -0.6963 -0.7169
vn -0.0531 -0.6587 -0.7505
vn -0.0369 -0.6639 -0.7469
vn -0.0348 -0.6967 -0.7166
vn -0.0212 -0.6584 -0.7524
vn 0.0382 0.6420 0.7657
vn 0.0415 0.5810 0.8128
vn 0.0552 0.6415 0.7652
vn 0.0382 0.6419 0.7658
vn 0.0416 0.5805 0.8132
vn 0.0211 0.6411 0.7671
vn -0.0076 -0.6407 -0.7677
vn -0.0053 -0.6524 -0.7578
vn 0.0226 -0.6528 -0.7572
vn 0.0206 -0.6543 -0.7559
vn 0.0091 0.6370 0.7708
vn 0.0099 0.6377 0.7702
vn 0.0093 0.6371 0.7707
vn 0.0092 0.6371 0.7707
vn 0.0519 0.6135 0.7880
vn 0.0432 0.6430 0.7647
vn 0.0522 0.6136 0.7879
vn -0.0924 -0.6550 -0.7500
vn -0.0906 -0.6562 -0.7491
vn -0.0925 -0.6550 -0.7500
vn -0.0682 -0.6428 -0.7630
vn -0.0689 -0.6532 -0.7540
vn 0.0279 0.6128 0.7897
vn 0.0334 0.6428 0.7653
vn 0.0652 0.6381 0.7672
vn 0.0646 0.6386 0.7668
vn -0.9874 -0.0078 0.1583
vn -0.9870 -0.0042 0.1605
vn -0.9871 -0.0052 0.1599
vn -0.9874 -0.0086 0.1579
vn -0.0514 0.6264 -0.7778
vn 0.8316 -0.5288 0.1697
vn 0.8313 -0.4591 0.3132
vn 0.8331 -0.4748 0.2836
vn 0.8292 -0.5408 0.1412
vn 0.0506 -0.8846 0.4635
vn 0.0164 -0.7928 0.6092
vn 0.0241 -0.8156 0.5782
vn 0.0566 -0.8981 0.4361
vn 0.9989 0.0147 0.0454
vn 0.9990 0.0132 0.0418
vn 0.9990 0.0137 0.0428
vn 0.9988 0.0150 0.0462
vn 0.0232 -0.8168 0.5764
vn 0.0575 -0.8962 0.4399
vn 0.0517 -0.8842 0.4642
vn 0.0168 -0.8000 0.5998
vn -0.8030 -0.4746 0.3605
vn -0.7688 -0.5837 0.2613
vn -0.7765 -0.5644 0.2801
vn -0.8068 -0.4559 0.3758
vn -0.9092 -0.0247 0.4156
vn -0.8932 0.0174 0.4493
vn -0.5494 0.3977 0.7348
vn -0.5518 0.3960 0.7340
vn 0.6330 0.4022 0.6615
vn 0.6329 0.4022 0.6616
vn 0.9382 0.0308 0.3448
vn 0.9401 0.0328 0.3393
vn 0.9586 -0.0194 0.2841
vn 0.9513 -0.0048 0.3082
vn -0.0407 0.6268 -0.7781
vn -0.0407 0.6268 -0.7782
vn 0.0216 0.9039 0.4271
vn -0.0008 1.0000 0.0006
vn 0.0216 0.9038 0.4273
vn 0.9986 0.0009 -0.0520
vn 0.9986 0.0009 -0.0523
vn -0.0203 -0.9148 -0.4035
vn 0.0008 -1.0000 -0.0006
vn -0.0203 -0.9149 -0.4033
vn -0.9986 -0.0009 0.0523
vn -0.9987 -0.0009 0.0517
vn -0.9987 -0.0009 0.0519
vn 0.0215 0.9039 0.4272
vn 0.0219 0.9038 0.4273
vn 0.0397 0.6345 0.7719
vn 0.0396 0.6346 0.7718
vn 0.9987 0.0009 -0.0514
vn 0.9987 0.0009 -0.0517
vn 0.9987 0.0008 -0.0514
vn -0.0378 -0.6742 -0.7376
vn -0.0378 -0.6741 -0.7376
vn -0.9987 -0.0008 0.0514
vn 0.9987 0.0009 -0.0518
vn -0.0203 -0.9148 -0.4034
vn -0.9986 -0.0009 0.0520
vn 0.9987 0.0009 -0.0513
vn -0.9987 -0.0008 0.0515
vn 0.0523 -0.0003 0.9986
vn -0.3170 0.9447 0.0847
vn -0.7343 -0.6579 0.1673
vn 0.7473 0.6422 -0.1705
vn 0.7473 0.6422 -0.1706
vn 0.9722 -0.0407 -0.2308
vn -0.0801 0.8884 0.4521
vn -0.1154 0.9101 0.3980
vn -0.1173 0.9022 0.4151
vn -0.0869 0.8885 0.4505
vn -0.2807 0.9223 -0.2655
vn -0.2733 0.9029 -0.3318
vn -0.3170 0.9446 0.0847
vn -0.2898 0.9155 -0.2792
vn -0.2788 0.9028 -0.3275
vn 0.8772 -0.0365 -0.4787
vn 0.7835 -0.0324 -0.6206
vn 0.8773 -0.0365 -0.4786
vn 0.7835 -0.0327 -0.6205
vn 0.9848 -0.0416 0.1688
vn 0.9989 -0.0421 0.0197
vn 0.9848 -0.0416 0.1687
vn 0.9989 -0.0419 0.0197
vn -0.1173 0.9021 0.4152
vn -0.0868 0.8885 0.4506
vn -0.7392 -0.6606 0.1310
vn -0.7508 -0.6494 0.1211
vn 0.7568 0.6376 -0.1437
vn 0.7318 0.6624 -0.1602
vn -0.2788 0.9028 -0.3276
vn -0.7287 -0.6510 0.2124
vn -0.7235 -0.6605 0.2007
vn 0.7292 0.6622 -0.1723
vn 0.7440 0.6385 -0.1967
vn 0.9989 -0.0421 0.0198
vn -0.7292 -0.6639 0.1660
vn -0.7292 -0.6638 0.1660
vn 0.7475 0.6420 -0.1706
vn -0.7000 -0.6962 0.1588
vn -0.7299 -0.6587 0.1826
vn -0.7000 -0.6963 0.1588
vn -0.6996 -0.6966 0.1587
vn -0.7373 -0.6584 0.1515
vn -0.6996 -0.6967 0.1587
vn 0.7932 0.5811 -0.1821
vn 0.7440 0.6415 -0.1872
vn 0.7475 0.6419 -0.1706
vn 0.7936 0.5805 -0.1821
vn 0.7518 0.6411 -0.1540
vn 0.7936 0.5805 -0.1822
vn -0.7548 -0.6407 0.1408
vn -0.7454 -0.6524 0.1368
vn -0.7496 -0.6529 0.1092
vn -0.7480 -0.6543 0.1110
vn -0.7496 -0.6528 0.1092
vn 0.7574 0.6371 -0.1430
vn 0.7568 0.6377 -0.1435
vn 0.7574 0.6371 -0.1429
vn 0.7670 0.6135 -0.1879
vn 0.7455 0.6430 -0.1753
vn 0.7669 0.6136 -0.1882
vn -0.7225 -0.6550 0.2213
vn -0.7220 -0.6562 0.2193
vn -0.7396 -0.6428 0.1996
vn -0.7306 -0.6532 0.1988
vn 0.7729 0.6128 -0.1646
vn 0.7479 0.6428 -0.1658
vn 0.7442 0.6381 -0.1975
vn 0.7439 0.6386 -0.1968
vn 0.7442 0.6381 -0.1974
vn 0.3274 -0.0078 0.9449
vn 0.3295 -0.0042 0.9442
vn 0.3289 -0.0052 0.9444
vn 0.3269 -0.0086 0.9450
vn -0.7570 0.6264 0.1857
vn 0.0227 -0.5288 -0.8485
vn 0.1641 -0.4592 -0.8731
vn 0.1346 -0.4748 -0.8697
vn -0.0049 -0.5408 -0.8411
vn 0.4477 -0.8846 -0.1304
vn 0.5971 -0.7928 -0.1219
vn 0.5652 -0.8156 -0.1242
vn 0.4196 -0.8981 -0.1314
vn -0.1287 0.0147 -0.9916
vn -0.1323 0.0132 -0.9911
vn -0.1313 0.0137 -0.9912
vn -0.1280 0.0150 -0.9917
vn 0.5636 -0.8168 -0.1229
vn 0.4233 -0.8962 -0.1330
vn 0.4482 -0.8842 -0.1315
vn 0.5878 -0.8000 -0.1207
vn 0.4944 -0.4746 0.7282
vn 0.3908 -0.5837 0.7118
vn 0.4107 -0.5644 0.7161
vn 0.5102 -0.4559 0.7293
vn 0.5672 -0.0247 0.8232
vn 0.5976 0.0174 0.8016
vn 0.8188 0.3968 0.4148
vn 0.8188 0.3964 0.4153
vn 0.8188 0.3963 0.4153
vn 0.5413 0.4018 -0.7386
vn 0.1767 0.0308 -0.9838
vn 0.1709 0.0327 -0.9847
vn 0.1134 -0.0193 -0.9934
vn 0.1383 -0.0048 -0.9904
vn -0.7593 0.6268 0.1752
vn 0.4169 0.9039 -0.0954
vn 0.0008 1.0000 0.0007
vn 0.4171 0.9038 -0.0955
vn -0.2246 0.0009 -0.9744
vn -0.2249 0.0009 -0.9744
vn -0.2245 0.0009 -0.9745
vn -0.3938 -0.9148 0.0900
vn -0.0008 -1.0000 -0.0007
vn -0.3936 -0.9149 0.0900
vn 0.2249 -0.0009 0.9744
vn 0.4170 0.9039 -0.0954
vn 0.4171 0.9038 -0.0957
vn 0.7533 0.6345 -0.1731
vn 0.7532 0.6346 -0.1730
vn -0.2240 0.0009 -0.9746
vn -0.2247 0.0009 -0.9744
vn -0.2240 0.0008 -0.9746
vn -0.7198 -0.6742 0.1654
vn -0.7199 -0.6741 0.1653
vn 0.2245 -0.0009 0.9745
vn 0.2239 -0.0009 0.9746
vn 0.2241 -0.0008 0.9746
vn 0.2244 -0.0008 0.9745
vn -0.7592 0.6268 0.1751
vn 0.2246 -0.0009 0.9745
vn 0.2243 -0.0009 0.9745
vn 0.2247 -0.0009 0.9744
vn 0.4170 0.9039 -0.0953
vn 0.2242 -0.0008 0.9745
vn 0.9744 -0.0003 -0.2249
vn -0.0249 0.9447 0.3271
vn -0.0249 0.9446 0.3271
vn -0.0850 -0.6579 0.7483
vn 0.0863 0.6422 -0.7617
vn 0.1038 -0.0407 -0.9938
vn 0.4001 0.8884 0.2251
vn 0.3374 0.9101 0.2405
vn 0.3530 0.9021 0.2480
vn 0.3964 0.8885 0.2310
vn -0.3434 0.9223 0.1771
vn -0.4035 0.9029 0.1482
vn -0.3593 0.9155 0.1811
vn -0.4013 0.9028 0.1547
vn 0.0862 0.6422 -0.7617
vn -0.1616 -0.0365 -0.9862
vn -0.3265 -0.0324 -0.9447
vn -0.1615 -0.0365 -0.9862
vn -0.3264 -0.0327 -0.9447
vn 0.4850 -0.0416 -0.8735
vn 0.3490 -0.0421 -0.9362
vn 0.3490 -0.0419 -0.9362
vn 0.3965 0.8885 0.2310
vn -0.1209 -0.6606 0.7409
vn -0.1341 -0.6494 0.7485
vn 0.1147 0.6376 -0.7617
vn 0.0909 0.6624 -0.7436
vn 0.1147 0.6376 -0.7618
vn -0.3265 -0.0324 -0.9446
vn -0.4014 0.9028 0.1547
vn -0.3594 0.9155 0.1811
vn -0.0406 -0.6510 0.7580
vn -0.0499 -0.6605 0.7492
vn 0.0786 0.6622 -0.7452
vn 0.0605 0.6385 -0.7672
vn 0.3491 -0.0421 -0.9362
vn -0.0845 -0.6639 0.7431
vn -0.0845 -0.6638 0.7431
vn 0.0863 0.6420 -0.7619
vn 0.0863 0.6420 -0.7618
vn -0.0817 -0.6963 0.7131
vn -0.0691 -0.6587 0.7492
vn -0.0817 -0.6967 0.7127
vn -0.1009 -0.6584 0.7458
vn 0.0906 0.5811 -0.8088
vn 0.0694 0.6415 -0.7640
vn 0.0863 0.6419 -0.7619
vn 0.0863 0.6422 -0.7616
vn 0.0906 0.5805 -0.8092
vn 0.1033 0.6411 -0.7604
vn -0.1168 -0.6407 0.7588
vn -0.1174 -0.6524 0.7487
vn -0.1168 -0.6407 0.7589
vn -0.1449 -0.6528 0.7435
vn -0.1427 -0.6543 0.7426
vn 0.1155 0.6372 -0.7620
vn 0.1149 0.6377 -0.7616
vn 0.1156 0.6371 -0.7621
vn 0.0763 0.6135 -0.7860
vn 0.0812 0.6430 -0.7616
vn 0.0761 0.6136 -0.7860
vn -0.0302 -0.6550 0.7550
vn -0.0318 -0.6562 0.7539
vn -0.0302 -0.6550 0.7551
vn -0.0562 -0.6428 0.7640
vn -0.0540 -0.6532 0.7552
vn 0.1003 0.6128 -0.7838
vn 0.0910 0.6428 -0.7606
vn 0.0598 0.6381 -0.7676
vn 0.0604 0.6386 -0.7671
vn 1.0000 -0.0078 0.0036
vn 1.0000 -0.0042 0.0014
vn 1.0000 -0.0052 0.0020
vn 1.0000 -0.0086 0.0041
vn -0.0751 0.6264 0.7759
vn -0.0751 0.6264 0.7758
vn -0.7932 -0.5288 -0.3021
vn -0.7697 -0.4592 -0.4436
vn -0.7763 -0.4748 -0.4147
vn -0.7954 -0.5408 -0.2736
vn 0.0251 -0.8846 -0.4656
vn 0.0824 -0.7928 -0.6038
vn 0.0698 -0.8155 -0.5745
vn 0.0148 -0.8981 -0.4395
vn -0.9783 0.0147 -0.2065
vn -0.9791 0.0133 -0.2030
vn -0.9789 0.0137 -0.2040
vn -0.9782 0.0150 -0.2072
vn 0.0705 -0.8168 -0.5726
vn 0.0145 -0.8962 -0.4434
vn 0.0242 -0.8842 -0.4665
vn 0.0805 -0.8000 -0.5946
vn 0.8508 -0.4746 -0.2257
vn 0.8010 -0.5837 -0.1334
vn 0.8116 -0.5644 -0.1507
vn 0.8570 -0.4559 -0.2401
vn 0.9645 -0.0247 -0.2630
vn 0.9645 -0.0247 -0.2629
vn 0.9542 0.0175 -0.2988
vn 0.6634 0.3959 -0.6350
vn 0.6626 0.3965 -0.6354
vn 0.6626 0.3966 -0.6354
vn -0.5187 0.4013 -0.7549
vn -0.8700 0.0308 -0.4921
vn -0.8728 0.0327 -0.4870
vn -0.9000 -0.0193 -0.4356
vn -0.8889 -0.0048 -0.4581
vn -0.0858 0.6268 0.7745
vn 0.0479 0.9039 -0.4250
vn 0.0009 1.0000 -0.0005
vn 0.0479 0.9038 -0.4252
vn -0.9939 0.0009 -0.1100
vn -0.9939 0.0009 -0.1104
vn -0.0453 -0.9148 0.4014
vn -0.0009 -1.0000 0.0005
vn -0.0452 -0.9149 0.4012
vn 0.9939 -0.0009 0.1104
vn 0.9939 -0.0009 0.1100
vn 0.9939 -0.0009 0.1107
vn 0.0476 0.9038 -0.4253
vn 0.0858 0.6345 -0.7681
vn 0.0859 0.6346 -0.7681
vn -0.9938 0.0009 -0.1110
vn -0.9938 0.0008 -0.1110
vn -0.0821 -0.6742 0.7340
vn -0.0821 -0.6741 0.7340
vn 0.9938 -0.0008 0.1109
vn -0.9939 0.0009 -0.1106
vn -0.9939 0.0009 -0.1103
vn 0.9939 -0.0009 0.1101
vn 0.9938 -0.0008 0.1110
vn 0.1100 -0.0003 -0.9939
vn 0.1101 -0.0003 -0.9939
vn -0.2512 0.9446 -0.2111
vn -0.2512 0.9447 -0.2111
vn -0.5582 -0.6579 -0.5055
vn 0.5683 0.6422 0.5143
vn 0.7466 -0.0407 0.6640
vn -0.4162 0.8884 0.1937
vn -0.3922 0.9101 0.1338
vn -0.4074 0.9021 0.1420
vn -0.4189 0.8885 0.1873
vn 0.0565 0.9223 -0.3822
vn 0.1150 0.9029 -0.4142
vn 0.0625 0.9155 -0.3975
vn 0.1084 0.9028 -0.4162
vn 0.5684 0.6422 0.5143
vn 0.8953 -0.0365 0.4440
vn 0.9577 -0.0324 0.2858
vn 0.8953 -0.0365 0.4441
vn 0.9577 -0.0327 0.2859
vn 0.4266 -0.0416 0.9035
vn 0.5568 -0.0421 0.8296
vn 0.5568 -0.0419 0.8296
vn -0.4074 0.9021 0.1421
vn -0.5313 -0.6606 -0.5304
vn -0.5298 -0.6494 -0.5456
vn 0.5518 0.6376 0.5375
vn 0.5510 0.6624 0.5076
vn 0.1085 0.9028 -0.4163
vn 0.0626 0.9155 -0.3975
vn -0.5920 -0.6510 -0.4751
vn -0.5794 -0.6605 -0.4776
vn 0.5594 0.6622 0.4985
vn 0.5879 0.6385 0.4967
vn -0.5582 -0.6579 -0.5056
vn -0.5543 -0.6639 -0.5021
vn -0.5543 -0.6638 -0.5021
vn 0.5685 0.6420 0.5145
vn -0.5316 -0.6963 -0.4823
vn -0.5682 -0.6587 -0.4932
vn -0.5542 -0.6639 -0.5021
vn -0.5313 -0.6966 -0.4821
vn -0.5470 -0.6584 -0.5170
vn -0.5313 -0.6967 -0.4821
vn 0.6041 0.5811 0.5453
vn 0.5800 0.6415 0.5020
vn 0.6041 0.5811 0.5454
vn 0.5685 0.6419 0.5145
vn 0.6044 0.5805 0.5456
vn 0.5574 0.6411 0.5275
vn -0.5482 -0.6407 -0.5375
vn -0.5396 -0.6524 -0.5321
vn -0.5483 -0.6407 -0.5375
vn -0.5194 -0.6528 -0.5514
vn -0.5200 -0.6543 -0.5491
vn 0.5515 0.6372 0.5384
vn 0.5516 0.6377 0.5376
vn 0.5515 0.6371 0.5385
vn 0.5515 0.6371 0.5384
vn 0.5939 0.6135 0.5205
vn 0.5713 0.6430 0.5102
vn 0.5940 0.6136 0.5202
vn -0.5957 -0.6550 -0.4649
vn -0.5938 -0.6562 -0.4656
vn -0.5877 -0.6428 -0.4913
vn -0.5819 -0.6532 -0.4844
vn 0.5781 0.6128 0.5387
vn 0.5647 0.6428 0.5175
vn 0.5886 0.6381 0.4964
vn 0.5879 0.6386 0.4965
vn 0.5885 0.6382 0.4964
vn -0.5862 -0.0078 0.8101
vn -0.5844 -0.0042 0.8114
vn -0.5849 -0.0052 0.8111
vn -0.5866 -0.0086 0.8098
vn -0.5864 0.6264 -0.5136
vn 0.7080 -0.5288 -0.4680
vn 0.8093 -0.4591 -0.3664
vn 0.7896 -0.4748 -0.3886
vn 0.6862 -0.5408 -0.4865
vn 0.3636 -0.8846 0.2920
vn 0.4424 -0.7928 0.4192
vn 0.4259 -0.8156 0.3918
vn 0.3484 -0.8981 0.2684
vn 0.7384 0.0147 -0.6742
vn 0.7360 0.0132 -0.6769
vn 0.7367 0.0137 -0.6761
vn 0.7389 0.0150 -0.6736
vn 0.4240 -0.8168 0.3912
vn 0.3517 -0.8962 0.2704
vn 0.3648 -0.8842 0.2917
vn 0.4360 -0.8000 0.4122
vn -0.3129 -0.4746 0.8227
vn -0.3589 -0.5837 0.7284
vn -0.3510 -0.5644 0.7472
vn -0.3048 -0.4559 0.8362
vn -0.5863 0.6264 -0.5136
vn -0.3490 -0.0247 0.9368
vn -0.3139 0.0174 0.9493
vn 0.1302 0.3969 0.9086
vn 0.1294 0.3964 0.9089
vn 0.1294 0.3965 0.9089
vn 0.9155 0.4019 0.0200
vn 0.9155 0.4019 0.0199
vn 0.9072 0.0308 -0.4196
vn 0.9047 0.0328 -0.4249
vn 0.8787 -0.0193 -0.4769
vn 0.8906 -0.0048 -0.4548
vn 0.8906 -0.0048 -0.4547
vn -0.5790 0.6268 -0.5215
vn 0.3173 0.9039 0.2868
vn -0.0001 1.0000 0.0011
vn 0.3175 0.9038 0.2869
vn 0.6695 0.0009 -0.7428
vn 0.6691 0.0009 -0.7431
vn 0.6694 0.0009 -0.7429
vn -0.2996 -0.9148 -0.2709
vn 0.0001 -1.0000 -0.0011
vn -0.2995 -0.9149 -0.2708
vn -0.6694 -0.0009 0.7429
vn -0.6691 -0.0009 0.7431
vn -0.6696 -0.0009 0.7427
vn 0.3173 0.9039 0.2869
vn 0.3177 0.9038 0.2867
vn 0.5739 0.6345 0.5177
vn 0.5737 0.6346 0.5178
vn 0.6696 0.0009 -0.7427
vn 0.6698 0.0009 -0.7425
vn 0.6698 0.0008 -0.7425
vn -0.5483 -0.6742 -0.4948
vn -0.5483 -0.6741 -0.4949
vn -0.6698 -0.0008 0.7425
vn -0.6698 -0.0008 0.7426
vn 0.3176 0.9038 0.2867
vn 0.7431 -0.0003 0.6691
vn 1.0000 -0.0001 0.0021
vn 1.0000 0.0003 -0.0032
vn 1.0000 -0.0001 0.0014
vn 1.0000 0.0010 -0.0020
vn 1.0000 -0.0001 -0.0000
vn 1.0000 0.0004 -0.0023
vn 1.0000 -0.0008 0.0043
vn 1.0000 -0.0002 -0.0035
vn 1.0000 -0.0017 0.0044
vn 1.0000 -0.0000 0.0013
vn 1.0000 0.0003 0.0028
vn 0.0002 0.0001 1.0000
vn -0.0006 0.0001 1.0000
vn -0.0004 0.0002 1.0000
vn 0.0003 0.0003 1.0000
vn 0.0002 -0.0000 1.0000
vn 0.0037 0.0004 -1.0000
vn 0.0044 0.0001 -1.0000
vn 0.0042 0.0002 -1.0000
vn 0.0035 0.0005 -1.0000
vn -0.9999 -0.0140 0.0096
vn -1.0000 -0.0074 -0.0044
vn -0.9999 -0.0140 -0.0000
vn -0.9999 -0.0081 0.0075
vn -0.9997 0.0112 0.0195
vn -0.9997 0.0223 0.0141
vn -1.0000 0.0007 -0.0061
vn -0.9997 0.0112 0.0196
vn -0.9997 0.0222 0.0142
vn -1.0000 0.0003 -0.0084
vn -1.0000 -0.0001 -0.0051
vn -1.0000 -0.0003 -0.0037
vn -0.9995 0.0130 -0.0299
vn -0.9999 0.0037 0.0112
vn -1.0000 0.0034 0.0089
vn -0.9994 0.0056 -0.0350
vn -0.9995 0.0131 -0.0299
vn 1.0000 0.0004 -0.0017
vn 1.0000 0.0001 -0.0017
vn 1.0000 0.0008 0.0044
vn 1.0000 0.0001 0.0085
vn 1.0000 0.0008 0.0077
vn 0.0002 -0.0002 1.0000
vn -0.0001 -0.0001 1.0000
vn 0.0043 -0.0000 -1.0000
vn -0.9996 -0.0037 0.0272
vn -0.9996 -0.0040 0.0297
vn -1.0000 -0.0021 0.0069
vn -1.0000 -0.0018 0.0055
vn 1.0000 0.0001 -0.0052
vn 1.0000 0.0004 -0.0067
vn 1.0000 0.0001 -0.0077
vn 0.0040 -0.0002 -1.0000
vn 0.0043 -0.0001 -1.0000
vn -0.9993 -0.0002 -0.0369
vn -0.9992 -0.0000 -0.0394
vn 0.0006 1.0000 -0.0005
vn 0.0005 1.0000 -0.0006
vn 0.0008 1.0000 -0.0007
vn 0.0004 1.0000 -0.0006
vn 0.0012 1.0000 -0.0009
vn 0.0010 1.0000 -0.0008
vn 0.0009 1.0000 -0.0008
vn 0.0011 -0.0014 -1.0000
vn 0.0021 -0.0025 -1.0000
vn 0.0009 -0.0011 -1.0000
vn -0.0001 1.0000 -0.0000
vn 0.0009 -0.0014 1.0000
vn -0.0000 -0.0025 1.0000
vn 0.0012 -0.0011 1.0000
vn 0.0021 -0.0000 1.0000
vn 0.0006 1.0000 0.0018
vn 0.0007 1.0000 0.0017
vn 0.0005 1.0000 0.0020
vn 0.0004 1.0000 0.0021
vn 0.0006 1.0000 0.0017
vn 0.0004 1.0000 0.0020
vn 0.0003 1.0000 0.0019
vn 0.0006 1.0000 0.0021
vn 0.9779 -0.2091 0.0017
vn 0.9714 -0.2375 0.0018
vn 0.9779 -0.2090 0.0017
vn -0.0008 1.0000 -0.0008
vn -0.0005 1.0000 -0.0000
vn -0.0007 1.0000 -0.0007
vn -0.0008 1.0000 -0.0009
vn 0.0001 1.0000 0.0001
vn -0.0000 1.0000 0.0001
vn 0.0003 1.0000 -0.0003
vn -0.0000 1.0000 -0.0001
vn 0.0002 1.0000 -0.0002
vn -0.0008 1.0000 -0.0000
vn -0.0005 1.0000 0.0006
vn 0.6534 -0.0001 -0.7570
vn 0.7234 0.6904 0.0001
vn 0.7234 0.6904 -0.0000
vn 0.7234 0.6904 -0.0001
vn 0.6534 -0.0001 0.7570
vn 0.6692 -0.7431 0.0001
vn 0.6692 -0.7431 -0.0001
vn 0.8224 -0.0003 -0.5688
vn 0.8223 -0.0002 -0.5691
vn 0.8223 -0.0002 -0.5690
vn 0.8225 -0.0003 -0.5688
vn 0.7980 0.6026 -0.0000
vn 0.8222 -0.0003 0.5692
vn 0.8225 -0.0002 0.5687
vn 0.8222 -0.0003 0.5691
vn 0.8223 -0.0003 0.5691
vn 0.4722 -0.5242 0.7087
vn 0.8223 -0.0000 0.5690
vn 0.5471 -0.6075 -0.5759
vn 0.5382 -0.0000 -0.8428
vn 0.5470 -0.6075 -0.5760
vn 0.5471 -0.6074 -0.5760
vn 0.6182 -0.0000 -0.7861
vn -0.0000 -0.6749 -0.7379
vn 0.0002 -0.6747 -0.7381
vn -0.0001 -0.6749 -0.7379
vn -0.0000 -0.6747 -0.7381
vn -0.0000 -0.6748 -0.7380
vn -0.6182 -0.0000 -0.7861
vn -0.0000 0.6182 -0.7861
vn 0.6182 -0.0001 -0.7861
vn 0.0002 -0.6749 -0.7379
vn -0.0003 0.6182 -0.7861
vn 0.6534 -0.0015 -0.7570
vn 0.6534 -0.0019 -0.7570
vn 0.7234 0.6905 -0.0000
vn 0.6534 -0.0019 0.7570
vn 0.6534 -0.0015 0.7570
vn 0.7234 -0.6905 -0.0000
vn -0.7931 -0.6091 0.0015
vn -0.7931 -0.6091 -0.0000
vn -0.7798 -0.0000 0.6260
vn -0.8341 0.5516 -0.0000
vn -0.8345 0.5510 0.0012
vn -0.8339 0.5520 0.0008
vn -0.8345 0.5510 0.0011
vn -0.0000 0.9528 -0.3037
vn 0.9986 -0.0000 0.0536
vn -0.0000 0.8341 -0.5517
vn -0.0000 0.8155 -0.5787
vn -1.0000 -0.0000 -0.0100
vn -0.7962 0.6051 -0.0000
vn -0.6778 0.7352 -0.0068
vn -0.7962 0.6050 -0.0000
vn -0.0000 0.6050 0.7962
vn 0.7962 -0.6051 -0.0000
vn 0.7118 0.7013 0.0382
vn 0.7962 -0.6050 -0.0000
vn -0.0000 -0.6050 0.7962
vn -0.6812 -0.7321 -0.0000
vn -0.7991 -0.6012 -0.0080
vn -0.6812 -0.0000 0.7321
vn -0.7734 0.6339 -0.0000
vn 1.0000 -0.0062 -0.0000
vn 1.0000 -0.0006 0.0037
vn 1.0000 0.0004 0.0033
vn 1.0000 0.0100 -0.0000
vn 1.0000 0.0074 -0.0042
vn -1.0000 -0.0001 -0.0000
vn -1.0000 -0.0001 0.0018
vn -1.0000 -0.0003 -0.0000
vn -1.0000 -0.0003 0.0001
vn -0.7691 -0.6391 -0.0000
vn -0.0000 0.0024 1.0000
vn -0.0001 0.0017 1.0000
vn -0.0000 0.0025 1.0000
vn -0.0001 0.0013 1.0000
vn -0.0000 0.0003 1.0000
vn -0.0400 -0.0000 0.9992
vn -0.0394 -0.0005 0.9992
vn -0.0402 0.0002 0.9992
vn -0.0408 0.0006 0.9992
vn -0.0400 0.0002 -0.9992
vn -0.0394 0.0006 -0.9992
vn -0.0402 -0.0000 -0.9992
vn -0.0408 -0.0005 -0.9992
vn -1.0000 -0.0022 0.0069
vn -1.0000 -0.0020 0.0061
vn -0.9999 -0.0032 0.0124
vn -0.9999 -0.0033 0.0132
vn 0.9995 -0.0223 0.0202
vn 0.9976 0.0105 -0.0682
vn 0.9999 0.0100 -0.0000
vn 1.0000 0.0004 -0.0033
vn 1.0000 -0.0006 -0.0037
vn 1.0000 -0.0011 0.0036
vn -1.0000 -0.0031 -0.0065
vn -1.0000 -0.0033 -0.0057
vn -0.9999 -0.0022 -0.0115
vn -0.9999 -0.0020 -0.0123
vn -1.0000 -0.0035 -0.0000
vn -0.0036 -0.0007 1.0000
vn 0.0055 0.0010 1.0000
vn 0.0044 0.0008 1.0000
vn -0.0047 -0.0009 1.0000
vn -0.0000 0.0002 1.0000
vn 0.0044 0.0007 -1.0000
vn 0.0055 0.0009 -1.0000
vn -0.0036 -0.0007 -1.0000
vn -0.0047 -0.0009 -1.0000
vn -0.0000 -0.0002 -1.0000
vn -0.0000 -0.0003 -1.0000
vn 0.9955 0.0096 -0.0942
vn 0.9999 -0.0083 -0.0059
vn -0.0044 1.0000 -0.0000
vn -0.8320 0.5547 -0.0000
vn -1.0000 0.0071 -0.0000
vn -0.8086 -0.5883 -0.0000
vn 0.0006 -1.0000 -0.0000
vn 1.0000 -0.0011 0.0037
vn 0.9980 -0.0177 0.0605
vn 0.9987 -0.0145 0.0496
vn 0.9010 0.4339 -0.0009
vn 0.9016 0.4325 -0.0022
vn 0.9011 0.4335 -0.0012
vn 0.9005 0.4349 -0.0000
vn 0.0987 0.0149 -0.9950
vn -0.0000 0.0420 -0.9991
vn 0.0261 0.0349 -0.9991
vn 0.1525 -0.0000 -0.9883
vn 0.9996 -0.0138 0.0257
vn 0.9996 -0.0138 -0.0257
vn 0.9999 -0.0148 -0.0055
vn 0.9999 -0.0148 0.0055
vn 0.9971 -0.0070 0.0753
vn 0.9931 0.0067 0.1171
vn 0.9965 -0.0590 -0.0587
vn 0.9965 -0.0588 0.0588
vn 0.9964 -0.0701 -0.0484
vn 0.9971 -0.0070 -0.0753
vn 0.9931 0.0067 -0.1171
vn -0.0000 -1.0000 -0.0000
vn -0.0000 -0.0009 -1.0000
vn -0.0000 -0.0004 -1.0000
vn -0.0000 -0.0005 -1.0000
vn 0.0022 -0.0020 1.0000
vn -0.0000 -0.0042 -1.0000
vn 0.0022 -0.0022 -1.0000
vn -0.9999 -0.0115 -0.0000
vn -1.0000 -0.0057 -0.0000
vn -1.0000 -0.0059 0.0012
vn 0.9995 -0.0308 -0.0000
vn 0.9999 -0.0154 -0.0000
vn 0.9971 -0.0071 -0.0753
vn -1.0000 -0.0076 -0.0000
vn -1.0000 -0.0088 -0.0008
vn -0.0000 0.0013 1.0000
vn -0.0000 -0.0006 -1.0000
vn -1.0000 -0.0003 -0.0001
vn -1.0000 -0.0001 -0.0017
vn -1.0000 -0.0000 -0.0001
vn -0.0000 0.0023 1.0000
vn -0.0003 0.0005 1.0000
vn 0.0003 -0.0000 1.0000
vn -0.0003 0.0001 1.0000
vn -0.0004 0.0003 1.0000
vn -0.0006 -0.0000 1.0000
vn -0.0005 -0.0000 1.0000
vn 0.5893 0.0007 0.8079
vn 0.6184 0.0097 0.7858
vn 0.6175 0.0092 0.7865
vn 0.6225 0.0071 0.7826
vn 0.6164 0.0059 0.7874
vn 0.0103 0.5043 0.8635
vn -0.0131 0.6383 0.7697
vn -0.0079 0.6100 0.7924
vn 0.0154 0.4736 0.8806
vn -0.8251 0.5650 -0.0046
vn -0.8226 0.5685 -0.0101
vn -0.8247 0.5656 -0.0055
vn -0.8271 0.5620 -0.0000
vn 0.0065 0.4826 0.8758
vn 0.0045 0.4857 0.8741
vn 0.0064 0.4826 0.8758
vn 0.0084 0.4794 0.8775
vn -0.8240 0.5666 -0.0000
vn 0.0065 0.4826 -0.8758
vn 0.0044 0.4815 -0.8764
vn 0.0065 0.4825 -0.8758
vn 0.0085 0.4836 -0.8753
vn -0.8249 0.5653 0.0053
vn -0.8299 0.5578 0.0109
vn -0.8251 0.5649 0.0056
vn -0.8201 0.5723 -0.0000
vn 0.0158 0.6058 -0.7954
vn -0.0213 0.4932 -0.8697
vn -0.0166 0.5083 -0.8610
vn 0.0200 0.6178 -0.7861
vn 0.6117 0.0059 -0.7911
vn 0.6159 0.0018 -0.7878
vn 0.6174 0.0094 -0.7866
vn 0.6184 0.0097 -0.7858
vn -0.0032 -0.5128 -0.8585
vn -0.0278 -0.6367 -0.7706
vn -0.0224 -0.6106 -0.7917
vn 0.0021 -0.4847 -0.8747
vn -0.8297 -0.5582 0.0024
vn -0.8287 -0.5597 0.0050
vn -0.8296 -0.5583 0.0026
vn -0.8307 -0.5567 -0.0000
vn -0.0077 -0.4899 -0.8717
vn -0.0053 -0.4864 -0.8737
vn -0.0077 -0.4899 -0.8718
vn -0.0100 -0.4934 -0.8698
vn -0.8344 -0.5511 -0.0000
vn -0.0077 -0.4898 0.8718
vn -0.0055 -0.4910 0.8711
vn -0.0077 -0.4899 0.8718
vn -0.0099 -0.4887 0.8724
vn -0.8295 -0.5585 -0.0022
vn -0.8319 -0.5549 -0.0047
vn -0.8298 -0.5580 -0.0025
vn -0.8274 -0.5616 -0.0000
vn -0.0007 -0.6072 0.7945
vn -0.0321 -0.5021 0.8642
vn -0.0281 -0.5159 0.8562
vn 0.0027 -0.6181 0.7861
vn 0.0064 0.0037 -1.0000
vn 0.0060 0.0025 -1.0000
vn -0.9999 -0.0030 0.0162
vn -0.9998 -0.0035 0.0187
vn -0.0126 0.0039 0.9999
vn -0.0355 -0.0023 0.9994
vn -0.0080 0.0073 0.9999
vn 0.0069 -0.0021 1.0000
vn 0.0064 -0.0008 1.0000
vn -0.0357 -0.0082 -0.9993
vn -0.0111 -0.0046 -0.9999
vn -0.0079 0.0080 -0.9999
vn -0.0000 0.0155 -0.9999
vn -0.9999 -0.0001 -0.0162
vn -0.9998 0.0005 -0.0187
vn 0.0025 0.0036 -1.0000
vn -0.0074 -0.0068 0.9999
vn -0.0000 -0.0109 0.9999
vn 0.0040 0.0037 1.0000
vn -0.0000 0.0060 1.0000
vn -0.0063 -0.0148 -0.9999
vn 0.2377 0.9713 -0.0000
vn 0.4600 0.8879 -0.0000
vn 0.0020 1.0000 -0.0000
vn -0.7975 -0.5935 0.1088
vn -0.8031 -0.5788 0.1416
vn -0.9168 -0.3887 0.0909
vn -0.9513 -0.3076 0.0180
vn -0.8430 -0.5262 -0.1116
vn -0.8357 -0.5321 -0.1361
vn -0.9221 -0.3753 -0.0938
vn -0.8959 -0.4440 -0.0171
vn -0.4519 -0.0061 -0.8920
vn -0.2175 -0.0353 -0.9754
vn -0.0221 -0.0257 -0.9994
vn -0.4489 0.0130 -0.8935
vn 0.1285 -0.0176 0.9916
vn -0.1659 -0.0433 0.9852
vn -0.2243 -0.0128 0.9744
vn -0.5471 -0.0593 0.8350
vn -0.4387 -0.0402 0.8978
vn -0.0000 0.0059 1.0000
vn -0.1076 -0.0286 -0.9938
vn 0.1347 -0.0204 -0.9907
vn 0.1326 -0.0000 0.9912
vn -0.2139 -0.0000 0.9768
vn -0.2139 -0.0000 -0.9768
vn 0.1326 -0.0000 -0.9912
vn -0.6451 -0.7618 0.0593
vn -0.6412 -0.7652 0.0575
vn -0.6267 -0.7783 -0.0391
vn -0.5919 -0.8055 -0.0291
vn -0.6681 -0.0592 -0.7417
vn -0.6503 -0.0419 -0.7585
vn 0.2668 -0.0232 0.9635
vn 0.4039 -0.0350 0.9141
vn -0.6514 -0.0317 0.7581
vn -0.6814 -0.0801 0.7275
vn 0.3918 -0.0448 -0.9189
vn 0.2626 -0.0165 -0.9648
vn 0.2626 -0.0000 0.9649
vn -0.6509 -0.0000 0.7592
vn -0.6509 -0.0000 -0.7592
vn 0.2626 -0.0000 -0.9649
vn -0.5094 -0.8590 0.0518
vn -0.4741 -0.8799 0.0319
vn -0.5162 -0.8557 -0.0372
vn -0.5049 -0.8584 -0.0912
vn -0.9232 -0.0652 -0.3789
vn -0.9287 -0.0386 -0.3688
vn 0.9142 -0.0163 0.4050
vn 0.9065 -0.0313 0.4211
vn 0.8511 -0.0328 0.5241
vn 0.8436 -0.0189 0.5366
vn -0.9299 -0.0347 0.3662
vn -0.9263 -0.0750 0.3692
vn 0.9055 -0.0334 -0.4230
vn 0.9139 -0.0155 -0.4056
vn 0.8444 -0.0172 -0.5354
vn 0.8518 -0.0360 -0.5226
vn 0.9141 0.0001 0.4054
vn 0.8442 -0.0000 0.5360
vn -0.9298 -0.0001 0.3682
vn -0.9297 -0.0001 -0.3683
vn 0.9141 0.0002 -0.4055
vn 0.8443 0.0002 -0.5359
vn -0.4627 -0.8846 0.0581
vn -0.4515 -0.8905 0.0556
vn 0.9907 -0.0171 0.1351
vn 0.9899 -0.0329 0.1379
vn 0.9909 0.0002 0.1343
vn 0.0019 1.0000 0.0003
vn 0.0018 1.0000 0.0002
vn -0.9956 -0.0291 -0.0895
vn -0.9964 -0.0001 -0.0848
vn -0.9936 -0.0531 -0.0999
vn -0.4627 -0.8846 -0.0581
vn -0.4515 -0.8905 -0.0556
vn 0.9899 -0.0329 -0.1379
vn 0.9907 -0.0171 -0.1351
vn 0.9909 0.0002 -0.1343
vn 0.0019 1.0000 -0.0003
vn 0.0018 1.0000 -0.0002
vn -0.9964 -0.0001 0.0849
vn -0.9956 -0.0291 0.0896
vn -0.9936 -0.0531 0.0999
vn 0.0018 1.0000 -0.0003
vn -0.0004 0.7836 -0.6212
vn -0.0004 0.7837 -0.6211
vn -0.0004 0.7835 -0.6214
vn 0.7836 -0.0001 -0.6213
vn 0.7837 -0.0001 -0.6212
vn -0.0000 -0.7837 -0.6211
vn -0.7837 -0.0001 -0.6212
vn -0.7834 -0.0001 -0.6215
vn 0.4505 -0.0000 0.8928
vn -0.0020 0.4505 0.8928
vn -0.3749 0.2499 0.8928
vn -0.4505 0.0032 0.8928
vn -0.3643 -0.2651 0.8928
vn 0.0003 -0.4505 0.8928
vn 0.0003 -0.4505 -0.8928
vn -0.3643 -0.2651 -0.8928
vn -0.4505 0.0032 -0.8928
vn -0.3749 0.2499 -0.8928
vn -0.0020 0.4505 -0.8928
vn 0.4505 -0.0000 -0.8928
vn 0.6967 0.0015 0.7174
vn 0.6968 0.0017 0.7172
vn 0.6903 0.0009 0.7235
vn 0.6970 0.0017 0.7171
vn 0.0019 0.6972 0.7169
vn -0.5394 0.4423 0.7166
vn -0.5390 0.4421 0.7170
vn -0.5394 0.4423 0.7165
vn -0.6967 0.0018 0.7174
vn -0.6970 0.0017 0.7171
vn -0.5358 -0.4435 0.7184
vn -0.0000 -0.6948 0.7192
vn 0.6970 -0.0000 -0.7171
vn -0.0000 -0.6970 -0.7171
vn -0.5360 -0.4455 -0.7171
vn -0.6970 -0.0000 -0.7171
vn -0.5390 0.4418 -0.7171
vn 0.0019 0.6970 -0.7171
vn 0.6970 0.0002 -0.7171
vn 0.6971 0.0003 -0.7170
vn 0.6997 -0.0000 -0.7144
vn 0.6970 0.0007 -0.7171
vn -0.0251 -0.7054 0.7084
vn -0.0251 -0.7052 0.7085
vn 0.6712 0.0077 0.7413
vn 0.6743 0.0081 0.7384
vn 0.6711 0.0077 0.7413
vn -0.0088 0.7050 0.7092
vn -0.0087 0.7047 0.7095
vn -0.0088 0.7050 0.7091
vn -0.7381 -0.0020 0.6747
vn -0.7393 -0.0021 0.6734
vn -0.7380 -0.0020 0.6748
vn -0.7380 -0.0020 0.6747
vn -0.7392 -0.0020 -0.6735
vn -0.7380 -0.0021 -0.6748
vn -0.0088 0.7048 -0.7093
vn -0.0087 0.7051 -0.7091
vn -0.0088 0.7047 -0.7094
vn 0.6741 0.0077 -0.7386
vn 0.6709 0.0081 -0.7415
vn -0.0251 -0.7052 -0.7085
vn -0.0251 -0.7054 -0.7084
vn -0.5636 -0.0012 0.8260
vn -0.5632 -0.0012 0.8263
vn -0.5635 -0.0012 0.8261
vn -0.6398 0.7685 -0.0000
vn -0.5635 -0.0012 -0.8261
vn -0.5632 -0.0013 -0.8263
vn -0.6332 -0.7740 -0.0000
vn -0.0005 -0.0001 1.0000
vn 0.0319 0.0007 -0.9995
vn 0.0262 0.0041 -0.9996
vn 0.0518 0.0044 -0.9986
vn 0.0644 -0.0011 -0.9979
vn 0.0519 0.0055 0.9986
vn 0.0635 0.0143 0.9979
vn 0.0569 0.0093 0.9983
vn 0.0479 0.0025 0.9988
vn 0.0300 0.0014 0.9995
vn 0.0356 0.0064 0.9993
vn 0.0575 0.0064 0.9983
vn 0.0480 -0.0009 0.9988
vn 0.0575 0.0019 -0.9983
vn 0.0438 0.0079 -0.9990
vn 0.0512 0.0047 -0.9987
vn 0.4034 -0.9149 0.0162
vn 0.3905 -0.9206 -0.0000
vn 0.4114 -0.8918 0.1885
vn 0.4181 -0.8808 0.2221
vn -0.0163 0.9999 -0.0000
vn -0.0233 0.9997 -0.0000
vn 0.0043 1.0000 -0.0000
vn 0.4270 -0.9042 -0.0000
vn 0.4234 -0.9059 -0.0000
vn 0.4376 -0.8992 -0.0000
vn 0.0591 -0.0030 0.9983
vn 0.0418 -0.0107 0.9991
vn 0.0508 -0.0067 0.9987
vn 0.0681 0.0011 0.9977
vn 0.0348 -0.0018 0.9994
vn 0.0229 -0.0059 0.9997
vn 0.0201 -0.9998 -0.0000
vn 0.0474 -0.9989 -0.0000
vn 0.1267 -0.9919 -0.0000
vn 0.0286 -0.0021 -0.9996
vn 0.0416 -0.0107 -0.9991
vn 0.0593 -0.0094 -0.9982
vn 0.0463 0.0007 -0.9989
vn 0.0522 -0.0038 -0.9986
vn 0.0706 -0.0181 -0.9973
vn 0.3901 0.9208 -0.0000
vn 0.3983 0.9172 -0.0000
vn 0.3658 0.9307 -0.0000
vn 0.0005 -0.0003 -1.0000
vn 0.0005 -0.0004 -1.0000
vn 0.4161 -0.9093 -0.0000
vn -0.0377 0.9993 -0.0000
vn -0.0356 -0.9994 -0.0000
vn 0.4148 0.9099 -0.0000
vn -1.0000 0.0002 -0.0000
vn 0.9999 -0.0115 -0.0000
vn 0.0002 -0.0001 -1.0000
vn 0.0007 -0.0002 -1.0000
vn 0.0003 -0.0004 -1.0000
vn -0.9685 0.2488 -0.0000
vn -0.9840 -0.1781 -0.0000
vn 0.8271 -0.5621 -0.0000
vn 0.7793 -0.0095 -0.6266
vn 0.8398 0.5428 -0.0000
vn 0.7793 -0.0089 0.6266
vn 0.7793 -0.0090 0.6266
vn -0.0005 0.7599 0.6501
vn -0.0000 -0.0003 1.0000
vn -0.0000 -0.0002 1.0000
vn 1.0000 0.0004 0.0004
vn 1.0000 0.0006 -0.0000
vn 1.0000 0.0003 0.0001
vn -0.0000 0.0002 -1.0000
vn -1.0000 -0.0004 -0.0000
vn -1.0000 -0.0005 -0.0003
vn -0.0006 1.0000 0.0002
vn 1.0000 0.0004 -0.0000
vn -1.0000 -0.0005 -0.0002
vn -1.0000 -0.0006 -0.0005
vn -0.0001 -0.0003 1.0000
vn -0.0004 0.7599 0.6501
vn -0.0005 1.0000 0.0002
vn -0.0002 -0.0003 1.0000
vn 0.0002 -0.0003 1.0000
vn -0.0004 0.6314 0.7755
vn -0.4031 -0.0005 0.9152
vn -0.4032 -0.0005 0.9151
vn -0.5366 0.6412 0.5486
vn -0.4178 0.9085 0.0002
vn -0.4179 0.9085 0.0002
vn -0.0005 0.7728 0.6346
vn 0.4168 0.9090 0.0002
vn 0.4169 0.9090 0.0002
vn 0.5359 0.6415 0.5489
vn 0.4030 -0.0000 0.9152
vn 0.4031 -0.0000 0.9151
vn -0.4182 0.9084 0.0002
vn 0.4033 -0.0000 0.9151
vn 0.4031 -0.0000 0.9152
vn -0.4034 -0.0005 0.9150
vn -0.4182 0.9083 0.0002
vn -0.0004 1.0000 -0.0001
vn -0.0003 1.0000 -0.0002
vn -0.0004 1.0000 0.0001
vn -0.0003 1.0000 -0.0001
vn -0.0002 1.0000 -0.0005
vn -0.0004 1.0000 -0.0000
vn -0.2537 -0.0000 -0.9673
vn -0.7629 -0.0001 -0.6466
vn -0.9989 -0.0002 -0.0476
vn 0.2198 -0.0000 0.9755
vn 0.7629 0.0001 0.6466
vn 0.9958 0.0002 0.0918
vn 0.6550 0.0001 -0.7556
vn -0.0004 1.0000 -0.0002
vn -0.7556 -0.0001 -0.6550
vn 0.7556 0.0001 0.6550
vn 0.3160 0.0001 -0.9488
vn 0.8943 0.0004 -0.4475
vn 0.8943 0.0006 -0.4475
vn -0.4474 -0.0002 -0.8943
vn 0.3159 0.0001 -0.9488
vn -0.9711 -0.0005 -0.2387
vn -0.4475 -0.0002 -0.8943
vn -0.9711 -0.0005 -0.2386
vn -0.9730 -0.0005 0.2307
vn 0.3752 0.0002 0.9269
vn -0.0876 -0.0002 0.9962
vn 0.3753 0.0002 0.9269
vn 0.9488 0.0004 0.3160
vn 0.9488 0.0005 0.3160
vn 0.8943 0.0004 -0.4474
vn 0.9488 0.0004 0.3159
vn 0.9488 0.0005 0.3159
vn -0.0013 1.0000 0.0010
vn -0.0019 1.0000 -0.0012
vn -0.0009 1.0000 0.0001
vn -0.0009 1.0000 0.0007
vn -0.0026 1.0000 0.0021
vn -0.7680 -0.0002 -0.6404
vn 0.7680 0.0002 0.6404
vn 0.7680 0.0002 0.6405
vn 0.1238 -0.9821 -0.1423
vn 0.1238 -0.9820 -0.1423
vn 0.1885 -0.9820 -0.0135
vn 0.1881 -0.9821 -0.0138
vn 0.1884 -0.9820 -0.0136
vn 0.1886 -0.9820 -0.0134
vn 0.1434 -0.9819 0.1239
vn 0.1433 -0.9820 0.1227
vn 0.1434 -0.9819 0.1238
vn -0.0177 -0.9820 0.1881
vn -0.0190 -0.9817 0.1896
vn -0.0176 -0.9820 0.1881
vn -0.1235 -0.9819 0.1433
vn -0.1231 -0.9820 0.1434
vn -0.1839 -0.9819 0.0452
vn -0.1825 -0.9821 0.0460
vn -0.1421 -0.9821 -0.1235
vn -0.1422 -0.9819 -0.1248
vn -0.0131 -0.9821 -0.1877
vn -0.0125 -0.9820 -0.1883
vn -0.0129 -0.9821 -0.1878
vn 0.0096 0.9999 0.0081
vn 0.0077 0.9999 -0.0095
vn -0.7680 -0.0002 -0.6405
vn -0.0005 1.0000 -0.0003
vn 0.0014 0.9998 0.0175
vn -0.0006 -1.0000 0.0091
vn 0.0002 -0.9999 0.0163
vn -0.0005 -1.0000 0.0095
vn -0.0013 -1.0000 0.0023
vn 0.0091 -1.0000 -0.0022
vn 0.0099 -0.9999 0.0051
vn 0.0092 -1.0000 -0.0018
vn 0.0084 -0.9999 -0.0091
vn 0.6550 -0.0000 -0.7556
vn 0.6550 -0.0001 -0.7556
vn 0.9975 -0.0001 -0.0712
vn 0.9975 -0.0000 -0.0711
vn 0.7674 0.0003 0.6412
vn 0.7676 -0.0000 0.6409
vn 0.7677 -0.0000 0.6408
vn -0.1089 0.0001 0.9941
vn -0.1087 -0.0001 0.9941
vn -0.1090 0.0002 0.9940
vn -0.6553 -0.0002 0.7553
vn -0.6553 -0.0002 0.7554
vn -0.9678 -0.0001 0.2518
vn -0.9679 0.0002 0.2514
vn -0.9678 -0.0000 0.2517
vn -0.7430 0.0003 -0.6693
vn -0.7434 -0.0000 -0.6689
vn -0.7430 0.0004 -0.6693
vn -0.7431 0.0003 -0.6692
vn -0.0711 -0.0000 -0.9975
vn -0.0712 -0.0001 -0.9975
vn 0.9975 -0.0000 -0.0712
vn 0.7556 -0.0000 0.6550
vn -0.0876 -0.0000 0.9962
vn -0.6550 -0.0000 0.7556
vn -0.9730 -0.0000 0.2307
vn -0.7556 -0.0000 -0.6550
vn -0.0712 -0.0000 -0.9975
vn 0.3321 0.8617 -0.3836
vn 0.3322 0.8615 -0.3839
vn 0.3322 0.8617 -0.3837
vn -0.0369 0.8618 -0.5060
vn -0.0372 0.8614 -0.5066
vn -0.0368 0.8618 -0.5059
vn -0.3948 0.8532 -0.3409
vn -0.3763 0.8630 -0.3370
vn -0.4842 0.8677 0.1123
vn -0.5089 0.8511 0.1293
vn -0.3259 0.8680 0.3747
vn -0.3260 0.8683 0.3738
vn -0.3259 0.8679 0.3748
vn -0.0436 0.8536 0.5190
vn -0.0513 0.8691 0.4920
vn -0.0436 0.8536 0.5191
vn 0.3832 0.8614 0.3334
vn 0.4020 0.8512 0.3374
vn 0.3831 0.8614 0.3334
vn 0.5065 0.8615 -0.0358
vn 0.5061 0.8617 -0.0356
vn 0.5064 0.8615 -0.0358
vn 0.3329 -0.8615 -0.3834
vn 0.3326 -0.8616 -0.3833
vn 0.3327 -0.8616 -0.3833
vn 0.5064 -0.8615 -0.0365
vn 0.5062 -0.8617 -0.0366
vn 0.5065 -0.8615 -0.0365
vn 0.3948 -0.8531 0.3410
vn 0.3880 -0.8634 0.3223
vn -0.0455 -0.8682 0.4941
vn -0.0598 -0.8501 0.5232
vn -0.3244 -0.8680 0.3758
vn -0.3248 -0.8679 0.3759
vn -0.5078 -0.8527 0.1228
vn -0.4767 -0.8699 0.1270
vn -0.3827 -0.8618 -0.3330
vn -0.3899 -0.8506 -0.3527
vn -0.0353 -0.8617 -0.5062
vn -0.0351 -0.8614 -0.5068
vn -0.0353 -0.8618 -0.5061
vn -0.0353 -0.8617 -0.5061
vn 0.9250 -0.0142 0.3797
vn 0.9244 -0.0287 0.3804
vn 0.9661 -0.0301 0.2562
vn 0.9654 -0.0162 0.2601
vn -0.5341 -0.0133 -0.8453
vn -0.4238 -0.0162 -0.9056
vn -0.4201 -0.0301 -0.9070
vn -0.5339 -0.0305 -0.8450
vn -0.7000 -0.0122 -0.7140
vn -0.7664 -0.0267 -0.6418
vn -0.9296 -0.0197 -0.3681
vn -0.9392 -0.0323 -0.3418
vn -0.9843 -0.0318 -0.1736
vn -0.6426 -0.0211 0.7659
vn -0.6426 -0.0210 0.7659
vn 0.5323 -0.0323 0.8460
vn 0.3419 -0.0318 0.9392
vn 0.3418 -0.0318 0.9392
vn 0.5109 -0.0173 0.8594
vn 0.8225 -0.0216 0.5684
vn 0.7576 -0.0070 0.6526
vn 0.9656 -0.0000 0.2601
vn 0.9243 -0.0000 0.3818
vn -0.5365 -0.0000 -0.8439
vn -0.4239 -0.0000 -0.9057
vn -0.7079 -0.0000 -0.7063
vn -0.9397 -0.0000 -0.3420
vn -0.9733 -0.0000 -0.2293
vn -0.9848 -0.0000 -0.1736
vn -0.6428 -0.0000 0.7660
vn 0.5000 -0.0000 0.8660
vn 0.3420 -0.0000 0.9397
vn 0.6428 -0.0000 0.7660
vn 0.8185 -0.0000 0.5745
vn -0.9260 -0.0000 -0.3776
vn 0.5327 -0.0000 0.8463
vn 0.9655 0.0156 0.2601
vn 0.9252 0.0128 0.3793
vn -0.5351 0.0130 -0.8447
vn -0.4228 0.0144 -0.9061
vn -0.7029 0.0207 -0.7110
vn 0.8245 0.0117 0.5657
vn 0.9662 0.0290 0.2562
vn 0.9249 0.0294 0.3791
vn -0.5361 0.0289 -0.8437
vn -0.4180 0.0316 -0.9079
vn -0.7740 0.0068 -0.6332
vn -0.9353 0.0164 -0.3535
vn -0.9256 0.0309 -0.3773
vn -0.9843 0.0305 -0.1736
vn -0.9844 0.0305 -0.1736
vn -0.6427 0.0199 0.7659
vn 0.4998 0.0310 0.8656
vn 0.3419 0.0305 0.9393
vn 0.5242 0.0187 0.8514
vn 0.7652 0.0258 0.6432
vn -0.6827 0.5997 -0.4174
vn -0.6536 0.7093 -0.2641
vn -0.6641 0.6977 -0.2687
vn -0.7303 0.5376 -0.4216
vn -0.9997 -0.0000 -0.0256
vn -0.6711 -0.6973 -0.2518
vn -0.6682 -0.5870 -0.4571
vn -0.6607 -0.6073 -0.4412
vn -0.6622 -0.7095 -0.2410
vn -0.6993 -0.7041 -0.1233
vn -0.5396 -0.5433 0.6431
vn 0.3736 -0.7093 0.5978
vn 0.2429 -0.7041 0.6673
vn 0.3800 -0.6977 0.6074
vn 0.5296 -0.5997 0.5999
vn 0.5420 -0.5376 0.6459
vn 0.1988 -0.0000 0.9800
vn 0.3645 0.6973 0.6171
vn 0.5662 0.5870 0.5787
vn 0.5492 0.6073 0.5741
vn 0.3524 0.7095 0.6103
vn 0.2429 0.7041 0.6673
vn -0.5396 0.5433 0.6431
vn -0.6993 0.7041 -0.1233
vn 0.1987 -0.0000 0.9801
vn -0.3424 -0.0112 -0.9395
vn -0.3426 -0.0111 -0.9394
vn 0.9846 -0.0112 0.1743
vn 0.9847 -0.0111 0.1741
vn -0.2423 0.9263 0.2887
vn -0.0000 0.6498 0.7601
vn -0.0000 0.0169 0.9999
vn -0.0000 0.0168 0.9999
vn -0.0000 0.5283 0.8491
vn -0.0000 0.0031 1.0000
vn -0.0049 0.6404 0.7680
vn -0.0140 0.6515 0.7585
vn -0.0050 0.9070 0.4210
vn -0.0000 0.9040 0.4275
vn -0.0000 -0.0006 1.0000
vn -0.0000 0.2747 0.9615
vn -0.0000 0.6562 0.7546
vn -0.0000 0.9100 0.4146
vn -0.0000 0.6703 0.7421
vn -0.0000 0.9139 0.4060
vt 0.278885 0.427876
vt 0.291999 0.439268
vt 0.296714 0.434864
vt 0.286247 0.421004
vt 0.291148 0.443479
vt 0.300973 0.434299
vt 0.289650 0.421347
vt 0.260785 0.444547
vt 0.263727 0.447886
vt 0.278992 0.431301
vt 0.307273 0.407293
vt 0.304149 0.404123
vt 0.273846 0.423045
vt 0.256035 0.439862
vt 0.299808 0.399056
vt 0.281782 0.415644
vt 0.268964 0.415546
vt 0.248961 0.434240
vt 0.294695 0.391605
vt 0.274645 0.410249
vt 0.256764 0.402023
vt 0.235951 0.419368
vt 0.280772 0.377587
vt 0.262010 0.397131
vt 0.248708 0.396636
vt 0.231425 0.411864
vt 0.273605 0.372549
vt 0.257199 0.388719
vt 0.219797 0.364916
vt 0.210648 0.374167
vt 0.237462 0.349177
vt 0.227592 0.357656
vt 0.216166 0.359414
vt 0.206342 0.371059
vt 0.234665 0.344665
vt 0.222366 0.353651
vt 0.238501 0.302168
vt 0.240880 0.309172
vt 0.253932 0.305365
vt 0.251158 0.297227
vt 0.233933 0.313788
vt 0.230181 0.302737
vt 0.128370 0.357257
vt 0.113358 0.364633
vt 0.120147 0.376412
vt 0.185402 0.343438
vt 0.187037 0.334962
vt 0.234502 0.316924
vt 0.235461 0.318143
vt 0.126277 0.382068
vt 0.189826 0.349244
vt 0.239783 0.323439
vt 0.167010 0.335953
vt 0.114399 0.353378
vt 0.163597 0.325902
vt 0.111022 0.344193
vt 0.193387 0.350637
vt 0.130085 0.383928
vt 0.131200 0.392193
vt 0.243371 0.324351
vt 0.195607 0.357589
vt 0.247477 0.329722
vt 0.136964 0.404497
vt 0.151610 0.396421
vt 0.205608 0.359661
vt 0.248127 0.330716
vt 0.411020 0.529320
vt 0.363049 0.529041
vt 0.361321 0.592433
vt 0.410609 0.592893
vt 0.411346 0.458126
vt 0.363092 0.458152
vt 0.410863 0.391618
vt 0.362107 0.391804
vt 0.313314 0.530023
vt 0.312793 0.556877
vt 0.354575 0.528211
vt 0.461271 0.557271
vt 0.460811 0.530412
vt 0.419556 0.528511
vt 0.419988 0.458956
vt 0.461115 0.457379
vt 0.462025 0.426828
vt 0.312722 0.426444
vt 0.313385 0.456997
vt 0.354500 0.458909
vt 0.304616 0.529945
vt 0.303912 0.567654
vt 0.352555 0.580738
vt 0.353404 0.404183
vt 0.303795 0.414809
vt 0.304687 0.457078
vt 0.470125 0.568071
vt 0.469510 0.530368
vt 0.469814 0.457516
vt 0.471042 0.415264
vt 0.419690 0.403965
vt 0.419608 0.581338
vt 0.712251 0.143654
vt 0.706628 0.123918
vt 0.690387 0.126369
vt 0.695987 0.146073
vt 0.705399 0.115862
vt 0.689158 0.118320
vt 0.668887 0.121433
vt 0.670126 0.129484
vt 0.743353 0.118273
vt 0.742114 0.110222
vt 0.725658 0.112755
vt 0.726895 0.120806
vt 0.652429 0.123969
vt 0.653669 0.132021
vt 0.713683 0.149497
vt 0.730245 0.144886
vt 0.728337 0.139167
vt 0.678868 0.151599
vt 0.696179 0.152096
vt 0.679359 0.145615
vt 0.712945 0.157968
vt 0.733149 0.152159
vt 0.677723 0.159386
vt 0.698601 0.160107
vt 0.715432 0.173734
vt 0.737266 0.168249
vt 0.677744 0.176047
vt 0.700329 0.175812
vt 0.719096 0.183070
vt 0.734425 0.182802
vt 0.735574 0.176291
vt 0.686429 0.191366
vt 0.700893 0.186024
vt 0.682878 0.185857
vt 0.719846 0.189199
vt 0.735076 0.187175
vt 0.687281 0.195543
vt 0.702372 0.192416
vt 0.719515 0.196979
vt 0.737014 0.193248
vt 0.687306 0.201869
vt 0.704951 0.199977
vt 0.737248 0.225296
vt 0.765867 0.130667
vt 0.758166 0.139030
vt 0.728615 0.225952
vt 0.788653 0.309237
vt 0.809559 0.310897
vt 0.810185 0.290167
vt 0.791266 0.288615
vt 0.793503 0.433898
vt 0.814410 0.435498
vt 0.809715 0.324617
vt 0.788809 0.322998
vt 0.751205 0.229935
vt 0.751188 0.241298
vt 0.794398 0.152390
vt 0.788503 0.146045
vt 0.777654 0.239154
vt 0.803417 0.164700
vt 0.763191 0.253610
vt 0.783833 0.150214
vt 0.783000 0.129793
vt 0.752223 0.222380
vt 0.788619 0.309075
vt 0.809580 0.310739
vt 0.810208 0.289954
vt 0.791239 0.288398
vt 0.793482 0.434066
vt 0.814444 0.435671
vt 0.809736 0.324495
vt 0.788775 0.322872
vt 0.248099 0.311757
vt 0.250882 0.317707
vt 0.257489 0.324343
vt 0.254207 0.318653
vt 0.099624 0.348159
vt 0.102710 0.357249
vt 0.668816 0.531548
vt 0.674148 0.532519
vt 0.682365 0.482381
vt 0.675404 0.482983
vt 0.697198 0.534395
vt 0.702902 0.487600
vt 0.687054 0.483777
vt 0.679232 0.533168
vt 0.478743 0.762716
vt 0.445106 0.764484
vt 0.444170 0.753851
vt 0.479618 0.751892
vt 0.445931 0.781251
vt 0.445748 0.776469
vt 0.477740 0.774854
vt 0.477971 0.779642
vt 0.696322 0.404680
vt 0.684966 0.429379
vt 0.692723 0.431230
vt 0.702639 0.404050
vt 0.678465 0.442960
vt 0.684452 0.440938
vt 0.672209 0.585801
vt 0.663457 0.587550
vt 0.672196 0.612586
vt 0.675779 0.614118
vt 0.661644 0.571531
vt 0.666467 0.573909
vt 0.700514 0.434720
vt 0.717067 0.442861
vt 0.722497 0.416902
vt 0.706776 0.407365
vt 0.680080 0.584857
vt 0.680378 0.612837
vt 0.697404 0.608641
vt 0.698491 0.582150
vt 0.408552 0.760585
vt 0.410841 0.771319
vt 0.391860 0.772232
vt 0.388695 0.761602
vt 0.514632 0.755907
vt 0.534490 0.754953
vt 0.531113 0.765914
vt 0.512156 0.766836
vt 0.509135 0.783699
vt 0.509394 0.779001
vt 0.527211 0.778235
vt 0.527314 0.783091
vt 0.504093 0.773296
vt 0.504346 0.778090
vt 0.413294 0.783249
vt 0.413910 0.787936
vt 0.395799 0.789008
vt 0.395485 0.784172
vt 0.419488 0.781842
vt 0.419339 0.777038
vt 0.680737 0.439052
vt 0.707038 0.449279
vt 0.689618 0.458717
vt 0.506541 0.761011
vt 0.496900 0.750306
vt 0.503323 0.778095
vt 0.660559 0.575804
vt 0.691577 0.572452
vt 0.675007 0.558253
vt 0.417221 0.764949
vt 0.426964 0.753172
vt 0.420384 0.781775
vt 0.716956 0.535734
vt 0.722536 0.492548
vt 0.444067 0.750343
vt 0.479872 0.748329
vt 0.741275 0.428849
vt 0.736064 0.452645
vt 0.726803 0.457122
vt 0.717929 0.603955
vt 0.719344 0.579653
vt 0.712276 0.570837
vt 0.407788 0.757002
vt 0.387641 0.758096
vt 0.414461 0.750249
vt 0.515450 0.752284
vt 0.535607 0.751340
vt 0.509461 0.746373
vt 0.483626 0.752135
vt 0.482828 0.762046
vt 0.701222 0.454198
vt 0.698449 0.485583
vt 0.501185 0.760806
vt 0.494528 0.750938
vt 0.693375 0.484756
vt 0.693584 0.460778
vt 0.442105 0.764026
vt 0.439968 0.754278
vt 0.680410 0.557590
vt 0.683961 0.533956
vt 0.429435 0.753451
vt 0.421912 0.764311
vt 0.692180 0.535723
vt 0.686692 0.566871
vt 0.529569 0.782412
vt 0.540494 0.750424
vt 0.539091 0.754604
vt 0.534841 0.767269
vt 0.393243 0.788407
vt 0.388317 0.773761
vt 0.384338 0.761496
vt 0.383024 0.757448
vt 0.289937 0.811069
vt 0.309109 0.809202
vt 0.306706 0.797205
vt 0.288735 0.798920
vt 0.318605 0.916945
vt 0.312480 0.885396
vt 0.294530 0.887313
vt 0.300655 0.918864
vt 0.279742 0.834359
vt 0.275117 0.868697
vt 0.292283 0.871243
vt 0.293000 0.840418
vt 0.311272 0.869217
vt 0.308689 0.838555
vt 0.328259 0.865573
vt 0.321364 0.831554
vt 0.303650 0.776916
vt 0.285680 0.778639
vt 0.276571 0.811844
vt 0.322529 0.808761
vt 0.290375 0.810992
vt 0.309547 0.809128
vt 0.307146 0.797131
vt 0.289175 0.798842
vt 0.319025 0.916875
vt 0.312907 0.885323
vt 0.294957 0.887237
vt 0.301074 0.918790
vt 0.280176 0.834282
vt 0.275548 0.868619
vt 0.292713 0.871168
vt 0.293433 0.840341
vt 0.311703 0.869144
vt 0.309123 0.838482
vt 0.328690 0.865502
vt 0.321799 0.831482
vt 0.304094 0.776841
vt 0.286124 0.778562
vt 0.277008 0.811765
vt 0.322967 0.808689
vt 0.741075 0.779988
vt 0.782610 0.778334
vt 0.780514 0.743084
vt 0.739396 0.744678
vt 0.083741 0.729145
vt 0.136087 0.729001
vt 0.135841 0.637527
vt 0.083480 0.637670
vt 0.558972 0.954059
vt 0.558511 0.990478
vt 0.595226 0.990543
vt 0.595130 0.954182
vt 0.466660 0.941782
vt 0.464211 0.982743
vt 0.546194 0.987710
vt 0.548259 0.945283
vt 0.047416 0.637773
vt 0.047673 0.729381
vt 0.168825 0.729049
vt 0.168573 0.637441
vt 0.136533 0.894479
vt 0.169265 0.894482
vt 0.782655 0.782390
vt 0.741334 0.784054
vt 0.792476 0.794993
vt 0.791472 0.791709
vt 0.732998 0.793968
vt 0.733396 0.798933
vt 0.135700 0.604331
vt 0.087272 0.604463
vt 0.047437 0.605071
vt 0.014724 0.637914
vt 0.014493 0.717046
vt 0.048126 0.894813
vt 0.015018 0.894884
vt 0.791552 0.923010
vt 0.787384 0.812371
vt 0.746871 0.813247
vt 0.750462 0.923854
vt 0.201939 0.716532
vt 0.201263 0.637399
vt 0.168529 0.604734
vt 0.135751 0.592056
vt 0.087168 0.592185
vt 0.061679 0.592558
vt 0.000259 0.650155
vt 0.000036 0.717043
vt 0.000562 0.894084
vt 0.795459 0.803613
vt 0.738637 0.804306
vt 0.212845 0.716468
vt 0.212243 0.649589
vt 0.157793 0.592303
vt 0.084188 0.894622
vt 0.136726 0.967920
vt 0.136800 0.998586
vt 0.169509 0.998524
vt 0.015577 0.998924
vt 0.048446 0.998884
vt 0.202373 0.894374
vt 0.001147 0.998983
vt 0.213273 0.893501
vt 0.084395 0.968063
vt 0.808152 0.084007
vt 0.847191 0.100060
vt 0.853117 0.079034
vt 0.818724 0.064896
vt 0.084487 0.998725
vt 0.202376 0.998384
vt 0.213255 0.998381
vt 0.483529 0.625184
vt 0.482435 0.735491
vt 0.509214 0.735797
vt 0.510244 0.625449
vt 0.852667 0.951867
vt 0.772767 0.976122
vt 0.782199 0.998393
vt 0.866901 0.962643
vt 0.351727 0.605194
vt 0.302903 0.605698
vt 0.302673 0.632491
vt 0.358155 0.633003
vt 0.803128 0.099940
vt 0.839560 0.114916
vt 0.873808 0.901297
vt 0.849185 0.899218
vt 0.367487 0.605219
vt 0.374005 0.633115
vt 0.373317 0.605215
vt 0.379454 0.632788
vt 0.483222 0.598280
vt 0.382292 0.600221
vt 0.384099 0.625178
vt 0.373447 0.604419
vt 0.732584 0.941635
vt 0.606020 0.945563
vt 0.607542 0.987739
vt 0.734368 0.982812
vt 0.458013 0.932368
vt 0.460842 0.805123
vt 0.403387 0.803817
vt 0.400530 0.931056
vt 0.301874 0.707754
vt 0.363124 0.708355
vt 0.379058 0.708562
vt 0.407597 0.709649
vt 0.409669 0.699673
vt 0.444891 0.700791
vt 0.444312 0.735030
vt 0.864628 0.071471
vt 0.866499 0.103212
vt 0.909413 0.077198
vt 0.886836 0.041868
vt 0.815861 0.051424
vt 0.820898 0.014760
vt 0.792210 0.072669
vt 0.780005 0.023992
vt 0.814882 0.901765
vt 0.817473 0.935998
vt 0.788368 0.946444
vt 0.784600 0.934145
vt 0.761918 0.940984
vt 0.281967 0.590121
vt 0.281922 0.625513
vt 0.225495 0.624761
vt 0.196683 0.624468
vt 0.196530 0.590171
vt 0.731213 0.781033
vt 0.729864 0.736286
vt 0.676171 0.739958
vt 0.678617 0.784356
vt 0.679453 0.797810
vt 0.678738 0.803414
vt 0.686162 0.804396
vt 0.741379 0.932406
vt 0.686168 0.884842
vt 0.606047 0.934653
vt 0.598812 0.886656
vt 0.548420 0.934381
vt 0.555899 0.886439
vt 0.504462 0.885428
vt 0.506199 0.806128
vt 0.282139 0.685997
vt 0.226135 0.686104
vt 0.788623 0.733464
vt 0.785453 0.680348
vt 0.727930 0.683110
vt 0.744013 0.991696
vt 0.454299 0.991199
vt 0.543713 0.998280
vt 0.558881 0.994624
vt 0.594818 0.994648
vt 0.609828 0.998042
vt 0.793265 0.778389
vt 0.800747 0.931997
vt 0.846228 0.131916
vt 0.786432 0.107336
vt 0.294715 0.590105
vt 0.294567 0.625630
vt 0.293834 0.697652
vt 0.214726 0.697901
vt 0.213688 0.636528
vt 0.184971 0.636066
vt 0.183689 0.590372
vt 0.827727 0.216376
vt 0.822940 0.283877
vt 0.785244 0.286062
vt 0.793227 0.214242
vt 0.870047 0.319660
vt 0.870343 0.284928
vt 0.996788 0.285213
vt 0.996492 0.319048
vt 0.996982 0.384412
vt 0.870743 0.385758
vt 0.917935 0.125994
vt 0.917931 0.089634
vt 0.999117 0.089634
vt 0.999114 0.126211
vt 0.999064 0.173386
vt 0.890342 0.172598
vt 0.856402 0.159252
vt 0.884019 0.112595
vt 0.890785 0.042702
vt 0.999117 0.042702
vt 0.999415 0.215843
vt 0.869645 0.215491
vt 0.823487 0.320495
vt 0.867759 0.284875
vt 0.867689 0.319952
vt 0.868880 0.388867
vt 0.824839 0.390062
vt 0.848284 0.173631
vt 0.811816 0.165671
vt 0.820695 0.127004
vt 0.856324 0.134782
vt 0.869143 0.000740
vt 0.999117 0.000740
vt 0.871345 0.218600
vt 0.997238 0.219022
vt 0.891666 0.430218
vt 0.852009 0.431301
vt 0.999200 0.285191
vt 0.998836 0.321006
vt 0.581473 0.090063
vt 0.582718 0.090063
vt 0.582716 0.031853
vt 0.524926 0.031853
vt 0.524923 0.090061
vt 0.016049 0.341207
vt 0.016049 0.404282
vt 0.069200 0.404282
vt 0.069199 0.341206
vt 0.524066 0.459014
vt 0.524069 0.554004
vt 0.580975 0.554003
vt 0.580784 0.459015
vt 0.524091 0.402798
vt 0.580747 0.402800
vt 0.983162 0.913426
vt 0.972975 0.910560
vt 0.989002 0.853580
vt 0.999189 0.856446
vt 0.994123 0.874458
vt 0.069200 0.289745
vt 0.083715 0.289745
vt 0.083717 0.000652
vt 0.069210 0.000652
vt 0.230024 0.277819
vt 0.243762 0.277819
vt 0.243762 0.160018
vt 0.243762 0.122959
vt 0.243762 0.004216
vt 0.230024 0.004216
vt 0.524114 0.347075
vt 0.580711 0.347080
vt 0.580588 0.286146
vt 0.524221 0.286128
vt 0.986783 0.810948
vt 0.956013 0.939336
vt 0.933285 0.934329
vt 0.961441 0.805292
vt 0.524046 0.609758
vt 0.581124 0.609758
vt 0.589556 0.551053
vt 0.622174 0.589266
vt 0.624895 0.589560
vt 0.624684 0.553371
vt 0.589571 0.461974
vt 0.624972 0.459885
vt 0.622489 0.423373
vt 0.625211 0.423034
vt 0.592885 0.347099
vt 0.592649 0.286591
vt 0.524922 0.102259
vt 0.581473 0.102261
vt 0.522409 0.224470
vt 0.508659 0.227840
vt 0.512152 0.286566
vt 0.515340 0.461960
vt 0.482525 0.423282
vt 0.479825 0.422950
vt 0.480017 0.459823
vt 0.515427 0.551044
vt 0.480223 0.553312
vt 0.482703 0.589186
vt 0.479960 0.589487
vt 0.511848 0.609758
vt 0.511848 0.746059
vt 0.524046 0.746059
vt 0.616695 0.207722
vt 0.661845 0.208570
vt 0.661440 0.148545
vt 0.616759 0.146085
vt 0.444141 0.205680
vt 0.489331 0.206884
vt 0.491207 0.145426
vt 0.446483 0.145553
vt 0.493765 0.211301
vt 0.508079 0.214084
vt 0.509212 0.139181
vt 0.495607 0.141119
vt 0.374369 0.391236
vt 0.382374 0.379916
vt 0.334234 0.363257
vt 0.330920 0.376231
vt 0.930417 0.841281
vt 0.940835 0.843143
vt 0.930425 0.901412
vt 0.920008 0.899550
vt 0.927126 0.859701
vt 0.596965 0.214297
vt 0.612364 0.211871
vt 0.612368 0.141500
vt 0.597329 0.139366
vt 0.522987 0.207958
vt 0.582479 0.207942
vt 0.582677 0.146281
vt 0.523306 0.146294
vt 0.582416 0.224471
vt 0.586994 0.141825
vt 0.586487 0.212409
vt 0.595880 0.227976
vt 0.592896 0.402830
vt 0.511939 0.347091
vt 0.511940 0.402826
vt 0.518688 0.212418
vt 0.519281 0.141814
vt 0.698378 0.289198
vt 0.636424 0.281118
vt 0.640245 0.244589
vt 0.672865 0.246339
vt 0.784602 0.236218
vt 0.779555 0.286475
vt 0.742944 0.282709
vt 0.741203 0.342447
vt 0.777600 0.341535
vt 0.779632 0.396353
vt 0.635457 0.337438
vt 0.696968 0.333686
vt 0.668503 0.379277
vt 0.636816 0.379301
vt 0.407037 0.232830
vt 0.360363 0.224819
vt 0.400076 0.266062
vt 0.386859 0.356748
vt 0.400706 0.300964
vt 0.358737 0.320464
vt 0.353783 0.349823
vt 0.441820 0.308628
vt 0.436268 0.365590
vt 0.473918 0.372192
vt 0.478325 0.343076
vt 0.508459 0.246516
vt 0.457897 0.241663
vt 0.454334 0.275277
vt 0.383839 0.369701
vt 0.339640 0.359002
vt 0.431600 0.389257
vt 0.481626 0.399087
vt 0.484499 0.387183
vt 0.433878 0.378955
vt 0.492275 0.337175
vt 0.495356 0.387799
vt 0.502806 0.339884
vt 0.446812 0.297055
vt 0.498271 0.326243
vt 0.507043 0.314913
vt 0.399894 0.288676
vt 0.345047 0.298257
vt 0.347148 0.310584
vt 0.340545 0.284704
vt 0.335823 0.311233
vt 0.704442 0.225588
vt 0.717740 0.220066
vt 0.711495 0.286520
vt 0.683372 0.232535
vt 0.709836 0.337045
vt 0.698801 0.401281
vt 0.677913 0.393546
vt 0.711872 0.407321
vt 0.623532 0.393209
vt 0.676793 0.413398
vt 0.624407 0.413074
vt 0.602067 0.337785
vt 0.601005 0.281889
vt 0.621130 0.280751
vt 0.621085 0.337450
vt 0.603102 0.392854
vt 0.898689 0.948930
vt 0.959462 0.960128
vt 0.952400 0.999857
vt 0.889753 0.988580
vt 0.923659 0.942309
vt 0.961554 0.950036
vt 0.898747 0.938614
vt 0.913223 0.940612
vt 0.868189 0.971451
vt 0.890772 0.942821
vt 0.969855 0.957181
vt 0.978946 0.992526
vt 0.121508 0.000635
vt 0.121469 0.289747
vt 0.573368 0.022494
vt 0.534275 0.022493
vt 0.582767 0.001313
vt 0.573372 0.002122
vt 0.930215 0.936849
vt 0.957780 0.942733
vt 0.947822 0.803929
vt 0.954197 0.803476
vt 0.988449 0.801227
vt 0.965130 0.796025
vt 0.964250 0.788503
vt 0.993806 0.795052
vt 0.994183 0.812225
vt 0.999805 0.815241
vt 0.810329 0.726970
vt 0.853186 0.722465
vt 0.850386 0.700985
vt 0.806935 0.706830
vt 0.671122 0.726152
vt 0.711456 0.728233
vt 0.713414 0.707947
vt 0.672341 0.704558
vt 0.722645 0.729331
vt 0.724580 0.709132
vt 0.865180 0.721035
vt 0.862226 0.699565
vt 0.659849 0.725490
vt 0.661115 0.703828
vt 0.795122 0.708687
vt 0.794146 0.708786
vt 0.797591 0.728871
vt 0.523729 0.130709
vt 0.582709 0.130715
vt 0.594721 0.126138
vt 0.593660 0.101740
vt 0.510688 0.126154
vt 0.512734 0.101753
vt 0.534270 0.002122
vt 0.524875 0.001313
vt 0.016044 0.289744
vt 0.016031 0.000680
vt 0.000486 0.000680
vt 0.000753 0.126133
vt 0.000868 0.165286
vt 0.001219 0.289744
vt 0.581508 0.746059
vt 0.593706 0.746024
vt 0.593322 0.609723
vt 0.210881 0.279016
vt 0.211276 0.003019
vt 0.132693 0.268702
vt 0.200479 0.268692
vt 0.200456 0.013336
vt 0.132618 0.013323
vt 0.069199 0.317904
vt 0.083714 0.317904
vt 0.097710 0.317954
vt 0.121468 0.317969
vt 0.016048 0.317904
vt 0.123795 0.306302
vt 0.209835 0.305674
vt 0.122389 0.279613
vt 0.083713 0.341206
vt 0.097709 0.341207
vt 0.083713 0.404282
vt 0.677825 0.194824
vt 0.675986 0.133593
vt 0.665790 0.144063
vt 0.666276 0.213486
vt 0.676283 0.224385
vt 0.614954 0.130639
vt 0.595875 0.126909
vt 0.510538 0.126724
vt 0.493191 0.130037
vt 0.442213 0.140788
vt 0.432381 0.130013
vt 0.428653 0.191207
vt 0.429267 0.220796
vt 0.439651 0.210312
vt 0.491155 0.222163
vt 0.614474 0.222853
vt 0.717381 0.664427
vt 0.675787 0.659547
vt 0.728279 0.666466
vt 0.759846 0.487789
vt 0.806959 0.486517
vt 0.807842 0.437041
vt 0.760753 0.436211
vt 0.664523 0.658756
vt 0.844049 0.656224
vt 0.800000 0.663628
vt 0.856063 0.654725
vt 0.866985 0.490749
vt 0.913453 0.498616
vt 0.919790 0.447421
vt 0.873050 0.441637
vt 0.788522 0.666316
vt 0.718097 0.633598
vt 0.677419 0.630562
vt 0.759265 0.520733
vt 0.806391 0.521610
vt 0.666183 0.629955
vt 0.840279 0.627409
vt 0.797198 0.632922
vt 0.852126 0.626053
vt 0.862624 0.525574
vt 0.909408 0.531316
vt 0.718561 0.621450
vt 0.701616 0.621050
vt 0.785619 0.535018
vt 0.806040 0.535444
vt 0.700017 0.610401
vt 0.674002 0.619295
vt 0.813906 0.619385
vt 0.795895 0.620828
vt 0.814911 0.608657
vt 0.843189 0.615955
vt 0.861032 0.539321
vt 0.881311 0.541763
vt 0.720272 0.610307
vt 0.793340 0.609811
vt 0.729661 0.660187
vt 0.721761 0.657490
vt 0.794881 0.656980
vt 0.786646 0.660151
vt 0.721053 0.633599
vt 0.808812 0.521667
vt 0.809422 0.494282
vt 0.794049 0.633098
vt 0.863457 0.498092
vt 0.860220 0.525291
vt 0.808318 0.535505
vt 0.793187 0.621282
vt 0.721124 0.621752
vt 0.858767 0.539061
vt 0.724602 0.611247
vt 0.788793 0.611013
vt 0.731874 0.658090
vt 0.725981 0.653172
vt 0.790101 0.652933
vt 0.784153 0.658204
vt 0.724550 0.633382
vt 0.810748 0.521741
vt 0.811924 0.496487
vt 0.790312 0.633097
vt 0.860670 0.499924
vt 0.858292 0.525092
vt 0.810094 0.535580
vt 0.789951 0.621386
vt 0.724161 0.621671
vt 0.856998 0.538887
vt 0.728473 0.612540
vt 0.784757 0.612541
vt 0.738056 0.655984
vt 0.734223 0.650969
vt 0.781180 0.651247
vt 0.777432 0.656490
vt 0.733455 0.632515
vt 0.816734 0.522471
vt 0.818043 0.499083
vt 0.780774 0.632783
vt 0.854248 0.501635
vt 0.852263 0.524975
vt 0.815956 0.535909
vt 0.780699 0.620925
vt 0.732790 0.620674
vt 0.851148 0.538390
vt 0.735766 0.612943
vt 0.777019 0.613393
vt 0.745683 0.648786
vt 0.747469 0.653540
vt 0.825759 0.522860
vt 0.827939 0.501991
vt 0.824850 0.536481
vt 0.743104 0.619694
vt 0.745250 0.613516
vt 0.743676 0.632126
vt 0.768834 0.649781
vt 0.767247 0.654636
vt 0.844042 0.503126
vt 0.843273 0.524094
vt 0.842261 0.537708
vt 0.766960 0.614552
vt 0.769653 0.620585
vt 0.769867 0.633029
vt 0.159222 0.000625
vt 0.121699 0.002406
vt 0.627756 0.229460
vt 0.633781 0.553543
vt 0.632999 0.415544
vt 0.618787 0.414722
vt 0.618485 0.597914
vt 0.632669 0.597046
vt 0.471096 0.553458
vt 0.472166 0.596960
vt 0.486378 0.597836
vt 0.486238 0.414633
vt 0.472048 0.415459
vt 0.097363 0.404282
vt 0.750947 0.010203
vt 0.758065 0.038504
vt 0.783240 0.039010
vt 0.766084 0.003220
vt 0.327155 0.351694
vt 0.312763 0.352540
vt 0.313034 0.361315
vt 0.331832 0.362756
vt 0.757670 0.093626
vt 0.750476 0.121873
vt 0.765624 0.128865
vt 0.781874 0.094970
vt 0.312906 0.331995
vt 0.327245 0.332864
vt 0.331904 0.321765
vt 0.313049 0.323207
vt 0.757690 0.086006
vt 0.782716 0.084593
vt 0.310023 0.330105
vt 0.308484 0.323156
vt 0.309796 0.354488
vt 0.308523 0.361504
vt 0.757807 0.046264
vt 0.782560 0.049325
vt 0.277438 0.351560
vt 0.263879 0.352265
vt 0.262869 0.364490
vt 0.280812 0.358971
vt 0.623163 0.120816
vt 0.618452 0.092993
vt 0.593375 0.094127
vt 0.609587 0.129051
vt 0.276695 0.331506
vt 0.279627 0.329664
vt 0.281437 0.323183
vt 0.277050 0.323113
vt 0.278035 0.352106
vt 0.284645 0.355887
vt 0.618734 0.037824
vt 0.623718 0.010050
vt 0.610223 0.001682
vt 0.593669 0.036445
vt 0.262685 0.333177
vt 0.258949 0.321828
vt 0.618485 0.085349
vt 0.593437 0.083901
vt 0.618690 0.045467
vt 0.593629 0.046671
vt 0.745690 0.012332
vt 0.737760 0.038313
vt 0.737456 0.093667
vt 0.745215 0.119714
vt 0.737597 0.086069
vt 0.308847 0.330016
vt 0.309743 0.333009
vt 0.309584 0.351494
vt 0.308588 0.354526
vt 0.737793 0.046001
vt 0.629318 0.118341
vt 0.638908 0.093196
vt 0.280504 0.332715
vt 0.281310 0.329655
vt 0.280255 0.354907
vt 0.280816 0.351479
vt 0.639195 0.037824
vt 0.629850 0.012586
vt 0.638834 0.085597
vt 0.639037 0.045428
vt 0.658184 0.112021
vt 0.717023 0.111637
vt 0.717493 0.020145
vt 0.658662 0.019188
vt 0.731190 0.079569
vt 0.731322 0.052434
vt 0.645441 0.051931
vt 0.645307 0.079161
vt 0.167235 0.478422
vt 0.167195 0.449867
vt 0.123688 0.449962
vt 0.123750 0.478516
vt 0.167075 0.412259
vt 0.123647 0.412352
vt 0.044891 0.455361
vt 0.001702 0.456190
vt 0.002142 0.479068
vt 0.061448 0.477936
vt 0.117875 0.529551
vt 0.118093 0.588881
vt 0.173380 0.588764
vt 0.173327 0.529433
vt 0.228722 0.529501
vt 0.288031 0.530483
vt 0.288844 0.478457
vt 0.229533 0.477578
vt 0.123852 0.523612
vt 0.167325 0.523519
vt 0.003176 0.531091
vt 0.062481 0.529855
vt 0.289186 0.455576
vt 0.245993 0.454932
vt 0.111344 0.478506
vt 0.111290 0.449996
vt 0.067697 0.450008
vt 0.067807 0.478674
vt 0.179593 0.449853
vt 0.179641 0.478363
vt 0.223178 0.478341
vt 0.223185 0.449675
vt 0.111446 0.412405
vt 0.068022 0.412338
vt 0.179276 0.412261
vt 0.222700 0.412008
vt 0.228693 0.588792
vt 0.062782 0.589145
vt 0.179427 0.523447
vt 0.222896 0.523498
vt 0.111750 0.523591
vt 0.068281 0.523828
vt 0.065023 0.410239
vt 0.114591 0.410308
vt 0.117594 0.407298
vt 0.062171 0.407169
vt 0.064189 0.450280
vt 0.061245 0.450183
vt 0.064391 0.477831
vt 0.065319 0.526169
vt 0.114864 0.525926
vt 0.226590 0.477485
vt 0.225868 0.525827
vt 0.226695 0.449934
vt 0.229638 0.449825
vt 0.225690 0.409896
vt 0.228529 0.406815
vt 0.176122 0.410177
vt 0.173107 0.407180
vt 0.176322 0.525795
vt 0.120561 0.410291
vt 0.170153 0.410185
vt 0.114629 0.450265
vt 0.120352 0.450257
vt 0.120439 0.477665
vt 0.114650 0.477671
vt 0.120811 0.525927
vt 0.170375 0.525821
vt 0.176330 0.477540
vt 0.170542 0.477557
vt 0.170532 0.450149
vt 0.176255 0.450135
vt 0.445573 0.076628
vt 0.396063 0.058663
vt 0.398601 0.072362
vt 0.439548 0.085785
vt 0.448761 0.054011
vt 0.400090 0.035920
vt 0.444818 0.033933
vt 0.408790 0.022113
vt 0.515254 0.098804
vt 0.518895 0.086741
vt 0.521913 0.061772
vt 0.522932 0.039660
vt 0.332974 0.003177
vt 0.328153 0.020472
vt 0.323413 0.044698
vt 0.322607 0.059503
vt 0.376747 0.143348
vt 0.415164 0.155942
vt 0.896076 0.827123
vt 0.901113 0.798338
vt 0.805810 0.800000
vt 0.800772 0.828785
vt 0.897272 0.895726
vt 0.801969 0.897388
vt 0.899916 0.729736
vt 0.804613 0.731398
vt 0.339255 0.167622
vt 0.297294 0.164037
vt 0.297604 0.159942
vt 0.339646 0.163529
vt 0.360588 0.199601
vt 0.342674 0.165342
vt 0.364007 0.197320
vt 0.348798 0.241238
vt 0.364542 0.200720
vt 0.352752 0.242358
vt 0.304188 0.264565
vt 0.350697 0.244881
vt 0.306030 0.268095
vt 0.247495 0.232579
vt 0.276892 0.262232
vt 0.274070 0.265039
vt 0.244582 0.235476
vt 0.259286 0.190942
vt 0.243542 0.231459
vt 0.255333 0.189822
vt 0.256912 0.187588
vt 0.294920 0.160683
vt 0.295586 0.292962
vt 0.307998 0.265718
vt 0.299328 0.294096
vt 0.265094 0.289699
vt 0.273071 0.261118
vt 0.268288 0.290629
vt 0.306105 0.132616
vt 0.325341 0.134291
vt 0.291033 0.117457
vt 0.264637 0.126831
vt 0.289254 0.100394
vt 0.260221 0.083632
vt 0.306177 0.088342
vt 0.294341 0.059298
vt 0.315718 0.089188
vt 0.321715 0.061640
vt 0.335680 0.104511
vt 0.361768 0.092378
vt 0.337473 0.121519
vt 0.366252 0.135569
vt 0.286985 0.321360
vt 0.259689 0.319029
vt 0.299328 0.294096
vt 0.290786 0.322511
vt 0.265115 0.289630
vt 0.255901 0.317836
vt 0.290745 0.029842
vt 0.318040 0.032197
vt 0.314409 0.002749
vt 0.287114 0.000392
vt 0.586752 0.851063
vt 0.607794 0.850782
vt 0.607649 0.816234
vt 0.586603 0.816365
vt 0.630263 0.850496
vt 0.630123 0.816034
vt 0.647479 0.850389
vt 0.647333 0.815728
vt 0.668789 0.847844
vt 0.668650 0.818013
vt 0.516137 0.849889
vt 0.523589 0.851214
vt 0.523463 0.817604
vt 0.516015 0.819108
vt 0.549687 0.851407
vt 0.549544 0.816674
vt 0.567034 0.851205
vt 0.566883 0.816576
vt 0.585998 0.809029
vt 0.607054 0.809568
vt 0.607637 0.781843
vt 0.585838 0.781620
vt 0.607306 0.857480
vt 0.586256 0.858347
vt 0.586526 0.885760
vt 0.608316 0.885263
vt 0.630929 0.809578
vt 0.632150 0.781897
vt 0.631180 0.857062
vt 0.632822 0.884872
vt 0.649349 0.809264
vt 0.652338 0.782325
vt 0.649593 0.857033
vt 0.652998 0.884141
vt 0.673073 0.812484
vt 0.677379 0.784917
vt 0.673288 0.853568
vt 0.678018 0.881336
vt 0.509339 0.814672
vt 0.520162 0.811909
vt 0.516249 0.784740
vt 0.504483 0.786306
vt 0.520401 0.856619
vt 0.509546 0.854052
vt 0.505106 0.882223
vt 0.516893 0.883619
vt 0.548971 0.810262
vt 0.546327 0.782550
vt 0.549227 0.857634
vt 0.547009 0.885280
vt 0.567305 0.809269
vt 0.565902 0.781815
vt 0.567563 0.858370
vt 0.566591 0.885794
vt 0.962946 0.753397
vt 0.973432 0.785324
vt 0.997465 0.777586
vt 0.987853 0.745515
vt 0.970318 0.434437
vt 0.992749 0.437984
vt 0.997349 0.404765
vt 0.975904 0.401233
vt 0.960936 0.429178
vt 0.962410 0.398741
vt 0.942351 0.425152
vt 0.947966 0.395810
vt 0.927071 0.422389
vt 0.932858 0.392860
vt 0.762626 0.525185
vt 0.740136 0.521016
vt 0.723117 0.602879
vt 0.745365 0.608209
vt 0.936449 0.766018
vt 0.923858 0.770109
vt 0.933996 0.798449
vt 0.946151 0.794235
vt 0.953726 0.759805
vt 0.959268 0.789869
vt 0.978560 0.716956
vt 0.953258 0.723682
vt 0.965567 0.465380
vt 0.988102 0.468545
vt 0.954927 0.467495
vt 0.936244 0.460555
vt 0.949920 0.462732
vt 0.954760 0.432117
vt 0.941115 0.429880
vt 0.922024 0.458279
vt 0.926916 0.427558
vt 0.804303 0.601817
vt 0.815860 0.546230
vt 0.785316 0.539880
vt 0.773759 0.595467
vt 0.925873 0.731105
vt 0.914106 0.734630
vt 0.923653 0.764390
vt 0.935509 0.760866
vt 0.938432 0.727627
vt 0.948032 0.757106
vt 0.941789 0.722701
vt 0.972454 0.688161
vt 0.946683 0.693178
vt 0.961651 0.496437
vt 0.984323 0.499310
vt 0.951749 0.491537
vt 0.932761 0.488927
vt 0.935936 0.465427
vt 0.917264 0.487135
vt 0.920528 0.463166
vt 0.844220 0.549543
vt 0.820697 0.544652
vt 0.807910 0.606160
vt 0.831433 0.611050
vt 0.918569 0.702646
vt 0.905606 0.705044
vt 0.911031 0.729243
vt 0.923766 0.726025
vt 0.936540 0.698679
vt 0.968171 0.658239
vt 0.942126 0.662714
vt 0.958459 0.527343
vt 0.981159 0.530862
vt 0.947478 0.529595
vt 0.928085 0.524733
vt 0.942042 0.525666
vt 0.945521 0.494924
vt 0.931669 0.493776
vt 0.913634 0.523820
vt 0.917309 0.492363
vt 0.867015 0.614854
vt 0.878572 0.559267
vt 0.848028 0.552917
vt 0.836472 0.608504
vt 0.913122 0.665773
vt 0.900808 0.667032
vt 0.905946 0.698738
vt 0.918167 0.697022
vt 0.926237 0.664662
vt 0.931140 0.695254
vt 0.930465 0.660613
vt 0.962563 0.624168
vt 0.938523 0.630428
vt 0.954628 0.559885
vt 0.974890 0.566627
vt 0.941714 0.557947
vt 0.927666 0.558966
vt 0.927981 0.529670
vt 0.912978 0.563136
vt 0.912257 0.529989
vt 0.899916 0.625758
vt 0.883416 0.557691
vt 0.870615 0.619196
vt 0.911678 0.630470
vt 0.898511 0.659896
vt 0.911758 0.660156
vt 0.924660 0.631992
vt 0.781508 0.536505
vt 0.768720 0.598013
vt 0.912112 0.389440
vt 0.907716 0.411887
vt 0.902725 0.784556
vt 0.910593 0.806039
vt 0.297499 0.948071
vt 0.298205 0.999533
vt 0.274258 0.999462
vt 0.275289 0.923885
vt 0.394753 0.918539
vt 0.399257 0.992761
vt 0.359829 0.995125
vt 0.354871 0.920759
vt 0.637089 0.687474
vt 0.637181 0.724500
vt 0.656764 0.724451
vt 0.656671 0.687458
vt 0.637318 0.779113
vt 0.656901 0.779064
vt 0.266820 0.999423
vt 0.267387 0.924160
vt 0.336491 0.921713
vt 0.343429 0.996195
vt 0.321250 0.997985
vt 0.317328 0.947390
vt 0.637117 0.657761
vt 0.656699 0.657813
vt 0.656757 0.644369
vt 0.637176 0.644249
vt 0.393349 0.882418
vt 0.354142 0.884970
vt 0.270098 0.897958
vt 0.264113 0.888086
vt 0.344065 0.921327
vt 0.349991 0.995658
vt 0.255741 0.999515
vt 0.256120 0.924374
vt 0.638510 0.474613
vt 0.658095 0.474380
vt 0.658160 0.461261
vt 0.638579 0.461237
vt 0.344751 0.884990
vt 0.339520 0.895318
vt 0.255056 0.888672
vt 0.379210 0.719980
vt 0.340974 0.724041
vt 0.265463 0.736398
vt 0.256545 0.727729
vt 0.213700 0.999294
vt 0.213965 0.924101
vt 0.658056 0.419570
vt 0.638474 0.419619
vt 0.213895 0.888402
vt 0.333293 0.733485
vt 0.215746 0.726466
vt 0.309663 0.946322
vt 0.327393 0.919368
vt 0.312545 0.997742
vt 0.282889 0.920595
vt 0.303641 0.946231
vt 0.306102 0.998448
vt 0.331876 0.893721
vt 0.335829 0.882902
vt 0.270729 0.885137
vt 0.276217 0.895582
vt 0.326380 0.730783
vt 0.335533 0.719091
vt 0.260268 0.722615
vt 0.271189 0.733054
vt 0.374677 0.711548
vt 0.218240 0.718457
vt 0.306299 0.945188
vt 0.308984 0.995160
vt 0.286098 0.918868
vt 0.279300 0.893936
vt 0.273761 0.883574
vt 0.273213 0.731197
vt 0.261325 0.720868
vt 0.222651 0.715961
vt 0.334319 0.717611
vt 0.370302 0.709414
vt 0.324441 0.729230
vt 0.332196 0.881759
vt 0.328653 0.892629
vt 0.324109 0.918148
vt 0.307005 0.945644
vt 0.309502 0.994765
s 0
usemtl 02_-_Default
f 1/1/1 2/2/1 3/3/1
f 3/3/1 4/4/1 1/1/1
f 5/3/2 6/2/2 7/5/2
f 7/5/2 8/6/2 5/3/2
f 9/3/3 10/6/3 11/7/3
f 11/7/3 12/4/3 9/3/3
f 13/8/4 14/9/4 15/10/4
f 16/10/4 17/1/4 18/8/4
f 19/4/3 20/7/3 21/11/3
f 21/11/3 22/12/3 19/4/3
f 23/1/4 24/10/4 25/5/4
f 26/5/4 27/2/4 28/1/4
f 29/13/4 30/14/4 31/8/4
f 32/8/4 33/1/4 34/13/4
f 35/15/3 36/16/3 37/4/3
f 38/4/3 39/12/3 40/15/3
f 41/16/2 42/13/2 43/1/2
f 43/1/2 44/4/2 41/16/2
f 45/17/4 46/18/4 47/14/4
f 48/14/4 49/13/4 50/17/4
f 51/19/3 52/20/3 53/16/3
f 54/16/3 55/15/3 56/19/3
f 57/20/5 58/17/5 59/13/5
f 60/13/5 61/16/5 62/20/5
f 63/21/4 64/22/4 65/18/4
f 66/18/4 67/17/4 68/21/4
f 69/23/3 70/24/3 71/20/3
f 72/20/3 73/19/3 74/23/3
f 75/24/2 76/21/2 77/17/2
f 77/17/2 78/20/2 75/24/2
f 79/25/4 80/26/4 81/22/4
f 82/22/4 83/21/4 84/25/4
f 85/27/3 86/28/3 87/24/3
f 88/24/3 89/23/3 90/27/3
f 91/28/6 92/25/6 93/21/6
f 94/21/6 95/24/6 91/28/6
f 96/29/4 97/30/4 98/26/4
f 80/26/4 79/25/4 99/29/4
f 100/31/3 101/32/3 102/28/3
f 103/28/3 104/27/3 105/31/3
f 106/32/2 107/29/2 108/25/2
f 108/25/2 109/28/2 106/32/2
f 110/30/4 111/29/4 112/33/4
f 113/33/4 114/34/4 115/30/4
f 116/31/3 117/35/3 118/36/3
f 119/36/3 120/32/3 121/31/3
f 122/36/7 123/33/7 124/29/7
f 125/29/8 126/32/8 127/36/8
f 128/37/2 129/38/2 130/39/2
f 130/39/2 131/40/2 128/37/2
f 132/41/9 133/38/9 134/37/9
f 135/37/9 136/42/9 137/41/9
f 138/43/4 139/44/4 140/45/4
f 141/43/4 142/45/4 143/46/4
f 144/47/4 145/43/4 146/46/4
f 147/48/4 148/47/4 149/46/4
f 150/48/4 151/46/4 152/49/4
f 153/49/4 154/46/4 155/45/4
f 156/45/4 157/50/4 158/51/4
f 159/49/4 160/45/4 161/51/4
f 162/49/4 163/51/4 164/52/4
f 165/53/1 166/41/1 167/42/1
f 168/54/1 165/53/1 167/42/1
f 168/54/1 167/42/1 169/55/1
f 168/54/1 169/55/1 170/56/1
f 171/57/3 172/58/3 173/59/3
f 174/60/3 175/57/3 176/59/3
f 177/60/3 178/59/3 179/61/3
f 180/60/3 181/61/3 182/62/3
f 183/59/3 184/63/3 185/64/3
f 186/61/3 187/59/3 188/64/3
f 189/61/3 190/64/3 191/65/3
f 192/62/3 193/61/3 194/65/3
f 195/62/3 196/65/3 197/66/3
f 198/67/10 199/68/10 200/69/10
s 1
f 200/69/10 201/70/10 198/67/10
s 0
f 202/71/11 203/72/11 204/68/11
f 204/68/11 205/67/11 202/71/11
f 206/73/12 207/74/12 208/72/12
f 208/72/12 209/71/12 206/73/12
f 210/75/2 211/76/2 212/77/2
f 213/78/13 214/79/13 215/80/13
f 216/81/13 215/80/13 214/79/13
f 214/79/13 217/82/13 216/81/13
f 217/82/13 218/83/13 216/81/13
f 219/84/2 220/85/2 221/86/2
f 212/77/2 221/86/2 220/85/2
f 220/85/2 210/75/2 212/77/2
s 1
f 222/76/14 223/75/15 224/87/15
f 224/87/15 225/88/14 222/76/14
s 0
f 226/77/16 227/89/16 228/69/16
f 228/69/16 229/68/16 226/77/16
f 230/86/17 231/77/17 232/68/17
f 232/68/17 233/72/17 230/86/17
f 234/90/18 235/86/18 236/72/18
s 1
f 236/72/18 237/74/18 234/90/18
f 238/85/19 239/84/20 240/91/20
f 240/91/20 241/92/19 238/85/19
f 223/75/15 238/85/19 241/92/19
f 241/92/19 224/87/15 223/75/15
f 242/79/21 243/78/22 244/93/22
f 244/93/22 245/94/21 242/79/21
f 246/82/23 242/79/21 245/94/21
f 245/94/21 247/95/23 246/82/23
f 248/83/24 246/82/23 247/95/23
f 247/95/23 249/96/24 248/83/24
s 0
f 250/81/25 251/97/25 252/73/25
f 252/73/25 253/71/25 250/81/25
f 254/80/26 255/81/26 256/71/26
s 1
f 256/71/26 257/67/26 254/80/26
s 0
f 258/98/27 259/80/27 260/67/27
f 260/67/27 261/70/27 258/98/27
f 262/99/1 263/100/1 264/101/1
f 264/101/1 265/102/1 262/99/1
f 266/101/28 267/100/28 268/103/28
f 268/103/28 269/104/28 266/101/28
f 270/101/29 271/104/29 272/105/29
f 272/105/29 273/106/29 270/101/29
f 274/107/30 275/108/30 276/109/30
f 276/109/31 277/110/31 274/107/31
f 273/106/29 272/105/29 278/111/29
f 278/111/29 279/112/29 273/106/29
f 277/110/30 276/109/30 280/103/30
f 280/103/30 281/100/30 277/110/30
f 282/113/32 283/114/32 284/115/32
f 284/115/30 285/99/30 282/113/30
f 286/116/33 287/117/33 288/102/33
f 288/102/29 289/118/29 286/116/29
f 290/117/28 291/113/28 292/99/28
f 292/99/28 293/102/28 290/117/28
f 294/119/30 295/120/30 283/114/30
f 283/114/30 282/113/30 294/119/30
f 296/121/29 297/122/29 287/117/29
f 287/117/29 286/116/29 296/121/29
f 298/122/34 299/119/34 300/113/34
f 300/113/34 301/117/34 298/122/34
f 302/123/30 303/124/30 295/120/30
f 295/120/30 294/119/30 302/123/30
f 304/125/29 305/126/29 297/122/29
f 297/122/29 296/121/29 304/125/29
f 306/126/35 307/123/35 308/119/35
f 308/119/28 309/122/28 306/126/28
f 310/127/30 311/128/30 312/129/30
f 312/129/30 302/123/30 310/127/30
f 313/130/29 314/131/29 305/126/29
f 305/126/29 315/132/29 313/130/29
f 316/131/36 317/127/36 318/123/36
f 318/123/37 319/126/37 316/131/37
f 320/133/30 321/134/30 311/128/30
f 311/128/30 310/127/30 320/133/30
f 322/135/29 323/136/29 314/131/29
f 314/131/29 313/130/29 322/135/29
f 324/136/28 325/133/28 326/127/28
f 326/127/35 327/131/35 324/136/35
f 321/134/30 320/133/30 328/137/30
f 328/137/30 329/138/30 321/134/30
f 322/135/29 330/139/29 331/140/29
f 331/140/29 323/136/29 322/135/29
f 332/140/38 333/137/38 334/133/38
f 334/133/38 335/136/38 332/140/38
f 336/141/30 337/142/30 338/143/30
f 338/143/30 339/144/30 336/141/30
f 340/145/35 341/146/35 342/147/35
f 342/147/35 343/148/35 340/145/35
f 344/149/39 345/150/39 346/151/39
f 346/151/39 347/152/39 344/149/39
f 348/151/40 349/146/40 350/145/40
f 350/145/40 351/152/40 348/151/40
f 352/153/29 353/154/29 354/155/29
f 354/155/29 355/156/29 352/153/29
f 356/157/29 357/158/29 354/155/29
f 354/155/29 353/154/29 358/159/29
f 356/157/29 354/155/29 358/159/29
f 359/160/30 360/161/30 337/142/30
f 337/142/30 336/141/30 361/162/30
f 359/160/30 337/142/30 361/162/30
f 362/99/1 363/100/1 364/101/1
f 364/101/1 365/102/1 362/99/1
f 366/101/41 367/100/41 368/103/41
f 368/103/41 369/104/41 366/101/41
f 370/101/42 371/104/42 372/105/42
f 372/105/42 373/106/42 370/101/42
f 374/107/43 375/108/43 376/109/43
f 376/109/43 377/110/43 374/107/43
f 373/106/42 372/105/42 378/111/42
f 378/111/42 379/112/42 373/106/42
f 377/110/43 376/109/43 380/103/43
f 380/103/43 381/100/43 377/110/43
f 382/113/43 383/114/43 384/115/43
f 384/115/43 385/99/43 382/113/43
s 1
f 386/116/44 387/117/44 388/102/44
s 0
f 388/102/42 389/118/42 386/116/42
f 390/117/41 391/113/41 392/99/41
f 392/99/41 393/102/41 390/117/41
f 394/119/43 395/120/43 383/114/43
f 383/114/43 382/113/43 394/119/43
f 396/121/42 397/122/42 387/117/42
f 387/117/42 386/116/42 396/121/42
f 398/122/45 399/119/45 400/113/45
f 400/113/45 401/117/45 398/122/45
f 402/123/43 403/124/43 395/120/43
f 395/120/43 394/119/43 402/123/43
f 404/125/42 405/126/42 397/122/42
f 397/122/42 396/121/42 404/125/42
f 406/126/41 407/123/41 408/119/41
f 408/119/41 409/122/41 406/126/41
f 410/127/43 411/128/43 412/129/43
f 412/129/43 402/123/43 410/127/43
f 413/130/42 414/131/42 405/126/42
f 405/126/42 415/132/42 413/130/42
f 416/131/46 417/127/46 418/123/46
s 1
f 418/123/46 419/126/46 416/131/46
s 0
f 420/133/43 421/134/43 411/128/43
f 411/128/43 410/127/43 420/133/43
f 422/135/42 423/136/42 414/131/42
s 1
f 414/131/42 413/130/42 422/135/42
s 0
f 424/136/41 425/133/41 426/127/41
f 426/127/41 427/131/41 424/136/41
f 421/134/43 420/133/43 428/137/43
f 428/137/43 429/138/43 421/134/43
f 422/135/42 430/139/42 431/140/42
f 431/140/42 423/136/42 422/135/42
f 432/140/47 433/137/47 434/133/47
f 434/133/47 435/136/47 432/140/47
f 436/141/43 437/142/43 438/143/43
s 1
f 438/143/43 439/144/43 436/141/43
s 0
f 440/163/41 441/164/41 442/165/41
f 442/165/41 443/166/41 440/163/41
f 444/167/48 445/168/48 446/169/48
f 446/169/48 447/170/48 444/167/48
f 448/169/49 449/164/49 450/163/49
f 450/163/49 451/170/49 448/169/49
f 452/153/42 453/154/42 454/155/42
f 454/155/42 455/156/42 452/153/42
f 456/157/42 457/158/42 454/155/42
f 454/155/42 453/154/42 458/159/42
f 456/157/42 454/155/42 458/159/42
f 459/160/43 460/161/43 437/142/43
f 437/142/43 436/141/43 461/162/43
f 459/160/43 437/142/43 461/162/43
f 462/1/1 463/2/1 464/3/1
f 464/3/1 465/4/1 462/1/1
f 466/3/2 467/2/2 468/5/2
f 468/5/2 469/6/2 466/3/2
f 470/3/3 471/6/3 472/7/3
f 472/7/3 473/4/3 470/3/3
f 474/8/4 475/9/4 476/10/4
f 476/10/4 477/1/4 474/8/4
f 473/4/3 472/7/3 478/11/3
f 478/11/3 479/12/3 473/4/3
f 477/1/4 476/10/4 480/5/4
f 480/5/4 481/2/4 477/1/4
f 482/13/4 483/14/4 474/8/4
f 474/8/4 477/1/4 482/13/4
f 484/15/3 485/16/3 473/4/3
f 473/4/3 479/12/3 484/15/3
s 1
f 486/16/50 487/13/50 488/1/2
f 488/1/2 489/4/2 486/16/50
s 0
f 490/17/4 491/18/4 483/14/4
f 483/14/4 482/13/4 490/17/4
f 492/19/3 493/20/3 485/16/3
f 485/16/3 484/15/3 492/19/3
s 1
f 494/20/50 495/17/50 487/13/50
f 487/13/50 486/16/50 494/20/50
s 0
f 496/21/4 497/22/4 491/18/4
f 491/18/4 490/17/4 496/21/4
f 498/23/3 499/24/3 493/20/3
f 493/20/3 492/19/3 498/23/3
s 1
f 500/24/2 501/21/2 495/17/50
f 495/17/50 494/20/50 500/24/2
s 0
f 502/25/4 503/26/4 497/22/4
f 497/22/4 496/21/4 502/25/4
f 504/27/3 505/28/3 499/24/3
f 499/24/3 498/23/3 504/27/3
f 506/28/6 507/25/6 508/21/6
f 508/21/6 509/24/6 506/28/6
f 510/29/4 511/30/4 503/26/4
f 503/26/4 502/25/4 510/29/4
f 512/31/3 513/32/3 505/28/3
f 505/28/3 504/27/3 512/31/3
f 514/32/2 515/29/2 516/25/2
f 516/25/2 517/28/2 514/32/2
f 511/30/4 510/29/4 518/33/4
f 518/33/4 519/34/4 511/30/4
f 512/31/3 520/35/3 521/36/3
f 521/36/3 513/32/3 512/31/3
f 522/36/8 523/33/8 524/29/8
f 524/29/8 525/32/8 522/36/8
f 526/171/4 527/45/4 528/50/4
f 528/50/4 529/172/4 526/171/4
f 530/58/3 531/59/3 532/173/3
f 532/173/3 533/174/3 530/58/3
f 534/37/2 535/38/2 536/39/2
f 536/39/2 537/40/2 534/37/2
f 538/175/1 539/176/1 540/41/1
f 540/41/1 541/42/1 538/175/1
f 542/41/9 543/38/9 544/37/9
f 544/37/9 545/42/9 542/41/9
f 546/64/3 532/173/3 531/59/3
f 531/59/3 547/63/3 546/64/3
f 527/45/4 526/171/4 548/43/4
f 548/43/4 549/44/4 527/45/4
f 550/1/1 551/2/1 552/3/1
f 552/3/1 553/4/1 550/1/1
f 554/3/2 555/2/2 556/5/2
f 556/5/2 557/6/2 554/3/2
f 558/3/3 559/6/3 560/7/3
f 560/7/3 561/4/3 558/3/3
f 562/8/4 563/9/4 564/10/4
f 564/10/4 565/1/4 562/8/4
f 561/4/3 560/7/3 566/11/3
f 566/11/3 567/12/3 561/4/3
f 565/1/4 564/10/4 568/5/4
f 568/5/4 569/2/4 565/1/4
f 570/13/4 571/14/4 562/8/4
f 562/8/4 565/1/4 570/13/4
f 572/15/3 573/16/3 561/4/3
f 561/4/3 567/12/3 572/15/3
s 1
f 574/16/50 575/13/50 576/1/2
f 576/1/2 577/4/2 574/16/50
s 0
f 578/17/4 579/18/4 571/14/4
f 571/14/4 570/13/4 578/17/4
f 580/19/3 581/20/3 573/16/3
f 573/16/3 572/15/3 580/19/3
s 1
f 582/20/50 583/17/50 575/13/50
f 575/13/50 574/16/50 582/20/50
s 0
f 584/21/4 585/22/4 579/18/4
f 579/18/4 578/17/4 584/21/4
f 586/23/3 587/24/3 581/20/3
f 581/20/3 580/19/3 586/23/3
s 1
f 588/24/2 589/21/2 583/17/50
f 583/17/50 582/20/50 588/24/2
s 0
f 590/25/4 591/26/4 585/22/4
f 585/22/4 584/21/4 590/25/4
f 592/27/3 593/28/3 587/24/3
f 587/24/3 586/23/3 592/27/3
s 1
f 594/28/6 595/25/6 596/21/6
s 0
f 596/21/6 597/24/6 594/28/6
f 598/29/4 599/30/4 591/26/4
f 591/26/4 590/25/4 598/29/4
f 600/31/3 601/32/3 593/28/3
f 593/28/3 592/27/3 600/31/3
f 602/32/2 603/29/2 604/25/2
f 604/25/2 605/28/2 602/32/2
f 599/30/4 598/29/4 606/33/4
f 606/33/4 607/34/4 599/30/4
f 600/31/3 608/35/3 609/36/3
f 609/36/3 601/32/3 600/31/3
f 610/36/8 611/33/8 612/29/8
s 1
f 612/29/8 613/32/8 610/36/8
s 0
f 614/171/4 615/45/4 616/50/4
f 616/50/4 617/172/4 614/171/4
f 618/58/3 619/59/3 620/173/3
f 620/173/3 621/174/3 618/58/3
f 622/37/2 623/38/2 624/39/2
f 624/39/2 625/40/2 622/37/2
f 626/175/1 627/176/1 628/41/1
f 628/41/1 629/42/1 626/175/1
f 630/41/9 631/38/9 632/37/9
f 632/37/9 633/42/9 630/41/9
f 634/64/3 620/173/3 619/59/3
f 619/59/3 635/63/3 634/64/3
f 615/45/4 614/171/4 636/43/4
f 636/43/4 637/44/4 615/45/4
f 638/1/1 639/2/1 640/3/1
f 640/3/1 641/4/1 638/1/1
f 642/3/4 643/2/4 644/5/4
f 644/5/4 645/6/4 642/3/4
f 646/3/2 647/6/2 648/7/2
f 648/7/2 649/4/2 646/3/2
f 650/8/13 651/9/13 652/10/13
f 652/10/13 653/1/13 650/8/13
f 649/4/2 648/7/2 654/11/2
f 654/11/2 655/12/2 649/4/2
f 653/1/13 652/10/13 656/5/13
f 656/5/13 657/2/13 653/1/13
f 658/13/13 659/14/13 650/8/13
f 650/8/13 653/1/13 658/13/13
f 660/15/2 661/16/2 649/4/2
f 649/4/2 655/12/2 660/15/2
s 1
f 662/16/51 663/13/51 664/1/4
f 664/1/4 665/4/4 662/16/51
s 0
f 666/17/13 667/18/13 659/14/13
f 659/14/13 658/13/13 666/17/13
f 668/19/2 669/20/2 661/16/2
f 661/16/2 660/15/2 668/19/2
s 1
f 670/20/51 671/17/51 663/13/51
f 663/13/51 662/16/51 670/20/51
s 0
f 672/21/13 673/22/13 667/18/13
f 667/18/13 666/17/13 672/21/13
f 674/23/2 675/24/2 669/20/2
f 669/20/2 668/19/2 674/23/2
s 1
f 676/24/4 677/21/4 671/17/51
f 671/17/51 670/20/51 676/24/4
s 0
f 678/25/13 679/26/13 673/22/13
f 673/22/13 672/21/13 678/25/13
f 680/27/2 681/28/2 675/24/2
f 675/24/2 674/23/2 680/27/2
f 682/28/52 683/25/52 684/21/52
f 684/21/52 685/24/52 682/28/52
f 686/29/13 687/30/13 679/26/13
f 679/26/13 678/25/13 686/29/13
f 688/31/2 689/32/2 681/28/2
f 681/28/2 680/27/2 688/31/2
f 690/32/4 691/29/4 692/25/4
f 692/25/4 693/28/4 690/32/4
f 687/30/13 686/29/13 694/33/13
f 694/33/13 695/34/13 687/30/13
f 688/31/2 696/35/2 697/36/2
f 697/36/2 689/32/2 688/31/2
f 698/36/53 699/33/53 700/29/53
f 700/29/53 701/32/53 698/36/53
f 702/171/13 703/45/13 704/50/13
f 704/50/13 705/172/13 702/171/13
f 706/58/2 707/59/2 708/173/2
f 708/173/2 709/174/2 706/58/2
f 710/37/4 711/38/4 712/39/4
f 712/39/4 713/40/4 710/37/4
f 714/175/1 715/176/1 716/41/1
f 716/41/1 717/42/1 714/175/1
f 718/41/54 719/38/54 720/37/54
f 720/37/54 721/42/54 718/41/54
f 722/64/2 708/173/2 707/59/2
f 707/59/2 723/63/2 722/64/2
f 703/45/13 702/171/13 724/43/13
f 724/43/13 725/44/13 703/45/13
f 726/1/1 727/2/1 728/3/1
f 728/3/1 729/4/1 726/1/1
f 730/3/4 731/2/4 732/5/4
f 732/5/4 733/6/4 730/3/4
f 734/3/2 735/6/2 736/7/2
f 736/7/2 737/4/2 734/3/2
f 738/8/13 739/9/13 740/10/13
f 740/10/13 741/1/13 738/8/13
f 737/4/2 736/7/2 742/11/2
f 742/11/2 743/12/2 737/4/2
f 741/1/13 740/10/13 744/5/13
f 744/5/13 745/2/13 741/1/13
f 746/13/13 747/14/13 738/8/13
f 738/8/13 741/1/13 746/13/13
f 748/15/2 749/16/2 737/4/2
f 737/4/2 743/12/2 748/15/2
s 1
f 750/16/51 751/13/51 752/1/4
f 752/1/4 753/4/4 750/16/51
s 0
f 754/17/13 755/18/13 747/14/13
f 747/14/13 746/13/13 754/17/13
f 756/19/2 757/20/2 749/16/2
f 749/16/2 748/15/2 756/19/2
s 1
f 758/20/51 759/17/51 751/13/51
f 751/13/51 750/16/51 758/20/51
s 0
f 760/21/13 761/22/13 755/18/13
f 755/18/13 754/17/13 760/21/13
f 762/23/2 763/24/2 757/20/2
f 757/20/2 756/19/2 762/23/2
s 1
f 764/24/4 765/21/4 759/17/51
f 759/17/51 758/20/51 764/24/4
s 0
f 766/25/13 767/26/13 761/22/13
f 761/22/13 760/21/13 766/25/13
f 768/27/2 769/28/2 763/24/2
f 763/24/2 762/23/2 768/27/2
f 770/28/52 771/25/52 772/21/52
f 772/21/52 773/24/52 770/28/52
f 774/29/13 775/30/13 767/26/13
f 767/26/13 766/25/13 774/29/13
f 776/31/2 777/32/2 769/28/2
f 769/28/2 768/27/2 776/31/2
f 778/32/4 779/29/4 780/25/4
f 780/25/4 781/28/4 778/32/4
f 775/30/13 774/29/13 782/33/13
f 782/33/13 783/34/13 775/30/13
f 776/31/2 784/35/2 785/36/2
f 785/36/2 777/32/2 776/31/2
f 786/36/53 787/33/53 788/29/53
f 788/29/53 789/32/53 786/36/53
f 790/171/13 791/45/13 792/50/13
f 792/50/13 793/172/13 790/171/13
f 794/58/2 795/59/2 796/173/2
f 796/173/2 797/174/2 794/58/2
f 798/37/4 799/38/4 800/39/4
f 800/39/4 801/40/4 798/37/4
f 802/175/1 803/176/1 804/41/1
f 804/41/1 805/42/1 802/175/1
f 806/41/54 807/38/54 808/37/54
f 808/37/54 809/42/54 806/41/54
f 810/64/2 796/173/2 795/59/2
f 795/59/2 811/63/2 810/64/2
f 791/45/13 790/171/13 812/43/13
f 812/43/13 813/44/13 791/45/13
f 814/1/1 815/2/1 816/3/1
f 816/3/1 817/4/1 814/1/1
f 818/3/4 819/2/4 820/5/4
f 820/5/4 821/6/4 818/3/4
f 822/3/2 823/6/2 824/7/2
f 824/7/2 825/4/2 822/3/2
f 826/8/13 827/9/13 828/10/13
f 828/10/13 829/1/13 826/8/13
f 825/4/2 824/7/2 830/11/2
f 830/11/2 831/12/2 825/4/2
f 829/1/13 828/10/13 832/5/13
f 832/5/13 833/2/13 829/1/13
f 834/13/13 835/14/13 826/8/13
f 826/8/13 829/1/13 834/13/13
f 836/15/2 837/16/2 825/4/2
f 825/4/2 831/12/2 836/15/2
s 1
f 838/16/51 839/13/51 840/1/4
f 840/1/4 841/4/4 838/16/51
s 0
f 842/17/13 843/18/13 835/14/13
f 835/14/13 834/13/13 842/17/13
f 844/19/2 845/20/2 837/16/2
f 837/16/2 836/15/2 844/19/2
s 1
f 846/20/51 847/17/51 839/13/51
f 839/13/51 838/16/51 846/20/51
s 0
f 848/21/13 849/22/13 843/18/13
f 843/18/13 842/17/13 848/21/13
f 850/23/2 851/24/2 845/20/2
f 845/20/2 844/19/2 850/23/2
s 1
f 852/24/4 853/21/4 847/17/51
f 847/17/51 846/20/51 852/24/4
s 0
f 854/25/13 855/26/13 849/22/13
f 849/22/13 848/21/13 854/25/13
f 856/27/2 857/28/2 851/24/2
f 851/24/2 850/23/2 856/27/2
f 858/28/52 859/25/52 860/21/52
f 860/21/52 861/24/52 858/28/52
f 862/29/13 863/30/13 855/26/13
f 855/26/13 854/25/13 862/29/13
f 864/31/2 865/32/2 857/28/2
f 857/28/2 856/27/2 864/31/2
f 866/32/4 867/29/4 868/25/4
f 868/25/4 869/28/4 866/32/4
f 863/30/13 862/29/13 870/33/13
f 870/33/13 871/34/13 863/30/13
f 864/31/2 872/35/2 873/36/2
f 873/36/2 865/32/2 864/31/2
f 874/36/53 875/33/53 876/29/53
f 876/29/55 877/32/55 874/36/55
f 878/171/13 879/45/13 880/50/13
f 880/50/13 881/172/13 878/171/13
f 882/58/2 883/59/2 884/173/2
f 884/173/2 885/174/2 882/58/2
f 886/37/4 887/38/4 888/39/4
f 888/39/4 889/40/4 886/37/4
f 890/175/1 891/176/1 892/41/1
f 892/41/1 893/42/1 890/175/1
f 894/41/54 895/38/54 896/37/54
f 896/37/54 897/42/54 894/41/54
f 898/64/2 884/173/2 883/59/2
f 883/59/2 899/63/2 898/64/2
f 879/45/13 878/171/13 900/43/13
f 900/43/13 901/44/13 879/45/13
f 902/1/1 903/2/1 904/3/1
f 904/3/1 905/4/1 902/1/1
f 906/3/4 907/2/4 908/5/4
f 908/5/4 909/6/4 906/3/4
f 910/3/2 911/6/2 912/7/2
f 912/7/2 913/4/2 910/3/2
f 914/8/13 915/9/13 916/10/13
f 916/10/13 917/1/13 914/8/13
f 913/4/2 912/7/2 918/11/2
f 918/11/2 919/12/2 913/4/2
f 917/1/13 916/10/13 920/5/13
f 920/5/13 921/2/13 917/1/13
f 922/13/13 923/14/13 914/8/13
f 914/8/13 917/1/13 922/13/13
f 924/15/2 925/16/2 913/4/2
f 913/4/2 919/12/2 924/15/2
s 1
f 926/16/51 927/13/51 928/1/4
f 928/1/4 929/4/4 926/16/51
s 0
f 930/17/13 931/18/13 923/14/13
f 923/14/13 922/13/13 930/17/13
f 932/19/2 933/20/2 925/16/2
f 925/16/2 924/15/2 932/19/2
s 1
f 934/20/51 935/17/51 927/13/51
f 927/13/51 926/16/51 934/20/51
s 0
f 936/21/13 937/22/13 931/18/13
f 931/18/13 930/17/13 936/21/13
f 938/23/2 939/24/2 933/20/2
f 933/20/2 932/19/2 938/23/2
s 1
f 940/24/4 941/21/4 935/17/51
f 935/17/51 934/20/51 940/24/4
s 0
f 942/25/13 943/26/13 937/22/13
f 937/22/13 936/21/13 942/25/13
f 944/27/2 945/28/2 939/24/2
f 939/24/2 938/23/2 944/27/2
f 946/28/52 947/25/52 948/21/52
f 948/21/52 949/24/52 946/28/52
f 950/29/13 951/30/13 943/26/13
f 943/26/13 942/25/13 950/29/13
f 952/31/2 953/32/2 945/28/2
f 945/28/2 944/27/2 952/31/2
f 954/32/4 955/29/4 956/25/4
f 956/25/4 957/28/4 954/32/4
f 951/30/13 950/29/13 958/33/13
f 958/33/13 959/34/13 951/30/13
f 952/31/2 960/35/2 961/36/2
f 961/36/2 953/32/2 952/31/2
f 962/36/55 963/33/55 964/29/55
f 964/29/55 965/32/55 962/36/55
f 966/171/13 967/45/13 968/50/13
f 968/50/13 969/172/13 966/171/13
f 970/58/2 971/59/2 972/173/2
f 972/173/2 973/174/2 970/58/2
f 974/37/4 975/38/4 976/39/4
f 976/39/4 977/40/4 974/37/4
f 978/175/1 979/176/1 980/41/1
f 980/41/1 981/42/1 978/175/1
f 982/41/54 983/38/54 984/37/54
f 984/37/54 985/42/54 982/41/54
f 986/64/2 972/173/2 971/59/2
f 971/59/2 987/63/2 986/64/2
f 967/45/13 966/171/13 988/43/13
f 988/43/13 989/44/13 967/45/13
f 990/1/1 991/2/1 992/3/1
f 992/3/1 993/4/1 990/1/1
f 994/3/13 995/2/13 996/5/13
f 996/5/13 997/6/13 994/3/13
f 998/3/4 999/6/4 1000/7/4
f 1000/7/4 1001/4/4 998/3/4
f 1002/8/3 1003/9/3 1004/10/3
f 1004/10/3 1005/1/3 1002/8/3
f 1001/4/4 1000/7/4 1006/11/4
f 1006/11/4 1007/12/4 1001/4/4
f 1005/1/3 1004/10/3 1008/5/3
f 1008/5/3 1009/2/3 1005/1/3
f 1010/13/3 1011/14/3 1002/8/3
f 1002/8/3 1005/1/3 1010/13/3
f 1012/15/4 1013/16/4 1001/4/4
f 1001/4/4 1007/12/4 1012/15/4
s 1
f 1014/16/56 1015/13/56 1016/1/13
f 1016/1/13 1017/4/13 1014/16/56
s 0
f 1018/17/3 1019/18/3 1011/14/3
f 1011/14/3 1010/13/3 1018/17/3
f 1020/19/4 1021/20/4 1013/16/4
f 1013/16/4 1012/15/4 1020/19/4
s 1
f 1022/20/56 1023/17/56 1015/13/56
f 1015/13/56 1014/16/56 1022/20/56
s 0
f 1024/21/3 1025/22/3 1019/18/3
f 1019/18/3 1018/17/3 1024/21/3
f 1026/23/4 1027/24/4 1021/20/4
f 1021/20/4 1020/19/4 1026/23/4
s 1
f 1028/24/13 1029/21/13 1023/17/56
f 1023/17/56 1022/20/56 1028/24/13
s 0
f 1030/25/3 1031/26/3 1025/22/3
f 1025/22/3 1024/21/3 1030/25/3
f 1032/27/4 1033/28/4 1027/24/4
f 1027/24/4 1026/23/4 1032/27/4
f 1034/28/57 1035/25/57 1036/21/57
f 1036/21/57 1037/24/57 1034/28/57
f 1038/29/3 1039/30/3 1031/26/3
f 1031/26/3 1030/25/3 1038/29/3
f 1040/31/4 1041/32/4 1033/28/4
f 1033/28/4 1032/27/4 1040/31/4
f 1042/32/13 1043/29/13 1044/25/13
f 1044/25/13 1045/28/13 1042/32/13
f 1039/30/3 1038/29/3 1046/33/3
f 1046/33/3 1047/34/3 1039/30/3
f 1040/31/4 1048/35/4 1049/36/4
f 1049/36/4 1041/32/4 1040/31/4
f 1050/36/58 1051/33/58 1052/29/58
f 1052/29/58 1053/32/58 1050/36/58
f 1054/171/3 1055/45/3 1056/50/3
f 1056/50/3 1057/172/3 1054/171/3
f 1058/58/4 1059/59/4 1060/173/4
f 1060/173/4 1061/174/4 1058/58/4
f 1062/37/13 1063/38/13 1064/39/13
f 1064/39/13 1065/40/13 1062/37/13
f 1066/175/1 1067/176/1 1068/41/1
f 1068/41/1 1069/42/1 1066/175/1
f 1070/41/59 1071/38/59 1072/37/59
f 1072/37/59 1073/42/59 1070/41/59
f 1074/64/4 1060/173/4 1059/59/4
f 1059/59/4 1075/63/4 1074/64/4
f 1055/45/3 1054/171/3 1076/43/3
f 1076/43/3 1077/44/3 1055/45/3
f 1078/1/1 1079/2/1 1080/3/1
f 1080/3/1 1081/4/1 1078/1/1
f 1082/3/13 1083/2/13 1084/5/13
f 1084/5/13 1085/6/13 1082/3/13
f 1086/3/4 1087/6/4 1088/7/4
f 1088/7/4 1089/4/4 1086/3/4
f 1090/8/3 1091/9/3 1092/10/3
f 1092/10/3 1093/1/3 1090/8/3
f 1089/4/4 1088/7/4 1094/11/4
f 1094/11/4 1095/12/4 1089/4/4
f 1093/1/3 1092/10/3 1096/5/3
f 1096/5/3 1097/2/3 1093/1/3
f 1098/13/3 1099/14/3 1090/8/3
f 1090/8/3 1093/1/3 1098/13/3
f 1100/15/4 1101/16/4 1089/4/4
f 1089/4/4 1095/12/4 1100/15/4
s 1
f 1102/16/56 1103/13/56 1104/1/13
f 1104/1/13 1105/4/13 1102/16/56
s 0
f 1106/17/3 1107/18/3 1099/14/3
f 1099/14/3 1098/13/3 1106/17/3
f 1108/19/4 1109/20/4 1101/16/4
f 1101/16/4 1100/15/4 1108/19/4
s 1
f 1110/20/56 1111/17/56 1103/13/56
f 1103/13/56 1102/16/56 1110/20/56
s 0
f 1112/21/3 1113/22/3 1107/18/3
f 1107/18/3 1106/17/3 1112/21/3
f 1114/23/4 1115/24/4 1109/20/4
f 1109/20/4 1108/19/4 1114/23/4
s 1
f 1116/24/13 1117/21/13 1111/17/56
f 1111/17/56 1110/20/56 1116/24/13
s 0
f 1118/25/3 1119/26/3 1113/22/3
f 1113/22/3 1112/21/3 1118/25/3
f 1120/27/4 1121/28/4 1115/24/4
f 1115/24/4 1114/23/4 1120/27/4
f 1122/28/57 1123/25/57 1124/21/57
f 1124/21/57 1125/24/57 1122/28/57
f 1126/29/3 1127/30/3 1119/26/3
f 1119/26/3 1118/25/3 1126/29/3
f 1128/31/4 1129/32/4 1121/28/4
f 1121/28/4 1120/27/4 1128/31/4
f 1130/32/13 1131/29/13 1132/25/13
f 1132/25/13 1133/28/13 1130/32/13
f 1127/30/3 1126/29/3 1134/33/3
f 1134/33/3 1135/34/3 1127/30/3
f 1128/31/4 1136/35/4 1137/36/4
f 1137/36/4 1129/32/4 1128/31/4
f 1138/36/58 1139/33/58 1140/29/58
f 1140/29/58 1141/32/58 1138/36/58
f 1142/171/3 1143/45/3 1144/50/3
f 1144/50/3 1145/172/3 1142/171/3
f 1146/58/4 1147/59/4 1148/173/4
f 1148/173/4 1149/174/4 1146/58/4
f 1150/37/13 1151/38/13 1152/39/13
f 1152/39/13 1153/40/13 1150/37/13
f 1154/175/1 1155/176/1 1156/41/1
f 1156/41/1 1157/42/1 1154/175/1
f 1158/41/59 1159/38/59 1160/37/59
f 1160/37/59 1161/42/59 1158/41/59
f 1162/64/4 1148/173/4 1147/59/4
f 1147/59/4 1163/63/4 1162/64/4
f 1143/45/3 1142/171/3 1164/43/3
f 1164/43/3 1165/44/3 1143/45/3
f 1166/1/1 1167/2/1 1168/3/1
f 1168/3/1 1169/4/1 1166/1/1
f 1170/3/13 1171/2/13 1172/5/13
f 1172/5/13 1173/6/13 1170/3/13
f 1174/3/4 1175/6/4 1176/7/4
f 1176/7/4 1177/4/4 1174/3/4
f 1178/8/3 1179/9/3 1180/10/3
f 1180/10/3 1181/1/3 1178/8/3
f 1177/4/4 1176/7/4 1182/11/4
f 1182/11/4 1183/12/4 1177/4/4
f 1181/1/3 1180/10/3 1184/5/3
f 1184/5/3 1185/2/3 1181/1/3
f 1186/13/3 1187/14/3 1178/8/3
f 1178/8/3 1181/1/3 1186/13/3
f 1188/15/4 1189/16/4 1177/4/4
f 1177/4/4 1183/12/4 1188/15/4
s 1
f 1190/16/56 1191/13/56 1192/1/13
f 1192/1/13 1193/4/13 1190/16/56
s 0
f 1194/17/3 1195/18/3 1187/14/3
f 1187/14/3 1186/13/3 1194/17/3
f 1196/19/4 1197/20/4 1189/16/4
f 1189/16/4 1188/15/4 1196/19/4
s 1
f 1198/20/56 1199/17/56 1191/13/56
f 1191/13/56 1190/16/56 1198/20/56
s 0
f 1200/21/3 1201/22/3 1195/18/3
f 1195/18/3 1194/17/3 1200/21/3
f 1202/23/4 1203/24/4 1197/20/4
f 1197/20/4 1196/19/4 1202/23/4
s 1
f 1204/24/13 1205/21/13 1199/17/56
f 1199/17/56 1198/20/56 1204/24/13
s 0
f 1206/25/3 1207/26/3 1201/22/3
f 1201/22/3 1200/21/3 1206/25/3
f 1208/27/4 1209/28/4 1203/24/4
f 1203/24/4 1202/23/4 1208/27/4
f 1210/28/57 1211/25/57 1212/21/57
f 1212/21/57 1213/24/57 1210/28/57
f 1214/29/3 1215/30/3 1207/26/3
f 1207/26/3 1206/25/3 1214/29/3
f 1216/31/4 1217/32/4 1209/28/4
f 1209/28/4 1208/27/4 1216/31/4
f 1218/32/13 1219/29/13 1220/25/13
f 1220/25/13 1221/28/13 1218/32/13
f 1215/30/3 1214/29/3 1222/33/3
f 1222/33/3 1223/34/3 1215/30/3
f 1216/31/4 1224/35/4 1225/36/4
f 1225/36/4 1217/32/4 1216/31/4
f 1226/36/58 1227/33/58 1228/29/58
f 1228/29/58 1229/32/58 1226/36/58
f 1230/171/3 1231/45/3 1232/50/3
f 1232/50/3 1233/172/3 1230/171/3
f 1234/58/4 1235/59/4 1236/173/4
f 1236/173/4 1237/174/4 1234/58/4
f 1238/37/13 1239/38/13 1240/39/13
f 1240/39/13 1241/40/13 1238/37/13
f 1242/175/1 1243/176/1 1244/41/1
f 1244/41/1 1245/42/1 1242/175/1
f 1246/41/59 1247/38/59 1248/37/59
f 1248/37/59 1249/42/59 1246/41/59
f 1250/64/4 1236/173/4 1235/59/4
f 1235/59/4 1251/63/4 1250/64/4
f 1231/45/3 1230/171/3 1252/43/3
f 1252/43/3 1253/44/3 1231/45/3
f 1254/177/60 1255/178/60 1256/179/60
f 1256/179/61 1257/180/61 1254/177/61
f 1258/181/62 1259/182/62 1260/183/62
f 1260/183/62 1261/184/62 1258/181/62
f 1262/185/63 1263/186/63 1264/187/63
f 1264/187/63 1265/188/63 1262/185/63
f 1266/189/64 1267/190/64 1268/191/64
f 1268/191/64 1269/192/64 1266/189/64
s 1
f 1270/193/61 1271/194/65 1272/195/66
f 1272/195/66 1273/196/61 1270/193/61
f 1274/197/67 1257/180/61 1256/179/61
f 1256/179/61 1275/198/68 1274/197/67
f 1276/199/69 1277/200/70 1278/201/60
f 1278/201/60 1279/202/60 1276/199/69
f 1255/178/60 1254/177/60 1280/203/71
f 1280/203/71 1281/204/72 1255/178/60
s 0
f 1282/205/62 1283/206/62 1284/207/62
f 1284/207/73 1285/208/73 1282/205/73
s 1
f 1286/209/62 1287/210/62 1288/211/62
s 0
f 1288/211/62 1289/212/62 1286/209/62
f 1290/213/63 1291/214/63 1292/215/63
f 1292/215/63 1293/216/63 1290/213/63
f 1294/217/63 1295/218/63 1296/219/63
f 1296/219/63 1297/220/63 1294/217/63
s 1
f 1298/221/74 1299/222/75 1300/223/64
f 1300/223/64 1301/224/64 1298/221/74
f 1269/192/64 1268/191/64 1302/225/76
f 1302/225/76 1303/226/77 1269/192/64
f 1304/227/78 1305/228/79 1306/229/64
f 1306/229/64 1307/230/64 1304/227/78
f 1267/190/64 1266/189/64 1308/231/78
f 1308/231/78 1309/232/80 1267/190/64
f 1271/194/65 1310/233/81 1275/198/82
f 1275/198/82 1272/195/66 1271/194/65
f 1311/234/83 1312/206/84 1313/205/83
s 0
f 1313/205/83 1314/235/83 1311/234/83
s 1
f 1315/236/85 1316/237/86 1317/217/85
s 0
f 1317/217/85 1318/220/85 1315/236/85
s 1
f 1319/238/87 1302/225/74 1299/222/75
f 1299/222/75 1298/221/74 1319/238/87
f 1281/204/88 1320/239/89 1277/200/70
f 1277/200/70 1276/199/69 1281/204/88
f 1321/240/90 1322/241/91 1323/209/90
s 0
f 1323/209/90 1324/212/90 1321/240/90
s 1
f 1325/242/92 1326/214/93 1327/213/92
s 0
f 1327/213/92 1328/243/92 1325/242/92
s 1
f 1309/232/94 1329/244/95 1305/228/79
f 1305/228/79 1304/227/78 1309/232/94
s 0
f 1330/184/73 1331/183/73 1332/179/73
f 1332/179/73 1333/178/73 1330/184/73
f 1334/182/96 1335/181/96 1336/245/96
s 1
f 1336/245/97 1337/246/97 1334/182/97
s 0
f 1338/188/63 1339/187/63 1340/247/63
f 1340/247/63 1341/248/63 1338/188/63
s 1
f 1342/186/98 1343/185/98 1344/191/98
s 0
f 1344/191/98 1345/190/98 1342/186/98
f 1346/195/62 1347/205/62 1348/208/62
f 1348/208/73 1349/196/73 1346/195/73
f 1350/249/97 1351/207/97 1352/206/97
f 1352/206/97 1353/250/97 1350/249/97
s 1
f 1354/179/99 1355/183/100 1356/235/99
s 0
f 1356/235/101 1357/198/101 1354/179/101
f 1358/251/97 1359/234/97 1360/182/97
f 1360/182/97 1361/246/97 1358/251/97
f 1362/212/96 1363/211/96 1364/252/96
f 1364/252/96 1365/253/96 1362/212/96
f 1366/210/62 1367/209/62 1368/199/62
f 1368/199/73 1369/202/73 1366/210/73
f 1370/181/96 1371/240/96 1372/254/96
f 1372/254/96 1373/245/96 1370/181/96
s 1
f 1374/241/102 1375/184/103 1376/178/104
s 0
f 1376/178/104 1377/204/104 1374/241/104
f 1378/255/63 1379/213/63 1380/216/63
f 1380/216/63 1381/256/63 1378/255/63
f 1382/230/105 1383/215/105 1384/214/105
f 1384/214/105 1385/227/105 1382/230/105
s 1
f 1386/247/106 1387/187/107 1388/243/106
s 0
f 1388/243/108 1389/257/108 1386/247/108
f 1390/232/105 1391/242/105 1392/186/105
f 1392/186/98 1393/190/98 1390/232/98
f 1394/220/109 1395/219/109 1396/223/109
f 1396/223/109 1397/222/109 1394/220/109
f 1398/218/63 1399/217/63 1400/258/63
f 1400/258/63 1401/259/63 1398/218/63
f 1402/185/98 1403/236/98 1404/225/98
f 1404/225/98 1405/191/98 1402/185/98
s 1
f 1406/237/110 1407/188/111 1408/248/110
s 0
f 1408/248/110 1409/260/110 1406/237/110
s 1
f 1410/235/112 1411/205/113 1412/195/112
s 0
f 1412/195/112 1413/198/112 1410/235/112
s 1
f 1414/206/114 1415/234/115 1416/251/114
s 0
f 1416/251/114 1417/250/114 1414/206/114
s 1
f 1418/225/116 1419/236/117 1420/220/116
s 0
f 1420/220/118 1421/222/118 1418/225/118
s 1
f 1422/258/119 1423/217/120 1424/237/121
s 0
f 1424/237/121 1425/260/121 1422/258/121
s 1
f 1426/254/122 1427/240/123 1428/212/122
s 0
f 1428/212/122 1429/253/122 1426/254/122
s 1
f 1430/199/124 1431/209/125 1432/241/124
s 0
f 1432/241/124 1433/204/124 1430/199/124
s 1
f 1434/243/126 1435/213/127 1436/255/126
s 0
f 1436/255/126 1437/257/126 1434/243/126
s 1
f 1438/214/128 1439/242/129 1440/232/128
s 0
f 1440/232/128 1441/227/128 1438/214/128
s 1
f 1442/185/130 1443/188/131 1444/261/132
f 1444/261/132 1445/262/133 1442/185/130
s 0
f 1446/263/134 1447/264/134 1448/182/134
f 1448/182/135 1449/234/135 1446/263/135
s 1
f 1450/237/136 1451/236/137 1452/265/138
f 1452/265/138 1453/266/139 1450/237/136
f 1454/267/140 1455/268/141 1456/235/142
f 1456/235/142 1457/183/143 1454/267/140
f 1458/187/144 1459/186/145 1460/269/146
f 1460/269/146 1461/270/147 1458/187/144
f 1462/271/148 1463/272/149 1464/184/150
f 1464/184/150 1465/241/151 1462/271/148
f 1466/242/152 1467/243/153 1468/273/154
f 1468/273/154 1469/274/155 1466/242/152
f 1470/275/135 1471/276/135 1472/240/135
s 0
f 1472/240/135 1473/181/135 1470/275/135
f 1474/277/156 1475/223/156 1476/219/156
s 1
f 1477/218/157 1478/259/158 1479/278/159
f 1476/219/156 1477/218/157 1479/278/159
f 1474/277/156 1476/219/156 1479/278/159
f 1474/277/156 1479/278/159 1480/279/160
f 1474/277/156 1480/279/160 1481/280/161
s 0
f 1482/281/162 1483/282/162 1484/283/162
s 1
f 1484/283/163 1485/284/164 1486/256/165
f 1484/283/163 1486/256/165 1487/216/166
f 1482/281/163 1484/283/163 1487/216/166
f 1482/281/163 1487/216/166 1488/215/167
f 1482/281/163 1488/215/167 1489/230/167
s 0
f 1490/285/168 1491/286/168 1492/287/168
f 1492/287/169 1493/288/169 1490/285/169
s 1
f 1494/289/170 1495/290/171 1496/291/171
f 1496/291/171 1497/292/172 1494/289/170
f 1498/293/173 1499/294/174 1500/295/174
f 1500/295/174 1501/296/175 1498/293/173
f 1502/296/176 1503/295/177 1504/297/177
f 1504/297/177 1505/298/178 1502/296/176
s 0
f 1506/298/179 1507/297/179 1508/299/179
f 1508/299/179 1509/300/179 1506/298/179
s 1
f 1510/301/180 1511/302/181 1512/288/182
f 1512/288/182 1513/287/183 1510/301/180
f 1498/293/173 1501/296/175 1514/285/184
f 1514/285/184 1515/303/184 1498/293/173
f 1502/296/176 1505/298/178 1516/286/185
f 1516/286/185 1517/285/186 1502/296/176
f 1506/298/187 1509/300/188 1518/304/189
s 0
f 1518/304/190 1519/286/190 1506/298/191
f 1520/305/168 1521/306/168 1522/307/168
f 1522/307/169 1523/308/169 1520/305/169
s 1
f 1524/309/170 1525/310/171 1526/311/171
f 1526/311/171 1527/312/172 1524/309/170
s 0
f 1528/313/174 1529/314/174 1530/315/174
s 1
f 1530/315/174 1531/316/174 1528/313/192
f 1532/316/176 1533/315/177 1534/317/177
f 1534/317/177 1535/318/178 1532/316/176
s 0
f 1536/318/179 1537/317/179 1538/319/179
s 1
f 1538/319/179 1539/320/193 1536/318/191
f 1540/321/180 1541/322/181 1542/308/182
f 1542/308/182 1543/307/183 1540/321/180
s 0
f 1528/313/194 1531/316/175 1544/305/194
f 1544/305/184 1545/323/184 1528/313/173
s 1
f 1532/316/176 1535/318/178 1546/306/185
f 1546/306/185 1547/305/186 1532/316/176
f 1536/318/191 1539/320/193 1548/324/190
f 1548/324/190 1549/306/190 1536/318/191
s 0
f 1550/290/195 1551/297/195 1552/295/195
f 1552/295/195 1553/291/195 1550/290/195
f 1554/310/195 1555/317/195 1556/315/195
f 1556/315/195 1557/311/195 1554/310/195
f 1558/177/196 1559/178/196 1560/179/196
f 1560/179/196 1561/180/196 1558/177/196
f 1562/181/197 1563/182/197 1564/183/197
f 1564/183/197 1565/184/197 1562/181/197
f 1566/185/198 1567/186/198 1568/187/198
f 1568/187/198 1569/188/198 1566/185/198
f 1570/189/199 1571/190/199 1572/191/199
f 1572/191/199 1573/192/199 1570/189/199
s 1
f 1574/193/200 1575/194/201 1576/195/202
f 1576/195/202 1577/196/196 1574/193/200
f 1578/197/203 1561/180/200 1560/179/200
f 1560/179/200 1579/198/204 1578/197/203
f 1580/199/205 1581/200/206 1582/201/200
f 1582/201/200 1583/202/200 1580/199/205
f 1559/178/200 1558/177/200 1584/203/207
f 1584/203/207 1585/204/208 1559/178/200
s 0
f 1586/205/197 1587/206/197 1588/207/197
f 1588/207/197 1589/208/197 1586/205/197
f 1590/209/197 1591/210/197 1592/211/197
s 1
f 1592/211/197 1593/212/197 1590/209/197
s 0
f 1594/213/198 1595/214/198 1596/215/198
f 1596/215/198 1597/216/198 1594/213/198
s 1
f 1598/217/209 1599/218/209 1600/219/209
s 0
f 1600/219/198 1601/220/198 1598/217/198
s 1
f 1602/221/210 1603/222/211 1604/223/199
f 1604/223/199 1605/224/199 1602/221/210
f 1573/192/199 1572/191/199 1606/225/212
f 1606/225/212 1607/226/213 1573/192/199
f 1608/227/214 1609/228/215 1610/229/199
f 1610/229/199 1611/230/199 1608/227/214
f 1571/190/199 1570/189/199 1612/231/214
f 1612/231/214 1613/232/216 1571/190/199
f 1575/194/201 1614/233/203 1579/198/204
f 1579/198/204 1576/195/202 1575/194/201
f 1615/234/217 1616/206/218 1617/205/217
s 0
f 1617/205/217 1618/235/217 1615/234/217
s 1
f 1619/236/219 1620/237/220 1621/217/219
s 0
f 1621/217/219 1622/220/219 1619/236/219
s 1
f 1623/238/221 1606/225/222 1603/222/211
f 1603/222/211 1602/221/210 1623/238/221
f 1585/204/223 1624/239/207 1581/200/206
f 1581/200/206 1580/199/205 1585/204/223
f 1625/240/224 1626/241/225 1627/209/224
s 0
f 1627/209/224 1628/212/224 1625/240/224
s 1
f 1629/242/226 1630/214/227 1631/213/226
s 0
f 1631/213/226 1632/243/226 1629/242/226
s 1
f 1613/232/228 1633/244/214 1609/228/215
f 1609/228/215 1608/227/214 1613/232/228
f 1634/184/197 1635/183/197 1636/179/197
s 0
f 1636/179/197 1637/178/197 1634/184/197
f 1638/182/229 1639/181/229 1640/245/229
f 1640/245/230 1641/246/230 1638/182/230
f 1642/188/198 1643/187/198 1644/247/198
f 1644/247/198 1645/248/198 1642/188/198
f 1646/186/231 1647/185/231 1648/191/231
f 1648/191/231 1649/190/231 1646/186/231
f 1650/195/197 1651/205/197 1652/208/197
f 1652/208/197 1653/196/197 1650/195/197
f 1654/249/230 1655/207/230 1656/206/230
f 1656/206/230 1657/250/230 1654/249/230
s 1
f 1658/179/232 1659/183/233 1660/235/232
f 1660/235/232 1661/198/232 1658/179/232
s 0
f 1662/251/230 1663/234/230 1664/182/230
f 1664/182/230 1665/246/230 1662/251/230
f 1666/212/234 1667/211/234 1668/252/234
f 1668/252/234 1669/253/234 1666/212/234
f 1670/210/197 1671/209/197 1672/199/197
f 1672/199/197 1673/202/197 1670/210/197
f 1674/181/229 1675/240/229 1676/254/229
f 1676/254/229 1677/245/229 1674/181/229
s 1
f 1678/241/235 1679/184/236 1680/178/235
f 1680/178/235 1681/204/235 1678/241/235
s 0
f 1682/255/198 1683/213/198 1684/216/198
f 1684/216/198 1685/256/198 1682/255/198
f 1686/230/231 1687/215/231 1688/214/231
f 1688/214/231 1689/227/231 1686/230/231
s 1
f 1690/247/237 1691/187/238 1692/243/237
s 0
f 1692/243/239 1693/257/239 1690/247/239
f 1694/232/231 1695/242/231 1696/186/231
f 1696/186/231 1697/190/231 1694/232/231
f 1698/220/240 1699/219/240 1700/223/240
f 1700/223/240 1701/222/240 1698/220/240
f 1702/218/198 1703/217/198 1704/258/198
f 1704/258/198 1705/259/198 1702/218/198
f 1706/185/231 1707/236/231 1708/225/231
f 1708/225/231 1709/191/231 1706/185/231
s 1
f 1710/237/241 1711/188/242 1712/248/241
s 0
f 1712/248/241 1713/260/241 1710/237/241
s 1
f 1714/235/243 1715/205/244 1716/195/243
s 0
f 1716/195/243 1717/198/243 1714/235/243
s 1
f 1718/206/245 1719/234/246 1720/251/245
s 0
f 1720/251/245 1721/250/245 1718/206/245
s 1
f 1722/225/247 1723/236/248 1724/220/247
s 0
f 1724/220/249 1725/222/249 1722/225/249
s 1
f 1726/258/250 1727/217/251 1728/237/252
s 0
f 1728/237/252 1729/260/252 1726/258/252
s 1
f 1730/254/253 1731/240/254 1732/212/253
s 0
f 1732/212/253 1733/253/253 1730/254/253
s 1
f 1734/199/255 1735/209/256 1736/241/255
s 0
f 1736/241/255 1737/204/255 1734/199/255
s 1
f 1738/243/257 1739/213/258 1740/255/257
s 0
f 1740/255/257 1741/257/257 1738/243/257
s 1
f 1742/214/259 1743/242/260 1744/232/261
s 0
f 1744/232/259 1745/227/259 1742/214/259
s 1
f 1746/185/262 1747/188/263 1748/261/264
f 1748/261/264 1749/262/265 1746/185/262
s 0
f 1750/263/266 1751/264/266 1752/182/266
f 1752/182/266 1753/234/266 1750/263/266
s 1
f 1754/237/267 1755/236/268 1756/265/269
f 1756/265/269 1757/266/270 1754/237/267
f 1758/267/271 1759/268/272 1760/235/273
f 1760/235/273 1761/183/274 1758/267/271
f 1762/187/275 1763/186/276 1764/269/277
f 1764/269/277 1765/270/278 1762/187/275
f 1766/271/279 1767/272/280 1768/184/281
f 1768/184/281 1769/241/282 1766/271/279
f 1770/242/283 1771/243/284 1772/273/285
f 1772/273/285 1773/274/286 1770/242/283
s 0
f 1774/275/287 1775/276/287 1776/240/287
f 1776/240/266 1777/181/266 1774/275/266
f 1778/277/288 1779/223/288 1780/219/288
s 1
f 1781/218/289 1782/259/290 1783/278/291
f 1780/219/292 1781/218/289 1783/278/291
f 1778/277/292 1780/219/292 1783/278/291
f 1778/277/292 1783/278/291 1784/279/293
f 1778/277/292 1784/279/293 1785/280/294
s 0
f 1786/281/295 1787/282/295 1788/283/295
s 1
f 1788/283/296 1789/284/297 1790/256/298
f 1788/283/296 1790/256/298 1791/216/299
f 1786/281/295 1788/283/296 1791/216/299
f 1786/281/295 1791/216/299 1792/215/300
f 1786/281/295 1792/215/300 1793/230/301
f 1794/285/302 1795/286/302 1796/287/302
s 0
f 1796/287/302 1797/288/302 1794/285/302
s 1
f 1798/289/303 1799/290/304 1800/291/304
f 1800/291/304 1801/292/305 1798/289/303
f 1802/293/306 1803/294/307 1804/295/307
f 1804/295/307 1805/296/308 1802/293/306
f 1806/296/309 1807/295/310 1808/297/310
f 1808/297/310 1809/298/311 1806/296/309
s 0
f 1810/298/312 1811/297/312 1812/299/312
s 1
f 1812/299/313 1813/300/314 1810/298/315
f 1814/301/316 1815/302/317 1816/288/318
f 1816/288/318 1817/287/319 1814/301/316
f 1802/293/306 1805/296/308 1818/285/320
f 1818/285/320 1819/303/320 1802/293/306
f 1806/296/309 1809/298/311 1820/286/321
f 1820/286/321 1821/285/322 1806/296/309
f 1810/298/315 1813/300/314 1822/304/323
s 0
f 1822/304/324 1823/286/324 1810/298/325
f 1824/305/302 1825/306/302 1826/307/302
f 1826/307/326 1827/308/326 1824/305/326
s 1
f 1828/309/303 1829/310/304 1830/311/304
f 1830/311/304 1831/312/327 1828/309/303
f 1832/313/328 1833/314/329 1834/315/307
f 1834/315/307 1835/316/308 1832/313/328
f 1836/316/309 1837/315/310 1838/317/310
f 1838/317/310 1839/318/311 1836/316/309
s 0
f 1840/318/313 1841/317/313 1842/319/313
s 1
f 1842/319/313 1843/320/314 1840/318/330
f 1844/321/331 1845/322/332 1846/308/333
f 1846/308/333 1847/307/319 1844/321/331
f 1832/313/328 1835/316/308 1848/305/334
s 0
f 1848/305/320 1849/323/320 1832/313/320
s 1
f 1836/316/309 1839/318/311 1850/306/321
f 1850/306/321 1851/305/322 1836/316/309
f 1840/318/330 1843/320/314 1852/324/324
f 1852/324/324 1853/306/324 1840/318/330
s 0
f 1854/290/335 1855/297/335 1856/295/335
f 1856/295/335 1857/291/335 1854/290/335
f 1858/310/335 1859/317/335 1860/315/335
s 1
f 1860/315/335 1861/311/335 1858/310/335
s 0
f 1862/177/336 1863/178/336 1864/179/336
f 1864/179/337 1865/180/337 1862/177/337
f 1866/181/338 1867/182/338 1868/183/338
f 1868/183/338 1869/184/338 1866/181/338
f 1870/185/339 1871/186/339 1872/187/339
f 1872/187/339 1873/188/339 1870/185/339
f 1874/189/340 1875/190/340 1876/191/340
f 1876/191/340 1877/192/340 1874/189/340
s 1
f 1878/193/337 1879/194/341 1880/195/342
f 1880/195/342 1881/196/337 1878/193/337
f 1882/197/343 1865/180/337 1864/179/337
f 1864/179/337 1883/198/344 1882/197/343
f 1884/199/345 1885/200/346 1886/201/336
f 1886/201/336 1887/202/336 1884/199/345
f 1863/178/336 1862/177/336 1888/203/347
f 1888/203/347 1889/204/348 1863/178/336
s 0
f 1890/205/338 1891/206/338 1892/207/338
f 1892/207/338 1893/208/338 1890/205/338
f 1894/209/338 1895/210/338 1896/211/338
f 1896/211/338 1897/212/338 1894/209/338
f 1898/213/339 1899/214/339 1900/215/339
f 1900/215/339 1901/216/339 1898/213/339
f 1902/217/339 1903/218/339 1904/219/339
f 1904/219/339 1905/220/339 1902/217/339
s 1
f 1906/221/349 1907/222/350 1908/223/340
f 1908/223/340 1909/224/340 1906/221/349
f 1877/192/340 1876/191/340 1910/225/351
f 1910/225/351 1911/226/352 1877/192/340
f 1912/227/353 1913/228/354 1914/229/340
f 1914/229/340 1915/230/340 1912/227/353
f 1875/190/340 1874/189/340 1916/231/355
f 1916/231/355 1917/232/356 1875/190/340
f 1879/194/341 1918/233/357 1883/198/358
f 1883/198/358 1880/195/342 1879/194/341
f 1919/234/359 1920/206/360 1921/205/359
s 0
f 1921/205/359 1922/235/359 1919/234/359
s 1
f 1923/236/361 1924/237/362 1925/217/361
s 0
f 1925/217/361 1926/220/361 1923/236/361
s 1
f 1927/238/350 1910/225/349 1907/222/350
f 1907/222/350 1906/221/349 1927/238/350
f 1889/204/348 1928/239/347 1885/200/346
f 1885/200/346 1884/199/345 1889/204/348
f 1929/240/363 1930/241/364 1931/209/363
s 0
f 1931/209/365 1932/212/365 1929/240/365
s 1
f 1933/242/366 1934/214/367 1935/213/366
s 0
f 1935/213/366 1936/243/366 1933/242/366
s 1
f 1917/232/354 1937/244/353 1913/228/354
f 1913/228/354 1912/227/353 1917/232/354
s 0
f 1938/184/338 1939/183/338 1940/179/338
f 1940/179/338 1941/178/338 1938/184/338
f 1942/182/368 1943/181/368 1944/245/368
f 1944/245/368 1945/246/368 1942/182/368
f 1946/188/339 1947/187/339 1948/247/339
f 1948/247/339 1949/248/339 1946/188/339
f 1950/186/369 1951/185/369 1952/191/369
f 1952/191/369 1953/190/369 1950/186/369
f 1954/195/338 1955/205/338 1956/208/338
s 1
f 1956/208/338 1957/196/338 1954/195/338
s 0
f 1958/249/368 1959/207/368 1960/206/368
f 1960/206/368 1961/250/368 1958/249/368
s 1
f 1962/179/370 1963/183/371 1964/235/370
s 0
f 1964/235/370 1965/198/370 1962/179/370
f 1966/251/368 1967/234/368 1968/182/368
f 1968/182/368 1969/246/368 1966/251/368
f 1970/212/372 1971/211/372 1972/252/372
f 1972/252/372 1973/253/372 1970/212/372
f 1974/210/338 1975/209/338 1976/199/338
f 1976/199/338 1977/202/338 1974/210/338
f 1978/181/372 1979/240/372 1980/254/372
f 1980/254/368 1981/245/368 1978/181/368
s 1
f 1982/241/373 1983/184/374 1984/178/375
s 0
f 1984/178/376 1985/204/376 1982/241/376
f 1986/255/339 1987/213/339 1988/216/339
f 1988/216/339 1989/256/339 1986/255/339
f 1990/230/377 1991/215/377 1992/214/377
f 1992/214/377 1993/227/377 1990/230/377
s 1
f 1994/247/378 1995/187/379 1996/243/378
s 0
f 1996/243/380 1997/257/380 1994/247/380
f 1998/232/369 1999/242/369 2000/186/369
f 2000/186/369 2001/190/369 1998/232/369
f 2002/220/381 2003/219/381 2004/223/381
f 2004/223/381 2005/222/381 2002/220/381
f 2006/218/339 2007/217/339 2008/258/339
f 2008/258/339 2009/259/339 2006/218/339
f 2010/185/369 2011/236/369 2012/225/369
f 2012/225/369 2013/191/369 2010/185/369
s 1
f 2014/237/382 2015/188/383 2016/248/382
s 0
f 2016/248/382 2017/260/382 2014/237/382
s 1
f 2018/235/384 2019/205/385 2020/195/384
s 0
f 2020/195/384 2021/198/384 2018/235/384
s 1
f 2022/206/386 2023/234/387 2024/251/386
s 0
f 2024/251/386 2025/250/386 2022/206/386
s 1
f 2026/225/388 2027/236/389 2028/220/388
s 0
f 2028/220/388 2029/222/388 2026/225/388
s 1
f 2030/258/390 2031/217/391 2032/237/392
s 0
f 2032/237/392 2033/260/392 2030/258/392
s 1
f 2034/254/393 2035/240/394 2036/212/393
s 0
f 2036/212/393 2037/253/393 2034/254/393
s 1
f 2038/199/395 2039/209/396 2040/241/395
s 0
f 2040/241/395 2041/204/395 2038/199/395
s 1
f 2042/243/397 2043/213/398 2044/255/397
s 0
f 2044/255/397 2045/257/397 2042/243/397
s 1
f 2046/214/399 2047/242/400 2048/232/399
s 0
f 2048/232/399 2049/227/399 2046/214/399
s 1
f 2050/185/401 2051/188/402 2052/261/403
f 2052/261/403 2053/262/404 2050/185/401
s 0
f 2054/263/405 2055/264/405 2056/182/405
f 2056/182/405 2057/234/405 2054/263/405
s 1
f 2058/237/406 2059/236/407 2060/265/408
f 2060/265/408 2061/266/409 2058/237/406
f 2062/267/410 2063/268/411 2064/235/412
f 2064/235/412 2065/183/413 2062/267/410
f 2066/187/414 2067/186/415 2068/269/416
f 2068/269/416 2069/270/417 2066/187/414
f 2070/271/418 2071/272/419 2072/184/420
f 2072/184/420 2073/241/421 2070/271/418
f 2074/242/422 2075/243/423 2076/273/424
f 2076/273/424 2077/274/425 2074/242/422
s 0
f 2078/275/405 2079/276/405 2080/240/405
f 2080/240/405 2081/181/405 2078/275/405
f 2082/277/426 2083/223/426 2084/219/426
s 1
f 2085/218/427 2086/259/428 2087/278/429
f 2084/219/426 2085/218/427 2087/278/429
f 2082/277/426 2084/219/426 2087/278/429
f 2082/277/426 2087/278/429 2088/279/430
f 2082/277/426 2088/279/430 2089/280/431
s 0
f 2090/281/432 2091/282/432 2092/283/432
s 1
f 2092/283/433 2093/284/434 2094/256/435
f 2092/283/433 2094/256/435 2095/216/436
f 2090/281/437 2092/283/433 2095/216/436
f 2090/281/437 2095/216/436 2096/215/438
f 2090/281/437 2096/215/438 2097/230/438
s 0
f 2098/285/439 2099/286/439 2100/287/439
f 2100/287/439 2101/288/439 2098/285/439
s 1
f 2102/289/440 2103/290/441 2104/291/441
f 2104/291/441 2105/292/442 2102/289/440
f 2106/293/443 2107/294/444 2108/295/444
f 2108/295/444 2109/296/445 2106/293/443
f 2110/296/446 2111/295/447 2112/297/447
f 2112/297/447 2113/298/448 2110/296/446
s 0
f 2114/298/449 2115/297/449 2116/299/449
f 2116/299/449 2117/300/450 2114/298/449
s 1
f 2118/301/451 2119/302/452 2120/288/453
f 2120/288/453 2121/287/454 2118/301/451
f 2106/293/443 2109/296/445 2122/285/455
s 0
f 2122/285/456 2123/303/456 2106/293/456
s 1
f 2110/296/446 2113/298/448 2124/286/457
f 2124/286/457 2125/285/458 2110/296/446
f 2114/298/459 2117/300/460 2126/304/461
f 2126/304/461 2127/286/461 2114/298/459
s 0
f 2128/305/439 2129/306/439 2130/307/439
f 2130/307/439 2131/308/439 2128/305/439
s 1
f 2132/309/440 2133/310/441 2134/311/441
f 2134/311/441 2135/312/442 2132/309/440
f 2136/313/443 2137/314/444 2138/315/444
f 2138/315/444 2139/316/445 2136/313/443
f 2140/316/446 2141/315/447 2142/317/447
f 2142/317/447 2143/318/448 2140/316/446
s 0
f 2144/318/450 2145/317/449 2146/319/449
f 2146/319/449 2147/320/462 2144/318/449
s 1
f 2148/321/451 2149/322/463 2150/308/453
f 2150/308/453 2151/307/464 2148/321/451
f 2136/313/443 2139/316/445 2152/305/455
s 0
f 2152/305/456 2153/323/456 2136/313/465
s 1
f 2140/316/446 2143/318/448 2154/306/457
f 2154/306/457 2155/305/458 2140/316/446
f 2144/318/450 2147/320/459 2156/324/461
f 2156/324/461 2157/306/466 2144/318/450
s 0
f 2158/290/467 2159/297/467 2160/295/467
f 2160/295/467 2161/291/467 2158/290/467
f 2162/310/467 2163/317/467 2164/315/467
f 2164/315/467 2165/311/467 2162/310/467
f 2166/177/468 2167/178/468 2168/179/468
f 2168/179/469 2169/180/469 2166/177/469
f 2170/181/470 2171/182/470 2172/183/470
f 2172/183/470 2173/184/470 2170/181/470
f 2174/185/471 2175/186/471 2176/187/471
f 2176/187/471 2177/188/471 2174/185/471
f 2178/189/472 2179/190/472 2180/191/472
f 2180/191/472 2181/192/472 2178/189/472
s 1
f 2182/193/468 2183/194/473 2184/195/474
f 2184/195/474 2185/196/468 2182/193/468
f 2186/197/475 2169/180/468 2168/179/468
f 2168/179/468 2187/198/476 2186/197/475
f 2188/199/477 2189/200/478 2190/201/469
f 2190/201/469 2191/202/469 2188/199/477
f 2167/178/468 2166/177/468 2192/203/479
f 2192/203/479 2193/204/480 2167/178/468
s 0
f 2194/205/481 2195/206/481 2196/207/481
f 2196/207/470 2197/208/470 2194/205/470
f 2198/209/470 2199/210/470 2200/211/470
f 2200/211/470 2201/212/470 2198/209/470
f 2202/213/471 2203/214/471 2204/215/471
f 2204/215/471 2205/216/471 2202/213/471
f 2206/217/471 2207/218/471 2208/219/471
f 2208/219/471 2209/220/471 2206/217/471
s 1
f 2210/221/482 2211/222/483 2212/223/472
f 2212/223/472 2213/224/472 2210/221/482
f 2181/192/472 2180/191/472 2214/225/484
f 2214/225/484 2215/226/485 2181/192/472
f 2216/227/486 2217/228/487 2218/229/472
f 2218/229/472 2219/230/472 2216/227/486
f 2179/190/472 2178/189/472 2220/231/486
f 2220/231/486 2221/232/488 2179/190/472
f 2183/194/473 2222/233/489 2187/198/490
f 2187/198/490 2184/195/474 2183/194/473
f 2223/234/491 2224/206/492 2225/205/491
s 0
f 2225/205/491 2226/235/491 2223/234/491
s 1
f 2227/236/493 2228/237/494 2229/217/493
s 0
f 2229/217/493 2230/220/493 2227/236/493
s 1
f 2231/238/483 2214/225/482 2211/222/483
f 2211/222/483 2210/221/482 2231/238/483
f 2193/204/480 2232/239/479 2189/200/478
f 2189/200/478 2188/199/477 2193/204/480
f 2233/240/495 2234/241/496 2235/209/495
s 0
f 2235/209/497 2236/212/497 2233/240/497
s 1
f 2237/242/498 2238/214/499 2239/213/498
s 0
f 2239/213/498 2240/243/498 2237/242/498
s 1
f 2221/232/487 2241/244/500 2217/228/487
f 2217/228/487 2216/227/486 2221/232/487
f 2242/184/470 2243/183/470 2244/179/470
s 0
f 2244/179/470 2245/178/470 2242/184/470
f 2246/182/501 2247/181/501 2248/245/501
f 2248/245/501 2249/246/501 2246/182/501
f 2250/188/471 2251/187/471 2252/247/471
f 2252/247/471 2253/248/471 2250/188/471
f 2254/186/502 2255/185/502 2256/191/502
f 2256/191/502 2257/190/502 2254/186/502
f 2258/195/470 2259/205/470 2260/208/470
f 2260/208/470 2261/196/470 2258/195/470
f 2262/249/501 2263/207/501 2264/206/501
f 2264/206/501 2265/250/501 2262/249/501
s 1
f 2266/179/503 2267/183/504 2268/235/503
s 0
f 2268/235/503 2269/198/503 2266/179/503
f 2270/251/501 2271/234/501 2272/182/501
s 1
f 2272/182/501 2273/246/501 2270/251/501
s 0
f 2274/212/505 2275/211/505 2276/252/505
f 2276/252/505 2277/253/505 2274/212/505
f 2278/210/470 2279/209/470 2280/199/470
f 2280/199/481 2281/202/481 2278/210/481
f 2282/181/505 2283/240/505 2284/254/505
f 2284/254/501 2285/245/501 2282/181/501
s 1
f 2286/241/506 2287/184/507 2288/178/506
s 0
f 2288/178/506 2289/204/506 2286/241/506
f 2290/255/471 2291/213/471 2292/216/471
f 2292/216/471 2293/256/471 2290/255/471
f 2294/230/508 2295/215/508 2296/214/508
s 1
f 2296/214/502 2297/227/502 2294/230/502
f 2298/247/509 2299/187/510 2300/243/509
s 0
f 2300/243/509 2301/257/509 2298/247/509
f 2302/232/508 2303/242/508 2304/186/508
f 2304/186/502 2305/190/502 2302/232/502
f 2306/220/511 2307/219/511 2308/223/511
f 2308/223/511 2309/222/511 2306/220/511
f 2310/218/471 2311/217/471 2312/258/471
f 2312/258/471 2313/259/471 2310/218/471
s 1
f 2314/185/502 2315/236/502 2316/225/502
s 0
f 2316/225/502 2317/191/502 2314/185/502
s 1
f 2318/237/512 2319/188/513 2320/248/512
s 0
f 2320/248/512 2321/260/512 2318/237/512
s 1
f 2322/235/514 2323/205/515 2324/195/514
s 0
f 2324/195/514 2325/198/514 2322/235/514
s 1
f 2326/206/516 2327/234/517 2328/251/516
s 0
f 2328/251/516 2329/250/516 2326/206/516
s 1
f 2330/225/518 2331/236/519 2332/220/520
f 2332/220/520 2333/222/521 2330/225/518
f 2334/258/522 2335/217/523 2336/237/524
s 0
f 2336/237/524 2337/260/524 2334/258/524
s 1
f 2338/254/525 2339/240/526 2340/212/525
s 0
f 2340/212/527 2341/253/527 2338/254/527
s 1
f 2342/199/528 2343/209/529 2344/241/528
s 0
f 2344/241/528 2345/204/528 2342/199/528
s 1
f 2346/243/530 2347/213/531 2348/255/530
s 0
f 2348/255/530 2349/257/530 2346/243/530
s 1
f 2350/214/532 2351/242/533 2352/232/532
s 0
f 2352/232/532 2353/227/532 2350/214/532
s 1
f 2354/185/534 2355/188/535 2356/261/536
f 2356/261/536 2357/262/537 2354/185/534
s 0
f 2358/263/538 2359/264/538 2360/182/538
f 2360/182/538 2361/234/538 2358/263/538
s 1
f 2362/237/539 2363/236/540 2364/265/541
f 2364/265/541 2365/266/542 2362/237/539
f 2366/267/543 2367/268/544 2368/235/545
f 2368/235/545 2369/183/546 2366/267/543
f 2370/187/547 2371/186/548 2372/269/549
f 2372/269/549 2373/270/550 2370/187/547
f 2374/271/551 2375/272/552 2376/184/553
f 2376/184/553 2377/241/554 2374/271/551
f 2378/242/555 2379/243/556 2380/273/557
f 2380/273/557 2381/274/558 2378/242/555
s 0
f 2382/275/538 2383/276/538 2384/240/538
f 2384/240/538 2385/181/538 2382/275/538
f 2386/277/559 2387/223/559 2388/219/559
s 1
f 2389/218/560 2390/259/560 2391/278/561
f 2388/219/559 2389/218/560 2391/278/561
f 2386/277/559 2388/219/559 2391/278/561
f 2386/277/559 2391/278/561 2392/279/562
f 2386/277/559 2392/279/562 2393/280/562
s 0
f 2394/281/563 2395/282/563 2396/283/563
s 1
f 2396/283/564 2397/284/565 2398/256/566
f 2396/283/564 2398/256/566 2399/216/567
f 2394/281/564 2396/283/564 2399/216/567
f 2394/281/564 2399/216/567 2400/215/568
f 2394/281/564 2400/215/568 2401/230/568
s 0
f 2402/285/569 2403/286/569 2404/287/569
f 2404/287/570 2405/288/570 2402/285/570
s 1
f 2406/289/571 2407/290/572 2408/291/572
f 2408/291/572 2409/292/573 2406/289/571
f 2410/293/574 2411/294/575 2412/295/575
f 2412/295/575 2413/296/575 2410/293/574
f 2414/296/576 2415/295/577 2416/297/577
f 2416/297/577 2417/298/578 2414/296/576
s 0
f 2418/298/579 2419/297/579 2420/299/579
s 1
f 2420/299/579 2421/300/580 2418/298/581
f 2422/301/582 2423/302/583 2424/288/584
f 2424/288/584 2425/287/585 2422/301/582
s 0
f 2410/293/586 2413/296/587 2426/285/586
f 2426/285/588 2427/303/588 2410/293/587
s 1
f 2414/296/576 2417/298/578 2428/286/589
f 2428/286/589 2429/285/590 2414/296/576
f 2418/298/581 2421/300/580 2430/304/591
f 2430/304/591 2431/286/591 2418/298/581
s 0
f 2432/305/569 2433/306/569 2434/307/569
f 2434/307/569 2435/308/569 2432/305/569
s 1
f 2436/309/571 2437/310/572 2438/311/572
f 2438/311/572 2439/312/573 2436/309/571
f 2440/313/592 2441/314/575 2442/315/575
f 2442/315/575 2443/316/574 2440/313/592
f 2444/316/593 2445/315/577 2446/317/577
f 2446/317/577 2447/318/578 2444/316/593
s 0
f 2448/318/594 2449/317/579 2450/319/579
s 1
f 2450/319/579 2451/320/580 2448/318/581
f 2452/321/582 2453/322/583 2454/308/584
f 2454/308/584 2455/307/585 2452/321/582
f 2440/313/592 2443/316/574 2456/305/595
s 0
f 2456/305/588 2457/323/588 2440/313/588
s 1
f 2444/316/593 2447/318/578 2458/306/589
f 2458/306/589 2459/305/590 2444/316/593
f 2448/318/581 2451/320/580 2460/324/591
f 2460/324/591 2461/306/596 2448/318/581
s 0
f 2462/290/597 2463/297/597 2464/295/597
f 2464/295/597 2465/291/597 2462/290/597
f 2466/310/597 2467/317/597 2468/315/597
f 2468/315/597 2469/311/597 2466/310/597
f 2470/177/598 2471/178/598 2472/179/598
f 2472/179/598 2473/180/598 2470/177/598
f 2474/181/599 2475/182/599 2476/183/599
f 2476/183/599 2477/184/599 2474/181/599
s 1
f 2478/185/600 2479/186/600 2480/187/600
s 0
f 2480/187/601 2481/188/601 2478/185/601
f 2482/189/602 2483/190/602 2484/191/602
s 1
f 2484/191/602 2485/192/602 2482/189/602
f 2486/193/598 2487/194/603 2488/195/604
f 2488/195/604 2489/196/598 2486/193/598
f 2490/197/605 2473/180/598 2472/179/598
f 2472/179/598 2491/198/606 2490/197/605
f 2492/199/607 2493/200/608 2494/201/609
f 2494/201/609 2495/202/609 2492/199/607
f 2471/178/598 2470/177/598 2496/203/610
f 2496/203/610 2497/204/611 2471/178/598
s 0
f 2498/205/599 2499/206/599 2500/207/599
f 2500/207/599 2501/208/599 2498/205/599
s 1
f 2502/209/599 2503/210/599 2504/211/599
s 0
f 2504/211/599 2505/212/599 2502/209/599
s 1
f 2506/213/601 2507/214/601 2508/215/601
s 0
f 2508/215/601 2509/216/601 2506/213/601
f 2510/217/601 2511/218/601 2512/219/601
f 2512/219/600 2513/220/600 2510/217/600
s 1
f 2514/221/612 2515/222/613 2516/223/602
f 2516/223/602 2517/224/602 2514/221/612
f 2485/192/602 2484/191/602 2518/225/614
f 2518/225/614 2519/226/615 2485/192/602
f 2520/227/616 2521/228/617 2522/229/602
f 2522/229/602 2523/230/602 2520/227/616
f 2483/190/602 2482/189/602 2524/231/618
f 2524/231/618 2525/232/619 2483/190/602
f 2487/194/603 2526/233/620 2491/198/621
f 2491/198/621 2488/195/604 2487/194/603
f 2527/234/622 2528/206/623 2529/205/622
s 0
f 2529/205/622 2530/235/622 2527/234/622
s 1
f 2531/236/624 2532/237/625 2533/217/624
s 0
f 2533/217/624 2534/220/624 2531/236/624
s 1
f 2535/238/613 2518/225/612 2515/222/613
f 2515/222/613 2514/221/612 2535/238/613
f 2497/204/626 2536/239/610 2493/200/608
f 2493/200/608 2492/199/607 2497/204/626
f 2537/240/627 2538/241/628 2539/209/627
s 0
f 2539/209/627 2540/212/627 2537/240/627
s 1
f 2541/242/629 2542/214/630 2543/213/629
s 0
f 2543/213/629 2544/243/629 2541/242/629
s 1
f 2525/232/631 2545/244/616 2521/228/617
f 2521/228/617 2520/227/616 2525/232/631
s 0
f 2546/184/599 2547/183/599 2548/179/599
f 2548/179/599 2549/178/599 2546/184/599
f 2550/182/632 2551/181/632 2552/245/632
s 1
f 2552/245/633 2553/246/633 2550/182/633
s 0
f 2554/188/601 2555/187/601 2556/247/601
f 2556/247/601 2557/248/601 2554/188/601
f 2558/186/634 2559/185/634 2560/191/634
f 2560/191/634 2561/190/634 2558/186/634
f 2562/195/599 2563/205/599 2564/208/599
f 2564/208/599 2565/196/599 2562/195/599
f 2566/249/633 2567/207/633 2568/206/633
f 2568/206/633 2569/250/633 2566/249/633
s 1
f 2570/179/635 2571/183/636 2572/235/635
s 0
f 2572/235/637 2573/198/637 2570/179/637
f 2574/251/633 2575/234/633 2576/182/633
f 2576/182/633 2577/246/633 2574/251/633
f 2578/212/632 2579/211/632 2580/252/632
f 2580/252/632 2581/253/632 2578/212/632
f 2582/210/599 2583/209/599 2584/199/599
f 2584/199/599 2585/202/599 2582/210/599
f 2586/181/632 2587/240/632 2588/254/632
f 2588/254/632 2589/245/632 2586/181/632
s 1
f 2590/241/638 2591/184/639 2592/178/638
s 0
f 2592/178/640 2593/204/640 2590/241/640
f 2594/255/601 2595/213/601 2596/216/601
f 2596/216/601 2597/256/601 2594/255/601
f 2598/230/634 2599/215/634 2600/214/634
f 2600/214/634 2601/227/634 2598/230/634
s 1
f 2602/247/641 2603/187/642 2604/243/641
s 0
f 2604/243/641 2605/257/641 2602/247/641
f 2606/232/634 2607/242/634 2608/186/634
f 2608/186/634 2609/190/634 2606/232/634
f 2610/220/643 2611/219/643 2612/223/643
s 1
f 2612/223/634 2613/222/634 2610/220/634
s 0
f 2614/218/600 2615/217/600 2616/258/600
f 2616/258/601 2617/259/601 2614/218/601
f 2618/185/634 2619/236/634 2620/225/634
f 2620/225/634 2621/191/634 2618/185/634
s 1
f 2622/237/644 2623/188/645 2624/248/646
s 0
f 2624/248/646 2625/260/646 2622/237/646
s 1
f 2626/235/647 2627/205/648 2628/195/647
s 0
f 2628/195/647 2629/198/647 2626/235/647
s 1
f 2630/206/649 2631/234/650 2632/251/649
s 0
f 2632/251/651 2633/250/651 2630/206/651
s 1
f 2634/225/652 2635/236/653 2636/220/654
s 0
f 2636/220/652 2637/222/652 2634/225/652
s 1
f 2638/258/655 2639/217/656 2640/237/657
s 0
f 2640/237/657 2641/260/657 2638/258/657
s 1
f 2642/254/658 2643/240/659 2644/212/658
s 0
f 2644/212/658 2645/253/658 2642/254/658
s 1
f 2646/199/660 2647/209/661 2648/241/660
s 0
f 2648/241/660 2649/204/660 2646/199/660
s 1
f 2650/243/662 2651/213/663 2652/255/662
s 0
f 2652/255/662 2653/257/662 2650/243/662
s 1
f 2654/214/664 2655/242/665 2656/232/664
s 0
f 2656/232/666 2657/227/666 2654/214/666
s 1
f 2658/185/667 2659/188/668 2660/261/669
f 2660/261/669 2661/262/670 2658/185/667
s 0
f 2662/263/671 2663/264/671 2664/182/671
f 2664/182/671 2665/234/671 2662/263/671
s 1
f 2666/237/672 2667/236/673 2668/265/674
f 2668/265/674 2669/266/675 2666/237/672
f 2670/267/676 2671/268/677 2672/235/678
f 2672/235/678 2673/183/679 2670/267/676
f 2674/187/680 2675/186/681 2676/269/682
f 2676/269/682 2677/270/683 2674/187/680
f 2678/271/684 2679/272/685 2680/184/686
f 2680/184/686 2681/241/687 2678/271/684
f 2682/242/688 2683/243/689 2684/273/690
f 2684/273/690 2685/274/691 2682/242/688
s 0
f 2686/275/671 2687/276/671 2688/240/671
f 2688/240/671 2689/181/671 2686/275/671
f 2690/277/692 2691/223/692 2692/219/692
s 1
f 2693/218/693 2694/259/693 2695/278/694
f 2692/219/692 2693/218/693 2695/278/694
f 2690/277/692 2692/219/692 2695/278/694
f 2690/277/692 2695/278/694 2696/279/695
f 2690/277/692 2696/279/695 2697/280/696
s 0
f 2698/281/697 2699/282/697 2700/283/697
s 1
f 2700/283/697 2701/284/698 2702/256/699
f 2700/283/697 2702/256/699 2703/216/700
f 2698/281/697 2700/283/697 2703/216/700
f 2698/281/697 2703/216/700 2704/215/701
f 2698/281/697 2704/215/701 2705/230/701
s 0
f 2706/285/702 2707/286/702 2708/287/702
f 2708/287/702 2709/288/702 2706/285/702
s 1
f 2710/289/703 2711/290/704 2712/291/704
f 2712/291/704 2713/292/705 2710/289/703
s 0
f 2714/293/706 2715/294/707 2716/295/707
f 2716/295/707 2717/296/708 2714/293/706
s 1
f 2718/296/709 2719/295/710 2720/297/710
f 2720/297/710 2721/298/711 2718/296/709
s 0
f 2722/298/712 2723/297/712 2724/299/712
f 2724/299/712 2725/300/712 2722/298/712
s 1
f 2726/301/713 2727/302/714 2728/288/715
f 2728/288/715 2729/287/716 2726/301/713
f 2714/293/717 2717/296/718 2730/285/717
s 0
f 2730/285/719 2731/303/719 2714/293/719
s 1
f 2718/296/709 2721/298/711 2732/286/720
f 2732/286/720 2733/285/721 2718/296/709
f 2722/298/722 2725/300/723 2734/304/723
s 0
f 2734/304/724 2735/286/724 2722/298/725
f 2736/305/702 2737/306/702 2738/307/702
f 2738/307/726 2739/308/726 2736/305/726
s 1
f 2740/309/703 2741/310/704 2742/311/704
f 2742/311/704 2743/312/705 2740/309/703
s 0
f 2744/313/707 2745/314/707 2746/315/707
s 1
f 2746/315/707 2747/316/708 2744/313/708
f 2748/316/709 2749/315/710 2750/317/710
f 2750/317/710 2751/318/711 2748/316/709
s 0
f 2752/318/727 2753/317/712 2754/319/712
s 1
f 2754/319/712 2755/320/728 2752/318/729
f 2756/321/730 2757/322/714 2758/308/715
f 2758/308/715 2759/307/716 2756/321/730
s 0
f 2744/313/717 2747/316/718 2760/305/717
f 2760/305/719 2761/323/719 2744/313/719
s 1
f 2748/316/709 2751/318/711 2762/306/720
f 2762/306/720 2763/305/721 2748/316/709
f 2752/318/729 2755/320/728 2764/324/731
s 0
f 2764/324/724 2765/306/724 2752/318/727
f 2766/290/732 2767/297/732 2768/295/732
f 2768/295/732 2769/291/732 2766/290/732
f 2770/310/732 2771/317/732 2772/315/732
f 2772/315/732 2773/311/732 2770/310/732
f 2774/177/733 2775/178/733 2776/179/733
f 2776/179/734 2777/180/734 2774/177/734
f 2778/181/735 2779/182/735 2780/183/735
f 2780/183/735 2781/184/735 2778/181/735
f 2782/185/736 2783/186/736 2784/187/736
f 2784/187/736 2785/188/736 2782/185/736
f 2786/189/737 2787/190/737 2788/191/737
f 2788/191/737 2789/192/737 2786/189/737
s 1
f 2790/193/733 2791/194/738 2792/195/739
f 2792/195/739 2793/196/733 2790/193/733
f 2794/197/740 2777/180/733 2776/179/733
f 2776/179/733 2795/198/741 2794/197/740
f 2796/199/742 2797/200/743 2798/201/734
f 2798/201/734 2799/202/734 2796/199/742
f 2775/178/733 2774/177/733 2800/203/744
f 2800/203/744 2801/204/745 2775/178/733
s 0
f 2802/205/735 2803/206/735 2804/207/735
f 2804/207/735 2805/208/735 2802/205/735
f 2806/209/735 2807/210/735 2808/211/735
f 2808/211/735 2809/212/735 2806/209/735
f 2810/213/736 2811/214/736 2812/215/736
f 2812/215/746 2813/216/746 2810/213/746
f 2814/217/746 2815/218/746 2816/219/746
f 2816/219/736 2817/220/736 2814/217/736
s 1
f 2818/221/747 2819/222/748 2820/223/737
f 2820/223/737 2821/224/737 2818/221/747
f 2789/192/737 2788/191/737 2822/225/749
f 2822/225/749 2823/226/750 2789/192/737
f 2824/227/751 2825/228/752 2826/229/737
f 2826/229/737 2827/230/737 2824/227/751
f 2787/190/737 2786/189/737 2828/231/751
f 2828/231/751 2829/232/753 2787/190/737
f 2791/194/738 2830/233/740 2795/198/754
f 2795/198/754 2792/195/739 2791/194/738
f 2831/234/755 2832/206/756 2833/205/755
s 0
f 2833/205/755 2834/235/755 2831/234/755
s 1
f 2835/236/757 2836/237/758 2837/217/757
s 0
f 2837/217/759 2838/220/759 2835/236/759
s 1
f 2839/238/760 2822/225/749 2819/222/748
f 2819/222/748 2818/221/747 2839/238/760
f 2801/204/761 2840/239/762 2797/200/743
f 2797/200/743 2796/199/742 2801/204/761
f 2841/240/763 2842/241/764 2843/209/763
s 0
f 2843/209/763 2844/212/763 2841/240/763
s 1
f 2845/242/765 2846/214/766 2847/213/765
s 0
f 2847/213/765 2848/243/765 2845/242/765
s 1
f 2829/232/767 2849/244/751 2825/228/752
f 2825/228/752 2824/227/751 2829/232/767
s 0
f 2850/184/735 2851/183/735 2852/179/735
f 2852/179/735 2853/178/735 2850/184/735
f 2854/182/768 2855/181/768 2856/245/768
f 2856/245/769 2857/246/769 2854/182/769
f 2858/188/736 2859/187/736 2860/247/736
f 2860/247/736 2861/248/736 2858/188/736
f 2862/186/770 2863/185/770 2864/191/770
f 2864/191/771 2865/190/771 2862/186/771
f 2866/195/735 2867/205/735 2868/208/735
f 2868/208/735 2869/196/735 2866/195/735
f 2870/249/769 2871/207/769 2872/206/769
f 2872/206/769 2873/250/769 2870/249/769
s 1
f 2874/179/772 2875/183/773 2876/235/772
s 0
f 2876/235/772 2877/198/772 2874/179/772
f 2878/251/769 2879/234/769 2880/182/769
f 2880/182/769 2881/246/769 2878/251/769
f 2882/212/768 2883/211/768 2884/252/768
f 2884/252/768 2885/253/768 2882/212/768
f 2886/210/735 2887/209/735 2888/199/735
f 2888/199/735 2889/202/735 2886/210/735
f 2890/181/768 2891/240/768 2892/254/768
f 2892/254/768 2893/245/768 2890/181/768
s 1
f 2894/241/774 2895/184/775 2896/178/774
s 0
f 2896/178/774 2897/204/774 2894/241/774
f 2898/255/746 2899/213/746 2900/216/746
f 2900/216/746 2901/256/746 2898/255/746
s 1
f 2902/230/771 2903/215/771 2904/214/771
f 2904/214/771 2905/227/771 2902/230/771
f 2906/247/776 2907/187/777 2908/243/776
s 0
f 2908/243/776 2909/257/776 2906/247/776
f 2910/232/771 2911/242/771 2912/186/771
f 2912/186/771 2913/190/771 2910/232/771
f 2914/220/778 2915/219/778 2916/223/778
f 2916/223/778 2917/222/778 2914/220/778
f 2918/218/746 2919/217/746 2920/258/746
s 1
f 2920/258/779 2921/259/779 2918/218/779
s 0
f 2922/185/778 2923/236/778 2924/225/778
f 2924/225/770 2925/191/770 2922/185/770
s 1
f 2926/237/780 2927/188/781 2928/248/780
s 0
f 2928/248/780 2929/260/780 2926/237/780
s 1
f 2930/235/782 2931/205/783 2932/195/784
s 0
f 2932/195/784 2933/198/784 2930/235/784
s 1
f 2934/206/785 2935/234/786 2936/251/785
s 0
f 2936/251/785 2937/250/785 2934/206/785
s 1
f 2938/225/787 2939/236/788 2940/220/787
s 0
f 2940/220/789 2941/222/789 2938/225/789
s 1
f 2942/258/790 2943/217/791 2944/237/792
s 0
f 2944/237/792 2945/260/792 2942/258/792
s 1
f 2946/254/793 2947/240/794 2948/212/793
s 0
f 2948/212/795 2949/253/795 2946/254/795
s 1
f 2950/199/796 2951/209/797 2952/241/796
s 0
f 2952/241/796 2953/204/796 2950/199/796
s 1
f 2954/243/798 2955/213/799 2956/255/798
s 0
f 2956/255/798 2957/257/798 2954/243/798
s 1
f 2958/214/800 2959/242/801 2960/232/800
s 0
f 2960/232/800 2961/227/800 2958/214/800
s 1
f 2962/185/802 2963/188/803 2964/261/804
f 2964/261/804 2965/262/805 2962/185/802
f 2966/263/806 2967/264/806 2968/182/806
s 0
f 2968/182/807 2969/234/807 2966/263/807
s 1
f 2970/237/808 2971/236/809 2972/265/810
f 2972/265/810 2973/266/811 2970/237/808
f 2974/267/812 2975/268/813 2976/235/814
f 2976/235/814 2977/183/815 2974/267/812
f 2978/187/816 2979/186/817 2980/269/818
f 2980/269/818 2981/270/819 2978/187/816
f 2982/271/820 2983/272/821 2984/184/822
f 2984/184/822 2985/241/823 2982/271/820
f 2986/242/824 2987/243/825 2988/273/826
f 2988/273/826 2989/274/827 2986/242/824
s 0
f 2990/275/806 2991/276/806 2992/240/806
f 2992/240/807 2993/181/807 2990/275/807
s 1
f 2994/277/828 2995/223/829 2996/219/829
f 2997/218/830 2998/259/830 2999/278/831
f 2996/219/829 2997/218/830 2999/278/831
f 2994/277/828 2996/219/829 2999/278/831
f 2994/277/828 2999/278/831 3000/279/832
f 2994/277/828 3000/279/832 3001/280/833
s 0
f 3002/281/834 3003/282/834 3004/283/834
s 1
f 3004/283/834 3005/284/835 3006/256/836
f 3004/283/834 3006/256/836 3007/216/837
f 3002/281/834 3004/283/834 3007/216/837
f 3002/281/834 3007/216/837 3008/215/838
f 3002/281/834 3008/215/838 3009/230/838
s 0
f 3010/285/839 3011/286/839 3012/287/839
f 3012/287/839 3013/288/839 3010/285/839
s 1
f 3014/289/840 3015/290/841 3016/291/841
f 3016/291/841 3017/292/842 3014/289/840
s 0
f 3018/293/843 3019/294/843 3020/295/843
f 3020/295/843 3021/296/843 3018/293/844
s 1
f 3022/296/845 3023/295/846 3024/297/846
f 3024/297/846 3025/298/847 3022/296/845
s 0
f 3026/298/848 3027/297/849 3028/299/849
s 1
f 3028/299/849 3029/300/850 3026/298/848
f 3030/301/840 3031/302/851 3032/288/852
f 3032/288/852 3033/287/853 3030/301/840
f 3018/293/854 3021/296/844 3034/285/854
s 0
f 3034/285/855 3035/303/855 3018/293/855
s 1
f 3022/296/845 3025/298/847 3036/286/856
f 3036/286/856 3037/285/857 3022/296/845
f 3026/298/848 3029/300/850 3038/304/858
f 3038/304/858 3039/286/858 3026/298/848
s 0
f 3040/305/839 3041/306/839 3042/307/839
f 3042/307/839 3043/308/839 3040/305/839
s 1
f 3044/309/840 3045/310/841 3046/311/841
f 3046/311/841 3047/312/842 3044/309/840
f 3048/313/859 3049/314/843 3050/315/843
f 3050/315/843 3051/316/860 3048/313/859
f 3052/316/845 3053/315/846 3054/317/846
f 3054/317/846 3055/318/847 3052/316/845
s 0
f 3056/318/861 3057/317/861 3058/319/861
s 1
f 3058/319/849 3059/320/850 3056/318/848
f 3060/321/840 3061/322/851 3062/308/852
f 3062/308/852 3063/307/853 3060/321/840
f 3048/313/859 3051/316/860 3064/305/855
f 3064/305/855 3065/323/855 3048/313/859
f 3052/316/845 3055/318/847 3066/306/856
f 3066/306/856 3067/305/857 3052/316/845
f 3056/318/848 3059/320/850 3068/324/862
f 3068/324/862 3069/306/858 3056/318/848
s 0
f 3070/290/863 3071/297/863 3072/295/863
f 3072/295/864 3073/291/864 3070/290/864
f 3074/310/863 3075/317/863 3076/315/863
f 3076/315/863 3077/311/863 3074/310/863
f 3078/177/865 3079/178/865 3080/179/865
f 3080/179/866 3081/180/866 3078/177/866
f 3082/181/867 3083/182/867 3084/183/867
f 3084/183/867 3085/184/867 3082/181/867
f 3086/185/868 3087/186/868 3088/187/868
f 3088/187/868 3089/188/868 3086/185/868
f 3090/189/869 3091/190/869 3092/191/869
f 3092/191/869 3093/192/869 3090/189/869
s 1
f 3094/193/866 3095/194/870 3096/195/871
f 3096/195/871 3097/196/866 3094/193/866
f 3098/197/872 3081/180/866 3080/179/866
f 3080/179/866 3099/198/873 3098/197/872
f 3100/199/874 3101/200/875 3102/201/866
f 3102/201/866 3103/202/865 3100/199/874
f 3079/178/865 3078/177/865 3104/203/876
f 3104/203/876 3105/204/877 3079/178/865
s 0
f 3106/205/867 3107/206/867 3108/207/867
f 3108/207/867 3109/208/867 3106/205/867
f 3110/209/867 3111/210/867 3112/211/867
f 3112/211/867 3113/212/867 3110/209/867
f 3114/213/868 3115/214/868 3116/215/868
f 3116/215/868 3117/216/868 3114/213/868
f 3118/217/878 3119/218/878 3120/219/878
f 3120/219/868 3121/220/868 3118/217/868
s 1
f 3122/221/879 3123/222/880 3124/223/869
f 3124/223/869 3125/224/869 3122/221/879
f 3093/192/869 3092/191/869 3126/225/881
f 3126/225/881 3127/226/882 3093/192/869
f 3128/227/883 3129/228/884 3130/229/869
f 3130/229/869 3131/230/869 3128/227/883
f 3091/190/869 3090/189/869 3132/231/883
f 3132/231/883 3133/232/885 3091/190/869
f 3095/194/870 3134/233/886 3099/198/873
f 3099/198/873 3096/195/871 3095/194/870
f 3135/234/887 3136/206/888 3137/205/887
s 0
f 3137/205/887 3138/235/887 3135/234/887
s 1
f 3139/236/889 3140/237/890 3141/217/889
s 0
f 3141/217/889 3142/220/889 3139/236/889
s 1
f 3143/238/880 3126/225/879 3123/222/880
f 3123/222/880 3122/221/879 3143/238/880
f 3105/204/891 3144/239/892 3101/200/875
f 3101/200/875 3100/199/874 3105/204/891
f 3145/240/893 3146/241/894 3147/209/893
f 3147/209/893 3148/212/893 3145/240/893
f 3149/242/895 3150/214/896 3151/213/895
s 0
f 3151/213/895 3152/243/895 3149/242/895
s 1
f 3133/232/884 3153/244/883 3129/228/884
f 3129/228/884 3128/227/883 3133/232/884
s 0
f 3154/184/867 3155/183/867 3156/179/867
f 3156/179/897 3157/178/897 3154/184/897
f 3158/182/898 3159/181/898 3160/245/898
f 3160/245/899 3161/246/899 3158/182/899
f 3162/188/868 3163/187/868 3164/247/868
f 3164/247/868 3165/248/868 3162/188/868
f 3166/186/900 3167/185/900 3168/191/900
f 3168/191/900 3169/190/900 3166/186/900
f 3170/195/867 3171/205/867 3172/208/867
f 3172/208/867 3173/196/867 3170/195/867
f 3174/249/899 3175/207/899 3176/206/899
f 3176/206/899 3177/250/899 3174/249/899
s 1
f 3178/179/901 3179/183/902 3180/235/901
s 0
f 3180/235/901 3181/198/901 3178/179/901
f 3182/251/899 3183/234/899 3184/182/899
f 3184/182/899 3185/246/899 3182/251/899
f 3186/212/903 3187/211/903 3188/252/903
f 3188/252/903 3189/253/903 3186/212/903
f 3190/210/867 3191/209/867 3192/199/867
f 3192/199/867 3193/202/867 3190/210/867
f 3194/181/898 3195/240/898 3196/254/898
f 3196/254/898 3197/245/898 3194/181/898
s 1
f 3198/241/904 3199/184/905 3200/178/904
s 0
f 3200/178/906 3201/204/906 3198/241/906
f 3202/255/878 3203/213/878 3204/216/878
f 3204/216/878 3205/256/878 3202/255/878
f 3206/230/900 3207/215/900 3208/214/900
f 3208/214/900 3209/227/900 3206/230/900
s 1
f 3210/247/907 3211/187/908 3212/243/907
s 0
f 3212/243/909 3213/257/909 3210/247/909
f 3214/232/900 3215/242/900 3216/186/900
f 3216/186/900 3217/190/900 3214/232/900
f 3218/220/910 3219/219/910 3220/223/910
f 3220/223/910 3221/222/910 3218/220/910
s 1
f 3222/218/878 3223/217/878 3224/258/878
s 0
f 3224/258/868 3225/259/868 3222/218/868
f 3226/185/900 3227/236/900 3228/225/900
f 3228/225/900 3229/191/900 3226/185/900
s 1
f 3230/237/911 3231/188/912 3232/248/911
s 0
f 3232/248/911 3233/260/911 3230/237/911
s 1
f 3234/235/913 3235/205/914 3236/195/913
s 0
f 3236/195/915 3237/198/915 3234/235/915
s 1
f 3238/206/916 3239/234/917 3240/251/916
s 0
f 3240/251/916 3241/250/916 3238/206/916
s 1
f 3242/225/918 3243/236/919 3244/220/920
s 0
f 3244/220/921 3245/222/921 3242/225/921
s 1
f 3246/258/922 3247/217/923 3248/237/924
s 0
f 3248/237/924 3249/260/924 3246/258/924
s 1
f 3250/254/925 3251/240/926 3252/212/925
s 0
f 3252/212/925 3253/253/925 3250/254/925
s 1
f 3254/199/927 3255/209/928 3256/241/927
s 0
f 3256/241/927 3257/204/927 3254/199/927
s 1
f 3258/243/929 3259/213/930 3260/255/929
s 0
f 3260/255/929 3261/257/929 3258/243/929
s 1
f 3262/214/931 3263/242/932 3264/232/933
s 0
f 3264/232/931 3265/227/931 3262/214/931
s 1
f 3266/185/934 3267/188/935 3268/261/936
f 3268/261/936 3269/262/937 3266/185/934
s 0
f 3270/263/938 3271/264/938 3272/182/938
f 3272/182/938 3273/234/938 3270/263/938
s 1
f 3274/237/939 3275/236/940 3276/265/941
f 3276/265/941 3277/266/942 3274/237/939
f 3278/267/943 3279/268/944 3280/235/945
f 3280/235/945 3281/183/946 3278/267/943
f 3282/187/947 3283/186/948 3284/269/949
f 3284/269/949 3285/270/950 3282/187/947
f 3286/271/951 3287/272/952 3288/184/953
f 3288/184/953 3289/241/954 3286/271/951
f 3290/242/955 3291/243/956 3292/273/957
f 3292/273/957 3293/274/958 3290/242/955
s 0
f 3294/275/938 3295/276/938 3296/240/938
f 3296/240/959 3297/181/959 3294/275/959
f 3298/277/960 3299/223/960 3300/219/960
s 1
f 3301/218/961 3302/259/961 3303/278/962
f 3300/219/960 3301/218/961 3303/278/962
f 3298/277/960 3300/219/960 3303/278/962
f 3298/277/960 3303/278/962 3304/279/963
f 3298/277/960 3304/279/963 3305/280/964
s 0
f 3306/281/965 3307/282/965 3308/283/965
s 1
f 3308/283/966 3309/284/967 3310/256/968
f 3308/283/966 3310/256/968 3311/216/969
f 3306/281/966 3308/283/966 3311/216/969
f 3306/281/966 3311/216/969 3312/215/970
f 3306/281/966 3312/215/970 3313/230/971
s 0
f 3314/285/972 3315/286/972 3316/287/972
f 3316/287/972 3317/288/972 3314/285/972
s 1
f 3318/289/973 3319/290/974 3320/291/974
f 3320/291/974 3321/292/975 3318/289/973
f 3322/293/976 3323/294/977 3324/295/977
s 0
f 3324/295/977 3325/296/977 3322/293/978
s 1
f 3326/296/979 3327/295/980 3328/297/980
f 3328/297/980 3329/298/981 3326/296/979
s 0
f 3330/298/982 3331/297/983 3332/299/983
s 1
f 3332/299/983 3333/300/984 3330/298/982
f 3334/301/985 3335/302/986 3336/288/987
f 3336/288/987 3337/287/988 3334/301/985
f 3322/293/989 3325/296/978 3338/285/990
s 0
f 3338/285/991 3339/303/991 3322/293/991
s 1
f 3326/296/979 3329/298/981 3340/286/992
f 3340/286/992 3341/285/993 3326/296/979
f 3330/298/982 3333/300/984 3342/304/994
f 3342/304/994 3343/286/995 3330/298/982
s 0
f 3344/305/972 3345/306/972 3346/307/972
f 3346/307/972 3347/308/972 3344/305/972
s 1
f 3348/309/973 3349/310/974 3350/311/974
f 3350/311/974 3351/312/975 3348/309/973
f 3352/313/976 3353/314/977 3354/315/977
s 0
f 3354/315/977 3355/316/977 3352/313/978
s 1
f 3356/316/979 3357/315/980 3358/317/980
f 3358/317/980 3359/318/981 3356/316/979
s 0
f 3360/318/983 3361/317/983 3362/319/983
s 1
f 3362/319/983 3363/320/984 3360/318/982
f 3364/321/985 3365/322/996 3366/308/987
f 3366/308/987 3367/307/988 3364/321/985
f 3352/313/990 3355/316/978 3368/305/991
f 3368/305/991 3369/323/991 3352/313/990
f 3356/316/979 3359/318/981 3370/306/992
f 3370/306/992 3371/305/993 3356/316/979
f 3360/318/982 3363/320/984 3372/324/994
f 3372/324/994 3373/306/995 3360/318/982
s 0
f 3374/290/997 3375/297/997 3376/295/997
f 3376/295/997 3377/291/997 3374/290/997
f 3378/310/997 3379/317/997 3380/315/997
f 3380/315/997 3381/311/997 3378/310/997
f 3382/325/2 3383/326/2 3384/327/2
f 3384/327/2 3385/328/2 3382/325/2
s 1
f 3386/329/998 3387/330/999 3388/331/1000
f 3388/331/1000 3389/332/1001 3386/329/998
s 0
f 3390/333/4 3391/334/4 3392/335/4
f 3392/335/4 3393/336/4 3390/333/4
f 3394/337/1002 3395/338/1002 3396/339/1002
f 3396/339/1002 3397/340/1002 3394/337/1002
s 1
f 3398/341/1003 3399/342/1004 3386/329/998
f 3386/329/998 3389/332/1001 3398/341/1003
f 3400/343/1005 3401/344/1006 3388/331/1000
f 3388/331/1000 3387/330/999 3400/343/1005
f 3400/343/1005 3387/330/999 3402/345/1007
f 3402/345/1007 3403/346/1008 3400/343/1005
s 0
f 3404/347/2 3383/326/2 3382/325/2
f 3382/325/2 3405/348/2 3404/347/2
f 3406/349/2 3407/350/2 3408/351/2
f 3408/351/2 3409/352/2 3406/349/2
f 3410/332/1 3411/331/1 3412/353/1
f 3412/353/1 3413/354/1 3410/332/1
f 3414/341/1 3410/332/1 3413/354/1
f 3413/354/1 3415/355/1 3414/341/1
s 1
f 3416/342/1009 3417/341/1010 3418/356/1011
f 3418/356/1011 3419/357/1012 3416/342/1009
f 3420/358/1013 3416/342/1009 3419/357/1012
s 0
f 3419/357/1012 3421/359/1013 3420/358/1013
f 3422/360/2 3423/361/2 3424/362/2
f 3424/362/2 3425/363/2 3422/360/2
s 1
f 3426/344/1014 3427/343/1015 3428/364/1016
f 3428/364/1016 3429/365/1017 3426/344/1014
s 0
f 3411/331/1 3430/344/1 3431/366/1
f 3431/366/1 3412/353/1 3411/331/1
s 1
f 3432/354/1018 3433/353/1019 3434/367/1020
f 3434/367/1020 3435/368/1021 3432/354/1018
f 3436/355/1022 3432/354/1018 3435/368/1021
f 3435/368/1021 3437/369/1023 3436/355/1022
f 3438/357/1024 3439/356/1025 3440/370/1026
f 3440/370/1026 3441/371/1027 3438/357/1024
f 3438/357/1024 3441/371/1027 3442/372/1028
f 3442/372/1028 3443/359/1029 3438/357/1024
s 0
f 3444/373/3 3445/349/3 3446/352/3
f 3446/352/3 3447/374/3 3444/373/3
s 1
f 3448/365/1030 3449/364/1031 3450/375/1032
f 3450/375/1032 3451/376/1033 3448/365/1030
f 3433/353/1019 3452/366/1034 3453/377/1033
f 3453/377/1033 3434/367/1020 3433/353/1019
f 3454/358/1035 3455/378/1036 3386/329/998
f 3386/329/998 3399/342/1004 3454/358/1035
f 3456/379/1037 3457/380/1038 3458/381/1039
f 3456/379/1037 3458/381/1039 3403/346/1008
f 3456/379/1037 3403/346/1008 3402/345/1007
s 0
f 3420/358/1040 3421/359/1040 3459/382/1041
f 3459/382/1041 3460/383/1041 3420/358/1041
f 3427/343/1042 3461/346/1042 3462/384/1042
f 3462/384/1042 3428/364/1042 3427/343/1042
s 1
f 3443/359/1029 3442/372/1028 3463/385/1043
f 3463/385/1043 3464/382/1044 3443/359/1029
f 3465/384/1045 3466/386/1046 3450/375/1032
f 3450/375/1032 3449/364/1031 3465/384/1045
f 3467/387/1047 3456/379/1037 3402/345/1007
f 3402/345/1007 3455/378/1036 3467/387/1047
s 0
f 3468/388/4 3469/389/4 3470/390/4
f 3470/390/4 3471/391/4 3468/388/4
s 1
f 3455/378/1036 3454/358/1035 3472/383/1048
f 3472/383/1048 3473/392/1049 3467/387/1047
f 3455/378/1036 3472/383/1048 3467/387/1047
s 0
f 3474/381/1050 3475/393/1050 3462/384/1051
f 3462/384/1051 3461/346/1051 3474/381/1051
s 1
f 3476/393/1052 3477/394/1053 3466/386/1046
f 3466/386/1046 3465/384/1045 3476/393/1052
s 0
f 3478/395/4 3479/396/4 3480/397/4
f 3480/397/4 3481/398/4 3478/395/4
f 3482/399/13 3483/400/13 3484/401/13
f 3484/401/13 3485/402/13 3482/399/13
f 3486/403/2 3487/404/2 3488/405/2
f 3488/405/2 3489/406/2 3486/403/2
f 3490/407/4 3491/408/4 3469/389/4
f 3469/389/4 3468/388/4 3490/407/4
f 3492/402/4 3493/409/4 3494/410/4
f 3494/410/4 3495/399/4 3492/402/4
f 3496/411/2 3486/403/2 3489/406/2
f 3489/406/2 3497/412/2 3496/411/2
f 3498/413/2 3496/411/2 3497/412/2
f 3497/412/2 3499/414/2 3498/413/2
f 3500/415/2 3501/416/2 3502/417/2
f 3502/417/2 3503/395/2 3500/415/2
f 3504/416/3 3505/418/3 3506/414/3
f 3506/414/3 3507/417/3 3504/416/3
f 3508/419/1002 3509/420/1002 3510/421/1002
f 3510/421/1002 3511/422/1002 3508/419/1002
f 3512/423/13 3513/424/13 3514/425/13
f 3514/425/13 3515/426/13 3512/423/13
f 3516/406/1054 3517/405/1054 3518/427/1054
f 3518/427/1055 3519/428/1055 3516/406/1055
f 3520/412/1055 3516/406/1055 3519/428/1055
f 3519/428/1055 3521/429/1055 3520/412/1055
s 1
f 3522/414/1056 3520/412/1057 3521/429/1057
s 0
f 3521/429/1055 3523/430/1055 3522/414/1055
s 1
f 3524/417/1056 3522/414/1058 3523/430/1059
f 3523/430/1059 3525/431/1060 3524/417/1056
s 0
f 3526/395/1055 3524/417/1055 3525/431/1055
f 3525/431/1055 3527/432/1055 3526/395/1055
f 3528/396/1055 3526/395/1055 3527/432/1055
f 3527/432/1055 3529/433/1055 3528/396/1055
s 1
f 3530/434/1061 3531/435/1062 3532/436/1063
f 3532/436/1063 3533/437/2 3530/434/1061
s 0
f 3534/438/1064 3535/434/1064 3536/437/1064
f 3536/437/1064 3537/439/1064 3534/438/1064
s 1
f 3538/440/1065 3539/438/1066 3540/439/1067
f 3540/439/1067 3541/441/1068 3538/440/1065
s 0
f 3542/399/1069 3543/410/1069 3544/442/1069
f 3544/442/1070 3545/443/1070 3542/399/1071
f 3546/400/1072 3542/399/1073 3545/443/1069
f 3545/443/1074 3547/444/1074 3546/400/1074
f 3546/400/1075 3547/444/1075 3548/445/1075
f 3548/445/1075 3549/446/1076 3546/400/1075
f 3550/447/3 3551/448/3 3552/449/3
f 3552/449/3 3553/450/3 3554/451/3
f 3550/447/3 3552/449/3 3554/451/3
f 3555/452/1 3556/453/1 3557/454/1
f 3557/454/1 3558/455/1 3555/452/1
f 3559/351/1 3560/452/1 3561/455/1
f 3561/455/1 3562/456/1 3559/351/1
f 3563/352/1 3564/351/1 3565/456/1
f 3565/456/1 3566/457/1 3563/352/1
s 1
f 3567/374/1077 3568/352/1078 3569/457/1077
f 3569/457/1077 3570/458/1079 3567/374/1077
f 3571/459/1080 3572/374/1081 3573/458/1082
s 0
f 3573/458/1083 3574/460/1083 3571/459/1083
f 3575/461/1084 3576/459/1084 3577/460/1084
f 3577/460/1085 3578/462/1085 3575/461/1085
f 3579/463/1 3580/461/1 3581/462/1
f 3581/462/1 3582/464/1 3579/463/1
f 3583/423/1086 3584/463/1087 3585/464/1087
f 3585/464/1088 3586/465/1088 3583/423/1088
s 1
f 3587/424/1089 3588/423/1090 3589/465/1089
s 0
f 3589/465/1089 3590/466/1089 3587/424/1089
f 3591/467/3 3592/468/3 3593/449/3
f 3593/449/3 3594/448/3 3591/467/3
f 3595/453/3 3596/469/3 3597/470/3
f 3597/470/3 3598/471/3 3595/453/3
f 3599/419/1091 3600/422/1091 3601/472/1091
f 3601/472/1091 3602/459/1091 3599/419/1091
s 1
f 3603/420/1092 3604/419/1092 3605/459/1092
s 0
f 3605/459/1092 3606/461/1092 3603/420/1092
f 3607/340/1093 3608/420/1093 3609/461/1093
f 3609/461/1093 3610/463/1093 3607/340/1093
f 3611/337/1094 3612/340/1094 3613/463/1094
f 3613/463/1094 3614/423/1094 3611/337/1094
f 3615/338/1095 3616/337/1095 3617/423/1095
f 3617/423/1095 3618/473/1095 3615/338/1095
f 3619/339/1096 3620/338/1096 3621/473/1096
f 3621/473/1096 3622/474/1096 3619/339/1096
f 3623/335/4 3624/334/4 3625/475/4
f 3625/475/4 3626/476/4 3623/335/4
s 1
f 3627/422/1097 3628/421/1097 3629/477/1097
s 0
f 3629/477/1097 3630/472/1097 3627/422/1097
s 1
f 3631/336/1098 3632/335/1099 3633/421/1100
f 3633/421/1100 3634/420/1101 3631/336/1098
s 0
f 3635/333/1102 3636/336/1102 3637/420/1102
f 3637/420/1102 3638/340/1102 3635/333/1102
s 1
f 3639/334/1103 3640/333/1104 3641/340/1105
s 0
f 3641/340/1106 3642/339/1106 3639/334/1106
s 1
f 3643/475/1107 3644/334/1108 3645/339/1107
f 3645/339/1107 3646/474/1107 3643/475/1107
f 3647/335/1109 3648/476/1110 3649/477/1111
s 0
f 3649/477/1112 3650/421/1112 3647/335/1112
f 3651/347/1113 3652/348/1113 3653/351/1113
f 3653/351/1113 3654/350/1113 3651/347/1113
f 3655/326/1114 3656/347/1114 3657/350/1115
f 3657/350/1115 3658/478/1115 3655/326/1115
f 3659/327/1116 3660/326/1117 3661/478/1116
f 3661/478/1118 3662/469/1118 3659/327/1118
f 3663/328/1119 3664/327/1119 3665/469/1119
f 3665/469/1119 3666/453/1119 3663/328/1119
f 3667/325/1120 3668/328/1120 3669/453/1120
f 3669/453/1120 3670/452/1120 3667/325/1120
f 3671/348/1120 3672/325/1120 3673/452/1120
f 3673/452/1120 3674/351/1120 3671/348/1120
f 3675/360/1121 3676/363/1121 3677/459/1121
f 3677/459/1121 3678/479/1121 3675/360/1121
f 3679/361/1122 3680/360/1122 3681/479/1122
f 3681/479/1122 3682/373/1122 3679/361/1122
f 3683/362/1119 3684/361/1119 3685/373/1119
f 3685/373/1119 3686/374/1119 3683/362/1119
f 3687/363/1123 3688/362/1123 3689/374/1123
f 3689/374/1123 3690/459/1123 3687/363/1123
f 3691/389/1124 3692/408/1124 3693/480/1124
f 3693/480/1124 3694/435/1124 3691/389/1124
f 3695/390/1125 3696/389/1125 3697/435/1125
f 3697/435/1125 3698/434/1125 3695/390/1125
f 3699/391/1126 3700/390/1126 3701/434/1126
f 3701/434/1126 3702/438/1126 3699/391/1126
f 3703/388/1127 3704/391/1127 3705/438/1127
s 1
f 3705/438/1127 3706/440/1127 3703/388/1127
s 0
f 3707/407/1128 3708/388/1128 3709/440/1128
f 3709/440/1128 3710/481/1128 3707/407/1128
f 3711/408/1129 3712/407/1129 3713/481/1129
f 3713/481/1129 3714/480/1129 3711/408/1129
f 3715/448/1130 3716/447/1130 3717/482/1130
f 3717/482/1130 3718/483/1130 3715/448/1130
s 1
f 3719/467/1131 3720/448/1131 3721/483/1131
f 3721/483/1131 3722/484/1131 3719/467/1131
s 0
f 3723/468/1132 3724/467/1132 3725/484/1132
f 3725/484/1132 3726/485/1132 3723/468/1132
f 3727/449/1133 3728/468/1133 3729/485/1133
f 3729/485/1133 3730/486/1133 3727/449/1133
s 1
f 3731/450/1132 3732/449/1132 3733/486/1132
s 0
f 3733/486/1132 3734/487/1132 3731/450/1132
s 1
f 3735/451/1134 3736/450/1135 3737/487/1134
s 0
f 3737/487/1136 3738/488/1136 3735/451/1136
s 1
f 3739/489/1137 3740/490/1 3741/491/1
f 3741/491/1 3742/492/1137 3739/489/1137
s 0
f 3743/493/13 3744/494/13 3745/495/13
f 3745/495/13 3746/496/13 3743/493/13
f 3747/493/1138 3748/496/1138 3749/497/1138
s 1
f 3749/497/1138 3750/498/1138 3747/493/1138
s 0
f 3751/499/2 3752/500/2 3753/501/2
f 3753/501/2 3754/502/2 3751/499/2
f 3755/499/3 3756/502/3 3757/503/3
f 3757/503/3 3758/504/3 3755/499/3
f 3759/504/1139 3760/505/1139 3761/506/1139
f 3761/506/1139 3762/499/1139 3759/504/1139
f 3763/507/4 3764/508/4 3765/501/4
f 3765/501/4 3766/500/4 3763/507/4
f 3758/504/3 3757/503/3 3767/509/3
f 3767/509/3 3768/510/3 3758/504/3
f 3769/511/13 3770/490/13 3771/512/13
f 3771/512/13 3772/513/13 3769/511/13
f 3773/511/4 3774/513/4 3775/514/4
f 3775/514/4 3776/515/4 3773/511/4
f 3777/516/2 3778/517/2 3779/518/2
f 3779/518/2 3780/519/2 3777/516/2
f 3781/516/3 3758/504/3 3768/510/3
f 3768/510/3 3782/489/3 3781/516/3
s 1
f 3739/489/1137 3742/492/1137 3783/517/1140
f 3783/517/1140 3784/516/1140 3739/489/1137
s 0
f 3785/520/4 3786/521/4 3764/508/4
f 3764/508/4 3763/507/4 3785/520/4
f 3787/522/1141 3788/523/1141 3789/495/1141
f 3789/495/1141 3790/494/1141 3787/522/1141
f 3791/515/4 3792/514/4 3793/524/4
f 3793/524/4 3794/525/4 3791/515/4
f 3782/489/3 3768/510/3 3795/512/3
f 3795/512/3 3796/490/3 3782/489/3
s 1
f 3797/495/1142 3798/523/1143 3799/509/1142
s 0
f 3799/509/1144 3800/526/1144 3797/495/1144
f 3801/496/1145 3802/495/1145 3803/526/1145
f 3803/526/1145 3804/527/1145 3801/496/1145
s 1
f 3805/493/1146 3806/498/1147 3807/514/1146
s 0
f 3807/514/1148 3808/513/1148 3805/493/1148
f 3809/494/1149 3810/493/1149 3811/513/1149
f 3811/513/1149 3812/512/1149 3809/494/1149
s 1
f 3813/522/1150 3814/494/1151 3815/512/1150
s 0
f 3815/512/1150 3816/510/1150 3813/522/1150
f 3817/523/1152 3818/522/1152 3819/510/1152
f 3819/510/1152 3820/509/1152 3817/523/1152
f 3821/528/1 3822/529/1 3823/530/1
f 3823/530/1 3824/531/1 3825/532/1
f 3821/528/1 3823/530/1 3825/532/1
f 3826/533/13 3827/534/13 3828/535/13
f 3828/535/13 3829/536/13 3826/533/13
f 3830/537/3 3831/538/3 3832/539/3
f 3832/539/3 3833/540/3 3830/537/3
f 3834/541/1153 3835/537/1153 3836/540/1153
f 3836/540/1153 3837/542/1153 3834/541/1153
s 1
f 3838/543/1154 3839/544/1155 3840/545/1156
f 3840/545/1156 3841/546/4 3842/547/4
f 3838/543/1154 3840/545/1156 3842/547/4
f 3843/548/4 3844/549/4 3845/550/1157
f 3845/550/1157 3846/551/1158 3843/548/4
s 0
f 3847/552/3 3848/553/3 3849/554/3
s 1
f 3847/552/1159 3849/554/3 3850/555/1160
f 3850/555/1160 3851/556/1161 3852/557/1162
f 3847/552/1159 3850/555/1160 3852/557/1162
s 0
f 3853/558/3 3854/559/3 3855/560/3
f 3855/560/3 3856/561/3 3853/558/3
f 3857/562/4 3858/563/4 3859/564/4
f 3859/564/4 3860/565/4 3857/562/4
f 3861/566/1163 3862/567/1163 3863/539/1163
f 3863/539/1163 3864/538/1163 3861/566/1163
f 3865/568/1164 3866/569/1164 3867/570/1164
f 3867/570/1164 3868/571/1164 3865/568/1164
s 1
f 3869/572/1165 3865/568/1166 3868/571/1166
f 3868/571/1166 3870/573/1167 3869/572/1165
f 3871/574/1168 3869/572/1165 3870/573/1167
f 3870/573/1167 3872/575/1168 3871/574/1168
s 0
f 3873/559/1168 3874/576/1168 3875/577/1168
f 3875/577/1168 3876/560/1168 3873/559/1168
f 3877/578/1 3878/579/1 3821/528/1
f 3821/528/1 3825/532/1 3877/578/1
f 3879/580/2 3880/581/2 3881/582/2
f 3881/582/2 3882/561/2 3879/580/2
f 3883/583/2 3884/584/2 3885/585/2
f 3885/585/2 3886/586/2 3883/583/2
f 3887/587/2 3883/583/2 3886/586/2
f 3886/586/2 3888/588/2 3887/587/2
f 3889/589/2 3887/587/2 3888/588/2
f 3888/588/2 3890/590/2 3889/589/2
f 3891/566/2 3892/591/2 3893/592/2
f 3893/592/2 3894/593/2 3891/566/2
s 1
f 3895/594/1169 3896/595/1170 3897/596/1171
f 3897/596/1171 3898/597/1172 3895/594/1169
f 3899/598/1173 3900/599/1174 3901/600/1175
f 3901/600/1175 3902/601/1176 3899/598/1173
f 3903/602/1177 3904/603/1178 3905/604/1179
f 3905/604/1179 3906/605/1180 3903/602/1177
f 3907/606/1181 3908/607/1182 3909/608/1158
f 3909/608/1158 3910/609/1183 3907/606/1181
f 3911/610/4 3912/611/1184 3913/612/1185
f 3913/612/1185 3914/613/1186 3915/614/4
f 3911/610/4 3913/612/1185 3915/614/4
f 3916/615/1187 3917/616/1188 3918/617/1189
f 3918/617/1189 3919/618/1190 3916/615/1187
s 0
f 3920/619/1191 3921/620/1191 3922/621/1191
f 3922/621/1191 3923/622/1191 3920/619/1191
f 3856/561/3 3855/560/3 3924/623/3
f 3924/623/3 3925/580/3 3856/561/3
f 3854/559/3 3853/558/3 3926/541/3
f 3926/541/3 3927/542/3 3854/559/3
s 1
f 3928/624/1192 3929/625/1193 3930/615/1194
f 3930/615/1194 3931/618/1195 3928/624/1192
s 0
f 3876/560/1168 3875/577/1168 3932/626/1168
f 3932/626/1168 3933/623/1168 3876/560/1168
f 3874/576/1196 3873/559/1196 3934/542/1196
f 3934/542/1196 3935/627/1196 3874/576/1196
f 3936/558/2 3937/628/2 3938/629/2
f 3938/629/2 3939/541/2 3936/558/2
f 3882/561/2 3881/582/2 3937/628/2
f 3937/628/2 3936/558/2 3882/561/2
s 1
f 3940/603/1197 3941/630/1198 3942/631/1199
f 3942/631/1199 3943/604/1200 3940/603/1197
s 0
f 3944/632/2 3945/633/2 3946/634/2
f 3946/634/2 3947/635/2 3944/632/2
f 3948/636/13 3949/637/13 3950/638/13
f 3951/639/13 3950/638/13 3949/637/13
f 3949/637/13 3952/640/13 3951/639/13
f 3952/640/13 3953/641/13 3951/639/13
f 3954/642/2 3955/643/2 3956/644/2
f 3956/644/2 3957/645/2 3954/642/2
f 3944/632/2 3955/643/2 3954/642/2
f 3954/642/2 3945/633/2 3944/632/2
f 3958/646/1201 3959/647/1201 3960/648/1201
f 3961/649/13 3962/650/13 3963/651/13
f 3963/651/13 3964/652/13 3961/649/13
f 3965/653/13 3962/650/13 3961/649/13
f 3961/649/13 3966/654/13 3965/653/13
f 3965/653/13 3966/654/13 3967/655/13
f 3967/655/13 3968/656/13 3965/653/13
f 3969/657/1202 3970/658/1202 3971/659/1202
f 3960/648/1202 3971/659/1202 3970/658/1202
f 3970/658/1202 3958/646/1202 3960/648/1202
s 1
f 3972/660/1203 3973/661/4 3909/608/1158
f 3909/608/1158 3908/607/1182 3972/660/1203
f 3974/662/1154 3975/663/4 3976/664/4
f 3974/662/1154 3976/664/4 3977/665/1204
f 3977/665/1204 3972/660/1203 3908/607/1182
f 3974/662/1154 3977/665/1204 3908/607/1182
s 0
f 3978/666/1205 3979/664/1205 3980/667/1205
f 3980/667/1205 3981/668/1205 3978/666/1205
f 3982/659/1206 3983/669/1206 3984/666/1206
f 3982/659/1206 3984/666/1206 3985/670/1206
f 3982/659/1206 3985/670/1206 3986/671/1206
f 3987/672/1207 3988/669/1207 3989/659/1207
f 3989/659/1207 3990/648/1207 3987/672/1207
f 3991/673/1208 3992/674/1208 3993/672/1208
f 3993/672/1208 3994/648/1208 3995/675/1208
f 3991/673/1208 3993/672/1208 3995/675/1208
f 3996/661/1209 3997/674/1209 3998/676/1209
f 3998/676/1209 3999/608/1209 3996/661/1209
f 4000/677/1208 4001/678/1208 4002/638/1208
f 4000/677/1208 4002/638/1208 4003/679/1208
f 4000/677/1208 4003/679/1208 4004/680/1208
f 4005/679/1207 4006/638/1207 4007/639/1207
f 4007/639/1207 4008/681/1207 4005/679/1207
f 4009/682/1206 4010/683/1206 4011/681/1206
f 4011/681/1206 4012/639/1206 4013/684/1206
f 4009/682/1206 4011/681/1206 4013/684/1206
f 4014/685/1205 4015/683/1205 4016/686/1205
f 4016/686/1205 4017/687/1205 4014/685/1205
s 1
f 4018/688/1210 4019/689/1211 4020/690/1212
f 4018/688/1210 4020/690/1212 4021/691/4
s 0
f 4021/691/4 4022/685/4 4023/692/4
s 1
f 4018/688/1210 4021/691/4 4023/692/4
f 4024/693/1213 4025/694/1214 4026/695/1215
f 4026/695/1215 4027/696/1216 4024/693/1213
s 0
f 4028/697/1 4029/698/1 4030/694/1
f 4028/697/1 4030/694/1 4031/693/1
f 4031/693/1 4032/699/1 4033/700/1
f 4028/697/1 4031/693/1 4033/700/1
s 1
f 4034/693/1217 4035/696/1218 4036/701/1219
f 4036/701/1219 4037/702/1220 4034/693/1217
s 0
f 4038/695/13 4039/694/13 4040/703/13
f 4040/703/13 4041/704/13 4038/695/13
f 4042/705/13 4043/550/13 4044/549/13
f 4044/549/13 4045/706/13 4042/705/13
s 1
f 4046/707/1221 4047/708/1222 4048/531/1223
f 4048/531/1223 4049/530/1224 4046/707/1221
f 4046/707/1221 4049/530/1224 4050/709/1225
f 4050/709/1225 4051/710/1226 4046/707/1221
f 4052/711/1227 4053/712/1228 4054/698/1181
f 4054/698/1181 4055/697/1229 4052/711/1227
f 3912/611/1184 4056/713/1230 4057/714/1231
f 4052/711/1227 4055/697/1229 3913/612/1185
f 4057/714/1231 4052/711/1227 3913/612/1185
f 3912/611/1184 4057/714/1231 3913/612/1185
s 0
f 4058/715/1 4059/716/1 4060/717/1
f 4060/717/1 4061/718/1 4058/715/1
f 4062/715/13 4063/718/13 4064/719/13
f 4064/719/13 4065/562/13 4062/715/13
f 4066/564/1232 4067/563/1232 4068/712/1232
f 4068/712/1232 4069/711/1232 4066/564/1232
f 4070/564/1233 4071/711/1233 4072/714/1234
f 4072/714/1234 4073/565/1235 4070/564/1233
s 1
f 3839/544/1155 4054/698/1181 4053/712/1228
f 3839/544/1155 4053/712/1228 4074/719/1226
f 4074/719/1226 4075/720/1225 3840/545/1156
f 3839/544/1155 4074/719/1226 3840/545/1156
s 0
f 4076/563/13 4065/562/13 4064/719/13
f 4064/719/13 4077/712/13 4076/563/13
f 4078/721/13 4079/722/13 4080/723/13
s 1
f 4080/723/13 4081/724/1236 4078/721/13
f 4082/725/2 4083/726/2 4084/727/1237
f 4084/727/1237 4085/728/1238 4082/725/2
f 4086/726/1239 4087/729/1239 4088/730/1240
f 4088/730/1240 4089/727/1241 4086/726/1239
f 4090/722/1242 4091/731/1225 4092/732/1224
f 4092/732/1224 4093/723/1243 4090/722/1242
f 4094/733/1244 4095/725/1242 4096/728/1243
f 4096/728/1243 4097/734/1223 4094/733/1244
f 4098/721/1239 4099/724/1245 4100/735/1246
f 4098/721/1239 4100/735/1246 4101/736/1239
s 0
f 4098/721/1239 4101/736/1239 4102/737/1239
f 4103/738/3 4104/739/3 4105/579/3
f 4105/579/3 4106/578/3 4103/738/3
f 3857/562/4 3860/565/4 4107/716/4
f 4107/716/4 4108/715/4 3857/562/4
f 4109/739/1247 4110/740/1247 4111/741/1247
f 4111/741/1247 4112/579/1247 4109/739/1247
f 4113/742/2 4114/738/2 4115/578/2
f 4115/578/2 4116/743/2 4113/742/2
s 1
f 4047/708/1222 4117/744/1231 4118/745/1230
f 4118/745/1230 4048/531/1223 4047/708/1222
f 4073/565/1235 4072/714/1248 4119/717/2
s 0
f 4119/717/2 4120/716/2 4073/565/1202
f 4121/746/13 4122/548/13 4123/551/13
f 4123/551/13 4124/747/13 4121/746/13
s 1
f 4125/747/1249 4126/748/1161 4127/749/1250
s 0
f 4128/750/3 4129/751/3 4130/746/3
s 1
f 4127/749/1250 4128/750/3 4130/746/1251
f 4125/747/1249 4127/749/1250 4130/746/1251
s 0
f 4131/593/3 4132/752/3 4133/567/3
f 4133/567/3 4134/566/3 4131/593/3
f 4135/752/1252 4136/753/1252 4137/754/1252
f 4137/754/1252 4138/567/1252 4135/752/1252
f 4139/755/1159 3847/552/1159 3852/557/1159
f 3852/557/1159 4140/756/1159 4139/755/1159
f 4141/757/2 4142/758/2 4143/759/2
f 4143/759/2 4144/760/2 4141/757/2
f 3844/549/4 3843/548/4 4145/761/4
f 4145/761/4 4146/762/4 3844/549/4
s 1
f 4147/763/1253 4148/764/1254 4045/706/1041
s 0
f 4045/706/13 4044/549/13 4149/762/1255
s 1
f 4147/763/1253 4045/706/1041 4149/762/1256
s 0
f 4150/765/13 4151/761/13 4122/548/13
f 4122/548/13 4121/746/13 4150/765/13
f 4152/766/2 4153/767/2 4154/755/2
f 4154/755/2 4155/768/2 4152/766/2
f 4146/762/4 4145/761/4 4156/536/4
f 4156/536/4 4157/769/4 4146/762/4
f 4147/763/1256 4149/762/1257 4158/769/1257
f 4158/769/1258 4159/770/1258 4147/763/1258
f 3826/533/13 3829/536/13 4151/761/13
f 4151/761/13 4150/765/13 3826/533/13
f 4157/769/4 4156/536/4 4160/535/4
f 4160/535/4 4161/771/4 4157/769/4
s 1
f 4162/772/1259 4163/773/1260 4164/774/1261
f 4164/774/1261 4165/775/1262 4166/776/1263
f 4162/772/1259 4164/774/1261 4166/776/1263
f 4167/617/1264 4168/774/1265 4169/773/1266
f 4169/773/1266 4170/777/1267 4167/617/1264
f 4171/618/1268 4172/617/1269 4173/777/1270
f 4173/777/1270 4174/778/1271 4171/618/1268
f 4175/624/1272 4176/618/1273 4177/778/1274
f 4177/778/1274 4178/739/1275 4175/624/1272
s 0
f 4179/631/1276 4180/624/1276 4181/739/1276
f 4181/739/1276 4182/738/1276 4179/631/1276
s 1
f 4183/604/1277 4184/631/1278 4185/738/1279
f 4185/738/1279 4186/779/1280 4183/604/1277
f 4187/605/1281 4188/604/1282 4189/779/1283
f 4189/779/1283 4190/780/1284 4187/605/1281
f 4191/781/1285 4192/605/1286 4193/780/1287
f 4193/780/1287 4194/782/1288 4191/781/1285
f 4195/783/1289 4196/784/1113 4197/785/1290
f 4195/783/1289 4197/785/1290 4198/781/1291
f 4195/783/1289 4198/781/1291 4199/782/1292
f 4200/602/1293 4201/785/1294 4202/784/1295
f 4202/784/1295 4203/786/1296 4200/602/1293
f 4204/603/1297 4205/602/1298 4206/786/1299
f 4206/786/1299 4207/581/1300 4204/603/1297
f 4208/630/1301 4209/603/1302 4210/581/1303
f 4210/581/1303 4211/580/1304 4208/630/1301
s 0
f 4212/625/1305 4213/630/1305 4214/580/1305
f 4214/580/1305 4215/623/1305 4212/625/1305
s 1
f 4216/615/1306 4217/625/1307 4218/623/1308
f 4218/623/1308 4219/626/1309 4216/615/1306
f 4220/616/1310 4221/615/1311 4222/626/1312
f 4222/626/1312 4223/787/1313 4220/616/1310
f 4224/775/1314 4225/616/1315 4226/787/1316
f 4226/787/1316 4227/776/1317 4224/775/1314
f 4228/788/1318 4229/789/1319 4085/728/1238
f 4085/728/1238 4084/727/1237 4228/788/1318
f 4230/790/1320 4231/788/1321 4089/727/1241
f 4089/727/1241 4088/730/1240 4230/790/1320
f 4232/791/1322 4233/792/1323 4234/793/1324
f 4234/793/1324 4235/794/13 4232/791/1322
f 4236/789/4 4237/795/4 4097/734/1223
f 4097/734/1223 4096/728/1243 4236/789/4
f 4238/796/1325 4239/797/1326 4081/724/1236
f 4081/724/1236 4080/723/13 4238/796/1325
f 4240/798/4 4241/796/4 4093/723/1243
f 4093/723/1243 4092/732/1224 4240/798/4
f 4242/799/1327 4243/800/1328 4244/801/1329
f 4244/801/1329 4245/802/1330 4242/799/1327
f 4246/797/1331 4247/803/1332 4100/735/1246
f 4100/735/1246 4099/724/1245 4246/797/1331
f 4248/804/1333 4249/805/2 4229/789/1319
f 4229/789/1319 4228/788/1318 4248/804/1333
f 4250/806/1334 4251/807/1335 4233/792/1323
f 4233/792/1323 4232/791/1322 4250/806/1334
s 0
f 4252/805/4 4253/808/4 4237/795/4
f 4237/795/4 4236/789/4 4252/805/4
s 1
f 4254/809/1336 4255/810/1337 4239/797/1326
f 4239/797/1326 4238/796/1325 4254/809/1336
s 0
f 4256/811/4 4257/809/4 4241/796/4
f 4241/796/4 4240/798/4 4256/811/4
s 1
f 4258/812/1338 4259/813/2 4243/800/1328
f 4243/800/1328 4242/799/1327 4258/812/1338
s 0
f 4260/814/2 4261/815/2 4249/805/2
s 1
f 4249/805/2 4248/804/1333 4260/814/2
f 4262/816/13 4263/817/13 4251/807/1335
f 4251/807/1335 4250/806/1334 4262/816/13
f 4264/815/1339 4265/818/1339 4266/819/1340
f 4266/819/1340 4267/805/1340 4264/815/1339
f 4268/820/13 4269/821/13 4255/810/1337
f 4255/810/1337 4254/809/1336 4268/820/13
f 4270/822/1339 4271/820/1339 4272/809/1340
f 4272/809/1340 4273/823/1340 4270/822/1339
s 0
f 4274/824/2 4275/825/2 4259/813/2
s 1
f 4259/813/2 4258/812/1338 4274/824/2
f 4264/815/1339 4276/814/1341 4277/826/1341
f 4277/826/1341 4265/818/1339 4264/815/1339
f 4278/821/1341 4271/820/1339 4270/822/1339
f 4270/822/1339 4279/827/1341 4278/821/1341
f 4280/828/1342 4281/829/1343 4282/788/1344
f 4282/788/1344 4283/790/1345 4280/828/1342
f 4284/830/1346 4285/831/1347 4286/803/1348
f 4286/803/1348 4287/797/1349 4284/830/1346
f 4288/829/1350 4289/832/1351 4290/804/1352
f 4290/804/1352 4291/788/1353 4288/829/1350
f 4292/833/1354 4293/834/1355 4233/792/1323
f 4233/792/1323 4251/807/1335 4292/833/1354
f 4294/835/1356 4295/830/1357 4296/797/1358
f 4296/797/1358 4297/810/1359 4294/835/1356
f 4298/836/1360 4299/837/1361 4258/812/1338
f 4258/812/1338 4242/799/1327 4298/836/1360
f 4292/833/1354 4251/807/1335 4263/817/13
f 4263/817/13 4300/838/1362 4292/833/1354
f 4294/835/1356 4297/810/1359 4301/821/13
f 4301/821/13 4302/839/1363 4294/835/1356
f 4289/832/1351 4303/840/1364 4304/814/2
f 4304/814/2 4290/804/1352 4289/832/1351
f 4299/837/1361 4305/841/1365 4274/824/2
f 4274/824/2 4258/812/1338 4299/837/1361
s 0
f 4306/840/1341 4307/842/1341 4277/826/1341
f 4277/826/1341 4276/814/1341 4306/840/1341
f 4308/843/1341 4309/839/1341 4278/821/1341
f 4278/821/1341 4279/827/1341 4308/843/1341
s 1
f 4310/844/1366 4311/845/1367 4281/829/1343
f 4281/829/1343 4280/828/1342 4310/844/1366
f 4312/846/1368 4313/847/1369 4285/831/1347
f 4285/831/1347 4284/830/1346 4312/846/1368
f 4314/845/1370 4315/848/1371 4289/832/1351
f 4289/832/1351 4288/829/1350 4314/845/1370
f 4316/849/1372 4317/850/1373 4293/834/1355
f 4293/834/1355 4292/833/1354 4316/849/1372
f 4318/851/1374 4319/846/1375 4295/830/1357
f 4295/830/1357 4294/835/1356 4318/851/1374
f 4320/852/1376 4321/853/1377 4299/837/1361
f 4299/837/1361 4298/836/1360 4320/852/1376
f 4322/854/1378 4316/849/1372 4292/833/1354
f 4292/833/1354 4300/838/1362 4322/854/1378
f 4323/855/1379 4318/851/1374 4294/835/1356
f 4294/835/1356 4302/839/1363 4323/855/1379
f 4315/848/1371 4324/856/1380 4303/840/1364
f 4303/840/1364 4289/832/1351 4315/848/1371
f 4321/853/1377 4325/857/1381 4305/841/1365
f 4305/841/1365 4299/837/1361 4321/853/1377
s 0
f 4326/856/1341 4327/858/1341 4307/842/1341
f 4307/842/1341 4306/840/1341 4326/856/1341
f 4328/859/1341 4329/855/1341 4309/839/1341
f 4309/839/1341 4308/843/1341 4328/859/1341
s 1
f 4330/860/1382 4331/861/1383 4311/845/1367
f 4311/845/1367 4310/844/1366 4330/860/1382
f 4332/862/1384 4333/863/1385 4313/847/1369
f 4313/847/1369 4312/846/1368 4332/862/1384
f 4334/861/1386 4335/864/1387 4315/848/1371
f 4315/848/1371 4314/845/1370 4334/861/1386
f 4336/865/1388 4337/866/1389 4338/850/1390
f 4338/850/1390 4339/849/1391 4336/865/1388
f 4340/867/1392 4341/862/1393 4319/846/1375
f 4319/846/1375 4318/851/1374 4340/867/1392
f 4342/868/1394 4343/869/1395 4344/853/1396
f 4344/853/1396 4345/852/1397 4342/868/1394
f 4346/870/1398 4336/865/1388 4339/849/1391
f 4339/849/1391 4347/854/1399 4346/870/1398
f 4348/871/1400 4340/867/1392 4318/851/1374
f 4318/851/1374 4323/855/1379 4348/871/1400
f 4335/864/1387 4349/872/1401 4324/856/1380
f 4324/856/1380 4315/848/1371 4335/864/1387
f 4343/869/1395 4350/873/1402 4351/857/1403
f 4351/857/1403 4344/853/1396 4343/869/1395
s 0
f 4352/872/1341 4353/874/1341 4327/858/1341
f 4327/858/1341 4326/856/1341 4352/872/1341
f 4354/875/1341 4355/871/1341 4329/855/1341
f 4329/855/1341 4328/859/1341 4354/875/1341
s 1
f 4356/876/1404 4331/861/1383 4330/860/1382
f 4330/860/1382 4357/877/1405 4356/876/1404
f 4358/878/1406 4359/879/1407 4337/866/1389
f 4337/866/1389 4336/865/1388 4358/878/1406
f 4360/880/1408 4358/878/1406 4336/865/1388
f 4336/865/1388 4346/870/1398 4360/880/1408
s 0
f 4361/881/1409 4362/882/1409 4353/874/1409
f 4353/874/1410 4352/872/1341 4361/881/1410
s 1
f 4363/883/1411 4364/881/1412 4349/872/1401
f 4349/872/1401 4335/864/1387 4363/883/1411
f 4363/883/1411 4335/864/1387 4334/861/1386
f 4334/861/1386 4365/876/1413 4363/883/1411
f 4366/884/1414 4367/885/1415 4333/863/1385
f 4333/863/1385 4332/862/1384 4366/884/1414
f 4342/868/1394 4368/886/1416 4369/887/1417
f 4369/887/1417 4343/869/1395 4342/868/1394
f 4343/869/1395 4369/887/1417 4370/888/1418
f 4370/888/1418 4350/873/1402 4343/869/1395
s 0
f 4354/875/1341 4371/889/1419 4372/890/1341
f 4372/890/1420 4355/871/1420 4354/875/1420
s 1
f 4373/890/1421 4374/891/1422 4340/867/1392
f 4340/867/1392 4348/871/1400 4373/890/1421
f 4374/891/1422 4375/884/1423 4341/862/1393
f 4341/862/1393 4340/867/1392 4374/891/1422
f 4366/884/1414 4356/876/1404 4357/877/1405
f 4357/877/1405 4367/885/1415 4366/884/1414
f 4359/879/1407 4358/878/1406 4369/887/1417
f 4369/887/1417 4368/886/1416 4359/879/1407
f 4358/878/1406 4360/880/1408 4370/888/1418
f 4370/888/1418 4369/887/1417 4358/878/1406
s 0
f 4362/882/1341 4361/881/1341 4372/890/1341
f 4372/890/1424 4371/889/1341 4362/882/1341
s 1
f 4373/890/1421 4364/881/1412 4363/883/1411
f 4363/883/1411 4374/891/1422 4373/890/1421
f 4374/891/1422 4363/883/1411 4365/876/1413
f 4365/876/1413 4375/884/1423 4374/891/1422
s 0
f 4376/892/1425 4377/893/1425 4378/760/1425
f 4378/760/1426 4379/759/1426 4380/756/1426
f 4376/892/1427 4378/760/1427 4380/756/1427
f 4381/757/1428 4382/760/1428 4383/893/1428
f 4383/893/1429 4384/768/1429 4381/757/1429
f 4385/758/1430 4386/757/1430 4387/768/1430
f 4387/768/1430 4388/755/1430 4385/758/1430
s 1
f 4389/759/1431 4390/758/1431 4391/755/1432
s 0
f 4391/755/1432 4392/756/1432 4389/759/1432
f 4393/649/1433 4394/652/1433 4395/661/1433
f 4395/661/1433 4396/660/1433 4393/649/1433
f 4397/654/1433 4393/649/1433 4398/660/1433
f 4398/660/1433 4399/665/1433 4397/654/1433
s 1
f 4400/655/1433 4401/654/1433 4402/665/1433
s 0
f 4402/665/1433 4403/664/1433 4400/655/1433
f 4404/656/1434 4405/655/1434 4406/664/1434
f 4406/664/1434 4407/666/1434 4404/656/1434
f 4408/653/1435 4409/656/1435 4410/666/1435
f 4410/666/1435 4411/669/1435 4408/653/1435
f 4412/650/1436 4413/653/1436 4414/669/1436
f 4414/669/1436 4415/672/1436 4412/650/1436
f 4416/651/1437 4417/650/1437 4418/672/1437
f 4418/672/1437 4419/674/1437 4416/651/1437
f 4420/652/1438 4421/651/1438 4422/674/1438
f 4422/674/1438 4423/661/1438 4420/652/1438
f 4424/635/1439 4425/634/1439 4426/894/1439
f 4426/894/1439 4427/680/1439 4424/635/1439
f 4428/632/1440 4429/635/1440 4430/680/1440
f 4430/680/1440 4431/679/1440 4428/632/1440
f 4432/643/1441 4433/632/1441 4434/679/1441
s 1
f 4434/679/1441 4435/681/1441 4432/643/1441
s 0
f 4436/644/1442 4437/643/1442 4438/681/1442
f 4438/681/1442 4439/683/1442 4436/644/1442
f 4440/645/1443 4441/644/1443 4442/683/1443
f 4442/683/1443 4443/685/1443 4440/645/1443
f 4444/642/1444 4445/645/1444 4446/685/1444
f 4446/685/1444 4447/691/1444 4444/642/1444
f 4448/633/1444 4449/642/1444 4450/691/1444
f 4450/691/1444 4451/690/1444 4448/633/1444
f 4452/634/1444 4453/633/1444 4454/690/1444
f 4454/690/1444 4455/894/1444 4452/634/1444
f 4456/895/1445 4457/896/1445 4458/575/1445
s 1
f 4456/895/1446 4458/575/1445 4459/573/1447
f 4456/895/1446 4459/573/1447 4460/571/1448
s 0
f 4461/574/1449 4462/575/1449 4463/896/1449
f 4463/896/1449 4464/897/1449 4461/574/1449
s 1
f 4465/572/1450 4466/574/1451 4467/897/1450
s 0
f 4467/897/1452 4468/540/1452 4465/572/1452
f 4469/568/1453 4470/572/1453 4471/540/1453
f 4471/540/1454 4472/539/1454 4469/568/1454
f 4473/569/1455 4474/568/1455 4475/539/1455
f 4475/539/1455 4476/898/1455 4473/569/1455
f 4477/570/1456 4478/569/1456 4479/898/1456
f 4479/898/1456 4480/899/1456 4477/570/1456
f 4481/571/1448 4482/570/1448 4483/899/1448
f 4483/899/1448 4484/895/1448 4481/571/1448
f 4485/590/1457 4486/588/1457 4487/900/1457
f 4487/900/1457 4488/901/1457 4485/590/1457
f 4489/589/1458 4490/590/1458 4491/901/1458
f 4491/901/1458 4492/902/1458 4489/589/1458
f 4493/587/1459 4494/589/1459 4495/902/1459
f 4495/902/1459 4496/538/1459 4493/587/1459
f 4497/583/1460 4498/587/1460 4499/538/1460
f 4499/538/1460 4500/537/1460 4497/583/1460
f 4501/584/1461 4502/583/1461 4503/537/1461
f 4503/537/1461 4504/903/1461 4501/584/1461
f 4505/585/1462 4506/584/1462 4507/903/1462
f 4507/903/1462 4508/904/1462 4505/585/1462
f 4509/904/1463 4510/900/1463 4511/588/1463
s 1
f 4509/904/1464 4511/588/1463 4512/586/1465
f 4509/904/1464 4512/586/1465 4513/585/1466
s 0
f 4514/595/1467 4515/594/1467 4516/616/1467
f 4516/616/1468 4517/775/1468 4514/595/1468
s 1
f 4518/596/1469 4519/595/1470 4520/775/1469
s 0
f 4520/775/1471 4521/774/1471 4518/596/1471
s 1
f 4522/597/1472 4523/596/1473 4524/774/1472
s 0
f 4524/774/1474 4525/617/1474 4522/597/1474
s 1
f 4526/594/1475 4527/597/1476 4528/617/1477
s 0
f 4528/617/1478 4529/616/1478 4526/594/1478
s 1
f 4530/600/1479 4531/599/1480 4532/602/1479
s 0
f 4532/602/1479 4533/605/1479 4530/600/1479
f 4534/601/1481 4535/600/1482 4536/605/1482
f 4536/605/1483 4537/781/1483 4534/601/1483
s 1
f 4538/598/1484 4539/601/1485 4540/781/1484
s 0
f 4540/781/1484 4541/785/1484 4538/598/1484
f 4542/599/1486 4543/598/1486 4544/785/1486
f 4544/785/1487 4545/602/1487 4542/599/1487
f 4546/621/1488 4547/620/1489 4548/625/1488
f 4548/625/1490 4549/624/1490 4546/621/1490
f 4550/622/1491 4551/621/1491 4552/624/1491
f 4552/624/1491 4553/631/1491 4550/622/1491
f 4554/619/1492 4555/622/1492 4556/631/1492
f 4556/631/1493 4557/630/1493 4554/619/1493
s 1
f 4558/620/1494 4559/619/1494 4560/630/1494
s 0
f 4560/630/1494 4561/625/1494 4558/620/1494
s 1
f 4562/905/13 4563/770/1495 4564/769/13
s 0
f 4564/769/13 4565/771/13 4562/905/13
s 1
f 4566/906/1496 4567/907/1497 4568/908/1498
f 4568/908/1498 4569/909/1499 4566/906/1496
f 4570/910/1500 4571/911/1501 4572/912/1502
f 4572/912/1502 4573/913/1503 4570/910/1500
f 4574/914/1504 4575/915/1505 4576/916/1506
f 4576/916/1506 4577/917/1507 4574/914/1504
f 4578/918/1508 4579/919/1509 4580/920/1510
f 4580/920/1510 4581/921/1499 4578/918/1508
f 4582/922/1511 4583/914/1512 4584/917/1513
f 4584/917/1513 4585/923/1514 4582/922/1511
f 4586/924/1515 4587/918/1516 4588/921/1517
f 4588/921/1517 4589/925/1517 4586/924/1515
f 4590/911/1516 4591/926/1515 4592/927/1517
f 4592/927/1517 4593/912/1517 4590/911/1516
f 4594/907/1518 4595/928/1519 4596/929/1520
f 4596/929/1520 4597/908/1520 4594/907/1518
f 4598/930/1521 4599/931/1522 4600/932/1523
f 4600/932/1523 4601/933/1524 4598/930/1521
f 4602/934/1525 4603/935/1526 4604/936/1523
f 4604/936/1523 4605/937/1524 4602/934/1525
f 4606/938/1527 4607/939/1528 4608/940/1529
f 4608/940/1529 4609/941/1529 4606/938/1527
f 4610/942/1528 4611/930/1527 4612/933/1529
f 4612/933/1529 4613/943/1529 4610/942/1528
f 4614/944/1530 4615/945/1531 4616/946/1532
f 4616/946/1532 4617/947/1533 4614/944/1530
f 4618/948/1534 4619/938/1535 4620/941/1532
f 4620/941/1532 4621/949/1533 4618/948/1534
f 4622/935/1536 4623/950/1537 4624/951/1538
f 4624/951/1538 4625/936/1538 4622/935/1536
f 4626/952/1537 4627/944/1536 4628/947/1538
f 4628/947/1538 4629/953/1538 4626/952/1537
f 4630/954/1539 4631/955/1540 4567/907/1497
f 4567/907/1497 4566/906/1496 4630/954/1539
f 4632/956/13 4633/957/13 4575/915/1505
f 4575/915/1505 4574/914/1504 4632/956/13
f 4634/958/1541 4635/956/1541 4583/914/1512
f 4583/914/1512 4582/922/1511 4634/958/1541
f 4636/959/1542 4637/960/1542 4587/918/1516
f 4587/918/1516 4586/924/1515 4636/959/1542
f 4638/961/1542 4639/962/1542 4591/926/1515
f 4591/926/1515 4590/911/1516 4638/961/1542
f 4640/955/1541 4641/963/1541 4595/928/1519
f 4595/928/1519 4594/907/1518 4640/955/1541
f 4642/964/13 4643/965/13 4603/935/1526
f 4603/935/1526 4602/934/1525 4642/964/13
f 4644/966/1543 4645/967/1543 4607/939/1528
f 4607/939/1528 4606/938/1527 4644/966/1543
f 4646/968/1543 4647/969/1543 4611/930/1527
f 4611/930/1527 4610/942/1528 4646/968/1543
f 4648/970/2 4649/971/2 4615/945/1531
f 4615/945/1531 4614/944/1530 4648/970/2
f 4650/965/1544 4651/972/1544 4623/950/1537
f 4623/950/1537 4622/935/1536 4650/965/1544
f 4652/973/1544 4653/970/1544 4627/944/1536
f 4627/944/1536 4626/952/1537 4652/973/1544
s 0
f 4654/966/1545 4655/960/1545 4656/959/1545
f 4656/959/1545 4657/967/1545 4654/966/1545
f 4643/965/13 4658/974/13 4659/975/13
f 4659/975/13 4632/956/13 4643/965/13
f 4660/965/1546 4661/956/1546 4662/958/1546
f 4662/958/1546 4663/972/1546 4660/965/1546
f 4664/968/1545 4665/962/1545 4666/961/1545
f 4666/961/1545 4667/969/1545 4664/968/1545
f 4668/973/1546 4669/963/1546 4670/955/1546
f 4670/955/1546 4671/970/1546 4668/973/1546
s 1
f 4648/970/1547 4631/955/1548 4672/976/1549
f 4672/976/1549 4673/977/2 4648/970/1547
f 4634/958/1541 4582/922/1511 4595/928/1519
f 4595/928/1519 4641/963/1541 4634/958/1541
s 0
f 4674/978/1546 4675/979/1546 4676/980/1546
f 4676/980/1546 4677/981/1546 4674/978/1546
s 1
f 4623/950/1537 4651/972/1544 4652/973/1544
f 4652/973/1544 4626/952/1537 4623/950/1537
s 0
f 4678/938/1550 4679/948/1550 4680/931/1550
f 4680/931/1550 4681/930/1550 4678/938/1550
s 1
f 4644/966/1543 4606/938/1527 4611/930/1527
f 4611/930/1527 4647/969/1543 4644/966/1543
s 0
f 4655/960/1545 4654/966/1545 4667/969/1545
f 4667/969/1545 4666/961/1545 4655/960/1545
s 1
f 4587/918/1516 4637/960/1542 4638/961/1542
f 4638/961/1542 4590/911/1516 4587/918/1516
s 0
f 4682/919/1551 4683/918/1551 4684/911/1551
f 4684/911/1551 4685/910/1551 4682/919/1551
f 4686/979/1552 4687/978/1552 4688/958/1552
f 4688/958/1552 4689/963/1552 4686/979/1552
f 4690/980/1553 4691/979/1553 4692/963/1553
f 4692/963/1553 4693/973/1553 4690/980/1553
f 4694/981/1554 4695/980/1554 4696/973/1554
f 4696/973/1554 4697/972/1554 4694/981/1554
f 4698/978/1555 4699/981/1555 4700/972/1555
f 4700/972/1556 4701/958/1556 4698/978/1556
s 1
f 4702/982/1557 4703/983/1557 4704/984/1557
s 0
f 4704/984/1557 4705/985/1557 4702/982/1557
f 4706/983/1558 4707/986/1558 4708/987/1558
f 4708/987/1559 4709/984/1559 4706/983/1559
s 1
f 4710/988/1560 4711/989/1561 4712/990/1562
s 0
f 4712/990/1560 4713/991/1560 4710/988/1560
f 4714/992/1563 4715/993/1563 4716/994/1563
f 4716/994/1563 4717/995/1563 4714/992/1563
f 4718/996/1564 4719/997/1564 4720/998/1564
f 4720/998/1564 4721/999/1565 4718/996/1564
f 4722/985/1566 4723/1000/1566 4724/1001/1566
f 4724/1001/1566 4725/982/1566 4722/985/1566
f 4713/991/1567 4712/990/1567 4726/1002/1567
f 4726/1002/1567 4727/1003/1567 4713/991/1567
f 4721/999/1565 4720/998/1564 4728/1004/1564
f 4728/1004/1568 4729/1005/1569 4721/999/1568
s 1
f 4730/1006/1557 4731/1007/1557 4732/1008/1557
s 0
f 4732/1008/1557 4733/1009/1557 4730/1006/1557
f 4734/1010/1557 4735/1011/1557 4736/1012/1557
f 4736/1012/1557 4737/1013/1557 4734/1010/1557
f 4738/1007/1558 4739/1014/1558 4740/1015/1558
f 4740/1015/1559 4741/1008/1559 4738/1007/1559
f 4742/1016/1559 4743/1010/1559 4744/1013/1559
f 4744/1013/1558 4745/1017/1558 4742/1016/1558
f 4717/995/1563 4716/994/1563 4746/1018/1563
f 4746/1018/1563 4747/996/1563 4717/995/1563
f 4715/993/1563 4714/992/1563 4748/1003/1563
f 4748/1003/1563 4749/1019/1563 4715/993/1563
f 4750/1011/1566 4751/1020/1566 4752/1021/1566
f 4752/1021/1566 4753/1012/1566 4750/1011/1566
f 4754/1022/1566 4755/1006/1566 4756/1009/1566
f 4756/1009/1566 4757/1023/1566 4754/1022/1566
f 4758/1024/1558 4759/1025/1558 4760/1026/1558
f 4760/1026/1558 4761/1027/1558 4758/1024/1558
f 4762/1028/1558 4763/1024/1558 4764/1027/1558
f 4764/1027/1570 4765/1029/1570 4762/1028/1570
f 4766/1030/1557 4767/1028/1557 4768/1029/1557
f 4768/1029/1571 4769/991/1571 4766/1030/1571
f 4770/1031/1572 4771/1030/1572 4772/991/1572
f 4772/991/1566 4773/1003/1566 4770/1031/1566
f 4774/1032/1566 4775/1031/1566 4776/1003/1566
f 4776/1003/1566 4777/992/1566 4774/1032/1566
f 4778/1033/1566 4779/1034/1566 4780/996/1566
f 4780/996/1572 4781/999/1572 4778/1033/1572
f 4782/1035/1557 4783/1033/1557 4784/999/1557
f 4784/999/1571 4785/1036/1571 4782/1035/1571
f 4786/1037/1570 4787/1035/1570 4788/1036/1570
f 4788/1036/1558 4789/1038/1558 4786/1037/1558
f 4790/1039/1558 4791/1037/1558 4792/1038/1558
f 4792/1038/1558 4793/1040/1558 4790/1039/1558
f 4794/1034/1566 4795/1041/1566 4796/995/1566
f 4796/995/1566 4797/996/1566 4794/1034/1566
f 4798/1042/1558 4799/1043/1558 4800/1040/1558
f 4800/1040/1558 4801/1026/1558 4798/1042/1558
f 4802/1025/1573 4803/1044/1573 4804/1045/1573
f 4804/1045/1558 4805/1042/1558 4806/1026/1558
f 4802/1025/1558 4804/1045/1558 4806/1026/1558
f 4807/1046/1571 4808/1045/1571 4809/1044/1571
f 4809/1044/1557 4810/1047/1557 4807/1046/1557
f 4811/992/1566 4812/1048/1566 4813/1046/1566
f 4811/992/1572 4813/1046/1572 4814/1047/1572
f 4811/992/1566 4814/1047/1566 4815/1032/1566
f 4816/1049/1566 4817/1048/1566 4818/992/1566
f 4818/992/1566 4819/995/1566 4816/1049/1566
f 4820/1041/1572 4821/1050/1572 4822/1051/1572
f 4822/1051/1566 4823/1049/1566 4824/995/1566
f 4820/1041/1566 4822/1051/1566 4824/995/1566
s 1
f 4825/1052/1557 4826/1051/1557 4827/1050/1557
s 0
f 4827/1050/1571 4828/1053/1571 4825/1052/1571
f 4829/1040/1558 4830/1043/1558 4831/1052/1558
f 4829/1040/1574 4831/1052/1574 4832/1053/1040
f 4829/1040/1558 4832/1053/1558 4833/1039/1558
f 4834/987/1575 4835/986/1575 4836/1043/1575
f 4836/1043/1575 4837/1042/1575 4834/987/1575
f 4838/984/1576 4839/987/1576 4840/1042/1576
f 4840/1042/1577 4841/1045/1577 4838/984/1577
f 4842/985/1578 4843/984/1578 4844/1045/1578
s 1
f 4844/1045/1578 4845/1046/1578 4842/985/1578
s 0
f 4846/1000/1579 4847/985/1579 4848/1046/1579
f 4848/1046/1580 4849/1048/1580 4846/1000/1580
f 4850/1001/1581 4851/1000/1581 4852/1048/1581
f 4852/1048/1581 4853/1049/1581 4850/1001/1581
f 4854/982/1582 4855/1001/1582 4856/1049/1582
f 4856/1049/1583 4857/1051/1583 4854/982/1583
f 4858/983/1584 4859/982/1584 4860/1051/1584
f 4860/1051/1584 4861/1052/1584 4858/983/1584
f 4862/986/1585 4863/983/1585 4864/1052/1585
f 4864/1052/1586 4865/1043/1586 4862/986/1586
f 4866/1015/1575 4867/1014/1575 4868/1025/1575
f 4868/1025/1575 4869/1024/1575 4866/1015/1575
f 4870/1008/1576 4871/1015/1576 4872/1024/1576
f 4872/1024/1577 4873/1028/1577 4870/1008/1577
f 4874/1009/1578 4875/1008/1578 4876/1028/1578
f 4876/1028/1578 4877/1030/1578 4874/1009/1578
f 4878/1023/1587 4879/1009/1579 4880/1030/1587
f 4880/1030/1580 4881/1031/1580 4878/1023/1580
f 4882/1022/1581 4883/1023/1581 4884/1031/1581
f 4884/1031/1581 4885/1032/1581 4882/1022/1581
f 4886/1006/1582 4887/1022/1582 4888/1032/1582
f 4888/1032/1583 4889/1047/1583 4886/1006/1583
f 4890/1007/1584 4891/1006/1584 4892/1047/1584
f 4892/1047/1584 4893/1044/1584 4890/1007/1584
f 4894/1014/1585 4895/1007/1585 4896/1044/1585
f 4896/1044/1586 4897/1025/1586 4894/1014/1586
f 4898/1012/1582 4899/1021/1582 4900/1034/1582
f 4900/1034/1583 4901/1033/1583 4898/1012/1583
f 4902/1013/1584 4903/1012/1584 4904/1033/1584
f 4904/1033/1584 4905/1035/1584 4902/1013/1584
f 4906/1017/1588 4907/1013/1585 4908/1035/1588
f 4908/1035/1589 4909/1037/1589 4906/1017/1589
f 4910/1016/1575 4911/1017/1575 4912/1037/1575
f 4912/1037/1575 4913/1039/1575 4910/1016/1575
f 4914/1010/1590 4915/1016/1576 4916/1039/1576
f 4916/1039/1577 4917/1053/1577 4914/1010/1577
f 4918/1011/1578 4919/1010/1578 4920/1053/1578
f 4920/1053/1578 4921/1050/1578 4918/1011/1578
f 4922/1020/1579 4923/1011/1579 4924/1050/1591
f 4924/1050/1580 4925/1041/1580 4922/1020/1580
f 4926/1021/1581 4927/1020/1581 4928/1041/1581
f 4928/1041/1581 4929/1034/1581 4926/1021/1581
f 4930/1054/1592 4931/1055/1572 4932/1056/1592
f 4932/1056/1593 4933/1057/1593 4930/1054/1593
f 4934/1058/1594 4935/1059/1594 4936/1055/1594
f 4936/1055/1594 4937/1054/1594 4934/1058/1594
s 1
f 4938/1060/1595 4939/1061/1596 4940/1059/1597
s 0
f 4940/1059/1597 4941/1058/1597 4938/1060/1597
f 4942/1054/1598 4943/1057/1598 4944/1062/1598
f 4944/1062/1598 4945/1063/1598 4942/1054/1598
f 4946/1058/1599 4947/1054/1599 4948/1063/1599
f 4948/1063/1599 4949/1064/1599 4946/1058/1599
f 4950/1060/1600 4951/1058/1600 4952/1064/1600
f 4952/1064/1600 4953/1065/1600 4950/1060/1600
f 4954/1059/1601 4955/1061/1601 4956/1066/1601
f 4956/1066/1601 4957/1067/1601 4954/1059/1601
f 4958/1055/1602 4959/1059/1602 4960/1067/1602
f 4960/1067/1602 4961/1068/1602 4958/1055/1602
f 4962/1056/1603 4963/1055/1603 4964/1068/1603
f 4964/1068/1603 4965/1069/1603 4962/1056/1603
f 4966/1070/1604 4967/1071/1604 4968/1057/1604
f 4968/1057/1604 4969/1056/1604 4966/1070/1604
f 4970/1072/1605 4971/1073/1605 4972/1074/1605
f 4972/1074/1605 4973/1075/1605 4970/1072/1605
f 4974/1076/1606 4975/1072/1606 4976/1075/1606
f 4976/1075/1606 4977/1077/1606 4974/1076/1606
f 4978/1073/1607 4979/1078/1607 4980/1079/1607
f 4980/1079/1607 4981/1074/1607 4978/1073/1607
s 1
f 4982/1080/1608 4983/1081/1609 4984/1082/1610
f 4984/1082/1610 4985/1083/1608 4982/1080/1608
f 4986/1084/1611 4982/1080/1612 4987/1085/1612
f 4987/1085/1612 4988/1086/1611 4986/1084/1611
f 4989/1087/1613 4986/1084/1614 4990/1088/1614
f 4990/1088/1614 4991/1089/1615 4989/1087/1613
f 4992/1090/1616 4989/1087/1615 4993/1091/1615
f 4993/1091/1615 4994/1092/1616 4992/1090/1616
f 4995/1093/1617 4996/1094/1618 4997/1095/1618
f 4997/1095/1618 4998/1096/1619 4995/1093/1617
f 4999/1097/1620 4995/1093/1619 5000/1098/1619
f 5000/1098/1619 5001/1099/1621 4999/1097/1620
f 4983/1081/1622 4999/1097/1623 5002/1100/1624
f 5002/1100/1624 5003/1101/1622 4983/1081/1622
f 5004/1094/1625 5005/1093/1626 5006/1097/1627
f 5006/1097/1627 5007/1081/1081 5008/1080/1081
f 5008/1080/1081 5009/1084/1081 5010/1087/1628
f 5006/1097/1627 5008/1080/1081 5010/1087/1628
f 5004/1094/1625 5006/1097/1627 5010/1087/1628
f 5004/1094/1625 5010/1087/1628 5011/1090/1629
s 0
f 5012/1102/1630 5013/1090/1630 5014/1103/1630
f 5014/1103/1630 5015/1104/1630 5012/1102/1630
f 5016/1105/1631 5017/1106/1631 5018/1094/1631
f 5018/1094/1632 5019/1107/1632 5016/1105/1632
f 5020/1108/1633 5021/1109/1633 5022/1083/1633
f 5022/1083/1634 5023/1082/1634 5020/1108/1634
s 1
f 5024/1110/1635 5025/1108/1636 5026/1082/1637
s 0
f 5026/1082/1638 5027/1111/1638 5024/1110/1638
s 1
f 5028/1112/1639 5029/1110/1640 5030/1111/1641
s 0
f 5030/1111/1639 5031/1113/1639 5028/1112/1639
s 1
f 5032/1114/1642 5033/1112/1643 5034/1113/1644
s 0
f 5034/1113/1644 5035/1115/1644 5032/1114/1644
s 1
f 5036/1116/1645 5037/1114/1646 5038/1115/1646
s 0
f 5038/1115/1645 5039/1117/1645 5036/1116/1645
s 1
f 5040/1118/1647 5041/1116/1648 5042/1117/1647
s 0
f 5042/1117/1647 5043/1119/1647 5040/1118/1647
s 1
f 5044/1120/1649 5045/1118/1650 5046/1119/1649
s 0
f 5046/1119/1649 5047/1121/1649 5044/1120/1649
s 1
f 5048/1109/1651 5049/1120/1652 5050/1121/1651
s 0
f 5050/1121/1653 5051/1083/1653 5048/1109/1653
s 1
f 5052/1122/1654 5053/1123/1655 5054/1107/1654
s 0
f 5054/1107/1654 5055/1102/1654 5052/1122/1654
f 5056/1102/1656 5057/1124/1656 5058/1125/1656
s 1
f 5058/1125/1656 5059/1122/1656 5056/1102/1656
s 0
f 5060/1126/1631 5061/1107/1631 5062/1123/1631
f 5062/1123/1632 5063/1127/1632 5060/1126/1632
s 1
f 5064/1102/1657 5065/1107/1658 5066/1094/1657
s 0
f 5066/1094/1657 5067/1090/1657 5064/1102/1657
s 1
f 5068/1115/1659 5069/1128/1660 5070/1129/1661
f 5070/1129/1661 5071/1117/1662 5068/1115/1659
f 5072/1130/1663 5073/1129/1664 5074/1128/1665
f 5074/1128/1665 5075/1131/1666 5072/1130/1663
s 0
f 5076/1132/1667 5077/1133/1667 5078/1134/1667
f 5078/1134/1668 5079/1135/1668 5076/1132/1668
f 5080/1133/1669 5081/1136/1669 5082/1137/1669
f 5082/1137/1670 5083/1134/1670 5080/1133/1670
f 5084/1136/1671 5085/1138/1671 5086/1139/1672
f 5086/1139/1673 5087/1137/1673 5084/1136/1673
s 1
f 5088/1138/1674 5089/1140/1675 5090/1141/1676
s 0
f 5090/1141/1676 5091/1139/1676 5088/1138/1676
f 5092/1142/1677 5093/1143/1677 5094/1144/1677
f 5094/1144/1678 5095/1145/1678 5092/1142/1678
f 5096/1143/1679 5097/1146/1680 5098/1147/1681
f 5098/1147/1681 5099/1144/1681 5096/1143/1681
s 1
f 5100/1146/1682 5101/1148/1683 5102/1149/1684
s 0
f 5102/1149/1685 5103/1147/1685 5100/1146/1685
f 5104/1148/1686 5105/1132/1686 5106/1135/1686
f 5106/1135/1687 5107/1149/1687 5104/1148/1687
f 5108/1150/1667 5109/1151/1667 5110/1152/1667
f 5110/1152/1667 5111/1153/1667 5108/1150/1667
f 5112/1154/1667 5113/1155/1667 5114/1156/1667
f 5114/1156/1667 5115/1157/1667 5112/1154/1667
f 5116/1151/1688 5117/1158/1688 5118/1159/1688
f 5118/1159/1688 5119/1152/1688 5116/1151/1688
f 5120/1160/1688 5121/1154/1688 5122/1157/1688
f 5122/1157/1688 5123/1161/1688 5120/1160/1688
f 5124/1158/1689 5125/1162/1689 5126/1163/1689
s 1
f 5126/1163/1689 5127/1159/1689 5124/1158/1689
s 0
f 5128/1164/1689 5129/1160/1689 5130/1161/1689
f 5130/1161/1689 5131/1165/1689 5128/1164/1689
f 5132/1162/1690 5133/1166/1690 5134/1167/1690
f 5134/1167/1690 5135/1163/1690 5132/1162/1690
f 5136/1168/1690 5137/1164/1690 5138/1165/1690
f 5138/1165/1690 5139/1169/1690 5136/1168/1690
f 5140/1170/1691 5141/1171/1691 5142/1172/1691
s 1
f 5142/1172/1691 5143/1173/1691 5140/1170/1691
f 5144/1174/1691 5145/1175/1691 5146/1176/1691
s 0
f 5146/1176/1691 5147/1177/1691 5144/1174/1691
f 5148/1171/1692 5149/1178/1692 5150/1179/1692
f 5150/1179/1692 5151/1172/1692 5148/1171/1692
f 5152/1180/1692 5153/1174/1692 5154/1177/1692
f 5154/1177/1692 5155/1181/1692 5152/1180/1692
s 1
f 5156/1178/1693 5157/1182/1693 5158/1183/1693
s 0
f 5158/1183/1693 5159/1179/1693 5156/1178/1693
f 5160/1184/1693 5161/1180/1693 5162/1181/1693
f 5162/1181/1693 5163/1185/1693 5160/1184/1693
f 5164/1182/1694 5165/1150/1694 5166/1153/1694
f 5166/1153/1694 5167/1183/1694 5164/1182/1694
f 5168/1155/1694 5169/1184/1694 5170/1185/1694
f 5170/1185/1694 5171/1156/1694 5168/1155/1694
f 5172/1135/1695 5173/1134/1696 5174/1151/1695
f 5174/1151/1697 5175/1150/1697 5172/1135/1697
s 1
f 5176/1149/1698 5177/1135/1699 5178/1150/1700
s 0
f 5178/1150/1698 5179/1182/1698 5176/1149/1698
s 1
f 5180/1147/1701 5181/1149/1702 5182/1182/1701
s 0
f 5182/1182/1701 5183/1178/1701 5180/1147/1701
s 1
f 5184/1144/1703 5185/1147/1704 5186/1178/1703
s 0
f 5186/1178/1703 5187/1171/1703 5184/1144/1703
s 1
f 5188/1145/1705 5189/1144/1706 5190/1171/1705
s 0
f 5190/1171/1707 5191/1170/1707 5188/1145/1707
s 1
f 5192/1139/1708 5193/1141/1709 5194/1166/1708
s 0
f 5194/1166/1710 5195/1162/1710 5192/1139/1710
s 1
f 5196/1137/1711 5197/1139/1712 5198/1162/1711
s 0
f 5198/1162/1713 5199/1158/1713 5196/1137/1713
s 1
f 5200/1134/1714 5201/1137/1715 5202/1158/1715
s 0
f 5202/1158/1716 5203/1151/1716 5200/1134/1716
f 5204/1133/1717 5205/1132/1717 5206/1155/1718
f 5206/1155/1719 5207/1154/1719 5204/1133/1719
s 1
f 5208/1136/1720 5209/1133/1721 5210/1154/1720
s 0
f 5210/1154/1722 5211/1160/1722 5208/1136/1722
s 1
f 5212/1138/1723 5213/1136/1724 5214/1160/1723
s 0
f 5214/1160/1723 5215/1164/1723 5212/1138/1723
s 1
f 5216/1140/1725 5217/1138/1726 5218/1164/1725
s 0
f 5218/1164/1725 5219/1168/1725 5216/1140/1725
f 5220/1143/1727 5221/1142/1727 5222/1175/1727
f 5222/1175/1728 5223/1174/1728 5220/1143/1728
s 1
f 5224/1146/1729 5225/1143/1730 5226/1174/1729
s 0
f 5226/1174/1729 5227/1180/1729 5224/1146/1729
s 1
f 5228/1148/1731 5229/1146/1732 5230/1180/1731
s 0
f 5230/1180/1731 5231/1184/1731 5228/1148/1731
s 1
f 5232/1132/1733 5233/1148/1734 5234/1184/1735
s 0
f 5234/1184/1736 5235/1155/1736 5232/1132/1736
s 1
f 5236/1186/1737 5237/1187/1738 5238/1188/1739
f 5238/1188/1739 5239/1189/1740 5236/1186/1737
f 5240/1190/1741 5241/1191/1742 5242/1192/1743
f 5242/1192/1743 5243/1193/1744 5240/1190/1741
f 5244/1194/1745 5240/1190/1741 5243/1193/1744
f 5243/1193/1744 5245/1195/1746 5244/1194/1745
f 5246/1196/1747 5244/1194/1745 5245/1195/1746
f 5245/1195/1746 5247/1197/1748 5246/1196/1747
f 5248/1198/1749 5246/1196/1747 5247/1197/1748
f 5247/1197/1748 5249/1199/1749 5248/1198/1749
s 0
f 5250/1200/1750 5251/1201/1750 5252/1202/1750
f 5252/1202/1751 5253/1203/1751 5250/1200/1751
s 1
f 5254/1204/1752 5255/1205/1753 5256/1206/1754
f 5256/1206/1754 5257/1207/1755 5254/1204/1752
f 5258/1208/1756 5254/1204/1752 5257/1207/1755
f 5257/1207/1755 5259/1209/1757 5258/1208/1756
f 5236/1186/1737 5258/1208/1756 5259/1209/1757
f 5259/1209/1757 5237/1187/1738 5236/1186/1737
f 5236/1186/1737 5239/1189/1740 5260/1210/1758
f 5260/1210/1758 5261/1211/1759 5236/1186/1737
f 5262/1212/1760 5263/1213/1761 5241/1191/1742
f 5241/1191/1742 5240/1190/1741 5262/1212/1760
f 5264/1214/1762 5262/1212/1760 5240/1190/1741
f 5240/1190/1741 5244/1194/1745 5264/1214/1762
f 5265/1215/1763 5266/1216/1764 5267/1217/1764
f 5267/1217/1764 5268/1218/1763 5265/1215/1763
f 5269/1219/1765 5265/1215/1763 5268/1218/1763
f 5268/1218/1763 5270/1220/1765 5269/1219/1765
s 0
f 5271/1221/1766 5272/1222/1766 5273/1223/1766
f 5273/1223/1766 5274/1224/1766 5271/1221/1766
s 1
f 5275/1225/1767 5276/1226/1768 5277/1227/1768
f 5277/1227/1768 5278/1228/1767 5275/1225/1767
f 5279/1229/1769 5275/1225/1767 5278/1228/1767
f 5278/1228/1767 5280/1230/1769 5279/1229/1769
f 5261/1211/1759 5281/1231/1770 5258/1208/1756
f 5258/1208/1756 5236/1186/1737 5261/1211/1759
f 5261/1211/1759 5260/1210/1758 5282/1232/1758
f 5282/1232/1758 5283/1233/1759 5261/1211/1759
f 5284/1234/1760 5285/1235/1761 5263/1213/1761
f 5263/1213/1761 5262/1212/1760 5284/1234/1760
f 5286/1236/1762 5284/1234/1760 5262/1212/1760
f 5262/1212/1760 5264/1214/1762 5286/1236/1762
f 5287/1237/1771 5286/1236/1762 5264/1214/1762
f 5264/1214/1762 5288/1238/1771 5287/1237/1771
f 5289/1239/1765 5287/1237/1771 5288/1238/1771
f 5288/1238/1771 5290/1240/1765 5289/1239/1765
s 0
f 5291/1241/1766 5292/1242/1766 5293/1243/1766
f 5293/1243/1766 5294/1244/1766 5291/1241/1766
s 1
f 5295/1245/1772 5296/1246/1768 5297/1247/1768
f 5297/1247/1768 5298/1248/1772 5295/1245/1772
f 5299/1249/1770 5295/1245/1772 5298/1248/1772
f 5298/1248/1772 5281/1231/1770 5299/1249/1770
f 5283/1233/1759 5299/1249/1770 5281/1231/1770
f 5281/1231/1770 5261/1211/1759 5283/1233/1759
f 5283/1233/1759 5282/1232/1758 5300/1250/1773
f 5300/1250/1773 5301/1251/1774 5283/1233/1759
f 5302/1252/1775 5303/1253/1776 5285/1235/1761
f 5285/1235/1761 5284/1234/1760 5302/1252/1775
f 5304/1254/1777 5302/1252/1775 5284/1234/1760
f 5284/1234/1760 5286/1236/1762 5304/1254/1777
f 5305/1255/1763 5306/1256/1764 5307/1257/1764
f 5307/1257/1764 5308/1258/1763 5305/1255/1763
f 5309/1259/1765 5305/1255/1763 5308/1258/1763
f 5308/1258/1763 5310/1260/1765 5309/1259/1765
s 0
f 5311/1261/1766 5312/1262/1766 5313/1263/1766
f 5313/1263/1766 5314/1264/1766 5311/1261/1766
s 1
f 5315/1265/1767 5316/1266/1768 5317/1267/1768
f 5317/1267/1768 5318/1268/1767 5315/1265/1767
f 5319/1269/1769 5315/1265/1767 5318/1268/1767
f 5318/1268/1767 5320/1270/1769 5319/1269/1769
f 5301/1251/1774 5321/1271/1778 5299/1249/1770
f 5299/1249/1770 5283/1233/1759 5301/1251/1774
f 5301/1251/1774 5300/1250/1773 5322/1272/1779
f 5322/1272/1779 5323/1273/1780 5301/1251/1774
f 5324/1274/1781 5325/1275/1782 5303/1253/1776
f 5303/1253/1776 5302/1252/1775 5324/1274/1781
f 5326/1276/1783 5324/1274/1781 5302/1252/1775
f 5302/1252/1775 5304/1254/1777 5326/1276/1783
f 5327/1277/1784 5326/1276/1783 5304/1254/1777
f 5304/1254/1777 5328/1278/1785 5327/1277/1784
f 5329/1279/1786 5327/1277/1784 5328/1278/1785
f 5328/1278/1785 5330/1280/1787 5329/1279/1786
s 0
f 5331/1281/1788 5332/1279/1788 5333/1282/1788
f 5333/1282/1788 5334/1283/1788 5331/1281/1788
s 1
f 5335/1284/1789 5336/1281/1790 5337/1285/1790
f 5337/1285/1790 5338/1286/1791 5335/1284/1789
f 5339/1287/1792 5335/1284/1789 5338/1286/1791
f 5338/1286/1791 5321/1271/1778 5339/1287/1792
f 5323/1273/1780 5339/1287/1792 5321/1271/1778
f 5321/1271/1778 5301/1251/1774 5323/1273/1780
s 0
f 5340/1284/1 5341/1287/1 5342/1273/1
f 5342/1273/1 5343/1272/1 5344/1275/1
f 5340/1284/1 5342/1273/1 5344/1275/1
f 5344/1275/1 5345/1274/1 5346/1276/1
f 5340/1284/1 5344/1275/1 5346/1276/1
f 5346/1276/1 5347/1277/1 5348/1279/1
f 5346/1276/1 5348/1279/1 5349/1281/1
f 5340/1284/1 5346/1276/1 5349/1281/1
s 1
f 5350/1194/1793 5351/1196/1794 5352/1218/1795
f 5352/1218/1795 5353/1217/1796 5350/1194/1793
f 5354/1214/1797 5355/1194/1797 5267/1217/1764
f 5267/1217/1764 5266/1216/1764 5354/1214/1797
f 5356/1238/1798 5357/1214/1799 5358/1216/1800
f 5358/1216/1800 5359/1215/1801 5356/1238/1798
f 5360/1240/1802 5356/1238/1798 5359/1215/1801
f 5359/1215/1801 5361/1219/1802 5360/1240/1802
f 5362/1243/1803 5363/1242/1803 5364/1222/1803
s 0
f 5364/1222/1803 5365/1221/1803 5362/1243/1803
s 1
f 5366/1248/1804 5367/1247/1805 5368/1226/1805
f 5368/1226/1805 5369/1225/1806 5366/1248/1804
f 5370/1231/1807 5366/1248/1804 5369/1225/1806
f 5369/1225/1806 5371/1229/1808 5370/1231/1807
s 0
f 5372/1208/1809 5373/1231/1809 5374/1229/1809
f 5374/1229/1809 5375/1230/1809 5372/1208/1809
s 1
f 5376/1204/1810 5377/1208/1811 5378/1230/1812
f 5378/1230/1812 5379/1228/1813 5376/1204/1810
f 5380/1205/1814 5376/1204/1810 5379/1228/1813
f 5379/1228/1813 5381/1227/1814 5380/1205/1814
s 0
f 5382/1288/1815 5383/1289/1815 5384/1224/1815
f 5384/1224/1815 5385/1223/1815 5382/1288/1815
s 1
f 5351/1196/1794 5386/1198/1816 5387/1220/1816
f 5387/1220/1816 5352/1218/1795 5351/1196/1794
f 5388/1236/1793 5389/1237/1794 5390/1258/1795
f 5390/1258/1795 5391/1257/1796 5388/1236/1793
f 5392/1254/1797 5393/1236/1797 5307/1257/1764
f 5307/1257/1764 5306/1256/1764 5392/1254/1797
f 5394/1278/1798 5395/1254/1799 5396/1256/1800
f 5396/1256/1800 5397/1255/1801 5394/1278/1798
f 5398/1280/1802 5394/1278/1798 5397/1255/1801
f 5397/1255/1801 5399/1259/1802 5398/1280/1802
s 0
f 5400/1283/1803 5401/1282/1803 5402/1262/1803
f 5402/1262/1803 5403/1261/1803 5400/1283/1803
s 1
f 5404/1286/1804 5405/1285/1805 5406/1266/1805
f 5406/1266/1805 5407/1265/1806 5404/1286/1804
f 5408/1271/1807 5404/1286/1804 5407/1265/1806
f 5407/1265/1806 5409/1269/1808 5408/1271/1807
s 0
f 5410/1249/1809 5411/1271/1809 5412/1269/1809
f 5412/1269/1817 5413/1270/1817 5410/1249/1817
s 1
f 5414/1245/1810 5415/1249/1811 5416/1270/1812
f 5416/1270/1812 5417/1268/1813 5414/1245/1810
f 5418/1246/1814 5414/1245/1810 5417/1268/1813
f 5417/1268/1813 5419/1267/1814 5418/1246/1814
s 0
f 5420/1241/1815 5421/1244/1815 5422/1264/1815
f 5422/1264/1815 5423/1263/1815 5420/1241/1815
s 1
f 5389/1237/1794 5424/1239/1816 5425/1260/1816
f 5425/1260/1816 5390/1258/1795 5389/1237/1794
s 0
f 5426/1290/1818 5427/1291/1818 5428/1198/1818
f 5428/1198/1819 5429/1199/1819 5426/1290/1819
f 5430/1292/1820 5431/1293/1820 5432/1206/1820
f 5432/1206/1821 5433/1205/1821 5430/1292/1821
f 5434/1200/1822 5435/1203/1822 5436/1289/1822
f 5436/1289/1822 5437/1288/1822 5434/1200/1822
f 5438/1294/4 5439/1295/4 5440/1296/4
f 5440/1296/4 5441/1297/4 5438/1294/4
f 5442/1298/3 5443/1299/3 5444/1300/3
f 5444/1300/3 5445/1301/3 5442/1298/3
f 5446/1302/1823 5447/1303/1823 5448/1304/1823
f 5448/1304/1823 5449/1305/1823 5446/1302/1823
f 5450/1303/1824 5451/1306/1824 5452/1307/1824
f 5452/1307/1825 5453/1304/1825 5450/1303/1825
f 5441/1297/4 5440/1296/4 5454/1308/4
f 5454/1308/4 5455/1309/4 5441/1297/4
f 5456/1310/3 5457/1311/3 5458/1312/3
f 5458/1312/3 5459/1313/3 5456/1310/3
f 5460/1314/1826 5461/1315/1826 5462/1316/1826
f 5462/1316/1826 5463/1317/1826 5460/1314/1826
f 5464/1318/3 5465/1298/3 5466/1301/3
f 5466/1301/3 5467/1319/3 5464/1318/3
f 5468/1315/1827 5469/1314/1827 5470/1302/1827
f 5470/1302/1827 5471/1305/1827 5468/1315/1827
f 5472/1320/4 5473/1297/4 5455/1309/4
f 5455/1309/4 5474/1321/4 5472/1320/4
f 5475/1322/3 5476/1323/3 5457/1311/3
f 5457/1311/3 5456/1310/3 5475/1322/3
f 5455/1309/4 5454/1308/4 5477/1324/4
f 5477/1324/4 5478/1325/4 5455/1309/4
s 1
f 5479/1326/1828 5480/1327/1829 5481/1328/1830
f 5481/1328/1830 5482/1329/1831 5479/1326/1828
s 0
f 5483/1330/3 5484/1322/3 5485/1310/3
f 5485/1310/3 5486/1331/3 5483/1330/3
f 5474/1321/4 5455/1309/4 5487/1325/4
f 5487/1325/4 5488/1332/4 5474/1321/4
f 5489/1333/3 5464/1318/3 5490/1319/3
f 5490/1319/3 5491/1334/3 5489/1333/3
f 5492/1327/1832 5493/1326/1832 5494/1317/1832
f 5494/1317/1832 5495/1316/1832 5492/1327/1832
f 5496/1335/4 5474/1321/4 5488/1332/4
f 5488/1332/4 5497/1336/4 5496/1335/4
f 5445/1301/3 5444/1300/3 5476/1323/3
f 5476/1323/3 5475/1322/3 5445/1301/3
f 5498/1319/3 5499/1301/3 5484/1322/3
f 5484/1322/3 5483/1330/3 5498/1319/3
f 5478/1325/4 5477/1324/4 5500/1337/4
f 5500/1337/4 5501/1338/4 5478/1325/4
s 1
f 5482/1329/1831 5481/1328/1830 5502/1339/1
f 5502/1339/1 5503/1340/1 5482/1329/1831
s 0
f 5504/1332/4 5505/1325/4 5506/1338/4
f 5506/1338/4 5507/1341/4 5504/1332/4
f 5508/1334/3 5498/1319/3 5483/1330/3
f 5483/1330/3 5509/1342/3 5508/1334/3
f 5510/1336/4 5504/1332/4 5507/1341/4
f 5507/1341/4 5511/1343/4 5510/1336/4
f 5512/1310/1823 5513/1313/1823 5514/1344/1823
f 5514/1344/1823 5515/1345/1823 5512/1310/1823
f 5516/1313/13 5517/1312/13 5518/1346/13
f 5518/1346/13 5519/1344/13 5516/1313/13
f 5520/1347/1823 5521/1348/1823 5522/1294/1823
f 5522/1294/1823 5523/1297/1823 5520/1347/1823
f 5524/1348/13 5525/1349/13 5526/1295/13
f 5526/1295/13 5527/1294/13 5524/1348/13
s 1
f 5528/1350/1833 5529/1351/1833 5530/1330/1833
f 5530/1330/1833 5531/1331/1833 5528/1350/1833
f 5532/1320/1833 5533/1321/1833 5534/1352/1833
f 5534/1352/1833 5535/1353/1833 5532/1320/1833
f 5531/1331/1833 5536/1310/13 5537/1345/13
f 5537/1345/13 5528/1350/1833 5531/1331/1833
f 5535/1353/1833 5538/1347/13 5539/1297/13
f 5539/1297/13 5532/1320/1833 5535/1353/1833
f 5540/1354/1834 5541/1355/1835 5542/1334/1835
f 5542/1334/1835 5543/1342/1834 5540/1354/1834
f 5544/1335/1836 5545/1336/1837 5546/1356/1837
f 5546/1356/1837 5547/1357/1836 5544/1335/1836
f 5548/1342/13 5530/1330/1833 5529/1351/1833
f 5529/1351/1833 5549/1354/13 5548/1342/13
f 5550/1357/13 5534/1352/1833 5533/1321/1833
f 5533/1321/1833 5551/1335/13 5550/1357/13
f 5541/1355/1835 5552/1358/1 5553/1333/1
f 5553/1333/1 5542/1334/1835 5541/1355/1835
f 5545/1336/1837 5554/1343/1 5555/1359/1
f 5555/1359/1 5546/1356/1837 5545/1336/1837
s 0
f 5556/1360/3 5557/1361/3 5558/1349/3
f 5558/1349/3 5559/1348/3 5556/1360/3
f 5560/1362/3 5561/1360/3 5562/1348/3
f 5562/1348/3 5563/1347/3 5560/1362/3
f 5564/1363/3 5565/1362/3 5566/1347/3
f 5566/1347/3 5567/1353/3 5564/1363/3
f 5568/1364/3 5569/1363/3 5570/1353/3
f 5570/1353/3 5571/1352/3 5568/1364/3
f 5572/1365/3 5573/1364/3 5574/1352/3
f 5574/1352/3 5575/1357/3 5572/1365/3
f 5576/1366/3 5577/1365/3 5578/1357/3
f 5578/1357/3 5579/1356/3 5576/1366/3
f 5580/1367/3 5581/1366/3 5582/1356/3
f 5582/1356/3 5583/1359/3 5580/1367/3
f 5584/1368/4 5585/1369/4 5586/1358/4
f 5586/1358/4 5587/1355/4 5584/1368/4
f 5588/1370/4 5584/1368/4 5589/1355/4
f 5589/1355/4 5590/1354/4 5588/1370/4
f 5591/1371/4 5592/1370/4 5593/1354/4
f 5593/1354/4 5594/1351/4 5591/1371/4
f 5595/1372/4 5596/1371/4 5597/1351/4
f 5597/1351/4 5598/1350/4 5595/1372/4
f 5599/1373/4 5600/1372/4 5601/1350/4
f 5601/1350/4 5602/1345/4 5599/1373/4
f 5603/1374/4 5604/1373/4 5605/1345/4
f 5605/1345/4 5606/1344/4 5603/1374/4
f 5607/1375/4 5603/1374/4 5606/1344/4
f 5606/1344/4 5608/1346/4 5607/1375/4
