# Blender 5.2.2 LTS
# www.blender.org
mtllib F15C.mtl
o mesh_156_mat_19_0
v 63.725719 7.736138 -4.851502
v 67.342003 7.877804 -3.453911
v 63.886078 9.934365 -3.754708
v 68.608246 8.165864 -1.930222
v 63.886078 9.934365 -3.754708
v 67.342003 7.877804 -3.453911
v 63.886078 9.934365 -3.754708
v 68.608246 8.165864 -1.930222
v 64.024315 11.210564 -2.123309
v 68.934486 8.503507 0.000660
v 64.024315 11.210564 -2.123309
v 68.608246 8.165864 -1.930222
v 64.024315 11.210564 -2.123309
v 68.934486 8.503507 0.000660
v 64.112785 11.539943 0.000661
v 68.934486 8.503507 0.000660
v 64.024315 11.210562 2.123318
v 64.112785 11.539943 0.000661
v 64.024315 11.210562 2.123318
v 68.934486 8.503507 0.000660
v 68.608246 8.165862 1.930229
v 68.608246 8.165862 1.930229
v 63.886078 9.934363 3.754716
v 64.024315 11.210562 2.123318
v 63.886078 9.934363 3.754716
v 68.608246 8.165862 1.930229
v 67.342003 7.877801 3.453918
v 63.725719 7.736134 4.851509
v 63.886078 9.934363 3.754716
v 67.342003 7.877801 3.453918
v 63.725719 7.736134 4.851509
v 58.201763 12.628432 3.891324
v 63.886078 9.934363 3.754716
v 58.201763 12.628432 3.891324
v 63.725719 7.736134 4.851509
v 57.521637 10.230689 5.081377
v 63.725719 7.736134 4.851509
v 56.990807 8.248506 5.291540
v 57.521637 10.230689 5.081377
v 58.201763 12.628432 3.891324
v 64.024315 11.210562 2.123318
v 63.886078 9.934363 3.754716
v 64.024315 11.210562 2.123318
v 58.201763 12.628432 3.891324
v 58.566708 13.918801 2.123319
v 58.566708 13.918801 2.123319
v 64.112785 11.539943 0.000661
v 64.024315 11.210562 2.123318
v 64.112785 11.539943 0.000661
v 58.566708 13.918801 2.123319
v 58.699417 14.379225 0.000662
v 58.566708 13.918803 -2.123308
v 64.112785 11.539943 0.000661
v 58.699417 14.379225 0.000662
v 64.112785 11.539943 0.000661
v 58.566708 13.918803 -2.123308
v 64.024315 11.210564 -2.123309
v 58.201763 12.628436 -3.891314
v 64.024315 11.210564 -2.123309
v 58.566708 13.918803 -2.123308
v 64.024315 11.210564 -2.123309
v 58.201763 12.628436 -3.891314
v 63.886078 9.934365 -3.754708
v 58.201763 12.628436 -3.891314
v 63.725719 7.736138 -4.851502
v 63.886078 9.934365 -3.754708
v 63.725719 7.736138 -4.851502
v 58.201763 12.628436 -3.891314
v 57.521637 10.230693 -5.081369
v 63.725719 7.736138 -4.851502
v 57.521637 10.230693 -5.081369
v 56.990807 8.248509 -5.291533
v 49.420948 11.955513 -5.124714
v 55.320908 8.348858 -5.379539
v 55.984440 10.650976 -5.124715
v 55.320908 8.348858 -5.379539
v 49.420948 11.955513 -5.124714
v 49.089176 9.093803 -5.379539
v 40.806015 12.931850 -5.124714
v 49.089176 9.093803 -5.379539
v 49.420948 11.955513 -5.124714
v 49.089176 9.093803 -5.379539
v 40.806015 12.931850 -5.124714
v 40.485302 10.185836 -5.379539
v 49.420948 11.955513 -5.124714
v 41.071430 15.255219 -3.922838
v 40.806015 12.931850 -5.124714
v 41.071430 15.255219 -3.922838
v 49.420948 11.955513 -5.124714
v 49.697418 14.460689 -3.922838
v 55.984440 10.650976 -5.124715
v 49.697418 14.460689 -3.922838
v 49.420948 11.955513 -5.124714
v 49.697418 14.460689 -3.922838
v 55.984440 10.650976 -5.124715
v 56.642452 13.032193 -3.922838
v 57.046101 14.435895 -2.123308
v 49.697418 14.460689 -3.922838
v 56.642452 13.032193 -3.922838
v 49.697418 14.460689 -3.922838
v 57.046101 14.435895 -2.123308
v 49.879898 16.134741 -2.123308
v 57.184341 14.929373 0.000662
v 49.879898 16.134741 -2.123308
v 57.046101 14.435895 -2.123308
v 49.879898 16.134741 -2.123308
v 57.184341 14.929373 0.000662
v 49.946251 16.722668 0.000663
v 57.184341 14.929373 0.000662
v 49.879898 16.134741 2.123319
v 49.946251 16.722668 0.000663
v 49.879898 16.134741 2.123319
v 57.184341 14.929373 0.000662
v 57.046101 14.435893 2.123319
v 57.046101 14.435893 2.123319
v 49.697418 14.460685 3.922849
v 49.879898 16.134741 2.123319
v 49.697418 14.460685 3.922849
v 57.046101 14.435893 2.123319
v 56.642452 13.032189 3.922849
v 55.984440 10.650972 5.124724
v 49.697418 14.460685 3.922849
v 56.642452 13.032189 3.922849
v 49.697418 14.460685 3.922849
v 55.984440 10.650972 5.124724
v 49.420948 11.955509 5.124724
v 55.320908 8.348854 5.379547
v 49.420948 11.955509 5.124724
v 55.984440 10.650972 5.124724
v 49.420948 11.955509 5.124724
v 55.320908 8.348854 5.379547
v 49.089176 9.093800 5.379547
v 49.089176 9.093800 5.379547
v 40.806015 12.931847 5.124724
v 49.420948 11.955509 5.124724
v 40.806015 12.931847 5.124724
v 49.089176 9.093800 5.379547
v 40.485302 10.185832 5.379547
v 41.071430 15.255215 3.922849
v 49.420948 11.955509 5.124724
v 40.806015 12.931847 5.124724
v 49.420948 11.955509 5.124724
v 41.071430 15.255215 3.922849
v 49.697418 14.460685 3.922849
v 41.071430 15.255215 3.922849
v 49.879898 16.134741 2.123319
v 49.697418 14.460685 3.922849
v 49.879898 16.134741 2.123319
v 41.071430 15.255215 3.922849
v 41.253906 16.806490 2.123319
v 41.253906 16.806490 2.123319
v 49.946251 16.722668 0.000663
v 49.879898 16.134741 2.123319
v 49.946251 16.722668 0.000663
v 41.253906 16.806490 2.123319
v 41.314728 17.350735 -0.000651
v 41.253906 16.806490 -2.123308
v 49.946251 16.722668 0.000663
v 41.314728 17.350735 -0.000651
v 49.946251 16.722668 0.000663
v 41.253906 16.806490 -2.123308
v 49.879898 16.134741 -2.123308
v 41.071430 15.255219 -3.922838
v 49.879898 16.134741 -2.123308
v 41.253906 16.806490 -2.123308
v 49.879898 16.134741 -2.123308
v 41.071430 15.255219 -3.922838
v 49.697418 14.460689 -3.922838
v 33.496037 11.395927 -5.043276
v 33.739334 13.160885 -5.124714
v 27.303020 12.666227 -4.458757
v 33.496037 11.395927 -5.043276
v 40.148003 13.035742 -5.124714
v 33.739334 13.160885 -5.124714
v 40.148003 13.035742 -5.124714
v 33.496037 11.395927 -5.043276
v 39.771999 10.325146 -5.379539
v 40.474247 15.331956 -3.922838
v 33.739334 13.160885 -5.124714
v 40.148003 13.035742 -5.124714
v 33.739334 13.160885 -5.124714
v 40.474247 15.331956 -3.922838
v 33.971577 15.274110 -3.922838
v 40.689899 16.866699 -2.123308
v 33.971577 15.274110 -3.922838
v 40.474247 15.331956 -3.922838
v 33.971577 15.274110 -3.922838
v 40.689899 16.866699 -2.123308
v 34.126404 16.536142 -2.123308
v 40.689899 16.866699 -2.123308
v 34.181698 16.978857 -0.000651
v 34.126404 16.536142 -2.123308
v 34.181698 16.978857 -0.000651
v 40.689899 16.866699 -2.123308
v 40.761780 17.406223 -0.000651
v 40.689899 16.866699 2.123319
v 34.181698 16.978857 -0.000651
v 40.761780 17.406223 -0.000651
v 34.181698 16.978857 -0.000651
v 40.689899 16.866699 2.123319
v 34.126404 16.536142 2.123319
v 40.689899 16.866699 2.123319
v 33.971577 15.274106 3.922849
v 34.126404 16.536142 2.123319
v 33.971577 15.274106 3.922849
v 40.689899 16.866699 2.123319
v 40.474247 15.331952 3.922849
v 40.474247 15.331952 3.922849
v 33.739334 13.160881 5.124724
v 33.971577 15.274106 3.922849
v 33.739334 13.160881 5.124724
v 40.474247 15.331952 3.922849
v 40.148003 13.035738 5.124724
v 40.148003 13.035738 5.124724
v 33.496037 11.395924 5.043284
v 33.739334 13.160881 5.124724
v 33.496037 11.395924 5.043284
v 40.148003 13.035738 5.124724
v 39.771999 10.325142 5.379548
v 33.496037 11.395924 5.043284
v 27.303020 12.666224 4.458766
v 33.739334 13.160881 5.124724
v 27.922321 14.520905 3.698236
v 33.739334 13.160881 5.124724
v 27.303020 12.666224 4.458766
v 33.739334 13.160881 5.124724
v 27.922321 14.520905 3.698236
v 33.971577 15.274106 3.922849
v 27.922321 14.520905 3.698236
v 34.126404 16.536142 2.123319
v 33.971577 15.274106 3.922849
v 34.126404 16.536142 2.123319
v 27.922321 14.520905 3.698236
v 28.171146 15.549183 2.010356
v 27.922321 14.520905 3.698236
v 23.968742 14.433543 1.930230
v 28.171146 15.549183 2.010356
v 23.968742 14.433543 1.930230
v 27.922321 14.520905 3.698236
v 24.731810 13.806660 3.453920
v 27.303020 12.666224 4.458766
v 24.731810 13.806660 3.453920
v 27.922321 14.520905 3.698236
v 23.642502 14.720423 -0.000651
v 28.171146 15.549183 2.010356
v 23.968742 14.433543 1.930230
v 28.171146 15.549183 2.010356
v 23.642502 14.720423 -0.000651
v 28.220913 15.851412 -0.000651
v 23.642502 14.720423 -0.000651
v 28.171146 15.549185 -2.010345
v 28.220913 15.851412 -0.000651
v 28.171146 15.549185 -2.010345
v 23.642502 14.720423 -0.000651
v 23.968742 14.433545 -1.930220
v 23.968742 14.433545 -1.930220
v 27.922321 14.520907 -3.698225
v 28.171146 15.549185 -2.010345
v 27.922321 14.520907 -3.698225
v 23.968742 14.433545 -1.930220
v 24.731810 13.806662 -3.453909
v 27.303020 12.666227 -4.458757
v 27.922321 14.520907 -3.698225
v 24.731810 13.806662 -3.453909
v 33.739334 13.160885 -5.124714
v 27.922321 14.520907 -3.698225
v 27.303020 12.666227 -4.458757
v 27.922321 14.520907 -3.698225
v 33.739334 13.160885 -5.124714
v 33.971577 15.274110 -3.922838
v 34.126404 16.536142 -2.123308
v 27.922321 14.520907 -3.698225
v 33.971577 15.274110 -3.922838
v 27.922321 14.520907 -3.698225
v 34.126404 16.536142 -2.123308
v 28.171146 15.549185 -2.010345
v 34.181698 16.978857 -0.000651
v 28.171146 15.549185 -2.010345
v 34.126404 16.536142 -2.123308
v 28.171146 15.549185 -2.010345
v 34.181698 16.978857 -0.000651
v 28.220913 15.851412 -0.000651
v 34.181698 16.978857 -0.000651
v 28.171146 15.549183 2.010356
v 28.220913 15.851412 -0.000651
v 28.171146 15.549183 2.010356
v 34.181698 16.978857 -0.000651
v 34.126404 16.536142 2.123319
vn 0.6693 0.7410 0.0546
vn 0.6474 0.7424 0.1723
vn 0.6452 0.7539 0.1237
vn 0.6265 0.7330 0.2649
vn 0.6452 0.7539 0.1238
vn 0.6475 0.7423 0.1725
vn 0.6452 0.7539 0.1239
vn 0.6080 0.7518 0.2550
vn 0.5968 0.7052 0.3828
vn 0.6080 0.7519 0.2550
vn 0.6265 0.7331 0.2648
vn 0.6080 0.7519 0.2549
vn 0.5746 0.7227 0.3841
vn 0.5967 0.7053 0.3827
vn 0.5396 0.6673 0.5134
vn 0.5746 0.7228 0.3840
vn 0.5622 0.6578 0.5013
vn 0.5621 0.6578 0.5013
vn 0.4980 0.5821 0.6428
vn 0.5396 0.6672 0.5135
vn 0.5293 0.6071 0.5926
vn 0.4692 0.5194 0.7142
vn 0.4980 0.5820 0.6429
vn 0.5294 0.6070 0.5927
vn 0.4791 0.5894 0.6505
vn 0.4790 0.5894 0.6505
vn 0.4389 0.4843 0.7569
vn 0.4693 0.5194 0.7141
vn 0.4266 0.4329 0.7941
vn 0.4390 0.4843 0.7568
vn 0.4791 0.5895 0.6504
vn 0.5395 0.6673 0.5135
vn 0.4790 0.5895 0.6504
vn 0.5254 0.6736 0.5198
vn 0.5255 0.6736 0.5197
vn 0.5745 0.7228 0.3840
vn 0.5255 0.6737 0.5196
vn 0.5659 0.7294 0.3843
vn 0.5955 0.7634 0.2501
vn 0.5659 0.7293 0.3844
vn 0.5956 0.7634 0.2500
vn 0.6263 0.7706 0.1178
vn 0.6081 0.7518 0.2550
vn 0.6264 0.7705 0.1178
vn 0.6451 0.7539 0.1239
vn 0.6264 0.7706 0.1176
vn 0.6694 0.7409 0.0546
vn 0.6263 0.7706 0.1176
vn 0.6714 0.7407 0.0231
vn 0.6694 0.7409 0.0548
vn 0.6714 0.7407 0.0232
vn 0.7019 0.7123 0.0001
vn 0.6315 0.7751 0.0193
vn 0.6805 0.7328 0.0001
vn 0.6377 0.7699 0.0237
vn 0.6805 0.7327 0.0001
vn 0.6316 0.7750 0.0192
vn 0.6802 0.7330 0.0001
vn 0.6291 0.7769 0.0239
vn 0.6803 0.7330 0.0001
vn 0.6316 0.7751 0.0192
vn 0.6803 0.7329 0.0001
vn 0.6292 0.7769 0.0239
vn 0.6316 0.7751 0.0190
vn 0.5469 0.8306 0.1053
vn 0.6291 0.7769 0.0238
vn 0.5620 0.8209 0.1010
vn 0.6376 0.7700 0.0235
vn 0.5621 0.8209 0.1010
vn 0.6315 0.7751 0.0190
vn 0.6376 0.7700 0.0236
vn 0.5694 0.8146 0.1106
vn 0.5234 0.8177 0.2395
vn 0.5621 0.8209 0.1012
vn 0.5694 0.8146 0.1108
vn 0.5235 0.8177 0.2395
vn 0.5062 0.8310 0.2305
vn 0.4861 0.7803 0.3934
vn 0.5063 0.8310 0.2305
vn 0.4862 0.7803 0.3934
vn 0.4622 0.7931 0.3967
vn 0.4861 0.7804 0.3932
vn 0.4306 0.7068 0.5613
vn 0.4621 0.7932 0.3965
vn 0.4306 0.7068 0.5612
vn 0.4517 0.7055 0.5461
vn 0.4516 0.7055 0.5462
vn 0.4127 0.6028 0.6829
vn 0.4305 0.7068 0.5613
vn 0.4126 0.6028 0.6829
vn 0.4516 0.7056 0.5462
vn 0.4251 0.6083 0.6703
vn 0.4121 0.4976 0.7633
vn 0.4127 0.6027 0.6829
vn 0.4252 0.6083 0.6703
vn 0.4041 0.4960 0.7685
vn 0.4080 0.4394 0.8003
vn 0.4042 0.4960 0.7685
vn 0.4122 0.4976 0.7632
vn 0.4042 0.4961 0.7685
vn 0.4060 0.4374 0.8024
vn 0.4046 0.4995 0.7660
vn 0.4045 0.4995 0.7660
vn 0.4059 0.4374 0.8024
vn 0.4021 0.6107 0.6822
vn 0.4041 0.4960 0.7686
vn 0.4044 0.4995 0.7661
vn 0.4080 0.7201 0.5612
vn 0.4081 0.7201 0.5611
vn 0.4621 0.7932 0.3966
vn 0.4081 0.7202 0.5611
vn 0.4334 0.8067 0.4017
vn 0.4787 0.8447 0.2394
vn 0.4334 0.8066 0.4018
vn 0.5064 0.8309 0.2305
vn 0.5469 0.8305 0.1054
vn 0.4787 0.8447 0.2393
vn 0.5062 0.8310 0.2304
vn 0.5621 0.8209 0.1011
vn 0.6955 0.7185 -0.0001
vn 0.6079 0.7938 0.0151
vn 0.5260 0.8491 0.0482
vn 0.6955 0.7185 -0.0000
vn 0.6090 0.7928 0.0241
vn 0.6079 0.7939 0.0150
vn 0.6090 0.7928 0.0243
vn 0.6955 0.7185 0.0001
vn 0.6600 0.7513 0.0001
vn 0.5156 0.8487 0.1177
vn 0.6078 0.7939 0.0150
vn 0.6091 0.7928 0.0241
vn 0.4816 0.8662 0.1335
vn 0.4337 0.8639 0.2560
vn 0.4817 0.8661 0.1336
vn 0.5157 0.8486 0.1177
vn 0.4816 0.8661 0.1336
vn 0.4338 0.8639 0.2559
vn 0.4082 0.8698 0.2770
vn 0.4338 0.8639 0.2561
vn 0.3687 0.8320 0.4145
vn 0.4083 0.8698 0.2770
vn 0.3688 0.8320 0.4144
vn 0.4338 0.8639 0.2560
vn 0.3855 0.8259 0.4114
vn 0.3723 0.7414 0.5583
vn 0.3687 0.8321 0.4144
vn 0.3854 0.8259 0.4114
vn 0.3687 0.8321 0.4143
vn 0.3722 0.7414 0.5584
vn 0.3557 0.7576 0.5473
vn 0.3600 0.6475 0.6717
vn 0.3555 0.7576 0.5473
vn 0.3813 0.6277 0.6787
vn 0.3814 0.6276 0.6787
vn 0.3767 0.4921 0.7848
vn 0.3883 0.5055 0.7706
vn 0.3884 0.5055 0.7705
vn 0.3920 0.4050 0.8260
vn 0.3768 0.4921 0.7847
vn 0.3920 0.4049 0.8261
vn 0.3894 0.4433 0.8073
vn 0.3399 0.5488 0.7638
vn 0.3769 0.4921 0.7847
vn 0.3271 0.6573 0.6789
vn 0.3768 0.4921 0.7848
vn 0.3399 0.5487 0.7638
vn 0.3768 0.4920 0.7848
vn 0.3556 0.7576 0.5474
vn 0.3601 0.6475 0.6717
vn 0.3271 0.6573 0.6790
vn 0.3234 0.7800 0.5358
vn 0.3272 0.6573 0.6789
vn 0.3080 0.7861 0.5358
vn 0.3081 0.7861 0.5359
vn 0.3121 0.7052 0.6366
vn 0.3398 0.5487 0.7638
vn 0.3121 0.7053 0.6366
vn 0.3200 0.8454 0.4277
vn 0.3234 0.7799 0.5359
vn 0.3081 0.7861 0.5358
vn 0.3235 0.7799 0.5358
vn 0.3200 0.8453 0.4278
vn 0.3331 0.8427 0.4230
vn 0.3201 0.8453 0.4278
vn 0.3646 0.8790 0.3073
vn 0.3331 0.8426 0.4231
vn 0.3460 0.8830 0.3173
vn 0.3460 0.8830 0.3171
vn 0.4408 0.8857 0.1456
vn 0.3644 0.8790 0.3074
vn 0.3962 0.8956 0.2022
vn 0.5258 0.8492 0.0483
vn 0.4407 0.8858 0.1456
vn 0.3963 0.8956 0.2022
vn 0.6080 0.7938 0.0150
vn 0.4408 0.8857 0.1455
vn 0.5259 0.8492 0.0482
vn 0.4407 0.8858 0.1455
vn 0.4816 0.8661 0.1335
vn 0.4083 0.8698 0.2769
vn 0.4817 0.8661 0.1335
vn 0.4409 0.8857 0.1456
vn 0.3644 0.8791 0.3073
vn 0.3645 0.8790 0.3074
vn 0.4084 0.8698 0.2769
vn 0.3688 0.8320 0.4145
vn 0.3332 0.8426 0.4230
vn 0.3687 0.8320 0.4144
vn 0.3556 0.7575 0.5474
vt 0.406262 -0.856472
vt 0.412122 -0.863308
vt 0.411145 -0.853542
vt 0.416028 -0.865261
vt 0.416028 -0.852565
vt 0.419935 -0.865261
vt 0.419935 -0.852565
vt 0.424818 -0.852565
vt 0.424818 -0.865261
vt 0.429701 -0.853542
vt 0.428724 -0.863308
vt 0.434584 -0.856472
vt 0.430677 -0.839869
vt 0.436537 -0.840846
vt 0.440443 -0.841823
vt 0.424818 -0.838893
vt 0.419935 -0.838893
vt 0.415052 -0.838893
vt 0.410169 -0.839869
vt 0.404309 -0.840846
vt 0.399426 -0.841823
vt 0.404309 -0.817408
vt 0.398450 -0.832057
vt 0.404309 -0.833033
vt 0.397473 -0.818384
vt 0.404309 -0.798852
vt 0.397473 -0.797876
vt 0.410169 -0.798852
vt 0.410169 -0.817408
vt 0.410169 -0.833033
vt 0.415052 -0.834010
vt 0.415052 -0.817408
vt 0.419935 -0.834010
vt 0.419935 -0.817408
vt 0.424818 -0.817408
vt 0.425794 -0.834010
vt 0.430677 -0.817408
vt 0.430677 -0.833033
vt 0.436537 -0.833033
vt 0.436537 -0.817408
vt 0.442396 -0.832057
vt 0.443373 -0.818384
vt 0.436537 -0.798852
vt 0.443373 -0.798852
vt 0.430677 -0.798852
vt 0.425794 -0.798852
vt 0.419935 -0.798852
vt 0.415052 -0.798852
vt 0.401379 -0.776391
vt 0.405286 -0.778344
vt 0.407239 -0.763695
vt 0.404309 -0.792016
vt 0.398450 -0.791040
vt 0.410169 -0.792993
vt 0.411145 -0.779321
vt 0.415052 -0.793970
vt 0.416028 -0.779321
vt 0.419935 -0.780297
vt 0.419935 -0.794946
vt 0.425794 -0.793970
vt 0.424818 -0.779321
vt 0.429701 -0.779321
vt 0.430677 -0.792993
vt 0.435560 -0.778344
vt 0.436537 -0.792016
vt 0.438490 -0.776391
vt 0.442396 -0.791040
vt 0.433607 -0.763695
vt 0.428724 -0.765648
vt 0.424818 -0.766625
vt 0.424818 -0.756859
vt 0.428724 -0.757836
vt 0.419935 -0.755883
vt 0.419935 -0.766625
vt 0.416028 -0.766625
vt 0.416028 -0.756859
vt 0.411145 -0.765648
vt 0.412122 -0.757836
s 1
usemtl mat_19
f 1/1/1 3/3/3 2/2/2
f 4/4/4 6/2/6 5/3/5
f 7/3/7 9/5/8 8/4/4
f 10/6/9 12/4/11 11/5/10
f 13/5/12 15/7/13 14/6/9
f 16/6/14 18/7/16 17/8/15
f 19/8/15 21/9/17 20/6/14
f 22/9/18 24/8/20 23/10/19
f 25/10/19 27/11/21 26/9/18
f 28/12/22 30/11/24 29/10/23
f 31/12/22 33/10/23 32/13/25
f 34/13/26 36/14/27 35/12/22
f 37/12/28 39/14/30 38/15/29
f 40/13/31 42/10/19 41/8/32
f 43/8/32 45/16/34 44/13/33
f 46/16/35 48/8/20 47/7/36
f 49/7/16 51/17/38 50/16/37
f 52/18/39 54/17/40 53/7/13
f 55/7/13 57/5/10 56/18/41
f 58/19/42 60/18/39 59/5/43
f 61/5/10 63/3/45 62/19/44
f 64/19/46 66/3/3 65/1/47
f 67/1/47 69/20/49 68/19/48
f 70/1/50 72/21/52 71/20/51
f 73/22/53 75/24/55 74/23/54
f 76/23/56 78/25/58 77/22/57
f 79/26/59 81/22/61 80/25/60
f 82/25/62 84/27/60 83/26/63
f 85/22/64 87/26/66 86/28/65
f 88/28/65 90/29/67 89/22/64
f 91/24/68 93/22/70 92/29/69
f 94/29/67 96/30/72 95/24/71
f 97/31/73 99/30/75 98/29/74
f 100/29/74 102/32/77 101/31/76
f 103/33/78 105/31/76 104/32/79
f 106/32/79 108/34/81 107/33/80
f 109/33/82 111/34/84 110/35/83
f 112/35/85 114/36/86 113/33/82
f 115/36/87 117/35/89 116/37/88
f 118/37/90 120/38/92 119/36/91
f 121/39/93 123/38/95 122/37/94
f 124/37/94 126/40/96 125/39/93
f 127/41/97 129/39/99 128/40/98
f 130/40/100 132/42/101 131/41/97
f 133/42/101 135/40/100 134/43/102
f 136/43/103 138/44/101 137/42/104
f 139/45/105 141/43/107 140/40/106
f 142/40/96 144/37/94 143/45/105
f 145/45/105 147/37/88 146/35/89
f 148/35/89 150/46/108 149/45/105
f 151/46/109 153/35/83 152/34/110
f 154/34/110 156/47/112 155/46/111
f 157/48/113 159/47/114 158/34/81
f 160/34/81 162/32/115 161/48/113
f 163/28/116 165/48/117 164/32/79
f 166/32/118 168/29/119 167/28/116
f 169/49/120 171/51/122 170/50/121
f 172/49/123 174/50/125 173/52/124
f 175/52/126 177/53/128 176/49/127
f 178/54/129 180/52/131 179/50/130
f 181/50/125 183/55/132 182/54/129
f 184/56/133 186/54/135 185/55/134
f 187/55/136 189/57/138 188/56/137
f 190/56/139 192/57/141 191/58/140
f 193/58/142 195/59/144 194/56/143
f 196/60/145 198/59/147 197/58/146
f 199/58/148 201/61/150 200/60/149
f 202/60/149 204/61/152 203/62/151
f 205/62/151 207/63/153 206/60/149
f 208/63/154 210/62/151 209/64/155
f 211/64/155 213/65/156 212/63/154
f 214/65/157 216/64/159 215/66/158
f 217/66/160 219/67/161 218/65/157
f 220/66/158 222/64/163 221/68/162
f 223/69/164 225/68/166 224/64/165
f 226/64/167 228/62/151 227/69/164
f 229/69/164 231/62/169 230/61/168
f 232/61/168 234/70/171 233/69/170
f 235/69/172 237/70/171 236/71/173
f 238/71/174 240/72/175 239/69/172
f 241/68/176 243/69/164 242/72/177
f 244/73/178 246/71/180 245/70/179
f 247/70/181 249/74/183 248/73/182
f 250/73/184 252/74/186 251/75/185
f 253/75/185 255/76/187 254/73/182
f 256/76/188 258/75/190 257/77/189
f 259/77/189 261/78/191 260/76/188
f 262/51/192 264/78/194 263/77/193
f 265/50/195 267/51/197 266/77/196
f 268/77/198 270/55/199 269/50/195
f 271/57/200 273/55/201 272/77/193
f 274/77/202 276/75/203 275/57/200
f 277/58/142 279/57/205 278/75/204
f 280/75/185 282/74/207 281/58/206
f 283/58/142 285/74/186 284/70/181
f 286/70/179 288/61/209 287/58/208
o mesh_176_mat_30_0
v -49.848759 3.392216 -72.755577
v -40.114117 3.578701 -63.638958
v -49.842087 3.578708 -72.899292
v -40.114117 3.578701 -63.638958
v -49.848759 3.392216 -72.755577
v -40.254135 3.392209 -63.638958
v -49.928764 3.180859 -71.641823
v -40.254135 3.392209 -63.638958
v -49.848759 3.392216 -72.755577
v -40.254135 3.392209 -63.638958
v -49.928764 3.180859 -71.641823
v -41.374283 3.180852 -63.638958
v -50.168797 2.930648 -68.237686
v -41.374283 3.180852 -63.638958
v -49.928764 3.180859 -71.641823
v -41.374283 3.180852 -63.638958
v -50.168797 2.930648 -68.237686
v -45.228134 2.930644 -63.638958
v -50.168797 2.930648 -68.237686
v -50.275478 2.876252 -63.638958
v -45.228134 2.930644 -63.638958
v -50.275478 2.876252 -63.638958
v -50.168797 2.930648 -68.237686
v -54.309353 2.983490 -69.805023
v -54.309353 2.983490 -69.805023
v -50.168797 2.930648 -68.237686
v -52.109058 3.180860 -72.315468
v -50.168797 2.930648 -68.237686
v -49.928764 3.180859 -71.641823
v -52.109058 3.180860 -72.315468
v -49.848759 3.392216 -72.755577
v -52.109058 3.180860 -72.315468
v -49.928764 3.180859 -71.641823
v -52.109058 3.180860 -72.315468
v -49.848759 3.392216 -72.755577
v -52.109058 3.392217 -73.433708
v -49.842087 3.578708 -72.899292
v -52.109058 3.392217 -73.433708
v -49.848759 3.392216 -72.755577
v -52.109058 3.392217 -73.433708
v -49.842087 3.578708 -72.899292
v -52.109058 3.578710 -73.577423
v -52.109058 3.578710 -73.577423
v -54.309353 3.392218 -72.984612
v -52.109058 3.392217 -73.433708
v -54.309353 3.392218 -72.984612
v -52.109058 3.578710 -73.577423
v -54.309353 3.578710 -73.128326
v -54.309353 3.578710 -73.128326
v -61.436974 3.502559 -68.448761
v -54.309353 3.392218 -72.984612
v -61.436974 3.502559 -68.448761
v -54.309353 3.578710 -73.128326
v -61.463650 3.578711 -68.493668
v -66.364311 3.578712 -65.318573
v -61.436974 3.502559 -68.448761
v -61.463650 3.578711 -68.493668
v -66.364311 3.578712 -65.318573
v -61.230282 3.409314 -68.107445
v -61.436974 3.502559 -68.448761
v -66.364311 3.578712 -65.318573
v -60.250153 3.283431 -66.823036
v -61.230282 3.409314 -68.107445
v -60.250153 3.283431 -66.823036
v -66.364311 3.578712 -65.318573
v -66.364311 3.578711 -63.638958
v -66.364311 3.578711 -63.638958
v -58.356567 3.185521 -62.314129
v -60.250153 3.283431 -66.823036
v -58.356567 3.185521 -62.314129
v -66.364311 3.578711 -63.638958
v -66.090935 3.578711 -62.314129
v -54.309353 2.983490 -69.805023
v -60.250153 3.283431 -66.823036
v -58.356567 3.185521 -62.314129
v -54.309353 3.180861 -71.870857
v -60.250153 3.283431 -66.823036
v -54.309353 2.983490 -69.805023
v -60.250153 3.283431 -66.823036
v -54.309353 3.180861 -71.870857
v -61.230282 3.409314 -68.107445
v -54.309353 3.392218 -72.984612
v -61.230282 3.409314 -68.107445
v -54.309353 3.180861 -71.870857
v -61.230282 3.409314 -68.107445
v -54.309353 3.392218 -72.984612
v -61.436974 3.502559 -68.448761
v -54.309353 3.180861 -71.870857
v -52.109058 3.392217 -73.433708
v -54.309353 3.392218 -72.984612
v -52.109058 3.392217 -73.433708
v -54.309353 3.180861 -71.870857
v -52.109058 3.180860 -72.315468
v -54.309353 2.983490 -69.805023
v -52.109058 3.180860 -72.315468
v -54.309353 3.180861 -71.870857
v -54.309353 2.983490 -69.805023
v -58.356567 3.185521 -62.314129
v -50.275478 2.876252 -63.638958
v -45.661530 2.556100 -43.708138
v -50.275478 2.876252 -63.638958
v -58.356567 3.185521 -62.314129
v -50.275478 2.876252 -63.638958
v -45.661530 2.556100 -43.708138
v -35.520168 2.419335 -43.708138
v -26.778992 1.979515 -22.025848
v -35.520168 2.419335 -43.708138
v -45.661530 2.556100 -43.708138
v -35.520168 2.419335 -43.708138
v -26.778992 1.979515 -22.025848
v -15.537486 1.852074 -21.819265
v -7.056349 1.976399 -21.662083
v -35.520168 2.419335 -43.708138
v -15.537486 1.852074 -21.819265
v -35.520168 2.419335 -43.708138
v -7.056349 1.976399 -21.662083
v -28.092505 2.484605 -43.708138
v -7.056349 1.976399 -21.662083
v -21.624968 2.893329 -43.708138
v -28.092505 2.484605 -43.708138
v -21.624968 2.893329 -43.708138
v -7.056349 1.976399 -21.662083
v 0.344646 2.470599 -21.536337
v 0.344646 2.470599 -21.536337
v -19.531353 3.255433 -43.708138
v -21.624968 2.893329 -43.708138
v -19.531353 3.255433 -43.708138
v 0.344646 2.470599 -21.536337
v 3.718431 3.110886 -21.644117
v 3.718431 3.110886 -21.644117
v -19.304657 3.578686 -43.708138
v -19.531353 3.255433 -43.708138
v -19.304657 3.578686 -43.708138
v 3.718431 3.110886 -21.644117
v 3.871783 3.578669 -21.769861
v 3.871783 3.578669 -21.769861
v -19.538023 3.905046 -43.708138
v -19.304657 3.578686 -43.708138
v -19.538023 3.905046 -43.708138
v 3.871783 3.578669 -21.769861
v 3.325049 4.048006 -21.891117
v 3.325049 4.048006 -21.891117
v -21.524956 4.271813 -43.708138
v -19.538023 3.905046 -43.708138
v -21.524956 4.271813 -43.708138
v 3.325049 4.048006 -21.891117
v 0.344647 4.576400 -22.003391
v -7.056348 5.070606 -21.635134
v -21.524956 4.271813 -43.708138
v 0.344647 4.576400 -22.003391
v -21.524956 4.271813 -43.708138
v -7.056348 5.070606 -21.635134
v -27.985823 4.638583 -43.708138
v -13.937271 5.337912 -20.939037
v -27.985823 4.638583 -43.708138
v -7.056348 5.070606 -21.635134
v -27.985823 4.638583 -43.708138
v -13.937271 5.337912 -20.939037
v -35.520168 4.778454 -43.708138
v -19.858061 5.368996 -20.054321
v -35.520168 4.778454 -43.708138
v -13.937271 5.337912 -20.939037
v -35.520168 4.778454 -43.708138
v -19.858061 5.368996 -20.054321
v -24.538694 5.428054 -18.886679
v -45.661530 4.601290 -43.708138
v -35.520168 4.778454 -43.708138
v -24.538694 5.428054 -18.886679
v -35.520168 4.778454 -43.708138
v -45.661530 4.601290 -43.708138
v -58.356567 4.139736 -62.314129
v -45.661530 4.601290 -43.708138
v -50.875557 4.139726 -43.708138
v -58.356567 4.139736 -62.314129
v -42.314411 5.070620 -22.394104
v -50.875557 4.139726 -43.708138
v -45.661530 4.601290 -43.708138
v -50.875557 4.139726 -43.708138
v -42.314411 5.070620 -22.394104
v -50.875557 4.139718 -22.416561
v -42.314411 5.070620 -22.394104
v -53.675934 4.386818 -14.579857
v -50.875557 4.139718 -22.416561
v -53.675934 4.386818 -14.579857
v -42.314411 5.070620 -22.394104
v -41.480961 5.148321 -13.861309
v -42.314411 5.070620 -22.394104
v -35.240128 5.539951 -12.702641
v -41.480961 5.148321 -13.861309
v -42.314411 5.070620 -22.394104
v -28.232523 5.597451 -17.373230
v -35.240128 5.539951 -12.702641
v -28.232523 5.597451 -17.373230
v -42.314411 5.070620 -22.394104
v -45.661530 4.601290 -43.708138
v -45.661530 4.601290 -43.708138
v -24.538694 5.428054 -18.886679
v -28.232523 5.597451 -17.373230
v -28.232523 5.597451 -17.373230
v -31.112907 5.877186 -10.605373
v -35.240128 5.539951 -12.702641
v -28.232523 5.597451 -17.373230
v -29.692719 5.909822 -8.135351
v -31.112907 5.877186 -10.605373
v -28.232523 5.597451 -17.373230
v -24.538694 6.211313 -6.078500
v -29.692719 5.909822 -8.135351
v -24.538694 6.211313 -6.078500
v -28.232523 5.597451 -17.373230
v -24.538694 6.212872 -17.373230
v -24.538694 6.212872 -17.373230
v -19.864731 6.637135 -6.500647
v -24.538694 6.211313 -6.078500
v -19.864731 6.637135 -6.500647
v -24.538694 6.212872 -17.373230
v -19.864731 6.638693 -17.373230
v -19.864731 6.638693 -17.373230
v -13.950603 7.086266 -6.500646
v -19.864731 6.637135 -6.500647
v -13.950603 7.086266 -6.500646
v -19.864731 6.638693 -17.373230
v -13.943933 7.081607 -17.373230
v -13.943933 7.081607 -17.373230
v -7.056347 7.387759 -6.500646
v -13.950603 7.086266 -6.500646
v -7.056347 7.387759 -6.500646
v -13.943933 7.081607 -17.373230
v -7.056347 7.395534 -17.373230
v -7.056347 7.395534 -17.373230
v 0.344648 7.501205 -8.180258
v -7.056347 7.387759 -6.500646
v 0.344648 7.501205 -8.180258
v -7.056347 7.395534 -17.373230
v 0.344648 7.501209 -17.368738
v 0.344648 7.501209 -17.368738
v 7.738968 7.445254 -8.054512
v 0.344648 7.501205 -8.180258
v 7.738968 7.445254 -8.054512
v 0.344648 7.501209 -17.368738
v 7.738968 7.445258 -17.368738
v 7.738968 7.445258 -17.368738
v 15.806719 7.345789 -7.937746
v 7.738968 7.445254 -8.054512
v 15.806719 7.345789 -7.937746
v 7.738968 7.445258 -17.368738
v 15.806719 7.345793 -17.368738
v 0.344648 7.501205 -8.180258
v 0.344648 7.499650 -4.874924
v -7.056347 7.387759 -6.500646
v 7.738968 6.941727 -8.054512
v 0.344648 7.499650 -4.874924
v 0.344648 7.501205 -8.180258
v 0.344648 7.499650 -4.874924
v 7.738968 6.941727 -8.054512
v 7.738968 6.940172 -5.943766
v 15.806718 5.877167 -7.937747
v 7.738968 6.940172 -5.943766
v 7.738968 6.941727 -8.054512
v 7.738968 6.940172 -5.943766
v 15.806718 5.877167 -7.937747
v 15.806718 5.877167 -6.990160
v 20.293985 4.475369 -7.789547
v 15.806718 5.877167 -6.990160
v 15.806718 5.877167 -7.937747
v 15.806718 5.877167 -6.990160
v 20.293985 4.475369 -7.789547
v 20.293985 4.473815 -7.286561
v -49.842087 3.578708 -72.899292
v -40.254135 3.766746 -63.638958
v -49.848759 3.766753 -72.755577
v -40.254135 3.766746 -63.638958
v -49.842087 3.578708 -72.899292
v -40.114117 3.578701 -63.638958
v -40.114117 3.578701 -63.638958
v -19.538023 3.905046 -43.708138
v -40.254135 3.766746 -63.638958
v -19.538023 3.905046 -43.708138
v -40.114117 3.578701 -63.638958
v -19.304657 3.578686 -43.708138
v -40.114117 3.578701 -63.638958
v -19.531353 3.255433 -43.708138
v -19.304657 3.578686 -43.708138
v -19.531353 3.255433 -43.708138
v -40.114117 3.578701 -63.638958
v -40.254135 3.392209 -63.638958
v -40.254135 3.392209 -63.638958
v -21.624968 2.893329 -43.708138
v -19.531353 3.255433 -43.708138
v -21.624968 2.893329 -43.708138
v -40.254135 3.392209 -63.638958
v -41.374283 3.180852 -63.638958
v -41.374283 3.180852 -63.638958
v -28.092505 2.484605 -43.708138
v -21.624968 2.893329 -43.708138
v -28.092505 2.484605 -43.708138
v -41.374283 3.180852 -63.638958
v -45.228134 2.930644 -63.638958
v -45.228134 2.930644 -63.638958
v -35.520168 2.419335 -43.708138
v -28.092505 2.484605 -43.708138
v -35.520168 2.419335 -43.708138
v -45.228134 2.930644 -63.638958
v -50.275478 2.876252 -63.638958
v -19.538023 3.905046 -43.708138
v -41.374283 3.978103 -63.638958
v -40.254135 3.766746 -63.638958
v -41.374283 3.978103 -63.638958
v -19.538023 3.905046 -43.708138
v -21.524956 4.271813 -43.708138
v -21.524956 4.271813 -43.708138
v -45.228134 4.228315 -63.638958
v -41.374283 3.978103 -63.638958
v -45.228134 4.228315 -63.638958
v -21.524956 4.271813 -43.708138
v -27.985823 4.638583 -43.708138
v -27.985823 4.638583 -43.708138
v -50.275478 4.282711 -63.638958
v -45.228134 4.228315 -63.638958
v -50.275478 4.282711 -63.638958
v -27.985823 4.638583 -43.708138
v -35.520168 4.778454 -43.708138
v -58.356567 4.139736 -62.314129
v -50.275478 4.282711 -63.638958
v -35.520168 4.778454 -43.708138
v -50.275478 4.282711 -63.638958
v -58.356567 4.139736 -62.314129
v -54.309353 4.175482 -69.805023
v -60.250153 3.875542 -66.823036
v -54.309353 4.175482 -69.805023
v -58.356567 4.139736 -62.314129
v -60.250153 3.875542 -66.823036
v -54.309353 3.978112 -71.870857
v -54.309353 4.175482 -69.805023
v -54.309353 3.978112 -71.870857
v -60.250153 3.875542 -66.823036
v -61.230282 3.749661 -68.107445
v -60.250153 3.875542 -66.823036
v -66.364311 3.692161 -65.318573
v -61.230282 3.749661 -68.107445
v -66.364311 3.692161 -65.318573
v -60.250153 3.875542 -66.823036
v -66.364311 3.692160 -63.638958
v -58.356567 4.139736 -62.314129
v -66.364311 3.692160 -63.638958
v -60.250153 3.875542 -66.823036
v -66.364311 3.692160 -63.638958
v -58.356567 4.139736 -62.314129
v -66.090935 3.692160 -62.314129
v -66.364311 3.692161 -65.318573
v -61.436974 3.656415 -68.448761
v -61.230282 3.749661 -68.107445
v -66.364311 3.692161 -65.318573
v -61.463650 3.578711 -68.493668
v -61.436974 3.656415 -68.448761
v -66.364311 3.692161 -65.318573
v -66.364311 3.578712 -65.318573
v -61.463650 3.578711 -68.493668
v -54.309353 3.578710 -73.128326
v -61.436974 3.656415 -68.448761
v -61.463650 3.578711 -68.493668
v -61.436974 3.656415 -68.448761
v -54.309353 3.578710 -73.128326
v -54.309353 3.766755 -72.984612
v -54.309353 3.578710 -73.128326
v -52.109058 3.766754 -73.433708
v -54.309353 3.766755 -72.984612
v -52.109058 3.766754 -73.433708
v -54.309353 3.578710 -73.128326
v -52.109058 3.578710 -73.577423
v -52.109058 3.578710 -73.577423
v -49.848759 3.766753 -72.755577
v -52.109058 3.766754 -73.433708
v -49.848759 3.766753 -72.755577
v -52.109058 3.578710 -73.577423
v -49.842087 3.578708 -72.899292
v -49.928764 3.978110 -71.641823
v -52.109058 3.766754 -73.433708
v -49.848759 3.766753 -72.755577
v -52.109058 3.766754 -73.433708
v -49.928764 3.978110 -71.641823
v -52.109058 3.978111 -72.315468
v -52.109058 3.978111 -72.315468
v -49.928764 3.978110 -71.641823
v -50.168797 4.228318 -68.237686
v -49.928764 3.978110 -71.641823
v -45.228134 4.228315 -63.638958
v -50.168797 4.228318 -68.237686
v -45.228134 4.228315 -63.638958
v -49.928764 3.978110 -71.641823
v -41.374283 3.978103 -63.638958
v -49.848759 3.766753 -72.755577
v -41.374283 3.978103 -63.638958
v -49.928764 3.978110 -71.641823
v -41.374283 3.978103 -63.638958
v -49.848759 3.766753 -72.755577
v -40.254135 3.766746 -63.638958
v -50.168797 4.228318 -68.237686
v -45.228134 4.228315 -63.638958
v -50.275478 4.282711 -63.638958
v -54.309353 4.175482 -69.805023
v -50.168797 4.228318 -68.237686
v -50.275478 4.282711 -63.638958
v -52.109058 3.978111 -72.315468
v -50.168797 4.228318 -68.237686
v -54.309353 4.175482 -69.805023
v -52.109058 3.978111 -72.315468
v -54.309353 4.175482 -69.805023
v -54.309353 3.978112 -71.870857
v -54.309353 3.766755 -72.984612
v -52.109058 3.978111 -72.315468
v -54.309353 3.978112 -71.870857
v -52.109058 3.978111 -72.315468
v -54.309353 3.766755 -72.984612
v -52.109058 3.766754 -73.433708
v -61.230282 3.749661 -68.107445
v -54.309353 3.766755 -72.984612
v -54.309353 3.978112 -71.870857
v -54.309353 3.766755 -72.984612
v -61.230282 3.749661 -68.107445
v -61.436974 3.656415 -68.448761
v -92.901199 0.664767 -1.681860
v -85.060143 2.809417 -1.919880
v -85.060143 0.664763 -1.457317
v -85.060143 2.809417 -1.919880
v -92.901199 0.664767 -1.681860
v -92.901199 2.809420 -2.108503
v -92.901199 2.809420 -2.108503
v -85.060143 4.627711 -3.231239
v -85.060143 2.809417 -1.919880
v -85.060143 4.627711 -3.231239
v -92.901199 2.809420 -2.108503
v -92.901199 4.627714 -3.321060
v -92.901199 4.627714 -3.321060
v -85.060143 5.843015 -5.198268
v -85.060143 4.627711 -3.231239
v -85.060143 5.843015 -5.198268
v -92.901199 4.627714 -3.321060
v -92.901199 5.843019 -5.139889
v -92.901199 5.843019 -5.139889
v -85.060143 6.268839 -7.515600
v -85.060143 5.843015 -5.198268
v -85.060143 6.268839 -7.515600
v -92.901199 5.843019 -5.139889
v -92.901199 6.268843 -7.286561
v -92.901199 5.843020 -9.428741
v -85.060143 6.268839 -7.515600
v -92.901199 6.268843 -7.286561
v -85.060143 6.268839 -7.515600
v -92.901199 5.843020 -9.428741
v -85.060143 5.843017 -9.837416
v -92.901199 4.627717 -11.247579
v -85.060143 5.843017 -9.837416
v -92.901199 5.843020 -9.428741
v -85.060143 5.843017 -9.837416
v -92.901199 4.627717 -11.247579
v -85.060143 4.627714 -11.804453
v -92.901199 2.809424 -12.460130
v -85.060143 4.627714 -11.804453
v -92.901199 4.627717 -11.247579
v -85.060143 4.627714 -11.804453
v -92.901199 2.809424 -12.460130
v -85.060143 2.809421 -13.115813
v -92.901199 0.664771 -12.886775
v -85.060143 2.809421 -13.115813
v -92.901199 2.809424 -12.460130
v -85.060143 2.809421 -13.115813
v -92.901199 0.664771 -12.886775
v -85.060143 0.664768 -13.578377
v -92.901199 -1.478329 -12.460131
v -85.060143 0.664768 -13.578377
v -92.901199 0.664771 -12.886775
v -85.060143 0.664768 -13.578377
v -92.901199 -1.478329 -12.460131
v -85.060143 -1.478332 -13.115814
v -92.901199 -3.296622 -11.247581
v -85.060143 -1.478332 -13.115814
v -92.901199 -1.478329 -12.460131
v -85.060143 -1.478332 -13.115814
v -92.901199 -3.296622 -11.247581
v -85.060143 -3.296625 -11.804455
v -92.901199 -4.511927 -9.428744
v -85.060143 -3.296625 -11.804455
v -92.901199 -3.296622 -11.247581
v -85.060143 -3.296625 -11.804455
v -92.901199 -4.511927 -9.428744
v -85.060143 -4.511930 -9.837419
v -92.901199 -4.937750 -7.286564
v -85.060143 -4.511930 -9.837419
v -92.901199 -4.511927 -9.428744
v -85.060143 -4.511930 -9.837419
v -92.901199 -4.937750 -7.286564
v -85.060143 -4.937753 -7.515604
v -92.901199 -4.937750 -7.286564
v -85.060143 -4.511932 -5.198272
v -85.060143 -4.937753 -7.515604
v -85.060143 -4.511932 -5.198272
v -92.901199 -4.937750 -7.286564
v -92.901199 -4.511929 -5.139893
v -92.901199 -4.511929 -5.139893
v -85.060143 -3.296628 -3.231241
v -85.060143 -4.511932 -5.198272
v -85.060143 -3.296628 -3.231241
v -92.901199 -4.511929 -5.139893
v -92.901199 -3.296625 -3.321062
v -92.901199 -3.296625 -3.321062
v -85.060143 -1.478336 -1.919881
v -85.060143 -3.296628 -3.231241
v -85.060143 -1.478336 -1.919881
v -92.901199 -3.296625 -3.321062
v -92.901199 -1.478333 -2.108504
v -92.901199 -1.478333 -2.108504
v -85.060143 0.664763 -1.457317
v -85.060143 -1.478336 -1.919881
v -85.060143 0.664763 -1.457317
v -92.901199 -1.478333 -2.108504
v -92.901199 0.664767 -1.681860
v -85.060143 0.664763 -1.457317
v -78.332573 -2.387485 -1.497735
v -85.060143 -1.478336 -1.919881
v -78.332573 -2.387485 -1.497735
v -85.060143 0.664763 -1.457317
v -78.332573 0.358604 -0.976785
v -78.332573 -4.717076 -2.979749
v -85.060143 -1.478336 -1.919881
v -78.332573 -2.387485 -1.497735
v -85.060143 -1.478336 -1.919881
v -78.332573 -4.717076 -2.979749
v -85.060143 -3.296628 -3.231241
v -78.332573 -6.272726 -5.198272
v -85.060143 -3.296628 -3.231241
v -78.332573 -4.717076 -2.979749
v -85.060143 -3.296628 -3.231241
v -78.332573 -6.272726 -5.198272
v -85.060143 -4.511932 -5.198272
v -78.332573 -6.819767 -7.816495
v -85.060143 -4.511932 -5.198272
v -78.332573 -6.272726 -5.198272
v -85.060143 -4.511932 -5.198272
v -78.332573 -6.819767 -7.816495
v -85.060143 -4.937753 -7.515604
v -78.332573 -6.272724 -10.439208
v -85.060143 -4.937753 -7.515604
v -78.332573 -6.819767 -7.816495
v -85.060143 -4.937753 -7.515604
v -78.332573 -6.272724 -10.439208
v -85.060143 -4.511930 -9.837419
v -78.332573 -4.717072 -12.657736
v -85.060143 -4.511930 -9.837419
v -78.332573 -6.272724 -10.439208
v -85.060143 -4.511930 -9.837419
v -78.332573 -4.717072 -12.657736
v -85.060143 -3.296625 -11.804455
v -78.332573 -2.387480 -14.139750
v -85.060143 -3.296625 -11.804455
v -78.332573 -4.717072 -12.657736
v -85.060143 -3.296625 -11.804455
v -78.332573 -2.387480 -14.139750
v -85.060143 -1.478332 -13.115814
v -78.332573 0.649225 -14.579858
v -85.060143 -1.478332 -13.115814
v -78.332573 -2.387480 -14.139750
v -85.060143 -1.478332 -13.115814
v -78.332573 0.649225 -14.579858
v -85.060143 0.664768 -13.578377
v -78.332573 0.649225 -14.579858
v -85.060143 2.809421 -13.115813
v -85.060143 0.664768 -13.578377
v -85.060143 2.809421 -13.115813
v -78.332573 0.649225 -14.579858
v -78.332573 3.106252 -14.139748
v -78.332573 5.434289 -12.657733
v -85.060143 2.809421 -13.115813
v -78.332573 3.106252 -14.139748
v -85.060143 2.809421 -13.115813
v -78.332573 5.434289 -12.657733
v -85.060143 4.627714 -11.804453
v -78.332573 6.989939 -10.439204
v -85.060143 4.627714 -11.804453
v -78.332573 5.434289 -12.657733
v -85.060143 4.627714 -11.804453
v -78.332573 6.989939 -10.439204
v -85.060143 5.843017 -9.837416
v -78.332573 7.536979 -7.816491
v -85.060143 5.843017 -9.837416
v -78.332573 6.989939 -10.439204
v -85.060143 5.843017 -9.837416
v -78.332573 7.536979 -7.816491
v -85.060143 6.268839 -7.515600
v -78.332573 6.989937 -5.198268
v -85.060143 6.268839 -7.515600
v -78.332573 7.536979 -7.816491
v -85.060143 6.268839 -7.515600
v -78.332573 6.989937 -5.198268
v -85.060143 5.843015 -5.198268
v -78.332573 5.434285 -2.979746
v -85.060143 5.843015 -5.198268
v -78.332573 6.989937 -5.198268
v -85.060143 5.843015 -5.198268
v -78.332573 5.434285 -2.979746
v -85.060143 4.627711 -3.231239
v -78.332573 3.106248 -1.497733
v -85.060143 4.627711 -3.231239
v -78.332573 5.434285 -2.979746
v -85.060143 4.627711 -3.231239
v -78.332573 3.106248 -1.497733
v -85.060143 2.809417 -1.919880
v -78.332573 0.358604 -0.976785
v -85.060143 2.809417 -1.919880
v -78.332573 3.106248 -1.497733
v -85.060143 2.809417 -1.919880
v -78.332573 0.358604 -0.976785
v -85.060143 0.664763 -1.457317
v -78.332573 3.106248 -1.497733
v -71.158279 5.737330 -2.836036
v -71.158279 3.423280 -1.237259
v -71.158279 5.737330 -2.836036
v -78.332573 3.106248 -1.497733
v -78.332573 5.434285 -2.979746
v -78.332573 5.434285 -2.979746
v -71.158279 7.431297 -5.225219
v -71.158279 5.737330 -2.836036
v -71.158279 7.431297 -5.225219
v -78.332573 5.434285 -2.979746
v -78.332573 6.989937 -5.198268
v -78.332573 6.989937 -5.198268
v -71.158279 8.026517 -8.045529
v -71.158279 7.431297 -5.225219
v -71.158279 8.026517 -8.045529
v -78.332573 6.989937 -5.198268
v -78.332573 7.536979 -7.816491
v -78.332573 7.536979 -7.816491
v -71.158279 7.431299 -10.865848
v -71.158279 8.026517 -8.045529
v -71.158279 7.431299 -10.865848
v -78.332573 7.536979 -7.816491
v -78.332573 6.989939 -10.439204
v -78.332573 6.989939 -10.439204
v -71.158279 5.737334 -13.205626
v -71.158279 7.431299 -10.865848
v -71.158279 5.737334 -13.205626
v -78.332573 6.989939 -10.439204
v -78.332573 5.434289 -12.657733
v -78.332573 5.434289 -12.657733
v -71.158279 3.199495 -14.755008
v -71.158279 5.737334 -13.205626
v -71.158279 3.199495 -14.755008
v -78.332573 5.434289 -12.657733
v -78.332573 3.106252 -14.139748
v -71.158279 3.199495 -14.755008
v -78.332573 3.106252 -14.139748
v -78.332573 0.649225 -14.579858
v -71.158279 3.199495 -14.755008
v -62.303757 5.954904 -13.407722
v -71.158279 5.737334 -13.205626
v -62.303757 5.954904 -13.407722
v -71.158279 3.199495 -14.755008
v -62.303761 3.793157 -14.746026
v -62.303761 3.793157 -14.746026
v -53.675930 5.948684 -13.322392
v -62.303757 5.954904 -13.407722
v -53.675930 5.948684 -13.322392
v -62.303761 3.793157 -14.746026
v -53.675934 4.386818 -14.579857
v -62.917175 3.752752 -19.178587
v -53.675934 4.386818 -14.579857
v -62.303761 3.793157 -14.746026
v -62.757156 3.758968 -19.501938
v -53.675934 4.386818 -14.579857
v -62.917175 3.752752 -19.178587
v -50.875557 4.139718 -22.416561
v -53.675934 4.386818 -14.579857
v -62.757156 3.758968 -19.501938
v -62.757156 3.758968 -19.501938
v -62.917175 3.754306 -19.825283
v -50.875557 4.139718 -22.416561
v -62.917175 3.754306 -19.825283
v -62.303761 3.692143 -22.416561
v -50.875557 4.139718 -22.416561
v -71.158279 3.045641 -20.090250
v -62.303761 3.692143 -22.416561
v -62.917175 3.754306 -19.825283
v -62.303761 3.692143 -22.416561
v -71.158279 3.045641 -20.090250
v -71.158279 2.992802 -21.630646
v -71.158279 3.199495 -14.755008
v -62.917175 3.752752 -19.178587
v -62.303761 3.793157 -14.746026
v -62.917175 3.752752 -19.178587
v -71.158279 3.199495 -14.755008
v -71.158279 3.124899 -17.503468
v -78.332573 1.463572 -15.046918
v -71.158279 3.124899 -17.503468
v -71.158279 3.199495 -14.755008
v -71.158279 3.124899 -17.503468
v -78.332573 1.463572 -15.046918
v -78.332573 1.726215 -16.861263
v -89.434067 0.046240 -15.024465
v -78.332573 1.726215 -16.861263
v -78.332573 1.463572 -15.046918
v -78.332573 1.726215 -16.861263
v -89.434067 0.046240 -15.024465
v -89.434067 0.702069 -17.274429
v -102.975876 0.273144 -19.412119
v -89.434067 0.702069 -17.274429
v -89.434067 0.046240 -15.024465
v -102.975876 0.273144 -19.412119
v -89.427399 1.357899 -19.070805
v -89.434067 0.702069 -17.274429
v -78.332573 2.436438 -18.675604
v -89.434067 0.702069 -17.274429
v -89.427399 1.357899 -19.070805
v -89.434067 0.702069 -17.274429
v -78.332573 2.436438 -18.675604
v -78.332573 1.726215 -16.861263
v -71.158279 3.050303 -18.909134
v -78.332573 1.726215 -16.861263
v -78.332573 2.436438 -18.675604
v -78.332573 1.726215 -16.861263
v -71.158279 3.050303 -18.909134
v -71.158279 3.124899 -17.503468
v -62.917175 3.752752 -19.178587
v -71.158279 3.124899 -17.503468
v -71.158279 3.050303 -18.909134
v -102.975876 0.273144 -19.412119
v -89.434067 0.046240 -15.024465
v -102.975876 0.022935 -18.855238
v -89.434067 0.046240 -15.024465
v -102.975876 -0.567622 -18.608236
v -102.975876 0.022935 -18.855238
v -102.975876 -0.567622 -18.608236
v -89.434067 0.046240 -15.024465
v -89.414062 -0.409111 -14.710095
v -89.434067 0.046240 -15.024465
v -78.332573 0.649225 -14.579858
v -89.414062 -0.409111 -14.710095
v -78.332573 0.649225 -14.579858
v -89.434067 0.046240 -15.024465
v -78.332573 1.463572 -15.046918
v -78.332573 0.649225 -14.579858
v -78.332573 1.463572 -15.046918
v -71.158279 3.199495 -14.755008
v -78.332573 0.649225 -14.579858
v -89.427399 -1.814014 -14.692134
v -89.414062 -0.409111 -14.710095
v -78.332573 0.649225 -14.579858
v -78.332573 -2.519579 -14.606810
v -89.427399 -1.814014 -14.692134
v -78.332573 -2.788438 -15.042429
v -89.427399 -1.814014 -14.692134
v -78.332573 -2.519579 -14.606810
v -89.427399 -1.814014 -14.692134
v -78.332573 -2.788438 -15.042429
v -89.434067 -2.284906 -15.015484
v -89.434067 -2.284906 -15.015484
v -102.975876 -0.567622 -18.608236
v -89.427399 -1.814014 -14.692134
v -102.975876 -0.567622 -18.608236
v -89.434067 -2.284906 -15.015484
v -102.975876 -1.158179 -18.855238
v -102.975876 -0.567622 -18.608236
v -89.414062 -0.409111 -14.710095
v -89.427399 -1.814014 -14.692134
v -78.332573 -2.387480 -14.139750
v -71.158279 -5.884202 -13.335868
v -71.158279 -3.066624 -14.755010
v -71.158279 -5.884202 -13.335868
v -78.332573 -2.387480 -14.139750
v -78.332573 -4.717072 -12.657736
v -78.332573 -4.717072 -12.657736
v -71.158279 -7.130589 -11.543982
v -71.158279 -5.884202 -13.335868
v -71.158279 -7.130589 -11.543982
v -78.332573 -4.717072 -12.657736
v -78.332573 -6.272724 -10.439208
v -78.332573 -6.272724 -10.439208
v -71.158279 -7.613914 -8.144337
v -71.158279 -7.130589 -11.543982
v -71.158279 -7.613914 -8.144337
v -78.332573 -6.272724 -10.439208
v -78.332573 -6.819767 -7.816495
v -78.332573 -6.819767 -7.816495
v -71.158279 -7.130591 -4.834512
v -71.158279 -7.613914 -8.144337
v -71.158279 -7.130591 -4.834512
v -78.332573 -6.819767 -7.816495
v -78.332573 -6.272726 -5.198272
v -78.332573 -6.272726 -5.198272
v -71.158279 -5.884206 -2.930345
v -71.158279 -7.130591 -4.834512
v -71.158279 -5.884206 -2.930345
v -78.332573 -6.272726 -5.198272
v -78.332573 -4.717076 -2.979749
v -78.332573 -4.717076 -2.979749
v -71.158279 -3.066629 -1.533661
v -71.158279 -5.884206 -2.930345
v -71.158279 -3.066629 -1.533661
v -78.332573 -4.717076 -2.979749
v -78.332573 -2.387485 -1.497735
v -53.675938 -7.516015 -2.575566
v -71.158279 -5.884206 -2.930345
v -71.158279 -3.066629 -1.533661
v -71.158279 -5.884206 -2.930345
v -53.675938 -7.516015 -2.575566
v -53.675938 -8.412727 -2.912383
v -53.675938 -7.516015 -2.575566
v -26.778996 -8.412737 -4.340508
v -53.675938 -8.412727 -2.912383
v -26.778996 -8.412737 -4.340508
v -53.675938 -7.516015 -2.575566
v -26.778996 -7.516025 -4.003685
v -53.675938 -5.049663 -2.575565
v -26.778996 -7.516025 -4.003685
v -53.675938 -7.516015 -2.575566
v -26.778996 -7.516025 -4.003685
v -53.675938 -5.049663 -2.575565
v -26.778994 -5.834491 -4.003684
v 0.344643 -5.498816 -6.500650
v -26.778996 -7.516025 -4.003685
v -26.778994 -5.834491 -4.003684
v -26.778996 -7.516025 -4.003685
v 0.344643 -5.498816 -6.500650
v 0.344642 -7.516034 -6.500651
v 15.806714 -5.498822 -7.286564
v 0.344642 -7.516034 -6.500651
v 0.344643 -5.498816 -6.500650
v 0.344642 -7.516034 -6.500651
v 15.806714 -5.498822 -7.286564
v 15.806713 -7.516040 -7.618897
v 23.094364 -6.171749 -7.843445
v 15.806713 -7.516040 -7.618897
v 15.806714 -5.498822 -7.286564
v 15.806713 -7.516040 -7.618897
v 23.094364 -6.171749 -7.843445
v 23.094362 -7.851727 -7.843446
v 23.094362 -7.851727 -7.843446
v 15.806713 -8.412752 -7.955714
v 15.806713 -7.516040 -7.618897
v 15.806713 -8.412752 -7.955714
v 23.094362 -7.851727 -7.843446
v 23.094362 -8.412755 -8.180263
v 23.094362 -8.412755 -8.180263
v 15.806712 -8.748438 -8.853909
v 15.806713 -8.412752 -7.955714
v 15.806712 -8.748438 -8.853909
v 23.094362 -8.412755 -8.180263
v 23.094362 -8.748441 -8.741634
v 23.094362 -8.748438 -16.138222
v 15.806712 -8.748438 -8.853909
v 23.094362 -8.748441 -8.741634
v 15.806712 -8.748438 -8.853909
v 23.094362 -8.748438 -16.138222
v 15.806712 -8.748435 -15.801400
v 23.094362 -8.748438 -16.138222
v 15.806713 -8.412748 -16.699587
v 15.806712 -8.748435 -15.801400
v 15.806713 -8.412748 -16.699587
v 23.094362 -8.748438 -16.138222
v 23.094362 -8.412751 -16.699587
v 23.094362 -8.412751 -16.699587
v 15.806713 -7.516037 -17.036409
v 15.806713 -8.412748 -16.699587
v 15.806713 -7.516037 -17.036409
v 23.094362 -8.412751 -16.699587
v 23.094362 -7.851724 -17.036409
v 23.094364 -6.171745 -17.036409
v 15.806713 -7.516037 -17.036409
v 23.094362 -7.851724 -17.036409
v 15.806713 -7.516037 -17.036409
v 23.094364 -6.171745 -17.036409
v 15.806713 -6.171742 -17.036409
v 23.094364 -6.171745 -17.036409
v 20.293983 1.948412 -17.368740
v 15.806713 -6.171742 -17.036409
v 23.094364 -6.171745 -17.036409
v 25.094635 2.795393 -17.368740
v 20.293983 1.948412 -17.368740
v 23.094364 -6.171745 -17.036409
v 27.388277 3.552238 -17.368738
v 25.094635 2.795393 -17.368740
v 23.094364 -6.171745 -17.036409
v 28.921810 4.363475 -17.368738
v 27.388277 3.552238 -17.368738
v 23.094364 -6.171745 -17.036409
v 40.463364 5.611411 -17.368738
v 28.921810 4.363475 -17.368738
v 23.094364 -6.171745 -17.036409
v 45.510708 5.260183 -16.865753
v 40.463364 5.611411 -17.368738
v 15.806713 -6.171742 -17.036409
v 20.293983 1.948412 -17.368740
v 15.806716 1.207110 -17.368740
v 7.738965 -0.143397 -17.368740
v 15.806713 -6.171742 -17.036409
v 15.806716 1.207110 -17.368740
v 15.806713 -6.171742 -17.036409
v 7.738965 -0.143397 -17.368740
v 0.344642 -7.516030 -17.036409
v 0.344642 -7.516030 -17.036409
v 7.738965 -0.143397 -17.368740
v 0.344645 -1.225046 -17.368740
v 0.344642 -7.516030 -17.036409
v 0.344645 -1.225046 -17.368740
v -7.056351 -1.856006 -17.198080
v 0.344642 -7.516030 -17.036409
v -7.056351 -1.856006 -17.198080
v -15.537488 -2.472980 -17.031918
v 0.344642 -7.516030 -17.036409
v -15.537488 -2.472980 -17.031918
v -26.778996 -7.516020 -16.573841
v -26.778996 -7.516020 -16.573841
v -15.537488 -2.472980 -17.031918
v -26.778994 -3.144345 -16.906172
v -42.581116 -3.257788 -16.281931
v -26.778996 -7.516020 -16.573841
v -26.778994 -3.144345 -16.906172
v -42.581116 -3.257788 -16.281931
v -53.675938 -7.516010 -15.352302
v -26.778996 -7.516020 -16.573841
v -42.581116 -3.257788 -16.281931
v -53.675934 -3.257784 -15.846305
v -53.675938 -7.516010 -15.352302
v -62.303761 -3.257781 -15.352301
v -53.675938 -7.516010 -15.352302
v -53.675934 -3.257784 -15.846305
v -53.675938 -7.516010 -15.352302
v -62.303761 -3.257781 -15.352301
v -71.158279 -3.066624 -14.755010
v -71.158279 -3.066624 -14.755010
v -53.675938 -8.412723 -15.019977
v -53.675938 -7.516010 -15.352302
v -53.675938 -8.412723 -15.019977
v -71.158279 -3.066624 -14.755010
v -71.158279 -5.884202 -13.335868
v -71.158279 -5.884202 -13.335868
v -53.675938 -8.748409 -14.121789
v -53.675938 -8.412723 -15.019977
v -53.675938 -8.748409 -14.121789
v -71.158279 -5.884202 -13.335868
v -71.158279 -7.130589 -11.543982
v -71.158279 -7.130589 -11.543982
v -71.158279 -7.613914 -8.144337
v -53.675938 -8.748409 -14.121789
v -53.675938 -8.748409 -14.121789
v -71.158279 -7.613914 -8.144337
v -53.675938 -8.748413 -3.810571
v -53.675938 -8.748413 -3.810571
v -71.158279 -7.613914 -8.144337
v -71.158279 -7.130591 -4.834512
v -71.158279 -7.130591 -4.834512
v -53.675938 -8.412727 -2.912383
v -53.675938 -8.748413 -3.810571
v -53.675938 -8.412727 -2.912383
v -71.158279 -7.130591 -4.834512
v -71.158279 -5.884206 -2.930345
v -53.675938 -8.412727 -2.912383
v -26.778996 -8.748423 -5.238696
v -53.675938 -8.748413 -3.810571
v -26.778996 -8.748423 -5.238696
v -53.675938 -8.412727 -2.912383
v -26.778996 -8.412737 -4.340508
v 0.344642 -8.412746 -6.837474
v -26.778996 -8.748423 -5.238696
v -26.778996 -8.412737 -4.340508
v -26.778996 -8.748423 -5.238696
v 0.344642 -8.412746 -6.837474
v 0.344642 -8.748432 -7.731172
v 15.806713 -8.412752 -7.955714
v 0.344642 -8.748432 -7.731172
v 0.344642 -8.412746 -6.837474
v 0.344642 -8.748432 -7.731172
v 15.806713 -8.412752 -7.955714
v 15.806712 -8.748438 -8.853909
v 15.806712 -8.748438 -8.853909
v 0.344642 -8.748429 -15.801400
v 0.344642 -8.748432 -7.731172
v 0.344642 -8.748429 -15.801400
v 15.806712 -8.748438 -8.853909
v 15.806712 -8.748435 -15.801400
v 15.806712 -8.748435 -15.801400
v 0.344642 -8.412743 -16.699587
v 0.344642 -8.748429 -15.801400
v 0.344642 -8.412743 -16.699587
v 15.806712 -8.748435 -15.801400
v 15.806713 -8.412748 -16.699587
v 15.806713 -8.412748 -16.699587
v 0.344642 -7.516030 -17.036409
v 0.344642 -8.412743 -16.699587
v 0.344642 -7.516030 -17.036409
v 15.806713 -8.412748 -16.699587
v 15.806713 -7.516037 -17.036409
v 15.806713 -7.516037 -17.036409
v 15.806713 -6.171742 -17.036409
v 0.344642 -7.516030 -17.036409
v 0.344642 -7.516030 -17.036409
v -26.778996 -8.412733 -16.237024
v 0.344642 -8.412743 -16.699587
v -26.778996 -8.412733 -16.237024
v 0.344642 -7.516030 -17.036409
v -26.778996 -7.516020 -16.573841
v -26.778996 -7.516020 -16.573841
v -53.675938 -8.412723 -15.019977
v -26.778996 -8.412733 -16.237024
v -53.675938 -8.412723 -15.019977
v -26.778996 -7.516020 -16.573841
v -53.675938 -7.516010 -15.352302
v -53.675938 -8.748409 -14.121789
v -26.778996 -8.412733 -16.237024
v -53.675938 -8.412723 -15.019977
v -26.778996 -8.412733 -16.237024
v -53.675938 -8.748409 -14.121789
v -26.778996 -8.748419 -15.343321
v -53.675938 -8.748413 -3.810571
v -26.778996 -8.748419 -15.343321
v -53.675938 -8.748409 -14.121789
v -26.778996 -8.748419 -15.343321
v -53.675938 -8.748413 -3.810571
v -26.778996 -8.748423 -5.238696
v 0.344642 -8.748432 -7.731172
v -26.778996 -8.748419 -15.343321
v -26.778996 -8.748423 -5.238696
v -26.778996 -8.748419 -15.343321
v 0.344642 -8.748432 -7.731172
v 0.344642 -8.748429 -15.801400
v 0.344642 -8.412743 -16.699587
v -26.778996 -8.748419 -15.343321
v 0.344642 -8.748429 -15.801400
v -26.778996 -8.748419 -15.343321
v 0.344642 -8.412743 -16.699587
v -26.778996 -8.412733 -16.237024
v 23.094364 -6.171745 -17.036409
v 45.410690 5.208897 -16.753479
v 45.510708 5.260183 -16.865753
v 45.410690 5.208897 -16.753479
v 23.094364 -6.171745 -17.036409
v 23.094364 -6.171745 -16.924135
v 23.094364 -6.171749 -7.843445
v 45.410690 5.208894 -7.955710
v 23.094364 -6.171749 -7.955713
v 45.410690 5.208894 -7.955710
v 23.094364 -6.171749 -7.843445
v 45.510708 5.260180 -7.843442
v 45.410690 5.208897 -16.753479
v 45.510708 5.260180 -7.843442
v 45.510708 5.260183 -16.865753
v 45.510708 5.260180 -7.843442
v 45.410690 5.208897 -16.753479
v 45.410690 5.208894 -7.955710
v 23.094362 -7.851727 -7.843446
v 23.094364 -6.171749 -7.955713
v 23.094362 -7.805104 -7.955714
v 23.094364 -6.171749 -7.955713
v 23.094362 -7.851727 -7.843446
v 23.094364 -6.171749 -7.843445
v 23.094362 -7.805104 -7.955714
v 23.094362 -8.412755 -8.180263
v 23.094362 -7.851727 -7.843446
v 23.094362 -8.412755 -8.180263
v 23.094362 -7.805104 -7.955714
v 23.094362 -8.333497 -8.261103
v 23.094362 -8.333497 -8.261103
v 23.094362 -8.748441 -8.741634
v 23.094362 -8.412755 -8.180263
v 23.094362 -8.748441 -8.741634
v 23.094362 -8.333497 -8.261103
v 23.094362 -8.636545 -8.786542
v 23.094362 -8.636545 -8.786542
v 23.094362 -8.748438 -16.138222
v 23.094362 -8.748441 -8.741634
v 23.094362 -8.748438 -16.138222
v 23.094362 -8.636545 -8.786542
v 23.094362 -8.636542 -16.093309
v 23.094362 -8.636542 -16.093309
v 23.094362 -8.412751 -16.699587
v 23.094362 -8.748438 -16.138222
v 23.094362 -8.412751 -16.699587
v 23.094362 -8.636542 -16.093309
v 23.094362 -8.333494 -16.618753
v 23.094362 -8.333494 -16.618753
v 23.094362 -7.851724 -17.036409
v 23.094362 -8.412751 -16.699587
v 23.094362 -7.851724 -17.036409
v 23.094362 -8.333494 -16.618753
v 23.094362 -7.805100 -16.924135
v 23.094364 -6.171745 -16.924135
v 23.094362 -7.851724 -17.036409
v 23.094362 -7.805100 -16.924135
v 23.094362 -7.851724 -17.036409
v 23.094364 -6.171745 -16.924135
v 23.094364 -6.171745 -17.036409
v 0.344642 -8.412746 -6.837474
v 15.806713 -7.516040 -7.618897
v 15.806713 -8.412752 -7.955714
v 15.806713 -7.516040 -7.618897
v 0.344642 -8.412746 -6.837474
v 0.344642 -7.516034 -6.500651
v -26.778996 -8.412737 -4.340508
v 0.344642 -7.516034 -6.500651
v 0.344642 -8.412746 -6.837474
v 0.344642 -7.516034 -6.500651
v -26.778996 -8.412737 -4.340508
v -26.778996 -7.516025 -4.003685
v 20.293985 7.053616 -7.789546
v 40.463364 5.611411 -17.368738
v 40.463364 5.611407 -7.398835
v 40.463364 5.611411 -17.368738
v 20.293985 7.053616 -7.789546
v 20.293985 7.053620 -17.368738
v 20.293985 7.053616 -7.789546
v 15.806719 7.345793 -17.368738
v 20.293985 7.053620 -17.368738
v 15.806719 7.345793 -17.368738
v 20.293985 7.053616 -7.789546
v 15.806719 7.345789 -7.937746
v 40.463364 5.611411 -17.368738
v 45.510708 5.260180 -7.843442
v 40.463364 5.611407 -7.398835
v 45.510708 5.260180 -7.843442
v 40.463364 5.611411 -17.368738
v 45.510708 5.260183 -16.865753
v 23.094364 -6.171749 -7.843445
v 40.463364 5.611407 -7.398835
v 45.510708 5.260180 -7.843442
v 40.463364 5.611407 -7.398835
v 23.094364 -6.171749 -7.843445
v 23.654440 -1.967916 -7.901824
v 23.094364 -6.171749 -7.843445
v 15.806714 -5.498822 -7.286564
v 23.654440 -1.967916 -7.901824
v 23.654440 -1.967916 -7.901824
v 23.654440 2.214158 -7.789548
v 40.463364 5.611407 -7.398835
v 20.293985 4.475369 -7.789547
v 40.463364 5.611407 -7.398835
v 23.654440 2.214158 -7.789548
v 40.463364 5.611407 -7.398835
v 20.293985 4.475369 -7.789547
v 20.293985 7.053616 -7.789546
v 15.806718 5.877167 -7.937747
v 20.293985 7.053616 -7.789546
v 20.293985 4.475369 -7.789547
v 20.293985 7.053616 -7.789546
v 15.806718 5.877167 -7.937747
v 15.806719 7.345789 -7.937746
v 7.738968 6.941727 -8.054512
v 15.806719 7.345789 -7.937746
v 15.806718 5.877167 -7.937747
v 15.806719 7.345789 -7.937746
v 7.738968 6.941727 -8.054512
v 7.738968 7.445254 -8.054512
v 7.738968 7.445254 -8.054512
v 7.738968 6.941727 -8.054512
v 0.344648 7.501205 -8.180258
v -53.675930 5.948684 -13.322392
v -41.460960 7.050533 -10.785008
v -53.675930 7.541633 -10.978122
v -41.460960 7.050533 -10.785008
v -53.675930 5.948684 -13.322392
v -41.460960 5.919153 -12.990066
v -53.675934 4.386818 -14.579857
v -41.460960 5.919153 -12.990066
v -53.675930 5.948684 -13.322392
v -41.460960 5.919153 -12.990066
v -53.675934 4.386818 -14.579857
v -41.480961 5.148321 -13.861309
v -41.480961 5.148321 -13.861309
v -35.240128 5.539951 -12.702641
v -41.460960 5.919153 -12.990066
v -35.240128 6.422676 -10.681716
v -41.460960 5.919153 -12.990066
v -35.240128 5.539951 -12.702641
v -41.460960 5.919153 -12.990066
v -35.240128 6.422676 -10.681716
v -41.460960 7.050533 -10.785008
v -35.240128 6.846944 -8.139842
v -41.460960 7.050533 -10.785008
v -35.240128 6.422676 -10.681716
v -41.460960 7.050533 -10.785008
v -35.240128 6.846944 -8.139842
v -41.460960 7.470139 -8.139842
v -35.240128 6.422674 -5.597968
v -41.460960 7.470139 -8.139842
v -35.240128 6.846944 -8.139842
v -41.460960 7.470139 -8.139842
v -35.240128 6.422674 -5.597968
v -41.460960 7.050531 -5.494675
v -35.240128 6.422674 -5.597968
v -41.460960 5.919149 -3.294109
v -41.460960 7.050531 -5.494675
v -41.460960 5.919149 -3.294109
v -35.240128 6.422674 -5.597968
v -35.240128 5.539948 -3.572552
v -31.112907 5.877184 -5.665329
v -35.240128 5.539948 -3.572552
v -35.240128 6.422674 -5.597968
v -35.240128 5.539948 -3.572552
v -31.112907 5.877184 -5.665329
v -29.692719 5.909819 0.002244
v -29.692719 5.909821 -5.588986
v -29.692719 5.909819 0.002244
v -31.112907 5.877184 -5.665329
v -29.692719 5.909821 -5.588986
v -31.112907 5.877184 -5.665329
v -29.692719 5.909822 -8.135351
v -31.112907 5.877184 -5.665329
v -35.240128 6.846944 -8.139842
v -29.692719 5.909822 -8.135351
v -35.240128 6.846944 -8.139842
v -31.112907 5.877184 -5.665329
v -35.240128 6.422674 -5.597968
v -35.240128 6.846944 -8.139842
v -31.112907 5.877186 -10.605373
v -29.692719 5.909822 -8.135351
v -31.112907 5.877186 -10.605373
v -35.240128 6.846944 -8.139842
v -35.240128 6.422676 -10.681716
v -35.240128 5.539951 -12.702641
v -31.112907 5.877186 -10.605373
v -35.240128 6.422676 -10.681716
v -29.692719 5.909822 -8.135351
v -24.538694 6.211313 -6.078500
v -29.692719 5.909821 -5.588986
v -29.692719 5.909819 0.002244
v -41.480961 5.148316 -2.409393
v -35.240128 5.539948 -3.572552
v -41.480961 5.148316 -2.409393
v -29.692719 5.909819 0.002244
v -41.480961 5.148315 0.002244
v -29.692719 5.909819 0.002244
v -41.480961 5.148314 2.409390
v -41.480961 5.148315 0.002244
v -41.480961 5.148314 2.409390
v -29.692719 5.909819 0.002244
v -35.240128 5.539945 3.572543
v -35.240128 5.539945 3.572543
v -29.692719 5.909819 0.002244
v -31.112907 5.877181 5.665326
v -29.692719 5.909817 5.588984
v -31.112907 5.877181 5.665326
v -29.692719 5.909819 0.002244
v -29.692719 5.909817 5.588984
v -29.692719 5.909816 8.135348
v -31.112907 5.877181 5.665326
v -29.692719 5.909816 8.135348
v -29.692719 5.909817 5.588984
v -24.538694 6.211308 6.078491
v -24.538694 6.211308 6.078491
v -28.232523 5.597437 17.373226
v -29.692719 5.909816 8.135348
v -28.232523 5.597437 17.373226
v -24.538694 6.211308 6.078491
v -24.538694 6.212858 17.373226
v -19.864731 6.637130 6.500644
v -24.538694 6.212858 17.373226
v -24.538694 6.211308 6.078491
v -24.538694 6.212858 17.373226
v -19.864731 6.637130 6.500644
v -19.864731 6.638680 17.373226
v -13.950603 7.086261 6.500645
v -19.864731 6.638680 17.373226
v -19.864731 6.637130 6.500644
v -19.864731 6.638680 17.373226
v -13.950603 7.086261 6.500645
v -13.943933 7.081594 17.373226
v -7.056347 7.387754 6.500645
v -13.943933 7.081594 17.373226
v -13.950603 7.086261 6.500645
v -13.943933 7.081594 17.373226
v -7.056347 7.387754 6.500645
v -7.056347 7.395520 17.373226
v 0.344648 7.501200 8.180256
v -7.056347 7.395520 17.373226
v -7.056347 7.387754 6.500645
v -7.056347 7.395520 17.373226
v 0.344648 7.501200 8.180256
v 0.344648 7.501196 17.368736
v 7.738968 7.445249 8.054509
v 0.344648 7.501196 17.368736
v 0.344648 7.501200 8.180256
v 0.344648 7.501196 17.368736
v 7.738968 7.445249 8.054509
v 7.738968 7.445245 17.368736
v 15.806719 7.345783 7.937745
v 7.738968 7.445245 17.368736
v 7.738968 7.445249 8.054509
v 7.738968 7.445245 17.368736
v 15.806719 7.345783 7.937745
v 15.806719 7.345779 17.368736
v 0.344648 7.501200 8.180256
v -7.056347 7.387754 6.500645
v 0.344648 7.499646 4.874922
v 0.344648 7.499646 4.874922
v 7.738968 6.941721 8.054509
v 0.344648 7.501200 8.180256
v 7.738968 6.941721 8.054509
v 0.344648 7.499646 4.874922
v 7.738968 6.940167 5.943763
v 7.738968 6.940167 5.943763
v 15.806718 5.877162 7.937744
v 7.738968 6.941721 8.054509
v 15.806718 5.877162 7.937744
v 7.738968 6.940167 5.943763
v 15.806718 5.877162 6.990158
v 15.806718 5.877162 6.990158
v 20.293985 4.475364 7.789544
v 15.806718 5.877162 7.937744
v 20.293985 4.475364 7.789544
v 15.806718 5.877162 6.990158
v 20.293985 4.473810 7.286558
v -53.675930 7.541631 -5.445271
v -41.460960 5.919149 -3.294109
v -53.675930 5.948680 -3.101001
v -41.460960 5.919149 -3.294109
v -53.675930 7.541631 -5.445271
v -41.460960 7.050531 -5.494675
v -53.675930 8.101108 -8.211699
v -41.460960 7.050531 -5.494675
v -53.675930 7.541631 -5.445271
v -41.460960 7.050531 -5.494675
v -53.675930 8.101108 -8.211699
v -41.460960 7.470139 -8.139842
v -53.675930 7.541633 -10.978122
v -41.460960 7.470139 -8.139842
v -53.675930 8.101108 -8.211699
v -41.460960 7.470139 -8.139842
v -53.675930 7.541633 -10.978122
v -41.460960 7.050533 -10.785008
v -53.675930 8.101108 -8.211699
v -62.303757 7.599139 -10.996085
v -53.675930 7.541633 -10.978122
v -62.303757 7.599139 -10.996085
v -53.675930 8.101108 -8.211699
v -62.303757 8.175706 -8.148822
v -53.675930 7.541631 -5.445271
v -62.303757 8.175706 -8.148822
v -53.675930 8.101108 -8.211699
v -62.303757 8.175706 -8.148822
v -53.675930 7.541631 -5.445271
v -62.303757 7.599136 -5.301561
v -53.675930 5.948680 -3.101001
v -62.303757 7.599136 -5.301561
v -53.675930 7.541631 -5.445271
v -62.303757 7.599136 -5.301561
v -53.675930 5.948680 -3.101001
v -62.303757 5.954900 -2.885434
v -53.675934 4.462963 -1.533659
v -62.303757 5.954900 -2.885434
v -53.675930 5.948680 -3.101001
v -62.303757 5.954900 -2.885434
v -53.675934 4.462963 -1.533659
v -62.303761 3.942345 -1.273184
v -62.303761 3.942345 -1.273184
v -71.158279 5.737330 -2.836036
v -62.303757 5.954900 -2.885434
v -71.158279 5.737330 -2.836036
v -62.303761 3.942345 -1.273184
v -71.158279 3.423280 -1.237259
v -71.158279 7.431297 -5.225219
v -62.303757 5.954900 -2.885434
v -71.158279 5.737330 -2.836036
v -62.303757 5.954900 -2.885434
v -71.158279 7.431297 -5.225219
v -62.303757 7.599136 -5.301561
v -71.158279 8.026517 -8.045529
v -62.303757 7.599136 -5.301561
v -71.158279 7.431297 -5.225219
v -62.303757 7.599136 -5.301561
v -71.158279 8.026517 -8.045529
v -62.303757 8.175706 -8.148822
v -71.158279 7.431299 -10.865848
v -62.303757 8.175706 -8.148822
v -71.158279 8.026517 -8.045529
v -62.303757 8.175706 -8.148822
v -71.158279 7.431299 -10.865848
v -62.303757 7.599139 -10.996085
v -71.158279 5.737334 -13.205626
v -62.303757 7.599139 -10.996085
v -71.158279 7.431299 -10.865848
v -62.303757 7.599139 -10.996085
v -71.158279 5.737334 -13.205626
v -62.303757 5.954904 -13.407722
v -62.303757 5.954904 -13.407722
v -53.675930 7.541633 -10.978122
v -62.303757 7.599139 -10.996085
v -53.675930 7.541633 -10.978122
v -62.303757 5.954904 -13.407722
v -53.675930 5.948684 -13.322392
v -41.460960 5.919149 -3.294109
v -53.675934 4.462963 -1.533659
v -53.675930 5.948680 -3.101001
v -53.675934 4.462963 -1.533659
v -41.460960 5.919149 -3.294109
v -41.480961 5.148316 -2.409393
v -41.460960 5.919149 -3.294109
v -35.240128 5.539948 -3.572552
v -41.480961 5.148316 -2.409393
v -41.480961 5.148315 0.002244
v -53.675934 4.462963 -1.533659
v -41.480961 5.148316 -2.409393
v -53.675934 4.462963 -1.533659
v -41.480961 5.148315 0.002244
v -53.675934 4.462963 0.002244
v -41.480961 5.148315 0.002244
v -53.675934 4.462962 1.533655
v -53.675934 4.462963 0.002244
v -53.675934 4.462962 1.533655
v -41.480961 5.148315 0.002244
v -41.480961 5.148314 2.409390
v -41.460960 5.919147 3.294106
v -53.675934 4.462962 1.533655
v -41.480961 5.148314 2.409390
v -53.675934 4.462962 1.533655
v -41.460960 5.919147 3.294106
v -53.675930 5.948678 3.100999
v -41.460960 5.919147 3.294106
v -53.675930 7.541627 5.445269
v -53.675930 5.948678 3.100999
v -53.675930 7.541627 5.445269
v -41.460960 5.919147 3.294106
v -41.460960 7.050528 5.494672
v -41.460960 5.919147 3.294106
v -35.240128 6.422670 5.597965
v -41.460960 7.050528 5.494672
v -35.240128 6.422670 5.597965
v -41.460960 5.919147 3.294106
v -35.240128 5.539945 3.572543
v -41.460960 5.919147 3.294106
v -41.480961 5.148314 2.409390
v -35.240128 5.539945 3.572543
v -31.112907 5.877181 5.665326
v -35.240128 6.422670 5.597965
v -35.240128 5.539945 3.572543
v -31.112907 5.877181 5.665326
v -35.240128 6.846938 8.139839
v -35.240128 6.422670 5.597965
v -35.240128 6.846938 8.139839
v -31.112907 5.877181 5.665326
v -29.692719 5.909816 8.135348
v -31.112907 5.877179 10.605371
v -35.240128 6.846938 8.139839
v -29.692719 5.909816 8.135348
v -35.240128 6.846938 8.139839
v -31.112907 5.877179 10.605371
v -35.240128 6.422668 10.681713
v -35.240128 5.539941 12.702638
v -35.240128 6.422668 10.681713
v -31.112907 5.877179 10.605371
v -41.460960 5.919143 12.990063
v -35.240128 6.422668 10.681713
v -35.240128 5.539941 12.702638
v -35.240128 6.422668 10.681713
v -41.460960 5.919143 12.990063
v -41.460960 7.050526 10.785006
v -53.675930 5.948675 13.322389
v -41.460960 7.050526 10.785006
v -41.460960 5.919143 12.990063
v -41.460960 7.050526 10.785006
v -53.675930 5.948675 13.322389
v -53.675930 7.541625 10.978120
v -62.303757 5.954895 13.407719
v -53.675930 7.541625 10.978120
v -53.675930 5.948675 13.322389
v -53.675930 7.541625 10.978120
v -62.303757 5.954895 13.407719
v -62.303757 7.599130 10.996082
v -71.158279 5.737325 13.205624
v -62.303757 7.599130 10.996082
v -62.303757 5.954895 13.407719
v -62.303757 7.599130 10.996082
v -71.158279 5.737325 13.205624
v -71.158279 7.431291 10.865845
v -71.158279 5.737325 13.205624
v -78.332573 6.989931 10.439201
v -71.158279 7.431291 10.865845
v -78.332573 6.989931 10.439201
v -71.158279 5.737325 13.205624
v -78.332573 5.434279 12.657731
v -71.158279 3.199484 14.755004
v -78.332573 5.434279 12.657731
v -71.158279 5.737325 13.205624
v -78.332573 5.434279 12.657731
v -71.158279 3.199484 14.755004
v -78.332573 3.106242 14.139743
v -71.158279 3.199484 14.755004
v -78.332573 0.649214 14.579852
v -78.332573 3.106242 14.139743
v -62.303757 5.954895 13.407719
v -71.158279 3.199484 14.755004
v -71.158279 5.737325 13.205624
v -71.158279 3.199484 14.755004
v -62.303757 5.954895 13.407719
v -62.303761 3.793146 14.746022
v -53.675930 5.948675 13.322389
v -62.303761 3.793146 14.746022
v -62.303757 5.954895 13.407719
v -62.303761 3.793146 14.746022
v -53.675930 5.948675 13.322389
v -53.675934 4.386807 14.579853
v -41.460960 5.919143 12.990063
v -53.675934 4.386807 14.579853
v -53.675930 5.948675 13.322389
v -53.675934 4.386807 14.579853
v -41.460960 5.919143 12.990063
v -41.480961 5.148310 13.861307
v -41.480961 5.148310 13.861307
v -41.460960 5.919143 12.990063
v -35.240128 5.539941 12.702638
v -42.314411 5.070604 22.394104
v -41.480961 5.148310 13.861307
v -35.240128 5.539941 12.702638
v -42.314411 5.070604 22.394104
v -53.675934 4.386807 14.579853
v -41.480961 5.148310 13.861307
v -53.675934 4.386807 14.579853
v -42.314411 5.070604 22.394104
v -50.875557 4.139702 22.416557
v -42.314411 5.070604 22.394104
v -50.875557 4.139694 43.708134
v -50.875557 4.139702 22.416557
v -50.875557 4.139694 43.708134
v -42.314411 5.070604 22.394104
v -45.661530 4.601258 43.708134
v -28.232523 5.597437 17.373226
v -45.661530 4.601258 43.708134
v -42.314411 5.070604 22.394104
v -45.661530 4.601258 43.708134
v -28.232523 5.597437 17.373226
v -24.538694 5.428040 18.886675
v -45.661530 4.601258 43.708134
v -24.538694 5.428040 18.886675
v -35.520168 4.778422 43.708134
v -35.520168 4.778422 43.708134
v -24.538694 5.428040 18.886675
v -19.858061 5.368981 20.054319
v -19.858061 5.368981 20.054319
v -13.937271 5.337896 20.939035
v -35.520168 4.778422 43.708134
v -13.937271 5.337896 20.939035
v -27.985823 4.638550 43.708134
v -35.520168 4.778422 43.708134
v -27.985823 4.638550 43.708134
v -13.937271 5.337896 20.939035
v -7.056348 5.070590 21.635136
v -7.056348 5.070590 21.635136
v -21.524956 4.271781 43.708134
v -27.985823 4.638550 43.708134
v -21.524956 4.271781 43.708134
v -7.056348 5.070590 21.635136
v 0.344647 4.576384 22.003393
v 3.325049 4.047989 21.891119
v -21.524956 4.271781 43.708134
v 0.344647 4.576384 22.003393
v -21.524956 4.271781 43.708134
v 3.325049 4.047989 21.891119
v -19.538023 3.905013 43.708134
v 3.871783 3.578652 21.769863
v -19.538023 3.905013 43.708134
v 3.325049 4.047989 21.891119
v -19.538023 3.905013 43.708134
v 3.871783 3.578652 21.769863
v -19.304657 3.578653 43.708134
v 3.718431 3.110869 21.644114
v -19.304657 3.578653 43.708134
v 3.871783 3.578652 21.769863
v -19.304657 3.578653 43.708134
v 3.718431 3.110869 21.644114
v -19.531353 3.255400 43.708134
v 0.344646 2.470582 21.536331
v -19.531353 3.255400 43.708134
v 3.718431 3.110869 21.644114
v -19.531353 3.255400 43.708134
v 0.344646 2.470582 21.536331
v -21.624968 2.893296 43.708134
v -7.056349 1.976383 21.662077
v -21.624968 2.893296 43.708134
v 0.344646 2.470582 21.536331
v -21.624968 2.893296 43.708134
v -7.056349 1.976383 21.662077
v -28.092505 2.484572 43.708134
v -7.056349 1.976383 21.662077
v -35.520168 2.419302 43.708134
v -28.092505 2.484572 43.708134
v -35.520168 2.419302 43.708134
v -7.056349 1.976383 21.662077
v -15.537486 1.852058 21.819260
v -26.778992 1.979498 22.025845
v -35.520168 2.419302 43.708134
v -15.537486 1.852058 21.819260
v -35.520168 2.419302 43.708134
v -26.778992 1.979498 22.025845
v -45.661530 2.556067 43.708134
v -26.778992 1.979498 22.025845
v -42.581116 2.423975 22.223442
v -45.661530 2.556067 43.708134
v -42.581116 2.423975 22.223442
v -50.875557 3.185479 43.708134
v -45.661530 2.556067 43.708134
v -50.875557 3.185479 43.708134
v -42.581116 2.423975 22.223442
v -50.875557 3.182378 22.416557
v -45.661530 2.556067 43.708134
v -50.875557 3.185479 43.708134
v -58.356567 3.185475 62.314129
v -50.275478 2.876205 63.638947
v -45.661530 2.556067 43.708134
v -58.356567 3.185475 62.314129
v -45.661530 2.556067 43.708134
v -50.275478 2.876205 63.638947
v -35.520168 2.419302 43.708134
v -45.228134 2.930597 63.638947
v -35.520168 2.419302 43.708134
v -50.275478 2.876205 63.638947
v -35.520168 2.419302 43.708134
v -45.228134 2.930597 63.638947
v -28.092505 2.484572 43.708134
v -41.374283 3.180805 63.638947
v -28.092505 2.484572 43.708134
v -45.228134 2.930597 63.638947
v -28.092505 2.484572 43.708134
v -41.374283 3.180805 63.638947
v -21.624968 2.893296 43.708134
v -40.254135 3.392162 63.638947
v -21.624968 2.893296 43.708134
v -41.374283 3.180805 63.638947
v -21.624968 2.893296 43.708134
v -40.254135 3.392162 63.638947
v -19.531353 3.255400 43.708134
v -40.114117 3.578654 63.638947
v -19.531353 3.255400 43.708134
v -40.254135 3.392162 63.638947
v -19.531353 3.255400 43.708134
v -40.114117 3.578654 63.638947
v -19.304657 3.578653 43.708134
v -40.114117 3.578654 63.638947
v -19.538023 3.905013 43.708134
v -19.304657 3.578653 43.708134
v -19.538023 3.905013 43.708134
v -40.114117 3.578654 63.638947
v -40.254135 3.766699 63.638947
v -49.842087 3.578654 72.899277
v -40.254135 3.766699 63.638947
v -40.114117 3.578654 63.638947
v -40.254135 3.766699 63.638947
v -49.842087 3.578654 72.899277
v -49.848759 3.766699 72.755577
v -52.109058 3.578655 73.577408
v -49.848759 3.766699 72.755577
v -49.842087 3.578654 72.899277
v -49.848759 3.766699 72.755577
v -52.109058 3.578655 73.577408
v -52.109058 3.766700 73.433708
v -54.309353 3.578656 73.128326
v -52.109058 3.766700 73.433708
v -52.109058 3.578655 73.577408
v -52.109058 3.766700 73.433708
v -54.309353 3.578656 73.128326
v -54.309353 3.766701 72.984612
v -54.309353 3.578656 73.128326
v -61.436974 3.656364 68.448753
v -54.309353 3.766701 72.984612
v -61.436974 3.656364 68.448753
v -54.309353 3.578656 73.128326
v -61.463650 3.578660 68.493660
v -66.364311 3.692112 65.318565
v -61.436974 3.656364 68.448753
v -61.463650 3.578660 68.493660
v -66.364311 3.692112 65.318565
v -61.230282 3.749610 68.107445
v -61.436974 3.656364 68.448753
v -66.364311 3.692112 65.318565
v -60.250153 3.875492 66.823036
v -61.230282 3.749610 68.107445
v -60.250153 3.875492 66.823036
v -66.364311 3.692112 65.318565
v -66.364311 3.692113 63.638947
v -66.364311 3.692113 63.638947
v -58.356567 4.139689 62.314129
v -60.250153 3.875492 66.823036
v -58.356567 4.139689 62.314129
v -66.364311 3.692113 63.638947
v -66.090935 3.692113 62.314129
v -60.250153 3.875492 66.823036
v -58.356567 4.139689 62.314129
v -54.309353 4.175430 69.805016
v -50.275478 4.282663 63.638947
v -54.309353 4.175430 69.805016
v -58.356567 4.139689 62.314129
v -54.309353 4.175430 69.805016
v -50.275478 4.282663 63.638947
v -50.168797 4.228268 68.237686
v -50.168797 4.228268 68.237686
v -50.275478 4.282663 63.638947
v -45.228134 4.228267 63.638947
v -50.275478 4.282663 63.638947
v -27.985823 4.638550 43.708134
v -45.228134 4.228267 63.638947
v -27.985823 4.638550 43.708134
v -50.275478 4.282663 63.638947
v -35.520168 4.778422 43.708134
v -58.356567 4.139689 62.314129
v -35.520168 4.778422 43.708134
v -50.275478 4.282663 63.638947
v -35.520168 4.778422 43.708134
v -58.356567 4.139689 62.314129
v -45.661530 4.601258 43.708134
v -45.661530 4.601258 43.708134
v -58.356567 4.139689 62.314129
v -50.875557 4.139694 43.708134
v -21.524956 4.271781 43.708134
v -45.228134 4.228267 63.638947
v -27.985823 4.638550 43.708134
v -45.228134 4.228267 63.638947
v -21.524956 4.271781 43.708134
v -41.374283 3.978056 63.638947
v -19.538023 3.905013 43.708134
v -41.374283 3.978056 63.638947
v -21.524956 4.271781 43.708134
v -41.374283 3.978056 63.638947
v -19.538023 3.905013 43.708134
v -40.254135 3.766699 63.638947
v -49.848759 3.766699 72.755577
v -41.374283 3.978056 63.638947
v -40.254135 3.766699 63.638947
v -41.374283 3.978056 63.638947
v -49.848759 3.766699 72.755577
v -49.928764 3.978056 71.641815
v -52.109058 3.766700 73.433708
v -49.928764 3.978056 71.641815
v -49.848759 3.766699 72.755577
v -49.928764 3.978056 71.641815
v -52.109058 3.766700 73.433708
v -52.109058 3.978057 72.315460
v -54.309353 3.766701 72.984612
v -52.109058 3.978057 72.315460
v -52.109058 3.766700 73.433708
v -52.109058 3.978057 72.315460
v -54.309353 3.766701 72.984612
v -54.309353 3.978058 71.870857
v -54.309353 3.766701 72.984612
v -61.230282 3.749610 68.107445
v -54.309353 3.978058 71.870857
v -61.230282 3.749610 68.107445
v -54.309353 3.766701 72.984612
v -61.436974 3.656364 68.448753
v -60.250153 3.875492 66.823036
v -54.309353 3.978058 71.870857
v -61.230282 3.749610 68.107445
v -54.309353 3.978058 71.870857
v -60.250153 3.875492 66.823036
v -54.309353 4.175430 69.805016
v -52.109058 3.978057 72.315460
v -54.309353 3.978058 71.870857
v -54.309353 4.175430 69.805016
v -52.109058 3.978057 72.315460
v -54.309353 4.175430 69.805016
v -50.168797 4.228268 68.237686
v -52.109058 3.978057 72.315460
v -50.168797 4.228268 68.237686
v -49.928764 3.978056 71.641815
v -45.228134 4.228267 63.638947
v -49.928764 3.978056 71.641815
v -50.168797 4.228268 68.237686
v -49.928764 3.978056 71.641815
v -45.228134 4.228267 63.638947
v -41.374283 3.978056 63.638947
v -78.332573 3.106248 -1.497733
v -71.158279 3.423279 0.002243
v -78.332573 3.106247 0.002243
v -71.158279 3.423279 0.002243
v -78.332573 3.106248 -1.497733
v -71.158279 3.423280 -1.237259
v -71.158279 3.423280 -1.237259
v -62.303761 3.942345 0.002243
v -71.158279 3.423279 0.002243
v -62.303761 3.942345 0.002243
v -71.158279 3.423280 -1.237259
v -62.303761 3.942345 -1.273184
v -62.303761 3.942345 -1.273184
v -53.675934 4.462963 0.002244
v -62.303761 3.942345 0.002243
v -53.675934 4.462963 0.002244
v -62.303761 3.942345 -1.273184
v -53.675934 4.462963 -1.533659
v -53.675934 4.462963 0.002244
v -62.303761 3.942344 1.273180
v -62.303761 3.942345 0.002243
v -62.303761 3.942344 1.273180
v -53.675934 4.462963 0.002244
v -53.675934 4.462962 1.533655
v -71.158279 3.423279 1.237254
v -62.303761 3.942345 0.002243
v -62.303761 3.942344 1.273180
v -62.303761 3.942345 0.002243
v -71.158279 3.423279 1.237254
v -71.158279 3.423279 0.002243
v -78.332573 3.106247 1.497729
v -71.158279 3.423279 0.002243
v -71.158279 3.423279 1.237254
v -71.158279 3.423279 0.002243
v -78.332573 3.106247 1.497729
v -78.332573 3.106247 0.002243
v 15.806719 6.717938 -19.295353
v 7.738968 7.395528 -17.368738
v 7.738968 6.988354 -19.645647
v 7.738968 7.395528 -17.368738
v 15.806719 6.717938 -19.295353
v 15.806719 7.081596 -17.368738
v 15.806719 7.081596 -17.368738
v 7.738968 7.445258 -17.368738
v 7.738968 7.395528 -17.368738
v 7.738968 7.445258 -17.368738
v 15.806719 7.081596 -17.368738
v 15.806719 7.345793 -17.368738
v 20.293985 6.582729 -17.368738
v 15.806719 7.345793 -17.368738
v 15.806719 7.081596 -17.368738
v 15.806719 7.345793 -17.368738
v 20.293985 6.582729 -17.368738
v 20.293985 7.053620 -17.368738
v 20.293985 6.582729 -17.368738
v 40.463364 5.611411 -17.368738
v 20.293985 7.053620 -17.368738
v 40.463364 5.611411 -17.368738
v 20.293985 6.582729 -17.368738
v 25.094635 5.933115 -17.368738
v 27.388277 5.176270 -17.368738
v 40.463364 5.611411 -17.368738
v 25.094635 5.933115 -17.368738
v 28.921810 4.363475 -17.368738
v 40.463364 5.611411 -17.368738
v 27.388277 5.176270 -17.368738
v 7.738968 7.395528 -17.368738
v 7.738968 7.445258 -17.368738
v 0.344648 7.501209 -17.368738
v 0.344648 7.501209 -17.368738
v 7.738968 6.988354 -19.645647
v 7.738968 7.395528 -17.368738
v 7.738968 6.988354 -19.645647
v 0.344648 7.501209 -17.368738
v 0.344648 7.081603 -19.726480
v 0.344648 7.501209 -17.368738
v -7.056347 6.988360 -19.645647
v 0.344648 7.081603 -19.726480
v -7.056347 6.988360 -19.645647
v 0.344648 7.501209 -17.368738
v -7.056347 7.395534 -17.373230
v -7.056347 7.395534 -17.373230
v -13.943933 6.717949 -19.344749
v -7.056347 6.988360 -19.645647
v -13.943933 6.717949 -19.344749
v -7.056347 7.395534 -17.373230
v -13.943933 7.081607 -17.373230
v -13.943933 7.081607 -17.373230
v -19.864731 6.341860 -18.877697
v -13.943933 6.717949 -19.344749
v -19.864731 6.341860 -18.877697
v -13.943933 7.081607 -17.373230
v -19.864731 6.638693 -17.373230
v -19.864731 6.638693 -17.373230
v -24.538694 6.003069 -18.257946
v -19.864731 6.341860 -18.877697
v -24.538694 6.003069 -18.257946
v -19.864731 6.638693 -17.373230
v -24.538694 6.212872 -17.373230
v -24.538694 6.003069 -18.257946
v -24.538694 6.212872 -17.373230
v -28.232523 5.597451 -17.373230
v -24.538694 5.428054 -18.886679
v -24.538694 6.003069 -18.257946
v -28.232523 5.597451 -17.373230
v -24.538694 5.428054 -18.886679
v -19.864731 6.341860 -18.877697
v -24.538694 6.003069 -18.257946
v -19.864731 6.341860 -18.877697
v -24.538694 5.428054 -18.886679
v -19.858061 5.368996 -20.054321
v -19.858061 5.368996 -20.054321
v -13.943933 6.717949 -19.344749
v -19.864731 6.341860 -18.877697
v -13.943933 6.717949 -19.344749
v -19.858061 5.368996 -20.054321
v -13.937271 5.337912 -20.939037
v -13.937271 5.337912 -20.939037
v -7.056347 6.988360 -19.645647
v -13.943933 6.717949 -19.344749
v -7.056347 6.988360 -19.645647
v -13.937271 5.337912 -20.939037
v -7.056348 5.878736 -21.307297
v -7.056348 5.070606 -21.635134
v -7.056348 5.878736 -21.307297
v -13.937271 5.337912 -20.939037
v -7.056348 5.070606 -21.635134
v 0.344648 5.933125 -21.446514
v -7.056348 5.878736 -21.307297
v 0.344648 5.933125 -21.446514
v -7.056348 5.070606 -21.635134
v 0.344647 4.576400 -22.003391
v 7.738967 4.363485 -21.918066
v 0.344648 5.933125 -21.446514
v 0.344647 4.576400 -22.003391
v 0.344648 5.933125 -21.446514
v 7.738967 4.363485 -21.918066
v 7.738967 5.878730 -21.307297
v 7.738967 4.363485 -21.918066
v 15.806718 5.723316 -20.790838
v 7.738967 5.878730 -21.307297
v 15.806718 5.723316 -20.790838
v 7.738967 4.363485 -21.918066
v 15.806718 4.363482 -21.334240
v 15.806718 5.723316 -20.790838
v 7.738968 6.988354 -19.645647
v 7.738967 5.878730 -21.307297
v 7.738968 6.988354 -19.645647
v 15.806718 5.723316 -20.790838
v 15.806719 6.717938 -19.295353
v 0.344648 7.081603 -19.726480
v 7.738967 5.878730 -21.307297
v 7.738968 6.988354 -19.645647
v 7.738967 5.878730 -21.307297
v 0.344648 7.081603 -19.726480
v 0.344648 5.933125 -21.446514
v 0.344648 7.081603 -19.726480
v -7.056348 5.878736 -21.307297
v 0.344648 5.933125 -21.446514
v -7.056348 5.878736 -21.307297
v 0.344648 7.081603 -19.726480
v -7.056347 6.988360 -19.645647
v 7.738966 2.204845 -21.307299
v 15.806718 4.363482 -21.334240
v 7.738967 4.363485 -21.918066
v 15.806718 4.363482 -21.334240
v 7.738966 2.204845 -21.307299
v 15.806717 2.800060 -20.790840
v 7.698971 0.980216 -20.602217
v 15.806717 2.800060 -20.790840
v 7.738966 2.204845 -21.307299
v 15.806717 2.800060 -20.790840
v 7.698971 0.980216 -20.602217
v 15.806717 1.618947 -19.295355
v 7.698971 0.980216 -20.602217
v 7.745641 0.307292 -19.389666
v 15.806717 1.618947 -19.295355
v 7.698971 0.980216 -20.602217
v 0.344645 -0.768141 -19.524393
v 7.745641 0.307292 -19.389666
v 0.344645 -0.768141 -19.524393
v 7.698971 0.980216 -20.602217
v 0.344645 -0.155826 -20.530365
v 7.738966 2.204845 -21.307299
v 0.344645 -0.155826 -20.530365
v 7.698971 0.980216 -20.602217
v 0.344645 -0.155826 -20.530365
v 7.738966 2.204845 -21.307299
v 0.344646 2.470599 -21.536337
v 3.718431 3.110886 -21.644117
v 0.344646 2.470599 -21.536337
v 7.738966 2.204845 -21.307299
v 3.718431 3.110886 -21.644117
v 7.738966 2.204845 -21.307299
v 3.871783 3.578669 -21.769861
v 3.871783 3.578669 -21.769861
v 7.738966 2.204845 -21.307299
v 7.738967 4.363485 -21.918066
v 3.325049 4.048006 -21.891117
v 3.871783 3.578669 -21.769861
v 7.738967 4.363485 -21.918066
v 3.325049 4.048006 -21.891117
v 7.738967 4.363485 -21.918066
v 0.344647 4.576400 -22.003391
v 0.344646 2.470599 -21.536337
v -7.163032 -0.962399 -20.669584
v 0.344645 -0.155826 -20.530365
v -7.163032 -0.962399 -20.669584
v 0.344646 2.470599 -21.536337
v -7.056349 1.976399 -21.662083
v -7.056349 1.976399 -21.662083
v -15.590829 -1.740999 -20.822275
v -7.163032 -0.962399 -20.669584
v -15.590829 -1.740999 -20.822275
v -7.056349 1.976399 -21.662083
v -15.537486 1.852074 -21.819265
v -26.778992 1.979515 -22.025848
v -15.590829 -1.740999 -20.822275
v -15.537486 1.852074 -21.819265
v -15.590829 -1.740999 -20.822275
v -26.778992 1.979515 -22.025848
v -26.778992 -2.412364 -21.028860
v -42.581116 2.423992 -22.223452
v -26.778992 -2.412364 -21.028860
v -26.778992 1.979515 -22.025848
v -26.778992 -2.412364 -21.028860
v -42.581116 2.423992 -22.223452
v -42.581116 -2.524252 -21.316278
v -50.875557 3.182395 -22.416561
v -42.581116 -2.524252 -21.316278
v -42.581116 2.423992 -22.223452
v -42.581116 -2.524252 -21.316278
v -50.875557 3.182395 -22.416561
v -53.675934 -2.524248 -21.518372
v -50.875557 3.182395 -22.416561
v -62.303761 -2.524245 -21.518372
v -53.675934 -2.524248 -21.518372
v -62.303761 -2.524245 -21.518372
v -50.875557 3.182395 -22.416561
v -62.303761 3.692143 -22.416561
v -62.303761 3.692143 -22.416561
v -50.875557 3.182395 -22.416561
v -50.875557 4.139718 -22.416561
v -62.303761 3.692143 -22.416561
v -71.158279 -2.356399 -21.626154
v -62.303761 -2.524245 -21.518372
v -71.158279 -2.356399 -21.626154
v -62.303761 3.692143 -22.416561
v -71.158279 2.992802 -21.630646
v -71.158279 2.992802 -21.630646
v -78.332573 -2.076658 -21.069277
v -71.158279 -2.356399 -21.626154
v -78.332573 -2.076658 -21.069277
v -71.158279 2.992802 -21.630646
v -78.332573 2.335423 -21.069277
v -89.420731 1.300398 -20.283363
v -78.332573 -2.076658 -21.069277
v -78.332573 2.335423 -21.069277
v -78.332573 -2.076658 -21.069277
v -89.420731 1.300398 -20.283363
v -89.427399 -1.403731 -20.283363
v -102.975876 0.022935 -20.036362
v -89.427399 -1.403731 -20.283363
v -89.420731 1.300398 -20.283363
v -89.427399 -1.403731 -20.283363
v -102.975876 0.022935 -20.036362
v -102.975876 -0.567622 -20.278872
v -104.742783 0.022936 -20.036362
v -102.975876 -0.567622 -20.278872
v -102.975876 0.022935 -20.036362
v -102.975876 -0.567622 -20.278872
v -104.742783 0.022936 -20.036362
v -104.742783 -0.567621 -20.278872
v -104.742783 -0.567621 -20.278872
v -102.975876 -1.158178 -20.036362
v -102.975876 -0.567622 -20.278872
v -102.975876 -1.158178 -20.036362
v -104.742783 -0.567621 -20.278872
v -104.742783 -1.158177 -20.036362
v -104.742783 -1.158177 -20.036362
v -102.975876 -1.402171 -19.443554
v -102.975876 -1.158178 -20.036362
v -102.975876 -1.402171 -19.443554
v -104.742783 -1.158177 -20.036362
v -104.742783 -1.402171 -19.443554
v -104.742783 -1.402171 -19.443554
v -102.975876 -1.158179 -18.855238
v -102.975876 -1.402171 -19.443554
v -102.975876 -1.158179 -18.855238
v -104.742783 -1.402171 -19.443554
v -104.742783 -1.158178 -18.855238
v -89.427399 -2.135710 -19.277391
v -102.975876 -0.567622 -20.278872
v -102.975876 -1.158178 -20.036362
v -102.975876 -0.567622 -20.278872
v -89.427399 -2.135710 -19.277391
v -89.427399 -1.403731 -20.283363
v -78.332573 -2.808639 -19.892651
v -89.427399 -1.403731 -20.283363
v -89.427399 -2.135710 -19.277391
v -89.427399 -1.403731 -20.283363
v -78.332573 -2.808639 -19.892651
v -78.332573 -2.076658 -21.069277
v -71.158279 -3.088379 -20.283363
v -78.332573 -2.076658 -21.069277
v -78.332573 -2.808639 -19.892651
v -78.332573 -2.076658 -21.069277
v -71.158279 -3.088379 -20.283363
v -71.158279 -2.356399 -21.626154
v -71.158279 -3.088379 -20.283363
v -62.303761 -2.524245 -21.518372
v -71.158279 -2.356399 -21.626154
v -62.303761 -2.524245 -21.518372
v -71.158279 -3.088379 -20.283363
v -62.303761 -3.257779 -20.507914
v -62.303761 -3.257779 -20.507914
v -53.675934 -2.524248 -21.518372
v -62.303761 -2.524245 -21.518372
v -53.675934 -2.524248 -21.518372
v -62.303761 -3.257779 -20.507914
v -53.675934 -3.257782 -20.507914
v -53.675934 -3.257782 -20.507914
v -42.581116 -2.524252 -21.316278
v -53.675934 -2.524248 -21.518372
v -42.581116 -2.524252 -21.316278
v -53.675934 -3.257782 -20.507914
v -42.581116 -3.257787 -20.305819
v -42.581116 -3.257787 -20.305819
v -26.778992 -2.412364 -21.028860
v -42.581116 -2.524252 -21.316278
v -26.778992 -2.412364 -21.028860
v -42.581116 -3.257787 -20.305819
v -26.778994 -3.159885 -20.018400
v -26.778994 -3.159885 -20.018400
v -15.590829 -1.740999 -20.822275
v -26.778992 -2.412364 -21.028860
v -15.590829 -1.740999 -20.822275
v -26.778994 -3.159885 -20.018400
v -15.530818 -2.471425 -19.811811
v -15.530818 -2.471425 -19.811811
v -7.163032 -0.962399 -20.669584
v -15.590829 -1.740999 -20.822275
v -7.163032 -0.962399 -20.669584
v -15.530818 -2.471425 -19.811811
v -7.043011 -1.686609 -19.659121
v 0.344645 -0.768141 -19.524393
v -7.163032 -0.962399 -20.669584
v -7.043011 -1.686609 -19.659121
v -7.163032 -0.962399 -20.669584
v 0.344645 -0.768141 -19.524393
v 0.344645 -0.155826 -20.530365
v -66.364311 3.692161 -65.318573
v -66.364311 3.578711 -63.638958
v -66.364311 3.578712 -65.318573
v -66.364311 3.578711 -63.638958
v -66.364311 3.692161 -65.318573
v -66.364311 3.692160 -63.638958
v -66.364311 3.692160 -63.638958
v -66.090935 3.578711 -62.314129
v -66.364311 3.578711 -63.638958
v -66.090935 3.578711 -62.314129
v -66.364311 3.692160 -63.638958
v -66.090935 3.692160 -62.314129
v -7.056347 7.387759 -6.500646
v 0.344648 7.499650 -4.874924
v -7.056347 7.611548 -6.500646
v -7.056347 7.611548 -6.500646
v -13.950603 7.086266 -6.500646
v -7.056347 7.387759 -6.500646
v -13.950603 7.086266 -6.500646
v -7.056347 7.611548 -6.500646
v -13.950603 7.310055 -6.500646
v -19.864731 6.860924 -6.500647
v -13.950603 7.086266 -6.500646
v -13.950603 7.310055 -6.500646
v -13.950603 7.086266 -6.500646
v -19.864731 6.860924 -6.500647
v -19.864731 6.637135 -6.500647
v -19.864731 6.860924 -6.500647
v -24.538694 6.211313 -6.078500
v -19.864731 6.637135 -6.500647
v -24.538694 6.211313 -6.078500
v -19.864731 6.860924 -6.500647
v -24.538694 6.435103 -6.078500
v -29.692719 6.133610 -5.588986
v -24.538694 6.211313 -6.078500
v -24.538694 6.435103 -6.078500
v -24.538694 6.211313 -6.078500
v -29.692719 6.133610 -5.588986
v -29.692719 5.909821 -5.588986
v -29.692719 6.133610 -5.588986
v -29.692719 5.909819 0.002244
v -29.692719 5.909821 -5.588986
v -29.692719 5.909819 0.002244
v -29.692719 6.133610 -5.588986
v -29.692719 6.133608 0.002244
v -29.692719 6.133606 5.588984
v -29.692719 5.909819 0.002244
v -29.692719 6.133608 0.002244
v -29.692719 5.909819 0.002244
v -29.692719 6.133606 5.588984
v -29.692719 5.909817 5.588984
v -29.692719 6.133606 5.588984
v -24.538694 6.211308 6.078491
v -29.692719 5.909817 5.588984
v -24.538694 6.211308 6.078491
v -29.692719 6.133606 5.588984
v -24.538694 6.435098 6.078491
v -19.864731 6.860919 6.500644
v -24.538694 6.211308 6.078491
v -24.538694 6.435098 6.078491
v -24.538694 6.211308 6.078491
v -19.864731 6.860919 6.500644
v -19.864731 6.637130 6.500644
v -19.864731 6.860919 6.500644
v -13.950603 7.086261 6.500645
v -19.864731 6.637130 6.500644
v -13.950603 7.086261 6.500645
v -19.864731 6.860919 6.500644
v -13.950603 7.310050 6.500645
v -7.056347 7.611544 6.500645
v -13.950603 7.086261 6.500645
v -13.950603 7.310050 6.500645
v -13.950603 7.086261 6.500645
v -7.056347 7.611544 6.500645
v -7.056347 7.387754 6.500645
v -7.056347 7.387754 6.500645
v -7.056347 7.611544 6.500645
v 0.344648 7.499646 4.874922
v -7.056347 7.611547 -3.653385
v -7.056347 7.611548 -6.500646
v 0.344648 7.499650 -4.874924
v -7.056347 7.611547 -3.653385
v -13.950603 7.310055 -6.500646
v -7.056347 7.611548 -6.500646
v -13.950603 7.310055 -6.500646
v -7.056347 7.611547 -3.653385
v -13.943933 7.310054 -2.539629
v -19.864731 6.859368 -1.291146
v -13.950603 7.310055 -6.500646
v -13.943933 7.310054 -2.539629
v -13.950603 7.310055 -6.500646
v -19.864731 6.859368 -1.291146
v -19.864731 6.860924 -6.500647
v -19.864731 6.859368 -1.291146
v -24.538694 6.435103 -6.078500
v -19.864731 6.860924 -6.500647
v -24.538694 6.435103 -6.078500
v -19.864731 6.859368 -1.291146
v -24.538694 6.435101 0.002244
v -29.692719 6.133608 0.002244
v -24.538694 6.435103 -6.078500
v -24.538694 6.435101 0.002244
v -24.538694 6.435103 -6.078500
v -29.692719 6.133608 0.002244
v -29.692719 6.133610 -5.588986
v -24.538694 6.435098 6.078491
v -29.692719 6.133608 0.002244
v -24.538694 6.435101 0.002244
v -29.692719 6.133608 0.002244
v -24.538694 6.435098 6.078491
v -29.692719 6.133606 5.588984
v -19.864731 6.859367 1.291144
v -24.538694 6.435098 6.078491
v -24.538694 6.435101 0.002244
v -24.538694 6.435098 6.078491
v -19.864731 6.859367 1.291144
v -19.864731 6.860919 6.500644
v -19.864731 6.859367 1.291144
v -13.950603 7.310050 6.500645
v -19.864731 6.860919 6.500644
v -13.950603 7.310050 6.500645
v -19.864731 6.859367 1.291144
v -13.943933 7.310052 2.539628
v -7.056347 7.611545 3.653383
v -13.950603 7.310050 6.500645
v -13.943933 7.310052 2.539628
v -13.950603 7.310050 6.500645
v -7.056347 7.611545 3.653383
v -7.056347 7.611544 6.500645
v -7.056347 7.611545 3.653383
v 0.344648 7.499646 4.874922
v -7.056347 7.611544 6.500645
v -26.778992 1.979515 -22.025848
v -45.661530 2.556100 -43.708138
v -42.581116 2.423992 -22.223452
v -50.875557 3.185511 -43.708138
v -42.581116 2.423992 -22.223452
v -45.661530 2.556100 -43.708138
v -42.581116 2.423992 -22.223452
v -50.875557 3.185511 -43.708138
v -50.875557 3.182395 -22.416561
v -45.661530 2.556100 -43.708138
v -58.356567 3.185521 -62.314129
v -50.875557 3.185511 -43.708138
v 20.293985 4.473815 -7.286561
v 23.654440 2.214158 -7.789548
v 23.654440 2.214158 -7.529074
v 23.654440 2.214158 -7.789548
v 20.293985 4.473815 -7.286561
v 20.293985 4.475369 -7.789547
v 23.654440 -1.967916 -7.901824
v 23.654440 2.214158 -7.529074
v 23.654440 2.214158 -7.789548
v 23.654440 2.214158 -7.529074
v 23.654440 -1.967916 -7.901824
v 23.654440 -1.967917 -6.958728
v 23.654440 -1.967916 -7.901824
v 15.806714 -5.533012 -5.350969
v 23.654440 -1.967917 -6.958728
v 15.806714 -5.533012 -5.350969
v 23.654440 -1.967916 -7.901824
v 15.806714 -5.498822 -7.286564
v 0.344643 -5.498816 -6.500650
v 15.806714 -5.533012 -5.350969
v 15.806714 -5.498822 -7.286564
v 15.806714 -5.533012 -5.350969
v 0.344643 -5.498816 -6.500650
v 0.344643 -5.501925 -5.054563
v 0.344643 -5.501925 -5.054563
v 0.344643 -5.498816 -6.500650
v -26.778994 -5.834491 -4.003684
v -42.581116 -3.257788 -16.281931
v -26.778994 -3.159885 -20.018400
v -42.581116 -3.257787 -20.305819
v -26.778994 -3.159885 -20.018400
v -42.581116 -3.257788 -16.281931
v -26.778994 -3.144345 -16.906172
v -26.778994 -3.144345 -16.906172
v -15.530818 -2.471425 -19.811811
v -26.778994 -3.159885 -20.018400
v -15.530818 -2.471425 -19.811811
v -26.778994 -3.144345 -16.906172
v -15.537488 -2.472980 -17.031918
v -7.056351 -1.856006 -17.198080
v -15.530818 -2.471425 -19.811811
v -15.537488 -2.472980 -17.031918
v -15.530818 -2.471425 -19.811811
v -7.056351 -1.856006 -17.198080
v -7.043011 -1.686609 -19.659121
v -7.056351 -1.856006 -17.198080
v 0.344645 -0.768141 -19.524393
v -7.043011 -1.686609 -19.659121
v 0.344645 -0.768141 -19.524393
v -7.056351 -1.856006 -17.198080
v 0.344645 -1.225046 -17.368740
v 0.344645 -1.225046 -17.368740
v 7.745641 0.307292 -19.389666
v 0.344645 -0.768141 -19.524393
v 7.745641 0.307292 -19.389666
v 0.344645 -1.225046 -17.368740
v 7.738965 -0.143397 -17.368740
v 7.738965 -0.143397 -17.368740
v 15.806717 1.618947 -19.295355
v 7.745641 0.307292 -19.389666
v 15.806717 1.618947 -19.295355
v 7.738965 -0.143397 -17.368740
v 15.806716 1.207110 -17.368740
v -53.675934 -3.257782 -20.507914
v -42.581116 -3.257788 -16.281931
v -42.581116 -3.257787 -20.305819
v -42.581116 -3.257788 -16.281931
v -53.675934 -3.257782 -20.507914
v -53.675934 -3.257784 -15.846305
v -62.303761 -3.257779 -20.507914
v -53.675934 -3.257784 -15.846305
v -53.675934 -3.257782 -20.507914
v -53.675934 -3.257784 -15.846305
v -62.303761 -3.257779 -20.507914
v -62.303761 -3.257781 -15.352301
v -71.158279 -3.088379 -20.283363
v -62.303761 -3.257781 -15.352301
v -62.303761 -3.257779 -20.507914
v -62.303761 -3.257781 -15.352301
v -71.158279 -3.088379 -20.283363
v -71.158279 -3.066624 -14.755010
v -78.332573 -2.808639 -19.892651
v -71.158279 -3.066624 -14.755010
v -71.158279 -3.088379 -20.283363
v -71.158279 -3.066624 -14.755010
v -78.332573 -2.808639 -19.892651
v -78.332573 -2.788438 -15.042429
v -89.427399 -2.135710 -19.277391
v -78.332573 -2.788438 -15.042429
v -78.332573 -2.808639 -19.892651
v -78.332573 -2.788438 -15.042429
v -89.427399 -2.135710 -19.277391
v -89.434067 -2.284906 -15.015484
v -102.975876 -1.402171 -19.443554
v -89.434067 -2.284906 -15.015484
v -89.427399 -2.135710 -19.277391
v -102.975876 -1.402171 -19.443554
v -102.975876 -1.158179 -18.855238
v -89.434067 -2.284906 -15.015484
v -102.975876 -1.402171 -19.443554
v -89.427399 -2.135710 -19.277391
v -102.975876 -1.158178 -20.036362
v -71.158279 -3.066624 -14.755010
v -78.332573 -2.788438 -15.042429
v -78.332573 -2.519579 -14.606810
v -105.336197 -0.567621 -18.855238
v -104.742783 0.022935 -18.855238
v -104.742783 -0.567621 -18.608236
v -104.742783 0.022935 -18.855238
v -105.336197 -0.567621 -18.855238
v -105.336197 -0.149569 -19.025898
v -105.582893 -0.567621 -19.443554
v -105.336197 -0.149569 -19.025898
v -105.336197 -0.567621 -18.855238
v -105.582893 -0.567621 -19.443554
v -105.336197 0.022936 -19.443554
v -105.336197 -0.149569 -19.025898
v -105.582893 -0.567621 -19.443554
v -105.336197 -0.149569 -19.861210
v -105.336197 0.022936 -19.443554
v -105.336197 -0.567621 -20.036362
v -105.336197 -0.149569 -19.861210
v -105.582893 -0.567621 -19.443554
v -104.742783 -0.567621 -20.278872
v -105.336197 -0.149569 -19.861210
v -105.336197 -0.567621 -20.036362
v -105.336197 -0.149569 -19.861210
v -104.742783 -0.567621 -20.278872
v -104.742783 0.022936 -20.036362
v -104.742783 0.249834 -19.443554
v -105.336197 -0.149569 -19.861210
v -104.742783 0.022936 -20.036362
v -105.336197 -0.149569 -19.861210
v -104.742783 0.249834 -19.443554
v -105.336197 0.022936 -19.443554
v -104.742783 0.249834 -19.443554
v -105.336197 -0.149569 -19.025898
v -105.336197 0.022936 -19.443554
v -105.336197 -0.149569 -19.025898
v -104.742783 0.249834 -19.443554
v -104.742783 0.022935 -18.855238
v -105.336197 -0.567621 -20.036362
v -104.742783 -1.158177 -20.036362
v -104.742783 -0.567621 -20.278872
v -104.742783 -1.158177 -20.036362
v -105.336197 -0.567621 -20.036362
v -105.336197 -0.984119 -19.861210
v -105.336197 -0.984119 -19.861210
v -105.336197 -0.567621 -20.036362
v -105.582893 -0.567621 -19.443554
v -105.336197 -1.158177 -19.443554
v -105.336197 -0.984119 -19.861210
v -105.582893 -0.567621 -19.443554
v -104.742783 -1.402171 -19.443554
v -105.336197 -0.984119 -19.861210
v -105.336197 -1.158177 -19.443554
v -105.336197 -0.984119 -19.861210
v -104.742783 -1.402171 -19.443554
v -104.742783 -1.158177 -20.036362
v -105.336197 -0.984119 -19.025898
v -104.742783 -1.402171 -19.443554
v -105.336197 -1.158177 -19.443554
v -104.742783 -1.402171 -19.443554
v -105.336197 -0.984119 -19.025898
v -104.742783 -1.158178 -18.855238
v -105.336197 -0.567621 -18.855238
v -104.742783 -1.158178 -18.855238
v -105.336197 -0.984119 -19.025898
v -104.742783 -1.158178 -18.855238
v -105.336197 -0.567621 -18.855238
v -104.742783 -0.567621 -18.608236
v -105.336197 -0.984119 -19.025898
v -105.582893 -0.567621 -19.443554
v -105.336197 -0.567621 -18.855238
v -105.336197 -1.158177 -19.443554
v -105.582893 -0.567621 -19.443554
v -105.336197 -0.984119 -19.025898
v -104.742783 -0.567621 -18.608236
v -102.975876 0.022935 -18.855238
v -102.975876 -0.567622 -18.608236
v -102.975876 0.022935 -18.855238
v -104.742783 -0.567621 -18.608236
v -104.742783 0.022935 -18.855238
v -104.742783 0.022935 -18.855238
v -102.975876 0.273144 -19.412119
v -102.975876 0.022935 -18.855238
v -102.975876 0.273144 -19.412119
v -104.742783 0.022935 -18.855238
v -104.742783 0.249834 -19.443554
v -102.975876 0.273144 -19.412119
v -104.742783 0.249834 -19.443554
v -102.975876 0.273144 -19.492958
v -104.742783 0.249834 -19.443554
v -102.975876 0.022935 -20.036362
v -102.975876 0.273144 -19.492958
v -102.975876 0.022935 -20.036362
v -104.742783 0.249834 -19.443554
v -104.742783 0.022936 -20.036362
v -102.975876 -0.567622 -18.608236
v -104.742783 -1.158178 -18.855238
v -104.742783 -0.567621 -18.608236
v -104.742783 -1.158178 -18.855238
v -102.975876 -0.567622 -18.608236
v -102.975876 -1.158179 -18.855238
v -78.332573 0.649225 -14.579858
v -78.332573 -2.387480 -14.139750
v -78.332573 -2.519579 -14.606810
v -78.332573 -2.519579 -14.606810
v -78.332573 -2.387480 -14.139750
v -71.158279 -3.066624 -14.755010
v -78.332573 -2.387485 -1.497735
v -78.332573 0.358604 -0.976785
v -78.332573 -2.387486 0.002241
v -78.332573 0.358604 -0.976785
v -78.332573 3.106247 0.002243
v -78.332573 -2.387486 0.002241
v -78.332573 3.106247 0.002243
v -78.332573 0.358604 -0.976785
v -78.332573 3.106248 -1.497733
v -78.332573 0.358603 0.976779
v -78.332573 -2.387486 0.002241
v -78.332573 3.106247 0.002243
v -78.332573 -2.387486 1.497727
v -78.332573 -2.387486 0.002241
v -78.332573 0.358603 0.976779
v -78.332573 3.106247 0.002243
v -78.332573 3.106247 1.497729
v -78.332573 0.358603 0.976779
v -50.875557 4.139718 -22.416561
v -50.875557 3.185511 -43.708138
v -50.875557 4.139726 -43.708138
v -50.875557 3.185511 -43.708138
v -50.875557 4.139718 -22.416561
v -50.875557 3.182395 -22.416561
v -50.875557 4.139726 -43.708138
v -58.356567 3.185521 -62.314129
v -58.356567 4.139736 -62.314129
v -58.356567 3.185521 -62.314129
v -50.875557 4.139726 -43.708138
v -50.875557 3.185511 -43.708138
v -58.356567 4.139736 -62.314129
v -66.090935 3.578711 -62.314129
v -66.090935 3.692160 -62.314129
v -66.090935 3.578711 -62.314129
v -58.356567 4.139736 -62.314129
v -58.356567 3.185521 -62.314129
v -71.158279 -3.066629 -1.533661
v -53.675938 -5.049663 -2.575565
v -53.675938 -7.516015 -2.575566
v -78.332573 2.425560 -20.323780
v -89.420731 1.300398 -20.283363
v -78.332573 2.335423 -21.069277
v -89.420731 1.300398 -20.283363
v -78.332573 2.425560 -20.323780
v -89.427399 1.343912 -19.919596
v -102.975876 0.022935 -20.036362
v -89.420731 1.300398 -20.283363
v -89.427399 1.343912 -19.919596
v -102.975876 0.273144 -19.492958
v -102.975876 0.022935 -20.036362
v -89.427399 1.343912 -19.919596
v -71.158279 2.992802 -21.630646
v -78.332573 2.425560 -20.323780
v -78.332573 2.335423 -21.069277
v -78.332573 2.425560 -20.323780
v -71.158279 2.992802 -21.630646
v -71.158279 3.045641 -20.090250
v -49.848759 3.392162 72.755577
v -40.114117 3.578654 63.638947
v -40.254135 3.392162 63.638947
v -40.114117 3.578654 63.638947
v -49.848759 3.392162 72.755577
v -49.842087 3.578654 72.899277
v -52.109058 3.392163 73.433708
v -49.842087 3.578654 72.899277
v -49.848759 3.392162 72.755577
v -49.842087 3.578654 72.899277
v -52.109058 3.392163 73.433708
v -52.109058 3.578655 73.577408
v -54.309353 3.392164 72.984612
v -52.109058 3.578655 73.577408
v -52.109058 3.392163 73.433708
v -52.109058 3.578655 73.577408
v -54.309353 3.392164 72.984612
v -54.309353 3.578656 73.128326
v -61.436974 3.502508 68.448753
v -54.309353 3.578656 73.128326
v -54.309353 3.392164 72.984612
v -54.309353 3.578656 73.128326
v -61.436974 3.502508 68.448753
v -61.463650 3.578660 68.493660
v -66.364311 3.578663 65.318565
v -61.463650 3.578660 68.493660
v -61.436974 3.502508 68.448753
v -66.364311 3.578663 65.318565
v -61.436974 3.502508 68.448753
v -61.230282 3.409263 68.107445
v -54.309353 3.392164 72.984612
v -61.230282 3.409263 68.107445
v -61.436974 3.502508 68.448753
v -61.230282 3.409263 68.107445
v -54.309353 3.392164 72.984612
v -54.309353 3.180807 71.870857
v -52.109058 3.392163 73.433708
v -54.309353 3.180807 71.870857
v -54.309353 3.392164 72.984612
v -54.309353 3.180807 71.870857
v -52.109058 3.392163 73.433708
v -52.109058 3.180806 72.315460
v -49.848759 3.392162 72.755577
v -52.109058 3.180806 72.315460
v -52.109058 3.392163 73.433708
v -52.109058 3.180806 72.315460
v -49.848759 3.392162 72.755577
v -49.928764 3.180805 71.641815
v -40.254135 3.392162 63.638947
v -49.928764 3.180805 71.641815
v -49.848759 3.392162 72.755577
v -49.928764 3.180805 71.641815
v -40.254135 3.392162 63.638947
v -41.374283 3.180805 63.638947
v -41.374283 3.180805 63.638947
v -50.168797 2.930597 68.237686
v -49.928764 3.180805 71.641815
v -50.168797 2.930597 68.237686
v -41.374283 3.180805 63.638947
v -45.228134 2.930597 63.638947
v -50.168797 2.930597 68.237686
v -45.228134 2.930597 63.638947
v -50.275478 2.876205 63.638947
v -50.275478 2.876205 63.638947
v -54.309353 2.983438 69.805016
v -50.168797 2.930597 68.237686
v -54.309353 2.983438 69.805016
v -50.275478 2.876205 63.638947
v -58.356567 3.185475 62.314129
v -54.309353 2.983438 69.805016
v -58.356567 3.185475 62.314129
v -60.250153 3.283381 66.823036
v -58.356567 3.185475 62.314129
v -66.364311 3.578664 63.638947
v -60.250153 3.283381 66.823036
v -66.364311 3.578664 63.638947
v -58.356567 3.185475 62.314129
v -66.090935 3.578665 62.314129
v -66.364311 3.578663 65.318565
v -60.250153 3.283381 66.823036
v -66.364311 3.578664 63.638947
v -60.250153 3.283381 66.823036
v -66.364311 3.578663 65.318565
v -61.230282 3.409263 68.107445
v -54.309353 3.180807 71.870857
v -60.250153 3.283381 66.823036
v -61.230282 3.409263 68.107445
v -60.250153 3.283381 66.823036
v -54.309353 3.180807 71.870857
v -54.309353 2.983438 69.805016
v -54.309353 2.983438 69.805016
v -54.309353 3.180807 71.870857
v -52.109058 3.180806 72.315460
v -54.309353 2.983438 69.805016
v -52.109058 3.180806 72.315460
v -50.168797 2.930597 68.237686
v -50.168797 2.930597 68.237686
v -52.109058 3.180806 72.315460
v -49.928764 3.180805 71.641815
v -92.901199 0.664765 1.681854
v -85.060143 2.809416 1.919875
v -92.901199 2.809419 2.108498
v -85.060143 2.809416 1.919875
v -92.901199 0.664765 1.681854
v -85.060143 0.664762 1.457312
v -78.332573 0.358603 0.976779
v -85.060143 2.809416 1.919875
v -85.060143 0.664762 1.457312
v -85.060143 2.809416 1.919875
v -78.332573 0.358603 0.976779
v -78.332573 3.106247 1.497729
v -78.332573 3.106247 1.497729
v -85.060143 4.627708 3.231236
v -85.060143 2.809416 1.919875
v -85.060143 4.627708 3.231236
v -78.332573 3.106247 1.497729
v -78.332573 5.434283 2.979743
v -78.332573 5.434283 2.979743
v -85.060143 5.843011 5.198266
v -85.060143 4.627708 3.231236
v -85.060143 5.843011 5.198266
v -78.332573 5.434283 2.979743
v -78.332573 6.989933 5.198266
v -78.332573 6.989933 5.198266
v -85.060143 6.268834 7.515597
v -85.060143 5.843011 5.198266
v -85.060143 6.268834 7.515597
v -78.332573 6.989933 5.198266
v -78.332573 7.536973 7.816489
v -78.332573 7.536973 7.816489
v -85.060143 5.843009 9.837414
v -85.060143 6.268834 7.515597
v -85.060143 5.843009 9.837414
v -78.332573 7.536973 7.816489
v -78.332573 6.989931 10.439201
v -78.332573 6.989931 10.439201
v -85.060143 4.627705 11.804449
v -85.060143 5.843009 9.837414
v -85.060143 4.627705 11.804449
v -78.332573 6.989931 10.439201
v -78.332573 5.434279 12.657731
v -78.332573 5.434279 12.657731
v -85.060143 2.809412 13.115808
v -85.060143 4.627705 11.804449
v -85.060143 2.809412 13.115808
v -78.332573 5.434279 12.657731
v -78.332573 3.106242 14.139743
v -78.332573 0.649214 14.579852
v -85.060143 2.809412 13.115808
v -78.332573 3.106242 14.139743
v -85.060143 2.809412 13.115808
v -78.332573 0.649214 14.579852
v -85.060143 0.664758 13.578371
v -78.332573 0.649214 14.579852
v -85.060143 -1.478342 13.115808
v -85.060143 0.664758 13.578371
v -85.060143 -1.478342 13.115808
v -78.332573 0.649214 14.579852
v -78.332573 -2.387491 14.139741
v -78.332573 -2.387491 14.139741
v -85.060143 -3.296634 11.804447
v -85.060143 -1.478342 13.115808
v -85.060143 -3.296634 11.804447
v -78.332573 -2.387491 14.139741
v -78.332573 -4.717082 12.657728
v -78.332573 -4.717082 12.657728
v -85.060143 -4.511938 9.837411
v -85.060143 -3.296634 11.804447
v -85.060143 -4.511938 9.837411
v -78.332573 -4.717082 12.657728
v -78.332573 -6.272732 10.439198
v -78.332573 -6.272732 10.439198
v -85.060143 -4.937759 7.515594
v -85.060143 -4.511938 9.837411
v -85.060143 -4.937759 7.515594
v -78.332573 -6.272732 10.439198
v -78.332573 -6.819772 7.816484
v -78.332573 -6.819772 7.816484
v -85.060143 -4.511936 5.198263
v -85.060143 -4.937759 7.515594
v -85.060143 -4.511936 5.198263
v -78.332573 -6.819772 7.816484
v -78.332573 -6.272730 5.198262
v -78.332573 -6.272730 5.198262
v -85.060143 -3.296631 3.231233
v -85.060143 -4.511936 5.198263
v -85.060143 -3.296631 3.231233
v -78.332573 -6.272730 5.198262
v -78.332573 -4.717078 2.979740
v -78.332573 -4.717078 2.979740
v -85.060143 -1.478337 1.919874
v -85.060143 -3.296631 3.231233
v -85.060143 -1.478337 1.919874
v -78.332573 -4.717078 2.979740
v -78.332573 -2.387486 1.497727
v -78.332573 -2.387486 1.497727
v -85.060143 0.664762 1.457312
v -85.060143 -1.478337 1.919874
v -85.060143 0.664762 1.457312
v -78.332573 -2.387486 1.497727
v -78.332573 0.358603 0.976779
v -85.060143 0.664762 1.457312
v -92.901199 -1.478335 2.108497
v -85.060143 -1.478337 1.919874
v -92.901199 -1.478335 2.108497
v -85.060143 0.664762 1.457312
v -92.901199 0.664765 1.681854
v -92.901199 -3.296628 3.321048
v -85.060143 -1.478337 1.919874
v -92.901199 -1.478335 2.108497
v -85.060143 -1.478337 1.919874
v -92.901199 -3.296628 3.321048
v -85.060143 -3.296631 3.231233
v -92.901199 -4.511932 5.139884
v -85.060143 -3.296631 3.231233
v -92.901199 -3.296628 3.321048
v -85.060143 -3.296631 3.231233
v -92.901199 -4.511932 5.139884
v -85.060143 -4.511936 5.198263
v -92.901199 -4.937756 7.286555
v -85.060143 -4.511936 5.198263
v -92.901199 -4.511932 5.139884
v -85.060143 -4.511936 5.198263
v -92.901199 -4.937756 7.286555
v -85.060143 -4.937759 7.515594
v -92.901199 -4.937756 7.286555
v -85.060143 -4.511938 9.837411
v -85.060143 -4.937759 7.515594
v -85.060143 -4.511938 9.837411
v -92.901199 -4.937756 7.286555
v -92.901199 -4.511934 9.428736
v -92.901199 -4.511934 9.428736
v -85.060143 -3.296634 11.804447
v -85.060143 -4.511938 9.837411
v -85.060143 -3.296634 11.804447
v -92.901199 -4.511934 9.428736
v -92.901199 -3.296631 11.247573
v -92.901199 -3.296631 11.247573
v -85.060143 -1.478342 13.115808
v -85.060143 -3.296634 11.804447
v -85.060143 -1.478342 13.115808
v -92.901199 -3.296631 11.247573
v -92.901199 -1.478338 12.460125
v -92.901199 -1.478338 12.460125
v -85.060143 0.664758 13.578371
v -85.060143 -1.478342 13.115808
v -85.060143 0.664758 13.578371
v -92.901199 -1.478338 12.460125
v -92.901199 0.664761 12.886768
v -92.901199 0.664761 12.886768
v -85.060143 2.809412 13.115808
v -85.060143 0.664758 13.578371
v -85.060143 2.809412 13.115808
v -92.901199 0.664761 12.886768
v -92.901199 2.809415 12.460126
v -92.901199 2.809415 12.460126
v -85.060143 4.627705 11.804449
v -85.060143 2.809412 13.115808
v -85.060143 4.627705 11.804449
v -92.901199 2.809415 12.460126
v -92.901199 4.627708 11.247575
v -92.901199 4.627708 11.247575
v -85.060143 5.843009 9.837414
v -85.060143 4.627705 11.804449
v -85.060143 5.843009 9.837414
v -92.901199 4.627708 11.247575
v -92.901199 5.843013 9.428739
v -92.901199 5.843013 9.428739
v -85.060143 6.268834 7.515597
v -85.060143 5.843009 9.837414
v -85.060143 6.268834 7.515597
v -92.901199 5.843013 9.428739
v -92.901199 6.268837 7.286558
v -92.901199 5.843015 5.139887
v -85.060143 6.268834 7.515597
v -92.901199 6.268837 7.286558
v -85.060143 6.268834 7.515597
v -92.901199 5.843015 5.139887
v -85.060143 5.843011 5.198266
v -92.901199 4.627711 3.321050
v -85.060143 5.843011 5.198266
v -92.901199 5.843015 5.139887
v -85.060143 5.843011 5.198266
v -92.901199 4.627711 3.321050
v -85.060143 4.627708 3.231236
v -92.901199 2.809419 2.108498
v -85.060143 4.627708 3.231236
v -92.901199 4.627711 3.321050
v -85.060143 4.627708 3.231236
v -92.901199 2.809419 2.108498
v -85.060143 2.809416 1.919875
v -78.332573 3.106247 1.497729
v -71.158279 5.737329 2.836033
v -78.332573 5.434283 2.979743
v -71.158279 5.737329 2.836033
v -78.332573 3.106247 1.497729
v -71.158279 3.423279 1.237254
v -62.303761 3.942344 1.273180
v -71.158279 5.737329 2.836033
v -71.158279 3.423279 1.237254
v -71.158279 5.737329 2.836033
v -62.303761 3.942344 1.273180
v -62.303757 5.954898 2.885432
v -53.675934 4.462962 1.533655
v -62.303757 5.954898 2.885432
v -62.303761 3.942344 1.273180
v -62.303757 5.954898 2.885432
v -53.675934 4.462962 1.533655
v -53.675930 5.948678 3.100999
v -53.675930 5.948678 3.100999
v -62.303757 7.599133 5.301559
v -62.303757 5.954898 2.885432
v -62.303757 7.599133 5.301559
v -53.675930 5.948678 3.100999
v -53.675930 7.541627 5.445269
v -53.675930 7.541627 5.445269
v -62.303757 8.175700 8.148822
v -62.303757 7.599133 5.301559
v -62.303757 8.175700 8.148822
v -53.675930 7.541627 5.445269
v -53.675930 8.101102 8.211692
v -41.460960 7.050528 5.494672
v -53.675930 8.101102 8.211692
v -53.675930 7.541627 5.445269
v -53.675930 8.101102 8.211692
v -41.460960 7.050528 5.494672
v -41.460960 7.470133 8.139839
v -35.240128 6.422670 5.597965
v -41.460960 7.470133 8.139839
v -41.460960 7.050528 5.494672
v -41.460960 7.470133 8.139839
v -35.240128 6.422670 5.597965
v -35.240128 6.846938 8.139839
v -35.240128 6.846938 8.139839
v -41.460960 7.050526 10.785006
v -41.460960 7.470133 8.139839
v -41.460960 7.050526 10.785006
v -35.240128 6.846938 8.139839
v -35.240128 6.422668 10.681713
v -53.675930 7.541625 10.978120
v -41.460960 7.470133 8.139839
v -41.460960 7.050526 10.785006
v -41.460960 7.470133 8.139839
v -53.675930 7.541625 10.978120
v -53.675930 8.101102 8.211692
v -62.303757 7.599130 10.996082
v -53.675930 8.101102 8.211692
v -53.675930 7.541625 10.978120
v -53.675930 8.101102 8.211692
v -62.303757 7.599130 10.996082
v -62.303757 8.175700 8.148822
v -71.158279 7.431291 10.865845
v -62.303757 8.175700 8.148822
v -62.303757 7.599130 10.996082
v -62.303757 8.175700 8.148822
v -71.158279 7.431291 10.865845
v -71.158279 8.026511 8.045528
v -71.158279 7.431291 10.865845
v -78.332573 7.536973 7.816489
v -71.158279 8.026511 8.045528
v -78.332573 7.536973 7.816489
v -71.158279 7.431291 10.865845
v -78.332573 6.989931 10.439201
v -78.332573 6.989933 5.198266
v -71.158279 8.026511 8.045528
v -78.332573 7.536973 7.816489
v -71.158279 8.026511 8.045528
v -78.332573 6.989933 5.198266
v -71.158279 7.431293 5.225217
v -78.332573 5.434283 2.979743
v -71.158279 7.431293 5.225217
v -78.332573 6.989933 5.198266
v -71.158279 7.431293 5.225217
v -78.332573 5.434283 2.979743
v -71.158279 5.737329 2.836033
v -62.303757 5.954898 2.885432
v -71.158279 7.431293 5.225217
v -71.158279 5.737329 2.836033
v -71.158279 7.431293 5.225217
v -62.303757 5.954898 2.885432
v -62.303757 7.599133 5.301559
v -62.303757 7.599133 5.301559
v -71.158279 8.026511 8.045528
v -71.158279 7.431293 5.225217
v -71.158279 8.026511 8.045528
v -62.303757 7.599133 5.301559
v -62.303757 8.175700 8.148822
v -78.332573 -2.387491 14.139741
v -71.158279 -5.884212 13.335857
v -78.332573 -4.717082 12.657728
v -71.158279 -5.884212 13.335857
v -78.332573 -2.387491 14.139741
v -71.158279 -3.066635 14.755002
v -71.158279 -3.066635 14.755002
v -53.675938 -8.412734 15.019965
v -71.158279 -5.884212 13.335857
v -53.675938 -8.412734 15.019965
v -71.158279 -3.066635 14.755002
v -53.675938 -7.516021 15.352292
v -53.675938 -7.516021 15.352292
v -71.158279 -3.066635 14.755002
v -62.303761 -3.257792 15.352293
v -62.303761 -3.257792 15.352293
v -53.675934 -3.257796 15.846297
v -53.675938 -7.516021 15.352292
v -42.581116 -3.257800 16.281921
v -53.675938 -7.516021 15.352292
v -53.675934 -3.257796 15.846297
v -42.581116 -3.257800 16.281921
v -26.778996 -7.516032 16.573832
v -53.675938 -7.516021 15.352292
v -42.581116 -3.257800 16.281921
v -26.778994 -3.144357 16.906164
v -26.778996 -7.516032 16.573832
v -26.778996 -7.516032 16.573832
v -26.778994 -3.144357 16.906164
v -15.537488 -2.472992 17.031912
v 0.344642 -7.516043 17.036400
v -26.778996 -7.516032 16.573832
v -15.537488 -2.472992 17.031912
v 0.344642 -7.516043 17.036400
v -26.778996 -8.412745 16.237015
v -26.778996 -7.516032 16.573832
v -26.778996 -8.412745 16.237015
v 0.344642 -7.516043 17.036400
v 0.344642 -8.412756 16.699577
v 0.344642 -7.516043 17.036400
v 15.806713 -8.412762 16.699577
v 0.344642 -8.412756 16.699577
v 15.806713 -8.412762 16.699577
v 0.344642 -7.516043 17.036400
v 15.806713 -7.516049 17.036400
v 15.806713 -7.516049 17.036400
v 0.344642 -7.516043 17.036400
v 15.806713 -6.171755 17.036400
v 7.738965 -0.143410 17.368734
v 15.806713 -6.171755 17.036400
v 0.344642 -7.516043 17.036400
v 15.806713 -6.171755 17.036400
v 7.738965 -0.143410 17.368734
v 15.806716 1.207097 17.368734
v 15.806713 -6.171755 17.036400
v 15.806716 1.207097 17.368734
v 20.293983 1.948399 17.368734
v 23.094364 -6.171758 17.036400
v 15.806713 -6.171755 17.036400
v 20.293983 1.948399 17.368734
v 23.094364 -6.171758 17.036400
v 15.806713 -7.516049 17.036400
v 15.806713 -6.171755 17.036400
v 15.806713 -7.516049 17.036400
v 23.094364 -6.171758 17.036400
v 23.094362 -7.851737 17.036400
v 23.094362 -8.412765 16.699577
v 15.806713 -7.516049 17.036400
v 23.094362 -7.851737 17.036400
v 15.806713 -7.516049 17.036400
v 23.094362 -8.412765 16.699577
v 15.806713 -8.412762 16.699577
v 23.094362 -8.748449 16.138212
v 15.806713 -8.412762 16.699577
v 23.094362 -8.412765 16.699577
v 15.806713 -8.412762 16.699577
v 23.094362 -8.748449 16.138212
v 15.806712 -8.748446 15.801388
v 23.094362 -8.748449 16.138212
v 15.806712 -8.748444 8.853897
v 15.806712 -8.748446 15.801388
v 15.806712 -8.748444 8.853897
v 23.094362 -8.748449 16.138212
v 23.094362 -8.748446 8.741623
v 23.094362 -8.412761 8.180251
v 15.806712 -8.748444 8.853897
v 23.094362 -8.748446 8.741623
v 15.806712 -8.748444 8.853897
v 23.094362 -8.412761 8.180251
v 15.806713 -8.412758 7.955703
v 23.094362 -7.851733 7.843435
v 15.806713 -8.412758 7.955703
v 23.094362 -8.412761 8.180251
v 15.806713 -8.412758 7.955703
v 23.094362 -7.851733 7.843435
v 15.806713 -7.516046 7.618886
v 23.094364 -6.171754 7.843435
v 15.806713 -7.516046 7.618886
v 23.094362 -7.851733 7.843435
v 15.806713 -7.516046 7.618886
v 23.094364 -6.171754 7.843435
v 15.806714 -5.498827 7.286555
v 15.806714 -5.498827 7.286555
v 0.344642 -7.516039 6.500640
v 15.806713 -7.516046 7.618886
v 0.344642 -7.516039 6.500640
v 15.806714 -5.498827 7.286555
v 0.344643 -5.498821 6.500641
v 0.344643 -5.498821 6.500641
v -26.778996 -7.516027 4.003674
v 0.344642 -7.516039 6.500640
v -26.778996 -7.516027 4.003674
v 0.344643 -5.498821 6.500641
v -26.778994 -5.834494 4.003674
v -53.675938 -5.049664 2.575556
v -26.778996 -7.516027 4.003674
v -26.778994 -5.834494 4.003674
v -26.778996 -7.516027 4.003674
v -53.675938 -5.049664 2.575556
v -53.675938 -7.516016 2.575555
v -71.158279 -3.066630 1.533653
v -53.675938 -7.516016 2.575555
v -53.675938 -5.049664 2.575556
v -71.158279 -5.884208 2.930335
v -53.675938 -7.516016 2.575555
v -71.158279 -3.066630 1.533653
v -53.675938 -7.516016 2.575555
v -71.158279 -5.884208 2.930335
v -53.675938 -8.412729 2.912371
v -71.158279 -7.130595 4.834501
v -53.675938 -8.412729 2.912371
v -71.158279 -5.884208 2.930335
v -53.675938 -8.412729 2.912371
v -71.158279 -7.130595 4.834501
v -53.675938 -8.748415 3.810560
v -53.675938 -8.748415 3.810560
v -71.158279 -7.130595 4.834501
v -71.158279 -7.613920 8.144326
v -71.158279 -7.130595 4.834501
v -78.332573 -6.819772 7.816484
v -71.158279 -7.613920 8.144326
v -78.332573 -6.819772 7.816484
v -71.158279 -7.130595 4.834501
v -78.332573 -6.272730 5.198262
v -71.158279 -5.884208 2.930335
v -78.332573 -6.272730 5.198262
v -71.158279 -7.130595 4.834501
v -78.332573 -6.272730 5.198262
v -71.158279 -5.884208 2.930335
v -78.332573 -4.717078 2.979740
v -71.158279 -3.066630 1.533653
v -78.332573 -4.717078 2.979740
v -71.158279 -5.884208 2.930335
v -78.332573 -4.717078 2.979740
v -71.158279 -3.066630 1.533653
v -78.332573 -2.387486 1.497727
v -78.332573 -6.272732 10.439198
v -71.158279 -7.613920 8.144326
v -78.332573 -6.819772 7.816484
v -71.158279 -7.613920 8.144326
v -78.332573 -6.272732 10.439198
v -71.158279 -7.130597 11.543972
v -78.332573 -4.717082 12.657728
v -71.158279 -7.130597 11.543972
v -78.332573 -6.272732 10.439198
v -71.158279 -7.130597 11.543972
v -78.332573 -4.717082 12.657728
v -71.158279 -5.884212 13.335857
v -71.158279 -5.884212 13.335857
v -53.675938 -8.748419 14.121777
v -71.158279 -7.130597 11.543972
v -53.675938 -8.748419 14.121777
v -71.158279 -5.884212 13.335857
v -53.675938 -8.412734 15.019965
v -26.778996 -8.412745 16.237015
v -53.675938 -8.748419 14.121777
v -53.675938 -8.412734 15.019965
v -53.675938 -8.748419 14.121777
v -26.778996 -8.412745 16.237015
v -26.778996 -8.748430 15.343309
v 0.344642 -8.412756 16.699577
v -26.778996 -8.748430 15.343309
v -26.778996 -8.412745 16.237015
v -26.778996 -8.748430 15.343309
v 0.344642 -8.412756 16.699577
v 0.344642 -8.748441 15.801388
v 0.344642 -8.412756 16.699577
v 15.806712 -8.748446 15.801388
v 0.344642 -8.748441 15.801388
v 15.806712 -8.748446 15.801388
v 0.344642 -8.412756 16.699577
v 15.806713 -8.412762 16.699577
v 15.806712 -8.748444 8.853897
v 0.344642 -8.748441 15.801388
v 15.806712 -8.748446 15.801388
v 0.344642 -8.748441 15.801388
v 15.806712 -8.748444 8.853897
v 0.344642 -8.748438 7.731160
v 15.806713 -8.412758 7.955703
v 0.344642 -8.748438 7.731160
v 15.806712 -8.748444 8.853897
v 0.344642 -8.748438 7.731160
v 15.806713 -8.412758 7.955703
v 0.344642 -8.412752 6.837463
v 15.806713 -7.516046 7.618886
v 0.344642 -8.412752 6.837463
v 15.806713 -8.412758 7.955703
v 0.344642 -8.412752 6.837463
v 15.806713 -7.516046 7.618886
v 0.344642 -7.516039 6.500640
v 0.344642 -7.516039 6.500640
v -26.778996 -8.412741 4.340497
v 0.344642 -8.412752 6.837463
v -26.778996 -8.412741 4.340497
v 0.344642 -7.516039 6.500640
v -26.778996 -7.516027 4.003674
v -53.675938 -7.516016 2.575555
v -26.778996 -8.412741 4.340497
v -26.778996 -7.516027 4.003674
v -26.778996 -8.412741 4.340497
v -53.675938 -7.516016 2.575555
v -53.675938 -8.412729 2.912371
v -53.675938 -8.412729 2.912371
v -26.778996 -8.748426 5.238684
v -26.778996 -8.412741 4.340497
v -26.778996 -8.748426 5.238684
v -53.675938 -8.412729 2.912371
v -53.675938 -8.748415 3.810560
v -53.675938 -8.748415 3.810560
v -26.778996 -8.748430 15.343309
v -26.778996 -8.748426 5.238684
v -26.778996 -8.748430 15.343309
v -53.675938 -8.748415 3.810560
v -53.675938 -8.748419 14.121777
v -53.675938 -8.748419 14.121777
v -53.675938 -8.748415 3.810560
v -71.158279 -7.613920 8.144326
v -71.158279 -7.130597 11.543972
v -53.675938 -8.748419 14.121777
v -71.158279 -7.613920 8.144326
v -26.778996 -8.748430 15.343309
v 0.344642 -8.748438 7.731160
v -26.778996 -8.748426 5.238684
v 0.344642 -8.748438 7.731160
v -26.778996 -8.748430 15.343309
v 0.344642 -8.748441 15.801388
v 0.344642 -8.412752 6.837463
v -26.778996 -8.748426 5.238684
v 0.344642 -8.748438 7.731160
v -26.778996 -8.748426 5.238684
v 0.344642 -8.412752 6.837463
v -26.778996 -8.412741 4.340497
v 23.094364 -6.171758 17.036400
v 45.410690 5.208885 16.753475
v 23.094364 -6.171758 16.924126
v 45.410690 5.208885 16.753475
v 23.094364 -6.171758 17.036400
v 45.510708 5.260170 16.865749
v 23.094364 -6.171754 7.843435
v 45.410690 5.208888 7.955707
v 45.510708 5.260174 7.843439
v 45.410690 5.208888 7.955707
v 23.094364 -6.171754 7.843435
v 23.094364 -6.171754 7.955703
v 45.410690 5.208885 16.753475
v 45.510708 5.260174 7.843439
v 45.410690 5.208888 7.955707
v 45.510708 5.260174 7.843439
v 45.410690 5.208885 16.753475
v 45.510708 5.260170 16.865749
v 23.094362 -7.851733 7.843435
v 23.094364 -6.171754 7.955703
v 23.094364 -6.171754 7.843435
v 23.094364 -6.171754 7.955703
v 23.094362 -7.851733 7.843435
v 23.094362 -7.805110 7.955703
v 23.094362 -8.412761 8.180251
v 23.094362 -7.805110 7.955703
v 23.094362 -7.851733 7.843435
v 23.094362 -7.805110 7.955703
v 23.094362 -8.412761 8.180251
v 23.094362 -8.333503 8.261090
v 23.094362 -8.748446 8.741623
v 23.094362 -8.333503 8.261090
v 23.094362 -8.412761 8.180251
v 23.094362 -8.333503 8.261090
v 23.094362 -8.748446 8.741623
v 23.094362 -8.636551 8.786530
v 23.094362 -8.748449 16.138212
v 23.094362 -8.636551 8.786530
v 23.094362 -8.748446 8.741623
v 23.094362 -8.636551 8.786530
v 23.094362 -8.748449 16.138212
v 23.094362 -8.636554 16.093298
v 23.094362 -8.412765 16.699577
v 23.094362 -8.636554 16.093298
v 23.094362 -8.748449 16.138212
v 23.094362 -8.636554 16.093298
v 23.094362 -8.412765 16.699577
v 23.094362 -8.333506 16.618744
v 23.094362 -7.851737 17.036400
v 23.094362 -8.333506 16.618744
v 23.094362 -8.412765 16.699577
v 23.094362 -8.333506 16.618744
v 23.094362 -7.851737 17.036400
v 23.094362 -7.805113 16.924126
v 23.094362 -7.851737 17.036400
v 23.094364 -6.171758 16.924126
v 23.094362 -7.805113 16.924126
v 23.094364 -6.171758 16.924126
v 23.094362 -7.851737 17.036400
v 23.094364 -6.171758 17.036400
v 20.293985 7.053610 7.789544
v 40.463364 5.611397 17.368736
v 20.293985 7.053607 17.368736
v 40.463364 5.611397 17.368736
v 20.293985 7.053610 7.789544
v 40.463364 5.611401 7.398832
v 45.510708 5.260174 7.843439
v 40.463364 5.611397 17.368736
v 40.463364 5.611401 7.398832
v 40.463364 5.611397 17.368736
v 45.510708 5.260174 7.843439
v 45.510708 5.260170 16.865749
v 15.806719 7.345779 17.368736
v 20.293985 7.053610 7.789544
v 20.293985 7.053607 17.368736
v 20.293985 7.053610 7.789544
v 15.806719 7.345779 17.368736
v 15.806719 7.345783 7.937745
v 23.094364 -6.171758 17.036400
v 40.463364 5.611397 17.368736
v 45.510708 5.260170 16.865749
v 23.094364 -6.171758 17.036400
v 28.921810 4.363461 17.368736
v 40.463364 5.611397 17.368736
v 23.094364 -6.171758 17.036400
v 27.388277 3.552225 17.368736
v 28.921810 4.363461 17.368736
v 23.094364 -6.171758 17.036400
v 25.094635 2.795380 17.368734
v 27.388277 3.552225 17.368736
v 23.094364 -6.171758 17.036400
v 20.293983 1.948399 17.368734
v 25.094635 2.795380 17.368734
v 23.094364 -6.171754 7.843435
v 40.463364 5.611401 7.398832
v 23.654440 -1.967922 7.901816
v 40.463364 5.611401 7.398832
v 23.094364 -6.171754 7.843435
v 45.510708 5.260174 7.843439
v 23.654440 -1.967922 7.901816
v 40.463364 5.611401 7.398832
v 23.654440 2.214152 7.789543
v 23.094364 -6.171754 7.843435
v 23.654440 -1.967922 7.901816
v 15.806714 -5.498827 7.286555
v 15.806719 6.717924 19.299841
v 7.738968 7.395514 17.368736
v 15.806719 7.081583 17.368736
v 7.738968 7.395514 17.368736
v 15.806719 6.717924 19.299841
v 7.738968 6.988340 19.645645
v 15.806718 5.723301 20.790834
v 7.738968 6.988340 19.645645
v 15.806719 6.717924 19.299841
v 7.738968 6.988340 19.645645
v 15.806718 5.723301 20.790834
v 7.738967 5.878714 21.307293
v 15.806718 5.723301 20.790834
v 7.738967 4.363469 21.918062
v 7.738967 5.878714 21.307293
v 7.738967 4.363469 21.918062
v 15.806718 5.723301 20.790834
v 15.806718 4.363465 21.334238
v 7.738967 4.363469 21.918062
v 0.344648 5.933109 21.446512
v 7.738967 5.878714 21.307293
v 0.344648 5.933109 21.446512
v 7.738967 4.363469 21.918062
v 0.344647 4.576384 22.003393
v -7.056348 5.070590 21.635136
v 0.344648 5.933109 21.446512
v 0.344647 4.576384 22.003393
v 0.344648 5.933109 21.446512
v -7.056348 5.070590 21.635136
v -7.056348 5.878720 21.307293
v -7.056348 5.070590 21.635136
v -13.937271 5.337896 20.939035
v -7.056348 5.878720 21.307293
v -13.937271 5.337896 20.939035
v -7.056347 6.988346 19.645645
v -7.056348 5.878720 21.307293
v -7.056347 6.988346 19.645645
v -13.937271 5.337896 20.939035
v -13.943933 6.717935 19.344748
v -19.858061 5.368981 20.054319
v -13.943933 6.717935 19.344748
v -13.937271 5.337896 20.939035
v -13.943933 6.717935 19.344748
v -19.858061 5.368981 20.054319
v -19.864731 6.341846 18.877693
v -24.538694 5.428040 18.886675
v -19.864731 6.341846 18.877693
v -19.858061 5.368981 20.054319
v -19.864731 6.341846 18.877693
v -24.538694 5.428040 18.886675
v -24.538694 6.003056 18.257942
v -24.538694 5.428040 18.886675
v -28.232523 5.597437 17.373226
v -24.538694 6.003056 18.257942
v -24.538694 6.003056 18.257942
v -28.232523 5.597437 17.373226
v -24.538694 6.212858 17.373226
v -19.864731 6.638680 17.373226
v -24.538694 6.003056 18.257942
v -24.538694 6.212858 17.373226
v -24.538694 6.003056 18.257942
v -19.864731 6.638680 17.373226
v -19.864731 6.341846 18.877693
v -13.943933 7.081594 17.373226
v -19.864731 6.341846 18.877693
v -19.864731 6.638680 17.373226
v -19.864731 6.341846 18.877693
v -13.943933 7.081594 17.373226
v -13.943933 6.717935 19.344748
v -7.056347 7.395520 17.373226
v -13.943933 6.717935 19.344748
v -13.943933 7.081594 17.373226
v -13.943933 6.717935 19.344748
v -7.056347 7.395520 17.373226
v -7.056347 6.988346 19.645645
v 0.344648 7.501196 17.368736
v -7.056347 6.988346 19.645645
v -7.056347 7.395520 17.373226
v -7.056347 6.988346 19.645645
v 0.344648 7.501196 17.368736
v 0.344648 7.081588 19.726479
v 0.344648 7.501196 17.368736
v 7.738968 6.988340 19.645645
v 0.344648 7.081588 19.726479
v 7.738968 6.988340 19.645645
v 0.344648 7.501196 17.368736
v 7.738968 7.395514 17.368736
v 7.738968 7.395514 17.368736
v 0.344648 7.501196 17.368736
v 7.738968 7.445245 17.368736
v 7.738968 7.445245 17.368736
v 15.806719 7.081583 17.368736
v 7.738968 7.395514 17.368736
v 15.806719 7.081583 17.368736
v 7.738968 7.445245 17.368736
v 15.806719 7.345779 17.368736
v 15.806719 7.345779 17.368736
v 20.293985 6.582716 17.368736
v 15.806719 7.081583 17.368736
v 20.293985 6.582716 17.368736
v 15.806719 7.345779 17.368736
v 20.293985 7.053607 17.368736
v 40.463364 5.611397 17.368736
v 20.293985 6.582716 17.368736
v 20.293985 7.053607 17.368736
v 20.293985 6.582716 17.368736
v 40.463364 5.611397 17.368736
v 25.094635 5.933101 17.368736
v 27.388277 5.176256 17.368736
v 25.094635 5.933101 17.368736
v 40.463364 5.611397 17.368736
v 28.921810 4.363461 17.368736
v 27.388277 5.176256 17.368736
v 40.463364 5.611397 17.368736
v 7.738967 5.878714 21.307293
v 0.344648 7.081588 19.726479
v 7.738968 6.988340 19.645645
v 0.344648 7.081588 19.726479
v 7.738967 5.878714 21.307293
v 0.344648 5.933109 21.446512
v -7.056348 5.878720 21.307293
v 0.344648 7.081588 19.726479
v 0.344648 5.933109 21.446512
v 0.344648 7.081588 19.726479
v -7.056348 5.878720 21.307293
v -7.056347 6.988346 19.645645
v 7.738966 2.204829 21.307291
v 15.806718 4.363465 21.334238
v 15.806717 2.800045 20.790833
v 15.806718 4.363465 21.334238
v 7.738966 2.204829 21.307291
v 7.738967 4.363469 21.918062
v 3.871783 3.578652 21.769863
v 7.738967 4.363469 21.918062
v 7.738966 2.204829 21.307291
v 3.325049 4.047989 21.891119
v 7.738967 4.363469 21.918062
v 3.871783 3.578652 21.769863
v 3.325049 4.047989 21.891119
v 0.344647 4.576384 22.003393
v 7.738967 4.363469 21.918062
v 3.718431 3.110869 21.644114
v 3.871783 3.578652 21.769863
v 7.738966 2.204829 21.307291
v 3.718431 3.110869 21.644114
v 7.738966 2.204829 21.307291
v 0.344646 2.470582 21.536331
v 0.344645 -0.155841 20.530359
v 0.344646 2.470582 21.536331
v 7.738966 2.204829 21.307291
v -7.163032 -0.962414 20.669579
v 0.344646 2.470582 21.536331
v 0.344645 -0.155841 20.530359
v 0.344646 2.470582 21.536331
v -7.163032 -0.962414 20.669579
v -7.056349 1.976383 21.662077
v -15.590829 -1.741014 20.822268
v -7.056349 1.976383 21.662077
v -7.163032 -0.962414 20.669579
v -7.056349 1.976383 21.662077
v -15.590829 -1.741014 20.822268
v -15.537486 1.852058 21.819260
v -15.590829 -1.741014 20.822268
v -26.778992 1.979498 22.025845
v -15.537486 1.852058 21.819260
v -26.778992 1.979498 22.025845
v -15.590829 -1.741014 20.822268
v -26.778992 -2.412380 21.028854
v -15.590829 -1.741014 20.822268
v -26.778994 -3.159900 20.018391
v -26.778992 -2.412380 21.028854
v -26.778994 -3.159900 20.018391
v -15.590829 -1.741014 20.822268
v -15.530818 -2.471439 19.811806
v -7.163032 -0.962414 20.669579
v -15.530818 -2.471439 19.811806
v -15.590829 -1.741014 20.822268
v -15.530818 -2.471439 19.811806
v -7.163032 -0.962414 20.669579
v -7.043011 -1.686624 19.659115
v -7.163032 -0.962414 20.669579
v 0.344645 -0.768155 19.524387
v -7.043011 -1.686624 19.659115
v 0.344645 -0.768155 19.524387
v -7.163032 -0.962414 20.669579
v 0.344645 -0.155841 20.530359
v 7.698971 0.980201 20.602211
v 0.344645 -0.768155 19.524387
v 0.344645 -0.155841 20.530359
v 0.344645 -0.768155 19.524387
v 7.698971 0.980201 20.602211
v 7.745641 0.307277 19.389660
v 7.698971 0.980201 20.602211
v 15.806717 1.618932 19.299839
v 7.745641 0.307277 19.389660
v 15.806717 2.800045 20.790833
v 15.806717 1.618932 19.299839
v 7.698971 0.980201 20.602211
v 7.698971 0.980201 20.602211
v 7.738966 2.204829 21.307291
v 15.806717 2.800045 20.790833
v 7.738966 2.204829 21.307291
v 7.698971 0.980201 20.602211
v 0.344645 -0.155841 20.530359
v 15.806717 1.618932 19.299839
v 7.738965 -0.143410 17.368734
v 7.745641 0.307277 19.389660
v 7.738965 -0.143410 17.368734
v 15.806717 1.618932 19.299839
v 15.806716 1.207097 17.368734
v 0.344645 -1.225058 17.368734
v 7.745641 0.307277 19.389660
v 7.738965 -0.143410 17.368734
v 7.745641 0.307277 19.389660
v 0.344645 -1.225058 17.368734
v 0.344645 -0.768155 19.524387
v -7.056351 -1.856019 17.198074
v 0.344645 -0.768155 19.524387
v 0.344645 -1.225058 17.368734
v 0.344645 -0.768155 19.524387
v -7.056351 -1.856019 17.198074
v -7.043011 -1.686624 19.659115
v -7.056351 -1.856019 17.198074
v -15.530818 -2.471439 19.811806
v -7.043011 -1.686624 19.659115
v -15.530818 -2.471439 19.811806
v -7.056351 -1.856019 17.198074
v -15.537488 -2.472992 17.031912
v -26.778994 -3.144357 16.906164
v -15.530818 -2.471439 19.811806
v -15.537488 -2.472992 17.031912
v -15.530818 -2.471439 19.811806
v -26.778994 -3.144357 16.906164
v -26.778994 -3.159900 20.018391
v -42.581116 -3.257800 16.281921
v -26.778994 -3.159900 20.018391
v -26.778994 -3.144357 16.906164
v -26.778994 -3.159900 20.018391
v -42.581116 -3.257800 16.281921
v -42.581116 -3.257802 20.305809
v -42.581116 -3.257800 16.281921
v -53.675934 -3.257797 20.507904
v -42.581116 -3.257802 20.305809
v -53.675934 -3.257797 20.507904
v -42.581116 -3.257800 16.281921
v -53.675934 -3.257796 15.846297
v -53.675934 -3.257796 15.846297
v -62.303761 -3.257794 20.507904
v -53.675934 -3.257797 20.507904
v -62.303761 -3.257794 20.507904
v -53.675934 -3.257796 15.846297
v -62.303761 -3.257792 15.352293
v -62.303761 -3.257792 15.352293
v -71.158279 -3.088394 20.283358
v -62.303761 -3.257794 20.507904
v -71.158279 -3.088394 20.283358
v -62.303761 -3.257792 15.352293
v -71.158279 -3.066635 14.755002
v -71.158279 -3.066635 14.755002
v -78.332573 -2.808653 19.892645
v -71.158279 -3.088394 20.283358
v -78.332573 -2.808653 19.892645
v -71.158279 -3.066635 14.755002
v -78.332573 -2.788449 15.042420
v -71.158279 -3.066635 14.755002
v -78.332573 -2.519590 14.606802
v -78.332573 -2.788449 15.042420
v -78.332573 -2.788449 15.042420
v -89.427399 -2.135725 19.277386
v -78.332573 -2.808653 19.892645
v -89.427399 -2.135725 19.277386
v -78.332573 -2.788449 15.042420
v -89.434067 -2.284917 15.015476
v -102.975876 -1.402186 19.443548
v -89.427399 -2.135725 19.277386
v -89.434067 -2.284917 15.015476
v -102.975876 -1.402186 19.443548
v -102.975876 -1.158193 20.036354
v -89.427399 -2.135725 19.277386
v -102.975876 -0.567637 20.278866
v -89.427399 -2.135725 19.277386
v -102.975876 -1.158193 20.036354
v -89.427399 -2.135725 19.277386
v -102.975876 -0.567637 20.278866
v -89.427399 -1.403746 20.283358
v -102.975876 0.022920 20.036354
v -89.427399 -1.403746 20.283358
v -102.975876 -0.567637 20.278866
v -89.427399 -1.403746 20.283358
v -102.975876 0.022920 20.036354
v -89.420731 1.300383 20.283358
v -89.420731 1.300383 20.283358
v -78.332573 -2.076674 21.069271
v -89.427399 -1.403746 20.283358
v -78.332573 -2.076674 21.069271
v -89.420731 1.300383 20.283358
v -78.332573 2.335407 21.069271
v -71.158279 2.992786 21.630642
v -78.332573 -2.076674 21.069271
v -78.332573 2.335407 21.069271
v -78.332573 -2.076674 21.069271
v -71.158279 2.992786 21.630642
v -71.158279 -2.356415 21.626152
v -62.303761 3.692127 22.416557
v -71.158279 -2.356415 21.626152
v -71.158279 2.992786 21.630642
v -71.158279 -2.356415 21.626152
v -62.303761 3.692127 22.416557
v -62.303761 -2.524261 21.518368
v -50.875557 3.182378 22.416557
v -62.303761 -2.524261 21.518368
v -62.303761 3.692127 22.416557
v -62.303761 -2.524261 21.518368
v -50.875557 3.182378 22.416557
v -53.675934 -2.524264 21.518368
v -50.875557 3.182378 22.416557
v -42.581116 -2.524268 21.316273
v -53.675934 -2.524264 21.518368
v -42.581116 -2.524268 21.316273
v -50.875557 3.182378 22.416557
v -42.581116 2.423975 22.223442
v -42.581116 2.423975 22.223442
v -26.778992 -2.412380 21.028854
v -42.581116 -2.524268 21.316273
v -26.778992 -2.412380 21.028854
v -42.581116 2.423975 22.223442
v -26.778992 1.979498 22.025845
v -26.778992 -2.412380 21.028854
v -42.581116 -3.257802 20.305809
v -42.581116 -2.524268 21.316273
v -42.581116 -3.257802 20.305809
v -26.778992 -2.412380 21.028854
v -26.778994 -3.159900 20.018391
v -53.675934 -3.257797 20.507904
v -42.581116 -2.524268 21.316273
v -42.581116 -3.257802 20.305809
v -42.581116 -2.524268 21.316273
v -53.675934 -3.257797 20.507904
v -53.675934 -2.524264 21.518368
v -62.303761 -3.257794 20.507904
v -53.675934 -2.524264 21.518368
v -53.675934 -3.257797 20.507904
v -53.675934 -2.524264 21.518368
v -62.303761 -3.257794 20.507904
v -62.303761 -2.524261 21.518368
v -71.158279 -3.088394 20.283358
v -62.303761 -2.524261 21.518368
v -62.303761 -3.257794 20.507904
v -62.303761 -2.524261 21.518368
v -71.158279 -3.088394 20.283358
v -71.158279 -2.356415 21.626152
v -71.158279 -3.088394 20.283358
v -78.332573 -2.076674 21.069271
v -71.158279 -2.356415 21.626152
v -78.332573 -2.076674 21.069271
v -71.158279 -3.088394 20.283358
v -78.332573 -2.808653 19.892645
v -78.332573 -2.808653 19.892645
v -89.427399 -1.403746 20.283358
v -78.332573 -2.076674 21.069271
v -89.427399 -1.403746 20.283358
v -78.332573 -2.808653 19.892645
v -89.427399 -2.135725 19.277386
v -66.364311 3.692112 65.318565
v -66.364311 3.578664 63.638947
v -66.364311 3.692113 63.638947
v -66.364311 3.578664 63.638947
v -66.364311 3.692112 65.318565
v -66.364311 3.578663 65.318565
v -66.090935 3.578665 62.314129
v -66.364311 3.692113 63.638947
v -66.364311 3.578664 63.638947
v -66.364311 3.692113 63.638947
v -66.090935 3.578665 62.314129
v -66.090935 3.692113 62.314129
v -66.364311 3.692112 65.318565
v -61.463650 3.578660 68.493660
v -66.364311 3.578663 65.318565
v -42.314411 5.070604 22.394104
v -35.240128 5.539941 12.702638
v -28.232523 5.597437 17.373226
v -28.232523 5.597437 17.373226
v -35.240128 5.539941 12.702638
v -31.112907 5.877179 10.605371
v -28.232523 5.597437 17.373226
v -31.112907 5.877179 10.605371
v -29.692719 5.909816 8.135348
v 0.344642 -7.516043 17.036400
v 0.344645 -1.225058 17.368734
v 7.738965 -0.143410 17.368734
v 0.344642 -7.516043 17.036400
v -7.056351 -1.856019 17.198074
v 0.344645 -1.225058 17.368734
v 0.344642 -7.516043 17.036400
v -15.537488 -2.472992 17.031912
v -7.056351 -1.856019 17.198074
v -53.675938 -8.412734 15.019965
v -26.778996 -7.516032 16.573832
v -26.778996 -8.412745 16.237015
v -26.778996 -7.516032 16.573832
v -53.675938 -8.412734 15.019965
v -53.675938 -7.516021 15.352292
v 20.293985 4.473810 7.286558
v 23.654440 2.214152 7.789543
v 20.293985 4.475364 7.789544
v 23.654440 2.214152 7.789543
v 20.293985 4.473810 7.286558
v 23.654440 2.214152 7.529068
v 23.654440 2.214152 7.529068
v 23.654440 -1.967922 7.901816
v 23.654440 2.214152 7.789543
v 23.654440 -1.967922 7.901816
v 23.654440 2.214152 7.529068
v 23.654440 -1.967922 6.958714
v 15.806714 -5.533016 5.350959
v 23.654440 -1.967922 7.901816
v 23.654440 -1.967922 6.958714
v 23.654440 -1.967922 7.901816
v 15.806714 -5.533016 5.350959
v 15.806714 -5.498827 7.286555
v 15.806714 -5.533016 5.350959
v 0.344643 -5.498821 6.500641
v 15.806714 -5.498827 7.286555
v 0.344643 -5.498821 6.500641
v 15.806714 -5.533016 5.350959
v 0.344643 -5.501928 5.054554
v 0.344643 -5.501928 5.054554
v -26.778994 -5.834494 4.003674
v 0.344643 -5.498821 6.500641
v -105.336197 -0.567635 18.855232
v -104.742783 0.022921 18.855232
v -105.336197 -0.149583 19.025892
v -104.742783 0.022921 18.855232
v -105.336197 -0.567635 18.855232
v -104.742783 -0.567635 18.608231
v -105.336197 -0.567635 18.855232
v -104.742783 -1.158192 18.855232
v -104.742783 -0.567635 18.608231
v -104.742783 -1.158192 18.855232
v -105.336197 -0.567635 18.855232
v -105.336197 -0.984133 19.025892
v -105.336197 -0.984133 19.025892
v -105.336197 -0.567635 18.855232
v -105.582893 -0.567635 19.443548
v -105.582893 -0.567635 19.443548
v -105.336197 -0.567635 18.855232
v -105.336197 -0.149583 19.025892
v -105.582893 -0.567635 19.443548
v -105.336197 -0.149583 19.025892
v -105.336197 0.022921 19.443548
v -105.336197 -0.149583 19.025892
v -104.742783 0.249820 19.443548
v -105.336197 0.022921 19.443548
v -104.742783 0.249820 19.443548
v -105.336197 -0.149583 19.025892
v -104.742783 0.022921 18.855232
v -104.742783 0.249820 19.443548
v -105.336197 -0.149584 19.861204
v -105.336197 0.022921 19.443548
v -105.336197 -0.149584 19.861204
v -104.742783 0.249820 19.443548
v -104.742783 0.022921 20.036354
v -104.742783 -0.567636 20.278866
v -105.336197 -0.149584 19.861204
v -104.742783 0.022921 20.036354
v -105.336197 -0.149584 19.861204
v -104.742783 -0.567636 20.278866
v -105.336197 -0.567636 20.036354
v -104.742783 -1.158192 20.036354
v -105.336197 -0.567636 20.036354
v -104.742783 -0.567636 20.278866
v -105.336197 -0.567636 20.036354
v -104.742783 -1.158192 20.036354
v -105.336197 -0.984133 19.861204
v -104.742783 -1.402185 19.443548
v -105.336197 -0.984133 19.861204
v -104.742783 -1.158192 20.036354
v -105.336197 -0.984133 19.861204
v -104.742783 -1.402185 19.443548
v -105.336197 -1.158192 19.443548
v -104.742783 -1.402185 19.443548
v -105.336197 -0.984133 19.025892
v -105.336197 -1.158192 19.443548
v -105.336197 -0.984133 19.025892
v -104.742783 -1.402185 19.443548
v -104.742783 -1.158192 18.855232
v -105.336197 -1.158192 19.443548
v -105.336197 -0.984133 19.025892
v -105.582893 -0.567635 19.443548
v -105.336197 -1.158192 19.443548
v -105.582893 -0.567635 19.443548
v -105.336197 -0.984133 19.861204
v -105.336197 -0.984133 19.861204
v -105.582893 -0.567635 19.443548
v -105.336197 -0.567636 20.036354
v -105.336197 -0.567636 20.036354
v -105.582893 -0.567635 19.443548
v -105.336197 -0.149584 19.861204
v -105.582893 -0.567635 19.443548
v -105.336197 0.022921 19.443548
v -105.336197 -0.149584 19.861204
v -104.742783 -0.567635 18.608231
v -102.975876 0.022920 18.855232
v -104.742783 0.022921 18.855232
v -102.975876 0.022920 18.855232
v -104.742783 -0.567635 18.608231
v -102.975876 -0.567636 18.608231
v -104.742783 -1.158192 18.855232
v -102.975876 -0.567636 18.608231
v -104.742783 -0.567635 18.608231
v -102.975876 -0.567636 18.608231
v -104.742783 -1.158192 18.855232
v -102.975876 -1.158193 18.855232
v -102.975876 0.273130 19.412113
v -104.742783 0.022921 18.855232
v -102.975876 0.022920 18.855232
v -104.742783 0.022921 18.855232
v -102.975876 0.273130 19.412113
v -104.742783 0.249820 19.443548
v -102.975876 0.273130 19.412113
v -102.975876 0.273130 19.492947
v -104.742783 0.249820 19.443548
v -102.975876 0.022920 20.036354
v -104.742783 0.249820 19.443548
v -102.975876 0.273130 19.492947
v -104.742783 0.249820 19.443548
v -102.975876 0.022920 20.036354
v -104.742783 0.022921 20.036354
v -102.975876 -0.567637 20.278866
v -104.742783 0.022921 20.036354
v -102.975876 0.022920 20.036354
v -104.742783 0.022921 20.036354
v -102.975876 -0.567637 20.278866
v -104.742783 -0.567636 20.278866
v -102.975876 -1.158193 20.036354
v -104.742783 -0.567636 20.278866
v -102.975876 -0.567637 20.278866
v -104.742783 -0.567636 20.278866
v -102.975876 -1.158193 20.036354
v -104.742783 -1.158192 20.036354
v -102.975876 -1.402186 19.443548
v -104.742783 -1.158192 20.036354
v -102.975876 -1.158193 20.036354
v -104.742783 -1.158192 20.036354
v -102.975876 -1.402186 19.443548
v -104.742783 -1.402185 19.443548
v -102.975876 -1.158193 18.855232
v -104.742783 -1.402185 19.443548
v -102.975876 -1.402186 19.443548
v -104.742783 -1.402185 19.443548
v -102.975876 -1.158193 18.855232
v -104.742783 -1.158192 18.855232
v -78.332573 0.649214 14.579852
v -89.427399 -1.814025 14.692125
v -78.332573 -2.519590 14.606802
v -78.332573 0.649214 14.579852
v -89.414062 -0.409121 14.710089
v -89.427399 -1.814025 14.692125
v -78.332573 0.649214 14.579852
v -89.434067 0.046228 15.024458
v -89.414062 -0.409121 14.710089
v -89.434067 0.046228 15.024458
v -78.332573 0.649214 14.579852
v -78.332573 1.463560 15.046912
v -78.332573 0.649214 14.579852
v -71.158279 3.199484 14.755004
v -78.332573 1.463560 15.046912
v -71.158279 3.124886 17.503462
v -78.332573 1.463560 15.046912
v -71.158279 3.199484 14.755004
v -78.332573 1.463560 15.046912
v -71.158279 3.124886 17.503462
v -78.332573 1.726202 16.861252
v -71.158279 3.050289 18.909126
v -78.332573 1.726202 16.861252
v -71.158279 3.124886 17.503462
v -78.332573 1.726202 16.861252
v -71.158279 3.050289 18.909126
v -78.332573 2.436424 18.675596
v -78.332573 2.436424 18.675596
v -89.434067 0.702056 17.274424
v -78.332573 1.726202 16.861252
v -89.434067 0.702056 17.274424
v -78.332573 2.436424 18.675596
v -89.427399 1.357885 19.070799
v -102.975876 0.273130 19.412113
v -89.434067 0.702056 17.274424
v -89.427399 1.357885 19.070799
v -102.975876 0.273130 19.412113
v -89.434067 0.046228 15.024458
v -89.434067 0.702056 17.274424
v -102.975876 0.273130 19.412113
v -102.975876 0.022920 18.855232
v -89.434067 0.046228 15.024458
v -102.975876 -0.567636 18.608231
v -89.434067 0.046228 15.024458
v -102.975876 0.022920 18.855232
v -89.434067 0.046228 15.024458
v -102.975876 -0.567636 18.608231
v -89.414062 -0.409121 14.710089
v -102.975876 -0.567636 18.608231
v -89.427399 -1.814025 14.692125
v -89.414062 -0.409121 14.710089
v -102.975876 -0.567636 18.608231
v -89.434067 -2.284917 15.015476
v -89.427399 -1.814025 14.692125
v -89.434067 -2.284917 15.015476
v -102.975876 -0.567636 18.608231
v -102.975876 -1.158193 18.855232
v -78.332573 -2.788449 15.042420
v -89.427399 -1.814025 14.692125
v -89.434067 -2.284917 15.015476
v -89.427399 -1.814025 14.692125
v -78.332573 -2.788449 15.042420
v -78.332573 -2.519590 14.606802
v -89.434067 0.046228 15.024458
v -78.332573 1.726202 16.861252
v -89.434067 0.702056 17.274424
v -78.332573 1.726202 16.861252
v -89.434067 0.046228 15.024458
v -78.332573 1.463560 15.046912
v -62.917175 3.752737 19.178585
v -71.158279 3.050289 18.909126
v -71.158279 3.124886 17.503462
v -78.332573 0.649214 14.579852
v -78.332573 -2.519590 14.606802
v -78.332573 -2.387491 14.139741
v -71.158279 3.199484 14.755004
v -62.917175 3.752737 19.178585
v -71.158279 3.124886 17.503462
v -62.917175 3.752737 19.178585
v -71.158279 3.199484 14.755004
v -62.303761 3.793146 14.746022
v -62.917175 3.752737 19.178585
v -62.303761 3.793146 14.746022
v -53.675934 4.386807 14.579853
v -62.757156 3.758954 19.501936
v -62.917175 3.752737 19.178585
v -53.675934 4.386807 14.579853
v -50.875557 4.139702 22.416557
v -62.757156 3.758954 19.501936
v -53.675934 4.386807 14.579853
v -62.757156 3.758954 19.501936
v -50.875557 4.139702 22.416557
v -62.917175 3.754291 19.825279
v -62.917175 3.754291 19.825279
v -50.875557 4.139702 22.416557
v -62.303761 3.692127 22.416557
v -62.303761 3.692127 22.416557
v -71.158279 3.045626 20.090242
v -62.917175 3.754291 19.825279
v -71.158279 3.045626 20.090242
v -62.303761 3.692127 22.416557
v -71.158279 2.992786 21.630642
v -102.975876 -1.402186 19.443548
v -89.434067 -2.284917 15.015476
v -102.975876 -1.158193 18.855232
v -78.332573 -2.519590 14.606802
v -71.158279 -3.066635 14.755002
v -78.332573 -2.387491 14.139741
v 15.806719 7.345783 7.937745
v 7.738968 6.941721 8.054509
v 15.806718 5.877162 7.937744
v 7.738968 6.941721 8.054509
v 15.806719 7.345783 7.937745
v 7.738968 7.445249 8.054509
v 7.738968 7.445249 8.054509
v 0.344648 7.501200 8.180256
v 7.738968 6.941721 8.054509
v 15.806718 5.877162 7.937744
v 20.293985 7.053610 7.789544
v 15.806719 7.345783 7.937745
v 20.293985 7.053610 7.789544
v 15.806718 5.877162 7.937744
v 20.293985 4.475364 7.789544
v 20.293985 4.475364 7.789544
v 40.463364 5.611401 7.398832
v 20.293985 7.053610 7.789544
v 40.463364 5.611401 7.398832
v 20.293985 4.475364 7.789544
v 23.654440 2.214152 7.789543
v -62.303761 3.692127 22.416557
v -50.875557 4.139702 22.416557
v -50.875557 3.182378 22.416557
v -50.875557 4.139702 22.416557
v -50.875557 3.185479 43.708134
v -50.875557 3.182378 22.416557
v -50.875557 3.185479 43.708134
v -50.875557 4.139702 22.416557
v -50.875557 4.139694 43.708134
v -50.875557 4.139694 43.708134
v -58.356567 3.185475 62.314129
v -50.875557 3.185479 43.708134
v -58.356567 3.185475 62.314129
v -50.875557 4.139694 43.708134
v -58.356567 4.139689 62.314129
v -58.356567 4.139689 62.314129
v -66.090935 3.578665 62.314129
v -58.356567 3.185475 62.314129
v -66.090935 3.578665 62.314129
v -58.356567 4.139689 62.314129
v -66.090935 3.692113 62.314129
v -78.332573 2.425544 20.323772
v -89.420731 1.300383 20.283358
v -89.427399 1.343898 19.919590
v -89.420731 1.300383 20.283358
v -78.332573 2.425544 20.323772
v -78.332573 2.335407 21.069271
v -78.332573 2.425544 20.323772
v -71.158279 2.992786 21.630642
v -78.332573 2.335407 21.069271
v -71.158279 2.992786 21.630642
v -78.332573 2.425544 20.323772
v -71.158279 3.045626 20.090242
v -102.975876 0.022920 20.036354
v -89.427399 1.343898 19.919590
v -89.420731 1.300383 20.283358
v -102.975876 0.273130 19.492947
v -89.427399 1.343898 19.919590
v -102.975876 0.022920 20.036354
v -97.835190 24.089678 -19.555820
v -92.847839 38.210197 -19.726471
v -97.835182 38.210201 -19.555817
v -92.847839 38.210197 -19.726471
v -97.835190 24.089678 -19.555820
v -91.981064 24.089676 -19.838749
v -88.293907 7.053663 -19.982464
v -92.847839 38.210197 -19.726471
v -91.981064 24.089676 -19.838749
v -92.847839 38.210197 -19.726471
v -88.293907 7.053663 -19.982464
v -78.339241 2.531238 -20.224977
v -89.434067 1.508647 -19.834267
v -78.339241 2.531238 -20.224977
v -88.293907 7.053663 -19.982464
v -89.434067 1.508647 -19.834267
v -88.293907 7.053663 -19.982464
v -97.835197 7.053667 -19.555826
v -97.835197 0.958499 -19.555828
v -89.434067 1.508647 -19.834267
v -97.835197 7.053667 -19.555826
v -92.847839 38.210197 -19.726471
v -78.339241 2.531238 -20.224977
v -71.171623 3.145103 -19.991453
v -71.171623 3.145103 -19.991453
v -87.860504 38.210197 -19.726471
v -92.847839 38.210197 -19.726471
v -71.171623 3.145103 -19.991453
v -63.010521 3.842891 -19.713009
v -87.860504 38.210197 -19.726471
v -63.010521 3.842891 -19.713009
v -87.747162 38.210197 -19.501928
v -87.860504 38.210197 -19.726471
v -87.747162 38.210197 -19.501928
v -63.010521 3.842891 -19.713009
v -62.917175 3.836674 -19.501938
v -62.917175 3.836674 -19.501938
v -87.860504 38.210197 -19.277380
v -87.747162 38.210197 -19.501928
v -87.860504 38.210197 -19.277380
v -62.917175 3.836674 -19.501938
v -63.010521 3.842890 -19.290861
v -71.171623 3.145103 -19.012426
v -87.860504 38.210197 -19.277380
v -63.010521 3.842890 -19.290861
v -92.847839 38.210197 -19.277380
v -87.860504 38.210197 -19.277380
v -71.171623 3.145103 -19.012426
v -71.171623 3.145103 -19.012426
v -78.339241 2.531237 -18.778896
v -92.847839 38.210197 -19.277380
v -78.339241 2.531237 -18.778896
v -91.981064 24.089676 -19.160618
v -92.847839 38.210197 -19.277380
v -91.981064 24.089676 -19.160618
v -78.339241 2.531237 -18.778896
v -88.293907 7.053663 -19.016914
v -89.434067 1.510201 -19.156136
v -88.293907 7.053663 -19.016914
v -78.339241 2.531237 -18.778896
v -89.434067 1.510201 -19.156136
v -97.835197 7.053667 -19.443552
v -88.293907 7.053663 -19.016914
v -97.835197 0.958499 -19.443554
v -97.835197 7.053667 -19.443552
v -89.434067 1.510201 -19.156136
v -97.835190 24.089678 -19.443546
v -92.847839 38.210197 -19.277380
v -91.981064 24.089676 -19.160618
v -92.847839 38.210197 -19.277380
v -97.835190 24.089678 -19.443546
v -97.835182 38.210201 -19.443542
v -89.434067 1.510201 -19.156136
v -89.427399 1.357899 -19.070805
v -97.835197 0.958499 -19.443554
v -89.434067 1.510201 -19.156136
v -78.332573 2.436438 -18.675604
v -89.427399 1.357899 -19.070805
v -78.332573 2.436438 -18.675604
v -89.434067 1.510201 -19.156136
v -78.339241 2.531237 -18.778896
v -78.339241 2.531237 -18.778896
v -71.158279 3.050303 -18.909134
v -78.332573 2.436438 -18.675604
v -71.158279 3.050303 -18.909134
v -78.339241 2.531237 -18.778896
v -71.171623 3.145103 -19.012426
v -71.171623 3.145103 -19.012426
v -62.917175 3.752752 -19.178587
v -71.158279 3.050303 -18.909134
v -62.917175 3.752752 -19.178587
v -71.171623 3.145103 -19.012426
v -63.010521 3.842890 -19.290861
v -63.010521 3.842890 -19.290861
v -62.757156 3.758968 -19.501938
v -62.917175 3.752752 -19.178587
v -62.757156 3.758968 -19.501938
v -63.010521 3.842890 -19.290861
v -62.917175 3.836674 -19.501938
v -62.917175 3.836674 -19.501938
v -62.917175 3.754306 -19.825283
v -62.757156 3.758968 -19.501938
v -62.917175 3.754306 -19.825283
v -62.917175 3.836674 -19.501938
v -63.010521 3.842891 -19.713009
v -63.010521 3.842891 -19.713009
v -71.158279 3.045641 -20.090250
v -62.917175 3.754306 -19.825283
v -71.158279 3.045641 -20.090250
v -63.010521 3.842891 -19.713009
v -71.171623 3.145103 -19.991453
v -71.171623 3.145103 -19.991453
v -78.332573 2.425560 -20.323780
v -71.158279 3.045641 -20.090250
v -78.332573 2.425560 -20.323780
v -71.171623 3.145103 -19.991453
v -78.339241 2.531238 -20.224977
v -78.339241 2.531238 -20.224977
v -89.427399 1.343912 -19.919596
v -78.332573 2.425560 -20.323780
v -89.427399 1.343912 -19.919596
v -78.339241 2.531238 -20.224977
v -89.434067 1.508647 -19.834267
v -97.835197 0.958499 -19.555828
v -89.427399 1.343912 -19.919596
v -89.434067 1.508647 -19.834267
v -89.427399 1.343912 -19.919596
v -97.835197 0.958499 -19.555828
v -102.975876 0.273144 -19.492958
v -102.975876 0.273144 -19.412119
v -97.835197 0.958499 -19.443554
v -89.427399 1.357899 -19.070805
v -102.975876 0.273144 -19.412119
v -97.835197 0.958499 -19.555828
v -97.835197 0.958499 -19.443554
v -97.835197 0.958499 -19.555828
v -102.975876 0.273144 -19.412119
v -102.975876 0.273144 -19.492958
v -97.835197 0.958499 -19.555828
v -97.835197 7.053667 -19.443552
v -97.835197 0.958499 -19.443554
v -97.835197 7.053667 -19.443552
v -97.835197 0.958499 -19.555828
v -97.835197 7.053667 -19.555826
v -97.835182 38.210201 -19.443542
v -97.835190 24.089678 -19.555820
v -97.835182 38.210201 -19.555817
v -97.835190 24.089678 -19.555820
v -97.835182 38.210201 -19.443542
v -97.835190 24.089678 -19.443546
v -97.835197 7.053667 -19.555826
v -88.293907 7.053663 -19.016914
v -97.835197 7.053667 -19.443552
v -88.293907 7.053663 -19.016914
v -97.835197 7.053667 -19.555826
v -88.293907 7.053663 -19.982464
v -97.835190 24.089678 -19.555820
v -91.981064 24.089676 -19.160618
v -91.981064 24.089676 -19.838749
v -91.981064 24.089676 -19.160618
v -97.835190 24.089678 -19.555820
v -97.835190 24.089678 -19.443546
v -88.293907 7.053663 -19.982464
v -91.981064 24.089676 -19.160618
v -88.293907 7.053663 -19.016914
v -91.981064 24.089676 -19.160618
v -88.293907 7.053663 -19.982464
v -91.981064 24.089676 -19.838749
v -97.835190 24.089663 19.555830
v -92.847839 38.210182 19.726488
v -91.981064 24.089661 19.838758
v -92.847839 38.210182 19.726488
v -97.835190 24.089663 19.555830
v -97.835182 38.210186 19.555834
v -92.847839 38.210182 19.726488
v -88.293907 7.053648 19.982462
v -91.981064 24.089661 19.838758
v -88.293907 7.053648 19.982462
v -92.847839 38.210182 19.726488
v -78.339241 2.531223 20.224972
v -92.847839 38.210182 19.726488
v -71.171623 3.145088 19.991442
v -78.339241 2.531223 20.224972
v -71.171623 3.145088 19.991442
v -92.847839 38.210182 19.726488
v -87.860504 38.210182 19.726488
v -71.171623 3.145088 19.991442
v -87.860504 38.210182 19.726488
v -63.010521 3.842876 19.713005
v -87.747162 38.210182 19.501945
v -63.010521 3.842876 19.713005
v -87.860504 38.210182 19.726488
v -63.010521 3.842876 19.713005
v -87.747162 38.210182 19.501945
v -62.917175 3.836659 19.501936
v -87.860504 38.210182 19.277397
v -62.917175 3.836659 19.501936
v -87.747162 38.210182 19.501945
v -62.917175 3.836659 19.501936
v -87.860504 38.210182 19.277397
v -63.010521 3.842876 19.290859
v -71.171623 3.145088 19.012421
v -63.010521 3.842876 19.290859
v -87.860504 38.210182 19.277397
v -92.847839 38.210182 19.277397
v -71.171623 3.145088 19.012421
v -87.860504 38.210182 19.277397
v -71.171623 3.145088 19.012421
v -92.847839 38.210182 19.277397
v -78.339241 2.531223 18.778891
v -91.981064 24.089661 19.160627
v -78.339241 2.531223 18.778891
v -92.847839 38.210182 19.277397
v -78.339241 2.531223 18.778891
v -91.981064 24.089661 19.160627
v -88.293907 7.053648 19.016912
v -89.434067 1.510187 19.156130
v -78.339241 2.531223 18.778891
v -88.293907 7.053648 19.016912
v -89.434067 1.510187 19.156130
v -88.293907 7.053648 19.016912
v -97.835197 7.053652 19.443550
v -97.835197 0.958485 19.443548
v -89.434067 1.510187 19.156130
v -97.835197 7.053652 19.443550
v -92.847839 38.210182 19.277397
v -97.835190 24.089663 19.443556
v -91.981064 24.089661 19.160627
v -97.835190 24.089663 19.443556
v -92.847839 38.210182 19.277397
v -97.835182 38.210186 19.443560
v -89.434067 1.510187 19.156130
v -97.835197 0.958485 19.443548
v -89.427399 1.357885 19.070799
v -102.975876 0.273130 19.412113
v -89.427399 1.357885 19.070799
v -97.835197 0.958485 19.443548
v -97.835197 0.958485 19.555822
v -102.975876 0.273130 19.412113
v -97.835197 0.958485 19.443548
v -102.975876 0.273130 19.412113
v -97.835197 0.958485 19.555822
v -102.975876 0.273130 19.492947
v -78.332573 2.436424 18.675596
v -89.434067 1.510187 19.156130
v -89.427399 1.357885 19.070799
v -89.434067 1.510187 19.156130
v -78.332573 2.436424 18.675596
v -78.339241 2.531223 18.778891
v -71.158279 3.050289 18.909126
v -78.339241 2.531223 18.778891
v -78.332573 2.436424 18.675596
v -78.339241 2.531223 18.778891
v -71.158279 3.050289 18.909126
v -71.171623 3.145088 19.012421
v -62.917175 3.752737 19.178585
v -71.171623 3.145088 19.012421
v -71.158279 3.050289 18.909126
v -71.171623 3.145088 19.012421
v -62.917175 3.752737 19.178585
v -63.010521 3.842876 19.290859
v -62.757156 3.758954 19.501936
v -63.010521 3.842876 19.290859
v -62.917175 3.752737 19.178585
v -63.010521 3.842876 19.290859
v -62.757156 3.758954 19.501936
v -62.917175 3.836659 19.501936
v -62.917175 3.754291 19.825279
v -62.917175 3.836659 19.501936
v -62.757156 3.758954 19.501936
v -62.917175 3.836659 19.501936
v -62.917175 3.754291 19.825279
v -63.010521 3.842876 19.713005
v -71.158279 3.045626 20.090242
v -63.010521 3.842876 19.713005
v -62.917175 3.754291 19.825279
v -63.010521 3.842876 19.713005
v -71.158279 3.045626 20.090242
v -71.171623 3.145088 19.991442
v -78.332573 2.425544 20.323772
v -71.171623 3.145088 19.991442
v -71.158279 3.045626 20.090242
v -71.171623 3.145088 19.991442
v -78.332573 2.425544 20.323772
v -78.339241 2.531223 20.224972
v -89.427399 1.343898 19.919590
v -78.339241 2.531223 20.224972
v -78.332573 2.425544 20.323772
v -78.339241 2.531223 20.224972
v -89.427399 1.343898 19.919590
v -89.434067 1.508632 19.834259
v -89.427399 1.343898 19.919590
v -97.835197 0.958485 19.555822
v -89.434067 1.508632 19.834259
v -97.835197 0.958485 19.555822
v -89.427399 1.343898 19.919590
v -102.975876 0.273130 19.492947
v -97.835197 0.958485 19.555822
v -97.835197 7.053652 19.555824
v -89.434067 1.508632 19.834259
v -89.434067 1.508632 19.834259
v -97.835197 7.053652 19.555824
v -88.293907 7.053648 19.982462
v -89.434067 1.508632 19.834259
v -88.293907 7.053648 19.982462
v -78.339241 2.531223 20.224972
v -97.835197 0.958485 19.555822
v -97.835197 7.053652 19.443550
v -97.835197 7.053652 19.555824
v -97.835197 7.053652 19.443550
v -97.835197 0.958485 19.555822
v -97.835197 0.958485 19.443548
v -97.835182 38.210186 19.443560
v -97.835190 24.089663 19.555830
v -97.835190 24.089663 19.443556
v -97.835190 24.089663 19.555830
v -97.835182 38.210186 19.443560
v -97.835182 38.210186 19.555834
v -97.835197 7.053652 19.555824
v -88.293907 7.053648 19.016912
v -88.293907 7.053648 19.982462
v -88.293907 7.053648 19.016912
v -97.835197 7.053652 19.555824
v -97.835197 7.053652 19.443550
v -97.835190 24.089663 19.555830
v -91.981064 24.089661 19.160627
v -97.835190 24.089663 19.443556
v -91.981064 24.089661 19.160627
v -97.835190 24.089663 19.555830
v -91.981064 24.089661 19.838758
v -88.293907 7.053648 19.982462
v -91.981064 24.089661 19.160627
v -91.981064 24.089661 19.838758
v -91.981064 24.089661 19.160627
v -88.293907 7.053648 19.982462
v -88.293907 7.053648 19.016912
v 28.921810 4.363475 -17.368738
v 27.388277 5.176270 -17.368738
v 27.388277 5.067483 -17.894178
v 25.094635 5.933115 -17.368738
v 27.388277 5.067483 -17.894178
v 27.388277 5.176270 -17.368738
v 27.388277 5.067483 -17.894178
v 25.094635 5.933115 -17.368738
v 25.094635 5.723312 -18.379202
v 20.293985 6.582729 -17.368738
v 25.094635 5.723312 -18.379202
v 25.094635 5.933115 -17.368738
v 25.094635 5.723312 -18.379202
v 20.293985 6.582729 -17.368738
v 20.293985 6.285898 -18.936075
v 15.806719 7.081596 -17.368738
v 20.293985 6.285898 -18.936075
v 20.293985 6.582729 -17.368738
v 20.293985 6.285898 -18.936075
v 15.806719 7.081596 -17.368738
v 15.806719 6.717938 -19.295353
v 15.806719 6.717938 -19.295353
v 20.293985 5.483984 -20.292343
v 20.293985 6.285898 -18.936075
v 20.293985 5.483984 -20.292343
v 15.806719 6.717938 -19.295353
v 15.806718 5.723316 -20.790838
v 15.806718 4.363482 -21.334240
v 20.293985 5.483984 -20.292343
v 15.806718 5.723316 -20.790838
v 20.293985 5.483984 -20.292343
v 15.806718 4.363482 -21.334240
v 20.300663 4.363479 -20.714489
v 15.806718 4.363482 -21.334240
v 20.287323 3.131081 -20.314798
v 20.300663 4.363479 -20.714489
v 20.287323 3.131081 -20.314798
v 15.806718 4.363482 -21.334240
v 15.806717 2.800060 -20.790840
v 15.806717 1.618947 -19.295355
v 20.287323 3.131081 -20.314798
v 15.806717 2.800060 -20.790840
v 20.287323 3.131081 -20.314798
v 15.806717 1.618947 -19.295355
v 20.293983 2.263894 -18.936077
v 20.293983 2.263894 -18.936077
v 25.021284 3.675013 -19.210022
v 20.287323 3.131081 -20.314798
v 25.021284 3.675013 -19.210022
v 20.293983 2.263894 -18.936077
v 25.094635 3.005196 -18.379204
v 25.094635 3.005196 -18.379204
v 27.388277 3.957858 -18.275908
v 25.021284 3.675013 -19.210022
v 27.388277 3.957858 -18.275908
v 25.094635 3.005196 -18.379204
v 27.388277 3.661024 -17.894178
v 27.388277 3.661024 -17.894178
v 28.921810 4.363475 -17.368738
v 27.388277 3.957858 -18.275908
v 27.388277 3.957858 -18.275908
v 28.921810 4.363475 -17.368738
v 27.388277 4.363476 -18.415127
v 27.388277 4.363476 -18.415127
v 28.921810 4.363475 -17.368738
v 27.388277 4.770650 -18.275908
v 28.921810 4.363475 -17.368738
v 27.388277 5.067483 -17.894178
v 27.388277 4.770650 -18.275908
v 25.094635 5.723312 -18.379202
v 27.388277 4.770650 -18.275908
v 27.388277 5.067483 -17.894178
v 27.388277 4.770650 -18.275908
v 25.094635 5.723312 -18.379202
v 25.041288 5.053497 -19.205532
v 20.293985 6.285898 -18.936075
v 25.041288 5.053497 -19.205532
v 25.094635 5.723312 -18.379202
v 25.041288 5.053497 -19.205532
v 20.293985 6.285898 -18.936075
v 20.293985 5.483984 -20.292343
v 20.300663 4.363479 -20.714489
v 25.041288 5.053497 -19.205532
v 20.293985 5.483984 -20.292343
v 25.041288 5.053497 -19.205532
v 20.300663 4.363479 -20.714489
v 25.021284 4.363477 -19.362713
v 20.287323 3.131081 -20.314798
v 25.021284 4.363477 -19.362713
v 20.300663 4.363479 -20.714489
v 25.021284 4.363477 -19.362713
v 20.287323 3.131081 -20.314798
v 25.021284 3.675013 -19.210022
v 27.388277 3.957858 -18.275908
v 25.021284 4.363477 -19.362713
v 25.021284 3.675013 -19.210022
v 25.021284 4.363477 -19.362713
v 27.388277 3.957858 -18.275908
v 27.388277 4.363476 -18.415127
v 27.388277 4.363476 -18.415127
v 25.041288 5.053497 -19.205532
v 25.021284 4.363477 -19.362713
v 25.041288 5.053497 -19.205532
v 27.388277 4.363476 -18.415127
v 27.388277 4.770650 -18.275908
v 27.388277 3.552238 -17.368738
v 28.921810 4.363475 -17.368738
v 27.388277 3.661024 -17.894178
v 27.388277 3.661024 -17.894178
v 25.094635 2.795393 -17.368740
v 27.388277 3.552238 -17.368738
v 25.094635 2.795393 -17.368740
v 27.388277 3.661024 -17.894178
v 25.094635 3.005196 -18.379204
v 25.094635 3.005196 -18.379204
v 20.293983 1.948412 -17.368740
v 25.094635 2.795393 -17.368740
v 20.293983 1.948412 -17.368740
v 25.094635 3.005196 -18.379204
v 20.293983 2.263894 -18.936077
v 20.293983 2.263894 -18.936077
v 15.806716 1.207110 -17.368740
v 20.293983 1.948412 -17.368740
v 15.806716 1.207110 -17.368740
v 20.293983 2.263894 -18.936077
v 15.806717 1.618947 -19.295355
v 28.921810 4.363461 17.368736
v 27.388277 5.067470 17.894176
v 27.388277 5.176256 17.368736
v 28.921810 4.363461 17.368736
v 27.388277 4.770637 18.275906
v 27.388277 5.067470 17.894176
v 27.388277 4.363462 18.415125
v 27.388277 4.770637 18.275906
v 28.921810 4.363461 17.368736
v 27.388277 4.363462 18.415125
v 24.761250 5.053483 19.317802
v 27.388277 4.770637 18.275906
v 24.761250 5.053483 19.317802
v 27.388277 4.363462 18.415125
v 25.514683 4.363462 19.115707
v 27.388277 3.957844 18.275906
v 25.514683 4.363462 19.115707
v 27.388277 4.363462 18.415125
v 25.514683 4.363462 19.115707
v 27.388277 3.957844 18.275906
v 24.741247 3.674999 19.322294
v 27.388277 3.957844 18.275906
v 25.094635 3.005182 18.379196
v 24.741247 3.674999 19.322294
v 25.094635 3.005182 18.379196
v 27.388277 3.957844 18.275906
v 27.388277 3.661011 17.894176
v 27.388277 3.661011 17.894176
v 27.388277 3.957844 18.275906
v 28.921810 4.363461 17.368736
v 27.388277 3.957844 18.275906
v 27.388277 4.363462 18.415125
v 28.921810 4.363461 17.368736
v 27.388277 3.552225 17.368736
v 27.388277 3.661011 17.894176
v 28.921810 4.363461 17.368736
v 25.094635 2.795380 17.368734
v 27.388277 3.661011 17.894176
v 27.388277 3.552225 17.368736
v 27.388277 3.661011 17.894176
v 25.094635 2.795380 17.368734
v 25.094635 3.005182 18.379196
v 20.293983 1.948399 17.368734
v 25.094635 3.005182 18.379196
v 25.094635 2.795380 17.368734
v 25.094635 3.005182 18.379196
v 20.293983 1.948399 17.368734
v 20.293983 2.263880 18.936071
v 15.806716 1.207097 17.368734
v 20.293983 2.263880 18.936071
v 20.293983 1.948399 17.368734
v 20.293983 2.263880 18.936071
v 15.806716 1.207097 17.368734
v 15.806717 1.618932 19.299839
v 15.806717 1.618932 19.299839
v 21.360800 3.385937 19.910610
v 20.293983 2.263880 18.936071
v 21.360800 3.385937 19.910610
v 15.806717 1.618932 19.299839
v 15.806717 2.800045 20.790833
v 20.187305 3.657905 20.503416
v 21.360800 3.385937 19.910610
v 15.806717 2.800045 20.790833
v 20.187305 3.657905 20.503416
v 21.340796 3.525806 19.856714
v 21.360800 3.385937 19.910610
v 21.340796 3.525806 19.856714
v 20.187305 3.657905 20.503416
v 20.293985 3.768245 20.436049
v 20.193981 4.363464 20.714487
v 20.293985 3.768245 20.436049
v 20.187305 3.657905 20.503416
v 20.293985 3.768245 20.436049
v 20.193981 4.363464 20.714487
v 20.293985 4.361910 20.597721
v 20.213984 5.079903 20.494429
v 20.293985 4.361910 20.597721
v 20.193981 4.363464 20.714487
v 20.293985 4.361910 20.597721
v 20.213984 5.079903 20.494429
v 20.293985 4.968008 20.418087
v 21.347460 5.328558 19.874683
v 20.293985 4.968008 20.418087
v 20.213984 5.079903 20.494429
v 20.293985 4.968008 20.418087
v 21.347460 5.328558 19.874683
v 21.334133 5.201123 19.838753
v 24.761250 5.053483 19.317802
v 21.334133 5.201123 19.838753
v 21.347460 5.328558 19.874683
v 21.334133 5.201123 19.838753
v 24.761250 5.053483 19.317802
v 24.701252 4.887194 19.290859
v 25.514683 4.363462 19.115707
v 24.701252 4.887194 19.290859
v 24.761250 5.053483 19.317802
v 24.701252 4.887194 19.290859
v 25.514683 4.363462 19.115707
v 25.307997 4.365017 19.160622
v 24.741247 3.674999 19.322294
v 25.307997 4.365017 19.160622
v 25.514683 4.363462 19.115707
v 25.307997 4.365017 19.160622
v 24.741247 3.674999 19.322294
v 24.674572 3.839734 19.295349
v 21.360800 3.385937 19.910610
v 24.674572 3.839734 19.295349
v 24.741247 3.674999 19.322294
v 24.674572 3.839734 19.295349
v 21.360800 3.385937 19.910610
v 21.340796 3.525806 19.856714
v 24.741247 3.674999 19.322294
v 20.293983 2.263880 18.936071
v 21.360800 3.385937 19.910610
v 20.293983 2.263880 18.936071
v 24.741247 3.674999 19.322294
v 25.094635 3.005182 18.379196
v 20.293985 6.285883 18.936073
v 24.761250 5.053483 19.317802
v 21.347460 5.328558 19.874683
v 24.761250 5.053483 19.317802
v 20.293985 6.285883 18.936073
v 25.094635 5.723299 18.379198
v 20.293985 6.582716 17.368736
v 25.094635 5.723299 18.379198
v 20.293985 6.285883 18.936073
v 25.094635 5.723299 18.379198
v 20.293985 6.582716 17.368736
v 25.094635 5.933101 17.368736
v 25.094635 5.933101 17.368736
v 27.388277 5.067470 17.894176
v 25.094635 5.723299 18.379198
v 27.388277 5.067470 17.894176
v 25.094635 5.933101 17.368736
v 27.388277 5.176256 17.368736
v 27.388277 4.770637 18.275906
v 25.094635 5.723299 18.379198
v 27.388277 5.067470 17.894176
v 25.094635 5.723299 18.379198
v 27.388277 4.770637 18.275906
v 24.761250 5.053483 19.317802
v 20.293985 6.285883 18.936073
v 15.806719 7.081583 17.368736
v 20.293985 6.582716 17.368736
v 15.806719 7.081583 17.368736
v 20.293985 6.285883 18.936073
v 15.806719 6.717924 19.299841
v 21.347460 5.328558 19.874683
v 15.806719 6.717924 19.299841
v 20.293985 6.285883 18.936073
v 15.806719 6.717924 19.299841
v 21.347460 5.328558 19.874683
v 15.806718 5.723301 20.790834
v 15.806718 5.723301 20.790834
v 21.347460 5.328558 19.874683
v 20.213984 5.079903 20.494429
v 20.213984 5.079903 20.494429
v 15.806718 4.363465 21.334238
v 15.806718 5.723301 20.790834
v 15.806718 4.363465 21.334238
v 20.213984 5.079903 20.494429
v 20.193981 4.363464 20.714487
v 20.187305 3.657905 20.503416
v 15.806718 4.363465 21.334238
v 20.193981 4.363464 20.714487
v 15.806717 2.800045 20.790833
v 15.806718 4.363465 21.334238
v 20.187305 3.657905 20.503416
v 19.620567 4.363465 19.219002
v 19.620567 3.768246 20.436049
v 19.620567 4.361910 20.597721
v 19.620567 3.768246 20.436049
v 19.620567 4.363465 19.219002
v 19.620567 3.769800 19.358219
v 19.620567 3.522699 19.951027
v 19.620567 3.768246 20.436049
v 19.620567 3.769800 19.358219
v 19.620567 4.361910 20.597721
v 19.620567 4.958684 19.353729
v 19.620567 4.363465 19.219002
v 19.620567 4.958684 19.353729
v 19.620567 4.361910 20.597721
v 19.620567 4.968008 20.418087
v 19.620567 4.968008 20.418087
v 19.620567 5.204231 19.933064
v 19.620567 4.958684 19.353729
v 19.620567 4.363465 19.219002
v 24.701252 4.887194 19.290859
v 25.307997 4.365017 19.160622
v 24.701252 4.887194 19.290859
v 19.620567 4.363465 19.219002
v 19.620567 4.958684 19.353729
v 19.620567 4.958684 19.353729
v 21.334133 5.201123 19.838753
v 24.701252 4.887194 19.290859
v 21.334133 5.201123 19.838753
v 19.620567 4.958684 19.353729
v 19.620567 5.204231 19.933064
v 19.620567 4.968008 20.418087
v 21.334133 5.201123 19.838753
v 19.620567 5.204231 19.933064
v 21.334133 5.201123 19.838753
v 19.620567 4.968008 20.418087
v 20.293985 4.968008 20.418087
v 19.620567 4.361910 20.597721
v 20.293985 4.968008 20.418087
v 19.620567 4.968008 20.418087
v 20.293985 4.968008 20.418087
v 19.620567 4.361910 20.597721
v 20.293985 4.361910 20.597721
v 25.307997 4.365017 19.160622
v 19.620567 3.769800 19.358219
v 19.620567 4.363465 19.219002
v 19.620567 3.769800 19.358219
v 25.307997 4.365017 19.160622
v 24.674572 3.839734 19.295349
v 24.674572 3.839734 19.295349
v 19.620567 3.522699 19.951027
v 19.620567 3.769800 19.358219
v 19.620567 3.522699 19.951027
v 24.674572 3.839734 19.295349
v 21.340796 3.525806 19.856714
v 21.340796 3.525806 19.856714
v 19.620567 3.768246 20.436049
v 19.620567 3.522699 19.951027
v 19.620567 3.768246 20.436049
v 21.340796 3.525806 19.856714
v 20.293985 3.768245 20.436049
v 20.293985 4.361910 20.597721
v 19.620567 3.768246 20.436049
v 20.293985 3.768245 20.436049
v 19.620567 3.768246 20.436049
v 20.293985 4.361910 20.597721
v 19.620567 4.361910 20.597721
v 19.620567 3.948522 20.027374
v 20.293985 4.075957 20.099226
v 19.620567 4.075958 20.099226
v 20.293985 4.075957 20.099226
v 19.620567 3.948522 20.027374
v 20.293985 3.948522 20.027374
v 19.620567 3.822640 20.099226
v 20.293985 3.948522 20.027374
v 19.620567 3.948522 20.027374
v 20.293985 3.948522 20.027374
v 19.620567 3.822640 20.099226
v 20.293985 3.822640 20.099226
v 20.293985 4.075957 20.099226
v 19.620567 4.075958 20.247433
v 19.620567 4.075958 20.099226
v 19.620567 4.075958 20.247433
v 20.293985 4.075957 20.099226
v 20.293985 4.075957 20.247433
v 20.293985 4.075957 20.099226
v 20.293985 3.948521 20.319284
v 20.293985 4.075957 20.247433
v 20.293985 3.948521 20.319284
v 20.293985 4.075957 20.099226
v 20.293985 3.948522 20.027374
v 20.293985 3.948522 20.027374
v 20.293985 3.822639 20.247433
v 20.293985 3.948521 20.319284
v 20.293985 3.822639 20.247433
v 20.293985 3.948522 20.027374
v 20.293985 3.822640 20.099226
v 20.293985 4.075957 20.247433
v 19.620567 3.948522 20.319284
v 19.620567 4.075958 20.247433
v 19.620567 3.948522 20.319284
v 20.293985 4.075957 20.247433
v 20.293985 3.948521 20.319284
v 20.293985 3.948521 20.319284
v 19.620567 3.822640 20.247433
v 19.620567 3.948522 20.319284
v 19.620567 3.822640 20.247433
v 20.293985 3.948521 20.319284
v 20.293985 3.822639 20.247433
v 20.293985 3.822640 20.099226
v 19.620567 3.822640 20.247433
v 20.293985 3.822639 20.247433
v 19.620567 3.822640 20.247433
v 20.293985 3.822640 20.099226
v 19.620567 3.822640 20.099226
v 19.620567 4.352586 19.802826
v 20.293985 4.478467 19.874683
v 19.620567 4.478468 19.874683
v 20.293985 4.478467 19.874683
v 19.620567 4.352586 19.802826
v 20.293985 4.352586 19.802826
v 19.620567 4.226704 19.874683
v 20.293985 4.352586 19.802826
v 19.620567 4.352586 19.802826
v 20.293985 4.352586 19.802826
v 19.620567 4.226704 19.874683
v 20.293985 4.226704 19.874683
v 20.293985 4.478467 19.874683
v 19.620567 4.478467 20.022884
v 19.620567 4.478468 19.874683
v 19.620567 4.478467 20.022884
v 20.293985 4.478467 19.874683
v 20.293985 4.478467 20.022884
v 20.293985 4.478467 19.874683
v 20.293985 4.352585 20.094736
v 20.293985 4.478467 20.022884
v 20.293985 4.352585 20.094736
v 20.293985 4.478467 19.874683
v 20.293985 4.352586 19.802826
v 20.293985 4.352586 19.802826
v 20.293985 4.226703 20.022884
v 20.293985 4.352585 20.094736
v 20.293985 4.226703 20.022884
v 20.293985 4.352586 19.802826
v 20.293985 4.226704 19.874683
v 20.293985 4.478467 20.022884
v 19.620567 4.352586 20.094736
v 19.620567 4.478467 20.022884
v 19.620567 4.352586 20.094736
v 20.293985 4.478467 20.022884
v 20.293985 4.352585 20.094736
v 20.293985 4.352585 20.094736
v 19.620567 4.226704 20.022884
v 19.620567 4.352586 20.094736
v 19.620567 4.226704 20.022884
v 20.293985 4.352585 20.094736
v 20.293985 4.226703 20.022884
v 20.293985 4.226704 19.874683
v 19.620567 4.226704 20.022884
v 20.293985 4.226703 20.022884
v 19.620567 4.226704 20.022884
v 20.293985 4.226704 19.874683
v 19.620567 4.226704 19.874683
v 19.620567 4.733340 19.578278
v 20.293985 4.859221 19.650135
v 19.620567 4.859222 19.650135
v 20.293985 4.859221 19.650135
v 19.620567 4.733340 19.578278
v 20.293985 4.733340 19.578278
v 19.620567 4.607458 19.650135
v 20.293985 4.733340 19.578278
v 19.620567 4.733340 19.578278
v 20.293985 4.733340 19.578278
v 19.620567 4.607458 19.650135
v 20.293985 4.607458 19.650135
v 20.293985 4.859221 19.650135
v 19.620567 4.859222 19.798336
v 19.620567 4.859222 19.650135
v 19.620567 4.859222 19.798336
v 20.293985 4.859221 19.650135
v 20.293985 4.859221 19.798336
v 20.293985 4.859221 19.650135
v 20.293985 4.733340 19.870193
v 20.293985 4.859221 19.798336
v 20.293985 4.733340 19.870193
v 20.293985 4.859221 19.650135
v 20.293985 4.733340 19.578278
v 20.293985 4.733340 19.578278
v 20.293985 4.607458 19.798336
v 20.293985 4.733340 19.870193
v 20.293985 4.607458 19.798336
v 20.293985 4.733340 19.578278
v 20.293985 4.607458 19.650135
v 20.293985 4.859221 19.798336
v 19.620567 4.733340 19.870193
v 19.620567 4.859222 19.798336
v 19.620567 4.733340 19.870193
v 20.293985 4.859221 19.798336
v 20.293985 4.733340 19.870193
v 20.293985 4.733340 19.870193
v 19.620567 4.607458 19.798336
v 19.620567 4.733340 19.870193
v 19.620567 4.607458 19.798336
v 20.293985 4.733340 19.870193
v 20.293985 4.607458 19.798336
v 20.293985 4.607458 19.650135
v 19.620567 4.607458 19.798336
v 20.293985 4.607458 19.798336
v 19.620567 4.607458 19.798336
v 20.293985 4.607458 19.650135
v 19.620567 4.607458 19.650135
v 19.620567 4.733340 20.027374
v 20.293985 4.859221 20.099226
v 19.620567 4.859221 20.099226
v 20.293985 4.859221 20.099226
v 19.620567 4.733340 20.027374
v 20.293985 4.733339 20.027374
v 19.620567 4.607458 20.099226
v 20.293985 4.733339 20.027374
v 19.620567 4.733340 20.027374
v 20.293985 4.733339 20.027374
v 19.620567 4.607458 20.099226
v 20.293985 4.607457 20.099226
v 20.293985 4.859221 20.099226
v 19.620567 4.859221 20.247433
v 19.620567 4.859221 20.099226
v 19.620567 4.859221 20.247433
v 20.293985 4.859221 20.099226
v 20.293985 4.859221 20.247433
v 20.293985 4.859221 20.099226
v 20.293985 4.733339 20.319284
v 20.293985 4.859221 20.247433
v 20.293985 4.733339 20.319284
v 20.293985 4.859221 20.099226
v 20.293985 4.733339 20.027374
v 20.293985 4.733339 20.027374
v 20.293985 4.607457 20.247433
v 20.293985 4.733339 20.319284
v 20.293985 4.607457 20.247433
v 20.293985 4.733339 20.027374
v 20.293985 4.607457 20.099226
v 20.293985 4.859221 20.247433
v 19.620567 4.733340 20.319284
v 19.620567 4.859221 20.247433
v 19.620567 4.733340 20.319284
v 20.293985 4.859221 20.247433
v 20.293985 4.733339 20.319284
v 20.293985 4.733339 20.319284
v 19.620567 4.607458 20.247433
v 19.620567 4.733340 20.319284
v 19.620567 4.607458 20.247433
v 20.293985 4.733339 20.319284
v 20.293985 4.607457 20.247433
v 20.293985 4.607457 20.099226
v 19.620567 4.607458 20.247433
v 20.293985 4.607457 20.247433
v 19.620567 4.607458 20.247433
v 20.293985 4.607457 20.099226
v 19.620567 4.607458 20.099226
v 19.620567 4.352586 20.251925
v 20.293985 4.478467 20.323774
v 19.620567 4.478467 20.323774
v 20.293985 4.478467 20.323774
v 19.620567 4.352586 20.251925
v 20.293985 4.352585 20.251925
v 19.620567 4.226704 20.323774
v 20.293985 4.352585 20.251925
v 19.620567 4.352586 20.251925
v 20.293985 4.352585 20.251925
v 19.620567 4.226704 20.323774
v 20.293985 4.226703 20.323774
v 20.293985 4.478467 20.323774
v 19.620567 4.478467 20.471975
v 19.620567 4.478467 20.323774
v 19.620567 4.478467 20.471975
v 20.293985 4.478467 20.323774
v 20.293985 4.478467 20.471975
v 20.293985 4.478467 20.323774
v 20.293985 4.352585 20.543833
v 20.293985 4.478467 20.471975
v 20.293985 4.352585 20.543833
v 20.293985 4.478467 20.323774
v 20.293985 4.352585 20.251925
v 20.293985 4.352585 20.251925
v 20.293985 4.226703 20.471975
v 20.293985 4.352585 20.543833
v 20.293985 4.226703 20.471975
v 20.293985 4.352585 20.251925
v 20.293985 4.226703 20.323774
v 20.293985 4.478467 20.471975
v 19.620567 4.352586 20.543833
v 19.620567 4.478467 20.471975
v 19.620567 4.352586 20.543833
v 20.293985 4.478467 20.471975
v 20.293985 4.352585 20.543833
v 20.293985 4.352585 20.543833
v 19.620567 4.226704 20.471975
v 19.620567 4.352586 20.543833
v 19.620567 4.226704 20.471975
v 20.293985 4.352585 20.543833
v 20.293985 4.226703 20.471975
v 20.293985 4.226703 20.323774
v 19.620567 4.226704 20.471975
v 20.293985 4.226703 20.471975
v 19.620567 4.226704 20.471975
v 20.293985 4.226703 20.323774
v 19.620567 4.226704 20.323774
v 19.620567 4.352586 19.353729
v 20.293985 4.478467 19.430079
v 19.620567 4.478468 19.430079
v 20.293985 4.478467 19.430079
v 19.620567 4.352586 19.353729
v 20.293985 4.352586 19.353729
v 19.620567 4.226704 19.430079
v 20.293985 4.352586 19.353729
v 19.620567 4.352586 19.353729
v 20.293985 4.352586 19.353729
v 19.620567 4.226704 19.430079
v 20.293985 4.226704 19.430079
v 20.293985 4.478467 19.430079
v 19.620567 4.478468 19.573788
v 19.620567 4.478468 19.430079
v 19.620567 4.478468 19.573788
v 20.293985 4.478467 19.430079
v 20.293985 4.478467 19.573788
v 20.293985 4.478467 19.430079
v 20.293985 4.352586 19.645645
v 20.293985 4.478467 19.573788
v 20.293985 4.352586 19.645645
v 20.293985 4.478467 19.430079
v 20.293985 4.352586 19.353729
v 20.293985 4.352586 19.353729
v 20.293985 4.226704 19.573788
v 20.293985 4.352586 19.645645
v 20.293985 4.226704 19.573788
v 20.293985 4.352586 19.353729
v 20.293985 4.226704 19.430079
v 20.293985 4.478467 19.573788
v 19.620567 4.352586 19.645645
v 19.620567 4.478468 19.573788
v 19.620567 4.352586 19.645645
v 20.293985 4.478467 19.573788
v 20.293985 4.352586 19.645645
v 20.293985 4.352586 19.645645
v 19.620567 4.226704 19.573788
v 19.620567 4.352586 19.645645
v 19.620567 4.226704 19.573788
v 20.293985 4.352586 19.645645
v 20.293985 4.226704 19.573788
v 20.293985 4.226704 19.430079
v 19.620567 4.226704 19.573788
v 20.293985 4.226704 19.573788
v 19.620567 4.226704 19.573788
v 20.293985 4.226704 19.430079
v 19.620567 4.226704 19.430079
v 19.620567 3.948522 19.578278
v 20.293985 4.075958 19.650135
v 19.620567 4.075958 19.650135
v 20.293985 4.075958 19.650135
v 19.620567 3.948522 19.578278
v 20.293985 3.948522 19.578278
v 19.620567 3.822640 19.650135
v 20.293985 3.948522 19.578278
v 19.620567 3.948522 19.578278
v 20.293985 3.948522 19.578278
v 19.620567 3.822640 19.650135
v 20.293985 3.822640 19.650135
v 20.293985 4.075958 19.650135
v 19.620567 4.075958 19.798336
v 19.620567 4.075958 19.650135
v 19.620567 4.075958 19.798336
v 20.293985 4.075958 19.650135
v 20.293985 4.075958 19.798336
v 20.293985 4.075958 19.650135
v 20.293985 3.948522 19.870193
v 20.293985 4.075958 19.798336
v 20.293985 3.948522 19.870193
v 20.293985 4.075958 19.650135
v 20.293985 3.948522 19.578278
v 20.293985 3.948522 19.578278
v 20.293985 3.822640 19.798336
v 20.293985 3.948522 19.870193
v 20.293985 3.822640 19.798336
v 20.293985 3.948522 19.578278
v 20.293985 3.822640 19.650135
v 20.293985 4.075958 19.798336
v 19.620567 3.948522 19.870193
v 19.620567 4.075958 19.798336
v 19.620567 3.948522 19.870193
v 20.293985 4.075958 19.798336
v 20.293985 3.948522 19.870193
v 20.293985 3.948522 19.870193
v 19.620567 3.822640 19.798336
v 19.620567 3.948522 19.870193
v 19.620567 3.822640 19.798336
v 20.293985 3.948522 19.870193
v 20.293985 3.822640 19.798336
v 20.293985 3.822640 19.650135
v 19.620567 3.822640 19.798336
v 20.293985 3.822640 19.798336
v 19.620567 3.822640 19.798336
v 20.293985 3.822640 19.650135
v 19.620567 3.822640 19.650135
v -98.475266 38.965492 -19.977964
v -86.180283 39.162861 -19.501928
v -98.475266 39.162865 -19.501928
v -86.180283 39.162861 -19.501928
v -98.475266 38.965492 -19.977964
v -86.180283 38.965488 -19.977964
v -98.475266 38.489941 -20.171078
v -86.180283 38.965488 -19.977964
v -98.475266 38.965492 -19.977964
v -86.180283 38.965488 -19.977964
v -98.475266 38.489941 -20.171078
v -86.180283 38.489937 -20.171078
v -98.475266 38.014385 -19.977964
v -86.180283 38.489937 -20.171078
v -98.475266 38.489941 -20.171078
v -86.180283 38.489937 -20.171078
v -98.475266 38.014385 -19.977964
v -86.180283 38.014381 -19.977964
v -98.475266 37.818569 -19.501928
v -86.180283 38.014381 -19.977964
v -98.475266 38.014385 -19.977964
v -86.180283 38.014381 -19.977964
v -98.475266 37.818569 -19.501928
v -86.180283 37.818565 -19.501928
v -84.833435 37.946003 -19.501928
v -86.180283 38.014381 -19.977964
v -86.180283 37.818565 -19.501928
v -86.180283 38.014381 -19.977964
v -84.833435 37.946003 -19.501928
v -84.833435 38.104519 -19.888149
v -83.153214 38.489933 -19.501928
v -84.833435 38.104519 -19.888149
v -84.833435 37.946003 -19.501928
v -83.153214 38.489933 -19.501928
v -84.833435 38.489937 -20.045330
v -84.833435 38.104519 -19.888149
v -83.153214 38.489933 -19.501928
v -84.833435 38.875351 -19.888149
v -84.833435 38.489937 -20.045330
v -83.153214 38.489933 -19.501928
v -84.833435 39.035423 -19.501928
v -84.833435 38.875351 -19.888149
v -86.180283 39.162861 -19.501928
v -84.833435 38.875351 -19.888149
v -84.833435 39.035423 -19.501928
v -84.833435 38.875351 -19.888149
v -86.180283 39.162861 -19.501928
v -86.180283 38.965488 -19.977964
v -86.180283 38.965488 -19.977964
v -84.833435 38.489937 -20.045330
v -84.833435 38.875351 -19.888149
v -84.833435 38.489937 -20.045330
v -86.180283 38.965488 -19.977964
v -86.180283 38.489937 -20.171078
v -86.180283 38.489937 -20.171078
v -84.833435 38.104519 -19.888149
v -84.833435 38.489937 -20.045330
v -84.833435 38.104519 -19.888149
v -86.180283 38.489937 -20.171078
v -86.180283 38.014381 -19.977964
v -98.475266 38.489925 18.828299
v -86.180283 38.965473 19.025904
v -98.475266 38.965477 19.025904
v -86.180283 38.965473 19.025904
v -98.475266 38.489925 18.828299
v -86.180283 38.489922 18.828299
v -98.475266 38.014370 19.025904
v -86.180283 38.489922 18.828299
v -98.475266 38.489925 18.828299
v -86.180283 38.489922 18.828299
v -98.475266 38.014370 19.025904
v -86.180283 38.014366 19.025904
v -98.475266 37.818554 19.501945
v -86.180283 38.014366 19.025904
v -98.475266 38.014370 19.025904
v -86.180283 38.014366 19.025904
v -98.475266 37.818554 19.501945
v -86.180283 37.818550 19.501945
v -84.833435 37.945988 19.501945
v -86.180283 38.014366 19.025904
v -86.180283 37.818550 19.501945
v -86.180283 38.014366 19.025904
v -84.833435 37.945988 19.501945
v -84.833435 38.104504 19.115717
v -83.153214 38.489918 19.501945
v -84.833435 38.104504 19.115717
v -84.833435 37.945988 19.501945
v -83.153214 38.489918 19.501945
v -84.833435 38.489922 18.954046
v -84.833435 38.104504 19.115717
v -83.153214 38.489918 19.501945
v -84.833435 38.875336 19.115717
v -84.833435 38.489922 18.954046
v -83.153214 38.489918 19.501945
v -84.833435 39.035408 19.501945
v -84.833435 38.875336 19.115717
v -86.180283 39.162846 19.501945
v -84.833435 38.875336 19.115717
v -84.833435 39.035408 19.501945
v -84.833435 38.875336 19.115717
v -86.180283 39.162846 19.501945
v -86.180283 38.965473 19.025904
v -86.180283 39.162846 19.501945
v -98.475266 38.965477 19.025904
v -86.180283 38.965473 19.025904
v -98.475266 38.965477 19.025904
v -86.180283 39.162846 19.501945
v -98.475266 39.162849 19.501945
v -86.180283 39.162846 19.501945
v -98.475266 38.965477 19.977980
v -98.475266 39.162849 19.501945
v -98.475266 38.965477 19.977980
v -86.180283 39.162846 19.501945
v -86.180283 38.965473 19.977980
v -86.180283 39.162846 19.501945
v -84.833435 38.875336 19.888166
v -86.180283 38.965473 19.977980
v -84.833435 38.875336 19.888166
v -86.180283 39.162846 19.501945
v -84.833435 39.035408 19.501945
v -83.153214 38.489918 19.501945
v -84.833435 38.875336 19.888166
v -84.833435 39.035408 19.501945
v -83.153214 38.489918 19.501945
v -84.833435 38.489922 20.045347
v -84.833435 38.875336 19.888166
v -83.153214 38.489918 19.501945
v -84.833435 38.104504 19.888166
v -84.833435 38.489922 20.045347
v -83.153214 38.489918 19.501945
v -84.833435 37.945988 19.501945
v -84.833435 38.104504 19.888166
v -84.833435 37.945988 19.501945
v -86.180283 38.014366 19.977980
v -84.833435 38.104504 19.888166
v -86.180283 38.014366 19.977980
v -84.833435 37.945988 19.501945
v -86.180283 37.818550 19.501945
v -98.475266 37.818554 19.501945
v -86.180283 38.014366 19.977980
v -86.180283 37.818550 19.501945
v -86.180283 38.014366 19.977980
v -98.475266 37.818554 19.501945
v -98.475266 38.014370 19.977980
v -98.475266 38.014370 19.977980
v -86.180283 38.489922 20.171093
v -86.180283 38.014366 19.977980
v -86.180283 38.489922 20.171093
v -98.475266 38.014370 19.977980
v -98.475266 38.489925 20.171093
v -98.475266 38.489925 20.171093
v -86.180283 38.965473 19.977980
v -86.180283 38.489922 20.171093
v -86.180283 38.965473 19.977980
v -98.475266 38.489925 20.171093
v -98.475266 38.965477 19.977980
v -86.180283 38.965473 19.977980
v -84.833435 38.489922 20.045347
v -86.180283 38.489922 20.171093
v -84.833435 38.489922 20.045347
v -86.180283 38.965473 19.977980
v -84.833435 38.875336 19.888166
v -84.833435 38.104504 19.888166
v -86.180283 38.489922 20.171093
v -84.833435 38.489922 20.045347
v -86.180283 38.489922 20.171093
v -84.833435 38.104504 19.888166
v -86.180283 38.014366 19.977980
v -84.833435 38.489922 18.954046
v -86.180283 38.965473 19.025904
v -86.180283 38.489922 18.828299
v -86.180283 38.965473 19.025904
v -84.833435 38.489922 18.954046
v -84.833435 38.875336 19.115717
v -86.180283 38.489922 18.828299
v -84.833435 38.104504 19.115717
v -84.833435 38.489922 18.954046
v -84.833435 38.104504 19.115717
v -86.180283 38.489922 18.828299
v -86.180283 38.014366 19.025904
v -98.968658 38.489941 -19.501928
v -98.475266 37.818569 -19.501928
v -98.475266 38.014385 -19.977964
v -98.968658 38.489941 -19.501928
v -98.475266 38.014385 -19.025887
v -98.475266 37.818569 -19.501928
v -98.968658 38.489941 -19.501928
v -98.475266 38.489941 -18.828283
v -98.475266 38.014385 -19.025887
v -98.968658 38.489941 -19.501928
v -98.475266 38.965492 -19.025887
v -98.475266 38.489941 -18.828283
v -98.968658 38.489941 -19.501928
v -98.475266 39.162865 -19.501928
v -98.475266 38.965492 -19.025887
v -98.968658 38.489941 -19.501928
v -98.475266 38.965492 -19.977964
v -98.475266 39.162865 -19.501928
v -98.968658 38.489941 -19.501928
v -98.475266 38.489941 -20.171078
v -98.475266 38.965492 -19.977964
v -98.968658 38.489941 -19.501928
v -98.475266 38.014385 -19.977964
v -98.475266 38.489941 -20.171078
v -98.968658 38.489925 19.501945
v -98.475266 38.014370 19.977980
v -98.475266 37.818554 19.501945
v -98.968658 38.489925 19.501945
v -98.475266 38.489925 20.171093
v -98.475266 38.014370 19.977980
v -98.968658 38.489925 19.501945
v -98.475266 38.965477 19.977980
v -98.475266 38.489925 20.171093
v -98.968658 38.489925 19.501945
v -98.475266 39.162849 19.501945
v -98.475266 38.965477 19.977980
v -98.968658 38.489925 19.501945
v -98.475266 38.965477 19.025904
v -98.475266 39.162849 19.501945
v -98.968658 38.489925 19.501945
v -98.475266 38.489925 18.828299
v -98.475266 38.965477 19.025904
v -98.968658 38.489925 19.501945
v -98.475266 38.014370 19.025904
v -98.475266 38.489925 18.828299
v -98.968658 38.489925 19.501945
v -98.475266 37.818554 19.501945
v -98.475266 38.014370 19.025904
v -98.475266 38.489941 -18.828283
v -86.180283 38.965488 -19.025887
v -86.180283 38.489937 -18.828283
v -86.180283 38.965488 -19.025887
v -98.475266 38.489941 -18.828283
v -98.475266 38.965492 -19.025887
v -98.475266 38.965492 -19.025887
v -86.180283 39.162861 -19.501928
v -86.180283 38.965488 -19.025887
v -86.180283 39.162861 -19.501928
v -98.475266 38.965492 -19.025887
v -98.475266 39.162865 -19.501928
v -86.180283 39.162861 -19.501928
v -84.833435 38.875351 -19.115707
v -86.180283 38.965488 -19.025887
v -84.833435 38.875351 -19.115707
v -86.180283 39.162861 -19.501928
v -84.833435 39.035423 -19.501928
v -83.153214 38.489933 -19.501928
v -84.833435 38.875351 -19.115707
v -84.833435 39.035423 -19.501928
v -83.153214 38.489933 -19.501928
v -84.833435 38.489937 -18.954029
v -84.833435 38.875351 -19.115707
v -83.153214 38.489933 -19.501928
v -84.833435 38.104519 -19.115707
v -84.833435 38.489937 -18.954029
v -83.153214 38.489933 -19.501928
v -84.833435 37.946003 -19.501928
v -84.833435 38.104519 -19.115707
v -84.833435 37.946003 -19.501928
v -86.180283 38.014381 -19.025887
v -84.833435 38.104519 -19.115707
v -86.180283 38.014381 -19.025887
v -84.833435 37.946003 -19.501928
v -86.180283 37.818565 -19.501928
v -98.475266 37.818569 -19.501928
v -86.180283 38.014381 -19.025887
v -86.180283 37.818565 -19.501928
v -86.180283 38.014381 -19.025887
v -98.475266 37.818569 -19.501928
v -98.475266 38.014385 -19.025887
v -98.475266 38.014385 -19.025887
v -86.180283 38.489937 -18.828283
v -86.180283 38.014381 -19.025887
v -86.180283 38.489937 -18.828283
v -98.475266 38.014385 -19.025887
v -98.475266 38.489941 -18.828283
v -86.180283 38.489937 -18.828283
v -84.833435 38.104519 -19.115707
v -86.180283 38.014381 -19.025887
v -84.833435 38.104519 -19.115707
v -86.180283 38.489937 -18.828283
v -84.833435 38.489937 -18.954029
v -86.180283 38.965488 -19.025887
v -84.833435 38.489937 -18.954029
v -86.180283 38.489937 -18.828283
v -84.833435 38.489937 -18.954029
v -86.180283 38.965488 -19.025887
v -84.833435 38.875351 -19.115707
v 57.192265 -8.958260 0.366007
v 58.732475 -11.382651 0.222297
v 57.752338 -11.480560 0.366006
v 58.732475 -11.382651 0.222297
v 57.192265 -8.958260 0.366007
v 58.732475 -8.972248 0.559114
v 59.432571 -8.958261 0.366007
v 58.732475 -11.382651 0.222297
v 58.732475 -8.972248 0.559114
v 58.732475 -11.382651 0.222297
v 59.432571 -8.958261 0.366007
v 58.872486 -11.480560 0.366006
v 59.432571 -8.958261 0.366007
v 58.312412 -11.368665 0.145948
v 58.872486 -11.480560 0.366006
v 58.312412 -11.368665 0.145948
v 59.432571 -8.958261 0.366007
v 58.312412 -8.958261 -0.190874
v 57.192265 -8.958260 0.366007
v 58.312412 -11.368665 0.145948
v 58.312412 -8.958261 -0.190874
v 58.312412 -11.368665 0.145948
v 57.192265 -8.958260 0.366007
v 57.752338 -11.480560 0.366006
v 57.752338 -11.480560 0.366006
v 58.872486 -11.480560 0.366006
v 58.312412 -11.368665 0.145948
v 57.752338 -11.480560 0.366006
v 58.732475 -11.382651 0.222297
v 58.872486 -11.480560 0.366006
v 9.785919 11.215489 0.366013
v 8.665771 14.912687 0.590563
v 9.445872 15.024581 0.366014
v 8.665771 14.912687 0.590563
v 9.785919 11.215489 0.366013
v 8.665771 11.046093 0.927378
v 7.538946 10.878251 0.366013
v 8.665771 14.912687 0.590563
v 8.665771 11.046093 0.927378
v 8.665771 14.912687 0.590563
v 7.538946 10.878251 0.366013
v 7.878995 15.026137 0.366014
v 7.538946 10.878251 0.366013
v 8.665771 14.912687 0.145956
v 7.878995 15.026137 0.366014
v 8.665771 14.912687 0.145956
v 7.538946 10.878251 0.366013
v 8.665771 11.046093 -0.190868
v 9.785919 11.215489 0.366013
v 8.665771 14.912687 0.145956
v 8.665771 11.046093 -0.190868
v 8.665771 14.912687 0.145956
v 9.785919 11.215489 0.366013
v 9.445872 15.024581 0.366014
v 9.445872 15.024581 0.366014
v 7.878995 15.026137 0.366014
v 8.665771 14.912687 0.145956
v 9.445872 15.024581 0.366014
v 8.665771 14.912687 0.590563
v 7.878995 15.026137 0.366014
v 70.860771 -8.958265 0.366007
v 72.407639 -11.662395 0.222297
v 71.200813 -11.760303 0.366006
v 72.407639 -11.662395 0.222297
v 70.860771 -8.958265 0.366007
v 72.407646 -8.972254 0.559114
v 73.107742 -8.958266 0.366007
v 72.407639 -11.662395 0.222297
v 72.407646 -8.972254 0.559114
v 72.407639 -11.662395 0.222297
v 73.107742 -8.958266 0.366007
v 72.767685 -11.760303 0.366006
v 73.107742 -8.958266 0.366007
v 71.987579 -11.648407 0.145948
v 72.767685 -11.760303 0.366006
v 71.987579 -11.648407 0.145948
v 73.107742 -8.958266 0.366007
v 71.987587 -8.958265 -0.190874
v 70.860771 -8.958265 0.366007
v 71.987579 -11.648407 0.145948
v 71.987587 -8.958265 -0.190874
v 71.987579 -11.648407 0.145948
v 70.860771 -8.958265 0.366007
v 71.200813 -11.760303 0.366006
v 71.200813 -11.760303 0.366006
v 72.767685 -11.760303 0.366006
v 71.987579 -11.648407 0.145948
v 71.200813 -11.760303 0.366006
v 72.407639 -11.662395 0.222297
v 72.767685 -11.760303 0.366006
v -42.354416 -1.831121 -31.672400
v -43.474567 2.601164 -31.380491
v -42.581116 -1.824905 -31.380491
v -43.474567 2.601164 -31.380491
v -42.354416 -1.831121 -31.672400
v -43.247871 2.601164 -31.672400
v -41.380955 -1.848217 -31.919403
v -43.247871 2.601164 -31.672400
v -42.354416 -1.831121 -31.672400
v -43.247871 2.601164 -31.672400
v -41.380955 -1.848217 -31.919403
v -42.274406 2.601163 -31.919403
v -39.927422 -1.874637 -32.085567
v -42.274406 2.601163 -31.919403
v -41.380955 -1.848217 -31.919403
v -42.274406 2.601163 -31.919403
v -39.927422 -1.874637 -32.085567
v -40.820881 2.601163 -32.085567
v -38.207195 -1.905720 -32.143951
v -40.820881 2.601163 -32.085567
v -39.927422 -1.874637 -32.085567
v -40.820881 2.601163 -32.085567
v -38.207195 -1.905720 -32.143951
v -39.107315 2.601162 -32.143951
v -38.207195 -1.905720 -32.143951
v -13.410535 2.601152 -32.085567
v -39.107315 2.601162 -32.143951
v -13.410535 2.601152 -32.085567
v -38.207195 -1.905720 -32.143951
v -8.029811 -2.448111 -32.085567
v -8.029811 -2.448111 -32.085567
v -11.950339 2.601152 -31.919403
v -13.410535 2.601152 -32.085567
v -11.950339 2.601152 -31.919403
v -8.029811 -2.448111 -32.085567
v -6.576285 -2.474532 -31.919403
v -6.576285 -2.474532 -31.919403
v -10.983543 2.601151 -31.672400
v -11.950339 2.601152 -31.919403
v -10.983543 2.601151 -31.672400
v -6.576285 -2.474532 -31.919403
v -5.602819 -2.491627 -31.672400
v -5.602819 -2.491627 -31.672400
v -10.810182 2.601151 -31.380491
v -10.983543 2.601151 -31.672400
v -10.810182 2.601151 -31.380491
v -5.602819 -2.491627 -31.672400
v -5.429464 -2.486965 -31.380491
v -42.354416 -1.831122 -31.088579
v -42.354416 -1.831121 -31.672400
v -42.581116 -1.824905 -31.380491
v -42.354416 -1.831122 -31.088579
v -41.380955 -1.848217 -31.919403
v -42.354416 -1.831121 -31.672400
v -41.380955 -1.848217 -31.919403
v -42.354416 -1.831122 -31.088579
v -41.380955 -1.848217 -30.841576
v -39.927422 -1.874638 -30.675409
v -41.380955 -1.848217 -31.919403
v -41.380955 -1.848217 -30.841576
v -41.380955 -1.848217 -31.919403
v -39.927422 -1.874638 -30.675409
v -39.927422 -1.874637 -32.085567
v -39.927422 -1.874638 -30.675409
v -38.207195 -1.905720 -32.143951
v -39.927422 -1.874637 -32.085567
v -38.207195 -1.905720 -32.143951
v -39.927422 -1.874638 -30.675409
v -38.207195 -1.905720 -30.617031
v -38.207195 -1.905720 -30.617031
v -8.029811 -2.448111 -32.085567
v -38.207195 -1.905720 -32.143951
v -8.029811 -2.448111 -32.085567
v -38.207195 -1.905720 -30.617031
v -8.029811 -2.448112 -30.675409
v -8.029811 -2.448112 -30.675409
v -6.576285 -2.474532 -31.919403
v -8.029811 -2.448111 -32.085567
v -6.576285 -2.474532 -31.919403
v -8.029811 -2.448112 -30.675409
v -6.576285 -2.474532 -30.841576
v -6.576285 -2.474532 -30.841576
v -5.602819 -2.491627 -31.672400
v -6.576285 -2.474532 -31.919403
v -5.602819 -2.491627 -31.672400
v -6.576285 -2.474532 -30.841576
v -5.602819 -2.491627 -31.088579
v -5.429464 -2.486965 -31.380491
v -5.602819 -2.491627 -31.672400
v -5.602819 -2.491627 -31.088579
v -42.581116 -1.824905 -31.380491
v -43.247871 2.601163 -31.088579
v -42.354416 -1.831122 -31.088579
v -43.247871 2.601163 -31.088579
v -42.581116 -1.824905 -31.380491
v -43.474567 2.601164 -31.380491
v -42.274406 2.601163 -30.841576
v -42.354416 -1.831122 -31.088579
v -43.247871 2.601163 -31.088579
v -42.354416 -1.831122 -31.088579
v -42.274406 2.601163 -30.841576
v -41.380955 -1.848217 -30.841576
v -40.820881 2.601162 -30.675409
v -41.380955 -1.848217 -30.841576
v -42.274406 2.601163 -30.841576
v -41.380955 -1.848217 -30.841576
v -40.820881 2.601162 -30.675409
v -39.927422 -1.874638 -30.675409
v -39.107315 2.601162 -30.617031
v -39.927422 -1.874638 -30.675409
v -40.820881 2.601162 -30.675409
v -39.927422 -1.874638 -30.675409
v -39.107315 2.601162 -30.617031
v -38.207195 -1.905720 -30.617031
v -39.107315 2.601162 -30.617031
v -8.029811 -2.448112 -30.675409
v -38.207195 -1.905720 -30.617031
v -8.029811 -2.448112 -30.675409
v -39.107315 2.601162 -30.617031
v -13.410535 2.601152 -30.675409
v -13.410535 2.601152 -30.675409
v -6.576285 -2.474532 -30.841576
v -8.029811 -2.448112 -30.675409
v -6.576285 -2.474532 -30.841576
v -13.410535 2.601152 -30.675409
v -11.950339 2.601151 -30.841576
v -11.950339 2.601151 -30.841576
v -5.602819 -2.491627 -31.088579
v -6.576285 -2.474532 -30.841576
v -5.602819 -2.491627 -31.088579
v -11.950339 2.601151 -30.841576
v -10.983543 2.601151 -31.088579
v -10.983543 2.601151 -31.088579
v -5.429464 -2.486965 -31.380491
v -5.602819 -2.491627 -31.088579
v -5.429464 -2.486965 -31.380491
v -10.983543 2.601151 -31.088579
v -10.810182 2.601151 -31.380491
v -42.354416 -1.831145 31.672398
v -43.474567 2.601140 31.380482
v -43.247871 2.601140 31.672398
v -43.474567 2.601140 31.380482
v -42.354416 -1.831145 31.672398
v -42.581116 -1.824928 31.380482
v -43.247871 2.601140 31.672398
v -41.380955 -1.848241 31.919399
v -42.354416 -1.831145 31.672398
v -41.380955 -1.848241 31.919399
v -43.247871 2.601140 31.672398
v -42.274406 2.601140 31.919399
v -42.274406 2.601140 31.919399
v -39.927422 -1.874661 32.085564
v -41.380955 -1.848241 31.919399
v -39.927422 -1.874661 32.085564
v -42.274406 2.601140 31.919399
v -40.820881 2.601139 32.085564
v -40.820881 2.601139 32.085564
v -38.207195 -1.905743 32.143940
v -39.927422 -1.874661 32.085564
v -38.207195 -1.905743 32.143940
v -40.820881 2.601139 32.085564
v -39.107315 2.601138 32.143940
v -13.410535 2.601128 32.085564
v -38.207195 -1.905743 32.143940
v -39.107315 2.601138 32.143940
v -38.207195 -1.905743 32.143940
v -13.410535 2.601128 32.085564
v -8.029811 -2.448135 32.085564
v -11.950339 2.601128 31.919399
v -8.029811 -2.448135 32.085564
v -13.410535 2.601128 32.085564
v -8.029811 -2.448135 32.085564
v -11.950339 2.601128 31.919399
v -6.576285 -2.474555 31.919399
v -10.983543 2.601128 31.672398
v -6.576285 -2.474555 31.919399
v -11.950339 2.601128 31.919399
v -6.576285 -2.474555 31.919399
v -10.983543 2.601128 31.672398
v -5.602819 -2.491650 31.672398
v -10.810182 2.601128 31.380482
v -5.602819 -2.491650 31.672398
v -10.983543 2.601128 31.672398
v -5.602819 -2.491650 31.672398
v -10.810182 2.601128 31.380482
v -5.429464 -2.486989 31.380482
v -42.354416 -1.831145 31.088572
v -42.581116 -1.824928 31.380482
v -42.354416 -1.831145 31.672398
v -41.380955 -1.848241 31.919399
v -42.354416 -1.831145 31.088572
v -42.354416 -1.831145 31.672398
v -42.354416 -1.831145 31.088572
v -41.380955 -1.848241 31.919399
v -41.380955 -1.848240 30.841570
v -41.380955 -1.848241 31.919399
v -39.927422 -1.874661 30.675407
v -41.380955 -1.848240 30.841570
v -39.927422 -1.874661 30.675407
v -41.380955 -1.848241 31.919399
v -39.927422 -1.874661 32.085564
v -38.207195 -1.905743 32.143940
v -39.927422 -1.874661 30.675407
v -39.927422 -1.874661 32.085564
v -39.927422 -1.874661 30.675407
v -38.207195 -1.905743 32.143940
v -38.207195 -1.905743 30.617022
v -8.029811 -2.448135 32.085564
v -38.207195 -1.905743 30.617022
v -38.207195 -1.905743 32.143940
v -38.207195 -1.905743 30.617022
v -8.029811 -2.448135 32.085564
v -8.029811 -2.448134 30.675407
v -6.576285 -2.474555 31.919399
v -8.029811 -2.448134 30.675407
v -8.029811 -2.448135 32.085564
v -8.029811 -2.448134 30.675407
v -6.576285 -2.474555 31.919399
v -6.576285 -2.474555 30.841570
v -5.602819 -2.491650 31.672398
v -6.576285 -2.474555 30.841570
v -6.576285 -2.474555 31.919399
v -6.576285 -2.474555 30.841570
v -5.602819 -2.491650 31.672398
v -5.602819 -2.491650 31.088572
v -5.429464 -2.486989 31.380482
v -5.602819 -2.491650 31.088572
v -5.602819 -2.491650 31.672398
v -42.581116 -1.824928 31.380482
v -43.247871 2.601140 31.088572
v -43.474567 2.601140 31.380482
v -43.247871 2.601140 31.088572
v -42.581116 -1.824928 31.380482
v -42.354416 -1.831145 31.088572
v -42.354416 -1.831145 31.088572
v -42.274406 2.601140 30.841570
v -43.247871 2.601140 31.088572
v -42.274406 2.601140 30.841570
v -42.354416 -1.831145 31.088572
v -41.380955 -1.848240 30.841570
v -41.380955 -1.848240 30.841570
v -40.820881 2.601140 30.675407
v -42.274406 2.601140 30.841570
v -40.820881 2.601140 30.675407
v -41.380955 -1.848240 30.841570
v -39.927422 -1.874661 30.675407
v -39.927422 -1.874661 30.675407
v -39.107315 2.601139 30.617022
v -40.820881 2.601140 30.675407
v -39.107315 2.601139 30.617022
v -39.927422 -1.874661 30.675407
v -38.207195 -1.905743 30.617022
v -8.029811 -2.448134 30.675407
v -39.107315 2.601139 30.617022
v -38.207195 -1.905743 30.617022
v -39.107315 2.601139 30.617022
v -8.029811 -2.448134 30.675407
v -13.410535 2.601129 30.675407
v -6.576285 -2.474555 30.841570
v -13.410535 2.601129 30.675407
v -8.029811 -2.448134 30.675407
v -13.410535 2.601129 30.675407
v -6.576285 -2.474555 30.841570
v -11.950339 2.601128 30.841570
v -5.602819 -2.491650 31.088572
v -11.950339 2.601128 30.841570
v -6.576285 -2.474555 30.841570
v -11.950339 2.601128 30.841570
v -5.602819 -2.491650 31.088572
v -10.983543 2.601128 31.088572
v -5.429464 -2.486989 31.380482
v -10.983543 2.601128 31.088572
v -5.602819 -2.491650 31.088572
v -10.983543 2.601128 31.088572
v -5.429464 -2.486989 31.380482
v -10.810182 2.601128 31.380482
v 15.806713 -8.011795 -9.195216
v 15.806713 -7.718071 -8.728162
v 15.806713 -7.206773 -8.463197
v 15.806713 -8.011793 -15.671163
v 15.806713 -7.206770 -16.403187
v 15.806713 -7.718069 -16.133732
v 15.806714 -5.837615 -8.463197
v 45.410690 5.208894 -7.955710
v 15.806718 4.983562 -8.463193
v 45.410690 5.208894 -7.955710
v 15.806714 -5.837615 -8.463197
v 23.094364 -6.171749 -7.955713
v 15.806713 -7.206773 -8.463197
v 23.094364 -6.171749 -7.955713
v 15.806714 -5.837615 -8.463197
v 23.094364 -6.171749 -7.955713
v 15.806713 -7.206773 -8.463197
v 23.094362 -7.805104 -7.955714
v 15.806713 -7.206773 -8.463197
v 23.094362 -8.333497 -8.261103
v 23.094362 -7.805104 -7.955714
v 23.094362 -8.333497 -8.261103
v 15.806713 -7.206773 -8.463197
v 15.806713 -7.718071 -8.728162
v 15.806713 -7.718071 -8.728162
v 23.094362 -8.636545 -8.786542
v 23.094362 -8.333497 -8.261103
v 23.094362 -8.636545 -8.786542
v 15.806713 -7.718071 -8.728162
v 15.806713 -8.011795 -9.195216
v 15.806713 -8.011793 -15.671163
v 23.094362 -8.636545 -8.786542
v 15.806713 -8.011795 -9.195216
v 23.094362 -8.636545 -8.786542
v 15.806713 -8.011793 -15.671163
v 23.094362 -8.636542 -16.093309
v 15.806713 -8.011793 -15.671163
v 23.094362 -8.333494 -16.618753
v 23.094362 -8.636542 -16.093309
v 23.094362 -8.333494 -16.618753
v 15.806713 -8.011793 -15.671163
v 15.806713 -7.718069 -16.133732
v 15.806713 -7.718069 -16.133732
v 23.094362 -7.805100 -16.924135
v 23.094362 -8.333494 -16.618753
v 23.094362 -7.805100 -16.924135
v 15.806713 -7.718069 -16.133732
v 15.806713 -7.206770 -16.403187
v 15.806713 -7.206770 -16.403187
v 23.094364 -6.171745 -16.924135
v 23.094362 -7.805100 -16.924135
v 23.094364 -6.171745 -16.924135
v 15.806713 -7.206770 -16.403187
v 15.806714 -5.837612 -16.403187
v 15.806714 -5.837612 -16.403187
v 45.410690 5.208897 -16.753479
v 23.094364 -6.171745 -16.924135
v 45.410690 5.208897 -16.753479
v 15.806714 -5.837612 -16.403187
v 15.806718 4.983564 -16.246002
v 15.806714 -5.837612 -16.403187
v 15.806718 4.983562 -8.463193
v 15.806718 4.983564 -16.246002
v 15.806718 4.983562 -8.463193
v 15.806714 -5.837612 -16.403187
v 15.806714 -5.837615 -8.463197
v 15.806713 -7.206770 -16.403187
v 15.806714 -5.837615 -8.463197
v 15.806714 -5.837612 -16.403187
v 15.806714 -5.837615 -8.463197
v 15.806713 -7.206770 -16.403187
v 15.806713 -7.206773 -8.463197
v 15.806713 -8.011793 -15.671163
v 15.806713 -7.206773 -8.463197
v 15.806713 -7.206770 -16.403187
v 15.806713 -7.206773 -8.463197
v 15.806713 -8.011793 -15.671163
v 15.806713 -8.011795 -9.195216
v 15.806718 4.983564 -16.246002
v 45.410690 5.208894 -7.955710
v 45.410690 5.208897 -16.753479
v 45.410690 5.208894 -7.955710
v 15.806718 4.983564 -16.246002
v 15.806718 4.983562 -8.463193
v 15.806713 -8.011803 9.195204
v 15.806713 -7.206780 8.463180
v 15.806713 -7.718078 8.728151
v 15.806713 -8.011805 15.671151
v 15.806713 -7.718081 16.133720
v 15.806713 -7.206783 16.403177
v 15.806714 -5.837621 8.463180
v 45.410690 5.208888 7.955707
v 23.094364 -6.171754 7.955703
v 45.410690 5.208888 7.955707
v 15.806714 -5.837621 8.463180
v 15.806718 4.983555 8.463183
v 23.094364 -6.171754 7.955703
v 15.806713 -7.206780 8.463180
v 15.806714 -5.837621 8.463180
v 15.806713 -7.206780 8.463180
v 23.094364 -6.171754 7.955703
v 23.094362 -7.805110 7.955703
v 23.094362 -8.333503 8.261090
v 15.806713 -7.206780 8.463180
v 23.094362 -7.805110 7.955703
v 15.806713 -7.206780 8.463180
v 23.094362 -8.333503 8.261090
v 15.806713 -7.718078 8.728151
v 23.094362 -8.636551 8.786530
v 15.806713 -7.718078 8.728151
v 23.094362 -8.333503 8.261090
v 15.806713 -7.718078 8.728151
v 23.094362 -8.636551 8.786530
v 15.806713 -8.011803 9.195204
v 23.094362 -8.636551 8.786530
v 15.806713 -8.011805 15.671151
v 15.806713 -8.011803 9.195204
v 15.806713 -8.011805 15.671151
v 23.094362 -8.636551 8.786530
v 23.094362 -8.636554 16.093298
v 23.094362 -8.333506 16.618744
v 15.806713 -8.011805 15.671151
v 23.094362 -8.636554 16.093298
v 15.806713 -8.011805 15.671151
v 23.094362 -8.333506 16.618744
v 15.806713 -7.718081 16.133720
v 23.094362 -7.805113 16.924126
v 15.806713 -7.718081 16.133720
v 23.094362 -8.333506 16.618744
v 15.806713 -7.718081 16.133720
v 23.094362 -7.805113 16.924126
v 15.806713 -7.206783 16.403177
v 23.094364 -6.171758 16.924126
v 15.806713 -7.206783 16.403177
v 23.094362 -7.805113 16.924126
v 15.806713 -7.206783 16.403177
v 23.094364 -6.171758 16.924126
v 15.806714 -5.837624 16.403177
v 45.410690 5.208885 16.753475
v 15.806714 -5.837624 16.403177
v 23.094364 -6.171758 16.924126
v 15.806714 -5.837624 16.403177
v 45.410690 5.208885 16.753475
v 15.806718 4.983552 16.245998
v 15.806714 -5.837624 16.403177
v 15.806718 4.983555 8.463183
v 15.806714 -5.837621 8.463180
v 15.806718 4.983555 8.463183
v 15.806714 -5.837624 16.403177
v 15.806718 4.983552 16.245998
v 15.806714 -5.837621 8.463180
v 15.806713 -7.206783 16.403177
v 15.806714 -5.837624 16.403177
v 15.806713 -7.206783 16.403177
v 15.806714 -5.837621 8.463180
v 15.806713 -7.206780 8.463180
v 15.806713 -7.206780 8.463180
v 15.806713 -8.011805 15.671151
v 15.806713 -7.206783 16.403177
v 15.806713 -8.011805 15.671151
v 15.806713 -7.206780 8.463180
v 15.806713 -8.011803 9.195204
v 15.806718 4.983552 16.245998
v 45.410690 5.208888 7.955707
v 15.806718 4.983555 8.463183
v 45.410690 5.208888 7.955707
v 15.806718 4.983552 16.245998
v 45.410690 5.208885 16.753475
v -74.972130 0.664762 -7.286562
v -86.180298 0.664764 -2.822566
v -86.180298 -2.488497 -4.129429
v -74.972130 0.664762 -7.286562
v -86.180298 3.819582 -4.129427
v -86.180298 0.664764 -2.822566
v -74.972130 0.664762 -7.286562
v -86.180298 5.126578 -7.286561
v -86.180298 3.819582 -4.129427
v -74.972130 0.664762 -7.286562
v -86.180298 3.819584 -10.439205
v -86.180298 5.126578 -7.286561
v -74.972130 0.664762 -7.286562
v -86.180298 0.664768 -11.746075
v -86.180298 3.819584 -10.439205
v -74.972130 0.664762 -7.286562
v -86.180298 -2.488495 -10.439207
v -86.180298 0.664768 -11.746075
v -74.972130 0.664762 -7.286562
v -86.180298 -3.456699 -7.286563
v -86.180298 -2.488495 -10.439207
v -74.972130 0.664762 -7.286562
v -86.180298 -2.488497 -4.129429
v -86.180298 -3.456699 -7.286563
v -86.180298 0.664764 -2.822566
v -92.901199 2.809420 -2.108503
v -92.901199 0.664767 -1.681860
v -86.180298 0.664764 -2.822566
v -86.180298 3.819582 -4.129427
v -92.901199 2.809420 -2.108503
v -92.901199 2.809420 -2.108503
v -86.180298 3.819582 -4.129427
v -92.901199 4.627714 -3.321060
v -86.180298 3.819582 -4.129427
v -92.901199 5.843019 -5.139889
v -92.901199 4.627714 -3.321060
v -86.180298 3.819582 -4.129427
v -86.180298 5.126578 -7.286561
v -92.901199 5.843019 -5.139889
v -86.180298 5.126578 -7.286561
v -92.901199 6.268843 -7.286561
v -92.901199 5.843019 -5.139889
v -86.180298 5.126578 -7.286561
v -92.901199 5.843020 -9.428741
v -92.901199 6.268843 -7.286561
v -86.180298 3.819584 -10.439205
v -92.901199 5.843020 -9.428741
v -86.180298 5.126578 -7.286561
v -86.180298 3.819584 -10.439205
v -92.901199 4.627717 -11.247579
v -92.901199 5.843020 -9.428741
v -92.901199 2.809424 -12.460130
v -92.901199 4.627717 -11.247579
v -86.180298 3.819584 -10.439205
v -86.180298 0.664768 -11.746075
v -92.901199 2.809424 -12.460130
v -86.180298 3.819584 -10.439205
v -92.901199 0.664771 -12.886775
v -92.901199 2.809424 -12.460130
v -86.180298 0.664768 -11.746075
v -92.901199 -1.478329 -12.460131
v -92.901199 0.664771 -12.886775
v -86.180298 0.664768 -11.746075
v -86.180298 -2.488495 -10.439207
v -92.901199 -1.478329 -12.460131
v -86.180298 0.664768 -11.746075
v -92.901199 -3.296622 -11.247581
v -92.901199 -1.478329 -12.460131
v -86.180298 -2.488495 -10.439207
v -92.901199 -4.511927 -9.428744
v -92.901199 -3.296622 -11.247581
v -86.180298 -2.488495 -10.439207
v -92.901199 -4.511927 -9.428744
v -86.180298 -2.488495 -10.439207
v -86.180298 -3.456699 -7.286563
v -92.901199 -4.937750 -7.286564
v -92.901199 -4.511927 -9.428744
v -86.180298 -3.456699 -7.286563
v -92.901199 -4.937750 -7.286564
v -86.180298 -3.456699 -7.286563
v -92.901199 -4.511929 -5.139893
v -92.901199 -4.511929 -5.139893
v -86.180298 -3.456699 -7.286563
v -86.180298 -2.488497 -4.129429
v -92.901199 -4.511929 -5.139893
v -86.180298 -2.488497 -4.129429
v -92.901199 -3.296625 -3.321062
v -92.901199 -3.296625 -3.321062
v -86.180298 -2.488497 -4.129429
v -92.901199 -1.478333 -2.108504
v -86.180298 -2.488497 -4.129429
v -86.180298 0.664764 -2.822566
v -92.901199 -1.478333 -2.108504
v -92.901199 -1.478333 -2.108504
v -86.180298 0.664764 -2.822566
v -92.901199 0.664767 -1.681860
v -74.972130 0.664756 7.286556
v -86.180298 -2.488500 4.129421
v -86.180298 0.664762 2.822554
v -74.972130 0.664756 7.286556
v -86.180298 -3.456704 7.286555
v -86.180298 -2.488500 4.129421
v -74.972130 0.664756 7.286556
v -86.180298 -2.488503 10.439198
v -86.180298 -3.456704 7.286555
v -74.972130 0.664756 7.286556
v -86.180298 0.664759 11.746069
v -86.180298 -2.488503 10.439198
v -74.972130 0.664756 7.286556
v -86.180298 3.819577 10.439200
v -86.180298 0.664759 11.746069
v -74.972130 0.664756 7.286556
v -86.180298 5.126572 7.286558
v -86.180298 3.819577 10.439200
v -74.972130 0.664756 7.286556
v -86.180298 3.819579 4.129423
v -86.180298 5.126572 7.286558
v -74.972130 0.664756 7.286556
v -86.180298 0.664762 2.822554
v -86.180298 3.819579 4.129423
v -86.180298 0.664762 2.822554
v -92.901199 0.664765 1.681854
v -92.901199 2.809419 2.108498
v -92.901199 -1.478335 2.108497
v -92.901199 0.664765 1.681854
v -86.180298 0.664762 2.822554
v -86.180298 -2.488500 4.129421
v -92.901199 -1.478335 2.108497
v -86.180298 0.664762 2.822554
v -92.901199 -3.296628 3.321048
v -92.901199 -1.478335 2.108497
v -86.180298 -2.488500 4.129421
v -92.901199 -4.511932 5.139884
v -92.901199 -3.296628 3.321048
v -86.180298 -2.488500 4.129421
v -92.901199 -4.511932 5.139884
v -86.180298 -2.488500 4.129421
v -86.180298 -3.456704 7.286555
v -92.901199 -4.937756 7.286555
v -92.901199 -4.511932 5.139884
v -86.180298 -3.456704 7.286555
v -92.901199 -4.937756 7.286555
v -86.180298 -3.456704 7.286555
v -92.901199 -4.511934 9.428736
v -92.901199 -4.511934 9.428736
v -86.180298 -3.456704 7.286555
v -86.180298 -2.488503 10.439198
v -92.901199 -4.511934 9.428736
v -86.180298 -2.488503 10.439198
v -92.901199 -3.296631 11.247573
v -92.901199 -3.296631 11.247573
v -86.180298 -2.488503 10.439198
v -92.901199 -1.478338 12.460125
v -86.180298 -2.488503 10.439198
v -86.180298 0.664759 11.746069
v -92.901199 -1.478338 12.460125
v -92.901199 -1.478338 12.460125
v -86.180298 0.664759 11.746069
v -92.901199 0.664761 12.886768
v -92.901199 0.664761 12.886768
v -86.180298 0.664759 11.746069
v -92.901199 2.809415 12.460126
v -86.180298 0.664759 11.746069
v -86.180298 3.819577 10.439200
v -92.901199 2.809415 12.460126
v -92.901199 2.809415 12.460126
v -86.180298 3.819577 10.439200
v -92.901199 4.627708 11.247575
v -86.180298 3.819577 10.439200
v -92.901199 5.843013 9.428739
v -92.901199 4.627708 11.247575
v -86.180298 3.819577 10.439200
v -86.180298 5.126572 7.286558
v -92.901199 5.843013 9.428739
v -86.180298 5.126572 7.286558
v -92.901199 6.268837 7.286558
v -92.901199 5.843013 9.428739
v -86.180298 5.126572 7.286558
v -92.901199 5.843015 5.139887
v -92.901199 6.268837 7.286558
v -86.180298 3.819579 4.129423
v -92.901199 5.843015 5.139887
v -86.180298 5.126572 7.286558
v -86.180298 3.819579 4.129423
v -92.901199 4.627711 3.321050
v -92.901199 5.843015 5.139887
v -92.901199 2.809419 2.108498
v -92.901199 4.627711 3.321050
v -86.180298 3.819579 4.129423
v -86.180298 0.664762 2.822554
v -92.901199 2.809419 2.108498
v -86.180298 3.819579 4.129423
v 69.607277 -6.423531 -7.039562
v 72.967720 -6.325624 -6.985673
v 69.607277 -6.325623 -6.985673
v 72.967720 -6.325624 -6.985673
v 69.607277 -6.423531 -7.039562
v 72.967720 -6.423532 -7.039562
v 69.607277 -6.423531 -7.039562
v 72.967720 -6.519886 -6.985673
v 72.967720 -6.423532 -7.039562
v 72.967720 -6.519886 -6.985673
v 69.607277 -6.423531 -7.039562
v 69.607277 -6.519885 -6.985673
v 69.607277 -6.519885 -6.985673
v 72.967720 -6.519886 -6.873399
v 72.967720 -6.519886 -6.985673
v 72.967720 -6.519886 -6.873399
v 69.607277 -6.519885 -6.985673
v 69.607277 -6.519885 -6.873399
v 69.607277 -6.519885 -6.873399
v 72.967720 -6.423532 -6.815014
v 72.967720 -6.519886 -6.873399
v 72.967720 -6.423532 -6.815014
v 69.607277 -6.519885 -6.873399
v 70.727425 -6.423531 -6.815014
v 69.607277 -6.423531 -6.815014
v 70.727425 -6.423531 -6.815014
v 69.607277 -6.519885 -6.873399
v 69.153870 -5.739728 -5.633897
v 70.727425 -6.423531 -6.815014
v 69.607277 -6.423531 -6.815014
v 70.727425 -6.423531 -6.815014
v 69.153870 -5.739728 -5.633897
v 70.500717 -5.739729 -5.633897
v 72.967720 -6.325624 -6.873399
v 69.607277 -6.325623 -6.985673
v 72.967720 -6.325624 -6.985673
v 69.607277 -6.325623 -6.985673
v 72.967720 -6.325624 -6.873399
v 70.727425 -6.325624 -6.873399
v 69.607277 -6.325623 -6.985673
v 70.727425 -6.325624 -6.873399
v 69.607277 -6.325623 -6.873399
v 70.727425 -6.325624 -6.873399
v 69.153870 -5.641820 -5.687786
v 69.607277 -6.325623 -6.873399
v 69.153870 -5.641820 -5.687786
v 70.727425 -6.325624 -6.873399
v 70.500717 -5.641821 -5.687786
v 72.967720 -6.423532 -6.815014
v 70.727425 -6.325624 -6.873399
v 72.967720 -6.325624 -6.873399
v 70.727425 -6.325624 -6.873399
v 72.967720 -6.423532 -6.815014
v 70.727425 -6.423531 -6.815014
v 70.500717 -5.739729 -5.633897
v 70.727425 -6.325624 -6.873399
v 70.727425 -6.423531 -6.815014
v 70.727425 -6.325624 -6.873399
v 70.500717 -5.739729 -5.633897
v 70.500717 -5.641821 -5.687786
v 72.967720 -6.325624 -6.873399
v 72.967720 -6.519886 -6.873399
v 72.967720 -6.423532 -6.815014
v 72.967720 -6.519886 -6.873399
v 72.967720 -6.325624 -6.873399
v 72.967720 -6.325624 -6.985673
v 72.967720 -6.423532 -7.039562
v 72.967720 -6.519886 -6.873399
v 72.967720 -6.325624 -6.985673
v 72.967720 -6.519886 -6.873399
v 72.967720 -6.423532 -7.039562
v 72.967720 -6.519886 -6.985673
v 69.153870 -5.739728 -5.633897
v 69.607277 -6.325623 -6.873399
v 69.153870 -5.641820 -5.687786
v 69.607277 -6.325623 -6.873399
v 69.153870 -5.739728 -5.633897
v 69.607277 -6.423531 -6.815014
v 69.607277 -6.423531 -6.815014
v 69.607277 -6.423531 -7.039562
v 69.607277 -6.325623 -6.873399
v 69.607277 -6.423531 -7.039562
v 69.607277 -6.423531 -6.815014
v 69.607277 -6.519885 -6.985673
v 69.607277 -6.519885 -6.985673
v 69.607277 -6.423531 -6.815014
v 69.607277 -6.519885 -6.873399
v 69.607277 -6.325623 -6.873399
v 69.607277 -6.423531 -7.039562
v 69.607277 -6.325623 -6.985673
v 69.607277 -6.423535 7.039552
v 72.967720 -6.325629 6.985663
v 72.967720 -6.423537 7.039552
v 72.967720 -6.325629 6.985663
v 69.607277 -6.423535 7.039552
v 69.607277 -6.325628 6.985663
v 69.607277 -6.325628 6.985663
v 72.967720 -6.325629 6.873389
v 72.967720 -6.325629 6.985663
v 72.967720 -6.325629 6.873389
v 69.607277 -6.325628 6.985663
v 70.727425 -6.325628 6.873389
v 69.607277 -6.325628 6.985663
v 69.607277 -6.325628 6.873389
v 70.727425 -6.325628 6.873389
v 69.153870 -5.641824 5.687776
v 70.727425 -6.325628 6.873389
v 69.607277 -6.325628 6.873389
v 70.727425 -6.325628 6.873389
v 69.153870 -5.641824 5.687776
v 70.500717 -5.641825 5.687776
v 72.967720 -6.519891 6.985663
v 69.607277 -6.423535 7.039552
v 72.967720 -6.423537 7.039552
v 69.607277 -6.423535 7.039552
v 72.967720 -6.519891 6.985663
v 69.607277 -6.519889 6.985663
v 72.967720 -6.519891 6.873389
v 69.607277 -6.519889 6.985663
v 72.967720 -6.519891 6.985663
v 69.607277 -6.519889 6.985663
v 72.967720 -6.519891 6.873389
v 69.607277 -6.519889 6.873389
v 72.967720 -6.423537 6.815003
v 69.607277 -6.519889 6.873389
v 72.967720 -6.519891 6.873389
v 69.607277 -6.519889 6.873389
v 72.967720 -6.423537 6.815003
v 70.727425 -6.423536 6.815003
v 69.607277 -6.423535 6.815003
v 69.607277 -6.519889 6.873389
v 70.727425 -6.423536 6.815003
v 70.727425 -6.423536 6.815003
v 69.153870 -5.739732 5.633887
v 69.607277 -6.423535 6.815003
v 69.153870 -5.739732 5.633887
v 70.727425 -6.423536 6.815003
v 70.500717 -5.739733 5.633887
v 72.967720 -6.423537 6.815003
v 70.727425 -6.325628 6.873389
v 70.727425 -6.423536 6.815003
v 70.727425 -6.325628 6.873389
v 72.967720 -6.423537 6.815003
v 72.967720 -6.325629 6.873389
v 72.967720 -6.519891 6.873389
v 72.967720 -6.325629 6.873389
v 72.967720 -6.423537 6.815003
v 72.967720 -6.325629 6.873389
v 72.967720 -6.519891 6.873389
v 72.967720 -6.325629 6.985663
v 72.967720 -6.519891 6.873389
v 72.967720 -6.423537 7.039552
v 72.967720 -6.325629 6.985663
v 72.967720 -6.423537 7.039552
v 72.967720 -6.519891 6.873389
v 72.967720 -6.519891 6.985663
v 70.727425 -6.325628 6.873389
v 70.500717 -5.739733 5.633887
v 70.727425 -6.423536 6.815003
v 70.500717 -5.739733 5.633887
v 70.727425 -6.325628 6.873389
v 70.500717 -5.641825 5.687776
v 69.153870 -5.739732 5.633887
v 69.607277 -6.325628 6.873389
v 69.607277 -6.423535 6.815003
v 69.607277 -6.325628 6.873389
v 69.153870 -5.739732 5.633887
v 69.153870 -5.641824 5.687776
v 69.607277 -6.423535 7.039552
v 69.607277 -6.423535 6.815003
v 69.607277 -6.325628 6.873389
v 69.607277 -6.423535 6.815003
v 69.607277 -6.423535 7.039552
v 69.607277 -6.519889 6.985663
v 69.607277 -6.519889 6.985663
v 69.607277 -6.519889 6.873389
v 69.607277 -6.423535 6.815003
v 69.607277 -6.325628 6.873389
v 69.607277 -6.325628 6.985663
v 69.607277 -6.423535 7.039552
v 44.390556 1.674876 -3.083040
v 44.390560 6.156890 3.083036
v 44.390560 6.156892 -3.083038
v 44.390560 6.156890 3.083036
v 44.390556 1.674876 -3.083040
v 44.390556 1.674874 3.083035
v 44.390560 9.664486 4.641393
v 44.390560 6.156892 -3.083038
v 44.390560 6.156890 3.083036
v 44.390560 6.156892 -3.083038
v 44.390560 9.664486 4.641393
v 44.390560 9.664490 -4.641393
v 44.390560 6.156893 -4.641394
v 44.390560 6.156892 -3.083038
v 44.390560 9.664490 -4.641393
v 49.084515 9.030416 -4.641393
v 44.390560 6.156893 -4.641394
v 44.390560 9.664490 -4.641393
v 44.390560 6.156893 -4.641394
v 49.084515 9.030416 -4.641393
v 58.959171 6.156888 -4.668338
v 49.084515 9.030416 -4.641393
v 55.185341 8.307758 -4.641394
v 58.959171 6.156888 -4.668338
v 55.185341 8.307758 -4.641394
v 58.972511 7.852407 -4.677320
v 58.959171 6.156888 -4.668338
v 44.390560 6.156890 3.083036
v 44.390560 6.156889 4.641392
v 44.390560 9.664486 4.641393
v 53.691799 1.674873 -2.800106
v 49.204533 4.363461 -2.800105
v 46.744198 1.674875 -2.800106
v 49.204533 4.363461 -2.800105
v 53.691799 1.674873 -2.800106
v 53.691799 4.363460 -2.800105
v 46.744205 15.542080 -2.800101
v 46.744198 1.674875 -2.800106
v 49.204533 4.363461 -2.800105
v 46.744198 1.674875 -2.800106
v 46.744205 15.542080 -2.800101
v 44.277218 15.515663 -2.800101
v 53.691799 1.674870 2.800100
v 49.204533 4.363460 2.800101
v 53.691799 4.363458 2.800101
v 49.204533 4.363460 2.800101
v 53.691799 1.674870 2.800100
v 46.744198 1.674873 2.800100
v 46.744198 1.674873 2.800100
v 46.744205 15.542078 2.800104
v 49.204533 4.363460 2.800101
v 46.744205 15.542078 2.800104
v 46.744198 1.674873 2.800100
v 44.277218 15.515661 2.800104
v 46.744205 15.542080 -2.800101
v 49.204533 4.363460 2.800101
v 46.744205 15.542078 2.800104
v 49.204533 4.363460 2.800101
v 46.744205 15.542080 -2.800101
v 49.204533 4.363461 -2.800105
v 49.204533 4.363461 -2.800105
v 53.691799 4.363458 2.800101
v 49.204533 4.363460 2.800101
v 53.691799 4.363458 2.800101
v 49.204533 4.363461 -2.800105
v 53.691799 4.363460 -2.800105
v 53.691799 4.363460 -2.800105
v 53.691799 1.674870 2.800100
v 53.691799 4.363458 2.800101
v 53.691799 1.674870 2.800100
v 53.691799 4.363460 -2.800105
v 53.691799 1.674873 -2.800106
v 46.744205 15.542078 2.800104
v 44.277218 15.515663 -2.800101
v 46.744205 15.542080 -2.800101
v 44.277218 15.515663 -2.800101
v 46.744205 15.542078 2.800104
v 44.277218 15.515661 2.800104
v 44.277218 15.515661 2.800104
v 46.744198 1.674875 -2.800106
v 44.277218 15.515663 -2.800101
v 46.744198 1.674875 -2.800106
v 44.277218 15.515661 2.800104
v 46.744198 1.674873 2.800100
v 40.650063 10.122949 -4.641393
v 39.976627 12.914107 -4.695281
v 40.956764 12.808428 -4.695281
v 39.976627 12.914107 -4.695281
v 40.650063 10.122949 -4.641393
v 39.603252 10.276806 -4.641393
v 40.296677 15.047883 -3.577040
v 40.956764 12.808428 -4.695281
v 39.976627 12.914107 -4.695281
v 40.956764 12.808428 -4.695281
v 40.296677 15.047883 -3.577040
v 41.216801 14.981054 -3.568053
v 40.296677 15.047883 -3.577040
v 41.390160 16.410822 -1.910894
v 41.216801 14.981054 -3.568053
v 41.390160 16.410822 -1.910894
v 40.296677 15.047883 -3.577040
v 40.516705 16.465218 -1.924366
v 40.516705 16.465218 -1.924366
v 41.450169 16.917458 0.002247
v 41.390160 16.410822 -1.910894
v 41.450169 16.917458 0.002247
v 40.516705 16.465218 -1.924366
v 40.596718 16.970299 0.002247
v 40.516705 16.465218 1.924370
v 41.450169 16.917458 0.002247
v 40.596718 16.970299 0.002247
v 41.450169 16.917458 0.002247
v 40.516705 16.465218 1.924370
v 41.390160 16.410822 1.910898
v 40.296677 15.047881 3.577043
v 41.390160 16.410822 1.910898
v 40.516705 16.465218 1.924370
v 41.390160 16.410822 1.910898
v 40.296677 15.047881 3.577043
v 41.216801 14.981052 3.568055
v 40.296677 15.047881 3.577043
v 40.956764 12.808424 4.695282
v 41.216801 14.981052 3.568055
v 40.956764 12.808424 4.695282
v 40.296677 15.047881 3.577043
v 39.976627 12.914104 4.695282
v 39.976627 12.914104 4.695282
v 40.650063 10.122945 4.641393
v 40.956764 12.808424 4.695282
v 40.650063 10.122945 4.641393
v 39.976627 12.914104 4.695282
v 39.603252 10.276802 4.641393
v 63.586464 7.530705 -4.223738
v 59.225880 10.284568 -3.473749
v 58.972511 7.852407 -4.677320
v 59.225880 10.284568 -3.473749
v 63.586464 7.530705 -4.223738
v 66.846901 7.498069 -2.970764
v 66.846901 7.498069 -2.970764
v 59.272552 12.261379 -1.677365
v 59.225880 10.284568 -3.473749
v 59.272552 12.261379 -1.677365
v 66.846901 7.498069 -2.970764
v 68.040398 7.647260 -1.677367
v 68.040398 7.647260 -1.677367
v 59.272552 12.261377 1.677367
v 59.272552 12.261379 -1.677365
v 59.272552 12.261377 1.677367
v 68.040398 7.647260 -1.677367
v 68.040398 7.647259 1.677365
v 66.846901 7.498067 2.970762
v 59.272552 12.261377 1.677367
v 68.040398 7.647259 1.677365
v 59.272552 12.261377 1.677367
v 66.846901 7.498067 2.970762
v 59.225880 10.284566 3.473749
v 63.586464 7.530703 4.223736
v 59.225880 10.284566 3.473749
v 66.846901 7.498067 2.970762
v 59.225880 10.284566 3.473749
v 63.586464 7.530703 4.223736
v 58.972511 7.852403 4.677318
v 58.725819 10.340512 3.473749
v 59.272552 12.261377 1.677367
v 59.225880 10.284566 3.473749
v 58.725819 10.340512 3.473749
v 57.478985 12.766459 1.677367
v 59.272552 12.261377 1.677367
v 57.478985 12.766461 -1.677365
v 59.272552 12.261377 1.677367
v 57.478985 12.766459 1.677367
v 57.478985 12.766461 -1.677365
v 59.272552 12.261379 -1.677365
v 59.272552 12.261377 1.677367
v 58.725819 10.340514 -3.473749
v 59.272552 12.261379 -1.677365
v 57.478985 12.766461 -1.677365
v 58.725819 10.340514 -3.473749
v 59.225880 10.284568 -3.473749
v 59.272552 12.261379 -1.677365
v 58.472450 7.852407 -4.677320
v 59.225880 10.284568 -3.473749
v 58.725819 10.340514 -3.473749
v 58.472450 7.852407 -4.677320
v 58.972511 7.852407 -4.677320
v 59.225880 10.284568 -3.473749
v 58.472450 7.852403 4.677318
v 58.725819 10.340512 3.473749
v 59.225880 10.284566 3.473749
v 58.472450 7.852403 4.677318
v 59.225880 10.284566 3.473749
v 58.972511 7.852403 4.677318
v 66.846901 7.498069 -2.970764
v 63.726490 7.735848 -4.852470
v 67.346962 7.877269 -3.455787
v 63.726490 7.735848 -4.852470
v 66.846901 7.498069 -2.970764
v 63.586464 7.530705 -4.223738
v 63.586464 7.530705 -4.223738
v 56.992249 8.248703 -5.292580
v 63.726490 7.735848 -4.852470
v 56.992249 8.248703 -5.292580
v 63.586464 7.530705 -4.223738
v 58.972511 7.852407 -4.677320
v 58.972511 7.852407 -4.677320
v 57.185608 8.208296 -4.677320
v 56.992249 8.248703 -5.292580
v 68.607140 8.166329 -1.928860
v 66.846901 7.498069 -2.970764
v 67.346962 7.877269 -3.455787
v 66.846901 7.498069 -2.970764
v 68.607140 8.166329 -1.928860
v 68.040398 7.647260 -1.677367
v 68.607140 8.166329 -1.928860
v 68.933846 8.503567 0.002245
v 68.040398 7.647260 -1.677367
v 68.040398 7.647260 -1.677367
v 68.933846 8.503567 0.002245
v 68.040398 7.647259 1.677365
v 68.040398 7.647259 1.677365
v 68.933846 8.503567 0.002245
v 68.607140 8.166327 1.928858
v 68.607140 8.166327 1.928858
v 66.846901 7.498067 2.970762
v 68.040398 7.647259 1.677365
v 66.846901 7.498067 2.970762
v 68.607140 8.166327 1.928858
v 67.346962 7.877266 3.455785
v 63.726490 7.735844 4.852468
v 66.846901 7.498067 2.970762
v 67.346962 7.877266 3.455785
v 66.846901 7.498067 2.970762
v 63.726490 7.735844 4.852468
v 63.586464 7.530703 4.223736
v 56.992249 8.248699 5.292578
v 63.586464 7.530703 4.223736
v 63.726490 7.735844 4.852468
v 63.586464 7.530703 4.223736
v 56.992249 8.248699 5.292578
v 58.972511 7.852403 4.677318
v 57.185608 8.208292 4.677318
v 58.972511 7.852403 4.677318
v 56.992249 8.248699 5.292578
v 58.725819 10.284567 -1.120492
v 58.725819 10.284567 1.120491
v 58.472450 7.852405 1.120491
v 58.725819 10.284567 1.120491
v 58.725819 10.284567 -1.120492
v 57.472309 12.601726 -1.120491
v 58.725819 10.284567 1.120491
v 57.472309 12.601726 -1.120491
v 57.472309 12.601726 1.120492
v 58.725819 10.284567 -1.120492
v 58.472450 7.852405 1.120491
v 58.472450 7.852406 -1.120492
v 58.472450 7.852406 -1.120492
v 58.472450 7.852405 1.120491
v 58.972511 7.852405 1.120491
v 58.472450 7.852406 -1.120492
v 58.972511 7.852405 1.120491
v 58.972511 7.852406 -1.120492
v 58.972511 7.852405 1.120491
v 58.979176 8.021799 4.407862
v 58.972511 7.852403 4.677318
v 58.972511 7.852406 -1.120492
v 58.979176 8.021803 -4.407864
v 59.225880 10.192876 -3.330040
v 58.972511 7.852406 -1.120492
v 59.225880 10.192876 -3.330040
v 59.225880 10.284567 -1.120492
v 59.225880 10.192876 -3.330040
v 59.272552 12.082656 -1.120491
v 59.225880 10.284567 -1.120492
v 59.225880 10.192876 -3.330040
v 59.265888 12.093535 -1.596532
v 59.272552 12.082656 -1.120491
v 58.972511 7.852405 1.120491
v 59.225880 10.284567 1.120491
v 59.225880 10.192874 3.330039
v 59.225880 10.192874 3.330039
v 59.225880 10.284567 1.120491
v 59.272552 12.082656 1.120492
v 59.225880 10.192874 3.330039
v 59.272552 12.082656 1.120492
v 59.265888 12.093534 1.596534
v 58.972511 7.852405 1.120491
v 59.225880 10.192874 3.330039
v 58.979176 8.021799 4.407862
v 58.805817 1.674871 -3.083040
v 44.390556 1.674874 3.083035
v 44.390556 1.674876 -3.083040
v 44.390556 1.674874 3.083035
v 58.805817 1.674871 -3.083040
v 58.805817 1.674868 3.083035
v 58.805817 1.674871 -3.083040
v 58.959171 6.156885 3.083036
v 58.805817 1.674868 3.083035
v 58.959171 6.156885 3.083036
v 58.805817 1.674871 -3.083040
v 58.959171 6.156887 -3.083038
v 58.959171 6.156887 -3.083038
v 58.972511 7.852405 1.120491
v 58.959171 6.156885 3.083036
v 58.972511 7.852405 1.120491
v 58.959171 6.156887 -3.083038
v 58.972511 7.852406 -1.120492
v 58.959171 6.156885 3.083036
v 58.972511 7.852405 1.120491
v 58.972511 7.852403 4.677318
v 58.959171 6.156885 3.083036
v 58.972511 7.852403 4.677318
v 58.959171 6.156884 4.668336
v 58.959171 6.156887 -3.083038
v 58.972511 7.852407 -4.677320
v 58.972511 7.852406 -1.120492
v 58.959171 6.156888 -4.668338
v 58.972511 7.852407 -4.677320
v 58.959171 6.156887 -3.083038
v 27.388281 12.583089 -3.819546
v 24.727924 13.806164 -3.455785
v 27.301603 12.665457 -4.457266
v 24.727924 13.806164 -3.455785
v 27.388281 12.583089 -3.819546
v 25.201319 13.582375 -2.970762
v 27.388281 12.583089 -3.819546
v 25.201319 13.582373 2.970764
v 25.201319 13.582375 -2.970762
v 25.201319 13.582373 2.970764
v 27.388281 12.583089 -3.819546
v 27.388281 12.583087 3.819547
v 33.535767 11.341363 -4.371937
v 27.388281 12.583087 3.819547
v 27.388281 12.583089 -3.819546
v 27.388281 12.583087 3.819547
v 33.535767 11.341363 -4.371937
v 33.535767 11.341359 4.371937
v 39.603252 10.276806 -4.641393
v 33.535767 11.341359 4.371937
v 33.535767 11.341363 -4.371937
v 33.535767 11.341359 4.371937
v 39.603252 10.276806 -4.641393
v 39.603252 10.276802 4.641393
v 40.650063 10.122949 -4.641393
v 39.603252 10.276802 4.641393
v 39.603252 10.276806 -4.641393
v 39.603252 10.276802 4.641393
v 40.650063 10.122949 -4.641393
v 40.650063 10.122945 4.641393
v 44.390560 9.664490 -4.641393
v 40.650063 10.122945 4.641393
v 40.650063 10.122949 -4.641393
v 40.650063 10.122945 4.641393
v 44.390560 9.664490 -4.641393
v 44.390560 9.664486 4.641393
v 40.650063 10.122945 4.641393
v 44.390560 9.664486 4.641393
v 40.483368 10.185109 5.377908
v 44.390560 9.664486 4.641393
v 49.091190 9.094131 5.377908
v 40.483368 10.185109 5.377908
v 49.091190 9.094131 5.377908
v 44.390560 9.664486 4.641393
v 49.084515 9.030412 4.641393
v 55.185341 8.307755 4.641392
v 49.091190 9.094131 5.377908
v 49.084515 9.030412 4.641393
v 49.091190 9.094131 5.377908
v 55.185341 8.307755 4.641392
v 55.318691 8.349715 5.377908
v 40.483368 10.185113 -5.377909
v 44.390560 9.664490 -4.641393
v 40.650063 10.122949 -4.641393
v 40.483368 10.185113 -5.377909
v 49.084515 9.030416 -4.641393
v 44.390560 9.664490 -4.641393
v 49.084515 9.030416 -4.641393
v 40.483368 10.185113 -5.377909
v 49.091190 9.094134 -5.377909
v 49.091190 9.094134 -5.377909
v 55.185341 8.307758 -4.641394
v 49.084515 9.030416 -4.641393
v 55.185341 8.307758 -4.641394
v 49.091190 9.094134 -5.377909
v 55.318691 8.349719 -5.377910
v 39.603252 10.276802 4.641393
v 33.495758 11.395754 5.041086
v 33.535767 11.341359 4.371937
v 33.495758 11.395754 5.041086
v 39.603252 10.276802 4.641393
v 39.769943 10.324979 5.377909
v 33.495758 11.395754 5.041086
v 27.388281 12.583087 3.819547
v 33.535767 11.341359 4.371937
v 27.388281 12.583087 3.819547
v 33.495758 11.395754 5.041086
v 27.301603 12.665453 4.457268
v 24.727924 13.806162 3.455787
v 27.388281 12.583087 3.819547
v 27.301603 12.665453 4.457268
v 27.388281 12.583087 3.819547
v 24.727924 13.806162 3.455787
v 25.201319 13.582373 2.970764
v 23.967813 14.434017 1.928860
v 25.201319 13.582373 2.970764
v 24.727924 13.806162 3.455787
v 25.201319 13.582373 2.970764
v 23.967813 14.434017 1.928860
v 24.467890 14.042385 1.713299
v 23.641106 14.721527 0.002247
v 24.467890 14.042385 1.713299
v 23.967813 14.434017 1.928860
v 24.467890 14.042385 1.713299
v 23.641106 14.721527 0.002247
v 24.147846 14.301920 0.002247
v 23.641106 14.721527 0.002247
v 24.467890 14.042387 -1.713297
v 24.147846 14.301920 0.002247
v 24.467890 14.042387 -1.713297
v 23.641106 14.721527 0.002247
v 23.967813 14.434019 -1.928858
v 23.967813 14.434019 -1.928858
v 25.201319 13.582375 -2.970762
v 24.467890 14.042387 -1.713297
v 25.201319 13.582375 -2.970762
v 23.967813 14.434019 -1.928858
v 24.727924 13.806164 -3.455785
v 25.201319 13.582375 -2.970762
v 24.467890 14.042385 1.713299
v 24.467890 14.042387 -1.713297
v 24.467890 14.042385 1.713299
v 25.201319 13.582375 -2.970762
v 25.201319 13.582373 2.970764
v 24.467890 14.042387 -1.713297
v 24.467890 14.042385 1.713299
v 24.147846 14.301920 0.002247
v 33.495758 11.395758 -5.041086
v 27.388281 12.583089 -3.819546
v 27.301603 12.665457 -4.457266
v 27.388281 12.583089 -3.819546
v 33.495758 11.395758 -5.041086
v 33.535767 11.341363 -4.371937
v 33.495758 11.395758 -5.041086
v 39.603252 10.276806 -4.641393
v 33.535767 11.341363 -4.371937
v 39.603252 10.276806 -4.641393
v 33.495758 11.395758 -5.041086
v 39.769943 10.324983 -5.377909
v 44.390560 6.156889 4.641392
v 49.084515 9.030412 4.641393
v 44.390560 9.664486 4.641393
v 49.084515 9.030412 4.641393
v 44.390560 6.156889 4.641392
v 58.959171 6.156884 4.668336
v 49.084515 9.030412 4.641393
v 58.959171 6.156884 4.668336
v 55.185341 8.307755 4.641392
v 55.185341 8.307755 4.641392
v 58.959171 6.156884 4.668336
v 58.972511 7.852403 4.677318
v 58.959171 6.156888 -4.668338
v 44.390560 6.156892 -3.083038
v 44.390560 6.156893 -4.641394
v 44.390560 6.156892 -3.083038
v 58.959171 6.156888 -4.668338
v 58.959171 6.156887 -3.083038
v 44.390560 6.156889 4.641392
v 58.959171 6.156885 3.083036
v 58.959171 6.156884 4.668336
v 58.959171 6.156885 3.083036
v 44.390560 6.156889 4.641392
v 44.390560 6.156890 3.083036
v 44.390560 6.156892 -3.083038
v 58.805817 1.674871 -3.083040
v 44.390556 1.674876 -3.083040
v 58.805817 1.674871 -3.083040
v 44.390560 6.156892 -3.083038
v 58.959171 6.156887 -3.083038
v 44.390560 6.156890 3.083036
v 58.805817 1.674868 3.083035
v 58.959171 6.156885 3.083036
v 58.805817 1.674868 3.083035
v 44.390560 6.156890 3.083036
v 44.390556 1.674874 3.083035
v 58.972511 7.852407 -4.677320
v 58.979176 8.021803 -4.407864
v 58.972511 7.852406 -1.120492
v 58.472450 7.852407 -4.677320
v 58.725819 10.340514 -3.473749
v 58.719143 10.248823 -3.330040
v 58.719143 10.248823 -3.330040
v 58.725819 10.340514 -3.473749
v 57.478985 12.766461 -1.677365
v 58.719143 10.248823 -3.330040
v 57.478985 12.766461 -1.677365
v 57.472309 12.601727 -1.596532
v 57.472309 12.601727 -1.596532
v 57.478985 12.766461 -1.677365
v 57.472309 12.601726 -1.120491
v 58.472450 7.852407 -4.677320
v 58.719143 10.248823 -3.330040
v 58.479111 8.077751 -4.407864
v 58.472450 7.852403 4.677318
v 58.479111 8.077747 4.407862
v 58.719143 10.248821 3.330039
v 58.472450 7.852403 4.677318
v 58.719143 10.248821 3.330039
v 58.725819 10.340512 3.473749
v 58.719143 10.248821 3.330039
v 57.478985 12.766459 1.677367
v 58.725819 10.340512 3.473749
v 58.719143 10.248821 3.330039
v 57.472309 12.601725 1.596534
v 57.478985 12.766459 1.677367
v 57.472309 12.601726 1.120492
v 57.478985 12.766459 1.677367
v 57.472309 12.601725 1.596534
v 57.478985 12.766459 1.677367
v 57.472309 12.601726 1.120492
v 57.472309 12.601726 -1.120491
v 57.478985 12.766459 1.677367
v 57.472309 12.601726 -1.120491
v 57.478985 12.766461 -1.677365
v 58.472450 7.852405 1.120491
v 58.725819 10.284567 1.120491
v 59.225880 10.284567 1.120491
v 58.472450 7.852405 1.120491
v 59.225880 10.284567 1.120491
v 58.972511 7.852405 1.120491
v 58.472450 7.852407 -4.677320
v 58.479111 8.077751 -4.407864
v 58.979176 8.021803 -4.407864
v 58.472450 7.852407 -4.677320
v 58.979176 8.021803 -4.407864
v 58.972511 7.852407 -4.677320
v 58.472450 7.852403 4.677318
v 58.972511 7.852403 4.677318
v 58.979176 8.021799 4.407862
v 58.472450 7.852403 4.677318
v 58.979176 8.021799 4.407862
v 58.479111 8.077747 4.407862
v 58.472450 7.852406 -1.120492
v 58.972511 7.852406 -1.120492
v 59.225880 10.284567 -1.120492
v 58.472450 7.852406 -1.120492
v 59.225880 10.284567 -1.120492
v 58.725819 10.284567 -1.120492
v 58.479111 8.077751 -4.407864
v 58.719143 10.248823 -3.330040
v 59.225880 10.192876 -3.330040
v 58.719143 10.248823 -3.330040
v 59.265888 12.093535 -1.596532
v 59.225880 10.192876 -3.330040
v 58.719143 10.248823 -3.330040
v 57.472309 12.601727 -1.596532
v 59.265888 12.093535 -1.596532
v 58.479111 8.077751 -4.407864
v 59.225880 10.192876 -3.330040
v 58.979176 8.021803 -4.407864
v 57.472309 12.601727 -1.596532
v 57.472309 12.601726 -1.120491
v 59.272552 12.082656 -1.120491
v 57.472309 12.601727 -1.596532
v 59.272552 12.082656 -1.120491
v 59.265888 12.093535 -1.596532
v 58.479111 8.077747 4.407862
v 58.979176 8.021799 4.407862
v 59.225880 10.192874 3.330039
v 58.479111 8.077747 4.407862
v 59.225880 10.192874 3.330039
v 58.719143 10.248821 3.330039
v 57.472309 12.601726 1.120492
v 57.472309 12.601725 1.596534
v 59.265888 12.093534 1.596534
v 57.472309 12.601726 1.120492
v 59.265888 12.093534 1.596534
v 59.272552 12.082656 1.120492
v 58.719143 10.248821 3.330039
v 59.225880 10.192874 3.330039
v 59.265888 12.093534 1.596534
v 58.719143 10.248821 3.330039
v 59.265888 12.093534 1.596534
v 57.472309 12.601725 1.596534
v 57.472309 12.601726 1.120492
v 59.272552 12.082656 1.120492
v 59.225880 10.284567 1.120491
v 57.472309 12.601726 1.120492
v 59.225880 10.284567 1.120491
v 58.725819 10.284567 1.120491
v 57.472309 12.601726 -1.120491
v 58.725819 10.284567 -1.120492
v 59.225880 10.284567 -1.120492
v 57.472309 12.601726 -1.120491
v 59.225880 10.284567 -1.120492
v 59.272552 12.082656 -1.120491
v 96.504219 -4.111046 -3.967757
v 103.225105 -5.713323 -1.942342
v 103.225105 -4.860124 -2.104014
v 103.225105 -5.713323 -1.942342
v 96.504219 -4.111046 -3.967757
v 96.504219 -5.686900 -3.657879
v 87.536346 -3.127298 -5.656350
v 96.504219 -5.686900 -3.657879
v 96.504219 -4.111046 -3.967757
v 96.504219 -5.686900 -3.657879
v 87.536346 -3.127298 -5.656350
v 87.536346 -5.472430 -5.225223
v 87.536346 -3.127298 -5.656350
v 78.495132 -4.849234 -6.213232
v 87.536346 -5.472430 -5.225223
v 78.495132 -4.849234 -6.213232
v 87.536346 -3.127298 -5.656350
v 78.495132 -1.949289 -6.725198
v 87.536346 -0.782166 -5.225221
v 78.495132 -1.949289 -6.725198
v 87.536346 -3.127298 -5.656350
v 78.495132 -1.949289 -6.725198
v 87.536346 -0.782166 -5.225221
v 78.495132 0.950655 -6.213230
v 87.536346 1.205523 -3.999191
v 78.495132 0.950655 -6.213230
v 87.536346 -0.782166 -5.225221
v 78.495132 0.950655 -6.213230
v 87.536346 1.205523 -3.999191
v 78.495132 3.409236 -4.753669
v 87.536346 2.534275 -2.166882
v 78.495132 3.409236 -4.753669
v 87.536346 1.205523 -3.999191
v 78.495132 3.409236 -4.753669
v 87.536346 2.534275 -2.166882
v 78.495132 5.051916 -2.575562
v 87.536346 3.000503 0.002243
v 78.495132 5.051916 -2.575562
v 87.536346 2.534275 -2.166882
v 78.495132 5.051916 -2.575562
v 87.536346 3.000503 0.002243
v 78.495132 5.628485 0.002244
v 87.536346 3.000503 0.002243
v 78.495132 5.051914 2.575559
v 78.495132 5.628485 0.002244
v 78.495132 5.051914 2.575559
v 87.536346 3.000503 0.002243
v 87.536346 2.534273 2.166877
v 87.536346 3.000503 0.002243
v 96.504219 -0.305065 1.448330
v 87.536346 2.534273 2.166877
v 96.504219 -0.305065 1.448330
v 87.536346 3.000503 0.002243
v 96.504219 0.007309 0.002242
v 96.504219 0.007309 0.002242
v 103.225105 -2.799392 0.806118
v 96.504219 -0.305065 1.448330
v 103.225105 -2.799392 0.806118
v 96.504219 0.007309 0.002242
v 103.225105 -2.629996 0.002241
v 108.679169 -5.386966 0.002241
v 103.225105 -2.799392 0.806118
v 103.225105 -2.629996 0.002241
v 108.679169 -5.386966 0.002241
v 103.225105 -3.282717 1.488745
v 103.225105 -2.799392 0.806118
v 108.679169 -5.386966 0.002241
v 103.225105 -4.006927 1.942327
v 103.225105 -3.282717 1.488745
v 108.679169 -5.386966 0.002241
v 103.225105 -4.860126 2.104005
v 103.225105 -4.006927 1.942327
v 108.679169 -5.386966 0.002241
v 103.225105 -5.713325 1.942326
v 103.225105 -4.860126 2.104005
v 108.679169 -5.386966 0.002241
v 103.225105 -6.437533 1.488744
v 103.225105 -5.713325 1.942326
v 108.679169 -5.386966 0.002241
v 103.225105 -6.920857 0.806117
v 103.225105 -6.437533 1.488744
v 108.679169 -5.386966 0.002241
v 103.225105 -7.090253 0.002240
v 103.225105 -6.920857 0.806117
v 103.225105 -7.090253 0.002240
v 96.504219 -7.915477 1.448327
v 103.225105 -6.920857 0.806117
v 96.504219 -7.915477 1.448327
v 103.225105 -7.090253 0.002240
v 96.504219 -8.229403 0.002240
v 96.504219 -8.229403 0.002240
v 87.536346 -8.788877 2.166874
v 96.504219 -7.915477 1.448327
v 87.536346 -8.788877 2.166874
v 96.504219 -8.229403 0.002240
v 87.536346 -9.255105 0.002239
v 78.495132 -9.527067 0.002239
v 87.536346 -8.788877 2.166874
v 87.536346 -9.255105 0.002239
v 87.536346 -8.788877 2.166874
v 78.495132 -9.527067 0.002239
v 78.495132 -8.950499 2.575555
v 68.860504 -9.491320 0.002239
v 78.495132 -8.950499 2.575555
v 78.495132 -9.527067 0.002239
v 78.495132 -8.950499 2.575555
v 68.860504 -9.491320 0.002239
v 68.860504 -8.801302 2.809078
v 48.944492 -9.118329 0.002239
v 68.860504 -8.801302 2.809078
v 68.860504 -9.491320 0.002239
v 68.860504 -8.801302 2.809078
v 48.944492 -9.118329 0.002239
v 48.944492 -8.313308 2.845011
v 15.806712 -8.602356 0.002240
v 48.944492 -8.313308 2.845011
v 48.944492 -9.118329 0.002239
v 48.944492 -8.313308 2.845011
v 15.806712 -8.602356 0.002240
v 15.806713 -7.805105 2.894409
v 15.806713 -7.805105 2.894409
v 48.944492 -6.021016 5.256648
v 48.944492 -8.313308 2.845011
v 48.944492 -6.021016 5.256648
v 15.806713 -7.805105 2.894409
v 15.806714 -5.533016 5.350959
v 15.806714 -5.533016 5.350959
v 48.944496 -2.591125 6.868899
v 48.944492 -6.021016 5.256648
v 48.944496 -2.591125 6.868899
v 15.806714 -5.533016 5.350959
v 23.654440 -1.967922 6.958714
v 23.654440 -1.967922 6.958714
v 45.837410 1.457299 7.448229
v 48.944496 -2.591125 6.868899
v 45.837410 1.457299 7.448229
v 23.654440 -1.967922 6.958714
v 23.654440 2.214152 7.529068
v 45.837410 1.457299 7.448229
v 23.654440 2.214152 7.529068
v 39.343216 5.822759 6.940754
v 23.654440 2.214152 7.529068
v 23.654442 6.396228 6.958717
v 39.343216 5.822759 6.940754
v 23.654440 2.214152 7.529068
v 20.293985 4.473810 7.286558
v 23.654442 6.396228 6.958717
v 20.293985 4.473810 7.286558
v 15.806718 5.877162 6.990158
v 23.654442 6.396228 6.958717
v 15.806718 5.877162 6.990158
v 23.654444 9.941123 5.324014
v 23.654442 6.396228 6.958717
v 23.654444 9.941123 5.324014
v 15.806718 5.877162 6.990158
v 15.806720 9.289960 5.350964
v 7.738968 6.940167 5.943763
v 15.806720 9.289960 5.350964
v 15.806718 5.877162 6.990158
v 7.738968 6.940167 5.943763
v 0.344648 7.499646 4.874922
v 15.806720 9.289960 5.350964
v 0.344649 9.498215 2.916867
v 15.806720 9.289960 5.350964
v 0.344648 7.499646 4.874922
v 15.806720 9.289960 5.350964
v 0.344649 9.498215 2.916867
v 15.806721 11.785841 2.894415
v 0.344649 9.498215 2.916867
v 15.806721 12.583093 0.002246
v 15.806721 11.785841 2.894415
v 15.806721 12.583093 0.002246
v 0.344649 9.498215 2.916867
v 0.344649 10.208439 0.002245
v -7.056347 8.735157 2.418372
v 0.344649 10.208439 0.002245
v 0.344649 9.498215 2.916867
v 0.344649 10.208439 0.002245
v -7.056347 8.735157 2.418372
v -7.056346 9.213820 0.002245
v -7.056347 8.735159 -2.418373
v 0.344649 10.208439 0.002245
v -7.056346 9.213820 0.002245
v 0.344649 10.208439 0.002245
v -7.056347 8.735159 -2.418373
v 0.344649 9.498217 -2.916868
v -7.056347 7.611547 -3.653385
v 0.344649 9.498217 -2.916868
v -7.056347 8.735159 -2.418373
v 0.344649 9.498217 -2.916868
v -7.056347 7.611547 -3.653385
v 0.344648 7.499650 -4.874924
v 15.806720 9.289964 -5.350965
v 0.344649 9.498217 -2.916868
v 0.344648 7.499650 -4.874924
v 0.344649 9.498217 -2.916868
v 15.806720 9.289964 -5.350965
v 15.806721 11.785843 -2.894414
v 15.806720 9.289964 -5.350965
v 24.727924 13.806164 -3.455785
v 15.806721 11.785843 -2.894414
v 24.727924 13.806164 -3.455785
v 15.806720 9.289964 -5.350965
v 23.654444 9.941127 -5.324014
v 15.806718 5.877167 -6.990160
v 23.654444 9.941127 -5.324014
v 15.806720 9.289964 -5.350965
v 23.654444 9.941127 -5.324014
v 15.806718 5.877167 -6.990160
v 23.654442 6.396233 -6.958725
v 20.293985 4.473815 -7.286561
v 23.654442 6.396233 -6.958725
v 15.806718 5.877167 -6.990160
v 23.654440 2.214158 -7.529074
v 23.654442 6.396233 -6.958725
v 20.293985 4.473815 -7.286561
v 23.654440 2.214158 -7.529074
v 39.343216 5.822764 -6.940756
v 23.654442 6.396233 -6.958725
v 45.837410 1.457304 -7.448235
v 39.343216 5.822764 -6.940756
v 23.654440 2.214158 -7.529074
v 45.837410 1.457304 -7.448235
v 45.837414 5.586539 -6.931775
v 39.343216 5.822764 -6.940756
v 52.058247 1.225741 -7.421290
v 45.837414 5.586539 -6.931775
v 45.837410 1.457304 -7.448235
v 45.837414 5.586539 -6.931775
v 52.058247 1.225741 -7.421290
v 52.051590 5.193351 -6.797048
v 52.058247 1.225741 -7.421290
v 57.278946 4.523532 -6.792557
v 52.051590 5.193351 -6.797048
v 68.860504 -0.427824 -7.340457
v 57.278946 4.523532 -6.792557
v 52.058247 1.225741 -7.421290
v 68.860504 -0.427824 -7.340457
v 68.860504 3.039366 -6.779085
v 57.278946 4.523532 -6.792557
v 68.860504 -0.427824 -7.340457
v 78.495132 0.950655 -6.213230
v 68.860504 3.039366 -6.779085
v 78.495132 0.950655 -6.213230
v 68.860504 -0.427824 -7.340457
v 78.495132 -1.949289 -6.725198
v 68.860504 -3.896568 -6.779087
v 78.495132 -1.949289 -6.725198
v 68.860504 -0.427824 -7.340457
v 78.495132 -1.949289 -6.725198
v 68.860504 -3.896568 -6.779087
v 78.495132 -4.849234 -6.213232
v 68.860504 -6.836920 -5.189291
v 78.495132 -4.849234 -6.213232
v 68.860504 -3.896568 -6.779087
v 78.495132 -4.849234 -6.213232
v 68.860504 -6.836920 -5.189291
v 78.495132 -7.307815 -4.753673
v 68.860504 -8.801300 -2.809090
v 78.495132 -7.307815 -4.753673
v 68.860504 -6.836920 -5.189291
v 78.495132 -7.307815 -4.753673
v 68.860504 -8.801300 -2.809090
v 78.495132 -8.950497 -2.575566
v 68.860504 -9.491320 0.002239
v 78.495132 -8.950497 -2.575566
v 68.860504 -8.801300 -2.809090
v 78.495132 -8.950497 -2.575566
v 68.860504 -9.491320 0.002239
v 78.495132 -9.527067 0.002239
v 78.495132 -9.527067 0.002239
v 87.536346 -8.788875 -2.166886
v 78.495132 -8.950497 -2.575566
v 87.536346 -8.788875 -2.166886
v 78.495132 -9.527067 0.002239
v 87.536346 -9.255105 0.002239
v 96.504219 -8.229403 0.002240
v 87.536346 -8.788875 -2.166886
v 87.536346 -9.255105 0.002239
v 87.536346 -8.788875 -2.166886
v 96.504219 -8.229403 0.002240
v 96.504219 -7.915476 -1.448339
v 103.225105 -7.090253 0.002240
v 96.504219 -7.915476 -1.448339
v 96.504219 -8.229403 0.002240
v 96.504219 -7.915476 -1.448339
v 103.225105 -7.090253 0.002240
v 103.225105 -6.920856 -0.806127
v 108.679169 -5.386966 0.002241
v 103.225105 -6.920856 -0.806127
v 103.225105 -7.090253 0.002240
v 108.679169 -5.386966 0.002241
v 103.225105 -6.437532 -1.488755
v 103.225105 -6.920856 -0.806127
v 108.679169 -5.386966 0.002241
v 103.225105 -5.713323 -1.942342
v 103.225105 -6.437532 -1.488755
v 108.679169 -5.386966 0.002241
v 103.225105 -4.860124 -2.104014
v 103.225105 -5.713323 -1.942342
v 108.679169 -5.386966 0.002241
v 103.225105 -4.006925 -1.942342
v 103.225105 -4.860124 -2.104014
v 108.679169 -5.386966 0.002241
v 103.225105 -3.282717 -1.488754
v 103.225105 -4.006925 -1.942342
v 108.679169 -5.386966 0.002241
v 103.225105 -2.799392 -0.806126
v 103.225105 -3.282717 -1.488754
v 108.679169 -5.386966 0.002241
v 103.225105 -2.629996 0.002241
v 103.225105 -2.799392 -0.806126
v 96.504219 0.007309 0.002242
v 103.225105 -2.799392 -0.806126
v 103.225105 -2.629996 0.002241
v 103.225105 -2.799392 -0.806126
v 96.504219 0.007309 0.002242
v 96.504219 -0.305064 -1.448336
v 87.536346 3.000503 0.002243
v 96.504219 -0.305064 -1.448336
v 96.504219 0.007309 0.002242
v 96.504219 -0.305064 -1.448336
v 87.536346 3.000503 0.002243
v 87.536346 2.534275 -2.166882
v 87.536346 2.534275 -2.166882
v 96.504219 -1.198669 -2.773162
v 96.504219 -0.305064 -1.448336
v 96.504219 -1.198669 -2.773162
v 87.536346 2.534275 -2.166882
v 87.536346 1.205523 -3.999191
v 87.536346 1.205523 -3.999191
v 96.504219 -2.535192 -3.657878
v 96.504219 -1.198669 -2.773162
v 96.504219 -2.535192 -3.657878
v 87.536346 1.205523 -3.999191
v 87.536346 -0.782166 -5.225221
v 87.536346 -0.782166 -5.225221
v 96.504219 -4.111046 -3.967757
v 96.504219 -2.535192 -3.657878
v 96.504219 -4.111046 -3.967757
v 87.536346 -0.782166 -5.225221
v 87.536346 -3.127298 -5.656350
v 103.225105 -4.860124 -2.104014
v 96.504219 -2.535192 -3.657878
v 96.504219 -4.111046 -3.967757
v 96.504219 -2.535192 -3.657878
v 103.225105 -4.860124 -2.104014
v 103.225105 -4.006925 -1.942342
v 103.225105 -4.006925 -1.942342
v 96.504219 -1.198669 -2.773162
v 96.504219 -2.535192 -3.657878
v 96.504219 -1.198669 -2.773162
v 103.225105 -4.006925 -1.942342
v 103.225105 -3.282717 -1.488754
v 103.225105 -3.282717 -1.488754
v 96.504219 -0.305064 -1.448336
v 96.504219 -1.198669 -2.773162
v 96.504219 -0.305064 -1.448336
v 103.225105 -3.282717 -1.488754
v 103.225105 -2.799392 -0.806126
v 96.504219 -5.686900 -3.657879
v 103.225105 -6.437532 -1.488755
v 103.225105 -5.713323 -1.942342
v 103.225105 -6.437532 -1.488755
v 96.504219 -5.686900 -3.657879
v 96.504219 -7.021871 -2.773164
v 87.536346 -5.472430 -5.225223
v 96.504219 -7.021871 -2.773164
v 96.504219 -5.686900 -3.657879
v 96.504219 -7.021871 -2.773164
v 87.536346 -5.472430 -5.225223
v 87.536346 -7.460121 -3.999193
v 87.536346 -5.472430 -5.225223
v 78.495132 -7.307815 -4.753673
v 87.536346 -7.460121 -3.999193
v 78.495132 -7.307815 -4.753673
v 87.536346 -5.472430 -5.225223
v 78.495132 -4.849234 -6.213232
v 78.495132 -8.950497 -2.575566
v 87.536346 -7.460121 -3.999193
v 78.495132 -7.307815 -4.753673
v 87.536346 -7.460121 -3.999193
v 78.495132 -8.950497 -2.575566
v 87.536346 -8.788875 -2.166886
v 96.504219 -7.915476 -1.448339
v 87.536346 -7.460121 -3.999193
v 87.536346 -8.788875 -2.166886
v 87.536346 -7.460121 -3.999193
v 96.504219 -7.915476 -1.448339
v 96.504219 -7.021871 -2.773164
v 103.225105 -6.920856 -0.806127
v 96.504219 -7.021871 -2.773164
v 96.504219 -7.915476 -1.448339
v 96.504219 -7.021871 -2.773164
v 103.225105 -6.920856 -0.806127
v 103.225105 -6.437532 -1.488755
v 78.495132 3.409236 -4.753669
v 68.860504 3.039366 -6.779085
v 78.495132 0.950655 -6.213230
v 68.860504 3.039366 -6.779085
v 78.495132 3.409236 -4.753669
v 68.520454 5.979716 -5.189287
v 78.495132 3.409236 -4.753669
v 78.495132 5.051916 -2.575562
v 68.520454 5.979716 -5.189287
v 78.495132 5.051916 -2.575562
v 67.346962 7.877269 -3.455787
v 68.520454 5.979716 -5.189287
v 67.346962 7.877269 -3.455787
v 78.495132 5.051916 -2.575562
v 68.607140 8.166329 -1.928860
v 78.495132 5.628485 0.002244
v 68.607140 8.166329 -1.928860
v 78.495132 5.051916 -2.575562
v 68.607140 8.166329 -1.928860
v 78.495132 5.628485 0.002244
v 68.933846 8.503567 0.002245
v 78.495132 5.628485 0.002244
v 68.607140 8.166327 1.928858
v 68.933846 8.503567 0.002245
v 68.607140 8.166327 1.928858
v 78.495132 5.628485 0.002244
v 78.495132 5.051914 2.575559
v 67.346962 7.877266 3.455785
v 68.607140 8.166327 1.928858
v 78.495132 5.051914 2.575559
v 78.495132 5.051914 2.575559
v 68.520454 5.979712 5.189285
v 67.346962 7.877266 3.455785
v 78.495132 3.409233 4.753665
v 68.520454 5.979712 5.189285
v 78.495132 5.051914 2.575559
v 78.495132 3.409233 4.753665
v 68.860504 3.039360 6.779081
v 68.520454 5.979712 5.189285
v 68.860504 3.039360 6.779081
v 78.495132 3.409233 4.753665
v 78.495132 0.950650 6.213224
v 87.536346 1.205520 3.999186
v 78.495132 0.950650 6.213224
v 78.495132 3.409233 4.753665
v 78.495132 0.950650 6.213224
v 87.536346 1.205520 3.999186
v 87.536346 -0.782170 5.225215
v 87.536346 1.205520 3.999186
v 96.504219 -2.535195 3.657871
v 87.536346 -0.782170 5.225215
v 96.504219 -2.535195 3.657871
v 87.536346 1.205520 3.999186
v 96.504219 -1.198671 2.773155
v 87.536346 2.534273 2.166877
v 96.504219 -1.198671 2.773155
v 87.536346 1.205520 3.999186
v 96.504219 -1.198671 2.773155
v 87.536346 2.534273 2.166877
v 96.504219 -0.305065 1.448330
v 96.504219 -0.305065 1.448330
v 103.225105 -3.282717 1.488745
v 96.504219 -1.198671 2.773155
v 103.225105 -3.282717 1.488745
v 96.504219 -0.305065 1.448330
v 103.225105 -2.799392 0.806118
v 103.225105 -4.006927 1.942327
v 96.504219 -1.198671 2.773155
v 103.225105 -3.282717 1.488745
v 96.504219 -1.198671 2.773155
v 103.225105 -4.006927 1.942327
v 96.504219 -2.535195 3.657871
v 103.225105 -4.860126 2.104005
v 96.504219 -2.535195 3.657871
v 103.225105 -4.006927 1.942327
v 96.504219 -2.535195 3.657871
v 103.225105 -4.860126 2.104005
v 96.504219 -4.111049 3.967749
v 103.225105 -5.713325 1.942326
v 96.504219 -4.111049 3.967749
v 103.225105 -4.860126 2.104005
v 96.504219 -4.111049 3.967749
v 103.225105 -5.713325 1.942326
v 96.504219 -5.686903 3.657870
v 103.225105 -6.437533 1.488744
v 96.504219 -5.686903 3.657870
v 103.225105 -5.713325 1.942326
v 96.504219 -5.686903 3.657870
v 103.225105 -6.437533 1.488744
v 96.504219 -7.021873 2.773153
v 103.225105 -6.920857 0.806117
v 96.504219 -7.021873 2.773153
v 103.225105 -6.437533 1.488744
v 96.504219 -7.021873 2.773153
v 103.225105 -6.920857 0.806117
v 96.504219 -7.915477 1.448327
v 96.504219 -7.915477 1.448327
v 87.536346 -7.460124 3.999183
v 96.504219 -7.021873 2.773153
v 87.536346 -7.460124 3.999183
v 96.504219 -7.915477 1.448327
v 87.536346 -8.788877 2.166874
v 78.495132 -8.950499 2.575555
v 87.536346 -7.460124 3.999183
v 87.536346 -8.788877 2.166874
v 87.536346 -7.460124 3.999183
v 78.495132 -8.950499 2.575555
v 78.495132 -7.307819 4.753662
v 68.860504 -8.801302 2.809078
v 78.495132 -7.307819 4.753662
v 78.495132 -8.950499 2.575555
v 78.495132 -7.307819 4.753662
v 68.860504 -8.801302 2.809078
v 68.860504 -6.836924 5.189281
v 48.944492 -8.313308 2.845011
v 68.860504 -6.836924 5.189281
v 68.860504 -8.801302 2.809078
v 68.860504 -6.836924 5.189281
v 48.944492 -8.313308 2.845011
v 48.944492 -6.021016 5.256648
v 48.944492 -6.021016 5.256648
v 68.860504 -3.896573 6.779079
v 68.860504 -6.836924 5.189281
v 68.860504 -3.896573 6.779079
v 48.944492 -6.021016 5.256648
v 48.944496 -2.591125 6.868899
v 48.944496 -2.591125 6.868899
v 68.860504 -0.427830 7.340451
v 68.860504 -3.896573 6.779079
v 68.860504 -0.427830 7.340451
v 48.944496 -2.591125 6.868899
v 52.058247 1.225736 7.421285
v 52.058247 1.225736 7.421285
v 48.944496 -2.591125 6.868899
v 45.837410 1.457299 7.448229
v 45.837414 5.586534 6.931772
v 52.058247 1.225736 7.421285
v 45.837410 1.457299 7.448229
v 52.058247 1.225736 7.421285
v 45.837414 5.586534 6.931772
v 52.051590 5.193346 6.797044
v 45.837414 5.586534 6.931772
v 49.091190 9.094131 5.377908
v 52.051590 5.193346 6.797044
v 45.837414 5.586534 6.931772
v 40.483368 10.185109 5.377908
v 49.091190 9.094131 5.377908
v 39.343216 5.822759 6.940754
v 40.483368 10.185109 5.377908
v 45.837414 5.586534 6.931772
v 40.483368 10.185109 5.377908
v 39.343216 5.822759 6.940754
v 39.769943 10.324979 5.377909
v 39.343216 5.822759 6.940754
v 23.654442 6.396228 6.958717
v 39.769943 10.324979 5.377909
v 39.769943 10.324979 5.377909
v 23.654442 6.396228 6.958717
v 23.654444 9.941123 5.324014
v 39.769943 10.324979 5.377909
v 23.654444 9.941123 5.324014
v 33.495758 11.395754 5.041086
v 23.654444 9.941123 5.324014
v 27.301603 12.665453 4.457268
v 33.495758 11.395754 5.041086
v 23.654444 9.941123 5.324014
v 24.727924 13.806162 3.455787
v 27.301603 12.665453 4.457268
v 15.806720 9.289960 5.350964
v 24.727924 13.806162 3.455787
v 23.654444 9.941123 5.324014
v 24.727924 13.806162 3.455787
v 15.806720 9.289960 5.350964
v 15.806721 11.785841 2.894415
v 15.806721 11.785841 2.894415
v 23.967813 14.434017 1.928860
v 24.727924 13.806162 3.455787
v 23.967813 14.434017 1.928860
v 15.806721 11.785841 2.894415
v 15.806721 12.583093 0.002246
v 15.806721 12.583093 0.002246
v 23.641106 14.721527 0.002247
v 23.967813 14.434017 1.928860
v 15.806721 12.583093 0.002246
v 23.967813 14.434019 -1.928858
v 23.641106 14.721527 0.002247
v 23.967813 14.434019 -1.928858
v 15.806721 12.583093 0.002246
v 15.806721 11.785843 -2.894414
v 15.806721 12.583093 0.002246
v 0.344649 9.498217 -2.916868
v 15.806721 11.785843 -2.894414
v 0.344649 9.498217 -2.916868
v 15.806721 12.583093 0.002246
v 0.344649 10.208439 0.002245
v 15.806721 11.785843 -2.894414
v 24.727924 13.806164 -3.455785
v 23.967813 14.434019 -1.928858
v 0.344642 -8.011793 0.002240
v 15.806713 -7.805103 -2.894420
v 0.344643 -7.301570 -3.154894
v 15.806713 -7.805103 -2.894420
v 0.344642 -8.011793 0.002240
v 15.806712 -8.602356 0.002240
v 15.806714 -5.533012 -5.350969
v 0.344643 -7.301570 -3.154894
v 15.806713 -7.805103 -2.894420
v 0.344643 -7.301570 -3.154894
v 15.806714 -5.533012 -5.350969
v 0.344643 -5.501925 -5.054563
v 68.860504 -3.896568 -6.779087
v 48.944492 -6.021012 -5.256658
v 68.860504 -6.836920 -5.189291
v 48.944492 -6.021012 -5.256658
v 68.860504 -3.896568 -6.779087
v 48.944496 -2.591120 -6.868907
v 68.860504 -0.427824 -7.340457
v 48.944496 -2.591120 -6.868907
v 68.860504 -3.896568 -6.779087
v 48.944496 -2.591120 -6.868907
v 68.860504 -0.427824 -7.340457
v 52.058247 1.225741 -7.421290
v 52.058247 1.225741 -7.421290
v 45.837410 1.457304 -7.448235
v 48.944496 -2.591120 -6.868907
v 45.837410 1.457304 -7.448235
v 23.654440 -1.967917 -6.958728
v 48.944496 -2.591120 -6.868907
v 23.654440 -1.967917 -6.958728
v 45.837410 1.457304 -7.448235
v 23.654440 2.214158 -7.529074
v 15.806714 -5.533012 -5.350969
v 48.944496 -2.591120 -6.868907
v 23.654440 -1.967917 -6.958728
v 48.944496 -2.591120 -6.868907
v 15.806714 -5.533012 -5.350969
v 48.944492 -6.021012 -5.256658
v 15.806713 -7.805103 -2.894420
v 48.944492 -6.021012 -5.256658
v 15.806714 -5.533012 -5.350969
v 48.944492 -6.021012 -5.256658
v 15.806713 -7.805103 -2.894420
v 48.944492 -8.313306 -2.845022
v 15.806712 -8.602356 0.002240
v 48.944492 -8.313306 -2.845022
v 15.806713 -7.805103 -2.894420
v 48.944492 -8.313306 -2.845022
v 15.806712 -8.602356 0.002240
v 48.944492 -9.118329 0.002239
v 48.944492 -9.118329 0.002239
v 68.860504 -8.801300 -2.809090
v 48.944492 -8.313306 -2.845022
v 68.860504 -8.801300 -2.809090
v 48.944492 -9.118329 0.002239
v 68.860504 -9.491320 0.002239
v 68.860504 -6.836920 -5.189291
v 48.944492 -8.313306 -2.845022
v 68.860504 -8.801300 -2.809090
v 48.944492 -8.313306 -2.845022
v 68.860504 -6.836920 -5.189291
v 48.944492 -6.021012 -5.256658
v 39.769943 10.324983 -5.377909
v 23.654444 9.941127 -5.324014
v 23.654442 6.396233 -6.958725
v 39.769943 10.324983 -5.377909
v 33.495758 11.395758 -5.041086
v 23.654444 9.941127 -5.324014
v 23.654444 9.941127 -5.324014
v 33.495758 11.395758 -5.041086
v 27.301603 12.665457 -4.457266
v 23.654444 9.941127 -5.324014
v 27.301603 12.665457 -4.457266
v 24.727924 13.806164 -3.455785
v 39.343216 5.822764 -6.940756
v 39.769943 10.324983 -5.377909
v 23.654442 6.396233 -6.958725
v 39.343216 5.822764 -6.940756
v 40.483368 10.185113 -5.377909
v 39.769943 10.324983 -5.377909
v 40.483368 10.185113 -5.377909
v 39.343216 5.822764 -6.940756
v 45.837414 5.586539 -6.931775
v 45.837414 5.586539 -6.931775
v 49.091190 9.094134 -5.377909
v 40.483368 10.185113 -5.377909
v 45.837414 5.586539 -6.931775
v 52.051590 5.193351 -6.797048
v 49.091190 9.094134 -5.377909
v 55.318691 8.349719 -5.377910
v 49.091190 9.094134 -5.377909
v 52.051590 5.193351 -6.797048
v 57.278946 4.523532 -6.792557
v 55.318691 8.349719 -5.377910
v 52.051590 5.193351 -6.797048
v 55.318691 8.349719 -5.377910
v 57.278946 4.523532 -6.792557
v 56.992249 8.248703 -5.292580
v 68.860504 3.039366 -6.779085
v 56.992249 8.248703 -5.292580
v 57.278946 4.523532 -6.792557
v 68.860504 3.039366 -6.779085
v 63.726490 7.735848 -4.852470
v 56.992249 8.248703 -5.292580
v 68.860504 3.039366 -6.779085
v 68.520454 5.979716 -5.189287
v 63.726490 7.735848 -4.852470
v 68.520454 5.979716 -5.189287
v 67.346962 7.877269 -3.455787
v 63.726490 7.735848 -4.852470
v 40.483368 10.185113 -5.377909
v 40.149986 13.035327 -5.126415
v 39.769943 10.324983 -5.377909
v 40.149986 13.035327 -5.126415
v 40.483368 10.185113 -5.377909
v 40.803413 12.931201 -5.126415
v 40.803413 12.931201 -5.126415
v 40.470032 15.332282 -3.922838
v 40.149986 13.035327 -5.126415
v 40.470032 15.332282 -3.922838
v 40.803413 12.931201 -5.126415
v 41.070114 15.254576 -3.922838
v 41.250145 16.805565 -2.121971
v 40.470032 15.332282 -3.922838
v 41.070114 15.254576 -3.922838
v 40.470032 15.332282 -3.922838
v 41.250145 16.805565 -2.121971
v 40.690060 16.867729 -2.121971
v 41.316818 17.351051 0.002247
v 40.690060 16.867729 -2.121971
v 41.250145 16.805565 -2.121971
v 40.690060 16.867729 -2.121971
v 41.316818 17.351051 0.002247
v 40.763409 17.407000 0.002247
v 41.316818 17.351051 0.002247
v 40.690060 16.867729 2.121974
v 40.763409 17.407000 0.002247
v 40.690060 16.867729 2.121974
v 41.316818 17.351051 0.002247
v 41.250145 16.805565 2.121974
v 41.250145 16.805565 2.121974
v 40.470032 15.332278 3.922841
v 40.690060 16.867729 2.121974
v 40.470032 15.332278 3.922841
v 41.250145 16.805565 2.121974
v 41.070114 15.254572 3.922841
v 40.803413 12.931197 5.126417
v 40.470032 15.332278 3.922841
v 41.070114 15.254572 3.922841
v 40.470032 15.332278 3.922841
v 40.803413 12.931197 5.126417
v 40.149986 13.035323 5.126417
v 40.483368 10.185109 5.377908
v 40.149986 13.035323 5.126417
v 40.803413 12.931197 5.126417
v 40.149986 13.035323 5.126417
v 40.483368 10.185109 5.377908
v 39.769943 10.324979 5.377909
v -7.056347 7.611547 -3.653385
v -13.943933 7.933246 -1.668385
v -13.943933 7.310054 -2.539629
v -13.943933 7.933246 -1.668385
v -7.056347 7.611547 -3.653385
v -7.056347 8.735159 -2.418373
v -7.056347 8.735159 -2.418373
v -13.943933 8.230080 0.002245
v -13.943933 7.933246 -1.668385
v -13.943933 8.230080 0.002245
v -7.056347 8.735159 -2.418373
v -7.056346 9.213820 0.002245
v -7.056347 8.735157 2.418372
v -13.943933 8.230080 0.002245
v -7.056346 9.213820 0.002245
v -13.943933 8.230080 0.002245
v -7.056347 8.735157 2.418372
v -13.943933 7.933245 1.668384
v -7.056347 7.611545 3.653383
v -13.943933 7.933245 1.668384
v -7.056347 8.735157 2.418372
v -13.943933 7.933245 1.668384
v -7.056347 7.611545 3.653383
v -13.943933 7.310052 2.539628
v -19.864731 6.859367 1.291144
v -13.943933 7.933245 1.668384
v -13.943933 7.310052 2.539628
v -13.943933 7.933245 1.668384
v -19.864731 6.859367 1.291144
v -19.864731 7.204376 0.801630
v -24.538694 6.435101 0.002244
v -19.864731 7.204376 0.801630
v -19.864731 6.859367 1.291144
v -24.538694 6.435101 0.002244
v -19.864731 7.344246 0.002244
v -19.864731 7.204376 0.801630
v -24.538694 6.435101 0.002244
v -19.864731 7.204377 -0.801632
v -19.864731 7.344246 0.002244
v -24.538694 6.435101 0.002244
v -19.864731 6.859368 -1.291146
v -19.864731 7.204377 -0.801632
v -19.864731 6.859368 -1.291146
v -13.943933 7.933246 -1.668385
v -19.864731 7.204377 -0.801632
v -13.943933 7.933246 -1.668385
v -19.864731 6.859368 -1.291146
v -13.943933 7.310054 -2.539629
v -13.943933 7.933246 -1.668385
v -19.864731 7.344246 0.002244
v -19.864731 7.204377 -0.801632
v -19.864731 7.344246 0.002244
v -13.943933 7.933246 -1.668385
v -13.943933 8.230080 0.002245
v -13.943933 7.933245 1.668384
v -19.864731 7.344246 0.002244
v -13.943933 8.230080 0.002245
v -19.864731 7.344246 0.002244
v -13.943933 7.933245 1.668384
v -19.864731 7.204376 0.801630
v -71.158279 -3.066629 -1.533661
v -78.332573 -2.387486 0.002241
v -71.158279 -3.066629 0.002241
v -78.332573 -2.387486 0.002241
v -71.158279 -3.066629 -1.533661
v -78.332573 -2.387485 -1.497735
v -78.332573 -2.387486 0.002241
v -71.158279 -3.066630 1.533653
v -71.158279 -3.066629 0.002241
v -71.158279 -3.066630 1.533653
v -78.332573 -2.387486 0.002241
v -78.332573 -2.387486 1.497727
v -53.675938 -5.049664 2.575556
v -71.158279 -3.066629 0.002241
v -71.158279 -3.066630 1.533653
v -71.158279 -3.066629 0.002241
v -53.675938 -5.049664 2.575556
v -53.675938 -5.049664 0.002241
v -26.778994 -5.834494 4.003674
v -53.675938 -5.049664 0.002241
v -53.675938 -5.049664 2.575556
v -53.675938 -5.049664 0.002241
v -26.778994 -5.834494 4.003674
v -26.778994 -6.507417 0.002240
v -26.778994 -5.834494 4.003674
v 0.344642 -8.011793 0.002240
v -26.778994 -6.507417 0.002240
v 0.344642 -8.011793 0.002240
v -26.778994 -5.834494 4.003674
v 0.344643 -7.301572 3.154883
v 0.344643 -7.301572 3.154883
v -26.778994 -5.834494 4.003674
v 0.344643 -5.501928 5.054554
v 0.344642 -8.011793 0.002240
v -26.778994 -5.834491 -4.003684
v -26.778994 -6.507417 0.002240
v -26.778994 -5.834491 -4.003684
v 0.344642 -8.011793 0.002240
v 0.344643 -7.301570 -3.154894
v 0.344643 -7.301570 -3.154894
v 0.344643 -5.501925 -5.054563
v -26.778994 -5.834491 -4.003684
v -26.778994 -5.834491 -4.003684
v -53.675938 -5.049664 0.002241
v -26.778994 -6.507417 0.002240
v -53.675938 -5.049664 0.002241
v -26.778994 -5.834491 -4.003684
v -53.675938 -5.049663 -2.575565
v -53.675938 -5.049663 -2.575565
v -71.158279 -3.066629 0.002241
v -53.675938 -5.049664 0.002241
v -71.158279 -3.066629 0.002241
v -53.675938 -5.049663 -2.575565
v -71.158279 -3.066629 -1.533661
v 7.738968 6.940172 -5.943766
v 15.806718 5.877167 -6.990160
v 15.806720 9.289964 -5.350965
v 7.738968 6.940172 -5.943766
v 15.806720 9.289964 -5.350965
v 0.344648 7.499650 -4.874924
v 40.650063 10.122949 -4.641393
v 40.803413 12.931201 -5.126415
v 40.483368 10.185113 -5.377909
v 40.803413 12.931201 -5.126415
v 40.650063 10.122949 -4.641393
v 40.956764 12.808428 -4.695281
v 40.956764 12.808428 -4.695281
v 41.070114 15.254576 -3.922838
v 40.803413 12.931201 -5.126415
v 41.070114 15.254576 -3.922838
v 40.956764 12.808428 -4.695281
v 41.216801 14.981054 -3.568053
v 41.216801 14.981054 -3.568053
v 41.250145 16.805565 -2.121971
v 41.070114 15.254576 -3.922838
v 41.250145 16.805565 -2.121971
v 41.216801 14.981054 -3.568053
v 41.390160 16.410822 -1.910894
v 41.390160 16.410822 -1.910894
v 41.316818 17.351051 0.002247
v 41.250145 16.805565 -2.121971
v 41.316818 17.351051 0.002247
v 41.390160 16.410822 -1.910894
v 41.450169 16.917458 0.002247
v 41.390160 16.410822 1.910898
v 41.316818 17.351051 0.002247
v 41.450169 16.917458 0.002247
v 41.316818 17.351051 0.002247
v 41.390160 16.410822 1.910898
v 41.250145 16.805565 2.121974
v 41.216801 14.981052 3.568055
v 41.250145 16.805565 2.121974
v 41.390160 16.410822 1.910898
v 41.250145 16.805565 2.121974
v 41.216801 14.981052 3.568055
v 41.070114 15.254572 3.922841
v 40.956764 12.808424 4.695282
v 41.070114 15.254572 3.922841
v 41.216801 14.981052 3.568055
v 41.070114 15.254572 3.922841
v 40.956764 12.808424 4.695282
v 40.803413 12.931197 5.126417
v 40.650063 10.122945 4.641393
v 40.803413 12.931197 5.126417
v 40.956764 12.808424 4.695282
v 40.803413 12.931197 5.126417
v 40.650063 10.122945 4.641393
v 40.483368 10.185109 5.377908
v 39.603252 10.276806 -4.641393
v 40.149986 13.035327 -5.126415
v 39.976627 12.914107 -4.695281
v 40.149986 13.035327 -5.126415
v 39.603252 10.276806 -4.641393
v 39.769943 10.324983 -5.377909
v 40.470032 15.332282 -3.922838
v 39.976627 12.914107 -4.695281
v 40.149986 13.035327 -5.126415
v 39.976627 12.914107 -4.695281
v 40.470032 15.332282 -3.922838
v 40.296677 15.047883 -3.577040
v 40.690060 16.867729 -2.121971
v 40.296677 15.047883 -3.577040
v 40.470032 15.332282 -3.922838
v 40.296677 15.047883 -3.577040
v 40.690060 16.867729 -2.121971
v 40.516705 16.465218 -1.924366
v 40.763409 17.407000 0.002247
v 40.516705 16.465218 -1.924366
v 40.690060 16.867729 -2.121971
v 40.516705 16.465218 -1.924366
v 40.763409 17.407000 0.002247
v 40.596718 16.970299 0.002247
v 40.763409 17.407000 0.002247
v 40.516705 16.465218 1.924370
v 40.596718 16.970299 0.002247
v 40.516705 16.465218 1.924370
v 40.763409 17.407000 0.002247
v 40.690060 16.867729 2.121974
v 40.690060 16.867729 2.121974
v 40.296677 15.047881 3.577043
v 40.516705 16.465218 1.924370
v 40.296677 15.047881 3.577043
v 40.690060 16.867729 2.121974
v 40.470032 15.332278 3.922841
v 40.470032 15.332278 3.922841
v 39.976627 12.914104 4.695282
v 40.296677 15.047881 3.577043
v 39.976627 12.914104 4.695282
v 40.470032 15.332278 3.922841
v 40.149986 13.035323 5.126417
v 40.149986 13.035323 5.126417
v 39.603252 10.276802 4.641393
v 39.976627 12.914104 4.695282
v 39.603252 10.276802 4.641393
v 40.149986 13.035323 5.126417
v 39.769943 10.324979 5.377909
v 87.536346 -5.472434 5.225214
v 96.504219 -7.021873 2.773153
v 87.536346 -7.460124 3.999183
v 96.504219 -7.021873 2.773153
v 87.536346 -5.472434 5.225214
v 96.504219 -5.686903 3.657870
v 87.536346 -3.127303 5.656342
v 96.504219 -5.686903 3.657870
v 87.536346 -5.472434 5.225214
v 96.504219 -5.686903 3.657870
v 87.536346 -3.127303 5.656342
v 96.504219 -4.111049 3.967749
v 87.536346 -0.782170 5.225215
v 96.504219 -4.111049 3.967749
v 87.536346 -3.127303 5.656342
v 96.504219 -4.111049 3.967749
v 87.536346 -0.782170 5.225215
v 96.504219 -2.535195 3.657871
v 78.495132 -1.949294 6.725191
v 87.536346 -0.782170 5.225215
v 87.536346 -3.127303 5.656342
v 87.536346 -0.782170 5.225215
v 78.495132 -1.949294 6.725191
v 78.495132 0.950650 6.213224
v 68.860504 -0.427830 7.340451
v 78.495132 0.950650 6.213224
v 78.495132 -1.949294 6.725191
v 78.495132 0.950650 6.213224
v 68.860504 -0.427830 7.340451
v 68.860504 3.039360 6.779081
v 68.860504 -0.427830 7.340451
v 57.278946 4.523528 6.792553
v 68.860504 3.039360 6.779081
v 68.860504 -0.427830 7.340451
v 52.058247 1.225736 7.421285
v 57.278946 4.523528 6.792553
v 52.058247 1.225736 7.421285
v 52.051590 5.193346 6.797044
v 57.278946 4.523528 6.792553
v 55.318691 8.349715 5.377908
v 57.278946 4.523528 6.792553
v 52.051590 5.193346 6.797044
v 57.278946 4.523528 6.792553
v 55.318691 8.349715 5.377908
v 56.992249 8.248699 5.292578
v 68.860504 3.039360 6.779081
v 57.278946 4.523528 6.792553
v 56.992249 8.248699 5.292578
v 68.860504 3.039360 6.779081
v 56.992249 8.248699 5.292578
v 63.726490 7.735844 4.852468
v 68.860504 3.039360 6.779081
v 63.726490 7.735844 4.852468
v 68.520454 5.979712 5.189285
v 68.520454 5.979712 5.189285
v 63.726490 7.735844 4.852468
v 67.346962 7.877266 3.455785
v 55.318691 8.349715 5.377908
v 52.051590 5.193346 6.797044
v 49.091190 9.094131 5.377908
v 78.495132 -1.949294 6.725191
v 68.860504 -3.896573 6.779079
v 68.860504 -0.427830 7.340451
v 68.860504 -3.896573 6.779079
v 78.495132 -1.949294 6.725191
v 78.495132 -4.849239 6.213223
v 87.536346 -3.127303 5.656342
v 78.495132 -4.849239 6.213223
v 78.495132 -1.949294 6.725191
v 78.495132 -4.849239 6.213223
v 87.536346 -3.127303 5.656342
v 87.536346 -5.472434 5.225214
v 87.536346 -5.472434 5.225214
v 78.495132 -7.307819 4.753662
v 78.495132 -4.849239 6.213223
v 78.495132 -7.307819 4.753662
v 87.536346 -5.472434 5.225214
v 87.536346 -7.460124 3.999183
v 68.860504 -6.836924 5.189281
v 78.495132 -4.849239 6.213223
v 78.495132 -7.307819 4.753662
v 78.495132 -4.849239 6.213223
v 68.860504 -6.836924 5.189281
v 68.860504 -3.896573 6.779079
v 78.495132 3.409233 4.753665
v 87.536346 2.534273 2.166877
v 87.536346 1.205520 3.999186
v 87.536346 2.534273 2.166877
v 78.495132 3.409233 4.753665
v 78.495132 5.051914 2.575559
v 0.344642 -8.011793 0.002240
v 15.806713 -7.805105 2.894409
v 15.806712 -8.602356 0.002240
v 15.806713 -7.805105 2.894409
v 0.344642 -8.011793 0.002240
v 0.344643 -7.301572 3.154883
v 0.344643 -7.301572 3.154883
v 15.806714 -5.533016 5.350959
v 15.806713 -7.805105 2.894409
v 15.806714 -5.533016 5.350959
v 0.344643 -7.301572 3.154883
v 0.344643 -5.501928 5.054554
v 0.344649 9.498215 2.916867
v -7.056347 7.611545 3.653383
v -7.056347 8.735157 2.418372
v -7.056347 7.611545 3.653383
v 0.344649 9.498215 2.916867
v 0.344648 7.499646 4.874922
v 45.837410 1.457299 7.448229
v 39.343216 5.822759 6.940754
v 45.837414 5.586534 6.931772
v 55.185341 8.307758 -4.641394
v 57.692337 10.118279 -4.650374
v 57.185608 8.208296 -4.677320
v 57.692337 10.118279 -4.650374
v 55.185341 8.307758 -4.641394
v 55.838757 10.533225 -4.695281
v 55.838757 10.533225 -4.695281
v 58.319096 12.365503 -3.545600
v 57.692337 10.118279 -4.650374
v 58.319096 12.365503 -3.545600
v 55.838757 10.533225 -4.695281
v 56.458843 12.764908 -3.568053
v 56.458843 12.764908 -3.568053
v 58.632465 13.545062 -1.937840
v 58.319096 12.365503 -3.545600
v 58.632465 13.545062 -1.937840
v 56.458843 12.764908 -3.568053
v 56.818893 14.051699 -1.919876
v 56.818893 14.051699 -1.919876
v 58.739147 13.980209 0.002246
v 58.632465 13.545062 -1.937840
v 58.739147 13.980209 0.002246
v 56.818893 14.051699 -1.919876
v 56.945580 14.513265 0.002247
v 56.818893 14.051697 1.919879
v 58.739147 13.980209 0.002246
v 56.945580 14.513265 0.002247
v 58.739147 13.980209 0.002246
v 56.818893 14.051697 1.919879
v 58.632465 13.545060 1.937841
v 56.458843 12.764906 3.568054
v 58.632465 13.545060 1.937841
v 56.818893 14.051697 1.919879
v 58.632465 13.545060 1.937841
v 56.458843 12.764906 3.568054
v 58.319096 12.365501 3.545601
v 55.838757 10.533221 4.695282
v 58.319096 12.365501 3.545601
v 56.458843 12.764906 3.568054
v 58.319096 12.365501 3.545601
v 55.838757 10.533221 4.695282
v 57.692337 10.118276 4.650374
v 55.185341 8.307755 4.641392
v 57.692337 10.118276 4.650374
v 55.838757 10.533221 4.695282
v 57.692337 10.118276 4.650374
v 55.185341 8.307755 4.641392
v 57.185608 8.208292 4.677318
v 55.318691 8.349719 -5.377910
v 57.525658 10.231730 -5.081508
v 55.985447 10.649782 -5.126416
v 57.525658 10.231730 -5.081508
v 55.318691 8.349719 -5.377910
v 56.992249 8.248703 -5.292580
v 58.199074 12.628147 -3.891404
v 55.985447 10.649782 -5.126416
v 57.525658 10.231730 -5.081508
v 55.985447 10.649782 -5.126416
v 58.199074 12.628147 -3.891404
v 56.645538 13.032211 -3.922839
v 58.565788 13.919600 -2.121971
v 56.645538 13.032211 -3.922839
v 58.199074 12.628147 -3.891404
v 56.645538 13.032211 -3.922839
v 58.565788 13.919600 -2.121971
v 57.045582 14.435561 -2.121971
v 58.699139 14.379611 0.002247
v 57.045582 14.435561 -2.121971
v 58.565788 13.919600 -2.121971
v 57.045582 14.435561 -2.121971
v 58.699139 14.379611 0.002247
v 57.185612 14.929763 0.002247
v 58.699139 14.379611 0.002247
v 57.045582 14.435559 2.121974
v 57.185612 14.929763 0.002247
v 57.045582 14.435559 2.121974
v 58.699139 14.379611 0.002247
v 58.565788 13.919598 2.121974
v 58.565788 13.919598 2.121974
v 56.645538 13.032207 3.922841
v 57.045582 14.435559 2.121974
v 56.645538 13.032207 3.922841
v 58.565788 13.919598 2.121974
v 58.199074 12.628143 3.891405
v 58.199074 12.628143 3.891405
v 55.985447 10.649778 5.126416
v 56.645538 13.032207 3.922841
v 55.985447 10.649778 5.126416
v 58.199074 12.628143 3.891405
v 57.525658 10.231726 5.081509
v 57.525658 10.231726 5.081509
v 55.318691 8.349715 5.377908
v 55.985447 10.649778 5.126416
v 55.318691 8.349715 5.377908
v 57.525658 10.231726 5.081509
v 56.992249 8.248699 5.292578
v 57.185608 8.208296 -4.677320
v 57.525658 10.231730 -5.081508
v 56.992249 8.248703 -5.292580
v 57.525658 10.231730 -5.081508
v 57.185608 8.208296 -4.677320
v 57.692337 10.118279 -4.650374
v 57.692337 10.118279 -4.650374
v 58.199074 12.628147 -3.891404
v 57.525658 10.231730 -5.081508
v 58.199074 12.628147 -3.891404
v 57.692337 10.118279 -4.650374
v 58.319096 12.365503 -3.545600
v 58.319096 12.365503 -3.545600
v 58.565788 13.919600 -2.121971
v 58.199074 12.628147 -3.891404
v 58.565788 13.919600 -2.121971
v 58.319096 12.365503 -3.545600
v 58.632465 13.545062 -1.937840
v 58.632465 13.545062 -1.937840
v 58.699139 14.379611 0.002247
v 58.565788 13.919600 -2.121971
v 58.699139 14.379611 0.002247
v 58.632465 13.545062 -1.937840
v 58.739147 13.980209 0.002246
v 58.632465 13.545060 1.937841
v 58.699139 14.379611 0.002247
v 58.739147 13.980209 0.002246
v 58.699139 14.379611 0.002247
v 58.632465 13.545060 1.937841
v 58.565788 13.919598 2.121974
v 58.319096 12.365501 3.545601
v 58.565788 13.919598 2.121974
v 58.632465 13.545060 1.937841
v 58.565788 13.919598 2.121974
v 58.319096 12.365501 3.545601
v 58.199074 12.628143 3.891405
v 57.692337 10.118276 4.650374
v 58.199074 12.628143 3.891405
v 58.319096 12.365501 3.545601
v 58.199074 12.628143 3.891405
v 57.692337 10.118276 4.650374
v 57.525658 10.231726 5.081509
v 57.185608 8.208292 4.677318
v 57.525658 10.231726 5.081509
v 57.692337 10.118276 4.650374
v 57.525658 10.231726 5.081509
v 57.185608 8.208292 4.677318
v 56.992249 8.248699 5.292578
v 55.185341 8.307758 -4.641394
v 55.985447 10.649782 -5.126416
v 55.838757 10.533225 -4.695281
v 55.985447 10.649782 -5.126416
v 55.185341 8.307758 -4.641394
v 55.318691 8.349719 -5.377910
v 56.645538 13.032211 -3.922839
v 55.838757 10.533225 -4.695281
v 55.985447 10.649782 -5.126416
v 55.838757 10.533225 -4.695281
v 56.645538 13.032211 -3.922839
v 56.458843 12.764908 -3.568053
v 57.045582 14.435561 -2.121971
v 56.458843 12.764908 -3.568053
v 56.645538 13.032211 -3.922839
v 56.458843 12.764908 -3.568053
v 57.045582 14.435561 -2.121971
v 56.818893 14.051699 -1.919876
v 57.185612 14.929763 0.002247
v 56.818893 14.051699 -1.919876
v 57.045582 14.435561 -2.121971
v 56.818893 14.051699 -1.919876
v 57.185612 14.929763 0.002247
v 56.945580 14.513265 0.002247
v 57.185612 14.929763 0.002247
v 56.818893 14.051697 1.919879
v 56.945580 14.513265 0.002247
v 56.818893 14.051697 1.919879
v 57.185612 14.929763 0.002247
v 57.045582 14.435559 2.121974
v 57.045582 14.435559 2.121974
v 56.458843 12.764906 3.568054
v 56.818893 14.051697 1.919879
v 56.458843 12.764906 3.568054
v 57.045582 14.435559 2.121974
v 56.645538 13.032207 3.922841
v 56.645538 13.032207 3.922841
v 55.838757 10.533221 4.695282
v 56.458843 12.764906 3.568054
v 55.838757 10.533221 4.695282
v 56.645538 13.032207 3.922841
v 55.985447 10.649778 5.126416
v 55.985447 10.649778 5.126416
v 55.185341 8.307755 4.641392
v 55.838757 10.533221 4.695282
v 55.185341 8.307755 4.641392
v 55.985447 10.649778 5.126416
v 55.318691 8.349715 5.377908
v 58.972511 7.852407 -4.677320
v 55.185341 8.307758 -4.641394
v 57.185608 8.208296 -4.677320
v 58.972511 7.852403 4.677318
v 57.185608 8.208292 4.677318
v 55.185341 8.307755 4.641392
v -62.303761 3.578670 43.708134
v -66.090935 3.692113 62.255741
v -66.090935 3.578665 62.255741
v -66.090935 3.692113 62.255741
v -62.303761 3.578670 43.708134
v -62.303761 3.692119 43.708134
v -50.875557 3.241425 43.708134
v -66.090935 3.578665 62.255741
v -58.356567 3.241421 62.255741
v -66.090935 3.578665 62.255741
v -50.875557 3.241425 43.708134
v -62.303761 3.578670 43.708134
v -62.303761 3.692119 43.708134
v -58.356567 4.083744 62.255741
v -66.090935 3.692113 62.255741
v -58.356567 4.083744 62.255741
v -62.303761 3.692119 43.708134
v -50.875557 4.083747 43.708134
v -66.090935 3.692113 62.255741
v -58.356567 3.241421 62.255741
v -66.090935 3.578665 62.255741
v -58.356567 3.241421 62.255741
v -66.090935 3.692113 62.255741
v -58.356567 4.083744 62.255741
v -58.356567 4.083744 62.255741
v -50.875557 3.241425 43.708134
v -58.356567 3.241421 62.255741
v -50.875557 3.241425 43.708134
v -58.356567 4.083744 62.255741
v -50.875557 4.083747 43.708134
v -50.875557 4.083747 43.708134
v -62.303761 3.578670 43.708134
v -50.875557 3.241425 43.708134
v -62.303761 3.578670 43.708134
v -50.875557 4.083747 43.708134
v -62.303761 3.692119 43.708134
v -62.303761 3.578702 -43.708138
v -66.090935 3.692160 -62.255749
v -62.303761 3.692151 -43.708138
v -66.090935 3.692160 -62.255749
v -62.303761 3.578702 -43.708138
v -66.090935 3.578711 -62.255749
v -50.875557 3.241458 -43.708138
v -66.090935 3.578711 -62.255749
v -62.303761 3.578702 -43.708138
v -66.090935 3.578711 -62.255749
v -50.875557 3.241458 -43.708138
v -58.356567 3.241467 -62.255749
v -62.303761 3.692151 -43.708138
v -58.356567 4.083789 -62.255749
v -50.875557 4.083780 -43.708138
v -58.356567 4.083789 -62.255749
v -62.303761 3.692151 -43.708138
v -66.090935 3.692160 -62.255749
v -66.090935 3.692160 -62.255749
v -58.356567 3.241467 -62.255749
v -58.356567 4.083789 -62.255749
v -58.356567 3.241467 -62.255749
v -66.090935 3.692160 -62.255749
v -66.090935 3.578711 -62.255749
v -58.356567 4.083789 -62.255749
v -50.875557 3.241458 -43.708138
v -50.875557 4.083780 -43.708138
v -50.875557 3.241458 -43.708138
v -58.356567 4.083789 -62.255749
v -58.356567 3.241467 -62.255749
v -50.875557 4.083780 -43.708138
v -62.303761 3.578702 -43.708138
v -62.303761 3.692151 -43.708138
v -62.303761 3.578702 -43.708138
v -50.875557 4.083780 -43.708138
v -50.875557 3.241458 -43.708138
v -62.303761 3.578695 -22.470451
v -50.875557 3.241458 -43.654247
v -62.303761 3.578702 -43.654247
v -50.875557 3.241458 -43.654247
v -62.303761 3.578695 -22.470451
v -50.875557 3.241450 -22.470451
v -50.875557 4.083772 -22.470451
v -62.303761 3.692151 -43.654247
v -50.875557 4.083780 -43.654247
v -62.303761 3.692151 -43.654247
v -50.875557 4.083772 -22.470451
v -62.303761 3.692143 -22.470451
v -62.303761 3.692151 -43.654247
v -62.303761 3.578695 -22.470451
v -62.303761 3.578702 -43.654247
v -62.303761 3.578695 -22.470451
v -62.303761 3.692151 -43.654247
v -62.303761 3.692143 -22.470451
v -62.303761 3.692151 -43.654247
v -50.875557 3.241458 -43.654247
v -50.875557 4.083780 -43.654247
v -50.875557 3.241458 -43.654247
v -62.303761 3.692151 -43.654247
v -62.303761 3.578702 -43.654247
v -50.875557 4.083772 -22.470451
v -62.303761 3.578695 -22.470451
v -62.303761 3.692143 -22.470451
v -62.303761 3.578695 -22.470451
v -50.875557 4.083772 -22.470451
v -50.875557 3.241450 -22.470451
v -50.875557 4.083780 -43.654247
v -50.875557 3.241450 -22.470451
v -50.875557 4.083772 -22.470451
v -50.875557 3.241450 -22.470451
v -50.875557 4.083780 -43.654247
v -50.875557 3.241458 -43.654247
v -62.303761 3.578678 22.470448
v -50.875557 3.241425 43.654243
v -50.875557 3.241433 22.470448
v -50.875557 3.241425 43.654243
v -62.303761 3.578678 22.470448
v -62.303761 3.578670 43.654243
v -50.875557 4.083755 22.470448
v -62.303761 3.692119 43.654243
v -62.303761 3.692127 22.470448
v -62.303761 3.692119 43.654243
v -50.875557 4.083755 22.470448
v -50.875557 4.083747 43.654243
v -62.303761 3.692119 43.654243
v -62.303761 3.578678 22.470448
v -62.303761 3.692127 22.470448
v -62.303761 3.578678 22.470448
v -62.303761 3.692119 43.654243
v -62.303761 3.578670 43.654243
v -62.303761 3.692119 43.654243
v -50.875557 3.241425 43.654243
v -62.303761 3.578670 43.654243
v -50.875557 3.241425 43.654243
v -62.303761 3.692119 43.654243
v -50.875557 4.083747 43.654243
v -50.875557 4.083755 22.470448
v -62.303761 3.578678 22.470448
v -50.875557 3.241433 22.470448
v -62.303761 3.578678 22.470448
v -50.875557 4.083755 22.470448
v -62.303761 3.692127 22.470448
v -50.875557 4.083747 43.654243
v -50.875557 3.241433 22.470448
v -50.875557 3.241425 43.654243
v -50.875557 3.241433 22.470448
v -50.875557 4.083747 43.654243
v -50.875557 4.083755 22.470448
v -97.835197 7.109615 -19.555826
v -97.835190 24.032175 -19.443546
v -97.835197 7.109615 -19.443552
v -97.835190 24.032175 -19.443546
v -97.835197 7.109615 -19.555826
v -97.835190 24.032175 -19.555820
v -97.835197 7.109615 -19.555826
v -91.981064 24.032173 -19.838749
v -97.835190 24.032175 -19.555820
v -91.981064 24.032173 -19.838749
v -97.835197 7.109615 -19.555826
v -88.313911 7.109612 -19.982464
v -88.313911 7.109611 -19.016914
v -97.835190 24.032175 -19.443546
v -91.981064 24.032173 -19.160618
v -97.835190 24.032175 -19.443546
v -88.313911 7.109611 -19.016914
v -97.835197 7.109615 -19.443552
v -97.835190 24.032175 -19.443546
v -91.981064 24.032173 -19.838749
v -91.981064 24.032173 -19.160618
v -91.981064 24.032173 -19.838749
v -97.835190 24.032175 -19.443546
v -97.835190 24.032175 -19.555820
v -88.313911 7.109611 -19.016914
v -97.835197 7.109615 -19.555826
v -97.835197 7.109615 -19.443552
v -97.835197 7.109615 -19.555826
v -88.313911 7.109611 -19.016914
v -88.313911 7.109612 -19.982464
v -91.981064 24.032173 -19.160618
v -88.313911 7.109612 -19.982464
v -88.313911 7.109611 -19.016914
v -88.313911 7.109612 -19.982464
v -91.981064 24.032173 -19.160618
v -91.981064 24.032173 -19.838749
v -97.835197 7.109601 19.555824
v -97.835190 24.032160 19.443556
v -97.835190 24.032160 19.555830
v -97.835190 24.032160 19.443556
v -97.835197 7.109601 19.555824
v -97.835197 7.109601 19.443550
v -97.835197 7.109601 19.555824
v -91.981064 24.032158 19.838758
v -88.313911 7.109596 19.982462
v -91.981064 24.032158 19.838758
v -97.835197 7.109601 19.555824
v -97.835190 24.032160 19.555830
v -88.313911 7.109597 19.016912
v -97.835190 24.032160 19.443556
v -97.835197 7.109601 19.443550
v -97.835190 24.032160 19.443556
v -88.313911 7.109597 19.016912
v -91.981064 24.032158 19.160627
v -97.835190 24.032160 19.443556
v -91.981064 24.032158 19.838758
v -97.835190 24.032160 19.555830
v -91.981064 24.032158 19.838758
v -97.835190 24.032160 19.443556
v -91.981064 24.032158 19.160627
v -88.313911 7.109597 19.016912
v -97.835197 7.109601 19.555824
v -88.313911 7.109596 19.982462
v -97.835197 7.109601 19.555824
v -88.313911 7.109597 19.016912
v -97.835197 7.109601 19.443550
v -91.981064 24.032158 19.160627
v -88.313911 7.109596 19.982462
v -91.981064 24.032158 19.838758
v -88.313911 7.109596 19.982462
v -91.981064 24.032158 19.160627
v -88.313911 7.109597 19.016912
v -99.108696 -1.268511 -46.097321
v -99.142036 -1.238984 -42.778515
v -95.554886 -1.268513 -43.869812
v -100.728912 -1.268510 -46.357796
v -99.142036 -1.238984 -42.778515
v -99.108696 -1.268511 -46.097321
v -100.728912 -1.268510 -46.357796
v -102.549156 -1.268509 -45.985046
v -99.142036 -1.238984 -42.778515
v -100.848930 -1.181481 -46.883236
v -102.549156 -1.268509 -45.985046
v -100.728912 -1.268510 -46.357796
v -102.549156 -1.268509 -45.985046
v -100.848930 -1.181481 -46.883236
v -102.742516 -1.181480 -46.250011
v -100.902267 -0.968569 -47.098804
v -102.742516 -1.181480 -46.250011
v -100.848930 -1.181481 -46.883236
v -102.742516 -1.181480 -46.250011
v -100.902267 -0.968569 -47.098804
v -102.915878 -0.968569 -46.429653
v -107.869865 -0.968568 -43.573410
v -102.742516 -1.181480 -46.250011
v -102.915878 -0.968569 -46.429653
v -102.742516 -1.181480 -46.250011
v -107.869865 -0.968568 -43.573410
v -107.756523 -1.181479 -43.402756
v -109.683449 -0.968568 -41.646793
v -107.756523 -1.181479 -43.402756
v -107.869865 -0.968568 -43.573410
v -109.796799 -0.968568 -39.518085
v -107.756523 -1.181479 -43.402756
v -109.683449 -0.968568 -41.646793
v -107.756523 -1.181479 -43.402756
v -109.796799 -0.968568 -39.518085
v -106.242981 -1.181481 -40.604893
v -104.862801 -0.903305 -20.454018
v -106.242981 -1.181481 -40.604893
v -109.796799 -0.968568 -39.518085
v -106.242981 -1.181481 -40.604893
v -104.862801 -0.903305 -20.454018
v -96.535019 -1.378863 -20.454018
v -89.434067 -1.462786 -20.395638
v -106.242981 -1.181481 -40.604893
v -96.535019 -1.378863 -20.454018
v -106.242981 -1.181481 -40.604893
v -89.434067 -1.462786 -20.395638
v -99.142036 -1.238984 -42.778515
v -89.434067 -1.462786 -20.395638
v -82.979866 -1.473664 -29.139507
v -99.142036 -1.238984 -42.778515
v -74.392052 -1.576241 -21.442026
v -82.979866 -1.473664 -29.139507
v -89.434067 -1.462786 -20.395638
v -73.045204 -1.378871 -21.536337
v -82.979866 -1.473664 -29.139507
v -74.392052 -1.576241 -21.442026
v -82.979866 -1.473664 -29.139507
v -73.045204 -1.378871 -21.536337
v -81.819717 -1.313593 -29.139507
v -72.491791 -0.903317 -21.576754
v -81.819717 -1.313593 -29.139507
v -73.045204 -1.378871 -21.536337
v -81.819717 -1.313593 -29.139507
v -72.491791 -0.903317 -21.576754
v -81.339645 -0.925069 -29.139507
v -82.979866 -1.473664 -29.139507
v -95.554886 -1.268513 -43.869812
v -99.142036 -1.238984 -42.778515
v -95.554886 -1.268513 -43.869812
v -82.979866 -1.473664 -29.139507
v -78.492599 -1.473666 -29.139507
v -77.339111 -1.313595 -29.139507
v -95.554886 -1.268513 -43.869812
v -78.492599 -1.473666 -29.139507
v -95.554886 -1.268513 -43.869812
v -77.339111 -1.313595 -29.139507
v -94.981476 -1.181484 -44.044960
v -76.859047 -0.925071 -29.139507
v -94.981476 -1.181484 -44.044960
v -77.339111 -1.313595 -29.139507
v -94.981476 -1.181484 -44.044960
v -76.859047 -0.925071 -29.139507
v -94.748116 -0.968572 -44.116814
v -94.748116 -0.968572 -44.116814
v -99.042023 -1.181481 -46.699108
v -94.981476 -1.181484 -44.044960
v -99.042023 -1.181481 -46.699108
v -94.748116 -0.968572 -44.116814
v -99.022018 -0.968570 -46.946110
v -99.022018 -0.968570 -46.946110
v -100.848930 -1.181481 -46.883236
v -99.042023 -1.181481 -46.699108
v -100.848930 -1.181481 -46.883236
v -99.022018 -0.968570 -46.946110
v -100.902267 -0.968569 -47.098804
v -100.728912 -1.268510 -46.357796
v -99.042023 -1.181481 -46.699108
v -100.848930 -1.181481 -46.883236
v -99.042023 -1.181481 -46.699108
v -100.728912 -1.268510 -46.357796
v -99.108696 -1.268511 -46.097321
v -99.108696 -1.268511 -46.097321
v -94.981476 -1.181484 -44.044960
v -99.042023 -1.181481 -46.699108
v -94.981476 -1.181484 -44.044960
v -99.108696 -1.268511 -46.097321
v -95.554886 -1.268513 -43.869812
v -102.549156 -1.268509 -45.985046
v -106.242981 -1.181481 -40.604893
v -99.142036 -1.238984 -42.778515
v -106.242981 -1.181481 -40.604893
v -102.549156 -1.268509 -45.985046
v -107.756523 -1.181479 -43.402756
v -102.742516 -1.181480 -46.250011
v -107.756523 -1.181479 -43.402756
v -102.549156 -1.268509 -45.985046
v -82.979866 -1.473664 -29.139507
v -77.339111 -1.313595 -29.139507
v -78.492599 -1.473666 -29.139507
v -77.339111 -1.313595 -29.139507
v -82.979866 -1.473664 -29.139507
v -81.819717 -1.313593 -29.139507
v -81.819717 -1.313593 -29.139507
v -76.859047 -0.925071 -29.139507
v -77.339111 -1.313595 -29.139507
v -76.859047 -0.925071 -29.139507
v -81.819717 -1.313593 -29.139507
v -81.339645 -0.925069 -29.139507
v -81.339645 -0.925069 -29.139507
v -77.339111 -0.536546 -29.139507
v -76.859047 -0.925071 -29.139507
v -77.339111 -0.536546 -29.139507
v -81.339645 -0.925069 -29.139507
v -81.819717 -0.536544 -29.139507
v -81.819717 -0.536544 -29.139507
v -78.492599 -0.378028 -29.139507
v -77.339111 -0.536546 -29.139507
v -78.492599 -0.378028 -29.139507
v -81.819717 -0.536544 -29.139507
v -82.979866 -0.378026 -29.139507
v -96.535019 -0.427755 -20.454018
v -96.535019 -1.378863 -20.454018
v -104.862801 -0.903305 -20.454018
v -89.434067 -0.345390 -20.395638
v -96.535019 -1.378863 -20.454018
v -96.535019 -0.427755 -20.454018
v -96.535019 -1.378863 -20.454018
v -89.434067 -0.345390 -20.395638
v -89.434067 -1.462786 -20.395638
v -89.434067 -0.345390 -20.395638
v -74.392052 -1.576241 -21.442026
v -89.434067 -1.462786 -20.395638
v -74.392052 -1.576241 -21.442026
v -89.434067 -0.345390 -20.395638
v -74.392052 -0.230393 -21.442026
v -73.045204 -0.427764 -21.536337
v -74.392052 -1.576241 -21.442026
v -74.392052 -0.230393 -21.442026
v -74.392052 -1.576241 -21.442026
v -73.045204 -0.427764 -21.536337
v -73.045204 -1.378871 -21.536337
v -73.045204 -1.378871 -21.536337
v -73.045204 -0.427764 -21.536337
v -72.491791 -0.903317 -21.576754
v -99.022018 -0.968570 -46.946110
v -94.981476 -0.757216 -44.044960
v -99.042023 -0.757213 -46.699108
v -94.981476 -0.757216 -44.044960
v -99.022018 -0.968570 -46.946110
v -94.748116 -0.968572 -44.116814
v -76.859047 -0.925071 -29.139507
v -94.981476 -0.757216 -44.044960
v -94.748116 -0.968572 -44.116814
v -94.981476 -0.757216 -44.044960
v -76.859047 -0.925071 -29.139507
v -77.339111 -0.536546 -29.139507
v -77.339111 -0.536546 -29.139507
v -95.554886 -0.668632 -43.869812
v -94.981476 -0.757216 -44.044960
v -95.554886 -0.668632 -43.869812
v -77.339111 -0.536546 -29.139507
v -78.492599 -0.378028 -29.139507
v -82.979866 -0.378026 -29.139507
v -95.554886 -0.668632 -43.869812
v -78.492599 -0.378028 -29.139507
v -95.554886 -0.668632 -43.869812
v -82.979866 -0.378026 -29.139507
v -99.142036 -0.698159 -42.778515
v -99.142036 -0.698159 -42.778515
v -82.979866 -0.378026 -29.139507
v -89.434067 -0.345390 -20.395638
v -82.979866 -0.378026 -29.139507
v -74.392052 -0.230393 -21.442026
v -89.434067 -0.345390 -20.395638
v -81.819717 -0.536544 -29.139507
v -74.392052 -0.230393 -21.442026
v -82.979866 -0.378026 -29.139507
v -74.392052 -0.230393 -21.442026
v -81.819717 -0.536544 -29.139507
v -73.045204 -0.427764 -21.536337
v -81.339645 -0.925069 -29.139507
v -73.045204 -0.427764 -21.536337
v -81.819717 -0.536544 -29.139507
v -73.045204 -0.427764 -21.536337
v -81.339645 -0.925069 -29.139507
v -72.491791 -0.903317 -21.576754
v -89.434067 -0.345390 -20.395638
v -106.242981 -0.757213 -40.604893
v -99.142036 -0.698159 -42.778515
v -106.242981 -0.757213 -40.604893
v -89.434067 -0.345390 -20.395638
v -96.535019 -0.427755 -20.454018
v -96.535019 -0.427755 -20.454018
v -109.796799 -0.968568 -39.518085
v -106.242981 -0.757213 -40.604893
v -109.796799 -0.968568 -39.518085
v -96.535019 -0.427755 -20.454018
v -104.862801 -0.903305 -20.454018
v -109.683449 -0.968568 -41.646793
v -106.242981 -0.757213 -40.604893
v -109.796799 -0.968568 -39.518085
v -106.242981 -0.757213 -40.604893
v -109.683449 -0.968568 -41.646793
v -107.756523 -0.757211 -43.402756
v -107.756523 -0.757211 -43.402756
v -99.142036 -0.698159 -42.778515
v -106.242981 -0.757213 -40.604893
v -99.142036 -0.698159 -42.778515
v -107.756523 -0.757211 -43.402756
v -102.549156 -0.668628 -45.985046
v -102.742516 -0.757212 -46.250011
v -102.549156 -0.668628 -45.985046
v -107.756523 -0.757211 -43.402756
v -100.848930 -0.757212 -46.883236
v -102.549156 -0.668628 -45.985046
v -102.742516 -0.757212 -46.250011
v -102.549156 -0.668628 -45.985046
v -100.848930 -0.757212 -46.883236
v -100.728912 -0.668629 -46.357796
v -99.042023 -0.757213 -46.699108
v -100.728912 -0.668629 -46.357796
v -100.848930 -0.757212 -46.883236
v -100.728912 -0.668629 -46.357796
v -99.042023 -0.757213 -46.699108
v -99.108696 -0.668629 -46.097321
v -99.042023 -0.757213 -46.699108
v -95.554886 -0.668632 -43.869812
v -99.108696 -0.668629 -46.097321
v -95.554886 -0.668632 -43.869812
v -99.042023 -0.757213 -46.699108
v -94.981476 -0.757216 -44.044960
v -99.108696 -0.668629 -46.097321
v -95.554886 -0.668632 -43.869812
v -99.142036 -0.698159 -42.778515
v -99.142036 -0.698159 -42.778515
v -100.728912 -0.668629 -46.357796
v -99.108696 -0.668629 -46.097321
v -99.142036 -0.698159 -42.778515
v -102.549156 -0.668628 -45.985046
v -100.728912 -0.668629 -46.357796
v -100.848930 -0.757212 -46.883236
v -99.022018 -0.968570 -46.946110
v -99.042023 -0.757213 -46.699108
v -99.022018 -0.968570 -46.946110
v -100.848930 -0.757212 -46.883236
v -100.902267 -0.968569 -47.098804
v -102.742516 -0.757212 -46.250011
v -100.902267 -0.968569 -47.098804
v -100.848930 -0.757212 -46.883236
v -100.902267 -0.968569 -47.098804
v -102.742516 -0.757212 -46.250011
v -102.915878 -0.968569 -46.429653
v -102.742516 -0.757212 -46.250011
v -107.869865 -0.968568 -43.573410
v -102.915878 -0.968569 -46.429653
v -107.869865 -0.968568 -43.573410
v -102.742516 -0.757212 -46.250011
v -107.756523 -0.757211 -43.402756
v -107.869865 -0.968568 -43.573410
v -107.756523 -0.757211 -43.402756
v -109.683449 -0.968568 -41.646793
v -99.108696 -1.268545 46.097309
v -95.554886 -1.268546 43.869801
v -99.142036 -1.239016 42.778511
v -99.108696 -1.268545 46.097309
v -94.981476 -1.181517 44.044956
v -95.554886 -1.268546 43.869801
v -94.981476 -1.181517 44.044956
v -99.108696 -1.268545 46.097309
v -99.042023 -1.181516 46.699104
v -100.728912 -1.268544 46.357784
v -99.042023 -1.181516 46.699104
v -99.108696 -1.268545 46.097309
v -99.042023 -1.181516 46.699104
v -100.728912 -1.268544 46.357784
v -100.848930 -1.181516 46.883228
v -102.549156 -1.268543 45.985035
v -100.848930 -1.181516 46.883228
v -100.728912 -1.268544 46.357784
v -100.848930 -1.181516 46.883228
v -102.549156 -1.268543 45.985035
v -102.742516 -1.181515 46.250008
v -102.742516 -1.181515 46.250008
v -102.549156 -1.268543 45.985035
v -107.756523 -1.181512 43.402752
v -102.549156 -1.268543 45.985035
v -106.242981 -1.181511 40.604889
v -107.756523 -1.181512 43.402752
v -106.242981 -1.181511 40.604889
v -102.549156 -1.268543 45.985035
v -99.142036 -1.239016 42.778511
v -100.728912 -1.268544 46.357784
v -99.142036 -1.239016 42.778511
v -102.549156 -1.268543 45.985035
v -100.728912 -1.268544 46.357784
v -99.108696 -1.268545 46.097309
v -99.142036 -1.239016 42.778511
v -89.434067 -1.462801 20.395632
v -106.242981 -1.181511 40.604889
v -99.142036 -1.239016 42.778511
v -106.242981 -1.181511 40.604889
v -89.434067 -1.462801 20.395632
v -96.535019 -1.378878 20.454010
v -104.862801 -0.903320 20.454010
v -106.242981 -1.181511 40.604889
v -96.535019 -1.378878 20.454010
v -106.242981 -1.181511 40.604889
v -104.862801 -0.903320 20.454010
v -109.796799 -0.968598 39.518082
v -109.796799 -0.968598 39.518082
v -107.756523 -1.181512 43.402752
v -106.242981 -1.181511 40.604889
v -107.756523 -1.181512 43.402752
v -109.796799 -0.968598 39.518082
v -109.683449 -0.968599 41.646786
v -109.683449 -0.968599 41.646786
v -107.869865 -0.968600 43.573399
v -107.756523 -1.181512 43.402752
v -107.869865 -0.968600 43.573399
v -102.742516 -1.181515 46.250008
v -107.756523 -1.181512 43.402752
v -102.742516 -1.181515 46.250008
v -107.869865 -0.968600 43.573399
v -102.915878 -0.968603 46.429649
v -100.902267 -0.968604 47.098797
v -102.742516 -1.181515 46.250008
v -102.915878 -0.968603 46.429649
v -102.742516 -1.181515 46.250008
v -100.902267 -0.968604 47.098797
v -100.848930 -1.181516 46.883228
v -99.022018 -0.968605 46.946098
v -100.848930 -1.181516 46.883228
v -100.902267 -0.968604 47.098797
v -100.848930 -1.181516 46.883228
v -99.022018 -0.968605 46.946098
v -99.042023 -1.181516 46.699104
v -94.748116 -0.968605 44.116806
v -99.042023 -1.181516 46.699104
v -99.022018 -0.968605 46.946098
v -99.042023 -1.181516 46.699104
v -94.748116 -0.968605 44.116806
v -94.981476 -1.181517 44.044956
v -76.859047 -0.925092 29.139498
v -94.981476 -1.181517 44.044956
v -94.748116 -0.968605 44.116806
v -94.981476 -1.181517 44.044956
v -76.859047 -0.925092 29.139498
v -77.339111 -1.313616 29.139498
v -77.339111 -1.313616 29.139498
v -95.554886 -1.268546 43.869801
v -94.981476 -1.181517 44.044956
v -95.554886 -1.268546 43.869801
v -77.339111 -1.313616 29.139498
v -78.492599 -1.473688 29.139498
v -82.979866 -1.473686 29.139498
v -95.554886 -1.268546 43.869801
v -78.492599 -1.473688 29.139498
v -95.554886 -1.268546 43.869801
v -82.979866 -1.473686 29.139498
v -99.142036 -1.239016 42.778511
v -89.434067 -1.462801 20.395632
v -99.142036 -1.239016 42.778511
v -82.979866 -1.473686 29.139498
v -74.392052 -1.576257 21.442019
v -89.434067 -1.462801 20.395632
v -82.979866 -1.473686 29.139498
v -82.979866 -1.473686 29.139498
v -73.045204 -1.378887 21.536331
v -74.392052 -1.576257 21.442019
v -73.045204 -1.378887 21.536331
v -82.979866 -1.473686 29.139498
v -81.819717 -1.313615 29.139498
v -81.819717 -1.313615 29.139498
v -72.491791 -0.903333 21.576748
v -73.045204 -1.378887 21.536331
v -72.491791 -0.903333 21.576748
v -81.819717 -1.313615 29.139498
v -81.339645 -0.925090 29.139498
v -82.979866 -1.473686 29.139498
v -77.339111 -1.313616 29.139498
v -81.819717 -1.313615 29.139498
v -77.339111 -1.313616 29.139498
v -82.979866 -1.473686 29.139498
v -78.492599 -1.473688 29.139498
v -76.859047 -0.925092 29.139498
v -81.819717 -1.313615 29.139498
v -77.339111 -1.313616 29.139498
v -81.819717 -1.313615 29.139498
v -76.859047 -0.925092 29.139498
v -81.339645 -0.925090 29.139498
v -77.339111 -0.536568 29.139498
v -81.339645 -0.925090 29.139498
v -76.859047 -0.925092 29.139498
v -81.339645 -0.925090 29.139498
v -77.339111 -0.536568 29.139498
v -81.819717 -0.536566 29.139498
v -78.492599 -0.378049 29.139498
v -81.819717 -0.536566 29.139498
v -77.339111 -0.536568 29.139498
v -81.819717 -0.536566 29.139498
v -78.492599 -0.378049 29.139498
v -82.979866 -0.378048 29.139498
v -96.535019 -0.427770 20.454010
v -104.862801 -0.903320 20.454010
v -96.535019 -1.378878 20.454010
v -96.535019 -1.378878 20.454010
v -89.434067 -0.345406 20.395632
v -96.535019 -0.427770 20.454010
v -89.434067 -0.345406 20.395632
v -96.535019 -1.378878 20.454010
v -89.434067 -1.462801 20.395632
v -74.392052 -1.576257 21.442019
v -89.434067 -0.345406 20.395632
v -89.434067 -1.462801 20.395632
v -89.434067 -0.345406 20.395632
v -74.392052 -1.576257 21.442019
v -74.392052 -0.230409 21.442019
v -74.392052 -1.576257 21.442019
v -73.045204 -0.427780 21.536331
v -74.392052 -0.230409 21.442019
v -73.045204 -0.427780 21.536331
v -74.392052 -1.576257 21.442019
v -73.045204 -1.378887 21.536331
v -73.045204 -1.378887 21.536331
v -72.491791 -0.903333 21.576748
v -73.045204 -0.427780 21.536331
v -99.022018 -0.968605 46.946098
v -94.981476 -0.757248 44.044956
v -94.748116 -0.968605 44.116806
v -94.981476 -0.757248 44.044956
v -99.022018 -0.968605 46.946098
v -99.042023 -0.757248 46.699104
v -99.022018 -0.968605 46.946098
v -100.848930 -0.757247 46.883228
v -99.042023 -0.757248 46.699104
v -100.848930 -0.757247 46.883228
v -99.022018 -0.968605 46.946098
v -100.902267 -0.968604 47.098797
v -100.902267 -0.968604 47.098797
v -102.742516 -0.757246 46.250008
v -100.848930 -0.757247 46.883228
v -102.742516 -0.757246 46.250008
v -100.902267 -0.968604 47.098797
v -102.915878 -0.968603 46.429649
v -107.869865 -0.968600 43.573399
v -102.742516 -0.757246 46.250008
v -102.915878 -0.968603 46.429649
v -102.742516 -0.757246 46.250008
v -107.869865 -0.968600 43.573399
v -107.756523 -0.757243 43.402752
v -107.869865 -0.968600 43.573399
v -109.683449 -0.968599 41.646786
v -107.756523 -0.757243 43.402752
v -102.742516 -0.757246 46.250008
v -107.756523 -0.757243 43.402752
v -102.549156 -0.668662 45.985035
v -107.756523 -0.757243 43.402752
v -99.142036 -0.698191 42.778511
v -102.549156 -0.668662 45.985035
v -99.142036 -0.698191 42.778511
v -107.756523 -0.757243 43.402752
v -106.242981 -0.757243 40.604889
v -109.683449 -0.968599 41.646786
v -106.242981 -0.757243 40.604889
v -107.756523 -0.757243 43.402752
v -106.242981 -0.757243 40.604889
v -109.683449 -0.968599 41.646786
v -109.796799 -0.968598 39.518082
v -109.796799 -0.968598 39.518082
v -96.535019 -0.427770 20.454010
v -106.242981 -0.757243 40.604889
v -96.535019 -0.427770 20.454010
v -109.796799 -0.968598 39.518082
v -104.862801 -0.903320 20.454010
v -89.434067 -0.345406 20.395632
v -106.242981 -0.757243 40.604889
v -96.535019 -0.427770 20.454010
v -106.242981 -0.757243 40.604889
v -89.434067 -0.345406 20.395632
v -99.142036 -0.698191 42.778511
v -99.142036 -0.698191 42.778511
v -89.434067 -0.345406 20.395632
v -82.979866 -0.378048 29.139498
v -82.979866 -0.378048 29.139498
v -89.434067 -0.345406 20.395632
v -74.392052 -0.230409 21.442019
v -74.392052 -0.230409 21.442019
v -81.819717 -0.536566 29.139498
v -82.979866 -0.378048 29.139498
v -81.819717 -0.536566 29.139498
v -74.392052 -0.230409 21.442019
v -73.045204 -0.427780 21.536331
v -73.045204 -0.427780 21.536331
v -81.339645 -0.925090 29.139498
v -81.819717 -0.536566 29.139498
v -81.339645 -0.925090 29.139498
v -73.045204 -0.427780 21.536331
v -72.491791 -0.903333 21.576748
v -82.979866 -0.378048 29.139498
v -95.554886 -0.668664 43.869801
v -99.142036 -0.698191 42.778511
v -95.554886 -0.668664 43.869801
v -82.979866 -0.378048 29.139498
v -78.492599 -0.378049 29.139492
v -77.339111 -0.536568 29.139492
v -95.554886 -0.668664 43.869801
v -78.492599 -0.378049 29.139492
v -95.554886 -0.668664 43.869801
v -77.339111 -0.536568 29.139492
v -94.981476 -0.757248 44.044956
v -76.859047 -0.925091 29.139492
v -94.981476 -0.757248 44.044956
v -77.339111 -0.536568 29.139492
v -94.981476 -0.757248 44.044956
v -76.859047 -0.925091 29.139492
v -94.748116 -0.968605 44.116806
v -99.042023 -0.757248 46.699104
v -95.554886 -0.668664 43.869801
v -94.981476 -0.757248 44.044956
v -95.554886 -0.668664 43.869801
v -99.042023 -0.757248 46.699104
v -99.108696 -0.668664 46.097305
v -99.042023 -0.757248 46.699104
v -100.728912 -0.668663 46.357780
v -99.108696 -0.668664 46.097305
v -100.728912 -0.668663 46.357780
v -99.042023 -0.757248 46.699104
v -100.848930 -0.757247 46.883228
v -100.848930 -0.757247 46.883228
v -102.549156 -0.668662 45.985035
v -100.728912 -0.668663 46.357780
v -102.549156 -0.668662 45.985035
v -100.848930 -0.757247 46.883228
v -102.742516 -0.757246 46.250008
v -99.142036 -0.698191 42.778511
v -100.728912 -0.668663 46.357780
v -102.549156 -0.668662 45.985035
v -99.142036 -0.698191 42.778511
v -99.108696 -0.668664 46.097305
v -100.728912 -0.668663 46.357780
v -99.108696 -0.668664 46.097305
v -99.142036 -0.698191 42.778511
v -95.554886 -0.668664 43.869801
vn 0.9281 0.1325 0.3480
vn 0.8537 0.5020 0.1383
vn 0.8248 0.5616 0.0658
vn 0.8537 0.5021 0.1383
vn 0.9263 0.1417 0.3492
vn 0.7728 0.0023 0.6346
vn 0.9262 0.1417 0.3493
vn 0.9280 0.1326 0.3481
vn 0.9262 0.1416 0.3493
vn 0.7814 0.0056 0.6240
vn 0.7926 0.0111 0.6097
vn 0.7318 -0.0000 0.6815
vn 0.7926 0.0111 0.6096
vn 0.7320 -0.0000 0.6813
vn 0.7371 -0.0000 0.6758
vn 0.7319 -0.0000 0.6815
vn 0.7071 -0.0000 0.7071
vn 0.7372 -0.0000 0.6757
vn 0.7071 -0.0001 0.7071
vn 0.7129 -0.0000 0.7013
vn 0.7609 0.0059 0.6489
vn 0.7609 0.0058 0.6489
vn 0.9281 0.1326 0.3480
vn 0.7814 0.0055 0.6240
vn 0.7609 0.0059 0.6488
vn 0.9281 0.1325 0.3479
vn 0.9087 0.1525 0.3885
vn 0.8248 0.5615 0.0658
vn 0.9088 0.1526 0.3885
vn 0.9087 0.1526 0.3885
vn 0.7205 0.6935 -0.0000
vn 0.7206 0.6934 -0.0000
vn 0.8363 0.1962 0.5120
vn 0.7205 0.6934 0.0001
vn 0.5387 0.8408 0.0526
vn 0.5387 0.8409 0.0525
vn 0.7796 0.2061 0.5914
vn 0.8362 0.1962 0.5120
vn 0.7795 0.2061 0.5915
vn 0.5387 0.8409 0.0524
vn 0.4112 0.9005 0.1417
vn 0.3662 0.5047 0.7818
vn 0.7795 0.2062 0.5914
vn 0.4112 0.9004 0.1417
vn 0.3662 0.5046 0.7819
vn 0.7163 0.0063 0.6977
vn 0.6954 -0.0000 0.7187
vn 0.7164 0.0061 0.6977
vn 0.6955 -0.0000 0.7186
vn 0.3661 0.5047 0.7818
vn 0.6869 -0.0001 0.7267
vn 0.6870 -0.0000 0.7267
vn 0.6869 -0.0000 0.7268
vn 0.6954 -0.0000 0.7186
vn 0.6869 -0.0001 0.7268
vn 0.6870 -0.0001 0.7267
vn 0.6841 -0.0001 0.7294
vn 0.7130 -0.0000 0.7012
vn 0.6869 -0.0000 0.7267
vn 0.7345 0.0062 0.6785
vn 0.6954 -0.0001 0.7186
vn 0.7346 0.0062 0.6785
vn 0.7163 0.0061 0.6977
vn 0.8363 0.1963 0.5120
vn 0.7164 0.0063 0.6976
vn 0.7345 0.0063 0.6785
vn 0.7164 0.0062 0.6977
vn 0.8362 0.1963 0.5120
vn 0.7795 0.2062 0.5915
vn 0.7346 0.0061 0.6785
vn 0.9087 0.1527 0.3885
vn 0.9088 0.1526 0.3884
vn 0.7129 -0.0001 0.7012
vn 0.7346 0.0061 0.6784
vn 0.7129 -0.0000 0.7012
vn 0.6839 -0.0001 0.7296
vn 0.6839 -0.0000 0.7296
vn 0.7126 -0.0000 0.7015
vn 0.7043 -0.0000 0.7099
vn 0.6839 -0.0001 0.7295
vn 0.7127 -0.0000 0.7015
vn 0.7238 -0.0001 0.6900
vn 0.7506 -0.0000 0.6608
vn 0.7127 -0.0001 0.7015
vn 0.7237 -0.0000 0.6901
vn 0.7504 -0.0001 0.6610
vn 0.7371 -0.0001 0.6758
vn 0.7504 -0.0000 0.6610
vn 0.7878 0.0055 0.6159
vn 0.7878 0.0056 0.6159
vn 0.7505 -0.0000 0.6609
vn 0.8110 0.0165 0.5849
vn 0.8110 0.0166 0.5848
vn 0.9263 0.1417 0.3491
vn 0.8109 0.0166 0.5849
vn 0.9374 0.2211 0.2691
vn 0.8520 0.5050 0.1380
vn 0.9263 0.1416 0.3492
vn 0.8521 0.5049 0.1380
vn 0.8662 0.4794 0.1409
vn 0.8662 0.4794 0.1411
vn 0.6123 0.7562 0.2309
vn 0.8521 0.5049 0.1381
vn 0.6122 0.7562 0.2309
vn 0.6581 0.7264 0.1979
vn 0.6582 0.7264 0.1979
vn 0.4603 0.8141 0.3541
vn 0.6124 0.7561 0.2309
vn 0.4731 0.8109 0.3444
vn 0.4299 0.8181 0.3819
vn 0.4654 0.8134 0.3489
vn 0.4602 0.8142 0.3541
vn 0.4300 0.8181 0.3819
vn 0.4242 0.8194 0.3856
vn 0.4179 0.8195 0.3922
vn 0.4286 0.8190 0.3815
vn 0.4300 0.8181 0.3818
vn 0.4179 0.8195 0.3921
vn 0.4114 0.8196 0.3987
vn 0.4115 0.8196 0.3986
vn 0.4115 0.8196 0.3987
vn 0.4147 0.8196 0.3954
vn 0.3909 0.8238 0.4104
vn 0.3948 0.8250 0.4045
vn 0.3910 0.8239 0.4104
vn 0.3756 0.8256 0.4210
vn 0.3947 0.8250 0.4045
vn 0.3866 0.8281 0.4060
vn 0.3910 0.8238 0.4104
vn 0.3757 0.8256 0.4210
vn 0.3865 0.8281 0.4060
vn 0.3797 0.8345 0.3993
vn 0.4384 0.8624 0.2531
vn 0.3796 0.8345 0.3994
vn 0.4384 0.8624 0.2530
vn 0.4313 0.8556 0.2863
vn 0.4312 0.8391 0.3317
vn 0.4313 0.8556 0.2864
vn 0.3957 0.8271 0.3990
vn 0.3958 0.8271 0.3990
vn 0.3958 0.8271 0.3991
vn 0.4347 0.8209 0.3703
vn 0.4312 0.8391 0.3316
vn 0.3958 0.8272 0.3990
vn 0.4209 0.8132 0.4019
vn 0.4346 0.8210 0.3703
vn 0.3805 0.8291 0.4097
vn 0.4210 0.8132 0.4018
vn 0.3805 0.8291 0.4098
vn 0.3637 0.8319 0.4192
vn 0.3636 0.8319 0.4193
vn 0.3795 0.8268 0.4151
vn 0.3794 0.8268 0.4152
vn 0.3795 0.8269 0.4151
vn 0.3882 0.8249 0.4109
vn 0.3794 0.8269 0.4151
vn 0.3986 0.8196 0.4115
vn 0.3883 0.8249 0.4109
vn 0.3987 0.8196 0.4115
vn 0.4120 0.8143 0.4088
vn 0.4072 0.8175 0.4072
vn 0.4125 0.8154 0.4062
vn 0.4125 0.8154 0.4061
vn 0.4295 0.8625 0.2676
vn 0.4431 0.8012 0.4022
vn 0.4295 0.8625 0.2675
vn 0.4119 0.8144 0.4088
vn 0.4430 0.8012 0.4022
vn 0.4405 0.8023 0.4028
vn 0.4797 0.7829 0.3962
vn 0.4405 0.8023 0.4027
vn 0.4797 0.7829 0.3961
vn 0.4773 0.7841 0.3967
vn 0.5545 0.7363 0.3878
vn 0.4797 0.7830 0.3961
vn 0.5524 0.7375 0.3885
vn 0.8248 0.5615 0.0659
vn 0.6107 0.7576 0.2303
vn 0.5720 0.7913 0.2158
vn 0.8248 0.5616 0.0659
vn 0.8537 0.5020 0.1384
vn 0.8538 0.5019 0.1384
vn 0.8520 0.5049 0.1382
vn 0.8538 0.5020 0.1384
vn 0.9262 0.1417 0.3492
vn 0.7878 0.0056 0.6158
vn 0.7879 0.0056 0.6158
vn 0.7925 0.0111 0.6097
vn 0.7925 0.0111 0.6098
vn 0.7371 -0.0000 0.6757
vn 0.7879 0.0055 0.6158
vn 0.7926 0.0110 0.6097
vn 0.7372 -0.0001 0.6757
vn 0.7126 -0.0001 0.7015
vn 0.7127 -0.0000 0.7014
vn 0.7071 -0.0000 0.7072
vn 0.6123 0.7561 0.2309
vn 0.4602 0.8142 0.3540
vn 0.6108 0.7575 0.2303
vn 0.6123 0.7561 0.2310
vn 0.4602 0.8141 0.3540
vn 0.4602 0.8141 0.3541
vn 0.4236 0.8183 0.3884
vn 0.4646 0.8135 0.3498
vn 0.4237 0.8183 0.3884
vn 0.4242 0.8193 0.3856
vn 0.4078 0.8186 0.4045
vn 0.4078 0.8186 0.4046
vn 0.3973 0.8303 0.3908
vn 0.3908 0.8303 0.3973
vn 0.3928 0.8451 0.3627
vn 0.3926 0.8451 0.3628
vn 0.3857 0.8442 0.3723
vn 0.1704 0.9195 0.3543
vn 0.3856 0.8442 0.3723
vn 0.1704 0.9195 0.3542
vn 0.3937 0.8228 0.4098
vn 0.3937 0.8228 0.4099
vn 0.3872 0.8227 0.4162
vn 0.1705 0.9194 0.3544
vn 0.3431 0.9044 0.2535
vn 0.1705 0.9195 0.3543
vn 0.4111 0.9005 0.1418
vn 0.3431 0.9045 0.2534
vn 0.4113 0.9004 0.1419
vn 0.5387 0.8409 0.0526
vn 0.4113 0.9004 0.1418
vn 0.3431 0.9045 0.2535
vn 0.3785 0.8961 0.2318
vn 0.5386 0.8409 0.0525
vn 0.4797 0.8532 0.2050
vn 0.3785 0.8961 0.2317
vn 0.7205 0.6935 -0.0001
vn 0.7205 0.6934 -0.0000
vn 0.5720 0.7913 0.2157
vn 0.4796 0.8532 0.2050
vn 0.5720 0.7914 0.2157
vn 0.7205 0.6935 0.0001
vn 0.8248 0.5616 0.0657
vn 0.4457 0.8202 0.3585
vn 0.4797 0.8531 0.2050
vn 0.5721 0.7913 0.2159
vn 0.4812 0.8527 0.2033
vn 0.4457 0.8202 0.3586
vn 0.4225 0.8317 0.3602
vn 0.4225 0.8317 0.3603
vn 0.4205 0.8184 0.3916
vn 0.4457 0.8203 0.3585
vn 0.4237 0.8183 0.3883
vn 0.5721 0.7913 0.2158
vn 0.4603 0.8141 0.3540
vn 0.6108 0.7576 0.2303
vn 0.4077 0.8186 0.4045
vn 0.3973 0.8303 0.3907
vn 0.4077 0.8186 0.4046
vn 0.3927 0.8451 0.3627
vn 0.3786 0.8961 0.2318
vn 0.4224 0.8317 0.3603
vn 0.4797 0.8531 0.2051
vn 0.3856 0.8442 0.3724
vn 0.3927 0.8451 0.3628
vn 0.3432 0.9044 0.2534
vn 0.3986 0.4114 0.8197
vn 0.3704 0.5480 0.7500
vn 0.3904 0.4130 0.8228
vn 0.3986 0.4115 0.8197
vn 0.3813 0.5400 0.7504
vn 0.3812 0.5400 0.7504
vn 0.3633 0.6663 0.6512
vn 0.3634 0.6663 0.6512
vn 0.3812 0.5399 0.7504
vn 0.3808 0.6538 0.6538
vn 0.3809 0.6538 0.6538
vn 0.3646 0.7602 0.5377
vn 0.3634 0.6663 0.6511
vn 0.3646 0.7603 0.5377
vn 0.3896 0.7490 0.5359
vn 0.3897 0.7490 0.5359
vn 0.3766 0.8279 0.4156
vn 0.4093 0.8154 0.4093
vn 0.4355 0.8570 0.2753
vn 0.3767 0.8279 0.4156
vn 0.4094 0.8154 0.4093
vn 0.4356 0.8570 0.2753
vn 0.4029 0.8693 0.2863
vn 0.4812 0.8637 0.1500
vn 0.4029 0.8693 0.2862
vn 0.4355 0.8571 0.2752
vn 0.4812 0.8637 0.1499
vn 0.4479 0.8797 0.1600
vn 0.5540 0.8312 0.0469
vn 0.4479 0.8797 0.1598
vn 0.4811 0.8637 0.1498
vn 0.4478 0.8797 0.1599
vn 0.5541 0.8311 0.0469
vn 0.5318 0.8452 0.0522
vn 0.6747 0.7381 0.0001
vn 0.5319 0.8452 0.0523
vn 0.5542 0.8311 0.0471
vn 0.5318 0.8452 0.0524
vn 0.6746 0.7382 0.0001
vn 0.6585 0.7526 0.0001
vn 0.8300 0.5532 0.0709
vn 0.6585 0.7525 -0.0001
vn 0.6747 0.7381 -0.0001
vn 0.6585 0.7526 -0.0000
vn 0.8189 0.5681 0.0812
vn 0.9178 0.2731 0.2882
vn 0.8189 0.5682 0.0812
vn 0.8299 0.5533 0.0710
vn 0.8189 0.5681 0.0813
vn 0.9178 0.2731 0.2883
vn 0.8982 0.2940 0.3268
vn 0.8387 0.0609 0.5411
vn 0.8982 0.2940 0.3267
vn 0.9178 0.2732 0.2882
vn 0.8983 0.2940 0.3266
vn 0.8387 0.0609 0.5412
vn 0.8005 0.0734 0.5949
vn 0.7044 -0.0001 0.7098
vn 0.8004 0.0735 0.5949
vn 0.6548 0.0059 0.7558
vn 0.7043 0.0001 0.7099
vn 0.5408 0.0435 0.8400
vn 0.6547 0.0061 0.7559
vn 0.5407 0.0436 0.8401
vn 0.7044 0.0001 0.7098
vn 0.5847 0.0415 0.8102
vn 0.5846 0.0414 0.8103
vn 0.4668 0.1420 0.8729
vn 0.5407 0.0434 0.8401
vn 0.4669 0.1420 0.8728
vn 0.5847 0.0413 0.8102
vn 0.4951 0.1453 0.8566
vn 0.4951 0.1454 0.8566
vn 0.4204 0.2721 0.8656
vn 0.4669 0.1422 0.8728
vn 0.4205 0.2720 0.8656
vn 0.4952 0.1454 0.8565
vn 0.4331 0.2724 0.8592
vn 0.4331 0.2725 0.8592
vn 0.3904 0.4131 0.8227
vn 0.4205 0.2721 0.8656
vn 0.4332 0.2724 0.8591
vn 0.3986 0.4115 0.8196
vn 0.4050 0.2807 0.8702
vn 0.4205 0.2720 0.8655
vn 0.3828 0.4119 0.8269
vn 0.4336 0.1554 0.8876
vn 0.4204 0.2720 0.8656
vn 0.4049 0.2806 0.8702
vn 0.4877 0.0596 0.8710
vn 0.4335 0.1554 0.8876
vn 0.4668 0.1421 0.8729
vn 0.4878 0.0596 0.8709
vn 0.5408 0.0433 0.8401
vn 0.5907 0.0254 0.8065
vn 0.5408 0.0434 0.8400
vn 0.4878 0.0598 0.8709
vn 0.5408 0.0434 0.8401
vn 0.5907 0.0253 0.8065
vn 0.6547 0.0059 0.7558
vn 0.7572 0.1140 0.6432
vn 0.6546 0.0060 0.7559
vn 0.5906 0.0254 0.8065
vn 0.7571 0.1140 0.6433
vn 0.8005 0.0735 0.5948
vn 0.8665 0.3574 0.3484
vn 0.7572 0.1139 0.6432
vn 0.8666 0.3573 0.3483
vn 0.8983 0.2939 0.3266
vn 0.7771 0.6247 0.0762
vn 0.8666 0.3573 0.3484
vn 0.7771 0.6247 0.0761
vn 0.8189 0.5681 0.0811
vn 0.6385 0.7696 0.0059
vn 0.8190 0.5681 0.0813
vn 0.6384 0.7697 0.0061
vn 0.6586 0.7525 -0.0000
vn 0.6584 0.7526 0.0001
vn 0.5319 0.8452 0.0522
vn 0.6385 0.7696 0.0060
vn 0.5289 0.8472 0.0490
vn 0.4370 0.8864 0.1525
vn 0.5318 0.8453 0.0521
vn 0.5289 0.8472 0.0489
vn 0.5318 0.8453 0.0522
vn 0.4370 0.8865 0.1525
vn 0.4478 0.8797 0.1598
vn 0.3773 0.8818 0.2830
vn 0.4478 0.8797 0.1600
vn 0.4371 0.8864 0.1525
vn 0.4479 0.8797 0.1599
vn 0.3449 0.8388 0.4212
vn 0.3775 0.8817 0.2831
vn 0.4030 0.8693 0.2862
vn 0.3449 0.8389 0.4212
vn 0.3351 0.7641 0.5512
vn 0.3448 0.8389 0.4211
vn 0.3352 0.7641 0.5512
vn 0.3647 0.7602 0.5377
vn 0.3421 0.6629 0.6660
vn 0.3351 0.7642 0.5512
vn 0.3613 0.5405 0.7598
vn 0.3827 0.4119 0.8270
vn 0.3705 0.5480 0.7500
vn 0.3614 0.5405 0.7598
vn 0.1453 0.6468 0.7487
vn 0.3713 0.6550 0.6581
vn 0.3692 0.6053 0.7052
vn 0.3679 0.6514 0.6635
vn 0.3757 0.7483 0.5467
vn 0.3713 0.6551 0.6580
vn 0.3677 0.7509 0.5486
vn 0.3678 0.7508 0.5486
vn 0.3757 0.7483 0.5468
vn 0.3678 0.7509 0.5486
vn 0.3849 0.8248 0.4141
vn 0.4280 0.8629 0.2688
vn 0.3850 0.8248 0.4141
vn 0.4175 0.8668 0.2725
vn 0.4175 0.8669 0.2724
vn 0.4845 0.8639 0.1372
vn 0.4280 0.8629 0.2687
vn 0.4175 0.8669 0.2725
vn 0.4715 0.8705 0.1411
vn 0.4715 0.8705 0.1410
vn 0.5327 0.8433 0.0709
vn 0.4844 0.8640 0.1372
vn 0.5327 0.8434 0.0709
vn 0.5574 0.8291 0.0428
vn 0.5327 0.8433 0.0711
vn 0.5575 0.8291 0.0430
vn 0.6117 0.7910 0.0106
vn 0.5326 0.8434 0.0709
vn 0.4990 0.8554 0.1385
vn 0.4989 0.8555 0.1385
vn 0.4372 0.8672 0.2385
vn 0.4371 0.8672 0.2385
vn 0.4981 0.8533 0.1543
vn 0.4990 0.8555 0.1385
vn 0.4981 0.8533 0.1544
vn 0.4372 0.8672 0.2384
vn 0.4383 0.8625 0.2530
vn 0.4123 0.7872 0.4587
vn 0.4554 0.7975 0.3957
vn 0.4122 0.7872 0.4588
vn 0.3797 0.8345 0.3994
vn 0.4394 0.8296 0.3444
vn 0.3796 0.8345 0.3993
vn 0.4395 0.8296 0.3444
vn 0.3903 0.8292 0.4001
vn 0.4205 0.8655 0.2721
vn 0.3819 0.8324 0.4016
vn 0.3517 0.8346 0.4239
vn 0.4123 0.7871 0.4587
vn 0.3517 0.8346 0.4240
vn 0.3603 0.8395 0.4066
vn 0.3338 0.7170 0.6119
vn 0.3604 0.8395 0.4066
vn 0.3339 0.7170 0.6120
vn 0.3533 0.7917 0.4985
vn 0.3405 0.6992 0.6287
vn 0.3533 0.7917 0.4984
vn 0.3338 0.7169 0.6120
vn 0.3404 0.6992 0.6287
vn 0.3609 0.7745 0.5195
vn 0.3540 0.7966 0.4900
vn 0.3608 0.7746 0.5195
vn 0.3541 0.7966 0.4899
vn 0.3527 0.6841 0.6385
vn 0.3598 0.7165 0.5976
vn 0.3609 0.7746 0.5195
vn 0.3527 0.6840 0.6385
vn 0.3533 0.7917 0.4983
vn 0.3598 0.7632 0.5367
vn 0.3532 0.7917 0.4984
vn 0.3599 0.7631 0.5367
vn 0.3603 0.8395 0.4067
vn 0.3599 0.7631 0.5368
vn 0.3195 0.6793 0.6607
vn 0.3405 0.6992 0.6286
vn 0.3078 0.4362 0.8455
vn 0.3196 0.6793 0.6606
vn 0.3078 0.4363 0.8455
vn 0.3406 0.5171 0.7852
vn 0.3647 0.5286 0.7665
vn 0.3405 0.5172 0.7852
vn 0.3647 0.5285 0.7666
vn 0.3517 0.8347 0.4239
vn 0.3648 0.5286 0.7665
vn 0.3773 0.3179 0.8698
vn 0.3406 0.5172 0.7851
vn 0.4695 0.1731 0.8658
vn 0.5982 0.0197 0.8011
vn 0.5983 0.0199 0.8010
vn 0.5086 0.0727 0.8580
vn 0.5084 0.0727 0.8580
vn 0.3077 0.4363 0.8456
vn 0.3773 0.3178 0.8699
vn 0.3077 0.4363 0.8455
vn 0.4075 0.1570 0.8996
vn 0.3078 0.4364 0.8455
vn 0.3407 0.5171 0.7852
vn 0.8574 0.4921 0.1508
vn 0.8893 0.3658 0.2744
vn 0.8315 0.5469 0.0975
vn 0.8894 0.3658 0.2742
vn 0.8573 0.4922 0.1509
vn 0.8874 0.3464 0.3042
vn 0.8873 0.3465 0.3043
vn 0.7978 0.0739 0.5984
vn 0.8894 0.3657 0.2743
vn 0.7978 0.0739 0.5983
vn 0.8014 0.0742 0.5936
vn 0.8013 0.0742 0.5936
vn 0.6647 -0.0000 0.7471
vn 0.6614 0.0001 0.7500
vn 0.6615 0.0001 0.7500
vn 0.5464 0.0435 0.8364
vn 0.6647 0.0001 0.7471
vn 0.5463 0.0436 0.8364
vn 0.5250 0.0526 0.8495
vn 0.5250 0.0524 0.8495
vn 0.4517 0.1689 0.8760
vn 0.5463 0.0434 0.8364
vn 0.4517 0.1689 0.8761
vn 0.4536 0.1656 0.8757
vn 0.4537 0.1657 0.8756
vn 0.4297 0.2542 0.8664
vn 0.4518 0.1690 0.8760
vn 0.4296 0.2542 0.8665
vn 0.1707 0.3504 0.9209
vn 0.4297 0.3405 0.8363
vn 0.4519 0.1689 0.8760
vn 0.4297 0.2543 0.8664
vn 0.4298 0.3405 0.8363
vn 0.4892 0.1460 0.8599
vn 0.4298 0.3405 0.8362
vn 0.5183 0.1431 0.8431
vn 0.5183 0.1432 0.8431
vn 0.4297 0.3406 0.8363
vn 0.4474 0.3429 0.8260
vn 0.4277 0.4055 0.8079
vn 0.4473 0.3428 0.8261
vn 0.4298 0.3404 0.8363
vn 0.4277 0.4055 0.8078
vn 0.4329 0.4044 0.8057
vn 0.4329 0.4044 0.8056
vn 0.4474 0.3428 0.8260
vn 0.4328 0.4045 0.8056
vn 0.4473 0.3429 0.8261
vn 0.4478 0.3400 0.8270
vn 0.4410 0.3567 0.8236
vn 0.4478 0.3399 0.8270
vn 0.4467 0.3168 0.8367
vn 0.4209 0.4019 0.8132
vn 0.4468 0.3167 0.8367
vn 0.4467 0.3167 0.8368
vn 0.4210 0.4018 0.8132
vn 0.4396 0.3121 0.8423
vn 0.4396 0.3122 0.8422
vn 0.5146 0.1403 0.8458
vn 0.5146 0.1404 0.8459
vn 0.4396 0.3121 0.8422
vn 0.5059 0.1413 0.8510
vn 0.5058 0.1412 0.8510
vn 0.6521 0.0100 0.7581
vn 0.5146 0.1403 0.8459
vn 0.6519 0.0100 0.7582
vn 0.5058 0.1411 0.8510
vn 0.6168 0.0194 0.7869
vn 0.8066 0.0253 0.5906
vn 0.6520 0.0101 0.7582
vn 0.6169 0.0194 0.7868
vn 0.8065 0.0253 0.5906
vn 0.7707 0.0060 0.6371
vn 0.8066 0.0254 0.5906
vn 0.9246 0.2695 0.2694
vn 0.7707 0.0061 0.6372
vn 0.9255 0.2744 0.2609
vn 0.9235 0.2785 0.2639
vn 0.9235 0.2784 0.2639
vn 0.7706 0.6371 0.0121
vn 0.9246 0.2693 0.2695
vn 0.7706 0.6372 0.0121
vn 0.8073 0.5895 0.0256
vn 0.7182 0.6958 -0.0000
vn 0.8074 0.5895 0.0256
vn 0.7707 0.6371 0.0121
vn 0.7155 0.6986 -0.0000
vn 0.7239 0.6899 -0.0000
vn 0.7154 0.6987 -0.0001
vn 0.7183 0.6957 -0.0001
vn 0.7265 0.6872 -0.0000
vn 0.7238 0.6900 -0.0000
vn 0.7182 0.6958 -0.0001
vn 0.7292 0.6843 -0.0000
vn 0.7266 0.6871 -0.0000
vn 0.7350 0.6780 -0.0001
vn 0.7292 0.6843 -0.0001
vn 0.7183 0.6957 -0.0000
vn 0.7746 0.6324 0.0056
vn 0.7350 0.6781 -0.0001
vn 0.7896 0.6136 0.0112
vn 0.7747 0.6323 0.0056
vn 0.7154 0.6988 -0.0001
vn 0.7238 0.6900 -0.0001
vn 0.7239 0.6899 -0.0001
vn 0.7266 0.6870 -0.0000
vn 0.7267 0.6870 -0.0000
vn 0.7796 0.6262 0.0123
vn 0.7795 0.6262 0.0123
vn 0.7240 0.6898 -0.0000
vn 0.7796 0.6262 0.0122
vn 0.7240 0.6898 -0.0001
vn 0.7185 0.6956 -0.0000
vn 0.7214 0.6925 -0.0000
vn 0.7796 0.6261 0.0122
vn 0.7214 0.6925 -0.0001
vn 0.7783 0.6276 0.0188
vn 0.7783 0.6276 0.0187
vn 0.7272 0.6864 -0.0001
vn 0.7277 0.6859 -0.0000
vn 0.7782 0.6277 0.0188
vn 0.7271 0.6865 -0.0001
vn 0.7277 0.6859 -0.0001
vn 0.7781 0.6276 0.0262
vn 0.7783 0.6277 0.0188
vn 0.7309 0.6825 -0.0000
vn 0.7781 0.6276 0.0261
vn 0.7343 0.6788 0.0062
vn 0.7780 0.6277 0.0261
vn 0.7309 0.6825 -0.0001
vn 0.7343 0.6788 0.0061
vn 0.8315 0.5469 0.0974
vn 0.8315 0.5468 0.0975
vn 0.9102 0.2849 0.3008
vn 0.7780 0.6277 0.0262
vn 0.9102 0.2849 0.3007
vn 0.8894 0.3656 0.2743
vn 0.8894 0.3657 0.2742
vn 0.7561 0.0128 0.6544
vn 0.9102 0.2850 0.3007
vn 0.7979 0.0738 0.5983
vn 0.7978 0.0740 0.5984
vn 0.6648 -0.0001 0.7470
vn 0.7561 0.0127 0.6544
vn 0.7561 0.0127 0.6543
vn 0.6647 -0.0001 0.7471
vn 0.6259 0.0102 0.7798
vn 0.6258 0.0104 0.7799
vn 0.6648 0.0001 0.7470
vn 0.5464 0.0436 0.8364
vn 0.5463 0.0436 0.8365
vn 0.4891 0.1460 0.8599
vn 0.6258 0.0103 0.7799
vn 0.4890 0.1459 0.8600
vn 0.5464 0.0434 0.8364
vn 0.4517 0.1688 0.8760
vn 0.6495 0.0100 0.7603
vn 0.6260 0.0101 0.7798
vn 0.6494 0.0100 0.7603
vn 0.5182 0.1431 0.8432
vn 0.5211 0.1429 0.8415
vn 0.6496 0.0100 0.7602
vn 0.5211 0.1428 0.8414
vn 0.6519 0.0101 0.7582
vn 0.5145 0.1403 0.8459
vn 0.5211 0.1428 0.8415
vn 0.6520 0.0100 0.7581
vn 0.5145 0.1404 0.8459
vn 0.7707 0.0121 0.6371
vn 0.6520 0.0101 0.7581
vn 0.7706 0.0060 0.6372
vn 0.9246 0.2695 0.2693
vn 0.7707 0.0061 0.6371
vn 0.9246 0.2694 0.2695
vn 0.7154 0.6987 -0.0000
vn 0.9224 0.2730 0.2731
vn 0.9246 0.2694 0.2694
vn 0.7796 0.6261 0.0124
vn 0.7783 0.6277 0.0189
vn 0.9102 0.2848 0.3008
vn 0.9101 0.2849 0.3009
vn 0.7783 0.6276 0.0189
vn 0.7560 0.0127 0.6544
vn 0.9224 0.2731 0.2731
vn 0.9101 0.2850 0.3008
vn 0.9224 0.2731 0.2730
vn 0.7736 0.0122 0.6335
vn 0.6259 0.0102 0.7799
vn 0.7737 0.0122 0.6335
vn 0.6258 0.0102 0.7799
vn 0.6495 0.0101 0.7603
vn 0.7736 0.0122 0.6336
vn 0.7706 0.0121 0.6372
vn 0.7736 0.0121 0.6335
vn 0.7707 0.0122 0.6371
vn 0.8224 0.0574 0.5660
vn 0.8224 0.0574 0.5659
vn 0.8225 0.0574 0.5659
vn 0.8224 0.0574 0.5661
vn 0.8175 0.4072 0.4072
vn 0.8175 0.4072 0.4073
vn 0.8175 0.4073 0.4072
vn 0.8175 0.4071 0.4073
vn 0.8175 0.4032 0.4112
vn 0.6074 0.3467 0.7148
vn 0.6074 0.3466 0.7148
vn 0.5211 0.1429 0.8414
vn 0.5212 0.1428 0.8414
vn 0.4478 0.3400 0.8269
vn 0.4479 0.3400 0.8269
vn 0.4309 0.8078 0.4023
vn 0.4334 0.8067 0.4017
vn 0.4334 0.8067 0.4018
vn 0.4335 0.8067 0.4017
vn 0.4308 0.8078 0.4023
vn 0.4308 0.8078 0.4024
vn 0.4210 0.4019 0.8132
vn 0.4374 0.3629 0.8228
vn 0.4446 0.3506 0.8243
vn 0.4067 0.4098 0.8165
vn 0.4066 0.4098 0.8165
vn 0.4067 0.4099 0.8165
vn 0.4034 0.4002 0.8229
vn 0.4374 0.3628 0.8228
vn 0.3992 0.4088 0.8207
vn 0.4034 0.4002 0.8228
vn 0.3987 0.4114 0.8196
vn 0.3987 0.4115 0.8196
vn 0.4013 0.4110 0.8186
vn 0.4014 0.4109 0.8186
vn 0.4013 0.4109 0.8186
vn 0.4980 0.8533 0.1545
vn 0.4582 0.8391 0.2932
vn 0.4526 0.8500 0.2695
vn 0.4582 0.8390 0.2933
vn 0.4981 0.8532 0.1545
vn 0.4857 0.8507 0.2009
vn 0.4383 0.8625 0.2529
vn 0.4856 0.8508 0.2007
vn 0.4980 0.8533 0.1544
vn 0.4856 0.8508 0.2008
vn 0.4312 0.8556 0.2864
vn 0.4311 0.8392 0.3316
vn 0.4722 0.8279 0.3027
vn 0.4856 0.8508 0.2009
vn 0.4312 0.8391 0.3318
vn 0.4583 0.8390 0.2932
vn 0.4481 0.7989 0.4011
vn 0.4583 0.8391 0.2932
vn 0.4722 0.8279 0.3026
vn 0.4583 0.8391 0.2931
vn 0.4334 0.8066 0.4018
vn 0.4300 0.7540 0.4966
vn 0.4481 0.7990 0.4011
vn 0.4156 0.7554 0.5066
vn 0.4299 0.7540 0.4966
vn 0.4006 0.6967 0.5950
vn 0.4007 0.6967 0.5950
vn 0.3978 0.7865 0.4724
vn 0.4148 0.8015 0.4306
vn 0.3978 0.7865 0.4725
vn 0.4299 0.7541 0.4966
vn 0.3980 0.7864 0.4725
vn 0.4150 0.8015 0.4306
vn 0.3855 0.8259 0.4114
vn 0.3965 0.8218 0.4093
vn 0.4149 0.8015 0.4307
vn 0.3964 0.8218 0.4093
vn 0.4150 0.8015 0.4307
vn 0.4149 0.8015 0.4306
vn 0.4480 0.7990 0.4010
vn 0.4209 0.8133 0.4018
vn 0.4481 0.7990 0.4010
vn 0.4347 0.8210 0.3703
vn 0.4346 0.8209 0.3703
vn 0.4721 0.8280 0.3026
vn 0.4311 0.8391 0.3318
vn 0.3965 0.8217 0.4093
vn 0.3859 0.7595 0.5238
vn 0.3854 0.8259 0.4115
vn 0.4336 0.8535 0.2891
vn 0.4244 0.8386 0.3415
vn 0.4253 0.8214 0.3801
vn 0.3964 0.8218 0.4094
vn 0.4252 0.8214 0.3802
vn 0.4194 0.8100 0.4099
vn 0.3964 0.8217 0.4094
vn 0.3790 0.8257 0.4178
vn 0.3789 0.8258 0.4178
vn 0.3911 0.8173 0.4231
vn 0.4194 0.8100 0.4098
vn 0.3911 0.8173 0.4232
vn 0.3789 0.8257 0.4178
vn 0.3794 0.8268 0.4151
vn 0.3883 0.8249 0.4108
vn 0.4126 0.8154 0.4061
vn 0.4120 0.8143 0.4089
vn 0.3731 0.7491 0.5474
vn 0.4436 0.8022 0.3996
vn 0.4436 0.8022 0.3995
vn 0.3730 0.7491 0.5474
vn 0.4411 0.8034 0.4001
vn 0.4410 0.8034 0.4001
vn 0.4410 0.8033 0.4002
vn 0.5551 0.7372 0.3853
vn 0.5530 0.7384 0.3859
vn 0.3948 0.7472 0.5346
vn 0.3864 0.6800 0.6231
vn 0.3948 0.7473 0.5345
vn 0.4178 0.8133 0.4050
vn 0.4156 0.7554 0.5067
vn 0.3949 0.7472 0.5345
vn 0.4178 0.8133 0.4051
vn 0.4527 0.8500 0.2696
vn 0.4178 0.8132 0.4051
vn 0.4335 0.8066 0.4018
vn 0.4527 0.8499 0.2696
vn 0.4401 0.8556 0.2725
vn 0.4179 0.8132 0.4051
vn 0.3949 0.7472 0.5346
vn 0.4071 0.8176 0.4072
vn 0.4072 0.8176 0.4071
vn 0.3874 0.7473 0.5399
vn 0.3864 0.6801 0.6231
vn 0.3873 0.7473 0.5399
vn 0.3948 0.7473 0.5346
vn 0.3808 0.6657 0.6417
vn 0.3799 0.7538 0.5362
vn 0.3808 0.6657 0.6418
vn 0.3799 0.7537 0.5362
vn 0.3786 0.6221 0.6853
vn 0.3712 0.6550 0.6581
vn 0.3713 0.6551 0.6581
vn 0.3787 0.6221 0.6853
vn 0.3691 0.6053 0.7052
vn 0.3756 0.7483 0.5468
vn 0.3756 0.7483 0.5467
vn 0.3873 0.7474 0.5399
vn 0.3937 0.8229 0.4098
vn 0.4072 0.8176 0.4072
vn 0.4072 0.8175 0.4073
vn 0.4280 0.8629 0.2689
vn 0.4845 0.8640 0.1373
vn 0.4401 0.8556 0.2724
vn 0.4279 0.8629 0.2688
vn 0.4401 0.8557 0.2724
vn 0.4844 0.8640 0.1374
vn 0.4990 0.8554 0.1386
vn 0.4990 0.8554 0.1387
vn 0.4400 0.8556 0.2724
vn 0.4006 0.6967 0.5951
vn 0.3799 0.7537 0.5363
vn 0.3858 0.7595 0.5238
vn 0.3978 0.7864 0.4725
vn 0.3858 0.7595 0.5237
vn 0.3800 0.7537 0.5363
vn 0.3859 0.7595 0.5237
vn 0.4323 0.8575 0.2789
vn 0.4322 0.8575 0.2789
vn 0.4880 0.8487 0.2040
vn 0.4322 0.8576 0.2788
vn 0.4336 0.8535 0.2890
vn 0.4881 0.8486 0.2039
vn 0.4862 0.8557 0.1771
vn 0.4881 0.8486 0.2040
vn 0.4495 0.8505 0.2731
vn 0.4862 0.8557 0.1773
vn 0.4495 0.8505 0.2732
vn 0.4605 0.8369 0.2959
vn 0.4606 0.8369 0.2959
vn 0.4880 0.8486 0.2041
vn 0.4244 0.8387 0.3413
vn 0.4243 0.8387 0.3415
vn 0.4486 0.7999 0.3985
vn 0.4487 0.7999 0.3985
vn 0.4252 0.8214 0.3801
vn 0.4210 0.7951 0.4365
vn 0.4486 0.8000 0.3984
vn 0.4193 0.8101 0.4098
vn 0.4209 0.7951 0.4365
vn 0.4012 0.7811 0.4785
vn 0.4209 0.7952 0.4365
vn 0.3975 0.6963 0.5976
vn 0.4013 0.7810 0.4785
vn 0.3974 0.6963 0.5976
vn 0.4124 0.7552 0.5095
vn 0.3860 0.6612 0.6433
vn 0.3975 0.6963 0.5977
vn 0.3859 0.6613 0.6433
vn 0.3967 0.7451 0.5361
vn 0.3782 0.6485 0.6605
vn 0.3783 0.6485 0.6605
vn 0.3847 0.7482 0.5405
vn 0.3634 0.6481 0.6693
vn 0.3848 0.7482 0.5405
vn 0.3712 0.7519 0.5448
vn 0.3630 0.7516 0.5507
vn 0.3713 0.7487 0.5492
vn 0.3630 0.7538 0.5477
vn 0.3548 0.6550 0.6672
vn 0.3658 0.5792 0.7285
vn 0.3548 0.6550 0.6671
vn 0.3634 0.6481 0.6692
vn 0.3620 0.5383 0.7611
vn 0.3669 0.4744 0.8002
vn 0.3620 0.5384 0.7610
vn 0.3657 0.5792 0.7285
vn 0.3657 0.5792 0.7286
vn 0.3682 0.7304 0.5752
vn 0.3683 0.7304 0.5752
vn 0.3783 0.6485 0.6606
vn 0.3751 0.7379 0.5611
vn 0.3974 0.6963 0.5977
vn 0.3750 0.7379 0.5611
vn 0.3859 0.6612 0.6433
vn 0.3749 0.7382 0.5608
vn 0.3826 0.7592 0.5266
vn 0.3826 0.7592 0.5265
vn 0.4013 0.7810 0.4786
vn 0.3840 0.8226 0.4194
vn 0.3827 0.7591 0.5265
vn 0.3827 0.7591 0.5266
vn 0.3752 0.7379 0.5611
vn 0.3839 0.8226 0.4195
vn 0.3741 0.8222 0.4289
vn 0.3782 0.8312 0.4075
vn 0.3741 0.8222 0.4290
vn 0.3839 0.8226 0.4194
vn 0.3905 0.8227 0.4130
vn 0.3904 0.8228 0.4131
vn 0.3904 0.8228 0.4130
vn 0.4098 0.8101 0.4193
vn 0.3905 0.8228 0.4130
vn 0.4098 0.8100 0.4194
vn 0.4077 0.8122 0.4173
vn 0.4098 0.8101 0.4194
vn 0.4077 0.8122 0.4172
vn 0.4120 0.8079 0.4214
vn 0.4119 0.8079 0.4214
vn 0.4160 0.8037 0.4255
vn 0.4119 0.8079 0.4215
vn 0.4207 0.8005 0.4269
vn 0.4403 0.7790 0.4465
vn 0.4206 0.8005 0.4270
vn 0.4494 0.7703 0.4524
vn 0.5539 0.6112 0.5654
vn 0.4403 0.7790 0.4464
vn 0.4493 0.7704 0.4524
vn 0.4402 0.7790 0.4464
vn 0.5301 0.6547 0.5389
vn 0.6518 0.3609 0.6670
vn 0.5301 0.6546 0.5389
vn 0.5302 0.6546 0.5389
vn 0.6518 0.3608 0.6670
vn 0.6470 0.3835 0.6590
vn 0.6905 0.1629 0.7047
vn 0.6973 0.1067 0.7088
vn 0.7023 0.0143 0.7117
vn 0.6905 0.1630 0.7048
vn 0.6974 0.1068 0.7087
vn 0.7022 0.0143 0.7118
vn 0.7021 0.0049 0.7121
vn 0.6992 0.0001 0.7149
vn 0.7022 0.0050 0.7120
vn 0.7022 0.0144 0.7118
vn 0.6993 0.0001 0.7148
vn 0.7018 0.0001 0.7124
vn 0.6991 0.0001 0.7150
vn 0.6988 0.0001 0.7153
vn 0.6990 0.0001 0.7151
vn 0.6958 -0.0000 0.7182
vn 0.6989 -0.0000 0.7152
vn 0.6990 -0.0000 0.7152
vn 0.6988 -0.0000 0.7153
vn 0.6959 -0.0000 0.7181
vn 0.6868 -0.0000 0.7269
vn 0.6868 -0.0001 0.7268
vn 0.6868 -0.0001 0.7269
vn 0.6867 -0.0000 0.7269
vn 0.6736 -0.0000 0.7391
vn 0.6868 -0.0000 0.7268
vn 0.6745 -0.0001 0.7383
vn 0.6735 -0.0000 0.7392
vn 0.6898 -0.0001 0.7240
vn 0.6987 -0.0000 0.7154
vn 0.6898 -0.0000 0.7240
vn 0.6988 -0.0000 0.7154
vn 0.6987 0.0001 0.7154
vn 0.7021 0.0099 0.7120
vn 0.7017 0.0001 0.7125
vn 0.7022 0.0099 0.7119
vn 0.7021 0.0050 0.7120
vn 0.6974 0.1067 0.7087
vn 0.7022 0.0048 0.7120
vn 0.7021 0.0098 0.7120
vn 0.7022 0.0049 0.7120
vn 0.6973 0.1068 0.7088
vn 0.6478 0.3809 0.6598
vn 0.6477 0.3810 0.6598
vn 0.6471 0.3835 0.6590
vn 0.5292 0.6563 0.5378
vn 0.5686 0.3872 0.7258
vn 0.5292 0.6563 0.5379
vn 0.4860 0.6721 0.5587
vn 0.4224 0.4067 0.8101
vn 0.4859 0.6721 0.5587
vn 0.5685 0.3872 0.7259
vn 0.4224 0.4067 0.8100
vn 0.3931 0.6992 0.5972
vn 0.2827 0.4414 0.8516
vn 0.3931 0.6992 0.5971
vn 0.4226 0.4066 0.8100
vn 0.3076 0.7284 0.6122
vn 0.2828 0.4413 0.8516
vn 0.2816 0.7424 0.6079
vn 0.3077 0.7284 0.6122
vn 0.2817 0.7424 0.6079
vn 0.2828 0.4413 0.8517
vn 0.2122 0.4645 0.8597
vn 0.1393 0.7513 0.6450
vn 0.2817 0.7423 0.6080
vn 0.2123 0.4646 0.8597
vn 0.1393 0.7513 0.6451
vn 0.3698 0.8096 0.4558
vn 0.2816 0.7423 0.6080
vn 0.3851 0.8183 0.4268
vn 0.3698 0.8096 0.4559
vn 0.3851 0.8182 0.4268
vn 0.3932 0.8217 0.4125
vn 0.3932 0.8217 0.4126
vn 0.3921 0.8195 0.4179
vn 0.3922 0.8195 0.4179
vn 0.3887 0.8260 0.4082
vn 0.3895 0.8140 0.4310
vn 0.4061 0.8154 0.4126
vn 0.4062 0.8154 0.4125
vn 0.4146 0.8069 0.4208
vn 0.4146 0.8068 0.4209
vn 0.4166 0.8047 0.4229
vn 0.4061 0.8154 0.4125
vn 0.4161 0.8037 0.4255
vn 0.4166 0.8048 0.4229
vn 0.3781 0.8312 0.4076
vn 0.5302 0.6547 0.5388
vn 0.4402 0.7790 0.4465
vn 0.5301 0.6547 0.5388
vn 0.5291 0.6563 0.5379
vn 0.4859 0.6721 0.5586
vn 0.5291 0.6563 0.5378
vn 0.4860 0.6721 0.5586
vn 0.4273 0.7865 0.4459
vn 0.3931 0.6991 0.5972
vn 0.4035 0.7946 0.4536
vn 0.3078 0.7283 0.6122
vn 0.4036 0.7946 0.4536
vn 0.3932 0.6992 0.5972
vn 0.3077 0.7283 0.6122
vn 0.3736 0.8042 0.4622
vn 0.3737 0.8042 0.4623
vn 0.3737 0.8041 0.4623
vn 0.3852 0.8182 0.4268
vn 0.3737 0.8042 0.4622
vn 0.3894 0.8140 0.4310
vn 0.3895 0.8140 0.4309
vn 0.4145 0.8069 0.4209
vn 0.4145 0.8069 0.4208
vn 0.4274 0.7865 0.4459
vn 0.3910 0.8239 0.4103
vn 0.3910 0.8238 0.4103
vn 0.3882 0.8249 0.4110
vn 0.3800 0.7537 0.5362
vn 0.4707 0.8390 0.2729
vn 0.5246 0.8433 0.1170
vn 0.4545 0.8470 0.2756
vn 0.5245 0.8433 0.1171
vn 0.4708 0.8390 0.2729
vn 0.5382 0.8353 0.1125
vn 0.5382 0.8353 0.1124
vn 0.7099 0.7043 -0.0000
vn 0.5246 0.8433 0.1169
vn 0.7098 0.7044 -0.0000
vn 0.5493 0.8276 0.1154
vn 0.5492 0.8277 0.1154
vn 0.7746 0.6324 0.0058
vn 0.7747 0.6323 0.0058
vn 0.5762 0.8107 0.1032
vn 0.6164 0.7804 0.1054
vn 0.5763 0.8107 0.1032
vn 0.7350 0.6781 -0.0000
vn 0.6164 0.7803 0.1054
vn 0.4235 0.8367 0.3473
vn 0.4234 0.8367 0.3473
vn 0.4546 0.8470 0.2755
vn 0.4546 0.8470 0.2756
vn 0.4435 0.8523 0.2773
vn 0.4270 0.8609 0.2766
vn 0.4436 0.8523 0.2772
vn 0.4270 0.8609 0.2765
vn 0.4234 0.8367 0.3474
vn 0.4125 0.8414 0.3492
vn 0.4124 0.8414 0.3493
vn 0.4221 0.8692 0.2577
vn 0.4222 0.8692 0.2576
vn 0.4018 0.8469 0.3482
vn 0.4111 0.8727 0.2633
vn 0.4112 0.8727 0.2633
vn 0.4017 0.8469 0.3483
vn 0.3942 0.8523 0.3437
vn 0.3956 0.8834 0.2514
vn 0.3839 0.8601 0.3359
vn 0.3838 0.8601 0.3359
vn 0.3787 0.8872 0.2637
vn 0.4194 0.8911 0.1733
vn 0.3954 0.8834 0.2513
vn 0.3787 0.8872 0.2635
vn 0.4192 0.8912 0.1734
vn 0.4112 0.8728 0.2631
vn 0.4111 0.8728 0.2632
vn 0.4384 0.8806 0.1800
vn 0.4383 0.8806 0.1801
vn 0.4221 0.8692 0.2575
vn 0.4220 0.8692 0.2575
vn 0.4580 0.8729 0.1683
vn 0.4579 0.8729 0.1683
vn 0.4270 0.8610 0.2764
vn 0.4962 0.8599 0.1198
vn 0.5682 0.8218 0.0422
vn 0.4961 0.8600 0.1199
vn 0.4580 0.8729 0.1684
vn 0.5681 0.8218 0.0423
vn 0.5207 0.8461 0.1139
vn 0.5944 0.8033 0.0371
vn 0.7045 0.7097 -0.0001
vn 0.5943 0.8034 0.0371
vn 0.5208 0.8461 0.1139
vn 0.5352 0.8371 0.1127
vn 0.7044 0.7098 -0.0001
vn 0.5520 0.8259 0.1151
vn 0.5353 0.8371 0.1127
vn 0.5519 0.8259 0.1152
vn 0.7326 0.6806 -0.0001
vn 0.4545 0.8471 0.2755
vn 0.5353 0.8371 0.1128
vn 0.5520 0.8259 0.1152
vn 0.4706 0.8391 0.2729
vn 0.4435 0.8523 0.2772
vn 0.5207 0.8461 0.1140
vn 0.4435 0.8524 0.2772
vn 0.4962 0.8599 0.1200
vn 0.4961 0.8599 0.1200
vn 0.8641 0.4992 0.0639
vn 0.7325 0.6807 -0.0001
vn 0.7327 0.6806 -0.0000
vn 0.8641 0.4993 0.0639
vn 0.9240 0.3529 0.1476
vn 0.9368 0.2442 0.2507
vn 0.9240 0.3528 0.1476
vn 0.8641 0.4993 0.0640
vn 0.9368 0.2441 0.2507
vn 0.9300 0.1720 0.3248
vn 0.9368 0.2441 0.2506
vn 0.9050 0.1060 0.4119
vn 0.9300 0.1720 0.3249
vn 0.9119 0.1221 0.3918
vn 0.9050 0.1061 0.4119
vn 0.9119 0.1220 0.3918
vn 0.9310 0.3037 0.2024
vn 0.8641 0.4992 0.0640
vn 0.9310 0.3036 0.2025
vn 0.9368 0.2440 0.2507
vn 0.9311 0.3036 0.2024
vn 0.8457 0.5318 0.0448
vn 0.8131 0.5816 0.0250
vn 0.8640 0.4994 0.0640
vn 0.8130 0.5817 0.0250
vn 0.8071 0.5898 0.0248
vn 0.8071 0.5899 0.0248
vn 0.7044 0.7098 -0.0000
vn 0.7790 0.6269 0.0122
vn 0.8072 0.5898 0.0248
vn 0.7045 0.7098 -0.0000
vn 0.8458 0.5317 0.0448
vn 0.9238 0.3438 0.1687
vn 0.9310 0.3037 0.2025
vn 0.9238 0.3439 0.1685
vn 0.8344 0.5499 0.0379
vn 0.8344 0.5498 0.0380
vn 0.9160 0.3691 0.1573
vn 0.9238 0.3439 0.1686
vn 0.8343 0.5500 0.0379
vn 0.8131 0.5816 0.0251
vn 0.7955 0.6057 0.0183
vn 0.9160 0.3691 0.1572
vn 0.9159 0.3692 0.1572
vn 0.7955 0.6057 0.0184
vn 0.9072 0.3947 0.1454
vn 0.7785 0.6276 0.0120
vn 0.9072 0.3948 0.1454
vn 0.7954 0.6058 0.0183
vn 0.7785 0.6276 0.0121
vn 0.9014 0.4122 0.1327
vn 0.7468 0.6651 -0.0001
vn 0.9014 0.4122 0.1328
vn 0.7784 0.6276 0.0119
vn 0.8956 0.4267 0.1259
vn 0.7468 0.6650 -0.0000
vn 0.8942 0.4294 0.1267
vn 0.8956 0.4267 0.1260
vn 0.8941 0.4295 0.1267
vn 0.7467 0.6651 -0.0001
vn 0.7445 0.6676 -0.0000
vn 0.7468 0.6651 -0.0000
vn 0.8836 0.4491 0.1325
vn 0.8941 0.4295 0.1268
vn 0.8836 0.4492 0.1325
vn 0.7444 0.6677 -0.0001
vn 0.6776 0.7355 -0.0001
vn 0.6775 0.7355 -0.0000
vn 0.8680 0.4822 0.1186
vn 0.8836 0.4492 0.1326
vn 0.8680 0.4822 0.1187
vn 0.6807 0.7326 -0.0001
vn 0.6899 0.7239 -0.0000
vn 0.8679 0.4823 0.1187
vn 0.6806 0.7326 -0.0001
vn 0.6900 0.7238 -0.0000
vn 0.8625 0.4960 0.1006
vn 0.5329 0.8408 0.0957
vn 0.8625 0.4960 0.1005
vn 0.8625 0.4960 0.1007
vn 0.5328 0.8408 0.0957
vn 0.7125 0.7017 -0.0001
vn 0.4248 0.8904 0.1634
vn 0.7127 0.7015 -0.0001
vn 0.7126 0.7016 -0.0001
vn 0.6335 0.7737 0.0121
vn 0.6335 0.7736 0.0122
vn 0.9152 0.3618 0.1774
vn 0.7126 0.7016 -0.0000
vn 0.6336 0.7736 0.0122
vn 0.8834 0.3312 0.3314
vn 0.8834 0.3313 0.3314
vn 0.7099 -0.0000 0.7043
vn 0.9152 0.3619 0.1773
vn 0.8834 0.3314 0.3313
vn 0.6334 0.0122 0.7737
vn 0.6334 0.0121 0.7737
vn 0.5010 0.1448 0.8532
vn 0.7099 -0.0001 0.7043
vn 0.6336 0.0121 0.7736
vn 0.4283 0.1606 0.8893
vn 0.8998 0.1890 0.3932
vn 0.7126 0.7015 -0.0000
vn 0.8625 0.4959 0.1007
vn 0.8824 0.1421 0.4486
vn 0.8625 0.4959 0.1006
vn 0.8998 0.1891 0.3932
vn 0.8823 0.1421 0.4488
vn 0.8767 0.1150 0.4670
vn 0.8823 0.1422 0.4487
vn 0.8767 0.1151 0.4671
vn 0.8767 0.1150 0.4671
vn 0.8836 0.4491 0.1326
vn 0.9103 0.1735 0.3757
vn 0.9104 0.1735 0.3757
vn 0.8955 0.4268 0.1259
vn 0.8942 0.4295 0.1267
vn 0.9128 0.1712 0.3709
vn 0.9128 0.1712 0.3708
vn 0.8955 0.4268 0.1260
vn 0.9140 0.1701 0.3684
vn 0.9072 0.3947 0.1456
vn 0.9013 0.4122 0.1328
vn 0.9072 0.3948 0.1455
vn 0.9186 0.1740 0.3549
vn 0.9186 0.1741 0.3549
vn 0.9160 0.3692 0.1573
vn 0.9072 0.3947 0.1455
vn 0.9226 0.1616 0.3502
vn 0.9226 0.1617 0.3502
vn 0.9245 0.1652 0.3434
vn 0.9120 0.1221 0.3917
vn 0.9237 0.3439 0.1686
vn 0.9246 0.1652 0.3434
vn 0.9237 0.3439 0.1687
vn 0.9119 0.1220 0.3917
vn -0.0000 0.6748 0.7380
vn 0.1704 0.9194 0.3544
vn -0.0000 0.6747 0.7381
vn 0.0001 0.6748 0.7380
vn 0.0101 0.6416 0.7669
vn 0.0001 0.6747 0.7381
vn 0.0101 0.6417 0.7669
vn 0.0101 0.6416 0.7670
vn 0.7430 0.6693 -0.0000
vn 0.4296 0.8625 0.2676
vn 0.7431 0.6692 -0.0000
vn 0.7430 0.6692 -0.0000
vn 0.6927 0.7212 -0.0000
vn 0.6928 0.7211 -0.0000
vn 0.6897 0.7240 -0.0000
vn 0.6928 0.7212 -0.0001
vn 0.6715 0.7410 -0.0000
vn 0.6898 0.7240 -0.0001
vn 0.6927 0.7212 -0.0001
vn 0.6716 0.7409 -0.0000
vn 0.2459 0.9252 0.2892
vn 0.6716 0.7409 -0.0001
vn 0.6715 0.7410 -0.0001
vn 0.6714 0.7411 -0.0001
vn 0.2457 0.9252 0.2892
vn 0.2238 0.9239 0.3104
vn 0.2458 0.9252 0.2891
vn -0.0000 0.7072 0.7070
vn 0.2237 0.9239 0.3103
vn -0.0000 0.7071 0.7071
vn 0.2458 0.9252 0.2892
vn -0.0000 0.7071 0.7072
vn 0.1346 0.5069 0.8514
vn -0.0000 0.7070 0.7072
vn 0.1242 0.5129 0.8494
vn 0.1347 0.5069 0.8514
vn 0.3772 0.4130 0.8290
vn 0.3772 0.4129 0.8290
vn 0.3932 0.4125 0.8217
vn 0.3933 0.4125 0.8217
vn 0.3905 0.4131 0.8227
vn 0.4093 0.4094 0.8154
vn 0.3905 0.4130 0.8228
vn 0.4094 0.4093 0.8154
vn 0.3931 0.4125 0.8217
vn 0.4430 0.4023 0.8012
vn 0.4431 0.4022 0.8012
vn 0.4430 0.4022 0.8012
vn 0.3731 0.7492 0.5473
vn 0.4117 0.8656 0.2850
vn 0.4018 0.8197 0.4083
vn 0.4019 0.8196 0.4083
vn 0.3930 0.8659 0.3095
vn 0.3788 0.8699 0.3157
vn 0.3789 0.8699 0.3157
vn 0.3822 0.8258 0.4146
vn 0.3788 0.8699 0.3158
vn 0.3800 0.8280 0.4124
vn 0.3823 0.8258 0.4146
vn 0.3799 0.8280 0.4125
vn 0.3410 0.7826 0.5208
vn 0.3409 0.7827 0.5208
vn 0.3410 0.7827 0.5208
vn 0.3409 0.7826 0.5208
vn 0.3533 0.7784 0.5190
vn 0.3620 0.7610 0.5383
vn 0.3532 0.7783 0.5190
vn 0.3620 0.7610 0.5384
vn 0.4018 0.8197 0.4082
vn 0.6839 -0.0000 0.7295
vn 0.6531 -0.0000 0.7573
vn 0.6532 -0.0001 0.7571
vn 0.6744 -0.0000 0.7384
vn 0.5524 0.7376 0.3884
vn 0.7285 0.5653 0.3869
vn 0.7306 0.5639 0.3850
vn 0.8600 0.2150 0.4628
vn 0.7305 0.5639 0.3851
vn 0.7284 0.5653 0.3870
vn 0.7305 0.5640 0.3850
vn 0.8578 0.1902 0.4774
vn 0.8370 0.0290 0.5464
vn 0.8578 0.1902 0.4775
vn 0.8371 0.0290 0.5463
vn 0.8600 0.2150 0.4629
vn 0.7784 0.0150 0.6276
vn 0.7098 -0.0000 0.7044
vn 0.7783 0.0151 0.6277
vn 0.8446 0.0598 0.5320
vn 0.8446 0.0597 0.5321
vn 0.7551 0.0125 0.6555
vn 0.7072 -0.0000 0.7071
vn 0.7179 -0.0000 0.6962
vn 0.7072 -0.0000 0.7070
vn 0.7179 -0.0000 0.6961
vn 0.7179 0.0001 0.6961
vn 0.7309 0.0001 0.6825
vn 0.7180 0.0001 0.6961
vn 0.7178 0.0001 0.6962
vn 0.7309 0.0001 0.6824
vn 0.7669 0.0055 0.6418
vn 0.7308 0.0001 0.6826
vn 0.7309 -0.0000 0.6825
vn 0.7641 0.0054 0.6450
vn 0.8094 0.0172 0.5871
vn 0.7642 0.0055 0.6449
vn 0.8094 0.0171 0.5871
vn 0.7668 0.0054 0.6419
vn 0.8147 0.0172 0.5796
vn 0.8148 0.0171 0.5796
vn 0.8266 0.0225 0.5623
vn 0.8093 0.0171 0.5871
vn 0.8266 0.0224 0.5623
vn 0.8148 0.0172 0.5795
vn 0.8258 0.0223 0.5635
vn 0.8258 0.0222 0.5635
vn 0.8266 0.0225 0.5624
vn 0.7016 -0.0000 0.7126
vn 0.7015 -0.0000 0.7127
vn 0.6959 -0.0001 0.7182
vn 0.7014 -0.0000 0.7127
vn 0.7016 -0.0001 0.7126
vn 0.6958 -0.0001 0.7182
vn 0.6902 -0.0001 0.7236
vn 0.6870 -0.0000 0.7266
vn 0.6903 -0.0000 0.7235
vn 0.6958 -0.0000 0.7183
vn 0.6903 -0.0000 0.7236
vn 0.5983 0.0198 0.8011
vn 0.7013 -0.0001 0.7129
vn 0.5983 0.0198 0.8010
vn 0.7013 -0.0000 0.7128
vn 0.5085 0.0727 0.8580
vn 0.6828 -0.0001 0.7306
vn 0.5084 0.0726 0.8580
vn 0.7013 -0.0000 0.7129
vn 0.6828 -0.0000 0.7306
vn 0.4074 0.1571 0.8996
vn 0.6827 -0.0000 0.7307
vn 0.7012 0.0001 0.7129
vn 0.8378 0.0619 0.5425
vn 0.6901 -0.0001 0.7237
vn 0.5983 0.0196 0.8010
vn 0.1649 0.4910 0.8554
vn 0.3189 0.6718 0.6686
vn 0.3445 0.4238 0.8377
vn 0.1537 0.7005 0.6969
vn -0.0001 0.7071 0.7071
vn -0.0001 0.7070 0.7072
vn 0.1679 0.8585 0.4845
vn 0.1537 0.7005 0.6970
vn 0.0001 0.7071 0.7071
vn 0.2054 0.9358 0.2864
vn 0.1680 0.8584 0.4846
vn 0.3099 0.9224 0.2306
vn 0.2052 0.9359 0.2864
vn 0.6335 0.7736 0.0123
vn 0.2053 0.9358 0.2865
vn 0.2052 0.9358 0.2865
vn 0.6336 0.7736 0.0123
vn 0.2054 0.9358 0.2865
vn 0.1678 0.8585 0.4845
vn 0.1537 0.7004 0.6970
vn 0.1538 0.7005 0.6969
vn 0.3449 0.8389 0.4211
vn 0.3189 0.6717 0.6687
vn 0.3099 0.9224 0.2305
vn 0.8835 0.3312 0.3312
vn 0.4520 0.6307 0.6308
vn 0.4520 0.6308 0.6307
vn 0.3098 0.9224 0.2306
vn 0.0002 0.7071 0.7071
vn 0.3120 0.2321 0.9213
vn 0.4520 0.6307 0.6307
vn 0.3120 0.2320 0.9213
vn 0.6335 0.0122 0.7736
vn 0.8835 0.3312 0.3313
vn 0.2063 0.2878 0.9352
vn 0.6335 0.0123 0.7736
vn 0.3119 0.2322 0.9213
vn 0.6335 0.0123 0.7737
vn 0.2064 0.2878 0.9352
vn 0.4282 0.1606 0.8893
vn 0.1650 0.4910 0.8554
vn 0.1650 0.4909 0.8554
vn 0.3443 0.4238 0.8378
vn 0.2063 0.2877 0.9352
vn 0.1651 0.4909 0.8554
vn 0.2062 0.2877 0.9353
vn 0.3443 0.4238 0.8377
vn 0.3835 0.6501 0.6560
vn 0.4092 0.4093 0.8155
vn 0.3188 0.6718 0.6686
vn 0.3914 0.7860 0.4785
vn 0.3834 0.6500 0.6561
vn 0.3915 0.7860 0.4784
vn 0.3189 0.6717 0.6686
vn 0.3915 0.7860 0.4785
vn 0.4175 0.8450 0.3340
vn 0.5328 0.8408 0.0958
vn 0.4175 0.8450 0.3341
vn 0.4248 0.8904 0.1635
vn 0.3444 0.4239 0.8377
vn 0.4093 0.4093 0.8154
vn 0.5010 0.1449 0.8532
vn 0.1754 0.3132 0.9333
vn 0.2683 0.2135 0.9394
vn 0.2683 0.2136 0.9394
vn 0.1753 0.3132 0.9334
vn 0.5918 0.0249 0.8057
vn 0.1453 0.6469 0.7486
vn 0.3795 0.7789 0.4993
vn -0.0000 0.7072 0.7071
vn 0.2118 0.9423 0.2594
vn 0.0414 0.5899 0.8064
vn 0.0414 0.5898 0.8065
vn 0.4094 0.4094 0.8154
vn 0.4297 0.3404 0.8363
vn 0.4179 0.8717 0.2558
vn 0.3828 0.8453 0.3728
vn 0.3827 0.8453 0.3728
vn 0.4179 0.8717 0.2559
vn 0.4375 0.8749 0.2075
vn 0.4167 0.8689 0.2672
vn 0.3867 0.8590 0.3354
vn 0.4166 0.8689 0.2672
vn 0.3820 0.8324 0.4016
vn 0.6556 0.0937 0.7492
vn 0.6478 0.3810 0.6597
vn 0.6478 0.3809 0.6597
vn 0.6556 0.0937 0.7493
vn 0.5475 0.0921 0.8317
vn 0.5686 0.3871 0.7259
vn 0.6557 0.0937 0.7492
vn 0.5685 0.3871 0.7259
vn 0.5476 0.0920 0.8317
vn 0.4224 0.4066 0.8101
vn 0.4465 0.1048 0.8886
vn 0.5475 0.0920 0.8317
vn 0.4225 0.4066 0.8101
vn 0.4466 0.1048 0.8886
vn 0.2827 0.4412 0.8517
vn 0.4155 0.1098 0.9029
vn 0.2827 0.4413 0.8516
vn 0.4465 0.1047 0.8886
vn 0.4155 0.1099 0.9029
vn 0.2122 0.4646 0.8597
vn 0.1979 0.2728 0.9415
vn 0.4156 0.1098 0.9029
vn 0.1980 0.2728 0.9415
vn 0.4156 0.1099 0.9029
vn 0.6267 0.0056 0.7792
vn 0.6266 0.0055 0.7793
vn 0.6267 0.0055 0.7792
vn 0.6286 0.0054 0.7777
vn 0.4466 0.1049 0.8886
vn 0.6647 0.0052 0.7471
vn 0.6556 0.0938 0.7492
vn 0.6647 0.0052 0.7470
vn 0.6557 0.0938 0.7492
vn 0.6945 0.0050 0.7195
vn 0.6946 0.0050 0.7194
vn 0.6944 0.0049 0.7196
vn 0.6944 0.0051 0.7195
vn 0.7021 0.0099 0.7121
vn 0.7017 -0.0000 0.7125
vn 0.7018 -0.0000 0.7124
vn 0.6705 -0.0000 0.7419
vn 0.6705 -0.0001 0.7419
vn 0.6987 -0.0001 0.7154
vn 0.6897 -0.0000 0.7241
vn 0.6704 -0.0000 0.7420
vn 0.6755 -0.0001 0.7374
vn 0.6899 -0.0001 0.7239
vn 0.6754 -0.0001 0.7374
vn 0.6927 -0.0000 0.7213
vn 0.6754 -0.0000 0.7374
vn 0.6267 0.0054 0.7793
vn 0.6285 0.0053 0.7778
vn 0.6755 0.0001 0.7374
vn 0.6756 -0.0000 0.7373
vn 0.6286 0.0053 0.7777
vn 0.6705 0.0001 0.7419
vn 0.6647 0.0053 0.7471
vn 0.6945 0.0051 0.7195
vn 0.6958 0.7182 0.0001
vn 0.5594 0.8276 0.0463
vn 0.5764 0.8161 0.0416
vn 0.6870 0.7267 0.0001
vn 0.6807 0.7326 0.0001
vn 0.5595 0.8276 0.0463
vn 0.6869 0.7267 0.0001
vn 0.6807 0.7325 0.0001
vn 0.5553 0.8306 0.0428
vn 0.5553 0.8305 0.0426
vn 0.4729 0.8669 0.1575
vn 0.5593 0.8276 0.0462
vn 0.4728 0.8670 0.1576
vn 0.4534 0.8786 0.1497
vn 0.4535 0.8786 0.1498
vn 0.4146 0.8644 0.2846
vn 0.4728 0.8669 0.1577
vn 0.3851 0.8780 0.2843
vn 0.3772 0.8290 0.4130
vn 0.4146 0.8643 0.2847
vn 0.3771 0.8290 0.4130
vn 0.3444 0.8377 0.4239
vn 0.3539 0.7635 0.5401
vn 0.3772 0.8290 0.4129
vn 0.3539 0.7635 0.5402
vn 0.3444 0.8377 0.4238
vn 0.3270 0.7639 0.5564
vn 0.3269 0.7639 0.5564
vn 0.3421 0.6720 0.6568
vn 0.3539 0.7636 0.5401
vn 0.3272 0.6635 0.6728
vn 0.3477 0.5526 0.7575
vn 0.3477 0.5526 0.7574
vn 0.3388 0.5427 0.7686
vn 0.3516 0.4239 0.8347
vn 0.3477 0.5527 0.7574
vn 0.3389 0.5427 0.7685
vn 0.3654 0.4176 0.8319
vn 0.3516 0.4240 0.8346
vn 0.3981 0.2761 0.8748
vn 0.3655 0.4177 0.8319
vn 0.3517 0.4240 0.8346
vn 0.3672 0.2953 0.8820
vn 0.3671 0.2952 0.8821
vn 0.4505 0.1474 0.8805
vn 0.3979 0.2760 0.8749
vn 0.3672 0.2952 0.8821
vn 0.4039 0.1666 0.8995
vn 0.5303 0.0486 0.8464
vn 0.5302 0.0486 0.8465
vn 0.4039 0.1665 0.8995
vn 0.4660 0.0701 0.8820
vn 0.4660 0.0702 0.8820
vn 0.6518 0.0058 0.7584
vn 0.5302 0.0487 0.8465
vn 0.6518 0.0059 0.7584
vn 0.4661 0.0701 0.8820
vn 0.5876 0.0253 0.8088
vn 0.5875 0.0253 0.8088
vn 0.8086 0.0650 0.5847
vn 0.6517 0.0059 0.7585
vn 0.8086 0.0651 0.5847
vn 0.5876 0.0253 0.8087
vn 0.7711 0.0945 0.6296
vn 0.7712 0.0945 0.6295
vn 0.9077 0.2763 0.3157
vn 0.8086 0.0650 0.5848
vn 0.9077 0.2762 0.3158
vn 0.8920 0.3197 0.3197
vn 0.8919 0.3198 0.3197
vn 0.8375 0.5419 0.0704
vn 0.9078 0.2762 0.3157
vn 0.8375 0.5419 0.0705
vn 0.8919 0.3197 0.3198
vn 0.8198 0.5681 0.0720
vn 0.6870 0.7266 -0.0000
vn 0.8374 0.5420 0.0704
vn 0.8198 0.5681 0.0719
vn 0.6806 0.7326 -0.0000
vn 0.6870 0.7267 -0.0000
vn 0.8449 0.5314 0.0612
vn 0.8449 0.5314 0.0613
vn 0.6869 0.7267 -0.0000
vn 0.6959 0.7182 -0.0000
vn 0.9235 0.2712 0.2712
vn 0.9235 0.2712 0.2713
vn 0.8476 0.0601 0.5273
vn 0.9077 0.2764 0.3158
vn 0.9235 0.2713 0.2712
vn 0.8476 0.0601 0.5272
vn 0.7072 -0.0001 0.7070
vn 0.8085 0.0650 0.5848
vn 0.8476 0.0600 0.5273
vn 0.8085 0.0650 0.5849
vn 0.6518 0.0060 0.7584
vn 0.7071 0.0001 0.7072
vn 0.6517 0.0060 0.7585
vn 0.7072 0.0001 0.7070
vn 0.5777 0.0420 0.8152
vn 0.5777 0.0418 0.8152
vn 0.4505 0.1473 0.8805
vn 0.4820 0.1433 0.8644
vn 0.4819 0.1434 0.8644
vn 0.3980 0.2761 0.8749
vn 0.3979 0.2761 0.8749
vn 0.4820 0.1434 0.8643
vn 0.4142 0.2761 0.8673
vn 0.4143 0.2761 0.8673
vn 0.3655 0.4176 0.8319
vn 0.3980 0.2762 0.8748
vn 0.3654 0.4177 0.8319
vn 0.3795 0.4151 0.8269
vn 0.3794 0.4150 0.8269
vn 0.3794 0.4151 0.8269
vn 0.3637 0.5456 0.7550
vn 0.3637 0.5455 0.7551
vn 0.3476 0.5526 0.7575
vn 0.3680 0.6605 0.6545
vn 0.3679 0.6605 0.6545
vn 0.3538 0.7636 0.5401
vn 0.3421 0.6720 0.6567
vn 0.3538 0.7637 0.5401
vn 0.3819 0.7517 0.5378
vn 0.3819 0.7516 0.5377
vn 0.3771 0.8290 0.4129
vn 0.3819 0.7516 0.5378
vn 0.4098 0.8165 0.4066
vn 0.4440 0.8531 0.2740
vn 0.4099 0.8165 0.4067
vn 0.4147 0.8643 0.2846
vn 0.4980 0.8549 0.1452
vn 0.4439 0.8531 0.2740
vn 0.4146 0.8644 0.2847
vn 0.4981 0.8549 0.1452
vn 0.4729 0.8669 0.1577
vn 0.5763 0.8162 0.0414
vn 0.4980 0.8550 0.1450
vn 0.5595 0.8276 0.0461
vn 0.2117 0.9423 0.2593
vn 0.4878 0.8605 0.1466
vn 0.4870 0.8622 0.1396
vn 0.4877 0.8606 0.1467
vn 0.5185 0.8500 0.0934
vn 0.5168 0.8489 0.1106
vn 0.5184 0.8500 0.0935
vn 0.5167 0.8490 0.1106
vn 0.4903 0.8571 0.1582
vn 0.4323 0.8575 0.2788
vn 0.5167 0.8490 0.1107
vn 0.4903 0.8571 0.1583
vn 0.4863 0.8557 0.1772
vn 0.4863 0.8556 0.1772
vn 0.4429 0.8543 0.2720
vn 0.4903 0.8571 0.1584
vn 0.4496 0.8505 0.2732
vn 0.4067 0.8164 0.4099
vn 0.4429 0.8543 0.2721
vn 0.4173 0.8122 0.4078
vn 0.4606 0.8369 0.2958
vn 0.4173 0.8122 0.4077
vn 0.4328 0.8056 0.4045
vn 0.4329 0.8056 0.4045
vn 0.4605 0.8369 0.2958
vn 0.4486 0.8000 0.3985
vn 0.4125 0.7552 0.5095
vn 0.4328 0.8057 0.4044
vn 0.3968 0.7451 0.5361
vn 0.4172 0.8122 0.4077
vn 0.4066 0.8165 0.4098
vn 0.3713 0.7486 0.5493
vn 0.4066 0.8165 0.4099
vn 0.3848 0.7482 0.5406
vn 0.3931 0.8218 0.4125
vn 0.3855 0.8260 0.4113
vn 0.3631 0.7538 0.5477
vn 0.4238 0.8651 0.2684
vn 0.3856 0.8259 0.4114
vn 0.4324 0.8612 0.2672
vn 0.4870 0.8622 0.1397
vn 0.4324 0.8612 0.2671
vn 0.4237 0.8651 0.2683
vn 0.4870 0.8622 0.1398
vn 0.4878 0.8605 0.1467
vn 0.4904 0.8570 0.1583
vn 0.4877 0.8606 0.1468
vn 0.4903 0.8570 0.1583
vn 0.4428 0.8544 0.2720
vn 0.4047 0.2324 0.8844
vn 0.4275 0.1758 0.8868
vn 0.4264 0.1664 0.8891
vn 0.4275 0.1759 0.8868
vn 0.4048 0.2324 0.8844
vn 0.4021 0.2644 0.8766
vn 0.4633 0.1451 0.8742
vn 0.4275 0.1758 0.8867
vn 0.4634 0.1451 0.8742
vn 0.4022 0.2644 0.8765
vn 0.4049 0.3267 0.8540
vn 0.4050 0.3267 0.8540
vn 0.4021 0.2645 0.8765
vn 0.3950 0.3651 0.8430
vn 0.3950 0.3652 0.8430
vn 0.3980 0.3717 0.8387
vn 0.3998 0.3769 0.8355
vn 0.4050 0.3266 0.8540
vn 0.4159 0.3355 0.8452
vn 0.4065 0.3838 0.8291
vn 0.4160 0.3354 0.8452
vn 0.4055 0.3893 0.8271
vn 0.4221 0.3390 0.8408
vn 0.4160 0.3355 0.8452
vn 0.4922 0.1457 0.8582
vn 0.4981 0.1452 0.8549
vn 0.4221 0.3391 0.8408
vn 0.4980 0.1452 0.8549
vn 0.4981 0.1451 0.8549
vn 0.4221 0.3390 0.8407
vn 0.4206 0.3478 0.8379
vn 0.4110 0.4013 0.8186
vn 0.4131 0.3905 0.8227
vn 0.4109 0.4014 0.8186
vn 0.4125 0.3932 0.8217
vn 0.4115 0.3986 0.8196
vn 0.4109 0.4013 0.8186
vn 0.4115 0.3987 0.8196
vn 0.4207 0.3477 0.8379
vn 0.4263 0.3113 0.8493
vn 0.4932 0.1488 0.8571
vn 0.4264 0.3113 0.8493
vn 0.6168 0.0193 0.7869
vn 0.4981 0.1450 0.8549
vn 0.4932 0.1486 0.8571
vn 0.6462 0.0050 0.7631
vn 0.7756 0.0121 0.6312
vn 0.6461 0.0050 0.7632
vn 0.7755 0.0121 0.6313
vn 0.9266 0.2586 0.2730
vn 0.7755 0.0120 0.6312
vn 0.9266 0.2586 0.2729
vn 0.9296 0.2535 0.2676
vn 0.8152 0.5787 0.0249
vn 0.9296 0.2534 0.2676
vn 0.8156 0.5781 0.0243
vn 0.7234 0.6905 -0.0000
vn 0.8155 0.5782 0.0244
vn 0.7775 0.6288 0.0057
vn 0.7964 0.6046 0.0116
vn 0.8155 0.5782 0.0243
vn 0.7965 0.6046 0.0117
vn 0.7774 0.6289 0.0058
vn 0.7334 0.6798 0.0001
vn 0.7333 0.6799 0.0001
vn 0.7937 0.6082 0.0117
vn 0.7936 0.6083 0.0117
vn 0.9225 0.2058 0.3265
vn 0.9235 0.2784 0.2638
vn 0.9226 0.2057 0.3264
vn 0.7936 0.6084 0.0117
vn 0.9235 0.2785 0.2638
vn 0.7837 0.6210 0.0121
vn 0.8569 0.5070 0.0928
vn 0.7838 0.6209 0.0121
vn 0.9064 0.3388 0.2522
vn 0.7837 0.6211 0.0121
vn 0.7837 0.6210 0.0120
vn 0.9063 0.3390 0.2523
vn 0.9213 0.2749 0.2749
vn 0.8077 0.0644 0.5861
vn 0.9213 0.2750 0.2749
vn 0.9064 0.3389 0.2522
vn 0.7641 0.0126 0.6450
vn 0.7640 0.0125 0.6451
vn 0.8077 0.0643 0.5861
vn 0.6618 -0.0000 0.7497
vn 0.6584 -0.0001 0.7526
vn 0.6619 -0.0000 0.7496
vn 0.6586 -0.0000 0.7525
vn 0.8165 0.0818 0.5715
vn 0.8165 0.0816 0.5716
vn 0.9070 0.3312 0.2602
vn 0.8569 0.5070 0.0929
vn 0.9070 0.3312 0.2603
vn 0.9064 0.3390 0.2522
vn 0.9069 0.3313 0.2603
vn 0.5246 0.0487 0.8500
vn 0.6618 0.0001 0.7496
vn 0.6586 0.0001 0.7525
vn 0.6618 -0.0000 0.7496
vn 0.5246 0.0485 0.8500
vn 0.5267 0.0488 0.8487
vn 0.4263 0.1664 0.8892
vn 0.5266 0.0487 0.8487
vn 0.5267 0.0487 0.8487
vn 0.4274 0.1757 0.8868
vn 0.6163 0.0103 0.7874
vn 0.5268 0.0486 0.8486
vn 0.6164 0.0104 0.7874
vn 0.4920 0.1457 0.8583
vn 0.6165 0.0103 0.7873
vn 0.4633 0.1450 0.8742
vn 0.6163 0.0104 0.7874
vn 0.4921 0.1457 0.8583
vn 0.6436 0.0101 0.7653
vn 0.4980 0.1451 0.8549
vn 0.6437 0.0101 0.7652
vn 0.6461 0.0102 0.7632
vn 0.6461 0.0051 0.7632
vn 0.6462 0.0101 0.7631
vn 0.6462 0.0102 0.7631
vn 0.7755 0.0121 0.6312
vn 0.9296 0.2536 0.2676
vn 0.9324 0.2555 0.2555
vn 0.9324 0.2555 0.2557
vn 0.9324 0.2555 0.2556
vn 0.7965 0.6046 0.0116
vn 0.9315 0.2572 0.2572
vn 0.9324 0.2556 0.2555
vn 0.9315 0.2571 0.2572
vn 0.7936 0.6083 0.0115
vn 0.9315 0.2572 0.2573
vn 0.9213 0.2748 0.2750
vn 0.7784 0.0121 0.6276
vn 0.9315 0.2572 0.2571
vn 0.7784 0.0121 0.6277
vn 0.7640 0.0125 0.6450
vn 0.7641 0.0125 0.6450
vn 0.6163 0.0105 0.7874
vn 0.6619 0.0001 0.7496
vn 0.7785 0.0121 0.6275
vn 0.6461 0.0102 0.7631
vn 0.7784 0.0120 0.6276
vn 0.9324 0.2556 0.2556
vn 0.9315 0.2573 0.2572
vn 0.4405 0.3596 0.8226
vn 0.4510 0.3505 0.8208
vn 0.4114 0.3987 0.8196
vn 0.4559 0.3931 0.7985
vn 0.4405 0.3595 0.8226
vn 0.4179 0.3921 0.8195
vn 0.4152 0.3927 0.8206
vn 0.4178 0.3922 0.8195
vn 0.4152 0.3926 0.8206
vn 0.7234 0.6904 -0.0000
vn 0.7697 0.6384 0.0057
vn 0.7696 0.6385 0.0056
vn 0.7853 0.6191 0.0057
vn 0.7696 0.6385 0.0057
vn 0.7100 0.7042 -0.0000
vn 0.7234 0.6904 0.0001
vn 0.7044 0.7098 0.0001
vn 0.4185 0.7376 0.5299
vn 0.3891 0.6254 0.6764
vn 0.3991 0.6194 0.6761
vn 0.3890 0.6254 0.6764
vn 0.4006 0.7466 0.5311
vn 0.4140 0.6181 0.6683
vn 0.4005 0.7466 0.5311
vn 0.4184 0.7377 0.5299
vn 0.4140 0.6180 0.6683
vn 0.3965 0.6202 0.6768
vn 0.4191 0.4223 0.8037
vn 0.4413 0.4100 0.7982
vn 0.3839 0.6238 0.6808
vn 0.3966 0.6202 0.6768
vn 0.3907 0.5281 0.7540
vn 0.3720 0.5380 0.7564
vn 0.3720 0.5381 0.7564
vn 0.3639 0.6308 0.6854
vn 0.3555 0.6774 0.6440
vn 0.3639 0.6307 0.6854
vn 0.3554 0.6774 0.6440
vn 0.3740 0.7543 0.5396
vn 0.3554 0.6775 0.6440
vn 0.3616 0.7447 0.5609
vn 0.3426 0.6884 0.6394
vn 0.3523 0.7480 0.5625
vn 0.3215 0.6834 0.6555
vn 0.3523 0.7479 0.5625
vn 0.3426 0.6883 0.6394
vn 0.3524 0.7479 0.5625
vn 0.3216 0.6833 0.6555
vn 0.3325 0.7427 0.5812
vn 0.3204 0.7506 0.5779
vn 0.3326 0.7427 0.5812
vn 0.3539 0.7929 0.4960
vn 0.3679 0.7957 0.4812
vn 0.3326 0.7428 0.5811
vn 0.3538 0.7929 0.4960
vn 0.3524 0.7479 0.5626
vn 0.3772 0.7952 0.4747
vn 0.3772 0.7952 0.4746
vn 0.3617 0.7447 0.5609
vn 0.3885 0.7926 0.4699
vn 0.3741 0.7542 0.5397
vn 0.3991 0.7887 0.4676
vn 0.3741 0.7542 0.5396
vn 0.3885 0.7926 0.4700
vn 0.3904 0.7502 0.5337
vn 0.3990 0.7887 0.4677
vn 0.3890 0.6255 0.6763
vn 0.3991 0.7887 0.4677
vn 0.3992 0.6195 0.6760
vn 0.3891 0.6255 0.6763
vn 0.3991 0.6195 0.6760
vn 0.4099 0.6177 0.6711
vn 0.4098 0.6178 0.6711
vn 0.4275 0.6014 0.6750
vn 0.4621 0.5848 0.6667
vn 0.4560 0.3930 0.7985
vn 0.4620 0.5849 0.6667
vn 0.3903 0.7502 0.5337
vn 0.3965 0.6202 0.6769
vn 0.4649 0.2686 0.8436
vn 0.4414 0.4101 0.7981
vn 0.5241 0.1939 0.8293
vn 0.4192 0.4224 0.8036
vn 0.4360 0.3187 0.8417
vn 0.4243 0.3415 0.8386
vn 0.4191 0.4224 0.8037
vn 0.4360 0.3186 0.8417
vn 0.3908 0.5281 0.7539
vn 0.4192 0.4225 0.8036
vn 0.4369 0.3126 0.8435
vn 0.4360 0.3186 0.8416
vn 0.4649 0.2687 0.8436
vn 0.4369 0.3126 0.8434
vn 0.4506 0.2834 0.8465
vn 0.5155 0.1681 0.8403
vn 0.5028 0.1872 0.8439
vn 0.4507 0.2834 0.8465
vn 0.5154 0.1682 0.8403
vn 0.4475 0.2951 0.8442
vn 0.4904 0.1976 0.8488
vn 0.4475 0.2950 0.8442
vn 0.5027 0.1872 0.8439
vn 0.4476 0.2950 0.8442
vn 0.4903 0.1976 0.8488
vn 0.4329 0.3296 0.8390
vn 0.4370 0.3126 0.8434
vn 0.4329 0.3297 0.8390
vn 0.4779 0.2079 0.8535
vn 0.4902 0.1975 0.8489
vn 0.6199 0.0281 0.7842
vn 0.4778 0.2078 0.8535
vn 0.6198 0.0281 0.7843
vn 0.4903 0.1975 0.8489
vn 0.6340 0.0277 0.7728
vn 0.5026 0.1871 0.8440
vn 0.6341 0.0277 0.7728
vn 0.6339 0.0278 0.7729
vn 0.5028 0.1870 0.8439
vn 0.6357 0.0360 0.7711
vn 0.6318 0.0400 0.7741
vn 0.6358 0.0360 0.7710
vn 0.6317 0.0400 0.7742
vn 0.5027 0.1871 0.8440
vn 0.5154 0.1680 0.8403
vn 0.5420 0.1412 0.8284
vn 0.6318 0.0399 0.7741
vn 0.5153 0.1680 0.8404
vn 0.6444 0.0396 0.7637
vn 0.5421 0.1412 0.8284
vn 0.6324 0.0593 0.7724
vn 0.6445 0.0396 0.7636
vn 0.5241 0.1938 0.8293
vn 0.6323 0.0594 0.7724
vn 0.5420 0.1413 0.8284
vn 0.5422 0.1413 0.8283
vn 0.5241 0.1940 0.8293
vn 0.5421 0.1413 0.8283
vn 0.5154 0.1681 0.8403
vn 0.6881 0.0187 0.7254
vn 0.6444 0.0397 0.7637
vn 0.6880 0.0187 0.7255
vn 0.6324 0.0594 0.7723
vn 0.6927 0.0187 0.7210
vn 0.6778 0.0143 0.7352
vn 0.6444 0.0397 0.7636
vn 0.6779 0.0143 0.7350
vn 0.6317 0.0400 0.7741
vn 0.7172 0.0051 0.6968
vn 0.6317 0.0401 0.7741
vn 0.6778 0.0143 0.7351
vn 0.6317 0.0402 0.7742
vn 0.7173 0.0052 0.6968
vn 0.6358 0.0362 0.7710
vn 0.7172 0.0052 0.6968
vn 0.6340 0.0278 0.7728
vn 0.6341 0.0278 0.7728
vn 0.7206 0.0001 0.6934
vn 0.7207 0.0001 0.6933
vn 0.6198 0.0282 0.7842
vn 0.6199 0.0281 0.7841
vn 0.7206 -0.0000 0.6933
vn 0.6110 0.0284 0.7911
vn 0.6081 0.0285 0.7933
vn 0.6111 0.0283 0.7911
vn 0.6020 0.0286 0.7980
vn 0.6021 0.0286 0.7979
vn 0.7044 -0.0000 0.7098
vn 0.6093 0.0198 0.7927
vn 0.7042 -0.0000 0.7100
vn 0.5918 0.0248 0.8057
vn 0.6093 0.0197 0.7927
vn 0.7926 0.0261 0.6092
vn 0.9142 0.3372 0.2248
vn 0.7926 0.0263 0.6092
vn 0.5809 0.0290 0.8134
vn 0.5919 0.0248 0.8057
vn 0.5810 0.0291 0.8134
vn 0.7925 0.0261 0.6093
vn 0.8551 0.1221 0.5039
vn 0.6508 -0.0000 0.7593
vn 0.5811 0.0290 0.8133
vn 0.8550 0.1221 0.5040
vn 0.6508 -0.0000 0.7592
vn 0.4961 0.1485 0.8555
vn 0.5810 0.0290 0.8134
vn 0.4125 0.4061 0.8154
vn 0.4962 0.1485 0.8554
vn 0.5810 0.0289 0.8134
vn 0.4126 0.4062 0.8154
vn 0.4317 0.2482 0.8672
vn 0.3842 0.6063 0.6963
vn 0.4318 0.2483 0.8671
vn 0.4124 0.4061 0.8155
vn 0.3843 0.6063 0.6962
vn 0.3932 0.4126 0.8217
vn 0.4271 0.2373 0.8725
vn 0.3822 0.4146 0.8258
vn 0.3800 0.4125 0.8280
vn 0.3800 0.4124 0.8280
vn 0.4403 0.2238 0.8695
vn 0.4118 0.3692 0.8331
vn 0.4403 0.2239 0.8695
vn 0.4118 0.3693 0.8331
vn 0.4606 0.2213 0.8596
vn 0.4166 0.3711 0.8299
vn 0.4607 0.2213 0.8595
vn 0.4117 0.3693 0.8331
vn 0.4635 0.2209 0.8581
vn 0.4685 0.2143 0.8571
vn 0.4266 0.3439 0.8365
vn 0.4778 0.2080 0.8535
vn 0.4686 0.2143 0.8570
vn 0.4778 0.2079 0.8535
vn 0.4265 0.3440 0.8365
vn 0.4685 0.2142 0.8571
vn 0.6111 0.0284 0.7911
vn 0.4778 0.2078 0.8536
vn 0.6198 0.0281 0.7842
vn 0.6080 0.0284 0.7934
vn 0.6081 0.0284 0.7933
vn 0.4635 0.2208 0.8582
vn 0.4634 0.2208 0.8582
vn 0.6081 0.0285 0.7934
vn 0.4606 0.2212 0.8596
vn 0.6094 0.0197 0.7926
vn 0.4402 0.2238 0.8695
vn 0.4272 0.2373 0.8725
vn 0.5919 0.0247 0.8057
vn 0.5917 0.0248 0.8057
vn 0.4318 0.2482 0.8672
vn 0.1392 0.7514 0.6450
vn -0.0000 0.7438 0.6684
vn -0.0000 0.7439 0.6683
vn 0.1392 0.7513 0.6451
vn 0.0122 0.7820 0.6231
vn 0.0122 0.7819 0.6232
vn 0.0122 0.7820 0.6232
vn 0.1980 0.2729 0.9414
vn 0.4014 0.7810 0.4785
vn 0.4210 0.7951 0.4366
vn 0.3910 0.8173 0.4231
vn 0.4103 0.3910 0.8239
vn 0.4050 0.3920 0.8260
vn 0.4104 0.3910 0.8239
vn 0.4050 0.3921 0.8260
vn 0.4921 0.1457 0.8582
vn 0.4634 0.1450 0.8742
vn 0.5551 0.7372 0.3852
vn 0.5530 0.7384 0.3858
vn 0.8585 0.2146 0.4657
vn 0.7284 0.5654 0.3869
vn 0.8585 0.2147 0.4657
vn 0.6665 0.0231 0.7452
vn 0.8579 0.1902 0.4774
vn 0.8586 0.2147 0.4656
vn 0.6666 0.0231 0.7451
vn 0.7661 0.0147 0.6425
vn 0.6665 0.0231 0.7451
vn 0.7070 -0.0000 0.7072
vn 0.7661 0.0148 0.6425
vn 0.5869 0.0415 0.8086
vn 0.9226 0.2057 0.3263
vn 0.4233 0.8917 0.1603
vn 0.6336 0.7735 0.0122
vn 0.8835 0.3313 0.3312
vn 0.6335 0.7736 0.0121
vn 0.0001 0.7070 0.7072
vn 0.3099 0.9224 0.2307
vn 0.2053 0.9359 0.2864
vn 0.3443 0.8378 0.4238
vn 0.3443 0.8377 0.4238
vn 0.4232 0.8917 0.1603
vn 0.3445 0.8377 0.4238
vn 0.3217 0.6741 0.6649
vn 0.3445 0.4239 0.8377
vn 0.3217 0.6742 0.6648
vn 0.1648 0.4910 0.8554
vn 0.6336 0.0122 0.7736
vn -0.0001 0.7071 0.7072
vn 0.5029 0.8527 0.1414
vn 0.6334 0.7737 0.0121
vn 0.7099 0.7043 -0.0001
vn 0.4198 0.8429 0.3366
vn 0.5030 0.8526 0.1415
vn 0.4199 0.8429 0.3365
vn 0.3883 0.7858 0.4815
vn 0.3443 0.8377 0.4239
vn 0.3882 0.7858 0.4814
vn 0.3216 0.6741 0.6649
vn 0.3216 0.6742 0.6649
vn 0.3444 0.4238 0.8377
vn 0.3443 0.4239 0.8377
vn 0.7098 -0.0001 0.7044
vn 0.4960 0.1485 0.8555
vn 0.4281 0.1606 0.8893
vn 0.7099 0.0001 0.7043
vn 0.6336 0.0123 0.7736
vn 0.5676 0.8226 0.0336
vn 0.7640 0.6438 0.0424
vn 0.5675 0.8227 0.0336
vn 0.5498 0.8348 0.0305
vn 0.4295 0.8821 0.1934
vn 0.5496 0.8349 0.0305
vn 0.4294 0.8822 0.1934
vn 0.4119 0.8849 0.2174
vn 0.3531 0.8381 0.4158
vn 0.3560 0.8292 0.4309
vn 0.4120 0.8849 0.2174
vn 0.3532 0.8381 0.4158
vn 0.3559 0.8292 0.4310
vn 0.3843 0.8611 0.3329
vn 0.4084 0.8659 0.2887
vn 0.3843 0.8611 0.3328
vn 0.3842 0.8611 0.3329
vn 0.4083 0.8660 0.2887
vn 0.4379 0.8719 0.2190
vn 0.4379 0.8720 0.2190
vn 0.4022 0.8632 0.3051
vn 0.4021 0.8632 0.3052
vn 0.4512 0.8751 0.1750
vn 0.3819 0.8590 0.3409
vn 0.4512 0.8751 0.1751
vn 0.3818 0.8590 0.3410
vn 0.4295 0.8821 0.1935
vn 0.4194 0.8915 0.1710
vn 0.5761 0.8167 0.0317
vn 0.4193 0.8916 0.1711
vn 0.5761 0.8167 0.0316
vn 0.5497 0.8348 0.0305
vn 0.5762 0.8167 0.0317
vn 0.5498 0.8348 0.0306
vn 0.5761 0.8168 0.0316
vn 0.8551 0.1221 0.5038
vn 0.8609 0.3318 0.3856
vn 0.7926 0.0263 0.6091
vn 0.7640 0.6438 0.0425
vn 0.8551 0.1223 0.5039
vn 0.9142 0.3372 0.2249
vn 0.4120 0.8849 0.2175
vn 0.4346 0.8299 0.3497
vn 0.4084 0.8660 0.2887
vn 0.3807 0.3028 0.8737
vn 0.2324 0.4149 0.8797
vn 0.4347 0.8299 0.3497
vn 0.3683 0.7304 0.5753
vn 0.4536 0.7946 0.4036
vn 0.3741 0.8223 0.4289
vn 0.4537 0.7946 0.4036
vn 0.4537 0.7945 0.4036
vn 0.4146 0.7827 0.4642
vn 0.4147 0.7827 0.4641
vn 0.3857 0.8193 0.4242
vn 0.3857 0.8194 0.4242
vn 0.3658 0.7529 0.5471
vn 0.3657 0.7529 0.5471
vn 0.3856 0.8194 0.4242
vn 0.3774 0.8224 0.4257
vn 0.8551 0.1222 0.5039
vn 0.8609 0.3318 0.3857
vn 0.3806 0.3028 0.8737
vn 0.7875 0.0331 0.6155
vn 0.2323 0.4149 0.8797
vn 0.6986 0.7155 -0.0000
vn 0.7015 0.7127 0.0001
vn 0.7014 0.7128 0.0001
vn 0.6985 0.7156 -0.0000
vn 0.7015 0.7126 0.0001
vn 0.7014 0.7127 -0.0000
vn 0.7015 0.7127 -0.0000
vn 0.7015 0.7126 -0.0000
vn 0.6986 0.7155 -0.0001
vn 0.6987 0.7154 -0.0000
vn 0.4117 0.3692 0.8332
vn 0.4166 0.3710 0.8299
vn 0.0599 0.8446 0.5320
vn 0.0599 0.8446 0.5321
vn 0.3565 0.7437 0.5656
vn 0.3671 0.8105 0.4564
vn 0.3542 0.7082 0.6107
vn 0.3565 0.7437 0.5655
vn 0.3670 0.8105 0.4564
vn 0.3773 0.8224 0.4258
vn 0.3566 0.7437 0.5655
vn 0.3600 0.7507 0.5539
vn 0.3542 0.7083 0.6107
vn 0.3670 0.8106 0.4564
vn 0.3566 0.7921 0.4954
vn 0.3541 0.7083 0.6106
vn 0.3600 0.7508 0.5538
vn 0.6957 0.7183 -0.0001
vn 0.6899 0.7239 -0.0001
vn 0.6987 0.7155 -0.0000
vn 0.6987 0.7155 -0.0001
vn 0.7043 0.7099 -0.0001
vn 0.7014 0.7128 -0.0000
vn 0.7014 0.7127 -0.0001
vn 0.6956 0.7184 -0.0000
vn 0.6958 0.7182 -0.0000
vn 0.6986 0.7155 0.0001
vn 0.7043 0.7099 0.0001
vn 0.7071 0.7071 0.0001
vn 0.7071 0.7071 -0.0000
vn 0.7295 0.6824 0.0471
vn 0.7070 0.7072 0.0001
vn 0.7375 0.6582 0.1511
vn 0.7374 0.6583 0.1511
vn 0.6947 0.6075 0.3851
vn 0.7295 0.6823 0.0472
vn 0.7375 0.6583 0.1511
vn 0.6948 0.6075 0.3850
vn 0.5042 0.4715 0.7235
vn 0.5041 0.4715 0.7235
vn 0.6948 0.6075 0.3849
vn 0.5897 0.5264 0.6126
vn 0.4156 0.4157 0.8090
vn 0.5042 0.4716 0.7235
vn 0.5896 0.5264 0.6126
vn 0.4012 0.4109 0.8186
vn 0.4157 0.4156 0.8090
vn 0.4156 0.4156 0.8090
vn 0.4087 0.4120 0.8143
vn 0.4088 0.4120 0.8143
vn 0.3964 0.4094 0.8217
vn 0.3970 0.4066 0.8228
vn 0.3965 0.4093 0.8217
vn 0.4088 0.4121 0.8143
vn 0.3964 0.4093 0.8217
vn 0.3960 0.4120 0.8207
vn 0.3959 0.4120 0.8207
vn 0.3605 0.5805 0.7301
vn 0.3507 0.6862 0.6373
vn 0.3605 0.5804 0.7302
vn 0.3598 0.7166 0.5976
vn 0.3608 0.6670 0.6519
vn 0.3607 0.6671 0.6519
vn 0.3597 0.7165 0.5977
vn 0.3599 0.7632 0.5367
vn 0.3607 0.6670 0.6519
vn 0.3679 0.6665 0.6484
vn 0.4122 0.7872 0.4587
vn 0.4593 0.6948 0.5535
vn 0.4593 0.6948 0.5534
vn 0.4553 0.7976 0.3956
vn 0.4122 0.7872 0.4586
vn 0.5631 0.7367 0.3744
vn 0.5632 0.7366 0.3745
vn 0.4395 0.8296 0.3443
vn 0.4553 0.7976 0.3957
vn 0.4454 0.8261 0.3453
vn 0.5459 0.8051 0.2320
vn 0.5458 0.8052 0.2319
vn 0.4205 0.8656 0.2720
vn 0.4394 0.8297 0.3443
vn 0.4204 0.8656 0.2720
vn 0.5457 0.8052 0.2320
vn 0.4842 0.8621 0.1495
vn 0.4841 0.8621 0.1496
vn 0.4178 0.8718 0.2557
vn 0.4204 0.8656 0.2719
vn 0.4179 0.8718 0.2557
vn 0.4778 0.8672 0.1405
vn 0.4777 0.8672 0.1404
vn 0.4375 0.8750 0.2074
vn 0.4375 0.8750 0.2075
vn 0.5379 0.8406 0.0632
vn 0.4726 0.8714 0.1315
vn 0.5378 0.8407 0.0632
vn 0.4374 0.8750 0.2075
vn 0.4727 0.8714 0.1316
vn 0.3868 0.8590 0.3354
vn 0.3507 0.6861 0.6374
vn 0.3540 0.7965 0.4901
vn 0.4727 0.8713 0.1316
vn 0.4727 0.8713 0.1315
vn 0.3541 0.7966 0.4900
vn 0.3868 0.8590 0.3355
vn 0.0123 0.6185 0.7857
vn 0.0123 0.6186 0.7856
vn 0.3959 0.4121 0.8207
vn 0.3964 0.4093 0.8218
vn 0.3965 0.4093 0.8218
vn 0.6948 0.6075 0.3851
vn 0.7295 0.6823 0.0471
vn 0.6958 0.7183 -0.0000
vn 0.7043 0.7099 -0.0000
vn 0.6985 0.7156 -0.0001
vn 0.7013 0.7128 -0.0001
vn 0.6956 0.7184 -0.0001
vn 0.6957 0.7183 -0.0000
vn 0.5262 0.8474 0.0713
vn 0.4478 0.8760 0.1791
vn 0.3819 0.8590 0.3410
vn 0.3501 0.6454 0.6789
vn 0.3818 0.8590 0.3409
vn 0.3567 0.7920 0.4955
vn 0.4379 0.8720 0.2189
vn 0.5263 0.8473 0.0712
vn 0.5263 0.8473 0.0713
vn 0.4379 0.8720 0.2188
vn 0.4698 0.8685 0.1579
vn 0.4083 0.8660 0.2886
vn 0.4378 0.8720 0.2189
vn 0.4773 0.8647 0.1565
vn 0.4346 0.8300 0.3496
vn 0.4774 0.8647 0.1565
vn 0.4345 0.8300 0.3496
vn 0.5365 0.8118 0.2304
vn 0.5366 0.8117 0.2304
vn 0.4346 0.8300 0.3497
vn 0.5366 0.8118 0.2304
vn 0.5573 0.7289 0.3976
vn 0.4146 0.7828 0.4640
vn 0.5572 0.7290 0.3976
vn 0.4536 0.7946 0.4035
vn 0.4147 0.7828 0.4640
vn 0.4692 0.6922 0.5484
vn 0.3657 0.7530 0.5471
vn 0.4693 0.6921 0.5484
vn 0.4146 0.7828 0.4641
vn 0.4692 0.6921 0.5484
vn 0.3705 0.6598 0.6538
vn 0.3564 0.7438 0.5655
vn 0.3600 0.6536 0.6657
vn 0.3601 0.6536 0.6657
vn 0.3542 0.7083 0.6106
vn 0.3641 0.5690 0.7373
vn 0.3541 0.7084 0.6106
vn 0.3641 0.5691 0.7373
vn 0.0123 0.6187 0.7856
vn 0.6164 0.7804 0.1053
vn 0.5873 0.7678 0.2559
vn 0.5762 0.8108 0.1033
vn 0.6164 0.7803 0.1053
vn 0.5874 0.7678 0.2559
vn 0.5325 0.8089 0.2494
vn 0.5491 0.8277 0.1154
vn 0.5326 0.8088 0.2494
vn 0.5763 0.8107 0.1033
vn 0.4906 0.8267 0.2756
vn 0.4906 0.8266 0.2756
vn 0.5381 0.8353 0.1125
vn 0.4707 0.8391 0.2729
vn 0.5807 0.8052 0.1201
vn 0.4907 0.8266 0.2756
vn 0.5807 0.8052 0.1200
vn 0.5519 0.8259 0.1151
vn 0.5807 0.8053 0.1200
vn 0.7326 0.6807 -0.0001
vn 0.7621 0.6474 0.0098
vn 0.7326 0.6807 -0.0000
vn 0.9329 0.3171 0.1707
vn 0.7620 0.6475 0.0098
vn 0.9330 0.3170 0.1707
vn 0.9239 0.3529 0.1476
vn 0.9329 0.3170 0.1707
vn 0.9300 0.1720 0.3247
vn 0.9219 0.1334 0.3639
vn 0.9219 0.1334 0.3638
vn 0.9254 0.3567 0.1282
vn 0.9253 0.3568 0.1282
vn 0.9399 0.1868 0.2860
vn 0.9399 0.1868 0.2859
vn 0.9350 0.3099 0.1728
vn 0.9254 0.3567 0.1283
vn 0.9349 0.3100 0.1727
vn 0.9398 0.1868 0.2860
vn 0.9385 0.1867 0.2904
vn 0.9385 0.1867 0.2903
vn 0.7350 0.6780 -0.0002
vn 0.9349 0.3100 0.1728
vn 0.9350 0.3098 0.1727
vn 0.7350 0.6780 -0.0000
vn 0.8257 0.5608 0.0617
vn 0.8257 0.5608 0.0618
vn 0.6843 0.7176 0.1294
vn 0.5873 0.7678 0.2560
vn 0.6843 0.7176 0.1296
vn 0.5326 0.8088 0.2495
vn 0.6843 0.7176 0.1295
vn 0.5325 0.8088 0.2494
vn 0.6469 0.7567 0.0942
vn 0.6470 0.7567 0.0942
vn 0.7620 0.6475 0.0099
vn 0.6469 0.7568 0.0940
vn 0.5807 0.8052 0.1199
vn 0.6469 0.7568 0.0941
vn 0.7997 0.5998 0.0285
vn 0.7996 0.5998 0.0285
vn 0.7620 0.6474 0.0100
vn 0.7997 0.5997 0.0287
vn 0.9253 0.3568 0.1283
vn 0.9349 0.3099 0.1728
vn 0.7996 0.5998 0.0286
vn 0.7996 0.5998 0.0287
vn 0.8256 0.5608 0.0619
vn 0.8256 0.5608 0.0617
vn 0.6469 0.7567 0.0940
vn 0.6843 0.7176 0.1293
vn 0.8616 0.0587 0.5042
vn 0.8704 0.0749 0.4866
vn 0.8618 0.0538 0.5043
vn 0.8618 0.0539 0.5044
vn 0.8397 0.0320 0.5421
vn 0.8616 0.0588 0.5042
vn 0.8397 0.0319 0.5422
vn 0.8618 0.0540 0.5044
vn 0.8397 0.0319 0.5421
vn 0.8224 0.0221 0.5685
vn 0.8397 0.0319 0.5420
vn 0.8250 0.0222 0.5647
vn 0.8224 0.0220 0.5684
vn 0.8250 0.0221 0.5647
vn 0.8258 0.0223 0.5636
vn 0.4559 0.3929 0.7986
vn 0.5208 0.6809 0.5149
vn 0.4620 0.5848 0.6667
vn 0.5335 0.5595 0.6344
vn 0.5208 0.6808 0.5150
vn 0.5666 0.3817 0.7303
vn 0.5335 0.5593 0.6345
vn 0.4559 0.3930 0.7986
vn 0.5665 0.3817 0.7303
vn 0.4631 0.5106 0.7244
vn 0.5334 0.5594 0.6344
vn 0.5666 0.3818 0.7303
vn 0.5198 0.3844 0.7629
vn 0.6244 0.2070 0.7532
vn 0.5199 0.3846 0.7628
vn 0.5666 0.3818 0.7302
vn 0.5198 0.3845 0.7628
vn 0.6243 0.2070 0.7532
vn 0.5197 0.2781 0.8078
vn 0.6242 0.2070 0.7533
vn 0.6612 0.0658 0.7474
vn 0.5198 0.2780 0.8078
vn 0.6611 0.0658 0.7474
vn 0.7086 0.0832 0.7007
vn 0.7087 0.0832 0.7006
vn 0.6243 0.2070 0.7533
vn 0.4560 0.3929 0.7986
vn 0.6243 0.2069 0.7533
vn 0.5666 0.3819 0.7302
vn 0.4558 0.3931 0.7986
vn 0.7559 0.0514 0.6527
vn 0.7087 0.0831 0.7006
vn 0.7182 0.0272 0.6953
vn 0.7086 0.0830 0.7007
vn 0.7558 0.0515 0.6527
vn 0.6611 0.0656 0.7474
vn 0.6998 0.0188 0.7141
vn 0.6612 0.0657 0.7473
vn 0.7181 0.0272 0.6954
vn 0.6611 0.0657 0.7474
vn 0.6999 0.0188 0.7139
vn 0.6281 0.0632 0.7756
vn 0.6928 0.0187 0.7209
vn 0.6280 0.0632 0.7756
vn 0.6999 0.0188 0.7140
vn 0.6929 0.0187 0.7208
vn 0.6324 0.0594 0.7724
vn 0.5315 0.2949 0.7941
vn 0.5314 0.2949 0.7941
vn 0.5242 0.1938 0.8293
vn 0.5641 0.2470 0.7879
vn 0.5316 0.2948 0.7940
vn 0.5641 0.2471 0.7878
vn 0.4430 0.6160 0.6514
vn 0.5315 0.2950 0.7940
vn 0.4429 0.6161 0.6513
vn 0.5642 0.2470 0.7879
vn 0.6329 0.6243 0.4579
vn 0.5598 0.3874 0.7325
vn 0.5642 0.2471 0.7878
vn 0.6330 0.6243 0.4579
vn 0.5599 0.3874 0.7324
vn 0.8493 0.4264 0.3113
vn 0.5005 0.5383 0.6780
vn 0.8493 0.4263 0.3114
vn 0.5600 0.3873 0.7324
vn 0.8216 0.1338 0.5541
vn 0.4813 0.5079 0.7144
vn 0.5006 0.5384 0.6779
vn 0.8216 0.1337 0.5541
vn 0.4812 0.5079 0.7145
vn 0.5691 0.1394 0.8103
vn 0.4632 0.5107 0.7243
vn 0.5692 0.1395 0.8103
vn 0.4813 0.5078 0.7144
vn 0.5691 0.1395 0.8103
vn 0.4631 0.5107 0.7243
vn 0.4520 0.3234 0.8313
vn 0.4519 0.3233 0.8314
vn 0.4574 0.4076 0.7903
vn 0.4574 0.4076 0.7904
vn 0.4574 0.4077 0.7903
vn 0.4133 0.4837 0.7715
vn 0.4132 0.4837 0.7716
vn 0.4430 0.6161 0.6513
vn 0.5197 0.2780 0.8078
vn 0.4301 0.7229 0.5407
vn 0.4631 0.5107 0.7244
vn 0.4812 0.5078 0.7145
vn 0.4301 0.7229 0.5408
vn 0.4685 0.7043 0.5334
vn 0.4098 0.6177 0.6712
vn 0.4686 0.7043 0.5333
vn 0.4302 0.7229 0.5407
vn 0.4685 0.7043 0.5333
vn 0.4099 0.6177 0.6712
vn 0.4275 0.6013 0.6751
vn 0.4274 0.6013 0.6751
vn 0.5208 0.6809 0.5150
vn 0.4620 0.5848 0.6668
vn 0.5334 0.5595 0.6344
vn 0.4684 0.7043 0.5334
vn 0.5207 0.6809 0.5150
vn 0.4099 0.6176 0.6712
vn 0.4813 0.5078 0.7145
vn 0.4184 0.7376 0.5299
vn 0.4139 0.6181 0.6683
vn 0.4813 0.5079 0.7145
vn 0.4413 0.4101 0.7982
vn 0.5599 0.3873 0.7324
vn 0.5600 0.3874 0.7323
vn 0.5242 0.1939 0.8292
vn 0.8175 0.4072 0.4071
vn 0.4120 0.4088 0.8143
vn 0.4882 0.1741 0.8552
vn 0.4881 0.1741 0.8553
vn 0.5692 0.1394 0.8103
vn 0.5690 0.1395 0.8104
vn 0.4881 0.1741 0.8552
vn 0.7183 -0.0001 0.6958
vn 0.9211 0.3217 0.2192
vn 0.7184 -0.0000 0.6957
vn 0.9211 0.3218 0.2193
vn 0.7143 0.6998 0.0013
vn 0.9211 0.3216 0.2193
vn 0.3834 0.6318 0.6737
vn 0.4120 0.4088 0.8144
vn 0.4044 0.8250 0.3947
vn 0.3833 0.6318 0.6738
vn 0.5128 0.8504 0.1181
vn 0.4045 0.8250 0.3947
vn 0.5128 0.8504 0.1180
vn 0.4430 0.6162 0.6512
vn 0.6330 0.6242 0.4580
vn 0.8493 0.4264 0.3112
vn 0.6697 0.6991 0.2505
vn 0.4613 0.8577 0.2270
vn 0.6698 0.6991 0.2505
vn 0.8464 0.5217 0.1068
vn 0.8867 0.1187 0.4469
vn 0.8464 0.5217 0.1069
vn 0.8464 0.5218 0.1068
vn 0.8867 0.1188 0.4468
vn 0.9216 0.1790 0.3445
vn 0.6698 0.6990 0.2504
vn 0.3869 0.7192 0.5772
vn 0.4613 0.8577 0.2271
vn 0.5938 0.6197 0.5132
vn 0.6697 0.6991 0.2504
vn 0.6182 0.3812 0.6873
vn 0.5938 0.6198 0.5131
vn 0.6182 0.3812 0.6874
vn 0.8463 0.5218 0.1068
vn 0.7486 0.1454 0.6469
vn 0.6183 0.3812 0.6874
vn 0.7485 0.1454 0.6469
vn 0.8463 0.5218 0.1069
vn 0.9216 0.1789 0.3444
vn 0.5939 0.6198 0.5130
vn 0.4092 0.4093 0.8154
vn 0.3868 0.7192 0.5772
vn 0.6184 0.3811 0.6873
vn 0.6182 0.3811 0.6874
vn 0.5553 0.0738 0.8284
vn 0.5552 0.0738 0.8284
vn 0.9216 0.1789 0.3445
vn 0.5552 0.0737 0.8284
vn 0.7487 0.1453 0.6468
vn 0.7099 0.7044 -0.0001
vn 0.6698 0.6990 0.2505
vn 0.6698 0.6991 0.2504
vn 0.7098 0.7044 -0.0001
vn 0.8464 0.5218 0.1069
vn 0.8867 0.1188 0.4469
vn 0.7099 0.7043 0.0001
vn 0.5939 0.6197 0.5131
vn 0.4092 0.4094 0.8154
vn 0.6183 0.3812 0.6873
vn 0.4093 0.4093 0.8155
vn 0.7485 0.1453 0.6470
vn 0.7486 0.1453 0.6469
vn 0.7486 0.1453 0.6470
vn 0.7485 0.1455 0.6469
vn 0.6183 0.3811 0.6874
vn 0.8867 0.1187 0.4468
vn 0.6699 0.6990 0.2504
vn 0.7485 0.1454 0.6470
vn 0.5551 0.0737 0.8285
vn 0.6182 0.3813 0.6873
vn 0.3868 0.7193 0.5771
vn 0.3297 0.9231 0.1979
vn 0.4230 0.8111 0.4040
vn 0.2631 0.8558 0.4455
vn 0.5155 0.8448 0.1434
vn 0.5071 0.8587 0.0744
vn 0.5154 0.8448 0.1434
vn 0.3297 0.9231 0.1978
vn 0.5154 0.8449 0.1434
vn 0.7232 0.6906 -0.0000
vn 0.7625 0.4574 0.4575
vn 0.7232 0.6907 -0.0000
vn 0.7625 0.4575 0.4575
vn 0.9306 0.2589 0.2589
vn 0.5042 0.0740 0.8604
vn 0.9306 0.2589 0.2588
vn 0.7624 0.4575 0.4576
vn 0.5041 0.0739 0.8605
vn 0.7206 -0.0000 0.6934
vn 0.7670 0.0101 0.6416
vn 0.9305 0.2589 0.2589
vn 0.7205 -0.0000 0.6935
vn 0.9305 0.2589 0.2590
vn 0.9407 0.2399 0.2397
vn 0.8176 0.4073 0.4071
vn 0.9408 0.2398 0.2397
vn 0.7670 0.0100 0.6416
vn 0.7670 0.6416 0.0100
vn 0.9422 0.2288 0.2448
vn 0.8176 0.4071 0.4073
vn 0.5719 0.8073 0.1457
vn 0.7669 0.6417 0.0099
vn 0.4754 0.7862 0.3948
vn 0.5718 0.8073 0.1458
vn 0.4231 0.8111 0.4040
vn 0.5719 0.8073 0.1458
vn 0.4755 0.7862 0.3947
vn 0.5719 0.8073 0.1459
vn 0.4231 0.8110 0.4040
vn 0.5154 0.8448 0.1435
vn 0.7670 0.6416 0.0099
vn 0.7232 0.6907 -0.0001
vn 0.7232 0.6906 0.0001
vn 0.9407 0.2398 0.2399
vn 0.7669 0.6417 0.0100
vn 0.9407 0.2398 0.2398
vn 0.7233 0.6906 -0.0000
vn 0.9306 0.2588 0.2590
vn 0.5071 0.8587 0.0743
vn 0.3296 0.9231 0.1978
vn 0.5072 0.8586 0.0743
vn 0.7233 0.6906 -0.0001
vn 0.5071 0.8586 0.0745
vn 0.9407 0.2399 0.2399
vn 0.8176 0.4072 0.4071
vn 0.8176 0.4072 0.4072
vn 0.9422 0.2290 0.2447
vn 0.8176 0.4071 0.4072
vn 0.5718 0.8073 0.1457
vn 0.4230 0.8111 0.4039
vn 0.2448 0.6856 0.6856
vn 0.2630 0.8558 0.4454
vn 0.2449 0.6856 0.6856
vn 0.3961 0.6492 0.6493
vn 0.4478 0.6322 0.6323
vn 0.3961 0.6493 0.6493
vn 0.4479 0.6322 0.6322
vn 0.4229 0.8111 0.4039
vn 0.4754 0.7863 0.3946
vn 0.8176 0.4071 0.4071
vn 0.4478 0.6323 0.6322
vn 0.4754 0.7863 0.3947
vn 0.4748 0.3973 0.7853
vn 0.5719 0.1458 0.8073
vn 0.4749 0.3974 0.7852
vn 0.7670 0.0099 0.6416
vn 0.5718 0.1457 0.8073
vn 0.5155 0.1434 0.8448
vn 0.5154 0.1433 0.8449
vn 0.7206 -0.0001 0.6934
vn 0.5042 0.0739 0.8604
vn 0.3297 0.1978 0.9231
vn 0.3297 0.1979 0.9231
vn 0.4230 0.4040 0.8111
vn 0.5155 0.1435 0.8448
vn 0.2631 0.4455 0.8557
vn 0.2630 0.4454 0.8558
vn 0.4230 0.4039 0.8111
vn 0.4231 0.4040 0.8110
vn 0.4749 0.3973 0.7852
vn 0.5718 0.1459 0.8073
vn 0.7232 0.6906 -0.0001
vn 0.9408 0.2398 0.2398
vn 0.7669 0.6416 0.0100
vn 0.9408 0.2397 0.2398
vn 0.9306 0.2588 0.2589
vn 0.5041 0.0738 0.8605
vn 0.7625 0.4576 0.4574
vn 0.2631 0.4454 0.8558
vn 0.3296 0.1979 0.9231
vn 0.2630 0.4454 0.8559
vn 0.2630 0.8558 0.4455
vn 0.2448 0.6857 0.6855
vn 0.5072 0.8586 0.0744
vn 0.0001 0.7071 0.7072
vn 0.2629 0.4454 0.8558
vn 0.5155 0.1433 0.8448
vn 0.7205 -0.0001 0.6935
vn 0.4231 0.4040 0.8111
vn 0.5154 0.1435 0.8448
vn 0.2631 0.4455 0.8558
vn 0.4230 0.4040 0.8110
vn 0.5719 0.1458 0.8072
vn 0.4229 0.4039 0.8111
vn 0.0665 0.4655 0.8826
vn 0.3185 0.5581 0.7662
vn 0.2171 0.2593 0.9411
vn 0.0665 0.4655 0.8825
vn 0.4437 0.3562 0.8224
vn 0.8383 0.2850 0.4648
vn 0.3184 0.5582 0.7662
vn 0.4436 0.3561 0.8224
vn 0.3184 0.5580 0.7663
vn 0.8382 0.2852 0.4649
vn 0.2596 0.9166 0.3042
vn 0.8382 0.2851 0.4649
vn 0.8840 0.4559 0.1036
vn 0.8383 0.2850 0.4649
vn 0.7585 0.6517 0.0059
vn 0.7584 0.6518 0.0059
vn 0.8840 0.4558 0.1036
vn 0.2171 0.2594 0.9410
vn 0.2172 0.2594 0.9410
vn 0.2595 0.9166 0.3042
vn 0.2172 0.2593 0.9411
vn 0.3184 0.5581 0.7662
vn 0.7920 0.4647 0.3960
vn 0.3845 0.5693 0.7266
vn 0.6879 0.6157 0.3844
vn 0.3845 0.5692 0.7267
vn 0.7921 0.4646 0.3959
vn 0.3846 0.4417 0.8105
vn 0.0051 0.7564 0.6541
vn 0.3846 0.5692 0.7267
vn 0.3845 0.5693 0.7267
vn 0.1031 0.8456 0.5238
vn 0.5586 0.8268 0.0660
vn 0.5585 0.8269 0.0660
vn 0.6567 0.7542 -0.0000
vn 0.7920 0.4646 0.3961
vn 0.5585 0.8269 0.0659
vn 0.6565 0.7543 -0.0001
vn 0.5586 0.8268 0.0661
vn 0.6878 0.6158 0.3844
vn 0.6877 0.6158 0.3844
vn 0.0537 0.4890 0.8706
vn 0.3606 0.5518 0.7520
vn 0.1821 0.3014 0.9359
vn 0.4427 0.3618 0.8205
vn 0.8370 0.2958 0.4604
vn 0.4426 0.3618 0.8205
vn 0.3607 0.5517 0.7520
vn 0.1815 0.9036 0.3879
vn 0.8370 0.2957 0.4605
vn 0.8825 0.4587 0.1043
vn 0.1815 0.9037 0.3879
vn 0.8825 0.4586 0.1042
vn 0.8370 0.2957 0.4604
vn 0.7500 0.6614 -0.0000
vn 0.7500 0.6615 -0.0000
vn 0.8825 0.4586 0.1043
vn 0.1822 0.3015 0.9359
vn 0.1822 0.3014 0.9359
vn 0.4732 0.8702 0.1374
vn 0.0122 0.6231 0.7820
vn 0.0122 0.6232 0.7820
vn 0.0121 0.6231 0.7820
vn 0.4732 0.8701 0.1375
vn 0.4305 0.8845 0.1800
vn 0.6528 0.7575 0.0062
vn 0.4306 0.8844 0.1801
vn 0.4733 0.8701 0.1374
vn 0.4306 0.8844 0.1800
vn 0.6528 0.7575 0.0061
vn 0.6419 0.7667 0.0125
vn 0.6866 0.7270 -0.0001
vn 0.6420 0.7666 0.0125
vn 0.6527 0.7576 0.0061
vn 0.6867 0.7270 -0.0001
vn 0.6834 0.7301 -0.0001
vn 0.6834 0.7300 -0.0000
vn 0.6866 0.7271 -0.0000
vn 0.6834 0.7301 -0.0000
vn 0.7070 0.7072 -0.0000
vn 0.7042 0.7100 -0.0000
vn 0.7071 0.7071 0.0050
vn 0.7072 0.7070 0.0052
vn 0.7047 0.7095 0.0097
vn 0.7070 0.7072 0.0051
vn 0.7045 0.7092 0.0274
vn 0.7046 0.7091 0.0272
vn 0.6981 0.7098 0.0936
vn 0.7046 0.7095 0.0095
vn 0.6982 0.7098 0.0936
vn 0.7045 0.7092 0.0272
vn 0.6882 0.7020 0.1833
vn 0.6460 0.6610 0.3817
vn 0.6460 0.6611 0.3817
vn 0.6958 -0.0001 0.7183
vn 0.6987 -0.0000 0.7155
vn 0.6986 -0.0000 0.7155
vn 0.7152 -0.0000 0.6989
vn 0.0122 0.6231 0.7821
vn 0.2084 0.4283 0.8793
vn 0.2294 0.4218 0.8772
vn 0.3439 0.4106 0.8445
vn 0.2295 0.4220 0.8771
vn 0.2085 0.4283 0.8792
vn 0.2295 0.4219 0.8771
vn 0.3438 0.4107 0.8445
vn 0.3517 0.4081 0.8425
vn 0.3810 0.4070 0.8302
vn 0.3516 0.4081 0.8425
vn 0.3517 0.4080 0.8425
vn 0.3809 0.4071 0.8302
vn 0.3860 0.4087 0.8270
vn 0.4019 0.4083 0.8196
vn 0.4019 0.4082 0.8197
vn 0.4046 0.4078 0.8186
vn 0.4018 0.4083 0.8197
vn 0.4323 0.4353 0.7897
vn 0.4046 0.4077 0.8186
vn 0.4157 0.4157 0.8090
vn 0.4666 0.4696 0.7495
vn 0.4322 0.4353 0.7898
vn 0.4465 0.4495 0.7737
vn 0.4464 0.4495 0.7737
vn 0.5706 0.5821 0.5792
vn 0.4665 0.4696 0.7496
vn 0.5706 0.5822 0.5792
vn 0.5199 0.5287 0.6710
vn 0.5200 0.5287 0.6709
vn 0.6460 0.6611 0.3816
vn 0.5707 0.5822 0.5792
vn 0.2294 0.4219 0.8772
vn 0.0121 0.6232 0.7820
vn 0.2083 0.4283 0.8793
vn 0.0121 0.6231 0.7821
vn 0.2294 0.4219 0.8771
vn 0.3438 0.4106 0.8445
vn 0.3439 0.4107 0.8445
vn 0.4045 0.4078 0.8186
vn 0.4328 0.4328 0.7908
vn 0.4328 0.4327 0.7908
vn 0.5200 0.5286 0.6710
vn 0.4665 0.4695 0.7496
vn 0.4666 0.4695 0.7496
vn 0.5707 0.5821 0.5792
vn 0.5199 0.5287 0.6709
vn 0.4733 0.8701 0.1375
vn 0.6420 0.7666 0.0123
vn 0.6867 0.7270 -0.0000
vn 0.6833 0.7301 -0.0000
vn 0.7045 0.7097 0.0051
vn 0.7045 0.7096 0.0050
vn 0.7046 0.7091 0.0273
vn 0.7046 0.7095 0.0097
vn 0.6881 0.7021 0.1833
vn 0.7046 0.7095 0.0096
vn 0.7047 0.7095 0.0096
vn 0.6981 0.7099 0.0936
vn 0.6461 0.6610 0.3817
vn 0.4940 0.8145 0.3042
vn 0.7355 0.6471 0.2010
vn 0.6881 0.7252 0.0231
vn 0.4532 0.7472 0.4862
vn 0.4513 0.4724 0.7571
vn 0.6215 0.5467 0.5611
vn 0.7313 0.6821 -0.0000
vn 0.7262 0.6875 -0.0000
vn 0.7262 0.6874 -0.0001
vn 0.7312 0.6821 -0.0000
vn 0.7554 0.6553 -0.0000
vn 0.6882 0.7252 0.0232
vn 0.7553 0.6554 0.0001
vn 0.7313 0.6821 0.0001
vn 0.6882 0.7251 0.0232
vn 0.6510 0.7587 0.0234
vn 0.6882 0.7251 0.0230
vn 0.5374 0.8308 0.1447
vn 0.6510 0.7588 0.0234
vn 0.5373 0.8309 0.1447
vn 0.7355 0.6471 0.2009
vn 0.7355 0.6470 0.2010
vn 0.4643 0.8290 0.3117
vn 0.5374 0.8308 0.1449
vn 0.7355 0.6470 0.2009
vn 0.4260 0.7606 0.4899
vn 0.4531 0.7473 0.4861
vn 0.4166 0.6443 0.6413
vn 0.4259 0.7607 0.4899
vn 0.4167 0.6443 0.6413
vn 0.4531 0.7472 0.4862
vn 0.6216 0.5467 0.5611
vn 0.4234 0.4905 0.7617
vn 0.4166 0.6443 0.6414
vn 0.6215 0.5468 0.5610
vn 0.4512 0.4724 0.7571
vn 0.4513 0.4725 0.7570
vn 0.4235 0.4905 0.7616
vn 0.4513 0.4724 0.7570
vn 0.4205 0.3916 0.8184
vn 0.6181 0.0240 0.7857
vn 0.6074 0.3468 0.7147
vn 0.5088 0.1408 0.8493
vn 0.5087 0.1409 0.8493
vn 0.6180 0.0240 0.7858
vn 0.5088 0.1409 0.8493
vn 0.4532 0.7472 0.4861
vn 0.4507 0.4747 0.7560
vn 0.6205 0.5458 0.5631
vn 0.7350 0.6466 0.2042
vn 0.6905 0.7230 0.0232
vn 0.4267 0.3982 0.8120
vn 0.4194 0.3970 0.8163
vn 0.4357 0.3781 0.8168
vn 0.4194 0.3970 0.8164
vn 0.4268 0.3981 0.8120
vn 0.4151 0.4056 0.8143
vn 0.4357 0.3780 0.8169
vn 0.4507 0.4748 0.7560
vn 0.4267 0.3981 0.8120
vn 0.4506 0.4749 0.7560
vn 0.4229 0.4928 0.7604
vn 0.4167 0.6443 0.6414
vn 0.4505 0.4748 0.7561
vn 0.4227 0.4928 0.7605
vn 0.6205 0.5459 0.5630
vn 0.6206 0.5458 0.5631
vn 0.6206 0.5458 0.5630
vn 0.4530 0.7473 0.4862
vn 0.4939 0.8145 0.3042
vn 0.6533 0.7568 0.0234
vn 0.6533 0.7567 0.0234
vn 0.6905 0.7230 0.0231
vn 0.7608 0.6489 0.0001
vn 0.6905 0.7229 0.0233
vn 0.6533 0.7567 0.0236
vn 0.6905 0.7230 0.0233
vn 0.7608 0.6490 0.0001
vn 0.7340 0.6792 0.0001
vn 0.7319 0.6814 -0.0000
vn 0.7340 0.6792 -0.0000
vn 0.7609 0.6489 -0.0000
vn 0.7340 0.6791 -0.0000
vn 0.7318 0.6815 -0.0000
vn 0.7181 0.6960 -0.0000
vn 0.5291 0.8465 0.0596
vn 0.3417 0.9181 0.2008
vn 0.7961 0.4279 0.4279
vn 0.5291 0.0595 0.8465
vn 0.3468 0.1866 0.9192
vn 0.5291 0.0596 0.8465
vn 0.2776 0.4407 0.8537
vn 0.3469 0.1865 0.9192
vn 0.2584 0.6943 0.6717
vn 0.2777 0.4407 0.8536
vn 0.2851 0.8517 0.4396
vn 0.2584 0.6942 0.6717
vn 0.3417 0.9181 0.2007
vn 0.2850 0.8517 0.4397
vn 0.6147 0.7885 0.0186
vn 0.7963 0.5991 0.0835
vn 0.6377 0.7702 0.0060
vn 0.8736 0.3442 0.3440
vn 0.7963 0.5992 0.0834
vn 0.7964 0.5991 0.0834
vn 0.8736 0.3441 0.3442
vn 0.8919 0.3197 0.3197
vn 0.8736 0.3442 0.3441
vn 0.7963 0.0835 0.5991
vn 0.8736 0.3442 0.3442
vn 0.6117 0.0186 0.7908
vn 0.7963 0.0834 0.5991
vn 0.6117 0.0185 0.7909
vn 0.6379 0.0060 0.7701
vn 0.6117 0.0186 0.7909
vn 0.5116 0.0537 0.8575
vn 0.6378 0.0061 0.7702
vn 0.4111 0.1621 0.8971
vn 0.5116 0.0536 0.8576
vn 0.6118 0.0186 0.7908
vn 0.4112 0.1619 0.8971
vn 0.5116 0.0535 0.8575
vn 0.3789 0.2850 0.8805
vn 0.4335 0.1555 0.8876
vn 0.4111 0.1620 0.8971
vn 0.3311 0.4246 0.8427
vn 0.3789 0.2851 0.8805
vn 0.4113 0.1620 0.8970
vn 0.3493 0.4217 0.8367
vn 0.3790 0.2851 0.8804
vn 0.3311 0.4247 0.8426
vn 0.3296 0.5523 0.7657
vn 0.3492 0.4217 0.8368
vn 0.3310 0.4246 0.8427
vn 0.3062 0.6840 0.6621
vn 0.3296 0.5523 0.7658
vn 0.3265 0.6684 0.6683
vn 0.3295 0.5523 0.7657
vn 0.3061 0.6840 0.6621
vn 0.3222 0.7708 0.5497
vn 0.3061 0.6840 0.6622
vn 0.3222 0.7707 0.5497
vn 0.3246 0.8433 0.4284
vn 0.3336 0.8405 0.4270
vn 0.3223 0.7707 0.5496
vn 0.3247 0.8433 0.4283
vn 0.3335 0.8405 0.4270
vn 0.3247 0.8433 0.4284
vn 0.3689 0.8821 0.2929
vn 0.3689 0.8821 0.2928
vn 0.4021 0.8984 0.1765
vn 0.3687 0.8822 0.2929
vn 0.4021 0.8984 0.1764
vn 0.4336 0.8876 0.1554
vn 0.4020 0.8985 0.1763
vn 0.5116 0.8576 0.0535
vn 0.4020 0.8985 0.1765
vn 0.6147 0.7885 0.0187
vn 0.5117 0.8575 0.0536
vn 0.5116 0.8576 0.0537
vn 0.6147 0.7886 0.0187
vn 0.6378 0.7702 0.0061
vn 0.2777 0.4406 0.8536
vn 0.5291 0.8464 0.0596
vn 0.3468 0.1865 0.9192
vn 0.3062 0.6839 0.6622
vn 0.3246 0.8433 0.4283
vn 0.3688 0.8821 0.2929
vn 0.8736 0.3441 0.3441
vn 0.7964 0.5990 0.0834
vn 0.6116 0.0186 0.7909
vn 0.4112 0.1620 0.8970
vn 0.5116 0.0536 0.8575
vn 0.3513 0.9175 0.1863
vn 0.2097 0.9205 0.3297
vn 0.3512 0.9176 0.1863
vn 0.3513 0.9176 0.1863
vn 0.4917 0.4014 0.7727
vn 0.2595 0.2118 0.9422
vn 0.2594 0.2118 0.9423
vn 0.2594 0.2119 0.9422
vn 0.5354 0.2760 0.7982
vn 0.1747 0.3019 0.9372
vn 0.5355 0.2759 0.7982
vn 0.2594 0.2119 0.9423
vn 0.2134 0.2869 0.9339
vn 0.1748 0.3018 0.9372
vn 0.2134 0.2868 0.9339
vn 0.7375 0.1810 0.6506
vn 0.2098 0.9205 0.3296
vn 0.2097 0.9205 0.3296
vn 0.5938 0.6197 0.5131
vn 0.4905 0.7491 0.4453
vn 0.4904 0.7491 0.4454
vn 0.1449 0.9051 0.3998
vn 0.4905 0.7492 0.4452
vn 0.1653 0.9346 0.3150
vn 0.1450 0.9051 0.3998
vn 0.1652 0.9346 0.3151
vn 0.6687 0.6846 0.2902
vn 0.6183 0.3811 0.6873
vn 0.4904 0.7492 0.4452
vn 0.5354 0.2759 0.7982
vn 0.7375 0.1809 0.6506
vn 0.4904 0.7492 0.4453
vn 0.5354 0.2760 0.7983
vn 0.5938 0.6198 0.5132
vn 0.2135 0.2869 0.9339
vn 0.1451 0.9051 0.3998
vn 0.1653 0.9346 0.3151
vn 0.2136 0.2868 0.9339
vn 0.1747 0.3018 0.9372
vn 0.1747 0.3017 0.9373
vn 0.1450 0.9050 0.3998
vn 0.3513 0.9175 0.1864
vn 0.4918 0.4014 0.7727
vn 0.2595 0.2117 0.9423
vn 0.1450 0.9051 0.3997
vn 0.2098 0.9204 0.3298
vn 0.1835 0.4793 0.8582
vn 0.1835 0.4796 0.8581
vn 0.1729 0.7586 0.6282
vn 0.6699 0.6990 0.2503
vn 0.5155 0.7873 0.3384
vn 0.1244 0.7762 0.6181
vn 0.5154 0.7873 0.3384
vn 0.1197 0.6773 0.7259
vn 0.5154 0.7873 0.3383
vn 0.1243 0.7763 0.6180
vn 0.6156 0.6300 0.4733
vn 0.1837 0.4796 0.8580
vn 0.1836 0.4796 0.8581
vn 0.2593 0.2118 0.9423
vn 0.2594 0.2118 0.9422
vn 0.8870 0.4571 0.0653
vn 0.3232 0.5584 0.7640
vn 0.8870 0.4571 0.0654
vn 0.8870 0.4572 0.0653
vn 0.2522 0.3389 0.9064
vn 0.3233 0.5583 0.7641
vn 0.2523 0.3389 0.9064
vn 0.9272 0.2275 0.2974
vn 0.5155 0.7872 0.3384
vn 0.5154 0.7874 0.3382
vn 0.9273 0.2275 0.2974
vn 0.6155 0.6301 0.4733
vn 0.2521 0.3390 0.9064
vn 0.3233 0.5583 0.7640
vn 0.2522 0.3388 0.9064
vn 0.1198 0.6773 0.7259
vn 0.1836 0.4797 0.8580
vn 0.3233 0.5584 0.7640
vn 0.1244 0.7763 0.6180
vn 0.2595 0.2116 0.9423
vn 0.4918 0.4015 0.7726
vn 0.1729 0.7587 0.6281
vn 0.1836 0.4796 0.8580
vn 0.6537 0.3809 0.6539
vn 0.6094 0.3843 0.6935
vn 0.5020 0.3942 0.7698
vn 0.4099 0.4067 0.8164
vn 0.6539 0.3809 0.6537
vn 0.5020 0.3943 0.7698
vn 0.6538 0.3809 0.6538
vn 0.4098 0.4067 0.8165
vn 0.4099 0.4067 0.8165
vn 0.8037 0.5893 0.0823
vn 0.8417 0.5307 0.0995
vn 0.8549 0.4981 0.1451
vn 0.7862 0.6175 0.0242
vn 0.8549 0.4981 0.1450
vn 0.6869 0.7241 0.0621
vn 0.3463 0.9020 0.2578
vn 0.8549 0.4980 0.1450
vn 0.6946 0.6947 0.1866
vn 0.6672 0.7227 0.1806
vn 0.3464 0.9020 0.2578
vn 0.6671 0.7227 0.1806
vn 0.2214 0.9386 0.2647
vn 0.6531 0.3834 0.6530
vn 0.4878 0.5144 0.7053
vn 0.5774 0.5773 0.5774
vn 0.4879 0.5143 0.7053
vn 0.1698 0.4423 0.8806
vn 0.5512 0.5971 0.5828
vn 0.5513 0.5971 0.5828
vn 0.1625 0.6889 0.7064
vn 0.6671 0.7227 0.1808
vn 0.5511 0.5972 0.5828
vn 0.4878 0.5143 0.7053
vn 0.6671 0.7227 0.1807
vn 0.6868 0.7242 0.0620
vn 0.5773 0.5774 0.5774
vn 0.6869 0.7241 0.0620
vn 0.6947 0.6946 0.1867
vn 0.6946 0.6947 0.1867
vn 0.6530 0.3835 0.6531
vn 0.5774 0.5774 0.5773
vn 0.6530 0.3834 0.6531
vn 0.6946 0.6948 0.1866
vn 0.8549 0.4980 0.1451
vn 0.2213 0.9386 0.2647
vn 0.6672 0.7226 0.1807
vn 0.1625 0.6888 0.7065
vn 0.1626 0.6889 0.7064
vn 0.3464 0.9020 0.2576
vn 0.2215 0.9385 0.2648
vn 0.3464 0.9020 0.2577
vn 0.1626 0.6888 0.7065
vn 0.1699 0.4423 0.8806
vn 0.4082 0.4146 0.8133
vn 0.4191 0.3320 0.8450
vn 0.4196 0.3290 0.8460
vn 0.4083 0.4146 0.8133
vn 0.4587 0.1897 0.8681
vn 0.4197 0.3290 0.8460
vn 0.4192 0.3320 0.8450
vn 0.4197 0.3290 0.8459
vn 0.4587 0.1896 0.8681
vn 0.4610 0.1829 0.8684
vn 0.4586 0.1895 0.8682
vn 0.5390 0.0628 0.8400
vn 0.4609 0.1827 0.8684
vn 0.4587 0.1895 0.8681
vn 0.5368 0.0671 0.8411
vn 0.5368 0.0672 0.8410
vn 0.6839 0.0001 0.7295
vn 0.5391 0.0630 0.8399
vn 0.6839 0.0001 0.7296
vn 0.5369 0.0672 0.8410
vn 0.8679 0.1085 0.4847
vn 0.6840 -0.0000 0.7295
vn 0.8680 0.1086 0.4846
vn 0.8655 0.1010 0.4906
vn 0.9065 0.3747 0.1948
vn 0.8656 0.1010 0.4905
vn 0.8679 0.1086 0.4847
vn 0.9065 0.3746 0.1949
vn 0.9102 0.3610 0.2031
vn 0.9065 0.3746 0.1948
vn 0.7868 0.6169 0.0190
vn 0.9101 0.3610 0.2032
vn 0.7868 0.6169 0.0189
vn 0.9064 0.3747 0.1948
vn 0.7837 0.6208 0.0188
vn 0.7838 0.6207 0.0189
vn 0.7017 0.7125 -0.0000
vn 0.7016 0.7126 -0.0000
vn 0.7838 0.6207 0.0188
vn 0.6109 0.7828 0.1183
vn 0.5869 0.8039 0.0964
vn 0.8036 0.5894 0.0824
vn 0.5869 0.8039 0.0965
vn 0.6109 0.7828 0.1184
vn 0.6054 0.7705 0.1995
vn 0.5594 0.7877 0.2581
vn 0.5593 0.7877 0.2582
vn 0.6055 0.7704 0.1996
vn 0.5809 0.7463 0.3249
vn 0.5809 0.7464 0.3247
vn 0.4950 0.6972 0.5185
vn 0.5593 0.7877 0.2581
vn 0.4951 0.6972 0.5185
vn 0.5808 0.7465 0.3247
vn 0.5497 0.7062 0.4462
vn 0.5081 0.6468 0.5687
vn 0.5496 0.7063 0.4462
vn 0.4950 0.6972 0.5186
vn 0.5081 0.6468 0.5688
vn 0.4311 0.5906 0.6822
vn 0.4661 0.5973 0.6527
vn 0.4662 0.5973 0.6526
vn 0.5783 0.4241 0.6969
vn 0.1882 0.6136 0.7669
vn 0.1882 0.6135 0.7669
vn 0.1963 0.7541 0.6268
vn 0.2397 0.9210 0.3069
vn 0.4952 0.6971 0.5185
vn 0.2882 0.9392 0.1868
vn 0.5594 0.7877 0.2580
vn 0.2882 0.9392 0.1867
vn 0.5593 0.7878 0.2581
vn 0.5460 0.5246 0.6532
vn 0.5868 0.8039 0.0964
vn 0.2881 0.9392 0.1867
vn 0.8037 0.5893 0.0824
vn 0.5868 0.8040 0.0964
vn 0.2469 0.2374 0.9395
vn 0.1882 0.6135 0.7670
vn 0.4311 0.5906 0.6821
vn 0.2469 0.2373 0.9395
vn 0.5784 0.4241 0.6969
vn 0.2793 0.7762 0.5652
vn 0.3790 0.7671 0.5176
vn 0.2690 0.7875 0.5545
vn 0.3768 0.7659 0.5210
vn 0.2793 0.7763 0.5651
vn 0.3822 0.7674 0.5148
vn 0.3822 0.7675 0.5147
vn 0.4556 0.7789 0.4310
vn 0.3789 0.7672 0.5176
vn 0.3821 0.7675 0.5147
vn 0.3940 0.7221 0.5686
vn 0.3941 0.7220 0.5687
vn 0.4725 0.7864 0.3979
vn 0.1819 0.8253 0.5345
vn 0.2794 0.7762 0.5652
vn 0.2691 0.7874 0.5546
vn 0.1819 0.8254 0.5345
vn 0.1777 0.8154 0.5509
vn 0.1818 0.8254 0.5345
vn 0.1552 0.8539 0.4968
vn 0.1775 0.8155 0.5509
vn 0.1942 0.8919 0.4084
vn 0.1552 0.8538 0.4969
vn 0.1951 0.8857 0.4214
vn 0.1950 0.8857 0.4213
vn 0.3225 0.8965 0.3038
vn 0.1942 0.8920 0.4082
vn 0.3226 0.8965 0.3038
vn 0.1952 0.8857 0.4213
vn 0.3062 0.8962 0.3212
vn 0.4226 0.8556 0.2989
vn 0.3062 0.8962 0.3211
vn 0.3225 0.8964 0.3039
vn 0.4227 0.8555 0.2990
vn 0.4251 0.8534 0.3016
vn 0.4701 0.8035 0.3653
vn 0.4251 0.8534 0.3017
vn 0.4701 0.8035 0.3652
vn 0.4658 0.8532 0.2347
vn 0.4731 0.7874 0.3953
vn 0.4657 0.8533 0.2346
vn 0.0123 0.6269 0.7790
vn 0.0123 0.6268 0.7791
vn 0.0001 0.7403 0.6722
vn 0.0121 0.6269 0.7790
vn 0.0122 0.6269 0.7790
vn 0.1033 0.4613 0.8812
vn 0.1033 0.4612 0.8813
vn 0.0001 0.7404 0.6722
vn 0.7099 -0.0000 0.7044
vn -0.0000 0.7232 0.6906
vn -0.0000 0.7284 0.6852
vn -0.0000 0.7126 0.7016
vn 0.0001 0.7233 0.6906
vn 0.0001 0.7257 0.6880
vn 0.0001 0.7331 0.6801
vn 0.0001 0.7232 0.6907
vn 0.0001 0.7332 0.6801
vn 0.0001 0.7309 0.6825
vn -0.0000 0.7331 0.6801
vn -0.0000 0.7125 0.7016
vn -0.0000 0.7309 0.6825
vn -0.0000 0.7388 0.6739
vn 0.0001 0.7282 0.6854
vn 0.0001 0.7358 0.6772
vn 0.0001 0.7359 0.6771
vn -0.0000 0.7281 0.6854
vn -0.0000 0.7153 0.6988
vn -0.0000 0.7359 0.6771
vn 0.0001 0.7153 0.6988
vn -0.0001 0.7153 0.6988
vn 0.0010 0.7313 0.6820
vn 0.0001 0.7284 0.6852
vn 0.4073 0.8175 0.4072
vn 0.0001 0.7179 0.6961
vn 0.0001 0.7125 0.7017
vn 0.0001 0.7125 0.7016
vn 0.0001 0.7178 0.6962
vn 0.0001 0.7126 0.7016
vn -0.0000 0.7125 0.7017
vn -0.0000 0.7233 0.6905
vn -0.0000 0.7233 0.6906
vn -0.0000 0.7099 0.7043
vn -0.0000 0.7232 0.6907
vn -0.0000 0.7098 0.7044
vn -0.0000 0.7126 0.7015
vn 0.5091 0.7592 0.4054
vn 0.5731 0.7318 0.3688
vn 0.5082 0.7533 0.4174
vn 0.5732 0.7317 0.3689
vn 0.5092 0.7592 0.4054
vn 0.5645 0.7315 0.3824
vn 0.5092 0.7592 0.4055
vn 0.5625 0.7289 0.3901
vn 0.5626 0.7289 0.3901
vn 0.5159 0.7693 0.3768
vn 0.4677 0.7836 0.4088
vn 0.5160 0.7693 0.3769
vn 0.5091 0.7592 0.4055
vn 0.5159 0.7693 0.3769
vn 0.4729 0.7924 0.3852
vn 0.4617 0.7871 0.4091
vn 0.4730 0.7924 0.3852
vn 0.4677 0.7836 0.4089
vn 0.4618 0.7871 0.4090
vn 0.4669 0.7959 0.3854
vn 0.4506 0.7947 0.4067
vn 0.4534 0.7997 0.3935
vn 0.4522 0.7977 0.3989
vn 0.4534 0.7997 0.3936
vn 0.4505 0.7947 0.4068
vn 0.4523 0.7977 0.3989
vn 0.4514 0.8019 0.3915
vn 0.4515 0.8018 0.3915
vn 0.4531 0.8048 0.3834
vn 0.4514 0.8018 0.3915
vn 0.4553 0.8087 0.3725
vn 0.4579 0.8075 0.3720
vn 0.4547 0.8077 0.3753
vn 0.4578 0.8075 0.3720
vn 0.4457 0.7917 0.4177
vn 0.4458 0.7917 0.4177
vn 0.4434 0.7876 0.4279
vn 0.4439 0.7886 0.4254
vn 0.4440 0.7886 0.4254
vn 0.4776 0.7950 0.3739
vn 0.4729 0.7924 0.3853
vn 0.4776 0.7950 0.3740
vn 0.4669 0.7959 0.3855
vn 0.4755 0.8020 0.3614
vn 0.5159 0.7692 0.3769
vn 0.5159 0.7692 0.3770
vn 0.5212 0.7724 0.3629
vn 0.5646 0.7207 0.4024
vn 0.5211 0.7725 0.3629
vn 0.5645 0.7207 0.4024
vn 0.5625 0.7289 0.3902
vn 0.6133 0.6915 0.3817
vn 0.5645 0.7207 0.4023
vn 0.6133 0.6914 0.3818
vn 0.6077 0.6979 0.3790
vn 0.6277 0.6787 0.3813
vn 0.6056 0.6955 0.3866
vn 0.6056 0.6955 0.3867
vn 0.6276 0.6787 0.3813
vn 0.5646 0.7315 0.3823
vn 0.5645 0.7315 0.3825
vn 0.6076 0.6980 0.3790
vn 0.4677 0.7785 0.4185
vn 0.5082 0.7533 0.4175
vn 0.4617 0.7871 0.4090
vn 0.4599 0.7757 0.4323
vn 0.7863 0.6174 0.0242
vn 0.7072 0.7070 -0.0000
vn 0.5783 0.4242 0.6969
vn 0.6095 0.3843 0.6934
vn -0.0000 0.7257 0.6880
vn 0.5461 0.5247 0.6531
vn 0.1815 0.3153 0.9315
vn 0.1816 0.3154 0.9314
vn 0.2397 0.9210 0.3070
vn 0.1058 0.4728 0.8748
vn 0.1058 0.4726 0.8749
vn 0.2397 0.9211 0.3069
vn 0.0525 0.5387 0.8408
vn 0.1814 0.3152 0.9315
vn 0.1442 0.3724 0.9168
vn 0.2470 0.2372 0.9395
vn 0.2993 0.7725 0.5600
vn 0.3919 0.6808 0.6188
vn 0.2469 0.2372 0.9395
vn 0.3920 0.6807 0.6189
vn 0.1883 0.6135 0.7669
vn 0.1963 0.7540 0.6268
vn 0.3920 0.6807 0.6188
vn 0.1014 0.4530 0.8857
vn 0.1963 0.7541 0.6267
vn 0.0525 0.5386 0.8409
vn 0.1013 0.4530 0.8858
vn 0.1963 0.7542 0.6267
vn 0.0525 0.5387 0.8409
vn 0.1963 0.7542 0.6266
vn 0.2397 0.9210 0.3071
vn 0.5461 0.5246 0.6531
vn 0.1442 0.3722 0.9169
vn 0.4714 0.1699 0.8654
vn 0.5461 0.5246 0.6532
vn 0.4713 0.1699 0.8654
vn 0.5784 0.4240 0.6969
vn 0.9149 0.3300 0.2325
vn 0.9149 0.3299 0.2325
vn 0.2993 0.7725 0.5601
vn 0.4478 0.2090 0.8694
vn 0.1815 0.3152 0.9315
vn 0.4711 0.0728 0.8791
vn 0.4478 0.2089 0.8694
vn 0.1816 0.3152 0.9315
vn 0.4711 0.0729 0.8791
vn 0.1444 0.3724 0.9168
vn 0.4478 0.2091 0.8694
vn 0.4713 0.1701 0.8654
vn 0.1058 0.4727 0.8749
vn 0.0526 0.5387 0.8409
vn 0.5967 0.0256 0.8020
vn 0.5967 0.0257 0.8021
vn 0.2994 0.7724 0.5601
vn 0.8939 0.4171 0.1639
vn 0.8939 0.4172 0.1640
vn 0.3919 0.6807 0.6189
vn 0.7852 0.1309 0.6053
vn 0.7852 0.1310 0.6052
vn 0.5774 0.0313 0.8159
vn 0.8939 0.4173 0.1639
vn 0.7852 0.1308 0.6053
vn 0.7852 0.1309 0.6052
vn 0.7099 0.7044 -0.0000
vn 0.7754 0.6313 0.0150
vn 0.8910 0.4484 0.0711
vn 0.7956 0.6051 0.0287
vn 0.8910 0.4483 0.0712
vn 0.7754 0.6312 0.0150
vn 0.8831 0.4648 0.0640
vn 0.7567 0.6538 0.0052
vn 0.8831 0.4648 0.0638
vn 0.7754 0.6313 0.0149
vn 0.8831 0.4648 0.0639
vn 0.7567 0.6537 0.0051
vn 0.8647 0.4993 0.0548
vn 0.7567 0.6537 0.0050
vn 0.8490 0.5259 0.0507
vn 0.8647 0.4993 0.0547
vn 0.8491 0.5258 0.0506
vn 0.7567 0.6537 0.0052
vn 0.7383 0.6745 -0.0001
vn 0.6639 0.7465 0.0434
vn 0.7383 0.6745 -0.0000
vn 0.7382 0.6745 -0.0000
vn 0.6640 0.7465 0.0434
vn 0.6488 0.7599 0.0400
vn 0.5945 0.7927 0.1345
vn 0.6488 0.7599 0.0399
vn 0.6640 0.7465 0.0433
vn 0.6487 0.7600 0.0399
vn 0.5946 0.7927 0.1345
vn 0.5846 0.8010 0.1290
vn 0.5454 0.7981 0.2561
vn 0.5846 0.8010 0.1292
vn 0.5946 0.7927 0.1347
vn 0.5407 0.8026 0.2519
vn 0.5071 0.7684 0.3904
vn 0.5072 0.7683 0.3904
vn 0.5049 0.7695 0.3910
vn 0.5071 0.7685 0.3903
vn 0.4739 0.7034 0.5298
vn 0.5048 0.7697 0.3909
vn 0.5071 0.7684 0.3903
vn 0.4812 0.7041 0.5222
vn 0.4978 0.6998 0.5123
vn 0.4811 0.7042 0.5222
vn 0.4978 0.6998 0.5124
vn 0.5230 0.7587 0.3884
vn 0.5192 0.6855 0.5104
vn 0.4977 0.6998 0.5124
vn 0.5475 0.7423 0.3863
vn 0.8269 0.3793 0.4152
vn 0.8269 0.3794 0.4150
vn 0.5049 0.6031 0.6175
vn 0.5192 0.6855 0.5105
vn 0.5051 0.5022 0.7019
vn 0.5049 0.6030 0.6176
vn 0.8270 0.3794 0.4150
vn 0.5129 0.3900 0.7648
vn 0.5378 0.2705 0.7985
vn 0.5129 0.3901 0.7647
vn 0.8269 0.3793 0.4151
vn 0.5864 0.1540 0.7952
vn 0.5379 0.2706 0.7984
vn 0.6650 0.0547 0.7449
vn 0.5864 0.1539 0.7952
vn 0.8269 0.3794 0.4151
vn 0.7750 0.0147 0.6318
vn 0.6649 0.0546 0.7449
vn 0.7750 0.0148 0.6318
vn 0.6356 0.0479 0.7706
vn 0.6356 0.0479 0.7705
vn 0.7749 0.0148 0.6319
vn 0.7497 0.0052 0.6617
vn 0.7496 0.0052 0.6618
vn 0.6070 0.0487 0.7932
vn 0.6070 0.0488 0.7932
vn 0.7308 -0.0000 0.6826
vn 0.6071 0.0488 0.7931
vn 0.7307 -0.0000 0.6827
vn 0.5826 0.0494 0.8112
vn 0.7015 0.0001 0.7127
vn 0.5826 0.0494 0.8113
vn 0.5620 0.0580 0.8251
vn 0.5621 0.0580 0.8251
vn 0.7015 -0.0000 0.7126
vn 0.5619 0.0581 0.8252
vn 0.5463 0.0700 0.8347
vn 0.5462 0.0700 0.8347
vn 0.5513 0.0701 0.8314
vn 0.5513 0.0700 0.8314
vn 0.4665 0.1977 0.8622
vn 0.5463 0.0699 0.8347
vn 0.4664 0.1977 0.8622
vn 0.5514 0.0700 0.8313
vn 0.4855 0.1617 0.8592
vn 0.4855 0.1619 0.8591
vn 0.4280 0.3092 0.8492
vn 0.4665 0.1979 0.8621
vn 0.4281 0.3092 0.8492
vn 0.4330 0.3034 0.8488
vn 0.4104 0.4041 0.8175
vn 0.4104 0.4040 0.8175
vn 0.4072 0.4200 0.8111
vn 0.4072 0.4199 0.8111
vn 0.3985 0.4850 0.7784
vn 0.3909 0.5049 0.7696
vn 0.3987 0.4640 0.7910
vn 0.3910 0.5048 0.7696
vn 0.3986 0.4641 0.7910
vn 0.3731 0.5474 0.7491
vn 0.3910 0.5049 0.7696
vn 0.3731 0.5474 0.7492
vn 0.3761 0.5535 0.7431
vn 0.3730 0.5474 0.7491
vn 0.3540 0.6074 0.7112
vn 0.3580 0.5844 0.7282
vn 0.3540 0.6074 0.7111
vn 0.3730 0.5473 0.7492
vn 0.3445 0.7321 0.5876
vn 0.3730 0.7492 0.5473
vn 0.3445 0.7322 0.5876
vn 0.3234 0.7340 0.5972
vn 0.3446 0.7321 0.5876
vn 0.3235 0.7339 0.5972
vn 0.3335 0.8405 0.4269
vn 0.3612 0.8340 0.4170
vn 0.3412 0.7444 0.5739
vn 0.3612 0.8340 0.4171
vn 0.3413 0.7444 0.5739
vn 0.4028 0.8787 0.2563
vn 0.3613 0.8340 0.4171
vn 0.4027 0.8787 0.2564
vn 0.4138 0.8791 0.2364
vn 0.4116 0.8657 0.2850
vn 0.4137 0.8792 0.2363
vn 0.4028 0.8787 0.2562
vn 0.4137 0.8792 0.2364
vn 0.4117 0.8656 0.2849
vn 0.4294 0.8626 0.2675
vn 0.5013 0.8600 0.0950
vn 0.4295 0.8626 0.2675
vn 0.4138 0.8792 0.2363
vn 0.3917 0.8890 0.2372
vn 0.4571 0.8803 0.1269
vn 0.3917 0.8890 0.2373
vn 0.4571 0.8803 0.1270
vn 0.5611 0.8259 0.0547
vn 0.5626 0.8254 0.0460
vn 0.5612 0.8259 0.0547
vn 0.5625 0.8255 0.0461
vn 0.6122 0.7904 0.0240
vn 0.6517 0.7585 0.0052
vn 0.6121 0.7904 0.0242
vn 0.5626 0.8254 0.0462
vn 0.6961 0.7179 0.0001
vn 0.6516 0.7586 0.0052
vn 0.6348 0.7726 0.0149
vn 0.7126 0.7015 0.0001
vn 0.7127 0.7014 0.0001
vn 0.6357 0.7717 0.0195
vn 0.6348 0.7725 0.0148
vn 0.6358 0.7716 0.0195
vn 0.7126 0.7016 0.0001
vn 0.6316 0.7751 0.0192
vn 0.7072 0.7070 0.0001
vn 0.6315 0.7751 0.0192
vn 0.7179 0.6962 0.0001
vn 0.7179 0.6961 0.0001
vn 0.6376 0.7697 0.0320
vn 0.7179 0.6962 -0.0000
vn 0.6489 0.7598 0.0401
vn 0.6377 0.7696 0.0319
vn 0.6488 0.7599 0.0401
vn 0.7178 0.6962 -0.0000
vn 0.8265 0.5616 0.0387
vn 0.7382 0.6746 -0.0001
vn 0.7179 0.6961 -0.0000
vn 0.7382 0.6746 -0.0000
vn 0.8264 0.5617 0.0387
vn 0.8490 0.5259 0.0506
vn 0.9195 0.3357 0.2044
vn 0.8490 0.5259 0.0508
vn 0.8264 0.5617 0.0388
vn 0.8491 0.5258 0.0507
vn 0.9275 0.2974 0.2266
vn 0.8706 0.0899 0.4838
vn 0.9275 0.2973 0.2266
vn 0.9195 0.3357 0.2043
vn 0.8706 0.0899 0.4837
vn 0.8667 0.0734 0.4934
vn 0.8706 0.0898 0.4837
vn 0.8667 0.0733 0.4933
vn 0.8723 0.0700 0.4839
vn 0.8667 0.0733 0.4934
vn 0.8723 0.0701 0.4839
vn 0.7497 0.0052 0.6618
vn 0.8723 0.0700 0.4840
vn 0.7497 0.0051 0.6618
vn 0.8801 0.0662 0.4702
vn 0.8800 0.0663 0.4703
vn 0.8801 0.0663 0.4702
vn 0.8943 0.0735 0.4414
vn 0.8942 0.0736 0.4416
vn 0.7750 0.0149 0.6318
vn 0.9427 0.2475 0.2239
vn 0.8943 0.0736 0.4415
vn 0.8911 0.4483 0.0710
vn 0.8911 0.4483 0.0711
vn 0.7077 0.7034 0.0657
vn 0.7956 0.6052 0.0285
vn 0.8268 0.3795 0.4151
vn 0.6348 0.7582 0.1487
vn 0.7076 0.7036 0.0658
vn 0.8269 0.3795 0.4150
vn 0.5827 0.7693 0.2620
vn 0.6348 0.7582 0.1488
vn 0.5475 0.7422 0.3863
vn 0.5827 0.7693 0.2619
vn 0.5231 0.7586 0.3885
vn 0.5476 0.7422 0.3864
vn 0.5231 0.7586 0.3886
vn 0.5592 0.7862 0.2632
vn 0.5454 0.7981 0.2562
vn 0.6101 0.7780 0.1498
vn 0.5592 0.7861 0.2632
vn 0.6804 0.7308 0.0546
vn 0.6101 0.7781 0.1497
vn 0.6641 0.7464 0.0434
vn 0.7755 0.6312 0.0148
vn 0.7566 0.6538 0.0051
vn 0.7956 0.6051 0.0285
vn 0.6804 0.7308 0.0545
vn 0.7754 0.6313 0.0148
vn 0.6805 0.7307 0.0545
vn 0.7957 0.6050 0.0285
vn 0.7076 0.7035 0.0658
vn 0.7077 0.7035 0.0658
vn 0.6101 0.7780 0.1497
vn 0.6101 0.7780 0.1499
vn 0.5593 0.7861 0.2632
vn 0.6349 0.7581 0.1488
vn 0.5828 0.7692 0.2620
vn 0.8831 0.4649 0.0639
vn 0.9427 0.2474 0.2240
vn 0.8911 0.4482 0.0710
vn 0.9385 0.2473 0.2410
vn 0.9385 0.2473 0.2409
vn 0.9385 0.2472 0.2411
vn 0.8647 0.4994 0.0548
vn 0.9338 0.2754 0.2285
vn 0.8647 0.4994 0.0549
vn 0.9338 0.2753 0.2284
vn 0.9338 0.2755 0.2284
vn 0.8667 0.0734 0.4933
vn 0.8722 0.0701 0.4840
vn 0.8801 0.0663 0.4701
vn 0.9338 0.2754 0.2284
vn 0.9338 0.2754 0.2286
vn 0.9385 0.2472 0.2410
vn 0.9427 0.2474 0.2238
vn 0.5845 0.8010 0.1290
vn 0.6377 0.7697 0.0318
vn 0.6375 0.7698 0.0318
vn 0.5875 0.8014 0.1127
vn 0.5875 0.8013 0.1129
vn 0.5611 0.8061 0.1882
vn 0.5874 0.8014 0.1129
vn 0.5611 0.8061 0.1883
vn 0.5408 0.8026 0.2519
vn 0.5298 0.7978 0.2879
vn 0.5048 0.7696 0.3910
vn 0.5297 0.7979 0.2878
vn 0.5049 0.7696 0.3910
vn 0.4805 0.7238 0.4952
vn 0.5048 0.7696 0.3909
vn 0.4805 0.7238 0.4953
vn 0.4738 0.7034 0.5298
vn 0.4613 0.6629 0.5898
vn 0.4804 0.7238 0.4953
vn 0.4738 0.7035 0.5297
vn 0.4427 0.6041 0.6627
vn 0.4613 0.6628 0.5898
vn 0.4500 0.6167 0.6459
vn 0.4500 0.6166 0.6459
vn 0.4227 0.5103 0.7489
vn 0.4427 0.6040 0.6627
vn 0.4500 0.6166 0.6460
vn 0.4380 0.5131 0.7382
vn 0.4625 0.6167 0.6371
vn 0.4624 0.6167 0.6371
vn 0.4551 0.5116 0.7288
vn 0.4625 0.6166 0.6371
vn 0.4774 0.5129 0.7134
vn 0.4550 0.5116 0.7288
vn 0.4839 0.6173 0.6203
vn 0.4839 0.6174 0.6202
vn 0.4624 0.6168 0.6370
vn 0.4840 0.6174 0.6202
vn 0.5049 0.6032 0.6175
vn 0.5191 0.6855 0.5105
vn 0.4840 0.6173 0.6203
vn 0.5049 0.6031 0.6176
vn 0.5050 0.5022 0.7020
vn 0.4775 0.5129 0.7134
vn 0.5051 0.5021 0.7019
vn 0.5128 0.3900 0.7648
vn 0.4838 0.3938 0.7816
vn 0.5379 0.2705 0.7984
vn 0.4839 0.3939 0.7815
vn 0.5378 0.2706 0.7985
vn 0.5094 0.2681 0.8177
vn 0.5095 0.2681 0.8176
vn 0.5378 0.2707 0.7984
vn 0.5094 0.2682 0.8177
vn 0.5574 0.1469 0.8171
vn 0.5573 0.1468 0.8172
vn 0.5863 0.1538 0.7953
vn 0.5574 0.1468 0.8172
vn 0.6649 0.0547 0.7449
vn 0.6356 0.0478 0.7705
vn 0.5259 0.1551 0.8363
vn 0.5260 0.1550 0.8362
vn 0.6355 0.0479 0.7706
vn 0.6071 0.0487 0.7931
vn 0.5826 0.0492 0.8112
vn 0.5827 0.0492 0.8112
vn 0.5000 0.1602 0.8511
vn 0.5619 0.0579 0.8252
vn 0.4999 0.1602 0.8511
vn 0.5826 0.0492 0.8113
vn 0.5620 0.0579 0.8251
vn 0.4779 0.1744 0.8609
vn 0.5462 0.0699 0.8348
vn 0.4778 0.1744 0.8610
vn 0.4665 0.1977 0.8621
vn 0.4366 0.2968 0.8493
vn 0.4779 0.1745 0.8609
vn 0.4666 0.1978 0.8621
vn 0.4199 0.4072 0.8111
vn 0.4115 0.4115 0.8132
vn 0.4114 0.4115 0.8133
vn 0.4034 0.4897 0.7730
vn 0.4104 0.4040 0.8176
vn 0.4115 0.4114 0.8133
vn 0.4034 0.4896 0.7730
vn 0.4042 0.4960 0.7685
vn 0.4033 0.4897 0.7730
vn 0.4031 0.5305 0.7457
vn 0.4041 0.4960 0.7686
vn 0.4047 0.4937 0.7697
vn 0.3985 0.4850 0.7785
vn 0.4048 0.4937 0.7697
vn 0.3984 0.4849 0.7785
vn 0.3892 0.4974 0.7753
vn 0.3687 0.5409 0.7560
vn 0.3892 0.4973 0.7754
vn 0.3762 0.5535 0.7431
vn 0.3324 0.6402 0.6926
vn 0.3688 0.5409 0.7560
vn 0.3324 0.6402 0.6925
vn 0.3541 0.6074 0.7111
vn 0.3235 0.7340 0.5972
vn 0.3067 0.7795 0.5462
vn 0.3325 0.6402 0.6925
vn 0.3067 0.7794 0.5463
vn 0.3236 0.7340 0.5972
vn 0.3336 0.8405 0.4269
vn 0.3337 0.8405 0.4269
vn 0.3170 0.8462 0.4282
vn 0.3068 0.7794 0.5463
vn 0.3487 0.8862 0.3051
vn 0.3170 0.8462 0.4283
vn 0.3918 0.8889 0.2373
vn 0.4137 0.8791 0.2365
vn 0.4138 0.8791 0.2365
vn 0.3917 0.8889 0.2373
vn 0.6929 -0.0000 0.7210
vn 0.8777 0.1062 0.4673
vn 0.8725 0.0985 0.4786
vn 0.8777 0.1062 0.4672
vn 0.6929 -0.0000 0.7211
vn 0.6930 -0.0000 0.7210
vn 0.8370 0.0291 0.5464
vn 0.8725 0.0986 0.4785
vn 0.8725 0.0985 0.4785
vn 0.8370 0.0292 0.5464
vn 0.8446 0.0598 0.5321
vn 0.9066 0.3844 0.1741
vn 0.9066 0.3843 0.1741
vn 0.8265 0.5617 0.0387
vn 0.8102 0.5852 0.0322
vn 0.8102 0.5852 0.0321
vn 0.8103 0.5852 0.0322
vn 0.7071 0.7072 -0.0000
vn 0.7071 0.7072 -0.0001
vn 0.8183 0.5734 0.0386
vn 0.8103 0.5852 0.0321
vn 0.8183 0.5735 0.0386
vn 0.6962 0.7179 -0.0001
vn 0.9223 0.3074 0.2344
vn 0.8183 0.5734 0.0387
vn 0.9223 0.3075 0.2342
vn 0.9066 0.3844 0.1742
vn 0.8831 0.1122 0.4556
vn 0.9223 0.3074 0.2343
vn 0.8831 0.1121 0.4556
vn 0.8844 0.1133 0.4528
vn 0.7015 -0.0001 0.7127
vn 0.8831 0.1122 0.4557
vn 0.6986 -0.0001 0.7155
vn 0.8844 0.1132 0.4529
vn 0.9195 0.3358 0.2044
vn 0.8844 0.1132 0.4528
vn 0.9195 0.3358 0.2043
vn 0.9066 0.3845 0.1741
vn 0.6358 0.7716 0.0193
vn 0.6120 0.7905 0.0240
vn 0.6357 0.7717 0.0194
vn 0.6162 0.7874 0.0196
vn 0.5612 0.8259 0.0549
vn 0.5611 0.8259 0.0548
vn 0.6162 0.7873 0.0196
vn 0.5628 0.8255 0.0422
vn 0.5613 0.8258 0.0547
vn 0.6348 0.7725 0.0147
vn 0.6358 0.7716 0.0194
vn 0.6121 0.7904 0.0241
vn 0.6340 0.7731 0.0191
vn 0.6339 0.7732 0.0192
vn 0.6347 0.7726 0.0147
vn 0.6317 0.7750 0.0204
vn 0.6046 0.7955 0.0408
vn 0.6339 0.7732 0.0191
vn 0.6357 0.7717 0.0193
vn 0.6316 0.7751 0.0191
vn 0.6103 0.7911 0.0406
vn 0.6316 0.7751 0.0190
vn 0.6315 0.7751 0.0190
vn 0.6102 0.7912 0.0406
vn 0.6382 0.7695 0.0234
vn 0.6381 0.7696 0.0234
vn 0.6376 0.7697 0.0318
vn 0.5915 0.8025 0.0785
vn 0.5874 0.8014 0.1127
vn 0.5916 0.8024 0.0787
vn 0.6340 0.7731 0.0193
vn 0.6320 0.7746 0.0238
vn 0.6321 0.7745 0.0238
vn 0.6339 0.7732 0.0193
vn 0.6345 0.7727 0.0192
vn 0.6344 0.7728 0.0190
vn 0.5533 0.8259 0.1082
vn 0.6320 0.7746 0.0237
vn 0.6344 0.7727 0.0190
vn 0.5532 0.8260 0.1082
vn 0.4893 0.8391 0.2377
vn 0.5533 0.8259 0.1083
vn 0.5532 0.8259 0.1083
vn 0.4894 0.8390 0.2377
vn 0.4411 0.8033 0.4002
vn 0.4894 0.8390 0.2378
vn 0.4895 0.8390 0.2378
vn 0.4180 0.7166 0.5583
vn 0.4180 0.7166 0.5584
vn 0.4096 0.6116 0.6769
vn 0.4179 0.7166 0.5584
vn 0.4067 0.4954 0.7676
vn 0.4097 0.6116 0.6769
vn 0.4070 0.4989 0.7652
vn 0.4071 0.4989 0.7651
vn 0.4068 0.4954 0.7675
vn 0.4048 0.4938 0.7696
vn 0.4035 0.4897 0.7730
vn 0.3885 0.8777 0.2806
vn 0.3930 0.8659 0.3094
vn 0.3885 0.8777 0.2805
vn 0.4027 0.8787 0.2562
vn 0.4028 0.8787 0.2564
vn 0.3584 0.8350 0.4175
vn 0.3885 0.8777 0.2807
vn 0.3584 0.8350 0.4176
vn 0.3583 0.8350 0.4175
vn 0.3374 0.7620 0.5528
vn 0.3620 0.7611 0.5383
vn 0.3373 0.7620 0.5528
vn 0.3412 0.7445 0.5739
vn 0.3411 0.7798 0.5249
vn 0.3532 0.7784 0.5190
vn 0.3239 0.7673 0.5535
vn 0.3239 0.7673 0.5534
vn 0.3799 0.8280 0.4124
vn 0.3498 0.8379 0.4190
vn 0.3239 0.7672 0.5535
vn 0.3728 0.8828 0.2859
vn 0.3799 0.8281 0.4123
vn 0.3788 0.8700 0.3156
vn 0.3726 0.8829 0.2858
vn 0.3727 0.8829 0.2858
vn 0.3789 0.8700 0.3156
vn 0.3886 0.8777 0.2806
vn 0.3727 0.8828 0.2859
vn 0.3886 0.8776 0.2806
vn 0.3583 0.8350 0.4176
vn 0.3497 0.8380 0.4190
vn 0.3240 0.7673 0.5535
vn 0.6651 -0.0000 0.7467
vn 0.6683 -0.0000 0.7439
vn 0.6652 -0.0000 0.7467
vn 0.6684 -0.0000 0.7438
vn 0.6651 -0.0000 0.7468
vn 0.6650 -0.0000 0.7468
vn 0.9235 0.2786 0.2638
vn 0.6651 -0.0001 0.7467
vn 0.6650 -0.0001 0.7468
vn 0.6651 -0.0001 0.7468
vn 0.9235 0.2786 0.2639
vn 0.6777 -0.0001 0.7353
vn 0.9226 0.2059 0.3263
vn 0.6779 -0.0001 0.7352
vn 0.6778 0.0001 0.7352
vn 0.6840 0.0001 0.7295
vn 0.9225 0.2058 0.3264
vn 0.6928 0.0001 0.7211
vn 0.9226 0.2058 0.3264
vn 0.5516 0.0624 0.8318
vn 0.5516 0.0623 0.8318
vn 0.5868 0.0416 0.8086
vn 0.7553 0.0125 0.6553
vn 0.6840 -0.0001 0.7295
vn 0.7552 0.0125 0.6554
vn 0.8726 0.0985 0.4785
vn 0.8446 0.0599 0.5320
vn 0.7552 0.0126 0.6553
vn 0.7552 0.0124 0.6554
vn 0.6777 -0.0000 0.7353
vn 0.6778 -0.0001 0.7353
vn 0.6810 -0.0000 0.7323
vn 0.6809 -0.0000 0.7324
vn 0.6778 -0.0001 0.7352
vn 0.6652 -0.0001 0.7467
vn 0.5208 0.8503 0.0756
vn 0.5013 0.8601 0.0951
vn 0.5012 0.8601 0.0950
vn 0.4296 0.8625 0.2675
vn 0.8577 0.3931 0.3315
vn 0.8551 0.4276 0.2932
vn 0.8555 0.3939 0.3361
vn 0.8577 0.3930 0.3315
vn 0.8568 0.4285 0.2868
vn 0.8568 0.4284 0.2868
vn 0.8274 0.4752 0.2992
vn 0.8551 0.4277 0.2931
vn 0.8274 0.4753 0.2991
vn 0.8275 0.4752 0.2991
vn 0.7974 0.5040 0.3319
vn 0.8275 0.4752 0.2992
vn 0.7974 0.5041 0.3318
vn 0.7974 0.5040 0.3318
vn 0.7975 0.5040 0.3318
vn 0.7672 0.5094 0.3898
vn 0.7672 0.5094 0.3897
vn 0.7529 0.4758 0.4548
vn 0.7673 0.5094 0.3897
vn 0.7529 0.4758 0.4547
vn 0.7519 0.4317 0.4982
vn 0.7519 0.4318 0.4982
vn 0.7601 0.3800 0.5271
vn 0.7626 0.3812 0.5227
vn 0.7891 0.3615 0.4966
vn 0.7625 0.3813 0.5227
vn 0.7601 0.3801 0.5271
vn 0.7891 0.3615 0.4967
vn 0.7917 0.3645 0.4902
vn 0.0225 0.8293 0.5584
vn 0.0449 0.8649 0.4999
vn 0.0510 0.8682 0.4937
vn 0.0448 0.8649 0.4999
vn 0.0226 0.8292 0.5585
vn 0.0224 0.8240 0.5661
vn 0.0464 0.8593 0.5093
vn 0.0511 0.8682 0.4936
vn 0.0450 0.8649 0.4999
vn 0.0512 0.8682 0.4936
vn 0.0464 0.8593 0.5094
vn 0.0463 0.8570 0.5132
vn 0.0388 0.8329 0.5521
vn 0.0462 0.8570 0.5132
vn 0.0463 0.8593 0.5094
vn 0.0387 0.8329 0.5521
vn 0.0370 0.8049 0.5922
vn 0.0388 0.8329 0.5520
vn 0.0387 0.8330 0.5520
vn 0.0370 0.8050 0.5921
vn 0.0369 0.8050 0.5921
vn 0.0359 0.7728 0.6336
vn 0.0369 0.8049 0.5922
vn 0.0359 0.7729 0.6335
vn 0.0359 0.7729 0.6336
vn 0.0394 0.7325 0.6797
vn 0.0394 0.7324 0.6798
vn 0.0392 0.7302 0.6821
vn 0.0393 0.7302 0.6821
vn 0.0395 0.6728 0.7388
vn 0.0395 0.6728 0.7387
vn 0.0353 0.6797 0.7327
vn 0.0353 0.6796 0.7327
vn 0.0186 0.6856 0.7277
vn 0.0187 0.6856 0.7277
vn 0.0353 0.6797 0.7326
vn 0.0188 0.6904 0.7232
vn 0.4803 0.2775 0.8321
vn 0.5574 0.1470 0.8171
vn 0.5260 0.1552 0.8362
vn 0.4803 0.2774 0.8321
vn 0.4597 0.3972 0.7943
vn 0.4804 0.2773 0.8321
vn 0.4838 0.3939 0.7815
vn 0.4597 0.3971 0.7944
vn 0.4837 0.3938 0.7816
vn 0.4385 0.4006 0.8045
vn 0.4597 0.3971 0.7943
vn 0.4381 0.5131 0.7381
vn 0.4199 0.4071 0.8111
vn 0.4385 0.4007 0.8045
vn 0.4228 0.5103 0.7489
vn 0.4114 0.4114 0.8133
vn 0.4082 0.5292 0.7439
vn 0.4081 0.5292 0.7439
vn 0.4140 0.4993 0.7611
vn 0.4041 0.4960 0.7685
vn 0.4227 0.5104 0.7489
vn 0.4140 0.4993 0.7612
vn 0.4239 0.5751 0.6997
vn 0.4239 0.5752 0.6997
vn 0.4385 0.4007 0.8044
vn 0.4367 0.2968 0.8493
vn 0.4386 0.4007 0.8044
vn 0.4573 0.2833 0.8429
vn 0.4574 0.2833 0.8429
vn 0.4804 0.2774 0.8320
vn 0.5001 0.1603 0.8510
vn 0.4574 0.2832 0.8430
vn 0.5000 0.1604 0.8511
vn 0.4778 0.1746 0.8609
vn 0.4574 0.2833 0.8430
vn 0.4573 0.2833 0.8430
vn 0.4366 0.2967 0.8493
vn 0.4811 0.7042 0.5223
vn 0.4624 0.6167 0.6370
vn 0.4811 0.7041 0.5223
vn 0.4738 0.7035 0.5298
vn 0.6928 -0.0000 0.7211
vn 0.5474 0.0663 0.8342
vn 0.5473 0.0663 0.8343
vn 0.5515 0.0623 0.8319
vn 0.5473 0.0662 0.8343
vn 0.5868 0.0416 0.8087
vn 0.4035 0.4896 0.7730
vn 0.4099 0.4066 0.8165
vn 0.4048 0.3373 0.8499
vn 0.4162 0.4003 0.8164
vn 0.4047 0.3373 0.8500
vn 0.3994 0.3457 0.8491
vn 0.4267 0.1880 0.8846
vn 0.4268 0.1879 0.8846
vn 0.3993 0.3457 0.8491
vn 0.4200 0.1944 0.8864
vn 0.4199 0.1943 0.8865
vn 0.4707 0.0768 0.8790
vn 0.4266 0.1878 0.8847
vn 0.4707 0.0767 0.8789
vn 0.4198 0.1944 0.8866
vn 0.4610 0.0815 0.8836
vn 0.4611 0.0816 0.8836
vn 0.5835 0.0253 0.8117
vn 0.5835 0.0254 0.8117
vn 0.4610 0.0817 0.8836
vn 0.5791 0.0318 0.8146
vn 0.7959 0.1410 0.5888
vn 0.5792 0.0319 0.8146
vn 0.7960 0.1410 0.5887
vn 0.7990 0.1305 0.5870
vn 0.8850 0.4096 0.2212
vn 0.7991 0.1304 0.5869
vn 0.7960 0.1409 0.5887
vn 0.8850 0.4096 0.2213
vn 0.8892 0.3916 0.2366
vn 0.7561 0.6544 0.0128
vn 0.8849 0.4098 0.2213
vn 0.7560 0.6544 0.0127
vn 0.7681 0.6400 0.0193
vn 0.7681 0.6400 0.0192
vn 0.7561 0.6544 0.0127
vn 0.7681 0.6401 0.0191
vn 0.7209 0.6931 -0.0001
vn 0.6967 0.7173 0.0001
vn 0.6584 0.7524 0.0189
vn 0.6584 0.7525 0.0189
vn 0.6966 0.7174 0.0001
vn 0.6381 0.7696 0.0236
vn 0.5849 0.8032 0.1130
vn 0.6584 0.7525 0.0187
vn 0.6584 0.7524 0.0187
vn 0.5848 0.8032 0.1130
vn 0.5913 0.7989 0.1096
vn 0.5497 0.7993 0.2428
vn 0.5914 0.7989 0.1097
vn 0.5849 0.8032 0.1131
vn 0.5559 0.7951 0.2426
vn 0.5209 0.7598 0.3891
vn 0.5230 0.7586 0.3886
vn 0.5208 0.7599 0.3890
vn 0.4836 0.6917 0.5363
vn 0.5230 0.7587 0.3885
vn 0.4781 0.6952 0.5367
vn 0.4780 0.6952 0.5368
vn 0.4434 0.5992 0.6667
vn 0.4835 0.6917 0.5364
vn 0.4434 0.5992 0.6666
vn 0.4403 0.6049 0.6635
vn 0.4403 0.6048 0.6636
vn 0.4255 0.4864 0.7631
vn 0.4434 0.5991 0.6667
vn 0.4404 0.6048 0.6635
vn 0.4256 0.4864 0.7631
vn 0.4215 0.4340 0.7962
vn 0.4256 0.4865 0.7630
vn 0.4141 0.4993 0.7611
vn 0.8803 0.3579 0.3114
vn 0.8777 0.3885 0.2806
vn 0.8793 0.3576 0.3146
vn 0.8804 0.3578 0.3114
vn 0.8774 0.3919 0.2769
vn 0.8773 0.3920 0.2769
vn 0.8505 0.4339 0.2972
vn 0.8776 0.3886 0.2806
vn 0.8484 0.4362 0.2999
vn 0.8229 0.4490 0.3481
vn 0.8506 0.4338 0.2973
vn 0.8230 0.4489 0.3481
vn 0.8220 0.4484 0.3510
vn 0.8221 0.4484 0.3510
vn 0.8011 0.4462 0.3990
vn 0.8011 0.4461 0.3991
vn 0.8221 0.4484 0.3509
vn 0.8022 0.4436 0.3996
vn 0.7820 0.4265 0.4544
vn 0.8011 0.4461 0.3990
vn 0.7809 0.4260 0.4569
vn 0.7638 0.3926 0.5123
vn 0.7809 0.4260 0.4568
vn 0.7821 0.4265 0.4544
vn 0.7809 0.4259 0.4568
vn 0.7635 0.3894 0.5151
vn 0.7599 0.3395 0.5544
vn 0.7635 0.3895 0.5151
vn 0.7635 0.3894 0.5152
vn 0.7599 0.3394 0.5543
vn 0.7620 0.3373 0.5528
vn 0.7829 0.3183 0.5346
vn 0.7620 0.3374 0.5527
vn 0.7828 0.3183 0.5347
vn 0.7842 0.3188 0.5324
vn 0.0358 0.8369 0.5461
vn 0.0462 0.8606 0.5072
vn 0.0465 0.8615 0.5056
vn 0.0358 0.8370 0.5461
vn 0.0355 0.8362 0.5473
vn 0.0581 0.8599 0.5072
vn 0.0465 0.8616 0.5055
vn 0.0462 0.8606 0.5071
vn 0.0580 0.8598 0.5073
vn 0.0683 0.8518 0.5193
vn 0.0579 0.8598 0.5073
vn 0.0580 0.8599 0.5072
vn 0.0734 0.8298 0.5532
vn 0.0682 0.8519 0.5193
vn 0.0682 0.8519 0.5192
vn 0.0682 0.8518 0.5193
vn 0.0734 0.8299 0.5531
vn 0.0638 0.7968 0.6009
vn 0.0638 0.7968 0.6008
vn 0.0638 0.7969 0.6008
vn 0.0514 0.7637 0.6435
vn 0.0639 0.7969 0.6007
vn 0.0514 0.7637 0.6436
vn 0.0391 0.7281 0.6844
vn 0.0514 0.7636 0.6436
vn 0.0391 0.7280 0.6844
vn 0.0391 0.7322 0.6799
vn 0.0392 0.7322 0.6799
vn 0.0316 0.7420 0.6696
vn 0.0316 0.7464 0.6648
vn 0.4093 0.4500 0.7937
vn 0.4094 0.4500 0.7937
vn 0.6729 0.7397 0.0052
vn 0.6730 0.7397 0.0052
vn 0.0122 0.7821 0.6231
vn 0.6985 -0.0000 0.7156
vn 0.6984 -0.0000 0.7157
vn 0.3969 0.8228 0.4066
vn 0.3942 0.8239 0.4072
vn 0.3915 0.8249 0.4077
vn 0.3969 0.8228 0.4067
vn 0.7502 0.3903 0.5337
vn 0.6900 -0.0000 0.7238
vn 0.6957 0.0001 0.7183
vn 0.6900 -0.0001 0.7238
vn 0.6843 -0.0000 0.7292
vn 0.3954 0.8196 0.4147
vn 0.3927 0.8206 0.4152
vn 0.3954 0.8196 0.4146
vn 0.3899 0.8217 0.4158
vn 0.8536 0.4408 0.2776
vn 0.8536 0.4407 0.2777
vn 0.6959 -0.0000 0.7182
vn 0.6957 -0.0000 0.7183
vn 0.3964 0.8217 0.4093
vn 0.0122 0.6193 0.7850
vn 0.0122 0.6193 0.7851
vn 0.0122 0.6194 0.7850
vn 0.6956 0.7185 -0.0001
vn 0.6926 0.7213 -0.0001
vn 0.6957 0.7184 -0.0001
vn 0.3943 0.4071 0.8239
vn 0.3942 0.4072 0.8239
vn 0.3355 0.8406 0.4253
vn 0.3356 0.8406 0.4253
vn 0.3356 0.8406 0.4252
vn 0.7690 0.0099 0.6392
vn 0.7691 0.0099 0.6391
vn 0.7690 0.0099 0.6391
vn 0.7414 0.5469 0.3890
vn 0.7414 0.5470 0.3889
vn 0.7414 0.5469 0.3889
vn 0.0122 0.6194 0.7849
vn 0.3943 0.4072 0.8239
vn 0.3942 0.4071 0.8239
vn 0.3915 0.4077 0.8249
vn 0.7689 0.0099 0.6393
vn 0.7456 -0.0000 0.6664
vn 0.7533 -0.0000 0.6577
vn 0.7383 -0.0000 0.6745
vn 0.7455 -0.0000 0.6665
vn 0.7384 -0.0000 0.6744
vn 0.7282 0.0061 0.6853
vn 0.8697 0.1079 0.4817
vn 0.7311 0.0060 0.6823
vn 0.7310 0.0061 0.6823
vn 0.8697 0.1078 0.4817
vn 0.8177 0.1283 0.5612
vn 0.6552 0.7554 0.0059
vn 0.8177 0.1282 0.5612
vn 0.8698 0.1077 0.4816
vn 0.6551 0.7555 0.0058
vn 0.4938 0.8658 0.0811
vn 0.3536 0.9164 0.1877
vn 0.8178 0.1282 0.5611
vn 0.3536 0.9164 0.1876
vn 0.7239 0.0866 0.6845
vn 0.6624 0.0061 0.7491
vn 0.7238 0.0864 0.6845
vn 0.6752 -0.0001 0.7376
vn 0.6625 0.0062 0.7490
vn 0.7238 0.0865 0.6846
vn 0.6783 -0.0001 0.7348
vn 0.6752 -0.0000 0.7376
vn 0.6957 -0.0001 0.7183
vn 0.6901 -0.0000 0.7237
vn 0.7043 -0.0001 0.7099
vn 0.7044 -0.0000 0.7099
vn 0.7210 -0.0000 0.6929
vn 0.7809 0.0055 0.6247
vn 0.7210 -0.0001 0.6929
vn 0.9299 0.1541 0.3339
vn 0.7210 -0.0000 0.6930
vn 0.7209 -0.0000 0.6930
vn 0.9299 0.1542 0.3339
vn 0.8726 0.0545 0.4854
vn 0.8487 0.5149 0.1207
vn 0.8726 0.0546 0.4855
vn 0.9299 0.1541 0.3340
vn 0.8725 0.0545 0.4855
vn 0.8504 0.5120 0.1209
vn 0.7532 -0.0000 0.6578
vn 0.7209 -0.0000 0.6931
vn 0.7885 0.0055 0.6151
vn 0.9351 0.1686 0.3118
vn 0.7555 0.0007 0.6551
vn 0.7884 0.0056 0.6152
vn 0.9351 0.1685 0.3117
vn 0.9017 0.0880 0.4234
vn 0.8480 0.5170 0.1171
vn 0.9016 0.0879 0.4235
vn 0.9351 0.1686 0.3117
vn 0.9016 0.0880 0.4234
vn 0.8480 0.5169 0.1171
vn 0.8948 0.0842 0.4385
vn 0.8948 0.0841 0.4385
vn 0.8463 0.5219 0.1067
vn 0.7957 0.6050 0.0286
vn 0.8697 0.1079 0.4816
vn 0.8948 0.0841 0.4384
vn 0.7956 0.6051 0.0286
vn 0.6551 0.7555 0.0059
vn 0.7383 -0.0001 0.6745
vn 0.8949 0.0841 0.4383
vn 0.8698 0.1079 0.4815
vn 0.9017 0.0879 0.4233
vn 0.9017 0.0879 0.4234
vn 0.7455 -0.0001 0.6665
vn 0.7311 0.0061 0.6823
vn 0.7310 0.0060 0.6823
vn 0.8177 0.1283 0.5611
vn 0.7238 0.0865 0.6845
vn 0.4067 0.4099 0.8164
vn 0.4173 0.4077 0.8122
vn 0.4173 0.4078 0.8122
vn 0.4172 0.4077 0.8122
vn 0.4308 0.4023 0.8078
vn 0.4309 0.4023 0.8078
vn 0.5468 0.7969 0.2568
vn 0.5066 0.8251 0.2500
vn 0.7957 0.6050 0.0287
vn 0.8480 0.5169 0.1172
vn 0.8480 0.5168 0.1172
vn 0.6201 0.7564 0.2079
vn 0.6202 0.7564 0.2079
vn 0.4310 0.8201 0.3763
vn 0.5469 0.7969 0.2568
vn 0.4311 0.8201 0.3763
vn 0.4540 0.8176 0.3542
vn 0.4539 0.8176 0.3542
vn 0.4310 0.8201 0.3764
vn 0.4046 0.8186 0.4078
vn 0.4046 0.8186 0.4077
vn 0.4051 0.8196 0.4051
vn 0.4508 0.8179 0.3575
vn 0.4051 0.8197 0.4051
vn 0.5205 0.8018 0.2936
vn 0.4509 0.8179 0.3575
vn 0.5232 0.8010 0.2910
vn 0.6120 0.7607 0.2164
vn 0.8505 0.5119 0.1210
vn 0.6120 0.7607 0.2165
vn 0.8488 0.5148 0.1207
vn 0.4050 0.8196 0.4051
vn 0.3959 0.8207 0.4120
vn 0.4045 0.8186 0.4078
vn 0.3991 0.8207 0.4088
vn 0.3992 0.8207 0.4088
vn 0.3877 0.8238 0.4136
vn 0.3991 0.8207 0.4089
vn 0.3872 0.8227 0.4163
vn 0.3845 0.8237 0.4168
vn 0.3960 0.8207 0.4119
vn 0.3844 0.8237 0.4168
vn 0.3347 0.8876 0.3165
vn 0.3346 0.8876 0.3165
vn 0.4045 0.8186 0.4077
vn 0.3968 0.8399 0.3703
vn 0.3791 0.8881 0.2602
vn 0.3969 0.8398 0.3703
vn 0.4369 0.8664 0.2419
vn 0.3968 0.8398 0.3704
vn 0.3791 0.8880 0.2601
vn 0.3969 0.8398 0.3704
vn 0.4130 0.8290 0.3771
vn 0.5068 0.8250 0.2500
vn 0.4129 0.8290 0.3772
vn 0.4369 0.8664 0.2420
vn 0.5067 0.8251 0.2500
vn 0.5105 0.8241 0.2454
vn 0.5067 0.8251 0.2499
vn 0.4129 0.8290 0.3771
vn 0.3968 0.8399 0.3704
vn 0.4368 0.8664 0.2419
vn 0.4368 0.8665 0.2418
vn 0.3789 0.8881 0.2601
vn 0.4368 0.8664 0.2417
vn 0.3790 0.8881 0.2600
vn 0.4937 0.8658 0.0811
vn 0.3535 0.9164 0.1876
vn 0.3536 0.9164 0.1875
vn 0.3346 0.8876 0.3164
vn 0.6624 0.0063 0.7491
vn 0.6938 -0.0000 0.7202
vn 0.6966 -0.0000 0.7174
vn 0.6939 -0.0000 0.7201
vn 0.6761 0.0660 0.7339
vn 0.6761 0.0660 0.7338
vn 0.6939 0.0001 0.7201
vn 0.6324 0.0595 0.7724
vn 0.6744 0.0001 0.7383
vn 0.6324 0.0595 0.7723
vn 0.6323 0.0595 0.7725
vn 0.6745 0.0001 0.7382
vn 0.5401 0.0670 0.8389
vn 0.6429 0.0054 0.7660
vn 0.5400 0.0670 0.8390
vn 0.6746 0.0001 0.7382
vn 0.6428 0.0054 0.7660
vn 0.4815 0.0756 0.8732
vn 0.4814 0.0756 0.8732
vn 0.4796 0.0574 0.8756
vn 0.6428 0.0053 0.7660
vn 0.6985 -0.0001 0.7156
vn 0.4795 0.0573 0.8757
vn 0.6745 0.0001 0.7383
vn 0.7071 0.0001 0.7071
vn 0.6428 0.0054 0.7661
vn 0.6746 -0.0000 0.7382
vn 0.6939 -0.0001 0.7201
vn 0.6926 -0.0001 0.7213
vn 0.6925 -0.0000 0.7215
vn 0.6896 -0.0001 0.7242
vn 0.6894 -0.0000 0.7243
vn 0.4796 0.0573 0.8756
vn 0.4794 0.0573 0.8757
vn 0.6895 -0.0001 0.7243
vn 0.6240 0.0059 0.7814
vn 0.6240 0.0058 0.7814
vn 0.1839 0.4767 0.8596
vn 0.1840 0.4767 0.8596
vn 0.4814 0.0754 0.8732
vn 0.1839 0.4768 0.8595
vn 0.2569 0.4505 0.8550
vn 0.3635 0.4193 0.8319
vn 0.4814 0.0755 0.8733
vn 0.2569 0.4504 0.8551
vn 0.4813 0.0755 0.8733
vn 0.5400 0.0668 0.8390
vn 0.5401 0.0669 0.8390
vn 0.3636 0.4191 0.8319
vn 0.5399 0.0670 0.8390
vn 0.6323 0.0594 0.7725
vn 0.6323 0.0595 0.7724
vn 0.6288 0.3832 0.6766
vn 0.6762 0.0661 0.7338
vn 0.6761 0.0661 0.7339
vn 0.6809 0.1229 0.7220
vn 0.6810 0.1229 0.7219
vn 0.6967 -0.0000 0.7174
vn 0.6761 0.0661 0.7338
vn 0.6971 0.0050 0.7170
vn 0.7017 -0.0000 0.7124
vn 0.6971 0.0049 0.7169
vn 0.6966 0.0001 0.7174
vn 0.7070 -0.0001 0.7072
vn 0.6996 0.0049 0.7145
vn 0.7016 -0.0000 0.7125
vn 0.6853 0.1137 0.7194
vn 0.6995 0.0050 0.7146
vn 0.6852 0.1137 0.7194
vn 0.6933 0.0434 0.7193
vn 0.6933 0.0434 0.7194
vn 0.6318 0.3832 0.6737
vn 0.6325 0.3807 0.6746
vn 0.7071 0.7071 -0.0001
vn 0.7180 0.6961 -0.0000
vn 0.7281 0.6854 0.0001
vn 0.7180 0.6960 0.0001
vn 0.7180 0.6961 0.0001
vn 0.7283 0.6853 0.0001
vn 0.7282 0.6854 0.0001
vn 0.7282 0.6853 0.0001
vn 0.7308 0.6826 0.0001
vn 0.7309 0.6825 0.0001
vn 0.7309 0.6824 0.0001
vn 0.7308 0.6825 0.0001
vn 0.4821 0.7026 0.5234
vn 0.4821 0.7027 0.5233
vn 0.4401 0.7166 0.5412
vn 0.5129 0.3900 0.7647
vn 0.3688 0.7317 0.5732
vn 0.4400 0.7166 0.5412
vn 0.3636 0.4192 0.8319
vn 0.3198 0.7493 0.5800
vn 0.3690 0.7317 0.5731
vn 0.3198 0.7493 0.5799
vn 0.1840 0.4766 0.8596
vn 0.3198 0.7492 0.5800
vn 0.2570 0.4504 0.8551
vn 0.3199 0.7492 0.5800
vn 0.2967 0.7866 0.5416
vn 0.6241 0.0058 0.7813
vn 0.3198 0.7492 0.5799
vn 0.2966 0.7866 0.5416
vn 0.3807 0.8058 0.4536
vn 0.2966 0.7865 0.5416
vn 0.3807 0.8057 0.4537
vn 0.2966 0.7865 0.5417
vn 0.3860 0.8270 0.4087
vn 0.3861 0.8270 0.4087
vn 0.4035 0.8164 0.4130
vn 0.4035 0.8164 0.4131
vn 0.4324 0.7844 0.4448
vn 0.4323 0.7844 0.4447
vn 0.4756 0.7283 0.4934
vn 0.4097 0.8101 0.4193
vn 0.4756 0.7282 0.4934
vn 0.5228 0.6498 0.5517
vn 0.5228 0.6499 0.5517
vn 0.6325 0.3808 0.6745
vn 0.4756 0.7282 0.4935
vn 0.6318 0.3834 0.6737
vn 0.4099 0.8100 0.4193
vn 0.4196 0.7983 0.4321
vn 0.4343 0.7822 0.4466
vn 0.5253 0.6407 0.5600
vn 0.4195 0.7984 0.4320
vn 0.4342 0.7823 0.4466
vn 0.4195 0.7983 0.4321
vn 0.4822 0.7026 0.5233
vn 0.6287 0.3833 0.6766
vn 0.5253 0.6407 0.5599
vn 0.4821 0.7026 0.5233
vn 0.6183 0.3813 0.6873
vn 0.4195 0.7983 0.4320
vn 0.4401 0.7165 0.5412
vn 0.4006 0.8045 0.4385
vn 0.4007 0.8045 0.4385
vn 0.3689 0.7317 0.5732
vn 0.3807 0.8058 0.4537
vn 0.4007 0.8044 0.4386
vt 0.083010 -0.570330
vt 0.125004 -0.612323
vt 0.083987 -0.568377
vt 0.123051 -0.612323
vt 0.082034 -0.575213
vt 0.118168 -0.612323
vt 0.080081 -0.589862
vt 0.101566 -0.611347
vt 0.079104 -0.610370
vt 0.062502 -0.582049
vt 0.072268 -0.571306
vt 0.073244 -0.566424
vt 0.073244 -0.565447
vt 0.062502 -0.567400
vt 0.062502 -0.566424
vt 0.030274 -0.585955
vt 0.006836 -0.598651
vt 0.031251 -0.587909
vt 0.035157 -0.593768
vt 0.006836 -0.606464
vt 0.041993 -0.614277
vt 0.007813 -0.612323
vt 0.062502 -0.573260
vt 0.094729 -0.700217
vt 0.139653 -0.703146
vt 0.173833 -0.801782
vt 0.223640 -0.805689
vt 0.261727 -0.807642
vt 0.172857 -0.705100
vt 0.202155 -0.706076
vt 0.294931 -0.810572
vt 0.211921 -0.706076
vt 0.308603 -0.809595
vt 0.213874 -0.705100
vt 0.310556 -0.807642
vt 0.214850 -0.703146
vt 0.310556 -0.804712
vt 0.214850 -0.694357
vt 0.311533 -0.792016
vt 0.313486 -0.758812
vt 0.214850 -0.665059
vt 0.317392 -0.728538
vt 0.214850 -0.631855
vt 0.321299 -0.701193
vt 0.327158 -0.680685
vt 0.214850 -0.585955
vt 0.131840 -0.529313
vt 0.214850 -0.562517
vt 0.312510 -0.601581
vt 0.307627 -0.564470
vt 0.343760 -0.551775
vt 0.349620 -0.606464
vt 0.357433 -0.633808
vt 0.335948 -0.664083
vt 0.367199 -0.652364
vt 0.377941 -0.658223
vt 0.386731 -0.680685
vt 0.336924 -0.680685
vt 0.384777 -0.702170
vt 0.335948 -0.702170
vt 0.385754 -0.728538
vt 0.336924 -0.728538
vt 0.385754 -0.758812
vt 0.336924 -0.759789
vt 0.377941 -0.792016
vt 0.336924 -0.792993
vt 0.378918 -0.825221
vt 0.336924 -0.825221
vt 0.379894 -0.862331
vt 0.337901 -0.862331
vt 0.392590 -0.792016
vt 0.380871 -0.825221
vt 0.390637 -0.825221
vt 0.385754 -0.862331
vt 0.390637 -0.862331
vt 0.391614 -0.881863
vt 0.394543 -0.881863
vt 0.125980 -0.610370
vt 0.084964 -0.567400
vt 0.125980 -0.605487
vt 0.125980 -0.587909
vt 0.125980 -0.565447
vt 0.098636 -0.547868
vt 0.111332 -0.520524
vt 0.088870 -0.547868
vt 0.105472 -0.516617
vt 0.118168 -0.493179
vt 0.125980 -0.493179
vt 0.131840 -0.495132
vt 0.104495 -0.515641
vt 0.083010 -0.546892
vt 0.083987 -0.547868
vt 0.082034 -0.557634
vt 0.081057 -0.557634
vt 0.089846 -0.567400
vt 0.086917 -0.557634
vt 0.105472 -0.566424
vt 0.302744 -0.819361
vt 0.292978 -0.854518
vt 0.302744 -0.854518
vt 0.292978 -0.819361
vt 0.283212 -0.854518
vt 0.283212 -0.819361
vt 0.273446 -0.854518
vt 0.273446 -0.819361
vt 0.263680 -0.854518
vt 0.263680 -0.819361
vt 0.252937 -0.819361
vt 0.252937 -0.854518
vt 0.243171 -0.819361
vt 0.243171 -0.854518
vt 0.232429 -0.819361
vt 0.232429 -0.854518
vt 0.222663 -0.819361
vt 0.222663 -0.854518
vt 0.212897 -0.819361
vt 0.212897 -0.854518
vt 0.202155 -0.819361
vt 0.202155 -0.854518
vt 0.192389 -0.819361
vt 0.192389 -0.854518
vt 0.181646 -0.819361
vt 0.181646 -0.854518
vt 0.171880 -0.854518
vt 0.171880 -0.819361
vt 0.162114 -0.854518
vt 0.162114 -0.819361
vt 0.153325 -0.854518
vt 0.153325 -0.819361
vt 0.143559 -0.854518
vt 0.143559 -0.819361
vt 0.153325 -0.880886
vt 0.143559 -0.880886
vt 0.162114 -0.880886
vt 0.171880 -0.880886
vt 0.181646 -0.880886
vt 0.192389 -0.880886
vt 0.202155 -0.880886
vt 0.212897 -0.880886
vt 0.222663 -0.880886
vt 0.232429 -0.880886
vt 0.243171 -0.880886
vt 0.252937 -0.880886
vt 0.263680 -0.880886
vt 0.273446 -0.880886
vt 0.283212 -0.880886
vt 0.292978 -0.880886
vt 0.302744 -0.880886
vt 0.414075 -0.439466
vt 0.404309 -0.473647
vt 0.417005 -0.472671
vt 0.403333 -0.441420
vt 0.391614 -0.473647
vt 0.390637 -0.442396
vt 0.377941 -0.473647
vt 0.378918 -0.442396
vt 0.365246 -0.473647
vt 0.367199 -0.442396
vt 0.352550 -0.473647
vt 0.355480 -0.441420
vt 0.339854 -0.472671
vt 0.342784 -0.440443
vt 0.334971 -0.438490
vt 0.352550 -0.513688
vt 0.340831 -0.512711
vt 0.352550 -0.551775
vt 0.321299 -0.510758
vt 0.319346 -0.510758
vt 0.318369 -0.510758
vt 0.306650 -0.512711
vt 0.315439 -0.472671
vt 0.308603 -0.472671
vt 0.327158 -0.472671
vt 0.330088 -0.439466
vt 0.322275 -0.439466
vt 0.326182 -0.389660
vt 0.316416 -0.389660
vt 0.307627 -0.329112
vt 0.307627 -0.389660
vt 0.313486 -0.439466
vt 0.321299 -0.472671
vt 0.310556 -0.329112
vt 0.313486 -0.328135
vt 0.329112 -0.389660
vt 0.334971 -0.387707
vt 0.346690 -0.437513
vt 0.348643 -0.436537
vt 0.337901 -0.386731
vt 0.316416 -0.327158
vt 0.564470 -0.099612
vt 0.532243 -0.079104
vt 0.532243 -0.101566
vt 0.565447 -0.077151
vt 0.532243 -0.069338
vt 0.564470 -0.064455
vt 0.532243 -0.053713
vt 0.564470 -0.052736
vt 0.532243 -0.039064
vt 0.564470 -0.041017
vt 0.533219 -0.028321
vt 0.566424 -0.028321
vt 0.535173 -0.014649
vt 0.568377 -0.016602
vt 0.454115 -0.025391
vt 0.454115 -0.029298
vt 0.333995 -0.030274
vt 0.333995 -0.025391
vt 0.455092 -0.013672
vt 0.333018 -0.018555
vt 0.210944 -0.025391
vt 0.211921 -0.034181
vt 0.141606 -0.030274
vt 0.142582 -0.040040
vt 0.109378 -0.035157
vt 0.109378 -0.041993
vt 0.142582 -0.043947
vt 0.109378 -0.044923
vt 0.142582 -0.047853
vt 0.109378 -0.047853
vt 0.109378 -0.081057
vt 0.141606 -0.079104
vt 0.141606 -0.083987
vt 0.109378 -0.083010
vt 0.141606 -0.087893
vt 0.109378 -0.085940
vt 0.109378 -0.093753
vt 0.141606 -0.093753
vt 0.122074 -0.129887
vt 0.100589 -0.133793
vt 0.089846 -0.137699
vt 0.083010 -0.141606
vt 0.031251 -0.146489
vt 0.008789 -0.144536
vt 0.141606 -0.126957
vt 0.177740 -0.121097
vt 0.210944 -0.087893
vt 0.210944 -0.116215
vt 0.244148 -0.113285
vt 0.282235 -0.110355
vt 0.333018 -0.087893
vt 0.333018 -0.107425
vt 0.403333 -0.108402
vt 0.453139 -0.087893
vt 0.453139 -0.106449
vt 0.492203 -0.104495
vt 0.453139 -0.083010
vt 0.453139 -0.079104
vt 0.454115 -0.033204
vt 0.333995 -0.034181
vt 0.211921 -0.039064
vt 0.211921 -0.042970
vt 0.210944 -0.079104
vt 0.210944 -0.083987
vt 0.333018 -0.083987
vt 0.333018 -0.079104
vt 0.108402 -0.093753
vt 0.438490 -0.897488
vt 0.380871 -0.994171
vt 0.438490 -0.898465
vt 0.340831 -0.995148
vt 0.339854 -0.995148
vt 0.379894 -0.995148
vt 0.108402 -0.080081
vt 0.379894 -0.881863
vt 0.337901 -0.971709
vt 0.382824 -0.971709
vt 0.337901 -0.881863
vt 0.419935 -0.899441
vt 0.436537 -0.865261
vt 0.401379 -0.898465
vt 0.366222 -0.606464
vt 0.365246 -0.551775
vt 0.355480 -0.606464
vt 0.367199 -0.633808
vt 0.377941 -0.633808
vt 0.377941 -0.606464
vt 0.389660 -0.633808
vt 0.390637 -0.606464
vt 0.401379 -0.606464
vt 0.399426 -0.634785
vt 0.389660 -0.652364
vt 0.420911 -0.659200
vt 0.388684 -0.658223
vt 0.406262 -0.606464
vt 0.420911 -0.606464
vt 0.435560 -0.606464
vt 0.442396 -0.634785
vt 0.453139 -0.652364
vt 0.453139 -0.658223
vt 0.463881 -0.658223
vt 0.455092 -0.680685
vt 0.506851 -0.664083
vt 0.505875 -0.680685
vt 0.457045 -0.702170
vt 0.505875 -0.702170
vt 0.457045 -0.728538
vt 0.505875 -0.728538
vt 0.457045 -0.758812
vt 0.504898 -0.759789
vt 0.463881 -0.792016
vt 0.504898 -0.792993
vt 0.462905 -0.825221
vt 0.505875 -0.825221
vt 0.462905 -0.862331
vt 0.504898 -0.862331
vt 0.449232 -0.792016
vt 0.460952 -0.825221
vt 0.451186 -0.825221
vt 0.456069 -0.862331
vt 0.452162 -0.862331
vt 0.450209 -0.881863
vt 0.448256 -0.881863
vt 0.390637 -0.551775
vt 0.403333 -0.551775
vt 0.377941 -0.551775
vt 0.365246 -0.513688
vt 0.377941 -0.513688
vt 0.391614 -0.513688
vt 0.404309 -0.512711
vt 0.413099 -0.551775
vt 0.416028 -0.512711
vt 0.420911 -0.551775
vt 0.429701 -0.551775
vt 0.440443 -0.606464
vt 0.438490 -0.551775
vt 0.451186 -0.551775
vt 0.452162 -0.606464
vt 0.452162 -0.633808
vt 0.463881 -0.633808
vt 0.475600 -0.652364
vt 0.475600 -0.633808
vt 0.485366 -0.633808
vt 0.487320 -0.606464
vt 0.475600 -0.606464
vt 0.489273 -0.551775
vt 0.476577 -0.551775
vt 0.490249 -0.513688
vt 0.477554 -0.513688
vt 0.489273 -0.473647
vt 0.476577 -0.473647
vt 0.474624 -0.442396
vt 0.487320 -0.441420
vt 0.502945 -0.472671
vt 0.499039 -0.440443
vt 0.507828 -0.438490
vt 0.501968 -0.512711
vt 0.498062 -0.551775
vt 0.492203 -0.606464
vt 0.529313 -0.601581
vt 0.534196 -0.564470
vt 0.626972 -0.562517
vt 0.626972 -0.585955
vt 0.514664 -0.680685
vt 0.626972 -0.631855
vt 0.520524 -0.701193
vt 0.524430 -0.728538
vt 0.626972 -0.665059
vt 0.528336 -0.758812
vt 0.626972 -0.694357
vt 0.531266 -0.792016
vt 0.531266 -0.804712
vt 0.626972 -0.703146
vt 0.532243 -0.807642
vt 0.628925 -0.705100
vt 0.534196 -0.809595
vt 0.630879 -0.706076
vt 0.546892 -0.810572
vt 0.640645 -0.706076
vt 0.580096 -0.807642
vt 0.668966 -0.705100
vt 0.702170 -0.703146
vt 0.618183 -0.805689
vt 0.667989 -0.801782
vt 0.748070 -0.700217
vt 0.739280 -0.796899
vt 0.771508 -0.699240
vt 0.776391 -0.793970
vt 0.799829 -0.614277
vt 0.763695 -0.610370
vt 0.741234 -0.611347
vt 0.723655 -0.612323
vt 0.718772 -0.612323
vt 0.716819 -0.612323
vt 0.716819 -0.610370
vt 0.758812 -0.568377
vt 0.756859 -0.567400
vt 0.760765 -0.557634
vt 0.759789 -0.557634
vt 0.758812 -0.546892
vt 0.757836 -0.547868
vt 0.738304 -0.515641
vt 0.723655 -0.493179
vt 0.736351 -0.516617
vt 0.730491 -0.520524
vt 0.716819 -0.493179
vt 0.709983 -0.529313
vt 0.709983 -0.495132
vt 0.744163 -0.547868
vt 0.715842 -0.565447
vt 0.736351 -0.566424
vt 0.715842 -0.587909
vt 0.715842 -0.605487
vt 0.751976 -0.567400
vt 0.754906 -0.557634
vt 0.752953 -0.547868
vt 0.420911 -0.472671
vt 0.420911 -0.440443
vt 0.420911 -0.512711
vt 0.426771 -0.512711
vt 0.425794 -0.472671
vt 0.427747 -0.439466
vt 0.327158 -0.862331
vt 0.326182 -0.825221
vt 0.335948 -0.862331
vt 0.335948 -0.881863
vt 0.334971 -0.905301
vt 0.332041 -0.915067
vt 0.329112 -0.921903
vt 0.326182 -0.792993
vt 0.326182 -0.758812
vt 0.328135 -0.728538
vt 0.329112 -0.702170
vt 0.333018 -0.680685
vt 0.317392 -0.758812
vt 0.317392 -0.792993
vt 0.310556 -0.825221
vt 0.317392 -0.825221
vt 0.318369 -0.862331
vt 0.312510 -0.862331
vt 0.178716 -0.142582
vt 0.142582 -0.151372
vt 0.177740 -0.152348
vt 0.142582 -0.144536
vt 0.178716 -0.136723
vt 0.142582 -0.135746
vt 0.178716 -0.129887
vt 0.211921 -0.125980
vt 0.211921 -0.130863
vt 0.210944 -0.143559
vt 0.196295 -0.146489
vt 0.195318 -0.148442
vt 0.197272 -0.150395
vt 0.210944 -0.153325
vt 0.245125 -0.129887
vt 0.244148 -0.143559
vt 0.283212 -0.128910
vt 0.282235 -0.145512
vt 0.333018 -0.147465
vt 0.333018 -0.126957
vt 0.404309 -0.155278
vt 0.404309 -0.132817
vt 0.441420 -0.159185
vt 0.454115 -0.132817
vt 0.492203 -0.132817
vt 0.492203 -0.161138
vt 0.441420 -0.163091
vt 0.531266 -0.132817
vt 0.532243 -0.156255
vt 0.563494 -0.131840
vt 0.565447 -0.151372
vt 0.614277 -0.142582
vt 0.613300 -0.130863
vt 0.675802 -0.134770
vt 0.675802 -0.131840
vt 0.683615 -0.134770
vt 0.683615 -0.131840
vt 0.675802 -0.128910
vt 0.683615 -0.128910
vt 0.675802 -0.125980
vt 0.683615 -0.125980
vt 0.675802 -0.123051
vt 0.683615 -0.123051
vt 0.613300 -0.125004
vt 0.563494 -0.125980
vt 0.531266 -0.125980
vt 0.492203 -0.126957
vt 0.454115 -0.127934
vt 0.404309 -0.127934
vt 0.333018 -0.121097
vt 0.283212 -0.123051
vt 0.245125 -0.124027
vt 0.208014 -0.161138
vt 0.215827 -0.161138
vt 0.221686 -0.161138
vt 0.386731 -0.758812
vt 0.386731 -0.728538
vt 0.386731 -0.702170
vt 0.387707 -0.680685
vt 0.389660 -0.658223
vt 0.420911 -0.660176
vt 0.452162 -0.658223
vt 0.454115 -0.680685
vt 0.456069 -0.702170
vt 0.456069 -0.728538
vt 0.456069 -0.758812
vt 0.399426 -0.759789
vt 0.404309 -0.729514
vt 0.409192 -0.703146
vt 0.420911 -0.682638
vt 0.432630 -0.703146
vt 0.438490 -0.729514
vt 0.443373 -0.759789
vt 0.103519 -0.796899
vt 0.071291 -0.699240
vt 0.066408 -0.793970
vt 0.072268 -0.026368
vt 0.090823 -0.028321
vt 0.090823 -0.027345
vt 0.072268 -0.028321
vt 0.109378 -0.028321
vt 0.109378 -0.024415
vt 0.141606 -0.021485
vt 0.210944 -0.019532
vt 0.564470 -0.103519
vt 0.614277 -0.105472
vt 0.564470 -0.101566
vt 0.667989 -0.146489
vt 0.669942 -0.150395
vt 0.670919 -0.146489
vt 0.667989 -0.148442
vt 0.666036 -0.146489
vt 0.666036 -0.149419
vt 0.664083 -0.148442
vt 0.663106 -0.146489
vt 0.661153 -0.146489
vt 0.662130 -0.150395
vt 0.666036 -0.152348
vt 0.662130 -0.143559
vt 0.664083 -0.145512
vt 0.666036 -0.144536
vt 0.666036 -0.141606
vt 0.667989 -0.145512
vt 0.669942 -0.143559
vt 0.683615 -0.142582
vt 0.675802 -0.140629
vt 0.675802 -0.142582
vt 0.683615 -0.140629
vt 0.675802 -0.137699
vt 0.683615 -0.137699
vt 0.683615 -0.145512
vt 0.675802 -0.145512
vt 0.344737 -0.439466
vt 0.415052 -0.414075
vt 0.417005 -0.426771
vt 0.420911 -0.414075
vt 0.424818 -0.426771
vt 0.427747 -0.414075
vt 0.346690 -0.159185
vt 0.346690 -0.163091
vt 0.256844 -0.159185
vt 0.256844 -0.163091
vt 0.565447 -0.154302
vt 0.614277 -0.144536
vt 0.532243 -0.163091
vt 0.759789 -0.570330
vt 0.769555 -0.566424
vt 0.769555 -0.565447
vt 0.779321 -0.567400
vt 0.779321 -0.566424
vt 0.812525 -0.585955
vt 0.834986 -0.598651
vt 0.811548 -0.587909
vt 0.779321 -0.573260
vt 0.769555 -0.571306
vt 0.759789 -0.575213
vt 0.761742 -0.589862
vt 0.780297 -0.582049
vt 0.807642 -0.593768
vt 0.835963 -0.606464
vt 0.834986 -0.612323
vt 0.008789 -0.991241
vt 0.043947 -0.981475
vt 0.008789 -0.981475
vt 0.043947 -0.991241
vt 0.070315 -0.991241
vt 0.070315 -0.981475
vt 0.043947 -0.971709
vt 0.070315 -0.971709
vt 0.043947 -0.960967
vt 0.070315 -0.960967
vt 0.043947 -0.951201
vt 0.070315 -0.951201
vt 0.043947 -0.941435
vt 0.070315 -0.941435
vt 0.043947 -0.930692
vt 0.070315 -0.930692
vt 0.043947 -0.920927
vt 0.070315 -0.920927
vt 0.070315 -0.911161
vt 0.043947 -0.911161
vt 0.043947 -0.900418
vt 0.070315 -0.900418
vt 0.043947 -0.889676
vt 0.070315 -0.889676
vt 0.043947 -0.879910
vt 0.070315 -0.879910
vt 0.043947 -0.870144
vt 0.070315 -0.870144
vt 0.043947 -0.859401
vt 0.070315 -0.859401
vt 0.043947 -0.849635
vt 0.070315 -0.849635
vt 0.043947 -0.840846
vt 0.070315 -0.840846
vt 0.043947 -0.831080
vt 0.070315 -0.831080
vt 0.008789 -0.840846
vt 0.008789 -0.831080
vt 0.008789 -0.849635
vt 0.008789 -0.859401
vt 0.008789 -0.870144
vt 0.008789 -0.879910
vt 0.008789 -0.889676
vt 0.008789 -0.900418
vt 0.008789 -0.911161
vt 0.008789 -0.920927
vt 0.008789 -0.930692
vt 0.008789 -0.941435
vt 0.008789 -0.951201
vt 0.008789 -0.960967
vt 0.008789 -0.971709
vt 0.437513 -0.473647
vt 0.439467 -0.441420
vt 0.438490 -0.512711
vt 0.451186 -0.513688
vt 0.463881 -0.513688
vt 0.463881 -0.551775
vt 0.463881 -0.606464
vt 0.463881 -0.473647
vt 0.462905 -0.442396
vt 0.451186 -0.442396
vt 0.451186 -0.473647
vt 0.564470 -0.236335
vt 0.532243 -0.256844
vt 0.565447 -0.258797
vt 0.532243 -0.234382
vt 0.453139 -0.251961
vt 0.453139 -0.248055
vt 0.492203 -0.231452
vt 0.453139 -0.228523
vt 0.403333 -0.226569
vt 0.333018 -0.248055
vt 0.333018 -0.227546
vt 0.282235 -0.224616
vt 0.210944 -0.247078
vt 0.333018 -0.251961
vt 0.210944 -0.251961
vt 0.141606 -0.251961
vt 0.141606 -0.248055
vt 0.141606 -0.241218
vt 0.177740 -0.214850
vt 0.141606 -0.208014
vt 0.122074 -0.205084
vt 0.109378 -0.241218
vt 0.109378 -0.249031
vt 0.109378 -0.251961
vt 0.109378 -0.254891
vt 0.141606 -0.255867
vt 0.142582 -0.287118
vt 0.109378 -0.288095
vt 0.109378 -0.290048
vt 0.142582 -0.292001
vt 0.109378 -0.292978
vt 0.142582 -0.295907
vt 0.109378 -0.300790
vt 0.141606 -0.304697
vt 0.211921 -0.300790
vt 0.210944 -0.309580
vt 0.333995 -0.309580
vt 0.333018 -0.317392
vt 0.455092 -0.321299
vt 0.454115 -0.310556
vt 0.535173 -0.321299
vt 0.533219 -0.307627
vt 0.454115 -0.306650
vt 0.532243 -0.296884
vt 0.454115 -0.301767
vt 0.532243 -0.282235
vt 0.564470 -0.283212
vt 0.564470 -0.294931
vt 0.566424 -0.306650
vt 0.568377 -0.319346
vt 0.564470 -0.270516
vt 0.532243 -0.266610
vt 0.453139 -0.256844
vt 0.333018 -0.255867
vt 0.210944 -0.255867
vt 0.211921 -0.292001
vt 0.211921 -0.296884
vt 0.333995 -0.305673
vt 0.333995 -0.301767
vt 0.008789 -0.191412
vt 0.008789 -0.190436
vt 0.500992 -0.995148
vt 0.461928 -0.994171
vt 0.461928 -0.995148
vt 0.501968 -0.995148
vt 0.109378 -0.293954
vt 0.109378 -0.287118
vt 0.461928 -0.881863
vt 0.503922 -0.971709
vt 0.504898 -0.881863
vt 0.459975 -0.971709
vt 0.031251 -0.188482
vt 0.083010 -0.194342
vt 0.089846 -0.198248
vt 0.100589 -0.201178
vt 0.515641 -0.862331
vt 0.506851 -0.862331
vt 0.515641 -0.825221
vt 0.523453 -0.862331
vt 0.524430 -0.825221
vt 0.532243 -0.825221
vt 0.530290 -0.862331
vt 0.525407 -0.792993
vt 0.524430 -0.758812
vt 0.515641 -0.758812
vt 0.514664 -0.728538
vt 0.512711 -0.702170
vt 0.509781 -0.680685
vt 0.515641 -0.792993
vt 0.506851 -0.881863
vt 0.507828 -0.905301
vt 0.509781 -0.915067
vt 0.512711 -0.921903
vt 0.178716 -0.192389
vt 0.142582 -0.183599
vt 0.142582 -0.191412
vt 0.177740 -0.182623
vt 0.195318 -0.187506
vt 0.197272 -0.184576
vt 0.210944 -0.181646
vt 0.196295 -0.189459
vt 0.210944 -0.191412
vt 0.211921 -0.204108
vt 0.245125 -0.206061
vt 0.244148 -0.191412
vt 0.283212 -0.207038
vt 0.282235 -0.190436
vt 0.333018 -0.188482
vt 0.333018 -0.208014
vt 0.333018 -0.213874
vt 0.283212 -0.212897
vt 0.245125 -0.210944
vt 0.211921 -0.208991
vt 0.178716 -0.199225
vt 0.178716 -0.205084
vt 0.142582 -0.199225
vt 0.210944 -0.219733
vt 0.244148 -0.221686
vt 0.404309 -0.208014
vt 0.454115 -0.208014
vt 0.492203 -0.208014
vt 0.531266 -0.208991
vt 0.563494 -0.209967
vt 0.564470 -0.231452
vt 0.564470 -0.233406
vt 0.613300 -0.210944
vt 0.614277 -0.229499
vt 0.675802 -0.208991
vt 0.675802 -0.207038
vt 0.675802 -0.204108
vt 0.613300 -0.205084
vt 0.675802 -0.201178
vt 0.614277 -0.193365
vt 0.563494 -0.204108
vt 0.565447 -0.183599
vt 0.532243 -0.178716
vt 0.531266 -0.202155
vt 0.492203 -0.174810
vt 0.492203 -0.203131
vt 0.441420 -0.176763
vt 0.454115 -0.202155
vt 0.404309 -0.202155
vt 0.404309 -0.179693
vt 0.208014 -0.173833
vt 0.215827 -0.174810
vt 0.215827 -0.173833
vt 0.208014 -0.174810
vt 0.221686 -0.174810
vt 0.221686 -0.173833
vt 0.724631 -0.493179
vt 0.072268 -0.309580
vt 0.090823 -0.307627
vt 0.072268 -0.307627
vt 0.090823 -0.308603
vt 0.109378 -0.306650
vt 0.109378 -0.310556
vt 0.141606 -0.313486
vt 0.210944 -0.316416
vt 0.667989 -0.188482
vt 0.669942 -0.184576
vt 0.667989 -0.186529
vt 0.670919 -0.188482
vt 0.669942 -0.192389
vt 0.667989 -0.190436
vt 0.666036 -0.188482
vt 0.666036 -0.186529
vt 0.666036 -0.183599
vt 0.664083 -0.186529
vt 0.662130 -0.184576
vt 0.661153 -0.188482
vt 0.663106 -0.188482
vt 0.662130 -0.192389
vt 0.664083 -0.190436
vt 0.666036 -0.193365
vt 0.666036 -0.191412
vt 0.683615 -0.192389
vt 0.675802 -0.195318
vt 0.683615 -0.195318
vt 0.675802 -0.192389
vt 0.683615 -0.189459
vt 0.675802 -0.189459
vt 0.675802 -0.198248
vt 0.683615 -0.198248
vt 0.683615 -0.201178
vt 0.683615 -0.204108
vt 0.683615 -0.207038
vt 0.683615 -0.208991
vt 0.675802 -0.211920
vt 0.683615 -0.211920
vt 0.506851 -0.387707
vt 0.496109 -0.437513
vt 0.513688 -0.389660
vt 0.515641 -0.389660
vt 0.511734 -0.439466
vt 0.514664 -0.472671
vt 0.519547 -0.439466
vt 0.521500 -0.472671
vt 0.528336 -0.439466
vt 0.526383 -0.389660
vt 0.534196 -0.389660
vt 0.534196 -0.329112
vt 0.531266 -0.329112
vt 0.529313 -0.328135
vt 0.504898 -0.386731
vt 0.526383 -0.327158
vt 0.494156 -0.436537
vt 0.521500 -0.510758
vt 0.497085 -0.439466
vt 0.522477 -0.510758
vt 0.524430 -0.510758
vt 0.536149 -0.512711
vt 0.526383 -0.472671
vt 0.533219 -0.472671
vt 0.441420 -0.898465
vt 0.441420 -0.171880
vt 0.346690 -0.176763
vt 0.346690 -0.171880
vt 0.256844 -0.176763
vt 0.256844 -0.171880
vt 0.565447 -0.180670
vt 0.614277 -0.191412
vt 0.532243 -0.171880
vt 0.682638 -0.535173
vt 0.616230 -0.534196
vt 0.623066 -0.555681
vt 0.674825 -0.510758
vt 0.742210 -0.470717
vt 0.747093 -0.422864
vt 0.766625 -0.467788
vt 0.754906 -0.511734
vt 0.781274 -0.502945
vt 0.734397 -0.392590
vt 0.609394 -0.512711
vt 0.719749 -0.359386
vt 0.608417 -0.511734
vt 0.719749 -0.358409
vt 0.607440 -0.511734
vt 0.718772 -0.358409
vt 0.681661 -0.354503
vt 0.584979 -0.511734
vt 0.649434 -0.352550
vt 0.588885 -0.448256
vt 0.605487 -0.372082
vt 0.600604 -0.347667
vt 0.562517 -0.372082
vt 0.562517 -0.344737
vt 0.562517 -0.448256
vt 0.562517 -0.511734
vt 0.600604 -0.346690
vt 0.718772 -0.357433
vt 0.719749 -0.357433
vt 0.735374 -0.392590
vt 0.748070 -0.421888
vt 0.767602 -0.467788
vt 0.791040 -0.524430
vt 0.540056 -0.341807
vt 0.562517 -0.345714
vt 0.556658 -0.348643
vt 0.559587 -0.391613
vt 0.554704 -0.391613
vt 0.556658 -0.495132
vt 0.558611 -0.468764
vt 0.555681 -0.468764
vt 0.158208 -0.533219
vt 0.225593 -0.532243
vt 0.166997 -0.508805
vt 0.217780 -0.552751
vt 0.099612 -0.468764
vt 0.093753 -0.419935
vt 0.106449 -0.390637
vt 0.232429 -0.510758
vt 0.121097 -0.357433
vt 0.233406 -0.509781
vt 0.122074 -0.356456
vt 0.234382 -0.509781
vt 0.123051 -0.355480
vt 0.159185 -0.352550
vt 0.255867 -0.509781
vt 0.191412 -0.349620
vt 0.251961 -0.446303
vt 0.236335 -0.370129
vt 0.241218 -0.345714
vt 0.278329 -0.370129
vt 0.278329 -0.342784
vt 0.278329 -0.446303
vt 0.278329 -0.509781
vt 0.301767 -0.339854
vt 0.122074 -0.355480
vt 0.121097 -0.355480
vt 0.073244 -0.465834
vt 0.074221 -0.465834
vt 0.060549 -0.500992
vt 0.049806 -0.521500
vt 0.085940 -0.509781
vt 0.284188 -0.346690
vt 0.282235 -0.388684
vt 0.286142 -0.388684
vt 0.284188 -0.493179
vt 0.282235 -0.466811
vt 0.286142 -0.466811
vt 0.035157 -0.292978
vt 0.041017 -0.287118
vt 0.039064 -0.286142
vt 0.046876 -0.277352
vt 0.042970 -0.275399
vt 0.053713 -0.255867
vt 0.046876 -0.253914
vt 0.058596 -0.235359
vt 0.049806 -0.233406
vt 0.040040 -0.252937
vt 0.041993 -0.232429
vt 0.035157 -0.232429
vt 0.035157 -0.251961
vt 0.029298 -0.252937
vt 0.027345 -0.232429
vt 0.018555 -0.234382
vt 0.022462 -0.253914
vt 0.032228 -0.274422
vt 0.027345 -0.275399
vt 0.033204 -0.285165
vt 0.031251 -0.286142
vt 0.035157 -0.285165
vt 0.037111 -0.285165
vt 0.038087 -0.274422
vt 0.035157 -0.273446
vt 0.029298 -0.287118
vt 0.023438 -0.277352
vt 0.015625 -0.255867
vt 0.009766 -0.236335
vt 0.078127 -0.237312
vt 0.083010 -0.244148
vt 0.084964 -0.242195
vt 0.081057 -0.245125
vt 0.079104 -0.245125
vt 0.083010 -0.256844
vt 0.079104 -0.253914
vt 0.077151 -0.245125
vt 0.077151 -0.257820
vt 0.072268 -0.254891
vt 0.075198 -0.244148
vt 0.072268 -0.243171
vt 0.067385 -0.253914
vt 0.062502 -0.275399
vt 0.069338 -0.277352
vt 0.057619 -0.295907
vt 0.066408 -0.296884
vt 0.076174 -0.272469
vt 0.075198 -0.297861
vt 0.078127 -0.278329
vt 0.077151 -0.272469
vt 0.079104 -0.277352
vt 0.081057 -0.278329
vt 0.083987 -0.277352
vt 0.085940 -0.272469
vt 0.084964 -0.272469
vt 0.082034 -0.256844
vt 0.079104 -0.254891
vt 0.092776 -0.275399
vt 0.086917 -0.253914
vt 0.099612 -0.272469
vt 0.090823 -0.251961
vt 0.105472 -0.292001
vt 0.097659 -0.294931
vt 0.089846 -0.296884
vt 0.083010 -0.297861
vt 0.030274 -0.077151
vt 0.033204 -0.072268
vt 0.030274 -0.071291
vt 0.032228 -0.077151
vt 0.034181 -0.074221
vt 0.027345 -0.077151
vt 0.027345 -0.072268
vt 0.026368 -0.074221
vt 0.027345 -0.099612
vt 0.030274 -0.102542
vt 0.024415 -0.084964
vt 0.024415 -0.077151
vt 0.022462 -0.077151
vt 0.022462 -0.080081
vt 0.019532 -0.077151
vt 0.019532 -0.080081
vt 0.032228 -0.099612
vt 0.036134 -0.077151
vt 0.035157 -0.084964
vt 0.038087 -0.077151
vt 0.038087 -0.080081
vt 0.041017 -0.080081
vt 0.041017 -0.077151
vt 0.045900 -0.300790
vt 0.047853 -0.309580
vt 0.047853 -0.300790
vt 0.045900 -0.309580
vt 0.043947 -0.300790
vt 0.043947 -0.309580
vt 0.049806 -0.300790
vt 0.049806 -0.309580
vt 0.050783 -0.311533
vt 0.046876 -0.311533
vt 0.049806 -0.312510
vt 0.047853 -0.312510
vt 0.051759 -0.300790
vt 0.051759 -0.309580
vt 0.053713 -0.300790
vt 0.053713 -0.309580
vt 0.055666 -0.309580
vt 0.055666 -0.300790
vt 0.041017 -0.428724
vt 0.043947 -0.484390
vt 0.043947 -0.428724
vt 0.041017 -0.484390
vt 0.039064 -0.428724
vt 0.039064 -0.484390
vt 0.036134 -0.428724
vt 0.037111 -0.484390
vt 0.034181 -0.428724
vt 0.034181 -0.484390
vt 0.035157 -0.490249
vt 0.037111 -0.490249
vt 0.039064 -0.498062
vt 0.039064 -0.489273
vt 0.041017 -0.490249
vt 0.042970 -0.490249
vt 0.014649 -0.428724
vt 0.016602 -0.484390
vt 0.016602 -0.428724
vt 0.014649 -0.484390
vt 0.011719 -0.428724
vt 0.012696 -0.484390
vt 0.009766 -0.428724
vt 0.009766 -0.484390
vt 0.010743 -0.490249
vt 0.012696 -0.490249
vt 0.014649 -0.498062
vt 0.014649 -0.489273
vt 0.016602 -0.490249
vt 0.018555 -0.490249
vt 0.019532 -0.484390
vt 0.019532 -0.428724
vt 0.021485 -0.428724
vt 0.021485 -0.484390
vt 0.021485 -0.490249
vt 0.020508 -0.490249
vt 0.023438 -0.498062
vt 0.023438 -0.489273
vt 0.025391 -0.490249
vt 0.027345 -0.490249
vt 0.026368 -0.484390
vt 0.028321 -0.484390
vt 0.028321 -0.428724
vt 0.026368 -0.428724
vt 0.023438 -0.484390
vt 0.024415 -0.428724
vt 0.042970 -0.500015
vt 0.040040 -0.500015
vt 0.041017 -0.501968
vt 0.041017 -0.497085
vt 0.042970 -0.496109
vt 0.045900 -0.497085
vt 0.046876 -0.500015
vt 0.045900 -0.501968
vt 0.042970 -0.502945
vt 0.019532 -0.500015
vt 0.016602 -0.497085
vt 0.015625 -0.500015
vt 0.019532 -0.496109
vt 0.021485 -0.497085
vt 0.022462 -0.500015
vt 0.021485 -0.501968
vt 0.019532 -0.502945
vt 0.016602 -0.501968
vt 0.048830 -0.428724
vt 0.045900 -0.484390
vt 0.047853 -0.484390
vt 0.045900 -0.428724
vt 0.045900 -0.490249
vt 0.044923 -0.490249
vt 0.047853 -0.498062
vt 0.047853 -0.489273
vt 0.049806 -0.490249
vt 0.051759 -0.490249
vt 0.050783 -0.484390
vt 0.052736 -0.484390
vt 0.052736 -0.428724
vt 0.050783 -0.428724
vt 0.089846 -0.057619
vt 0.079104 -0.051759
vt 0.078127 -0.054689
vt 0.089846 -0.051759
vt 0.089846 -0.045900
vt 0.078127 -0.048830
vt 0.031251 -0.045900
vt 0.046876 -0.051759
vt 0.047853 -0.048830
vt 0.030274 -0.051759
vt 0.029298 -0.057619
vt 0.047853 -0.055666
vt 0.069338 -0.057619
vt 0.057619 -0.051759
vt 0.056642 -0.055666
vt 0.070315 -0.051759
vt 0.069338 -0.045900
vt 0.056642 -0.047853
vt 0.103519 -0.982452
vt 0.083987 -0.988311
vt 0.103519 -0.983428
vt 0.083987 -0.986358
vt 0.103519 -0.977569
vt 0.083010 -0.981475
vt 0.103519 -0.970733
vt 0.083010 -0.975616
vt 0.103519 -0.963897
vt 0.083010 -0.967803
vt 0.081057 -0.852565
vt 0.103519 -0.828150
vt 0.081057 -0.846706
vt 0.103519 -0.822291
vt 0.081057 -0.841823
vt 0.103519 -0.817408
vt 0.080081 -0.840846
vt 0.102542 -0.816431
vt 0.108402 -0.981475
vt 0.105472 -0.981475
vt 0.107425 -0.982452
vt 0.104495 -0.977569
vt 0.109378 -0.977569
vt 0.110355 -0.970733
vt 0.110355 -0.962920
vt 0.110355 -0.828150
vt 0.109378 -0.822291
vt 0.105472 -0.817408
vt 0.108402 -0.817408
vt 0.106449 -0.816431
vt 0.110355 -0.983428
vt 0.129887 -0.986358
vt 0.110355 -0.982452
vt 0.129887 -0.988311
vt 0.129887 -0.981475
vt 0.110355 -0.977569
vt 0.129887 -0.975616
vt 0.130863 -0.967803
vt 0.131840 -0.852565
vt 0.110355 -0.822291
vt 0.131840 -0.845729
vt 0.110355 -0.817408
vt 0.132817 -0.841823
vt 0.110355 -0.816431
vt 0.132817 -0.839869
vt 0.008789 -0.320322
vt 0.007813 -0.321299
vt 0.006836 -0.322275
vt 0.023438 -0.320322
vt 0.025391 -0.322275
vt 0.024415 -0.321299
vt 0.090823 -0.377941
vt 0.030274 -0.414075
vt 0.095706 -0.401379
vt 0.075198 -0.379894
vt 0.090823 -0.375011
vt 0.074221 -0.376965
vt 0.074221 -0.375011
vt 0.090823 -0.374035
vt 0.074221 -0.374035
vt 0.090823 -0.372082
vt 0.089846 -0.357433
vt 0.073244 -0.357433
vt 0.073244 -0.356456
vt 0.089846 -0.356456
vt 0.073244 -0.354503
vt 0.089846 -0.355480
vt 0.074221 -0.351573
vt 0.089846 -0.352550
vt 0.027345 -0.320322
vt 0.092776 -0.328135
vt 0.025391 -0.325205
vt 0.006836 -0.349620
vt 0.024415 -0.349620
vt 0.006836 -0.325205
vt 0.005860 -0.415052
vt 0.025391 -0.415052
vt 0.665059 -0.276376
vt 0.636738 -0.276376
vt 0.645528 -0.295907
vt 0.645528 -0.255867
vt 0.665059 -0.248055
vt 0.684591 -0.255867
vt 0.693381 -0.276376
vt 0.684591 -0.295907
vt 0.665059 -0.303720
vt 0.617206 -0.256844
vt 0.614277 -0.276376
vt 0.628925 -0.240242
vt 0.645528 -0.228523
vt 0.665059 -0.224616
vt 0.684591 -0.228523
vt 0.701193 -0.240242
vt 0.712912 -0.256844
vt 0.716819 -0.276376
vt 0.712912 -0.295907
vt 0.701193 -0.312510
vt 0.684591 -0.324229
vt 0.665059 -0.327158
vt 0.645528 -0.324229
vt 0.628925 -0.312510
vt 0.618183 -0.295907
vt 0.262703 -0.545915
vt 0.261727 -0.515641
vt 0.261727 -0.545915
vt 0.262703 -0.515641
vt 0.263680 -0.515641
vt 0.263680 -0.545915
vt 0.264657 -0.515641
vt 0.264657 -0.545915
vt 0.265633 -0.515641
vt 0.265633 -0.536149
vt 0.265633 -0.545915
vt 0.277352 -0.549821
vt 0.277352 -0.538102
vt 0.260750 -0.515641
vt 0.260750 -0.536149
vt 0.260750 -0.545915
vt 0.248054 -0.549821
vt 0.248054 -0.538102
vt 0.247078 -0.552751
vt 0.267586 -0.551775
vt 0.247078 -0.551775
vt 0.267586 -0.552751
vt 0.280282 -0.552751
vt 0.280282 -0.551775
vt 0.246101 -0.550798
vt 0.246101 -0.551775
vt 0.246101 -0.552751
vt 0.271493 -0.548845
vt 0.257820 -0.549821
vt 0.271493 -0.549821
vt 0.257820 -0.548845
vt 0.256844 -0.549821
vt 0.256844 -0.548845
vt 0.257820 -0.550798
vt 0.828150 -0.631855
vt 0.800806 -0.651387
vt 0.828150 -0.651387
vt 0.800806 -0.631855
vt 0.793970 -0.667013
vt 0.834986 -0.667013
vt 0.834986 -0.651387
vt 0.847682 -0.667989
vt 0.889676 -0.651387
vt 0.875027 -0.664083
vt 0.889676 -0.662130
vt 0.793970 -0.651387
vt 0.912137 -0.731468
vt 0.932646 -0.743187
vt 0.943388 -0.731468
vt 0.912137 -0.743187
vt 0.943388 -0.792993
vt 0.955107 -0.792993
vt 0.964873 -0.802759
vt 0.989288 -0.853542
vt 0.989288 -0.802759
vt 0.964873 -0.853542
vt 0.989288 -0.874050
vt 0.964873 -0.874050
vt 0.989288 -0.885769
vt 0.964873 -0.885769
vt 0.964873 -0.791040
vt 0.989288 -0.791040
vt 0.964873 -0.728538
vt 0.989288 -0.728538
vt 0.653340 -0.099612
vt 0.657247 -0.086917
vt 0.651387 -0.087893
vt 0.658223 -0.099612
vt 0.656270 -0.076174
vt 0.650410 -0.076174
vt 0.650410 -0.066408
vt 0.655293 -0.066408
vt 0.650410 -0.057619
vt 0.655293 -0.057619
vt 0.655293 -0.048830
vt 0.650410 -0.048830
vt 0.656270 -0.039064
vt 0.650410 -0.039064
vt 0.651387 -0.028321
vt 0.657247 -0.028321
vt 0.653340 -0.015625
vt 0.658223 -0.016602
vt 0.598651 -0.035157
vt 0.628925 -0.037111
vt 0.619160 -0.032228
vt 0.585955 -0.042970
vt 0.632832 -0.048830
vt 0.581072 -0.049806
vt 0.632832 -0.064455
vt 0.581072 -0.064455
vt 0.585955 -0.071291
vt 0.628925 -0.076174
vt 0.598651 -0.079104
vt 0.618183 -0.085940
vt 0.631855 -0.077151
vt 0.640645 -0.065432
vt 0.641621 -0.048830
vt 0.631855 -0.037111
vt 0.620136 -0.032228
vt 0.619160 -0.030274
vt 0.619160 -0.086917
vt 0.619160 -0.082034
vt 0.597674 -0.032228
vt 0.583026 -0.041017
vt 0.622089 -0.025391
vt 0.614277 -0.029298
vt 0.623066 -0.027345
vt 0.577166 -0.048830
vt 0.575213 -0.057619
vt 0.577166 -0.065432
vt 0.583026 -0.073244
vt 0.597674 -0.082034
vt 0.626972 -0.090823
vt 0.619160 -0.084964
vt 0.627949 -0.087893
vt 0.788110 -0.078127
vt 0.797876 -0.078127
vt 0.797876 -0.067385
vt 0.788110 -0.089846
vt 0.797876 -0.089846
vt 0.788110 -0.067385
vt 0.797876 -0.060549
vt 0.788110 -0.060549
vt 0.771508 -0.103519
vt 0.787133 -0.109378
vt 0.786157 -0.107425
vt 0.761742 -0.113285
vt 0.748070 -0.110355
vt 0.751976 -0.118168
vt 0.761742 -0.119144
vt 0.761742 -0.126957
vt 0.759789 -0.126957
vt 0.771508 -0.113285
vt 0.771508 -0.119144
vt 0.782250 -0.119144
vt 0.771508 -0.126957
vt 0.774438 -0.126957
vt 0.752953 -0.080081
vt 0.780297 -0.024415
vt 0.752953 -0.024415
vt 0.780297 -0.080081
vt 0.780297 -0.100589
vt 0.752953 -0.100589
vt 0.760765 -0.103519
vt 0.772485 -0.103519
vt 0.788110 -0.104495
vt 0.787133 -0.103519
vt 0.788110 -0.100589
vt 0.747093 -0.103519
vt 0.761742 -0.104495
vt 0.746117 -0.100589
vt 0.746117 -0.104495
vt 0.048830 -0.803735
vt 0.047853 -0.817408
vt 0.051759 -0.804712
vt 0.045900 -0.814478
vt 0.018555 -0.814478
vt 0.014649 -0.803735
vt 0.051759 -0.776391
vt 0.012696 -0.776391
vt 0.052736 -0.749046
vt 0.011719 -0.748070
vt 0.053713 -0.744163
vt 0.011719 -0.743187
vt 0.053713 -0.726585
vt 0.011719 -0.726585
vt 0.008789 -0.744163
vt 0.008789 -0.706076
vt 0.011719 -0.706076
vt 0.011719 -0.677755
vt 0.008789 -0.677755
vt 0.056642 -0.744163
vt 0.053713 -0.706076
vt 0.056642 -0.706076
vt 0.053713 -0.678732
vt 0.056642 -0.677755
vt 0.009766 -0.776391
vt 0.008789 -0.748070
vt 0.012696 -0.804712
vt 0.016602 -0.817408
vt 0.023438 -0.821314
vt 0.024415 -0.818384
vt 0.032228 -0.823267
vt 0.032228 -0.820338
vt 0.040040 -0.818384
vt 0.041017 -0.821314
vt 0.054689 -0.776391
vt 0.056642 -0.748070
vt 0.891629 -0.651387
vt 0.834986 -0.644551
vt 0.891629 -0.644551
vt 0.891629 -0.625019
vt 0.834986 -0.625019
vt 0.742210 -0.112308
vt 0.750023 -0.119144
vt 0.751000 -0.119144
vt 0.758812 -0.129887
vt 0.759789 -0.128910
vt 0.761742 -0.128910
vt 0.744163 -0.115238
vt 0.790063 -0.113285
vt 0.783227 -0.119144
vt 0.784204 -0.119144
vt 0.774438 -0.129887
vt 0.771508 -0.128910
vt 0.771508 -0.129887
vt 0.761742 -0.129887
vt 0.753929 -0.068362
vt 0.743187 -0.059572
vt 0.744163 -0.058596
vt 0.754906 -0.063478
vt 0.751000 -0.024415
vt 0.751000 -0.026368
vt 0.752953 -0.026368
vt 0.752953 -0.025391
vt 0.752953 -0.062502
vt 0.753929 -0.064455
vt 0.745140 -0.058596
vt 0.742210 -0.059572
vt 0.751976 -0.026368
vt 0.742210 -0.035157
vt 0.744163 -0.036134
vt 0.742210 -0.046876
vt 0.733421 -0.046876
vt 0.752953 -0.030274
vt 0.733421 -0.047853
vt 0.733421 -0.049806
vt 0.742210 -0.049806
vt 0.742210 -0.047853
vt 0.751000 -0.030274
vt 0.752953 -0.028321
vt 0.741234 -0.035157
vt 0.733421 -0.051759
vt 0.742210 -0.051759
vt 0.810572 -0.473647
vt 0.812525 -0.505875
vt 0.816431 -0.503922
vt 0.803735 -0.476577
vt 0.803735 -0.434584
vt 0.793970 -0.437513
vt 0.784204 -0.398450
vt 0.796899 -0.395520
vt 0.813501 -0.431654
vt 0.808618 -0.392590
vt 0.824244 -0.430677
vt 0.821314 -0.389660
vt 0.834010 -0.429701
vt 0.833033 -0.388684
vt 0.843776 -0.429701
vt 0.843776 -0.388684
vt 0.855495 -0.388684
vt 0.853542 -0.429701
vt 0.856471 -0.471694
vt 0.849635 -0.471694
vt 0.860378 -0.502945
vt 0.856471 -0.503922
vt 0.866237 -0.530290
vt 0.864284 -0.502945
vt 0.868191 -0.503922
vt 0.871120 -0.503922
vt 0.875027 -0.505875
vt 0.878933 -0.506851
vt 0.881863 -0.508805
vt 0.884793 -0.510758
vt 0.896512 -0.482437
vt 0.902371 -0.485366
vt 0.913114 -0.445326
vt 0.921903 -0.449232
vt 0.938505 -0.410169
vt 0.927763 -0.406262
vt 0.952178 -0.366222
vt 0.939482 -0.363292
vt 0.966826 -0.275399
vt 0.954131 -0.273446
vt 0.983428 -0.125980
vt 0.970733 -0.124027
vt 0.938505 -0.271493
vt 0.955107 -0.122074
vt 0.921903 -0.268563
vt 0.933622 -0.154302
vt 0.906278 -0.251961
vt 0.915067 -0.152348
vt 0.890652 -0.220710
vt 0.895535 -0.149419
vt 0.902371 -0.133793
vt 0.892605 -0.112308
vt 0.877957 -0.149419
vt 0.876003 -0.113285
vt 0.880886 -0.074221
vt 0.871120 -0.041017
vt 0.858425 -0.041993
vt 0.859401 -0.114261
vt 0.845729 -0.114261
vt 0.844752 -0.042970
vt 0.856471 -0.006836
vt 0.844752 -0.006836
vt 0.834010 -0.006836
vt 0.832057 -0.041993
vt 0.826197 -0.005860
vt 0.819361 -0.041017
vt 0.815455 -0.113285
vt 0.831080 -0.114261
vt 0.831080 -0.153325
vt 0.812525 -0.149419
vt 0.797876 -0.112308
vt 0.794946 -0.149419
vt 0.788110 -0.133793
vt 0.776391 -0.151372
vt 0.799829 -0.219733
vt 0.784204 -0.251961
vt 0.801782 -0.249031
vt 0.786157 -0.278329
vt 0.803735 -0.276376
vt 0.804712 -0.298837
vt 0.792016 -0.353526
vt 0.806665 -0.349620
vt 0.776391 -0.356456
vt 0.762719 -0.359386
vt 0.772485 -0.402356
vt 0.749046 -0.362316
vt 0.760765 -0.406262
vt 0.736351 -0.365246
vt 0.750023 -0.410169
vt 0.774438 -0.444350
vt 0.765648 -0.448256
vt 0.785180 -0.485366
vt 0.791040 -0.482437
vt 0.802759 -0.510758
vt 0.805689 -0.508805
vt 0.821314 -0.530290
vt 0.809595 -0.506851
vt 0.819361 -0.503922
vt 0.823267 -0.502945
vt 0.827174 -0.502945
vt 0.831080 -0.503922
vt 0.837916 -0.471694
vt 0.832057 -0.471694
vt 0.824244 -0.471694
vt 0.817408 -0.472671
vt 0.797876 -0.478530
vt 0.784204 -0.441420
vt 0.820338 -0.345714
vt 0.830103 -0.339854
vt 0.835963 -0.344737
vt 0.844752 -0.346690
vt 0.852565 -0.344737
vt 0.859401 -0.339854
vt 0.869167 -0.346690
vt 0.867214 -0.390637
vt 0.882839 -0.350597
vt 0.878933 -0.392590
vt 0.864284 -0.430677
vt 0.874050 -0.432630
vt 0.870144 -0.472671
vt 0.863308 -0.471694
vt 0.876980 -0.473647
vt 0.883816 -0.476577
vt 0.890652 -0.478530
vt 0.904324 -0.441420
vt 0.916044 -0.403333
vt 0.926786 -0.360363
vt 0.912137 -0.357433
vt 0.897488 -0.353526
vt 0.903348 -0.279305
vt 0.887722 -0.249031
vt 0.885769 -0.276376
vt 0.869167 -0.260750
vt 0.869167 -0.223640
vt 0.869167 -0.220710
vt 0.867214 -0.192389
vt 0.864284 -0.165044
vt 0.860378 -0.153325
vt 0.853542 -0.149419
vt 0.845729 -0.148442
vt 0.837916 -0.150395
vt 0.700217 -0.053713
vt 0.720725 -0.123051
vt 0.713889 -0.052736
vt 0.707053 -0.125004
vt 0.735374 -0.121097
vt 0.725608 -0.051759
vt 0.751000 -0.270516
vt 0.767602 -0.267586
vt 0.756859 -0.154302
vt 0.736351 -0.272469
vt 0.722678 -0.274422
vt 0.821314 -0.219733
vt 0.823267 -0.192389
vt 0.826197 -0.165044
vt 0.821314 -0.223640
vt 0.821314 -0.260750
vt 0.821314 -0.288095
vt 0.821314 -0.294931
vt 0.824244 -0.324229
vt 0.900418 -0.029298
vt 0.912137 -0.027345
vt 0.900418 -0.026368
vt 0.912137 -0.031251
vt 0.923856 -0.027345
vt 0.923856 -0.031251
vt 0.933622 -0.032228
vt 0.933622 -0.027345
vt 0.943388 -0.032228
vt 0.943388 -0.027345
vt 0.952178 -0.027345
vt 0.952178 -0.032228
vt 0.962920 -0.027345
vt 0.962920 -0.031251
vt 0.973663 -0.031251
vt 0.973663 -0.027345
vt 0.986358 -0.029298
vt 0.986358 -0.026368
vt 0.908231 -0.124027
vt 0.918973 -0.090823
vt 0.915067 -0.090823
vt 0.916044 -0.125004
vt 0.926786 -0.091800
vt 0.926786 -0.125004
vt 0.938505 -0.125004
vt 0.934599 -0.090823
vt 0.945341 -0.124027
vt 0.939482 -0.090823
vt 0.933622 -0.062502
vt 0.930692 -0.062502
vt 0.926786 -0.041017
vt 0.926786 -0.062502
vt 0.923856 -0.062502
vt 0.920927 -0.062502
vt 0.985382 -0.161138
vt 0.995148 -0.127934
vt 0.993194 -0.161138
vt 0.988311 -0.127934
vt 0.976592 -0.241218
vt 0.987335 -0.242195
vt 0.961943 -0.364269
vt 0.980499 -0.365246
vt 0.972686 -0.490249
vt 0.958037 -0.489273
vt 0.946318 -0.488296
vt 0.809595 -0.075198
vt 0.900418 -0.034181
vt 0.900418 -0.031251
vt 0.912137 -0.033204
vt 0.923856 -0.034181
vt 0.933622 -0.034181
vt 0.943388 -0.034181
vt 0.952178 -0.034181
vt 0.962920 -0.034181
vt 0.973663 -0.033204
vt 0.986358 -0.034181
vt 0.986358 -0.031251
vt 0.900418 -0.023438
vt 0.912137 -0.025391
vt 0.923856 -0.025391
vt 0.933622 -0.025391
vt 0.943388 -0.025391
vt 0.952178 -0.025391
vt 0.962920 -0.025391
vt 0.973663 -0.025391
vt 0.985382 -0.022462
vt 0.894559 -0.437513
vt 0.884793 -0.434584
vt 0.891629 -0.395520
vt 0.884793 -0.299814
vt 0.868191 -0.288095
vt 0.868191 -0.295907
vt 0.865261 -0.324229
vt 0.904324 -0.399426
vt 0.991241 -0.054689
vt 0.976592 -0.052736
vt 0.965850 -0.051759
vt 0.863308 -0.005860
vt 0.675802 -0.096683
vt 0.667013 -0.085940
vt 0.667013 -0.094729
vt 0.675802 -0.085940
vt 0.667013 -0.074221
vt 0.675802 -0.074221
vt 0.667013 -0.065432
vt 0.675802 -0.065432
vt 0.667013 -0.055666
vt 0.675802 -0.055666
vt 0.675802 -0.046876
vt 0.667013 -0.046876
vt 0.675802 -0.038087
vt 0.667013 -0.038087
vt 0.675802 -0.026368
vt 0.667013 -0.026368
vt 0.674825 -0.017579
vt 0.667013 -0.017579
vt 0.985382 -0.017579
vt 0.974639 -0.010743
vt 0.974639 -0.017579
vt 0.983428 -0.010743
vt 0.961943 -0.010743
vt 0.962920 -0.016602
vt 0.952178 -0.010743
vt 0.952178 -0.016602
vt 0.943388 -0.010743
vt 0.943388 -0.017579
vt 0.933622 -0.017579
vt 0.933622 -0.010743
vt 0.923856 -0.017579
vt 0.923856 -0.010743
vt 0.911161 -0.016602
vt 0.912137 -0.010743
vt 0.900418 -0.017579
vt 0.902371 -0.009766
vt 0.983428 -0.007813
vt 0.974639 -0.008789
vt 0.961943 -0.008789
vt 0.952178 -0.008789
vt 0.943388 -0.008789
vt 0.933622 -0.008789
vt 0.923856 -0.008789
vt 0.912137 -0.007813
vt 0.903348 -0.006836
vt 0.985382 -0.020508
vt 0.974639 -0.018555
vt 0.985382 -0.016602
vt 0.962920 -0.018555
vt 0.952178 -0.018555
vt 0.942412 -0.018555
vt 0.933622 -0.018555
vt 0.922880 -0.018555
vt 0.911161 -0.018555
vt 0.901395 -0.019532
vt 0.900418 -0.016602
vt 0.618183 -0.029298
vt 0.631855 -0.086917
vt 0.984405 -0.946318
vt 0.899442 -0.946318
vt 0.994171 -0.895535
vt 0.906278 -0.912137
vt 0.907254 -0.980499
vt 0.995148 -0.996124
vt 0.301767 -0.328135
vt 0.266610 -0.326182
vt 0.266610 -0.330088
vt 0.177740 -0.326182
vt 0.177740 -0.330088
vt 0.126957 -0.328135
vt 0.811548 -0.767601
vt 0.896512 -0.767601
vt 0.801782 -0.716819
vt 0.889676 -0.733421
vt 0.888699 -0.801782
vt 0.800806 -0.817408
vt 0.548845 -0.334971
vt 0.583026 -0.332041
vt 0.583026 -0.335948
vt 0.548845 -0.333995
vt 0.672872 -0.332041
vt 0.672872 -0.335948
vt 0.723655 -0.333995
vt 0.723655 -0.334971
vt 0.993194 -0.669942
vt 0.898465 -0.720725
vt 0.898465 -0.669942
vt 0.993194 -0.720725
vt 0.993194 -0.618183
vt 0.898465 -0.668966
vt 0.898465 -0.618183
vt 0.993194 -0.668966
vt 0.847682 -0.616230
vt 0.898465 -0.614277
vt 0.993194 -0.614277
vt 0.993194 -0.552751
vt 0.898465 -0.501968
vt 0.993194 -0.501968
vt 0.898465 -0.552751
vt 0.993194 -0.604511
vt 0.898465 -0.553728
vt 0.993194 -0.553728
vt 0.898465 -0.604511
vt 0.847682 -0.606464
vt 0.898465 -0.608417
vt 0.993194 -0.608417
vt 0.376965 -0.348643
vt 0.375988 -0.424818
vt 0.375988 -0.348643
vt 0.376965 -0.424818
vt 0.403333 -0.424818
vt 0.419935 -0.348643
vt 0.333995 -0.348643
vt 0.350597 -0.424818
vt 0.490249 -0.340831
vt 0.464858 -0.341807
vt 0.464858 -0.338878
vt 0.386731 -0.338878
vt 0.344737 -0.340831
vt 0.386731 -0.342784
vt 0.464858 -0.348643
vt 0.464858 -0.424818
vt 0.438490 -0.424818
vt 0.421888 -0.348643
vt 0.507828 -0.348643
vt 0.491226 -0.424818
vt 0.490249 -0.330088
vt 0.464858 -0.328135
vt 0.490249 -0.329112
vt 0.464858 -0.331065
vt 0.386731 -0.332041
vt 0.344737 -0.329112
vt 0.386731 -0.327158
vt 0.344737 -0.330088
vt 0.937529 -0.856472
vt 0.922880 -0.856472
vt 0.927763 -0.872097
vt 0.938505 -0.849635
vt 0.937529 -0.840846
vt 0.941435 -0.848659
vt 0.938505 -0.839869
vt 0.942412 -0.848659
vt 0.939482 -0.838893
vt 0.926786 -0.817408
vt 0.925810 -0.817408
vt 0.917997 -0.809595
vt 0.908231 -0.808618
vt 0.913114 -0.824244
vt 0.823267 -0.831080
vt 0.823267 -0.868191
vt 0.822291 -0.899441
vt 0.861354 -0.928739
vt 0.827174 -0.966826
vt 0.828150 -0.972686
vt 0.862331 -0.933622
vt 0.829127 -0.976592
vt 0.862331 -0.936552
vt 0.861354 -0.948271
vt 0.862331 -0.954131
vt 0.928739 -0.875027
vt 0.862331 -0.957060
vt 0.928739 -0.876003
vt 0.940458 -0.856472
vt 0.941435 -0.857448
vt 0.787133 -0.952178
vt 0.786157 -0.977569
vt 0.787133 -0.972686
vt 0.786157 -0.957060
vt 0.784204 -0.979522
vt 0.784204 -0.959990
vt 0.783227 -0.977569
vt 0.783227 -0.957060
vt 0.782250 -0.972686
vt 0.782250 -0.952178
vt 0.817408 -0.868191
vt 0.820338 -0.831080
vt 0.817408 -0.899441
vt 0.823267 -0.966826
vt 0.817408 -0.966826
vt 0.818384 -0.973663
vt 0.822291 -0.973663
vt 0.820338 -0.975616
vt 0.699240 -0.856472
vt 0.711936 -0.875027
vt 0.700217 -0.856472
vt 0.710959 -0.876003
vt 0.777367 -0.956084
vt 0.778344 -0.954131
vt 0.712912 -0.872097
vt 0.778344 -0.948271
vt 0.778344 -0.928739
vt 0.717795 -0.856472
vt 0.812525 -0.966826
vt 0.778344 -0.933622
vt 0.812525 -0.972686
vt 0.778344 -0.936552
vt 0.811548 -0.976592
vt 0.727561 -0.824244
vt 0.732444 -0.808618
vt 0.817408 -0.831080
vt 0.722678 -0.808618
vt 0.714866 -0.817408
vt 0.703146 -0.840846
vt 0.702170 -0.839869
vt 0.699240 -0.848659
vt 0.702170 -0.848659
vt 0.703146 -0.856472
vt 0.698264 -0.848659
vt 0.701193 -0.838893
vt 0.713889 -0.817408
vt 0.751976 -0.948271
vt 0.741234 -0.931669
vt 0.736351 -0.948271
vt 0.742210 -0.929716
vt 0.753929 -0.947294
vt 0.752953 -0.955107
vt 0.754906 -0.955107
vt 0.751000 -0.962920
vt 0.751976 -0.963897
vt 0.739280 -0.986358
vt 0.726585 -0.979522
vt 0.636738 -0.904325
vt 0.636738 -0.936552
vt 0.636738 -0.973663
vt 0.721702 -0.995148
vt 0.731468 -0.995148
vt 0.740257 -0.987335
vt 0.753929 -0.964873
vt 0.756859 -0.956084
vt 0.755882 -0.947294
vt 0.743187 -0.927763
vt 0.676778 -0.847682
vt 0.675802 -0.850612
vt 0.675802 -0.855495
vt 0.675802 -0.876003
vt 0.641621 -0.836940
vt 0.641621 -0.831080
vt 0.675802 -0.870144
vt 0.642598 -0.828150
vt 0.676778 -0.868191
vt 0.600604 -0.851588
vt 0.600604 -0.827174
vt 0.600604 -0.846706
vt 0.600604 -0.832057
vt 0.598651 -0.824244
vt 0.598651 -0.844752
vt 0.596698 -0.827174
vt 0.596698 -0.846706
vt 0.595721 -0.832057
vt 0.595721 -0.851588
vt 0.631855 -0.936552
vt 0.633808 -0.973663
vt 0.631855 -0.904325
vt 0.637715 -0.836940
vt 0.630879 -0.836940
vt 0.631855 -0.831080
vt 0.636738 -0.831080
vt 0.633808 -0.828150
vt 0.512711 -0.947294
vt 0.526383 -0.929716
vt 0.525407 -0.927763
vt 0.514664 -0.947294
vt 0.513688 -0.956084
vt 0.511734 -0.956084
vt 0.516617 -0.963897
vt 0.514664 -0.964873
vt 0.528336 -0.987335
vt 0.529313 -0.986358
vt 0.537126 -0.995148
vt 0.517594 -0.962920
vt 0.532243 -0.948271
vt 0.542009 -0.979522
vt 0.546892 -0.996124
vt 0.631855 -0.973663
vt 0.592792 -0.876003
vt 0.626972 -0.836940
vt 0.592792 -0.870144
vt 0.625996 -0.831080
vt 0.591815 -0.868191
vt 0.625019 -0.828150
vt 0.526383 -0.931669
vt 0.592792 -0.855495
vt 0.592792 -0.850612
vt 0.591815 -0.847682
vt 0.516617 -0.948271
vt 0.515641 -0.955107
s 1
usemtl mat_30
f 289/79/210 291/81/212 290/80/211
f 292/80/213 294/82/214 293/79/210
f 295/83/215 297/79/217 296/82/216
f 298/82/218 300/84/220 299/83/219
f 301/85/221 303/83/219 302/84/222
f 304/84/220 306/86/224 305/85/223
f 307/85/225 309/86/227 308/87/226
f 310/87/228 312/88/229 311/85/221
f 313/88/229 315/89/230 314/85/221
f 316/85/221 318/89/231 317/83/219
f 319/79/232 321/83/233 320/89/230
f 322/89/234 324/90/236 323/79/235
f 325/81/237 327/79/232 326/90/238
f 328/90/239 330/91/240 329/81/237
f 331/91/241 333/90/239 332/92/242
f 334/92/242 336/93/244 335/91/243
f 337/93/245 339/92/247 338/94/246
f 340/94/248 342/94/250 341/93/249
f 343/95/251 345/94/253 344/94/252
f 346/95/254 348/94/246 347/96/255
f 349/95/251 351/96/257 350/97/256
f 352/97/258 354/98/260 353/95/259
f 355/98/261 357/97/263 356/99/262
f 358/99/264 360/100/266 359/98/265
f 361/88/267 363/99/268 362/97/256
f 364/101/269 366/88/267 365/97/270
f 367/97/256 369/96/272 368/101/271
f 370/92/273 372/101/275 371/96/274
f 373/96/276 375/94/278 374/92/277
f 376/101/279 378/92/273 377/90/280
f 379/90/281 381/89/234 380/101/271
f 382/88/282 384/101/283 383/89/234
f 385/88/284 387/87/228 386/99/260
f 388/102/285 390/99/268 389/87/226
f 391/87/226 393/103/287 392/102/286
f 394/104/288 396/102/289 395/103/287
f 397/103/290 399/105/291 398/104/288
f 400/106/292 402/105/294 401/103/293
f 403/103/290 405/107/296 404/106/295
f 406/106/297 408/107/296 407/108/298
f 409/108/299 411/109/301 410/106/300
f 412/109/302 414/108/298 413/110/303
f 415/110/218 417/111/305 416/109/304
f 418/111/305 420/110/307 419/112/306
f 421/112/308 423/113/309 422/111/305
f 424/113/310 426/112/312 425/114/311
f 427/114/313 429/115/314 428/113/310
f 430/115/315 432/114/317 431/116/316
f 433/116/316 435/117/318 434/115/315
f 436/118/319 438/117/318 437/116/320
f 439/116/321 441/119/323 440/118/322
f 442/120/324 444/118/326 443/119/325
f 445/119/323 447/121/328 446/120/327
f 448/122/329 450/120/327 449/121/329
f 451/121/330 453/123/331 452/122/329
f 454/124/332 456/123/331 455/121/328
f 457/121/330 459/125/333 458/124/332
f 460/124/334 462/125/336 461/126/335
f 463/127/337 465/124/338 464/126/335
f 466/126/339 468/128/341 467/127/340
f 469/127/340 471/128/343 470/129/342
f 472/129/344 474/130/345 473/127/337
f 475/127/340 477/130/347 476/131/346
f 478/127/340 480/131/346 479/132/348
f 481/132/349 483/124/334 482/127/340
f 484/124/338 486/132/349 485/123/331
f 487/132/350 489/131/352 488/133/351
f 490/132/353 492/133/355 491/134/354
f 493/132/349 495/134/357 494/135/356
f 496/135/358 498/136/359 497/132/350
f 499/136/360 501/135/356 500/137/361
f 502/137/362 504/138/363 503/136/360
f 505/138/361 507/137/361 506/139/364
f 508/139/364 510/140/364 509/138/365
f 511/140/364 513/139/367 512/141/366
f 514/141/368 516/142/368 515/140/364
f 517/142/366 519/141/366 518/143/369
f 520/143/369 522/144/370 521/142/366
f 523/144/370 525/143/369 524/145/371
f 526/145/372 528/146/372 527/144/370
f 529/146/372 531/145/372 530/147/372
f 532/147/372 534/148/372 533/146/371
f 535/143/369 537/141/366 536/149/373
f 538/150/374 540/143/376 539/149/375
f 541/149/373 543/151/378 542/150/377
f 544/152/379 546/150/377 545/151/380
f 547/151/378 549/153/382 548/152/381
f 550/154/383 552/152/384 551/153/382
f 553/153/382 555/155/385 554/154/383
f 556/81/386 558/157/388 557/156/387
f 559/156/387 561/80/390 560/81/389
f 562/80/391 564/156/387 563/114/311
f 565/114/313 567/112/392 566/80/390
f 568/80/213 570/112/306 569/110/307
f 571/110/307 573/82/307 572/80/393
f 574/82/394 576/110/216 575/108/395
f 577/108/396 579/84/397 578/82/214
f 580/84/398 582/108/400 581/107/399
f 583/107/296 585/86/296 584/84/401
f 586/86/402 588/107/402 587/103/403
f 589/103/404 591/87/405 590/86/224
f 592/114/406 594/156/408 593/158/407
f 595/158/407 597/116/410 596/114/409
f 598/116/411 600/158/413 599/159/412
f 601/159/414 603/119/415 602/116/410
f 604/119/323 606/159/414 605/160/416
f 607/160/416 609/121/329 608/119/323
f 610/125/336 612/121/329 611/160/417
f 613/160/416 615/161/418 614/125/333
f 616/162/419 618/125/333 617/161/418
f 619/162/419 621/161/418 620/163/420
f 622/163/421 624/164/422 623/162/419
f 625/162/419 627/164/424 626/165/423
f 628/165/425 630/166/426 629/162/419
f 631/125/333 633/162/419 632/166/427
f 634/166/427 636/167/428 635/125/333
f 637/165/429 639/164/424 638/168/430
f 640/165/431 642/168/433 641/168/432
f 643/165/431 645/168/434 644/165/251
f 646/169/435 648/168/436 647/168/433
f 649/168/437 651/170/438 650/169/435
f 652/169/439 654/170/441 653/171/440
f 655/171/440 657/172/442 656/169/249
f 658/172/443 660/171/445 659/157/444
f 661/157/446 663/81/448 662/172/447
f 664/173/449 666/157/451 665/171/450
f 667/171/452 669/174/454 668/173/453
f 670/174/455 672/175/456 671/173/449
f 673/173/457 675/175/456 674/159/458
f 676/159/412 678/158/410 677/173/449
f 679/157/459 681/173/449 680/158/460
f 682/158/460 684/156/461 683/157/459
f 685/175/456 687/160/462 686/159/414
f 688/161/463 690/160/464 689/175/456
f 691/174/455 693/161/418 692/175/456
f 694/174/454 696/163/465 695/161/418
f 697/170/466 699/163/465 698/174/454
f 700/174/467 702/171/468 701/170/466
f 703/164/469 705/163/470 704/170/466
f 706/170/466 708/168/471 707/164/424
f 709/176/472 711/178/474 710/177/473
f 712/177/473 714/179/476 713/176/475
f 715/179/477 717/177/473 716/180/478
f 718/180/479 720/181/481 719/179/480
f 721/181/482 723/180/484 722/182/483
f 724/182/485 726/183/486 725/181/481
f 727/183/487 729/182/483 728/184/488
f 730/184/488 732/185/489 731/183/487
f 733/186/490 735/185/492 734/184/491
f 736/184/491 738/187/494 737/186/493
f 739/188/495 741/186/497 740/187/496
f 742/187/494 744/189/499 743/188/498
f 745/190/500 747/188/502 746/189/501
f 748/189/503 750/191/505 749/190/504
f 751/192/506 753/190/508 752/191/507
f 754/191/509 756/193/511 755/192/510
f 757/194/512 759/192/514 758/193/513
f 760/193/515 762/195/516 761/194/512
f 763/196/517 765/194/519 764/195/518
f 766/195/520 768/197/522 767/196/521
f 769/198/523 771/196/525 770/197/524
f 772/197/526 774/199/528 773/198/527
f 775/200/529 777/198/523 776/199/530
f 778/199/528 780/201/531 779/200/288
f 781/200/532 783/201/534 782/202/533
f 784/202/535 786/203/537 785/200/536
f 787/203/538 789/202/540 788/204/539
f 790/204/541 792/205/543 791/203/542
f 793/205/544 795/204/546 794/206/545
f 796/206/547 798/207/549 797/205/548
f 799/207/550 801/206/552 800/208/551
f 802/208/551 804/209/554 803/207/553
f 805/208/551 807/206/556 806/210/555
f 808/210/555 810/211/557 809/208/551
f 811/212/558 813/210/560 812/206/559
f 814/206/559 816/204/541 815/212/558
f 817/213/561 819/212/562 818/204/541
f 820/204/563 822/202/565 821/213/564
f 823/214/566 825/213/568 824/202/567
f 826/202/569 828/201/571 827/214/570
f 829/215/572 831/214/574 830/201/573
f 832/201/571 834/199/576 833/215/575
f 835/216/577 837/215/578 836/199/528
f 838/199/576 840/197/580 839/216/579
f 841/217/581 843/216/582 842/197/580
f 844/197/526 846/195/584 845/217/583
f 847/218/585 849/217/581 848/195/584
f 850/195/586 852/193/588 851/218/587
f 853/218/587 855/193/589 854/191/507
f 856/191/590 858/219/592 857/218/591
f 859/220/593 861/219/595 860/191/594
f 862/191/596 864/189/598 863/220/597
f 865/221/599 867/220/601 866/189/600
f 868/189/602 870/187/496 869/221/599
f 871/222/603 873/221/604 872/187/494
f 874/187/605 876/184/491 875/222/606
f 877/223/607 879/222/608 878/184/491
f 880/184/491 882/182/610 881/223/609
f 883/224/611 885/223/612 884/182/483
f 886/182/483 888/180/479 887/224/611
f 889/225/613 891/224/611 890/180/479
f 892/180/479 894/177/473 893/225/613
f 895/226/614 897/225/616 896/177/615
f 898/177/473 900/178/474 899/226/614
f 901/227/617 903/229/619 902/228/618
f 904/228/618 906/230/620 905/227/617
f 907/230/620 909/228/622 908/231/621
f 910/231/621 912/232/623 911/230/620
f 913/232/624 915/231/625 914/233/426
f 916/233/426 918/234/627 917/232/626
f 919/234/627 921/233/427 920/235/628
f 922/235/628 924/236/630 923/234/629
f 925/236/631 927/235/633 926/237/632
f 928/237/632 930/238/635 929/236/634
f 931/238/636 933/237/638 932/239/637
f 934/239/639 936/240/640 935/238/636
f 937/239/641 939/241/643 938/240/642
f 940/239/644 942/237/638 941/242/645
f 943/242/646 945/243/647 944/239/644
f 946/243/648 948/242/650 947/244/649
f 949/244/651 951/129/653 950/243/652
f 952/245/654 954/243/647 953/129/344
f 955/246/655 957/245/656 956/129/342
f 958/128/657 960/246/655 959/129/342
f 961/246/655 963/128/659 962/247/658
f 964/247/660 966/128/341 965/248/661
f 967/249/662 969/247/660 968/248/661
f 970/248/661 972/250/663 971/249/662
f 973/239/664 975/243/652 974/245/665
f 976/245/654 978/251/667 977/239/666
f 979/252/668 981/239/666 980/251/667
f 982/251/669 984/253/671 983/252/670
f 985/254/672 987/252/674 986/253/673
f 988/253/673 990/255/676 989/254/675
f 991/256/677 993/254/675 992/255/678
f 994/256/679 996/255/678 995/257/680
f 997/258/681 999/257/683 998/255/682
f 1000/255/678 1002/253/684 1001/258/681
f 1003/259/685 1005/258/681 1004/253/686
f 1006/253/671 1008/251/688 1007/259/687
f 1009/245/665 1011/259/689 1010/251/667
f 1012/256/677 1014/260/690 1013/254/675
f 1015/254/691 1017/260/693 1016/261/692
f 1018/261/694 1020/262/695 1019/254/691
f 1021/254/675 1023/262/697 1022/241/696
f 1024/241/698 1026/252/668 1025/254/675
f 1027/241/698 1029/239/699 1028/252/668
f 1030/241/700 1032/262/702 1031/263/701
f 1033/241/696 1035/263/701 1034/264/703
f 1036/265/704 1038/264/703 1037/263/701
f 1039/263/701 1041/266/706 1040/265/705
f 1042/266/707 1044/263/709 1043/261/708
f 1045/261/710 1047/267/711 1046/266/707
f 1048/261/712 1050/263/701 1049/262/713
f 1051/268/714 1053/270/716 1052/269/715
f 1054/269/717 1056/271/719 1055/268/718
f 1057/271/720 1059/269/722 1058/272/721
f 1060/272/723 1062/273/724 1061/271/719
f 1063/273/725 1065/272/721 1064/274/726
f 1066/274/726 1068/275/727 1067/273/724
f 1069/275/728 1071/274/730 1070/276/729
f 1072/276/731 1074/277/732 1073/275/728
f 1075/277/733 1077/276/735 1076/278/734
f 1078/278/736 1080/279/737 1079/277/733
f 1081/279/738 1083/278/740 1082/280/739
f 1084/280/741 1086/281/742 1085/279/738
f 1087/282/743 1089/280/745 1088/278/744
f 1090/278/740 1092/283/747 1091/282/746
f 1093/282/748 1095/283/747 1094/284/749
f 1096/284/750 1098/285/752 1097/282/751
f 1099/286/753 1101/282/755 1100/285/754
f 1102/285/754 1104/287/757 1103/286/756
f 1105/288/758 1107/287/760 1106/285/759
f 1108/285/761 1110/289/762 1109/288/758
f 1111/290/763 1113/288/758 1112/289/764
f 1114/289/762 1116/291/765 1115/290/763
f 1117/292/766 1119/290/763 1118/291/767
f 1120/291/768 1122/293/770 1121/292/769
f 1123/293/771 1125/291/765 1124/294/772
f 1126/294/773 1128/295/775 1127/293/774
f 1129/295/776 1131/294/778 1130/296/777
f 1132/296/779 1134/297/781 1133/295/780
f 1135/298/782 1137/297/784 1136/296/783
f 1138/296/783 1140/299/786 1139/298/785
f 1141/298/787 1143/299/789 1142/300/788
f 1144/300/790 1146/301/791 1145/298/787
f 1147/301/792 1149/300/794 1148/302/793
f 1150/302/795 1152/303/796 1151/301/792
f 1153/304/797 1155/303/798 1154/302/795
f 1156/302/799 1158/305/800 1157/304/797
f 1159/304/797 1161/305/802 1160/306/801
f 1162/304/803 1164/306/805 1163/307/804
f 1165/304/806 1167/307/808 1166/308/807
f 1168/304/797 1170/308/810 1169/309/809
f 1171/304/811 1173/309/813 1172/310/812
f 1174/304/803 1176/310/815 1175/311/814
f 1177/305/816 1179/312/818 1178/306/817
f 1180/313/819 1182/312/805 1181/305/800
f 1183/305/800 1185/314/821 1184/313/820
f 1186/314/822 1188/315/823 1187/313/820
f 1189/314/824 1191/316/826 1190/315/825
f 1192/314/821 1194/317/827 1193/316/826
f 1195/314/828 1197/318/830 1196/317/829
f 1198/318/831 1200/319/832 1199/317/829
f 1201/320/833 1203/319/835 1202/318/834
f 1204/320/836 1206/318/838 1205/321/837
f 1207/320/833 1209/321/840 1208/322/839
f 1210/323/841 1212/322/843 1211/321/842
f 1213/321/840 1215/270/845 1214/323/844
f 1216/270/846 1218/321/848 1217/324/847
f 1219/324/849 1221/269/850 1220/270/845
f 1222/269/851 1224/324/853 1223/325/852
f 1225/325/852 1227/272/854 1226/269/851
f 1228/272/855 1230/325/857 1229/274/856
f 1231/325/858 1233/326/860 1232/274/859
f 1234/326/861 1236/276/863 1235/274/862
f 1237/276/864 1239/326/866 1238/283/865
f 1240/283/867 1242/278/869 1241/276/868
f 1243/283/747 1245/326/871 1244/327/870
f 1246/327/872 1248/284/873 1247/283/747
f 1249/328/874 1251/284/749 1250/327/875
f 1252/327/872 1254/329/877 1253/328/876
f 1255/294/878 1257/328/879 1256/329/777
f 1258/329/880 1260/296/877 1259/294/881
f 1261/296/783 1263/329/883 1262/330/882
f 1264/330/882 1266/299/884 1265/296/883
f 1267/299/789 1269/330/882 1268/331/788
f 1270/331/885 1272/300/885 1271/299/886
f 1273/300/887 1275/331/794 1274/314/821
f 1276/314/821 1278/302/799 1277/300/887
f 1279/302/799 1281/314/824 1280/305/888
f 1282/314/821 1284/331/890 1283/332/889
f 1285/332/889 1287/318/830 1286/314/891
f 1288/318/892 1290/332/889 1289/324/893
f 1291/324/894 1293/321/848 1292/318/895
f 1294/325/896 1296/324/898 1295/332/897
f 1297/332/899 1299/333/900 1298/325/896
f 1300/326/901 1302/325/858 1301/333/900
f 1303/333/902 1305/327/904 1304/326/903
f 1306/329/883 1308/327/904 1307/333/902
f 1309/333/905 1311/330/906 1310/329/883
f 1312/331/890 1314/330/908 1313/333/907
f 1315/333/905 1317/332/897 1316/331/788
f 1318/304/909 1320/311/909 1319/311/909
f 1321/311/909 1323/334/911 1322/304/910
f 1324/335/911 1326/337/911 1325/336/909
f 1327/336/909 1329/336/909 1328/335/910
f 1330/338/911 1332/339/909 1331/336/911
f 1333/336/909 1335/340/912 1334/338/909
f 1336/293/913 1338/293/914 1337/292/913
f 1339/292/914 1341/292/915 1340/293/913
f 1342/293/915 1344/293/913 1343/295/913
f 1345/295/914 1347/295/913 1346/293/913
f 1348/295/914 1350/295/913 1349/297/913
f 1351/297/913 1353/297/913 1352/295/913
f 1354/297/915 1356/297/913 1355/298/915
f 1357/298/915 1359/341/913 1358/297/915
f 1360/341/914 1362/298/913 1361/301/913
f 1363/301/913 1365/301/913 1364/341/913
f 1366/301/916 1368/301/917 1367/303/915
f 1369/303/913 1371/303/913 1370/301/913
f 1372/334/918 1374/303/913 1373/303/913
f 1375/303/913 1377/304/913 1376/334/919
f 1378/328/920 1380/294/773 1379/291/765
f 1381/291/765 1383/289/922 1382/328/921
f 1384/284/749 1386/328/920 1385/289/923
f 1387/289/923 1389/285/752 1388/284/749
f 1390/342/924 1392/344/926 1391/343/925
f 1393/343/927 1395/345/928 1394/342/924
f 1396/342/929 1398/345/924 1397/148/929
f 1399/148/924 1401/147/924 1400/342/924
f 1402/343/926 1404/344/925 1403/336/928
f 1405/336/929 1407/339/928 1406/343/926
f 1408/335/930 1410/336/932 1409/344/931
f 1411/344/931 1413/346/933 1412/335/769
f 1414/335/769 1416/346/934 1415/347/763
f 1417/346/935 1419/344/937 1418/348/936
f 1420/154/938 1422/348/939 1421/344/931
f 1423/344/937 1425/342/554 1424/154/938
f 1426/152/554 1428/154/938 1427/342/554
f 1429/342/940 1431/147/554 1430/152/941
f 1432/150/942 1434/152/554 1433/147/554
f 1435/147/554 1437/145/944 1436/150/943
f 1438/145/944 1440/143/942 1439/150/944
f 1441/244/945 1443/350/947 1442/349/946
f 1444/349/948 1446/351/950 1445/244/949
f 1447/129/951 1449/244/953 1448/351/952
f 1450/351/954 1452/130/345 1451/129/653
f 1453/130/955 1455/351/954 1454/131/956
f 1456/352/957 1458/131/959 1457/351/958
f 1459/351/958 1461/349/960 1460/352/957
f 1462/353/961 1464/352/963 1463/349/962
f 1465/349/964 1467/354/965 1466/353/961
f 1468/355/966 1470/353/967 1469/354/926
f 1471/354/925 1473/356/968 1472/355/966
f 1474/355/969 1476/356/968 1475/357/970
f 1477/357/971 1479/358/972 1478/355/969
f 1480/359/973 1482/355/975 1481/358/974
f 1483/358/976 1485/360/978 1484/359/977
f 1486/361/979 1488/359/980 1487/360/978
f 1489/361/981 1491/134/357 1490/359/982
f 1492/359/983 1494/134/985 1493/353/984
f 1495/353/986 1497/355/966 1496/359/983
f 1498/353/961 1500/134/357 1499/133/987
f 1501/133/988 1503/352/989 1502/353/961
f 1504/131/990 1506/352/957 1505/133/351
f 1507/134/357 1509/361/991 1508/135/356
f 1510/360/978 1512/358/976 1511/362/992
f 1513/362/992 1515/363/367 1514/360/993
f 1516/360/978 1518/363/364 1517/364/994
f 1519/364/994 1521/365/995 1520/360/978
f 1522/365/995 1524/366/996 1523/360/978
f 1525/367/997 1527/360/978 1526/366/998
f 1528/367/979 1530/366/998 1529/368/999
f 1531/368/999 1533/369/1001 1532/367/1000
f 1534/369/1002 1536/368/1004 1535/370/1003
f 1537/370/1005 1539/371/360 1538/369/1001
f 1540/372/361 1542/369/1006 1541/371/360
f 1543/371/360 1545/373/361 1544/372/363
f 1546/374/364 1548/372/362 1547/373/361
f 1549/373/1007 1551/375/364 1550/374/1008
f 1552/376/368 1554/374/364 1553/375/1008
f 1555/375/364 1557/377/366 1556/376/366
f 1558/378/369 1560/376/366 1559/377/366
f 1561/377/366 1563/379/370 1562/378/369
f 1564/380/1009 1566/378/1010 1565/379/370
f 1567/379/370 1569/381/371 1568/380/371
f 1570/382/372 1572/380/371 1571/381/372
f 1573/381/1009 1575/383/371 1574/382/372
f 1576/378/369 1578/384/1011 1577/376/366
f 1579/384/1011 1581/378/369 1580/385/1012
f 1582/385/1013 1584/386/1015 1583/384/1014
f 1585/386/1016 1587/385/1013 1586/387/381
f 1588/387/381 1590/388/382 1589/386/1017
f 1591/388/382 1593/387/384 1592/389/1018
f 1594/389/1018 1596/390/1019 1595/388/382
f 1597/391/1020 1599/392/1021 1598/357/970
f 1600/357/971 1602/356/968 1601/391/1022
f 1603/393/1023 1605/391/1025 1604/356/1024
f 1606/356/968 1608/354/926 1607/393/1026
f 1609/350/1027 1611/393/1028 1610/354/965
f 1612/354/1029 1614/349/960 1613/350/1030
f 1615/393/1028 1617/350/1027 1616/394/1031
f 1618/394/1031 1620/395/370 1619/393/1032
f 1621/391/1033 1623/393/1023 1622/395/1034
f 1624/395/1035 1626/396/1036 1625/391/1033
f 1627/392/1037 1629/391/1039 1628/396/1038
f 1630/396/1038 1632/397/1040 1631/392/1021
f 1633/398/1041 1635/392/1021 1634/397/1040
f 1636/397/1042 1638/399/1044 1637/398/1043
f 1639/399/1044 1641/397/1040 1640/228/1045
f 1642/228/1046 1644/229/1048 1643/399/1047
f 1645/231/1049 1647/228/1046 1646/397/1040
f 1648/397/1040 1650/396/1051 1649/231/1050
f 1651/233/1052 1653/231/621 1652/396/1036
f 1654/396/1036 1656/395/1053 1655/233/1052
f 1657/235/628 1659/233/427 1658/395/1054
f 1660/395/370 1662/394/1031 1661/235/1055
f 1663/237/1056 1665/235/1058 1664/394/1057
f 1666/394/1059 1668/242/1061 1667/237/1060
f 1669/242/1062 1671/394/1063 1670/350/947
f 1672/350/947 1674/244/949 1673/242/1062
f 1675/357/1064 1677/392/1021 1676/398/1041
f 1678/398/1065 1680/362/1066 1679/357/1064
f 1681/357/1064 1683/362/1068 1682/358/1067
f 1684/363/367 1686/362/1070 1685/398/1069
f 1687/398/1065 1689/400/367 1688/363/364
f 1690/363/367 1692/400/364 1691/401/1071
f 1693/401/1072 1695/364/994 1694/363/367
f 1696/402/1073 1698/364/1075 1697/401/1074
f 1699/401/1074 1701/403/1077 1700/402/1076
f 1702/402/1078 1704/403/1080 1703/404/1079
f 1705/404/1081 1707/405/1082 1706/402/1078
f 1708/402/1078 1710/405/1083 1709/406/957
f 1711/406/957 1713/365/995 1712/402/1084
f 1714/402/1078 1716/365/1085 1715/364/994
f 1717/366/998 1719/365/1086 1718/406/957
f 1720/366/998 1722/406/989 1721/407/1087
f 1723/407/1088 1725/368/1004 1724/366/1089
f 1726/408/1090 1728/368/1092 1727/407/1091
f 1729/407/1091 1731/409/966 1730/408/1093
f 1732/410/1094 1734/408/1095 1733/409/975
f 1735/411/1096 1737/410/1097 1736/409/969
f 1738/409/969 1740/412/1099 1739/411/1098
f 1741/413/1100 1743/411/1101 1742/412/1099
f 1744/412/1099 1746/414/1103 1745/413/1102
f 1747/415/1104 1749/413/1102 1748/414/1103
f 1750/414/1103 1752/416/1106 1751/415/1105
f 1753/417/1107 1755/415/1105 1754/416/1108
f 1756/416/1106 1758/418/1109 1757/417/1107
f 1759/417/1107 1761/418/1111 1760/419/1110
f 1762/419/1112 1764/420/1113 1763/417/1107
f 1765/421/1114 1767/417/1116 1766/420/1115
f 1768/420/1115 1770/422/1117 1769/421/1114
f 1771/421/1114 1773/422/1119 1772/423/1118
f 1774/415/1105 1776/417/1107 1775/421/1120
f 1777/421/1121 1779/424/1122 1778/415/1105
f 1780/413/1100 1782/415/1124 1781/424/1123
f 1783/424/1123 1785/425/1125 1784/413/1100
f 1786/411/1126 1788/413/1128 1787/425/1127
f 1789/425/1129 1791/426/1130 1790/411/1126
f 1792/426/1131 1794/410/1132 1793/411/1126
f 1795/427/1133 1797/410/1097 1796/426/1134
f 1798/427/1133 1800/426/1135 1799/425/1125
f 1801/425/1136 1803/428/1138 1802/427/1137
f 1804/427/1133 1806/428/1140 1805/429/1139
f 1807/429/1139 1809/430/1142 1808/427/1141
f 1810/370/1005 1812/427/1133 1811/430/1143
f 1813/430/1144 1815/431/1145 1814/370/1003
f 1816/430/1146 1818/432/1148 1817/431/1147
f 1819/432/1148 1821/433/1150 1820/431/1149
f 1822/433/1148 1824/432/1148 1823/434/1151
f 1825/434/1152 1827/432/1150 1826/435/1153
f 1828/435/1153 1830/436/1155 1829/434/1154
f 1831/436/1155 1833/435/1153 1832/437/1156
f 1834/437/1156 1836/438/1158 1835/436/1157
f 1837/439/1159 1839/438/1161 1838/437/1160
f 1840/437/1162 1842/440/1163 1841/439/1159
f 1843/441/1164 1845/439/1159 1844/440/1165
f 1846/440/1166 1848/442/1168 1847/441/1167
f 1849/443/1169 1851/441/1164 1850/442/1168
f 1852/442/1168 1854/444/1170 1853/443/1169
f 1855/445/1171 1857/443/1172 1856/444/1170
f 1858/444/1173 1860/446/1175 1859/445/1174
f 1861/447/1176 1863/445/1178 1862/446/1177
f 1864/446/1177 1866/448/1180 1865/447/1179
f 1867/447/1181 1869/448/1180 1868/449/1182
f 1870/449/1182 1872/450/1183 1871/447/1176
f 1873/451/1184 1875/450/1186 1874/449/1185
f 1876/449/1187 1878/452/1189 1877/451/1188
f 1879/451/1184 1881/452/1191 1880/453/1190
f 1882/453/1192 1884/452/1194 1883/454/1193
f 1885/454/1193 1887/455/1195 1886/453/1192
f 1888/452/1192 1890/456/1197 1889/454/1196
f 1891/457/1198 1893/456/1199 1892/452/1194
f 1894/452/1194 1896/449/1200 1895/457/1198
f 1897/458/1180 1899/457/1201 1898/449/1182
f 1900/449/1201 1902/448/1180 1901/458/1180
f 1903/459/1202 1905/458/1203 1904/448/1180
f 1906/448/1180 1908/446/1205 1907/459/1204
f 1909/460/1206 1911/459/1208 1910/446/1207
f 1912/446/1209 1914/444/1210 1913/460/1210
f 1915/461/1211 1917/460/1206 1916/444/1170
f 1918/444/1170 1920/442/1213 1919/461/1212
f 1921/461/1211 1923/442/1168 1922/440/1166
f 1924/440/1166 1926/462/1214 1925/461/1211
f 1927/463/1215 1929/461/1211 1928/462/1216
f 1930/462/1216 1932/464/1217 1931/463/1215
f 1933/465/1218 1935/463/1220 1934/464/1219
f 1936/464/1219 1938/466/1222 1937/465/1221
f 1939/467/1223 1941/465/1225 1940/466/1224
f 1942/466/1222 1944/468/1226 1943/467/1223
f 1945/467/1227 1947/468/1229 1946/469/1228
f 1948/469/1230 1950/469/1232 1949/467/1231
f 1951/470/1233 1953/469/1235 1952/469/1234
f 1954/470/1236 1956/469/1238 1955/471/1237
f 1957/470/1236 1959/471/1240 1958/472/1239
f 1960/472/1241 1962/473/1242 1961/470/1236
f 1963/473/1243 1965/472/1241 1964/474/1244
f 1966/474/1245 1968/475/1246 1967/473/1242
f 1969/472/1241 1971/476/1247 1970/474/1244
f 1972/477/1248 1974/474/1244 1973/476/1247
f 1975/476/1247 1977/478/1250 1976/477/1249
f 1978/478/1251 1980/479/1252 1979/477/1248
f 1981/477/1253 1983/479/1255 1982/435/1254
f 1984/435/1153 1986/432/1148 1985/477/1253
f 1987/474/1244 1989/477/1249 1988/432/1148
f 1990/432/1148 1992/430/1143 1991/474/1244
f 1993/430/1142 1995/429/1256 1994/474/1244
f 1996/437/1156 1998/435/1153 1997/479/1252
f 1999/479/1255 2001/480/1156 2000/437/1156
f 2002/440/1257 2004/437/1162 2003/480/1162
f 2005/480/1258 2007/462/1260 2006/440/1259
f 2008/464/1261 2010/462/1262 2009/480/1258
f 2011/480/1160 2013/481/1264 2012/464/1263
f 2014/466/1265 2016/464/1217 2015/481/1264
f 2017/481/1264 2019/482/1266 2018/466/1222
f 2020/468/1267 2022/466/1269 2021/482/1268
f 2023/482/1268 2025/483/1271 2024/468/1270
f 2026/468/1267 2028/483/1272 2027/471/1237
f 2029/471/1237 2031/469/1238 2030/468/1267
f 2032/472/1241 2034/471/1240 2033/483/1273
f 2035/483/1273 2037/476/1247 2036/472/1274
f 2038/482/1268 2040/476/1276 2039/483/1275
f 2041/482/1268 2043/478/1278 2042/476/1277
f 2044/482/1268 2046/481/1280 2045/478/1279
f 2047/479/1252 2049/478/1278 2048/481/1264
f 2050/481/1264 2052/480/1156 2051/479/1252
f 2053/227/427 2055/485/426 2054/484/334
f 2056/484/338 2058/229/1281 2057/227/427
f 2059/229/338 2061/484/1282 2060/486/364
f 2062/486/364 2064/399/1008 2063/229/332
f 2065/399/364 2067/486/367 2066/400/1283
f 2068/400/367 2070/398/1284 2069/399/367
f 2071/400/367 2073/486/364 2072/487/367
f 2074/487/367 2076/401/1071 2075/400/367
f 2077/488/332 2079/487/364 2078/486/1008
f 2080/486/1008 2082/484/332 2081/488/1282
f 2083/489/426 2085/488/334 2084/484/1281
f 2086/484/1281 2088/485/427 2087/489/427
f 2089/490/1285 2091/491/1287 2090/146/1286
f 2092/146/1288 2094/492/1290 2093/490/1289
f 2095/492/1291 2097/146/1293 2096/146/1292
f 2098/146/1294 2100/148/1292 2099/492/1291
f 2101/493/1295 2103/492/1291 2102/148/1292
f 2104/148/1294 2106/345/1292 2105/493/1296
f 2107/493/1296 2109/345/1292 2108/343/1297
f 2110/343/1298 2112/494/1299 2111/493/1296
f 2113/495/1300 2115/494/1301 2114/343/1298
f 2116/496/1302 2118/495/1303 2117/343/1298
f 2119/146/1293 2121/144/1304 2120/146/1294
f 2122/144/1305 2124/146/1286 2123/491/1306
f 2125/491/1307 2127/497/1308 2126/144/1305
f 2128/144/1305 2130/497/1310 2129/498/1309
f 2131/498/1311 2133/142/1313 2132/144/1312
f 2134/142/1314 2136/498/1311 2135/499/1315
f 2137/499/1316 2139/140/1317 2138/142/1314
f 2140/140/1317 2142/499/1316 2141/500/1318
f 2143/500/1319 2145/138/1321 2144/140/1320
f 2146/138/1321 2148/500/1319 2147/501/1322
f 2149/501/1322 2151/136/1323 2150/138/1321
f 2152/501/1322 2154/132/1325 2153/136/1324
f 2155/123/1326 2157/132/1328 2156/501/1327
f 2158/123/1329 2160/501/1327 2159/500/1330
f 2161/500/1331 2163/122/1332 2162/123/1326
f 2164/122/1333 2166/500/1331 2165/499/1334
f 2167/499/1335 2169/120/1336 2168/122/1332
f 2170/120/1337 2172/499/1335 2171/498/1338
f 2173/498/1311 2175/502/1339 2174/120/1336
f 2176/118/1340 2178/120/1342 2177/502/1341
f 2179/118/1343 2181/502/1341 2180/503/1344
f 2182/503/1344 2184/117/1345 2183/118/1340
f 2185/504/1346 2187/117/1347 2186/503/1344
f 2188/503/1348 2190/505/1349 2189/504/1346
f 2191/504/1350 2193/505/1352 2192/506/1351
f 2194/506/1353 2196/507/1354 2195/504/1346
f 2197/506/1353 2199/505/1356 2198/491/1355
f 2200/491/1306 2202/490/1358 2201/506/1357
f 2203/497/1310 2205/491/1355 2204/505/1352
f 2206/505/1356 2208/503/1360 2207/497/1359
f 2209/497/1361 2211/503/1344 2210/502/1362
f 2212/502/1363 2214/498/1311 2213/497/1359
f 2215/508/1364 2217/510/1346 2216/509/1365
f 2218/509/1366 2220/511/1368 2219/508/1367
f 2221/512/1369 2223/508/1371 2222/511/1370
f 2224/511/1368 2226/513/1373 2225/512/1372
f 2227/512/1374 2229/513/1376 2228/514/1375
f 2230/512/1372 2232/514/1378 2231/515/1377
f 2233/515/1379 2235/516/1380 2234/512/1372
f 2236/508/1381 2238/512/1383 2237/516/1382
f 2239/516/1384 2241/517/1385 2240/508/1371
f 2242/518/1386 2244/508/1387 2243/517/1385
f 2245/518/1388 2247/519/1389 2246/508/1367
f 2248/519/1390 2250/510/1391 2249/508/1371
f 2251/520/1392 2253/510/1394 2252/519/1393
f 2254/520/1392 2256/521/1345 2255/510/1391
f 2257/517/1395 2259/516/1397 2258/522/1396
f 2260/522/1398 2262/523/1399 2261/517/1385
f 2263/523/1400 2265/522/1402 2264/524/1401
f 2266/524/1401 2268/525/1404 2267/523/1403
f 2269/526/1405 2271/525/1386 2270/524/1406
f 2272/524/1407 2274/527/1409 2273/526/1408
f 2275/528/1410 2277/526/1412 2276/527/1411
f 2278/527/1411 2280/529/1414 2279/528/1413
f 2281/530/1415 2283/528/1417 2282/529/1416
f 2284/529/1414 2286/531/1418 2285/530/1415
f 2287/530/1419 2289/531/1421 2288/532/1420
f 2290/532/1422 2292/533/1424 2291/530/1423
f 2293/533/1424 2295/534/1294 2294/530/1425
f 2296/533/1424 2298/532/1427 2297/535/1426
f 2299/535/1428 2301/536/1430 2300/533/1429
f 2302/536/1431 2304/535/1433 2303/537/1432
f 2305/537/1434 2307/538/1435 2306/536/1430
f 2308/539/1436 2310/538/1438 2309/537/1437
f 2311/537/1437 2313/540/1440 2312/539/1439
f 2314/541/1441 2316/539/1436 2315/540/1442
f 2317/540/1443 2319/542/1445 2318/541/1444
f 2320/543/1446 2322/541/1444 2321/542/1447
f 2323/542/1448 2325/544/1449 2324/543/1446
f 2326/544/1450 2328/542/1452 2327/545/1451
f 2329/545/1451 2331/546/1454 2330/544/1453
f 2332/546/1455 2334/545/1457 2333/547/1456
f 2335/547/1456 2337/548/1459 2336/546/1458
f 2338/548/1460 2340/547/1462 2339/549/1461
f 2341/549/1461 2343/550/1464 2342/548/1463
f 2344/551/1465 2346/545/1451 2345/542/1466
f 2347/542/1452 2349/540/1467 2348/551/1465
f 2350/552/1468 2352/551/1470 2351/540/1469
f 2353/540/1469 2355/537/1434 2354/552/1471
f 2356/553/1472 2358/552/1473 2357/537/1434
f 2359/537/1434 2361/535/1428 2360/553/1474
f 2362/553/1475 2364/535/1476 2363/532/1420
f 2365/532/1427 2367/554/1477 2366/553/1474
f 2368/554/1478 2370/532/1480 2369/531/1479
f 2371/531/1479 2373/555/1481 2372/554/1478
f 2374/555/1482 2376/531/1483 2375/529/1416
f 2377/529/1414 2379/556/1484 2378/555/1482
f 2380/556/1484 2382/529/1486 2381/527/1485
f 2383/527/1487 2385/557/1488 2384/556/1484
f 2386/557/1489 2388/527/1491 2387/524/1490
f 2389/524/1490 2391/558/1492 2390/557/1488
f 2392/558/1492 2394/524/1490 2393/522/1402
f 2395/522/1402 2397/559/1494 2396/558/1493
f 2398/515/1495 2400/559/1497 2399/522/1496
f 2401/522/1498 2403/516/1384 2402/515/1499
f 2404/560/423 2406/560/251 2405/561/1500
f 2407/561/1500 2409/561/1502 2408/560/1501
f 2410/561/1503 2412/561/1505 2411/562/1504
f 2413/562/1506 2415/562/1507 2414/561/1503
f 2416/141/1508 2418/563/1508 2417/149/1509
f 2419/563/1508 2421/141/1510 2420/139/1292
f 2422/139/1294 2424/564/1292 2423/563/1511
f 2425/565/1512 2427/564/1292 2426/139/1292
f 2428/139/1294 2430/137/1514 2429/565/1513
f 2431/565/1515 2433/137/1517 2432/135/1516
f 2434/135/1516 2436/566/1519 2435/565/1518
f 2437/567/1520 2439/566/1522 2438/135/1521
f 2440/135/1523 2442/361/1525 2441/567/1524
f 2443/567/1526 2445/361/1528 2444/360/1527
f 2446/360/1529 2448/568/1531 2447/567/1530
f 2449/569/1532 2451/568/1529 2450/360/1533
f 2452/360/1529 2454/367/1534 2453/569/1532
f 2455/569/1535 2457/367/1534 2456/369/1536
f 2458/369/1537 2460/570/1537 2459/569/1535
f 2461/571/1538 2463/570/1536 2462/369/1537
f 2464/369/1537 2466/372/1540 2465/571/1539
f 2467/571/1538 2469/372/1542 2468/374/1541
f 2470/374/1543 2472/572/1543 2471/571/1544
f 2473/573/1545 2475/572/1541 2474/374/1543
f 2476/374/1541 2478/376/1547 2477/573/1546
f 2479/376/1547 2481/384/1548 2480/573/1547
f 2482/574/1549 2484/149/373 2483/563/1550
f 2485/574/1549 2487/563/1551 2486/564/364
f 2488/564/367 2490/575/1552 2489/574/1549
f 2491/576/1553 2493/575/1552 2492/564/367
f 2494/564/367 2496/565/365 2495/576/1554
f 2497/576/1554 2499/565/365 2498/566/1555
f 2500/566/1555 2502/577/1557 2501/576/1556
f 2503/568/367 2505/577/1559 2504/566/1558
f 2506/566/1558 2508/567/364 2507/568/367
f 2509/570/1555 2511/577/1557 2510/568/364
f 2512/568/367 2514/569/367 2513/570/1555
f 2515/578/1560 2517/577/1557 2516/570/1555
f 2518/570/1555 2520/571/362 2519/578/1561
f 2521/578/1562 2523/571/363 2522/572/364
f 2524/572/367 2526/579/1564 2525/578/1563
f 2527/580/1565 2529/579/1566 2528/572/1008
f 2530/572/367 2532/573/1551 2531/580/1567
f 2533/580/1567 2535/573/1568 2534/384/1011
f 2536/104/288 2538/581/1189 2537/102/1569
f 2539/582/1570 2541/102/1569 2540/581/1190
f 2542/581/1189 2544/583/1572 2543/582/1571
f 2545/102/286 2547/582/1570 2546/99/265
f 2548/584/1573 2550/586/1575 2549/585/1574
f 2551/585/1574 2553/587/383 2552/584/1573
f 2554/588/1576 2556/585/1578 2555/586/1577
f 2557/586/1579 2559/589/1580 2558/588/1576
f 2560/588/1576 2562/589/1582 2561/590/1581
f 2563/590/1583 2565/290/1585 2564/588/1584
f 2566/288/1586 2568/290/1587 2567/590/1581
f 2569/590/1581 2571/591/1588 2570/288/1456
f 2572/591/1589 2574/287/1590 2573/288/1456
f 2575/320/1591 2577/556/1593 2576/557/1592
f 2578/557/1594 2580/319/1594 2579/320/226
f 2581/319/1595 2583/557/1597 2582/558/1596
f 2584/558/1596 2586/317/1599 2585/319/1598
f 2587/316/1600 2589/317/1601 2588/558/1599
f 2590/558/1602 2592/559/1603 2591/316/1600
f 2593/316/1600 2595/559/1605 2594/515/1604
f 2596/515/1606 2598/315/1608 2597/316/1607
f 2599/315/1609 2601/515/1611 2600/514/1610
f 2602/514/1612 2604/313/1612 2603/315/1613
f 2605/313/1610 2607/514/1610 2606/513/1614
f 2608/513/1615 2610/312/1614 2609/313/1616
f 2611/555/1456 2613/556/405 2612/320/226
f 2614/320/1591 2616/322/1586 2615/555/1456
f 2617/554/1617 2619/555/1586 2618/322/1456
f 2620/322/1456 2622/323/1618 2621/554/1617
f 2623/553/1619 2625/554/1620 2624/323/1618
f 2626/323/1621 2628/270/1623 2627/553/1622
f 2629/552/1624 2631/553/1626 2630/270/1625
f 2632/270/1627 2634/592/1628 2633/552/1624
f 2635/551/1629 2637/552/261 2636/592/1630
f 2638/592/704 2640/593/1632 2639/551/1631
f 2641/547/1633 2643/551/1635 2642/593/1634
f 2644/547/1636 2646/593/1634 2645/549/1637
f 2647/547/1638 2649/545/1640 2648/551/1639
f 2650/270/1641 2652/594/703 2651/592/1642
f 2653/595/1643 2655/597/1645 2654/596/1644
f 2656/596/1644 2658/598/1646 2657/595/1643
f 2659/599/1647 2661/595/1643 2660/598/1646
f 2662/599/1648 2664/598/1650 2663/600/1649
f 2665/599/1651 2667/600/1653 2666/601/1652
f 2668/602/1654 2670/599/1529 2669/601/1655
f 2671/603/1656 2673/602/1654 2672/601/1657
f 2674/601/1658 2676/604/1446 2675/603/1659
f 2677/605/608 2679/604/1446 2678/601/1660
f 2680/601/1660 2682/600/1661 2681/605/608
f 2683/605/603 2685/600/1649 2684/598/1662
f 2686/598/1663 2688/596/1665 2687/605/1664
f 2689/602/1666 2691/603/1450 2690/606/1458
f 2692/606/1667 2694/607/1668 2693/602/1666
f 2695/607/1669 2697/599/1671 2696/602/1670
f 2698/608/1672 2700/599/1529 2699/607/1669
f 2701/609/1463 2703/608/1674 2702/607/1673
f 2704/607/1669 2706/606/1676 2705/609/1675
f 2707/610/1677 2709/608/1679 2708/609/1678
f 2710/609/1680 2712/611/1682 2711/610/1681
f 2713/595/1683 2715/610/1677 2714/611/1682
f 2716/611/1682 2718/597/1685 2717/595/1684
f 2719/610/1686 2721/595/1687 2720/599/1527
f 2722/608/1674 2724/610/1688 2723/599/1529
f 2725/612/1689 2727/614/1691 2726/613/1690
f 2728/613/1690 2730/615/1692 2729/612/1685
f 2731/615/1692 2733/613/1694 2732/616/1693
f 2734/616/1695 2736/617/608 2735/615/1696
f 2737/616/1697 2739/616/1698 2738/617/608
f 2740/617/1664 2742/616/1700 2741/541/1699
f 2743/541/1699 2745/543/1701 2744/617/606
f 2746/614/1541 2748/612/1702 2747/618/1464
f 2749/618/1464 2751/619/1704 2750/614/1703
f 2752/241/1529 2754/264/1706 2753/620/1705
f 2755/594/1707 2757/270/1709 2756/268/1708
f 2758/621/742 2760/623/1529 2759/622/1529
f 2761/622/1529 2763/623/1529 2762/485/1533
f 2764/485/1529 2766/227/1710 2765/622/1533
f 2767/624/1529 2769/485/1529 2768/623/1531
f 2770/625/1711 2772/624/1712 2771/623/1712
f 2773/485/1529 2775/624/1529 2774/489/1713
f 2776/534/1529 2778/627/1529 2777/626/1533
f 2779/626/1529 2781/530/1529 2780/534/1529
f 2782/627/1714 2784/629/1715 2783/628/1715
f 2785/628/1715 2787/626/1714 2786/627/1715
f 2788/629/1541 2790/562/1716 2789/562/1543
f 2791/562/1541 2793/628/1541 2792/629/1543
f 2794/280/741 2796/282/1717 2795/286/756
f 2797/630/1718 2799/538/1719 2798/539/1719
f 2800/539/1720 2802/631/1722 2801/630/1721
f 2803/541/1723 2805/631/1722 2804/539/1719
f 2806/616/1724 2808/631/1722 2807/541/1725
f 2809/536/1726 2811/538/1720 2810/630/1718
f 2812/630/1718 2814/632/662 2813/536/1726
f 2815/633/1727 2817/460/1170 2816/461/1728
f 2818/461/1729 2820/463/1215 2819/633/1730
f 2821/634/1731 2823/633/1733 2822/463/1732
f 2824/463/1734 2826/635/1736 2825/634/1735
f 2827/636/1737 2829/634/1738 2828/635/1736
f 2830/635/1739 2832/637/1741 2831/636/1740
f 2833/638/1742 2835/636/1744 2834/637/1743
f 2836/637/1743 2838/638/1746 2837/638/1745
f 2839/639/1747 2841/638/1748 2840/638/1746
f 2842/639/1749 2844/640/1751 2843/638/1750
f 2845/636/1740 2847/638/1750 2846/640/1752
f 2848/640/1753 2850/641/1754 2849/636/1737
f 2851/634/1738 2853/636/1755 2852/641/1754
f 2854/641/1754 2856/642/1756 2855/634/1738
f 2857/633/1757 2859/634/1735 2858/642/1758
f 2860/642/1756 2862/643/1760 2861/633/1759
f 2863/460/1210 2865/633/1730 2864/643/1761
f 2866/643/1762 2868/459/1208 2867/460/1170
f 2869/459/1202 2871/643/1763 2870/644/1180
f 2872/644/1180 2874/458/1180 2873/459/1764
f 2875/644/1765 2877/457/1187 2876/458/1766
f 2878/457/1198 2880/644/1766 2879/645/1767
f 2881/645/1768 2883/456/1770 2882/457/1769
f 2884/645/1771 2886/646/1772 2885/456/1199
f 2887/456/1197 2889/646/1774 2888/647/1773
f 2890/647/1199 2892/648/1775 2891/456/1199
f 2893/639/1749 2895/647/1773 2894/646/1772
f 2896/646/1776 2898/640/1777 2897/639/1747
f 2899/641/1778 2901/640/1753 2900/646/1779
f 2902/646/1780 2904/645/1767 2903/641/1781
f 2905/645/1782 2907/642/1783 2906/641/1754
f 2908/645/1782 2910/644/1203 2909/642/1783
f 2911/644/1180 2913/643/1784 2912/642/1756
f 2914/649/1785 2916/651/1787 2915/650/1786
f 2917/650/1786 2919/652/1788 2918/649/1785
f 2920/653/1789 2922/652/1791 2921/650/1790
f 2923/650/1786 2925/654/1793 2924/653/1792
f 2926/654/1794 2928/650/1796 2927/655/1795
f 2929/655/1797 2931/656/1798 2930/654/1794
f 2932/656/1799 2934/655/1801 2933/657/1800
f 2935/657/1800 2937/658/1802 2936/656/1799
f 2938/658/1802 2940/657/1804 2939/659/1803
f 2941/659/1805 2943/660/1806 2942/658/1802
f 2944/660/1806 2946/659/1808 2945/661/1807
f 2947/661/1809 2949/662/1811 2948/660/1810
f 2950/662/1812 2952/661/1814 2951/663/1813
f 2953/663/1813 2955/664/1815 2954/662/1812
f 2956/664/1815 2958/663/1813 2957/665/1816
f 2959/665/1817 2961/666/1818 2960/664/1815
f 2962/667/1819 2964/666/1821 2963/665/1820
f 2965/665/1817 2967/668/1822 2966/667/1819
f 2968/667/1823 2970/668/1825 2969/669/1824
f 2971/669/1824 2973/670/1827 2972/667/1826
f 2974/670/1828 2976/669/1830 2975/671/1829
f 2977/671/1829 2979/672/1832 2978/670/1831
f 2980/672/1832 2982/671/1829 2981/673/1833
f 2983/673/1834 2985/674/1836 2984/672/1835
f 2986/674/1837 2988/673/1839 2987/675/1838
f 2989/675/1840 2991/676/1842 2990/674/1841
f 2992/676/1843 2994/675/1845 2993/677/1844
f 2995/677/1846 2997/678/1848 2996/676/1847
f 2998/678/1849 3000/677/1851 2999/679/1850
f 3001/679/1852 3003/680/1853 3002/678/1849
f 3004/680/1854 3006/679/1856 3005/681/1855
f 3007/681/1857 3009/682/1859 3008/680/1858
f 3010/682/1859 3012/681/1861 3011/683/1860
f 3013/683/1860 3015/684/1863 3014/682/1862
f 3016/683/1864 3018/681/1855 3017/685/1865
f 3019/685/1866 3021/686/1868 3020/683/1867
f 3022/687/1869 3024/685/1866 3023/681/1861
f 3025/681/1855 3027/679/1852 3026/687/1870
f 3028/688/1871 3030/687/1873 3029/679/1872
f 3031/679/1850 3033/677/1851 3032/688/1874
f 3034/689/1875 3036/688/1877 3035/677/1876
f 3037/677/1878 3039/675/1879 3038/689/226
f 3040/689/1880 3042/675/1881 3041/673/1839
f 3043/673/1839 3045/690/1883 3044/689/1882
f 3046/690/1884 3048/673/1834 3047/671/1829
f 3049/671/1885 3051/691/1886 3050/690/1884
f 3052/691/1887 3054/671/1829 3053/669/1888
f 3055/669/1889 3057/692/1891 3056/691/1890
f 3058/692/1892 3060/669/1894 3059/668/1893
f 3061/668/1895 3063/693/1896 3062/692/1892
f 3064/693/1897 3066/668/1822 3065/665/1816
f 3067/665/1817 3069/694/1899 3068/693/1898
f 3070/694/1900 3072/665/1901 3071/663/1813
f 3073/663/1813 3075/695/1902 3074/694/1900
f 3076/695/1903 3078/663/1905 3077/661/1904
f 3079/661/1906 3081/696/1907 3080/695/1903
f 3082/696/1908 3084/661/1904 3083/659/1909
f 3085/659/1909 3087/697/1911 3086/696/1910
f 3088/698/1912 3090/697/1913 3089/659/1803
f 3091/659/1805 3093/657/1914 3092/698/1912
f 3094/699/1915 3096/698/1916 3095/657/1800
f 3097/657/1917 3099/655/1919 3098/699/1918
f 3100/651/1920 3102/699/1921 3101/655/1795
f 3103/655/1797 3105/650/1922 3104/651/1920
f 3106/489/1923 3108/701/1925 3107/700/1924
f 3109/700/1926 3111/488/1927 3110/489/1923
f 3112/487/1928 3114/488/1929 3113/700/1924
f 3115/700/1926 3117/702/1931 3116/487/1930
f 3118/401/1932 3120/487/1933 3119/702/1931
f 3121/702/1934 3123/403/1935 3122/401/1074
f 3124/403/1936 3126/702/1938 3125/703/1937
f 3127/703/1937 3129/404/1079 3128/403/1935
f 3130/404/1939 3132/703/1941 3131/704/1940
f 3133/704/1940 3135/705/1942 3134/404/1081
f 3136/405/1943 3138/404/1081 3137/705/1944
f 3139/705/1944 3141/706/1945 3140/405/1943
f 3142/406/963 3144/405/1947 3143/706/1946
f 3145/706/1946 3147/407/1948 3146/406/963
f 3148/407/1091 3150/706/1950 3149/412/1949
f 3151/412/1949 3153/409/966 3152/407/1091
f 3154/414/1951 3156/412/1099 3155/706/1950
f 3157/706/1950 3159/705/1952 3158/414/1951
f 3160/416/1108 3162/414/1951 3161/705/1952
f 3163/705/1944 3165/704/1953 3164/416/1108
f 3166/418/1954 3168/416/1956 3167/704/1955
f 3169/704/1953 3171/707/1957 3170/418/1111
f 3172/418/1954 3174/707/1242 3173/708/1958
f 3175/708/1958 3177/419/1959 3176/418/1954
f 3178/709/1960 3180/708/1961 3179/707/1243
f 3181/707/1242 3183/710/1962 3182/709/1960
f 3184/701/1963 3186/709/1965 3185/710/1964
f 3187/710/1964 3189/700/1967 3188/701/1966
f 3190/702/1968 3192/700/1969 3191/710/1964
f 3193/710/1964 3195/703/1971 3194/702/1970
f 3196/703/1937 3198/710/1962 3197/707/1242
f 3199/707/1243 3201/704/1940 3200/703/1941
f 3202/711/1972 3204/713/1974 3203/712/1973
f 3205/712/1975 3207/714/1977 3206/711/1976
f 3208/714/1977 3210/712/1979 3209/715/1978
f 3211/715/1980 3213/716/1982 3212/714/1981
f 3214/716/1983 3216/717/1985 3215/714/1984
f 3217/717/1986 3219/716/1982 3218/718/1987
f 3220/719/1988 3222/718/1987 3221/716/1989
f 3223/719/1988 3225/716/1982 3224/720/1990
f 3226/719/1988 3228/720/1990 3227/721/1991
f 3229/720/1992 3231/722/1993 3230/721/1991
f 3232/723/1994 3234/722/1993 3233/720/1995
f 3235/723/1994 3237/720/1995 3236/724/1996
f 3238/724/1996 3240/725/1997 3239/723/1994
f 3241/723/1998 3243/725/2000 3242/726/1999
f 3244/726/1997 3246/727/2002 3245/723/2001
f 3247/727/2002 3249/728/2003 3248/723/1994
f 3250/729/2004 3252/723/1994 3251/728/2005
f 3253/728/2005 3255/730/2006 3254/729/2004
f 3256/728/2003 3258/731/2006 3257/730/2006
f 3259/732/2007 3261/731/2006 3260/728/2008
f 3262/732/2009 3264/728/2008 3263/727/2010
f 3265/727/2002 3267/733/2011 3266/732/2007
f 3268/734/2012 3270/733/2013 3269/727/2002
f 3271/727/2002 3273/726/2000 3272/734/2012
f 3274/735/2014 3276/734/2016 3275/726/2015
f 3277/726/1997 3279/736/2017 3278/735/781
f 3280/735/784 3282/736/2019 3281/737/2018
f 3283/737/2020 3285/738/782 3284/735/784
f 3286/739/2021 3288/738/787 3287/737/2022
f 3289/737/2022 3291/740/2024 3290/739/2023
f 3292/741/2025 3294/739/2021 3293/740/2026
f 3295/740/2024 3297/742/2027 3296/741/2025
f 3298/743/2028 3300/741/2025 3299/742/2029
f 3301/742/2027 3303/744/2030 3302/743/2028
f 3304/744/2030 3306/742/2032 3305/745/2031
f 3307/745/2033 3309/746/2035 3308/744/2034
f 3310/746/2036 3312/745/2033 3311/747/2037
f 3313/747/2038 3315/748/2039 3314/746/2036
f 3316/749/2040 3318/748/2041 3317/747/2038
f 3319/747/2042 3321/750/2044 3320/749/2043
f 3322/751/2045 3324/749/2043 3323/750/2046
f 3325/752/2047 3327/751/2045 3326/750/2048
f 3328/750/2049 3330/753/2051 3329/752/2050
f 3331/754/2052 3333/752/2054 3332/753/2053
f 3334/753/2051 3336/755/2055 3335/754/2052
f 3337/755/2056 3339/756/2058 3338/754/2057
f 3340/754/2052 3342/756/2060 3341/757/2059
f 3343/757/2061 3345/758/2062 3344/754/2052
f 3346/752/2054 3348/754/2057 3347/758/2063
f 3349/758/2063 3351/759/2064 3350/752/2054
f 3352/751/2065 3354/752/2067 3353/759/2066
f 3355/759/2068 3357/760/1711 3356/751/2065
f 3358/761/2069 3360/757/2071 3359/756/2070
f 3361/756/2072 3363/762/2074 3362/761/2073
f 3364/713/2075 3366/761/2073 3365/762/2076
f 3367/762/2077 3369/712/2078 3368/713/2075
f 3370/712/2078 3372/762/2080 3371/763/2079
f 3373/763/2081 3375/715/1978 3374/712/1973
f 3376/724/2082 3378/715/2084 3377/763/2083
f 3379/763/2085 3381/764/2087 3380/724/2086
f 3382/725/2088 3384/724/2086 3383/764/2089
f 3385/764/2087 3387/765/2090 3386/725/2000
f 3388/725/2088 3390/765/2092 3389/736/2091
f 3391/736/2019 3393/726/2000 3392/725/2000
f 3394/737/2018 3396/736/2017 3395/765/2093
f 3397/765/2093 3399/766/2094 3398/737/2094
f 3400/740/2024 3402/737/2094 3401/766/2020
f 3403/766/2094 3405/767/2096 3404/740/2095
f 3406/742/2032 3408/740/2026 3407/767/2097
f 3409/767/2098 3411/745/2031 3410/742/2032
f 3412/745/2099 3414/767/2101 3413/768/2100
f 3415/768/2102 3417/747/2103 3416/745/2031
f 3418/750/2049 3420/747/2103 3419/768/2104
f 3421/768/2104 3423/753/2105 3422/750/2049
f 3424/753/2051 3426/768/2107 3425/769/2106
f 3427/769/2108 3429/755/2109 3428/753/2051
f 3430/755/2056 3432/769/2106 3431/764/2087
f 3433/764/2089 3435/763/2085 3434/755/2110
f 3436/763/2083 3438/756/2058 3437/755/2110
f 3439/762/2074 3441/756/2112 3440/763/2111
f 3442/764/2089 3444/769/2113 3443/766/2094
f 3445/766/2020 3447/765/2114 3446/764/2087
f 3448/767/2101 3450/766/2022 3449/769/2106
f 3451/769/2115 3453/768/2117 3452/767/2116
f 3454/732/909 3456/732/910 3455/770/911
f 3457/770/909 3459/771/909 3458/732/909
f 3460/335/909 3462/336/910 3461/336/911
f 3463/336/911 3465/337/911 3464/335/910
f 3466/772/911 3468/774/911 3467/773/909
f 3469/773/910 3471/775/909 3470/772/909
f 3472/741/913 3474/743/913 3473/743/913
f 3475/743/914 3477/776/913 3476/741/914
f 3478/739/913 3480/741/913 3479/776/913
f 3481/776/913 3483/739/913 3482/739/917
f 3484/738/913 3486/739/913 3485/739/913
f 3487/739/913 3489/777/915 3488/738/913
f 3490/735/913 3492/738/913 3491/777/913
f 3493/777/913 3495/735/913 3494/735/913
f 3496/734/913 3498/735/913 3497/735/913
f 3499/735/913 3501/734/913 3500/734/913
f 3502/733/913 3504/734/913 3503/734/913
f 3505/734/913 3507/733/913 3506/733/913
f 3508/733/913 3510/733/914 3509/732/913
f 3511/732/914 3513/732/915 3512/733/913
f 3514/778/924 3516/780/928 3515/779/926
f 3517/779/925 3519/781/926 3518/778/928
f 3520/773/928 3522/781/926 3521/779/927
f 3523/779/926 3525/775/928 3524/773/924
f 3526/383/928 3528/780/929 3527/778/924
f 3529/778/929 3531/382/929 3530/383/924
f 3532/732/2007 3534/771/2119 3533/782/2118
f 3535/732/2120 3537/782/2122 3536/783/2121
f 3538/732/2120 3540/783/2121 3539/784/2123
f 3541/732/2007 3543/784/2125 3542/785/2124
f 3544/732/2009 3546/785/2126 3545/731/2006
f 3547/335/2127 3549/346/1350 3548/344/2128
f 3550/344/2129 3552/336/2130 3551/335/2127
f 3553/346/1350 3555/348/2132 3554/344/2131
f 3556/335/2133 3558/347/2034 3557/346/2134
f 3559/786/2135 3561/787/2137 3560/381/2136
f 3562/381/2138 3564/788/2139 3563/786/2135
f 3565/789/2140 3567/786/2142 3566/788/2141
f 3568/788/2141 3570/790/2144 3569/789/2143
f 3571/789/2143 3573/790/2144 3572/791/2145
f 3574/791/2145 3576/792/2146 3575/789/2143
f 3577/791/2145 3579/790/2148 3578/793/2147
f 3580/793/2147 3582/438/2149 3581/791/2145
f 3583/436/2150 3585/438/2149 3584/793/2147
f 3586/793/2147 3588/794/2152 3587/436/2151
f 3589/436/2151 3591/794/2154 3590/434/2153
f 3592/434/2155 3594/794/2152 3593/795/2156
f 3595/795/2156 3597/796/2158 3596/434/2157
f 3598/433/2159 3600/434/2155 3599/796/2158
f 3601/796/2158 3603/797/2160 3602/433/2159
f 3604/431/2161 3606/433/2163 3605/797/2162
f 3607/797/2164 3609/798/2166 3608/431/2165
f 3610/431/2165 3612/798/2168 3611/370/2167
f 3613/798/2168 3615/371/2169 3614/370/2167
f 3616/373/2170 3618/371/2172 3617/798/2171
f 3619/798/2168 3621/797/2173 3620/373/2170
f 3622/375/2174 3624/373/2170 3623/797/2164
f 3625/797/2173 3627/796/2176 3626/375/2175
f 3628/377/2177 3630/375/2174 3629/796/2176
f 3631/796/2176 3633/795/2178 3632/377/2177
f 3634/379/2179 3636/377/2181 3635/795/2180
f 3637/795/2180 3639/799/2182 3638/379/2179
f 3640/379/2179 3642/799/2182 3641/788/2139
f 3643/788/2139 3645/381/2136 3644/379/2183
f 3646/381/2184 3648/381/1541 3647/379/2185
f 3649/381/1541 3651/381/2187 3650/787/2186
f 3652/787/2188 3654/383/1543 3653/381/1716
f 3655/383/1541 3657/787/2188 3656/800/2189
f 3658/800/2189 3660/780/1543 3659/383/1543
f 3661/779/2118 3663/780/1541 3662/800/2189
f 3664/800/2190 3666/801/2191 3665/779/2118
f 3667/802/2192 3669/779/2122 3668/801/2191
f 3670/803/2193 3672/779/2122 3671/802/2194
f 3673/790/2148 3675/788/2141 3674/799/2195
f 3676/799/2195 3678/793/2147 3677/790/2196
f 3679/794/2152 3681/793/2147 3680/799/2195
f 3682/799/2195 3684/795/2156 3683/794/2152
f 3685/804/2197 3687/806/2199 3686/805/2198
f 3688/805/2198 3690/807/2200 3689/804/2197
f 3691/808/2201 3693/804/2197 3692/807/2200
f 3694/809/2202 3696/808/2204 3695/807/2203
f 3697/809/2202 3699/807/2206 3698/810/2205
f 3700/811/2207 3702/804/2209 3701/808/2208
f 3703/811/2210 3705/812/2211 3704/804/2209
f 3706/813/2212 3708/804/2209 3707/812/2211
f 3709/814/2213 3711/813/2215 3710/812/2214
f 3712/812/2211 3714/815/2216 3713/814/2213
f 3715/816/2217 3717/814/2219 3716/815/2218
f 3718/815/2220 3720/817/2210 3719/816/2217
f 3721/816/2221 3723/817/2223 3722/818/2222
f 3724/818/2224 3726/819/2225 3725/816/2221
f 3727/816/2226 3729/819/2228 3728/820/2227
f 3730/820/2229 3732/821/2231 3731/816/2230
f 3733/814/2232 3735/816/2230 3734/821/2233
f 3736/821/2234 3738/822/2236 3737/814/2235
f 3739/814/2235 3741/822/2238 3740/823/2237
f 3742/823/2239 3744/813/2241 3743/814/2240
f 3745/824/2242 3747/813/2244 3746/823/2243
f 3748/823/2239 3750/825/2245 3749/824/2242
f 3751/824/2246 3753/825/2248 3752/826/2247
f 3754/806/2249 3756/824/2251 3755/826/2250
f 3757/824/2252 3759/806/2253 3758/804/2197
f 3760/804/2197 3762/813/2255 3761/824/2254
f 3763/826/2250 3765/825/2257 3764/729/2256
f 3766/729/2258 3768/730/2260 3767/826/2259
f 3769/827/2261 3771/729/2258 3770/825/2262
f 3772/825/2257 3774/823/2264 3773/827/2263
f 3775/828/2265 3777/827/2267 3776/823/2266
f 3778/823/2268 3780/822/2270 3779/828/2269
f 3781/828/2271 3783/822/2270 3782/821/2272
f 3784/821/2273 3786/722/1596 3785/828/2271
f 3787/721/2274 3789/722/1601 3788/821/2272
f 3790/821/2272 3792/820/2276 3791/721/2275
f 3793/719/1591 3795/721/2278 3794/820/2277
f 3796/820/2227 3798/829/2279 3797/719/1591
f 3799/719/226 3801/829/2281 3800/830/2280
f 3802/830/2280 3804/718/1456 3803/719/226
f 3805/718/1456 3807/830/2280 3806/831/2282
f 3808/831/2283 3810/717/2284 3809/718/1586
f 3811/717/2284 3813/831/2283 3812/832/2285
f 3814/832/2285 3816/714/288 3815/717/2286
f 3817/714/288 3819/832/2288 3818/833/2287
f 3820/833/2287 3822/834/2289 3821/714/2286
f 3823/714/2286 3825/834/2291 3824/835/2290
f 3826/834/2289 3828/833/2293 3827/836/2292
f 3829/836/2294 3831/837/2296 3830/834/2295
f 3832/838/2297 3834/837/2299 3833/836/2298
f 3835/838/2300 3837/836/2302 3836/839/2301
f 3838/840/2303 3840/839/2304 3839/836/2294
f 3841/836/2305 3843/841/2307 3842/840/2306
f 3844/842/2308 3846/840/2310 3845/841/2309
f 3847/841/2309 3849/843/1538 3848/842/2311
f 3850/843/2312 3852/841/2309 3851/844/2313
f 3853/844/2313 3855/845/2314 3854/843/1538
f 3856/846/2315 3858/845/2314 3857/844/2313
f 3859/844/2313 3861/847/2317 3860/846/2316
f 3862/848/2318 3864/846/2315 3863/847/2319
f 3865/847/2317 3867/849/2321 3866/848/2320
f 3868/850/2322 3870/848/2324 3869/849/2323
f 3871/849/2323 3873/851/2325 3872/850/2322
f 3874/850/2322 3876/851/2325 3875/852/2326
f 3877/852/2326 3879/853/2327 3878/850/2322
f 3880/853/2327 3882/852/2329 3881/819/2328
f 3883/819/2330 3885/818/2224 3884/853/2331
f 3886/819/2228 3888/852/2332 3887/829/2281
f 3889/829/2333 3891/820/2335 3890/819/2334
f 3892/830/2336 3894/829/2279 3893/852/2332
f 3895/852/2332 3897/851/2338 3896/830/2337
f 3898/831/2282 3900/830/2340 3899/851/2339
f 3901/851/2339 3903/849/2341 3902/831/2283
f 3904/832/2285 3906/831/2282 3905/849/2341
f 3907/849/2341 3909/847/2317 3908/832/2342
f 3910/832/2285 3912/847/2343 3911/844/2313
f 3913/844/2344 3915/833/2345 3914/832/2288
f 3916/833/2346 3918/844/2313 3917/841/2309
f 3919/841/2347 3921/836/2305 3920/833/2287
f 3922/854/2348 3924/856/2350 3923/855/2349
f 3925/855/2350 3927/857/1747 3926/854/2351
f 3928/858/2352 3930/855/2350 3929/856/2349
f 3931/856/2350 3933/859/2354 3932/858/2353
f 3934/470/2351 3936/860/2355 3935/469/1746
f 3937/427/1141 3939/370/1003 3938/410/2356
f 3940/370/1003 3942/408/2357 3941/410/2356
f 3943/370/2358 3945/368/1092 3944/408/2357
f 3946/723/1994 3948/729/2004 3947/827/2359
f 3949/723/1994 3951/827/2361 3950/828/2360
f 3952/723/1994 3954/828/2362 3953/722/1993
f 3955/715/1980 3957/724/2363 3956/720/1995
f 3958/720/1995 3960/716/1982 3959/715/2364
f 3961/861/1019 3963/863/2365 3962/862/1574
f 3964/862/1574 3966/864/1575 3965/861/2366
f 3967/864/1577 3969/862/2368 3968/865/2367
f 3970/865/2369 3972/866/1580 3971/864/1579
f 3973/867/2370 3975/866/2371 3974/865/2367
f 3976/865/2372 3978/744/2374 3977/867/2373
f 3979/867/2375 3981/744/2377 3980/746/2376
f 3982/746/226 3984/868/2378 3983/867/2370
f 3985/868/2378 3987/746/226 3986/748/2379
f 3988/869/1654 3990/871/1657 3989/870/2380
f 3991/870/2380 3993/872/2381 3992/869/1654
f 3994/869/1666 3996/872/2383 3995/873/2382
f 3997/873/2382 3999/874/1668 3998/869/1670
f 4000/874/1669 4002/875/2384 4001/869/1666
f 4003/875/1527 4005/871/2386 4004/869/2385
f 4006/875/1651 4008/876/1653 4007/871/1652
f 4009/871/1660 4011/876/1661 4010/877/2387
f 4012/877/2388 4014/870/2389 4013/871/1660
f 4015/877/1810 4017/876/1649 4016/878/1662
f 4018/878/1646 4020/879/2391 4019/877/2390
f 4021/880/2392 4023/879/2393 4022/878/1646
f 4024/878/1663 4026/881/1643 4025/880/1645
f 4027/882/1682 4029/880/1685 4028/881/1683
f 4030/881/2394 4032/883/1677 4031/882/1682
f 4033/884/1680 4035/882/1682 4034/883/1677
f 4036/883/1677 4038/885/1679 4037/884/1678
f 4039/884/1463 4041/885/1674 4040/874/1673
f 4042/874/1669 4044/873/2382 4043/884/2395
f 4045/885/1672 4047/875/1529 4046/874/1669
f 4048/885/1674 4050/883/1688 4049/875/1529
f 4051/883/1677 4053/881/1683 4052/875/1529
f 4054/881/1643 4056/878/1646 4055/875/2396
f 4057/875/1648 4059/878/1650 4058/876/1661
f 4060/886/2383 4062/888/2389 4061/887/2397
f 4063/887/2397 4065/889/2399 4064/886/2398
f 4066/890/1458 4068/886/1453 4067/889/1292
f 4069/889/1292 4071/891/890 4070/890/1454
f 4072/892/2400 4074/887/2401 4073/888/2380
f 4075/888/2380 4077/893/1806 4076/892/2402
f 4078/892/2402 4080/893/2404 4079/892/2403
f 4081/842/2308 4083/892/2405 4082/893/2387
f 4084/893/2404 4086/894/2406 4085/842/2308
f 4087/840/2303 4089/842/2308 4088/894/2407
f 4090/894/2407 4092/895/1685 4091/840/2303
f 4093/839/2304 4095/840/2303 4094/895/2408
f 4096/895/2409 4098/896/1464 4097/839/2301
f 4099/838/2410 4101/839/2411 4100/896/1464
f 4102/896/2412 4104/897/1463 4103/838/2410
f 4105/898/885 4107/838/2413 4106/897/1678
f 4108/897/2414 4110/899/1458 4109/898/788
f 4111/423/2415 4113/901/2290 4112/900/2416
f 4114/423/2417 4116/900/2416 4115/902/2418
f 4117/423/2415 4119/902/2420 4118/903/2419
f 4120/903/2421 4122/904/2422 4121/423/2415
f 4123/423/2415 4125/904/2422 4124/421/2423
f 4126/905/2424 4128/421/2426 4127/904/2425
f 4129/904/2425 4131/906/2428 4130/905/2427
f 4132/907/2429 4134/905/2427 4133/906/2430
f 4135/906/2431 4137/908/2433 4136/907/2432
f 4138/908/2434 4140/906/2430 4139/909/2435
f 4141/909/2436 4143/910/2437 4142/908/2434
f 4144/911/2438 4146/910/2439 4145/909/2435
f 4147/911/2440 4149/909/2435 4148/903/2441
f 4150/911/2438 4152/903/2441 4151/912/2442
f 4153/913/2443 4155/912/2444 4154/903/2441
f 4156/903/2419 4158/902/2446 4157/913/2445
f 4159/913/2447 4161/902/2448 4160/900/2416
f 4162/913/2449 4164/900/2416 4163/914/2296
f 4165/914/2450 4167/915/2451 4166/913/2447
f 4168/916/2452 4170/914/2454 4169/900/2453
f 4171/900/2453 4173/901/2455 4172/916/2291
f 4174/903/2441 4176/909/2435 4175/906/2428
f 4177/906/2428 4179/904/2456 4178/903/2441
f 4180/917/2457 4182/905/2427 4181/907/2458
f 4183/423/1533 4185/918/2460 4184/901/2459
f 4186/421/2423 4188/905/2427 4187/917/2457
f 4189/917/2461 4191/424/1123 4190/421/2423
f 4192/917/2461 4194/425/1125 4193/424/2462
f 4195/919/2463 4197/425/1125 4196/917/2461
f 4198/428/2464 4200/425/1125 4199/919/2465
f 4201/919/2466 4203/920/2467 4202/428/1140
f 4204/920/2468 4206/921/2469 4205/428/2464
f 4207/921/2470 4209/920/2468 4208/922/2471
f 4210/922/2472 4212/923/2474 4211/921/2473
f 4213/838/2300 4215/898/2476 4214/837/2475
f 4216/835/2477 4218/711/2479 4217/714/2478
f 4219/382/2480 4221/387/2480 4220/385/2481
f 4222/385/2482 4224/380/2484 4223/382/2483
f 4225/380/2485 4227/385/2487 4226/378/2486
f 4228/387/2488 4230/382/2488 4229/778/2480
f 4231/778/2488 4233/389/2488 4232/387/2488
f 4234/389/2483 4236/778/2489 4235/781/2131
f 4237/781/2131 4239/924/1292 4238/389/2480
f 4240/848/2490 4242/850/2491 4241/925/1543
f 4243/925/1527 4245/850/1533 4244/926/1529
f 4246/926/1712 4248/927/1531 4247/925/1527
f 4249/927/2492 4251/926/2492 4250/928/2492
f 4252/928/2493 4254/929/2492 4253/927/2492
f 4255/929/1294 4257/928/1292 4256/858/1292
f 4258/858/1294 4260/859/1292 4259/929/1292
f 4261/930/2494 4263/931/2496 4262/843/2495
f 4264/843/2495 4266/845/2498 4265/930/2497
f 4267/930/2494 4269/845/2495 4268/846/2499
f 4270/846/2474 4272/932/2471 4271/930/2500
f 4273/842/2501 4275/843/2503 4274/931/2502
f 4276/892/2504 4278/842/2506 4277/931/2505
f 4279/933/1436 4281/935/2507 4280/934/2489
f 4282/934/2480 4284/936/2489 4283/933/2508
f 4285/937/2486 4287/936/2509 4286/934/2489
f 4288/934/2510 4290/938/2511 4289/937/2486
f 4291/939/2483 4293/937/2512 4292/938/1350
f 4294/939/2483 4296/940/2507 4295/937/2513
f 4297/941/2514 4299/940/2515 4298/939/2483
f 4300/934/2516 4302/942/2518 4301/938/2517
f 4303/942/2519 4305/934/2480 4304/943/2520
f 4306/942/2521 4308/943/2520 4307/944/2522
f 4309/944/2523 4311/943/2525 4310/945/2524
f 4312/945/2524 4314/946/2524 4313/944/2526
f 4315/946/2527 4317/945/2527 4316/947/2528
f 4318/947/2529 4320/948/2531 4319/946/2530
f 4321/949/2532 4323/948/2534 4322/947/2533
f 4324/950/2535 4326/949/2536 4325/947/2528
f 4327/949/2537 4329/950/944 4328/951/2538
f 4330/951/2539 4332/950/942 4331/952/554
f 4333/952/941 4335/953/2540 4334/951/2539
f 4336/954/2541 4338/951/2543 4337/953/2542
f 4339/954/2541 4341/953/2544 4340/955/2544
f 4342/956/2545 4344/954/2541 4343/955/2542
f 4345/957/1538 4347/952/554 4346/950/944
f 4348/950/942 4350/958/2546 4349/957/1538
f 4351/954/2547 4353/956/2548 4352/959/680
f 4354/954/2549 4356/959/680 4355/951/2550
f 4357/951/681 4359/951/2551 4358/954/2549
f 4360/951/2552 4362/951/2553 4361/949/685
f 4363/949/2554 4365/949/2556 4364/951/2555
f 4366/949/2556 4368/949/685 4367/960/2557
f 4369/960/2557 4371/948/2558 4370/949/2556
f 4372/948/2559 4374/960/2561 4373/961/2560
f 4375/961/2560 4377/946/2562 4376/948/2559
f 4378/946/2563 4380/961/2565 4379/944/2564
f 4381/944/2566 4383/944/2567 4382/946/2563
f 4384/944/2568 4386/944/2570 4385/962/2569
f 4387/962/2571 4389/942/2573 4388/944/2572
f 4390/942/2574 4392/962/2576 4391/963/2575
f 4393/963/2577 4395/938/2578 4394/942/2573
f 4396/938/2579 4398/963/2577 4397/964/2580
f 4399/964/2581 4401/939/2582 4400/938/2578
f 4402/941/2583 4404/939/2584 4403/964/2581
f 4405/964/2585 4407/965/2587 4406/941/2586
f 4408/966/679 4410/959/680 4409/956/2588
f 4411/966/2589 4413/956/2588 4412/967/2590
f 4414/967/2591 4416/966/2593 4415/966/2592
f 4417/956/1533 4419/956/1529 4418/955/1529
f 4420/955/1529 4422/955/1529 4421/956/1531
f 4423/958/1529 4425/958/1529 4424/957/1529
f 4426/957/1533 4428/957/1529 4427/958/1533
f 4429/968/1054 4431/968/370 4430/969/1054
f 4432/969/1054 4434/970/370 4433/968/370
f 4435/971/1586 4437/973/1586 4436/972/1456
f 4438/972/1586 4440/971/1456 4439/971/1456
f 4441/970/2594 4443/969/2595 4442/972/2595
f 4444/972/2595 4446/973/2595 4445/970/2594
f 4447/974/1538 4449/976/942 4448/975/944
f 4450/975/942 4452/977/2596 4451/974/1538
f 4453/975/944 4455/976/944 4454/978/2597
f 4456/978/2598 4458/979/2539 4457/975/942
f 4459/975/944 4461/979/2538 4460/980/2537
f 4462/980/2536 4464/981/2528 4463/975/2535
f 4465/980/2532 4467/982/2534 4466/981/2533
f 4468/983/2527 4470/981/2528 4469/982/2531
f 4471/982/2534 4473/984/2530 4472/983/2530
f 4474/985/2525 4476/983/2599 4475/984/2599
f 4477/984/2524 4479/986/2526 4478/985/2600
f 4480/987/2521 4482/985/2520 4481/986/2522
f 4483/988/2480 4485/985/2520 4484/987/2519
f 4486/987/2518 4488/989/2517 4487/988/2516
f 4489/990/2601 4491/988/2489 4490/989/2602
f 4492/989/1391 4494/991/2486 4493/990/2515
f 4495/992/2603 4497/991/2512 4496/989/2602
f 4498/992/2483 4500/993/2507 4499/991/2604
f 4501/994/2605 4503/993/2507 4502/992/2483
f 4504/988/2480 4506/990/2515 4505/995/1436
f 4507/995/1436 4509/996/2606 4508/988/2489
f 4510/992/2607 4512/992/2437 4511/994/2608
f 4513/997/2609 4515/994/2608 4514/992/2437
f 4516/994/2610 4518/994/2608 4517/997/2438
f 4519/997/2611 4521/997/2612 4520/994/2610
f 4522/989/2613 4524/992/2437 4523/992/2614
f 4525/992/2615 4527/989/2617 4526/989/2616
f 4528/987/2618 4530/989/2619 4529/989/2617
f 4531/989/2617 4533/987/2620 4532/987/2618
f 4534/998/2621 4536/987/2618 4535/987/2622
f 4537/987/2620 4539/986/2624 4538/998/2623
f 4540/999/2463 4542/998/2626 4541/986/2625
f 4543/986/2627 4545/984/2628 4544/999/2463
f 4546/999/2629 4548/999/2631 4547/984/2630
f 4549/984/2630 4551/982/2633 4550/999/2632
f 4552/980/2634 4554/999/2636 4553/982/2635
f 4555/982/2637 4557/980/2638 4556/980/2634
f 4558/979/2497 4560/980/2634 4559/980/2638
f 4561/980/2638 4563/979/2640 4562/979/2639
f 4564/1000/2505 4566/979/2497 4565/979/2641
f 4567/979/2641 4569/1001/2643 4568/1000/2642
f 4570/1000/2644 4572/1001/2645 4571/1002/2610
f 4573/1002/2610 4575/1003/2504 4574/1000/2642
f 4576/1002/2545 4578/1001/2541 4577/1004/2542
f 4579/1001/2541 4581/978/2597 4580/1004/2597
f 4582/1001/2541 4584/979/2539 4583/978/2598
f 4585/994/1529 4587/993/1531 4586/993/1529
f 4588/993/1531 4590/994/1531 4589/994/1529
f 4591/996/1529 4593/995/1531 4592/995/1529
f 4594/995/1533 4596/996/1531 4595/996/1529
f 4597/1005/370 4599/1007/1054 4598/1006/370
f 4600/1006/1054 4602/1005/1054 4601/1005/370
f 4603/1008/1586 4605/1008/1456 4604/1009/1456
f 4606/1009/1456 4608/1010/1456 4607/1008/1586
f 4609/1007/2595 4611/1010/2595 4610/1009/2646
f 4612/1009/2595 4614/1006/2594 4613/1007/2595
f 4615/1011/1302 4617/1013/2648 4616/1012/2647
f 4618/1014/2649 4620/1012/2650 4619/1013/2648
f 4621/1013/2651 4623/1015/2652 4622/1014/2649
f 4624/1016/2653 4626/1014/2655 4625/1015/2654
f 4627/1015/2654 4629/1017/2656 4628/1016/2653
f 4630/1018/1290 4632/1016/1296 4631/1017/2657
f 4633/1017/2657 4635/1019/2659 4634/1018/2658
f 4636/1019/1285 4638/1017/2661 4637/1020/2660
f 4639/1020/2660 4641/1021/1353 4640/1019/2659
f 4642/1022/1354 4644/1021/2663 4643/1020/2662
f 4645/1020/2664 4647/1023/2666 4646/1022/2665
f 4648/1022/2667 4650/1023/2669 4649/1024/2668
f 4651/1024/2670 4653/1025/1370 4652/1022/1354
f 4654/1026/1376 4656/1025/2671 4655/1024/2668
f 4657/1024/2672 4659/1027/2674 4658/1026/2673
f 4660/1027/2675 4662/1024/2672 4661/1028/2676
f 4663/1028/2677 4665/1029/2678 4664/1027/2675
f 4666/1029/2679 4668/1028/2681 4667/1030/2680
f 4669/1030/2682 4671/1031/2684 4670/1029/2683
f 4672/1031/2685 4674/1030/2687 4673/1011/2686
f 4675/1030/2688 4677/1032/2690 4676/1011/2689
f 4678/1032/2691 4680/1033/2692 4679/1011/2689
f 4681/1011/1302 4683/1033/2694 4682/1013/2693
f 4684/1015/2695 4686/1013/2693 4685/1033/2696
f 4687/1033/2696 4689/1034/2698 4688/1015/2697
f 4690/1017/2656 4692/1015/2697 4691/1034/2699
f 4693/1034/2698 4695/1020/2660 4694/1017/2657
f 4696/1023/2700 4698/1020/2702 4697/1034/2701
f 4699/1034/2703 4701/1035/2704 4700/1023/2700
f 4702/1024/2672 4704/1023/2706 4703/1035/2705
f 4705/1035/2707 4707/1028/2708 4706/1024/2672
f 4708/1030/2709 4710/1028/2681 4709/1035/2710
f 4711/1035/2711 4713/1032/2712 4712/1030/2687
f 4714/1032/2713 4716/1035/2705 4715/1034/2714
f 4717/1034/2714 4719/1033/2715 4718/1032/2690
f 4720/1036/2716 4722/1031/2718 4721/1011/2717
f 4723/1031/2719 4725/1036/2721 4724/1037/2720
f 4726/1037/2722 4728/1029/2724 4727/1031/2723
f 4729/1029/2724 4731/1037/2724 4730/1038/2725
f 4732/1038/2725 4734/1027/2727 4733/1029/2726
f 4735/1027/2727 4737/1038/2728 4736/1039/1614
f 4738/1039/1614 4740/1026/2730 4739/1027/2729
f 4741/1040/2731 4743/1042/2733 4742/1041/2732
f 4744/1040/2121 4746/1041/2735 4745/1043/2734
f 4747/1044/2736 4749/1040/2738 4748/1043/2737
f 4750/1044/2739 4752/1043/2741 4751/1045/2740
f 4753/1045/2740 4755/1046/2743 4754/1044/2742
f 4756/1047/2744 4758/1044/2746 4757/1046/2745
f 4759/1046/2747 4761/1048/2749 4760/1047/2748
f 4762/1047/2750 4764/1048/2752 4763/1049/2751
f 4765/1049/2753 4767/1050/2754 4766/1047/2744
f 4768/1050/2755 4770/1040/2757 4769/1047/2756
f 4771/1047/2758 4773/1040/2760 4772/1044/2759
f 4774/1051/2761 4776/1040/2738 4775/1050/2762
f 4777/1052/2763 4779/1051/2765 4778/1050/2764
f 4780/1050/2764 4782/1049/2766 4781/1052/2763
f 4783/1053/2767 4785/1052/2769 4784/1049/2768
f 4786/1049/2770 4788/1054/2772 4787/1053/2771
f 4789/1055/2773 4791/1053/2775 4790/1054/2774
f 4792/1054/2772 4794/1056/2250 4793/1055/2776
f 4795/1056/2777 4797/1054/2774 4796/1057/2778
f 4798/1057/2779 4800/1058/2780 4799/1056/2777
f 4801/1059/2781 4803/1058/2199 4802/1057/2782
f 4804/1059/2783 4806/1057/2785 4805/1060/2784
f 4807/1060/2786 4809/1061/2788 4808/1059/2787
f 4810/1062/2789 4812/1059/2790 4811/1061/2788
f 4813/1061/2791 4815/1062/2793 4814/1062/2792
f 4816/1063/2794 4818/1062/2796 4817/1062/2795
f 4819/1062/2795 4821/1063/2797 4820/1063/2794
f 4822/1064/2798 4824/1063/2799 4823/1063/2797
f 4825/1063/2800 4827/1065/2802 4826/1064/2801
f 4828/1045/2803 4830/1064/2805 4829/1065/2804
f 4831/1065/2806 4833/1066/2808 4832/1045/2807
f 4834/1046/2745 4836/1045/2803 4835/1066/2808
f 4837/1066/2809 4839/1067/2810 4838/1046/2747
f 4840/1048/2749 4842/1046/2747 4841/1067/2811
f 4843/1067/2812 4845/1048/2813 4844/1048/2749
f 4846/1057/2779 4848/1048/2749 4847/1048/2813
f 4849/1048/2814 4851/1060/2815 4850/1057/2778
f 4852/1048/2816 4854/1057/2782 4853/1054/2774
f 4855/1054/2772 4857/1049/2770 4856/1048/2752
f 4858/1068/2817 4860/1064/2819 4859/1045/2818
f 4861/1045/2818 4863/1069/2821 4862/1068/2820
f 4864/1070/2822 4866/1068/2824 4865/1069/2823
f 4867/1069/2825 4869/1071/2827 4868/1070/2826
f 4870/1071/2828 4872/1069/2821 4871/1041/2829
f 4873/1041/2735 4875/1042/2830 4874/1071/2827
f 4876/1043/2831 4878/1041/2833 4877/1069/2832
f 4879/1069/2821 4881/1045/2818 4880/1043/2831
f 4882/1068/2824 4884/1070/2834 4883/1072/2137
f 4885/1072/2137 4887/1073/2135 4886/1068/2824
f 4888/1064/2835 4890/1068/2817 4889/1073/2836
f 4891/1073/2836 4893/1074/2140 4892/1064/2819
f 4894/1074/2837 4896/1063/2794 4895/1064/2838
f 4897/1063/2794 4899/1074/2143 4898/1075/2839
f 4900/1075/2146 4902/1062/2840 4901/1063/2794
f 4903/1059/2790 4905/1062/2841 4904/1075/2198
f 4906/1058/2842 4908/1059/2790 4907/1075/2198
f 4909/1076/913 4911/1078/915 4910/1077/913
f 4912/1077/913 4914/1079/2843 4913/1076/913
f 4915/1080/914 4917/1079/914 4916/1077/913
f 4918/1078/913 4920/1076/915 4919/1081/913
f 4921/1081/913 4923/1082/913 4922/1078/913
f 4924/1082/914 4926/1081/913 4925/1083/914
f 4927/1076/2844 4929/1085/2812 4928/1084/2808
f 4930/1084/2808 4932/1081/2845 4931/1076/2844
f 4933/1081/2846 4935/1084/2808 4934/1086/2847
f 4936/1086/2848 4938/1087/2850 4937/1081/2849
f 4939/1088/2851 4941/1087/2852 4940/1086/2802
f 4942/1086/2804 4944/1089/2797 4943/1088/2853
f 4945/1090/2854 4947/1088/2855 4946/1089/2800
f 4948/1089/2797 4950/1091/2793 4949/1090/1292
f 4951/1085/2810 4953/1076/2857 4952/1079/2856
f 4954/1079/2856 4956/1092/2813 4955/1085/2812
f 4957/1092/2813 4959/1079/2859 4958/1093/2858
f 4960/1093/2858 4962/1094/2815 4961/1092/2813
f 4963/1094/2815 4965/1093/2861 4964/1095/2860
f 4966/1095/2862 4968/1096/2788 4967/1094/2863
f 4969/1097/2793 4971/1096/2864 4970/1095/2860
f 4972/1095/2860 4974/1098/1292 4973/1097/2865
f 4975/1099/2399 4977/1101/2867 4976/1100/2866
f 4978/1100/2868 4980/1102/2869 4979/1099/2399
f 4981/1103/2870 4983/1099/1292 4982/1102/2871
f 4984/1102/2872 4986/1104/2874 4985/1103/2873
f 4987/1100/2875 4989/1101/2877 4988/1105/2876
f 4990/1105/2876 4992/1106/2878 4991/1100/2875
f 4993/1100/2879 4995/1106/2881 4994/1107/2880
f 4996/1107/2882 4998/1108/2872 4997/1100/2879
f 4999/1108/2883 5001/1107/2885 5000/1109/2884
f 5002/1109/2886 5004/1110/2888 5003/1108/2887
f 5005/1106/2889 5007/1105/2891 5006/1111/2890
f 5008/1111/1541 5010/1112/2892 5009/1106/2889
f 5011/1112/2893 5013/1111/1703 5012/1113/2894
f 5014/1113/2895 5016/1114/2884 5015/1112/2893
f 5017/1115/2896 5019/1114/2898 5018/1113/2897
f 5020/1113/2897 5022/1116/2870 5021/1115/2888
f 5023/1099/2899 5025/1101/2867 5024/1100/2900
f 5026/1100/2901 5028/1102/2903 5027/1099/2902
f 5029/1103/2904 5031/1099/2905 5030/1102/2869
f 5032/1102/2872 5034/1104/2874 5033/1103/2873
f 5035/1100/2875 5037/1101/2877 5036/1105/2876
f 5038/1105/2876 5040/1106/2878 5039/1100/2875
f 5041/1100/2879 5043/1106/2881 5042/1107/2880
f 5044/1107/2882 5046/1108/2887 5045/1100/2866
f 5047/1108/2883 5049/1107/2885 5048/1109/2884
f 5050/1109/2886 5052/1110/2888 5051/1108/2872
f 5053/1106/2906 5055/1105/2891 5054/1111/2907
f 5056/1111/1691 5058/1112/2908 5057/1106/2889
f 5059/1112/2893 5061/1111/2909 5060/1113/2894
f 5062/1113/2895 5064/1114/2884 5063/1112/2893
f 5065/1115/2896 5067/1114/2898 5066/1113/2897
f 5068/1113/2897 5070/1116/2870 5069/1115/2888
f 5071/1099/2899 5073/1101/2867 5072/1100/2901
f 5074/1100/2901 5076/1102/2903 5075/1099/1294
f 5077/1103/2904 5079/1099/1292 5078/1102/2869
f 5080/1102/2872 5082/1104/2874 5081/1103/2870
f 5083/1100/2875 5085/1101/2877 5084/1105/2876
f 5086/1105/2876 5088/1106/2878 5087/1100/2875
f 5089/1100/2879 5091/1106/2881 5090/1107/2893
f 5092/1107/2882 5094/1108/2872 5093/1100/2866
f 5095/1108/2872 5097/1107/2882 5096/1109/2910
f 5098/1109/2886 5100/1110/2888 5099/1108/2872
f 5101/1106/2889 5103/1105/2891 5102/1111/1541
f 5104/1111/1541 5106/1112/2908 5105/1106/2889
f 5107/1112/2893 5109/1111/1703 5108/1113/2894
f 5110/1113/2895 5112/1114/2911 5111/1112/2893
f 5113/1115/2896 5115/1114/2898 5114/1113/2897
f 5116/1113/2897 5118/1116/2870 5117/1115/2888
f 5119/1099/2399 5121/1101/2867 5120/1100/2875
f 5122/1100/2875 5124/1102/2872 5123/1099/2902
f 5125/1103/2870 5127/1099/1292 5126/1102/2871
f 5128/1102/2872 5130/1104/2874 5129/1103/2873
f 5131/1100/2875 5133/1101/2877 5132/1105/2876
f 5134/1105/2876 5136/1106/2878 5135/1100/2875
f 5137/1100/2879 5139/1106/2881 5138/1107/2880
f 5140/1107/2882 5142/1108/2872 5141/1100/2879
f 5143/1108/2883 5145/1107/2885 5144/1109/2884
f 5146/1109/2886 5148/1110/2888 5147/1108/2887
f 5149/1106/2906 5151/1105/2891 5150/1111/2907
f 5152/1111/1691 5154/1112/2908 5153/1106/2889
f 5155/1112/2893 5157/1111/2909 5156/1113/2894
f 5158/1113/2895 5160/1114/2884 5159/1112/2893
f 5161/1115/2896 5163/1114/2898 5162/1113/2897
f 5164/1113/2897 5166/1116/2870 5165/1115/2888
f 5167/1099/2399 5169/1101/2867 5168/1100/2901
f 5170/1100/2875 5172/1102/2872 5171/1099/2902
f 5173/1103/2870 5175/1099/1292 5174/1102/2871
f 5176/1102/2872 5178/1104/2874 5177/1103/2873
f 5179/1100/2875 5181/1101/2877 5180/1105/2876
f 5182/1105/2876 5184/1106/2878 5183/1100/2875
f 5185/1100/2879 5187/1106/2881 5186/1107/2893
f 5188/1107/2882 5190/1108/2872 5189/1100/2879
f 5191/1108/2883 5193/1107/2885 5192/1109/2912
f 5194/1109/2913 5196/1110/2888 5195/1108/2887
f 5197/1106/2889 5199/1105/2891 5198/1111/1703
f 5200/1111/1541 5202/1112/2908 5201/1106/2889
f 5203/1112/2893 5205/1111/1703 5204/1113/2894
f 5206/1113/2895 5208/1114/2911 5207/1112/2914
f 5209/1115/2896 5211/1114/2898 5210/1113/2897
f 5212/1113/2897 5214/1116/2870 5213/1115/2888
f 5215/1099/2899 5217/1101/2867 5216/1100/2901
f 5218/1100/2901 5220/1102/2869 5219/1099/2902
f 5221/1103/2915 5223/1099/1292 5222/1102/2872
f 5224/1102/2869 5226/1104/2896 5225/1103/2873
f 5227/1100/2875 5229/1101/2877 5228/1105/2876
f 5230/1105/2891 5232/1106/2878 5231/1100/2916
f 5233/1100/2879 5235/1106/2881 5234/1107/2882
f 5236/1107/2882 5238/1108/2903 5237/1100/2879
f 5239/1108/2872 5241/1107/2882 5240/1109/2910
f 5242/1109/2917 5244/1110/2888 5243/1108/2872
f 5245/1106/2889 5247/1105/2891 5246/1111/1703
f 5248/1111/1541 5250/1112/2908 5249/1106/2889
f 5251/1112/2893 5253/1111/1703 5252/1113/2894
f 5254/1113/2895 5256/1114/2911 5255/1112/2914
f 5257/1115/2888 5259/1114/2898 5258/1113/2918
f 5260/1113/2897 5262/1116/2870 5261/1115/2888
f 5263/1099/2399 5265/1101/2867 5264/1100/2879
f 5266/1100/2901 5268/1102/2869 5267/1099/2399
f 5269/1103/2904 5271/1099/1292 5270/1102/2869
f 5272/1102/2872 5274/1104/2874 5273/1103/2870
f 5275/1100/2875 5277/1101/2877 5276/1105/2876
f 5278/1105/2876 5280/1106/2878 5279/1100/2875
f 5281/1100/2866 5283/1106/2881 5282/1107/2919
f 5284/1107/2882 5286/1108/2872 5285/1100/2879
f 5287/1108/2872 5289/1107/2882 5288/1109/2910
f 5290/1109/2886 5292/1110/2888 5291/1108/2872
f 5293/1106/2906 5295/1105/2920 5294/1111/1541
f 5296/1111/1703 5298/1112/2892 5297/1106/2889
f 5299/1112/2893 5301/1111/1703 5300/1113/2894
f 5302/1113/2895 5304/1114/2911 5303/1112/2893
f 5305/1115/2896 5307/1114/2898 5306/1113/2897
f 5308/1113/2897 5310/1116/2870 5309/1115/2888
f 5311/1117/2921 5313/1119/2923 5312/1118/2922
f 5314/1118/2922 5316/1120/2924 5315/1117/2921
f 5317/1121/2925 5319/1117/2927 5318/1120/2926
f 5320/1120/2928 5322/1122/2929 5321/1121/2925
f 5323/1123/2930 5325/1121/2925 5324/1122/2931
f 5326/1122/2931 5328/1124/2933 5327/1123/2932
f 5329/1125/2934 5331/1123/2936 5330/1124/2935
f 5332/1124/2933 5334/1126/2938 5333/1125/2937
f 5335/1127/2939 5337/1126/2941 5336/1124/2940
f 5338/1124/2942 5340/1128/2943 5339/1127/2939
f 5341/1129/2944 5343/1127/2946 5342/1128/2945
f 5344/1129/914 5346/1128/2948 5345/1130/2947
f 5347/1129/2949 5349/1130/2951 5348/1131/2950
f 5350/1129/915 5352/1131/2953 5351/1132/2952
f 5353/1118/2954 5355/1132/2956 5354/1131/2955
f 5356/1131/2957 5358/1120/2959 5357/1118/2958
f 5359/1120/2928 5361/1131/2955 5360/1130/2960
f 5362/1130/2960 5364/1122/2961 5363/1120/2926
f 5365/1122/2962 5367/1130/2964 5366/1128/2963
f 5368/1128/2965 5370/1124/2967 5369/1122/2966
f 5371/1133/2968 5373/1135/2969 5372/1134/2924
f 5374/1134/2924 5376/1136/2971 5375/1133/2970
f 5377/1137/2930 5379/1133/2972 5378/1136/2931
f 5380/1136/2929 5382/1138/2942 5381/1137/2930
f 5383/1139/2934 5385/1137/2936 5384/1138/2935
f 5386/1138/2933 5388/1140/2938 5387/1139/2937
f 5389/1141/2939 5391/1140/2941 5390/1138/2940
f 5392/1138/2942 5394/1142/2973 5393/1141/2939
f 5395/1143/2974 5397/1141/2946 5396/1142/2945
f 5398/1143/2975 5400/1142/2976 5399/1144/2960
f 5401/1143/2977 5403/1144/2964 5402/1145/2978
f 5404/1143/913 5406/1145/2953 5405/1146/2952
f 5407/1147/2958 5409/1146/2956 5408/1145/2955
f 5410/1145/2957 5412/1134/2959 5411/1147/2958
f 5413/1147/2922 5415/1134/2924 5414/1135/2921
f 5416/1135/2921 5418/1148/2923 5417/1147/2922
f 5419/1147/2979 5421/1148/2981 5420/1149/2980
f 5422/1149/2982 5424/1150/2983 5423/1147/2922
f 5425/1147/2922 5427/1150/2985 5426/1151/2984
f 5428/1151/2986 5430/1152/2988 5429/1147/2987
f 5431/1153/2989 5433/1152/2991 5432/1151/2990
f 5434/1153/2989 5436/1151/2984 5435/1154/2992
f 5437/1153/916 5439/1154/2994 5438/1155/2993
f 5440/1153/2974 5442/1155/2996 5441/1156/2995
f 5443/1156/2995 5445/1155/2996 5444/1157/2997
f 5446/1157/2998 5448/1158/2999 5447/1156/2995
f 5449/1159/2937 5451/1158/2941 5450/1157/2997
f 5452/1157/2997 5454/1160/3001 5453/1159/3000
f 5455/1160/3002 5457/1157/3004 5456/1161/3003
f 5458/1161/3003 5460/1162/3005 5459/1160/3002
f 5461/1162/3006 5463/1161/3007 5462/1150/2985
f 5464/1150/2985 5466/1149/2982 5465/1162/3006
f 5467/1150/2985 5469/1161/3003 5468/1154/2992
f 5470/1154/2992 5472/1151/2986 5471/1150/2985
f 5473/1155/2993 5475/1154/3009 5474/1161/3008
f 5476/1161/3003 5478/1157/2997 5477/1155/3010
f 5479/1144/2960 5481/1136/2961 5480/1134/2924
f 5482/1134/2928 5484/1145/2950 5483/1144/2951
f 5485/1136/3011 5487/1144/3013 5486/1142/3012
f 5488/1142/3014 5490/1138/3015 5489/1136/2966
f 5491/1163/1531 5493/1165/3017 5492/1164/3016
f 5494/1163/1651 5496/1164/2934 5495/1166/3001
f 5497/1163/1529 5499/1166/3019 5498/1167/3018
f 5500/1163/1533 5502/1167/3020 5501/1168/2980
f 5503/1163/1531 5505/1168/3022 5504/1169/3021
f 5506/1163/1529 5508/1169/2923 5507/1170/2927
f 5509/1163/1651 5511/1170/2921 5510/1171/3023
f 5512/1163/1533 5514/1171/2925 5513/1165/2932
f 5515/1172/1651 5517/1174/2934 5516/1173/3001
f 5518/1172/1529 5520/1173/3002 5519/1175/3018
f 5521/1172/1533 5523/1175/3020 5522/1176/2980
f 5524/1172/1529 5526/1176/3022 5525/1177/3021
f 5527/1172/1529 5529/1177/2923 5528/1178/2927
f 5530/1172/1651 5532/1178/2921 5531/1179/2925
f 5533/1172/1647 5535/1179/2925 5534/1180/2932
f 5536/1172/3024 5538/1180/3017 5537/1174/2937
f 5539/1181/3006 5541/1183/3007 5540/1182/2985
f 5542/1182/2985 5544/1184/2980 5543/1181/3025
f 5545/1184/2982 5547/1182/2983 5546/1118/2922
f 5548/1118/2979 5550/1119/2981 5549/1184/2980
f 5551/1118/2922 5553/1182/2985 5552/1185/2984
f 5554/1185/2986 5556/1186/2988 5555/1118/2987
f 5557/1187/2989 5559/1186/2991 5558/1185/2990
f 5560/1187/2974 5562/1185/2984 5561/1188/2992
f 5563/1187/2977 5565/1188/2994 5564/1189/2993
f 5566/1187/2974 5568/1189/2996 5567/1190/2995
f 5569/1190/2995 5571/1189/2996 5570/1191/3026
f 5572/1191/2998 5574/1192/2999 5573/1190/2995
f 5575/1193/3000 5577/1192/3027 5576/1191/2997
f 5578/1191/2997 5580/1194/3001 5579/1193/3000
f 5581/1194/3002 5583/1191/3029 5582/1183/3028
f 5584/1183/3028 5586/1181/3030 5585/1194/3002
f 5587/1183/3031 5589/1191/2997 5588/1189/3032
f 5590/1189/2993 5592/1188/3009 5591/1183/3008
f 5593/1182/2983 5595/1183/3033 5594/1188/2992
f 5596/1188/2992 5598/1185/2986 5597/1182/2985
f 5599/1195/3034 5601/1197/3036 5600/1196/3035
f 5602/1196/3035 5604/1198/3038 5603/1195/3037
f 5605/1199/3039 5607/1198/3041 5606/1196/3040
f 5608/1196/3042 5610/1200/3044 5609/1199/3043
f 5611/1199/3045 5613/1200/3044 5612/1196/3046
f 5614/1196/3046 5616/1198/3048 5615/1199/3047
f 5617/1195/3034 5619/1198/3049 5618/1196/3046
f 5620/1196/3050 5622/1197/3051 5621/1195/3037
f 5623/1197/3052 5625/1196/3050 5624/1200/3053
f 5626/1197/3054 5628/1200/3053 5627/1196/3055
f 5629/1201/3056 5631/1203/3058 5630/1202/3057
f 5632/1202/3059 5634/1204/3061 5633/1201/3060
f 5635/1205/3062 5637/1204/3061 5636/1202/3063
f 5638/1202/3064 5640/1206/3065 5639/1205/3062
f 5641/1205/3062 5643/1206/3065 5642/1202/3066
f 5644/1202/3067 5646/1204/3068 5645/1205/3062
f 5647/1201/3069 5649/1204/3071 5648/1202/3070
f 5650/1202/3072 5652/1203/3073 5651/1201/3056
f 5653/1203/3074 5655/1202/3066 5654/1206/3065
f 5656/1203/3058 5658/1206/3065 5657/1202/3063
f 5659/1207/3075 5661/1209/3077 5660/1208/3076
f 5662/1208/3076 5664/1210/3078 5663/1207/3075
f 5665/1211/3079 5667/1210/3080 5666/1208/3076
f 5668/1208/3081 5670/1212/3082 5669/1211/3079
f 5671/1211/3083 5673/1212/3085 5672/1208/3084
f 5674/1208/3086 5676/1210/3088 5675/1211/3087
f 5677/1207/3075 5679/1210/3089 5678/1208/3086
f 5680/1208/3090 5682/1209/3091 5681/1207/3075
f 5683/1209/3091 5685/1208/3086 5684/1212/3085
f 5686/1209/3092 5688/1212/3082 5687/1208/3076
f 5689/1213/3093 5691/1215/3095 5690/1214/3094
f 5692/1214/3096 5694/1216/3098 5693/1213/3097
f 5695/1217/3099 5697/1213/3101 5696/1216/3100
f 5698/1216/3102 5700/1218/3104 5699/1217/3103
f 5701/1219/3105 5703/1217/3107 5702/1218/3106
f 5704/1218/3106 5706/1220/3109 5705/1219/3108
f 5707/1221/2602 5709/1219/3111 5708/1220/3110
f 5710/1220/3112 5712/1222/2485 5711/1221/2602
f 5713/1221/2602 5715/1222/2486 5714/1223/3113
f 5716/1223/3113 5718/1224/3115 5717/1221/3114
f 5719/1224/3116 5721/1223/2519 5720/1225/3117
f 5722/1225/3117 5724/1226/3119 5723/1224/3118
f 5725/1226/3120 5727/1225/3122 5726/1227/3121
f 5728/1227/3123 5730/1228/3125 5729/1226/3124
f 5731/1228/3125 5733/1227/3121 5732/1229/3126
f 5734/1229/3126 5736/1230/3127 5735/1228/3125
f 5737/1231/1198 5739/1233/3128 5738/1232/1198
f 5740/1231/1198 5742/1232/1200 5741/1234/1198
f 5743/1234/1198 5745/1235/1200 5744/1231/1198
f 5746/1236/3129 5748/1235/3130 5747/1234/1198
f 5749/1234/1198 5751/1219/3129 5750/1236/1198
f 5752/1236/3130 5754/1219/1200 5753/1221/3130
f 5755/1221/3130 5757/1237/1198 5756/1236/1198
f 5758/1237/1198 5760/1221/1198 5759/1224/1198
f 5761/1224/1198 5763/1238/1198 5762/1237/3130
f 5764/1238/1198 5766/1224/1198 5765/1226/1198
f 5767/1226/3130 5769/1239/3129 5768/1238/3130
f 5770/1239/1198 5772/1226/1198 5771/1240/2284
f 5773/1240/288 5775/1241/2284 5774/1239/1198
f 5776/1242/3131 5778/1241/288 5777/1240/288
f 5779/1243/3132 5781/1245/3134 5780/1244/3133
f 5782/1244/3133 5784/1246/3096 5783/1243/3096
f 5785/1247/3135 5787/1244/3137 5786/1245/3136
f 5788/1245/3138 5790/1248/3140 5789/1247/3139
f 5791/1249/3141 5793/1247/3139 5792/1248/3142
f 5794/1248/3143 5796/1236/3145 5795/1249/3144
f 5797/1250/3146 5799/1249/3141 5798/1236/3145
f 5800/1236/3145 5802/1237/3148 5801/1250/3147
f 5803/1250/3149 5805/1237/3151 5804/1238/3150
f 5806/1238/3150 5808/1251/3152 5807/1250/3149
f 5809/1251/2537 5811/1238/3154 5810/1252/3153
f 5812/1252/3153 5814/1253/3155 5813/1251/2537
f 5815/1253/3156 5817/1252/3158 5816/1254/3157
f 5818/1254/3159 5820/1255/3160 5819/1253/3156
f 5821/1255/3161 5823/1254/3163 5822/1256/3162
f 5824/1256/3162 5826/1257/3162 5825/1255/3161
f 5827/1213/3164 5829/1216/3166 5828/1214/3165
f 5830/1214/3167 5832/1215/3132 5831/1213/3168
f 5833/1216/3137 5835/1213/3138 5834/1217/3140
f 5836/1217/3143 5838/1218/3169 5837/1216/3137
f 5839/1218/3170 5841/1217/3143 5840/1219/3145
f 5842/1219/3145 5844/1220/3141 5843/1218/3135
f 5845/1220/3141 5847/1219/3145 5846/1221/3148
f 5848/1221/3151 5850/1222/3146 5849/1220/3141
f 5851/1223/3152 5853/1222/3149 5852/1221/3171
f 5854/1221/3171 5856/1224/3172 5855/1223/3152
f 5857/1225/3155 5859/1223/2537 5858/1224/3172
f 5860/1224/3173 5862/1226/3153 5861/1225/3155
f 5863/1227/3174 5865/1225/3156 5864/1226/3175
f 5866/1226/3176 5868/1228/3159 5867/1227/3160
f 5869/1229/3162 5871/1227/3178 5870/1228/3177
f 5872/1228/3163 5874/1230/3162 5873/1229/3162
f 5875/1231/1198 5877/1232/1198 5876/1233/3128
f 5878/1234/3129 5880/1232/1198 5879/1231/1198
f 5881/1231/1198 5883/1235/1198 5882/1234/3129
f 5884/1234/1198 5886/1235/1200 5885/1236/3129
f 5887/1236/3130 5889/1219/1198 5888/1234/3129
f 5890/1221/1198 5892/1219/3129 5891/1236/1198
f 5893/1236/3130 5895/1237/3130 5894/1221/1198
f 5896/1224/3130 5898/1221/3130 5897/1237/1198
f 5899/1237/3130 5901/1238/3130 5900/1224/1198
f 5902/1226/1198 5904/1224/1198 5903/1238/1198
f 5905/1238/3130 5907/1239/3130 5906/1226/1198
f 5908/1240/288 5910/1226/1198 5909/1239/1200
f 5911/1239/1198 5913/1241/2284 5912/1240/288
f 5914/1242/3131 5916/1240/288 5915/1241/288
f 5917/1243/3095 5919/1246/3095 5918/1244/3098
f 5920/1244/3098 5922/1245/3093 5921/1243/3095
f 5923/1245/3093 5925/1244/3098 5924/1247/3104
f 5926/1247/3106 5928/1248/3099 5927/1245/3179
f 5929/1248/3103 5931/1247/3180 5930/1249/3112
f 5932/1249/3110 5934/1236/3111 5933/1248/3103
f 5935/1236/3181 5937/1249/3182 5936/1250/2512
f 5938/1250/2486 5940/1237/1391 5939/1236/3111
f 5941/1238/3183 5943/1237/3114 5942/1250/2485
f 5944/1250/2486 5946/1251/2519 5945/1238/3184
f 5947/1252/3185 5949/1238/3183 5948/1251/3113
f 5950/1251/2519 5952/1253/3186 5951/1252/3119
f 5953/1254/3187 5955/1252/3124 5954/1253/3188
f 5956/1253/3189 5958/1255/3190 5957/1254/3187
f 5959/1256/3127 5961/1254/3125 5960/1255/3121
f 5962/1255/3121 5964/1257/3191 5963/1256/3127
f 5965/1258/3192 5967/1260/3194 5966/1259/3193
f 5968/1261/3195 5970/1263/3197 5969/1262/3196
f 5971/1264/3198 5973/1266/1466 5972/1265/3199
f 5974/1265/3200 5976/1267/3202 5975/1264/3201
f 5977/1268/3203 5979/1264/3205 5978/1267/3204
f 5980/1267/3204 5982/1269/3207 5981/1268/3206
f 5983/1268/3208 5985/1269/3210 5984/1270/3209
f 5986/1270/3211 5988/1271/3212 5987/1268/3208
f 5989/1271/3213 5991/1270/3215 5990/1272/3214
f 5992/1272/3214 5994/1273/3192 5993/1271/3216
f 5995/1274/3195 5997/1273/3192 5996/1272/3214
f 5998/1272/3214 6000/1275/3217 5999/1274/3195
f 6001/1274/3218 6003/1275/3220 6002/1276/3219
f 6004/1276/3221 6006/1277/3197 6005/1274/3222
f 6007/1277/3223 6009/1276/3225 6008/1278/3224
f 6010/1278/3224 6012/1279/3227 6011/1277/3226
f 6013/1279/3228 6015/1278/3229 6014/1280/758
f 6016/1280/758 6018/1281/760 6017/1279/3230
f 6019/1281/3231 6021/1280/3233 6020/1282/3232
f 6022/1282/3232 6024/1283/3234 6023/1281/3231
f 6025/1284/915 6027/1286/913 6026/1285/913
f 6028/1285/913 6030/1287/913 6029/1284/915
f 6031/1262/915 6033/1284/913 6032/1287/913
f 6034/1287/915 6036/1260/913 6035/1262/913
f 6037/1261/915 6039/1262/914 6038/1260/913
f 6040/1260/915 6042/1258/913 6041/1261/915
f 6043/1286/3235 6045/1289/3236 6044/1288/226
f 6046/1288/1591 6048/1285/405 6047/1286/3237
f 6049/1258/3238 6051/1259/3240 6050/1260/3239
f 6052/1261/3192 6054/1262/3242 6053/1263/3241
f 6055/1264/3243 6057/1267/3245 6056/1265/3244
f 6058/1265/3246 6060/1266/3248 6059/1264/3247
f 6061/1267/3249 6063/1264/3251 6062/1268/3250
f 6064/1268/3252 6066/1269/3253 6065/1267/3249
f 6067/1270/3254 6069/1269/3256 6068/1268/3255
f 6070/1268/3255 6072/1271/3257 6071/1270/3221
f 6073/1272/3220 6075/1270/3221 6074/1271/3258
f 6076/1271/3259 6078/1273/3260 6077/1272/3220
f 6079/1272/3217 6081/1273/3195 6080/1274/3261
f 6082/1274/3261 6084/1275/3214 6083/1272/3217
f 6085/1276/3215 6087/1275/3214 6086/1274/3192
f 6088/1274/3261 6090/1277/3241 6089/1276/3215
f 6091/1278/3262 6093/1276/3211 6092/1277/3241
f 6094/1277/3241 6096/1279/3264 6095/1278/3263
f 6097/1280/3265 6099/1278/3267 6098/1279/3266
f 6100/1279/3268 6102/1281/3270 6101/1280/3269
f 6103/1282/3271 6105/1280/3273 6104/1281/3272
f 6106/1281/3274 6108/1283/3276 6107/1282/3275
f 6109/1284/913 6111/1287/915 6110/1285/913
f 6112/1285/913 6114/1286/913 6113/1284/913
f 6115/1287/915 6117/1284/915 6116/1262/914
f 6118/1262/915 6120/1260/915 6119/1287/913
f 6121/1260/913 6123/1262/913 6122/1261/915
f 6124/1261/915 6126/1258/915 6125/1260/914
f 6127/1286/226 6129/1285/1591 6128/1288/226
f 6130/1288/226 6132/1289/226 6131/1286/2376
f 6133/1290/1647 6135/1292/3278 6134/1291/3277
f 6136/1290/1529 6138/1291/3277 6137/1293/3279
f 6139/1290/1529 6141/1293/3279 6140/1294/3280
f 6142/1290/1527 6144/1294/3282 6143/1295/3281
f 6145/1290/1531 6147/1295/3284 6146/1296/3283
f 6148/1290/1529 6150/1296/3286 6149/1297/3285
f 6151/1290/1529 6153/1297/3288 6152/1298/3287
f 6154/1290/1647 6156/1298/3290 6155/1292/3289
f 6157/1291/3291 6159/1300/3293 6158/1299/3292
f 6160/1291/3291 6162/1299/3295 6161/1293/3294
f 6163/1299/3296 6165/1301/3298 6164/1293/3297
f 6166/1293/3299 6168/1301/3298 6167/1302/3300
f 6169/1293/3301 6171/1302/3303 6170/1294/3302
f 6172/1294/3304 6174/1302/3300 6173/1303/3305
f 6175/1294/3306 6177/1303/3308 6176/1304/3307
f 6178/1295/3309 6180/1294/3311 6179/1304/3310
f 6181/1295/3312 6183/1304/3313 6182/1305/558
f 6184/1306/3314 6186/1295/3316 6185/1305/3315
f 6187/1296/3317 6189/1295/3319 6188/1306/3318
f 6190/1307/3320 6192/1296/3322 6191/1306/3321
f 6193/1308/3323 6195/1296/3325 6194/1307/3324
f 6196/1297/3326 6198/1296/3322 6197/1308/3327
f 6199/1309/3328 6201/1297/3330 6200/1308/3329
f 6202/1310/3331 6204/1297/3332 6203/1309/3328
f 6205/1310/3333 6207/1298/3334 6206/1297/3326
f 6208/1311/3335 6210/1298/3337 6209/1310/3336
f 6211/1311/3338 6213/1312/3340 6212/1298/3339
f 6214/1312/3341 6216/1292/3342 6215/1298/3337
f 6217/1312/3343 6219/1313/3345 6218/1292/3344
f 6220/1313/3345 6222/1314/3347 6221/1292/3346
f 6223/1292/3348 6225/1314/3350 6224/1291/3349
f 6226/1314/3351 6228/1300/3353 6227/1291/3352
f 6229/1290/1529 6231/1291/3354 6230/1292/3285
f 6232/1290/1529 6234/1292/3285 6233/1298/3287
f 6235/1290/1527 6237/1298/3290 6236/1297/3289
f 6238/1290/3024 6240/1297/3278 6239/1296/3355
f 6241/1290/1529 6243/1296/3277 6242/1295/3279
f 6244/1290/1529 6246/1295/3279 6245/1294/3282
f 6247/1290/1651 6249/1294/3282 6248/1293/3356
f 6250/1290/1533 6252/1293/3284 6251/1291/3283
f 6253/1291/3322 6255/1299/3321 6254/1300/3320
f 6256/1314/3323 6258/1291/3325 6257/1300/3324
f 6259/1292/3326 6261/1291/3322 6260/1314/3327
f 6262/1313/3328 6264/1292/3330 6263/1314/3329
f 6265/1312/3331 6267/1292/3332 6266/1313/3328
f 6268/1312/3333 6270/1298/3358 6269/1292/3357
f 6271/1311/3335 6273/1298/3334 6272/1312/3336
f 6274/1311/3338 6276/1310/3341 6275/1298/3339
f 6277/1310/3359 6279/1297/3344 6278/1298/3334
f 6280/1310/3343 6282/1309/3345 6281/1297/3344
f 6283/1309/3345 6285/1308/3347 6284/1297/3346
f 6286/1297/3348 6288/1308/3350 6287/1296/3349
f 6289/1308/3351 6291/1307/3353 6290/1296/3352
f 6292/1307/3293 6294/1306/3292 6293/1296/3291
f 6295/1296/3291 6297/1306/3295 6296/1295/3360
f 6298/1306/3361 6300/1305/3298 6299/1295/3297
f 6301/1295/3299 6303/1305/3298 6302/1304/3300
f 6304/1295/3301 6306/1304/3300 6305/1294/3302
f 6307/1294/3362 6309/1304/3300 6308/1303/3305
f 6310/1294/3306 6312/1303/3308 6311/1302/3307
f 6313/1293/3363 6315/1294/3311 6314/1302/3364
f 6316/1293/3312 6318/1302/3313 6317/1301/558
f 6319/1299/3314 6321/1293/3316 6320/1301/3315
f 6322/1291/3317 6324/1293/3319 6323/1299/3318
f 6325/1315/3365 6327/1317/3366 6326/1316/2868
f 6328/1316/2875 6330/1318/2872 6329/1315/3367
f 6331/1315/3368 6333/1318/2872 6332/1319/2874
f 6334/1319/2874 6336/1320/3369 6335/1315/3365
f 6337/1320/3369 6339/1319/2896 6338/1321/2898
f 6340/1321/2911 6342/1322/3370 6341/1320/3369
f 6343/1322/3371 6345/1321/2911 6344/1323/2914
f 6346/1323/2893 6348/1324/3373 6347/1322/3372
f 6349/1325/3374 6351/1322/3376 6350/1324/3375
f 6352/1326/3377 6354/1325/3378 6353/1324/3375
f 6355/1324/3375 6357/1327/3380 6356/1326/3379
f 6358/1328/2878 6360/1316/2875 6359/1317/3381
f 6361/1317/3382 6363/1329/3384 6362/1328/3383
f 6364/1317/3382 6366/1330/3386 6365/1329/3385
f 6367/1329/3387 6369/1330/3389 6368/1331/3388
f 6370/1331/3390 6372/1332/3391 6371/1329/3387
f 6373/1333/3392 6375/1335/2889 6374/1334/3393
f 6376/1334/3387 6378/1336/3394 6377/1333/2908
f 6379/1337/3395 6381/1336/3397 6380/1334/3396
f 6382/1334/3396 6384/1338/3391 6383/1337/3395
f 6385/1335/3398 6387/1333/2882 6386/1333/2910
f 6388/1333/2886 6390/1339/2879 6389/1335/2881
f 6391/1340/2872 6393/1339/2879 6392/1333/2910
f 6394/1333/2913 6396/1341/2888 6395/1340/2883
f 6397/1342/3399 6399/1344/3401 6398/1343/3400
f 6400/1343/3389 6402/1345/3403 6401/1342/3402
f 6403/1345/3404 6405/1343/3405 6404/1346/3365
f 6406/1346/3406 6408/1347/3407 6407/1345/3374
f 6409/1347/3407 6411/1345/3408 6410/1345/3404
f 6412/1343/3409 6414/1348/3410 6413/1346/3406
f 6415/1315/3411 6417/1318/2892 6416/1316/2889
f 6418/1316/2906 6420/1317/3413 6419/1315/3412
f 6421/1317/3413 6423/1316/2878 6422/1328/2900
f 6424/1328/3414 6426/1329/3415 6425/1317/3413
f 6427/1317/3413 6429/1329/3417 6428/1330/3416
f 6430/1331/3418 6432/1330/3420 6431/1329/3419
f 6433/1329/3419 6435/1332/3421 6434/1331/3418
f 6436/1319/2884 6438/1318/2914 6437/1315/3422
f 6439/1315/3423 6441/1320/3424 6440/1319/2884
f 6442/1321/2888 6444/1319/2898 6443/1320/3371
f 6445/1320/3425 6447/1322/3369 6446/1321/2888
f 6448/1323/2903 6450/1321/2874 6449/1322/3407
f 6451/1322/3407 6453/1324/3426 6452/1323/2903
f 6454/1325/3427 6456/1324/3428 6455/1322/3407
f 6457/1324/3429 6459/1325/3431 6458/1326/3430
f 6460/1326/3432 6462/1327/3433 6461/1324/3426
f 6463/1333/2883 6465/1336/3426 6464/1334/3417
f 6466/1334/3434 6468/1335/2875 6467/1333/2872
f 6469/1333/2888 6471/1333/2903 6470/1335/2879
f 6472/1335/2879 6474/1339/2881 6473/1333/2888
f 6475/1333/2888 6477/1339/2881 6476/1340/2882
f 6478/1340/2908 6480/1341/2886 6479/1333/2888
f 6481/1334/3435 6483/1336/3426 6482/1337/3436
f 6484/1337/3436 6486/1338/3437 6485/1334/3419
f 6487/1342/3438 6489/1345/3439 6488/1343/3420
f 6490/1343/3420 6492/1344/3441 6491/1342/3440
f 6493/1346/3442 6495/1343/3444 6494/1345/3443
f 6496/1345/3431 6498/1347/3370 6497/1346/3423
f 6499/1347/3445 6501/1345/3431 6500/1345/3446
f 6502/1343/3444 6504/1346/3448 6503/1348/3447
f 6505/1349/914 6507/1351/913 6506/1350/915
f 6508/1350/913 6510/1352/913 6509/1349/913
f 6511/1353/913 6513/1350/915 6512/1351/913
f 6514/1351/914 6516/1354/915 6515/1353/913
f 6517/1355/3449 6519/1354/3451 6518/1351/3450
f 6520/1356/3452 6522/1354/3454 6521/1355/3453
f 6523/1355/3455 6525/1357/1543 6524/1356/3452
f 6526/1356/3456 6528/1357/1543 6527/1358/3457
f 6529/1358/3456 6531/1357/1703 6530/1359/3458
f 6532/1350/3459 6534/1353/3461 6533/1360/3460
f 6535/1361/3462 6537/1363/3464 6536/1362/3463
f 6538/1362/3463 6540/1364/3466 6539/1361/3465
f 6541/1365/3467 6543/1362/3463 6542/1363/3468
f 6544/1363/3464 6546/1366/3470 6545/1365/3469
f 6547/1361/3471 6549/1364/3473 6548/1362/3472
f 6550/1362/3474 6552/1363/3475 6551/1361/3471
f 6553/1363/3475 6555/1362/3474 6554/1365/3476
f 6556/1365/3477 6558/1366/3478 6557/1363/3475
f 6559/1367/3479 6561/1369/3480 6560/1368/3472
f 6562/1368/3481 6564/1370/3483 6563/1367/3482
f 6565/1370/3463 6567/1368/3481 6566/1371/3484
f 6568/1371/3484 6570/1372/3486 6569/1370/3485
f 6571/1372/3487 6573/1371/3489 6572/1373/3488
f 6574/1373/3490 6576/1374/3492 6575/1372/3491
f 6577/1369/3476 6579/1367/3494 6578/1375/3493
f 6580/1375/3493 6582/1376/3495 6581/1369/3476
f 6583/1376/3496 6585/1375/3498 6584/1377/3497
f 6586/1377/3499 6588/1378/3501 6587/1376/3500
f 6589/1379/3502 6591/1381/3504 6590/1380/3503
f 6592/1380/3503 6594/1382/3505 6593/1379/3505
f 6595/1383/3506 6597/1380/3508 6596/1381/3507
f 6598/1381/3509 6600/1384/3511 6599/1383/3510
f 6601/1383/3512 6603/1384/3514 6602/1385/3513
f 6604/1385/3513 6606/1386/3516 6605/1383/3515
f 6607/1386/3517 6609/1385/3519 6608/1387/3518
f 6610/1387/3520 6612/1388/3518 6611/1386/3521
f 6613/1389/3522 6615/1388/3523 6614/1387/286
f 6616/1387/3520 6618/1390/3525 6617/1389/3524
f 6619/1391/3526 6621/1389/3528 6620/1390/3527
f 6622/1390/3527 6624/1392/3530 6623/1391/3529
f 6625/1391/3531 6627/1392/3533 6626/1393/3532
f 6628/1393/3534 6630/1394/3536 6629/1391/3535
f 6631/1394/3537 6633/1393/3534 6632/1395/3538
f 6634/1395/3539 6636/1396/3539 6635/1394/3540
f 6637/1397/3541 6639/1399/3543 6638/1398/3542
f 6640/1398/3544 6642/1400/3546 6641/1397/3545
f 6643/1400/3546 6645/1398/3544 6644/1401/3547
f 6646/1401/3548 6648/1402/3550 6647/1400/3549
f 6649/1402/3551 6651/1401/3553 6650/1403/3552
f 6652/1403/3554 6654/1404/3556 6653/1402/3555
f 6655/1405/3557 6657/1404/3558 6656/1403/3552
f 6658/1403/3559 6660/1406/3561 6659/1405/3560
f 6661/1407/3562 6663/1405/3560 6662/1406/3561
f 6664/1406/3561 6666/1408/3564 6665/1407/3563
f 6667/1409/3565 6669/1406/3561 6668/1403/3554
f 6670/1409/3566 6672/1403/3559 6671/1410/3567
f 6673/1411/3568 6675/1410/3567 6674/1403/3554
f 6676/1411/3568 6678/1403/3569 6677/1401/3553
f 6679/1412/3570 6681/1411/3568 6680/1401/3571
f 6682/1412/3572 6684/1401/3573 6683/1398/3542
f 6685/1413/3574 6687/1412/3576 6686/1398/3575
f 6688/1413/3574 6690/1398/3578 6689/1414/3577
f 6691/1415/3579 6693/1406/3581 6692/1409/3580
f 6694/1415/3582 6696/1416/3583 6695/1406/3581
f 6697/1400/3584 6699/1418/3586 6698/1417/3585
f 6700/1417/3587 6702/1397/3589 6701/1400/3588
f 6703/1397/3590 6705/1417/3592 6704/1419/3591
f 6706/1419/3591 6708/1420/3594 6707/1397/3593
f 6709/1420/3595 6711/1419/3591 6710/1421/3596
f 6712/1422/3597 6714/1418/3599 6713/1400/3598
f 6715/1400/3598 6717/1402/3601 6716/1422/3600
f 6718/1422/3602 6720/1402/3604 6719/1423/3603
f 6721/1402/3604 6723/1404/3605 6722/1423/3603
f 6724/1404/3605 6726/1424/3607 6725/1423/3606
f 6727/1424/3608 6729/1404/3610 6728/1405/3609
f 6730/1405/3611 6732/1425/3613 6731/1424/3612
f 6733/1426/3614 6735/1425/3615 6734/1405/3611
f 6736/1405/3616 6738/1407/3618 6737/1426/3617
f 6739/1427/3619 6741/1426/3617 6740/1407/3620
f 6742/1407/3618 6744/1428/3622 6743/1427/3621
f 6745/1429/3623 6747/1427/3621 6746/1428/3624
f 6748/1430/3625 6750/1432/3627 6749/1431/3626
f 6751/1431/3628 6753/1433/3630 6752/1430/3629
f 6754/1431/3629 6756/1434/3630 6755/1433/3631
f 6757/1430/3625 6759/1435/3632 6758/1432/3632
f 6760/1435/3633 6762/1436/1586 6761/1432/1456
f 6763/1435/1456 6765/1437/1586 6764/1436/1456
f 6766/1438/3634 6768/1440/3636 6767/1439/3635
f 6769/1441/3637 6771/1443/3639 6770/1442/3638
f 6772/1441/3640 6774/1444/3642 6773/1443/3641
f 6775/1443/3643 6777/1444/3645 6776/1445/3644
f 6778/1443/3646 6780/1445/3636 6779/1446/1529
f 6781/1447/3637 6783/1449/3648 6782/1448/3647
f 6784/1449/3649 6786/1450/3651 6785/1448/3650
f 6787/1449/3652 6789/1451/3654 6788/1450/3653
f 6790/1447/3655 6792/1439/3656 6791/1449/3648
f 6793/1452/3657 6795/1454/1054 6794/1453/3657
f 6796/1453/3657 6798/1455/1054 6797/1452/370
f 6799/1452/3658 6801/1455/3658 6800/1456/3659
f 6802/1456/3660 6804/1457/3662 6803/1452/3661
f 6805/1457/3663 6807/1456/3636 6806/1438/3664
f 6808/1438/3665 6810/1458/3664 6809/1457/3663
f 6811/1456/3636 6813/1460/3663 6812/1459/3664
f 6814/1456/3636 6816/1462/3666 6815/1461/3663
f 6817/1457/3663 6819/1464/3667 6818/1463/3636
f 6820/1465/3668 6822/1457/3669 6821/1466/3636
f 6823/1467/3670 6825/1469/3672 6824/1468/3671
f 6826/1468/3673 6828/1470/3675 6827/1467/3674
f 6829/1467/3676 6831/1470/3675 6830/1471/3677
f 6832/1471/3678 6834/1472/3679 6833/1467/3676
f 6835/1473/3680 6837/1467/3682 6836/1472/3681
f 6838/1472/3683 6840/1474/3684 6839/1473/3680
f 6841/1475/3685 6843/1473/3687 6842/1474/3686
f 6844/1474/3684 6846/1476/3689 6845/1475/3688
f 6847/1477/3690 6849/1475/3685 6848/1476/3689
f 6850/1476/3689 6852/1478/3691 6851/1477/3690
f 6853/1479/3692 6855/1477/3694 6854/1478/3693
f 6856/1478/3693 6858/1480/3696 6857/1479/3695
f 6859/1478/3693 6861/1481/3698 6860/1480/3697
f 6862/1480/3699 6864/1481/3698 6863/1482/3700
f 6865/1482/3700 6867/1483/3701 6866/1480/3699
f 6868/1484/3702 6870/1483/3703 6869/1482/3700
f 6871/1482/3700 6873/1485/3702 6872/1484/3702
f 6874/1486/3704 6876/1477/3690 6875/1479/3692
f 6877/1486/3705 6879/1479/3692 6878/1487/3706
f 6880/1487/3706 6882/1488/3706 6881/1486/3704
f 6883/1488/3706 6885/1487/3706 6884/1489/3707
f 6886/1489/3708 6888/1490/3708 6887/1488/3706
f 6889/1476/3689 6891/1474/3710 6890/1491/3709
f 6892/1491/3711 6894/1492/3713 6893/1476/3712
f 6895/1491/3709 6897/1474/3686 6896/1472/3714
f 6898/1472/3715 6900/1493/3716 6899/1491/3711
f 6901/1494/3717 6903/1493/3718 6902/1472/3683
f 6904/1472/3683 6906/1471/3720 6905/1494/3719
f 6907/1495/3721 6909/1494/3722 6908/1471/3678
f 6910/1471/3678 6912/1496/3724 6911/1495/3723
f 6913/1497/3725 6915/1495/3721 6914/1496/3724
f 6916/1496/3724 6918/1498/3725 6917/1497/3725
f 6919/1497/3725 6921/1498/3725 6920/1499/3726
f 6922/1499/3727 6924/1500/3721 6923/1497/3728
f 6925/1500/3721 6927/1499/3727 6926/1470/3729
f 6928/1470/3730 6930/1468/3673 6929/1500/3723
f 6931/1470/3675 6933/1499/3727 6932/1496/3724
f 6934/1496/3731 6936/1471/3678 6935/1470/3675
f 6937/1499/3727 6939/1498/3728 6938/1496/3724
f 6940/1501/3732 6942/1469/3733 6941/1467/3682
f 6943/1467/3676 6945/1473/3687 6944/1501/3732
f 6946/1501/3732 6948/1473/3687 6947/1475/3734
f 6949/1475/3734 6951/1502/3735 6950/1501/3732
f 6952/1355/3465 6954/1354/3736 6953/1356/1292
f 6955/1356/1292 6957/1357/2519 6956/1355/3492
f 6958/1356/1292 6960/1358/1292 6959/1357/3737
f 6961/1358/1294 6963/1359/3738 6962/1357/2519
f 6964/1503/1054 6966/1355/1054 6965/1504/370
f 6967/1504/370 6969/1505/1054 6968/1503/3657
f 6970/1355/370 6972/1503/370 6971/1505/3657
f 6973/1505/370 6975/1504/1054 6974/1355/3657
f 6976/1504/3739 6978/1507/1543 6977/1506/1541
f 6979/1506/1541 6981/1505/1543 6980/1504/3739
f 6982/1504/3459 6984/1505/1294 6983/1506/1292
f 6985/1506/1292 6987/1507/1294 6986/1504/3459
f 6988/1466/3636 6990/1458/3634 6989/1442/3740
f 6991/1508/3741 6993/1510/3742 6992/1509/3572
f 6994/1510/3743 6996/1511/3744 6995/1509/3576
f 6997/1510/3742 6999/1512/3745 6998/1511/3744
f 7000/1512/3746 7002/1513/3748 7001/1511/3747
f 7003/1508/3741 7005/1514/3750 7004/1510/3749
f 7006/1515/3751 7008/1516/3753 7007/1515/3752
f 7009/1515/3754 7011/1517/3756 7010/1516/3755
f 7012/1516/3755 7014/1517/3580 7013/1518/3757
f 7015/1516/3758 7017/1518/3760 7016/1518/3759
f 7018/1519/3761 7020/1518/3762 7019/1518/3760
f 7021/1518/3763 7023/1521/3764 7022/1520/3764
f 7024/1518/3765 7026/1511/3766 7025/1521/3764
f 7027/1522/1541 7029/1524/1543 7028/1523/1543
f 7030/1522/1541 7032/1525/1541 7031/1524/1543
f 7033/1526/3767 7035/1528/3769 7034/1527/3768
f 7036/1526/3770 7038/1529/3577 7037/1528/3771
f 7039/1526/3751 7041/1528/3773 7040/1529/3772
f 7042/1526/3582 7044/1527/3775 7043/1528/3774
f 7045/1530/1294 7047/1532/1292 7046/1531/1292
f 7048/1530/1292 7050/1533/1292 7049/1532/1292
f 7051/1534/3750 7053/1536/3776 7052/1535/3742
f 7054/1535/3777 7056/1536/3779 7055/1537/3778
f 7057/1535/3780 7059/1537/3781 7058/1538/3746
f 7060/1534/3782 7062/1539/3784 7061/1536/3783
f 7063/1540/3785 7065/1542/3787 7064/1541/3786
f 7066/1540/3745 7068/1543/3781 7067/1542/3788
f 7069/1544/3789 7071/1536/3790 7070/1545/3773
f 7072/1544/3775 7074/1546/3792 7073/1536/3791
f 7075/1541/3748 7077/1543/3793 7076/1540/3759
f 7078/1541/3764 7080/1542/3795 7079/1543/3794
f 7081/1535/3792 7083/1537/3797 7082/1536/3796
f 7084/1535/3755 7086/1538/3759 7085/1537/3798
f 7087/1547/1541 7089/1524/1541 7088/1548/1543
f 7090/1547/1716 7092/1533/1541 7091/1524/1541
f 7093/1547/1292 7095/1524/2132 7094/1533/1294
f 7096/1547/1292 7098/1548/1294 7097/1524/3799
f 7099/1549/3800 7101/1551/3802 7100/1550/3801
f 7102/1550/3803 7104/1552/3805 7103/1549/3804
f 7105/1553/3806 7107/1549/3808 7106/1552/3807
f 7108/1552/3809 7110/1554/3811 7109/1553/3810
f 7111/1553/3812 7113/1554/3814 7112/1555/3813
f 7114/1555/3815 7116/1556/3817 7115/1553/3816
f 7117/1557/3818 7119/1553/3810 7118/1556/3819
f 7120/1556/3820 7122/1558/3822 7121/1557/3821
f 7123/1559/3823 7125/1557/3825 7124/1558/3824
f 7126/1558/3826 7128/1560/3828 7127/1559/3827
f 7129/1561/3829 7131/1559/3831 7130/1560/3830
f 7132/1560/3830 7134/1562/3832 7133/1561/3829
f 7135/1563/3833 7137/1561/3829 7136/1562/3832
f 7138/1562/3832 7140/1564/3835 7139/1563/3834
f 7141/1563/3836 7143/1564/3838 7142/1565/3837
f 7144/1565/3837 7146/1566/3840 7145/1563/3839
f 7147/1563/3836 7149/1566/3842 7148/1567/3841
f 7150/1567/3843 7152/1568/3844 7151/1563/3839
f 7153/1568/3844 7155/1567/3846 7154/1569/3845
f 7156/1569/3845 7158/1570/3847 7157/1568/3844
f 7159/1571/3848 7161/1570/3847 7160/1569/3845
f 7162/1571/3849 7164/1569/3851 7163/1572/3850
f 7165/1571/3849 7167/1572/3853 7166/1573/3852
f 7168/1571/3854 7170/1573/3852 7169/1574/3855
f 7171/1571/3849 7173/1574/3857 7172/1575/3856
f 7174/1571/3858 7176/1575/3860 7175/1576/3859
f 7177/1571/3849 7179/1576/3862 7178/1577/3861
f 7180/1571/3863 7182/1577/3865 7181/1578/3864
f 7183/1578/3866 7185/1577/3861 7184/1579/3867
f 7186/1579/3868 7188/1580/3870 7187/1578/3869
f 7189/1580/3871 7191/1579/3868 7190/1581/3872
f 7192/1581/3873 7194/1582/3874 7193/1580/3871
f 7195/1583/1586 7197/1582/3876 7196/1581/3875
f 7198/1581/3875 7200/1584/3877 7199/1583/1456
f 7201/1585/3878 7203/1583/2413 7202/1584/3877
f 7204/1584/3879 7206/1586/3880 7205/1585/1617
f 7207/1587/3129 7209/1585/3882 7208/1586/3881
f 7210/1586/3883 7212/1588/3884 7211/1587/1198
f 7213/1589/1618 7215/1587/1198 7214/1588/3884
f 7216/1588/3885 7218/1590/3886 7217/1589/1617
f 7219/1590/3887 7221/1588/3889 7220/1591/3888
f 7222/1591/3890 7224/1592/3892 7223/1590/3891
f 7225/1592/3893 7227/1591/3895 7226/1593/3894
f 7228/1593/3896 7230/1594/3897 7229/1592/3893
f 7231/1594/3897 7233/1593/3896 7232/1595/3898
f 7234/1595/3899 7236/1596/3900 7235/1594/3897
f 7237/1595/3899 7239/1597/3902 7238/1596/3901
f 7240/1596/3901 7242/1597/3902 7241/1598/3903
f 7243/1596/3901 7245/1598/3905 7244/1599/3904
f 7246/1599/3906 7248/1598/3908 7247/1600/3907
f 7249/1600/3909 7251/1598/3908 7250/1601/3910
f 7252/1601/3910 7254/1602/3912 7253/1600/3911
f 7255/1603/3913 7257/1600/3915 7256/1602/3914
f 7258/1603/3913 7260/1602/3914 7259/1604/1548
f 7261/1605/3916 7263/1604/3917 7262/1602/3914
f 7264/1602/3912 7266/1606/3919 7265/1605/3918
f 7267/1605/3920 7269/1606/3921 7268/1607/3338
f 7270/1607/3922 7272/1608/3923 7271/1605/3920
f 7273/1609/3924 7275/1605/3920 7274/1608/3923
f 7276/1608/3925 7278/1610/3923 7277/1609/3926
f 7279/1611/3927 7281/1610/3928 7280/1608/3925
f 7282/1608/3928 7284/1612/3930 7283/1611/3929
f 7285/1613/3931 7287/1611/3933 7286/1612/3932
f 7288/1612/3934 7290/1614/3936 7289/1613/3935
f 7291/1615/3937 7293/1614/3938 7292/1612/3932
f 7294/1612/3939 7296/1616/3940 7295/1615/3937
f 7297/1615/3937 7299/1616/3942 7298/1617/3941
f 7300/1617/3943 7302/1618/3944 7301/1615/3937
f 7303/1619/3945 7305/1615/3937 7304/1618/3946
f 7306/1618/3946 7308/1620/3948 7307/1619/3947
f 7309/1621/3949 7311/1619/3951 7310/1620/3950
f 7312/1622/3952 7314/1621/3953 7313/1620/3950
f 7315/1622/3952 7317/1620/3950 7316/1623/3954
f 7318/1624/3955 7320/1622/3952 7319/1623/3954
f 7321/1624/3956 7323/1623/3958 7322/1625/3957
f 7324/1626/2518 7326/1624/3960 7325/1625/3959
f 7327/1625/3957 7329/1627/3961 7328/1626/2518
f 7330/1626/3962 7332/1627/3961 7331/1628/3963
f 7333/1629/3964 7335/1626/2521 7334/1628/3961
f 7336/1629/3965 7338/1628/3961 7337/1630/3966
f 7339/1629/3967 7341/1630/3969 7340/1558/3968
f 7342/1558/3970 7344/1556/3820 7343/1629/3971
f 7345/1631/3972 7347/1629/3974 7346/1556/3973
f 7348/1556/3975 7350/1555/3977 7349/1631/3976
f 7351/1632/3978 7353/1631/3980 7352/1555/3979
f 7354/1555/3981 7356/1633/3982 7355/1632/3978
f 7357/1634/3983 7359/1632/3985 7358/1633/3984
f 7360/1633/3982 7362/1635/3987 7361/1634/3986
f 7363/1636/1618 7365/1634/3988 7364/1635/3987
f 7366/1635/3989 7368/1637/1456 7367/1636/1620
f 7369/1637/1462 7371/1635/3991 7370/1638/3990
f 7372/1638/3992 7374/1639/3876 7373/1637/1456
f 7375/1640/3993 7377/1639/3876 7376/1638/3994
f 7378/1638/3992 7380/1641/3996 7379/1640/3995
f 7381/1642/3866 7383/1640/3993 7382/1641/3997
f 7384/1641/3998 7386/1643/3999 7385/1642/3866
f 7387/1644/3858 7389/1642/4001 7388/1643/4000
f 7390/1644/3863 7392/1643/4003 7391/1645/4002
f 7393/1644/3863 7395/1645/4002 7394/1550/4004
f 7396/1644/3858 7398/1550/4005 7397/1551/3802
f 7399/1644/3849 7401/1551/4007 7400/1646/4006
f 7402/1644/4008 7404/1646/4010 7403/1647/4009
f 7405/1644/4011 7407/1647/4013 7406/1648/4012
f 7408/1644/3863 7410/1648/4015 7409/1649/4014
f 7411/1650/4016 7413/1649/4017 7412/1648/4015
f 7414/1648/4015 7416/1651/4019 7415/1650/4018
f 7417/1563/3834 7419/1650/4016 7418/1651/4019
f 7420/1651/4019 7422/1561/3829 7421/1563/3833
f 7423/1561/4020 7425/1651/4022 7424/1652/4021
f 7426/1652/4021 7428/1559/3831 7427/1561/3829
f 7429/1559/3827 7431/1652/4024 7430/1653/4023
f 7432/1653/4023 7434/1557/3821 7433/1559/3827
f 7435/1557/4025 7437/1653/4023 7436/1549/4026
f 7438/1549/3808 7440/1553/4027 7439/1557/4025
f 7441/1551/4028 7443/1549/4030 7442/1653/4029
f 7444/1653/4031 7446/1646/4033 7445/1551/4032
f 7447/1646/4034 7449/1653/4023 7448/1652/4024
f 7450/1652/4035 7452/1647/4009 7451/1646/4033
f 7453/1647/4013 7455/1652/4036 7454/1651/4019
f 7456/1651/4037 7458/1648/4039 7457/1647/4038
f 7459/1552/4040 7461/1550/4042 7460/1645/4041
f 7462/1645/4002 7464/1654/4043 7463/1552/3807
f 7465/1554/3811 7467/1552/3809 7466/1654/4044
f 7468/1654/4045 7470/1655/4047 7469/1554/4046
f 7471/1554/4048 7473/1655/4049 7472/1633/3984
f 7474/1633/3982 7476/1555/3813 7475/1554/4048
f 7477/1635/3987 7479/1633/3982 7478/1655/4047
f 7480/1655/4050 7482/1638/4052 7481/1635/4051
f 7483/1641/4053 7485/1638/3992 7484/1655/4054
f 7486/1655/4055 7488/1654/4043 7487/1641/3998
f 7489/1643/3999 7491/1641/4053 7490/1654/4043
f 7492/1654/4056 7494/1645/4057 7493/1643/3999
f 7495/1560/4058 7497/1558/3824 7496/1630/4059
f 7498/1630/4060 7500/1656/4061 7499/1560/3828
f 7501/1560/3830 7503/1656/4062 7502/1562/3832
f 7504/1562/3832 7506/1656/4064 7505/1657/4063
f 7507/1657/4065 7509/1658/4067 7508/1562/4066
f 7510/1564/4068 7512/1562/3832 7511/1658/4069
f 7513/1658/4069 7515/1659/4070 7514/1564/4070
f 7516/1564/4068 7518/1659/4072 7517/1660/4071
f 7519/1660/4073 7521/1565/4074 7520/1564/4072
f 7522/1661/4075 7524/1565/4077 7523/1660/4076
f 7525/1565/4074 7527/1661/4079 7526/1662/4078
f 7528/1663/4080 7530/1565/4074 7529/1662/4078
f 7531/1663/4081 7533/1662/4083 7532/1664/4082
f 7534/1664/4082 7536/1665/4085 7535/1663/4084
f 7537/1666/4086 7539/1663/4084 7538/1665/4085
f 7540/1665/4085 7542/1667/4088 7541/1666/4087
f 7543/1666/4089 7545/1667/4091 7544/1668/4090
f 7546/1668/4090 7548/1669/4092 7547/1666/4087
f 7549/1566/3842 7551/1666/4094 7550/1669/4093
f 7552/1669/4095 7554/1567/3846 7553/1566/3842
f 7555/1567/3846 7557/1669/4095 7556/1572/3850
f 7558/1572/4096 7560/1569/4097 7559/1567/3846
f 7561/1573/3852 7563/1572/4099 7562/1669/4098
f 7564/1669/4092 7566/1668/4101 7565/1573/4100
f 7567/1574/3855 7569/1573/4102 7568/1668/4101
f 7570/1668/4101 7572/1670/4104 7571/1574/4103
f 7573/1575/4105 7575/1574/3857 7574/1670/4106
f 7576/1670/4106 7578/1671/4108 7577/1575/4107
f 7579/1576/3859 7581/1575/4110 7580/1671/4109
f 7582/1671/4111 7584/1672/4112 7583/1576/3859
f 7585/1577/3861 7587/1576/4114 7586/1672/4113
f 7588/1672/4115 7590/1579/3868 7589/1577/4116
f 7591/1579/4117 7593/1672/4113 7592/1673/4118
f 7594/1673/4119 7596/1581/4121 7595/1579/4120
f 7597/1584/4122 7599/1581/3872 7598/1673/4119
f 7600/1673/4118 7602/1674/4124 7601/1584/4123
f 7603/1586/4125 7605/1584/4127 7604/1674/4126
f 7606/1674/4124 7608/1675/4129 7607/1586/4128
f 7609/1588/4130 7611/1586/4125 7610/1675/4129
f 7612/1675/4131 7614/1591/4132 7613/1588/3889
f 7615/1591/3895 7617/1675/4134 7616/1676/4133
f 7618/1676/4133 7620/1593/3894 7619/1591/4135
f 7621/1593/3896 7623/1676/4133 7622/1677/4136
f 7624/1677/4136 7626/1678/4137 7625/1593/3894
f 7627/1678/4138 7629/1595/3898 7628/1593/3896
f 7630/1679/4139 7632/1595/4140 7631/1678/4138
f 7633/1678/4141 7635/1680/4143 7634/1679/4142
f 7636/1679/4144 7638/1680/4146 7637/1681/4145
f 7639/1679/4142 7641/1681/4145 7640/1682/4147
f 7642/1597/4148 7644/1679/4139 7643/1682/4149
f 7645/1682/4147 7647/1683/4142 7646/1597/4150
f 7648/1597/4148 7650/1683/4139 7649/1598/3905
f 7651/1683/4142 7653/1601/3910 7652/1598/3903
f 7654/1683/4139 7656/1684/4151 7655/1601/3910
f 7657/1601/3910 7659/1684/4153 7658/1685/4152
f 7660/1601/4154 7662/1685/4156 7661/1686/4155
f 7663/1602/3912 7665/1601/3910 7664/1686/4155
f 7666/1686/4157 7668/1606/4159 7667/1602/4158
f 7669/1606/4159 7671/1686/4161 7670/1687/4160
f 7672/1687/4162 7674/1607/4164 7673/1606/4163
f 7675/1607/4165 7677/1687/4167 7676/1688/4166
f 7678/1607/3338 7680/1688/4169 7679/1689/4168
f 7681/1689/4168 7683/1616/4170 7682/1607/4164
f 7684/1607/3338 7686/1616/4170 7685/1612/4171
f 7687/1612/4172 7689/1608/3928 7688/1607/4164
f 7690/1616/4173 7692/1689/4168 7691/1617/3943
f 7693/1690/4174 7695/1692/4176 7694/1691/4175
f 7696/1691/4177 7698/1693/4179 7697/1690/4178
f 7699/1694/4180 7701/1691/4175 7700/1692/4181
f 7702/1692/4182 7704/1695/4184 7703/1694/4183
f 7705/1631/3976 7707/1632/3985 7706/1696/4185
f 7708/1696/4186 7710/1697/4188 7709/1631/4187
f 7711/1629/3967 7713/1631/4187 7712/1697/4189
f 7714/1697/4190 7716/1626/4191 7715/1629/3967
f 7717/1626/4192 7719/1697/4189 7718/1624/1466
f 7720/1624/1466 7722/1697/4194 7721/1698/4193
f 7723/1698/4195 7725/1622/4196 7724/1624/1466
f 7726/1694/4197 7728/1698/4198 7727/1697/4188
f 7729/1697/4190 7731/1696/4200 7730/1694/4199
f 7732/1691/4201 7734/1694/4202 7733/1696/4185
f 7735/1696/4185 7737/1699/4204 7736/1691/4203
f 7738/1693/4205 7740/1691/4206 7739/1699/4204
f 7741/1699/4204 7743/1700/1198 7742/1693/1618
f 7744/1700/4207 7746/1699/4208 7745/1634/3986
f 7747/1634/3988 7749/1636/1618 7748/1700/1198
f 7750/1632/4209 7752/1634/3988 7751/1699/4204
f 7753/1699/4210 7755/1696/4212 7754/1632/4211
f 7756/1701/4213 7758/1620/4214 7757/1618/3946
f 7759/1701/4215 7761/1618/4217 7760/1702/4216
f 7762/1618/4218 7764/1703/4220 7763/1702/4219
f 7765/1618/4221 7767/1617/3941 7766/1703/4220
f 7768/1623/4222 7770/1620/4224 7769/1701/4223
f 7771/1623/4222 7773/1701/4213 7772/1704/4225
f 7774/1704/4226 7776/1625/4223 7775/1623/4227
f 7777/1625/4228 7779/1704/4230 7778/1705/4229
f 7780/1625/4231 7782/1705/4229 7781/1627/4232
f 7783/1706/4233 7785/1627/4234 7784/1705/4229
f 7786/1628/4235 7788/1627/4234 7787/1706/4233
f 7789/1706/4236 7791/1707/4237 7790/1628/4234
f 7792/1630/4059 7794/1628/4235 7793/1707/4238
f 7795/1630/4239 7797/1707/4237 7796/1708/4240
f 7798/1630/4239 7800/1708/4240 7799/1656/4241
f 7801/1656/4064 7803/1708/4242 7802/1657/4063
f 7804/1709/4243 7806/1711/3959 7805/1710/4244
f 7807/1710/4245 7809/1712/4247 7808/1709/4246
f 7810/1712/4248 7812/1710/4250 7811/1713/4249
f 7813/1713/4249 7815/1714/4252 7814/1712/4251
f 7816/1715/4253 7818/1714/4254 7817/1713/4254
f 7819/1713/4255 7821/1716/4256 7820/1715/4256
f 7822/1717/4257 7824/1715/4259 7823/1716/4258
f 7825/1716/4258 7827/1718/4257 7826/1717/4257
f 7828/1717/1016 7830/1718/1016 7829/1719/4260
f 7831/1719/4261 7833/1720/4261 7832/1717/1016
f 7834/1720/4261 7836/1719/4261 7835/1721/4262
f 7837/1721/4262 7839/1722/4262 7838/1720/4263
f 7840/1723/4264 7842/1722/4265 7841/1721/4265
f 7843/1721/4262 7845/1724/4266 7844/1723/4264
f 7846/1725/4149 7848/1723/4268 7847/1724/4267
f 7849/1724/4267 7851/1726/4270 7850/1725/4269
f 7852/1727/1549 7854/1729/4272 7853/1728/4271
f 7855/1728/4273 7857/1730/4274 7856/1727/3935
f 7858/1730/4275 7860/1728/4277 7859/1731/4276
f 7861/1731/4278 7863/1732/3925 7862/1730/3927
f 7864/1733/3926 7866/1732/3923 7865/1731/4279
f 7867/1731/4276 7869/1734/4280 7868/1733/3926
f 7870/1735/4281 7872/1733/4283 7871/1734/4282
f 7873/1734/4282 7875/1736/1564 7874/1735/1565
f 7876/1737/4284 7878/1736/4285 7877/1734/4282
f 7879/1734/4282 7881/1738/4286 7880/1737/1561
f 7882/1739/1557 7884/1737/1561 7883/1738/4287
f 7885/1739/4288 7887/1738/4290 7886/1740/4289
f 7888/1739/4288 7890/1740/4289 7889/1741/4291
f 7891/1739/4292 7893/1741/4294 7892/1742/4293
f 7894/1742/4293 7896/1741/4295 7895/1728/4273
f 7897/1728/4273 7899/1729/4272 7898/1742/4296
f 7900/1728/4297 7902/1741/4298 7901/1740/4289
f 7903/1740/4289 7905/1731/4300 7904/1728/4299
f 7906/1734/4282 7908/1731/4276 7907/1740/4301
f 7909/1740/4301 7911/1738/4302 7910/1734/4280
f 7912/1743/4303 7914/1745/4305 7913/1744/4304
f 7915/1744/4306 7917/1746/4306 7916/1743/4303
f 7918/1744/4304 7920/1745/4307 7919/1743/4307
f 7921/1743/4308 7923/1746/4304 7922/1744/4306
f 7924/1747/4309 7926/1743/4311 7925/1745/4310
f 7927/1745/4312 7929/1748/4314 7928/1747/4313
f 7930/1749/4315 7932/1747/4309 7931/1748/4316
f 7933/1748/4317 7935/1750/4318 7934/1749/2039
f 7936/1749/4319 7938/1750/4318 7937/1751/4320
f 7939/1751/4320 7941/1752/4322 7940/1749/4321
f 7942/1752/4323 7944/1753/4324 7943/1749/4321
f 7945/1751/4178 7947/1750/4326 7946/1749/4325
f 7948/1749/4327 7950/1752/4328 7949/1751/4174
f 7951/1752/4176 7953/1749/4330 7952/1753/4329
f 7954/1749/4331 7956/1750/289 7955/1748/4332
f 7957/1748/4333 7959/1747/4334 7958/1749/4327
f 7960/1747/4335 7962/1748/4336 7961/1745/4311
f 7963/1745/4312 7965/1743/4337 7964/1747/4335
f 7966/1754/4338 7968/1615/4339 7967/1619/3945
f 7969/1754/4338 7971/1614/4341 7970/1615/4340
f 7972/1755/4342 7974/1756/4344 7973/1712/4343
f 7975/1712/4343 7977/1757/4346 7976/1755/4345
f 7978/1757/4347 7980/1712/4349 7979/1714/4348
f 7981/1714/4350 7983/1758/4348 7982/1757/4346
f 7984/1758/4351 7986/1714/4353 7985/1715/4352
f 7987/1715/4354 7989/1759/4355 7988/1758/4348
f 7990/1759/4356 7992/1715/4356 7991/1717/4357
f 7993/1717/4357 7995/1760/4358 7994/1759/4356
f 7996/1761/4359 7998/1760/4358 7997/1717/4358
f 7999/1717/4360 8001/1720/4361 8000/1761/4361
f 8002/1762/4362 8004/1761/4361 8003/1720/4361
f 8005/1720/4361 8007/1722/4363 8006/1762/4362
f 8008/1763/4364 8010/1762/4363 8009/1722/4362
f 8011/1722/4363 8013/1723/4365 8012/1763/4364
f 8014/1764/4366 8016/1763/4368 8015/1723/4367
f 8017/1723/4367 8019/1765/4370 8018/1764/4369
f 8020/1766/4371 8022/1767/4373 8021/1710/4372
f 8023/1710/4374 8025/1711/4376 8024/1766/4375
f 8026/1713/4377 8028/1710/4379 8027/1767/4378
f 8029/1767/4380 8031/1768/4382 8030/1713/4381
f 8032/1716/4383 8034/1713/4385 8033/1768/4384
f 8035/1768/4382 8037/1769/4383 8036/1716/4386
f 8038/1718/4387 8040/1716/4386 8039/1769/4388
f 8041/1769/4389 8043/1770/4390 8042/1718/4387
f 8044/1718/4391 8046/1770/4393 8045/1771/4392
f 8047/1771/4394 8049/1719/4394 8048/1718/4391
f 8050/1719/4395 8052/1771/4394 8051/1772/4396
f 8053/1772/4397 8055/1721/4398 8054/1719/4392
f 8056/1721/4399 8058/1772/4397 8057/1773/4400
f 8059/1773/4401 8061/1724/4402 8060/1721/4398
f 8062/1724/4403 8064/1773/4400 8063/1774/4404
f 8065/1774/4405 8067/1726/4407 8066/1724/4406
f 8068/1775/4408 8070/1673/4410 8069/1672/4409
f 8071/1672/4112 8073/1671/4108 8072/1775/4411
f 8074/1776/4412 8076/1775/4413 8075/1671/4108
f 8077/1671/4108 8079/1670/4414 8078/1776/4412
f 8080/1667/4088 8082/1776/4415 8081/1670/4104
f 8083/1670/4416 8085/1668/4101 8084/1667/4088
f 8086/1777/4417 8088/1776/4418 8087/1667/4088
f 8089/1667/4088 8091/1665/4419 8090/1777/4417
f 8092/1677/4420 8094/1777/4421 8093/1665/4419
f 8095/1665/4419 8097/1664/4422 8096/1677/4420
f 8098/1677/4136 8100/1664/4422 8099/1778/4143
f 8101/1677/4136 8103/1778/4143 8102/1678/4423
f 8104/1678/4423 8106/1778/4143 8105/1680/4143
f 8107/1779/4424 8109/1680/4146 8108/1778/4146
f 8110/1778/4146 8112/1780/4426 8111/1779/4425
f 8113/1664/4082 8115/1780/4426 8114/1778/4427
f 8116/1664/4428 8118/1781/4430 8117/1780/4429
f 8119/1664/4082 8121/1662/4083 8120/1781/4430
f 8122/1662/4078 8124/1661/4079 8123/1781/4431
f 8125/1779/4424 8127/1681/4145 8126/1680/4146
f 8128/1777/4432 8130/1677/4136 8129/1676/4433
f 8131/1676/4133 8133/1782/4435 8132/1777/4434
f 8134/1776/4412 8136/1777/4432 8135/1782/4436
f 8137/1782/4436 8139/1775/4437 8138/1776/4412
f 8140/1775/4411 8142/1782/4439 8141/1674/4438
f 8143/1674/4440 8145/1673/4410 8144/1775/4413
f 8146/1675/4441 8148/1674/4440 8147/1782/4442
f 8149/1782/4443 8151/1676/4444 8150/1675/4134
f 8152/1663/4080 8154/1666/4446 8153/1566/4445
f 8155/1566/4447 8157/1565/4448 8156/1663/4080
f 8158/1783/4449 8160/1589/4174 8159/1590/4450
f 8161/1590/4451 8163/1784/4323 8162/1783/4179
f 8164/1784/4452 8166/1590/4453 8165/1592/2370
f 8167/1592/2370 8169/1785/4454 8168/1784/4323
f 8170/1605/3918 8172/1609/4283 8171/1786/4281
f 8173/1786/1565 8175/1604/1548 8174/1605/3918
f 8176/1595/4140 8178/1679/4455 8177/1597/4148
f 8179/1787/4456 8181/1789/4458 8180/1788/4457
f 8182/1788/4459 8184/1790/4460 8183/1787/3452
f 8185/1790/4460 8187/1788/4457 8186/1791/4461
f 8188/1791/4462 8190/1792/4464 8189/1790/4463
f 8191/1792/4465 8193/1791/4467 8192/1793/4466
f 8194/1793/4468 8196/1794/4470 8195/1792/4469
f 8197/1794/4471 8199/1793/4466 8198/1795/4472
f 8200/1795/4473 8202/1796/4475 8201/1794/4474
f 8203/1797/4476 8205/1796/4477 8204/1795/4473
f 8206/1795/4473 8208/1798/4479 8207/1797/4478
f 8209/1799/4480 8211/1797/4482 8210/1798/4481
f 8212/1798/4481 8214/1800/4484 8213/1799/4483
f 8215/1801/4485 8217/1799/4486 8216/1800/4484
f 8218/1800/4484 8220/1802/4488 8219/1801/4487
f 8221/1803/1292 8223/1801/4490 8222/1802/4489
f 8224/1802/4491 8226/1804/4492 8225/1803/1294
f 8227/1805/4493 8229/1807/4494 8228/1806/4494
f 8230/1806/4495 8232/1808/4497 8231/1805/4496
f 8233/1809/4498 8235/1806/4499 8234/1807/4499
f 8236/1807/4500 8238/1810/4502 8237/1809/4501
f 8239/1811/4503 8241/1809/4505 8240/1810/4504
f 8242/1810/4504 8244/1812/4506 8243/1811/4503
f 8245/1813/4507 8247/1811/4503 8246/1812/4506
f 8248/1812/4506 8250/1814/4508 8249/1813/4507
f 8251/1813/4509 8253/1814/4511 8252/1815/4510
f 8254/1815/4510 8256/1816/4512 8255/1813/4509
f 8257/1816/4513 8259/1815/4515 8258/1817/4514
f 8260/1817/4516 8262/1818/4517 8261/1816/4513
f 8263/1818/4518 8265/1817/4520 8264/1819/4519
f 8266/1819/4519 8268/1820/4519 8267/1818/4521
f 8269/1820/4522 8271/1819/4522 8270/1821/4523
f 8272/1821/4523 8274/1822/4525 8273/1820/4524
f 8275/1823/4526 8277/1808/4528 8276/1806/4527
f 8278/1806/4527 8280/1824/4530 8279/1823/4529
f 8281/1824/4531 8283/1806/4533 8282/1809/4532
f 8284/1809/4532 8286/1825/4534 8285/1824/4531
f 8287/1825/4534 8289/1809/4536 8288/1811/4535
f 8290/1811/4537 8292/1826/4538 8291/1825/4534
f 8293/1826/4539 8295/1811/4537 8294/1813/4540
f 8296/1813/4541 8298/1827/4543 8297/1826/4542
f 8299/1828/4544 8301/1827/4543 8300/1813/4545
f 8302/1813/4545 8304/1816/4546 8303/1828/4544
f 8305/1829/4547 8307/1828/4549 8306/1816/4548
f 8308/1816/4550 8310/1818/4551 8309/1829/4547
f 8311/1830/4552 8313/1829/4547 8312/1818/4553
f 8314/1818/4554 8316/1820/4556 8315/1830/4555
f 8317/1831/4557 8319/1830/4552 8318/1820/4556
f 8320/1820/4558 8322/1822/4560 8321/1831/4559
f 8323/1832/4561 8325/1833/4563 8324/1807/4562
f 8326/1807/4562 8328/1834/4565 8327/1832/4564
f 8329/1810/4566 8331/1807/4568 8330/1833/4567
f 8332/1833/4567 8334/1835/4566 8333/1810/4569
f 8335/1812/4570 8337/1810/4571 8336/1835/4571
f 8338/1835/4572 8340/1836/4570 8339/1812/4570
f 8341/1814/4573 8343/1812/4575 8342/1836/4574
f 8344/1836/4576 8346/1837/4577 8345/1814/4573
f 8347/1814/4573 8349/1837/4573 8348/1838/4578
f 8350/1838/4579 8352/1815/4580 8351/1814/4573
f 8353/1815/4579 8355/1838/4582 8354/1839/4581
f 8356/1839/4583 8358/1817/4581 8357/1815/4579
f 8359/1817/4583 8361/1839/4585 8360/1840/4584
f 8362/1840/4586 8364/1819/4587 8363/1817/4581
f 8365/1819/4588 8367/1840/4586 8366/1841/4589
f 8368/1841/4589 8370/1842/4590 8369/1819/4587
f 8371/1420/4591 8373/1421/4592 8372/1843/4592
f 8374/1408/4593 8376/1844/4594 8375/1429/4593
f 8377/1845/4595 8379/1846/2354 8378/1846/2352
f 8380/1846/2354 8382/1845/4595 8381/1845/2354
f 8383/1847/4596 8385/1848/4597 8384/1846/4596
f 8386/1846/3130 8388/1845/3130 8387/1847/4596
f 8389/1845/4598 8391/1846/4600 8390/1849/4599
f 8392/1849/4599 8394/1850/4601 8393/1845/4601
f 8395/1851/1541 8397/1851/1543 8396/1852/1541
f 8398/1852/1541 8400/1853/1543 8399/1851/1541
f 8401/1853/4602 8403/1852/4602 8402/1854/4602
f 8404/1854/4602 8406/1855/4602 8405/1853/4602
f 8407/1855/1294 8409/1854/1292 8408/1856/1294
f 8410/1856/1294 8412/1856/1292 8411/1855/1294
f 8413/1857/1506 8415/1857/1507 8414/1858/1506
f 8416/1858/1506 8418/1858/1507 8417/1857/1507
f 8419/1859/4603 8421/1857/4604 8420/1858/4603
f 8422/1858/4605 8424/1860/4606 8423/1859/4605
f 8425/1857/4607 8427/1862/4607 8426/1861/4608
f 8428/1861/4608 8430/1858/4610 8429/1857/4609
f 8431/1863/1292 8433/1865/1294 8432/1864/1292
f 8434/1864/1294 8436/1866/1294 8435/1863/1292
f 8437/1865/4611 8439/1868/4612 8438/1867/4612
f 8440/1867/4611 8442/1864/4611 8441/1865/4612
f 8443/1868/1716 8445/1870/1543 8444/1869/1543
f 8446/1869/1541 8448/1867/1716 8447/1868/1543
f 8449/1871/1626 8451/1873/4613 8450/1872/1626
f 8452/1872/1184 8454/1874/1184 8453/1871/4614
f 8455/1875/1000 8457/1877/991 8456/1876/1000
f 8458/1876/4615 8460/1878/4615 8459/1875/1000
f 8461/1876/1529 8463/1873/1531 8462/1871/1527
f 8464/1871/1529 8466/1878/1531 8465/1876/1529
f 8467/1879/1292 8469/1877/1292 8468/1880/1292
f 8470/1880/1294 8472/1879/1294 8471/1879/1292
f 8473/1877/1716 8475/1879/1543 8474/1879/1543
f 8476/1879/1541 8478/1880/1716 8477/1877/1543
f 8479/1877/913 8481/1875/915 8480/1881/914
f 8482/1881/913 8484/1880/915 8483/1877/913
f 8485/1882/4614 8487/1884/1626 8486/1883/1184
f 8488/1883/1626 8490/1885/1184 8489/1882/4613
f 8491/1886/991 8493/1888/1000 8492/1887/991
f 8494/1887/1000 8496/1889/1000 8495/1886/1000
f 8497/1887/1527 8499/1888/1529 8498/1882/1531
f 8500/1882/1529 8502/1885/1529 8501/1887/1529
f 8503/1890/1541 8505/1890/1543 8504/1891/1543
f 8506/1891/1541 8508/1889/1543 8507/1890/1541
f 8509/1889/1294 8511/1891/1292 8510/1890/1294
f 8512/1890/1294 8514/1890/1292 8513/1889/1294
f 8515/1889/915 8517/1891/913 8516/1892/915
f 8518/1892/915 8520/1886/913 8519/1889/913
f 8521/1893/4616 8523/1895/4618 8522/1894/4617
f 8524/1894/4616 8526/1896/4618 8525/1893/4618
f 8527/1893/2605 8529/1896/4620 8528/1897/4619
f 8530/1897/2605 8532/1898/4621 8531/1893/4619
f 8533/1899/4622 8535/1900/4622 8534/1894/4623
f 8536/1894/4623 8538/1895/4622 8537/1899/4623
f 8539/1901/4624 8541/1903/4625 8540/1902/4625
f 8542/1902/4626 8544/1901/4625 8543/1901/4626
f 8545/1904/4627 8547/1905/4627 8546/1905/4628
f 8548/1905/4627 8550/1906/4629 8549/1904/4628
f 8551/1903/4630 8553/1904/4632 8552/1906/4631
f 8554/1906/4632 8556/1902/4632 8555/1903/4632
f 8557/1907/4616 8559/1908/4616 8558/1908/4633
f 8560/1908/4618 8562/1907/4616 8561/1907/4633
f 8563/1907/4634 8565/1910/4634 8564/1909/4623
f 8566/1909/4635 8568/1908/4636 8567/1907/4623
f 8569/1911/2605 8571/1907/4619 8570/1908/2507
f 8572/1908/4619 8574/1912/2605 8573/1911/2605
f 8575/1913/4624 8577/1915/4625 8576/1914/4625
f 8578/1914/4625 8580/1916/4625 8579/1913/4625
f 8581/1917/4627 8583/1919/4627 8582/1918/4629
f 8584/1918/4637 8586/1920/4629 8585/1917/4637
f 8587/1916/4632 8589/1914/4632 8588/1919/4630
f 8590/1919/4632 8592/1917/4631 8591/1916/4630
f 8593/1921/4638 8595/1923/4639 8594/1922/288
f 8596/1924/4640 8598/1921/4641 8597/1922/288
f 8599/1924/4642 8601/1922/288 8600/1925/4643
f 8602/1926/4644 8604/1924/4642 8603/1925/4645
f 8605/1925/4646 8607/1927/4648 8606/1926/4647
f 8608/1928/4649 8610/1926/4651 8609/1927/4650
f 8611/1927/4650 8613/1929/4653 8612/1928/4652
f 8614/1930/4654 8616/1929/4653 8615/1927/4655
f 8617/1927/4650 8619/1931/4657 8618/1930/4656
f 8620/1932/4658 8622/1930/4656 8621/1931/4659
f 8623/1933/4660 8625/1932/4661 8624/1931/4657
f 8626/1931/4662 8628/1934/4605 8627/1933/4660
f 8629/1935/4663 8631/1933/4664 8630/1934/4603
f 8632/1934/1641 8634/1936/4665 8633/1935/4663
f 8635/1937/288 8637/1936/1622 8636/1934/4666
f 8638/1934/4603 8640/1922/529 8639/1937/4667
f 8641/1937/4668 8643/1922/288 8642/1938/4669
f 8644/1939/4670 8646/1937/288 8645/1938/4671
f 8647/1940/4672 8649/1939/4670 8648/1938/4673
f 8650/1938/4674 8652/1941/4676 8651/1940/4675
f 8653/1942/4677 8655/1940/4679 8654/1941/4678
f 8656/1941/4680 8658/1943/4681 8657/1942/4677
f 8659/1938/4674 8661/1922/4667 8660/1923/4639
f 8662/1923/4682 8664/1944/4684 8663/1938/4683
f 8665/1945/4685 8667/1944/4687 8666/1923/4686
f 8668/1923/4639 8670/1946/4689 8669/1945/4688
f 8671/1947/4690 8673/1945/4692 8672/1946/4691
f 8674/1946/4693 8676/1948/2869 8675/1947/4694
f 8677/1948/2872 8679/1946/4693 8678/1949/4695
f 8680/1949/4696 8682/1950/4032 8681/1948/4697
f 8683/1950/4698 8685/1949/4700 8684/1926/4699
f 8686/1926/4699 8688/1928/4702 8687/1950/4701
f 8689/1924/4703 8691/1926/4705 8690/1949/4704
f 8692/1949/4700 8694/1921/4641 8693/1924/4642
f 8695/1921/4638 8697/1949/4696 8696/1946/4706
f 8698/1946/4707 8700/1923/4639 8699/1921/4708
f 8701/1925/4709 8703/1922/288 8702/1934/4666
f 8704/1934/1641 8706/1931/4662 8705/1925/4710
f 8707/1927/4711 8709/1925/4709 8708/1931/4712
f 8710/1951/1541 8712/1953/1541 8711/1952/1541
f 8713/1952/1541 8715/1954/1541 8714/1951/1541
f 8716/1954/1541 8718/1952/1541 8717/1955/1716
f 8719/1955/1541 8721/1956/1541 8720/1954/1541
f 8722/1956/1543 8724/1955/1541 8723/1957/1716
f 8725/1957/1716 8727/1958/1541 8726/1956/1541
f 8728/1958/1716 8730/1957/1541 8729/1959/1541
f 8731/1959/1541 8733/1960/1541 8732/1958/1703
f 8734/1961/4713 8736/1962/1541 8735/1936/4713
f 8737/1963/4714 8739/1961/4713 8738/1936/4713
f 8740/1936/4713 8742/1937/4715 8741/1963/4714
f 8743/1963/4716 8745/1937/4714 8744/1964/4717
f 8746/1964/4717 8748/1965/4718 8747/1963/4716
f 8749/1966/4718 8751/1965/4717 8750/1964/4718
f 8752/1964/4717 8754/1967/4717 8753/1966/4718
f 8755/1967/4718 8757/1968/4718 8756/1966/4718
f 8758/1969/4698 8760/1971/4720 8759/1970/4719
f 8761/1970/4719 8763/1972/2871 8762/1969/4721
f 8764/1973/4722 8766/1972/2871 8765/1970/4719
f 8767/1970/4719 8769/1974/4724 8768/1973/4723
f 8770/1974/4725 8772/1970/4727 8771/1975/4726
f 8773/1975/4728 8775/1976/4729 8774/1974/4725
f 8776/1977/331 8778/1976/4730 8777/1975/4726
f 8779/1975/4731 8781/1978/4732 8780/1977/331
f 8782/1978/4733 8784/1963/4734 8783/1977/331
f 8785/1977/331 8787/1963/4736 8786/1979/4735
f 8788/1980/4737 8790/1977/331 8789/1979/4738
f 8791/1979/4738 8793/1981/4740 8792/1980/4739
f 8794/1982/4741 8796/1980/4739 8795/1981/4740
f 8797/1981/4742 8799/1983/4743 8798/1982/4741
f 8800/1963/4744 8802/1978/4746 8801/1984/4745
f 8803/1984/4745 8805/1961/4747 8804/1963/4734
f 8806/1961/4748 8808/1984/4745 8807/1985/4749
f 8809/1985/4749 8811/1986/4751 8810/1961/4750
f 8812/1987/4752 8814/1985/4749 8813/1984/4745
f 8815/1984/4753 8817/1988/4755 8816/1987/4754
f 8818/1988/4756 8820/1984/4745 8819/1978/4733
f 8821/1978/4757 8823/1989/4758 8822/1988/4755
f 8824/1990/4759 8826/1988/4755 8825/1989/4760
f 8827/1991/4761 8829/1990/4763 8828/1989/4762
f 8830/1989/4764 8832/1992/4765 8831/1991/4761
f 8833/1971/4766 8835/1991/4768 8834/1992/4767
f 8836/1992/4767 8838/1993/998 8837/1971/4769
f 8839/1971/4770 8841/1993/998 8840/1975/4731
f 8842/1975/4731 8844/1970/4727 8843/1971/4771
f 8845/1993/996 8847/1978/4733 8846/1975/4726
f 8848/1978/4757 8850/1993/1089 8849/1992/4772
f 8851/1978/4757 8853/1992/4772 8852/1989/4773
f 8854/1991/4774 8856/1971/4771 8855/1969/4701
f 8857/1969/4028 8859/1994/4702 8858/1991/4775
f 8860/1990/4776 8862/1991/4777 8861/1994/4652
f 8863/1994/4652 8865/1995/4779 8864/1990/4778
f 8866/1990/4778 8868/1995/4779 8867/1996/4780
f 8869/1996/4781 8871/1988/4756 8870/1990/4776
f 8872/1996/4780 8874/1987/4783 8873/1988/4782
f 8875/1997/4784 8877/1999/1591 8876/1998/4785
f 8878/1997/4786 8880/1998/4785 8879/2000/4787
f 8881/2000/4788 8883/2001/4790 8882/1997/4789
f 8884/2002/4791 8886/1997/4789 8885/2001/4792
f 8887/2001/4793 8889/2003/4795 8888/2002/4794
f 8890/2004/4796 8892/2002/4798 8891/2003/4797
f 8893/2003/4797 8895/2005/4800 8894/2004/4799
f 8896/2005/4801 8898/2006/4802 8897/2004/4799
f 8899/2004/4803 8901/2006/4805 8900/2007/4804
f 8902/2007/4596 8904/1999/1591 8903/2004/4803
f 8905/2002/4806 8907/2004/4808 8906/1999/4807
f 8908/2002/4809 8910/1999/226 8909/1997/4810
f 8911/2008/3882 8913/1999/226 8912/2007/4207
f 8914/2007/3130 8916/2009/4596 8915/2008/3882
f 8917/2010/4811 8919/2009/3130 8918/2007/4597
f 8920/2007/3130 8922/2011/4813 8921/2010/4812
f 8923/2011/4814 8925/2007/4804 8924/2006/4815
f 8926/2006/4816 8928/2012/4818 8927/2011/4817
f 8929/2012/4819 8931/2006/4802 8930/2013/4820
f 8932/2013/4821 8934/2006/4816 8933/2005/4822
f 8935/2005/4822 8937/2014/4824 8936/2013/4823
f 8938/2015/4825 8940/2014/4827 8939/2005/4826
f 8941/2005/4828 8943/2003/4829 8942/2015/4825
f 8944/2016/3855 8946/2015/4831 8945/2003/4830
f 8947/2003/4832 8949/2001/4833 8948/2016/4103
f 8950/2017/2892 8952/2016/3855 8951/2001/4834
f 8953/2001/4790 8955/2000/4788 8954/2017/2892
f 8956/2018/4835 8958/2017/2914 8957/2000/4836
f 8959/2000/4837 8961/2019/4838 8960/2018/4835
f 8962/2019/4839 8964/2000/4841 8963/1998/4840
f 8965/1998/4785 8967/2020/4842 8966/2019/4838
f 8968/2021/4843 8970/2020/4844 8969/1998/4785
f 8971/1998/4845 8973/1999/226 8972/2021/1617
f 8974/2008/1618 8976/2021/1617 8975/1999/4846
f 8977/2022/4847 8979/2021/4848 8978/2008/1618
f 8980/2021/1617 8982/2022/4850 8981/2023/4849
f 8983/2023/4851 8985/2024/4852 8984/2021/1617
f 8986/2024/4853 8988/2023/4851 8987/2025/4854
f 8989/2025/4854 8991/2026/4855 8990/2024/4852
f 8992/2027/1294 8994/2029/1292 8993/2028/1292
f 8995/2028/1292 8997/2030/1292 8996/2027/1294
f 8998/2031/1294 9000/2028/1292 8999/2029/1292
f 9001/2029/1292 9003/2032/1292 9002/2031/1292
f 9004/2033/1294 9006/2031/1294 9005/2032/1294
f 9007/2032/1294 9009/2034/1292 9008/2033/1294
f 9010/2035/1292 9012/2033/1294 9011/2034/1294
f 9013/2034/1292 9015/2036/1294 9014/2035/1292
f 9016/2037/3113 9018/2009/2519 9017/2038/1292
f 9019/2009/4192 9021/2037/4856 9020/2039/3974
f 9022/2039/3974 9024/2008/4857 9023/2009/4856
f 9025/2040/4858 9027/2008/3965 9026/2039/4859
f 9028/2039/4860 9030/2041/4862 9029/2040/4861
f 9031/2040/4863 9033/2041/4862 9032/2042/4864
f 9034/2042/4865 9036/2043/4866 9035/2040/4858
f 9037/2043/4865 9039/2042/4865 9038/2044/4867
f 9040/2045/3857 9042/2047/2908 9041/2046/4868
f 9043/2046/4869 9045/2048/4870 9044/2045/3857
f 9046/2045/4871 9048/2048/4873 9047/2049/4872
f 9049/2049/4872 9051/2050/4825 9050/2045/4871
f 9052/2050/4874 9054/2049/4876 9053/2051/4875
f 9055/2051/4877 9057/2052/4827 9056/2050/4874
f 9058/2053/4878 9060/2052/4880 9059/2051/4879
f 9061/2051/4881 9063/2054/4882 9062/2053/4821
f 9064/2053/4821 9066/2054/4882 9065/2055/4883
f 9067/2051/4884 9069/2056/4886 9068/2054/4885
f 9070/2054/4887 9072/2056/4888 9071/2057/4733
f 9073/2057/4746 9075/2058/981 9074/2054/4889
f 9076/2055/4890 9078/2054/4887 9077/2058/997
f 9079/2058/979 9081/2059/364 9080/2055/4891
f 9082/2059/367 9084/2058/979 9083/2037/366
f 9085/2037/368 9087/2060/1246 9086/2059/364
f 9088/2039/4892 9090/2037/366 9089/2058/997
f 9091/2058/981 9093/2057/4733 9092/2039/4893
f 9094/2057/4746 9096/2061/1147 9095/2039/4893
f 9097/2061/1147 9099/2062/4894 9098/2039/4893
f 9100/2062/4895 9102/2061/4897 9101/2063/4896
f 9103/2063/4898 9105/2064/4899 9104/2062/4895
f 9106/2064/4900 9108/2063/4902 9107/2065/4901
f 9109/2065/4901 9111/2066/4903 9110/2064/4900
f 9112/2061/4904 9114/2057/4746 9113/2067/4905
f 9115/2067/4905 9117/2068/4906 9116/2061/1147
f 9118/2069/4907 9120/2068/4909 9119/2067/4908
f 9121/2067/4910 9123/2046/4911 9122/2069/4907
f 9124/2070/4912 9126/2069/4913 9125/2046/4911
f 9127/2046/4914 9129/2047/4915 9128/2070/4912
f 9130/2048/4873 9132/2046/4914 9131/2067/4908
f 9133/2067/4916 9135/2071/983 9134/2048/4917
f 9136/2048/4917 9138/2071/983 9137/2072/4918
f 9139/2072/4919 9141/2049/4920 9140/2048/4917
f 9142/2049/4920 9144/2072/4919 9143/2056/4921
f 9145/2056/4921 9147/2051/4877 9146/2049/4876
f 9148/2057/4746 9150/2056/4888 9149/2072/4922
f 9151/2057/4746 9153/2072/4922 9152/2071/982
f 9154/2071/982 9156/2067/4905 9155/2057/4732
