# Blender 5.2.1 LTS
# www.blender.org
mtllib Helicopter.mtl
o Body_lambert1_0
v -0.712668 -0.492555 5.468456
v -0.968454 -0.326886 5.471913
v -0.720167 -0.491168 5.219282
v -0.998076 -0.239875 5.814924
v -0.985480 -0.216470 6.071973
v -1.010618 -0.193753 6.068876
v 0.985480 -0.216470 6.071973
v 0.999482 -0.239875 5.814924
v 1.010586 -0.193753 6.068876
v -0.119282 -0.795730 6.632689
v -0.230872 -0.739941 6.687449
v -0.312625 -0.795472 6.554049
v -0.367480 -0.714028 6.787943
v 0.119282 -0.795730 6.632689
v 0.312625 -0.795472 6.554048
v 0.230872 -0.739941 6.687449
v 0.367480 -0.714028 6.787941
v -0.729540 -0.265060 7.082335
v -0.596017 -0.288367 7.200380
v -0.716035 -0.260818 7.115209
v -0.716035 -0.260818 7.115209
v -0.596017 -0.288367 7.200380
v -0.448829 -0.259530 7.263951
v -0.392999 0.367199 7.187532
v -0.496255 0.611047 7.142527
v -0.648561 0.584111 6.999775
v 0.392999 0.367199 7.187532
v 0.648561 0.584112 6.999773
v 0.496255 0.611045 7.142524
v -0.403234 1.031143 7.038340
v 0.403234 1.031143 7.038340
v -0.783947 1.044289 5.589556
v -0.733572 1.251448 5.595941
v -0.637023 1.406815 5.161869
v 0.733572 1.251448 5.595941
v 0.783947 1.044289 5.589556
v 0.637184 1.406815 5.161869
v 0.904247 1.781335 3.172894
v 0.817004 1.648679 4.017338
v 0.920318 1.536543 4.016971
v -0.816530 1.648679 4.017338
v -0.903772 1.781335 3.172894
v -0.919844 1.536543 4.016971
v -1.033872 1.345373 4.016343
v -1.094781 1.402902 3.171653
v -1.124176 1.158110 4.015729
v -1.071814 0.014247 5.815757
v 1.071814 0.014247 5.815757
v -1.094236 -0.182711 5.472386
v 1.094172 -0.182711 5.472386
v 0.968432 -0.326886 5.471913
v 0.681909 2.200414 3.485259
v 0.745603 2.019634 3.234235
v 0.702394 2.046548 3.140705
v -0.747756 2.020924 3.233466
v -0.681434 2.200414 3.485259
v -0.703232 2.047194 3.140320
v 1.286086 0.881747 3.169950
v 1.257746 0.208911 2.908073
v 1.298537 0.882599 2.910286
v -1.257218 0.208911 2.908073
v -1.285558 0.881747 3.169950
v -1.298009 0.882599 2.910286
v 0.988270 -0.322659 2.679692
v 0.988270 -0.323402 2.906328
v 0.514466 -0.419315 2.681651
v -0.534001 -0.431606 2.681611
v -1.000620 -0.283045 2.906460
v -1.000620 -0.282302 2.679824
v -1.154596 2.048045 2.880657
v -0.398521 2.299728 2.912725
v -0.972802 2.485932 2.899661
v 0.443053 2.275117 2.902985
v 1.153739 2.047400 2.881041
v 0.971327 2.485610 2.899853
v 0.004376 2.368703 2.906951
v 0.175403 2.501111 3.106636
v -0.001029 2.514009 3.106678
v -0.000538 2.866919 3.107835
v -0.177536 2.501111 3.106636
v -0.340202 3.593246 1.039348
v -0.000891 3.528187 1.039135
v -0.205895 3.867569 1.040247
v 1.022108 3.359708 1.196921
v 0.673490 3.504406 1.030466
v 0.450587 3.546746 1.211776
v 0.338110 3.593246 1.039348
v 0.203803 3.867569 1.040247
v 0.077236 3.935315 1.040470
v -0.452302 3.935525 1.031879
v -0.173492 4.077354 1.032344
v -0.211660 4.081017 -0.085002
v -0.675582 3.504406 1.030466
v -1.024200 3.359708 1.196921
v -0.452679 3.546746 1.211776
v 0.450210 3.941701 -0.851678
v 0.878789 3.544535 -2.042301
v 0.450210 3.945600 -2.040986
v 0.171400 4.077354 1.032344
v 0.450210 3.935525 1.031879
v 0.209568 4.081017 -0.085002
v -0.314712 3.620323 -5.136875
v -0.140910 3.678700 -5.136684
v -0.166423 3.323957 -5.678632
v 0.139278 3.678700 -5.136684
v 0.313080 3.620323 -5.136875
v 0.164955 3.323957 -5.678632
v -0.079328 3.935315 1.040470
v -0.657528 1.801001 -6.997478
v -0.993837 1.510002 -5.684579
v -0.977173 1.818612 -5.683567
v -0.531109 0.940701 -7.000299
v -0.917721 0.405531 -5.688200
v -0.946121 0.731707 -5.687131
v 0.515697 2.762527 -6.994326
v 0.779222 2.690441 -5.680709
v 0.837051 2.487387 -5.681375
v -0.314282 3.269883 -5.678809
v -0.166423 3.323957 -5.678632
v -0.207870 3.257526 -6.992702
v 0.207076 3.257526 -6.992702
v 0.164955 3.323957 -5.678632
v 0.312813 3.269883 -5.678809
v 0.173950 2.383262 -15.510615
v 0.106767 2.340768 -15.510755
v -0.002700 2.442683 -16.116661
v 0.106767 2.340768 -15.510755
v 0.062269 2.322096 -15.510816
v -0.002700 2.442683 -16.116661
v -0.148258 2.355258 -15.510707
v -0.163711 2.383262 -15.510615
v -0.145651 2.414035 -16.078131
v -0.099720 2.320725 -15.510820
v -0.174155 3.003092 -15.508583
v -0.165964 3.112617 -15.508224
v -0.145252 3.043827 -16.563526
v 0.196130 3.112617 -15.508224
v 0.195412 3.003092 -15.508583
v -0.008423 3.045737 -16.591022
v -0.089399 5.672633 -18.554409
v -0.071583 5.819109 -18.416977
v -0.023010 5.799556 -18.418552
v 0.848832 3.150810 3.219513
v 0.540439 3.268584 3.210140
v 0.540439 2.866844 3.130729
v 0.232046 3.150810 3.219513
v 0.104305 2.866479 3.242143
v 0.232046 2.582147 3.264773
v 0.540439 2.464373 3.274146
v 0.848832 2.582147 3.264773
v 0.976572 2.866479 3.242143
v -0.227152 3.150810 3.219513
v -0.542612 3.268584 3.210140
v -0.542612 2.866871 3.122622
v -0.858071 3.150810 3.219513
v -0.988739 2.866479 3.242143
v -0.858071 2.582147 3.264773
v -0.542612 2.464373 3.274146
v -0.227152 2.582147 3.264773
v -0.096484 2.866479 3.242143
v 0.712550 -0.492100 5.258719
v 0.712668 -0.492555 5.468456
v -0.153243 3.473788 1.211537
v -0.000840 3.460112 1.211492
v 0.151151 3.473788 1.211537
v -0.330456 -0.683788 6.761635
v -0.207612 -0.705822 6.669036
v -0.372494 -0.762594 5.852662
v 0.207612 -0.705822 6.669036
v 0.330456 -0.683788 6.761633
v 0.372494 -0.762594 5.852662
v 0.445080 -0.593320 6.921609
v 0.507755 -0.468461 7.038032
v 0.659630 -0.534445 5.853411
v -0.507755 -0.468461 7.038032
v -0.445080 -0.593320 6.921609
v -0.659630 -0.534445 5.853411
v 0.531637 0.940701 -7.000299
v 0.946648 0.731707 -5.687131
v 0.918249 0.405531 -5.688200
v 0.658038 1.801001 -6.997478
v 0.976979 1.820044 -5.683563
v 0.994337 1.510002 -5.684579
v -0.516491 2.762527 -6.994326
v -0.837568 2.489847 -5.681366
v -0.780692 2.690441 -5.680709
v 1.095309 1.402902 3.171653
v 1.034346 1.345373 4.016343
v 1.124704 1.158110 4.015729
v 0.171400 4.082480 -0.531133
v 0.450210 3.941701 -0.851678
v 0.171400 4.084555 -1.163852
v -0.452302 3.941509 -0.793255
v -0.173492 4.082490 -0.534101
v -0.173492 4.084517 -1.152386
v -0.880881 3.544680 -2.042300
v -0.452302 3.945600 -2.040986
v 0.485841 3.106153 3.514630
v 0.348979 3.000340 3.523554
v 0.527660 2.914961 3.570296
v 0.346667 2.827743 3.538107
v 0.480648 2.718329 3.547331
v 0.650029 2.754491 3.544285
v 0.727265 2.908997 3.531257
v 0.654194 3.065501 3.518060
v 0.976167 2.883005 3.262538
v 0.802621 2.535833 3.291813
v 0.422024 2.454580 3.298664
v 1.209729 2.979265 -0.344319
v 1.222874 3.315278 -0.267601
v 1.276094 3.066458 0.037747
v 1.246559 2.708910 -0.133333
v 1.305629 2.707796 0.206480
v 1.342458 2.976762 0.419233
v 1.329314 3.313271 0.344721
v 1.276094 3.463925 0.039051
v -0.354498 1.189269 8.963399
v -0.354498 1.129547 8.963203
v -0.324637 1.159344 8.982750
v -0.294777 1.129547 8.963203
v -0.324637 1.159344 8.982750
v -0.294777 1.189268 8.963399
v -0.324637 1.159344 8.982750
v -0.354498 1.189269 8.963399
v -0.324637 1.159344 8.982750
v 0.683970 -0.944226 5.496402
v 0.765787 -1.014843 5.496578
v 0.663763 -1.050424 5.464432
v 0.581906 -0.979773 5.496313
v 0.561658 -1.085937 5.496399
v 0.581906 -0.979773 5.496313
v 0.643475 -1.156554 5.496579
v 0.745539 -1.121007 5.496668
v 0.737809 -1.023215 6.405005
v 0.677506 -0.971167 6.404875
v 0.662583 -1.049415 6.404940
v 0.602281 -0.997367 6.404808
v 0.602281 -0.997367 6.404808
v 0.587357 -1.075614 6.404872
v 0.647660 -1.127662 6.405005
v 0.722885 -1.101462 6.405072
v 0.175397 -0.715111 6.903323
v 0.093977 -0.739276 6.770804
v 0.229528 -0.714849 6.823523
v 0.093977 -0.715207 6.932535
v 0.179507 -0.714253 6.641764
v 0.093977 -0.714147 6.609235
v 0.231098 -0.714522 6.723616
v -0.175397 -0.715111 6.903323
v -0.229528 -0.714849 6.823523
v -0.093977 -0.739276 6.770804
v -0.093977 -0.715207 6.932535
v -0.179507 -0.714253 6.641764
v -0.093977 -0.714147 6.609235
v -0.231098 -0.714522 6.723616
v 0.353664 -0.643614 6.871240
v 0.356649 -0.642991 6.681205
v 0.452178 -0.532543 6.909287
v -1.042273 -0.257987 5.351123
v -0.502599 -0.447966 4.998551
v -0.987987 -0.313130 5.070478
v -1.042273 -0.257987 5.351123
v -0.994332 -0.505274 5.538729
v -1.027961 -0.203241 5.752752
v 0.118521 4.139722 -5.562528
v -0.118521 4.139722 -5.562528
v 0.000000 4.194199 -5.357064
v -0.237042 4.139049 -5.357245
v -0.118521 4.138376 -5.151962
v 0.118521 4.138376 -5.151962
v 0.237042 4.139049 -5.357245
v 1.683168 1.600139 -3.580303
v 1.683168 1.645111 -3.597284
v 2.492016 1.513265 -3.528214
v 5.178762 1.163806 -2.602945
v 5.176355 1.101315 -2.556744
v 5.152163 0.878763 -3.176354
v 2.492016 1.513265 -3.528214
v 2.590558 1.835075 -2.661494
v 2.689098 1.473532 -3.499919
v 2.590558 1.889931 -1.747221
v 2.492016 1.766026 -1.779045
v 2.689098 1.714727 -1.790852
v 3.433452 1.312034 -3.404271
v 3.546830 1.595554 -2.634590
v 3.660209 1.269605 -3.375337
v 3.546830 1.642992 -1.824251
v 3.433452 1.536226 -1.843641
v 3.660209 1.483218 -1.871269
v 3.660209 1.269605 -3.375337
v 5.040466 0.948995 -3.205701
v 5.040466 0.920515 -3.193475
v 5.081087 0.877410 -3.181043
v 5.040466 1.229466 -1.964730
v 5.100450 1.122282 -1.990586
v 5.192783 1.123634 -1.985896
v 2.492016 1.489224 -2.558707
v 2.492016 1.408352 -3.493943
v 2.463343 1.342460 -2.558890
v 2.689098 1.368621 -3.465650
v 2.689098 1.443391 -2.551557
v 2.717098 1.342487 -2.564721
v 3.433452 1.288853 -2.538763
v 3.433452 1.218660 -3.373328
v 3.405564 1.139203 -2.595923
v 3.660209 1.178794 -3.345133
v 3.660209 1.244386 -2.540673
v 3.689180 1.139267 -2.610080
v -1.683168 1.600139 -3.580303
v -2.492016 1.513265 -3.528214
v -1.683168 1.645111 -3.597284
v -5.178762 1.163806 -2.602945
v -5.152163 0.878763 -3.176354
v -5.176355 1.101315 -2.556744
v -2.492016 1.513265 -3.528214
v -2.689098 1.473532 -3.499919
v -2.590558 1.835075 -2.661494
v -2.590558 1.889931 -1.747221
v -2.689098 1.714727 -1.790852
v -2.492016 1.766026 -1.779045
v -3.433452 1.312034 -3.404271
v -3.660209 1.269605 -3.375337
v -3.546830 1.595554 -2.634590
v -3.546830 1.642992 -1.824251
v -3.660209 1.483218 -1.871269
v -3.433452 1.536226 -1.843641
v -3.660209 1.269605 -3.375337
v -5.040466 0.920515 -3.193475
v -5.040466 0.948995 -3.205701
v -5.081087 0.877410 -3.181043
v -5.040466 1.229466 -1.964730
v -5.192783 1.123634 -1.985896
v -5.100450 1.122282 -1.990586
v -2.492016 1.489224 -2.558707
v -2.463343 1.342460 -2.558890
v -2.492016 1.408352 -3.493943
v -2.689098 1.368621 -3.465650
v -2.717098 1.342487 -2.564721
v -2.689098 1.443391 -2.551557
v -3.433452 1.288853 -2.538763
v -3.405564 1.139203 -2.595923
v -3.433452 1.218660 -3.373328
v -3.660209 1.178794 -3.345133
v -3.689180 1.139267 -2.610080
v -3.660209 1.244386 -2.540673
v -0.487377 3.106153 3.514630
v -0.529196 2.914961 3.570296
v -0.350514 3.000340 3.523554
v -0.348203 2.827743 3.538107
v -0.482183 2.718329 3.547331
v -0.651565 2.754491 3.544285
v -0.728800 2.908997 3.531257
v -0.655730 3.065501 3.518060
v -0.977703 2.883005 3.262538
v -0.423559 2.454580 3.298664
v -0.804157 2.535833 3.291813
v -1.209729 2.979265 -0.344319
v -1.276094 3.066458 0.037747
v -1.222874 3.315278 -0.267601
v -1.246559 2.708910 -0.133333
v -1.305629 2.707796 0.206480
v -1.342458 2.976762 0.419233
v -1.329314 3.313271 0.344721
v -1.276094 3.463925 0.039051
v 0.064556 -0.439137 7.587959
v -0.064556 -0.439137 7.587959
v 0.000000 -0.550952 7.588093
v -0.129112 -0.550952 7.588093
v -0.064556 -0.662767 7.588226
v 0.064556 -0.662767 7.588226
v 0.129112 -0.550952 7.588093
v 0.125124 -0.838963 5.993866
v 0.363123 -0.792937 5.780726
v 0.426876 -0.793442 5.935063
v 0.147092 -0.839137 6.047047
v 0.090908 -0.838824 5.951661
v 0.263824 -0.792535 5.658245
v 0.054589 -0.838768 5.934632
v 0.158422 -0.792373 5.608821
v 0.000000 -0.838705 5.915229
v 0.000000 -0.792188 5.552510
v -0.047793 -0.838735 5.924564
v -0.138701 -0.792277 5.579606
v -0.090908 -0.838824 5.951661
v -0.263824 -0.792535 5.658245
v -0.125124 -0.838963 5.993866
v -0.363123 -0.792937 5.780726
v -0.147092 -0.839137 6.047047
v -0.426876 -0.793442 5.935063
v -0.154661 -0.839330 6.105999
v -0.448844 -0.794003 6.106147
v -0.147092 -0.839524 6.164950
v -0.426876 -0.794564 6.277230
v -0.125124 -0.839698 6.218130
v -0.363123 -0.795070 6.431567
v -0.090908 -0.839836 6.260335
v -0.047793 -0.839925 6.287432
v -0.000000 -0.839956 6.296768
v -0.000000 -0.795727 6.631850
v 0.047793 -0.839925 6.287432
v 0.090908 -0.839836 6.260335
v 0.125124 -0.839698 6.218130
v 0.363123 -0.795070 6.431567
v 0.147091 -0.839524 6.164950
v 0.426876 -0.794564 6.277230
v 0.154661 -0.839330 6.105999
v 0.448844 -0.794003 6.106147
v 0.565577 -0.666371 5.599706
v 0.664876 -0.667159 5.840092
v 0.410916 -0.665745 5.408936
v 0.246748 -0.665493 5.331959
v 0.000000 -0.665205 5.244250
v -0.216031 -0.665344 5.286455
v -0.410916 -0.665745 5.408936
v -0.565577 -0.666371 5.599708
v -0.664875 -0.667159 5.840092
v -0.699091 -0.668033 6.106560
v -0.664875 -0.668906 6.373029
v -0.565577 -0.669694 6.613412
v -0.486925 -0.670320 6.804185
v 0.565577 -0.669694 6.613412
v 0.486925 -0.670320 6.804185
v 0.664875 -0.668906 6.373029
v 0.699091 -0.668033 6.106560
v 0.837792 -0.493548 5.771358
v 0.423345 -0.545834 5.139790
v 0.000091 -0.570251 5.034682
v -0.412400 -0.536337 5.112529
v -0.837792 -0.493548 5.771360
v -0.880906 -0.494649 6.107129
v -0.837792 -0.495750 6.442900
v -0.712668 -0.496743 6.745801
v -0.613561 -0.497531 6.986187
v 0.712668 -0.496743 6.745801
v 0.613561 -0.497531 6.986187
v 0.837792 -0.495750 6.442900
v 0.880906 -0.494649 6.107129
v -0.985480 -0.216470 6.071973
v -0.959942 -0.211202 6.426503
v -0.875354 -0.229069 6.752185
v 0.875354 -0.229069 6.752185
v 0.729540 -0.265060 7.082335
v 0.959941 -0.211202 6.426503
v 0.985480 -0.216470 6.071973
v -0.959942 -0.211202 6.426503
v -0.980783 -0.170702 6.365989
v -0.875354 -0.229069 6.752185
v -0.939657 -0.189527 6.612198
v -0.729540 -0.265060 7.082335
v -0.716035 -0.260818 7.115209
v 0.729540 -0.265060 7.082335
v 0.875354 -0.229069 6.752185
v 0.939657 -0.189527 6.612198
v 0.749838 -0.260818 7.115209
v 0.959941 -0.211202 6.426503
v 0.980783 -0.170702 6.365989
v -0.000000 -0.764418 6.653235
v 0.494945 -0.607695 6.961576
v -0.494946 -0.607695 6.961576
v 0.564642 -0.460971 7.087954
v -0.564643 -0.460971 7.087954
v 0.596017 -0.288367 7.200379
v 0.729540 -0.265060 7.082335
v 0.749838 -0.260818 7.115209
v 0.448829 -0.259530 7.263951
v 0.596017 -0.288367 7.200379
v -0.455866 0.258877 7.184245
v -0.699295 0.338737 6.896746
v -0.002110 0.368928 7.183447
v 0.004138 0.597999 7.151463
v 0.455866 0.258877 7.184245
v 0.699295 0.338737 6.896746
v 0.035950 1.133739 6.978374
v -0.763087 0.803097 6.651908
v -0.783850 1.023793 6.464315
v -0.829256 0.642918 6.327836
v -0.798864 0.538435 6.531333
v -0.405092 1.174887 6.857975
v -0.450792 1.269506 6.677450
v -0.405092 1.174887 6.857975
v 0.035950 1.268686 6.861648
v 0.004138 1.403587 6.758990
v -0.450792 1.269506 6.677450
v 0.417127 1.175229 6.828264
v 0.450792 1.269506 6.677450
v 0.417127 1.175229 6.828264
v 0.767522 0.804220 6.650541
v 0.792030 1.023793 6.464315
v 0.450792 1.269506 6.677450
v 0.798864 0.538435 6.531333
v 0.829256 0.642918 6.327836
v -0.760235 1.159487 6.166593
v -0.814484 0.787410 6.082456
v -0.503379 1.432681 6.281877
v 0.004138 1.569604 6.326015
v -0.503379 1.432681 6.281877
v 0.503379 1.432681 6.281877
v 0.760235 1.159487 6.166593
v 0.503379 1.432681 6.281877
v 0.814484 0.787410 6.082456
v -0.743237 1.219424 5.932261
v -0.801361 0.892233 5.872730
v -0.495268 1.521574 5.953798
v 0.004138 1.662874 5.962110
v -0.495268 1.521574 5.953798
v 0.495268 1.521574 5.953797
v 0.743237 1.219424 5.932261
v 0.495268 1.521574 5.953797
v 0.801361 0.892233 5.872730
v -0.453373 1.542201 5.604904
v 0.004138 1.653259 5.608323
v -0.453373 1.542201 5.604904
v 0.453373 1.542201 5.604904
v 0.453373 1.542201 5.604904
v -0.002208 0.325660 7.184464
v -0.432242 1.528999 5.340063
v 0.004138 1.647257 5.292772
v -0.432242 1.528999 5.340063
v 0.432242 1.528999 5.340063
v 0.432242 1.528999 5.340063
v 0.004138 2.315440 4.903892
v -0.335565 2.213974 4.969018
v -0.573670 2.010612 5.081359
v 0.004138 2.011032 5.086014
v 0.584610 1.783190 5.214086
v 0.004138 1.791809 5.217175
v 0.372640 2.186185 4.973052
v 0.573616 2.010612 5.081359
v -0.586824 1.783970 5.212694
v -0.573670 2.010612 5.081359
v -0.335565 2.213974 4.969018
v -0.384292 2.305672 4.821589
v -0.657064 2.029469 4.917123
v 0.427091 2.273502 4.821815
v 0.004300 2.410983 4.763514
v 0.372640 2.186185 4.973052
v 0.573616 2.010612 5.081359
v 0.657369 2.029469 4.917123
v 0.427091 2.273502 4.821815
v -0.384292 2.305672 4.821589
v 0.584610 1.783190 5.214086
v 0.669943 1.750562 5.032115
v -0.586824 1.783970 5.212694
v -0.672157 1.751666 5.030659
v -0.407358 2.398917 4.582298
v -0.696541 2.100873 4.577626
v 0.452867 2.367201 4.569749
v 0.004376 2.487800 4.574857
v 0.697017 2.100873 4.577626
v 0.452867 2.367201 4.569749
v -0.407358 2.398917 4.582298
v 0.773099 1.781038 4.579934
v -0.775313 1.782699 4.578943
v 0.750556 1.483952 4.672598
v -0.750081 1.483952 4.672598
v -0.415521 2.472263 4.029773
v -0.710495 2.174217 4.025105
v 0.461931 2.440551 4.017221
v 0.004458 2.561146 4.022334
v 0.710969 2.174217 4.025105
v 0.461931 2.440551 4.017221
v -0.415521 2.472263 4.029773
v 0.806943 1.854384 4.027410
v -0.809212 1.856047 4.026413
v -0.398521 2.431616 3.515517
v 0.443053 2.407005 3.505776
v 0.004376 2.500591 3.509743
v 0.443053 2.407005 3.505776
v -0.398521 2.431616 3.515517
v -0.789610 0.155021 6.995074
v -0.526719 0.065114 7.238472
v 0.526719 0.065114 7.238472
v 0.789610 0.155021 6.995074
v -0.699295 0.338737 6.896746
v -0.902039 0.380511 6.582464
v -0.789610 0.155021 6.995074
v 0.699295 0.338737 6.896746
v 0.789610 0.155021 6.995074
v 0.902039 0.380511 6.582464
v -0.936356 0.498487 6.352689
v 0.936356 0.498487 6.352689
v -0.919676 0.661640 6.075613
v 0.919676 0.661640 6.075613
v -0.904859 0.780003 5.838803
v 0.904858 0.780003 5.838803
v -0.843322 0.951698 5.519054
v 0.843322 0.951698 5.519054
v -0.003028 0.140162 7.348394
v -0.854090 1.199341 4.947131
v 0.854241 1.199341 4.947131
v -0.814149 0.006408 7.055115
v -0.518184 -0.089719 7.293400
v 0.518184 -0.089719 7.293400
v 0.814148 0.006408 7.055115
v -0.965168 0.247679 6.613631
v -0.814149 0.006408 7.055115
v 0.814148 0.006408 7.055115
v 0.965168 0.247679 6.613631
v -1.001887 0.373913 6.367774
v 1.001887 0.373913 6.367774
v -0.984040 0.548484 6.071308
v 0.984040 0.548484 6.071308
v -0.968185 0.675129 5.817924
v 0.968185 0.675129 5.817924
v -0.922145 0.858839 5.475801
v 0.922145 0.858839 5.475801
v -0.003530 -0.066190 7.408760
v -0.920793 1.123299 4.940099
v 0.920936 1.123299 4.940099
v 0.845465 1.371817 4.672231
v -0.844990 1.371817 4.672231
v 0.950117 1.180644 4.671608
v -0.949642 1.180644 4.671608
v -0.759848 -0.181010 7.101765
v -0.477107 -0.224818 7.276061
v 0.477107 -0.224818 7.276061
v 0.796978 -0.181010 7.101765
v -0.971086 0.060416 6.613018
v -0.759848 -0.181010 7.101765
v 0.796978 -0.181010 7.101765
v 0.971086 0.060416 6.613018
v -1.017450 0.186649 6.367165
v 1.017450 0.186649 6.367165
v -1.048239 0.361221 6.070695
v 1.048239 0.361221 6.070695
v -1.045164 0.487866 5.817310
v 1.045164 0.487866 5.817310
v -1.035920 0.671576 5.475186
v 1.035920 0.671576 5.475186
v -0.004376 -0.253367 7.382010
v -1.066924 0.936301 4.858711
v 1.067083 0.936301 4.858711
v 1.075104 0.993384 4.670991
v -1.074576 0.993384 4.670991
v -1.111758 0.170795 5.473545
v 1.111758 0.170795 5.473545
v -0.004535 -0.274307 7.365681
v -1.178237 0.408357 4.856979
v 1.178395 0.408357 4.856979
v 1.186416 0.451857 4.669215
v -1.185888 0.451857 4.669215
v 1.213372 0.657328 4.014088
v -1.212844 0.657328 4.014088
v -1.175712 -0.050428 4.855475
v 1.175826 -0.050428 4.855475
v 1.201569 -0.004996 4.667718
v -1.201041 -0.004996 4.667718
v 1.260703 0.143971 4.012404
v -1.260175 0.143971 4.012404
v -1.058448 -0.303591 4.854646
v 1.058591 -0.303591 4.854646
v 1.094170 -0.298732 4.666755
v -1.093642 -0.298732 4.666755
v 1.172686 -0.197100 4.011288
v -1.172158 -0.197100 4.011288
v 1.204694 -0.172733 2.906822
v -1.204167 -0.172733 2.906822
v 0.850645 -0.384774 4.854380
v 0.875765 -0.379915 4.666488
v 0.982960 -0.347770 4.010795
v -0.858433 -0.379160 4.854398
v 0.442349 -0.481422 4.854063
v 0.455532 -0.476562 4.666171
v -0.885558 -0.374301 4.666507
v 0.512450 -0.437706 3.671885
v -0.966055 -0.307412 4.010927
v -0.447182 -0.498925 4.854006
v -0.460237 -0.494066 4.666114
v -0.517477 -0.449997 3.671844
v 0.000091 -0.573657 4.853761
v 0.000093 -0.568797 4.665869
v 0.000039 -0.529939 3.671583
v 0.514466 0.081705 2.682918
v 0.512450 0.063313 3.673528
v 0.000039 0.056124 3.673505
v -0.000097 0.074516 2.682895
v -0.517477 0.051021 3.673488
v -0.534001 0.069413 2.682878
v -0.398521 2.298877 3.172389
v 0.443053 2.274266 3.162648
v 0.004376 2.367852 3.166615
v 0.443053 2.274266 3.162648
v -0.398521 2.298877 3.172389
v -1.200421 1.782186 2.913230
v 1.245669 1.378491 2.911908
v 1.200896 1.782186 2.913230
v -1.249209 1.403753 2.911990
v -0.703232 2.047194 3.140320
v -0.398521 2.299728 2.912725
v -1.154596 2.048045 2.880657
v 0.443053 2.275117 2.902985
v 0.004376 2.368703 2.906951
v 0.702394 2.046548 3.140705
v 1.153739 2.047400 2.881041
v -1.299511 1.782929 2.686595
v -1.287498 2.048679 2.687466
v 1.308538 1.379234 2.685271
v 1.299986 1.782929 2.686595
v -1.308047 1.379234 2.685271
v 1.307178 0.883342 2.683646
v -1.306650 0.883342 2.683646
v 1.257745 0.209654 2.681437
v -1.257218 0.209654 2.681437
v 1.204694 -0.171989 2.680185
v -1.204167 -0.171989 2.680185
v 1.286641 2.048035 2.687464
v -1.248527 2.467493 2.688839
v 1.247053 2.467171 2.688838
v -0.166749 3.282431 2.902466
v -0.563690 3.440655 2.902985
v -0.543346 3.384250 3.109531
v -0.177536 3.232727 3.109035
v -0.960631 3.282431 2.902466
v -0.909156 3.232727 3.109035
v -1.125050 2.867597 2.901105
v -1.060679 2.866919 3.107835
v -0.972802 2.485932 2.899661
v -0.909156 2.501111 3.106636
v -0.398521 2.299728 2.912725
v -0.543346 2.349588 3.106139
v -0.001029 3.205791 2.902215
v 0.958574 3.282431 2.902466
v 0.561633 3.440655 2.902985
v 0.541213 3.384250 3.109531
v 0.907023 3.232727 3.109035
v 0.164692 3.282431 2.902466
v 0.175403 3.232727 3.109035
v 0.443053 2.275117 2.902985
v 0.541213 2.349588 3.106139
v 0.971327 2.485610 2.899853
v 0.907023 2.501111 3.106636
v 1.122992 2.867597 2.901105
v 1.058547 2.866919 3.107835
v -0.563690 3.440655 2.902985
v -0.166749 3.282431 2.902466
v -0.177742 3.404177 2.691910
v -0.600971 3.481539 2.692164
v -0.960631 3.282431 2.902466
v -1.024200 3.315391 2.691619
v -1.125050 2.867597 2.901105
v -0.960631 3.282431 2.902466
v -1.024200 3.315391 2.691619
v -1.199507 2.868289 2.690153
v -0.001029 3.205791 2.902215
v -0.001046 3.384538 2.691846
v 0.561633 3.440655 2.902985
v 0.958574 3.282431 2.902466
v 1.022108 3.315391 2.691619
v 0.598879 3.481539 2.692164
v 0.164692 3.282431 2.902466
v 0.175650 3.404177 2.691910
v 1.122992 2.867597 2.901105
v 1.197415 2.868289 2.690153
v 0.958574 3.282431 2.902466
v 1.022108 3.315391 2.691619
v -0.648561 0.584111 6.999775
v -0.403234 1.031143 7.038340
v 0.403234 1.031143 7.038340
v 0.648561 0.584112 6.999773
v -1.299511 1.787807 1.199021
v -1.287498 2.053556 1.199893
v 1.308538 1.384111 1.197698
v 1.299986 1.787807 1.199021
v -1.308047 1.384111 1.197698
v 1.307178 0.888219 1.196072
v -1.306650 0.888219 1.196072
v 1.257745 0.214531 1.193863
v -1.257218 0.214531 1.193863
v 1.204694 -0.167112 1.192612
v -1.204167 -0.167112 1.192612
v 0.988270 -0.317782 1.192118
v 0.514466 -0.414430 1.191801
v -1.000620 -0.277425 1.192250
v -0.534001 -0.426721 1.191760
v -0.000097 -0.511549 2.681349
v -0.000097 -0.506664 1.191498
v 1.286641 2.052912 1.199890
v -1.248527 2.472371 1.201266
v 1.247053 2.472049 1.201264
v -1.024200 3.359708 1.196921
v -1.199507 2.873166 1.202579
v 1.197415 2.873166 1.202579
v 1.022108 3.359708 1.196921
v -1.299511 1.798452 -2.048026
v -1.287498 2.064202 -2.047154
v 1.299986 1.798452 -2.048026
v 1.308538 1.394757 -2.049349
v -1.308047 1.394757 -2.049349
v 1.307178 0.898865 -2.050975
v -1.306650 0.898865 -2.050975
v 1.257745 0.225178 -2.053184
v -1.257218 0.224401 -1.816472
v 1.204694 -0.157243 -1.817724
v -1.204167 -0.157638 -1.697260
v 0.988270 -0.308307 -1.697754
v 0.514466 -0.404955 -1.698071
v -1.000620 -0.267950 -1.697622
v -0.534002 -0.417246 -1.698111
v -0.000097 -0.497189 -1.698374
v 1.286641 2.063558 -2.047156
v -1.248527 2.483016 -2.045781
v 1.247053 2.482695 -2.045782
v -0.105290 4.002258 1.213270
v 0.103198 4.002258 1.213270
v -0.675582 3.504406 1.030466
v -0.452679 3.546746 1.211776
v -0.273831 3.912045 1.212974
v -1.024200 3.370330 -2.042872
v -1.199507 2.883812 -2.044467
v 1.197415 2.883812 -2.044467
v 1.022108 3.370330 -2.042872
v 0.673490 3.504406 1.030466
v 0.450210 3.935525 1.031879
v 0.271739 3.912045 1.212974
v 0.450587 3.546746 1.211776
v 0.271739 3.912045 1.212974
v -1.299511 1.803424 -3.564215
v -1.287498 2.069173 -3.563344
v 1.308538 1.399728 -3.565538
v 1.299986 1.803424 -3.564215
v -1.308047 1.399728 -3.565538
v 1.307178 0.903836 -3.567164
v -1.306650 0.903836 -3.567164
v 1.271643 0.417908 -3.068377
v -1.271115 0.417908 -3.068377
v 0.828663 0.747976 -2.015731
v 0.553252 0.513534 -1.764176
v 0.553252 0.518208 -3.189779
v 0.843477 0.953416 -3.097867
v -0.526850 0.509902 -1.631139
v -0.798763 0.718778 -1.760289
v -0.812661 0.912604 -3.109612
v -0.526850 0.515054 -3.202405
v 0.541418 0.179313 -1.636864
v 0.541418 0.184907 -3.342850
v 0.403461 0.076292 -1.637202
v 0.403461 0.082576 -3.554081
v -0.542166 0.232052 -3.356999
v -0.542166 0.226396 -1.632069
v -0.442636 0.077099 -1.632558
v -0.442634 0.083454 -3.570724
v -0.000097 -0.491047 -3.571738
v 0.514466 -0.399059 -3.496368
v -0.534001 -0.411350 -3.496409
v 1.286641 2.068529 -3.563346
v -1.248527 2.487988 -3.561971
v 1.247053 2.487666 -3.561972
v -1.024200 3.375301 -3.559062
v -1.199507 2.888783 -3.560657
v 1.197415 2.888783 -3.560657
v 1.022108 3.375301 -3.559062
v -0.880881 3.501752 -3.558647
v -0.452302 3.950572 -3.557175
v -0.155471 4.345555 -1.887583
v -0.173492 4.150063 -1.152171
v 0.171400 4.150100 -1.163637
v 0.153379 4.345476 -1.863506
v 0.450210 3.945600 -2.040986
v 0.208436 4.087429 -2.040521
v -1.187691 1.819521 -4.508793
v -1.176712 2.061027 -4.508001
v 1.195987 1.452654 -4.509995
v 1.188171 1.819521 -4.508793
v -1.195494 1.452654 -4.509995
v 1.194745 1.002001 -4.511473
v -1.194217 1.002001 -4.511473
v 1.149565 0.551537 -4.512950
v -1.149037 0.551537 -4.512950
v 1.204694 -0.152857 -3.155135
v 1.101077 0.042945 -4.514617
v -1.204167 -0.152857 -3.155135
v -1.100550 0.042945 -4.514617
v 1.204694 -0.152857 -3.155135
v 0.988270 -0.303060 -3.298204
v 0.903272 -0.093979 -4.515067
v 1.101077 0.042945 -4.514617
v 0.470229 -0.181810 -4.515355
v -0.914515 -0.057303 -4.514946
v -1.000620 -0.262702 -3.298072
v -1.204167 -0.152857 -3.155135
v -1.100550 0.042945 -4.514617
v -0.488039 -0.192980 -4.515391
v -0.000066 -0.265630 -4.515629
v 1.175975 2.060441 -4.508003
v -1.141094 2.441634 -4.506753
v 1.139792 2.441341 -4.506754
v -0.922295 3.336251 -4.503820
v -1.096291 2.805866 -4.505559
v 1.094424 2.805866 -4.505559
v 0.920428 3.336251 -4.503820
v -0.850140 3.398195 -4.503617
v -0.407295 3.770790 -4.502395
v 0.878789 3.501752 -3.558647
v 0.848274 3.398195 -4.503617
v 0.405428 3.770790 -4.502395
v 0.450210 3.950572 -3.557175
v -0.173492 4.092401 -3.556710
v -0.156223 3.899680 -4.501973
v -0.407295 3.770790 -4.502395
v 0.171400 4.092401 -3.556710
v 0.154356 3.899680 -4.501973
v 0.450210 3.950572 -3.557175
v 0.405428 3.770790 -4.502395
v -0.273831 3.912045 1.212974
v -1.071445 1.821815 -5.142772
v -1.061540 2.037399 -5.142065
v 1.078981 1.494326 -5.143846
v 1.071929 1.821815 -5.142772
v -1.078484 1.494326 -5.143846
v 1.077860 1.092044 -5.145164
v -1.077332 1.092044 -5.145164
v 1.037101 0.628037 -5.146686
v -1.036573 0.628037 -5.146686
v 0.993358 0.235929 -5.147972
v -0.992830 0.235929 -5.147972
v 0.814909 0.113701 -5.148372
v 0.993358 0.235929 -5.147972
v 0.424241 0.035297 -5.148629
v -0.825000 0.146440 -5.148265
v -0.992830 0.235929 -5.147972
v -0.440256 0.025326 -5.148662
v -0.000034 -0.039526 -5.148875
v 1.060927 2.036877 -5.142067
v -1.029407 2.377154 -5.140951
v 1.028284 2.376893 -5.140952
v -0.741482 3.209765 -5.138221
v -0.988989 2.702291 -5.139885
v 0.987356 2.702291 -5.139885
v 0.739850 3.209765 -5.138221
v -0.587418 3.278403 -5.137996
v -0.314712 3.620323 -5.136875
v 0.585785 3.278403 -5.137996
v 0.313080 3.620323 -5.136875
v -0.977173 1.818612 -5.683567
v -0.993837 1.510002 -5.684579
v 0.994337 1.510002 -5.684579
v 0.992701 1.100837 -5.685921
v -0.992173 1.100837 -5.685921
v 0.946648 0.731707 -5.687131
v -0.946121 0.731707 -5.687131
v 0.918249 0.405531 -5.688200
v -0.917721 0.405531 -5.688200
v 0.753296 0.300497 -5.688545
v 0.918249 0.405531 -5.688200
v 0.392175 0.233122 -5.688766
v -0.917721 0.405531 -5.688200
v -0.762583 0.328631 -5.688453
v -0.406939 0.224554 -5.688794
v -0.000011 0.168824 -5.688976
v 0.964715 2.039115 -5.682844
v 0.976979 1.820044 -5.683563
v -0.837568 2.489847 -5.681366
v -0.965243 2.039564 -5.682843
v -0.621717 3.186982 -5.679081
v -0.780692 2.690441 -5.680709
v 0.779222 2.690441 -5.680709
v 0.837051 2.487387 -5.681375
v 0.620248 3.186982 -5.679081
v -0.314282 3.269883 -5.678809
v -0.166423 3.323957 -5.678632
v 0.312813 3.269883 -5.678809
v 0.164955 3.323957 -5.678632
v 0.992701 1.100837 -5.685921
v 0.656956 1.467715 -6.998570
v -0.656428 1.467715 -6.998570
v -0.992173 1.100837 -5.685921
v 0.753296 0.300497 -5.688545
v 0.445694 0.815798 -7.000708
v 0.753296 0.300497 -5.688545
v 0.392175 0.233122 -5.688766
v 0.259590 0.760918 -7.000888
v 0.445694 0.815798 -7.000708
v -0.762583 0.328631 -5.688453
v -0.466482 0.858388 -7.000568
v -0.406939 0.224554 -5.688794
v -0.263476 0.756890 -7.000901
v -0.000011 0.168824 -5.688976
v 0.000082 0.708545 -7.001060
v 0.638437 2.231990 -6.996065
v 0.964715 2.039115 -5.682844
v -0.638608 2.232356 -6.996063
v -0.965243 2.039564 -5.682843
v -0.621717 3.186982 -5.679081
v -0.385543 3.084448 -6.993270
v 0.620248 3.186982 -5.679081
v 0.384749 3.084448 -6.993270
v -0.530009 2.102128 -9.605368
v -0.514756 2.442903 -9.604250
v 0.530522 2.102128 -9.605368
v 0.529650 1.838827 -9.606230
v -0.529122 1.838827 -9.606230
v 0.428625 1.422479 -9.607595
v -0.428097 1.422479 -9.607595
v 0.359343 1.323805 -9.607919
v 0.209317 1.280449 -9.608061
v 0.359343 1.323805 -9.607919
v -0.375999 1.357451 -9.607809
v -0.212348 1.277267 -9.608072
v 0.000117 1.239073 -9.608196
v 0.514721 2.442614 -9.604251
v -0.416313 2.861745 -9.602877
v -0.310751 3.116067 -9.602043
v 0.415776 2.861745 -9.602877
v 0.310213 3.116067 -9.602043
v -0.167521 3.252801 -9.601595
v 0.166984 3.252801 -9.601595
v -0.409535 2.377354 -12.364738
v -0.397747 2.625894 -12.363923
v 0.410051 2.377354 -12.364738
v 0.409377 2.185319 -12.365368
v -0.408849 2.185319 -12.365368
v 0.331304 1.881660 -12.366364
v -0.330777 1.881660 -12.366364
v 0.277762 1.809693 -12.366599
v 0.161822 1.778072 -12.366703
v 0.277762 1.809693 -12.366599
v -0.290515 1.834233 -12.366518
v -0.164044 1.775751 -12.366711
v 0.000150 1.747895 -12.366802
v 0.397840 2.625684 -12.363924
v -0.321670 2.931372 -12.362922
v -0.240090 3.116858 -12.362314
v 0.321374 2.931372 -12.362922
v 0.239795 3.116858 -12.362314
v -0.129401 3.216584 -12.361986
v 0.129106 3.216584 -12.361986
v -0.306632 2.541035 -13.990307
v -0.287850 2.731660 -13.989681
v 0.338684 2.541035 -13.990307
v 0.328883 2.393749 -13.990789
v -0.310039 2.393749 -13.990789
v 0.263451 2.160850 -13.991553
v -0.262923 2.160850 -13.991553
v 0.220883 2.105654 -13.991734
v 0.128707 2.081401 -13.991814
v 0.220883 2.105654 -13.991734
v -0.230913 2.124475 -13.991672
v -0.130366 2.079621 -13.991819
v 0.000174 2.058256 -13.991889
v 0.344260 2.731498 -13.989682
v -0.248800 2.965954 -13.988913
v -0.202773 3.108613 -14.109082
v 0.335949 2.965954 -13.988913
v 0.250036 3.109100 -14.257565
v -0.102824 3.184858 -14.035049
v 0.102697 3.184858 -14.035049
v -0.186219 2.675957 -15.509656
v -0.182525 2.822715 -15.509174
v 0.204173 2.675957 -15.509656
v 0.203914 2.562565 -15.510027
v -0.184221 2.562565 -15.510027
v 0.000220 2.304277 -15.510874
v 0.199486 2.822590 -15.509175
v -0.160824 5.835063 -17.108404
v -0.096699 5.872738 -17.116779
v -0.086478 5.894793 -17.878284
v -0.170720 5.837587 -17.878471
v 0.038037 5.872738 -17.116779
v 0.095723 5.835390 -17.208160
v 0.077256 5.837587 -17.878471
v 0.028143 5.894793 -17.878284
v 0.038037 5.872738 -17.116779
v 0.028143 5.894793 -17.878284
v -0.144608 2.688638 -16.286098
v -0.141158 2.869073 -16.431305
v 0.000433 2.562812 -16.214931
v -0.000645 2.690461 -16.316685
v -0.145865 2.562651 -16.192627
v -0.089496 2.391529 -16.047493
v -0.004608 2.868544 -16.455000
v -0.142262 5.819109 -18.416977
v -0.176372 5.799556 -18.418552
v -0.023010 5.799556 -18.418552
v -0.071583 5.819109 -18.416977
v -0.202773 3.108613 -14.109082
v -0.102824 3.184858 -14.035049
v -0.086753 3.858211 -14.803427
v -0.214946 3.858457 -14.878335
v -0.165964 3.112617 -15.508224
v -0.173726 3.862664 -16.161446
v 0.102697 3.184858 -14.035049
v 0.250036 3.109100 -14.257565
v 0.257363 3.858884 -15.008708
v 0.086646 3.858211 -14.803427
v 0.196130 3.112617 -15.508224
v 0.217794 3.862664 -16.161446
v 0.102697 3.184858 -14.035049
v 0.086646 3.858211 -14.803427
v -0.145252 3.043827 -16.563526
v -0.151725 3.866100 -17.209450
v -0.008423 3.045737 -16.591022
v -0.032061 3.866147 -17.223701
v -0.100886 5.666917 -16.810978
v -0.199591 5.666977 -16.829506
v -0.212327 5.670115 -17.786755
v 0.146751 5.667289 -16.924694
v 0.072513 5.666917 -16.810978
v 0.104597 5.670115 -17.786755
v 0.072513 5.666917 -16.810978
v -0.126666 3.866209 -17.242809
v -0.168227 5.672585 -18.539778
v -0.155715 5.672697 -18.573896
v -0.089399 5.672633 -18.554409
v -0.095390 2.562258 -16.222977
v 0.000433 2.562812 -16.214931
v -0.100868 3.043839 -16.609840
v -0.100868 3.043839 -16.609840
v -0.094786 2.868225 -16.468765
v -0.004608 2.868544 -16.455000
v -0.008423 3.045737 -16.591022
v -0.273831 3.912045 1.212974
v -0.452679 3.546746 1.211776
v 0.450587 3.546746 1.211776
v 0.271739 3.912045 1.212974
v 0.103198 4.002258 1.213270
v -0.105290 4.002258 1.213270
v -0.207612 -0.705822 6.669036
v -0.330456 -0.683788 6.761635
v -0.000000 -0.726648 6.637515
v 0.207612 -0.705822 6.669036
v 0.330456 -0.683788 6.761633
v 0.445080 -0.593320 6.921609
v -0.445080 -0.593320 6.921609
v 0.507755 -0.468461 7.038032
v -0.507755 -0.468461 7.038032
v -0.535968 -0.321571 7.141590
v 0.535968 -0.321571 7.141589
v -0.535968 -0.321571 7.141590
v -0.403609 -0.297040 7.200164
v 0.403609 -0.297040 7.200164
v 0.535968 -0.321571 7.141589
v -0.004078 -0.309640 7.293909
v -0.000000 -0.726648 6.637515
v -0.000000 -0.807035 5.852517
v -0.507755 -0.468461 7.038032
v -0.659630 -0.534445 5.853411
v -0.742082 -0.243897 5.854363
v 0.507755 -0.468461 7.038032
v 0.742082 -0.243897 5.854363
v 0.659630 -0.534445 5.853411
v -0.558823 -0.209667 5.854476
v 0.558823 -0.209667 5.854476
v -0.005646 -0.226689 5.854420
v -0.000000 -0.807035 5.852517
v 0.372494 -0.762594 5.852662
v -0.372494 -0.762594 5.852662
v -0.659630 -0.534445 5.853411
v 0.659630 -0.534445 5.853411
v -0.000645 2.690461 -16.316685
v -0.092668 2.690644 -16.326111
v -0.210528 4.087429 -2.040521
v -0.173492 4.135113 -0.533928
v -0.124258 4.253932 -0.148123
v 0.122166 4.253932 -0.148123
v 0.171400 4.135103 -0.530961
v 0.512450 0.063313 3.673528
v 0.514466 0.081705 2.682918
v 0.512450 -0.437706 3.671885
v 0.000039 -0.529939 3.671583
v -0.000097 -0.511549 2.681349
v 0.514466 -0.419315 2.681651
v -0.534001 0.069413 2.682878
v -0.517477 0.051021 3.673488
v -0.534001 -0.431606 2.681611
v -0.517477 -0.449997 3.671844
v 1.257745 0.225178 -2.053184
v 1.204694 -0.157243 -1.817724
v 0.553252 0.513534 -1.764176
v 0.828663 0.747976 -2.015731
v 1.204694 -0.152857 -3.155135
v 1.271643 0.417908 -3.068377
v 0.843477 0.953416 -3.097867
v 0.553252 0.518208 -3.189779
v 0.988270 -0.308307 -1.697754
v 0.541418 0.179313 -1.636864
v 0.988270 -0.303060 -3.298204
v 0.541418 0.184907 -3.342850
v 0.514466 -0.404955 -1.698071
v 0.403461 0.076292 -1.637202
v 0.514466 -0.399059 -3.496368
v 0.403461 0.082576 -3.554081
v -1.204167 -0.157638 -1.697260
v -1.257218 0.224401 -1.816472
v -0.798763 0.718778 -1.760289
v -0.526850 0.509902 -1.631139
v -1.271115 0.417908 -3.068377
v -0.812661 0.912604 -3.109612
v -1.204167 -0.152857 -3.155135
v -0.526850 0.515054 -3.202405
v -1.000620 -0.267950 -1.697622
v -0.542166 0.226396 -1.632069
v -1.000620 -0.262702 -3.298072
v -0.542166 0.232052 -3.356999
v -0.534002 -0.417246 -1.698111
v -0.442636 0.077099 -1.632558
v -0.534001 -0.411350 -3.496409
v -0.442634 0.083454 -3.570724
v 0.433693 3.326010 3.225184
v 0.126166 3.088253 3.245232
v 0.205687 3.062187 3.407538
v 0.452304 3.252854 3.391460
v 0.120973 2.700429 3.277933
v 0.201522 2.751177 3.433764
v 0.442946 2.554021 3.450388
v 0.748162 2.619181 3.444895
v 0.887335 2.897591 3.421417
v 0.811979 3.234667 3.232886
v 0.755666 3.179602 3.397640
v 1.222874 3.315278 -0.267601
v 1.209729 2.979265 -0.344319
v 0.782400 2.979021 -0.270037
v 0.795545 3.315035 -0.193319
v 1.246559 2.708910 -0.133333
v 0.819230 2.708666 -0.059051
v 1.305629 2.707796 0.206480
v 0.878300 2.707552 0.280762
v 1.342458 2.976762 0.419233
v 0.915129 2.976518 0.493515
v 1.329314 3.313271 0.344721
v 0.901985 3.313027 0.419002
v 1.276094 3.463925 0.039051
v 0.848765 3.463681 0.113333
v 1.222874 3.315278 -0.267601
v 0.795545 3.315035 -0.193319
v 0.584726 4.963732 -16.286194
v 0.642232 5.234327 -16.526798
v -0.042139 5.392644 -16.537743
v -0.042139 4.979926 -16.106524
v -0.042139 5.071727 -17.964907
v -0.042139 5.125755 -17.964729
v 0.657381 5.060519 -17.848829
v 0.657381 5.025078 -17.848946
v 0.657381 4.838343 -17.315525
v 0.657381 5.243752 -17.314198
v 0.657381 5.242077 -16.803009
v 0.657381 4.836666 -16.804340
v -0.042139 5.405622 -17.313665
v -0.042139 5.403945 -16.802479
v 0.657381 4.838343 -17.315525
v 0.657381 4.836666 -16.804340
v -0.042139 4.785922 -16.804504
v -0.042139 4.787598 -17.315693
v 0.657381 5.060519 -17.848829
v -0.042139 5.125755 -17.964729
v 0.657381 5.025078 -17.848946
v 0.584726 4.963732 -16.286194
v 0.305957 2.552269 -13.506681
v 2.327716 2.552351 -13.531478
v 2.327716 2.695553 -13.531009
v 0.305957 2.695472 -13.506211
v 2.327716 2.654937 -14.341318
v 0.305957 2.656037 -14.676564
v 2.327716 2.598279 -14.341503
v 0.305957 2.599378 -14.676749
v 0.305957 2.599378 -14.676749
v 2.327716 2.598279 -14.341503
v 2.525375 2.578311 -13.594644
v 2.485843 2.602700 -14.254519
v 2.485843 2.649946 -14.254363
v 2.525375 2.670007 -13.594343
v 0.305957 2.599378 -14.676749
v 0.305957 2.552269 -13.506681
v 2.485843 2.602700 -14.254519
v 2.525375 2.578311 -13.594644
v 2.485843 2.602700 -14.254519
v -0.366516 1.210867 6.041402
v -0.366516 1.127109 6.041128
v -0.354498 1.130641 8.629603
v -0.354498 1.190362 8.629799
v -0.282759 1.127109 6.041128
v -0.294777 1.130641 8.629603
v -0.282759 1.210867 6.041402
v -0.294777 1.190362 8.629799
v -0.366516 1.210867 6.041402
v -0.354498 1.190362 8.629799
v -0.445652 1.177014 8.629755
v -0.445652 1.143989 8.629647
v -0.445652 1.143788 8.691075
v -0.445652 1.176813 8.691183
v -0.339841 1.031926 8.629280
v -0.309434 1.031926 8.629280
v -0.309434 1.031754 8.681681
v -0.339841 1.031754 8.681681
v -0.201096 1.145779 8.629653
v -0.201096 1.175224 8.629749
v -0.201096 1.175022 8.691177
v -0.201096 1.145578 8.691081
v -0.308497 1.285559 8.630112
v -0.340778 1.285559 8.630112
v -0.340778 1.285387 8.682513
v -0.308497 1.285387 8.682513
v -0.354498 1.189900 8.770998
v -0.354498 1.130178 8.770802
v -0.294777 1.130178 8.770802
v -0.294777 1.189899 8.770998
v -0.354498 1.189900 8.770998
v -0.294777 1.190362 8.629799
v -0.354498 1.190362 8.629799
v -0.340778 1.285559 8.630112
v -0.308497 1.285559 8.630112
v -0.354498 1.190362 8.629799
v -0.354498 1.189900 8.770998
v -0.340778 1.285387 8.682513
v -0.340778 1.285559 8.630112
v -0.294777 1.189899 8.770998
v -0.308497 1.285387 8.682513
v -0.294777 1.130641 8.629603
v -0.201096 1.175224 8.629749
v -0.201096 1.145779 8.629653
v -0.201096 1.175022 8.691177
v -0.294777 1.130178 8.770802
v -0.201096 1.145578 8.691081
v -0.354498 1.130641 8.629603
v -0.294777 1.130641 8.629603
v -0.309434 1.031926 8.629280
v -0.339841 1.031926 8.629280
v -0.309434 1.031754 8.681681
v -0.309434 1.031926 8.629280
v -0.354498 1.130178 8.770802
v -0.339841 1.031754 8.681681
v -0.445652 1.143989 8.629647
v -0.445652 1.177014 8.629755
v -0.445652 1.143788 8.691075
v -0.445652 1.176813 8.691183
v 0.875862 -0.976157 5.728132
v 0.685994 -0.834860 5.727742
v 0.681339 -0.812690 6.204515
v 0.902650 -0.966107 6.204957
v 0.523726 -0.888550 5.727597
v 0.451002 -1.124127 5.727759
v 0.423018 -1.133153 6.204535
v 0.498152 -0.873302 6.204350
v 0.621290 -1.271104 5.728130
v 0.615259 -1.299077 6.204954
v 0.833720 -1.197119 5.728315
v 0.855074 -1.215554 6.205166
v 0.700328 -0.851991 6.341385
v 0.852529 -0.983357 6.341715
v 0.498152 -0.873302 6.204350
v 0.510463 -0.918118 6.341217
v 0.472796 -1.115609 6.341380
v 0.510463 -0.918118 6.341217
v 0.624997 -1.246974 6.341714
v 0.814862 -1.180848 6.341882
v 0.523726 -0.888550 5.727597
v 0.685994 -0.834860 5.727742
v 0.523726 -0.888550 5.727597
v 0.415708 -0.680795 5.714835
v 0.628138 -0.606810 5.715020
v 0.523726 -0.888550 5.727597
v 0.498152 -0.873302 6.204350
v 0.393158 -0.661335 6.191587
v 0.415708 -0.680795 5.714835
v 0.681339 -0.812690 6.204515
v 0.632973 -0.577812 6.191800
v 0.353664 -0.643614 6.871240
v 0.250702 -0.644111 7.023030
v 0.093977 -0.644294 7.078599
v 0.093977 -0.642277 6.463637
v 0.258519 -0.642480 6.525517
v 0.356649 -0.642991 6.681205
v 0.310463 -0.533228 7.118210
v 0.093977 -0.533479 7.194695
v 0.515428 -0.392511 6.933941
v 0.348832 -0.393316 7.179544
v 0.093977 -0.393611 7.269456
v 0.537223 -0.237221 6.942789
v 0.362053 -0.238068 7.201029
v 0.093977 -0.238378 7.295568
v 0.091922 -0.628922 7.048411
v 0.091922 -0.692861 6.916713
v 0.091922 -0.691905 6.625202
v 0.091922 -0.627104 6.493923
v 0.091922 -0.529003 7.153092
v 0.091922 -0.402889 7.220502
v 0.091922 -0.262922 7.244046
v 0.091922 -0.714564 6.770885
v -0.000000 -0.628922 7.048411
v -0.000000 -0.692861 6.916713
v -0.000000 -0.691905 6.625202
v -0.000000 -0.627104 6.493923
v -0.000000 -0.529003 7.153092
v -0.000000 -0.402889 7.220502
v -0.000000 -0.262922 7.244046
v -0.000000 -0.714564 6.770885
v -0.250702 -0.644111 7.023030
v -0.353664 -0.643614 6.871240
v -0.093977 -0.644294 7.078599
v -0.258519 -0.642480 6.525517
v -0.093977 -0.642277 6.463637
v -0.356649 -0.642991 6.681205
v -0.353664 -0.643614 6.871240
v -0.310463 -0.533228 7.118210
v -0.452178 -0.532543 6.909287
v -0.093977 -0.533479 7.194695
v -0.356649 -0.642991 6.681205
v -0.456288 -0.531686 6.647730
v -0.348832 -0.393316 7.179544
v -0.515428 -0.392511 6.933941
v -0.093977 -0.393611 7.269456
v -0.362054 -0.238068 7.201029
v -0.537223 -0.237221 6.942789
v -0.093977 -0.238378 7.295568
v -0.091922 -0.692861 6.916713
v -0.091922 -0.628922 7.048411
v -0.091922 -0.627104 6.493923
v -0.091922 -0.691905 6.625202
v -0.091922 -0.529003 7.153092
v -0.091922 -0.402889 7.220502
v -0.091922 -0.262922 7.244046
v -0.091922 -0.714564 6.770885
v -0.757084 -1.246665 6.499129
v -0.674681 -1.246665 6.499129
v -0.674681 -0.880887 6.500327
v -0.757084 -0.880887 6.500327
v -1.016872 -0.199444 6.168273
v -0.502599 -0.344468 6.167797
v -0.502599 -0.396108 5.539087
v -1.027961 -0.203241 5.752752
v -0.878231 -0.875979 5.003240
v -0.553534 -0.875979 5.003240
v -0.533797 -1.216894 5.350644
v -0.897967 -1.216894 5.350644
v -0.502599 -1.227663 5.536360
v -0.929166 -1.227663 5.536360
v -0.502599 -1.264101 6.164782
v -0.502599 -1.227663 5.536360
v -0.502599 -0.877730 5.537507
v -0.502599 -0.879791 6.166041
v -0.897967 -1.216894 5.350644
v -0.929166 -1.227663 5.536360
v -0.929166 -0.877730 5.537507
v -0.878231 -0.875979 5.003240
v -0.929166 -1.264101 6.164782
v -0.502599 -1.264101 6.164782
v -0.554306 -1.264907 6.410584
v -0.877459 -1.264907 6.410584
v -0.554306 -0.880597 6.411844
v -0.554306 -1.264907 6.410584
v -0.953934 -0.255779 6.413894
v -0.554306 -0.310664 6.413713
v -0.929166 -0.879791 6.166041
v -0.929166 -1.264101 6.164782
v -0.877459 -1.264907 6.410584
v -0.877459 -0.880597 6.411844
v -0.674681 -1.246665 6.499129
v -0.757084 -1.246665 6.499129
v -0.554306 -0.880597 6.411844
v -0.877459 -0.880597 6.411844
v -0.757084 -0.880887 6.500327
v -0.674681 -0.880887 6.500327
v -0.502599 -0.814684 5.537715
v -0.502599 -0.816745 6.166249
v -0.899318 -0.812932 5.003448
v -0.534909 -0.812932 5.003448
v -0.929166 -0.814684 5.537715
v -0.899318 -0.812932 5.003448
v -0.909271 -0.789249 6.412144
v -0.929166 -0.816745 6.166249
v -0.554306 -0.768697 6.412211
v -0.909271 -0.789249 6.412144
v -0.554306 -0.768697 6.412211
v -0.502599 -0.558122 5.538555
v -0.502599 -0.560183 6.167089
v -0.977826 -0.503633 5.038192
v -0.512759 -0.556442 5.025939
v -0.977826 -0.503633 5.038192
v -0.922839 -0.560989 6.412892
v -1.001116 -0.507335 6.167263
v -0.572578 -0.665118 6.623225
v -0.554306 -0.704531 6.623096
v -0.554306 -0.561835 6.670958
v -0.681050 -0.561835 6.670958
v -0.554306 -0.560989 6.412892
v -0.554306 -0.704531 6.623096
v -0.554306 -0.561835 6.670958
v -0.554306 -0.704531 6.623096
v -0.806028 -0.453387 6.652058
v -0.606524 -0.453387 6.652058
v -0.953934 -0.255779 6.413894
v -0.681050 -0.561835 6.670958
v -0.806028 -0.453387 6.652058
v -0.502599 -0.396108 5.539087
v -0.502599 -0.344468 6.167797
v -0.987987 -0.313130 5.070478
v -1.016872 -0.199444 6.168273
v -0.554306 -0.310664 6.413713
v -0.606524 -0.453387 6.652058
v -0.922839 -0.560989 6.412892
v -0.533797 -1.216894 5.350644
v -0.553534 -0.875979 5.003240
v -0.534909 -0.812932 5.003448
v -0.512759 -0.556442 5.025939
v -0.502599 -0.447966 4.998551
v -0.342752 3.375789 -4.661031
v 0.342752 3.375789 -4.661031
v 0.342752 3.763531 -4.659760
v -0.342752 3.763531 -4.659760
v 0.342752 3.765243 -5.181849
v -0.342752 3.765243 -5.181849
v -0.061475 3.766898 -5.686660
v 0.061475 3.766898 -5.686660
v 0.061475 3.378793 -5.577197
v -0.061475 3.378793 -5.577197
v 0.342752 3.375789 -4.661031
v 0.342752 3.377501 -5.183121
v 0.342752 3.765243 -5.181849
v 0.342752 3.763531 -4.659760
v -0.342752 3.377501 -5.183121
v -0.342752 3.375789 -4.661031
v -0.342752 3.763531 -4.659760
v -0.342752 3.765243 -5.181849
v 0.229428 3.766505 -5.566749
v -0.229428 3.766505 -5.566749
v 0.229428 3.378400 -5.457286
v 0.229428 3.766505 -5.566749
v -0.229428 3.766505 -5.566749
v -0.229428 3.378400 -5.457286
v 0.061475 3.766898 -5.686660
v -0.061475 3.766898 -5.686660
v 0.118521 3.736588 -5.563849
v -0.118521 3.736588 -5.563849
v -0.118521 4.139722 -5.562528
v 0.118521 4.139722 -5.562528
v -0.237042 3.735915 -5.358567
v -0.237042 4.139049 -5.357245
v -0.118521 3.735242 -5.153284
v -0.118521 4.138376 -5.151962
v 0.118521 3.735242 -5.153284
v 0.118521 4.138376 -5.151962
v 0.237042 3.735915 -5.358567
v 0.237042 4.139049 -5.357245
v 0.118521 3.736588 -5.563849
v 0.118521 4.139722 -5.562528
v 0.018186 1.284559 -15.441875
v -0.049107 1.281950 -15.426493
v 0.156608 2.387028 -14.339052
v 0.223901 2.389637 -14.354433
v -0.057840 1.234722 -15.376846
v 0.147875 2.339799 -14.289406
v 0.004055 1.208142 -15.361544
v 0.209770 2.313219 -14.274102
v 0.051042 1.238943 -15.401732
v 0.256756 2.344020 -14.314294
v 0.018186 1.284559 -15.441875
v 0.223901 2.389637 -14.354433
v -0.063284 1.195319 -15.261671
v 0.063284 1.195319 -15.261671
v 0.062865 1.284662 -15.298635
v -0.062865 1.284662 -15.298635
v -0.062865 1.284662 -15.298635
v 0.062865 1.284662 -15.298635
v 0.062865 1.267187 -15.615719
v -0.062865 1.267187 -15.615719
v 0.063284 1.219468 -15.653131
v -0.063284 1.219468 -15.653131
v 0.062865 1.267187 -15.615719
v 0.062865 1.284662 -15.298635
v -0.062865 1.284662 -15.298635
v -0.062865 1.267187 -15.615719
v 0.036548 1.284505 -15.425113
v -0.031886 1.281976 -15.434175
v -0.217223 2.387041 -14.343065
v -0.148789 2.389570 -14.334002
v -0.057446 1.234767 -15.390705
v -0.242782 2.339833 -14.299595
v -0.004809 1.208120 -15.354775
v -0.190146 2.313185 -14.263663
v 0.053282 1.238858 -15.376040
v -0.132055 2.343924 -14.284929
v 0.036548 1.284505 -15.425113
v -0.148789 2.389570 -14.334002
v 0.015227 1.332338 -15.441916
v -0.030265 1.332437 -15.444546
v -0.023386 2.360979 -15.524943
v 0.022106 2.360880 -15.522312
v -0.046810 1.335856 -15.402225
v -0.039931 2.364398 -15.482624
v -0.011544 1.337870 -15.373440
v -0.004665 2.366412 -15.453837
v 0.026797 1.335696 -15.397968
v 0.033676 2.364238 -15.478366
v 0.015227 1.332338 -15.441916
v 0.022106 2.360880 -15.522312
v 1.218079 2.156974 -1.688275
v 1.683168 2.156975 -1.688275
v 1.683168 2.261381 -1.797329
v 1.218079 2.407931 -1.839596
v 1.218079 2.407931 -1.839596
v 1.683168 2.261381 -1.797329
v 1.683168 2.096192 -2.688757
v 1.218079 2.309396 -2.750250
v 1.218079 1.774165 -3.777622
v 1.218079 1.596022 -3.843383
v 1.218079 1.470237 -3.755284
v 1.683168 1.540200 -3.563015
v 1.683168 1.728010 -2.582563
v 1.218079 1.642982 -2.558039
v 5.192783 1.123634 -1.985896
v 5.186564 1.248268 -2.038654
v 1.683168 2.007934 -1.724227
v 2.492016 1.489224 -2.558707
v 1.683168 1.645111 -3.597284
v 2.602630 1.989366 -1.859191
v 1.218079 1.954179 -1.708723
v 2.492016 1.408352 -3.493943
v 1.218079 1.774165 -3.777622
v 2.602630 1.989366 -1.859191
v 2.548996 1.363235 -3.783260
v 2.548996 1.476528 -3.782715
v 2.632117 1.469090 -3.782751
v 2.632117 1.358792 -3.783281
v 3.560314 1.728684 -1.920176
v 3.560314 1.728684 -1.920176
v 2.689098 1.443391 -2.551557
v 2.689098 1.368621 -3.465650
v 3.433452 1.218660 -3.373328
v 3.433452 1.288853 -2.538763
v 2.689098 1.473532 -3.499919
v 3.433452 1.312034 -3.404271
v 3.518554 1.172924 -3.641061
v 3.518554 1.265797 -3.644734
v 3.575107 1.262282 -3.644595
v 3.575107 1.171094 -3.640988
v 5.040466 1.304549 -2.043157
v 5.040466 1.194256 -2.607529
v 5.040466 1.304549 -2.043157
v 3.660209 1.244386 -2.540673
v 3.660209 1.178794 -3.345133
v 5.040466 0.929056 -2.531039
v 5.040466 0.948995 -3.205701
v 3.660209 1.483218 -1.871269
v 5.100450 1.122282 -1.990586
v 5.186564 1.248268 -2.038654
v 5.178762 1.163806 -2.602945
v 5.186564 1.248268 -2.038654
v 5.040466 0.063191 -2.643316
v 5.081087 0.064275 -3.282172
v 5.152163 0.064263 -3.277291
v 5.192783 0.063184 -2.638436
v 5.152163 0.878763 -3.176354
v 5.100450 0.062219 -2.070482
v 5.192783 0.062212 -2.065602
v 5.040466 0.929056 -2.531039
v 5.081087 0.877410 -3.181043
v 5.081087 0.064275 -3.282172
v 5.040466 0.063191 -2.643316
v 5.081087 0.064275 -3.282172
v 5.100450 0.062219 -2.070482
v 5.192783 0.062212 -2.065602
v 2.492016 1.766026 -1.779045
v 2.531218 1.338285 -1.598746
v 2.689098 1.714727 -1.790852
v 2.649896 1.338315 -1.598277
v 2.531218 1.338285 -1.598746
v 2.649896 1.338315 -1.598277
v 3.433452 1.536226 -1.843641
v 3.471232 1.135347 -1.699133
v 3.660209 1.483218 -1.871269
v 3.622431 1.135396 -1.698720
v 3.471232 1.135347 -1.699133
v 3.622431 1.135396 -1.698720
v 2.492016 0.964031 -3.481152
v 2.463343 0.959866 -2.560145
v 2.632117 0.969798 -3.785151
v 2.548996 0.968500 -3.785157
v 2.717098 0.959893 -2.565976
v 2.689098 0.963958 -3.464977
v 2.545367 0.956133 -1.734318
v 2.635746 0.956160 -1.733582
v 2.545367 0.956133 -1.734318
v 2.635746 0.956160 -1.733582
v 3.433452 0.760170 -3.371650
v 3.405564 0.756609 -2.597177
v 3.575107 0.760132 -3.625054
v 3.518554 0.764643 -3.625232
v 3.689180 0.756673 -2.611334
v 3.660209 0.760097 -3.355608
v 3.491981 0.753279 -1.860735
v 3.601680 0.753354 -1.868038
v 3.491981 0.753279 -1.860735
v 3.601680 0.753354 -1.868038
v 3.433452 1.312034 -3.404271
v 3.518554 1.265797 -3.644734
v 3.518554 1.172924 -3.641061
v 3.660209 1.269605 -3.375337
v 3.575107 1.262282 -3.644595
v 3.518554 1.265797 -3.644734
v 3.518554 0.764643 -3.625232
v 2.492016 1.513265 -3.528214
v 2.548996 1.476528 -3.782715
v 2.548996 1.363235 -3.783260
v 2.689098 1.473532 -3.499919
v 2.632117 1.469090 -3.782751
v 2.548996 1.476528 -3.782715
v 2.548996 0.968500 -3.785157
v 3.685911 0.755081 -3.787064
v 3.415401 0.752720 -3.787072
v 3.393602 0.797880 -1.897373
v 3.706810 0.800613 -1.897365
v 3.225790 0.559772 -3.787704
v 3.174063 0.574476 -1.898106
v 3.228152 0.289264 -3.788592
v 3.176797 0.261271 -1.899133
v 3.421100 0.099655 -3.789213
v 3.400200 0.041732 -1.899853
v 3.421100 0.099655 -3.789213
v 3.691610 0.102015 -3.789206
v 3.713409 0.044466 -1.899844
v 3.400200 0.041732 -1.899853
v 3.881221 0.294963 -3.788573
v 3.932948 0.267869 -1.899111
v 3.878860 0.565472 -3.787686
v 3.930214 0.581075 -1.898084
v 3.488048 0.573718 -1.390857
v 3.616262 0.574837 -1.390853
v 3.398178 0.482266 -1.391157
v 3.399297 0.354052 -1.391577
v 3.398178 0.482266 -1.391157
v 3.490749 0.264183 -1.391872
v 3.618963 0.265301 -1.391868
v 3.490749 0.264183 -1.391872
v 3.708833 0.356754 -1.391568
v 3.707715 0.484967 -1.391148
v 3.708833 0.356754 -1.391568
v 3.707715 0.484967 -1.391148
v 3.616262 0.574837 -1.390853
v 3.488048 0.573718 -1.390857
v 3.488048 0.573145 -1.216247
v 3.616262 0.574265 -1.216243
v 3.398178 0.482266 -1.391157
v 3.398178 0.481694 -1.216547
v 3.399297 0.354052 -1.391577
v 3.399297 0.353480 -1.216967
v 3.490749 0.264183 -1.391872
v 3.490749 0.263610 -1.217262
v 3.490749 0.264183 -1.391872
v 3.618963 0.265301 -1.391868
v 3.618963 0.264729 -1.217258
v 3.490749 0.263610 -1.217262
v 3.708833 0.356754 -1.391568
v 3.708833 0.356181 -1.216958
v 3.707715 0.484967 -1.391148
v 3.707715 0.484395 -1.216538
v 3.685911 0.755081 -3.787064
v 3.878860 0.565472 -3.787686
v 3.225790 0.559772 -3.787704
v 3.415401 0.752720 -3.787072
v 3.881221 0.294963 -3.788573
v 3.691610 0.102015 -3.789206
v 3.421100 0.099655 -3.789213
v 3.228152 0.289264 -3.788592
v 3.488048 0.573145 -1.216247
v 3.398178 0.481694 -1.216547
v 3.707715 0.484395 -1.216538
v 3.616262 0.574265 -1.216243
v 3.399297 0.353480 -1.216967
v 3.708833 0.356181 -1.216958
v 3.490749 0.263610 -1.217262
v 3.618963 0.264729 -1.217258
v 4.820724 0.014947 -3.085226
v 5.392974 0.014947 -3.085226
v 5.392974 0.080508 -3.085011
v 4.820724 0.080508 -3.085011
v 5.392974 0.080878 -3.198154
v 4.820724 0.080878 -3.198154
v 5.392974 0.015319 -3.198370
v 4.820724 0.015319 -3.198370
v 5.392974 0.014947 -3.085226
v 4.820724 0.014947 -3.085226
v 5.392974 0.014947 -3.085226
v 5.392974 0.015319 -3.198370
v 4.820724 0.015319 -3.198370
v 4.820724 0.014947 -3.085226
v 5.457939 0.309286 -3.787212
v 5.318600 0.309286 -3.787212
v 5.318600 0.301491 -1.409956
v 5.457939 0.301491 -1.409956
v 5.248930 0.188615 -3.787607
v 5.248930 0.180820 -1.410352
v 5.318600 0.067944 -3.788003
v 5.318600 0.060149 -1.410748
v 5.457939 0.067944 -3.788003
v 5.457939 0.060149 -1.410748
v 5.527609 0.188615 -3.787607
v 5.527609 0.180820 -1.410352
v 5.527609 0.188615 -3.787607
v 5.527609 0.180820 -1.410352
v 5.318600 0.301491 -1.409956
v 5.248930 0.180820 -1.410352
v 5.527609 0.180820 -1.410352
v 5.457939 0.301491 -1.409956
v 5.318600 0.060149 -1.410748
v 5.457939 0.060149 -1.410748
v 5.457939 0.309286 -3.787212
v 5.527609 0.188615 -3.787607
v 5.248930 0.188615 -3.787607
v 5.318600 0.309286 -3.787212
v 5.457939 0.067944 -3.788003
v 5.318600 0.067944 -3.788003
v 4.820724 0.011745 -2.108469
v 5.392974 0.011745 -2.108469
v 5.392974 0.077305 -2.108254
v 4.820724 0.077305 -2.108254
v 5.392974 0.077676 -2.221398
v 4.820724 0.077676 -2.221398
v 5.392974 0.012116 -2.221612
v 4.820724 0.012116 -2.221612
v 5.392974 0.011745 -2.108469
v 4.820724 0.011745 -2.108469
v 5.392974 0.011745 -2.108469
v 5.392974 0.012116 -2.221612
v 4.820724 0.012116 -2.221612
v 4.820724 0.011745 -2.108469
v 4.916885 0.309286 -3.787212
v 4.777546 0.309286 -3.787212
v 4.777546 0.301491 -1.409956
v 4.916885 0.301491 -1.409956
v 4.707876 0.188615 -3.787607
v 4.707876 0.180820 -1.410352
v 4.777546 0.067944 -3.788003
v 4.777546 0.060149 -1.410748
v 4.916885 0.067944 -3.788003
v 4.916885 0.060149 -1.410748
v 4.986556 0.188615 -3.787607
v 4.986556 0.180820 -1.410352
v 4.986556 0.188615 -3.787607
v 4.986556 0.180820 -1.410352
v 4.777546 0.301491 -1.409956
v 4.707876 0.180820 -1.410352
v 4.986556 0.180820 -1.410352
v 4.916885 0.301491 -1.409956
v 4.777546 0.060149 -1.410748
v 4.916885 0.060149 -1.410748
v 4.916885 0.309286 -3.787212
v 4.986556 0.188615 -3.787607
v 4.707876 0.188615 -3.787607
v 4.777546 0.309286 -3.787212
v 4.916885 0.067944 -3.788003
v 4.777546 0.067944 -3.788003
v -1.218079 2.156974 -1.688275
v -1.218079 2.407931 -1.839596
v -1.683168 2.261381 -1.797329
v -1.683168 2.156975 -1.688275
v -1.218079 2.407931 -1.839596
v -1.218079 2.309396 -2.750250
v -1.683168 2.096192 -2.688757
v -1.683168 2.261381 -1.797329
v -1.218079 1.774165 -3.777622
v -1.218079 1.596022 -3.843383
v -1.218079 1.470237 -3.755284
v -1.218079 1.642982 -2.558039
v -1.683168 1.728010 -2.582563
v -1.683168 1.540200 -3.563015
v -5.192783 1.123634 -1.985896
v -5.186564 1.248268 -2.038654
v -1.683168 2.007934 -1.724227
v -2.492016 1.489224 -2.558707
v -1.683168 1.645111 -3.597284
v -2.602630 1.989366 -1.859191
v -1.218079 1.954179 -1.708723
v -2.492016 1.408352 -3.493943
v -1.218079 1.774165 -3.777622
v -2.602630 1.989366 -1.859191
v -2.548996 1.363235 -3.783260
v -2.632117 1.358792 -3.783281
v -2.632117 1.469090 -3.782751
v -2.548996 1.476528 -3.782715
v -3.560314 1.728684 -1.920176
v -3.560314 1.728684 -1.920176
v -2.689098 1.443391 -2.551557
v -3.433452 1.288853 -2.538763
v -3.433452 1.218660 -3.373328
v -2.689098 1.368621 -3.465650
v -3.433452 1.312034 -3.404271
v -2.689098 1.473532 -3.499919
v -3.518554 1.172924 -3.641061
v -3.575107 1.171094 -3.640988
v -3.575107 1.262282 -3.644595
v -3.518554 1.265797 -3.644734
v -5.040466 1.194256 -2.607529
v -5.040466 1.304549 -2.043157
v -5.040466 1.304549 -2.043157
v -3.660209 1.244386 -2.540673
v -5.040466 0.929056 -2.531039
v -3.660209 1.178794 -3.345133
v -5.040466 0.948995 -3.205701
v -3.660209 1.483218 -1.871269
v -5.100450 1.122282 -1.990586
v -5.178762 1.163806 -2.602945
v -5.186564 1.248268 -2.038654
v -5.186564 1.248268 -2.038654
v -5.040466 0.063191 -2.643316
v -5.192783 0.063184 -2.638436
v -5.152163 0.064263 -3.277291
v -5.081087 0.064275 -3.282172
v -5.152163 0.878763 -3.176354
v -5.100450 0.062219 -2.070482
v -5.192783 0.062212 -2.065602
v -5.040466 0.929056 -2.531039
v -5.040466 0.063191 -2.643316
v -5.081087 0.064275 -3.282172
v -5.081087 0.877410 -3.181043
v -5.081087 0.064275 -3.282172
v -5.100450 0.062219 -2.070482
v -5.192783 0.062212 -2.065602
v -2.492016 1.766026 -1.779045
v -2.531218 1.338285 -1.598746
v -2.649896 1.338315 -1.598277
v -2.689098 1.714727 -1.790852
v -2.649896 1.338315 -1.598277
v -2.531218 1.338285 -1.598746
v -3.433452 1.536226 -1.843641
v -3.471232 1.135347 -1.699133
v -3.622431 1.135396 -1.698720
v -3.660209 1.483218 -1.871269
v -3.622431 1.135396 -1.698720
v -3.471232 1.135347 -1.699133
v -2.463343 0.959866 -2.560145
v -2.492016 0.964031 -3.481152
v -2.548996 0.968500 -3.785157
v -2.632117 0.969798 -3.785151
v -2.689098 0.963958 -3.464977
v -2.717098 0.959893 -2.565976
v -2.545367 0.956133 -1.734318
v -2.635746 0.956160 -1.733582
v -2.635746 0.956160 -1.733582
v -2.545367 0.956133 -1.734318
v -3.405564 0.756609 -2.597177
v -3.433452 0.760170 -3.371650
v -3.518554 0.764643 -3.625232
v -3.575107 0.760132 -3.625054
v -3.660209 0.760097 -3.355608
v -3.689180 0.756673 -2.611334
v -3.491981 0.753279 -1.860735
v -3.601680 0.753354 -1.868038
v -3.601680 0.753354 -1.868038
v -3.491981 0.753279 -1.860735
v -3.518554 1.172924 -3.641061
v -3.518554 1.265797 -3.644734
v -3.433452 1.312034 -3.404271
v -3.660209 1.269605 -3.375337
v -3.518554 1.265797 -3.644734
v -3.575107 1.262282 -3.644595
v -3.518554 0.764643 -3.625232
v -2.548996 1.363235 -3.783260
v -2.548996 1.476528 -3.782715
v -2.492016 1.513265 -3.528214
v -2.689098 1.473532 -3.499919
v -2.548996 1.476528 -3.782715
v -2.632117 1.469090 -3.782751
v -2.548996 0.968500 -3.785157
v -4.820724 0.014947 -3.085226
v -4.820724 0.080508 -3.085011
v -5.392974 0.080508 -3.085011
v -5.392974 0.014947 -3.085226
v -4.820724 0.080878 -3.198154
v -5.392974 0.080878 -3.198154
v -4.820724 0.015319 -3.198370
v -5.392974 0.015319 -3.198370
v -4.820724 0.014947 -3.085226
v -5.392974 0.014947 -3.085226
v -5.392974 0.014947 -3.085226
v -5.392974 0.015319 -3.198370
v -4.820724 0.015319 -3.198370
v -4.820724 0.014947 -3.085226
v -5.457939 0.309286 -3.787212
v -5.457939 0.301491 -1.409956
v -5.318600 0.301491 -1.409956
v -5.318600 0.309286 -3.787212
v -5.248930 0.180820 -1.410352
v -5.248930 0.188615 -3.787607
v -5.318600 0.060149 -1.410748
v -5.318600 0.067944 -3.788003
v -5.457939 0.060149 -1.410748
v -5.457939 0.067944 -3.788003
v -5.527609 0.180820 -1.410352
v -5.527609 0.188615 -3.787607
v -5.527609 0.188615 -3.787607
v -5.527609 0.180820 -1.410352
v -5.318600 0.301491 -1.409956
v -5.457939 0.301491 -1.409956
v -5.527609 0.180820 -1.410352
v -5.248930 0.180820 -1.410352
v -5.457939 0.060149 -1.410748
v -5.318600 0.060149 -1.410748
v -5.457939 0.309286 -3.787212
v -5.318600 0.309286 -3.787212
v -5.248930 0.188615 -3.787607
v -5.527609 0.188615 -3.787607
v -5.318600 0.067944 -3.788003
v -5.457939 0.067944 -3.788003
v -4.820724 0.011745 -2.108469
v -4.820724 0.077305 -2.108254
v -5.392974 0.077305 -2.108254
v -5.392974 0.011745 -2.108469
v -4.820724 0.077676 -2.221398
v -5.392974 0.077676 -2.221398
v -4.820724 0.012116 -2.221612
v -5.392974 0.012116 -2.221612
v -4.820724 0.011745 -2.108469
v -5.392974 0.011745 -2.108469
v -5.392974 0.011745 -2.108469
v -5.392974 0.012116 -2.221612
v -4.820724 0.012116 -2.221612
v -4.820724 0.011745 -2.108469
v -4.916885 0.309286 -3.787212
v -4.916885 0.301491 -1.409956
v -4.777546 0.301491 -1.409956
v -4.777546 0.309286 -3.787212
v -4.707876 0.180820 -1.410352
v -4.707876 0.188615 -3.787607
v -4.777546 0.060149 -1.410748
v -4.777546 0.067944 -3.788003
v -4.916885 0.060149 -1.410748
v -4.916885 0.067944 -3.788003
v -4.986556 0.180820 -1.410352
v -4.986556 0.188615 -3.787607
v -4.986556 0.188615 -3.787607
v -4.986556 0.180820 -1.410352
v -4.777546 0.301491 -1.409956
v -4.916885 0.301491 -1.409956
v -4.986556 0.180820 -1.410352
v -4.707876 0.180820 -1.410352
v -4.916885 0.060149 -1.410748
v -4.777546 0.060149 -1.410748
v -4.916885 0.309286 -3.787212
v -4.777546 0.309286 -3.787212
v -4.707876 0.188615 -3.787607
v -4.986556 0.188615 -3.787607
v -4.777546 0.067944 -3.788003
v -4.916885 0.067944 -3.788003
v -0.435228 3.326010 3.225184
v -0.453840 3.252854 3.391460
v -0.207223 3.062187 3.407538
v -0.127702 3.088253 3.245232
v -0.203058 2.751177 3.433764
v -0.122509 2.700429 3.277933
v -0.444482 2.554021 3.450388
v -0.749697 2.619181 3.444895
v -0.888871 2.897591 3.421417
v -0.757202 3.179602 3.397640
v -0.813514 3.234667 3.232886
v -0.305957 2.552269 -13.506681
v -0.305957 2.695472 -13.506211
v -2.327716 2.695553 -13.531009
v -2.327716 2.552351 -13.531478
v -0.305957 2.656037 -14.676564
v -2.327716 2.654937 -14.341318
v -0.305957 2.599378 -14.676749
v -2.327716 2.598279 -14.341503
v -0.305957 2.599378 -14.676749
v -2.327716 2.598279 -14.341503
v -2.525375 2.578311 -13.594644
v -2.525375 2.670007 -13.594343
v -2.485843 2.649946 -14.254363
v -2.485843 2.602700 -14.254519
v -0.305957 2.599378 -14.676749
v -0.305957 2.552269 -13.506681
v -2.525375 2.578311 -13.594644
v -2.485843 2.602700 -14.254519
v -2.485843 2.602700 -14.254519
v -1.222874 3.315278 -0.267601
v -0.795545 3.315035 -0.193319
v -0.782400 2.979021 -0.270037
v -1.209729 2.979265 -0.344319
v -0.819230 2.708666 -0.059051
v -1.246559 2.708910 -0.133333
v -0.878300 2.707552 0.280762
v -1.305629 2.707796 0.206480
v -0.915129 2.976518 0.493515
v -1.342458 2.976762 0.419233
v -0.901985 3.313027 0.419002
v -1.329314 3.313271 0.344721
v -0.848765 3.463681 0.113333
v -1.276094 3.463925 0.039051
v -0.795545 3.315035 -0.193319
v -1.222874 3.315278 -0.267601
v 2.726918 0.971739 -3.776820
v 2.456408 0.969378 -3.776827
v 2.434609 1.014537 -1.887129
v 2.747817 1.017271 -1.887120
v 2.266797 0.776430 -3.777460
v 2.215070 0.791134 -1.887861
v 2.269159 0.505922 -3.778347
v 2.217804 0.477928 -1.888888
v 2.462107 0.316312 -3.778969
v 2.441207 0.258390 -1.889608
v 2.462107 0.316312 -3.778969
v 2.732617 0.318673 -3.778961
v 2.754416 0.261123 -1.889599
v 2.441207 0.258390 -1.889608
v 2.922228 0.511621 -3.778328
v 2.973955 0.484527 -1.888866
v 2.919867 0.782129 -3.777441
v 2.971221 0.797733 -1.887840
v 2.529055 0.790375 -1.380612
v 2.657269 0.791494 -1.380609
v 2.439185 0.698923 -1.380912
v 2.440304 0.570710 -1.381332
v 2.439185 0.698923 -1.380912
v 2.531756 0.480840 -1.381627
v 2.659970 0.481959 -1.381624
v 2.531756 0.480840 -1.381627
v 2.749840 0.573411 -1.381324
v 2.748722 0.701625 -1.380903
v 2.749840 0.573411 -1.381324
v 2.748722 0.701625 -1.380903
v 2.657269 0.791494 -1.380609
v 2.529055 0.790375 -1.380612
v 2.529055 0.789803 -1.206002
v 2.657269 0.790922 -1.205999
v 2.439185 0.698923 -1.380912
v 2.439185 0.698351 -1.206302
v 2.440304 0.570710 -1.381332
v 2.440304 0.570137 -1.206722
v 2.531756 0.480840 -1.381627
v 2.531756 0.480268 -1.207017
v 2.531756 0.480840 -1.381627
v 2.659970 0.481959 -1.381624
v 2.659970 0.481387 -1.207013
v 2.531756 0.480268 -1.207017
v 2.749840 0.573411 -1.381324
v 2.749840 0.572839 -1.206714
v 2.748722 0.701625 -1.380903
v 2.748722 0.701052 -1.206293
v 2.726918 0.971739 -3.776820
v 2.919867 0.782129 -3.777441
v 2.266797 0.776430 -3.777460
v 2.456408 0.969378 -3.776827
v 2.922228 0.511621 -3.778328
v 2.732617 0.318673 -3.778961
v 2.462107 0.316312 -3.778969
v 2.269159 0.505922 -3.778347
v 2.529055 0.789803 -1.206002
v 2.439185 0.698351 -1.206302
v 2.748722 0.701052 -1.206293
v 2.657269 0.790922 -1.205999
v 2.440304 0.570137 -1.206722
v 2.749840 0.572839 -1.206714
v 2.531756 0.480268 -1.207017
v 2.659970 0.481387 -1.207013
v -3.685911 0.755081 -3.787064
v -3.706810 0.800613 -1.897365
v -3.393602 0.797880 -1.897373
v -3.415401 0.752720 -3.787072
v -3.174063 0.574476 -1.898106
v -3.225790 0.559772 -3.787704
v -3.176797 0.261271 -1.899133
v -3.228152 0.289264 -3.788592
v -3.400200 0.041732 -1.899853
v -3.421100 0.099655 -3.789213
v -3.421100 0.099655 -3.789213
v -3.400200 0.041732 -1.899853
v -3.713409 0.044466 -1.899844
v -3.691610 0.102015 -3.789206
v -3.932948 0.267869 -1.899111
v -3.881221 0.294963 -3.788573
v -3.930214 0.581075 -1.898084
v -3.878860 0.565472 -3.787686
v -3.616262 0.574837 -1.390853
v -3.488048 0.573718 -1.390857
v -3.398178 0.482266 -1.391157
v -3.398178 0.482266 -1.391157
v -3.399297 0.354052 -1.391577
v -3.490749 0.264183 -1.391872
v -3.490749 0.264183 -1.391872
v -3.618963 0.265301 -1.391868
v -3.708833 0.356754 -1.391568
v -3.708833 0.356754 -1.391568
v -3.707715 0.484967 -1.391148
v -3.707715 0.484967 -1.391148
v -3.616262 0.574837 -1.390853
v -3.616262 0.574265 -1.216243
v -3.488048 0.573145 -1.216247
v -3.488048 0.573718 -1.390857
v -3.398178 0.481694 -1.216547
v -3.398178 0.482266 -1.391157
v -3.399297 0.353480 -1.216967
v -3.399297 0.354052 -1.391577
v -3.490749 0.263610 -1.217262
v -3.490749 0.264183 -1.391872
v -3.490749 0.264183 -1.391872
v -3.490749 0.263610 -1.217262
v -3.618963 0.264729 -1.217258
v -3.618963 0.265301 -1.391868
v -3.708833 0.356181 -1.216958
v -3.708833 0.356754 -1.391568
v -3.707715 0.484395 -1.216538
v -3.707715 0.484967 -1.391148
v -3.685911 0.755081 -3.787064
v -3.415401 0.752720 -3.787072
v -3.225790 0.559772 -3.787704
v -3.878860 0.565472 -3.787686
v -3.881221 0.294963 -3.788573
v -3.228152 0.289264 -3.788592
v -3.421100 0.099655 -3.789213
v -3.691610 0.102015 -3.789206
v -3.488048 0.573145 -1.216247
v -3.616262 0.574265 -1.216243
v -3.707715 0.484395 -1.216538
v -3.398178 0.481694 -1.216547
v -3.708833 0.356181 -1.216958
v -3.399297 0.353480 -1.216967
v -3.618963 0.264729 -1.217258
v -3.490749 0.263610 -1.217262
v -2.724943 0.971739 -3.776820
v -2.745842 1.017271 -1.887120
v -2.432634 1.014537 -1.887129
v -2.454432 0.969378 -3.776827
v -2.213094 0.791134 -1.887861
v -2.264822 0.776430 -3.777460
v -2.215829 0.477928 -1.888888
v -2.267184 0.505922 -3.778347
v -2.439232 0.258390 -1.889608
v -2.460131 0.316312 -3.778969
v -2.460131 0.316312 -3.778969
v -2.439232 0.258390 -1.889608
v -2.752441 0.261123 -1.889599
v -2.730642 0.318673 -3.778961
v -2.971980 0.484527 -1.888866
v -2.920252 0.511621 -3.778328
v -2.969246 0.797733 -1.887840
v -2.917891 0.782129 -3.777441
v -2.655294 0.791494 -1.380609
v -2.527079 0.790375 -1.380612
v -2.437209 0.698923 -1.380912
v -2.437209 0.698923 -1.380912
v -2.438329 0.570710 -1.381332
v -2.529781 0.480840 -1.381627
v -2.529781 0.480840 -1.381627
v -2.657995 0.481959 -1.381624
v -2.747865 0.573411 -1.381324
v -2.747865 0.573411 -1.381324
v -2.746747 0.701625 -1.380903
v -2.746747 0.701625 -1.380903
v -2.655294 0.791494 -1.380609
v -2.655294 0.790922 -1.205999
v -2.527079 0.789803 -1.206002
v -2.527079 0.790375 -1.380612
v -2.437209 0.698351 -1.206302
v -2.437209 0.698923 -1.380912
v -2.438329 0.570137 -1.206722
v -2.438329 0.570710 -1.381332
v -2.529781 0.480268 -1.207017
v -2.529781 0.480840 -1.381627
v -2.529781 0.480840 -1.381627
v -2.529781 0.480268 -1.207017
v -2.657995 0.481387 -1.207013
v -2.657995 0.481959 -1.381624
v -2.747865 0.572839 -1.206714
v -2.747865 0.573411 -1.381324
v -2.746747 0.701052 -1.206293
v -2.746747 0.701625 -1.380903
v -2.724943 0.971739 -3.776820
v -2.454432 0.969378 -3.776827
v -2.264822 0.776430 -3.777460
v -2.917891 0.782129 -3.777441
v -2.920252 0.511621 -3.778328
v -2.267184 0.505922 -3.778347
v -2.460131 0.316312 -3.778969
v -2.730642 0.318673 -3.778961
v -2.527079 0.789803 -1.206002
v -2.655294 0.790922 -1.205999
v -2.746747 0.701052 -1.206293
v -2.437209 0.698351 -1.206302
v -2.747865 0.572839 -1.206714
v -2.438329 0.570137 -1.206722
v -2.657995 0.481387 -1.207013
v -2.529781 0.480268 -1.207017
v 0.064556 -0.439904 6.943834
v -0.064556 -0.439904 6.943834
v -0.064556 -0.439137 7.587959
v 0.064556 -0.439137 7.587959
v -0.129112 -0.551719 6.943968
v -0.129112 -0.550952 7.588093
v -0.064556 -0.663533 6.944101
v -0.064556 -0.662767 7.588226
v 0.064556 -0.663533 6.944101
v 0.064556 -0.662767 7.588226
v 0.064556 -0.663533 6.944101
v 0.129112 -0.551719 6.943968
v 0.129112 -0.550952 7.588093
v 0.064556 -0.662767 7.588226
v 0.067135 -0.481612 7.542913
v 0.024224 -0.481612 7.542913
v 0.024224 -0.480538 8.445799
v 0.067135 -0.480538 8.445799
v 0.002769 -0.518774 7.542958
v 0.002769 -0.517699 8.445843
v 0.024224 -0.555936 7.543003
v 0.024224 -0.554862 8.445888
v 0.024224 -0.555936 7.543003
v 0.067135 -0.555936 7.543003
v 0.067135 -0.554862 8.445888
v 0.024224 -0.554862 8.445888
v 0.088590 -0.518774 7.542958
v 0.088590 -0.517699 8.445843
v 0.024224 -0.480538 8.445799
v 0.002769 -0.517699 8.445843
v 0.088590 -0.517699 8.445843
v 0.067135 -0.480538 8.445799
v 0.024224 -0.554862 8.445888
v 0.067135 -0.554862 8.445888
v -0.017775 -0.481612 7.542913
v -0.060686 -0.481612 7.542913
v -0.060686 -0.480538 8.445799
v -0.017775 -0.480538 8.445799
v -0.082142 -0.518774 7.542958
v -0.082142 -0.517699 8.445843
v -0.060686 -0.555936 7.543003
v -0.060686 -0.554862 8.445888
v -0.060686 -0.555936 7.543003
v -0.017775 -0.555936 7.543003
v -0.017775 -0.554862 8.445888
v -0.060686 -0.554862 8.445888
v 0.003680 -0.518774 7.542958
v 0.003680 -0.517699 8.445843
v -0.060686 -0.480538 8.445799
v -0.082142 -0.517699 8.445843
v 0.003680 -0.517699 8.445843
v -0.017775 -0.480538 8.445799
v -0.060686 -0.554862 8.445888
v -0.017775 -0.554862 8.445888
v -0.017775 -0.567827 7.542632
v -0.060686 -0.567827 7.542632
v -0.060686 -0.566753 8.445517
v -0.017775 -0.566753 8.445517
v -0.082142 -0.604990 7.542676
v -0.082142 -0.603914 8.445560
v -0.060686 -0.642151 7.542721
v -0.060686 -0.641077 8.445605
v -0.060686 -0.642151 7.542721
v -0.017775 -0.642151 7.542721
v -0.017775 -0.641077 8.445605
v -0.060686 -0.641077 8.445605
v 0.003680 -0.604990 7.542676
v 0.003680 -0.603914 8.445560
v -0.060686 -0.566753 8.445517
v -0.082142 -0.603914 8.445560
v 0.003680 -0.603914 8.445560
v -0.017775 -0.566753 8.445517
v -0.060686 -0.641077 8.445605
v -0.017775 -0.641077 8.445605
v 0.064102 -0.567827 7.542632
v 0.021192 -0.567827 7.542632
v 0.021192 -0.566753 8.445517
v 0.064102 -0.566753 8.445517
v -0.000264 -0.604990 7.542676
v -0.000264 -0.603914 8.445560
v 0.021192 -0.642151 7.542721
v 0.021192 -0.641077 8.445605
v 0.021192 -0.642151 7.542721
v 0.064102 -0.642151 7.542721
v 0.064102 -0.641077 8.445605
v 0.021192 -0.641077 8.445605
v 0.085558 -0.604990 7.542676
v 0.085558 -0.603914 8.445560
v 0.021192 -0.566753 8.445517
v -0.000264 -0.603914 8.445560
v 0.085558 -0.603914 8.445560
v 0.064102 -0.566753 8.445517
v 0.021192 -0.641077 8.445605
v 0.064102 -0.641077 8.445605
v 0.127173 -1.290197 3.345782
v 0.127173 -1.532237 3.456287
v 0.127173 -1.277825 3.693202
v 0.127173 -1.040910 3.438790
v 0.127173 -0.930404 3.680829
v 0.127173 -1.023412 3.930117
v 0.127173 -1.265452 4.040623
v 0.127173 -1.514739 3.947614
v 0.127173 -1.625245 3.705574
v 0.386887 -1.532237 3.456287
v 0.386887 -1.290197 3.345782
v 0.386887 -1.277825 3.693202
v 0.386887 -1.040910 3.438790
v 0.386887 -0.930404 3.680829
v 0.386887 -1.023412 3.930117
v 0.386887 -1.265452 4.040623
v 0.386887 -1.514739 3.947614
v 0.386887 -1.625245 3.705574
v -0.127173 -1.290197 3.345782
v -0.127173 -1.277825 3.693202
v -0.127173 -1.532237 3.456287
v -0.127173 -1.040910 3.438790
v -0.127173 -0.930404 3.680829
v -0.127173 -1.023412 3.930117
v -0.127173 -1.265452 4.040623
v -0.127173 -1.514739 3.947614
v -0.127173 -1.625245 3.705574
v -0.386887 -1.532237 3.456287
v -0.386887 -1.277825 3.693202
v -0.386887 -1.290197 3.345782
v -0.386887 -1.040910 3.438790
v -0.386887 -0.930404 3.680829
v -0.386887 -1.023412 3.930117
v -0.386887 -1.265452 4.040623
v -0.386887 -1.514739 3.947614
v -0.386887 -1.625245 3.705574
v -0.050599 -0.974976 3.856973
v 0.050600 -0.974976 3.856973
v -0.000000 -0.971857 3.944557
v -0.101199 -0.971857 3.944557
v -0.050599 -0.968738 4.032143
v 0.050599 -0.968738 4.032143
v 0.101199 -0.971857 3.944557
v 0.025748 -1.133429 3.905686
v -0.025748 -1.133429 3.905686
v -0.025748 -0.859623 3.895935
v 0.025748 -0.859623 3.895935
v -0.051496 -1.131842 3.950255
v -0.051496 -0.858036 3.940504
v -0.025748 -1.130255 3.994825
v -0.025748 -0.856448 3.985074
v 0.025748 -1.130255 3.994825
v 0.025748 -0.856448 3.985074
v 0.051496 -1.131842 3.950255
v 0.051496 -0.858036 3.940504
v 0.025748 -1.133429 3.905686
v 0.025748 -0.859623 3.895935
v 0.301252 -1.252754 3.585583
v 0.301252 -1.376611 3.630759
v -0.301252 -1.376611 3.630759
v -0.301252 -1.252754 3.585583
v 0.301252 -1.371918 3.762514
v -0.301252 -1.371918 3.762514
v 0.301252 -1.245162 3.798766
v -0.301252 -1.245162 3.798766
v 0.301252 -1.171515 3.689416
v -0.301252 -1.171515 3.689416
v 0.301252 -1.171515 3.689416
v -0.301252 -1.171515 3.689416
v -0.020306 -0.951844 4.260376
v 0.020306 -0.951844 4.260376
v 0.020306 -0.892611 4.222037
v -0.020306 -0.892611 4.222037
v 0.020306 -1.035589 4.001134
v -0.020306 -1.035589 4.001134
v -0.025991 -1.274220 3.614272
v 0.025991 -1.274220 3.614272
v 0.025991 -1.350035 3.663343
v -0.025991 -1.350035 3.663343
v -0.020306 -1.094823 4.039473
v 0.020306 -1.094823 4.039473
v 0.020306 -0.951844 4.260376
v -0.020306 -0.951844 4.260376
v 0.020306 -1.035589 4.001134
v 0.020306 -0.892611 4.222037
v -0.020306 -0.892611 4.222037
v -0.020306 -1.035589 4.001134
v 0.053407 -1.033997 3.967330
v -0.053407 -1.033997 3.967330
v 0.053407 -1.126315 4.027081
v 0.053407 -1.033997 3.967330
v -0.053407 -1.126315 4.027081
v -0.053407 -1.033997 3.967330
v 0.053407 -1.077075 3.900775
v -0.053407 -1.077075 3.900775
v 0.053407 -1.169392 3.960526
v 0.053407 -1.077075 3.900775
v -0.053407 -1.169392 3.960526
v -0.053407 -1.077075 3.900775
v 0.025991 -1.103539 3.877976
v -0.025991 -1.103539 3.877976
v 0.025991 -1.179354 3.927048
v 0.025991 -1.103539 3.877976
v -0.025991 -1.179354 3.927048
v -0.025991 -1.103539 3.877976
v 0.025991 -1.274220 3.614272
v -0.025991 -1.274220 3.614272
v 0.127173 -1.532237 3.456287
v 0.127173 -1.290197 3.345782
v 0.386887 -1.290197 3.345782
v 0.386887 -1.532237 3.456287
v 0.127173 -1.040910 3.438790
v 0.386887 -1.040910 3.438790
v 0.127173 -0.930404 3.680829
v 0.386887 -0.930404 3.680829
v 0.127173 -1.023412 3.930117
v 0.386887 -1.023412 3.930117
v 0.127173 -1.023412 3.930117
v 0.127173 -1.265452 4.040623
v 0.386887 -1.265452 4.040623
v 0.386887 -1.023412 3.930117
v 0.127173 -1.514739 3.947614
v 0.386887 -1.514739 3.947614
v 0.127173 -1.625245 3.705574
v 0.386887 -1.625245 3.705574
v -0.127173 -1.532237 3.456287
v -0.386887 -1.532237 3.456287
v -0.386887 -1.290197 3.345782
v -0.127173 -1.290197 3.345782
v -0.386887 -1.040910 3.438790
v -0.127173 -1.040910 3.438790
v -0.386887 -0.930404 3.680829
v -0.127173 -0.930404 3.680829
v -0.386887 -1.023412 3.930117
v -0.127173 -1.023412 3.930117
v -0.127173 -1.023412 3.930117
v -0.386887 -1.023412 3.930117
v -0.386887 -1.265452 4.040623
v -0.127173 -1.265452 4.040623
v -0.386887 -1.514739 3.947614
v -0.127173 -1.514739 3.947614
v -0.386887 -1.625245 3.705574
v -0.127173 -1.625245 3.705574
v -0.054674 -0.664027 3.684604
v 0.058125 -0.663868 3.684261
v 0.036058 -0.654322 3.714989
v -0.033496 -0.654322 3.714989
v -0.033496 -0.591265 3.744348
v 0.036058 -0.591265 3.744348
v 0.058125 -0.561605 3.731876
v -0.054674 -0.561764 3.732217
v -0.033496 -0.591265 3.744348
v -0.054674 -0.561764 3.732217
v 0.109363 -0.368219 2.480904
v 0.216329 -0.383333 2.513365
v 0.058125 -0.663868 3.684261
v -0.054674 -0.664027 3.684604
v -0.054674 -0.561764 3.732217
v 0.058125 -0.561605 3.731876
v 0.216329 -0.281070 2.560979
v 0.109363 -0.265955 2.528517
v 0.109363 -0.368219 2.480904
v -0.054674 -0.664027 3.684604
v -0.110347 -0.367807 2.480021
v 0.058125 -0.663868 3.684261
v -0.054674 -0.664027 3.684604
v -0.216949 -0.383373 2.513452
v 0.058125 -0.561605 3.731876
v -0.110347 -0.265544 2.527635
v -0.216949 -0.281110 2.561066
v -0.054674 -0.561764 3.732217
v -0.216949 -0.383373 2.513452
v -0.054674 -0.664027 3.684604
v 0.036058 -0.748416 3.917080
v -0.033496 -0.748416 3.917080
v 0.036058 -0.685359 3.946439
v -0.033496 -0.685359 3.946439
v -0.033496 -0.685359 3.946439
v 0.050600 -0.974976 3.856973
v -0.050599 -0.974976 3.856973
v -0.050599 -0.436902 3.837811
v 0.050600 -0.436902 3.837811
v -0.101199 -0.971857 3.944557
v -0.101199 -0.433783 3.925395
v -0.050599 -0.968738 4.032143
v -0.050599 -0.430664 4.012980
v 0.050599 -0.968738 4.032143
v 0.050599 -0.430664 4.012980
v 0.101199 -0.971857 3.944557
v 0.101199 -0.433783 3.925395
v 0.101199 -0.971857 3.944557
v 0.101199 -0.433783 3.925395
v -0.077118 -1.001459 4.149549
v 0.077118 -1.001459 4.149549
v 0.077118 -0.956495 4.205352
v -0.077118 -0.956495 4.205352
v 0.077118 -0.644903 3.954286
v -0.077118 -0.644903 3.954286
v -0.077118 -0.689867 3.898481
v 0.077118 -0.689867 3.898481
v 0.077118 -1.001459 4.149549
v 0.077118 -0.689867 3.898481
v -0.077118 -0.689867 3.898481
v -0.077118 -1.001459 4.149549
v 1.485817 -0.575835 -2.743789
v 1.571742 -0.507346 -2.746228
v 1.528779 -0.538203 -2.649886
v 1.442855 -0.606692 -2.647447
v 1.485817 -0.569060 -2.553544
v 1.571742 -0.500571 -2.555983
v 1.614704 -0.469714 -2.652325
v 1.714236 -0.833447 -3.220077
v 1.684767 -1.215411 -3.045217
v 1.714236 -0.813864 -2.670207
v 1.743705 -0.440011 -3.072831
v 1.755912 -0.265574 -2.689733
v 1.743705 -0.412318 -2.295198
v 1.714236 -0.794282 -2.120338
v 1.684767 -1.187718 -2.267584
v 1.672560 -1.362155 -2.650681
v 2.094641 -1.246526 -3.044109
v 2.124110 -0.864562 -3.218969
v 2.124110 -0.844980 -2.669099
v 2.153579 -0.471126 -3.071723
v 2.165786 -0.296689 -2.688625
v 2.153579 -0.443433 -2.294090
v 2.124110 -0.825397 -2.119230
v 2.094641 -1.218833 -2.266476
v 2.082435 -1.393270 -2.649573
v 1.571742 -0.507346 -2.746228
v 1.485817 -0.575835 -2.743789
v 0.553109 0.583791 -2.785086
v 0.639034 0.652280 -2.787525
v 1.442855 -0.606692 -2.647447
v 0.510147 0.552934 -2.688744
v 1.485817 -0.569060 -2.553544
v 0.553109 0.590566 -2.594841
v 1.571742 -0.500571 -2.555983
v 0.639034 0.659055 -2.597280
v 1.614704 -0.469714 -2.652325
v 0.681997 0.689911 -2.693622
v 1.571742 -0.507346 -2.746228
v 0.639034 0.652280 -2.787525
v 1.728319 -0.834993 -2.730922
v 1.702265 -0.903021 -2.696772
v 0.260527 -0.191270 -2.013750
v 0.286581 -0.123242 -2.047899
v 1.722238 -0.900964 -2.618865
v 0.280500 -0.189213 -1.935842
v 1.760636 -0.831665 -2.604865
v 0.318899 -0.119914 -1.921842
v 1.764395 -0.790892 -2.674120
v 0.322657 -0.079142 -1.991098
v 1.728319 -0.834993 -2.730922
v 0.286581 -0.123242 -2.047899
v 1.759937 -0.834409 -2.739241
v 1.716433 -0.899156 -2.719543
v 0.181893 -0.064440 -2.731857
v 0.225397 0.000307 -2.751555
v 1.700869 -0.895601 -2.640690
v 0.166328 -0.060885 -2.653004
v 1.734753 -0.828656 -2.611654
v 0.200213 0.006059 -2.623968
v 1.771259 -0.790837 -2.672562
v 0.236719 0.043878 -2.684876
v 1.759937 -0.834409 -2.739241
v 0.225397 0.000307 -2.751555
v 1.778952 -0.808574 -2.688723
v 1.735228 -0.843425 -2.687482
v 1.400314 -0.423779 -2.702427
v 1.444038 -0.388927 -2.703668
v 1.713366 -0.859127 -2.638457
v 1.378452 -0.439481 -2.653402
v 1.735228 -0.839978 -2.590673
v 1.400314 -0.420331 -2.605618
v 1.778952 -0.805126 -2.591915
v 1.444038 -0.385480 -2.606859
v 1.800814 -0.789425 -2.640939
v 1.465900 -0.369778 -2.655884
v 1.778952 -0.808574 -2.688723
v 1.444038 -0.388927 -2.703668
v 1.684767 -1.215411 -3.045217
v 1.714236 -0.833447 -3.220077
v 2.124110 -0.864562 -3.218969
v 2.094641 -1.246526 -3.044109
v 1.743705 -0.440011 -3.072831
v 2.153579 -0.471126 -3.071723
v 1.743705 -0.440011 -3.072831
v 1.755912 -0.265574 -2.689733
v 2.165786 -0.296689 -2.688625
v 2.153579 -0.471126 -3.071723
v 1.743705 -0.412318 -2.295198
v 2.153579 -0.443433 -2.294090
v 1.714236 -0.794282 -2.120338
v 2.124110 -0.825397 -2.119230
v 1.684767 -1.187718 -2.267584
v 2.094641 -1.218833 -2.266476
v 1.672560 -1.362155 -2.650681
v 2.082435 -1.393270 -2.649573
v 1.353396 0.466385 -2.059813
v 1.721846 0.531702 -1.805886
v 1.772354 0.590533 -3.141056
v 1.208586 0.461763 -3.083026
v 1.931026 0.371939 -1.684345
v 1.991468 0.442342 -3.282112
v 2.179063 -0.043067 -1.693249
v 2.246977 0.036039 -3.488531
v 1.340147 0.437606 -2.061583
v 1.195337 0.432984 -3.084795
v 1.738716 0.560918 -3.143633
v 1.688208 0.502087 -1.808464
v 1.957830 0.412726 -3.284690
v 1.897389 0.342323 -1.686922
v 2.213339 0.006424 -3.491109
v 2.145425 -0.072682 -1.695826
v 1.340147 0.437606 -2.061583
v 1.688208 0.502087 -1.808464
v 1.738716 0.560918 -3.143633
v 1.195337 0.432984 -3.084795
v 1.897389 0.342323 -1.686922
v 1.957830 0.412726 -3.284690
v 2.145425 -0.072682 -1.695826
v 2.213339 0.006424 -3.491109
v -1.485817 -0.575835 -2.743789
v -1.571742 -0.507346 -2.746228
v -1.528779 -0.538203 -2.649886
v -1.442855 -0.606692 -2.647447
v -1.485817 -0.569060 -2.553544
v -1.571742 -0.500571 -2.555983
v -1.614704 -0.469714 -2.652325
v -1.714236 -0.833447 -3.220077
v -1.684767 -1.215411 -3.045217
v -1.714236 -0.813864 -2.670207
v -1.743705 -0.440011 -3.072831
v -1.755912 -0.265574 -2.689733
v -1.743705 -0.412318 -2.295198
v -1.714236 -0.794282 -2.120338
v -1.684767 -1.187718 -2.267584
v -1.672560 -1.362155 -2.650681
v -2.094641 -1.246526 -3.044109
v -2.124110 -0.864562 -3.218969
v -2.124110 -0.844980 -2.669099
v -2.153579 -0.471126 -3.071723
v -2.165786 -0.296689 -2.688625
v -2.153579 -0.443433 -2.294090
v -2.124110 -0.825397 -2.119230
v -2.094641 -1.218833 -2.266476
v -2.082435 -1.393270 -2.649573
v -1.571742 -0.507346 -2.746228
v -1.485817 -0.575835 -2.743789
v -0.553109 0.583791 -2.785086
v -0.639034 0.652280 -2.787525
v -1.442855 -0.606692 -2.647447
v -0.510147 0.552934 -2.688744
v -1.485817 -0.569060 -2.553544
v -0.553109 0.590566 -2.594841
v -1.571742 -0.500571 -2.555983
v -0.639034 0.659055 -2.597280
v -1.614704 -0.469714 -2.652325
v -0.681997 0.689911 -2.693622
v -1.571742 -0.507346 -2.746228
v -0.639034 0.652280 -2.787525
v -1.728319 -0.834993 -2.730922
v -1.702265 -0.903021 -2.696772
v -0.260527 -0.191270 -2.013750
v -0.286581 -0.123242 -2.047899
v -1.722238 -0.900964 -2.618865
v -0.280500 -0.189213 -1.935842
v -1.760636 -0.831665 -2.604865
v -0.318899 -0.119914 -1.921842
v -1.764395 -0.790892 -2.674120
v -0.322657 -0.079142 -1.991098
v -1.728319 -0.834993 -2.730922
v -0.286581 -0.123242 -2.047899
v -1.759937 -0.834409 -2.739241
v -1.716433 -0.899156 -2.719543
v -0.181893 -0.064440 -2.731857
v -0.225397 0.000307 -2.751555
v -1.700869 -0.895601 -2.640690
v -0.166328 -0.060885 -2.653004
v -1.734753 -0.828656 -2.611654
v -0.200213 0.006059 -2.623968
v -1.771259 -0.790837 -2.672562
v -0.236719 0.043878 -2.684876
v -1.759937 -0.834409 -2.739241
v -0.225397 0.000307 -2.751555
v -1.778952 -0.808574 -2.688723
v -1.735228 -0.843425 -2.687482
v -1.400314 -0.423779 -2.702427
v -1.444038 -0.388927 -2.703668
v -1.713366 -0.859127 -2.638457
v -1.378452 -0.439481 -2.653402
v -1.735228 -0.839978 -2.590673
v -1.400314 -0.420331 -2.605618
v -1.778952 -0.805126 -2.591915
v -1.444038 -0.385480 -2.606859
v -1.800814 -0.789425 -2.640939
v -1.465900 -0.369778 -2.655884
v -1.778952 -0.808574 -2.688723
v -1.444038 -0.388927 -2.703668
v -1.684767 -1.215411 -3.045217
v -1.714236 -0.833447 -3.220077
v -2.124110 -0.864562 -3.218969
v -2.094641 -1.246526 -3.044109
v -1.743705 -0.440011 -3.072831
v -2.153579 -0.471126 -3.071723
v -1.743705 -0.440011 -3.072831
v -1.755912 -0.265574 -2.689733
v -2.165786 -0.296689 -2.688625
v -2.153579 -0.471126 -3.071723
v -1.743705 -0.412318 -2.295198
v -2.153579 -0.443433 -2.294090
v -1.714236 -0.794282 -2.120338
v -2.124110 -0.825397 -2.119230
v -1.684767 -1.187718 -2.267584
v -2.094641 -1.218833 -2.266476
v -1.672560 -1.362155 -2.650681
v -2.082435 -1.393270 -2.649573
v -1.327085 0.481241 -1.819017
v -1.211407 0.496105 -3.053995
v -1.740249 0.604083 -3.105401
v -1.696769 0.545418 -1.698426
v -1.925985 0.443018 -3.243067
v -1.886843 0.379925 -1.645015
v -2.212218 0.043488 -3.449223
v -2.144158 -0.034455 -1.653895
v -1.313344 0.452693 -1.820777
v -1.662627 0.516383 -1.700981
v -1.706108 0.575047 -3.107955
v -1.197666 0.467557 -3.055755
v -1.852702 0.350890 -1.647570
v -1.891844 0.413982 -3.245622
v -2.110017 -0.063490 -1.656450
v -2.178077 0.014453 -3.451778
v -1.662627 0.516383 -1.700981
v -1.313344 0.452693 -1.820777
v -1.197666 0.467557 -3.055755
v -1.706108 0.575047 -3.107955
v -1.852702 0.350890 -1.647570
v -1.891844 0.413982 -3.245622
v -2.110017 -0.063490 -1.656450
v -2.178077 0.014453 -3.451778
v 0.801317 4.813155 -16.739292
v 0.801317 5.082051 -16.587708
v 0.801317 5.051924 -16.848553
v 0.801317 4.874228 -17.041872
v 0.801317 5.180870 -17.077290
v 0.801317 5.309313 -16.796600
v 0.973105 5.082051 -16.587708
v 0.973105 4.813155 -16.739292
v 0.973105 5.051924 -16.848553
v 0.973105 4.874228 -17.041872
v 0.973105 5.180870 -17.077290
v 0.973105 5.309313 -16.796600
v 1.006848 5.048923 -16.726807
v 1.006848 5.127882 -16.753361
v 1.006848 5.051924 -16.848553
v 1.006848 4.971370 -16.757219
v 1.006848 4.931507 -16.830366
v 1.006848 4.947989 -16.912024
v 1.006848 5.013103 -16.963982
v 1.006848 5.096382 -16.961929
v 1.006848 5.158858 -16.906828
v 1.006848 5.171298 -16.824459
v 1.101998 5.127882 -16.753361
v 1.101998 5.048923 -16.726807
v 1.101998 5.051924 -16.848553
v 1.101998 4.971370 -16.757219
v 1.101998 4.931507 -16.830366
v 1.101998 4.947989 -16.912024
v 1.101998 5.013103 -16.963982
v 1.101998 5.096382 -16.961929
v 1.101998 5.158858 -16.906828
v 1.101998 5.171298 -16.824459
v 1.066840 5.339326 -17.038681
v 0.828227 5.322698 -17.114407
v 0.894178 5.366230 -16.916153
v 1.066840 5.393134 -16.793627
v 0.828227 5.409761 -16.717903
v 0.680757 5.366230 -16.916153
v 0.828227 5.186319 -17.084461
v 1.066840 5.202947 -17.008736
v 0.894178 5.229851 -16.886208
v 1.066840 5.256756 -16.763680
v 0.828227 5.273383 -16.687956
v 0.680757 5.229851 -16.886208
v 1.066840 5.057299 -16.503998
v 0.828227 5.130056 -16.477215
v 0.894178 4.939576 -16.547329
v 1.066840 4.821851 -16.590664
v 0.828227 4.749094 -16.617443
v 0.680757 4.939576 -16.547329
v 0.828227 5.178288 -16.608250
v 1.066840 5.105530 -16.635029
v 0.894178 4.987807 -16.678362
v 1.066840 4.870082 -16.721695
v 0.828227 4.797325 -16.748474
v 0.680757 4.987807 -16.678362
v 1.066840 4.743401 -17.002052
v 0.828227 4.686191 -16.949728
v 0.894178 4.835968 -17.086716
v 1.066840 4.928535 -17.171379
v 0.828227 4.985744 -17.223703
v 0.680757 4.835968 -17.086716
v 0.828227 4.780425 -16.846695
v 1.066840 4.837636 -16.899021
v 0.894178 4.930202 -16.983683
v 1.066840 5.022770 -17.068348
v 0.828227 5.079979 -17.120670
v 0.680757 4.930202 -16.983683
v 0.801317 5.082051 -16.587708
v 0.801317 4.813155 -16.739292
v 0.973105 4.813155 -16.739292
v 0.973105 5.082051 -16.587708
v 0.801317 4.874228 -17.041872
v 0.973105 4.874228 -17.041872
v 0.801317 5.180870 -17.077290
v 0.973105 5.180870 -17.077290
v 0.801317 5.180870 -17.077290
v 0.801317 5.309313 -16.796600
v 0.973105 5.309313 -16.796600
v 0.973105 5.180870 -17.077290
v 1.003432 5.056081 -16.414623
v 1.003432 5.031687 -16.410728
v 1.077861 5.031687 -16.410728
v 1.077861 5.056081 -16.414623
v 1.003432 5.004164 -16.413906
v 1.077861 5.004164 -16.413906
v 1.006848 4.971370 -16.757219
v 1.006848 4.931507 -16.830366
v 1.101998 4.931507 -16.830366
v 1.101998 4.971370 -16.757219
v 1.003432 4.662112 -17.054848
v 1.003432 4.667127 -17.079697
v 1.077861 4.667127 -17.079697
v 1.077861 4.662112 -17.054848
v 1.003432 4.683270 -17.096783
v 1.077861 4.683270 -17.096783
v 1.006848 5.013103 -16.963982
v 1.006848 5.096382 -16.961929
v 1.101998 5.096382 -16.961929
v 1.101998 5.013103 -16.963982
v 1.003432 5.412596 -17.079971
v 1.003432 5.428751 -17.060928
v 1.077861 5.428751 -17.060928
v 1.077861 5.412596 -17.079971
v 1.003432 5.441793 -17.039219
v 1.077861 5.441793 -17.039219
v 1.006848 5.171298 -16.824459
v 1.006848 5.127882 -16.753361
v 1.101998 5.127882 -16.753361
v 1.101998 5.171298 -16.824459
v 1.003432 5.031687 -16.410728
v 1.003432 5.056081 -16.414623
v 1.077861 5.056081 -16.414623
v 1.077861 5.031687 -16.410728
v 1.003432 5.056081 -16.414623
v 1.077861 5.056081 -16.414623
v 1.003432 5.004164 -16.413906
v 1.077861 5.004164 -16.413906
v 1.003432 4.667127 -17.079697
v 1.003432 4.662112 -17.054848
v 1.077861 4.662112 -17.054848
v 1.077861 4.667127 -17.079697
v 1.003432 4.683270 -17.096783
v 1.077861 4.683270 -17.096783
v 1.003432 5.428751 -17.060928
v 1.003432 5.412596 -17.079971
v 1.077861 5.412596 -17.079971
v 1.077861 5.428751 -17.060928
v 1.003432 5.441793 -17.039219
v 1.077861 5.441793 -17.039219
v 0.531333 5.058197 -16.794237
v 0.531333 5.002205 -16.825802
v 1.085748 5.002205 -16.825802
v 1.085748 5.058197 -16.794237
v 0.531333 5.014922 -16.888809
v 1.085748 5.014922 -16.888809
v 0.531333 5.078774 -16.896183
v 1.085748 5.078774 -16.896183
v 0.531333 5.105520 -16.837734
v 1.085748 5.105520 -16.837734
v 0.531333 5.058197 -16.794237
v 1.085748 5.058197 -16.794237
v 0.736457 5.033157 -16.422573
v 0.736457 5.008851 -16.436274
v 1.065494 5.008851 -16.436274
v 1.065494 5.033157 -16.422573
v 0.736457 5.014372 -16.463623
v 1.065494 5.014372 -16.463623
v 0.736457 5.042089 -16.466824
v 1.065494 5.042089 -16.466824
v 0.736457 5.053700 -16.441454
v 1.065494 5.053700 -16.441454
v 0.736457 5.033157 -16.422573
v 1.065494 5.033157 -16.422573
v 0.736457 4.703960 -17.040773
v 0.736457 4.679655 -17.054476
v 1.065494 4.679655 -17.054476
v 1.065494 4.703960 -17.040773
v 0.736457 4.685175 -17.081825
v 1.065494 4.685175 -17.081825
v 0.736457 4.712893 -17.085026
v 1.065494 4.712893 -17.085026
v 0.736457 4.712893 -17.085026
v 0.736457 4.724504 -17.059654
v 1.065494 4.724504 -17.059654
v 1.065494 4.712893 -17.085026
v 0.736457 5.407923 -17.022072
v 0.736457 5.383617 -17.035774
v 1.065494 5.383617 -17.035774
v 1.065494 5.407923 -17.022072
v 0.736457 5.389138 -17.063126
v 1.065494 5.389138 -17.063126
v 0.736457 5.416856 -17.066326
v 1.065494 5.416856 -17.066326
v 0.736457 5.416856 -17.066326
v 0.736457 5.428466 -17.040955
v 1.065494 5.428466 -17.040955
v 1.065494 5.416856 -17.066326
v 0.828227 5.322698 -17.114407
v 1.066840 5.339326 -17.038681
v 1.066840 5.202947 -17.008736
v 0.828227 5.186319 -17.084461
v 1.066840 5.393134 -16.793627
v 1.066840 5.256756 -16.763680
v 1.066840 5.393134 -16.793627
v 0.828227 5.409761 -16.717903
v 0.828227 5.273383 -16.687956
v 1.066840 5.256756 -16.763680
v 0.680757 5.366230 -16.916153
v 0.680757 5.229851 -16.886208
v 0.872379 5.749426 -17.068985
v 0.951249 5.754922 -17.043955
v 0.951249 5.248289 -16.932709
v 0.872379 5.242793 -16.957737
v 0.951249 5.772708 -16.962955
v 0.951249 5.266075 -16.851709
v 0.951249 5.772708 -16.962955
v 0.872379 5.778204 -16.937925
v 0.872379 5.271571 -16.826679
v 0.951249 5.266075 -16.851709
v 0.823635 5.763815 -17.003454
v 0.823635 5.257182 -16.892208
v 0.829855 6.242158 -17.003891
v 0.829855 5.589324 -16.860542
v 0.974863 5.589324 -16.860542
v 0.974863 6.242158 -17.003891
v 0.974863 5.544285 -17.065662
v 0.974863 6.197118 -17.209011
v 0.829855 5.544285 -17.065662
v 0.829855 6.197118 -17.209011
v 0.829855 5.589324 -16.860542
v 0.829855 6.242158 -17.003891
v 0.829855 5.589324 -16.860542
v 0.829855 5.544285 -17.065662
v 0.974863 5.544285 -17.065662
v 0.974863 5.589324 -16.860542
v 0.829855 6.197118 -17.209011
v 0.829855 6.242158 -17.003891
v 0.974863 6.242158 -17.003891
v 0.974863 6.197118 -17.209011
v 0.865549 7.907048 -17.079702
v 0.865549 5.799008 -16.616821
v 0.918072 5.799008 -16.616821
v 0.918072 7.907048 -17.079702
v 0.948144 5.696246 -17.084822
v 0.948144 7.804286 -17.547703
v 0.835477 5.696246 -17.084822
v 0.835477 7.804286 -17.547703
v 0.835477 7.804286 -17.547703
v 0.835477 5.696246 -17.084822
v 0.865549 5.799008 -16.616821
v 0.865549 7.907048 -17.079702
v 0.865549 5.799008 -16.616821
v 0.835477 5.696246 -17.084822
v 0.835477 7.925720 -17.574368
v 0.865549 8.008422 -17.197727
v 0.918072 8.008422 -17.197727
v 0.948144 7.925720 -17.574368
v 0.865549 8.008422 -17.197727
v 0.835477 7.925720 -17.574368
v 0.918072 8.008422 -17.197727
v 0.865549 8.008422 -17.197727
v 0.835477 7.925720 -17.574368
v 0.948144 7.925720 -17.574368
v 0.828227 5.130056 -16.477215
v 1.066840 5.057299 -16.503998
v 1.066840 5.105530 -16.635029
v 0.828227 5.178288 -16.608250
v 1.066840 4.821851 -16.590664
v 1.066840 4.870082 -16.721695
v 1.066840 4.821851 -16.590664
v 0.828227 4.749094 -16.617443
v 0.828227 4.797325 -16.748474
v 1.066840 4.870082 -16.721695
v 0.680757 4.939576 -16.547329
v 0.680757 4.987807 -16.678362
v 0.872379 4.861927 -16.142153
v 0.951249 4.837877 -16.151005
v 0.951249 5.017053 -16.637779
v 0.872379 5.041101 -16.628929
v 0.951249 4.760053 -16.179653
v 0.951249 4.939228 -16.666424
v 0.951249 4.760053 -16.179653
v 0.872379 4.736006 -16.188503
v 0.872379 4.915181 -16.675278
v 0.951249 4.939228 -16.666424
v 0.823635 4.798965 -16.165329
v 0.823635 4.978140 -16.652103
v 0.829855 4.541670 -15.762077
v 0.829855 4.772550 -16.389322
v 0.974863 4.772550 -16.389322
v 0.974863 4.541670 -15.762077
v 0.974863 4.969630 -16.316780
v 0.974863 4.738750 -15.689536
v 0.829855 4.969630 -16.316780
v 0.829855 4.738750 -15.689536
v 0.829855 4.772550 -16.389322
v 0.829855 4.541670 -15.762077
v 0.829855 4.772550 -16.389322
v 0.829855 4.969630 -16.316780
v 0.974863 4.969630 -16.316780
v 0.974863 4.772550 -16.389322
v 0.829855 4.738750 -15.689536
v 0.829855 4.541670 -15.762077
v 0.974863 4.541670 -15.762077
v 0.974863 4.738750 -15.689536
v 0.865549 3.708735 -14.318531
v 0.865549 4.454260 -16.343941
v 0.918072 4.454260 -16.343941
v 0.918072 3.708735 -14.318531
v 0.948144 4.903917 -16.178429
v 0.948144 4.158391 -14.153019
v 0.835477 4.903917 -16.178429
v 0.835477 4.158391 -14.153019
v 0.835477 4.158391 -14.153019
v 0.835477 4.903917 -16.178429
v 0.865549 4.454260 -16.343941
v 0.865549 3.708735 -14.318531
v 0.865549 4.454260 -16.343941
v 0.835477 4.903917 -16.178429
v 0.835477 4.115444 -14.036345
v 0.865549 3.753570 -14.169546
v 0.918072 3.753570 -14.169546
v 0.948144 4.115444 -14.036345
v 0.865549 3.753570 -14.169546
v 0.835477 4.115444 -14.036345
v 0.918072 3.753570 -14.169546
v 0.865549 3.753570 -14.169546
v 0.835477 4.115444 -14.036345
v 0.948144 4.115444 -14.036345
v 0.828227 4.686191 -16.949728
v 1.066840 4.743401 -17.002052
v 1.066840 4.837636 -16.899021
v 0.828227 4.780425 -16.846695
v 1.066840 4.928535 -17.171379
v 1.066840 5.022770 -17.068348
v 1.066840 4.928535 -17.171379
v 0.828227 4.985744 -17.223703
v 0.828227 5.079979 -17.120670
v 1.066840 5.022770 -17.068348
v 0.680757 4.835968 -17.086716
v 0.680757 4.930202 -16.983683
v 0.872379 4.511737 -17.341806
v 0.951249 4.530647 -17.359102
v 0.951249 4.880721 -16.976347
v 0.872379 4.861811 -16.959051
v 0.951249 4.591840 -17.415070
v 0.951249 4.941914 -17.032316
v 0.951249 4.591840 -17.415070
v 0.872379 4.610750 -17.432365
v 0.872379 4.960824 -17.049610
v 0.951249 4.941914 -17.032316
v 0.823635 4.561244 -17.387087
v 0.823635 4.911318 -17.004330
v 0.829855 4.321245 -17.800865
v 0.829855 4.772341 -17.307657
v 0.974863 4.772341 -17.307657
v 0.974863 4.321245 -17.800865
v 0.974863 4.617376 -17.165924
v 0.974863 4.166280 -17.659130
v 0.829855 4.617376 -17.165924
v 0.829855 4.166280 -17.659130
v 0.829855 4.772341 -17.307657
v 0.829855 4.321245 -17.800865
v 0.829855 4.772341 -17.307657
v 0.829855 4.617376 -17.165924
v 0.974863 4.617376 -17.165924
v 0.974863 4.772341 -17.307657
v 0.829855 4.166280 -17.659130
v 0.829855 4.321245 -17.800865
v 0.974863 4.321245 -17.800865
v 0.974863 4.166280 -17.659130
v 0.865549 3.421622 -19.203819
v 0.865549 4.878238 -17.611225
v 0.918072 4.878238 -17.611225
v 0.918072 3.421622 -19.203819
v 0.948144 4.524670 -17.287846
v 0.948144 3.068054 -18.880442
v 0.835477 4.524670 -17.287846
v 0.835477 3.068054 -18.880442
v 0.835477 3.068054 -18.880442
v 0.835477 4.524670 -17.287846
v 0.865549 4.878238 -17.611225
v 0.865549 3.421622 -19.203819
v 0.865549 4.878238 -17.611225
v 0.835477 4.524670 -17.287846
v 0.835477 2.984145 -18.972183
v 0.865549 3.268690 -19.232433
v 0.918072 3.268690 -19.232433
v 0.948144 2.984145 -18.972183
v 0.865549 3.268690 -19.232433
v 0.835477 2.984145 -18.972183
v 0.918072 3.268690 -19.232433
v 0.865549 3.268690 -19.232433
v 0.835477 2.984145 -18.972183
v 0.948144 2.984145 -18.972183
v -0.046913 4.704978 -1.928881
v -0.114966 4.914633 -1.932282
v 0.063200 4.856697 -1.924145
v 0.173312 4.704993 -1.918933
v 0.241366 4.914658 -1.916188
v 0.063200 5.044222 -1.924438
v -0.134244 4.915300 -1.505471
v -0.066191 4.705646 -1.502069
v 0.043922 4.857365 -1.497333
v 0.154034 4.705661 -1.492122
v 0.222088 4.915326 -1.489376
v 0.043922 5.044890 -1.497627
v 1.060324 4.706195 -1.151264
v 1.045680 4.915751 -1.218122
v 1.084019 4.858074 -1.043853
v 1.107714 4.706532 -0.935968
v 1.122359 4.916295 -0.869766
v 1.084019 5.045600 -1.044147
v 0.628422 4.915894 -1.126276
v 0.643066 4.706338 -1.059418
v 0.666761 4.858218 -0.952008
v 0.690456 4.706675 -0.844123
v 0.705101 4.916439 -0.777921
v 0.666761 5.045743 -0.952302
v -0.271665 5.021085 -0.936591
v 0.028855 5.020809 -1.113002
v 0.000000 5.021270 -0.817982
v -0.196753 5.021618 -0.596267
v 0.150064 5.021670 -0.562345
v 0.289498 5.021171 -0.881705
v 0.028855 5.305460 -1.113448
v -0.271665 5.305737 -0.937037
v 0.000000 5.380433 -0.818544
v -0.196753 5.306269 -0.596712
v 0.150064 5.306322 -0.562790
v 0.289498 5.305822 -0.882151
v -1.059384 4.706190 -1.154244
v -1.085548 4.915948 -1.091674
v -1.017050 4.857741 -1.256253
v -0.974716 4.705871 -1.357786
v -0.948551 4.915432 -1.421011
v -1.017050 5.045267 -1.256546
v -0.691070 4.916204 -0.927581
v -0.664906 4.706447 -0.990150
v -0.622572 4.857999 -1.092159
v -0.580237 4.706128 -1.193692
v -0.554073 4.915689 -1.256918
v -0.622572 5.045524 -1.092452
v -0.646600 4.708130 0.085225
v -0.594866 4.917859 0.129217
v -0.730308 4.859729 0.013276
v -0.814016 4.707905 -0.058197
v -0.865750 4.917496 -0.102846
v -0.730308 5.047255 0.012982
v -0.316903 4.917351 -0.195247
v -0.368637 4.707622 -0.239238
v -0.452345 4.859221 -0.311187
v -0.536053 4.707397 -0.382660
v -0.587787 4.916988 -0.427309
v -0.452345 5.046747 -0.311481
v 0.675270 4.708097 0.064011
v 0.732778 4.917700 0.027166
v 0.582218 4.859900 0.122856
v 0.489166 4.708282 0.182178
v 0.431657 4.917998 0.218366
v 0.582218 5.047426 0.122563
v 0.503761 4.917135 -0.333514
v 0.446252 4.707532 -0.296671
v 0.353200 4.859336 -0.237823
v 0.260149 4.707717 -0.178503
v 0.202640 4.917434 -0.142315
v 0.353200 5.046862 -0.238117
v 0.334508 4.322678 -0.749402
v 0.277694 4.322881 -0.619274
v 0.000000 4.322570 -0.817982
v 0.333481 4.322455 -0.891387
v 0.274795 4.322253 -1.020681
v 0.168593 4.322105 -1.114925
v 0.033239 4.322038 -1.157826
v -0.107861 4.322063 -1.141965
v -0.230312 4.322176 -1.070084
v -0.312940 4.322356 -0.954612
v -0.341457 4.322574 -0.815517
v -0.310933 4.322791 -0.676847
v -0.226647 4.322970 -0.562581
v -0.103171 4.323079 -0.492476
v 0.038145 4.323101 -0.478654
v 0.172864 4.323031 -0.523504
v 0.277694 4.431547 -0.619445
v 0.334508 4.431343 -0.749572
v 0.000000 4.431235 -0.818152
v 0.333481 4.431121 -0.891557
v 0.274795 4.430918 -1.020851
v 0.168593 4.430771 -1.115096
v 0.033239 4.430704 -1.157997
v -0.107861 4.430728 -1.142135
v -0.230312 4.430841 -1.070254
v -0.312940 4.431022 -0.954782
v -0.341457 4.431240 -0.815687
v -0.310933 4.431457 -0.677017
v -0.226647 4.431635 -0.562751
v -0.103171 4.431745 -0.492645
v 0.038145 4.431767 -0.478824
v 0.172864 4.431696 -0.523675
v -0.443479 4.762249 -1.666373
v 0.148320 4.762290 -1.639642
v 0.148320 4.937527 -1.639916
v -0.443479 4.937485 -1.666647
v -0.769605 4.884351 -2.665817
v 0.192699 4.935988 -2.622432
v 0.670206 4.919442 -13.194153
v -0.304043 4.868218 -12.973082
v -0.304043 4.868218 -12.973082
v 0.670206 4.919442 -13.194153
v 0.670206 4.744206 -13.193879
v -0.304043 4.796122 -12.972968
v 0.192699 4.760753 -2.622158
v -0.769605 4.812254 -2.665704
v 0.670206 4.919442 -13.194153
v 0.192699 4.935988 -2.622432
v -0.769605 4.884351 -2.665817
v -0.304043 4.868218 -12.973082
v 0.148320 4.937527 -1.639916
v -0.443479 4.937485 -1.666647
v 0.148320 4.937527 -1.639916
v -0.443479 4.937485 -1.666647
v -0.114966 4.914633 -1.932282
v -0.046913 4.704978 -1.928881
v -0.066191 4.705646 -1.502069
v -0.134244 4.915300 -1.505471
v 0.173312 4.704993 -1.918933
v 0.154034 4.705661 -1.492122
v 0.241366 4.914658 -1.916188
v 0.222088 4.915326 -1.489376
v 0.063200 5.044222 -1.924438
v 0.043922 5.044890 -1.497627
v 0.063200 5.044222 -1.924438
v 0.043922 5.044890 -1.497627
v 0.704036 4.762561 -1.466441
v 0.831385 4.763467 -0.887889
v 0.831385 4.938704 -0.888164
v 0.704036 4.937798 -1.466715
v 1.584832 4.885330 -2.040273
v 1.791910 4.938373 -1.099591
v 12.127008 4.934812 -3.374517
v 11.661394 4.881858 -4.258291
v 11.661394 4.881858 -4.258291
v 12.127008 4.934812 -3.374517
v 12.127008 4.759575 -3.374243
v 11.661394 4.809762 -4.258178
v 1.791910 4.763136 -1.099317
v 1.584832 4.813233 -2.040160
v 12.127008 4.934812 -3.374517
v 1.791910 4.938373 -1.099591
v 1.584832 4.885330 -2.040273
v 11.661394 4.881858 -4.258291
v 0.831385 4.938704 -0.888164
v 0.704036 4.937798 -1.466715
v 0.831385 4.938704 -0.888164
v 0.704036 4.937798 -1.466715
v 1.045680 4.915751 -1.218122
v 1.060324 4.706195 -1.151264
v 0.643066 4.706338 -1.059418
v 0.628422 4.915894 -1.126276
v 1.107714 4.706532 -0.935968
v 0.690456 4.706675 -0.844123
v 1.122359 4.916295 -0.869766
v 0.705101 4.916439 -0.777921
v 1.084019 5.045600 -1.044147
v 0.666761 5.045743 -0.952302
v 1.084019 5.045600 -1.044147
v 0.666761 5.045743 -0.952302
v 0.155520 4.761113 -0.752810
v 0.975161 4.760830 -0.933227
v 0.975161 4.955664 -0.933532
v 0.155520 4.955946 -0.753115
v 0.938835 4.955406 -1.098561
v 0.119194 4.955688 -0.918144
v 0.119194 4.955688 -0.918144
v 0.938835 4.955406 -1.098561
v 0.938835 4.760572 -1.098256
v 0.119194 4.760855 -0.917839
v 0.394274 4.332427 -0.948446
v 0.350817 4.332533 -0.880457
v 0.350817 4.857198 -0.881278
v 0.394274 4.857091 -0.949267
v 0.418805 4.332601 -0.837000
v 0.418805 4.857266 -0.837821
v 0.462263 4.332495 -0.904988
v 0.462263 4.857160 -0.905810
v 0.462263 4.332495 -0.904988
v 0.462263 4.857160 -0.905810
v 0.028855 5.020809 -1.113002
v -0.271665 5.021085 -0.936591
v -0.271665 5.305737 -0.937037
v 0.028855 5.305460 -1.113448
v -0.196753 5.021618 -0.596267
v -0.196753 5.306269 -0.596712
v 0.150064 5.021670 -0.562345
v 0.150064 5.306322 -0.562790
v 0.289498 5.021171 -0.881705
v 0.289498 5.305822 -0.882151
v 0.028855 5.020809 -1.113002
v 0.028855 5.305460 -1.113448
v 0.017920 2.964601 -0.999079
v -0.168717 2.964772 -0.889519
v -0.168717 5.117742 -0.892889
v 0.017920 5.117571 -1.002449
v -0.122193 2.965103 -0.678161
v -0.122193 5.118073 -0.681531
v 0.093197 2.965136 -0.657094
v 0.093197 5.118106 -0.660464
v 0.179792 2.964826 -0.855433
v 0.179792 5.117795 -0.858802
v 0.017920 2.964601 -0.999079
v 0.017920 5.117571 -1.002449
v 0.103866 4.760801 -0.951844
v 0.141735 4.759489 -1.790250
v 0.141735 4.954323 -1.790555
v 0.103866 4.955635 -0.952149
v -0.027072 4.954310 -1.798180
v -0.064942 4.955623 -0.959773
v -0.064942 4.955623 -0.959773
v -0.027072 4.954310 -1.798180
v -0.027072 4.759478 -1.797875
v -0.064942 4.760789 -0.959468
v -0.023957 4.331982 -1.232599
v 0.030467 4.332075 -1.173026
v 0.030467 4.856740 -1.173847
v -0.023957 4.856647 -1.233421
v 0.090040 4.331990 -1.227451
v 0.090040 4.856655 -1.228272
v 0.035616 4.331897 -1.287024
v 0.035616 4.856562 -1.287845
v 0.035616 4.331897 -1.287024
v 0.035616 4.856562 -1.287845
v -0.948258 4.763774 -0.691870
v -0.720732 4.762918 -1.238836
v -0.720732 4.938154 -1.239110
v -0.948258 4.939010 -0.692144
v -1.998789 4.887385 -0.727369
v -1.628818 4.937563 -1.616852
v -11.399680 4.931201 -5.681303
v -11.525230 4.881183 -4.690146
v -11.525230 4.881183 -4.690146
v -11.399680 4.931201 -5.681303
v -11.399680 4.755965 -5.681029
v -11.525230 4.809086 -4.690033
v -1.628818 4.762326 -1.616578
v -1.998789 4.815289 -0.727256
v -11.399680 4.931201 -5.681303
v -1.628818 4.937563 -1.616852
v -1.998789 4.887385 -0.727369
v -11.525230 4.881183 -4.690146
v -0.720732 4.938154 -1.239110
v -0.948258 4.939010 -0.692144
v -0.720732 4.938154 -1.239110
v -0.948258 4.939010 -0.692144
v -1.085548 4.915948 -1.091674
v -1.059384 4.706190 -1.154244
v -0.664906 4.706447 -0.990150
v -0.691070 4.916204 -0.927581
v -0.974716 4.705871 -1.357786
v -0.580237 4.706128 -1.193692
v -0.948551 4.915432 -1.421011
v -0.554073 4.915689 -1.256918
v -1.017050 5.045267 -1.256546
v -0.622572 5.045524 -1.092452
v -1.017050 5.045267 -1.256546
v -0.622572 5.045524 -1.092452
v -0.089620 4.760786 -0.961819
v -0.864513 4.760281 -1.284156
v -0.864513 4.955114 -1.284461
v -0.089620 4.955619 -0.962124
v -0.929414 4.955359 -1.128442
v -0.154520 4.955863 -0.806104
v -0.154520 4.955863 -0.806104
v -0.929414 4.955359 -1.128442
v -0.929414 4.760526 -1.128137
v -0.154520 4.761030 -0.805799
v -0.397792 4.332444 -0.937288
v -0.323198 4.332396 -0.968055
v -0.323198 4.857060 -0.968876
v -0.397792 4.857109 -0.938109
v -0.353964 4.332279 -1.042649
v -0.353964 4.856944 -1.043470
v -0.428559 4.332327 -1.011882
v -0.428559 4.856992 -1.012704
v -0.428559 4.332327 -1.011882
v -0.428559 4.856992 -1.012704
v -0.172431 4.765048 0.122357
v -0.622318 4.764445 -0.263054
v -0.622318 4.939681 -0.263329
v -0.172431 4.940284 0.122084
v -0.530641 4.890262 1.110367
v -1.262186 4.940850 0.483582
v -8.147077 4.953429 8.520229
v -7.243302 4.902526 8.945975
v -7.243302 4.902526 8.945975
v -8.147077 4.953429 8.520229
v -8.147077 4.778193 8.520504
v -7.243302 4.830429 8.946088
v -1.262186 4.765614 0.483856
v -0.530641 4.818165 1.110480
v -8.147077 4.953429 8.520229
v -1.262186 4.940850 0.483582
v -0.530641 4.890262 1.110367
v -7.243302 4.902526 8.945975
v -0.622318 4.939681 -0.263329
v -0.172431 4.940284 0.122084
v -0.622318 4.939681 -0.263329
v -0.172431 4.940284 0.122084
v -0.594866 4.917859 0.129217
v -0.646600 4.708130 0.085225
v -0.368637 4.707622 -0.239238
v -0.316903 4.917351 -0.195247
v -0.814016 4.707905 -0.058197
v -0.536053 4.707397 -0.382660
v -0.865750 4.917496 -0.102846
v -0.587787 4.916988 -0.427309
v -0.730308 5.047255 0.012982
v -0.452345 5.046747 -0.311481
v -0.730308 5.047255 0.012982
v -0.452345 5.046747 -0.311481
v -0.163838 4.761074 -0.777671
v -0.709855 4.762072 -0.140312
v -0.709855 4.956905 -0.140617
v -0.163838 4.955907 -0.777976
v -0.581527 4.957077 -0.030681
v -0.035510 4.956079 -0.668039
v -0.035510 4.956079 -0.668039
v -0.581527 4.957077 -0.030681
v -0.581527 4.762244 -0.030375
v -0.035510 4.761246 -0.667734
v -0.236376 4.333165 -0.476538
v -0.242586 4.333039 -0.556990
v -0.242586 4.857704 -0.557811
v -0.236376 4.857830 -0.477359
v -0.323037 4.333049 -0.550779
v -0.323037 4.857714 -0.551600
v -0.316827 4.333175 -0.470328
v -0.316827 4.857840 -0.471149
v -0.316827 4.333175 -0.470328
v -0.316827 4.857840 -0.471149
v 0.849498 4.764264 -0.378646
v 0.349393 4.764761 -0.061101
v 0.349393 4.939997 -0.061376
v 0.849498 4.939501 -0.378921
v 1.689793 4.888919 0.252641
v 0.876589 4.941297 0.768909
v 6.549134 4.955280 9.702643
v 7.220438 4.902553 8.962894
v 7.220438 4.902553 8.962894
v 6.549134 4.955280 9.702643
v 6.549134 4.780044 9.702916
v 7.220438 4.830456 8.963007
v 0.876589 4.766061 0.769184
v 1.689793 4.816822 0.252753
v 6.549134 4.955280 9.702643
v 0.876589 4.941297 0.768909
v 1.689793 4.888919 0.252641
v 7.220438 4.902553 8.962894
v 0.349393 4.939997 -0.061376
v 0.849498 4.939501 -0.378921
v 0.349393 4.939997 -0.061376
v 0.849498 4.939501 -0.378921
v 0.732778 4.917700 0.027166
v 0.675270 4.708097 0.064011
v 0.446252 4.707532 -0.296671
v 0.503761 4.917135 -0.333514
v 0.489166 4.708282 0.182178
v 0.260149 4.707717 -0.178503
v 0.431657 4.917998 0.218366
v 0.202640 4.917434 -0.142315
v 0.582218 5.047426 0.122563
v 0.353200 5.046862 -0.238117
v 0.582218 5.047426 0.122563
v 0.353200 5.046862 -0.238117
v -0.008696 4.761274 -0.650003
v 0.441175 4.762383 0.058500
v 0.441175 4.957216 0.058196
v -0.008696 4.956107 -0.650308
v 0.583827 4.957074 -0.032383
v 0.133957 4.955965 -0.740886
v 0.133957 4.955965 -0.740886
v 0.583827 4.957074 -0.032383
v 0.583827 4.762241 -0.032078
v 0.133957 4.761132 -0.740581
v 0.257430 4.333141 -0.492117
v 0.178679 4.333113 -0.509701
v 0.178679 4.857779 -0.510522
v 0.257430 4.857806 -0.492938
v 0.161096 4.333237 -0.430949
v 0.161096 4.857902 -0.431770
v 0.239847 4.333264 -0.413366
v 0.239847 4.857929 -0.414186
v 0.239847 4.333264 -0.413366
v 0.239847 4.857929 -0.414186
v 0.277694 4.322881 -0.619274
v 0.334508 4.322678 -0.749402
v 0.334508 4.431343 -0.749572
v 0.277694 4.431547 -0.619445
v 0.514454 4.280429 -0.788345
v 0.484075 4.280213 -0.926360
v 0.484075 4.383381 -0.926521
v 0.514454 4.383597 -0.788507
v 0.453696 4.279997 -1.064374
v 0.453696 4.383165 -1.064535
v 0.274795 4.322253 -1.020681
v 0.168593 4.322105 -1.114925
v 0.168593 4.430771 -1.115096
v 0.274795 4.430918 -1.020851
v 0.192097 4.279629 -1.299745
v 0.047364 4.279606 -1.313900
v 0.047364 4.382774 -1.314062
v 0.192097 4.382797 -1.299906
v -0.097367 4.279584 -1.328057
v -0.097367 4.382752 -1.328218
v -0.107861 4.322063 -1.141965
v -0.230312 4.322176 -1.070084
v -0.230312 4.430841 -1.070254
v -0.107861 4.430728 -1.142135
v -0.398733 4.279863 -1.149852
v -0.456160 4.280069 -1.018321
v -0.456160 4.383237 -1.018483
v -0.398733 4.383031 -1.150013
v -0.513587 4.280275 -0.886791
v -0.513587 4.383443 -0.886952
v -0.341457 4.322574 -0.815517
v -0.310933 4.322791 -0.676847
v -0.310933 4.431457 -0.677017
v -0.341457 4.431240 -0.815687
v -0.437553 4.280813 -0.542974
v -0.330645 4.280961 -0.448103
v -0.330645 4.384130 -0.448264
v -0.437553 4.383982 -0.543135
v -0.223737 4.281110 -0.353231
v -0.223737 4.384278 -0.353393
v -0.103171 4.323079 -0.492476
v 0.038145 4.323101 -0.478654
v 0.038145 4.431767 -0.478824
v -0.103171 4.431745 -0.492645
v 0.125861 4.281165 -0.318129
v 0.250453 4.281050 -0.391267
v 0.250453 4.384219 -0.391428
v 0.125861 4.384333 -0.318291
v 0.375044 4.280936 -0.464403
v 0.375044 4.384104 -0.464564
v 0.484075 4.280213 -0.926360
v 0.514454 4.280429 -0.788345
v 0.514454 4.383597 -0.788507
v 0.484075 4.383381 -0.926521
v 0.514454 4.280429 -0.788345
v 0.514454 4.383597 -0.788507
v 0.453696 4.279997 -1.064374
v 0.453696 4.383165 -1.064535
v 0.047364 4.279606 -1.313900
v 0.192097 4.279629 -1.299745
v 0.192097 4.382797 -1.299906
v 0.047364 4.382774 -1.314062
v -0.097367 4.279584 -1.328057
v -0.097367 4.382752 -1.328218
v -0.456160 4.280069 -1.018321
v -0.398733 4.279863 -1.149852
v -0.398733 4.383031 -1.150013
v -0.456160 4.383237 -1.018483
v -0.513587 4.280275 -0.886791
v -0.513587 4.383443 -0.886952
v -0.330645 4.280961 -0.448103
v -0.437553 4.280813 -0.542974
v -0.437553 4.383982 -0.543135
v -0.330645 4.384130 -0.448264
v -0.223737 4.281110 -0.353231
v -0.223737 4.384278 -0.353393
v 0.250453 4.281050 -0.391267
v 0.125861 4.281165 -0.318129
v 0.125861 4.384333 -0.318291
v 0.250453 4.384219 -0.391428
v 0.375044 4.280936 -0.464403
v 0.375044 4.384104 -0.464564
vn -0.6066 -0.7847 -0.1275
vn -0.6801 -0.7329 0.0158
vn -0.4151 -0.8978 -0.1474
vn -0.8587 -0.5107 0.0424
vn -0.8491 -0.5241 0.0659
vn -0.9368 -0.3405 0.0807
vn 0.8489 -0.5242 0.0674
vn 0.8591 -0.5100 0.0433
vn 0.9371 -0.3391 0.0824
vn -0.0583 -0.9174 0.3937
vn 0.1735 -0.5196 0.8366
vn -0.1705 -0.9538 0.2472
vn 0.3287 -0.6763 0.6592
vn 0.0583 -0.9174 0.3937
vn 0.1705 -0.9538 0.2472
vn -0.1735 -0.5196 0.8366
vn -0.3287 -0.6763 0.6592
vn -0.7359 -0.5371 0.4123
vn -0.2590 -0.5922 0.7630
vn -0.7527 -0.2345 0.6152
vn -0.7526 -0.2346 0.6152
vn -0.3159 -0.5107 0.7996
vn -0.3644 0.0002 0.9312
vn -0.3614 0.1659 0.9175
vn -0.7853 0.1322 0.6049
vn 0.3644 0.0002 0.9312
vn 0.7848 0.1319 0.6056
vn 0.3610 0.1663 0.9176
vn -0.4263 0.4819 0.7655
vn 0.4386 0.4889 0.7540
vn -0.9168 0.3920 0.0758
vn -0.8747 0.4843 -0.0198
vn -0.8966 0.3792 0.2286
vn 0.8747 0.4843 -0.0197
vn 0.9169 0.3919 0.0759
vn 0.8960 0.3806 0.2288
vn 0.8333 0.4746 0.2834
vn 0.8894 0.4311 0.1517
vn 0.7998 0.5697 0.1892
vn -0.8920 0.4260 0.1508
vn -0.8345 0.4735 0.2819
vn -0.7998 0.5697 0.1892
vn -0.8689 0.4688 0.1590
vn -0.9081 0.3318 0.2554
vn -0.9296 0.3454 0.1289
vn -0.9924 -0.0843 0.0897
vn 0.9925 -0.0825 0.0905
vn -0.9302 -0.3509 0.1078
vn 0.9305 -0.3504 0.1067
vn 0.6792 -0.7338 0.0128
vn 0.7873 0.6002 -0.1414
vn 0.8844 0.4583 -0.0883
vn 0.7135 0.6936 0.0992
vn -0.8823 0.4612 -0.0944
vn -0.7720 0.6189 -0.1450
vn -0.7077 0.7002 0.0943
vn 0.9870 0.1097 0.1178
vn 0.9957 -0.0900 0.0216
vn 0.9911 0.0370 0.1277
vn -0.9957 -0.0900 0.0216
vn -0.9867 0.1072 0.1223
vn -0.9910 0.0332 0.1293
vn 0.3937 -0.9192 -0.0030
vn 0.4016 -0.9158 -0.0084
vn -0.0543 -0.9694 0.2393
vn -0.0170 -0.9700 0.2425
vn -0.3930 -0.9195 -0.0058
vn -0.3923 -0.9198 -0.0030
vn -0.5770 0.3238 0.7498
vn -0.3385 0.0262 0.9406
vn -0.6728 -0.3141 0.6699
vn 0.3450 0.0350 0.9380
vn 0.5743 0.3268 0.7506
vn 0.6670 -0.3035 0.6805
vn 0.0130 -0.4722 0.8814
vn -0.3145 -0.6163 0.7220
vn -0.0000 -0.4548 0.8906
vn 0.0062 0.2001 0.9798
vn 0.3170 -0.6225 0.7155
vn 0.4688 0.2278 0.8534
vn -0.0001 0.4838 0.8752
vn 0.3781 -0.3697 0.8487
vn 0.6670 0.7436 0.0463
vn 0.6302 0.7344 0.2522
vn 0.0193 0.9011 0.4332
vn -0.4689 0.2278 0.8534
vn -0.3781 -0.3697 0.8487
vn -0.1327 -0.5341 0.8349
vn -0.6084 0.7471 0.2678
vn -0.2255 0.9456 0.2346
vn -0.4649 0.8557 0.2273
vn -0.6307 0.7338 0.2524
vn -0.6671 0.7436 0.0463
vn -0.0193 0.9011 0.4332
vn 0.5927 0.8054 0.0103
vn 0.6975 0.7165 0.0097
vn 0.5905 0.8070 0.0005
vn 0.2255 0.9456 0.2346
vn 0.6077 0.7477 0.2677
vn 0.4646 0.8559 0.2273
vn -0.4967 0.7705 -0.3995
vn -0.1681 0.8868 -0.4305
vn -0.2193 0.9317 -0.2897
vn 0.1681 0.8868 -0.4305
vn 0.4967 0.7706 -0.3993
vn 0.2630 0.9042 -0.3365
vn 0.1327 -0.5341 0.8349
vn -0.9861 0.0278 -0.1636
vn -0.9793 0.0212 -0.2011
vn -0.9782 0.0468 -0.2022
vn -0.8807 -0.3888 -0.2706
vn -0.8024 -0.4856 -0.3470
vn -0.9635 -0.1150 -0.2416
vn 0.9491 0.2914 -0.1197
vn 0.9275 0.2851 -0.2419
vn 0.9472 0.2214 -0.2321
vn -0.4452 0.8771 -0.1800
vn -0.2193 0.9317 -0.2896
vn -0.3140 0.9485 -0.0417
vn 0.2616 0.9642 -0.0435
vn 0.2630 0.9042 -0.3364
vn 0.4453 0.8771 -0.1798
vn 0.8240 -0.5284 -0.2045
vn 0.4689 -0.8613 -0.1955
vn 0.4770 -0.7940 -0.3769
vn 0.4688 -0.8614 -0.1955
vn 0.3031 -0.9340 -0.1894
vn -0.6977 -0.7078 -0.1102
vn -0.9378 -0.3365 -0.0847
vn -0.6608 -0.7086 -0.2476
vn -0.3609 -0.9228 -0.1347
vn -0.9947 0.0956 -0.0373
vn -0.9983 0.0509 -0.0271
vn -0.9366 -0.2041 -0.2847
vn 0.9923 0.0084 -0.1238
vn 0.9890 0.0574 -0.1363
vn 0.7822 -0.3452 -0.5187
vn 0.6705 0.1436 -0.7279
vn 0.2549 0.8414 -0.4765
vn 0.7209 0.5270 -0.4501
vn 0.1988 0.2343 0.9516
vn -0.0002 0.2740 0.9617
vn -0.0000 0.0760 0.9971
vn -0.1853 0.2358 0.9540
vn -0.3142 0.0502 0.9480
vn -0.2442 -0.1980 0.9493
vn -0.0002 -0.2947 0.9556
vn 0.2578 -0.1955 0.9462
vn 0.3434 0.0517 0.9378
vn 0.1884 0.2359 0.9533
vn 0.0002 0.2678 0.9635
vn -0.0000 0.0755 0.9971
vn -0.2033 0.2347 0.9506
vn -0.3566 0.0525 0.9328
vn -0.2621 -0.1964 0.9449
vn 0.0002 -0.2893 0.9572
vn 0.2473 -0.1988 0.9483
vn 0.3243 0.0508 0.9446
vn 0.4158 -0.8955 -0.1584
vn 0.6064 -0.7831 -0.1378
vn 0.1475 0.9634 0.2240
vn -0.0001 0.9774 0.2115
vn -0.1476 0.9634 0.2240
vn 0.7093 0.5291 0.4658
vn 0.3320 0.7915 0.5132
vn 0.2416 0.8233 0.5136
vn -0.3320 0.7915 0.5132
vn -0.7094 0.5290 0.4658
vn -0.2417 0.8233 0.5136
vn -0.8953 0.2290 0.3821
vn -0.9286 0.0274 0.3700
vn -0.8081 0.5472 0.2179
vn 0.9286 0.0275 0.3701
vn 0.8953 0.2290 0.3821
vn 0.8081 0.5472 0.2179
vn 0.8946 -0.3602 -0.2645
vn 0.9635 -0.1150 -0.2416
vn 0.8306 -0.4433 -0.3369
vn 0.9861 0.0288 -0.1634
vn 0.9781 0.0488 -0.2023
vn 0.9793 0.0220 -0.2011
vn -0.9492 0.2908 -0.1201
vn -0.9473 0.2202 -0.2326
vn -0.9276 0.2844 -0.2424
vn 0.9097 0.3318 0.2499
vn 0.8688 0.4689 0.1590
vn 0.9295 0.3455 0.1289
vn 0.4977 0.8231 -0.2735
vn 0.5926 0.8054 0.0103
vn 0.5321 0.7969 0.2861
vn -0.5931 0.8050 0.0103
vn -0.4945 0.8248 -0.2741
vn -0.5184 0.8050 0.2885
vn -0.6979 0.7161 0.0098
vn -0.5904 0.8071 0.0004
vn -0.0808 0.4534 0.8876
vn -0.3453 0.2489 0.9049
vn -0.0000 0.0840 0.9965
vn -0.3498 -0.0846 0.9330
vn -0.0909 -0.2961 0.9508
vn 0.2365 -0.2262 0.9449
vn 0.3858 0.0724 0.9198
vn 0.2445 0.3748 0.8943
vn 0.8250 -0.0584 -0.5621
vn 0.6118 -0.7910 0.0025
vn -0.1943 -0.8465 -0.4957
vn 0.6202 -0.1465 -0.7707
vn 0.6423 0.4194 -0.6415
vn 0.9852 0.0006 -0.1713
vn 0.6822 -0.6018 -0.4153
vn 0.7817 -0.6036 0.1570
vn 0.8437 -0.1506 0.5153
vn 0.8215 0.4161 0.3897
vn 0.7319 0.6698 -0.1251
vn -0.5612 0.5592 0.6102
vn -0.5612 -0.5632 0.6065
vn -0.0000 -0.0032 1.0000
vn 0.5612 -0.5632 0.6065
vn -0.0000 -0.0033 1.0000
vn 0.5612 0.5592 0.6102
vn -0.5612 0.5591 0.6103
vn 0.1123 0.6216 -0.7752
vn 0.5867 0.2178 -0.7799
vn 0.0013 -0.0011 -1.0000
vn -0.4690 0.4281 -0.7725
vn -0.5968 -0.1871 -0.7802
vn -0.4691 0.4280 -0.7725
vn -0.1158 -0.6134 -0.7813
vn 0.4730 -0.4083 -0.7807
vn 0.2200 0.0781 0.9724
vn 0.0427 0.2311 0.9720
vn -0.0013 0.0011 1.0000
vn -0.1785 0.1541 0.9718
vn -0.1785 0.1540 0.9718
vn -0.2224 -0.0760 0.9720
vn -0.0451 -0.2290 0.9724
vn 0.1761 -0.1520 0.9726
vn 0.1909 -0.9520 0.2391
vn -0.2681 -0.9634 -0.0018
vn 0.3096 -0.9463 0.0932
vn -0.6438 -0.7314 0.2249
vn 0.1976 -0.9502 -0.2408
vn -0.6415 -0.7318 -0.2301
vn 0.3131 -0.9455 -0.0895
vn -0.1909 -0.9520 0.2391
vn -0.3096 -0.9463 0.0932
vn 0.2681 -0.9634 -0.0018
vn 0.6438 -0.7314 0.2249
vn -0.1976 -0.9502 -0.2408
vn 0.6415 -0.7318 -0.2301
vn -0.3131 -0.9455 -0.0895
vn 0.5793 -0.7953 0.1784
vn 0.5639 -0.8215 -0.0841
vn 0.7247 -0.6107 0.3192
vn -0.6634 0.7374 -0.1268
vn 0.5365 0.7026 -0.4674
vn -0.4902 0.4862 -0.7234
vn -0.6635 0.7374 -0.1268
vn -0.9860 -0.1664 -0.0138
vn -0.6414 0.7657 -0.0486
vn 0.3744 0.6650 -0.6462
vn -0.3743 0.6650 -0.6463
vn -0.0000 1.0000 0.0033
vn -0.7487 0.6629 0.0021
vn -0.3744 0.6608 0.6506
vn 0.3743 0.6608 0.6506
vn 0.7487 0.6629 0.0022
vn 0.2429 -0.2400 -0.9399
vn 0.3395 0.4761 -0.8112
vn -0.0813 0.5794 -0.8110
vn 0.8255 0.5340 -0.1829
vn 0.9996 -0.0054 -0.0276
vn 0.5992 0.0736 -0.7972
vn 0.2445 0.9223 -0.2993
vn 0.4749 0.6901 -0.5462
vn 0.1145 0.1647 0.9797
vn -0.3320 -0.2776 0.9015
vn 0.2628 -0.2803 0.9232
vn -0.0846 0.7540 -0.6514
vn 0.2426 0.9248 -0.2929
vn 0.4174 0.5132 -0.7500
vn 0.1368 0.1613 0.9774
vn -0.2822 -0.2857 0.9158
vn 0.2808 -0.2923 0.9142
vn 0.4173 0.5132 -0.7500
vn 0.2311 0.3339 -0.9138
vn 0.0336 -0.3247 -0.9452
vn -0.3062 -0.3999 -0.8639
vn 0.1598 0.2045 0.9657
vn -0.3265 -0.3867 0.8625
vn 0.6349 0.0598 0.7703
vn -0.8157 -0.5575 0.1545
vn -0.9272 -0.2474 -0.2811
vn -0.9991 0.0382 0.0191
vn 0.9160 -0.2536 -0.3109
vn 0.6776 -0.7115 0.1860
vn 0.9982 0.0577 0.0174
vn -0.8020 -0.5790 0.1470
vn -0.9023 -0.2599 -0.3440
vn -0.9992 0.0330 0.0210
vn 0.8956 -0.2506 -0.3675
vn 0.6747 -0.7133 0.1898
vn 0.9982 0.0563 0.0187
vn -0.2429 -0.2400 -0.9399
vn 0.0813 0.5794 -0.8110
vn -0.3395 0.4761 -0.8112
vn -0.8255 0.5340 -0.1829
vn -0.5992 0.0736 -0.7972
vn -0.9996 -0.0054 -0.0276
vn -0.4749 0.6901 -0.5462
vn -0.2445 0.9223 -0.2993
vn -0.1145 0.1647 0.9797
vn -0.2628 -0.2803 0.9232
vn 0.3320 -0.2777 0.9015
vn 0.0846 0.7540 -0.6514
vn -0.4174 0.5132 -0.7500
vn -0.2426 0.9248 -0.2929
vn -0.1368 0.1613 0.9774
vn -0.2808 -0.2922 0.9142
vn 0.2822 -0.2857 0.9158
vn -0.4173 0.5132 -0.7500
vn -0.0336 -0.3247 -0.9452
vn -0.2311 0.3339 -0.9138
vn 0.3062 -0.3999 -0.8639
vn -0.1598 0.2045 0.9657
vn -0.6349 0.0597 0.7703
vn 0.3265 -0.3867 0.8625
vn 0.8157 -0.5575 0.1546
vn 0.9991 0.0382 0.0191
vn 0.9272 -0.2474 -0.2811
vn -0.9160 -0.2536 -0.3109
vn -0.9982 0.0577 0.0174
vn -0.6776 -0.7116 0.1860
vn 0.8020 -0.5790 0.1470
vn 0.9992 0.0330 0.0210
vn 0.9023 -0.2599 -0.3440
vn -0.8956 -0.2506 -0.3675
vn -0.9982 0.0563 0.0187
vn -0.6747 -0.7133 0.1897
vn 0.0808 0.4534 0.8876
vn 0.3453 0.2489 0.9049
vn 0.3498 -0.0846 0.9330
vn 0.0909 -0.2961 0.9508
vn -0.2365 -0.2262 0.9449
vn -0.3858 0.0724 0.9198
vn -0.2445 0.3748 0.8943
vn -0.8250 -0.0584 -0.5621
vn 0.1943 -0.8465 -0.4957
vn -0.6117 -0.7911 0.0025
vn -0.6201 -0.1464 -0.7707
vn -0.9852 0.0006 -0.1713
vn -0.6423 0.4195 -0.6415
vn -0.6822 -0.6017 -0.4154
vn -0.7817 -0.6037 0.1569
vn -0.8437 -0.1507 0.5152
vn -0.8216 0.4161 0.3898
vn -0.7319 0.6698 -0.1250
vn 0.3274 0.5678 0.7552
vn -0.3273 0.5679 0.7552
vn -0.0000 0.0012 1.0000
vn -0.6547 0.0009 0.7559
vn -0.3274 -0.5660 0.7566
vn 0.3273 -0.5661 0.7566
vn 0.6547 0.0009 0.7559
vn 0.0618 -0.9973 -0.0397
vn 0.2483 -0.9571 -0.1496
vn 0.2903 -0.9536 -0.0797
vn 0.0727 -0.9971 -0.0224
vn 0.0415 -0.9976 -0.0555
vn 0.1676 -0.9622 -0.2147
vn 0.0252 -0.9976 -0.0644
vn 0.1018 -0.9627 -0.2507
vn 0.0050 -0.9979 -0.0653
vn 0.0201 -0.9665 -0.2559
vn -0.0237 -0.9978 -0.0623
vn -0.0961 -0.9652 -0.2432
vn -0.0450 -0.9976 -0.0535
vn -0.1817 -0.9615 -0.2062
vn -0.0618 -0.9973 -0.0397
vn -0.2483 -0.9571 -0.1496
vn -0.0968 -0.9949 -0.0288
vn -0.2903 -0.9536 -0.0797
vn -0.1018 -0.9948 -0.0033
vn -0.3046 -0.9525 -0.0031
vn -0.0726 -0.9972 0.0159
vn -0.2903 -0.9541 0.0734
vn -0.0657 -0.9975 0.0271
vn -0.2726 -0.9555 0.1127
vn -0.0443 -0.9981 0.0421
vn -0.0148 -0.9982 0.0589
vn -0.0000 -0.9980 0.0626
vn -0.0000 -0.8745 0.4850
vn 0.0148 -0.9982 0.0589
vn 0.0443 -0.9981 0.0421
vn 0.0657 -0.9975 0.0270
vn 0.2727 -0.9555 0.1126
vn 0.0968 -0.9951 0.0222
vn 0.2903 -0.9541 0.0734
vn 0.1018 -0.9948 -0.0033
vn 0.3046 -0.9525 -0.0031
vn 0.4750 -0.8499 -0.2283
vn 0.5509 -0.8213 -0.1483
vn 0.3245 -0.8945 -0.3077
vn 0.1811 -0.9050 -0.3850
vn 0.0196 -0.9127 -0.4081
vn -0.1690 -0.9052 -0.3899
vn -0.3309 -0.8961 -0.2958
vn -0.4748 -0.8517 -0.2218
vn -0.5509 -0.8213 -0.1483
vn -0.5760 -0.8174 -0.0027
vn -0.5509 -0.8222 0.1429
vn -0.5243 -0.8243 0.2137
vn -0.4885 -0.8284 0.2741
vn 0.5243 -0.8243 0.2137
vn 0.4885 -0.8284 0.2741
vn 0.5509 -0.8222 0.1429
vn 0.5761 -0.8174 -0.0027
vn 0.7423 -0.6599 -0.1166
vn 0.2032 -0.9389 -0.2779
vn 0.0088 -0.9630 -0.2694
vn -0.1936 -0.9433 -0.2695
vn -0.7428 -0.6592 -0.1169
vn -0.8174 -0.5758 0.0154
vn -0.7951 -0.5784 0.1823
vn -0.7401 -0.6120 0.2787
vn -0.6761 -0.6308 0.3808
vn 0.7401 -0.6120 0.2787
vn 0.6761 -0.6308 0.3808
vn 0.7951 -0.5784 0.1823
vn 0.8171 -0.5763 0.0160
vn -0.8491 -0.5240 0.0659
vn -0.8733 -0.4621 0.1544
vn -0.8708 -0.3986 0.2877
vn 0.7858 -0.5776 0.2210
vn 0.6643 -0.5804 0.4710
vn 0.8733 -0.4620 0.1543
vn 0.8490 -0.5242 0.0674
vn -0.9413 -0.3153 0.1206
vn -0.8708 -0.3986 0.2878
vn -0.9355 -0.2361 0.2627
vn -0.7527 -0.2346 0.6152
vn 0.6643 -0.5804 0.4711
vn 0.8821 -0.4331 0.1851
vn 0.6849 -0.4635 0.5622
vn 0.8733 -0.4620 0.1544
vn 0.9413 -0.3153 0.1206
vn -0.0000 -0.1515 0.9885
vn -0.1321 -0.7381 0.6616
vn 0.1321 -0.7381 0.6616
vn 0.0206 -0.6378 0.7700
vn -0.0206 -0.6378 0.7700
vn 0.1853 -0.6351 0.7499
vn 0.6644 -0.5804 0.4710
vn 0.2851 -0.6333 0.7194
vn 0.1852 -0.6351 0.7499
vn -0.3795 0.2739 0.8837
vn -0.7537 0.2979 0.5859
vn -0.0000 0.0715 0.9974
vn -0.0006 0.2184 0.9758
vn 0.3790 0.2737 0.8840
vn 0.7540 0.2959 0.5864
vn 0.0136 0.5287 0.8487
vn -0.8903 0.2514 0.3796
vn -0.9045 0.3359 0.2628
vn -0.9016 0.3634 0.2345
vn -0.8697 0.3323 0.3650
vn -0.4925 0.6171 0.6137
vn -0.5204 0.7042 0.4829
vn -0.4924 0.6171 0.6137
vn 0.0241 0.7419 0.6700
vn 0.0118 0.8434 0.5371
vn -0.5203 0.7043 0.4829
vn 0.5079 0.6151 0.6030
vn 0.5251 0.7000 0.4840
vn 0.8890 0.2462 0.3860
vn 0.9055 0.3331 0.2631
vn 0.5252 0.7000 0.4840
vn 0.8719 0.3264 0.3650
vn 0.9049 0.3585 0.2294
vn -0.9064 0.4075 0.1114
vn -0.9074 0.3939 0.1462
vn -0.5329 0.8011 0.2724
vn 0.0023 0.9476 0.3194
vn -0.5329 0.8012 0.2724
vn 0.5331 0.8016 0.2705
vn 0.9065 0.4088 0.1056
vn 0.5332 0.8016 0.2706
vn 0.9086 0.3929 0.1417
vn -0.9019 0.4304 0.0357
vn -0.9121 0.3926 0.1179
vn -0.5336 0.8401 0.0975
vn 0.0022 0.9920 0.1264
vn -0.5335 0.8401 0.0975
vn 0.5354 0.8390 0.0972
vn 0.9019 0.4304 0.0357
vn 0.5355 0.8389 0.0973
vn 0.9121 0.3927 0.1179
vn -0.4949 0.8690 -0.0010
vn 0.0021 0.9998 -0.0214
vn -0.4948 0.8690 -0.0010
vn 0.4967 0.8679 -0.0010
vn 0.4968 0.8679 -0.0010
vn -0.0005 0.2610 0.9653
vn -0.5400 0.6916 0.4796
vn 0.0011 0.8561 0.5169
vn -0.5399 0.6917 0.4797
vn 0.5407 0.6912 0.4794
vn 0.5408 0.6912 0.4794
vn 0.0164 0.6857 0.7277
vn -0.2210 0.7171 0.6610
vn -0.3869 0.5589 0.7334
vn 0.0036 0.5099 0.8602
vn 0.4835 0.3509 0.8019
vn -0.0004 0.4778 0.8785
vn 0.2422 0.7213 0.6489
vn 0.3907 0.5636 0.7278
vn -0.4834 0.3519 0.8016
vn -0.2211 0.7171 0.6610
vn -0.3855 0.8158 0.4311
vn -0.7927 0.4936 0.3578
vn 0.4132 0.8069 0.4220
vn 0.0265 0.8820 0.4705
vn 0.2422 0.7214 0.6488
vn 0.3908 0.5636 0.7278
vn 0.7969 0.4882 0.3558
vn 0.4133 0.8069 0.4220
vn -0.3854 0.8158 0.4311
vn 0.4835 0.3510 0.8019
vn 0.9206 0.1134 0.3736
vn -0.9205 0.1146 0.3735
vn -0.4640 0.8555 0.2297
vn -0.8598 0.4815 0.1697
vn 0.4967 0.8383 0.2247
vn 0.0273 0.9661 0.2568
vn 0.8671 0.4690 0.1677
vn 0.4968 0.8383 0.2247
vn -0.4639 0.8556 0.2298
vn 0.9836 0.1066 0.1456
vn -0.9836 0.1066 0.1455
vn 0.9229 0.3151 0.2214
vn -0.9244 0.3109 0.2208
vn -0.4655 0.8847 0.0256
vn -0.8513 0.5236 0.0326
vn 0.4983 0.8666 0.0272
vn 0.0240 0.9996 0.0172
vn 0.8609 0.5078 0.0322
vn 0.4984 0.8665 0.0272
vn -0.4654 0.8847 0.0256
vn 0.9720 0.2285 0.0542
vn -0.9722 0.2278 0.0538
vn -0.4207 0.8836 -0.2058
vn 0.4515 0.8693 -0.2011
vn 0.0182 0.9725 -0.2322
vn 0.4516 0.8692 -0.2011
vn -0.4206 0.8836 -0.2059
vn -0.6452 0.4589 0.6108
vn -0.3829 0.4180 0.8238
vn 0.3819 0.4179 0.8243
vn 0.6452 0.4589 0.6108
vn -0.7537 0.2979 0.5858
vn -0.7413 0.5122 0.4337
vn -0.6453 0.4589 0.6108
vn 0.7541 0.2960 0.5863
vn 0.6453 0.4589 0.6108
vn 0.7413 0.5123 0.4337
vn -0.7779 0.5359 0.3281
vn 0.7779 0.5360 0.3281
vn -0.8018 0.5442 0.2468
vn 0.8018 0.5442 0.2468
vn -0.8129 0.5475 0.1984
vn 0.8129 0.5475 0.1984
vn -0.8057 0.5538 0.2102
vn 0.8057 0.5538 0.2103
vn -0.0012 0.4146 0.9100
vn -0.7941 0.5503 0.2580
vn 0.7940 0.5502 0.2585
vn -0.7672 0.1415 0.6256
vn -0.4171 0.0914 0.9043
vn 0.4047 0.1107 0.9077
vn 0.7526 0.1858 0.6318
vn -0.9123 0.2172 0.3473
vn -0.7673 0.1415 0.6255
vn 0.7526 0.1858 0.6317
vn 0.9062 0.2402 0.3480
vn -0.9215 0.3078 0.2366
vn 0.9215 0.3078 0.2366
vn -0.9079 0.3806 0.1757
vn 0.9079 0.3806 0.1757
vn -0.8747 0.4561 0.1636
vn 0.8747 0.4561 0.1636
vn -0.8254 0.5221 0.2150
vn 0.8254 0.5221 0.2151
vn -0.0016 0.0696 0.9976
vn -0.8055 0.5393 0.2456
vn 0.8054 0.5392 0.2462
vn 0.7943 0.5530 0.2516
vn -0.7943 0.5531 0.2513
vn 0.8321 0.5085 0.2216
vn -0.8322 0.5085 0.2211
vn -0.7794 -0.1811 0.5998
vn -0.3924 -0.2823 0.8754
vn 0.3712 -0.2591 0.8917
vn 0.7780 -0.1389 0.6127
vn -0.9639 -0.0841 0.2525
vn 0.9688 -0.0643 0.2393
vn -0.9898 0.0175 0.1411
vn 0.9898 0.0175 0.1410
vn -0.9859 0.1175 0.1192
vn 0.9859 0.1174 0.1192
vn -0.9653 0.2264 0.1303
vn 0.9653 0.2264 0.1303
vn -0.9332 0.3161 0.1709
vn 0.9332 0.3161 0.1710
vn -0.0018 -0.3586 0.9335
vn -0.9131 0.3664 0.1788
vn 0.9130 0.3663 0.1797
vn 0.9190 0.3616 0.1572
vn -0.9191 0.3616 0.1564
vn -0.9915 0.0272 0.1273
vn 0.9915 0.0277 0.1270
vn -0.0016 -0.7477 0.6640
vn -0.9894 0.0924 0.1119
vn 0.9893 0.0923 0.1130
vn 0.9885 0.1170 0.0956
vn -0.9886 0.1171 0.0946
vn 0.9880 0.1309 0.0822
vn -0.9880 0.1309 0.0822
vn -0.9679 -0.2344 0.0907
vn 0.9678 -0.2344 0.0919
vn 0.9851 -0.1517 0.0813
vn -0.9852 -0.1517 0.0803
vn 0.9936 -0.1047 0.0427
vn -0.9936 -0.1047 0.0427
vn -0.6901 -0.7222 0.0460
vn 0.6908 -0.7215 0.0474
vn 0.7394 -0.6719 0.0429
vn -0.7218 -0.6914 0.0295
vn 0.8141 -0.5806 0.0061
vn -0.7780 -0.6282 -0.0064
vn 0.8491 -0.5283 -0.0015
vn -0.8136 -0.5815 -0.0009
vn 0.3259 -0.9446 -0.0403
vn 0.3248 -0.9458 -0.0021
vn 0.3834 -0.9234 -0.0169
vn -0.3380 -0.9405 -0.0338
vn 0.2039 -0.9756 -0.0818
vn 0.2071 -0.9781 -0.0185
vn -0.3338 -0.9425 -0.0172
vn -0.1258 -0.9315 -0.3413
vn -0.3747 -0.9266 -0.0309
vn -0.2038 -0.9771 -0.0610
vn -0.2243 -0.9743 -0.0228
vn 0.0751 -0.9314 -0.3561
vn 0.0140 -0.9983 -0.0574
vn 0.0177 -0.9995 -0.0274
vn 0.0109 -0.6880 -0.7257
vn -0.5755 -0.5849 0.5716
vn -0.5687 -0.5747 -0.5886
vn 0.0083 -0.6991 -0.7149
vn 0.0084 -0.7144 0.6997
vn 0.5749 -0.5674 -0.5896
vn 0.5874 -0.5831 0.5612
vn -0.3564 0.9313 -0.0753
vn 0.3794 0.9222 -0.0743
vn 0.0180 0.9831 -0.1821
vn 0.3795 0.9222 -0.0744
vn -0.7959 0.1974 0.5724
vn 0.9222 0.1424 0.3594
vn 0.7966 0.1949 0.5722
vn -0.9216 0.1428 0.3608
vn -0.7076 0.7002 0.0943
vn -0.5770 0.3238 0.7499
vn 0.3450 0.0350 0.9379
vn 0.0129 -0.4722 0.8814
vn 0.7134 0.6937 0.0992
vn 0.5743 0.3269 0.7506
vn -0.9762 0.0660 0.2064
vn -0.9433 0.1123 0.3123
vn 0.9917 0.0329 0.1242
vn 0.9756 0.0666 0.2091
vn -0.9924 0.0333 0.1186
vn 0.9988 -0.0231 0.0437
vn -0.9989 -0.0244 0.0409
vn 0.9946 -0.1039 0.0044
vn -0.9946 -0.1039 0.0044
vn 0.8523 -0.5230 -0.0017
vn -0.8219 -0.5697 -0.0019
vn 0.9431 0.1155 0.3119
vn -0.9299 0.0739 0.3604
vn 0.9299 0.0753 0.3601
vn 0.3986 0.8149 0.4209
vn -0.0236 0.9577 0.2867
vn 0.0020 0.8556 0.5177
vn 0.5415 0.6548 0.5273
vn -0.6718 0.6734 0.3086
vn -0.6200 0.6167 0.4851
vn -0.9106 0.0640 0.4084
vn -0.9106 0.0021 0.4132
vn -0.6728 -0.3140 0.6699
vn -0.6494 -0.6662 0.3666
vn -0.3386 0.0261 0.9406
vn -0.0284 -0.8902 0.4547
vn -0.0001 0.7756 0.6312
vn 0.6717 0.6734 0.3086
vn 0.0236 0.9577 0.2868
vn -0.0020 0.8538 0.5206
vn 0.6146 0.6125 0.4971
vn -0.3988 0.8146 0.4211
vn -0.5372 0.6503 0.5372
vn 0.3450 0.0349 0.9380
vn 0.0354 -0.8768 0.4795
vn 0.6670 -0.3034 0.6805
vn 0.6482 -0.6489 0.3985
vn 0.9103 0.0646 0.4088
vn 0.9007 0.0025 0.4344
vn -0.0236 0.9577 0.2868
vn 0.3986 0.8148 0.4209
vn 0.2031 0.9455 0.2544
vn -0.0598 0.9839 0.1685
vn -0.6717 0.6734 0.3086
vn -0.6935 0.7022 0.1612
vn -0.9481 0.1901 0.2548
vn -0.0002 0.7756 0.6312
vn -0.0000 0.9462 0.3235
vn 0.0236 0.9577 0.2867
vn 0.6717 0.6734 0.3087
vn 0.6935 0.7022 0.1612
vn 0.0598 0.9839 0.1685
vn -0.3988 0.8147 0.4211
vn -0.2032 0.9455 0.2545
vn 0.9480 0.1909 0.2547
vn 0.6718 0.6734 0.3086
vn -0.7853 0.1322 0.6048
vn 0.4387 0.4889 0.7540
vn 0.7848 0.1319 0.6055
vn -0.9995 0.0332 0.0001
vn -0.9976 0.0689 0.0002
vn 1.0000 0.0092 -0.0000
vn 0.9994 0.0357 0.0001
vn -1.0000 0.0092 -0.0000
vn 0.9993 -0.0380 -0.0001
vn -0.9993 -0.0380 -0.0001
vn 0.9944 -0.1055 -0.0003
vn -0.9944 -0.1055 -0.0003
vn 0.1882 -0.9821 -0.0032
vn -0.2271 -0.9739 -0.0032
vn 0.0101 -0.7044 0.7098
vn 0.0144 -0.9999 -0.0033
vn 0.9974 0.0722 0.0002
vn -0.9943 0.1070 0.0004
vn 0.9941 0.1084 0.0004
vn -0.6671 0.7435 0.0463
vn -0.9720 0.2349 0.0019
vn 0.9719 0.2356 0.0020
vn 0.6671 0.7436 0.0463
vn 0.7395 -0.5456 -0.3942
vn -0.7784 -0.4711 -0.4150
vn 0.2899 -0.6602 -0.6929
vn -0.4287 -0.4756 -0.7681
vn 0.1305 -0.7160 -0.6858
vn 0.4702 -0.8242 -0.3156
vn -0.2424 -0.6269 -0.7405
vn -0.4761 -0.8224 -0.3115
vn 0.0202 -0.0301 0.9993
vn -0.0203 -0.0301 0.9993
vn -0.0263 0.9047 0.4253
vn 0.1017 -0.0586 0.9931
vn -0.8180 0.5751 0.0047
vn -0.9728 0.2316 0.0008
vn 0.9726 0.2323 0.0008
vn 0.8180 0.5752 0.0047
vn 0.6302 0.7343 0.2522
vn 0.6078 0.7476 0.2677
vn -0.1017 -0.0586 0.9931
vn 0.0192 0.9011 0.4332
vn -0.9977 0.0336 -0.0586
vn -0.9959 0.0690 -0.0583
vn 0.9982 0.0095 -0.0590
vn 0.9976 0.0358 -0.0585
vn -0.9982 0.0091 -0.0590
vn 0.9968 -0.0556 -0.0575
vn -0.9968 -0.0557 -0.0575
vn 0.8538 -0.4430 0.2733
vn -0.8472 -0.4549 0.2746
vn -0.2493 -0.8337 -0.4927
vn 0.3806 -0.5642 -0.7327
vn 0.4851 -0.4675 0.7390
vn -0.1208 -0.8600 0.4959
vn -0.5344 -0.3183 -0.7830
vn 0.1629 -0.8135 -0.5583
vn 0.1100 -0.8661 0.4877
vn -0.4632 -0.4805 0.7447
vn 0.4859 -0.4113 -0.7712
vn 0.3024 -0.5982 0.7421
vn 0.8132 -0.2488 -0.5261
vn 0.6841 -0.4942 0.5364
vn -0.3992 -0.4980 0.7698
vn -0.6439 -0.1357 -0.7530
vn -0.8633 -0.1324 -0.4870
vn -0.7921 -0.3345 0.5105
vn 0.0144 -0.9933 -0.1143
vn 0.3476 -0.9275 0.1375
vn -0.3579 -0.9239 0.1351
vn 0.9957 0.0723 -0.0583
vn -0.9925 0.1073 -0.0587
vn 0.9924 0.1086 -0.0586
vn -0.8389 0.5409 -0.0599
vn -0.9718 0.2279 -0.0603
vn 0.9717 0.2286 -0.0602
vn 0.8389 0.5410 -0.0598
vn -0.6920 0.7191 -0.0639
vn -0.5848 0.8067 -0.0847
vn -0.4837 0.8308 -0.2753
vn -0.4899 0.5695 0.6600
vn 0.5118 0.5604 0.6512
vn 0.5017 0.8211 -0.2723
vn 0.5905 0.8071 0.0005
vn 0.4861 0.8513 -0.1974
vn -0.9883 0.0335 -0.1486
vn -0.9864 0.0692 -0.1488
vn 0.9887 0.0096 -0.1494
vn 0.9882 0.0361 -0.1485
vn -0.9887 0.0096 -0.1494
vn 0.9868 -0.0599 -0.1503
vn -0.9868 -0.0600 -0.1503
vn 0.9834 -0.1083 -0.1456
vn -0.9834 -0.1083 -0.1456
vn 0.4390 -0.5778 0.6880
vn 0.8502 -0.4814 -0.2131
vn -0.3779 -0.6362 0.6726
vn -0.8224 -0.5250 -0.2192
vn 0.4390 -0.5778 0.6881
vn -0.0276 -0.8612 0.5075
vn 0.3987 -0.8791 -0.2612
vn 0.8502 -0.4815 -0.2131
vn 0.1943 -0.9431 -0.2698
vn -0.3989 -0.8800 -0.2580
vn 0.0496 -0.8755 0.4807
vn -0.8224 -0.5250 -0.2193
vn -0.2313 -0.9343 -0.2713
vn 0.0139 -0.9598 -0.2805
vn 0.9862 0.0725 -0.1487
vn -0.9828 0.1073 -0.1503
vn 0.9827 0.1084 -0.1502
vn -0.7767 0.5921 -0.2148
vn -0.9563 0.2342 -0.1750
vn 0.9562 0.2349 -0.1747
vn 0.7768 0.5921 -0.2146
vn -0.6249 0.7475 -0.2252
vn -0.5534 0.7979 -0.2390
vn 0.6919 0.7191 -0.0639
vn 0.6249 0.7476 -0.2250
vn 0.5534 0.7979 -0.2388
vn 0.5849 0.8067 -0.0846
vn -0.2393 0.9658 -0.1000
vn -0.2134 0.9424 -0.2577
vn 0.2393 0.9658 -0.1000
vn 0.2134 0.9424 -0.2576
vn 0.5848 0.8067 -0.0846
vn -0.9840 0.0385 -0.1741
vn -0.9766 0.0956 -0.1925
vn 0.9853 0.0137 -0.1701
vn 0.9838 0.0409 -0.1743
vn -0.9854 0.0135 -0.1699
vn 0.9835 -0.0495 -0.1741
vn -0.9835 -0.0495 -0.1741
vn 0.9786 -0.0975 -0.1811
vn -0.9786 -0.0975 -0.1811
vn 0.8286 -0.4844 -0.2805
vn -0.7995 -0.5267 -0.2887
vn 0.3625 -0.8685 -0.3382
vn 0.8286 -0.4845 -0.2805
vn 0.1721 -0.9248 -0.3392
vn -0.3609 -0.8707 -0.3340
vn -0.7995 -0.5268 -0.2887
vn -0.2080 -0.9170 -0.3404
vn 0.0131 -0.9381 -0.3460
vn 0.9764 0.0983 -0.1925
vn -0.9617 0.1455 -0.2324
vn 0.9615 0.1468 -0.2321
vn -0.6907 0.6696 -0.2731
vn -0.9288 0.2566 -0.2675
vn 0.9286 0.2574 -0.2672
vn 0.6907 0.6697 -0.2729
vn -0.5286 0.7896 -0.3118
vn -0.4968 0.7705 -0.3995
vn 0.5286 0.7896 -0.3116
vn 0.4968 0.7706 -0.3993
vn -0.9794 0.0212 -0.2011
vn 0.9726 -0.0716 -0.2210
vn -0.9726 -0.0716 -0.2210
vn 0.9635 -0.1150 -0.2415
vn -0.9636 -0.1150 -0.2415
vn 0.8307 -0.4433 -0.3369
vn -0.8024 -0.4855 -0.3470
vn 0.3879 -0.8390 -0.3815
vn 0.1752 -0.9138 -0.3664
vn -0.8024 -0.4855 -0.3469
vn -0.3913 -0.8385 -0.3792
vn -0.2170 -0.9031 -0.3707
vn 0.0118 -0.9288 -0.3704
vn 0.9684 0.1356 -0.2091
vn 0.9781 0.0488 -0.2022
vn -0.9686 0.1338 -0.2093
vn -0.7047 0.6834 -0.1905
vn 0.9275 0.2851 -0.2420
vn 0.9471 0.2214 -0.2322
vn 0.7048 0.6834 -0.1902
vn -0.4453 0.8771 -0.1801
vn -0.2193 0.9316 -0.2897
vn 0.4453 0.8771 -0.1799
vn 0.9792 -0.1052 -0.1732
vn -0.9792 -0.1052 -0.1732
vn -0.9726 -0.0716 -0.2211
vn 0.5018 -0.8102 -0.3030
vn 0.3878 -0.8391 -0.3815
vn 0.2093 -0.9335 -0.2911
vn 0.5017 -0.8102 -0.3031
vn -0.5298 -0.7935 -0.2993
vn -0.2170 -0.9030 -0.3707
vn -0.2712 -0.9164 -0.2943
vn 0.0097 -0.9559 -0.2935
vn 0.9818 0.1426 -0.1256
vn -0.9819 0.1413 -0.1259
vn -0.9686 0.1338 -0.2094
vn -0.7909 0.6064 -0.0821
vn 0.7910 0.6064 -0.0818
vn -0.9988 0.0209 -0.0440
vn -0.9898 0.1382 -0.0346
vn 0.9988 0.0218 -0.0439
vn 0.9907 -0.1206 -0.0622
vn -0.9907 -0.1208 -0.0623
vn 0.9052 -0.4115 -0.1059
vn -0.8914 -0.4396 -0.1103
vn 0.5723 -0.8029 -0.1668
vn 0.2307 -0.9552 -0.1855
vn 0.5722 -0.8029 -0.1668
vn -0.6156 -0.7715 -0.1608
vn -0.3048 -0.9346 -0.1832
vn 0.0083 -0.9818 -0.1899
vn 0.9896 0.1393 -0.0345
vn -0.9508 0.3089 -0.0248
vn -0.8229 0.5678 -0.0189
vn 0.9506 0.3095 -0.0247
vn 0.8230 0.5678 -0.0188
vn -0.3704 0.9288 -0.0120
vn 0.3704 0.9288 -0.0120
vn -0.9982 0.0301 -0.0509
vn -0.9892 0.1401 -0.0429
vn 0.9991 0.0073 -0.0426
vn 0.9890 -0.1339 -0.0629
vn -0.9910 -0.1163 -0.0660
vn 0.8982 -0.4265 -0.1063
vn -0.8874 -0.4474 -0.1109
vn 0.5599 -0.8123 -0.1635
vn 0.2218 -0.9583 -0.1800
vn 0.5598 -0.8123 -0.1635
vn -0.6013 -0.7832 -0.1581
vn -0.2939 -0.9391 -0.1781
vn 0.0083 -0.9829 -0.1841
vn 0.9931 0.1137 -0.0270
vn -0.9541 0.2979 -0.0308
vn -0.8158 0.5779 -0.0230
vn 0.9496 0.3132 -0.0112
vn 0.7834 0.6214 -0.0109
vn -0.3522 0.9357 -0.0190
vn 0.3279 0.9446 -0.0164
vn -0.9970 0.0375 -0.0674
vn -0.9917 0.1147 -0.0572
vn 0.9977 -0.0140 -0.0670
vn 0.9871 -0.1383 -0.0802
vn -0.9924 -0.0938 -0.0800
vn 0.8744 -0.4697 -0.1218
vn -0.9012 -0.4173 -0.1172
vn 0.5194 -0.8383 -0.1659
vn 0.2343 -0.9567 -0.1728
vn -0.6200 -0.7690 -0.1553
vn -0.3020 -0.9381 -0.1696
vn 0.0161 -0.9846 -0.1743
vn 0.9972 0.0496 -0.0567
vn -0.9750 0.2184 -0.0408
vn -0.9050 0.4139 0.0981
vn 0.9727 0.2290 -0.0384
vn 0.8987 0.4318 0.0771
vn -0.3387 0.8805 0.3316
vn 0.3678 0.8768 0.3099
vn -0.9979 0.0120 -0.0633
vn -0.9976 0.0449 -0.0519
vn 0.9843 -0.0547 -0.1681
vn 0.9728 -0.1420 -0.1832
vn -0.9955 -0.0649 -0.0691
vn 0.0412 -0.9846 -0.1699
vn 0.9879 -0.0244 -0.1534
vn -0.6557 0.7268 0.2047
vn -0.2030 0.9331 0.2970
vn -0.2822 0.9585 -0.0403
vn -0.8300 0.5575 -0.0172
vn 0.3712 0.8942 0.2503
vn 0.8207 0.5627 0.0990
vn 0.8873 0.4443 -0.1235
vn 0.3382 0.9376 -0.0812
vn 0.3381 0.9376 -0.0812
vn -0.8525 -0.3116 -0.4196
vn -0.8733 -0.2937 -0.3887
vn 0.5941 -0.4973 -0.6323
vn 0.6453 -0.4345 -0.6284
vn -0.7915 -0.3960 -0.4655
vn -0.0211 -0.8737 -0.4860
vn 0.6744 -0.4145 -0.6111
vn -0.2965 0.8650 -0.4048
vn -0.7944 0.5605 -0.2341
vn 0.7209 0.5270 -0.4500
vn 0.2549 0.8415 -0.4764
vn -0.9050 0.4139 0.0982
vn -0.3387 0.8805 0.3317
vn -0.2149 0.7251 0.6543
vn -0.8553 0.3797 0.3525
vn -0.9992 -0.0326 -0.0246
vn 0.3677 0.8768 0.3099
vn 0.8987 0.4317 0.0772
vn 0.9282 0.2825 0.2423
vn 0.3748 0.6907 0.6185
vn 0.9879 -0.0861 -0.1291
vn 0.3678 0.8767 0.3100
vn 0.3747 0.6907 0.6185
vn -0.9272 -0.2351 -0.2915
vn 0.7821 -0.3452 -0.5187
vn 0.6742 -0.4392 -0.5938
vn -0.1239 0.7869 0.6045
vn -0.7578 0.5449 0.3588
vn -0.9970 0.0752 -0.0173
vn 0.8988 0.3893 0.2016
vn 0.3587 0.7531 0.5515
vn 0.9910 -0.0085 -0.1338
vn 0.3586 0.7532 0.5515
vn -0.3254 -0.5728 -0.7523
vn -0.9514 0.0804 -0.2972
vn -0.4137 0.1224 -0.9021
vn 0.6705 0.1437 -0.7279
vn -0.1510 -0.6420 -0.7517
vn -0.2578 -0.5970 -0.7597
vn -0.2292 -0.6048 -0.7626
vn 0.6744 -0.4144 -0.6111
vn -0.0192 0.9011 0.4332
vn 0.0192 0.9011 0.4333
vn -0.1018 -0.0586 0.9931
vn -0.0203 -0.0302 0.9993
vn 0.0202 -0.0302 0.9993
vn 0.3320 0.7915 0.5131
vn 0.7093 0.5291 0.4657
vn -0.0000 0.8588 0.5123
vn -0.3320 0.7915 0.5131
vn -0.7093 0.5291 0.4657
vn -0.8953 0.2291 0.3820
vn 0.8953 0.2291 0.3820
vn -0.9286 0.0275 0.3700
vn 0.9286 0.0275 0.3700
vn 0.6001 -0.7159 0.3568
vn -0.6001 -0.7159 0.3568
vn 0.0011 -0.9800 0.1992
vn -0.0018 -0.9799 0.1995
vn -0.6002 -0.7159 0.3567
vn -0.0007 -0.9807 0.1954
vn -0.0000 0.8588 0.5124
vn -0.0000 0.7371 0.6758
vn 0.8082 0.5472 0.2179
vn 0.7391 -0.4536 0.4980
vn -0.7391 -0.4536 0.4980
vn 0.0637 -0.7290 0.6816
vn -0.0639 -0.7290 0.6816
vn -0.0002 -0.7289 0.6846
vn -0.0000 0.7372 0.6757
vn -0.2416 0.8233 0.5136
vn 0.8082 0.5471 0.2179
vn 0.6453 -0.4344 -0.6284
vn -0.2145 -0.6046 -0.7671
vn -0.4750 0.8572 -0.1989
vn -0.4437 0.6285 -0.6389
vn -0.4690 0.8289 0.3049
vn 0.4702 0.8284 0.3045
vn 0.4514 0.6257 -0.6362
vn -0.5686 -0.5747 -0.5886
vn -0.1258 -0.9315 -0.3414
vn 0.0109 -0.6880 -0.7256
vn 0.0101 -0.7044 0.7097
vn 0.5748 -0.5674 -0.5896
vn -0.0170 -0.9700 0.2426
vn 0.0750 -0.9314 -0.3562
vn 0.7396 -0.5456 -0.3941
vn 0.2899 -0.6602 -0.6928
vn 0.3807 -0.5642 -0.7327
vn -0.2493 -0.8337 -0.4928
vn 0.8538 -0.4431 0.2733
vn 0.4859 -0.4114 -0.7712
vn -0.0275 -0.8613 0.5074
vn 0.4702 -0.8242 -0.3157
vn -0.4288 -0.4756 -0.7680
vn -0.7784 -0.4710 -0.4150
vn -0.5344 -0.3184 -0.7830
vn -0.8471 -0.4550 0.2746
vn 0.1100 -0.8661 0.4876
vn -0.2425 -0.6269 -0.7404
vn -0.6439 -0.1356 -0.7530
vn 0.0495 -0.8755 0.4806
vn -0.3991 -0.4980 0.7698
vn -0.7922 -0.3344 0.5104
vn -0.2090 0.9670 -0.1457
vn -0.8933 0.4380 -0.1011
vn -0.6593 0.3841 0.6464
vn -0.1543 0.7745 0.6135
vn -0.7481 -0.3943 -0.5338
vn -0.6678 -0.2528 0.7001
vn -0.1735 -0.6565 0.7341
vn 0.4515 -0.5230 0.7229
vn 0.7365 0.0470 0.6748
vn 0.5230 0.5884 -0.6167
vn 0.4669 0.6245 0.6261
vn 0.6423 0.4195 -0.6414
vn 0.6202 -0.1464 -0.7707
vn -0.1670 -0.2194 -0.9613
vn -0.1339 0.6260 -0.7682
vn 0.6822 -0.6017 -0.4154
vn -0.0743 -0.8996 -0.4304
vn 0.7817 -0.6036 0.1569
vn 0.0743 -0.9024 0.4245
vn 0.8437 -0.1507 0.5152
vn 0.1670 -0.2257 0.9598
vn 0.8216 0.4160 0.3897
vn 0.1339 0.6210 0.7723
vn 0.7320 0.6698 -0.1250
vn 0.6424 0.4194 -0.6414
vn 0.7372 -0.1947 0.6470
vn 0.6075 0.6998 0.3758
vn 0.2185 0.8890 0.4025
vn 0.2336 -0.2728 0.9333
vn 0.1192 -0.5596 -0.8202
vn 0.2055 0.5526 -0.8077
vn 0.6359 0.4358 -0.6370
vn 0.5892 -0.4554 -0.6674
vn 0.7317 -0.6692 -0.1296
vn 0.7807 0.6142 -0.1152
vn 0.7876 0.6141 0.0516
vn 0.7215 -0.6809 0.1260
vn 0.2054 0.9619 -0.1805
vn 0.2252 0.9741 0.0218
vn 0.7215 -0.6808 0.1261
vn 0.0668 -0.9894 0.1286
vn 0.0538 -0.9803 -0.1898
vn 0.2055 0.5526 -0.8078
vn 0.5892 -0.4554 -0.6675
vn -0.5799 -0.5904 0.5614
vn 0.1481 -0.7250 0.6726
vn 0.1481 0.7206 0.6773
vn -0.5799 0.5867 0.5652
vn 0.2553 0.6929 -0.6743
vn -0.5020 0.6041 -0.6189
vn 0.2553 -0.6885 -0.6788
vn -0.5020 -0.6001 -0.6228
vn -0.5020 -0.6000 -0.6229
vn 0.2554 -0.6885 -0.6788
vn 0.7291 -0.5229 0.4416
vn 0.7464 -0.4720 -0.4692
vn 0.7464 0.4750 -0.4661
vn 0.7291 0.5200 0.4450
vn -0.5021 -0.6001 -0.6228
vn -0.7071 0.7071 0.0088
vn -0.7071 -0.7071 0.0042
vn -0.5900 -0.5889 -0.5523
vn -0.5905 0.5917 -0.5488
vn 0.7071 -0.7071 0.0042
vn 0.5929 -0.5871 -0.5512
vn 0.7071 0.7071 0.0089
vn 0.5934 0.5898 -0.5477
vn -0.7071 0.7070 0.0088
vn -0.5906 0.5917 -0.5488
vn -0.6312 0.5473 -0.5496
vn -0.6312 -0.5438 -0.5531
vn -0.8234 -0.4528 0.3421
vn -0.8234 0.4506 0.3450
vn -0.5450 -0.6301 -0.5531
vn 0.5451 -0.6301 -0.5530
vn 0.4502 -0.8275 0.3356
vn -0.4502 -0.8274 0.3357
vn 0.6364 -0.5400 -0.5507
vn 0.6364 0.5437 -0.5471
vn 0.8232 0.4484 0.3482
vn 0.8232 -0.4507 0.3452
vn 0.5460 0.6322 -0.5497
vn -0.5461 0.6322 -0.5496
vn -0.4497 0.8280 0.3349
vn 0.4497 0.8280 0.3350
vn -0.6597 0.6636 0.3527
vn -0.6600 -0.6641 0.3514
vn 0.6603 -0.6628 0.3531
vn 0.6601 0.6623 0.3544
vn -0.6598 0.6636 0.3526
vn -0.5460 0.6323 -0.5496
vn 0.5461 0.6322 -0.5496
vn -0.4497 0.8280 0.3350
vn -0.5461 0.6322 -0.5497
vn 0.6601 0.6623 0.3543
vn 0.4497 0.8280 0.3349
vn 0.6365 0.5437 -0.5471
vn 0.6365 -0.5401 -0.5507
vn 0.6603 -0.6629 0.3530
vn 0.8232 -0.4506 0.3452
vn -0.5900 -0.5888 -0.5524
vn 0.5929 -0.5870 -0.5512
vn 0.5450 -0.6301 -0.5531
vn -0.5450 -0.6302 -0.5531
vn 0.4502 -0.8274 0.3357
vn -0.4502 -0.8275 0.3356
vn -0.6312 -0.5437 -0.5531
vn -0.6313 0.5473 -0.5495
vn -0.8233 -0.4529 0.3421
vn -0.8233 0.4506 0.3450
vn 0.9005 0.3514 -0.2563
vn 0.5057 0.7031 -0.4999
vn 0.5028 0.7613 0.4093
vn 0.9211 0.3650 0.1356
vn -0.8272 0.2435 -0.5063
vn -0.9265 -0.2741 -0.2580
vn -0.9490 -0.2857 0.1335
vn -0.8682 0.2829 0.4077
vn -0.1804 -0.9478 -0.2628
vn -0.1853 -0.9702 0.1560
vn 0.7306 -0.6306 -0.2621
vn 0.7477 -0.6453 0.1568
vn 0.1309 0.7439 0.6553
vn 0.6973 0.2635 0.6666
vn -0.8681 0.2828 0.4078
vn -0.5618 0.5008 0.6585
vn -0.7091 -0.2286 0.6670
vn -0.1384 -0.7202 0.6798
vn 0.5548 -0.4788 0.6804
vn -0.8273 0.2434 -0.5064
vn -0.6062 -0.3511 -0.7136
vn 0.6958 0.1202 -0.7081
vn -0.8272 0.2435 -0.5064
vn -0.8681 0.2829 0.4078
vn -0.6543 -0.2902 0.6984
vn -0.6062 -0.3510 -0.7137
vn 0.6828 0.1954 0.7041
vn 0.5793 -0.7954 0.1784
vn 0.3611 -0.8118 0.4589
vn -0.6114 -0.6511 0.4497
vn -0.6172 -0.7057 -0.3478
vn 0.2900 -0.8897 -0.3527
vn 0.5639 -0.8216 -0.0842
vn 0.4955 -0.5918 0.6359
vn -0.5865 -0.4917 0.6436
vn 0.7924 -0.2901 0.5366
vn 0.5813 -0.3129 0.7511
vn -0.5713 -0.2664 0.7763
vn 0.8189 -0.1465 0.5550
vn 0.6033 -0.1595 0.7814
vn -0.5613 -0.1374 0.8161
vn -0.6863 -0.5977 0.4144
vn -0.6825 -0.6984 0.2155
vn -0.6825 -0.6969 -0.2201
vn -0.6798 -0.6577 -0.3246
vn -0.6907 -0.4380 0.5754
vn -0.6945 -0.2328 0.6808
vn -0.6914 -0.1198 0.7124
vn -0.6810 -0.7323 -0.0024
vn -0.0000 -0.8213 0.5704
vn -0.0000 -0.9554 0.2954
vn -0.0000 -0.9534 -0.3016
vn -0.0000 -0.8967 -0.4426
vn -0.0000 -0.6050 0.7962
vn -0.0000 -0.3229 0.9464
vn -0.0000 -0.1659 0.9861
vn -0.0000 -1.0000 -0.0033
vn -0.3611 -0.8118 0.4589
vn -0.5793 -0.7954 0.1784
vn 0.6114 -0.6511 0.4497
vn -0.2900 -0.8897 -0.3527
vn 0.6172 -0.7057 -0.3478
vn -0.5639 -0.8216 -0.0842
vn -0.5793 -0.7953 0.1784
vn -0.4955 -0.5918 0.6359
vn -0.7247 -0.6107 0.3191
vn 0.5865 -0.4917 0.6436
vn -0.5639 -0.8215 -0.0842
vn -0.7465 -0.6654 0.0095
vn -0.5813 -0.3129 0.7511
vn -0.7924 -0.2901 0.5366
vn 0.5713 -0.2664 0.7763
vn -0.6033 -0.1595 0.7814
vn -0.8189 -0.1465 0.5550
vn 0.5613 -0.1374 0.8161
vn 0.6825 -0.6984 0.2155
vn 0.6863 -0.5977 0.4144
vn 0.6798 -0.6577 -0.3246
vn 0.6826 -0.6969 -0.2201
vn 0.6907 -0.4380 0.5754
vn 0.6945 -0.2328 0.6808
vn 0.6914 -0.1198 0.7124
vn 0.6810 -0.7323 -0.0024
vn -0.2560 -0.4259 0.8678
vn 0.2560 -0.4259 0.8678
vn 0.2758 0.4629 0.8424
vn -0.2758 0.4629 0.8424
vn -0.6287 0.7700 0.1088
vn 0.7893 0.6110 0.0608
vn 0.8090 0.5853 -0.0544
vn -0.6414 0.7657 -0.0485
vn -0.6865 -0.3137 -0.6560
vn 0.6880 -0.3074 -0.6574
vn 0.4544 -0.7965 -0.3990
vn -0.4544 -0.7965 -0.3990
vn 0.6992 -0.7104 -0.0805
vn -0.6992 -0.7104 -0.0805
vn 0.7025 -0.7098 0.0514
vn 0.6991 -0.7105 -0.0805
vn 0.9979 -0.0436 -0.0479
vn 0.9946 -0.0003 0.1035
vn -0.4544 -0.7964 -0.3991
vn -0.6991 -0.7105 -0.0805
vn -0.9977 -0.0484 -0.0473
vn -0.6864 -0.3137 -0.6561
vn -0.7026 -0.7098 0.0513
vn 0.7026 -0.7098 0.0514
vn 0.5602 -0.7070 0.4315
vn -0.5602 -0.7071 0.4315
vn 0.7235 0.2817 0.6302
vn 0.5602 -0.7071 0.4315
vn -0.5948 0.5781 0.5585
vn 0.7193 0.6227 0.3080
vn -0.9946 -0.0505 0.0901
vn -0.7025 -0.7098 0.0514
vn -0.7400 0.2312 0.6316
vn 0.2561 -0.4259 0.8678
vn -0.7400 0.2313 0.6315
vn -0.2759 0.4629 0.8424
vn 0.2757 0.4629 0.8424
vn 0.9985 -0.0467 -0.0296
vn -0.6776 -0.0981 -0.7288
vn 0.6829 -0.0289 -0.7300
vn -0.9879 -0.1517 -0.0315
vn -0.6776 -0.0981 -0.7289
vn -0.6473 -0.4011 0.6482
vn -0.9861 -0.1439 0.0835
vn 0.8167 -0.2533 0.5185
vn 0.8167 -0.2532 0.5185
vn 0.9997 -0.0199 -0.0121
vn -0.6936 -0.0899 -0.7147
vn 0.6824 0.0131 -0.7309
vn -0.6936 -0.0899 -0.7148
vn -0.8638 -0.2170 0.4547
vn -0.9848 -0.1331 0.1119
vn -0.2575 -0.5867 0.7678
vn 0.4120 -0.6328 0.6556
vn 0.6752 -0.0289 0.7370
vn -0.4080 -0.2298 0.8836
vn 0.9894 0.0373 0.1403
vn 0.4121 -0.6327 0.6556
vn 0.6752 -0.0289 0.7371
vn 0.4122 -0.6327 0.6556
vn -0.3162 0.3066 0.8978
vn 0.4573 0.4951 0.7387
vn -0.4080 -0.2299 0.8836
vn -0.3162 0.3065 0.8978
vn 0.7892 0.6111 0.0608
vn 0.4574 0.4951 0.7387
vn -0.8638 -0.2170 0.4548
vn 0.4544 -0.7965 -0.3989
vn 0.6879 -0.3075 -0.6574
vn 0.6828 -0.0289 -0.7300
vn 0.6823 0.0132 -0.7309
vn 0.5364 0.7026 -0.4675
vn -0.7071 -0.0023 0.7071
vn 0.7071 -0.0023 0.7071
vn 0.5774 0.5754 0.5792
vn -0.5774 0.5754 0.5792
vn 0.7007 0.7042 -0.1147
vn -0.7007 0.7042 -0.1147
vn -0.2964 0.2643 -0.9178
vn 0.2964 0.2643 -0.9178
vn 0.2963 -0.2593 -0.9192
vn -0.2963 -0.2593 -0.9192
vn 0.7071 -0.0026 0.7071
vn 0.9861 -0.0230 -0.1648
vn 0.7006 0.7043 -0.1147
vn 0.5774 0.5754 0.5793
vn -0.9861 -0.0230 -0.1648
vn -0.5774 0.5755 0.5792
vn -0.7006 0.7043 -0.1147
vn 0.5919 0.6781 -0.4357
vn -0.5919 0.6781 -0.4357
vn 0.7956 -0.1417 -0.5890
vn 0.5919 0.6782 -0.4356
vn -0.5918 0.6782 -0.4356
vn -0.7956 -0.1417 -0.5891
vn 0.2964 0.2643 -0.9177
vn -0.2963 0.2643 -0.9178
vn 0.5000 0.0029 -0.8660
vn -0.5000 0.0028 -0.8660
vn -0.3743 0.6651 -0.6462
vn 0.3744 0.6651 -0.6462
vn -1.0000 -0.0000 -0.0000
vn -0.7487 0.6630 0.0021
vn -0.5000 -0.0028 0.8660
vn -0.3743 0.6608 0.6505
vn 0.5000 -0.0028 0.8660
vn 0.3743 0.6608 0.6505
vn 1.0000 -0.0000 -0.0000
vn 0.7487 0.6630 0.0022
vn 0.3743 0.6651 -0.6462
vn 0.4241 0.5939 -0.6837
vn -0.7211 0.5495 -0.4220
vn 0.4241 0.5938 -0.6837
vn -0.8697 -0.2543 0.4229
vn -0.8698 -0.2543 0.4229
vn 0.1836 -0.7066 0.6834
vn 0.9832 -0.1824 -0.0006
vn 0.4240 0.5939 -0.6837
vn -0.6875 -0.4192 0.5930
vn 0.6875 -0.4192 0.5930
vn 0.5214 0.7231 0.4530
vn -0.5214 0.7231 0.4531
vn -0.5213 0.7231 0.4532
vn 0.5214 0.7231 0.4531
vn 0.4801 0.7785 -0.4042
vn -0.4801 0.7786 -0.4042
vn 0.7331 -0.2749 -0.6221
vn -0.7331 -0.2749 -0.6221
vn -0.4801 0.7786 -0.4041
vn 0.6367 0.5933 -0.4927
vn -0.5280 0.5502 -0.6469
vn 0.6367 0.5932 -0.4927
vn -0.9629 -0.2532 0.0929
vn -0.0672 -0.7067 0.7043
vn 0.9214 -0.1836 0.3424
vn 0.6366 0.5933 -0.4927
vn 0.6366 0.5932 -0.4927
vn 0.6333 -0.0645 -0.7712
vn -0.5404 -0.0620 -0.8391
vn -0.9672 0.0262 0.2527
vn -0.9672 0.0262 0.2526
vn -0.0574 0.0782 0.9953
vn 0.9317 0.0221 0.3625
vn 0.6332 -0.0645 -0.7713
vn 0.0444 0.2340 0.9712
vn 0.0920 0.2523 0.9633
vn 0.2721 0.9038 0.3303
vn 0.2502 0.8847 0.3932
vn 0.2502 0.8847 0.3933
vn 0.2721 0.9038 0.3302
vn 0.3228 0.9024 -0.2856
vn 0.3933 0.8764 -0.2777
vn 0.4613 0.5452 -0.7000
vn 0.4569 -0.1352 -0.8792
vn 0.3360 -0.8622 -0.3792
vn 0.1165 -0.8747 -0.4704
vn -0.0530 -0.9698 0.2382
vn 0.1440 -0.9592 0.2434
vn 0.6349 0.0597 0.7703
vn 0.7134 0.6495 0.2630
vn -0.0271 -0.6543 0.7557
vn -0.8157 -0.5574 0.1545
vn 0.2800 0.9220 0.2675
vn 0.1043 -0.6367 0.7640
vn -0.9272 -0.2475 -0.2811
vn 0.4613 0.5453 -0.6999
vn -0.6345 -0.0077 -0.7729
vn -0.4513 0.5351 -0.7141
vn 0.5893 0.4886 -0.6434
vn 0.6399 -0.0062 -0.7684
vn 0.2774 0.9228 0.2675
vn 0.2774 0.9228 0.2676
vn 0.6776 -0.7116 0.1860
vn 0.9160 -0.2536 -0.3110
vn -0.9023 -0.2600 -0.3439
vn -0.8020 -0.5790 0.1469
vn 0.4749 0.6900 -0.5462
vn -0.5872 -0.0437 -0.8083
vn -0.4246 0.4807 -0.7672
vn 0.5641 0.4445 -0.6958
vn 0.5963 -0.0416 -0.8017
vn 0.3248 0.8916 0.3154
vn 0.2996 0.9132 -0.2764
vn 0.3249 0.8916 0.3154
vn 0.6746 -0.7133 0.1897
vn 0.8956 -0.2507 -0.3675
vn -0.7787 -0.6100 0.1470
vn 0.2311 0.3338 -0.9139
vn 0.2809 -0.2923 0.9142
vn -0.3266 -0.3867 0.8625
vn 0.7135 0.6495 0.2630
vn 0.8255 0.5339 -0.1829
vn -0.7051 -0.7089 0.0150
vn -0.5635 -0.5252 -0.6377
vn 0.6173 -0.5007 -0.6068
vn 0.7107 -0.7030 -0.0255
vn -0.5596 -0.5814 0.5906
vn 0.5481 -0.6158 0.5660
vn -0.7786 -0.6100 0.1469
vn -0.5635 -0.5253 -0.6376
vn -0.7051 -0.7090 0.0150
vn -0.3321 -0.2777 0.9015
vn -0.6944 0.0166 0.7194
vn 0.2629 -0.2803 0.9232
vn 0.7281 0.0150 0.6854
vn 0.7281 0.0150 0.6853
vn -0.2822 -0.2858 0.9158
vn -0.6847 -0.0252 0.7284
vn 0.2809 -0.2923 0.9141
vn 0.7356 -0.0231 0.6770
vn -0.6848 -0.0252 0.7283
vn 0.7356 -0.0232 0.6770
vn -0.9939 -0.0014 -0.1100
vn -0.9995 -0.0169 0.0263
vn 0.6420 0.0033 -0.7667
vn -0.6370 0.0015 -0.7708
vn 0.9995 -0.0165 0.0256
vn 0.9946 0.0001 -0.1037
vn -0.6766 -0.2483 0.6933
vn 0.6731 -0.2494 0.6962
vn -0.6766 -0.2483 0.6932
vn 0.6732 -0.2494 0.6962
vn -0.9846 -0.0032 -0.1746
vn -0.9993 -0.0234 0.0283
vn 0.5966 -0.0253 -0.8022
vn -0.5874 -0.0278 -0.8088
vn 0.9994 -0.0236 0.0268
vn 0.9863 -0.0007 -0.1650
vn -0.6604 -0.3022 0.6874
vn 0.6784 -0.2962 0.6724
vn -0.6605 -0.3022 0.6873
vn 0.6784 -0.2962 0.6723
vn -0.4245 0.4807 -0.7673
vn -0.5871 -0.0438 -0.8083
vn -0.5874 -0.0278 -0.8089
vn -0.0812 0.5794 -0.8110
vn -0.4513 0.5351 -0.7142
vn -0.6370 0.0015 -0.7709
vn 0.3253 0.8068 -0.4931
vn -0.3393 0.8010 -0.4932
vn -0.3822 0.8997 0.2106
vn 0.3664 0.9063 0.2107
vn -0.6199 0.2529 -0.7428
vn -0.9070 0.3658 0.2089
vn -0.6154 -0.2587 -0.7445
vn -0.9004 -0.3829 0.2064
vn -0.3253 -0.8036 -0.4984
vn -0.3665 -0.9076 0.2047
vn -0.3253 -0.8035 -0.4985
vn 0.3393 -0.7978 -0.4984
vn 0.3822 -0.9011 0.2047
vn -0.3664 -0.9076 0.2047
vn 0.6199 -0.2480 -0.7445
vn 0.9070 -0.3671 0.2065
vn 0.6154 0.2636 -0.7428
vn 0.9004 0.3815 0.2090
vn -0.3810 0.8968 0.2250
vn 0.3653 0.9033 0.2250
vn -0.9040 0.3645 0.2233
vn -0.8975 -0.3817 0.2208
vn -0.3653 -0.9048 0.2191
vn 0.3810 -0.8983 0.2191
vn -0.3652 -0.9048 0.2191
vn 0.9040 -0.3660 0.2209
vn 0.8975 0.3802 0.2233
vn 0.8975 0.3803 0.2233
vn -0.3810 0.8968 0.2249
vn -0.3437 0.8080 0.4786
vn 0.3294 0.8139 0.4786
vn -0.9040 0.3645 0.2232
vn -0.6292 0.2518 0.7354
vn -0.6246 -0.2676 0.7337
vn -0.3294 -0.8170 0.4733
vn 0.3436 -0.8111 0.4733
vn -0.3295 -0.8170 0.4733
vn 0.9040 -0.3660 0.2208
vn 0.6292 -0.2566 0.7337
vn 0.6246 0.2628 0.7354
vn 0.3253 0.8068 -0.4932
vn 0.6154 0.2637 -0.7428
vn -0.6199 0.2528 -0.7428
vn -0.3394 0.8010 -0.4932
vn 0.3394 -0.7977 -0.4984
vn -0.3253 -0.8036 -0.4985
vn -0.6154 -0.2588 -0.7445
vn -0.3436 0.8080 0.4786
vn -0.6292 0.2519 0.7353
vn 0.6247 0.2627 0.7353
vn 0.3295 0.8138 0.4786
vn -0.6247 -0.2675 0.7336
vn 0.6292 -0.2567 0.7337
vn -0.5773 -0.5793 0.5755
vn 0.5774 -0.5792 0.5755
vn 0.5773 0.5792 -0.5755
vn -0.5773 0.5792 -0.5755
vn 0.5773 -0.5755 -0.5792
vn -0.5774 -0.5754 -0.5792
vn 0.5773 -0.5792 0.5755
vn -0.5774 -0.5792 0.5754
vn 0.5773 -0.5793 0.5754
vn 0.5773 -0.5754 -0.5793
vn -0.5774 -0.5755 -0.5792
vn -0.5773 -0.5792 0.5755
vn 0.4330 0.7516 -0.4975
vn -0.4330 0.7516 -0.4975
vn -0.4330 0.7484 0.5025
vn 0.4330 0.7484 0.5025
vn -0.6546 0.0025 -0.7559
vn -0.6546 -0.0025 0.7559
vn -0.4330 -0.7483 -0.5025
vn -0.4330 -0.7516 0.4975
vn 0.4330 -0.7484 -0.5025
vn 0.4330 -0.7516 0.4975
vn 0.6547 0.0025 -0.7559
vn 0.6547 -0.0024 0.7559
vn 0.6547 0.0024 -0.7559
vn 0.6547 -0.0025 0.7559
vn -0.6547 -0.0024 0.7559
vn 0.4330 0.7483 0.5025
vn -0.4330 -0.7516 0.4976
vn 0.4330 -0.7516 0.4976
vn 0.4330 0.7516 -0.4976
vn -0.6547 0.0024 -0.7559
vn -0.4330 0.7516 -0.4976
vn 0.4330 -0.7483 -0.5025
vn -0.4330 -0.7484 -0.5025
vn -0.5774 -0.5792 0.5755
vn -0.0444 0.2340 0.9712
vn -0.2503 0.8847 0.3933
vn -0.2721 0.9038 0.3303
vn -0.0920 0.2523 0.9633
vn -0.3933 0.8764 -0.2777
vn -0.3228 0.9024 -0.2856
vn -0.2721 0.9038 0.3302
vn -0.4613 0.5452 -0.7000
vn -0.4569 -0.1352 -0.8792
vn -0.3363 -0.8621 -0.3792
vn -0.1440 -0.9592 0.2434
vn 0.0530 -0.9698 0.2382
vn -0.1165 -0.8747 -0.4704
vn -0.7134 0.6495 0.2630
vn 0.0271 -0.6543 0.7557
vn 0.8157 -0.5574 0.1545
vn -0.2800 0.9220 0.2675
vn -0.1042 -0.6367 0.7640
vn -0.4613 0.5453 -0.6999
vn 0.6345 -0.0077 -0.7729
vn -0.6399 -0.0062 -0.7684
vn -0.5893 0.4886 -0.6434
vn 0.4514 0.5351 -0.7141
vn -0.2774 0.9228 0.2675
vn -0.2774 0.9228 0.2676
vn 0.9023 -0.2600 -0.3440
vn -0.9160 -0.2537 -0.3109
vn -0.4748 0.6900 -0.5463
vn 0.5872 -0.0437 -0.8083
vn -0.5963 -0.0416 -0.8017
vn -0.5641 0.4445 -0.6958
vn 0.4246 0.4807 -0.7672
vn -0.2996 0.9132 -0.2764
vn -0.3249 0.8916 0.3154
vn -0.6746 -0.7133 0.1898
vn 0.7787 -0.6100 0.1469
vn -0.8956 -0.2507 -0.3676
vn -0.2311 0.3338 -0.9139
vn -0.2809 -0.2923 0.9141
vn -0.8255 0.5339 -0.1829
vn -0.7135 0.6495 0.2630
vn 0.7051 -0.7089 0.0150
vn -0.7107 -0.7030 -0.0255
vn -0.6173 -0.5007 -0.6068
vn 0.5635 -0.5252 -0.6376
vn 0.5595 -0.5814 0.5907
vn -0.5481 -0.6158 0.5660
vn 0.7786 -0.6100 0.1469
vn 0.7051 -0.7090 0.0150
vn 0.5635 -0.5251 -0.6377
vn 0.3062 -0.3998 -0.8639
vn 0.5635 -0.5252 -0.6377
vn 0.3321 -0.2776 0.9015
vn 0.6944 0.0166 0.7194
vn -0.7281 0.0150 0.6854
vn -0.2629 -0.2803 0.9232
vn -0.7281 0.0150 0.6853
vn 0.6944 0.0165 0.7194
vn 0.2823 -0.2857 0.9158
vn 0.6847 -0.0251 0.7284
vn -0.7356 -0.0232 0.6770
vn 0.6848 -0.0252 0.7283
vn 0.9995 -0.0169 0.0263
vn 0.9939 -0.0014 -0.1100
vn 0.6370 0.0015 -0.7708
vn -0.6420 0.0033 -0.7667
vn -0.9946 0.0001 -0.1037
vn -0.9995 -0.0165 0.0256
vn 0.6766 -0.2482 0.6933
vn -0.6731 -0.2495 0.6962
vn -0.6732 -0.2494 0.6962
vn 0.6766 -0.2483 0.6932
vn 0.9993 -0.0234 0.0283
vn 0.9846 -0.0031 -0.1746
vn 0.5874 -0.0278 -0.8088
vn -0.5966 -0.0253 -0.8022
vn -0.9863 -0.0007 -0.1650
vn -0.9994 -0.0236 0.0268
vn 0.6604 -0.3022 0.6874
vn -0.6784 -0.2962 0.6724
vn -0.6784 -0.2962 0.6723
vn 0.6605 -0.3022 0.6873
vn 0.5871 -0.0438 -0.8083
vn 0.4246 0.4808 -0.7672
vn -0.4173 0.5132 -0.7499
vn 0.4245 0.4807 -0.7672
vn -0.5642 0.4445 -0.6958
vn 0.4513 0.5351 -0.7142
vn 0.0812 0.5794 -0.8110
vn -0.4749 0.6900 -0.5462
vn -0.5894 0.4886 -0.6433
vn 0.6370 0.0015 -0.7709
vn 0.5774 -0.5754 -0.5792
vn -0.5773 -0.5755 -0.5792
vn 0.5774 -0.5754 -0.5793
vn 0.6546 -0.0025 0.7559
vn 0.6546 0.0025 -0.7559
vn -0.6547 0.0025 -0.7559
vn -0.6547 -0.0025 0.7559
vn 0.5774 -0.5755 -0.5792
vn 0.5774 -0.5793 0.5754
vn 0.2091 0.9670 -0.1457
vn 0.1543 0.7745 0.6135
vn 0.6593 0.3841 0.6464
vn 0.8933 0.4380 -0.1011
vn 0.6678 -0.2528 0.7001
vn 0.7481 -0.3943 -0.5338
vn 0.1735 -0.6565 0.7341
vn -0.4515 -0.5230 0.7229
vn -0.7365 0.0470 0.6748
vn -0.4669 0.6245 0.6261
vn -0.5230 0.5884 -0.6167
vn 0.5799 -0.5903 0.5614
vn 0.5799 0.5867 0.5652
vn -0.1481 0.7206 0.6773
vn -0.1481 -0.7250 0.6726
vn 0.5020 0.6041 -0.6189
vn -0.2553 0.6929 -0.6743
vn 0.5020 -0.6001 -0.6228
vn -0.2553 -0.6885 -0.6788
vn 0.5021 -0.6000 -0.6228
vn -0.2554 -0.6885 -0.6788
vn -0.7291 -0.5229 0.4417
vn -0.7291 0.5200 0.4450
vn -0.7464 0.4750 -0.4661
vn -0.7464 -0.4720 -0.4692
vn 0.5799 -0.5904 0.5614
vn -0.7291 -0.5229 0.4416
vn -0.7464 -0.4720 -0.4691
vn -0.6424 0.4194 -0.6414
vn 0.1339 0.6260 -0.7682
vn 0.1670 -0.2194 -0.9613
vn -0.6202 -0.1464 -0.7707
vn 0.0743 -0.8996 -0.4304
vn -0.0743 -0.9024 0.4245
vn -0.7817 -0.6036 0.1569
vn -0.1670 -0.2257 0.9598
vn -0.1339 0.6210 0.7723
vn -0.8216 0.4160 0.3897
vn -0.7320 0.6698 -0.1250
vn -0.6423 0.4194 -0.6415
vn 0.3295 0.8139 0.4786
vn 0.3252 0.8068 -0.4932
vn 0.6247 0.2627 0.7354
vn 0.6292 -0.2567 0.7336
vn -0.3253 0.8068 -0.4931
vn -0.3664 0.9063 0.2107
vn 0.3822 0.8997 0.2106
vn 0.3394 0.8010 -0.4932
vn 0.9070 0.3658 0.2089
vn 0.6199 0.2528 -0.7428
vn 0.9004 -0.3829 0.2064
vn 0.6154 -0.2588 -0.7445
vn 0.3665 -0.9076 0.2047
vn 0.3253 -0.8035 -0.4985
vn 0.3254 -0.8035 -0.4984
vn 0.3664 -0.9076 0.2047
vn -0.3822 -0.9011 0.2047
vn -0.3393 -0.7978 -0.4984
vn -0.9070 -0.3671 0.2065
vn -0.6199 -0.2480 -0.7445
vn -0.9004 0.3815 0.2090
vn -0.6154 0.2637 -0.7428
vn -0.3653 0.9033 0.2250
vn 0.3810 0.8968 0.2250
vn 0.9040 0.3645 0.2233
vn 0.8975 -0.3817 0.2208
vn 0.3653 -0.9048 0.2191
vn 0.3652 -0.9048 0.2191
vn -0.3810 -0.8982 0.2191
vn -0.9040 -0.3660 0.2209
vn -0.8975 0.3802 0.2233
vn -0.8975 0.3803 0.2233
vn -0.3295 0.8139 0.4786
vn 0.3437 0.8080 0.4786
vn 0.3810 0.8968 0.2249
vn 0.6292 0.2518 0.7354
vn 0.9040 0.3645 0.2232
vn 0.6246 -0.2676 0.7337
vn 0.3294 -0.8170 0.4733
vn 0.3295 -0.8170 0.4733
vn -0.3436 -0.8111 0.4733
vn -0.3810 -0.8983 0.2191
vn -0.6292 -0.2566 0.7337
vn -0.9040 -0.3660 0.2208
vn -0.6246 0.2628 0.7354
vn -0.3254 0.8068 -0.4932
vn 0.3393 0.8010 -0.4932
vn 0.6199 0.2529 -0.7428
vn -0.6155 0.2636 -0.7428
vn -0.6199 -0.2481 -0.7445
vn 0.6155 -0.2587 -0.7445
vn 0.3254 -0.8035 -0.4985
vn -0.3294 0.8139 0.4786
vn -0.6247 0.2628 0.7353
vn 0.6293 0.2518 0.7353
vn 0.6247 -0.2676 0.7336
vn -0.3437 -0.8111 0.4733
vn -0.3394 -0.7978 -0.4984
vn -0.6293 -0.2566 0.7336
vn 0.5000 0.8660 -0.0010
vn -0.5000 0.8660 -0.0010
vn -0.3273 0.5678 0.7553
vn 0.3273 0.5678 0.7553
vn -0.6546 0.0009 0.7559
vn -0.5000 -0.8660 0.0010
vn -0.3273 -0.5660 0.7566
vn 0.5000 -0.8660 0.0011
vn 0.3274 -0.5660 0.7566
vn 0.6546 0.0009 0.7559
vn -0.4330 0.7506 0.4991
vn 0.4330 0.7506 0.4991
vn -0.6546 0.0009 0.7560
vn -0.5000 -0.8660 0.0011
vn -0.4330 -0.7494 0.5009
vn 0.5000 -0.8660 0.0010
vn 0.4330 -0.7494 0.5009
vn 0.6546 0.0009 0.7560
vn -0.4331 -0.7494 0.5009
vn -0.7345 -0.0241 -0.6782
vn -0.7345 -0.4966 -0.4625
vn -0.7345 0.4625 -0.4966
vn -0.7345 0.6782 -0.0241
vn -0.7345 0.4966 0.4625
vn -0.7345 0.0241 0.6782
vn -0.7345 -0.4625 0.4966
vn -0.7345 -0.6782 0.0241
vn 0.7345 -0.4967 -0.4625
vn 0.7345 -0.0242 -0.6782
vn 0.7345 0.4625 -0.4967
vn 0.7345 0.6782 -0.0242
vn 0.7345 0.4967 0.4625
vn 0.7345 0.0242 0.6782
vn 0.7345 -0.4625 0.4967
vn 0.7345 -0.6782 0.0242
vn -0.3274 -0.7756 -0.5397
vn 0.3274 -0.7756 -0.5397
vn -0.0000 -0.9994 0.0356
vn -0.6547 -0.7554 0.0269
vn -0.3273 -0.7756 -0.5397
vn -0.3273 -0.7353 0.5935
vn 0.3274 -0.7353 0.5935
vn -0.3274 -0.7353 0.5935
vn 0.6547 -0.7554 0.0269
vn 0.3271 -0.7352 0.5936
vn 0.3273 -0.7756 -0.5397
vn 0.5000 -0.0308 -0.8655
vn -0.5000 -0.0308 -0.8655
vn -0.5000 -0.0309 -0.8655
vn -0.5000 0.0308 0.8655
vn 0.5000 0.0308 0.8655
vn -0.5000 0.0309 0.8655
vn 0.5000 0.0310 0.8655
vn 0.5000 0.0309 0.8655
vn 1.0000 0.0002 -0.0000
vn 0.5000 -0.0309 -0.8655
vn -0.0000 0.2750 -0.9614
vn -0.0000 -0.8294 -0.5586
vn -0.0002 -0.8294 -0.5586
vn -0.0000 -0.7876 0.6162
vn -0.0002 -0.7876 0.6162
vn -0.0000 0.3427 0.9395
vn -0.0000 0.9994 -0.0356
vn -0.0000 0.2750 -0.9615
vn -0.5774 -0.1710 0.7984
vn 0.5774 -0.1709 0.7984
vn 0.5773 0.7984 0.1709
vn -0.5773 -0.1710 0.7984
vn 0.5774 0.7984 0.1710
vn -0.5774 0.7984 0.1710
vn 0.5774 0.7984 0.1709
vn 0.5869 0.8079 0.0535
vn -0.5773 0.7984 0.1710
vn 0.5870 0.8078 0.0535
vn -0.5870 0.8078 0.0535
vn -0.5774 0.1710 -0.7984
vn 0.5774 0.1709 -0.7984
vn 0.5773 -0.7984 -0.1710
vn -0.5773 0.1710 -0.7984
vn 0.5774 -0.7984 -0.1710
vn -0.5774 -0.7984 -0.1710
vn -0.5870 -0.2821 0.7589
vn 0.5870 -0.2821 0.7589
vn 0.5773 -0.1710 0.7984
vn -0.5869 -0.2820 0.7589
vn 0.5774 -0.1710 0.7984
vn 0.5869 -0.2820 0.7589
vn 0.5869 0.8079 0.0534
vn -0.5869 -0.2821 0.7589
vn -0.5774 -0.1709 0.7984
vn -0.5774 0.7984 0.1709
vn -0.5869 0.8079 0.0535
vn 0.5870 0.8078 0.0534
vn -0.5870 0.8078 0.0534
vn 0.5870 0.8079 0.0534
vn 0.5869 -0.2821 0.7589
vn 0.5870 -0.2820 0.7589
vn -0.5870 0.8079 0.0534
vn -0.5869 0.8079 0.0534
vn 0.6343 0.4104 -0.6552
vn 0.6343 0.4105 -0.6551
vn -0.6343 0.4104 -0.6552
vn 0.6342 -0.7658 0.1062
vn 0.6342 0.4105 -0.6552
vn -0.6343 -0.7658 0.1061
vn -0.6343 -0.7658 0.1062
vn 0.6343 -0.7658 0.1062
vn -0.6342 0.4105 -0.6552
vn -0.6342 0.4105 -0.6551
vn -0.6342 -0.7658 0.1061
vn -0.6343 0.4105 -0.6551
vn 0.6342 0.4106 -0.6551
vn 0.6342 0.4105 -0.6551
vn 0.6343 -0.7658 0.1063
vn -0.6342 -0.7658 0.1062
vn 0.5774 0.1710 -0.7984
vn 0.5773 0.1709 -0.7984
vn 0.5774 -0.7984 -0.1711
vn -0.5773 -0.7984 -0.1710
vn 0.5774 -0.7984 -0.1709
vn -0.5774 0.1709 -0.7984
vn -0.5774 -0.7984 -0.1709
vn -0.7345 -0.4966 -0.4624
vn -0.7345 -0.0242 -0.6781
vn 0.7345 -0.0241 -0.6782
vn 0.7345 -0.4966 -0.4625
vn -0.7345 0.4624 -0.4966
vn 0.7345 0.4625 -0.4966
vn -0.7345 0.6781 -0.0242
vn 0.7345 0.6782 -0.0241
vn -0.7345 0.4966 0.4624
vn 0.7345 0.4966 0.4625
vn -0.7345 0.4967 0.4624
vn -0.7345 0.0242 0.6781
vn 0.7345 0.0241 0.6781
vn -0.7345 -0.4624 0.4966
vn 0.7345 -0.4625 0.4966
vn -0.7345 -0.6781 0.0242
vn 0.7345 -0.6781 0.0243
vn 0.7345 -0.4966 -0.4624
vn 0.7345 -0.0242 -0.6781
vn -0.7345 0.4626 -0.4965
vn 0.7345 0.4624 -0.4966
vn 0.7345 0.0242 0.6781
vn 0.7345 -0.4624 0.4966
vn 0.7345 -0.6781 0.0242
vn -0.4348 -0.7259 0.5330
vn 0.4302 -0.7261 0.5364
vn 0.6187 -0.7656 0.1763
vn -0.6209 -0.7645 0.1734
vn -0.6210 0.3594 0.6966
vn 0.6187 0.3579 0.6994
vn 0.4302 0.0569 0.9009
vn -0.6209 0.3594 0.6966
vn 0.4302 0.0568 0.9009
vn -0.4348 0.0593 0.8986
vn 0.6186 0.3579 0.6994
vn 0.6186 -0.7656 0.1763
vn 0.4302 0.0568 0.9010
vn -0.6209 0.3594 0.6967
vn -0.6208 -0.7645 0.1733
vn -0.7209 -0.6446 -0.2546
vn 0.6807 -0.7276 -0.0846
vn 0.6807 -0.7276 -0.0845
vn -0.7209 -0.6446 -0.2545
vn 0.6807 -0.7277 -0.0846
vn -0.6806 0.7279 0.0840
vn 0.7209 0.6448 0.2540
vn 0.7209 0.6448 0.2541
vn -0.6806 0.7278 0.0841
vn 0.7209 0.6449 0.2540
vn 0.7208 0.6449 0.2541
vn 0.6807 -0.7277 -0.0845
vn -0.6805 0.7279 0.0840
vn -0.6805 0.7279 0.0841
vn -0.7208 -0.6447 -0.2546
vn -0.7209 -0.6447 -0.2545
vn -0.7208 -0.6446 -0.2546
vn 0.7214 -0.6432 -0.2569
vn 0.7214 -0.6431 -0.2569
vn -0.6796 -0.7289 -0.0827
vn -0.6796 -0.7289 -0.0826
vn 0.6795 0.7291 0.0821
vn 0.6794 0.7291 0.0821
vn -0.7214 0.6434 0.2563
vn 0.6794 0.7291 0.0820
vn -0.7214 0.6434 0.2562
vn -0.7213 0.6434 0.2563
vn -0.6796 -0.7290 -0.0827
vn -0.6796 -0.7289 -0.0828
vn -0.7213 0.6434 0.2564
vn 0.6794 0.7292 0.0821
vn 0.7213 -0.6432 -0.2570
vn 0.7213 -0.6432 -0.2569
vn 0.7071 -0.6410 -0.2985
vn 0.7071 -0.6410 -0.2984
vn -0.7071 -0.6410 -0.2985
vn 0.7071 0.6411 0.2984
vn 0.7071 0.6410 0.2985
vn -0.7071 0.6410 0.2984
vn 0.6186 0.3578 0.6995
vn -0.7071 0.6410 0.2985
vn 0.7071 0.6410 0.2984
vn -0.6209 0.3593 0.6967
vn -0.6209 -0.7645 0.1733
vn -0.7071 0.6411 0.2984
vn -0.6546 -0.7555 0.0269
vn 0.3273 -0.7353 0.5935
vn 0.6546 -0.7555 0.0269
vn -0.5773 -0.8118 -0.0874
vn 0.5774 -0.8118 -0.0873
vn 0.5774 -0.0873 0.8118
vn -0.5774 -0.8118 -0.0873
vn 0.5773 -0.0873 0.8119
vn -0.5774 -0.0873 0.8118
vn 0.7071 0.4437 0.5505
vn -0.5773 -0.0873 0.8118
vn 0.7071 0.4436 0.5506
vn -0.7071 0.4436 0.5506
vn -0.7071 -0.4437 -0.5506
vn 0.7071 -0.4437 -0.5506
vn 0.5773 -0.8118 -0.0873
vn -0.7071 -0.4436 -0.5506
vn -0.5774 -0.8118 -0.0874
vn 0.5774 -0.8118 -0.0874
vn 0.7071 -0.4439 -0.5504
vn 0.7071 0.4437 0.5506
vn 0.7071 0.4436 0.5507
vn 0.5774 -0.0874 0.8118
vn 0.2160 -0.8150 -0.5377
vn 0.7271 -0.4062 -0.5534
vn 0.6235 -0.7813 0.0278
vn -0.0388 -0.9986 0.0356
vn 0.2160 -0.7746 0.5944
vn 0.7272 -0.3658 0.5809
vn 0.9835 -0.1810 0.0064
vn -0.7323 0.0315 -0.6802
vn -0.7687 -0.4396 -0.4646
vn -0.9971 0.0757 -0.0027
vn -0.6960 0.5168 -0.4985
vn -0.6809 0.7319 -0.0260
vn -0.6960 0.5508 0.4606
vn -0.7324 0.0797 0.6762
vn -0.7687 -0.4056 0.4946
vn -0.7838 -0.6207 0.0220
vn 0.6960 -0.5509 -0.4605
vn 0.7323 -0.0798 -0.6762
vn 0.9971 -0.0757 0.0027
vn 0.7687 0.4055 -0.4947
vn 0.7838 0.6207 -0.0222
vn 0.7687 0.4397 0.4645
vn 0.7324 -0.0314 0.6802
vn 0.6960 -0.5167 0.4986
vn 0.6810 -0.7318 0.0261
vn 0.7272 -0.4062 -0.5534
vn -0.3898 -0.3439 -0.8543
vn 0.3897 0.2822 -0.8766
vn -0.7794 -0.6261 0.0223
vn 0.2161 -0.7747 0.5943
vn -0.3898 -0.2823 0.8766
vn 0.7272 -0.3659 0.5809
vn 0.3897 0.3439 0.8543
vn 0.9834 -0.1811 0.0065
vn 0.7794 0.6261 -0.0223
vn -0.2652 0.3317 -0.9054
vn -0.5564 -0.7051 -0.4397
vn -0.0774 -0.7675 0.6364
vn 0.5068 0.2291 0.8311
vn 0.3921 0.9117 -0.1224
vn 0.3921 0.9117 -0.1223
vn -0.2651 0.3317 -0.9054
vn 0.1791 0.3155 -0.9319
vn -0.3651 -0.6806 -0.6351
vn -0.3652 -0.6807 -0.6351
vn -0.4048 -0.7362 0.5424
vn -0.4048 -0.7361 0.5425
vn 0.1141 0.2241 0.9679
vn 0.4767 0.8772 0.0567
vn 0.4767 0.8772 0.0568
vn 0.1791 0.3154 -0.9319
vn 0.3909 0.2808 -0.8766
vn -0.3909 -0.3424 -0.8544
vn 0.3909 0.2807 -0.8766
vn -0.7818 -0.6231 0.0222
vn -0.3909 -0.2807 0.8766
vn -0.3909 -0.2808 0.8766
vn 0.3909 0.3424 0.8544
vn 0.7818 0.6231 -0.0222
vn -0.7688 -0.4396 -0.4645
vn -0.7324 0.0316 -0.6801
vn 0.7324 -0.0797 -0.6762
vn 0.6961 -0.5507 -0.4607
vn -0.6961 0.5166 -0.4985
vn 0.7687 0.4055 -0.4946
vn -0.6960 0.5166 -0.4986
vn -0.6810 0.7318 -0.0261
vn 0.7838 0.6206 -0.0221
vn 0.7688 0.4055 -0.4946
vn -0.6961 0.5508 0.4605
vn 0.7688 0.4396 0.4645
vn -0.7324 0.0799 0.6762
vn 0.7324 -0.0315 0.6801
vn -0.7688 -0.4054 0.4946
vn 0.6961 -0.5166 0.4986
vn -0.7838 -0.6206 0.0221
vn 0.6810 -0.7318 0.0260
vn -0.6467 0.6871 0.3312
vn -0.1690 0.8117 0.5591
vn -0.0201 0.8051 -0.5928
vn -0.5794 0.7242 -0.3741
vn 0.3932 0.5611 0.7284
vn 0.3330 0.7304 -0.5963
vn 0.8072 -0.1542 0.5698
vn 0.8291 0.0574 -0.5562
vn 0.2173 -0.9756 -0.0311
vn 0.2174 -0.9756 -0.0311
vn -0.2013 -0.9783 -0.0487
vn -0.7363 -0.6742 -0.0576
vn -0.8576 -0.5114 -0.0550
vn -0.7848 0.4338 0.4426
vn -0.4521 0.3493 0.8207
vn -0.2191 0.2989 -0.9288
vn -0.7123 0.4057 -0.5727
vn -0.1806 0.1201 0.9762
vn -0.2538 0.3662 -0.8953
vn 0.4408 -0.5616 0.7002
vn 0.3983 -0.3797 -0.8350
vn 0.7273 0.3671 -0.5799
vn 0.6235 0.7813 -0.0279
vn 0.2149 0.7742 -0.5954
vn 0.9829 0.1843 -0.0066
vn 0.7274 0.4074 0.5523
vn 0.2149 0.8145 0.5388
vn -0.0421 0.9985 -0.0355
vn -0.7324 -0.0798 -0.6762
vn -0.9971 -0.0757 0.0027
vn -0.6960 -0.5509 -0.4605
vn -0.7687 0.4055 -0.4946
vn -0.7838 0.6206 -0.0222
vn -0.7687 0.4397 0.4645
vn -0.7324 -0.0314 0.6802
vn -0.6960 -0.5167 0.4986
vn -0.6810 -0.7318 0.0261
vn 0.7687 -0.4396 -0.4645
vn 0.9971 0.0757 -0.0027
vn 0.7324 0.0315 -0.6802
vn 0.6960 0.5167 -0.4985
vn 0.6810 0.7318 -0.0260
vn 0.6960 0.5508 0.4606
vn 0.7324 0.0797 0.6762
vn 0.7687 -0.4055 0.4946
vn 0.7838 -0.6206 0.0220
vn -0.7272 -0.3658 0.5809
vn -0.1424 0.1494 0.9785
vn -0.6100 -0.0060 0.7924
vn -0.3897 0.3438 0.8544
vn -0.7444 0.5655 -0.3550
vn -0.9672 0.2538 -0.0091
vn -0.1416 0.0806 -0.9866
vn -0.6100 -0.0624 -0.7899
vn 0.5928 -0.4984 -0.6326
vn 0.0998 -0.6349 -0.7662
vn 0.7665 -0.5382 0.3505
vn 0.4525 -0.8912 0.0318
vn 0.7794 -0.6261 0.0224
vn 0.0356 -0.9988 0.0330
vn -0.5576 0.6972 0.4505
vn -0.5611 0.5143 0.6485
vn -0.5091 0.8364 0.2030
vn -0.5577 0.6972 0.4505
vn -0.2396 0.8797 -0.4108
vn 0.0974 0.5793 -0.8093
vn 0.5600 -0.5017 -0.6593
vn 0.3963 0.0754 -0.9150
vn 0.2696 -0.8927 0.3612
vn 0.4852 -0.8658 -0.1220
vn 0.3855 -0.9125 0.1370
vn -0.3610 0.6732 0.6454
vn -0.2642 0.4979 0.8260
vn -0.4353 0.8061 0.4009
vn -0.3610 0.6731 0.6454
vn -0.4619 0.8451 -0.2692
vn -0.3077 0.5542 -0.7734
vn 0.2576 -0.4858 -0.8353
vn -0.0454 0.0687 -0.9966
vn 0.4683 -0.8579 0.2115
vn 0.4511 -0.8341 -0.3174
vn 0.4772 -0.8779 -0.0407
vn -0.3908 0.3424 0.8544
vn -0.5502 0.5488 0.6293
vn -0.0925 0.2166 0.9719
vn -0.3909 0.3423 0.8544
vn -0.7711 0.5295 -0.3535
vn -0.7653 0.5607 0.3161
vn -0.2652 -0.0279 -0.9638
vn -0.6383 0.3904 -0.6635
vn 0.4306 -0.0036 -0.9025
vn 0.6249 -0.1027 -0.7739
vn 0.7223 -0.5906 0.3599
vn 0.7951 -0.5230 -0.3071
vn 0.7818 -0.6232 0.0223
vn 0.7818 -0.6231 0.0223
vn 0.3404 0.7013 0.6263
vn -0.3897 0.0031 0.9209
vn 0.3897 0.0623 0.9188
vn -0.4390 0.6421 0.6285
vn -0.7324 -0.0315 0.6802
vn 0.7324 0.0798 0.6762
vn 0.7838 -0.6206 0.0222
vn -0.3200 -0.9468 0.0337
vn 0.4594 -0.8876 0.0316
vn -0.6810 -0.7319 0.0260
vn -0.3404 -0.7014 -0.6263
vn 0.4390 -0.6421 -0.6284
vn -0.3897 -0.0624 -0.9188
vn 0.3897 -0.0032 -0.9209
vn -0.4390 0.5958 -0.6725
vn 0.3404 0.6550 -0.6746
vn -0.4594 0.8877 -0.0316
vn 0.3200 0.9468 -0.0337
vn 0.5968 0.6768 0.4309
vn 0.5613 0.7301 -0.3898
vn -0.0171 0.7978 -0.6027
vn 0.0161 0.7230 0.6907
vn -0.3552 0.7187 -0.5978
vn -0.4604 0.4886 0.7412
vn -0.8208 0.0711 -0.5668
vn -0.8039 -0.1444 0.5769
vn -0.1981 -0.9796 -0.0327
vn 0.2587 -0.9649 -0.0453
vn 0.7558 -0.6530 -0.0493
vn 0.8366 -0.5457 -0.0491
vn 0.8365 -0.5457 -0.0491
vn 0.2599 0.1684 0.9508
vn 0.7218 0.3744 0.5820
vn 0.6935 0.4108 -0.5919
vn 0.2127 0.3018 -0.9293
vn 0.1057 0.0368 0.9937
vn 0.2473 0.3696 -0.8956
vn -0.4319 -0.5694 0.6995
vn -0.3935 -0.3894 -0.8328
vn -0.7774 -0.5720 0.2617
vn -0.7774 0.0721 0.6248
vn -0.7774 -0.4256 -0.4631
vn -0.7774 0.3089 -0.5479
vn -0.7774 0.6165 0.1245
vn 0.7774 0.0722 0.6248
vn 0.7774 -0.5719 0.2617
vn 0.7774 -0.4257 -0.4631
vn 0.7774 0.3089 -0.5479
vn 0.7774 0.6166 0.1244
vn -1.0000 -0.0000 -0.0053
vn -0.8366 0.5099 0.2002
vn -0.8380 -0.5224 0.1573
vn -0.8375 -0.4208 0.3487
vn -1.0000 0.0045 0.0026
vn -0.8370 0.1131 -0.5354
vn -0.8376 -0.0929 -0.5384
vn -1.0000 -0.0046 0.0027
vn -0.8368 0.4085 0.3646
vn 0.8290 0.5130 0.2227
vn 0.9993 -0.0002 0.0375
vn 0.8312 -0.5262 0.1795
vn 0.8299 -0.4416 0.3410
vn 0.9993 -0.0316 -0.0186
vn 0.8297 0.0964 -0.5498
vn 0.8301 -0.0748 -0.5526
vn 0.9993 0.0329 -0.0193
vn 0.8299 0.4296 0.3560
vn 0.5089 0.6800 -0.5278
vn -0.1943 0.6310 -0.7510
vn -0.0000 0.9767 -0.2145
vn 0.5088 0.8386 0.1944
vn -0.1944 0.8876 0.4175
vn -0.6290 0.7593 -0.1668
vn -0.1944 -0.8876 -0.4175
vn 0.5088 -0.8386 -0.1944
vn -0.0000 -0.9767 0.2145
vn 0.5089 -0.6800 0.5278
vn -0.1943 -0.6310 0.7510
vn -0.6290 -0.7593 0.1668
vn 0.5089 0.0784 0.8573
vn -0.1943 0.2928 0.9362
vn -0.0000 -0.3454 0.9384
vn 0.5088 -0.6155 0.6018
vn -0.1944 -0.8299 0.5229
vn -0.6290 -0.2685 0.7296
vn -0.1944 0.8299 -0.5229
vn 0.5088 0.6155 -0.6018
vn -0.0000 0.3454 -0.9384
vn 0.5089 -0.0784 -0.8573
vn -0.1943 -0.2928 -0.9362
vn -0.6290 0.2685 -0.7296
vn 0.5089 -0.7975 -0.3242
vn -0.1943 -0.9661 -0.1699
vn -0.0000 -0.6749 -0.7379
vn 0.5088 -0.2519 -0.8232
vn -0.1944 -0.0833 -0.9774
vn -0.6290 -0.5247 -0.5736
vn -0.1944 0.0833 0.9774
vn 0.5089 0.2518 0.8232
vn -0.0000 0.6749 0.7379
vn 0.5089 0.7975 0.3242
vn -0.1943 0.9661 0.1699
vn -0.6290 0.5247 0.5736
vn -0.7774 -0.5719 0.2617
vn 0.7774 -0.5720 0.2616
vn 0.7774 -0.4257 -0.4630
vn -0.7774 0.6165 0.1244
vn 0.7774 0.6165 0.1243
vn -0.5210 0.5901 0.6168
vn -0.7142 0.0154 0.6998
vn 0.6832 0.0145 0.7301
vn 0.5014 0.5828 0.6395
vn -0.5433 -0.6014 0.5858
vn 0.5233 -0.5951 0.6099
vn 0.8312 -0.5261 0.1795
vn -0.5052 -0.8131 0.2892
vn -0.7247 -0.6120 -0.3168
vn 0.6939 -0.6380 -0.3338
vn 0.4876 -0.8298 0.2714
vn -0.5199 -0.1801 -0.8350
vn 0.5013 -0.2028 -0.8412
vn 0.8297 0.0963 -0.5498
vn -0.5237 0.2121 -0.8251
vn -0.7121 0.5701 -0.4098
vn 0.6808 0.5979 -0.4231
vn 0.5041 0.2367 -0.8306
vn -0.5565 0.8171 0.1507
vn 0.5348 0.8343 0.1338
vn -0.8366 0.5099 0.2001
vn -0.5209 0.5901 0.6168
vn 0.6831 0.0144 0.7302
vn 0.5015 0.5827 0.6395
vn -0.7246 -0.6121 -0.3167
vn 0.6939 -0.6381 -0.3336
vn -0.7120 0.5701 -0.4098
vn 0.5042 0.2367 -0.8305
vn 0.6807 0.5980 -0.4230
vn 0.5348 0.8343 0.1339
vn 0.0002 0.1147 0.9934
vn -0.0000 -0.9093 0.4161
vn -0.0000 0.1147 0.9934
vn -0.0000 -0.6767 -0.7362
vn -0.0000 0.4911 -0.8711
vn -0.0000 0.9802 0.1979
vn -0.0000 0.1148 0.9934
vn -0.0000 0.4910 -0.8711
vn -0.0000 0.9802 0.1978
vn 0.0003 0.4910 -0.8711
vn -0.0000 -0.6767 -0.7363
vn -0.1944 0.6311 -0.7510
vn 0.5089 0.6801 -0.5278
vn 0.5088 -0.6800 0.5278
vn 0.5089 0.8386 0.1944
vn -0.1943 -0.6311 0.7510
vn -0.3090 -0.2040 -0.9289
vn 0.8090 -0.1261 -0.5741
vn 0.8090 0.1260 0.5741
vn 0.8090 0.1261 0.5741
vn -0.3090 0.2040 0.9289
vn -0.5774 0.6877 0.4401
vn -0.5773 -0.4401 0.6877
vn 0.5773 -0.4401 0.6877
vn 0.5772 0.6878 0.4402
vn 0.5772 -0.6878 -0.4402
vn 0.5773 0.4401 -0.6877
vn -0.5774 -0.6878 -0.4400
vn -0.5773 0.4401 -0.6877
vn -0.5774 -0.4400 0.6878
vn -0.5774 0.6878 0.4400
vn -0.5774 -0.4401 0.6877
vn -0.5773 -0.6877 -0.4401
vn 0.5774 -0.6877 -0.4401
vn 0.5773 -0.4401 0.6878
vn -0.5774 0.4401 -0.6877
vn -0.5773 0.6878 0.4401
vn 0.5774 0.6877 0.4400
vn 0.5773 0.4401 -0.6878
vn -0.7009 0.3608 0.6152
vn -0.5645 -0.4236 0.7084
vn 0.5645 -0.4236 0.7084
vn 0.7009 0.3607 0.6153
vn 0.5886 -0.6946 -0.4135
vn 0.7300 -0.1373 -0.6696
vn -0.5887 -0.6946 -0.4135
vn -0.7300 -0.1372 -0.6695
vn -0.7299 -0.1373 -0.6696
vn -0.5886 -0.6947 -0.4134
vn -0.5645 -0.4235 0.7084
vn -0.7009 0.3607 0.6154
vn -0.5646 -0.4236 0.7084
vn -0.5886 -0.6946 -0.4136
vn -0.5843 0.4702 -0.6614
vn -0.4756 0.8468 0.2382
vn 0.4756 0.8469 0.2381
vn 0.5843 0.4702 -0.6615
vn -0.5843 0.4702 -0.6615
vn 0.4756 0.8468 0.2381
vn -0.4756 0.8468 0.2381
vn -0.5842 0.4703 -0.6615
vn 0.5843 0.4702 -0.6614
vn -0.1944 0.2928 0.9362
vn 0.5087 0.6156 -0.6018
vn -0.1945 0.8299 -0.5230
vn 0.5088 -0.6155 0.6019
vn 0.5088 -0.0784 -0.8573
vn 0.5089 -0.6155 0.6019
vn -0.1943 -0.8299 0.5230
vn -0.1944 -0.2928 -0.9362
vn -0.6290 -0.2686 0.7296
vn -0.3090 0.8925 0.3285
vn 0.8090 0.5516 0.2030
vn 0.8090 -0.5516 -0.2031
vn 0.8090 -0.5516 -0.2033
vn -0.3090 -0.8925 -0.3285
vn 0.8090 -0.5516 -0.2030
vn -0.5774 -0.7412 0.3423
vn -0.5773 -0.3424 -0.7413
vn 0.5773 -0.3424 -0.7413
vn 0.5774 -0.7411 0.3424
vn 0.5773 0.7413 -0.3424
vn 0.5773 0.3424 0.7413
vn -0.5773 0.7413 -0.3424
vn -0.5773 0.3424 0.7413
vn -0.5774 -0.3424 -0.7412
vn -0.5774 -0.7412 0.3424
vn -0.5774 -0.3423 -0.7412
vn 0.5774 0.7412 -0.3424
vn -0.5774 0.3423 0.7412
vn -0.5773 -0.7413 0.3424
vn 0.5774 -0.7412 0.3424
vn -0.7009 -0.7127 -0.0275
vn -0.5645 -0.3687 -0.7385
vn 0.5645 -0.3687 -0.7385
vn 0.7009 -0.7127 -0.0275
vn 0.5886 0.7226 -0.3625
vn 0.7300 0.6381 0.2450
vn -0.5887 0.7225 -0.3625
vn -0.7300 0.6380 0.2450
vn -0.7299 0.6381 0.2450
vn -0.5886 0.7225 -0.3626
vn -0.7009 -0.7128 -0.0275
vn -0.5646 -0.3687 -0.7385
vn -0.5886 0.7226 -0.3625
vn -0.5843 0.3040 0.7525
vn -0.4756 -0.6568 0.5852
vn 0.4756 -0.6567 0.5853
vn 0.5843 0.3040 0.7525
vn -0.5843 0.3041 0.7525
vn 0.4756 -0.6567 0.5852
vn -0.4756 -0.6567 0.5852
vn -0.5842 0.3040 0.7525
vn 0.5843 0.3040 0.7524
vn -0.1941 -0.9661 -0.1699
vn 0.5089 0.2520 0.8231
vn -0.1943 0.0833 0.9774
vn 0.5088 0.7975 0.3241
vn 0.5089 -0.2519 -0.8232
vn -0.1943 0.9661 0.1700
vn -0.6290 -0.5247 -0.5737
vn -0.6290 0.5246 0.5738
vn -0.3090 -0.7018 0.6419
vn 0.8090 -0.4337 0.3967
vn 0.8090 0.4338 -0.3967
vn 0.8090 0.4337 -0.3967
vn -0.3090 0.7018 -0.6419
vn -0.5774 0.0364 -0.8157
vn -0.5773 0.8157 0.0364
vn 0.5773 0.8157 0.0364
vn 0.5774 0.0363 -0.8156
vn 0.5773 -0.0363 0.8157
vn 0.5773 -0.8157 -0.0364
vn -0.5773 -0.0363 0.8157
vn -0.5773 -0.8157 -0.0364
vn -0.5774 0.8157 0.0363
vn -0.5774 0.0363 -0.8157
vn -0.5774 0.8157 0.0364
vn -0.5773 -0.0364 0.8157
vn 0.5774 -0.0363 0.8157
vn 0.5773 0.8157 0.0363
vn -0.5774 -0.8157 -0.0364
vn -0.5773 0.0364 -0.8157
vn 0.5774 0.0363 -0.8157
vn 0.5773 -0.8157 -0.0363
vn -0.7009 0.3518 -0.6204
vn -0.5645 0.8254 0.0118
vn 0.5645 0.8253 0.0117
vn 0.7009 0.3519 -0.6204
vn 0.5886 -0.0099 0.8083
vn 0.7300 -0.5107 0.4542
vn -0.5887 -0.0099 0.8083
vn -0.7300 -0.5107 0.4542
vn -0.7299 -0.5107 0.4542
vn -0.5886 -0.0098 0.8084
vn -0.5645 0.8253 0.0117
vn -0.7009 0.3519 -0.6205
vn -0.5646 0.8253 0.0118
vn -0.5886 -0.0100 0.8084
vn -0.5843 -0.8080 -0.0756
vn -0.4756 -0.2181 -0.8522
vn 0.4756 -0.2182 -0.8522
vn 0.5843 -0.8080 -0.0756
vn -0.4756 -0.2182 -0.8522
vn -0.5842 -0.8081 -0.0756
vn -0.3342 -0.5101 -0.7925
vn -0.5625 0.1931 -0.8039
vn 0.0451 -0.0016 -0.9990
vn 0.4044 -0.5100 -0.7591
vn 0.6327 0.1932 -0.7499
vn 0.0350 0.6278 -0.7776
vn -0.6327 0.1956 0.7493
vn -0.4044 -0.5077 0.7607
vn -0.0451 0.0016 0.9990
vn 0.3342 -0.5076 0.7941
vn 0.5625 0.1956 0.8033
vn -0.0350 0.6302 0.7756
vn 0.6798 -0.5097 -0.5274
vn 0.6306 0.1932 -0.7516
vn 0.9766 -0.0003 -0.2150
vn 0.8387 -0.5085 0.1948
vn 0.8878 0.1950 0.4168
vn 0.7592 0.6287 -0.1681
vn -0.8878 0.1937 -0.4174
vn -0.8387 -0.5091 -0.1932
vn -0.9766 0.0003 0.2150
vn -0.6798 -0.5080 0.5290
vn -0.6306 0.1955 0.7510
vn -0.7592 0.6292 0.1662
vn -0.5765 -0.7778 -0.2504
vn 0.0612 -0.7784 -0.6248
vn -0.0000 -1.0000 0.0016
vn -0.4175 -0.7767 0.4717
vn 0.3184 -0.7766 0.5436
vn 0.6143 -0.7776 -0.1340
vn 0.0720 0.6720 -0.7371
vn -0.6777 0.6727 -0.2970
vn -0.0000 1.0000 -0.0016
vn -0.4909 0.6740 0.5521
vn 0.3744 0.6741 0.6367
vn 0.7222 0.6729 -0.1600
vn -0.8598 -0.5088 0.0435
vn -0.9475 0.1947 0.2534
vn -0.9233 -0.0006 -0.3841
vn -0.5758 -0.5098 -0.6392
vn -0.4880 0.1931 -0.8512
vn -0.7178 0.6285 -0.2995
vn 0.4880 0.1957 0.8506
vn 0.5758 -0.5078 0.6408
vn 0.9233 0.0006 0.3841
vn 0.8598 -0.5089 -0.0419
vn 0.9475 0.1939 -0.2540
vn 0.7178 0.6295 0.2976
vn -0.2250 -0.5076 0.8317
vn -0.0515 0.1959 0.9793
vn -0.6506 0.0012 0.7594
vn -0.7866 -0.5083 0.3506
vn -0.9601 0.1947 0.2009
vn -0.5058 0.6299 0.5894
vn 0.9601 0.1941 -0.2015
vn 0.7866 -0.5094 -0.3491
vn 0.6506 -0.0012 -0.7594
vn 0.2250 -0.5102 -0.8301
vn 0.0515 0.1928 -0.9799
vn 0.5058 0.6281 -0.5914
vn 0.7288 -0.5082 0.4589
vn 0.9217 0.1949 0.3353
vn 0.5360 0.0013 0.8442
vn 0.1046 -0.5075 0.8553
vn -0.0883 0.1959 0.9766
vn 0.4167 0.6300 0.6553
vn 0.0883 0.1929 -0.9772
vn -0.1046 -0.5102 -0.8537
vn -0.5360 -0.0013 -0.8442
vn -0.7288 -0.5096 -0.4573
vn -0.9217 0.1938 -0.3359
vn -0.4167 0.6280 -0.6573
vn 0.2606 -0.8721 0.4141
vn 0.4762 -0.8741 -0.0954
vn -0.1188 -0.9925 0.0277
vn 0.0577 -0.8744 -0.4818
vn 0.4729 -0.8739 -0.1124
vn -0.0117 -0.9926 0.1210
vn -0.4424 -0.8746 -0.1986
vn 0.0384 -0.8746 -0.4833
vn 0.1101 -0.9927 0.0496
vn -0.3325 -0.8728 0.3574
vn -0.4485 -0.8743 -0.1858
vn 0.0807 -0.9927 -0.0894
vn 0.2352 -0.8725 0.4284
vn -0.3167 -0.8734 0.3700
vn -0.0620 -0.9926 -0.1041
vn 0.5449 0.8382 0.0237
vn 0.3950 0.8369 0.3790
vn 0.1335 0.9906 -0.0309
vn 0.1935 0.8370 -0.5119
vn 0.4837 0.8382 -0.2519
vn 0.0131 0.9906 -0.1358
vn -0.4267 0.8390 -0.3376
vn -0.0882 0.8379 -0.5387
vn -0.1237 0.9908 -0.0555
vn -0.4569 0.8383 0.2976
vn -0.5388 0.8383 -0.0831
vn -0.0907 0.9908 0.1007
vn 0.1413 0.8378 0.5275
vn -0.2437 0.8389 0.4866
vn 0.0697 0.9907 0.1171
vn -0.5334 -0.5175 0.6691
vn 0.5418 -0.5865 0.6021
vn 0.5418 0.5884 0.6002
vn -0.5334 0.5196 0.6674
vn -0.7111 0.6981 0.0832
vn 0.6913 0.7222 0.0229
vn 0.4684 0.6448 -0.6041
vn -0.6653 0.5207 -0.5350
vn -0.6652 0.5208 -0.5350
vn 0.4684 0.6448 -0.6040
vn 0.4684 -0.6467 -0.6020
vn -0.6652 -0.5224 -0.5334
vn 0.6913 -0.7222 0.0252
vn -0.7111 -0.6979 0.0854
vn 0.6913 0.7222 0.0228
vn -0.7111 0.6982 0.0832
vn -0.6652 0.5208 -0.5351
vn 0.5418 0.5884 0.6003
vn -0.5334 0.5196 0.6675
vn 0.5418 0.5883 0.6002
vn -0.5625 0.1931 -0.8040
vn -0.3342 -0.5100 -0.7925
vn -0.4045 -0.5075 0.7608
vn -0.6327 0.1954 0.7494
vn 0.4045 -0.5099 -0.7592
vn 0.6326 0.1933 -0.7500
vn 0.5624 0.1958 0.8033
vn 0.0351 0.6278 -0.7776
vn -0.0351 0.6302 0.7756
vn -0.7836 -0.5191 -0.3415
vn -0.4404 -0.5863 0.6799
vn -0.4404 0.5885 0.6780
vn -0.7835 0.5180 -0.3431
vn -0.2655 0.6970 -0.6662
vn 0.1557 0.7232 0.6728
vn 0.7037 0.6462 0.2953
vn 0.3438 0.5204 -0.7817
vn 0.3438 0.5204 -0.7816
vn 0.7037 0.6462 0.2954
vn 0.7037 -0.6452 0.2974
vn 0.3438 -0.5228 -0.7800
vn 0.1557 -0.7211 0.6751
vn -0.2655 -0.6991 -0.6640
vn 0.1557 0.7233 0.6728
vn -0.2655 0.6970 -0.6661
vn 0.3439 0.5204 -0.7816
vn -0.4405 0.5885 0.6780
vn 0.6307 0.1933 -0.7516
vn 0.6798 -0.5097 -0.5273
vn -0.8388 -0.5090 -0.1932
vn -0.8879 0.1936 -0.4174
vn 0.8388 -0.5085 0.1947
vn -0.6798 -0.5079 0.5291
vn 0.8879 0.1949 0.4168
vn -0.6307 0.1956 0.7510
vn -0.7593 0.6292 0.1661
vn 0.7593 0.6287 -0.1681
vn 0.1520 -0.7060 0.6917
vn 0.1520 0.7082 0.6895
vn -0.1520 0.7060 -0.6917
vn -0.1520 -0.7082 -0.6895
vn -0.2150 -0.0015 -0.9766
vn 0.2150 0.0015 0.9766
vn 0.9766 -0.0004 -0.2150
vn 0.9766 -0.0003 -0.2149
vn 0.9766 -0.0004 -0.2149
vn -0.5764 -0.7779 -0.2505
vn -0.6778 0.6727 -0.2968
vn 0.0720 0.6720 -0.7370
vn -0.4175 -0.7767 0.4716
vn -0.4907 0.6741 0.5521
vn 0.3744 0.6742 0.6366
vn 0.6142 -0.7777 -0.1340
vn 0.7222 0.6730 -0.1600
vn 0.0974 -0.0015 -0.9952
vn -0.9165 -0.0006 -0.4001
vn 0.0974 -0.0016 -0.9952
vn -0.6637 0.0012 0.7480
vn 0.5062 0.0013 0.8624
vn 0.0973 -0.0015 -0.9953
vn 0.0973 -0.0016 -0.9953
vn 0.7064 -0.7071 0.0330
vn 0.7064 -0.7070 0.0330
vn 0.7064 0.7072 0.0308
vn 0.7064 0.7071 0.0308
vn -0.7064 0.7070 -0.0330
vn -0.7064 0.7071 -0.0330
vn -0.7064 -0.7072 -0.0308
vn -0.7064 -0.7071 -0.0308
vn -0.9990 -0.0001 -0.0451
vn 0.9990 0.0001 0.0451
vn 0.0451 -0.0015 -0.9990
vn 0.0452 -0.0016 -0.9990
vn 0.4455 -0.5174 0.7306
vn 0.7502 -0.5879 -0.3026
vn 0.7502 0.5869 -0.3044
vn 0.4455 0.5197 0.7290
vn -0.1640 0.6991 0.6960
vn 0.2590 0.7212 -0.6425
vn -0.4065 0.6447 -0.6474
vn -0.7295 0.5223 0.4416
vn -0.4064 -0.6467 -0.6454
vn -0.7295 -0.5209 0.4432
vn 0.2590 -0.7232 -0.6403
vn -0.1640 -0.6969 0.6981
vn -0.4064 0.6447 -0.6474
vn -0.1639 0.6991 0.6959
vn 0.7502 0.5869 -0.3045
vn -0.9476 0.1947 0.2534
vn 0.5758 -0.5077 0.6408
vn 0.4881 0.1956 0.8506
vn -0.4881 0.1931 -0.8512
vn 0.9476 0.1939 -0.2540
vn -0.7178 0.6285 -0.2996
vn 0.7178 0.6294 0.2976
vn 0.2716 -0.7081 -0.6518
vn 0.2716 0.7061 -0.6540
vn -0.2716 0.7081 0.6518
vn -0.2716 0.7081 0.6517
vn -0.2715 0.7081 0.6518
vn -0.2716 -0.7061 0.6540
vn -0.3841 0.0014 0.9233
vn 0.3841 -0.0014 -0.9233
vn -0.9233 -0.0006 -0.3840
vn 0.8318 -0.5189 -0.1974
vn -0.0568 -0.5887 -0.8064
vn -0.0568 0.5861 -0.8082
vn 0.8318 0.5182 -0.1990
vn 0.6123 0.6986 0.3703
vn -0.5300 0.7215 -0.4457
vn -0.7404 0.6460 0.1859
vn 0.1954 0.5229 0.8297
vn 0.1953 0.5229 0.8297
vn -0.7404 0.6460 0.1858
vn -0.7404 -0.6454 0.1878
vn 0.1953 -0.5203 0.8313
vn -0.5299 -0.7229 -0.4434
vn 0.6123 -0.6974 0.3725
vn -0.5300 0.7215 -0.4456
vn 0.6122 0.6986 0.3702
vn -0.0568 0.5862 -0.8082
vn -0.0569 0.5861 -0.8082
vn 0.8317 0.5183 -0.1990
vn -0.2251 -0.5075 0.8317
vn 0.9601 0.1941 -0.2016
vn -0.7867 -0.5082 0.3506
vn 0.2249 -0.5100 -0.8302
vn -0.9601 0.1947 0.2010
vn -0.5370 -0.7078 -0.4589
vn -0.5370 0.7064 -0.4611
vn 0.5370 0.7078 0.4589
vn 0.5370 0.7078 0.4590
vn 0.5370 -0.7064 0.4611
vn 0.7594 0.0010 0.6506
vn -0.7594 -0.0010 -0.6506
vn 0.0536 -0.5199 -0.8526
vn -0.7886 -0.5877 -0.1808
vn -0.7886 0.5871 -0.1826
vn 0.0537 0.5172 -0.8542
vn 0.5342 0.6972 -0.4780
vn -0.5801 0.7227 0.3757
vn -0.0378 0.6469 0.7617
vn 0.8514 0.5217 0.0552
vn 0.8513 0.5217 0.0552
vn -0.0378 0.6469 0.7616
vn -0.0378 -0.6445 0.7637
vn 0.8513 -0.5215 0.0569
vn -0.5800 -0.7216 0.3780
vn 0.5341 -0.6988 -0.4758
vn -0.5800 0.7228 0.3757
vn 0.5341 0.6973 -0.4780
vn 0.8513 0.5217 0.0553
vn 0.0536 0.5172 -0.8542
vn -0.7886 0.5871 -0.1825
vn 0.9217 0.1949 0.3354
vn 0.7288 -0.5081 0.4590
vn -0.1047 -0.5102 -0.8536
vn 0.0882 0.1928 -0.9773
vn -0.7288 -0.5096 -0.4574
vn -0.0882 0.1959 0.9766
vn -0.9217 0.1938 -0.3360
vn -0.4167 0.6279 -0.6573
vn -0.5969 -0.7065 0.3801
vn -0.5969 0.7077 0.3779
vn 0.5969 0.7065 -0.3802
vn 0.5970 0.7065 -0.3801
vn 0.5969 0.7065 -0.3801
vn 0.5969 -0.7077 -0.3779
vn 0.8442 -0.0008 -0.5360
vn -0.8442 0.0008 0.5360
vn 0.5360 0.0014 0.8442
vn 0.5361 0.0013 0.8442
vn 0.6037 -0.6176 0.5041
vn 0.6016 -0.7880 -0.1312
vn 0.7786 0.6035 -0.1723
vn 0.7701 0.5083 0.3855
vn 0.3263 -0.6233 -0.7106
vn 0.5300 0.5105 -0.6771
vn 0.4838 0.8382 -0.2518
vn 0.6682 -0.6235 -0.4059
vn 0.0600 -0.7877 -0.6131
vn 0.0775 0.6039 -0.7933
vn 0.6095 0.5126 -0.6048
vn -0.5793 -0.6261 -0.5219
vn -0.4835 0.5149 -0.7079
vn 0.0384 -0.8746 -0.4834
vn -0.1796 -0.6245 -0.7601
vn -0.5656 -0.7872 -0.2458
vn -0.7296 0.6046 -0.3195
vn -0.3852 0.5128 -0.7672
vn -0.6848 -0.6204 0.3824
vn -0.8264 0.5120 0.2341
vn -0.3325 -0.8727 0.3574
vn -0.7787 -0.6239 -0.0652
vn -0.4089 -0.7870 0.4620
vn -0.5291 0.6047 0.5953
vn -0.8483 0.5134 0.1294
vn 0.1493 -0.6188 0.7712
vn -0.0352 0.5107 0.8590
vn 0.2352 -0.8724 0.4284
vn -0.2438 0.8389 0.4866
vn -0.3039 -0.6226 0.7211
vn 0.3115 -0.7874 0.5319
vn 0.4039 0.6041 0.6870
vn -0.1373 0.5137 0.8469
vn 0.7769 -0.6236 0.0867
vn 0.8071 0.5128 0.2925
vn 0.6016 -0.7879 -0.1312
vn 0.6036 -0.6176 0.5042
vn 0.7786 0.6034 -0.1723
vn 0.6037 -0.6175 0.5042
vn 0.7700 0.5084 0.3855
vn 0.3264 -0.6233 -0.7106
vn 0.5300 0.5104 -0.6772
vn 0.0602 -0.7877 -0.6131
vn 0.6095 0.5126 -0.6047
vn 0.0776 0.6039 -0.7933
vn -0.5792 -0.6261 -0.5220
vn -0.4836 0.5149 -0.7079
vn -0.5657 -0.7872 -0.2457
vn -0.1795 -0.6245 -0.7601
vn -0.7297 0.6045 -0.3195
vn -0.6849 -0.6203 0.3823
vn -0.8264 0.5120 0.2342
vn -0.7788 -0.6239 -0.0652
vn -0.8484 0.5134 0.1294
vn -0.5291 0.6047 0.5954
vn 0.1492 -0.6188 0.7712
vn -0.1373 0.5136 0.8470
vn 0.4039 0.6040 0.6871
vn 0.8072 0.5128 0.2925
vt 0.309823 0.377173
vt 0.295665 0.376976
vt 0.309374 0.390965
vt 0.286141 0.357831
vt 0.284812 0.343526
vt 0.283553 0.343698
vt 0.413841 0.344611
vt 0.412133 0.358800
vt 0.415178 0.344866
vt 0.342830 0.312755
vt 0.336631 0.309671
vt 0.332117 0.317081
vt 0.329271 0.304083
vt 0.356036 0.312788
vt 0.366727 0.317168
vt 0.362018 0.309683
vt 0.369489 0.304171
vt 0.309112 0.287878
vt 0.316929 0.281459
vt 0.309864 0.286061
vt 0.022804 0.380962
vt 0.029554 0.392518
vt 0.039483 0.388501
vt 0.043905 0.339913
vt 0.036856 0.323789
vt 0.026737 0.324243
vt 0.095653 0.339694
vt 0.112440 0.325486
vt 0.102436 0.323686
vt 0.043569 0.296525
vt 0.096326 0.296114
vt 0.214933 0.370259
vt 0.203451 0.369905
vt 0.194839 0.393962
vt 0.494842 0.371216
vt 0.483402 0.371513
vt 0.503302 0.395225
vt 0.523440 0.505141
vt 0.516345 0.458482
vt 0.510154 0.458471
vt 0.181429 0.457396
vt 0.174074 0.504199
vt 0.187645 0.457417
vt 0.198240 0.457453
vt 0.195049 0.504269
vt 0.208619 0.457487
vt 0.272024 0.357726
vt 0.426593 0.358744
vt 0.282919 0.376858
vt 0.415375 0.377455
vt 0.402879 0.377243
vt 0.546663 0.488008
vt 0.536613 0.501819
vt 0.538074 0.506990
vt 0.160795 0.500841
vt 0.150848 0.486885
vt 0.159339 0.506003
vt 0.473771 0.505059
vt 0.436552 0.519335
vt 0.473748 0.519396
vt 0.261224 0.518882
vt 0.223933 0.504365
vt 0.223885 0.518757
vt 0.403592 0.531807
vt 0.403623 0.519262
vt 0.377367 0.528493
vt 0.319389 0.528347
vt 0.293530 0.518987
vt 0.293499 0.531533
vt 0.158624 0.520366
vt 0.135660 0.500211
vt 0.135687 0.519369
vt 0.561169 0.502355
vt 0.538485 0.521310
vt 0.561816 0.520423
vt 0.572617 0.392242
vt 0.581787 0.378481
vt 0.572327 0.377147
vt 0.572354 0.340651
vt 0.562864 0.378481
vt 0.434397 0.161060
vt 0.415898 0.159252
vt 0.427499 0.176914
vt 0.359703 0.151464
vt 0.378843 0.160628
vt 0.391081 0.150682
vt 0.397296 0.161064
vt 0.404696 0.176905
vt 0.411740 0.180676
vt 0.054673 0.622457
vt 0.039129 0.622006
vt 0.040879 0.684729
vt 0.452910 0.160628
vt 0.472050 0.151464
vt 0.440672 0.150682
vt 0.641625 0.727930
vt 0.619374 0.793559
vt 0.641517 0.793595
vt 0.019899 0.621942
vt 0.004353 0.621890
vt 0.017734 0.684652
vt 0.045852 0.965923
vt 0.036063 0.965012
vt 0.037384 0.997075
vt 0.020630 0.964959
vt 0.010848 0.965806
vt 0.019131 0.997113
vt 0.420335 0.180725
vt 0.784825 0.127505
vt 0.798066 0.068101
vt 0.784099 0.068038
vt 0.823761 0.127680
vt 0.833844 0.068261
vt 0.823708 0.068216
vt 0.677184 0.128530
vt 0.671473 0.069263
vt 0.662292 0.069672
vt 0.722766 0.067671
vt 0.716075 0.067778
vt 0.718905 0.127206
vt 0.699847 0.127519
vt 0.701079 0.068019
vt 0.694388 0.068127
vt 0.675927 0.514345
vt 0.674005 0.514431
vt 0.679745 0.541639
vt 0.771097 0.513462
vt 0.769122 0.513066
vt 0.764047 0.539408
vt 0.759528 0.511983
vt 0.758009 0.512765
vt 0.757316 0.537436
vt 0.761387 0.512202
vt 0.729957 0.512640
vt 0.725000 0.512618
vt 0.728056 0.560383
vt 0.708904 0.512876
vt 0.703952 0.513096
vt 0.707900 0.561965
vt 0.723291 0.709345
vt 0.711271 0.710392
vt 0.709693 0.712358
vt 0.617894 0.311256
vt 0.601359 0.299079
vt 0.601359 0.340651
vt 0.584824 0.311256
vt 0.577975 0.340651
vt 0.584824 0.370048
vt 0.601359 0.382224
vt 0.617894 0.370048
vt 0.624743 0.340651
vt 0.560204 0.311256
vt 0.543290 0.299079
vt 0.543290 0.340651
vt 0.526376 0.311256
vt 0.519370 0.340651
vt 0.526376 0.370048
vt 0.543290 0.382224
vt 0.560204 0.370048
vt 0.567210 0.340651
vt 0.388685 0.388979
vt 0.388721 0.377369
vt 0.424232 0.150682
vt 0.415865 0.150682
vt 0.407521 0.150682
vt 0.898218 0.143974
vt 0.901431 0.140640
vt 0.892653 0.117154
vt 0.913777 0.138668
vt 0.917870 0.140836
vt 0.914805 0.113617
vt 0.922036 0.145040
vt 0.924450 0.148192
vt 0.923342 0.112253
vt 0.894255 0.153014
vt 0.895568 0.149266
vt 0.884115 0.118518
vt 0.594812 0.132200
vt 0.582911 0.073208
vt 0.568163 0.073865
vt 0.633710 0.130467
vt 0.632119 0.071016
vt 0.618101 0.071641
vt 0.741308 0.127310
vt 0.753720 0.067902
vt 0.744642 0.067861
vt 0.502546 0.505107
vt 0.499599 0.458454
vt 0.489259 0.458437
vt 0.020002 0.708712
vt 0.004002 0.726911
vt 0.019580 0.744937
vt 0.054333 0.723917
vt 0.038439 0.708919
vt 0.038619 0.744240
vt 0.076323 0.793242
vt 0.054101 0.793280
vt 0.127714 0.278014
vt 0.119280 0.287383
vt 0.133310 0.290952
vt 0.121446 0.299623
vt 0.132581 0.305517
vt 0.144301 0.300627
vt 0.147779 0.288634
vt 0.140398 0.278571
vt 0.166083 0.287108
vt 0.158266 0.314054
vt 0.131932 0.325043
vt 0.343751 0.301740
vt 0.367624 0.296371
vt 0.350030 0.274635
vt 0.324606 0.286698
vt 0.324606 0.262572
vt 0.343751 0.247530
vt 0.367624 0.252899
vt 0.378249 0.274635
vt 0.569190 0.479317
vt 0.575738 0.479317
vt 0.572464 0.477185
vt 0.582286 0.479317
vt 0.579012 0.477185
vt 0.588835 0.479317
vt 0.585561 0.477185
vt 0.595383 0.479317
vt 0.592109 0.477185
vt 0.174510 0.385196
vt 0.165328 0.385173
vt 0.149962 0.389969
vt 0.183710 0.385194
vt 0.136804 0.385067
vt 0.127093 0.385310
vt 0.146065 0.385087
vt 0.155931 0.385147
vt 0.165851 0.331509
vt 0.174689 0.331527
vt 0.155912 0.317165
vt 0.183393 0.331525
vt 0.126851 0.331525
vt 0.136048 0.331506
vt 0.146077 0.331346
vt 0.156313 0.331490
vt 0.584226 0.234980
vt 0.583052 0.251660
vt 0.592592 0.241010
vt 0.575747 0.235173
vt 0.596408 0.261497
vt 0.590358 0.268148
vt 0.597246 0.251139
vt 0.553380 0.248649
vt 0.552227 0.258897
vt 0.566525 0.258984
vt 0.559219 0.242497
vt 0.564840 0.275486
vt 0.573831 0.275471
vt 0.556604 0.269148
vt 0.592356 0.213410
vt 0.592611 0.213297
vt 0.596743 0.194568
vt 0.001264 0.195924
vt 0.031515 0.171277
vt 0.001483 0.177527
vt 0.182645 0.056823
vt 0.164476 0.070701
vt 0.186774 0.086392
vt 0.316303 0.275985
vt 0.316303 0.255661
vt 0.298703 0.265823
vt 0.298703 0.245499
vt 0.281102 0.255661
vt 0.281102 0.275985
vt 0.298703 0.286146
vt 0.772042 0.829362
vt 0.772031 0.834034
vt 0.804336 0.833544
vt 0.805525 0.660655
vt 0.808701 0.667114
vt 0.853970 0.630224
vt 0.652093 0.927322
vt 0.705259 0.922424
vt 0.653403 0.916109
vt 0.813085 0.734476
vt 0.808357 0.743749
vt 0.817901 0.747921
vt 0.657582 0.873750
vt 0.704790 0.867926
vt 0.658921 0.860847
vt 0.855832 0.753193
vt 0.850353 0.761115
vt 0.860900 0.765303
vt 0.866067 0.556713
vt 0.850903 0.620310
vt 0.852952 0.622124
vt 0.854952 0.626059
vt 0.922601 0.784541
vt 0.925282 0.792932
vt 0.929409 0.792560
vt 0.845723 0.925505
vt 0.781119 0.917168
vt 0.845802 0.911400
vt 0.781119 0.917168
vt 0.845723 0.925505
vt 0.845802 0.911400
vt 0.836102 0.948605
vt 0.902760 0.955554
vt 0.840630 0.962882
vt 0.902759 0.955554
vt 0.836102 0.948605
vt 0.840630 0.962882
vt 0.146658 0.408158
vt 0.143539 0.393049
vt 0.132014 0.403305
vt 0.128895 0.388196
vt 0.117370 0.398452
vt 0.120490 0.413561
vt 0.135134 0.418414
vt 0.356271 0.348142
vt 0.369415 0.359981
vt 0.372966 0.351447
vt 0.357495 0.345201
vt 0.354372 0.350474
vt 0.363902 0.366748
vt 0.352358 0.351412
vt 0.358061 0.369469
vt 0.349334 0.352478
vt 0.349284 0.372564
vt 0.346690 0.351954
vt 0.341610 0.371045
vt 0.344307 0.350449
vt 0.334695 0.366675
vt 0.342418 0.348108
vt 0.329215 0.359881
vt 0.341210 0.345161
vt 0.325707 0.351330
vt 0.340799 0.341897
vt 0.324515 0.341856
vt 0.341226 0.338634
vt 0.325755 0.332389
vt 0.342449 0.335694
vt 0.329305 0.323855
vt 0.344349 0.333362
vt 0.346740 0.331868
vt 0.349387 0.331358
vt 0.349433 0.312818
vt 0.352031 0.331881
vt 0.354414 0.333387
vt 0.356302 0.335729
vt 0.369505 0.323955
vt 0.357510 0.338675
vt 0.373013 0.332506
vt 0.357921 0.341939
vt 0.374206 0.341980
vt 0.380597 0.370053
vt 0.386127 0.356760
vt 0.372010 0.380591
vt 0.362912 0.384829
vt 0.349241 0.389651
vt 0.337289 0.387284
vt 0.326518 0.380478
vt 0.317984 0.369896
vt 0.312520 0.356577
vt 0.310663 0.341822
vt 0.312594 0.327077
vt 0.318123 0.313784
vt 0.322503 0.303235
vt 0.380737 0.313940
vt 0.376410 0.303369
vt 0.386200 0.327260
vt 0.388058 0.342015
vt 0.391179 0.360124
vt 0.372661 0.395513
vt 0.349217 0.401268
vt 0.326395 0.396908
vt 0.302278 0.359264
vt 0.302406 0.341139
vt 0.304921 0.323020
vt 0.309576 0.306680
vt 0.315519 0.293174
vt 0.390833 0.307508
vt 0.383445 0.293343
vt 0.391718 0.323866
vt 0.391761 0.341996
vt 0.289652 0.347053
vt 0.292156 0.327586
vt 0.298347 0.308011
vt 0.399853 0.306241
vt 0.388453 0.288075
vt 0.406872 0.323134
vt 0.409115 0.341848
vt 0.284521 0.323877
vt 0.282276 0.327231
vt 0.285513 0.305826
vt 0.283321 0.313584
vt 0.287509 0.287528
vt 0.287274 0.285706
vt 0.409391 0.287228
vt 0.414228 0.306566
vt 0.415986 0.314754
vt 0.411281 0.286278
vt 0.415775 0.325082
vt 0.416436 0.328446
vt 0.349408 0.311392
vt 0.376763 0.294733
vt 0.322288 0.294611
vt 0.380584 0.287750
vt 0.318628 0.287808
vt 0.382278 0.281606
vt 0.116327 0.385833
vt 0.119093 0.380962
vt 0.098544 0.388570
vt 0.107890 0.392610
vt 0.039939 0.346646
vt 0.022416 0.341823
vt 0.071391 0.339581
vt 0.071391 0.324541
vt 0.099783 0.346810
vt 0.115773 0.341626
vt 0.071391 0.289387
vt 0.228305 0.311380
vt 0.216072 0.321776
vt 0.237182 0.329342
vt 0.242973 0.318064
vt 0.207699 0.299958
vt 0.202455 0.309963
vt 0.043229 0.286710
vt 0.071391 0.280548
vt 0.071391 0.271787
vt 0.041324 0.271988
vt 0.097238 0.286694
vt 0.098911 0.271264
vt 0.492826 0.304166
vt 0.470066 0.314238
vt 0.481305 0.322064
vt 0.497420 0.310054
vt 0.455729 0.319378
vt 0.461443 0.330642
vt 0.208550 0.338277
vt 0.229172 0.342942
vt 0.193409 0.331887
vt 0.071391 0.244607
vt 0.038391 0.241846
vt 0.101690 0.241873
vt 0.489919 0.339685
vt 0.505034 0.333394
vt 0.469353 0.344229
vt 0.205228 0.351264
vt 0.223362 0.354565
vt 0.188481 0.350070
vt 0.071391 0.221708
vt 0.038910 0.221201
vt 0.101189 0.221227
vt 0.493165 0.352639
vt 0.509853 0.351532
vt 0.475084 0.355837
vt 0.187337 0.369407
vt 0.071391 0.199466
vt 0.041553 0.199261
vt 0.098564 0.199286
vt 0.510897 0.370800
vt 0.071391 0.342423
vt 0.188067 0.384085
vt 0.071554 0.176537
vt 0.043109 0.183001
vt 0.096697 0.182991
vt 0.510096 0.385419
vt 0.071684 0.135417
vt 0.049203 0.141606
vt 0.034663 0.154021
vt 0.071699 0.153980
vt 0.105448 0.167832
vt 0.071709 0.167348
vt 0.092476 0.143268
vt 0.104765 0.153964
vt 0.033871 0.167844
vt 0.161169 0.398712
vt 0.150815 0.404124
vt 0.145187 0.412659
vt 0.160346 0.407460
vt 0.095562 0.133696
vt 0.071590 0.129810
vt 0.548023 0.406605
vt 0.536754 0.400194
vt 0.537708 0.408824
vt 0.550734 0.414038
vt 0.049103 0.133363
vt 0.524096 0.392443
vt 0.522245 0.402482
vt 0.173935 0.391144
vt 0.175725 0.401233
vt 0.139850 0.426081
vt 0.156369 0.426341
vt 0.096891 0.119282
vt 0.071578 0.119352
vt 0.541463 0.427669
vt 0.556166 0.428177
vt 0.048339 0.119609
vt 0.523805 0.427455
vt 0.174003 0.426269
vt 0.507428 0.422259
vt 0.190562 0.421080
vt 0.135783 0.456704
vt 0.152302 0.456964
vt 0.097643 0.088091
vt 0.071824 0.088158
vt 0.545363 0.458195
vt 0.560066 0.458703
vt 0.048120 0.088411
vt 0.527705 0.457981
vt 0.169936 0.456893
vt 0.138034 0.485207
vt 0.096801 0.059227
vt 0.072043 0.059242
vt 0.558075 0.486932
vt 0.049304 0.059404
vt 0.018319 0.354327
vt 0.035682 0.359397
vt 0.104437 0.359526
vt 0.121706 0.353673
vt 0.254043 0.297812
vt 0.251726 0.315230
vt 0.264225 0.292363
vt 0.444802 0.299149
vt 0.434686 0.293671
vt 0.447023 0.316512
vt 0.245187 0.327965
vt 0.453475 0.329231
vt 0.236143 0.343321
vt 0.462408 0.344572
vt 0.229582 0.356446
vt 0.468878 0.357680
vt 0.220065 0.374167
vt 0.478271 0.375380
vt 0.071391 0.354573
vt 0.206337 0.405865
vt 0.491789 0.407024
vt 0.018590 0.365210
vt 0.035876 0.369863
vt 0.103876 0.369684
vt 0.123318 0.363421
vt 0.259089 0.313503
vt 0.272463 0.289035
vt 0.426497 0.290315
vt 0.439698 0.314755
vt 0.252091 0.327129
vt 0.446601 0.328364
vt 0.242415 0.343560
vt 0.456159 0.344780
vt 0.235394 0.357604
vt 0.463082 0.358804
vt 0.225211 0.376565
vt 0.473133 0.377743
vt 0.071391 0.368114
vt 0.210552 0.406255
vt 0.487588 0.407392
vt 0.501236 0.422249
vt 0.196777 0.421100
vt 0.490682 0.422231
vt 0.207372 0.421136
vt 0.020369 0.375308
vt 0.038110 0.378356
vt 0.101178 0.378562
vt 0.122189 0.375722
vt 0.269468 0.313538
vt 0.282850 0.286451
vt 0.416162 0.287688
vt 0.429359 0.314738
vt 0.262470 0.327164
vt 0.436262 0.328347
vt 0.252794 0.343595
vt 0.445820 0.344763
vt 0.245773 0.357638
vt 0.452743 0.358787
vt 0.235590 0.376599
vt 0.462793 0.377726
vt 0.071391 0.380415
vt 0.220916 0.410766
vt 0.477242 0.411835
vt 0.480342 0.422215
vt 0.217751 0.421171
vt 0.263346 0.376692
vt 0.435144 0.377681
vt 0.071391 0.381820
vt 0.250177 0.410864
vt 0.448093 0.411787
vt 0.450444 0.422166
vt 0.247765 0.421271
vt 0.461610 0.458392
vt 0.236375 0.457580
vt 0.275746 0.411035
vt 0.422527 0.411595
vt 0.425220 0.422124
vt 0.273086 0.421356
vt 0.433266 0.458345
vt 0.264827 0.457675
vt 0.290117 0.411066
vt 0.408284 0.411576
vt 0.409365 0.421966
vt 0.288995 0.421471
vt 0.414209 0.458230
vt 0.283959 0.457781
vt 0.415542 0.519296
vt 0.282320 0.518956
vt 0.396274 0.411400
vt 0.397638 0.421805
vt 0.403481 0.458120
vt 0.301670 0.411164
vt 0.373673 0.411344
vt 0.374377 0.421746
vt 0.300142 0.421561
vt 0.377389 0.479922
vt 0.295596 0.457851
vt 0.324434 0.411221
vt 0.323686 0.421620
vt 0.320320 0.479781
vt 0.349192 0.411282
vt 0.349166 0.421683
vt 0.349026 0.476728
vt 0.485190 0.194048
vt 0.470166 0.171272
vt 0.458354 0.179011
vt 0.473346 0.201846
vt 0.446441 0.186853
vt 0.461038 0.209910
vt 0.145390 0.504225
vt 0.096951 0.039888
vt 0.072193 0.039902
vt 0.550653 0.505840
vt 0.049453 0.040065
vt 0.174026 0.518591
vt 0.501127 0.519441
vt 0.523417 0.519478
vt 0.195000 0.518661
vt 0.032271 0.038169
vt 0.049566 0.025411
vt 0.006912 0.023318
vt 0.097064 0.025233
vt 0.072306 0.025248
vt 0.111595 0.038804
vt 0.137180 0.024347
vt 0.173984 0.531152
vt 0.159255 0.531102
vt 0.501107 0.531954
vt 0.523396 0.531990
vt 0.196359 0.531227
vt 0.473727 0.531909
vt 0.223843 0.531318
vt 0.436531 0.531848
vt 0.261182 0.531443
vt 0.415516 0.531825
vt 0.282283 0.531509
vt 0.538033 0.532014
vt 0.136042 0.531025
vt 0.561175 0.532052
vt 0.563442 0.297752
vt 0.542160 0.281389
vt 0.543250 0.287152
vt 0.562864 0.302822
vt 0.520877 0.297752
vt 0.523637 0.302822
vt 0.512062 0.340651
vt 0.515513 0.340651
vt 0.520225 0.380121
vt 0.523637 0.378481
vt 0.551015 0.399373
vt 0.543250 0.394151
vt 0.572327 0.305677
vt 0.623778 0.297752
vt 0.602495 0.281389
vt 0.601401 0.287152
vt 0.621014 0.302822
vt 0.581213 0.297752
vt 0.581787 0.302822
vt 0.596138 0.401921
vt 0.601401 0.394151
vt 0.624462 0.380155
vt 0.621014 0.378481
vt 0.632593 0.340651
vt 0.629138 0.340651
vt 0.446767 0.057813
vt 0.424974 0.057813
vt 0.425577 0.069394
vt 0.448814 0.069394
vt 0.468560 0.057813
vt 0.472050 0.069394
vt 0.113868 0.519259
vt 0.090876 0.519182
vt 0.089048 0.530868
vt 0.113828 0.530950
vt 0.415875 0.057813
vt 0.415876 0.069394
vt 0.384984 0.057813
vt 0.363191 0.057813
vt 0.359703 0.069394
vt 0.382939 0.069394
vt 0.406777 0.057813
vt 0.406175 0.069394
vt 0.583341 0.520441
vt 0.583321 0.532088
vt 0.606245 0.520479
vt 0.608007 0.532129
vt 0.240443 0.292100
vt 0.215667 0.289961
vt 0.483070 0.291519
vt 0.458378 0.293527
vt 0.173708 0.613600
vt 0.158979 0.613551
vt 0.500972 0.614087
vt 0.523261 0.614123
vt 0.196083 0.613675
vt 0.473593 0.614042
vt 0.223567 0.613767
vt 0.436397 0.613981
vt 0.260906 0.613891
vt 0.415346 0.614063
vt 0.282042 0.613905
vt 0.403387 0.614151
vt 0.377160 0.614085
vt 0.293294 0.613876
vt 0.319123 0.613940
vt 0.348882 0.531544
vt 0.348677 0.614014
vt 0.537899 0.614147
vt 0.135767 0.613473
vt 0.561040 0.614185
vt 0.086586 0.613710
vt 0.113553 0.613398
vt 0.583187 0.614221
vt 0.610048 0.614666
vt 0.173106 0.793566
vt 0.158377 0.793516
vt 0.522968 0.793401
vt 0.500679 0.793364
vt 0.195481 0.793640
vt 0.473299 0.793320
vt 0.222965 0.793732
vt 0.436103 0.793258
vt 0.260348 0.780738
vt 0.415002 0.780485
vt 0.281575 0.773973
vt 0.402988 0.774117
vt 0.376758 0.774908
vt 0.292895 0.773843
vt 0.318722 0.774501
vt 0.348278 0.773981
vt 0.537605 0.793425
vt 0.135165 0.793439
vt 0.560746 0.793463
vt 0.035359 0.611892
vt 0.023735 0.611853
vt 0.078566 0.622935
vt 0.076220 0.612886
vt 0.055973 0.612818
vt 0.085986 0.793274
vt 0.112951 0.793364
vt 0.582893 0.793499
vt 0.609755 0.793543
vt 0.617992 0.623895
vt 0.641795 0.623934
vt 0.640548 0.613930
vt 0.620379 0.613896
vt 0.014338 0.611822
vt 0.172825 0.877599
vt 0.158096 0.877550
vt 0.500542 0.877077
vt 0.522831 0.877114
vt 0.195200 0.877674
vt 0.473162 0.877032
vt 0.222684 0.877766
vt 0.446469 0.849361
vt 0.249619 0.850123
vt 0.432934 0.795214
vt 0.423367 0.788448
vt 0.427387 0.849921
vt 0.442934 0.847723
vt 0.273616 0.778813
vt 0.262822 0.781868
vt 0.254258 0.848838
vt 0.274040 0.850548
vt 0.412506 0.782135
vt 0.412789 0.853113
vt 0.400837 0.782971
vt 0.400984 0.860418
vt 0.282798 0.853593
vt 0.286211 0.775235
vt 0.293343 0.775104
vt 0.293802 0.861046
vt 0.348019 0.877679
vt 0.376515 0.872738
vt 0.318477 0.872856
vt 0.537468 0.877138
vt 0.134884 0.877473
vt 0.560609 0.877176
vt 0.085705 0.877308
vt 0.112670 0.877398
vt 0.582756 0.877212
vt 0.609618 0.877255
vt 0.078696 0.877285
vt 0.053819 0.877566
vt 0.037530 0.787310
vt 0.037126 0.746686
vt 0.021226 0.747476
vt 0.020511 0.785990
vt 0.003780 0.793224
vt 0.017557 0.794085
vt 0.171929 0.929952
vt 0.158544 0.929908
vt 0.503208 0.929237
vt 0.523463 0.929270
vt 0.192263 0.930020
vt 0.478326 0.929196
vt 0.217240 0.930104
vt 0.453455 0.929155
vt 0.242207 0.930187
vt 0.414932 0.853997
vt 0.425374 0.929109
vt 0.281253 0.854934
vt 0.270395 0.930282
vt 0.414767 0.854847
vt 0.402767 0.862709
vt 0.397894 0.930093
vt 0.408843 0.930120
vt 0.373923 0.930033
vt 0.297272 0.929842
vt 0.292674 0.862434
vt 0.281427 0.854514
vt 0.286974 0.929816
vt 0.320879 0.929901
vt 0.347890 0.929968
vt 0.536765 0.929291
vt 0.137449 0.929837
vt 0.557795 0.929326
vt 0.088424 0.931887
vt 0.117262 0.929769
vt 0.577922 0.929359
vt 0.606293 0.932186
vt 0.085330 0.932575
vt 0.063782 0.929590
vt 0.616600 0.877267
vt 0.609386 0.932872
vt 0.631198 0.929446
vt 0.641380 0.877308
vt 0.038155 0.878066
vt 0.037026 0.930094
vt 0.051133 0.930592
vt 0.019158 0.878001
vt 0.019919 0.930035
vt 0.003497 0.877763
vt 0.005818 0.930440
vt 0.044757 0.611924
vt 0.171800 0.965090
vt 0.159851 0.965050
vt 0.505336 0.964244
vt 0.523418 0.964274
vt 0.189951 0.965151
vt 0.483125 0.964208
vt 0.214000 0.965810
vt 0.457506 0.964165
vt 0.237964 0.965311
vt 0.435857 0.964130
vt 0.259697 0.965384
vt 0.392915 0.965174
vt 0.402793 0.965199
vt 0.371290 0.965120
vt 0.302140 0.964948
vt 0.292850 0.964924
vt 0.323437 0.965001
vt 0.347805 0.965061
vt 0.535292 0.964293
vt 0.141021 0.964987
vt 0.554065 0.964324
vt 0.094569 0.963305
vt 0.123000 0.964927
vt 0.572031 0.964353
vt 0.600167 0.963535
vt 0.089727 0.964779
vt 0.072119 0.964757
vt 0.605012 0.964997
vt 0.622718 0.964436
vt 0.171975 0.995325
vt 0.189080 0.995325
vt 0.506055 0.995325
vt 0.483464 0.995325
vt 0.215263 0.995909
vt 0.463083 0.995325
vt 0.234554 0.995325
vt 0.445074 0.995325
vt 0.250295 0.995325
vt 0.389430 0.995325
vt 0.398561 0.995325
vt 0.369440 0.995325
vt 0.296933 0.995325
vt 0.305520 0.995325
vt 0.325207 0.995325
vt 0.347731 0.995325
vt 0.535269 0.995325
vt 0.523173 0.995325
vt 0.134773 0.995325
vt 0.159730 0.995325
vt 0.098110 0.995325
vt 0.123655 0.995325
vt 0.571230 0.995325
vt 0.560019 0.995325
vt 0.596631 0.995325
vt 0.089945 0.995325
vt 0.088543 0.995325
vt 0.604808 0.995325
vt 0.606208 0.995325
vt 0.599601 0.072465
vt 0.618641 0.131138
vt 0.799909 0.127573
vt 0.811559 0.066773
vt 0.563414 0.074077
vt 0.589165 0.132451
vt 0.906311 0.083133
vt 0.890286 0.079923
vt 0.859240 0.136976
vt 0.867499 0.138630
vt 0.838183 0.068968
vt 0.827252 0.129109
vt 0.854823 0.072821
vt 0.836028 0.132327
vt 0.872882 0.076438
vt 0.847724 0.134669
vt 0.653197 0.129599
vt 0.642024 0.070575
vt 0.765302 0.127418
vt 0.774099 0.067994
vt 0.729424 0.067604
vt 0.726842 0.127159
vt 0.687200 0.068306
vt 0.691914 0.127758
vt 0.771054 0.245518
vt 0.755631 0.245449
vt 0.652193 0.247834
vt 0.640289 0.248364
vt 0.782971 0.245571
vt 0.621464 0.249203
vt 0.801814 0.245656
vt 0.617003 0.249402
vt 0.829798 0.252283
vt 0.836456 0.253617
vt 0.804290 0.246375
vt 0.811086 0.248535
vt 0.820515 0.250424
vt 0.667588 0.247148
vt 0.736675 0.245364
vt 0.725165 0.245312
vt 0.686539 0.246304
vt 0.698038 0.245791
vt 0.718976 0.245287
vt 0.704029 0.245525
vt 0.758448 0.370388
vt 0.747199 0.370338
vt 0.669789 0.372099
vt 0.661106 0.372486
vt 0.767139 0.370427
vt 0.647376 0.373098
vt 0.780882 0.370488
vt 0.644123 0.373243
vt 0.801501 0.374346
vt 0.806646 0.375376
vt 0.782228 0.370412
vt 0.787040 0.371450
vt 0.794326 0.372909
vt 0.681017 0.371599
vt 0.733374 0.370276
vt 0.724979 0.370238
vt 0.694838 0.370983
vt 0.703225 0.370609
vt 0.719861 0.370223
vt 0.707646 0.370412
vt 0.750951 0.443950
vt 0.742324 0.443911
vt 0.680224 0.445302
vt 0.673565 0.445599
vt 0.757617 0.443980
vt 0.663034 0.446068
vt 0.768158 0.444027
vt 0.660539 0.446179
vt 0.785579 0.446213
vt 0.789669 0.447032
vt 0.769712 0.443526
vt 0.774081 0.443910
vt 0.779874 0.445071
vt 0.688836 0.444919
vt 0.731720 0.443864
vt 0.725257 0.449294
vt 0.699436 0.444446
vt 0.706411 0.456327
vt 0.720540 0.445946
vt 0.709696 0.446113
vt 0.744762 0.512706
vt 0.738120 0.512676
vt 0.689161 0.513755
vt 0.684034 0.513984
vt 0.749894 0.512729
vt 0.766369 0.512515
vt 0.695791 0.513460
vt 0.670511 0.676379
vt 0.669773 0.677839
vt 0.694122 0.696696
vt 0.695490 0.694755
vt 0.777070 0.674062
vt 0.773229 0.675071
vt 0.751731 0.691353
vt 0.753121 0.693187
vt 0.662825 0.678178
vt 0.689617 0.699916
vt 0.744366 0.548110
vt 0.735972 0.554408
vt 0.685360 0.545859
vt 0.691323 0.550223
vt 0.749866 0.544118
vt 0.760812 0.535560
vt 0.699634 0.556144
vt 0.713573 0.707217
vt 0.714006 0.706228
vt 0.733448 0.703191
vt 0.733971 0.703781
vt 0.636754 0.516992
vt 0.632702 0.517637
vt 0.641464 0.557569
vt 0.644286 0.559914
vt 0.682307 0.550058
vt 0.685962 0.589905
vt 0.811148 0.513118
vt 0.802161 0.516063
vt 0.796144 0.558335
vt 0.802728 0.553349
vt 0.762037 0.546422
vt 0.759174 0.586334
vt 0.622631 0.519223
vt 0.632277 0.558838
vt 0.718355 0.572655
vt 0.720072 0.614687
vt 0.725354 0.570259
vt 0.725293 0.612343
vt 0.662409 0.662470
vt 0.665069 0.664301
vt 0.696441 0.687132
vt 0.778278 0.662812
vt 0.781925 0.660050
vt 0.750630 0.683750
vt 0.653826 0.661807
vt 0.720870 0.615693
vt 0.720950 0.704939
vt 0.722824 0.705520
vt 0.725890 0.702178
vt 0.749920 0.546596
vt 0.749441 0.550758
vt 0.720264 0.573779
vt 0.728137 0.562634
vt 0.736055 0.556287
vt 0.735937 0.560279
vt 0.728078 0.565883
vt 0.429836 0.180196
vt 0.436993 0.163661
vt 0.394487 0.163104
vt 0.402178 0.180231
vt 0.410273 0.185753
vt 0.421718 0.185935
vt 0.337858 0.307791
vt 0.331426 0.302403
vt 0.349384 0.309114
vt 0.360567 0.307747
vt 0.367192 0.302471
vt 0.373966 0.294024
vt 0.325183 0.293927
vt 0.377353 0.288195
vt 0.322078 0.288480
vt 0.320569 0.283364
vt 0.378816 0.283482
vt 0.033902 0.397342
vt 0.042697 0.392582
vt 0.095380 0.392706
vt 0.104125 0.397325
vt 0.071391 0.386523
vt 0.907455 0.138719
vt 0.903729 0.115386
vt 0.023266 0.402762
vt 0.003349 0.475306
vt 0.021223 0.480092
vt 0.114803 0.402652
vt 0.116464 0.480502
vt 0.134552 0.475950
vt 0.032871 0.479997
vt 0.104790 0.480168
vt 0.071391 0.480622
vt 0.071391 0.517569
vt 0.092375 0.514806
vt 0.045118 0.514693
vt 0.026939 0.500178
vt 0.110623 0.500378
vt 0.744342 0.554628
vt 0.744170 0.550491
vt 0.040252 0.794295
vt 0.036906 0.707118
vt 0.034737 0.689679
vt 0.023847 0.689641
vt 0.021561 0.706939
vt 0.355978 0.483363
vt 0.355960 0.525704
vt 0.462455 0.159828
vt 0.449324 0.165612
vt 0.482057 0.215456
vt 0.492630 0.205670
vt 0.340847 0.525976
vt 0.341658 0.483643
vt 0.468477 0.221532
vt 0.438729 0.175409
vt 0.515295 0.164676
vt 0.504179 0.159683
vt 0.512027 0.187133
vt 0.522116 0.184510
vt 0.568329 0.135326
vt 0.555562 0.148719
vt 0.564598 0.168459
vt 0.575670 0.154545
vt 0.496588 0.162985
vt 0.502263 0.182962
vt 0.575366 0.133509
vt 0.578182 0.144365
vt 0.486200 0.174055
vt 0.498674 0.183488
vt 0.586415 0.130123
vt 0.583084 0.142087
vt 0.564598 0.168459
vt 0.575670 0.154545
vt 0.515295 0.164676
vt 0.504180 0.159683
vt 0.496710 0.162982
vt 0.502263 0.182962
vt 0.583084 0.142088
vt 0.486022 0.174042
vt 0.498674 0.183488
vt 0.120996 0.263243
vt 0.102044 0.284296
vt 0.108121 0.285007
vt 0.123319 0.268124
vt 0.106911 0.311799
vt 0.112024 0.307063
vt 0.132089 0.317684
vt 0.153207 0.308872
vt 0.159476 0.287262
vt 0.149496 0.264495
vt 0.146174 0.269128
vt 0.498993 0.049531
vt 0.516093 0.049531
vt 0.516093 0.027627
vt 0.499264 0.027627
vt 0.529775 0.049531
vt 0.529775 0.027627
vt 0.547305 0.049531
vt 0.547305 0.027627
vt 0.558236 0.049531
vt 0.558236 0.027627
vt 0.575336 0.049531
vt 0.575336 0.027627
vt 0.591130 0.049531
vt 0.591405 0.027627
vt 0.606925 0.049531
vt 0.607200 0.027627
vt 0.824905 0.601189
vt 0.817959 0.605528
vt 0.835352 0.620178
vt 0.844118 0.609432
vt 0.851554 0.550317
vt 0.851538 0.548588
vt 0.829061 0.550045
vt 0.828965 0.551183
vt 0.792866 0.619239
vt 0.803006 0.625800
vt 0.812651 0.612579
vt 0.801796 0.605497
vt 0.819625 0.639455
vt 0.829986 0.626755
vt 0.826746 0.568171
vt 0.824683 0.584429
vt 0.846932 0.587252
vt 0.848995 0.570993
vt 0.790443 0.637995
vt 0.806449 0.655606
vt 0.788509 0.636827
vt 0.814302 0.593828
vt 0.913671 0.259624
vt 0.928325 0.381315
vt 0.936944 0.380277
vt 0.922290 0.258586
vt 0.985121 0.374854
vt 0.992894 0.251698
vt 0.987893 0.374935
vt 0.996368 0.252663
vt 0.843347 0.268967
vt 0.879638 0.387787
vt 0.942513 0.397182
vt 0.981437 0.387833
vt 0.981844 0.384860
vt 0.940416 0.391903
vt 0.992617 0.247544
vt 0.921666 0.249926
vt 0.886128 0.396595
vt 0.928705 0.393362
vt 0.986945 0.384478
vt 0.722707 0.455496
vt 0.719413 0.455501
vt 0.720019 0.563601
vt 0.722368 0.563598
vt 0.716118 0.455538
vt 0.717670 0.563628
vt 0.712824 0.455608
vt 0.715321 0.563677
vt 0.709531 0.455710
vt 0.712973 0.563750
vt 0.570653 0.515897
vt 0.574274 0.515897
vt 0.574274 0.509161
vt 0.570653 0.509161
vt 0.577345 0.515897
vt 0.580679 0.515897
vt 0.580679 0.510151
vt 0.577345 0.510151
vt 0.583946 0.515897
vt 0.587175 0.515897
vt 0.587175 0.509161
vt 0.583946 0.509161
vt 0.590339 0.515897
vt 0.593879 0.515897
vt 0.593879 0.510151
vt 0.590339 0.510151
vt 0.569190 0.500414
vt 0.575738 0.500414
vt 0.582286 0.500414
vt 0.588835 0.500414
vt 0.595383 0.500414
vt 0.632109 0.976501
vt 0.631312 0.983045
vt 0.641933 0.982754
vt 0.642311 0.979203
vt 0.418899 0.948755
vt 0.418877 0.961819
vt 0.427684 0.953603
vt 0.427684 0.948755
vt 0.636105 0.961424
vt 0.643759 0.973598
vt 0.629463 0.982526
vt 0.622075 0.973843
vt 0.620747 0.976824
vt 0.623845 0.967292
vt 0.620895 0.995560
vt 0.617060 0.982521
vt 0.418070 0.943303
vt 0.420386 0.948315
vt 0.428081 0.943211
vt 0.426857 0.940673
vt 0.635391 0.993322
vt 0.638560 0.988477
vt 0.414333 0.930785
vt 0.425438 0.936037
vt 0.409977 0.945725
vt 0.410420 0.948755
vt 0.408369 0.940274
vt 0.410443 0.954438
vt 0.165255 0.371503
vt 0.175280 0.371552
vt 0.175541 0.343393
vt 0.165313 0.343338
vt 0.125967 0.371549
vt 0.136683 0.371494
vt 0.136624 0.343328
vt 0.126287 0.343390
vt 0.146249 0.371444
vt 0.146217 0.343272
vt 0.155825 0.371449
vt 0.155853 0.343277
vt 0.174590 0.335300
vt 0.165394 0.335256
vt 0.182829 0.343390
vt 0.183730 0.335296
vt 0.136540 0.335248
vt 0.127188 0.335296
vt 0.146193 0.335204
vt 0.155915 0.335208
vt 0.182508 0.371549
vt 0.196922 0.016146
vt 0.184881 0.016146
vt 0.184881 0.038831
vt 0.196922 0.038831
vt 0.281035 0.016146
vt 0.247750 0.016146
vt 0.247750 0.038831
vt 0.281035 0.038831
vt 0.230806 0.016146
vt 0.230806 0.038831
vt 0.601362 0.231331
vt 0.585272 0.218244
vt 0.569665 0.221769
vt 0.596949 0.283021
vt 0.608620 0.270299
vt 0.610213 0.250596
vt 0.583939 0.200242
vt 0.564380 0.208909
vt 0.596293 0.175742
vt 0.580956 0.182538
vt 0.557494 0.192934
vt 0.589704 0.160132
vt 0.574143 0.167027
vt 0.550328 0.177580
vt 0.568870 0.222807
vt 0.575217 0.237347
vt 0.588392 0.267079
vt 0.594334 0.280490
vt 0.562986 0.208902
vt 0.556774 0.194459
vt 0.550262 0.180562
vt 0.581804 0.252213
vt 0.561774 0.225951
vt 0.568201 0.240456
vt 0.581376 0.270188
vt 0.587319 0.283599
vt 0.555658 0.212149
vt 0.549289 0.197775
vt 0.543073 0.183747
vt 0.574789 0.255322
vt 0.541047 0.237841
vt 0.539165 0.258891
vt 0.553375 0.228988
vt 0.563156 0.290445
vt 0.580421 0.290345
vt 0.547491 0.278389
vt 0.531940 0.240181
vt 0.527839 0.225100
vt 0.515036 0.230774
vt 0.547399 0.216433
vt 0.531310 0.240460
vt 0.514372 0.231081
vt 0.516729 0.210997
vt 0.501392 0.217793
vt 0.540191 0.200601
vt 0.509816 0.195530
vt 0.494255 0.202426
vt 0.533631 0.184978
vt 0.561233 0.243544
vt 0.554884 0.229004
vt 0.580351 0.286687
vt 0.574408 0.273276
vt 0.548330 0.215396
vt 0.541804 0.201092
vt 0.535884 0.186932
vt 0.567821 0.258410
vt 0.110100 0.143967
vt 0.110100 0.150037
vt 0.137042 0.150037
vt 0.137042 0.143967
vt 0.001441 0.249061
vt 0.034941 0.247461
vt 0.032985 0.206518
vt 0.001659 0.222030
vt 0.009463 0.141512
vt 0.030575 0.143151
vt 0.033617 0.120590
vt 0.009939 0.118752
vt 0.036583 0.108670
vt 0.008848 0.106517
vt 0.108735 0.177008
vt 0.111267 0.223304
vt 0.137042 0.223304
vt 0.137042 0.177008
vt 0.112016 0.057019
vt 0.111268 0.070701
vt 0.137043 0.070701
vt 0.137043 0.031349
vt 0.012020 0.065650
vt 0.039755 0.067803
vt 0.037633 0.051560
vt 0.016622 0.049929
vt 0.137042 0.158903
vt 0.108735 0.158903
vt 0.006305 0.264877
vt 0.032337 0.263634
vt 0.137042 0.116996
vt 0.108735 0.116996
vt 0.108735 0.135101
vt 0.137042 0.135101
vt 0.030253 0.045199
vt 0.024895 0.044783
vt 0.031205 0.313449
vt 0.010611 0.308973
vt 0.017057 0.316279
vt 0.022308 0.317420
vt 0.141686 0.223304
vt 0.141686 0.177008
vt 0.007774 0.145505
vt 0.031468 0.147344
vt 0.141686 0.070701
vt 0.141686 0.031349
vt 0.143771 0.135101
vt 0.141686 0.116996
vt 0.032745 0.306316
vt 0.010432 0.302468
vt 0.145284 0.158903
vt 0.160583 0.223304
vt 0.160583 0.177008
vt 0.001555 0.165226
vt 0.031613 0.164137
vt 0.164477 0.033833
vt 0.160583 0.135101
vt 0.164476 0.116996
vt 0.033122 0.292802
vt 0.033862 0.295556
vt 0.033417 0.286251
vt 0.025161 0.286645
vt 0.160583 0.158903
vt 0.034872 0.292743
vt 0.160920 0.155059
vt 0.147702 0.155349
vt 0.016683 0.279974
vt 0.029679 0.279353
vt 0.183064 0.135101
vt 0.160583 0.154109
vt 0.168566 0.152691
vt 0.172517 0.223304
vt 0.176472 0.177008
vt 0.178516 0.036165
vt 0.187154 0.116997
vt 0.179021 0.158903
vt 0.168904 0.156478
vt 0.009411 0.287397
vt 0.112016 0.236985
vt 0.137042 0.262656
vt 0.141686 0.262656
vt 0.160583 0.261061
vt 0.168567 0.263104
vt 0.615180 0.611815
vt 0.638861 0.608463
vt 0.636964 0.595069
vt 0.613284 0.598421
vt 0.634411 0.577034
vt 0.610731 0.580386
vt 0.931175 0.913035
vt 0.931175 0.908926
vt 0.918214 0.908926
vt 0.918214 0.913035
vt 0.910647 0.877721
vt 0.915439 0.894500
vt 0.927901 0.890941
vt 0.923109 0.874162
vt 0.915439 0.927461
vt 0.910647 0.944240
vt 0.923109 0.947799
vt 0.927901 0.931019
vt 0.628614 0.564292
vt 0.612764 0.566535
vt 0.918085 0.903312
vt 0.931304 0.903312
vt 0.931304 0.918649
vt 0.918085 0.918649
vt 0.622226 0.560971
vt 0.617979 0.561572
vt 0.620366 0.387477
vt 0.623472 0.400921
vt 0.646336 0.395637
vt 0.643229 0.382193
vt 0.625026 0.407643
vt 0.647890 0.402359
vt 0.627716 0.419286
vt 0.650580 0.414002
vt 0.630823 0.432730
vt 0.653687 0.427446
vt 0.632377 0.439452
vt 0.655241 0.434168
vt 0.635067 0.451094
vt 0.657931 0.445810
vt 0.194275 0.040861
vt 0.194275 0.043768
vt 0.281843 0.043768
vt 0.281843 0.040861
vt 0.194275 0.046676
vt 0.281843 0.046676
vt 0.194275 0.049583
vt 0.281843 0.049583
vt 0.194275 0.052491
vt 0.281843 0.052491
vt 0.194275 0.055398
vt 0.281843 0.055398
vt 0.649144 0.780883
vt 0.656721 0.780883
vt 0.656695 0.775542
vt 0.649169 0.775542
vt 0.649169 0.825549
vt 0.656695 0.825549
vt 0.656695 0.806572
vt 0.649169 0.806572
vt 0.656721 0.804341
vt 0.649144 0.804341
vt 0.659710 0.802292
vt 0.661922 0.783411
vt 0.643942 0.783411
vt 0.646155 0.802292
vt 0.751733 0.714240
vt 0.772523 0.714240
vt 0.772523 0.706362
vt 0.751733 0.695275
vt 0.757609 1.001338
vt 0.758701 0.974850
vt 0.705992 0.974140
vt 0.704566 1.000623
vt 0.757403 0.865156
vt 0.750770 0.848369
vt 0.750999 0.833101
vt 0.771891 0.823457
vt 0.772142 0.778988
vt 0.751697 0.778469
vt 0.782138 0.709673
vt 0.774098 0.699799
vt 0.772580 0.725573
vt 0.807693 0.780374
vt 0.649041 0.973372
vt 0.813625 0.726974
vt 0.751941 0.729642
vt 0.807168 0.822442
vt 0.639878 0.999751
vt 0.752771 0.922376
vt 0.757650 0.913064
vt 0.757618 0.924038
vt 0.761114 0.923437
vt 0.761146 0.912650
vt 0.747051 0.867727
vt 0.856435 0.746729
vt 0.819113 0.792435
vt 0.819827 0.831819
vt 0.851618 0.828440
vt 0.850648 0.792501
vt 0.816602 0.840835
vt 0.849061 0.836430
vt 0.926511 0.959731
vt 0.926826 0.950803
vt 0.924454 0.951102
vt 0.924141 0.959909
vt 0.736329 0.783238
vt 0.702893 0.782788
vt 0.922601 0.778875
vt 0.908087 0.575380
vt 0.872580 0.562580
vt 0.884302 0.634486
vt 0.665988 0.782290
vt 0.932923 0.586538
vt 0.908538 0.646100
vt 0.736054 0.774909
vt 0.702913 0.774907
vt 0.929131 0.783136
vt 0.909574 0.714971
vt 0.932354 0.663400
vt 0.926192 0.660794
vt 0.897853 0.709359
vt 0.666944 0.775938
vt 0.881617 0.757298
vt 0.873857 0.753642
vt 0.893006 0.809687
vt 0.858675 0.820835
vt 0.850905 0.872683
vt 0.890120 0.872683
vt 0.927341 0.658056
vt 0.925282 0.872683
vt 0.929409 0.872683
vt 0.899449 0.952579
vt 0.912181 0.911578
vt 0.899449 0.952579
vt 0.912182 0.911578
vt 0.810433 0.776210
vt 0.815737 0.776208
vt 0.780632 0.924816
vt 0.768982 0.962969
vt 0.780632 0.924816
vt 0.852453 0.791602
vt 0.859212 0.791598
vt 0.782282 0.874473
vt 0.845956 0.874629
vt 0.761260 0.874841
vt 0.757761 0.874828
vt 0.845956 0.874629
vt 0.903049 0.874768
vt 0.903050 0.874769
vt 0.811065 0.805181
vt 0.815105 0.805178
vt 0.902505 0.999241
vt 0.840630 0.999339
vt 0.922760 0.999111
vt 0.925130 0.998977
vt 0.840630 0.999339
vt 0.781793 0.999426
vt 0.853380 0.820572
vt 0.858284 0.820568
vt 0.905256 0.946666
vt 0.924455 0.951147
vt 0.924138 0.959995
vt 0.905256 0.946666
vt 0.643422 0.865487
vt 0.643410 0.868710
vt 0.922766 0.998894
vt 0.778683 0.927230
vt 0.761113 0.923546
vt 0.761146 0.912657
vt 0.778683 0.927230
vt 0.637185 0.919138
vt 0.637208 0.923875
vt 0.761263 0.874718
vt 0.269085 0.058325
vt 0.249893 0.058331
vt 0.248346 0.192176
vt 0.270568 0.192169
vt 0.236441 0.058794
vt 0.232769 0.192764
vt 0.217264 0.058032
vt 0.210563 0.191934
vt 0.203821 0.057515
vt 0.194999 0.191335
vt 0.334537 0.055981
vt 0.315401 0.057455
vt 0.324197 0.191279
vt 0.346353 0.189573
vt 0.301951 0.058008
vt 0.308624 0.191915
vt 0.282774 0.058779
vt 0.286419 0.192748
vt 0.255047 0.228704
vt 0.264143 0.228701
vt 0.248671 0.228935
vt 0.215875 0.228153
vt 0.224965 0.228503
vt 0.209504 0.227908
vt 0.333607 0.226061
vt 0.342677 0.225363
vt 0.327232 0.226323
vt 0.294509 0.228475
vt 0.303598 0.228123
vt 0.270632 0.228928
vt 0.272837 0.229838
vt 0.252240 0.229838
vt 0.252240 0.243129
vt 0.272837 0.243129
vt 0.236638 0.229838
vt 0.236638 0.243129
vt 0.213034 0.229838
vt 0.213034 0.243129
vt 0.191997 0.229838
vt 0.191997 0.243129
vt 0.356419 0.229838
vt 0.336571 0.229838
vt 0.336571 0.243129
vt 0.356419 0.243129
vt 0.313759 0.229838
vt 0.313759 0.243129
vt 0.291582 0.229838
vt 0.291582 0.243129
vt 0.562307 0.450174
vt 0.580710 0.468901
vt 0.581264 0.405516
vt 0.562537 0.423919
vt 0.606965 0.469130
vt 0.625692 0.450727
vt 0.625921 0.424472
vt 0.607518 0.405745
vt 0.626252 0.459829
vt 0.610839 0.475514
vt 0.663927 0.475051
vt 0.648242 0.459637
vt 0.611031 0.497504
vt 0.664118 0.497040
vt 0.626716 0.512917
vt 0.648705 0.512725
vt 0.264973 0.954627
vt 0.264973 0.993439
vt 0.269419 0.993439
vt 0.269419 0.954627
vt 0.277093 0.993439
vt 0.277093 0.954627
vt 0.281540 0.993439
vt 0.281540 0.954627
vt 0.289214 0.993439
vt 0.289214 0.954627
vt 0.269419 0.997886
vt 0.277093 0.997886
vt 0.277093 0.950181
vt 0.269419 0.950181
vt 0.495334 0.043659
vt 0.495334 0.034343
vt 0.288109 0.034343
vt 0.288109 0.043659
vt 0.495334 0.028270
vt 0.288109 0.028270
vt 0.495334 0.022197
vt 0.288109 0.022197
vt 0.495334 0.013284
vt 0.288109 0.013284
vt 0.495334 0.003977
vt 0.288109 0.003977
vt 0.495334 0.052562
vt 0.288109 0.052562
vt 0.807781 0.837482
vt 0.787994 0.836681
vt 0.806393 0.871754
vt 0.816980 0.855019
vt 0.777407 0.853416
vt 0.786606 0.870953
vt 0.894829 0.760276
vt 0.911979 0.770178
vt 0.911979 0.730572
vt 0.894829 0.740473
vt 0.929129 0.760276
vt 0.929129 0.740473
vt 0.513919 0.089492
vt 0.503619 0.089492
vt 0.503619 0.140877
vt 0.513919 0.140877
vt 0.494699 0.089492
vt 0.494699 0.140877
vt 0.485938 0.089492
vt 0.485938 0.140877
vt 0.475479 0.089492
vt 0.475638 0.140877
vt 0.531759 0.089492
vt 0.522839 0.089492
vt 0.522839 0.140877
vt 0.531918 0.140877
vt 0.524978 0.061341
vt 0.524978 0.064908
vt 0.600027 0.064908
vt 0.600027 0.061341
vt 0.524978 0.067997
vt 0.600027 0.067997
vt 0.524978 0.071086
vt 0.600027 0.071086
vt 0.524978 0.051596
vt 0.524978 0.055163
vt 0.600027 0.055163
vt 0.600027 0.051596
vt 0.524978 0.058252
vt 0.600027 0.058252
vt 0.851384 0.049312
vt 0.854191 0.037149
vt 0.830317 0.044449
vt 0.839447 0.052962
vt 0.845061 0.028636
vt 0.833124 0.032286
vt 0.167673 0.265572
vt 0.170007 0.286726
vt 0.194374 0.273331
vt 0.180980 0.248964
vt 0.202133 0.246629
vt 0.218742 0.259936
vt 0.221077 0.281090
vt 0.207769 0.297699
vt 0.186616 0.300033
vt 0.207816 0.297556
vt 0.221123 0.280947
vt 0.194421 0.273188
vt 0.218789 0.259793
vt 0.202180 0.246486
vt 0.181026 0.248821
vt 0.167719 0.265430
vt 0.170054 0.286583
vt 0.186662 0.299890
vt 0.408037 0.975159
vt 0.408037 0.989792
vt 0.420710 0.982476
vt 0.420710 0.967843
vt 0.433382 0.975159
vt 0.433382 0.989792
vt 0.420710 0.997109
vt 0.047002 0.998013
vt 0.052250 0.998013
vt 0.052250 0.970091
vt 0.047002 0.970091
vt 0.056795 0.998013
vt 0.056795 0.970091
vt 0.061340 0.998013
vt 0.061340 0.970091
vt 0.066588 0.998013
vt 0.066588 0.970091
vt 0.069212 0.998013
vt 0.069212 0.970091
vt 0.073756 0.998013
vt 0.073757 0.970091
vt 0.650699 0.728983
vt 0.657917 0.728983
vt 0.657917 0.694299
vt 0.650699 0.694299
vt 0.665507 0.728983
vt 0.665507 0.694299
vt 0.672725 0.728983
vt 0.672725 0.694299
vt 0.677186 0.728983
vt 0.677186 0.694299
vt 0.646238 0.728983
vt 0.646238 0.694299
vt 0.402901 0.305847
vt 0.407165 0.304891
vt 0.406313 0.301090
vt 0.402048 0.302046
vt 0.400997 0.277376
vt 0.396732 0.278332
vt 0.386835 0.236980
vt 0.392293 0.235758
vt 0.393038 0.234384
vt 0.385577 0.236054
vt 0.376164 0.192419
vt 0.382956 0.190899
vt 0.377957 0.170070
vt 0.371808 0.171446
vt 0.391486 0.188334
vt 0.384663 0.160854
vt 0.361815 0.165967
vt 0.367354 0.193734
vt 0.403678 0.273056
vt 0.392463 0.275570
vt 0.384386 0.193831
vt 0.394258 0.190696
vt 0.376120 0.195681
vt 0.365854 0.197052
vt 0.402077 0.265911
vt 0.390861 0.268426
vt 0.385892 0.200107
vt 0.396314 0.198975
vt 0.377433 0.202000
vt 0.367523 0.205418
vt 0.398639 0.264066
vt 0.393182 0.265289
vt 0.385798 0.203827
vt 0.396156 0.202730
vt 0.379103 0.205325
vt 0.369265 0.208748
vt 0.404302 0.235534
vt 0.375877 0.241895
vt 0.750192 0.023146
vt 0.769022 0.022885
vt 0.768746 0.002991
vt 0.749916 0.003252
vt 0.787852 0.022624
vt 0.787576 0.002730
vt 0.806682 0.022363
vt 0.806406 0.002469
vt 0.825511 0.022102
vt 0.825236 0.002208
vt 0.674873 0.024190
vt 0.693703 0.023929
vt 0.693427 0.004035
vt 0.674597 0.004296
vt 0.712533 0.023668
vt 0.712257 0.003774
vt 0.731363 0.023407
vt 0.731087 0.003513
vt 0.167380 0.320745
vt 0.175421 0.325419
vt 0.176405 0.322267
vt 0.169582 0.318302
vt 0.189170 0.329686
vt 0.182523 0.325823
vt 0.181279 0.328823
vt 0.189523 0.333614
vt 0.163464 0.314746
vt 0.159239 0.316014
vt 0.747939 0.771101
vt 0.747939 0.761716
vt 0.646840 0.761716
vt 0.646840 0.771102
vt 0.646840 0.743007
vt 0.646840 0.752409
vt 0.747939 0.752409
vt 0.747939 0.743007
vt 0.747939 0.733714
vt 0.646840 0.733714
vt 0.187461 0.302839
vt 0.180990 0.299078
vt 0.193933 0.306600
vt 0.200403 0.310361
vt 0.174519 0.295318
vt 0.917519 0.405244
vt 0.907493 0.405263
vt 0.907594 0.458601
vt 0.917619 0.458582
vt 0.902481 0.405272
vt 0.902581 0.458611
vt 0.893799 0.405289
vt 0.893899 0.458627
vt 0.883773 0.405308
vt 0.883874 0.458646
vt 0.875091 0.405324
vt 0.875192 0.458662
vt 0.922531 0.405235
vt 0.922632 0.458573
vt 0.815416 0.516571
vt 0.832012 0.516693
vt 0.832012 0.510520
vt 0.815416 0.510398
vt 0.832012 0.484486
vt 0.815416 0.484486
vt 0.815416 0.542375
vt 0.832012 0.542498
vt 0.839724 0.510584
vt 0.839724 0.484486
vt 0.807706 0.484486
vt 0.807706 0.510456
vt 0.870216 0.808458
vt 0.886266 0.808458
vt 0.878241 0.795200
vt 0.862191 0.794558
vt 0.870216 0.780659
vt 0.886266 0.780659
vt 0.894291 0.794558
vt 0.044469 0.519326
vt 0.014902 0.531608
vt 0.044469 0.561260
vt 0.074035 0.531608
vt 0.086282 0.561260
vt 0.074035 0.590912
vt 0.044469 0.603194
vt 0.014902 0.590912
vt 0.002655 0.561260
vt 0.014481 0.590761
vt 0.044047 0.603044
vt 0.044047 0.561109
vt 0.073614 0.590761
vt 0.085861 0.561109
vt 0.073614 0.531457
vt 0.044047 0.519175
vt 0.014481 0.531457
vt 0.002234 0.561109
vt 0.826399 0.063544
vt 0.826399 0.057197
vt 0.769132 0.057197
vt 0.769132 0.063544
vt 0.826399 0.050850
vt 0.769132 0.050850
vt 0.826399 0.044503
vt 0.769132 0.044503
vt 0.826399 0.038156
vt 0.769132 0.038156
vt 0.826399 0.031809
vt 0.769132 0.031809
vt 0.826399 0.025461
vt 0.769132 0.025461
vt 0.762477 0.058464
vt 0.762477 0.052629
vt 0.612177 0.052629
vt 0.612177 0.058464
vt 0.762477 0.046794
vt 0.612177 0.046794
vt 0.762477 0.040959
vt 0.612177 0.040959
vt 0.762477 0.035124
vt 0.612177 0.035124
vt 0.762477 0.029289
vt 0.612177 0.029289
vt 0.475097 0.055738
vt 0.475097 0.060628
vt 0.519211 0.060628
vt 0.519211 0.055738
vt 0.475097 0.065517
vt 0.519211 0.065517
vt 0.475097 0.070406
vt 0.519211 0.070406
vt 0.475097 0.075296
vt 0.519211 0.075296
vt 0.475097 0.080185
vt 0.519211 0.080185
vt 0.475097 0.085074
vt 0.519211 0.085074
vt 0.541330 0.003017
vt 0.519817 0.003000
vt 0.519817 0.025729
vt 0.541330 0.025713
vt 0.498304 0.003000
vt 0.498304 0.025729
vt 0.670408 0.003033
vt 0.648895 0.003708
vt 0.648895 0.026372
vt 0.670408 0.025697
vt 0.627382 0.003017
vt 0.627382 0.025713
vt 0.605869 0.003000
vt 0.605869 0.025729
vt 0.584356 0.003017
vt 0.584356 0.025713
vt 0.562843 0.002358
vt 0.562843 0.025022
vt 0.857315 0.545748
vt 0.884682 0.561044
vt 0.886184 0.479463
vt 0.846115 0.484046
vt 0.902002 0.568188
vt 0.904130 0.471551
vt 0.926044 0.569118
vt 0.928630 0.460168
vt 0.857315 0.545748
vt 0.846115 0.484046
vt 0.902002 0.568188
vt 0.928631 0.460168
vt 0.926044 0.569118
vt 0.854769 0.545599
vt 0.882730 0.562154
vt 0.884193 0.477251
vt 0.844609 0.483025
vt 0.901961 0.569961
vt 0.901920 0.469132
vt 0.927222 0.569743
vt 0.931255 0.457305
vt 0.839050 0.253773
vt 0.857533 0.264757
vt 0.855850 0.246546
vt 0.843785 0.232801
vt 0.865194 0.230824
vt 0.873690 0.250573
vt 0.843718 0.232928
vt 0.839057 0.253916
vt 0.855832 0.246630
vt 0.857578 0.264835
vt 0.873686 0.250595
vt 0.865120 0.230875
vt 0.875754 0.053390
vt 0.880599 0.061663
vt 0.889541 0.050870
vt 0.877359 0.043938
vt 0.884665 0.037730
vt 0.894252 0.037670
vt 0.901635 0.043786
vt 0.903359 0.053217
vt 0.898617 0.061550
vt 0.889629 0.064885
vt 0.889206 0.065217
vt 0.898189 0.061866
vt 0.889095 0.051201
vt 0.902917 0.053526
vt 0.901177 0.044097
vt 0.893784 0.037993
vt 0.884197 0.038069
vt 0.876902 0.044290
vt 0.875312 0.053745
vt 0.880172 0.062009
vt 0.934560 0.189368
vt 0.941985 0.165886
vt 0.922112 0.172517
vt 0.909932 0.189563
vt 0.902137 0.166200
vt 0.921947 0.151567
vt 0.902109 0.166420
vt 0.909905 0.189783
vt 0.922085 0.172737
vt 0.934532 0.189588
vt 0.941958 0.166106
vt 0.921919 0.151787
vt 0.864628 0.166877
vt 0.860424 0.182249
vt 0.873261 0.185759
vt 0.877464 0.170387
vt 0.854654 0.203353
vt 0.867490 0.206863
vt 0.848379 0.226300
vt 0.861216 0.229810
vt 0.873965 0.132729
vt 0.867801 0.155273
vt 0.880637 0.158783
vt 0.886801 0.136239
vt 0.281722 0.001769
vt 0.278639 0.001769
vt 0.278638 0.011073
vt 0.281721 0.011073
vt 0.275363 0.001769
vt 0.275363 0.011073
vt 0.232566 0.002196
vt 0.222566 0.002196
vt 0.222566 0.014091
vt 0.232566 0.014091
vt 0.187935 0.001769
vt 0.185036 0.001769
vt 0.185036 0.011073
vt 0.187935 0.011073
vt 0.183382 0.001769
vt 0.183382 0.011073
vt 0.146671 0.002196
vt 0.136557 0.002195
vt 0.136557 0.014090
vt 0.146670 0.014090
vt 0.094784 0.001768
vt 0.092025 0.001768
vt 0.092026 0.011072
vt 0.094784 0.011072
vt 0.089024 0.001768
vt 0.089025 0.011072
vt 0.050240 0.002201
vt 0.042723 0.002202
vt 0.042725 0.014096
vt 0.050241 0.014095
vt 0.839737 0.058868
vt 0.840748 0.061525
vt 0.920182 0.090290
vt 0.922315 0.088341
vt 0.003289 0.001779
vt 0.003290 0.011083
vt 0.839449 0.055692
vt 0.924082 0.086074
vt 0.906550 0.002089
vt 0.904052 0.002287
vt 0.908854 0.003506
vt 0.922315 0.088341
vt 0.920176 0.090320
vt 0.885508 0.027739
vt 0.885508 0.023470
vt 0.830254 0.023470
vt 0.830254 0.027739
vt 0.885508 0.017609
vt 0.830254 0.017609
vt 0.885508 0.011235
vt 0.830254 0.011235
vt 0.885508 0.004974
vt 0.830254 0.004974
vt 0.885508 0.001752
vt 0.830254 0.001752
vt 0.921834 0.030535
vt 0.920104 0.030535
vt 0.920104 0.061152
vt 0.921834 0.061152
vt 0.917728 0.030535
vt 0.917728 0.061152
vt 0.915145 0.030535
vt 0.915145 0.061152
vt 0.912608 0.030535
vt 0.912608 0.061152
vt 0.911302 0.030535
vt 0.911302 0.061152
vt 0.917898 0.030535
vt 0.916167 0.030535
vt 0.916167 0.061152
vt 0.917898 0.061152
vt 0.913792 0.030535
vt 0.913792 0.061152
vt 0.911209 0.030535
vt 0.911209 0.061152
vt 0.921741 0.030535
vt 0.919204 0.030535
vt 0.919204 0.061152
vt 0.921741 0.061152
vt 0.917898 0.030535
vt 0.916168 0.030535
vt 0.916168 0.061152
vt 0.917898 0.061152
vt 0.913792 0.030535
vt 0.913792 0.061152
vt 0.911210 0.030535
vt 0.911210 0.061152
vt 0.921742 0.030535
vt 0.919204 0.030535
vt 0.919204 0.061152
vt 0.921742 0.061152
vt 0.925875 0.089053
vt 0.925875 0.112476
vt 0.939581 0.112476
vt 0.939581 0.089053
vt 0.925874 0.137104
vt 0.939580 0.137105
vt 0.925875 0.036677
vt 0.925875 0.060100
vt 0.939581 0.060101
vt 0.939582 0.036677
vt 0.925875 0.074577
vt 0.939581 0.074577
vt 0.945879 0.019897
vt 0.945879 0.027640
vt 0.996797 0.027640
vt 0.996797 0.019897
vt 0.945879 0.035780
vt 0.996797 0.035780
vt 0.945879 0.002586
vt 0.945879 0.010328
vt 0.996797 0.010328
vt 0.996797 0.002586
vt 0.945879 0.015113
vt 0.996797 0.015113
vt 0.936962 0.246716
vt 0.936962 0.192183
vt 0.925131 0.192183
vt 0.925131 0.246716
vt 0.907997 0.192183
vt 0.907997 0.246716
vt 0.896166 0.192183
vt 0.896166 0.246716
vt 0.879032 0.192183
vt 0.879032 0.246716
vt 0.927139 0.006481
vt 0.927139 0.027095
vt 0.941374 0.027095
vt 0.941374 0.006481
vt 0.911377 0.006481
vt 0.911377 0.027095
vt 0.925611 0.027095
vt 0.925611 0.006481
vt 0.943210 0.056977
vt 0.943210 0.231487
vt 0.947438 0.231487
vt 0.947457 0.056977
vt 0.986219 0.231487
vt 0.986200 0.056977
vt 0.995310 0.231487
vt 0.995310 0.056977
vt 0.985968 0.056959
vt 0.985968 0.231469
vt 0.947225 0.231469
vt 0.947225 0.056959
vt 0.947153 0.235726
vt 0.985667 0.240579
vt 0.985539 0.037842
vt 0.954643 0.042690
vt 0.954997 0.046924
vt 0.986223 0.046924
vt 0.954789 0.046906
vt 0.985968 0.046906
vt 0.947457 0.046924
vt 0.943210 0.046924
vt 0.995310 0.046924
vt 0.986200 0.046924
vt 0.403367 0.213999
vt 0.421124 0.219768
vt 0.416216 0.204663
vt 0.403367 0.195328
vt 0.421124 0.189558
vt 0.432098 0.204663
vt 0.421030 0.189558
vt 0.403273 0.195328
vt 0.416122 0.204663
vt 0.403273 0.213999
vt 0.421030 0.219768
vt 0.432005 0.204663
vt 0.227493 0.283388
vt 0.256794 0.292443
vt 0.248696 0.268737
vt 0.227493 0.254087
vt 0.256795 0.245032
vt 0.274904 0.268737
vt 0.248696 0.268737
vt 0.227493 0.283388
vt 0.479537 0.246768
vt 0.477297 0.258777
vt 0.449494 0.248817
vt 0.476583 0.235113
vt 0.468944 0.225828
vt 0.457943 0.220517
vt 0.445480 0.220100
vt 0.433711 0.224649
vt 0.424671 0.233376
vt 0.419923 0.244773
vt 0.420288 0.256869
vt 0.425703 0.267573
vt 0.435231 0.275034
vt 0.447226 0.277962
vt 0.459612 0.275850
vt 0.470249 0.269064
vt 0.477436 0.258867
vt 0.479677 0.246857
vt 0.449633 0.248906
vt 0.476722 0.235203
vt 0.469084 0.225917
vt 0.458081 0.220607
vt 0.445619 0.220190
vt 0.433850 0.224738
vt 0.424810 0.233465
vt 0.420062 0.244863
vt 0.420427 0.256959
vt 0.425842 0.267663
vt 0.435371 0.275124
vt 0.447365 0.278051
vt 0.459751 0.275940
vt 0.470388 0.269154
vt 0.956877 0.405995
vt 0.986341 0.405995
vt 0.986540 0.397162
vt 0.956678 0.397162
vt 0.938597 0.455572
vt 0.987153 0.455572
vt 0.987153 0.989003
vt 0.938597 0.975659
vt 0.937301 0.979252
vt 0.982513 0.997151
vt 0.985731 0.988890
vt 0.938046 0.975693
vt 0.986142 0.456390
vt 0.937163 0.456390
vt 0.994975 0.989003
vt 0.994975 0.456390
vt 0.933106 0.456390
vt 0.934051 0.975505
vt 0.994975 0.405995
vt 0.957291 0.405995
vt 0.987153 0.405995
vt 0.949039 0.405995
vt 0.829167 0.391079
vt 0.839503 0.393988
vt 0.845431 0.372925
vt 0.835095 0.370016
vt 0.850370 0.397047
vt 0.856299 0.375984
vt 0.860706 0.399956
vt 0.866635 0.378893
vt 0.867094 0.401754
vt 0.873023 0.380691
vt 0.822778 0.389280
vt 0.828707 0.368218
vt 0.502329 0.245839
vt 0.522521 0.286554
vt 0.531973 0.281866
vt 0.511781 0.241151
vt 0.540170 0.277801
vt 0.519979 0.237086
vt 0.484680 0.254592
vt 0.504871 0.295307
vt 0.514323 0.290619
vt 0.494132 0.249904
vt 0.555272 0.075498
vt 0.548426 0.075498
vt 0.548426 0.138450
vt 0.555272 0.138450
vt 0.541580 0.075498
vt 0.541580 0.138450
vt 0.534734 0.075498
vt 0.534734 0.138450
vt 0.562118 0.075498
vt 0.562118 0.138450
vt 0.868060 0.362138
vt 0.864169 0.350060
vt 0.841404 0.357395
vt 0.845296 0.369473
vt 0.860277 0.337982
vt 0.837513 0.345317
vt 0.856386 0.325905
vt 0.833621 0.333240
vt 0.852494 0.313827
vt 0.829730 0.321162
vt 0.848603 0.301750
vt 0.825838 0.309085
vt 0.804726 0.466842
vt 0.814046 0.469167
vt 0.831828 0.397858
vt 0.822508 0.395534
vt 0.823365 0.471491
vt 0.841147 0.400182
vt 0.832685 0.473815
vt 0.850467 0.402506
vt 0.842005 0.476139
vt 0.859787 0.404830
vt 0.851325 0.478463
vt 0.869107 0.407154
vt 0.782675 0.506701
vt 0.781581 0.510997
vt 0.787175 0.512421
vt 0.788269 0.508124
vt 0.821403 0.345441
vt 0.819551 0.352716
vt 0.824862 0.354068
vt 0.826714 0.346792
vt 0.817699 0.359992
vt 0.823011 0.361343
vt 0.817459 0.370024
vt 0.816366 0.374320
vt 0.821960 0.375744
vt 0.823054 0.371447
vt 0.811894 0.382803
vt 0.810082 0.389924
vt 0.815394 0.391275
vt 0.817206 0.384155
vt 0.808270 0.397044
vt 0.813581 0.398396
vt 0.808089 0.406841
vt 0.806320 0.413793
vt 0.811914 0.415217
vt 0.813684 0.408265
vt 0.802218 0.420825
vt 0.801112 0.425168
vt 0.806424 0.426520
vt 0.807529 0.422177
vt 0.800007 0.429511
vt 0.805318 0.430863
vt 0.800781 0.435556
vt 0.798921 0.442866
vt 0.804515 0.444290
vt 0.806376 0.436980
vt 0.795393 0.447640
vt 0.793878 0.453593
vt 0.799189 0.454945
vt 0.800705 0.448991
vt 0.792363 0.459546
vt 0.797674 0.460898
vt 0.792600 0.467701
vt 0.790831 0.474653
vt 0.796425 0.476077
vt 0.798194 0.469125
vt 0.786358 0.483139
vt 0.784558 0.490213
vt 0.789869 0.491565
vt 0.791670 0.484491
vt 0.782758 0.497287
vt 0.788069 0.498639
vt 0.488778 0.228769
vt 0.494167 0.239422
vt 0.494306 0.239512
vt 0.488916 0.228859
vt 0.776996 0.519924
vt 0.782308 0.521276
vt 0.483388 0.218116
vt 0.483527 0.218205
vt 0.443538 0.206933
vt 0.456223 0.204770
vt 0.456362 0.204859
vt 0.443676 0.207023
vt 0.430851 0.209096
vt 0.430991 0.209185
vt 0.406365 0.242820
vt 0.408630 0.230681
vt 0.408768 0.230771
vt 0.406504 0.242910
vt 0.404100 0.254959
vt 0.404239 0.255048
vt 0.428632 0.286835
vt 0.417556 0.281490
vt 0.417696 0.281580
vt 0.428770 0.286925
vt 0.439706 0.292181
vt 0.439846 0.292270
vt 0.479565 0.278151
vt 0.470368 0.287031
vt 0.470506 0.287121
vt 0.479704 0.278241
vt 0.488763 0.269272
vt 0.488902 0.269362
s 1
usemtl lambert1
f 1/1/1 2/2/2 3/3/3
f 4/4/4 5/5/5 6/6/6
f 7/7/7 8/8/8 9/9/9
f 10/10/10 11/11/11 12/12/12
f 12/12/12 11/11/11 13/13/13
f 14/14/14 15/15/15 16/16/16
f 16/16/16 15/15/15 17/17/17
f 18/18/18 19/19/19 20/20/20
f 21/21/21 22/22/19 23/23/22
f 24/24/23 25/25/24 26/26/25
f 27/27/26 28/28/27 29/29/28
f 26/26/25 25/25/24 30/30/29
f 29/29/28 28/28/27 31/31/30
f 32/32/31 33/33/32 34/34/33
f 35/35/34 36/36/35 37/37/36
f 38/38/37 39/39/38 40/40/39
f 41/41/40 42/42/41 43/43/42
f 44/44/43 45/45/44 46/46/45
f 6/6/6 47/47/46 4/4/4
f 48/48/47 9/9/9 8/8/8
f 4/4/4 49/49/48 2/2/2
f 50/50/49 8/8/8 51/51/50
f 52/52/51 53/53/52 54/54/53
f 55/55/54 56/56/55 57/57/56
f 53/53/52 38/38/37 54/54/53
f 42/42/41 55/55/54 57/57/56
f 58/58/57 59/59/58 60/60/59
f 61/61/60 62/62/61 63/63/62
f 64/64/63 65/65/64 66/66/65
f 67/67/66 68/68/67 69/69/68
f 70/70/69 71/71/70 72/72/71
f 73/73/72 74/74/73 75/75/74
f 76/76/75 77/77/76 78/78/77
f 78/78/77 77/77/76 79/79/78
f 80/80/79 78/78/77 79/79/78
f 76/76/75 78/78/77 80/80/79
f 81/81/80 82/82/81 83/83/82
f 84/84/83 85/85/84 86/86/85
f 82/82/81 87/87/86 88/88/87
f 89/89/88 82/82/81 88/88/87
f 90/90/89 91/91/90 92/92/91
f 93/93/92 94/94/93 95/95/94
f 96/96/95 97/97/96 98/98/97
f 99/99/98 100/100/99 101/101/100
f 102/102/101 103/103/102 104/104/103
f 105/105/104 106/106/105 107/107/106
f 108/108/107 83/83/82 82/82/81
f 108/108/107 82/82/81 89/89/88
f 109/109/108 110/110/109 111/111/110
f 112/112/111 113/113/112 114/114/113
f 115/115/114 116/116/115 117/117/116
f 118/118/117 119/119/118 120/120/119
f 120/120/119 119/119/118 121/121/120
f 119/119/118 122/122/121 121/121/120
f 122/122/121 123/123/122 121/121/120
f 124/124/123 125/125/124 126/126/125
f 127/127/126 128/128/127 129/129/125
f 130/130/128 131/131/129 132/132/130
f 133/133/131 130/130/128 132/132/130
f 134/134/132 135/135/133 136/136/134
f 137/137/135 138/138/136 139/139/137
f 140/140/138 141/141/139 142/142/140
f 143/143/141 144/144/142 145/145/143
f 144/144/142 146/146/144 145/145/143
f 146/146/144 147/147/145 145/145/143
f 147/147/145 148/148/146 145/145/143
f 148/148/146 149/149/147 145/145/143
f 149/149/147 150/150/148 145/145/143
f 150/150/148 151/151/149 145/145/143
f 151/151/149 143/143/141 145/145/143
f 152/152/150 153/153/151 154/154/152
f 153/153/151 155/155/153 154/154/152
f 155/155/153 156/156/154 154/154/152
f 156/156/154 157/157/155 154/154/152
f 157/157/155 158/158/156 154/154/152
f 158/158/156 159/159/157 154/154/152
f 159/159/157 160/160/158 154/154/152
f 160/160/158 152/152/150 154/154/152
f 161/161/159 51/51/50 162/162/160
f 163/163/161 164/164/162 82/82/81
f 164/164/162 165/165/163 82/82/81
f 166/166/164 167/167/165 168/168/166
f 169/169/167 170/170/168 171/171/169
f 172/172/170 173/173/171 174/174/172
f 175/175/173 176/176/174 177/177/175
f 178/178/176 179/179/177 180/180/178
f 181/181/179 182/182/180 183/183/181
f 184/184/182 185/185/183 186/186/184
f 187/187/185 188/188/186 189/189/187
f 190/190/188 191/191/189 192/192/190
f 193/193/191 194/194/192 195/195/193
f 196/196/194 193/193/191 197/197/195
f 198/198/196 199/199/197 200/200/198
f 199/199/197 201/201/199 200/200/198
f 201/201/199 202/202/200 200/200/198
f 202/202/200 203/203/201 200/200/198
f 203/203/201 204/204/202 200/200/198
f 204/204/202 205/205/203 200/200/198
f 205/205/203 198/198/196 200/200/198
f 206/206/204 207/207/205 208/208/206
f 209/209/207 210/210/208 211/211/209
f 212/212/210 209/209/207 211/211/209
f 213/213/211 212/212/210 211/211/209
f 214/214/212 213/213/211 211/211/209
f 215/215/213 214/214/212 211/211/209
f 216/216/214 215/215/213 211/211/209
f 210/210/208 216/216/214 211/211/209
f 217/217/215 218/218/216 219/219/217
f 218/218/216 220/220/218 221/221/219
f 220/220/218 222/222/220 223/223/219
f 222/222/220 224/224/221 225/225/219
f 226/226/222 227/227/223 228/228/224
f 229/229/225 226/226/222 228/228/224
f 230/230/226 231/231/227 228/228/224
f 232/232/228 230/230/226 228/228/224
f 233/233/229 232/232/228 228/228/224
f 227/227/223 233/233/229 228/228/224
f 234/234/230 235/235/231 236/236/232
f 235/235/231 237/237/233 236/236/232
f 238/238/234 239/239/235 236/236/232
f 239/239/235 240/240/236 236/236/232
f 240/240/236 241/241/237 236/236/232
f 241/241/237 234/234/230 236/236/232
f 242/242/238 243/243/239 244/244/240
f 245/245/241 243/243/239 242/242/238
f 246/246/242 243/243/239 247/247/243
f 248/248/244 243/243/239 246/246/242
f 244/244/240 243/243/239 248/248/244
f 249/249/245 250/250/246 251/251/247
f 252/252/248 249/249/245 251/251/247
f 253/253/249 254/254/250 251/251/247
f 255/255/251 253/253/249 251/251/247
f 250/250/246 255/255/251 251/251/247
f 256/256/252 257/257/253 258/258/254
f 259/259/255 260/260/256 261/261/257
f 262/262/258 263/263/259 264/264/260
f 265/265/261 266/266/262 267/267/263
f 266/266/262 268/268/264 267/267/263
f 268/268/264 269/269/265 267/267/263
f 269/269/265 270/270/266 267/267/263
f 270/270/266 271/271/267 267/267/263
f 271/271/267 265/265/261 267/267/263
f 272/272/268 273/273/269 274/274/270
f 275/275/271 276/276/272 277/277/273
f 278/278/270 279/279/274 280/280/275
f 281/281/276 282/282/277 283/283/278
f 284/284/279 285/285/280 286/286/281
f 287/287/282 288/288/283 289/289/284
f 290/290/285 291/291/286 292/292/287
f 293/293/288 292/292/287 277/277/273
f 292/292/287 291/291/286 277/277/273
f 294/294/289 295/295/290 296/296/291
f 297/297/292 298/298/293 299/299/294
f 300/300/295 301/301/296 302/302/297
f 303/303/298 304/304/299 305/305/300
f 306/306/301 307/307/302 308/308/303
f 309/272/304 310/274/305 311/273/306
f 312/275/307 313/277/308 314/276/309
f 315/278/305 316/280/310 317/279/311
f 318/281/312 319/283/313 320/282/314
f 321/284/315 322/286/316 323/285/317
f 324/287/318 325/289/319 326/288/320
f 327/290/321 328/292/322 329/291/323
f 330/293/324 313/277/308 328/292/322
f 328/292/322 313/277/308 329/291/323
f 331/294/325 332/296/326 333/295/327
f 334/297/328 335/299/329 336/298/330
f 337/300/331 338/302/332 339/301/333
f 340/303/334 341/305/335 342/304/336
f 343/306/337 344/308/338 345/307/339
f 346/198/340 347/200/198 348/199/341
f 348/199/341 347/200/198 349/201/342
f 349/201/342 347/200/198 350/202/343
f 350/202/343 347/200/198 351/203/344
f 351/203/344 347/200/198 352/204/345
f 352/204/345 347/200/198 353/205/346
f 353/205/346 347/200/198 346/198/340
f 354/206/347 355/208/348 356/207/349
f 357/209/350 358/211/351 359/210/352
f 360/212/353 358/211/351 357/209/350
f 361/213/354 358/211/351 360/212/353
f 362/214/355 358/211/351 361/213/354
f 363/215/356 358/211/351 362/214/355
f 364/216/357 358/211/351 363/215/356
f 359/210/352 358/211/351 364/216/357
f 365/309/358 366/310/359 367/311/360
f 366/310/359 368/312/361 367/311/360
f 368/312/361 369/313/362 367/311/360
f 369/313/362 370/314/363 367/311/360
f 370/314/363 371/315/364 367/311/360
f 371/315/364 365/309/358 367/311/360
f 372/316/365 373/317/366 374/318/367
f 372/316/365 374/318/367 375/319/368
f 376/320/369 377/321/370 373/317/366
f 376/320/369 373/317/366 372/316/365
f 378/322/371 379/323/372 377/321/370
f 378/322/371 377/321/370 376/320/369
f 380/324/373 381/325/374 379/323/372
f 380/324/373 379/323/372 378/322/371
f 382/326/375 383/327/376 381/325/374
f 382/326/375 381/325/374 380/324/373
f 384/328/377 385/329/378 383/327/376
f 384/328/377 383/327/376 382/326/375
f 386/330/379 387/331/380 385/329/378
f 386/330/379 385/329/378 384/328/377
f 388/332/381 389/333/382 387/331/380
f 388/332/381 387/331/380 386/330/379
f 390/334/383 391/335/384 389/333/382
f 390/334/383 389/333/382 388/332/381
f 392/336/385 393/337/386 391/335/384
f 392/336/385 391/335/384 390/334/383
f 394/338/387 395/339/388 393/337/386
f 394/338/387 393/337/386 392/336/385
f 396/340/389 12/12/12 395/339/388
f 396/340/389 395/339/388 394/338/387
f 397/341/390 10/10/10 12/12/12
f 397/341/390 12/12/12 396/340/389
f 398/342/391 399/343/392 10/10/10
f 398/342/391 10/10/10 397/341/390
f 400/344/393 14/14/14 399/343/392
f 400/344/393 399/343/392 398/342/391
f 401/345/394 15/15/15 14/14/14
f 401/345/394 14/14/14 400/344/393
f 402/346/395 403/347/396 15/15/15
f 402/346/395 15/15/15 401/345/394
f 404/348/397 405/349/398 403/347/396
f 404/348/397 403/347/396 402/346/395
f 406/350/399 407/351/400 405/349/398
f 406/350/399 405/349/398 404/348/397
f 375/319/368 374/318/367 407/351/400
f 375/319/368 407/351/400 406/350/399
f 373/317/366 408/352/401 409/353/402
f 373/317/366 409/353/402 374/318/367
f 377/321/370 410/354/403 408/352/401
f 377/321/370 408/352/401 373/317/366
f 379/323/372 411/355/404 410/354/403
f 379/323/372 410/354/403 377/321/370
f 381/325/374 412/356/405 411/355/404
f 381/325/374 411/355/404 379/323/372
f 383/327/376 413/357/406 412/356/405
f 383/327/376 412/356/405 381/325/374
f 385/329/378 414/358/407 413/357/406
f 385/329/378 413/357/406 383/327/376
f 387/331/380 415/359/408 414/358/407
f 387/331/380 414/358/407 385/329/378
f 389/333/382 416/360/409 415/359/408
f 389/333/382 415/359/408 387/331/380
f 391/335/384 417/361/410 416/360/409
f 391/335/384 416/360/409 389/333/382
f 393/337/386 418/362/411 417/361/410
f 393/337/386 417/361/410 391/335/384
f 395/339/388 419/363/412 418/362/411
f 395/339/388 418/362/411 393/337/386
f 420/364/413 419/363/412 395/339/388
f 420/364/413 395/339/388 12/12/12
f 403/347/396 421/365/414 422/366/415
f 403/347/396 422/366/415 15/15/15
f 405/349/398 423/367/416 421/365/414
f 405/349/398 421/365/414 403/347/396
f 407/351/400 424/368/417 423/367/416
f 407/351/400 423/367/416 405/349/398
f 374/318/367 409/353/402 424/368/417
f 374/318/367 424/368/417 407/351/400
f 408/352/401 162/162/160 425/369/418
f 408/352/401 425/369/418 409/353/402
f 410/354/403 161/161/159 162/162/160
f 410/354/403 162/162/160 408/352/401
f 411/355/404 426/370/419 161/161/159
f 411/355/404 161/161/159 410/354/403
f 412/356/405 427/371/420 426/370/419
f 412/356/405 426/370/419 411/355/404
f 413/357/406 428/372/421 427/371/420
f 413/357/406 427/371/420 412/356/405
f 414/358/407 3/3/3 428/372/421
f 414/358/407 428/372/421 413/357/406
f 415/359/408 1/1/1 3/3/3
f 415/359/408 3/3/3 414/358/407
f 416/360/409 429/373/422 1/1/1
f 416/360/409 1/1/1 415/359/408
f 417/361/410 430/374/423 429/373/422
f 417/361/410 429/373/422 416/360/409
f 418/362/411 431/375/424 430/374/423
f 418/362/411 430/374/423 417/361/410
f 419/363/412 432/376/425 431/375/424
f 419/363/412 431/375/424 418/362/411
f 433/377/426 432/376/425 419/363/412
f 433/377/426 419/363/412 420/364/413
f 421/365/414 434/378/427 435/379/428
f 421/365/414 435/379/428 422/366/415
f 423/367/416 436/380/429 434/378/427
f 423/367/416 434/378/427 421/365/414
f 424/368/417 437/381/430 436/380/429
f 424/368/417 436/380/429 423/367/416
f 409/353/402 425/369/418 437/381/430
f 409/353/402 437/381/430 424/368/417
f 162/162/160 51/51/50 8/8/8
f 162/162/160 8/8/8 425/369/418
f 430/374/423 438/382/431 4/4/4
f 430/374/423 4/4/4 429/373/422
f 431/375/424 439/383/432 438/382/431
f 431/375/424 438/382/431 430/374/423
f 432/376/425 440/384/433 439/383/432
f 432/376/425 439/383/432 431/375/424
f 18/18/18 440/384/433 432/376/425
f 18/18/18 432/376/425 433/377/426
f 434/378/427 441/385/434 442/386/435
f 434/378/427 442/386/435 435/379/428
f 436/380/429 443/387/436 441/385/434
f 436/380/429 441/385/434 434/378/427
f 437/381/430 444/388/437 443/387/436
f 437/381/430 443/387/436 436/380/429
f 425/369/418 8/8/8 444/388/437
f 425/369/418 444/388/437 437/381/430
f 5/5/5 445/389/432 446/390/438
f 5/5/5 446/390/438 6/6/6
f 445/389/432 447/391/439 448/392/440
f 445/389/432 448/392/440 446/390/438
f 447/391/439 449/393/18 450/394/441
f 447/391/439 450/394/441 448/392/440
f 451/395/442 452/396/434 453/397/443
f 451/395/442 453/397/443 454/398/444
f 452/396/434 455/399/445 456/400/446
f 452/396/434 456/400/446 453/397/443
f 455/399/445 7/7/7 9/9/9
f 455/399/445 9/9/9 456/400/446
f 10/10/10 399/343/392 457/401/447
f 10/10/10 457/401/447 11/11/11
f 399/343/392 14/14/14 16/16/16
f 399/343/392 16/16/16 457/401/447
f 458/402/448 17/17/17 15/15/15
f 458/402/448 15/15/15 422/366/415
f 13/13/13 459/403/449 420/364/413
f 13/13/13 420/364/413 12/12/12
f 460/404/450 458/402/448 422/366/415
f 460/404/450 422/366/415 435/379/428
f 459/403/449 461/405/451 433/377/426
f 459/403/449 433/377/426 420/364/413
f 462/406/452 460/404/450 435/379/428
f 462/406/452 435/379/428 442/386/435
f 19/19/19 18/18/18 433/377/426
f 19/19/19 433/377/426 461/405/451
f 463/407/453 464/408/444 465/409/454
f 463/407/453 465/409/454 466/410/455
f 467/411/456 24/24/23 26/26/25
f 467/411/456 26/26/25 468/412/457
f 24/24/23 469/413/458 470/414/459
f 24/24/23 470/414/459 25/25/24
f 469/413/458 27/27/26 29/29/28
f 469/413/458 29/29/28 470/414/459
f 27/27/26 471/415/460 472/416/461
f 27/27/26 472/416/461 28/28/27
f 25/25/24 470/414/459 473/417/462
f 25/25/24 473/417/462 30/30/29
f 470/414/459 29/29/28 31/31/30
f 470/414/459 31/31/30 473/417/462
f 474/418/463 475/419/464 476/420/465
f 474/418/463 476/420/465 477/421/466
f 474/418/463 478/422/467 479/423/468
f 474/418/463 479/423/468 475/419/464
f 480/424/469 481/425/470 482/426/471
f 480/424/469 482/426/471 483/427/472
f 481/425/470 484/428/473 485/429/474
f 481/425/470 485/429/474 482/426/471
f 486/430/473 487/431/475 488/432/476
f 486/430/473 488/432/476 489/433/477
f 490/434/478 491/435/479 488/432/476
f 490/434/478 488/432/476 487/431/475
f 476/420/465 475/419/464 492/436/480
f 476/420/465 492/436/480 493/437/481
f 475/419/464 479/423/468 494/438/482
f 475/419/464 494/438/482 492/436/480
f 483/427/472 482/426/471 495/439/483
f 483/427/472 495/439/483 496/440/484
f 482/426/471 485/429/474 497/441/485
f 482/426/471 497/441/485 495/439/483
f 489/433/477 488/432/476 498/442/486
f 489/433/477 498/442/486 499/443/487
f 488/432/476 491/435/479 500/444/488
f 488/432/476 500/444/488 498/442/486
f 493/437/481 492/436/480 501/445/489
f 493/437/481 501/445/489 502/446/490
f 492/436/480 494/438/482 503/447/491
f 492/436/480 503/447/491 501/445/489
f 496/440/484 495/439/483 504/448/492
f 496/440/484 504/448/492 505/449/493
f 495/439/483 497/441/485 506/450/494
f 495/439/483 506/450/494 504/448/492
f 499/443/487 498/442/486 507/451/495
f 499/443/487 507/451/495 508/452/496
f 498/442/486 500/444/488 509/453/497
f 498/442/486 509/453/497 507/451/495
f 502/446/490 501/445/489 33/33/32
f 502/446/490 33/33/32 32/32/31
f 501/445/489 503/447/491 510/454/498
f 501/445/489 510/454/498 33/33/32
f 505/449/493 504/448/492 511/455/499
f 505/449/493 511/455/499 512/456/500
f 504/448/492 506/450/494 513/457/501
f 504/448/492 513/457/501 511/455/499
f 508/452/496 507/451/495 35/35/34
f 508/452/496 35/35/34 514/458/502
f 507/451/495 509/453/497 36/36/35
f 507/451/495 36/36/35 35/35/34
f 469/413/458 515/459/503 471/415/460
f 469/413/458 471/415/460 27/27/26
f 24/24/23 467/411/456 515/459/503
f 24/24/23 515/459/503 469/413/458
f 33/33/32 510/454/498 516/460/504
f 33/33/32 516/460/504 34/34/33
f 512/456/500 511/455/499 517/461/505
f 512/456/500 517/461/505 518/462/506
f 511/455/499 513/457/501 519/463/507
f 511/455/499 519/463/507 517/461/505
f 514/458/502 35/35/34 37/37/36
f 514/458/502 37/37/36 520/464/508
f 521/465/509 522/466/510 523/467/511
f 521/465/509 523/467/511 524/468/512
f 517/461/505 519/463/507 525/469/513
f 517/461/505 525/469/513 526/470/514
f 527/471/515 521/465/509 524/468/512
f 527/471/515 524/468/512 528/472/516
f 526/470/514 525/469/513 528/472/516
f 526/470/514 528/472/516 524/468/512
f 526/470/514 524/468/512 523/467/511
f 526/470/514 523/467/511 529/473/517
f 517/461/505 526/470/514 529/473/517
f 517/461/505 529/473/517 518/462/506
f 530/474/511 531/475/518 532/476/519
f 530/474/511 532/476/519 533/477/520
f 521/465/509 527/471/515 534/478/521
f 521/465/509 534/478/521 535/479/522
f 536/480/523 537/481/524 538/482/525
f 536/480/523 538/482/525 539/483/526
f 522/466/510 521/465/509 535/479/522
f 522/466/510 535/479/522 540/484/527
f 537/481/524 541/485/528 542/486/529
f 537/481/524 542/486/529 538/482/525
f 543/487/517 530/474/511 533/477/520
f 543/487/517 533/477/520 544/488/530
f 541/485/528 520/464/508 37/37/36
f 541/485/528 37/37/36 542/486/529
f 516/460/504 543/487/517 544/488/530
f 516/460/504 544/488/530 34/34/33
f 533/477/520 532/476/519 545/489/531
f 533/477/520 545/489/531 546/490/532
f 535/479/522 534/478/521 547/491/533
f 535/479/522 547/491/533 548/492/534
f 539/483/526 538/482/525 549/493/535
f 539/483/526 549/493/535 550/494/536
f 540/484/527 535/479/522 548/492/534
f 540/484/527 548/492/534 551/495/537
f 538/482/525 542/486/529 552/496/538
f 538/482/525 552/496/538 549/493/535
f 544/488/530 533/477/520 546/490/532
f 544/488/530 546/490/532 553/497/539
f 542/486/529 37/37/36 554/498/540
f 542/486/529 554/498/540 552/496/538
f 34/34/33 544/488/530 553/497/539
f 34/34/33 553/497/539 555/499/541
f 546/490/532 545/489/531 556/500/542
f 546/490/532 556/500/542 557/501/543
f 548/492/534 547/491/533 558/502/544
f 548/492/534 558/502/544 559/503/545
f 550/494/536 549/493/535 560/504/546
f 550/494/536 560/504/546 561/505/547
f 551/495/537 548/492/534 559/503/545
f 551/495/537 559/503/545 562/506/548
f 549/493/535 552/496/538 563/507/549
f 549/493/535 563/507/549 560/504/546
f 553/497/539 546/490/532 557/501/543
f 553/497/539 557/501/543 564/508/550
f 552/496/538 554/498/540 39/39/38
f 552/496/538 39/39/38 563/507/549
f 555/499/541 553/497/539 564/508/550
f 555/499/541 564/508/550 41/41/40
f 557/501/543 556/500/542 565/509/551
f 557/501/543 565/509/551 56/56/55
f 559/503/545 558/502/544 566/510/552
f 559/503/545 566/510/552 567/511/553
f 561/505/547 560/504/546 52/52/51
f 561/505/547 52/52/51 568/512/554
f 562/506/548 559/503/545 567/511/553
f 562/506/548 567/511/553 569/513/555
f 560/504/546 563/507/549 53/53/52
f 560/504/546 53/53/52 52/52/51
f 564/508/550 557/501/543 56/56/55
f 564/508/550 56/56/55 55/55/54
f 563/507/549 39/39/38 38/38/37
f 563/507/549 38/38/37 53/53/52
f 41/41/40 564/508/550 55/55/54
f 41/41/40 55/55/54 42/42/41
f 467/411/456 468/412/457 570/514/556
f 467/411/456 570/514/556 571/515/557
f 472/416/461 471/415/460 572/516/558
f 472/416/461 572/516/558 573/517/559
f 574/518/560 477/421/466 575/519/561
f 574/518/560 575/519/561 576/520/562
f 490/434/478 577/521/563 578/522/564
f 490/434/478 578/522/564 579/523/565
f 477/421/466 476/420/465 580/524/566
f 477/421/466 580/524/566 575/519/561
f 491/435/479 490/434/478 579/523/565
f 491/435/479 579/523/565 581/525/567
f 476/420/465 493/437/481 582/526/568
f 476/420/465 582/526/568 580/524/566
f 500/444/488 491/435/479 581/525/567
f 500/444/488 581/525/567 583/527/569
f 493/437/481 502/446/490 584/528/570
f 493/437/481 584/528/570 582/526/568
f 509/453/497 500/444/488 583/527/569
f 509/453/497 583/527/569 585/529/571
f 502/446/490 32/32/31 586/530/572
f 502/446/490 586/530/572 584/528/570
f 36/36/35 509/453/497 585/529/571
f 36/36/35 585/529/571 587/531/573
f 515/459/503 467/411/456 571/515/557
f 515/459/503 571/515/557 588/532/574
f 471/415/460 515/459/503 588/532/574
f 471/415/460 588/532/574 572/516/558
f 32/32/31 34/34/33 589/533/575
f 32/32/31 589/533/575 586/530/572
f 37/37/36 36/36/35 587/531/573
f 37/37/36 587/531/573 590/534/576
f 571/515/557 570/514/556 591/535/577
f 571/515/557 591/535/577 592/536/578
f 573/517/559 572/516/558 593/537/579
f 573/517/559 593/537/579 594/538/580
f 576/520/562 575/519/561 595/539/581
f 576/520/562 595/539/581 596/540/582
f 579/523/565 578/522/564 597/541/583
f 579/523/565 597/541/583 598/542/584
f 575/519/561 580/524/566 599/543/585
f 575/519/561 599/543/585 595/539/581
f 581/525/567 579/523/565 598/542/584
f 581/525/567 598/542/584 600/544/586
f 580/524/566 582/526/568 601/545/587
f 580/524/566 601/545/587 599/543/585
f 583/527/569 581/525/567 600/544/586
f 583/527/569 600/544/586 602/546/588
f 582/526/568 584/528/570 603/547/589
f 582/526/568 603/547/589 601/545/587
f 585/529/571 583/527/569 602/546/588
f 585/529/571 602/546/588 604/548/590
f 584/528/570 586/530/572 605/549/591
f 584/528/570 605/549/591 603/547/589
f 587/531/573 585/529/571 604/548/590
f 587/531/573 604/548/590 606/550/592
f 588/532/574 571/515/557 592/536/578
f 588/532/574 592/536/578 607/551/593
f 572/516/558 588/532/574 607/551/593
f 572/516/558 607/551/593 593/537/579
f 586/530/572 589/533/575 608/552/594
f 586/530/572 608/552/594 605/549/591
f 590/534/576 587/531/573 606/550/592
f 590/534/576 606/550/592 609/553/595
f 554/498/540 37/37/36 590/534/576
f 554/498/540 590/534/576 610/554/596
f 34/34/33 555/499/541 611/555/597
f 34/34/33 611/555/597 589/533/575
f 39/39/38 554/498/540 610/554/596
f 39/39/38 610/554/596 40/40/39
f 555/499/541 41/41/40 43/43/42
f 555/499/541 43/43/42 611/555/597
f 610/554/596 590/534/576 609/553/595
f 610/554/596 609/553/595 612/556/598
f 589/533/575 611/555/597 613/557/599
f 589/533/575 613/557/599 608/552/594
f 40/40/39 610/554/596 612/556/598
f 40/40/39 612/556/598 188/188/186
f 611/555/597 43/43/42 44/44/43
f 611/555/597 44/44/43 613/557/599
f 38/38/37 40/40/39 188/188/186
f 38/38/37 188/188/186 187/187/185
f 592/536/578 591/535/577 614/558/600
f 592/536/578 614/558/600 615/559/601
f 594/538/580 593/537/579 616/560/602
f 594/538/580 616/560/602 617/561/603
f 596/540/582 595/539/581 618/562/604
f 596/540/582 618/562/604 619/563/600
f 598/542/584 597/541/583 620/564/603
f 598/542/584 620/564/603 621/565/605
f 595/539/581 599/543/585 622/566/606
f 595/539/581 622/566/606 618/562/604
f 600/544/586 598/542/584 621/565/605
f 600/544/586 621/565/605 623/567/607
f 599/543/585 601/545/587 624/568/608
f 599/543/585 624/568/608 622/566/606
f 602/546/588 600/544/586 623/567/607
f 602/546/588 623/567/607 625/569/609
f 601/545/587 603/547/589 626/570/610
f 601/545/587 626/570/610 624/568/608
f 604/548/590 602/546/588 625/569/609
f 604/548/590 625/569/609 627/571/611
f 603/547/589 605/549/591 628/572/612
f 603/547/589 628/572/612 626/570/610
f 606/550/592 604/548/590 627/571/611
f 606/550/592 627/571/611 629/573/613
f 607/551/593 592/536/578 615/559/601
f 607/551/593 615/559/601 630/574/614
f 593/537/579 607/551/593 630/574/614
f 593/537/579 630/574/614 616/560/602
f 605/549/591 608/552/594 631/575/615
f 605/549/591 631/575/615 628/572/612
f 609/553/595 606/550/592 629/573/613
f 609/553/595 629/573/613 632/576/616
f 612/556/598 609/553/595 632/576/616
f 612/556/598 632/576/616 633/577/617
f 608/552/594 613/557/599 634/578/618
f 608/552/594 634/578/618 631/575/615
f 188/188/186 612/556/598 633/577/617
f 188/188/186 633/577/617 189/189/187
f 613/557/599 44/44/43 46/46/45
f 613/557/599 46/46/45 634/578/618
f 615/559/601 614/558/600 21/21/21
f 615/559/601 21/21/21 23/23/22
f 617/561/603 616/560/602 465/409/454
f 617/561/603 465/409/454 464/408/444
f 619/563/600 618/562/604 448/392/440
f 619/563/600 448/392/440 450/394/441
f 621/565/605 620/564/603 454/398/444
f 621/565/605 454/398/444 453/397/443
f 618/562/604 622/566/606 446/390/438
f 618/562/604 446/390/438 448/392/440
f 623/567/607 621/565/605 453/397/443
f 623/567/607 453/397/443 456/400/446
f 622/566/606 624/568/608 6/6/6
f 622/566/606 6/6/6 446/390/438
f 625/569/609 623/567/607 456/400/446
f 625/569/609 456/400/446 9/9/9
f 624/568/608 626/570/610 47/47/46
f 624/568/608 47/47/46 6/6/6
f 627/571/611 625/569/609 9/9/9
f 627/571/611 9/9/9 48/48/47
f 626/570/610 628/572/612 635/579/619
f 626/570/610 635/579/619 47/47/46
f 629/573/613 627/571/611 48/48/47
f 629/573/613 48/48/47 636/580/620
f 630/574/614 615/559/601 23/23/22
f 630/574/614 23/23/22 637/581/621
f 616/560/602 630/574/614 637/581/621
f 616/560/602 637/581/621 465/409/454
f 628/572/612 631/575/615 638/582/622
f 628/572/612 638/582/622 635/579/619
f 632/576/616 629/573/613 636/580/620
f 632/576/616 636/580/620 639/583/623
f 633/577/617 632/576/616 639/583/623
f 633/577/617 639/583/623 640/584/624
f 631/575/615 634/578/618 641/585/625
f 631/575/615 641/585/625 638/582/622
f 189/189/187 633/577/617 640/584/624
f 189/189/187 640/584/624 642/586/626
f 634/578/618 46/46/45 643/587/627
f 634/578/618 643/587/627 641/585/625
f 187/187/185 189/189/187 642/586/626
f 187/187/185 642/586/626 58/58/57
f 46/46/45 45/45/44 62/62/61
f 46/46/45 62/62/61 643/587/627
f 47/47/46 635/579/619 49/49/48
f 47/47/46 49/49/48 4/4/4
f 636/580/620 48/48/47 8/8/8
f 636/580/620 8/8/8 50/50/49
f 635/579/619 638/582/622 644/588/628
f 635/579/619 644/588/628 49/49/48
f 639/583/623 636/580/620 50/50/49
f 639/583/623 50/50/49 645/589/629
f 640/584/624 639/583/623 645/589/629
f 640/584/624 645/589/629 646/590/630
f 638/582/622 641/585/625 647/591/631
f 638/582/622 647/591/631 644/588/628
f 642/586/626 640/584/624 646/590/630
f 642/586/626 646/590/630 648/592/632
f 641/585/625 643/587/627 649/593/633
f 641/585/625 649/593/633 647/591/631
f 58/58/57 642/586/626 648/592/632
f 58/58/57 648/592/632 59/59/58
f 643/587/627 62/62/61 61/61/60
f 643/587/627 61/61/60 649/593/633
f 49/49/48 644/588/628 650/594/634
f 49/49/48 650/594/634 2/2/2
f 645/589/629 50/50/49 51/51/50
f 645/589/629 51/51/50 651/595/635
f 646/590/630 645/589/629 651/595/635
f 646/590/630 651/595/635 652/596/636
f 644/588/628 647/591/631 653/597/637
f 644/588/628 653/597/637 650/594/634
f 648/592/632 646/590/630 652/596/636
f 648/592/632 652/596/636 654/598/638
f 647/591/631 649/593/633 655/599/639
f 647/591/631 655/599/639 653/597/637
f 59/59/58 648/592/632 654/598/638
f 59/59/58 654/598/638 656/600/640
f 649/593/633 61/61/60 657/601/641
f 649/593/633 657/601/641 655/599/639
f 651/595/635 51/51/50 161/161/159
f 651/595/635 161/161/159 658/602/642
f 652/596/636 651/595/635 658/602/642
f 652/596/636 658/602/642 659/603/643
f 654/598/638 652/596/636 659/603/643
f 654/598/638 659/603/643 660/604/644
f 656/600/640 654/598/638 660/604/644
f 656/600/640 660/604/644 65/65/64
f 650/594/634 661/605/645 3/3/3
f 650/594/634 3/3/3 2/2/2
f 658/602/642 161/161/159 426/370/419
f 658/602/642 426/370/419 662/606/646
f 659/603/643 658/602/642 662/606/646
f 659/603/643 662/606/646 663/607/647
f 653/597/637 664/608/648 661/605/645
f 653/597/637 661/605/645 650/594/634
f 660/604/644 659/603/643 663/607/647
f 660/604/644 663/607/647 665/609/649
f 655/599/639 666/610/650 664/608/648
f 655/599/639 664/608/648 653/597/637
f 65/65/64 660/604/644 665/609/649
f 65/65/64 665/609/649 66/66/65
f 68/68/67 666/610/650 655/599/639
f 68/68/67 655/599/639 657/601/641
f 3/3/3 661/605/645 667/611/651
f 3/3/3 667/611/651 428/372/421
f 661/605/645 664/608/648 668/612/652
f 661/605/645 668/612/652 667/611/651
f 664/608/648 666/610/650 669/613/653
f 664/608/648 669/613/653 668/612/652
f 666/610/650 68/68/67 67/67/66
f 666/610/650 67/67/66 669/613/653
f 428/372/421 667/611/651 670/614/654
f 428/372/421 670/614/654 427/371/420
f 662/606/646 426/370/419 427/371/420
f 662/606/646 427/371/420 670/614/654
f 663/607/647 662/606/646 670/614/654
f 663/607/647 670/614/654 671/615/655
f 667/611/651 668/612/652 671/615/655
f 667/611/651 671/615/655 670/614/654
f 665/609/649 663/607/647 671/615/655
f 665/609/649 671/615/655 672/616/656
f 668/612/652 669/613/653 672/616/656
f 668/612/652 672/616/656 671/615/655
f 673/617/657 674/618/658 675/619/659
f 673/617/657 675/619/659 676/620/660
f 677/621/661 678/622/662 676/620/660
f 677/621/661 676/620/660 675/619/659
f 56/56/55 565/509/551 679/623/663
f 56/56/55 679/623/663 57/57/56
f 567/511/553 566/510/552 680/624/664
f 567/511/553 680/624/664 681/625/665
f 568/512/554 52/52/51 54/54/53
f 568/512/554 54/54/53 682/626/666
f 569/513/555 567/511/553 681/625/665
f 569/513/555 681/625/665 683/627/663
f 684/628/667 42/42/41 57/57/56
f 684/628/667 57/57/56 70/70/69
f 685/629/668 686/630/669 38/38/37
f 685/629/668 38/38/37 187/187/185
f 687/631/670 45/45/44 42/42/41
f 687/631/670 42/42/41 684/628/667
f 187/187/185 58/58/57 60/60/59
f 187/187/185 60/60/59 685/629/668
f 62/62/61 45/45/44 687/631/670
f 62/62/61 687/631/670 63/63/62
f 688/632/671 683/627/663 689/633/70
f 688/632/671 689/633/70 690/634/672
f 681/625/665 680/624/664 691/635/673
f 681/625/665 691/635/673 692/636/674
f 680/624/664 693/637/675 694/638/676
f 680/624/664 694/638/676 691/635/673
f 683/627/663 681/625/665 692/636/674
f 683/627/663 692/636/674 689/633/70
f 74/74/73 54/54/53 38/38/37
f 74/74/73 38/38/37 686/630/669
f 695/639/677 684/628/667 70/70/69
f 695/639/677 70/70/69 696/640/678
f 686/630/669 685/629/668 697/641/679
f 686/630/669 697/641/679 698/642/680
f 687/631/670 684/628/667 695/639/677
f 687/631/670 695/639/677 699/643/681
f 697/641/679 685/629/668 60/60/59
f 697/641/679 60/60/59 700/644/682
f 63/63/62 687/631/670 699/643/681
f 63/63/62 699/643/681 701/645/683
f 60/60/59 59/59/58 702/646/684
f 60/60/59 702/646/684 700/644/682
f 61/61/60 63/63/62 701/645/683
f 61/61/60 701/645/683 703/647/685
f 59/59/58 656/600/640 704/648/686
f 59/59/58 704/648/686 702/646/684
f 657/601/641 61/61/60 703/647/685
f 657/601/641 703/647/685 705/649/687
f 656/600/640 65/65/64 64/64/63
f 656/600/640 64/64/63 704/648/686
f 69/69/68 68/68/67 657/601/641
f 69/69/68 657/601/641 705/649/687
f 706/650/688 74/74/73 686/630/669
f 706/650/688 686/630/669 698/642/680
f 696/640/678 70/70/69 72/72/71
f 696/640/678 72/72/71 707/651/689
f 74/74/73 706/650/688 708/652/690
f 74/74/73 708/652/690 75/75/74
f 709/653/691 710/654/692 711/655/693
f 709/653/691 711/655/693 712/656/694
f 710/654/692 713/657/695 714/658/696
f 710/654/692 714/658/696 711/655/693
f 713/657/695 715/659/697 716/660/698
f 713/657/695 716/660/698 714/658/696
f 715/659/697 717/661/699 718/662/700
f 715/659/697 718/662/700 716/660/698
f 717/661/699 719/663/701 720/664/702
f 717/661/699 720/664/702 718/662/700
f 719/663/701 76/76/75 80/80/79
f 719/663/701 80/80/79 720/664/702
f 721/665/703 709/653/691 712/656/694
f 721/665/703 712/656/694 79/79/78
f 712/656/694 711/655/693 153/153/151
f 712/656/694 153/153/151 152/152/150
f 711/655/693 714/658/696 155/155/153
f 711/655/693 155/155/153 153/153/151
f 714/658/696 716/660/698 156/156/154
f 714/658/696 156/156/154 155/155/153
f 716/660/698 718/662/700 157/157/155
f 716/660/698 157/157/155 156/156/154
f 718/662/700 720/664/702 158/158/156
f 718/662/700 158/158/156 157/157/155
f 720/664/702 80/80/79 159/159/157
f 720/664/702 159/159/157 158/158/156
f 80/80/79 79/79/78 160/160/158
f 80/80/79 160/160/158 159/159/157
f 79/79/78 712/656/694 152/152/150
f 79/79/78 152/152/150 160/160/158
f 722/666/704 723/667/705 724/668/706
f 722/666/704 724/668/706 725/669/707
f 723/667/705 726/670/708 727/671/709
f 723/667/705 727/671/709 724/668/706
f 726/670/708 721/665/703 79/79/78
f 726/670/708 79/79/78 727/671/709
f 76/76/75 728/672/710 729/673/711
f 76/76/75 729/673/711 77/77/76
f 728/672/710 730/674/712 731/675/713
f 728/672/710 731/675/713 729/673/711
f 730/674/712 732/676/714 733/677/715
f 730/674/712 733/677/715 731/675/713
f 732/676/714 722/666/704 725/669/707
f 732/676/714 725/669/707 733/677/715
f 725/669/707 724/668/706 144/144/142
f 725/669/707 144/144/142 143/143/141
f 724/668/706 727/671/709 146/146/144
f 724/668/706 146/146/144 144/144/142
f 727/671/709 79/79/78 147/147/145
f 727/671/709 147/147/145 146/146/144
f 79/79/78 77/77/76 148/148/146
f 79/79/78 148/148/146 147/147/145
f 77/77/76 729/673/711 149/149/147
f 77/77/76 149/149/147 148/148/146
f 729/673/711 731/675/713 150/150/148
f 729/673/711 150/150/148 149/149/147
f 731/675/713 733/677/715 151/151/149
f 731/675/713 151/151/149 150/150/148
f 733/677/715 725/669/707 143/143/141
f 733/677/715 143/143/141 151/151/149
f 734/678/716 735/679/717 736/680/718
f 734/678/716 736/680/718 737/681/719
f 738/682/720 734/678/716 737/681/719
f 738/682/720 737/681/719 739/683/721
f 740/684/697 741/685/695 742/686/721
f 740/684/697 742/686/721 743/687/722
f 72/72/71 740/684/697 743/687/722
f 72/72/71 743/687/722 707/651/689
f 735/679/717 744/688/723 745/689/724
f 735/679/717 745/689/724 736/680/718
f 746/690/725 747/691/726 748/692/727
f 746/690/725 748/692/727 749/693/728
f 750/694/729 746/690/725 749/693/728
f 750/694/729 749/693/728 751/695/730
f 744/688/723 750/694/729 751/695/730
f 744/688/723 751/695/730 745/689/724
f 752/696/714 75/75/74 708/652/690
f 752/696/714 708/652/690 753/697/731
f 754/698/732 752/696/714 753/697/731
f 754/698/732 753/697/731 755/699/727
f 756/700/733 474/418/463 477/421/466
f 756/700/733 477/421/466 574/518/560
f 756/700/733 757/701/29 478/422/467
f 756/700/733 478/422/467 474/418/463
f 30/30/29 473/417/462 481/425/470
f 30/30/29 481/425/470 480/424/469
f 473/417/462 31/31/30 484/428/473
f 473/417/462 484/428/473 481/425/470
f 758/702/734 759/703/735 487/431/475
f 758/702/734 487/431/475 486/430/473
f 490/434/478 487/431/475 759/703/735
f 490/434/478 759/703/735 577/521/563
f 760/704/736 695/639/677 696/640/678
f 760/704/736 696/640/678 761/705/737
f 698/642/680 697/641/679 762/706/738
f 698/642/680 762/706/738 763/707/739
f 699/643/681 695/639/677 760/704/736
f 699/643/681 760/704/736 764/708/740
f 762/706/738 697/641/679 700/644/682
f 762/706/738 700/644/682 765/709/741
f 766/710/742 701/645/683 699/643/681
f 766/710/742 699/643/681 764/708/740
f 700/644/682 702/646/684 767/711/743
f 700/644/682 767/711/743 765/709/741
f 703/647/685 701/645/683 766/710/742
f 703/647/685 766/710/742 768/712/744
f 702/646/684 704/648/686 769/713/686
f 702/646/684 769/713/686 767/711/743
f 705/649/687 703/647/685 768/712/744
f 705/649/687 768/712/744 770/714/687
f 704/648/686 64/64/63 771/715/63
f 704/648/686 771/715/63 769/713/686
f 771/715/63 64/64/63 66/66/65
f 771/715/63 66/66/65 772/716/745
f 773/717/68 69/69/68 705/649/687
f 773/717/68 705/649/687 770/714/687
f 67/67/66 69/69/68 773/717/68
f 67/67/66 773/717/68 774/718/746
f 66/66/65 775/719/747 776/720/748
f 66/66/65 776/720/748 772/716/745
f 775/719/747 67/67/66 774/718/746
f 775/719/747 774/718/746 776/720/748
f 777/721/749 706/650/688 698/642/680
f 777/721/749 698/642/680 763/707/739
f 761/705/737 696/640/678 707/651/689
f 761/705/737 707/651/689 778/722/750
f 779/723/751 708/652/690 706/650/688
f 779/723/751 706/650/688 777/721/749
f 737/681/719 736/680/718 163/163/161
f 737/681/719 163/163/161 95/95/94
f 739/683/721 737/681/719 95/95/94
f 739/683/721 95/95/94 94/94/93
f 743/687/722 742/686/721 780/724/752
f 743/687/722 780/724/752 781/725/753
f 707/651/689 743/687/722 781/725/753
f 707/651/689 781/725/753 778/722/750
f 736/680/718 745/689/724 164/164/162
f 736/680/718 164/164/162 163/163/161
f 749/693/728 748/692/727 84/84/83
f 749/693/728 84/84/83 86/86/85
f 751/695/730 749/693/728 86/86/85
f 751/695/730 86/86/85 165/165/163
f 745/689/724 751/695/730 165/165/163
f 745/689/724 165/165/163 164/164/162
f 753/697/731 708/652/690 779/723/751
f 753/697/731 779/723/751 782/726/754
f 755/699/727 753/697/731 782/726/754
f 755/699/727 782/726/754 783/727/755
f 784/728/736 760/704/736 761/705/737
f 784/728/736 761/705/737 785/729/737
f 786/730/739 763/707/739 762/706/738
f 786/730/739 762/706/738 787/731/738
f 764/708/740 760/704/736 784/728/736
f 764/708/740 784/728/736 788/732/740
f 787/731/738 762/706/738 765/709/741
f 787/731/738 765/709/741 789/733/741
f 788/732/740 790/734/742 766/710/742
f 788/732/740 766/710/742 764/708/740
f 789/733/741 765/709/741 767/711/743
f 789/733/741 767/711/743 791/735/756
f 768/712/744 766/710/742 790/734/742
f 768/712/744 790/734/742 792/736/757
f 791/735/756 767/711/743 769/713/686
f 791/735/756 769/713/686 793/737/758
f 770/714/687 768/712/744 792/736/757
f 770/714/687 792/736/757 794/738/759
f 793/737/758 769/713/686 771/715/63
f 793/737/758 771/715/63 795/739/760
f 795/739/760 771/715/63 772/716/745
f 795/739/760 772/716/745 796/740/761
f 794/738/759 797/741/762 773/717/68
f 794/738/759 773/717/68 770/714/687
f 774/718/746 773/717/68 797/741/762
f 774/718/746 797/741/762 798/742/763
f 796/740/761 772/716/745 776/720/748
f 796/740/761 776/720/748 799/743/748
f 799/743/748 776/720/748 774/718/746
f 799/743/748 774/718/746 798/742/763
f 786/730/739 800/744/749 777/721/749
f 786/730/739 777/721/749 763/707/739
f 785/729/737 761/705/737 778/722/750
f 785/729/737 778/722/750 801/745/750
f 800/744/749 802/746/751 779/723/751
f 800/744/749 779/723/751 777/721/749
f 91/91/90 803/747/764 804/748/765
f 91/91/90 804/748/765 99/99/98
f 805/749/92 806/750/766 807/751/767
f 805/749/92 807/751/767 90/90/89
f 781/725/753 780/724/752 808/752/768
f 781/725/753 808/752/768 809/753/769
f 801/745/750 778/722/750 781/725/753
f 801/745/750 781/725/753 809/753/769
f 782/726/754 779/723/751 802/746/751
f 782/726/754 802/746/751 810/754/770
f 783/727/755 782/726/754 810/754/770
f 783/727/755 810/754/770 811/755/771
f 812/756/772 813/757/773 814/758/774
f 812/756/772 814/758/774 815/759/775
f 816/760/774 100/100/99 99/99/98
f 816/760/774 99/99/98 804/748/765
f 817/761/776 784/728/736 785/729/737
f 817/761/776 785/729/737 818/762/777
f 786/730/739 787/731/738 819/763/778
f 786/730/739 819/763/778 820/764/779
f 788/732/740 784/728/736 817/761/776
f 788/732/740 817/761/776 821/765/780
f 819/763/778 787/731/738 789/733/741
f 819/763/778 789/733/741 822/766/781
f 823/767/782 790/734/742 788/732/740
f 823/767/782 788/732/740 821/765/780
f 789/733/741 791/735/756 824/768/783
f 789/733/741 824/768/783 822/766/781
f 792/736/757 790/734/742 823/767/782
f 792/736/757 823/767/782 825/769/784
f 826/770/785 827/771/786 828/772/787
f 826/770/785 828/772/787 829/773/788
f 830/774/789 831/775/790 832/776/791
f 830/774/789 832/776/791 833/777/792
f 827/771/786 834/778/793 835/779/794
f 827/771/786 835/779/794 828/772/787
f 835/779/794 834/778/793 836/780/795
f 835/779/794 836/780/795 837/781/796
f 838/782/797 839/783/798 830/774/789
f 838/782/797 830/774/789 833/777/792
f 840/784/799 839/783/798 838/782/797
f 840/784/799 838/782/797 841/785/800
f 796/740/761 799/743/748 842/786/801
f 796/740/761 842/786/801 843/787/802
f 799/743/748 798/742/763 844/788/803
f 799/743/748 844/788/803 842/786/801
f 845/789/804 800/744/749 786/730/739
f 845/789/804 786/730/739 820/764/779
f 818/762/777 785/729/737 801/745/750
f 818/762/777 801/745/750 846/790/805
f 847/791/806 802/746/751 800/744/749
f 847/791/806 800/744/749 845/789/804
f 809/753/769 808/752/768 848/792/807
f 809/753/769 848/792/807 849/793/808
f 801/745/750 809/753/769 849/793/808
f 801/745/750 849/793/808 846/790/805
f 810/754/770 802/746/751 847/791/806
f 810/754/770 847/791/806 850/794/809
f 811/755/771 810/754/770 850/794/809
f 811/755/771 850/794/809 851/795/810
f 808/752/768 196/196/194 852/796/811
f 808/752/768 852/796/811 848/792/807
f 852/796/811 196/196/194 197/197/195
f 852/796/811 197/197/195 853/797/812
f 90/90/89 92/92/91 194/194/192
f 90/90/89 194/194/192 193/193/191
f 854/798/813 855/799/814 856/800/815
f 854/798/813 856/800/815 857/801/816
f 192/192/190 191/191/189 858/802/817
f 192/192/190 858/802/817 859/803/818
f 860/804/819 817/761/776 818/762/777
f 860/804/819 818/762/777 861/805/820
f 820/764/779 819/763/778 862/806/821
f 820/764/779 862/806/821 863/807/822
f 821/765/780 817/761/776 860/804/819
f 821/765/780 860/804/819 864/808/823
f 862/806/821 819/763/778 822/766/781
f 862/806/821 822/766/781 865/809/824
f 866/810/825 823/767/782 821/765/780
f 866/810/825 821/765/780 864/808/823
f 822/766/781 824/768/783 867/811/826
f 822/766/781 867/811/826 865/809/824
f 825/769/784 823/767/782 866/810/825
f 825/769/784 866/810/825 868/812/827
f 824/768/783 869/813/828 870/814/829
f 824/768/783 870/814/829 867/811/826
f 871/815/830 825/769/784 868/812/827
f 871/815/830 868/812/827 872/816/831
f 873/817/832 874/818/833 875/819/834
f 873/817/832 875/819/834 876/820/835
f 875/819/834 874/818/833 843/787/802
f 875/819/834 843/787/802 877/821/836
f 878/822/837 879/823/838 880/824/830
f 878/822/837 880/824/830 881/825/839
f 844/788/803 879/823/838 878/822/837
f 844/788/803 878/822/837 882/826/840
f 843/787/802 842/786/801 883/827/841
f 843/787/802 883/827/841 877/821/836
f 842/786/801 844/788/803 882/826/840
f 842/786/801 882/826/840 883/827/841
f 884/828/842 845/789/804 820/764/779
f 884/828/842 820/764/779 863/807/822
f 861/805/820 818/762/777 846/790/805
f 861/805/820 846/790/805 885/829/843
f 886/830/844 847/791/806 845/789/804
f 886/830/844 845/789/804 884/828/842
f 849/793/808 848/792/807 887/831/845
f 849/793/808 887/831/845 888/832/846
f 846/790/805 849/793/808 888/832/846
f 846/790/805 888/832/846 885/829/843
f 850/794/809 847/791/806 886/830/844
f 850/794/809 886/830/844 889/833/847
f 851/795/810 850/794/809 889/833/847
f 851/795/810 889/833/847 890/834/848
f 848/792/807 852/796/811 891/835/849
f 848/792/807 891/835/849 887/831/845
f 891/835/849 852/796/811 853/797/812
f 891/835/849 853/797/812 892/836/850
f 893/837/851 851/795/810 890/834/848
f 893/837/851 890/834/848 894/838/852
f 895/839/853 896/840/854 893/837/851
f 895/839/853 893/837/851 894/838/852
f 853/797/812 897/841/855 898/842/856
f 853/797/812 898/842/856 899/843/850
f 898/842/856 897/841/855 900/844/857
f 898/842/856 900/844/857 901/845/858
f 900/844/857 902/846/859 903/847/853
f 900/844/857 903/847/853 901/845/858
f 101/101/100 92/92/91 91/91/90
f 101/101/100 91/91/90 99/99/98
f 196/196/194 805/749/92 90/90/89
f 196/196/194 90/90/89 193/193/191
f 97/97/96 812/756/772 783/727/755
f 97/97/96 783/727/755 811/755/771
f 91/91/90 90/90/89 904/848/767
f 91/91/90 904/848/767 803/747/764
f 905/849/860 860/804/819 861/805/820
f 905/849/860 861/805/820 906/850/861
f 863/807/822 862/806/821 907/851/862
f 863/807/822 907/851/862 908/852/863
f 864/808/823 860/804/819 905/849/860
f 864/808/823 905/849/860 909/853/864
f 907/851/862 862/806/821 865/809/824
f 907/851/862 865/809/824 910/854/865
f 911/855/866 866/810/825 864/808/823
f 911/855/866 864/808/823 909/853/864
f 865/809/824 867/811/826 912/856/867
f 865/809/824 912/856/867 910/854/865
f 868/812/827 866/810/825 911/855/866
f 868/812/827 911/855/866 913/857/868
f 867/811/826 870/814/829 914/858/869
f 867/811/826 914/858/869 912/856/867
f 872/816/831 868/812/827 913/857/868
f 872/816/831 913/857/868 915/859/870
f 876/820/835 875/819/834 916/860/871
f 876/820/835 916/860/871 917/861/872
f 916/860/871 875/819/834 877/821/836
f 916/860/871 877/821/836 918/862/873
f 919/863/874 878/822/837 881/825/839
f 919/863/874 881/825/839 920/864/875
f 882/826/840 878/822/837 919/863/874
f 882/826/840 919/863/874 921/865/876
f 877/821/836 883/827/841 922/866/877
f 877/821/836 922/866/877 918/862/873
f 883/827/841 882/826/840 921/865/876
f 883/827/841 921/865/876 922/866/877
f 923/867/878 884/828/842 863/807/822
f 923/867/878 863/807/822 908/852/863
f 906/850/861 861/805/820 885/829/843
f 906/850/861 885/829/843 924/868/879
f 925/869/880 886/830/844 884/828/842
f 925/869/880 884/828/842 923/867/878
f 888/832/846 887/831/845 926/870/881
f 888/832/846 926/870/881 927/871/882
f 885/829/843 888/832/846 927/871/882
f 885/829/843 927/871/882 924/868/879
f 889/833/847 886/830/844 925/869/880
f 889/833/847 925/869/880 928/872/883
f 890/834/848 889/833/847 928/872/883
f 890/834/848 928/872/883 929/873/884
f 887/831/845 891/835/849 930/874/885
f 887/831/845 930/874/885 926/870/881
f 930/874/885 891/835/849 892/836/850
f 930/874/885 892/836/850 931/875/886
f 894/838/852 890/834/848 929/873/884
f 894/838/852 929/873/884 932/876/887
f 933/877/888 895/839/853 894/838/852
f 933/877/888 894/838/852 932/876/887
f 899/843/850 898/842/856 103/103/102
f 899/843/850 103/103/102 102/102/101
f 103/103/102 898/842/856 901/845/858
f 103/103/102 901/845/858 105/105/104
f 901/845/858 903/847/853 106/106/105
f 901/845/858 106/106/105 105/105/104
f 934/878/110 935/879/889 909/853/864
f 934/878/110 909/853/864 905/849/860
f 936/880/181 907/851/862 910/854/865
f 936/880/181 910/854/865 937/881/890
f 938/882/891 911/855/866 909/853/864
f 938/882/891 909/853/864 935/879/889
f 910/854/865 912/856/867 939/883/892
f 910/854/865 939/883/892 937/881/890
f 913/857/868 911/855/866 938/882/891
f 913/857/868 938/882/891 940/884/893
f 912/856/867 914/858/869 941/885/894
f 912/856/867 941/885/894 939/883/892
f 915/859/870 913/857/868 940/884/893
f 915/859/870 940/884/893 942/886/895
f 917/861/872 916/860/871 943/887/896
f 917/861/872 943/887/896 944/888/894
f 945/889/897 943/887/896 916/860/871
f 945/889/897 916/860/871 918/862/873
f 946/890/898 947/891/899 919/863/874
f 946/890/898 919/863/874 920/864/875
f 921/865/876 919/863/874 947/891/899
f 921/865/876 947/891/899 948/892/900
f 918/862/873 922/866/877 949/893/901
f 918/862/873 949/893/901 945/889/897
f 922/866/877 921/865/876 948/892/900
f 922/866/877 948/892/900 949/893/901
f 950/894/902 923/867/878 908/852/863
f 950/894/902 908/852/863 951/895/903
f 952/896/183 953/897/904 906/850/861
f 952/896/183 906/850/861 924/868/879
f 927/871/882 926/870/881 954/898/905
f 927/871/882 954/898/905 955/899/184
f 956/900/906 928/872/883 925/869/880
f 956/900/906 925/869/880 957/901/907
f 929/873/884 928/872/883 956/900/906
f 929/873/884 956/900/906 958/902/908
f 926/870/881 930/874/885 959/903/909
f 926/870/881 959/903/909 954/898/905
f 959/903/909 930/874/885 931/875/886
f 959/903/909 931/875/886 960/904/910
f 932/876/887 929/873/884 958/902/908
f 932/876/887 958/902/908 961/905/911
f 961/905/911 962/906/106 933/877/888
f 961/905/911 933/877/888 932/876/887
f 107/107/106 104/104/103 103/103/102
f 107/107/106 103/103/102 105/105/104
f 181/181/179 183/183/181 963/907/890
f 181/181/179 963/907/890 964/908/912
f 965/909/913 966/910/914 110/110/109
f 965/909/913 110/110/109 109/109/108
f 964/908/912 963/907/890 179/179/177
f 964/908/912 179/179/177 178/178/176
f 180/180/178 967/911/896 968/912/915
f 180/180/178 968/912/915 178/178/176
f 969/913/916 970/914/897 971/915/917
f 969/913/916 971/915/917 972/916/918
f 973/917/899 113/113/112 112/112/111
f 973/917/899 112/112/111 974/918/919
f 975/919/920 973/917/899 974/918/919
f 975/919/920 974/918/919 976/920/921
f 970/914/897 977/921/901 978/922/922
f 970/914/897 978/922/922 971/915/917
f 977/921/901 975/919/920 976/920/921
f 977/921/901 976/920/921 978/922/922
f 979/923/923 980/924/902 182/182/180
f 979/923/923 182/182/180 181/181/179
f 981/925/924 982/926/925 185/185/183
f 981/925/924 185/185/183 184/184/182
f 186/186/184 983/927/905 984/928/926
f 186/186/184 984/928/926 184/184/182
f 985/929/908 116/116/115 115/115/114
f 985/929/908 115/115/114 986/930/927
f 983/927/905 118/118/117 120/120/119
f 983/927/905 120/120/119 984/928/926
f 123/123/122 985/929/908 986/930/927
f 123/123/122 986/930/927 121/121/120
f 987/931/928 109/109/108 981/925/924
f 987/931/928 981/925/924 988/932/929
f 989/933/930 181/181/179 964/908/912
f 989/933/930 964/908/912 990/934/931
f 991/935/932 965/909/913 109/109/108
f 991/935/932 109/109/108 987/931/928
f 990/934/931 964/908/912 178/178/176
f 990/934/931 178/178/176 992/936/933
f 993/937/934 112/112/111 965/909/913
f 993/937/934 965/909/913 991/935/932
f 178/178/176 968/912/915 994/938/935
f 178/178/176 994/938/935 992/936/933
f 972/916/918 971/915/917 995/939/936
f 972/916/918 995/939/936 996/940/937
f 974/918/919 112/112/111 993/937/934
f 974/918/919 993/937/934 997/941/938
f 976/920/921 974/918/919 997/941/938
f 976/920/921 997/941/938 998/942/939
f 971/915/917 978/922/922 999/943/940
f 971/915/917 999/943/940 995/939/936
f 978/922/922 976/920/921 998/942/939
f 978/922/922 998/942/939 999/943/940
f 1000/944/941 979/923/923 181/181/179
f 1000/944/941 181/181/179 989/933/930
f 988/932/929 981/925/924 184/184/182
f 988/932/929 184/184/182 1001/945/942
f 184/184/182 984/928/926 1002/946/943
f 184/184/182 1002/946/943 1001/945/942
f 1003/947/944 115/115/114 979/923/923
f 1003/947/944 979/923/923 1000/944/941
f 986/930/927 115/115/114 1003/947/944
f 986/930/927 1003/947/944 1004/948/945
f 984/928/926 120/120/119 1005/949/946
f 984/928/926 1005/949/946 1002/946/943
f 121/121/120 986/930/927 1004/948/945
f 121/121/120 1004/948/945 1006/950/947
f 1005/949/946 120/120/119 121/121/120
f 1005/949/946 121/121/120 1006/950/947
f 1007/951/948 987/931/928 988/932/929
f 1007/951/948 988/932/929 1008/952/949
f 1009/953/950 989/933/930 990/934/931
f 1009/953/950 990/934/931 1010/954/951
f 1011/955/952 991/935/932 987/931/928
f 1011/955/952 987/931/928 1007/951/948
f 1010/954/951 990/934/931 992/936/933
f 1010/954/951 992/936/933 1012/956/953
f 1013/957/954 993/937/934 991/935/932
f 1013/957/954 991/935/932 1011/955/952
f 992/936/933 994/938/935 1014/958/955
f 992/936/933 1014/958/955 1012/956/953
f 996/940/937 995/939/936 1015/959/956
f 996/940/937 1015/959/956 1016/960/957
f 997/941/938 993/937/934 1013/957/954
f 997/941/938 1013/957/954 1017/961/958
f 998/942/939 997/941/938 1017/961/958
f 998/942/939 1017/961/958 1018/962/959
f 995/939/936 999/943/940 1019/963/960
f 995/939/936 1019/963/960 1015/959/956
f 999/943/940 998/942/939 1018/962/959
f 999/943/940 1018/962/959 1019/963/960
f 1020/964/961 1000/944/941 989/933/930
f 1020/964/961 989/933/930 1009/953/950
f 1008/952/949 988/932/929 1001/945/942
f 1008/952/949 1001/945/942 1021/965/962
f 1001/945/942 1002/946/943 1022/966/963
f 1001/945/942 1022/966/963 1021/965/962
f 1023/967/964 1003/947/944 1000/944/941
f 1023/967/964 1000/944/941 1020/964/961
f 1004/948/945 1003/947/944 1023/967/964
f 1004/948/945 1023/967/964 1024/968/965
f 1002/946/943 1005/949/946 1025/969/966
f 1002/946/943 1025/969/966 1022/966/963
f 1006/950/947 1004/948/945 1024/968/965
f 1006/950/947 1024/968/965 1026/970/967
f 1025/969/966 1005/949/946 1006/950/947
f 1025/969/966 1006/950/947 1026/970/967
f 1027/971/968 1007/951/948 1008/952/949
f 1027/971/968 1008/952/949 1028/972/969
f 1029/973/970 1009/953/950 1010/954/951
f 1029/973/970 1010/954/951 1030/974/971
f 1031/975/972 1011/955/952 1007/951/948
f 1031/975/972 1007/951/948 1027/971/968
f 1030/974/971 1010/954/951 1012/956/953
f 1030/974/971 1012/956/953 1032/976/973
f 1033/977/974 1013/957/954 1011/955/952
f 1033/977/974 1011/955/952 1031/975/972
f 1012/956/953 1014/958/955 1034/978/975
f 1012/956/953 1034/978/975 1032/976/973
f 1016/960/957 1015/959/956 1035/979/976
f 1016/960/957 1035/979/976 1036/980/975
f 1017/961/958 1013/957/954 1033/977/974
f 1017/961/958 1033/977/974 1037/981/977
f 1018/962/959 1017/961/958 1037/981/977
f 1018/962/959 1037/981/977 1038/982/978
f 1015/959/956 1019/963/960 1039/983/979
f 1015/959/956 1039/983/979 1035/979/976
f 1019/963/960 1018/962/959 1038/982/978
f 1019/963/960 1038/982/978 1039/983/979
f 1040/984/980 1020/964/961 1009/953/950
f 1040/984/980 1009/953/950 1029/973/970
f 1028/972/969 1008/952/949 1021/965/962
f 1028/972/969 1021/965/962 1041/985/981
f 1021/965/962 1022/966/963 1042/986/982
f 1021/965/962 1042/986/982 1041/985/981
f 1043/987/983 1023/967/964 1020/964/961
f 1043/987/983 1020/964/961 1040/984/980
f 1024/968/965 1023/967/964 1043/987/983
f 1024/968/965 1043/987/983 1044/988/984
f 1022/966/963 1025/969/966 1045/989/985
f 1022/966/963 1045/989/985 1042/986/982
f 1026/970/967 1024/968/965 1044/988/984
f 1026/970/967 1044/988/984 1046/990/986
f 1045/989/985 1025/969/966 1026/970/967
f 1045/989/985 1026/970/967 1046/990/986
f 1047/991/987 1027/971/968 1028/972/969
f 1047/991/987 1028/972/969 1048/992/988
f 1049/993/989 1029/973/970 1030/974/971
f 1049/993/989 1030/974/971 1050/994/990
f 1051/995/991 1031/975/972 1027/971/968
f 1051/995/991 1027/971/968 1047/991/987
f 1050/994/990 1030/974/971 1032/976/973
f 1050/994/990 1032/976/973 124/124/123
f 131/131/129 1033/977/974 1031/975/972
f 131/131/129 1031/975/972 1051/995/991
f 1032/976/973 1034/978/975 125/125/124
f 1032/976/973 125/125/124 124/124/123
f 1036/980/975 1035/979/976 128/128/127
f 1036/980/975 128/128/127 127/127/126
f 1037/981/977 1033/977/974 131/131/129
f 1037/981/977 131/131/129 130/130/128
f 1038/982/978 1037/981/977 130/130/128
f 1038/982/978 130/130/128 133/133/131
f 1035/979/976 1039/983/979 1052/996/992
f 1035/979/976 1052/996/992 128/128/127
f 1039/983/979 1038/982/978 133/133/131
f 1039/983/979 133/133/131 1052/996/992
f 1053/997/993 1040/984/980 1029/973/970
f 1053/997/993 1029/973/970 1049/993/989
f 1048/992/988 1028/972/969 1041/985/981
f 1048/992/988 1041/985/981 134/134/132
f 1041/985/981 1042/986/982 135/135/133
f 1041/985/981 135/135/133 134/134/132
f 138/138/136 1043/987/983 1040/984/980
f 138/138/136 1040/984/980 1053/997/993
f 1044/988/984 1043/987/983 138/138/136
f 1044/988/984 138/138/136 137/137/135
f 1054/998/994 1055/999/995 1056/1000/996
f 1054/998/994 1056/1000/996 1057/1001/997
f 1058/1002/998 1059/1003/999 1060/1004/1000
f 1058/1002/998 1060/1004/1000 1061/1005/1001
f 1056/1000/996 1055/999/995 1062/1006/998
f 1056/1000/996 1062/1006/998 1063/1007/1002
f 1064/1008/1003 1047/991/987 1048/992/988
f 1064/1008/1003 1048/992/988 1065/1009/1004
f 1066/1010/1005 1067/1011/1006 1049/993/989
f 1066/1010/1005 1049/993/989 1050/994/990
f 1064/1008/1003 1068/1012/1007 1051/995/991
f 1064/1008/1003 1051/995/991 1047/991/987
f 1066/1010/1005 1050/994/990 124/124/123
f 1066/1010/1005 124/124/123 126/126/125
f 1068/1012/1007 132/132/130 131/131/129
f 1068/1012/1007 131/131/129 1051/995/991
f 128/128/127 1052/996/992 1069/1013/1008
f 128/128/127 1069/1013/1008 129/129/125
f 1052/996/992 133/133/131 132/132/130
f 1052/996/992 132/132/130 1069/1013/1008
f 1067/1011/1006 1070/1014/1009 1053/997/993
f 1067/1011/1006 1053/997/993 1049/993/989
f 1065/1009/1004 1048/992/988 134/134/132
f 1065/1009/1004 134/134/132 136/136/134
f 1070/1014/1009 139/139/137 138/138/136
f 1070/1014/1009 138/138/136 1053/997/993
f 1057/1001/997 1056/1000/996 1071/1015/1010
f 1057/1001/997 1071/1015/1010 1072/1016/1011
f 1061/1005/1001 1060/1004/1000 1073/1017/1012
f 1061/1005/1001 1073/1017/1012 1074/1018/1013
f 1071/1015/1010 1056/1000/996 1063/1007/1002
f 1071/1015/1010 1063/1007/1002 141/141/139
f 1075/1019/1014 1076/1020/1015 1077/1021/1016
f 1075/1019/1014 1077/1021/1016 1078/1022/1017
f 1079/1023/133 1075/1019/1014 1078/1022/1017
f 1079/1023/133 1078/1022/1017 1080/1024/1018
f 1081/1025/1019 1082/1026/1020 1083/1027/1021
f 1081/1025/1019 1083/1027/1021 1084/1028/1022
f 1082/1026/1020 1085/1029/135 1086/1030/1023
f 1082/1026/1020 1086/1030/1023 1083/1027/1021
f 1077/1021/1016 1076/1020/1015 1087/1031/1024
f 1077/1021/1016 1087/1031/1024 1088/1032/1025
f 1089/1033/134 1079/1023/133 1080/1024/1018
f 1089/1033/134 1080/1024/1018 1090/1034/1026
f 1085/1029/135 1091/1035/1027 1092/1036/1028
f 1085/1029/135 1092/1036/1028 1086/1030/1023
f 1078/1022/1017 1077/1021/1016 1093/1037/1029
f 1078/1022/1017 1093/1037/1029 1094/1038/1030
f 1080/1024/1018 1078/1022/1017 1094/1038/1030
f 1080/1024/1018 1094/1038/1030 1095/1039/1031
f 1084/1028/1022 1083/1027/1021 1096/1040/1032
f 1084/1028/1022 1096/1040/1032 1097/1041/1033
f 1083/1027/1021 1086/1030/1023 1098/1042/1034
f 1083/1027/1021 1098/1042/1034 1096/1040/1032
f 1093/1037/1029 1077/1021/1016 1088/1032/1025
f 1093/1037/1029 1088/1032/1025 1099/1043/1035
f 1100/1044/1036 1090/1034/1026 1101/1045/1037
f 1100/1044/1036 1101/1045/1037 1102/1046/1038
f 1090/1034/1026 1080/1024/1018 1095/1039/1031
f 1090/1034/1026 1095/1039/1031 1101/1045/1037
f 1086/1030/1023 1092/1036/1028 1103/1047/1039
f 1086/1030/1023 1103/1047/1039 1098/1042/1034
f 1103/1047/1039 1092/1036/1028 1100/1044/1036
f 1103/1047/1039 1100/1044/1036 1102/1046/1038
f 1094/1038/1030 1093/1037/1029 1055/999/995
f 1094/1038/1030 1055/999/995 1054/998/994
f 1095/1039/1031 1094/1038/1030 1054/998/994
f 1095/1039/1031 1054/998/994 1057/1001/997
f 1097/1041/1033 1096/1040/1032 1059/1003/999
f 1097/1041/1033 1059/1003/999 1058/1002/998
f 1096/1040/1032 1098/1042/1034 1060/1004/1000
f 1096/1040/1032 1060/1004/1000 1059/1003/999
f 1055/999/995 1093/1037/1029 1099/1043/1035
f 1055/999/995 1099/1043/1035 1062/1006/998
f 1102/1046/1038 1101/1045/1037 1072/1016/1011
f 1102/1046/1038 1072/1016/1011 1071/1015/1010
f 1101/1045/1037 1095/1039/1031 1057/1001/997
f 1101/1045/1037 1057/1001/997 1072/1016/1011
f 1098/1042/1034 1103/1047/1039 1073/1017/1012
f 1098/1042/1034 1073/1017/1012 1060/1004/1000
f 1071/1015/1010 141/141/139 140/140/138
f 1071/1015/1010 140/140/138 1102/1046/1038
f 404/348/397 402/346/395 375/319/368
f 404/348/397 375/319/368 406/350/399
f 402/346/395 401/345/394 372/316/365
f 402/346/395 372/316/365 375/319/368
f 401/345/394 400/344/393 376/320/369
f 401/345/394 376/320/369 372/316/365
f 400/344/393 398/342/391 378/322/371
f 400/344/393 378/322/371 376/320/369
f 398/342/391 397/341/390 380/324/373
f 398/342/391 380/324/373 378/322/371
f 397/341/390 396/340/389 382/326/375
f 397/341/390 382/326/375 380/324/373
f 396/340/389 394/338/387 384/328/377
f 396/340/389 384/328/377 382/326/375
f 394/338/387 392/336/385 386/330/379
f 394/338/387 386/330/379 384/328/377
f 392/336/385 390/334/383 388/332/381
f 392/336/385 388/332/381 386/330/379
f 1104/1048/1040 1105/1049/1005 129/129/125
f 1104/1048/1040 129/129/125 1069/1013/1008
f 1069/1013/1008 132/132/130 1068/1012/1007
f 1069/1013/1008 1068/1012/1007 1104/1048/1040
f 1106/1050/1041 1089/1033/134 1090/1034/1026
f 1106/1050/1041 1090/1034/1026 1100/1044/1036
f 1100/1044/1036 1092/1036/1028 1091/1035/1027
f 1100/1044/1036 1091/1035/1027 1106/1050/1041
f 1107/1051/1041 1108/1052/1042 1065/1009/1004
f 1107/1051/1041 1065/1009/1004 136/136/134
f 1109/1053/1043 1108/1052/1042 1107/1051/1041
f 1109/1053/1043 1107/1051/1041 1110/1054/137
f 429/373/422 4/4/4 2/2/2
f 429/373/422 2/2/2 1/1/1
f 95/95/94 163/163/161 82/82/81
f 95/95/94 82/82/81 81/81/80
f 1111/1055/767 1112/1056/1044 81/81/80
f 1111/1055/767 81/81/80 83/83/82
f 165/165/163 86/86/85 87/87/86
f 165/165/163 87/87/86 82/82/81
f 1113/1057/1045 1114/1058/1046 88/88/87
f 1113/1057/1045 88/88/87 87/87/86
f 1114/1058/1046 1115/1059/1047 89/89/88
f 1114/1058/1046 89/89/88 88/88/87
f 1116/1060/1048 1111/1055/767 83/83/82
f 1116/1060/1048 83/83/82 108/108/107
f 1115/1059/1047 1116/1060/1048 108/108/107
f 1115/1059/1047 108/108/107 89/89/88
f 13/13/13 11/11/11 1117/1061/1049
f 13/13/13 1117/1061/1049 1118/1062/1050
f 11/11/11 457/401/447 1119/1063/1051
f 11/11/11 1119/1063/1051 1117/1061/1049
f 457/401/447 16/16/16 1120/1064/1052
f 457/401/447 1120/1064/1052 1119/1063/1051
f 16/16/16 17/17/17 1121/1065/1053
f 16/16/16 1121/1065/1053 1120/1064/1052
f 17/17/17 458/402/448 1122/1066/1054
f 17/17/17 1122/1066/1054 1121/1065/1053
f 459/403/449 13/13/13 1118/1062/1050
f 459/403/449 1118/1062/1050 1123/1067/1055
f 458/402/448 460/404/450 1124/1068/1056
f 458/402/448 1124/1068/1056 1122/1066/1054
f 461/405/451 459/403/449 1123/1067/1055
f 461/405/451 1123/1067/1055 1125/1069/1057
f 19/19/19 461/405/451 1125/1069/1057
f 19/19/19 1125/1069/1057 1126/1070/1058
f 460/404/450 462/406/452 1127/1071/1059
f 460/404/450 1127/1071/1059 1124/1068/1056
f 23/23/22 22/22/19 1128/1072/1058
f 23/23/22 1128/1072/1058 1129/1073/1060
f 466/410/455 465/409/454 1130/1074/1061
f 466/410/455 1130/1074/1061 1131/1075/1062
f 637/581/621 23/23/22 1129/1073/1060
f 637/581/621 1129/1073/1060 1132/1076/1063
f 465/409/454 637/581/621 1132/1076/1063
f 465/409/454 1132/1076/1063 1130/1074/1061
f 167/167/165 1133/1077/1064 1134/1078/1065
f 167/167/165 1134/1078/1065 168/168/166
f 1133/1077/1064 169/169/167 171/171/169
f 1133/1077/1064 171/171/169 1134/1078/1065
f 170/170/168 172/172/170 174/174/172
f 170/170/168 174/174/172 171/171/169
f 176/176/174 166/166/164 168/168/166
f 176/176/174 168/168/166 177/177/175
f 1128/1072/1058 1135/1079/1057 1136/1080/1066
f 1128/1072/1058 1136/1080/1066 1137/1081/1067
f 1138/1082/171 1131/1075/1062 1139/1083/1068
f 1138/1082/171 1139/1083/1068 1140/1084/172
f 1129/1073/1060 1128/1072/1058 1137/1081/1067
f 1129/1073/1060 1137/1081/1067 1141/1085/1069
f 1131/1075/1062 1130/1074/1061 1142/1086/1070
f 1131/1075/1062 1142/1086/1070 1139/1083/1068
f 1132/1076/1063 1129/1073/1060 1141/1085/1069
f 1132/1076/1063 1141/1085/1069 1143/1087/1071
f 1130/1074/1061 1132/1076/1063 1143/1087/1071
f 1130/1074/1061 1143/1087/1071 1142/1086/1070
f 1142/1086/1070 1143/1087/1071 1144/1088/1072
f 1142/1086/1070 1144/1088/1072 1145/1089/1073
f 1143/1087/1071 1141/1085/1069 1146/1090/166
f 1143/1087/1071 1146/1090/166 1144/1088/1072
f 1141/1085/1069 1137/1081/1067 1147/1091/1074
f 1141/1085/1069 1147/1091/1074 1146/1090/166
f 1139/1083/1068 1142/1086/1070 1145/1089/1073
f 1139/1083/1068 1145/1089/1073 1148/1092/172
f 1149/1093/1075 1150/1094/1076 1108/1052/1042
f 1149/1093/1075 1108/1052/1042 1109/1053/1043
f 1065/1009/1004 1108/1052/1042 1150/1094/1076
f 1065/1009/1004 1150/1094/1076 1064/1008/1003
f 1149/1093/1075 1105/1049/1005 1104/1048/1040
f 1149/1093/1075 1104/1048/1040 1150/1094/1076
f 1064/1008/1003 1150/1094/1076 1104/1048/1040
f 1064/1008/1003 1104/1048/1040 1068/1012/1007
f 112/112/111 114/114/113 966/910/914
f 112/112/111 966/910/914 965/909/913
f 957/901/907 925/869/880 923/867/878
f 957/901/907 923/867/878 950/894/902
f 115/115/114 117/117/116 980/924/902
f 115/115/114 980/924/902 979/923/923
f 951/895/903 908/852/863 907/851/862
f 951/895/903 907/851/862 936/880/181
f 955/899/184 952/896/183 924/868/879
f 955/899/184 924/868/879 927/871/882
f 953/897/904 934/878/110 905/849/860
f 953/897/904 905/849/860 906/850/861
f 109/109/108 111/111/110 982/926/925
f 109/109/108 982/926/925 981/925/924
f 42/42/41 45/45/44 44/44/43
f 42/42/41 44/44/43 43/43/42
f 97/97/96 811/755/771 851/795/810
f 97/97/96 851/795/810 893/837/851
f 896/840/854 98/98/97 97/97/96
f 896/840/854 97/97/96 893/837/851
f 859/803/818 858/802/817 902/846/859
f 859/803/818 902/846/859 900/844/857
f 196/196/194 808/752/768 780/724/752
f 196/196/194 780/724/752 805/749/92
f 897/841/855 1151/1095/1077 859/803/818
f 897/841/855 859/803/818 900/844/857
f 197/197/195 1151/1095/1077 897/841/855
f 197/197/195 897/841/855 853/797/812
f 1152/1096/1078 1153/1097/1079 1154/1098/1080
f 1152/1096/1078 1154/1098/1080 1155/1099/1081
f 1151/1095/1077 195/195/193 855/799/814
f 1151/1095/1077 855/799/814 854/798/813
f 195/195/193 192/192/190 856/800/815
f 195/195/193 856/800/815 855/799/814
f 192/192/190 859/803/818 857/801/816
f 192/192/190 857/801/816 856/800/815
f 859/803/818 1151/1095/1077 854/798/813
f 859/803/818 854/798/813 857/801/816
f 101/101/100 100/100/99 191/191/189
f 101/101/100 191/191/189 190/190/188
f 195/195/193 194/194/192 190/190/188
f 195/195/193 190/190/188 192/192/190
f 193/193/191 195/195/193 1151/1095/1077
f 193/193/191 1151/1095/1077 197/197/195
f 194/194/192 92/92/91 1153/1097/1079
f 194/194/192 1153/1097/1079 1152/1096/1078
f 92/92/91 101/101/100 1154/1098/1080
f 92/92/91 1154/1098/1080 1153/1097/1079
f 101/101/100 190/190/188 1155/1099/1081
f 101/101/100 1155/1099/1081 1154/1098/1080
f 190/190/188 194/194/192 1152/1096/1078
f 190/190/188 1152/1096/1078 1155/1099/1081
f 66/66/65 665/609/649 1156/1100/1082
f 66/66/65 1156/1100/1082 1157/1101/657
f 1158/1102/1083 1159/1103/1084 675/619/659
f 1158/1102/1083 675/619/659 674/618/658
f 1160/1104/1085 1161/1105/65 673/617/657
f 1160/1104/1085 673/617/657 676/620/660
f 669/613/653 67/67/66 1162/1106/662
f 669/613/653 1162/1106/662 1163/1107/1086
f 1164/1108/1087 1160/1104/1085 676/620/660
f 1164/1108/1087 676/620/660 678/622/662
f 1159/1103/1084 1165/1109/1088 677/621/661
f 1159/1103/1084 677/621/661 675/619/659
f 1166/1110/1089 1167/1111/1090 1168/1112/1091
f 1166/1110/1089 1168/1112/1091 1169/1113/1092
f 1170/1114/828 1171/1115/1093 1172/1116/788
f 1170/1114/828 1172/1116/788 1173/1117/787
f 1171/1115/1093 1166/1110/1089 1169/1113/1092
f 1171/1115/1093 1169/1113/1092 1172/1116/788
f 1167/1111/1090 1174/1118/760 1175/1119/1094
f 1167/1111/1090 1175/1119/1094 1168/1112/1091
f 1176/1120/1095 1170/1114/828 1173/1117/787
f 1176/1120/1095 1173/1117/787 1177/1121/794
f 1174/1118/760 1178/1122/1096 1179/1123/795
f 1174/1118/760 1179/1123/795 1175/1119/1094
f 796/740/761 843/787/802 837/781/796
f 796/740/761 837/781/796 836/780/795
f 1180/1124/802 1176/1120/1095 1177/1121/794
f 1180/1124/802 1177/1121/794 1181/1125/796
f 1182/1114/1097 1183/1115/1098 1184/1126/790
f 1182/1114/1097 1184/1126/790 1185/1127/1099
f 1183/1115/1098 1186/1128/1100 1187/1113/1101
f 1183/1115/1098 1187/1113/1101 1184/1126/790
f 1186/1128/1100 1188/1129/830 1189/1112/792
f 1186/1128/1100 1189/1112/792 1187/1113/1101
f 1190/1120/1102 1182/1114/1097 1185/1127/1099
f 1190/1120/1102 1185/1127/1099 1191/1121/1103
f 1188/1129/830 1192/1130/1104 1193/1131/1105
f 1188/1129/830 1193/1131/1105 1189/1112/792
f 1194/1124/763 1190/1120/1102 1191/1121/1103
f 1194/1124/763 1191/1121/1103 1195/1132/799
f 1192/1130/1104 1196/1133/803 1197/1134/1106
f 1192/1130/1104 1197/1134/1106 1193/1131/1105
f 844/788/803 798/742/763 840/784/799
f 844/788/803 840/784/799 841/785/800
f 813/757/773 812/756/772 97/97/96
f 813/757/773 97/97/96 96/96/95
f 1198/1135/1107 1199/1136/1108 1200/1137/1109
f 1198/1135/1107 1200/1137/1109 1201/1138/1110
f 1199/1136/1108 1202/1139/1111 1203/1140/1112
f 1199/1136/1108 1203/1140/1112 1200/1137/1109
f 1202/1139/1111 208/208/206 1204/1141/1113
f 1202/1139/1111 1204/1141/1113 1203/1140/1112
f 208/208/206 207/207/205 1205/1142/1114
f 208/208/206 1205/1142/1114 1204/1141/1113
f 207/207/205 206/206/204 1206/1143/1115
f 207/207/205 1206/1143/1115 1205/1142/1114
f 206/206/204 1207/1144/1116 1208/1145/1117
f 206/206/204 1208/1145/1117 1206/1143/1115
f 1207/1144/1116 1198/1135/1107 1201/1138/1110
f 1207/1144/1116 1201/1138/1110 1208/1145/1117
f 1201/1138/1110 1200/1137/1109 199/199/197
f 1201/1138/1110 199/199/197 198/198/196
f 1200/1137/1109 1203/1140/1112 201/201/199
f 1200/1137/1109 201/201/199 199/199/197
f 1203/1140/1112 1204/1141/1113 202/202/200
f 1203/1140/1112 202/202/200 201/201/199
f 1204/1141/1113 1205/1142/1114 203/203/201
f 1204/1141/1113 203/203/201 202/202/200
f 1205/1142/1114 1206/1143/1115 204/204/202
f 1205/1142/1114 204/204/202 203/203/201
f 1206/1143/1115 1208/1145/1117 205/205/203
f 1206/1143/1115 205/205/203 204/204/202
f 1208/1145/1117 1201/1138/1110 198/198/196
f 1208/1145/1117 198/198/196 205/205/203
f 1198/1135/1107 1207/1144/1116 1202/1139/1111
f 1198/1135/1107 1202/1139/1111 1199/1136/1108
f 1207/1144/1116 206/206/204 208/208/206
f 1207/1144/1116 208/208/206 1202/1139/1111
f 1209/1146/1118 1210/1147/1119 1211/1148/1120
f 1209/1146/1118 1211/1148/1120 1212/1149/1121
f 1210/1147/1119 1213/1150/1122 1214/1151/1123
f 1210/1147/1119 1214/1151/1123 1211/1148/1120
f 1213/1150/1122 1215/1152/1124 1216/1153/1125
f 1213/1150/1122 1216/1153/1125 1214/1151/1123
f 1215/1152/1124 1217/1154/1126 1218/1155/1127
f 1215/1152/1124 1218/1155/1127 1216/1153/1125
f 1217/1154/1126 1219/1156/1128 1220/1157/1129
f 1217/1154/1126 1220/1157/1129 1218/1155/1127
f 1219/1156/1128 1221/1158/1130 1222/1159/263
f 1219/1156/1128 1222/1159/263 1220/1157/1129
f 1221/1158/1130 1223/1160/1131 1224/1161/1121
f 1221/1158/1130 1224/1161/1121 1222/1159/263
f 1225/1162/1132 1226/1163/1133 1227/1164/1134
f 1225/1162/1132 1227/1164/1134 1228/1165/1135
f 1229/1166/1136 1230/1167/1137 1231/1168/1138
f 1229/1166/1136 1231/1168/1138 1232/1169/1139
f 1233/1170/1140 1234/1171/1141 1235/1172/1142
f 1233/1170/1140 1235/1172/1142 1236/1173/1143
f 1235/1172/1142 1234/1171/1141 1237/1174/1144
f 1235/1172/1142 1237/1174/1144 1238/1175/1145
f 1239/1176/1140 1240/1177/1146 1241/1178/1147
f 1239/1176/1140 1241/1178/1147 1242/1179/1148
f 1237/1174/1144 1234/1171/1141 1243/1180/1138
f 1237/1174/1144 1243/1180/1138 1244/1181/1149
f 1234/1171/1141 1233/1170/1140 1245/1182/1150
f 1234/1171/1141 1245/1182/1150 1243/1180/1138
f 1239/1176/1140 1242/1179/1148 1229/1166/1136
f 1239/1176/1140 1229/1166/1136 1232/1169/1139
f 1236/1173/1143 1235/1172/1142 1226/1163/1133
f 1236/1173/1143 1226/1163/1133 1246/1183/1132
f 1235/1172/1142 1238/1175/1145 1227/1164/1134
f 1235/1172/1142 1227/1164/1134 1226/1163/1133
f 1241/1178/1147 1240/1177/1146 1225/1162/1132
f 1241/1178/1147 1225/1162/1132 1228/1165/1135
f 1247/1184/1151 1248/1185/1152 1249/1186/1153
f 1247/1184/1151 1249/1186/1153 1250/1187/1154
f 1250/1187/1154 1249/1186/1153 1251/1188/1155
f 1250/1187/1154 1251/1188/1155 1252/1189/1156
f 1252/1189/1156 1251/1188/1155 1253/1190/1157
f 1252/1189/1156 1253/1190/1157 1254/1191/1158
f 1255/1192/1159 1256/1193/1160 1248/1185/1152
f 1255/1192/1159 1248/1185/1152 1247/1184/1151
f 1257/1194/1161 1258/1195/1162 1259/1196/1163
f 1257/1194/1161 1259/1196/1163 1260/1197/1164
f 1261/1198/1165 1262/1199/1151 1250/1187/1154
f 1261/1198/1165 1250/1187/1154 1252/1189/1156
f 1248/1185/1152 1256/1193/1160 1263/1200/1162
f 1248/1185/1152 1263/1200/1162 1264/1201/1161
f 1253/1190/1157 1251/1188/1155 1259/1196/1163
f 1253/1190/1157 1259/1196/1163 1265/1202/1162
f 1251/1188/1155 1249/1186/1153 1260/1197/1164
f 1251/1188/1155 1260/1197/1164 1259/1196/1163
f 1249/1186/1153 1248/1185/1152 1264/1201/1161
f 1249/1186/1153 1264/1201/1161 1260/1197/1164
f 1266/1203/1166 1267/1204/1167 1268/1205/1168
f 1266/1203/1166 1268/1205/1168 1269/1206/1169
f 1267/1204/1167 1270/1207/1170 1271/1208/1171
f 1267/1204/1167 1271/1208/1171 1268/1205/1168
f 1270/1207/1170 1272/1209/1172 1273/1210/1173
f 1270/1207/1170 1273/1210/1173 1271/1208/1171
f 1272/1209/1172 1274/1211/1174 1275/1212/1175
f 1272/1209/1172 1275/1212/1175 1273/1210/1173
f 1276/1213/1176 1277/1214/1177 1278/1215/1178
f 1276/1213/1176 1278/1215/1178 1279/1216/1179
f 1280/1217/1180 1281/1218/1181 1282/1219/1182
f 1280/1217/1180 1282/1219/1182 1283/1220/1183
f 1284/1221/1184 1285/1222/1185 1286/1223/1186
f 1284/1221/1184 1286/1223/1186 1287/1224/1187
f 1288/1225/1188 1289/1226/1189 1290/1227/1190
f 1288/1225/1188 1290/1227/1190 1291/1228/1191
f 1292/1229/1192 1293/1230/1193 218/218/216
f 1292/1229/1192 218/218/216 217/217/215
f 1293/1230/1193 1294/1231/1194 220/220/218
f 1293/1230/1193 220/220/218 218/218/216
f 1294/1231/1194 1295/1232/1195 222/222/220
f 1294/1231/1194 222/222/220 220/220/218
f 1295/1232/1195 1296/1233/1196 224/224/221
f 1295/1232/1195 224/224/221 222/222/220
f 1297/1234/1173 1298/1235/1169 1299/1236/1197
f 1297/1234/1173 1299/1236/1197 1300/1237/1198
f 1301/1238/1175 1302/1239/1196 1303/1240/1199
f 1301/1238/1175 1303/1240/1199 1304/1241/1200
f 1296/1233/1196 1295/1232/1195 1291/1228/1191
f 1296/1233/1196 1291/1228/1191 1290/1227/1190
f 1305/1242/1201 1297/1234/1173 1300/1237/1198
f 1305/1242/1201 1300/1237/1198 1306/1243/1202
f 1307/1244/1171 1297/1234/1173 1308/1245/1203
f 1307/1244/1171 1308/1245/1203 1309/1246/1204
f 1297/1234/1173 1305/1242/1201 1310/1247/1186
f 1297/1234/1173 1310/1247/1186 1308/1245/1203
f 1295/1232/1195 1294/1231/1194 1287/1224/1187
f 1295/1232/1195 1287/1224/1187 1286/1223/1186
f 1311/1248/1205 1307/1244/1171 1309/1246/1204
f 1311/1248/1205 1309/1246/1204 1312/1249/1206
f 1313/1250/1207 1314/1251/1208 1315/1252/1209
f 1313/1250/1207 1315/1252/1209 1316/1253/1210
f 1307/1244/1171 1311/1248/1205 1317/1254/1211
f 1307/1244/1171 1317/1254/1211 1318/1255/1209
f 1294/1231/1194 1293/1230/1193 1283/1220/1183
f 1294/1231/1194 1283/1220/1183 1282/1219/1182
f 1319/1256/1193 1313/1250/1207 1316/1253/1210
f 1319/1256/1193 1316/1253/1210 1320/1257/1212
f 1301/1238/1175 1313/1250/1207 1321/1258/1213
f 1301/1238/1175 1321/1258/1213 1322/1259/1214
f 1313/1250/1207 1319/1256/1193 1323/1260/1215
f 1313/1250/1207 1323/1260/1215 1321/1258/1213
f 1293/1230/1193 1292/1229/1192 1279/1216/1179
f 1293/1230/1193 1279/1216/1179 1278/1215/1178
f 1302/1239/1196 1301/1238/1175 1322/1259/1214
f 1302/1239/1196 1322/1259/1214 1324/1261/1216
f 1325/1262/1217 1326/1263/1218 1327/1264/1219
f 1325/1262/1217 1327/1264/1219 1328/1265/1220
f 1329/1266/1221 1330/1267/1222 1331/1268/1223
f 1329/1266/1221 1331/1268/1223 1332/1269/1224
f 1330/1267/1222 1333/1270/1225 1334/1271/1226
f 1330/1267/1222 1334/1271/1226 1331/1268/1223
f 1333/1270/1225 1335/1272/1227 1336/1273/1228
f 1333/1270/1225 1336/1273/1228 1334/1271/1226
f 1335/1272/1227 1325/1262/1217 1328/1265/1220
f 1335/1272/1227 1328/1265/1220 1336/1273/1228
f 1328/1265/1220 1327/1264/1219 1337/1274/1229
f 1328/1265/1220 1337/1274/1229 1338/1275/1230
f 1327/1264/1219 1339/1276/1231 1340/1277/1232
f 1327/1264/1219 1340/1277/1232 1337/1274/1229
f 1332/1269/1224 1331/1268/1223 1341/1278/1233
f 1332/1269/1224 1341/1278/1233 1342/1279/1232
f 1331/1268/1223 1334/1271/1226 1343/1280/1234
f 1331/1268/1223 1343/1280/1234 1341/1278/1233
f 1334/1271/1226 1336/1273/1228 1344/1281/1235
f 1334/1271/1226 1344/1281/1235 1343/1280/1234
f 1336/1273/1228 1328/1265/1220 1338/1275/1230
f 1336/1273/1228 1338/1275/1230 1344/1281/1235
f 1338/1275/1230 1337/1274/1229 235/235/231
f 1338/1275/1230 235/235/231 234/234/230
f 1337/1274/1229 1340/1277/1232 237/237/233
f 1337/1274/1229 237/237/233 235/235/231
f 1342/1279/1232 1341/1278/1233 239/239/235
f 1342/1279/1232 239/239/235 238/238/234
f 1341/1278/1233 1343/1280/1234 240/240/236
f 1341/1278/1233 240/240/236 239/239/235
f 1343/1280/1234 1344/1281/1235 241/241/237
f 1343/1280/1234 241/241/237 240/240/236
f 1344/1281/1235 1338/1275/1230 234/234/230
f 1344/1281/1235 234/234/230 241/241/237
f 1326/1263/1218 1325/1262/1217 227/227/223
f 1326/1263/1218 227/227/223 226/226/222
f 1345/1282/1221 1326/1263/1218 226/226/222
f 1345/1282/1221 226/226/222 229/229/225
f 1330/1267/1222 1329/1266/1221 231/231/227
f 1330/1267/1222 231/231/227 230/230/226
f 1333/1270/1225 1330/1267/1222 230/230/226
f 1333/1270/1225 230/230/226 232/232/228
f 1335/1272/1227 1333/1270/1225 232/232/228
f 1335/1272/1227 232/232/228 233/233/229
f 1325/1262/1217 1335/1272/1227 233/233/229
f 1325/1262/1217 233/233/229 227/227/223
f 1346/1283/1218 1347/1284/1236 1348/1285/1237
f 1346/1283/1218 1348/1285/1237 1349/1286/1238
f 1350/1287/1239 1351/1288/1240 1352/1289/1241
f 1350/1287/1239 1352/1289/1241 1353/1290/1242
f 1351/1288/1240 1354/1291/1219 1355/1292/1243
f 1351/1288/1240 1355/1292/1243 1352/1289/1241
f 1354/1291/1219 1346/1283/1218 1349/1286/1238
f 1354/1291/1219 1349/1286/1238 1355/1292/1243
f 244/244/240 1356/1293/1244 1357/1294/1245
f 244/244/240 1357/1294/1245 242/242/238
f 242/242/238 1357/1294/1245 1358/1295/1246
f 242/242/238 1358/1295/1246 245/245/241
f 247/247/243 1359/1296/1247 1360/1297/1248
f 247/247/243 1360/1297/1248 246/246/242
f 246/246/242 1360/1297/1248 1361/1298/1249
f 246/246/242 1361/1298/1249 248/248/244
f 248/248/244 1361/1298/1249 1356/1293/1244
f 248/248/244 1356/1293/1244 244/244/240
f 256/256/252 258/258/254 1362/1299/1250
f 256/256/252 1362/1299/1250 1357/1294/1245
f 1357/1294/1245 1362/1299/1250 1363/1300/1251
f 1357/1294/1245 1363/1300/1251 1358/1295/1246
f 258/258/254 1364/1301/1252 1365/1302/1253
f 258/258/254 1365/1302/1253 1362/1299/1250
f 1362/1299/1250 1365/1302/1253 1366/1303/1254
f 1362/1299/1250 1366/1303/1254 1363/1300/1251
f 1364/1301/1252 1367/1304/1255 1368/1305/1256
f 1364/1301/1252 1368/1305/1256 1365/1302/1253
f 1365/1302/1253 1368/1305/1256 1369/1306/1257
f 1365/1302/1253 1369/1306/1257 1366/1303/1254
f 1358/1295/1246 1370/1307/1258 1371/1308/1259
f 1358/1295/1246 1371/1308/1259 245/245/241
f 247/247/243 1372/1309/1260 1373/1310/1261
f 247/247/243 1373/1310/1261 1359/1296/1247
f 1363/1300/1251 1374/1311/1262 1370/1307/1258
f 1363/1300/1251 1370/1307/1258 1358/1295/1246
f 1366/1303/1254 1375/1312/1263 1374/1311/1262
f 1366/1303/1254 1374/1311/1262 1363/1300/1251
f 1369/1306/1257 1376/1313/1264 1375/1312/1263
f 1369/1306/1257 1375/1312/1263 1366/1303/1254
f 245/245/241 1371/1308/1259 1377/1314/1265
f 245/245/241 1377/1314/1265 243/243/239
f 243/243/239 1377/1314/1265 1372/1309/1260
f 243/243/239 1372/1309/1260 247/247/243
f 1370/1307/1258 1378/1315/1266 1379/1316/1267
f 1370/1307/1258 1379/1316/1267 1371/1308/1259
f 1372/1309/1260 1380/1317/1268 1381/1318/1269
f 1372/1309/1260 1381/1318/1269 1373/1310/1261
f 1374/1311/1262 1382/1319/1270 1378/1315/1266
f 1374/1311/1262 1378/1315/1266 1370/1307/1258
f 1375/1312/1263 1383/1320/1271 1382/1319/1270
f 1375/1312/1263 1382/1319/1270 1374/1311/1262
f 1376/1313/1264 1384/1321/1272 1383/1320/1271
f 1376/1313/1264 1383/1320/1271 1375/1312/1263
f 1371/1308/1259 1379/1316/1267 1385/1322/1273
f 1371/1308/1259 1385/1322/1273 1377/1314/1265
f 1377/1314/1265 1385/1322/1273 1380/1317/1268
f 1377/1314/1265 1380/1317/1268 1372/1309/1260
f 250/250/246 249/249/245 1386/1323/1274
f 250/250/246 1386/1323/1274 1387/1324/1275
f 249/249/245 252/252/248 1388/1325/1276
f 249/249/245 1388/1325/1276 1386/1323/1274
f 254/254/250 253/253/249 1389/1326/1277
f 254/254/250 1389/1326/1277 1390/1327/1278
f 253/253/249 255/255/251 1391/1328/1279
f 253/253/249 1391/1328/1279 1389/1326/1277
f 255/255/251 250/250/246 1387/1324/1275
f 255/255/251 1387/1324/1275 1391/1328/1279
f 1392/1329/1280 1386/1323/1274 1393/1330/1281
f 1392/1329/1280 1393/1330/1281 1394/1331/1282
f 1386/1323/1274 1388/1325/1276 1395/1332/1283
f 1386/1323/1274 1395/1332/1283 1393/1330/1281
f 1396/1333/1284 1392/1329/1280 1394/1331/1282
f 1396/1333/1284 1394/1331/1282 1397/1334/1285
f 1394/1331/1282 1393/1330/1281 1398/1335/1286
f 1394/1331/1282 1398/1335/1286 1399/1336/1287
f 1393/1330/1281 1395/1332/1283 1400/1337/1288
f 1393/1330/1281 1400/1337/1288 1398/1335/1286
f 1399/1336/1287 1398/1335/1286 1401/1338/1289
f 1399/1336/1287 1401/1338/1289 1402/1339/1290
f 1398/1335/1286 1400/1337/1288 1403/1340/1291
f 1398/1335/1286 1403/1340/1291 1401/1338/1289
f 1388/1325/1276 252/252/248 1404/1341/1292
f 1388/1325/1276 1404/1341/1292 1405/1342/1293
f 254/254/250 1390/1327/1278 1406/1343/1294
f 254/254/250 1406/1343/1294 1407/1344/1295
f 1395/1332/1283 1388/1325/1276 1405/1342/1293
f 1395/1332/1283 1405/1342/1293 1408/1345/1296
f 1400/1337/1288 1395/1332/1283 1408/1345/1296
f 1400/1337/1288 1408/1345/1296 1409/1346/1297
f 1403/1340/1291 1400/1337/1288 1409/1346/1297
f 1403/1340/1291 1409/1346/1297 1410/1347/1298
f 252/252/248 251/251/247 1411/1348/1299
f 252/252/248 1411/1348/1299 1404/1341/1292
f 251/251/247 254/254/250 1407/1344/1295
f 251/251/247 1407/1344/1295 1411/1348/1299
f 1405/1342/1293 1404/1341/1292 1379/1316/1267
f 1405/1342/1293 1379/1316/1267 1378/1315/1266
f 1407/1344/1295 1406/1343/1294 1381/1318/1269
f 1407/1344/1295 1381/1318/1269 1380/1317/1268
f 1408/1345/1296 1405/1342/1293 1378/1315/1266
f 1408/1345/1296 1378/1315/1266 1382/1319/1270
f 1409/1346/1297 1408/1345/1296 1382/1319/1270
f 1409/1346/1297 1382/1319/1270 1383/1320/1271
f 1410/1347/1298 1409/1346/1297 1383/1320/1271
f 1410/1347/1298 1383/1320/1271 1384/1321/1272
f 1404/1341/1292 1411/1348/1299 1385/1322/1273
f 1404/1341/1292 1385/1322/1273 1379/1316/1267
f 1411/1348/1299 1407/1344/1295 1380/1317/1268
f 1411/1348/1299 1380/1317/1268 1385/1322/1273
f 1412/1349/1300 1413/1350/1301 1414/1351/1302
f 1412/1349/1300 1414/1351/1302 1415/1352/1303
f 1416/1353/1304 1417/1354/1305 1418/1355/1306
f 1416/1353/1304 1418/1355/1306 1419/1356/1307
f 1420/1357/1308 1421/1358/1309 1422/1359/1310
f 1420/1357/1308 1422/1359/1310 1423/1360/1311
f 1423/1360/1311 1422/1359/1310 1424/1361/1312
f 1423/1360/1311 1424/1361/1312 1425/1362/1313
f 1426/1363/1314 1427/1364/1315 1428/1365/1316
f 1426/1363/1314 1428/1365/1316 1429/1366/1317
f 1430/1367/1318 1431/1368/1319 1432/1369/1320
f 1430/1367/1318 1432/1369/1320 1433/1370/1321
f 1434/1371/1322 1435/1372/1323 1436/1373/1324
f 1434/1371/1322 1436/1373/1324 1437/1374/1325
f 1426/1363/1314 1429/1366/1317 1438/1375/1326
f 1426/1363/1314 1438/1375/1326 1439/1376/1327
f 1417/1354/1305 1416/1353/1304 1440/1377/1328
f 1417/1354/1305 1440/1377/1328 1441/1378/1329
f 1442/1379/1330 1443/1380/1331 1444/1381/1325
f 1442/1379/1330 1444/1381/1325 1445/1382/1332
f 1437/1374/1325 1436/1373/1324 1446/1383/1333
f 1437/1374/1325 1446/1383/1333 1447/1384/1300
f 1439/1376/1327 1438/1375/1326 1414/1351/1302
f 1439/1376/1327 1414/1351/1302 1413/1350/1301
f 1448/1385/1326 1449/1386/1334 1450/1387/1335
f 1448/1385/1326 1450/1387/1335 1451/1388/1336
f 1445/1382/1332 1444/1381/1325 1412/1349/1300
f 1445/1382/1332 1412/1349/1300 1415/1352/1303
f 1429/1366/1317 1428/1365/1316 1452/1389/1337
f 1429/1366/1317 1452/1389/1337 1453/1390/1317
f 1421/1358/1309 1420/1357/1308 1454/1391/1338
f 1421/1358/1309 1454/1391/1338 1455/1392/1339
f 1433/1370/1321 1432/1369/1320 1456/1393/1340
f 1433/1370/1321 1456/1393/1340 1457/1394/1341
f 1442/1379/1330 1445/1382/1332 1458/1395/1342
f 1442/1379/1330 1458/1395/1342 1459/1396/1343
f 1449/1386/1334 1448/1385/1326 1460/1397/1344
f 1449/1386/1334 1460/1397/1344 1461/1398/1342
f 1438/1375/1326 1429/1366/1317 1453/1390/1317
f 1438/1375/1326 1453/1390/1317 1462/1399/1345
f 1453/1390/1317 1452/1389/1337 1463/1400/1346
f 1453/1390/1317 1463/1400/1346 1464/1401/1317
f 1455/1392/1339 1454/1391/1338 1465/1402/1347
f 1455/1392/1339 1465/1402/1347 1466/1403/1348
f 1457/1394/1341 1456/1393/1340 263/263/259
f 1457/1394/1341 263/263/259 1467/1404/1349
f 1459/1396/1343 1458/1395/1342 1468/1405/1350
f 1459/1396/1343 1468/1405/1350 1469/1406/1351
f 1470/1407/1352 1471/1408/1353 1472/1409/1354
f 1470/1407/1352 1472/1409/1354 1473/1410/1355
f 1462/1399/1345 1453/1390/1317 1464/1401/1317
f 1462/1399/1345 1464/1401/1317 1474/1411/1356
f 1461/1398/1342 1460/1397/1344 1475/1412/1357
f 1461/1398/1342 1475/1412/1357 1470/1407/1352
f 1462/1399/1345 1474/1411/1356 1476/1413/1358
f 1462/1399/1345 1476/1413/1358 1477/1414/1359
f 1441/1378/1329 1440/1377/1328 1478/1415/1360
f 1441/1378/1329 1478/1415/1360 1479/1416/1361
f 1480/1417/1328 1468/1405/1350 1481/1418/1362
f 1480/1417/1328 1481/1418/1362 1482/1419/1363
f 1464/1401/1317 1463/1400/1346 1483/1420/1306
f 1464/1401/1317 1483/1420/1306 1484/1421/1364
f 1466/1403/1348 1465/1402/1347 261/261/257
f 1466/1403/1348 261/261/257 260/260/256
f 1467/1404/1349 263/263/259 262/262/258
f 1467/1404/1349 262/262/258 1485/1422/257
f 1469/1406/1351 1468/1405/1350 1480/1417/1328
f 1469/1406/1351 1480/1417/1328 1486/1423/1304
f 1473/1410/1355 1472/1409/1354 1479/1416/1361
f 1473/1410/1355 1479/1416/1361 1478/1415/1360
f 1474/1411/1356 1464/1401/1317 1484/1421/1364
f 1474/1411/1356 1484/1421/1364 1487/1424/1329
f 1476/1413/1358 1474/1411/1356 1487/1424/1329
f 1476/1413/1358 1487/1424/1329 1488/1425/1365
f 1473/1410/1355 1489/1426/1366 1461/1398/1342
f 1473/1410/1355 1461/1398/1342 1470/1407/1352
f 1425/1362/1313 1424/1361/1312 1435/1372/1323
f 1425/1362/1313 1435/1372/1323 1434/1371/1322
f 1428/1365/1316 1427/1364/1315 1490/1427/1367
f 1428/1365/1316 1490/1427/1367 1491/1428/1368
f 1432/1369/1320 1431/1368/1319 1443/1380/1331
f 1432/1369/1320 1443/1380/1331 1442/1379/1330
f 1452/1389/1337 1428/1365/1316 1491/1428/1368
f 1452/1389/1337 1491/1428/1368 1492/1429/1369
f 1456/1393/1340 1432/1369/1320 1442/1379/1330
f 1456/1393/1340 1442/1379/1330 1459/1396/1343
f 1463/1400/1346 1452/1389/1337 1492/1429/1369
f 1463/1400/1346 1492/1429/1369 1493/1430/1370
f 263/263/259 1456/1393/1340 1459/1396/1343
f 263/263/259 1459/1396/1343 1469/1406/1351
f 1483/1420/1306 1463/1400/1346 1493/1430/1370
f 1483/1420/1306 1493/1430/1370 1494/1431/1371
f 264/264/260 263/263/259 1469/1406/1351
f 264/264/260 1469/1406/1351 1486/1423/1304
f 1419/1356/1307 1418/1355/1306 260/260/256
f 1419/1356/1307 260/260/256 259/259/255
f 1495/1432/1372 1496/1433/1373 1497/1434/1374
f 1495/1432/1372 1497/1434/1374 1498/1435/1375
f 1498/1435/1375 1497/1434/1374 1499/1436/1376
f 1498/1435/1375 1499/1436/1376 1500/1437/1377
f 1501/1438/1378 1502/1439/1379 1503/1440/1380
f 1501/1438/1378 1503/1440/1380 1504/1441/1381
f 1505/1442/1382 1506/1443/1383 1507/1444/1384
f 1505/1442/1382 1507/1444/1384 1508/1445/1385
f 1509/1446/1386 1510/1447/1372 1511/1448/1387
f 1509/1446/1386 1511/1448/1387 1512/1449/1388
f 1500/1437/1377 1499/1436/1376 1513/1450/1389
f 1500/1437/1377 1513/1450/1389 1514/1451/1390
f 1507/1444/1384 1506/1443/1383 1515/1452/1391
f 1507/1444/1384 1515/1452/1391 1516/1453/1392
f 1509/1446/1386 1512/1449/1388 1517/1454/1393
f 1509/1446/1386 1517/1454/1393 1518/1455/1394
f 1514/1451/1390 1513/1450/1389 1519/1456/1395
f 1514/1451/1390 1519/1456/1395 1520/1457/1396
f 1516/1453/1392 1515/1452/1391 1503/1440/1380
f 1516/1453/1392 1503/1440/1380 1502/1439/1379
f 1518/1455/1394 1517/1454/1393 1501/1438/1378
f 1518/1455/1394 1501/1438/1378 1504/1441/1381
f 1521/1458/1397 1522/1459/1398 1523/1460/1399
f 1521/1458/1397 1523/1460/1399 1524/1461/1400
f 1522/1459/1398 1525/1462/1401 1526/1463/1402
f 1522/1459/1398 1526/1463/1402 1523/1460/1399
f 1525/1462/1401 1527/1464/1403 1528/1465/1404
f 1525/1462/1401 1528/1465/1404 1526/1463/1402
f 1527/1464/1403 1529/1466/1405 1530/1467/1406
f 1527/1464/1403 1530/1467/1406 1528/1465/1404
f 1529/1466/1405 1531/1468/1407 1532/1469/1408
f 1529/1466/1405 1532/1469/1408 1530/1467/1406
f 1531/1468/1407 1533/1470/1397 1534/1471/1409
f 1531/1468/1407 1534/1471/1409 1532/1469/1408
f 1535/1472/1410 1536/1473/1411 1537/1474/1411
f 1535/1472/1410 1537/1474/1411 1538/1475/1412
f 1536/1473/1411 1539/1476/1413 1540/1477/1414
f 1536/1473/1411 1540/1477/1414 1537/1474/1411
f 1539/1476/1413 1541/1478/1415 1542/1479/1415
f 1539/1476/1413 1542/1479/1415 1540/1477/1414
f 1541/1478/1415 1543/1480/1416 1544/1481/1416
f 1541/1478/1415 1544/1481/1416 1542/1479/1415
f 1543/1480/1416 1545/1482/1417 1546/1483/1417
f 1543/1480/1416 1546/1483/1417 1544/1481/1416
f 1547/1484/1418 1548/1485/1419 1549/1486/1420
f 1547/1484/1418 1549/1486/1420 1550/1487/1421
f 1551/1488/1422 1552/1489/1423 1553/1490/1424
f 1551/1488/1422 1553/1490/1424 1554/1491/1425
f 1554/1491/1425 1553/1490/1424 1555/1492/1426
f 1554/1491/1425 1555/1492/1426 1556/1493/1427
f 1556/1493/1427 1555/1492/1426 1548/1485/1419
f 1556/1493/1427 1548/1485/1419 1547/1484/1418
f 1548/1485/1419 1555/1492/1426 1557/1494/1424
f 1548/1485/1419 1557/1494/1424 1558/1495/1423
f 1556/1493/1427 1547/1484/1418 1559/1496/1421
f 1556/1493/1427 1559/1496/1421 1560/1497/1428
f 1561/1472/1429 1562/1473/1430 1563/1474/1430
f 1561/1472/1429 1563/1474/1430 1564/1475/1431
f 1562/1473/1430 1565/1476/1432 1566/1477/1432
f 1562/1473/1430 1566/1477/1432 1563/1474/1430
f 1565/1476/1432 1567/1478/1433 1568/1479/1433
f 1565/1476/1432 1568/1479/1433 1566/1477/1432
f 1567/1478/1433 1569/1480/1434 1570/1481/1434
f 1567/1478/1433 1570/1481/1434 1568/1479/1433
f 1569/1480/1434 1571/1482/1435 1572/1483/1436
f 1569/1480/1434 1572/1483/1436 1570/1481/1434
f 1573/1472/1437 1574/1473/1438 1575/1474/1438
f 1573/1472/1437 1575/1474/1438 1576/1475/1437
f 1574/1473/1438 1577/1476/1439 1578/1477/1440
f 1574/1473/1438 1578/1477/1440 1575/1474/1438
f 1577/1476/1439 1579/1478/1441 1580/1479/1441
f 1577/1476/1439 1580/1479/1441 1578/1477/1440
f 1579/1478/1441 1581/1480/1442 1582/1481/1442
f 1579/1478/1441 1582/1481/1442 1580/1479/1441
f 1581/1480/1442 1583/1482/1443 1584/1483/1443
f 1581/1480/1442 1584/1483/1443 1582/1481/1442
f 1585/1498/1444 1586/1499/1445 1587/1500/1446
f 1585/1498/1444 1587/1500/1446 1588/1501/1447
f 1589/1502/1448 1590/1503/1449 1591/1504/1450
f 1589/1502/1448 1591/1504/1450 1592/1505/1451
f 1593/1506/1452 273/273/269 272/272/268
f 1593/1506/1452 272/272/268 1594/1507/1453
f 1595/1508/1454 1596/1509/1455 1597/1510/1456
f 1595/1508/1454 1597/1510/1456 1598/1511/1457
f 1599/1512/1458 276/276/272 275/275/271
f 1599/1512/1458 275/275/271 1600/1513/1459
f 1601/1514/1460 1597/1510/1456 1602/1515/1461
f 1601/1514/1460 1602/1515/1461 282/282/277
f 1603/1516/269 1591/1504/1450 279/279/274
f 1603/1516/269 279/279/274 278/278/270
f 1587/1500/1446 1586/1499/1445 281/281/276
f 1587/1500/1446 281/281/276 1604/1517/1462
f 1594/1507/1453 272/272/268 1596/1509/1455
f 1594/1507/1453 1596/1509/1455 1595/1508/1454
f 1586/1499/1445 1585/1498/1444 1605/1518/1463
f 1586/1499/1445 1605/1518/1463 1601/1514/1460
f 272/272/268 274/274/270 1606/1519/1464
f 272/272/268 1606/1519/1464 1596/1509/1455
f 281/281/276 1586/1499/1445 1601/1514/1460
f 281/281/276 1601/1514/1460 282/282/277
f 1592/1505/1451 1591/1504/1450 1603/1516/269
f 1592/1505/1451 1603/1516/269 1607/1520/1465
f 1598/1511/1457 1597/1510/1456 1601/1514/1460
f 1598/1511/1457 1601/1514/1460 1605/1518/1463
f 1602/1515/1461 1597/1510/1456 1596/1509/1455
f 1602/1515/1461 1596/1509/1455 1606/1519/1464
f 279/279/274 1591/1504/1450 1590/1503/1449
f 279/279/274 1590/1503/1449 1608/1521/1462
f 1609/1522/1466 1610/1523/1467 1611/1524/1468
f 1609/1522/1466 1611/1524/1468 1612/1525/1469
f 279/279/274 1608/1521/1462 1613/1526/1470
f 279/279/274 1613/1526/1470 285/285/280
f 1604/1517/1462 281/281/276 287/287/282
f 1604/1517/1462 287/287/282 1614/1527/1471
f 1615/1528/1472 1616/1529/1473 1617/1530/1474
f 1615/1528/1472 1617/1530/1474 1618/1531/1475
f 1616/1529/1473 1619/1532/1476 1620/1533/279
f 1616/1529/1473 1620/1533/279 1617/1530/1474
f 280/280/275 279/279/274 285/285/280
f 280/280/275 285/285/280 284/284/279
f 281/281/276 283/283/278 288/288/283
f 281/281/276 288/288/283 287/287/282
f 283/283/278 1615/1528/1472 1618/1531/1475
f 283/283/278 1618/1531/1475 288/288/283
f 1621/1534/1477 1622/1535/1478 1623/1536/1479
f 1621/1534/1477 1623/1536/1479 1624/1537/1480
f 285/285/280 1613/1526/1470 1625/1538/1481
f 285/285/280 1625/1538/1481 1626/1539/1482
f 1614/1527/1471 287/287/282 294/294/289
f 1614/1527/1471 294/294/289 1627/1540/1483
f 1628/1541/1484 1629/1542/1485 293/293/288
f 1628/1541/1484 293/293/288 1630/1543/1486
f 1629/1542/1485 290/290/285 292/292/287
f 1629/1542/1485 292/292/287 293/293/288
f 286/286/281 285/285/280 1626/1539/1482
f 286/286/281 1626/1539/1482 1631/1544/1487
f 287/287/282 289/289/284 295/295/290
f 287/287/282 295/295/290 294/294/289
f 1632/1545/1488 1628/1541/1484 1630/1543/1486
f 1632/1545/1488 1630/1543/1486 1633/1546/1489
f 1626/1539/1482 1625/1538/1481 1634/1547/1490
f 1626/1539/1482 1634/1547/1490 1635/1548/1491
f 1627/1540/1483 294/294/289 296/296/291
f 1627/1540/1483 296/296/291 1636/1549/1490
f 1637/1550/1492 1638/1551/1493 1639/1552/1494
f 1637/1550/1492 1639/1552/1494 1640/1553/1495
f 1631/1544/1487 1626/1539/1482 1635/1548/1491
f 1631/1544/1487 1635/1548/1491 1641/1554/273
f 1642/1555/1496 1637/1550/1492 1640/1553/1495
f 1642/1555/1496 1640/1553/1495 1643/1556/1497
f 1644/1557/1498 1645/1558/288 1646/1559/1499
f 1644/1557/1498 1646/1559/1499 1647/1560/1500
f 293/293/288 277/277/273 1639/1552/1494
f 293/293/288 1639/1552/1494 1648/1561/1493
f 277/277/273 276/276/272 1640/1553/1495
f 277/277/273 1640/1553/1495 1639/1552/1494
f 295/295/290 1644/1557/1498 1647/1560/1500
f 295/295/290 1647/1560/1500 1649/1562/1496
f 276/276/272 1599/1512/1458 1643/1556/1497
f 276/276/272 1643/1556/1497 1640/1553/1495
f 296/296/291 295/295/290 1649/1562/1496
f 296/296/291 1649/1562/1496 1650/1563/1497
f 1651/1564/1501 297/297/292 299/299/294
f 1651/1564/1501 299/299/294 1652/1565/1502
f 301/301/296 1653/1566/1503 1654/1567/1504
f 301/301/296 1654/1567/1504 302/302/297
f 283/283/278 282/282/277 1655/1568/1502
f 283/283/278 1655/1568/1502 1656/1569/1505
f 1657/1570/1506 303/303/298 305/305/300
f 1657/1570/1506 305/305/300 1658/1571/1507
f 307/307/302 1659/1572/1508 1660/1571/1509
f 307/307/302 1660/1571/1509 308/308/303
f 289/289/284 288/288/283 1661/1573/1510
f 289/289/284 1661/1573/1510 1662/1574/1511
f 299/299/294 298/298/293 1663/1575/1512
f 299/299/294 1663/1575/1512 1664/1576/1513
f 1609/1522/1466 1612/1525/1469 1665/1577/1514
f 1609/1522/1466 1665/1577/1514 1666/1578/1515
f 300/300/295 302/302/297 1667/1579/1516
f 300/300/295 1667/1579/1516 1668/1575/1517
f 1652/1565/1502 299/299/294 1664/1576/1513
f 1652/1565/1502 1664/1576/1513 1669/1580/1518
f 302/302/297 1654/1567/1504 1670/1581/1519
f 302/302/297 1670/1581/1519 1667/1579/1516
f 1656/1569/1505 1655/1568/1502 1671/1582/1520
f 1656/1569/1505 1671/1582/1520 1672/1583/1521
f 305/305/300 304/304/299 1673/1584/1522
f 305/305/300 1673/1584/1522 1674/1585/1523
f 1621/1534/1477 1624/1537/1480 1675/1586/1524
f 1621/1534/1477 1675/1586/1524 1676/1587/1525
f 306/306/301 308/308/303 1677/1588/1526
f 306/306/301 1677/1588/1526 1678/1584/1527
f 1658/1571/1507 305/305/300 1674/1585/1523
f 1658/1571/1507 1674/1585/1523 1679/1589/1528
f 308/308/303 1660/1571/1509 1680/1589/1529
f 308/308/303 1680/1589/1529 1677/1588/1526
f 1662/1574/1511 1661/1573/1510 1681/1590/1530
f 1662/1574/1511 1681/1590/1530 1682/1591/1531
f 304/304/299 1683/1592/279 1684/1593/1532
f 304/304/299 1684/1593/1532 1685/1594/1533
f 1686/1595/285 306/306/301 1624/1537/1480
f 1686/1595/285 1624/1537/1480 1623/1536/1479
f 284/284/279 286/286/281 1687/1596/1479
f 284/284/279 1687/1596/1479 1688/1597/1478
f 306/306/301 1678/1584/1527 1675/1586/1524
f 306/306/301 1675/1586/1524 1624/1537/1480
f 1673/1584/1522 304/304/299 1685/1594/1533
f 1673/1584/1522 1685/1594/1533 1689/1598/1534
f 298/298/293 1690/1599/1535 1691/1600/1467
f 298/298/293 1691/1600/1467 1692/1601/1466
f 1693/1602/1476 300/300/295 1612/1525/1469
f 1693/1602/1476 1612/1525/1469 1611/1524/1468
f 278/278/270 280/280/275 1694/1603/1468
f 278/278/270 1694/1603/1468 1695/1604/1536
f 300/300/295 1668/1575/1517 1665/1577/1514
f 300/300/295 1665/1577/1514 1612/1525/1469
f 1663/1575/1512 298/298/293 1692/1601/1466
f 1663/1575/1512 1692/1601/1466 1696/1605/1537
f 1697/1606/1538 1698/1607/1539 1699/1608/1540
f 1697/1606/1538 1699/1608/1540 1700/1609/1541
f 1698/1607/1539 1701/1610/1542 1702/1611/1543
f 1698/1607/1539 1702/1611/1543 1699/1608/1540
f 1701/1610/1542 1703/1612/1544 1704/1613/1545
f 1701/1610/1542 1704/1613/1545 1702/1611/1543
f 1703/1612/1544 1705/1614/1546 1706/1615/1547
f 1703/1612/1544 1706/1615/1547 1704/1613/1545
f 1707/1616/1548 1708/1617/1549 1709/1618/1550
f 1707/1616/1548 1709/1618/1550 1710/1619/1551
f 1708/1617/1549 1711/1620/1552 1712/1621/1553
f 1708/1617/1549 1712/1621/1553 1709/1618/1550
f 1711/1620/1552 1713/1622/1554 1714/1623/1555
f 1711/1620/1552 1714/1623/1555 1712/1621/1553
f 1713/1622/1554 1697/1606/1538 1700/1609/1541
f 1713/1622/1554 1700/1609/1541 1714/1623/1555
f 1700/1609/1541 1699/1608/1540 1715/1624/1556
f 1700/1609/1541 1715/1624/1556 1716/1625/1557
f 1699/1608/1540 1702/1611/1543 1717/1626/1558
f 1699/1608/1540 1717/1626/1558 1715/1624/1556
f 1702/1611/1543 1704/1613/1545 1718/1627/1559
f 1702/1611/1543 1718/1627/1559 1719/1628/1558
f 1704/1613/1545 1706/1615/1547 1720/1629/1560
f 1704/1613/1545 1720/1629/1560 1718/1627/1559
f 1710/1619/1551 1709/1618/1550 1721/1630/1561
f 1710/1619/1551 1721/1630/1561 1722/1631/1562
f 1709/1618/1550 1712/1621/1553 1723/1632/1563
f 1709/1618/1550 1723/1632/1563 1721/1630/1561
f 1712/1621/1553 1714/1623/1555 1724/1633/1564
f 1712/1621/1553 1724/1633/1564 1725/1634/1563
f 1714/1623/1555 1700/1609/1541 1716/1625/1557
f 1714/1623/1555 1716/1625/1557 1726/1635/1565
f 1727/1636/1557 1728/1637/1566 1729/1638/1567
f 1727/1636/1557 1729/1638/1567 1730/1639/1568
f 1728/1637/1566 1731/1640/1569 1732/1641/1570
f 1728/1637/1566 1732/1641/1570 1729/1638/1567
f 1731/1640/1569 1733/1642/1559 1734/1643/1571
f 1731/1640/1569 1734/1643/1571 1732/1641/1570
f 1733/1642/1559 1735/1644/1560 1736/1645/1572
f 1733/1642/1559 1736/1645/1572 1734/1643/1571
f 1737/1646/1562 1738/1647/1561 1739/1648/1573
f 1737/1646/1562 1739/1648/1573 1740/1649/1574
f 1738/1647/1561 1741/1650/1575 1742/1651/1576
f 1738/1647/1561 1742/1651/1576 1739/1648/1573
f 1741/1650/1575 1743/1652/1564 1744/1653/1577
f 1741/1650/1575 1744/1653/1577 1742/1651/1576
f 1743/1652/1564 1727/1636/1557 1730/1639/1568
f 1743/1652/1564 1730/1639/1568 1744/1653/1577
f 1745/1654/1578 1746/1655/1579 1747/1656/1580
f 1745/1654/1578 1747/1656/1580 1748/1657/1581
f 1749/1658/1552 1750/1659/1582 1751/1660/1583
f 1749/1658/1552 1751/1660/1583 1752/1661/1584
f 1746/1655/1579 1749/1658/1552 1752/1661/1584
f 1746/1655/1579 1752/1661/1584 1747/1656/1580
f 1753/1662/1585 1754/1663/1586 1755/1664/1587
f 1753/1662/1585 1755/1664/1587 1756/1665/1588
f 1754/1663/1586 1757/1666/1589 1758/1667/1590
f 1754/1663/1586 1758/1667/1590 1755/1664/1587
f 1757/1666/1589 1759/1668/1574 1760/1669/1573
f 1757/1666/1589 1760/1669/1573 1758/1667/1590
f 1761/1670/1591 1762/1671/1592 1763/1672/1374
f 1761/1670/1591 1763/1672/1374 1764/1673/1375
f 1764/1673/1375 1763/1672/1374 1765/1674/1593
f 1764/1673/1375 1765/1674/1593 1766/1675/1594
f 1766/1675/1594 1765/1674/1593 1767/1676/1595
f 1766/1675/1594 1767/1676/1595 1768/1677/1596
f 1768/1677/1596 1767/1676/1595 1769/1678/1597
f 1768/1677/1596 1769/1678/1597 1770/1679/1598
f 1771/1680/1599 1772/1681/1600 1765/1674/1593
f 1771/1680/1599 1765/1674/1593 1763/1672/1374
f 1773/1682/1601 1774/1683/1602 1764/1673/1375
f 1773/1682/1601 1764/1673/1375 1766/1675/1594
f 1775/1684/1603 1776/1685/1604 1777/1686/1605
f 1775/1684/1603 1777/1686/1605 1778/1687/1606
f 1776/1685/1604 1779/1688/1607 1780/1689/1608
f 1776/1685/1604 1780/1689/1608 1777/1686/1605
f 1779/1688/1607 1781/1690/1609 1782/1691/1610
f 1779/1688/1607 1782/1691/1610 1780/1689/1608
f 1781/1690/1609 1783/1692/1611 1784/1693/1612
f 1781/1690/1609 1784/1693/1612 1782/1691/1610
f 1783/1692/1611 1785/1694/1613 1786/1695/1614
f 1783/1692/1611 1786/1695/1614 1784/1693/1612
f 1787/1696/1615 1775/1684/1603 1778/1687/1606
f 1787/1696/1615 1778/1687/1606 1788/1697/1616
f 1789/1698/1605 1790/1699/1617 1791/1700/1616
f 1789/1698/1605 1791/1700/1616 1792/1701/1618
f 1790/1699/1617 1793/1702/1619 1794/1703/1620
f 1790/1699/1617 1794/1703/1620 1791/1700/1616
f 1795/1704/1621 1796/1705/1613 1797/1706/1622
f 1795/1704/1621 1797/1706/1622 1798/1707/1623
f 1796/1705/1613 1799/1708/1624 1800/1709/1625
f 1796/1705/1613 1800/1709/1625 1797/1706/1622
f 1801/1670/1591 1802/1671/1592 1803/1672/1374
f 1801/1670/1591 1803/1672/1374 1804/1673/1375
f 1804/1673/1375 1803/1672/1374 1805/1674/1593
f 1804/1673/1375 1805/1674/1593 1806/1675/1594
f 1806/1675/1594 1805/1674/1593 1807/1676/1595
f 1806/1675/1594 1807/1676/1595 1808/1677/1596
f 1808/1677/1596 1807/1676/1595 1809/1678/1597
f 1808/1677/1596 1809/1678/1597 1810/1679/1598
f 1811/1680/1599 1812/1681/1600 1805/1674/1593
f 1811/1680/1599 1805/1674/1593 1803/1672/1374
f 1813/1682/1601 1814/1683/1626 1804/1673/1375
f 1813/1682/1601 1804/1673/1375 1806/1675/1594
f 1815/1684/1603 1816/1685/1604 1817/1686/1605
f 1815/1684/1603 1817/1686/1605 1818/1687/1618
f 1816/1685/1604 1819/1688/1607 1820/1689/1608
f 1816/1685/1604 1820/1689/1608 1817/1686/1605
f 1819/1688/1607 1821/1690/1609 1822/1691/1610
f 1819/1688/1607 1822/1691/1610 1820/1689/1608
f 1821/1690/1609 1823/1692/1611 1824/1693/1612
f 1821/1690/1609 1824/1693/1612 1822/1691/1610
f 1823/1692/1611 1825/1694/1613 1826/1695/1614
f 1823/1692/1611 1826/1695/1614 1824/1693/1612
f 1827/1696/1615 1815/1684/1603 1818/1687/1618
f 1827/1696/1615 1818/1687/1618 1828/1697/1616
f 1829/1698/1605 1830/1699/1617 1831/1700/1616
f 1829/1698/1605 1831/1700/1616 1832/1701/1618
f 1830/1699/1617 1833/1702/1619 1834/1703/1620
f 1830/1699/1617 1834/1703/1620 1831/1700/1616
f 1835/1704/1621 1836/1705/1613 1837/1706/1622
f 1835/1704/1621 1837/1706/1622 1838/1707/1623
f 1836/1705/1613 1839/1708/1624 1840/1709/1625
f 1836/1705/1613 1840/1709/1625 1837/1706/1622
f 1841/1498/1627 1842/1501/1628 1843/1500/1629
f 1841/1498/1627 1843/1500/1629 1844/1499/1630
f 1845/1502/1628 1846/1505/1631 1847/1504/1632
f 1845/1502/1628 1847/1504/1632 1848/1503/1633
f 1849/1506/1634 1850/1507/1635 309/272/304
f 1849/1506/1634 309/272/304 311/273/306
f 1851/1508/1636 1852/1511/1637 1853/1510/1638
f 1851/1508/1636 1853/1510/1638 1854/1509/1639
f 1855/1512/326 1856/1513/1640 312/275/307
f 1855/1512/326 312/275/307 314/276/309
f 1857/1514/1641 320/282/314 1858/1515/1642
f 1857/1514/1641 1858/1515/1642 1853/1510/1638
f 1859/1516/306 315/278/305 317/279/311
f 1859/1516/306 317/279/311 1847/1504/1632
f 1843/1500/1629 1860/1517/1643 318/281/312
f 1843/1500/1629 318/281/312 1844/1499/1630
f 1850/1507/1635 1851/1508/1636 1854/1509/1639
f 1850/1507/1635 1854/1509/1639 309/272/304
f 1844/1499/1630 1857/1514/1641 1861/1518/1644
f 1844/1499/1630 1861/1518/1644 1841/1498/1627
f 309/272/304 1854/1509/1639 1862/1519/330
f 309/272/304 1862/1519/330 310/274/305
f 318/281/312 320/282/314 1857/1514/1641
f 318/281/312 1857/1514/1641 1844/1499/1630
f 1846/1505/1631 1863/1520/1645 1859/1516/306
f 1846/1505/1631 1859/1516/306 1847/1504/1632
f 1852/1511/1637 1861/1518/1644 1857/1514/1641
f 1852/1511/1637 1857/1514/1641 1853/1510/1638
f 1858/1515/1642 1862/1519/330 1854/1509/1639
f 1858/1515/1642 1854/1509/1639 1853/1510/1638
f 317/279/311 1864/1521/1643 1848/1503/1633
f 317/279/311 1848/1503/1633 1847/1504/1632
f 1865/1522/1646 1866/1525/1647 1867/1524/1648
f 1865/1522/1646 1867/1524/1648 1868/1523/1649
f 317/279/311 323/285/317 1869/1526/1650
f 317/279/311 1869/1526/1650 1864/1521/1643
f 1860/1517/1643 1870/1527/1651 324/287/318
f 1860/1517/1643 324/287/318 318/281/312
f 1871/1528/333 1872/1531/334 1873/1530/1652
f 1871/1528/333 1873/1530/1652 1874/1529/1653
f 1874/1529/1653 1873/1530/1652 1875/1533/315
f 1874/1529/1653 1875/1533/315 1876/1532/1654
f 316/280/310 321/284/315 323/285/317
f 316/280/310 323/285/317 317/279/311
f 318/281/312 324/287/318 326/288/320
f 318/281/312 326/288/320 319/283/313
f 319/283/313 326/288/320 1872/1531/334
f 319/283/313 1872/1531/334 1871/1528/333
f 1877/1534/1655 1878/1537/1656 1879/1536/1657
f 1877/1534/1655 1879/1536/1657 1880/1535/1658
f 323/285/317 1881/1539/1659 1882/1538/1660
f 323/285/317 1882/1538/1660 1869/1526/1650
f 1870/1527/1651 1883/1540/1660 331/294/325
f 1870/1527/1651 331/294/325 324/287/318
f 1884/1541/1661 1885/1543/1662 330/293/324
f 1884/1541/1661 330/293/324 1886/1542/1663
f 1886/1542/1663 330/293/324 328/292/322
f 1886/1542/1663 328/292/322 327/290/321
f 322/286/316 1887/1544/1664 1881/1539/1659
f 322/286/316 1881/1539/1659 323/285/317
f 324/287/318 331/294/325 333/295/327
f 324/287/318 333/295/327 325/289/319
f 1888/1545/1665 1889/1546/327 1885/1543/1662
f 1888/1545/1665 1885/1543/1662 1884/1541/1661
f 1881/1539/1659 1890/1548/1666 1891/1547/1667
f 1881/1539/1659 1891/1547/1667 1882/1538/1660
f 1883/1540/1660 1892/1549/1640 332/296/326
f 1883/1540/1660 332/296/326 331/294/325
f 1893/1550/1668 1894/1553/1669 1895/1552/1670
f 1893/1550/1668 1895/1552/1670 1896/1551/1671
f 1887/1544/1664 1897/1554/308 1890/1548/1666
f 1887/1544/1664 1890/1548/1666 1881/1539/1659
f 1898/1555/1672 1899/1556/1673 1894/1553/1669
f 1898/1555/1672 1894/1553/1669 1893/1550/1668
f 1900/1557/1674 1901/1560/1675 1902/1559/1676
f 1900/1557/1674 1902/1559/1676 1903/1558/1677
f 330/293/324 1904/1561/1678 1895/1552/1670
f 330/293/324 1895/1552/1670 313/277/308
f 313/277/308 1895/1552/1670 1894/1553/1669
f 313/277/308 1894/1553/1669 314/276/309
f 333/295/327 1905/1562/1672 1901/1560/1675
f 333/295/327 1901/1560/1675 1900/1557/1674
f 314/276/309 1894/1553/1669 1899/1556/1673
f 314/276/309 1899/1556/1673 1855/1512/326
f 332/296/326 1906/1563/1673 1905/1562/1672
f 332/296/326 1905/1562/1672 333/295/327
f 1907/1564/1679 1908/1565/1680 335/299/329
f 1907/1564/1679 335/299/329 334/297/328
f 339/301/333 338/302/332 1909/1567/1681
f 339/301/333 1909/1567/1681 1910/1566/1682
f 319/283/313 1911/1569/1683 1912/1568/1684
f 319/283/313 1912/1568/1684 320/282/314
f 1913/1570/1685 1914/1571/1686 341/305/335
f 1913/1570/1685 341/305/335 340/303/334
f 345/307/339 344/308/338 1915/1571/1687
f 345/307/339 1915/1571/1687 1916/1572/1665
f 325/289/319 1917/1574/1687 1918/1573/1688
f 325/289/319 1918/1573/1688 326/288/320
f 335/299/329 1919/1576/1689 1920/1575/1690
f 335/299/329 1920/1575/1690 336/298/330
f 1865/1522/1646 1921/1578/1691 1922/1577/1692
f 1865/1522/1646 1922/1577/1692 1866/1525/1647
f 337/300/331 1923/1575/1693 1924/1579/1694
f 337/300/331 1924/1579/1694 338/302/332
f 1908/1565/1680 1925/1580/1695 1919/1576/1689
f 1908/1565/1680 1919/1576/1689 335/299/329
f 338/302/332 1924/1579/1694 1926/1581/1696
f 338/302/332 1926/1581/1696 1909/1567/1681
f 1911/1569/1683 1927/1583/1697 1928/1582/1698
f 1911/1569/1683 1928/1582/1698 1912/1568/1684
f 341/305/335 1929/1585/1699 1930/1584/1700
f 341/305/335 1930/1584/1700 342/304/336
f 1877/1534/1655 1931/1587/1701 1932/1586/1702
f 1877/1534/1655 1932/1586/1702 1878/1537/1656
f 343/306/337 1933/1584/1703 1934/1588/1704
f 343/306/337 1934/1588/1704 344/308/338
f 1914/1571/1686 1935/1589/1705 1929/1585/1699
f 1914/1571/1686 1929/1585/1699 341/305/335
f 344/308/338 1934/1588/1704 1936/1589/1706
f 344/308/338 1936/1589/1706 1915/1571/1687
f 1917/1574/1687 1937/1591/1707 1938/1590/1708
f 1917/1574/1687 1938/1590/1708 1918/1573/1688
f 342/304/336 1939/1594/1709 1940/1593/1710
f 342/304/336 1940/1593/1710 1941/1592/315
f 1942/1595/1711 1879/1536/1657 1878/1537/1656
f 1942/1595/1711 1878/1537/1656 343/306/337
f 321/284/315 1943/1597/1712 1944/1596/1713
f 321/284/315 1944/1596/1713 322/286/316
f 343/306/337 1878/1537/1656 1932/1586/1702
f 343/306/337 1932/1586/1702 1933/1584/1703
f 1930/1584/1700 1945/1598/1701 1939/1594/1709
f 1930/1584/1700 1939/1594/1709 342/304/336
f 336/298/330 1946/1601/1646 1947/1600/1714
f 336/298/330 1947/1600/1714 1948/1599/1715
f 1949/1602/1716 1867/1524/1648 1866/1525/1647
f 1949/1602/1716 1866/1525/1647 337/300/331
f 315/278/305 1950/1604/1714 1951/1603/1717
f 315/278/305 1951/1603/1717 316/280/310
f 337/300/331 1866/1525/1647 1922/1577/1692
f 337/300/331 1922/1577/1692 1923/1575/1693
f 1920/1575/1690 1952/1605/1718 1946/1601/1646
f 1920/1575/1690 1946/1601/1646 336/298/330
f 1953/1670/1592 1954/1673/1374 1955/1672/1375
f 1953/1670/1592 1955/1672/1375 1956/1671/1591
f 1954/1673/1374 1957/1675/1593 1958/1674/1594
f 1954/1673/1374 1958/1674/1594 1955/1672/1375
f 1957/1675/1593 1959/1677/1719 1960/1676/1720
f 1957/1675/1593 1960/1676/1720 1958/1674/1594
f 1959/1677/1719 1961/1679/1597 1962/1678/1598
f 1959/1677/1719 1962/1678/1598 1960/1676/1720
f 1963/1680/1602 1955/1672/1375 1958/1674/1594
f 1963/1680/1602 1958/1674/1594 1964/1681/1720
f 1965/1682/1721 1957/1675/1593 1954/1673/1374
f 1965/1682/1721 1954/1673/1374 1966/1683/1599
f 1967/1684/1604 1968/1687/1605 1969/1686/1618
f 1967/1684/1604 1969/1686/1618 1970/1685/1603
f 1970/1685/1603 1969/1686/1618 1971/1689/1722
f 1970/1685/1603 1971/1689/1722 1972/1688/1723
f 1972/1688/1723 1971/1689/1722 1973/1691/1612
f 1972/1688/1723 1973/1691/1612 1974/1690/1624
f 1974/1690/1624 1973/1691/1612 1975/1693/1610
f 1974/1690/1624 1975/1693/1610 1976/1692/1625
f 1976/1692/1625 1975/1693/1610 1977/1695/1617
f 1976/1692/1625 1977/1695/1617 1978/1694/1724
f 1979/1696/1622 1980/1697/1725 1968/1687/1605
f 1979/1696/1622 1968/1687/1605 1967/1684/1604
f 1981/1698/1618 1982/1701/1605 1983/1700/1617
f 1981/1698/1618 1983/1700/1617 1984/1699/1616
f 1984/1699/1616 1983/1700/1617 1985/1703/1619
f 1984/1699/1616 1985/1703/1619 1986/1702/1620
f 1987/1704/1623 1988/1707/1621 1989/1706/1613
f 1987/1704/1623 1989/1706/1613 1990/1705/1622
f 1990/1705/1622 1989/1706/1613 1991/1709/1624
f 1990/1705/1622 1991/1709/1624 1992/1708/1625
f 1993/1670/1592 1994/1673/1374 1995/1672/1375
f 1993/1670/1592 1995/1672/1375 1996/1671/1591
f 1994/1673/1374 1997/1675/1593 1998/1674/1594
f 1994/1673/1374 1998/1674/1594 1995/1672/1375
f 1997/1675/1593 1999/1677/1726 2000/1676/1720
f 1997/1675/1593 2000/1676/1720 1998/1674/1594
f 1999/1677/1726 2001/1679/1597 2002/1678/1598
f 1999/1677/1726 2002/1678/1598 2000/1676/1720
f 2003/1680/1602 1995/1672/1375 1998/1674/1594
f 2003/1680/1602 1998/1674/1594 2004/1681/1720
f 2005/1682/1721 1997/1675/1593 1994/1673/1374
f 2005/1682/1721 1994/1673/1374 2006/1683/1727
f 2007/1684/1604 2008/1687/1605 2009/1686/1618
f 2007/1684/1604 2009/1686/1618 2010/1685/1603
f 2010/1685/1603 2009/1686/1618 2011/1689/1722
f 2010/1685/1603 2011/1689/1722 2012/1688/1723
f 2012/1688/1723 2011/1689/1722 2013/1691/1612
f 2012/1688/1723 2013/1691/1612 2014/1690/1624
f 2014/1690/1624 2013/1691/1612 2015/1693/1610
f 2014/1690/1624 2015/1693/1610 2016/1692/1625
f 2016/1692/1625 2015/1693/1610 2017/1695/1617
f 2016/1692/1625 2017/1695/1617 2018/1694/1724
f 2019/1696/1622 2020/1697/1725 2008/1687/1605
f 2019/1696/1622 2008/1687/1605 2007/1684/1604
f 2021/1698/1618 2022/1701/1605 2023/1700/1617
f 2021/1698/1618 2023/1700/1617 2024/1699/1616
f 2024/1699/1616 2023/1700/1617 2025/1703/1619
f 2024/1699/1616 2025/1703/1619 2026/1702/1620
f 2027/1704/1623 2028/1707/1621 2029/1706/1613
f 2027/1704/1623 2029/1706/1613 2030/1705/1622
f 2030/1705/1622 2029/1706/1613 2031/1709/1624
f 2030/1705/1622 2031/1709/1624 2032/1708/1625
f 2033/1135/1728 2034/1138/1729 2035/1137/1730
f 2033/1135/1728 2035/1137/1730 2036/1136/1731
f 2036/1136/1731 2035/1137/1730 2037/1140/1732
f 2036/1136/1731 2037/1140/1732 2038/1139/1733
f 2038/1139/1733 2037/1140/1732 2039/1141/1734
f 2038/1139/1733 2039/1141/1734 355/208/348
f 355/208/348 2039/1141/1734 2040/1142/1735
f 355/208/348 2040/1142/1735 356/207/349
f 356/207/349 2040/1142/1735 2041/1143/1736
f 356/207/349 2041/1143/1736 354/206/347
f 354/206/347 2041/1143/1736 2042/1145/1737
f 354/206/347 2042/1145/1737 2043/1144/1738
f 2043/1144/1738 2042/1145/1737 2034/1138/1729
f 2043/1144/1738 2034/1138/1729 2033/1135/1728
f 2034/1138/1729 346/198/340 348/199/341
f 2034/1138/1729 348/199/341 2035/1137/1730
f 2035/1137/1730 348/199/341 349/201/342
f 2035/1137/1730 349/201/342 2037/1140/1732
f 2037/1140/1732 349/201/342 350/202/343
f 2037/1140/1732 350/202/343 2039/1141/1734
f 2039/1141/1734 350/202/343 351/203/344
f 2039/1141/1734 351/203/344 2040/1142/1735
f 2040/1142/1735 351/203/344 352/204/345
f 2040/1142/1735 352/204/345 2041/1143/1736
f 2041/1143/1736 352/204/345 353/205/346
f 2041/1143/1736 353/205/346 2042/1145/1737
f 2042/1145/1737 353/205/346 346/198/340
f 2042/1145/1737 346/198/340 2034/1138/1729
f 2033/1135/1728 2036/1136/1731 2038/1139/1733
f 2033/1135/1728 2038/1139/1733 2043/1144/1738
f 2043/1144/1738 2038/1139/1733 355/208/348
f 2043/1144/1738 355/208/348 354/206/347
f 2044/1184/1739 2045/1187/1740 2046/1186/1741
f 2044/1184/1739 2046/1186/1741 2047/1185/1742
f 2045/1187/1740 2048/1189/1743 2049/1188/1744
f 2045/1187/1740 2049/1188/1744 2046/1186/1741
f 2048/1189/1743 2050/1191/1745 2051/1190/1746
f 2048/1189/1743 2051/1190/1746 2049/1188/1744
f 2052/1192/1747 2044/1184/1739 2047/1185/1742
f 2052/1192/1747 2047/1185/1742 2053/1193/1748
f 2054/1194/1749 2055/1197/1750 2056/1196/1751
f 2054/1194/1749 2056/1196/1751 2057/1195/1752
f 2058/1198/1747 2048/1189/1743 2045/1187/1740
f 2058/1198/1747 2045/1187/1740 2059/1199/1753
f 2047/1185/1742 2060/1201/1754 2061/1200/1752
f 2047/1185/1742 2061/1200/1752 2053/1193/1748
f 2051/1190/1746 2062/1202/1755 2056/1196/1751
f 2051/1190/1746 2056/1196/1751 2049/1188/1744
f 2049/1188/1744 2056/1196/1751 2055/1197/1750
f 2049/1188/1744 2055/1197/1750 2046/1186/1741
f 2046/1186/1741 2055/1197/1750 2060/1201/1754
f 2046/1186/1741 2060/1201/1754 2047/1185/1742
f 2063/1146/1756 2064/1149/1757 2065/1148/1758
f 2063/1146/1756 2065/1148/1758 2066/1147/1759
f 2066/1147/1759 2065/1148/1758 2067/1151/1760
f 2066/1147/1759 2067/1151/1760 2068/1150/353
f 2068/1150/353 2067/1151/1760 2069/1153/1761
f 2068/1150/353 2069/1153/1761 2070/1152/1762
f 2070/1152/1762 2069/1153/1761 2071/1155/1763
f 2070/1152/1762 2071/1155/1763 2072/1154/355
f 2072/1154/355 2071/1155/1763 2073/1157/1764
f 2072/1154/355 2073/1157/1764 2074/1156/1765
f 2074/1156/1765 2073/1157/1764 2075/1159/263
f 2074/1156/1765 2075/1159/263 2076/1158/1766
f 2076/1158/1766 2075/1159/263 2077/1161/1757
f 2076/1158/1766 2077/1161/1757 2078/1160/1767
f 2079/1606/1538 2080/1607/1539 2081/1608/1540
f 2079/1606/1538 2081/1608/1540 2082/1609/1541
f 2080/1607/1539 2083/1610/1542 2084/1611/1543
f 2080/1607/1539 2084/1611/1543 2081/1608/1540
f 2083/1610/1542 2085/1612/1584 2086/1613/1545
f 2083/1610/1542 2086/1613/1545 2084/1611/1543
f 2085/1612/1584 2087/1614/1546 2088/1615/1547
f 2085/1612/1584 2088/1615/1547 2086/1613/1545
f 2089/1616/1548 2090/1617/1549 2091/1618/1550
f 2089/1616/1548 2091/1618/1550 2092/1619/1551
f 2090/1617/1549 2093/1620/1552 2094/1621/1553
f 2090/1617/1549 2094/1621/1553 2091/1618/1550
f 2093/1620/1552 2095/1622/1554 2096/1623/1555
f 2093/1620/1552 2096/1623/1555 2094/1621/1553
f 2095/1622/1554 2079/1606/1538 2082/1609/1541
f 2095/1622/1554 2082/1609/1541 2096/1623/1555
f 2082/1609/1541 2081/1608/1540 2097/1624/1556
f 2082/1609/1541 2097/1624/1556 2098/1625/1557
f 2081/1608/1540 2084/1611/1543 2099/1626/1558
f 2081/1608/1540 2099/1626/1558 2097/1624/1556
f 2084/1611/1543 2086/1613/1545 2100/1627/1559
f 2084/1611/1543 2100/1627/1559 2101/1628/1558
f 2086/1613/1545 2088/1615/1547 2102/1629/1560
f 2086/1613/1545 2102/1629/1560 2100/1627/1559
f 2092/1619/1551 2091/1618/1550 2103/1630/1561
f 2092/1619/1551 2103/1630/1561 2104/1631/1562
f 2091/1618/1550 2094/1621/1553 2105/1632/1563
f 2091/1618/1550 2105/1632/1563 2103/1630/1561
f 2094/1621/1553 2096/1623/1555 2106/1633/1564
f 2094/1621/1553 2106/1633/1564 2107/1634/1563
f 2096/1623/1555 2082/1609/1541 2098/1625/1557
f 2096/1623/1555 2098/1625/1557 2108/1635/1565
f 2109/1636/1557 2110/1637/1566 2111/1638/1567
f 2109/1636/1557 2111/1638/1567 2112/1639/1768
f 2110/1637/1566 2113/1640/1569 2114/1641/1570
f 2110/1637/1566 2114/1641/1570 2111/1638/1567
f 2113/1640/1569 2115/1642/1559 2116/1643/1571
f 2113/1640/1569 2116/1643/1571 2114/1641/1570
f 2115/1642/1559 2117/1644/1560 2118/1645/1572
f 2115/1642/1559 2118/1645/1572 2116/1643/1571
f 2119/1646/1562 2120/1647/1561 2121/1648/1573
f 2119/1646/1562 2121/1648/1573 2122/1649/1574
f 2120/1647/1561 2123/1650/1575 2124/1651/1576
f 2120/1647/1561 2124/1651/1576 2121/1648/1573
f 2123/1650/1575 2125/1652/1564 2126/1653/1577
f 2123/1650/1575 2126/1653/1577 2124/1651/1576
f 2125/1652/1564 2109/1636/1557 2112/1639/1768
f 2125/1652/1564 2112/1639/1768 2126/1653/1577
f 2127/1654/1769 2128/1655/1579 2129/1656/1580
f 2127/1654/1769 2129/1656/1580 2130/1657/1581
f 2131/1658/1552 2132/1659/1582 2133/1660/1583
f 2131/1658/1552 2133/1660/1583 2134/1661/1584
f 2128/1655/1579 2131/1658/1552 2134/1661/1584
f 2128/1655/1579 2134/1661/1584 2129/1656/1580
f 2135/1662/1585 2136/1663/1586 2137/1664/1770
f 2135/1662/1585 2137/1664/1770 2138/1665/1588
f 2136/1663/1586 2139/1666/1589 2140/1667/1771
f 2136/1663/1586 2140/1667/1771 2137/1664/1770
f 2139/1666/1589 2141/1668/1574 2142/1669/1573
f 2139/1666/1589 2142/1669/1573 2140/1667/1771
f 2143/1606/1772 2144/1609/1773 2145/1608/1774
f 2143/1606/1772 2145/1608/1774 2146/1607/1775
f 2146/1607/1775 2145/1608/1774 2147/1611/1776
f 2146/1607/1775 2147/1611/1776 2148/1610/1777
f 2148/1610/1777 2147/1611/1776 2149/1613/1778
f 2148/1610/1777 2149/1613/1778 2150/1612/1779
f 2150/1612/1779 2149/1613/1778 2151/1615/1780
f 2150/1612/1779 2151/1615/1780 2152/1614/1781
f 2153/1616/1782 2154/1619/1783 2155/1618/1784
f 2153/1616/1782 2155/1618/1784 2156/1617/1785
f 2156/1617/1785 2155/1618/1784 2157/1621/1786
f 2156/1617/1785 2157/1621/1786 2158/1620/1787
f 2158/1620/1787 2157/1621/1786 2159/1623/1788
f 2158/1620/1787 2159/1623/1788 2160/1622/1789
f 2160/1622/1789 2159/1623/1788 2144/1609/1773
f 2160/1622/1789 2144/1609/1773 2143/1606/1772
f 2144/1609/1773 2161/1625/1790 2162/1624/1791
f 2144/1609/1773 2162/1624/1791 2145/1608/1774
f 2145/1608/1774 2162/1624/1791 2163/1626/1792
f 2145/1608/1774 2163/1626/1792 2147/1611/1776
f 2147/1611/1776 2164/1628/1792 2165/1627/1793
f 2147/1611/1776 2165/1627/1793 2149/1613/1778
f 2149/1613/1778 2165/1627/1793 2166/1629/1794
f 2149/1613/1778 2166/1629/1794 2151/1615/1780
f 2154/1619/1783 2167/1631/1795 2168/1630/1796
f 2154/1619/1783 2168/1630/1796 2155/1618/1784
f 2155/1618/1784 2168/1630/1796 2169/1632/1797
f 2155/1618/1784 2169/1632/1797 2157/1621/1786
f 2157/1621/1786 2170/1634/1797 2171/1633/1798
f 2157/1621/1786 2171/1633/1798 2159/1623/1788
f 2159/1623/1788 2172/1635/1799 2161/1625/1790
f 2159/1623/1788 2161/1625/1790 2144/1609/1773
f 2173/1636/1790 2174/1639/1800 2175/1638/1801
f 2173/1636/1790 2175/1638/1801 2176/1637/1802
f 2176/1637/1802 2175/1638/1801 2177/1641/1803
f 2176/1637/1802 2177/1641/1803 2178/1640/1804
f 2178/1640/1804 2177/1641/1803 2179/1643/1805
f 2178/1640/1804 2179/1643/1805 2180/1642/1793
f 2180/1642/1793 2179/1643/1805 2181/1645/1806
f 2180/1642/1793 2181/1645/1806 2182/1644/1794
f 2183/1646/1795 2184/1649/1807 2185/1648/1808
f 2183/1646/1795 2185/1648/1808 2186/1647/1809
f 2186/1647/1809 2185/1648/1808 2187/1651/1810
f 2186/1647/1809 2187/1651/1810 2188/1650/1811
f 2188/1650/1811 2187/1651/1810 2189/1653/1812
f 2188/1650/1811 2189/1653/1812 2190/1652/1798
f 2190/1652/1798 2189/1653/1812 2174/1639/1800
f 2190/1652/1798 2174/1639/1800 2173/1636/1790
f 2191/1654/1813 2192/1657/1814 2193/1656/1815
f 2191/1654/1813 2193/1656/1815 2194/1655/1816
f 2195/1658/1817 2196/1661/1818 2197/1660/1819
f 2195/1658/1817 2197/1660/1819 2198/1659/1785
f 2194/1655/1816 2193/1656/1815 2196/1661/1818
f 2194/1655/1816 2196/1661/1818 2195/1658/1817
f 2199/1662/1801 2200/1665/1820 2201/1664/1821
f 2199/1662/1801 2201/1664/1821 2202/1663/1822
f 2202/1663/1822 2201/1664/1821 2203/1667/1810
f 2202/1663/1822 2203/1667/1810 2204/1666/1823
f 2204/1666/1823 2203/1667/1810 2205/1669/1824
f 2204/1666/1823 2205/1669/1824 2206/1668/1806
f 2207/1606/1772 2208/1609/1773 2209/1608/1774
f 2207/1606/1772 2209/1608/1774 2210/1607/1775
f 2210/1607/1775 2209/1608/1774 2211/1611/1776
f 2210/1607/1775 2211/1611/1776 2212/1610/1777
f 2212/1610/1777 2211/1611/1776 2213/1613/1778
f 2212/1610/1777 2213/1613/1778 2214/1612/1779
f 2214/1612/1779 2213/1613/1778 2215/1615/1780
f 2214/1612/1779 2215/1615/1780 2216/1614/1781
f 2217/1616/1782 2218/1619/1783 2219/1618/1784
f 2217/1616/1782 2219/1618/1784 2220/1617/1825
f 2220/1617/1825 2219/1618/1784 2221/1621/1786
f 2220/1617/1825 2221/1621/1786 2222/1620/1787
f 2222/1620/1787 2221/1621/1786 2223/1623/1788
f 2222/1620/1787 2223/1623/1788 2224/1622/1789
f 2224/1622/1789 2223/1623/1788 2208/1609/1773
f 2224/1622/1789 2208/1609/1773 2207/1606/1772
f 2208/1609/1773 2225/1625/1790 2226/1624/1791
f 2208/1609/1773 2226/1624/1791 2209/1608/1774
f 2209/1608/1774 2226/1624/1791 2227/1626/1792
f 2209/1608/1774 2227/1626/1792 2211/1611/1776
f 2211/1611/1776 2228/1628/1792 2229/1627/1793
f 2211/1611/1776 2229/1627/1793 2213/1613/1778
f 2213/1613/1778 2229/1627/1793 2230/1629/1794
f 2213/1613/1778 2230/1629/1794 2215/1615/1780
f 2218/1619/1783 2231/1631/1795 2232/1630/1796
f 2218/1619/1783 2232/1630/1796 2219/1618/1784
f 2219/1618/1784 2232/1630/1796 2233/1632/1797
f 2219/1618/1784 2233/1632/1797 2221/1621/1786
f 2221/1621/1786 2234/1634/1797 2235/1633/1798
f 2221/1621/1786 2235/1633/1798 2223/1623/1788
f 2223/1623/1788 2236/1635/1799 2225/1625/1790
f 2223/1623/1788 2225/1625/1790 2208/1609/1773
f 2237/1636/1790 2238/1639/1820 2239/1638/1801
f 2237/1636/1790 2239/1638/1801 2240/1637/1802
f 2240/1637/1802 2239/1638/1801 2241/1641/1803
f 2240/1637/1802 2241/1641/1803 2242/1640/1804
f 2242/1640/1804 2241/1641/1803 2243/1643/1805
f 2242/1640/1804 2243/1643/1805 2244/1642/1793
f 2244/1642/1793 2243/1643/1805 2245/1645/1806
f 2244/1642/1793 2245/1645/1806 2246/1644/1794
f 2247/1646/1795 2248/1649/1807 2249/1648/1824
f 2247/1646/1795 2249/1648/1824 2250/1647/1809
f 2250/1647/1809 2249/1648/1824 2251/1651/1810
f 2250/1647/1809 2251/1651/1810 2252/1650/1811
f 2252/1650/1811 2251/1651/1810 2253/1653/1812
f 2252/1650/1811 2253/1653/1812 2254/1652/1798
f 2254/1652/1798 2253/1653/1812 2238/1639/1820
f 2254/1652/1798 2238/1639/1820 2237/1636/1790
f 2255/1654/1813 2256/1657/1814 2257/1656/1815
f 2255/1654/1813 2257/1656/1815 2258/1655/1816
f 2259/1658/1817 2260/1661/1818 2261/1660/1819
f 2259/1658/1817 2261/1660/1819 2262/1659/1785
f 2258/1655/1816 2257/1656/1815 2260/1661/1818
f 2258/1655/1816 2260/1661/1818 2259/1658/1817
f 2263/1662/1801 2264/1665/1820 2265/1664/1812
f 2263/1662/1801 2265/1664/1812 2266/1663/1822
f 2266/1663/1822 2265/1664/1812 2267/1667/1826
f 2266/1663/1822 2267/1667/1826 2268/1666/1823
f 2268/1666/1823 2267/1667/1826 2269/1669/1824
f 2268/1666/1823 2269/1669/1824 2270/1668/1806
f 2271/1710/1827 2272/1711/1828 2273/1712/1829
f 2271/1710/1827 2273/1712/1829 2274/1713/1830
f 2272/1711/1828 2275/1714/1401 2276/1715/1831
f 2272/1711/1828 2276/1715/1831 2273/1712/1829
f 2275/1714/1401 2277/1716/1832 2278/1717/1833
f 2275/1714/1401 2278/1717/1833 2276/1715/1831
f 2277/1716/1832 2279/1718/1834 2280/1719/1835
f 2277/1716/1832 2280/1719/1835 2278/1717/1833
f 2281/1720/1834 2282/1721/1407 2283/1722/1836
f 2281/1720/1834 2283/1722/1836 2284/1723/363
f 2282/1721/1407 2271/1710/1827 2274/1713/1830
f 2282/1721/1407 2274/1713/1830 2283/1722/1836
f 2285/1724/1827 2286/1725/1828 2287/1726/1837
f 2285/1724/1827 2287/1726/1837 2288/1727/1838
f 2286/1725/1828 2289/1728/1401 2290/1729/1839
f 2286/1725/1828 2290/1729/1839 2287/1726/1837
f 2289/1728/1401 2291/1730/1840 2292/1731/1841
f 2289/1728/1401 2292/1731/1841 2290/1729/1839
f 2293/1732/1840 2294/1733/1842 2295/1734/1843
f 2293/1732/1840 2295/1734/1843 2296/1735/1841
f 2294/1733/1842 2297/1736/1407 2298/1737/1844
f 2294/1733/1842 2298/1737/1844 2295/1734/1843
f 2297/1736/1407 2285/1724/1827 2288/1727/1838
f 2297/1736/1407 2288/1727/1838 2298/1737/1844
f 2299/1738/1837 2300/1739/361 2301/1740/364
f 2299/1738/1837 2301/1740/364 2302/1741/1838
f 2300/1739/361 2303/1742/1845 2304/1743/1843
f 2300/1739/361 2304/1743/1843 2301/1740/364
f 2305/1724/1827 2306/1725/1828 2307/1726/1837
f 2305/1724/1827 2307/1726/1837 2308/1727/1838
f 2306/1725/1828 2309/1728/1401 2310/1729/1839
f 2306/1725/1828 2310/1729/1839 2307/1726/1837
f 2309/1728/1401 2311/1730/1840 2312/1731/1841
f 2309/1728/1401 2312/1731/1841 2310/1729/1839
f 2313/1732/1840 2314/1733/1842 2315/1734/1843
f 2313/1732/1840 2315/1734/1843 2316/1735/1841
f 2314/1733/1842 2317/1736/1407 2318/1737/1844
f 2314/1733/1842 2318/1737/1844 2315/1734/1843
f 2317/1736/1407 2305/1724/1827 2308/1727/1838
f 2317/1736/1407 2308/1727/1838 2318/1737/1844
f 2319/1738/1837 2320/1739/361 2321/1740/364
f 2319/1738/1837 2321/1740/364 2322/1741/1838
f 2320/1739/361 2323/1742/1845 2324/1743/1843
f 2320/1739/361 2324/1743/1843 2321/1740/364
f 2325/1724/1827 2326/1725/1828 2327/1726/1837
f 2325/1724/1827 2327/1726/1837 2328/1727/1838
f 2326/1725/1828 2329/1728/1401 2330/1729/1839
f 2326/1725/1828 2330/1729/1839 2327/1726/1837
f 2329/1728/1401 2331/1730/1840 2332/1731/1841
f 2329/1728/1401 2332/1731/1841 2330/1729/1839
f 2333/1732/1840 2334/1733/1842 2335/1734/1843
f 2333/1732/1840 2335/1734/1843 2336/1735/1841
f 2334/1733/1842 2337/1736/1407 2338/1737/1844
f 2334/1733/1842 2338/1737/1844 2335/1734/1843
f 2337/1736/1407 2325/1724/1827 2328/1727/1838
f 2337/1736/1407 2328/1727/1838 2338/1737/1844
f 2339/1738/1837 2340/1739/361 2341/1740/364
f 2339/1738/1837 2341/1740/364 2342/1741/1838
f 2340/1739/361 2343/1742/1845 2344/1743/1843
f 2340/1739/361 2344/1743/1843 2341/1740/364
f 2345/1724/1827 2346/1725/1828 2347/1726/1837
f 2345/1724/1827 2347/1726/1837 2348/1727/1838
f 2346/1725/1828 2349/1728/1401 2350/1729/1839
f 2346/1725/1828 2350/1729/1839 2347/1726/1837
f 2349/1728/1401 2351/1730/1840 2352/1731/1841
f 2349/1728/1401 2352/1731/1841 2350/1729/1839
f 2353/1732/1840 2354/1733/1842 2355/1734/1843
f 2353/1732/1840 2355/1734/1843 2356/1735/1841
f 2354/1733/1842 2357/1736/1407 2358/1737/1844
f 2354/1733/1842 2358/1737/1844 2355/1734/1843
f 2357/1736/1407 2345/1724/1827 2348/1727/1838
f 2357/1736/1407 2348/1727/1838 2358/1737/1844
f 2359/1738/1837 2360/1739/361 2361/1740/364
f 2359/1738/1837 2361/1740/364 2362/1741/1838
f 2360/1739/361 2363/1742/1845 2364/1743/1843
f 2360/1739/361 2364/1743/1843 2361/1740/364
f 2365/1744/1846 2366/1745/1847 2367/1746/1401
f 2368/1747/1848 2365/1744/1846 2367/1746/1401
f 2369/1748/1849 2368/1747/1848 2367/1746/1401
f 2370/1749/1850 2369/1748/1849 2367/1746/1401
f 2371/1750/1851 2370/1749/1850 2367/1746/1401
f 2372/1751/1852 2371/1750/1851 2367/1746/1401
f 2373/1752/1853 2372/1751/1852 2367/1746/1401
f 2366/1745/1847 2373/1752/1853 2367/1746/1401
f 2374/1753/1854 2375/1754/1855 2376/1755/1407
f 2375/1754/1855 2377/1756/1856 2376/1755/1407
f 2377/1756/1856 2378/1757/1857 2376/1755/1407
f 2378/1757/1857 2379/1758/1858 2376/1755/1407
f 2379/1758/1858 2380/1759/1859 2376/1755/1407
f 2380/1759/1859 2381/1760/1860 2376/1755/1407
f 2381/1760/1860 2382/1761/1861 2376/1755/1407
f 2382/1761/1861 2374/1753/1854 2376/1755/1407
f 2383/1744/1855 2384/1746/1407 2385/1745/1854
f 2386/1747/1856 2384/1746/1407 2383/1744/1855
f 2387/1748/1857 2384/1746/1407 2386/1747/1856
f 2388/1749/1858 2384/1746/1407 2387/1748/1857
f 2389/1750/1859 2384/1746/1407 2388/1749/1858
f 2390/1751/1860 2384/1746/1407 2389/1750/1859
f 2391/1752/1861 2384/1746/1407 2390/1751/1860
f 2385/1745/1854 2384/1746/1407 2391/1752/1861
f 2392/1753/1847 2393/1755/1401 2394/1754/1846
f 2394/1754/1846 2393/1755/1401 2395/1756/1848
f 2395/1756/1848 2393/1755/1401 2396/1757/1849
f 2396/1757/1849 2393/1755/1401 2397/1758/1850
f 2397/1758/1850 2393/1755/1401 2398/1759/1851
f 2398/1759/1851 2393/1755/1401 2399/1760/1852
f 2399/1760/1852 2393/1755/1401 2400/1761/1853
f 2400/1761/1853 2393/1755/1401 2392/1753/1847
f 2401/1762/1862 2402/1763/1863 2403/1764/1864
f 2404/1765/1865 2401/1762/1866 2403/1764/1864
f 2405/1766/1867 2404/1765/1865 2403/1764/1864
f 2406/1767/1868 2405/1766/1869 2403/1764/1864
f 2407/1768/1870 2406/1767/1871 2403/1764/1864
f 2402/1763/1872 2407/1768/1870 2403/1764/1864
f 2401/1762/1862 2402/1763/1863 2403/1764/1864
f 2404/1765/1865 2401/1762/1866 2403/1764/1864
f 2405/1766/1867 2404/1765/1865 2403/1764/1864
f 2406/1767/1868 2405/1766/1869 2403/1764/1864
f 2407/1768/1870 2406/1767/1871 2403/1764/1864
f 2402/1763/1872 2407/1768/1870 2403/1764/1864
f 2408/1769/1873 2409/1770/1874 2410/1771/1875
f 2408/1769/1873 2410/1771/1874 2411/1772/1873
f 2409/1770/1874 2412/1773/1401 2413/1774/1401
f 2409/1770/1874 2413/1774/1401 2410/1771/1874
f 2412/1773/1401 2414/1775/1876 2415/1776/1876
f 2412/1773/1401 2415/1776/1876 2413/1774/1401
f 2414/1775/1876 2416/1777/1877 2417/1778/1877
f 2414/1775/1878 2417/1778/1877 2415/1776/1876
f 2416/1777/1879 2418/1779/1407 2419/1780/1407
f 2416/1777/1880 2419/1780/1407 2417/1778/1877
f 2418/1779/1881 2420/1781/1873 2421/1782/1882
f 2418/1779/1407 2421/1782/1873 2419/1780/1407
f 2422/1783/1883 2423/1784/1884 2424/1785/1884
f 2422/1783/1883 2424/1785/1884 2425/1786/1883
f 2423/1784/1885 2426/1787/1886 2427/1788/1886
f 2423/1784/1884 2427/1788/1886 2424/1785/1884
f 2426/1787/1887 2428/1789/1888 2429/1790/1888
f 2426/1787/1886 2429/1790/1888 2427/1788/1886
f 2428/1789/1888 2430/1791/1889 2431/1792/1889
f 2428/1789/1888 2431/1792/1889 2429/1790/1888
f 2432/1793/1889 2422/1783/1890 2425/1786/1890
f 2432/1793/1889 2425/1786/1890 2433/1794/1889
f 2434/1795/1891 2435/1796/1892 2436/1797/1893
f 2434/1795/1894 2436/1797/1895 2437/1798/1896
f 2437/1798/1896 2436/1797/1897 2438/1799/1898
f 2437/1798/1899 2438/1799/1900 2439/1800/1901
f 2440/1801/1902 2441/1802/1903 2442/1803/1904
f 2440/1801/1905 2442/1803/1906 2443/1804/1907
f 2444/1805/1908 2445/1806/1909 2446/1807/1910
f 2444/1805/1911 2446/1807/1912 2447/1808/1891
f 2446/1807/1912 2445/1806/1913 2448/1809/1898
f 2446/1807/1912 2448/1809/1914 2449/1810/1895
f 2444/1805/1915 2447/1808/1916 2450/1811/1917
f 2444/1805/1911 2450/1811/1896 2451/1812/1918
f 2439/1800/1901 2438/1799/1900 2452/1813/1919
f 2439/1800/1901 2452/1813/1900 2453/1814/1920
f 2448/1809/1914 2445/1806/1909 2454/1815/1909
f 2448/1809/1921 2454/1815/1922 2455/1816/1898
f 2445/1806/1909 2444/1805/1908 2456/1817/1908
f 2445/1806/1923 2456/1817/1908 2454/1815/1909
f 2444/1805/1915 2451/1812/1920 2457/1818/1924
f 2444/1805/1908 2457/1818/1925 2456/1817/1915
f 2453/1814/1901 2452/1813/1900 2458/1819/1926
f 2453/1814/1918 2458/1819/1927 2459/1820/1928
f 2455/1816/1898 2454/1815/1922 2460/1821/1929
f 2455/1816/1914 2460/1821/1929 2461/1822/1930
f 2454/1815/1909 2456/1817/1915 2462/1823/1931
f 2454/1815/1913 2462/1823/1932 2460/1821/1933
f 2456/1817/1915 2457/1818/1918 2463/1824/1934
f 2456/1817/1915 2463/1824/1935 2462/1823/1936
f 2459/1820/1937 2458/1819/1927 2464/1825/1926
f 2459/1820/1937 2464/1825/1927 2465/1826/1937
f 2461/1822/1930 2460/1821/1933 2466/1827/1929
f 2461/1822/1938 2466/1827/1929 2467/1828/1939
f 2460/1821/1940 2462/1823/1932 2468/1829/1932
f 2460/1821/1933 2468/1829/1932 2466/1827/1933
f 2462/1823/1941 2463/1824/1937 2469/1830/1935
f 2462/1823/1941 2469/1830/1934 2468/1829/1941
f 2465/1826/1937 2464/1825/1927 2441/1802/1942
f 2465/1826/1937 2441/1802/1943 2440/1801/1902
f 2467/1828/1939 2466/1827/1929 2442/1803/1906
f 2467/1828/1939 2442/1803/1944 2470/1831/1942
f 2466/1827/1933 2468/1829/1932 2443/1804/1907
f 2466/1827/1933 2443/1804/1945 2442/1803/1946
f 2468/1829/1941 2469/1830/1934 2471/1832/1947
f 2468/1829/1941 2471/1832/1947 2443/1804/1948
f 2472/1833/1949 2473/1834/1950 2474/1835/1951
f 2472/1833/1949 2474/1835/1951 2475/1836/1952
f 2473/1834/1950 2476/1837/1953 2477/1838/1954
f 2473/1834/1950 2477/1838/1954 2474/1835/1951
f 2476/1837/1953 2478/1839/1955 2479/1840/1956
f 2476/1837/1953 2479/1840/1956 2477/1838/1954
f 2478/1839/1955 2480/1841/1957 2481/1842/1958
f 2478/1839/1955 2481/1842/1958 2479/1840/1956
f 2482/1843/1959 2483/1844/1960 2484/1845/1961
f 2482/1843/1959 2484/1845/1961 2485/1846/1958
f 2483/1844/1960 2486/1847/1962 2487/1848/1963
f 2483/1844/1960 2487/1848/1963 2484/1845/1961
f 2486/1847/1962 2488/1849/1964 2489/1850/1965
f 2486/1847/1962 2489/1850/1965 2487/1848/1963
f 2488/1849/1964 2472/1833/1949 2475/1836/1952
f 2488/1849/1964 2475/1836/1952 2489/1850/1965
f 2490/1833/1966 2491/1836/1847 2492/1835/1950
f 2490/1833/1966 2492/1835/1950 2493/1834/1967
f 2493/1834/1967 2492/1835/1950 2494/1838/1968
f 2493/1834/1967 2494/1838/1968 2495/1837/1969
f 2495/1837/1969 2494/1838/1968 2496/1840/1955
f 2495/1837/1969 2496/1840/1955 2497/1839/1956
f 2497/1839/1956 2496/1840/1955 2498/1842/1957
f 2497/1839/1956 2498/1842/1957 2499/1841/1958
f 2500/1843/1958 2501/1846/1959 2502/1845/1960
f 2500/1843/1958 2502/1845/1960 2503/1844/1970
f 2503/1844/1970 2502/1845/1960 2504/1848/1852
f 2503/1844/1970 2504/1848/1852 2505/1847/1971
f 2505/1847/1971 2504/1848/1852 2506/1850/1853
f 2505/1847/1971 2506/1850/1853 2507/1849/1972
f 2507/1849/1972 2506/1850/1853 2491/1836/1847
f 2507/1849/1972 2491/1836/1847 2490/1833/1966
f 2508/1851/1973 2509/1852/1974 2510/1853/1975
f 2508/1851/1973 2510/1853/1975 2511/1854/1976
f 2512/1855/1977 2513/1856/1978 2514/1857/1979
f 2512/1855/1980 2514/1857/1981 2515/1858/1982
f 2514/1857/1981 2513/1856/1983 2510/1853/1984
f 2514/1857/1985 2510/1853/1975 2509/1852/1974
f 2516/1859/1980 2517/1860/1982 2508/1851/1973
f 2516/1859/1986 2508/1851/1973 2511/1854/1987
f 2518/1861/1988 2519/1862/1989 2520/1863/1990
f 2518/1861/1991 2520/1863/1992 2521/1864/1988
f 2522/1865/1993 2523/1866/1994 2524/1867/1995
f 2522/1865/1993 2524/1867/1995 2525/1868/1996
f 2524/1867/1997 2523/1866/1998 2520/1863/1992
f 2524/1867/1995 2520/1863/1999 2519/1862/1992
f 2522/1865/2000 2525/1868/2001 2526/1869/2002
f 2522/1865/2000 2526/1869/2003 2527/1870/2004
f 2528/1865/2005 2529/1868/2006 2530/1869/2007
f 2528/1865/2006 2530/1869/2008 2531/1870/2007
f 2532/1867/2009 2533/1866/2010 2534/1863/2011
f 2532/1867/2012 2534/1863/2013 2535/1862/2013
f 2534/1863/2014 2536/1864/2015 2537/1861/2016
f 2534/1863/2017 2537/1861/2007 2535/1862/2014
f 2532/1867/2018 2529/1868/2019 2528/1865/2020
f 2532/1867/2018 2528/1865/2020 2533/1866/2018
f 2511/1854/1976 2510/1853/1975 2538/1871/2021
f 2511/1854/1976 2538/1871/2022 2539/1872/2023
f 2510/1853/1984 2513/1856/1983 2540/1873/2024
f 2510/1853/1984 2540/1873/2025 2538/1871/2021
f 2513/1856/1978 2512/1855/1977 2541/1874/2026
f 2513/1856/2027 2541/1874/2028 2540/1873/2029
f 2516/1859/2030 2511/1854/2031 2539/1872/2023
f 2516/1859/1980 2539/1872/2023 2542/1875/2032
f 2543/1876/1863 2544/1877/1862 2545/1878/1875
f 2543/1876/1872 2545/1878/1874 2546/1879/1873
f 2544/1877/1866 2547/1880/1865 2548/1881/1401
f 2544/1877/1866 2548/1881/1401 2545/1878/1874
f 2547/1880/1865 2549/1882/1867 2550/1883/1876
f 2547/1880/2033 2550/1883/1876 2548/1881/1401
f 2549/1882/1869 2551/1884/1868 2552/1885/1877
f 2549/1882/1867 2552/1885/1877 2550/1883/1876
f 2551/1884/2034 2553/1886/1870 2554/1887/1407
f 2551/1884/2034 2554/1887/1407 2552/1885/1877
f 2555/1888/1870 2543/1876/1872 2546/1879/1882
f 2555/1888/2035 2546/1879/1873 2556/1889/1407
f 2557/1890/2036 2558/1891/2037 2559/1892/2038
f 2557/1890/2039 2559/1892/2040 2560/1893/2041
f 2560/1893/2041 2559/1892/2038 2561/1894/2042
f 2560/1893/2043 2561/1894/2044 2562/1895/2045
f 2563/1896/2046 2564/1897/2047 2558/1891/2048
f 2563/1896/2049 2558/1891/2037 2557/1890/2050
f 2565/1898/2051 2566/1899/2052 2561/1894/2053
f 2565/1898/2051 2561/1894/2054 2559/1892/2055
f 2567/1900/2046 2568/1901/2039 2560/1893/2041
f 2567/1900/2046 2560/1893/2041 2562/1895/2045
f 2508/1851/1973 2509/1852/1974 2510/1853/1975
f 2508/1851/1973 2510/1853/1975 2511/1854/1976
f 2512/1855/1977 2513/1856/1978 2514/1857/1979
f 2512/1855/1980 2514/1857/1981 2515/1858/1982
f 2514/1857/1981 2513/1856/1983 2510/1853/1984
f 2514/1857/1985 2510/1853/1975 2509/1852/1974
f 2516/1859/1980 2517/1860/1982 2508/1851/1973
f 2516/1859/1986 2508/1851/1973 2511/1854/1987
f 2518/1861/1988 2519/1862/1989 2520/1863/1990
f 2518/1861/1991 2520/1863/1992 2521/1864/1988
f 2522/1865/1993 2523/1866/1994 2524/1867/1995
f 2522/1865/1993 2524/1867/1995 2525/1868/1996
f 2524/1867/1997 2523/1866/1998 2520/1863/1992
f 2524/1867/1995 2520/1863/1999 2519/1862/1992
f 2522/1865/2000 2525/1868/2001 2526/1869/2002
f 2522/1865/2000 2526/1869/2003 2527/1870/2004
f 2528/1865/2005 2529/1868/2006 2530/1869/2007
f 2528/1865/2006 2530/1869/2008 2531/1870/2007
f 2532/1867/2009 2533/1866/2010 2534/1863/2011
f 2532/1867/2012 2534/1863/2013 2535/1862/2013
f 2534/1863/2014 2536/1864/2015 2537/1861/2016
f 2534/1863/2017 2537/1861/2007 2535/1862/2014
f 2532/1867/2018 2529/1868/2019 2528/1865/2020
f 2532/1867/2018 2528/1865/2020 2533/1866/2018
f 2511/1854/1976 2510/1853/1975 2538/1871/2021
f 2511/1854/1976 2538/1871/2022 2539/1872/2023
f 2510/1853/1984 2513/1856/1983 2540/1873/2024
f 2510/1853/1984 2540/1873/2025 2538/1871/2021
f 2513/1856/1978 2512/1855/1977 2541/1874/2026
f 2513/1856/2027 2541/1874/2028 2540/1873/2029
f 2516/1859/2030 2511/1854/2031 2539/1872/2023
f 2516/1859/1980 2539/1872/2023 2542/1875/2032
f 2543/1876/1863 2544/1877/1862 2545/1878/1875
f 2543/1876/1872 2545/1878/1874 2546/1879/1873
f 2544/1877/1866 2547/1880/1865 2548/1881/1401
f 2544/1877/1866 2548/1881/1401 2545/1878/1874
f 2547/1880/1865 2549/1882/1867 2550/1883/1876
f 2547/1880/2033 2550/1883/1876 2548/1881/1401
f 2549/1882/1869 2551/1884/1868 2552/1885/1877
f 2549/1882/1867 2552/1885/1877 2550/1883/1876
f 2551/1884/2034 2553/1886/1870 2554/1887/1407
f 2551/1884/2034 2554/1887/1407 2552/1885/1877
f 2555/1888/1870 2543/1876/1872 2546/1879/1882
f 2555/1888/2035 2546/1879/1873 2556/1889/1407
f 2557/1890/2036 2558/1891/2037 2559/1892/2038
f 2557/1890/2039 2559/1892/2040 2560/1893/2041
f 2560/1893/2041 2559/1892/2038 2561/1894/2042
f 2560/1893/2043 2561/1894/2044 2562/1895/2045
f 2563/1896/2046 2564/1897/2047 2558/1891/2048
f 2563/1896/2049 2558/1891/2037 2557/1890/2050
f 2565/1898/2051 2566/1899/2052 2561/1894/2053
f 2565/1898/2051 2561/1894/2054 2559/1892/2055
f 2567/1900/2046 2568/1901/2039 2560/1893/2041
f 2567/1900/2046 2560/1893/2041 2562/1895/2045
f 2408/1769/1873 2409/1770/1874 2410/1771/1875
f 2408/1769/1873 2410/1771/1874 2411/1772/1873
f 2409/1770/1874 2412/1773/1401 2413/1774/1401
f 2409/1770/1874 2413/1774/1401 2410/1771/1874
f 2412/1773/1401 2414/1775/1876 2415/1776/1876
f 2412/1773/1401 2415/1776/1876 2413/1774/1401
f 2414/1775/1876 2416/1777/1877 2417/1778/1877
f 2414/1775/1878 2417/1778/1877 2415/1776/1876
f 2416/1777/1879 2418/1779/1407 2419/1780/1407
f 2416/1777/1880 2419/1780/1407 2417/1778/1877
f 2418/1779/1881 2420/1781/1873 2421/1782/1882
f 2418/1779/1407 2421/1782/1873 2419/1780/1407
f 2434/1795/1891 2435/1796/1892 2436/1797/1893
f 2434/1795/1894 2436/1797/1895 2437/1798/1896
f 2437/1798/1896 2436/1797/1897 2438/1799/1898
f 2437/1798/1899 2438/1799/1900 2439/1800/1901
f 2440/1801/1902 2441/1802/1903 2442/1803/1904
f 2440/1801/1905 2442/1803/1906 2443/1804/1907
f 2444/1805/1908 2445/1806/1909 2446/1807/1910
f 2444/1805/1911 2446/1807/1912 2447/1808/1891
f 2446/1807/1912 2445/1806/1913 2448/1809/1898
f 2446/1807/1912 2448/1809/1914 2449/1810/1895
f 2444/1805/1915 2447/1808/1916 2450/1811/1917
f 2444/1805/1911 2450/1811/1896 2451/1812/1918
f 2439/1800/1901 2438/1799/1900 2452/1813/1919
f 2439/1800/1901 2452/1813/1900 2453/1814/1920
f 2448/1809/1914 2445/1806/1909 2454/1815/1909
f 2448/1809/1921 2454/1815/1922 2455/1816/1898
f 2445/1806/1909 2444/1805/1908 2456/1817/1908
f 2445/1806/1923 2456/1817/1908 2454/1815/1909
f 2444/1805/1915 2451/1812/1920 2457/1818/1924
f 2444/1805/1908 2457/1818/1925 2456/1817/1915
f 2453/1814/1901 2452/1813/1900 2458/1819/1926
f 2453/1814/1918 2458/1819/1927 2459/1820/1928
f 2455/1816/1898 2454/1815/1922 2460/1821/1929
f 2455/1816/1914 2460/1821/1929 2461/1822/1930
f 2454/1815/1909 2456/1817/1915 2462/1823/1931
f 2454/1815/1913 2462/1823/1932 2460/1821/1933
f 2456/1817/1915 2457/1818/1918 2463/1824/1934
f 2456/1817/1915 2463/1824/1935 2462/1823/1936
f 2459/1820/1937 2458/1819/1927 2464/1825/1926
f 2459/1820/1937 2464/1825/1927 2465/1826/1937
f 2461/1822/1930 2460/1821/1933 2466/1827/1929
f 2461/1822/1938 2466/1827/1929 2467/1828/1939
f 2460/1821/1940 2462/1823/1932 2468/1829/1932
f 2460/1821/1933 2468/1829/1932 2466/1827/1933
f 2462/1823/1941 2463/1824/1937 2469/1830/1935
f 2462/1823/1941 2469/1830/1934 2468/1829/1941
f 2465/1826/1937 2464/1825/1927 2441/1802/1942
f 2465/1826/1937 2441/1802/1943 2440/1801/1902
f 2467/1828/1939 2466/1827/1929 2442/1803/1906
f 2467/1828/1939 2442/1803/1944 2470/1831/1942
f 2466/1827/1933 2468/1829/1932 2443/1804/1907
f 2466/1827/1933 2443/1804/1945 2442/1803/1946
f 2468/1829/1941 2469/1830/1934 2471/1832/1947
f 2468/1829/1941 2471/1832/1947 2443/1804/1948
f 2422/1783/1883 2423/1784/1884 2424/1785/1884
f 2422/1783/1883 2424/1785/1884 2425/1786/1883
f 2423/1784/1885 2426/1787/1886 2427/1788/1886
f 2423/1784/1884 2427/1788/1886 2424/1785/1884
f 2426/1787/1887 2428/1789/1888 2429/1790/1888
f 2426/1787/1886 2429/1790/1888 2427/1788/1886
f 2428/1789/1888 2430/1791/1889 2431/1792/1889
f 2428/1789/1888 2431/1792/1889 2429/1790/1888
f 2432/1793/1889 2422/1783/1890 2425/1786/1890
f 2432/1793/1889 2425/1786/1890 2433/1794/1889
f 2569/1902/2056 2570/1903/2057 2571/1904/2058
f 2572/1905/2059 2569/1902/2056 2571/1904/2058
f 2573/1906/2060 2572/1905/2059 2571/1904/2058
f 2574/1907/2061 2573/1906/2060 2571/1904/2058
f 2575/1908/2062 2574/1907/2061 2571/1904/2058
f 2570/1903/2057 2575/1908/2062 2571/1904/2058
f 2576/1909/2063 2577/1910/2064 2578/1911/2065
f 2579/1912/2066 2576/1909/2063 2578/1911/2065
f 2580/1913/2067 2579/1912/2066 2578/1911/2065
f 2581/1914/2068 2580/1913/2067 2578/1911/2065
f 2582/1915/2069 2581/1914/2068 2578/1911/2065
f 2583/1916/2070 2582/1915/2069 2578/1911/2065
f 2584/1917/2071 2583/1916/2070 2578/1911/2065
f 2577/1910/2064 2584/1917/2071 2578/1911/2065
f 2585/1918/2072 2586/1919/2073 2587/1920/2074
f 2586/1919/2073 2588/1921/2075 2587/1920/2074
f 2588/1921/2075 2589/1922/2076 2587/1920/2074
f 2589/1922/2076 2590/1923/2077 2587/1920/2074
f 2590/1923/2077 2591/1924/2078 2587/1920/2074
f 2591/1924/2078 2592/1925/2079 2587/1920/2074
f 2592/1925/2079 2593/1926/2080 2587/1920/2074
f 2593/1926/2080 2585/1918/2072 2587/1920/2074
f 2594/1927/2081 2595/1928/2056 2596/1929/2082
f 2594/1927/2081 2596/1929/2082 2597/1930/2083
f 2595/1928/2056 2598/1931/2059 2599/1932/2084
f 2595/1928/2056 2599/1932/2084 2596/1929/2082
f 2598/1931/2059 2600/1933/2085 2601/1934/2086
f 2598/1931/2059 2601/1934/2086 2599/1932/2084
f 2600/1933/2085 2602/1935/2087 2603/1936/2088
f 2600/1933/2085 2603/1936/2088 2601/1934/2086
f 2602/1935/2087 2604/1937/2089 2605/1938/2090
f 2602/1935/2087 2605/1938/2090 2603/1936/2088
f 2604/1937/2089 2606/1939/2081 2607/1940/2083
f 2604/1937/2089 2607/1940/2083 2605/1938/2090
f 2608/1941/2091 2609/1942/2092 2610/1943/2092
f 2608/1941/2091 2610/1943/2092 2611/1944/2091
f 2609/1942/2092 2612/1945/2093 2613/1946/2093
f 2609/1942/2092 2613/1946/2093 2610/1943/2092
f 2612/1945/2093 2614/1947/2094 2615/1948/2094
f 2612/1945/2093 2615/1948/2094 2613/1946/2093
f 2614/1947/2094 2616/1949/2095 2617/1950/2096
f 2614/1947/2094 2617/1950/2096 2615/1948/2094
f 2616/1949/2095 2618/1951/2091 2619/1952/2097
f 2616/1949/2095 2619/1952/2097 2617/1950/2096
f 2620/1941/2098 2621/1942/2099 2622/1943/2100
f 2620/1941/2098 2622/1943/2100 2623/1944/2098
f 2621/1942/2099 2624/1945/2101 2625/1946/2102
f 2621/1942/2099 2625/1946/2102 2622/1943/2100
f 2624/1945/2101 2626/1947/2103 2627/1948/2103
f 2624/1945/2101 2627/1948/2103 2625/1946/2102
f 2626/1947/2103 2628/1949/2104 2629/1950/2105
f 2626/1947/2103 2629/1950/2105 2627/1948/2103
f 2628/1949/2104 2630/1951/2098 2631/1952/2106
f 2628/1949/2104 2631/1952/2106 2629/1950/2105
f 2632/1953/2107 2633/1954/2108 2634/1955/2108
f 2632/1953/2107 2634/1955/2108 2635/1956/2109
f 2633/1954/2108 2636/1957/2110 2637/1958/2110
f 2633/1954/2108 2637/1958/2110 2634/1955/2108
f 2636/1957/2110 2638/1959/2111 2639/1960/2112
f 2636/1957/2110 2639/1960/2112 2637/1958/2110
f 2638/1959/2111 2640/1961/2113 2641/1962/2113
f 2638/1959/2111 2641/1962/2113 2639/1960/2112
f 2640/1961/2113 2642/1963/2114 2643/1964/2114
f 2640/1961/2113 2643/1964/2114 2641/1962/2113
f 2642/1963/2114 2644/1965/2107 2645/1966/2109
f 2642/1963/2114 2645/1966/2109 2643/1964/2114
f 2646/1967/2115 2647/1968/2116 2648/1969/2117
f 2646/1967/2115 2648/1969/2117 2649/1970/2118
f 2647/1968/2116 2650/1971/2119 2651/1972/2120
f 2647/1968/2116 2651/1972/2120 2648/1969/2117
f 2652/1973/2121 2653/1974/2122 2654/1975/2123
f 2652/1973/2121 2654/1975/2123 2655/1976/2124
f 2653/1974/2122 2656/1977/2125 2657/1978/2126
f 2653/1974/2122 2657/1978/2126 2654/1975/2123
f 2656/1977/2125 2658/1979/2127 2659/1980/2128
f 2656/1977/2125 2659/1980/2128 2657/1978/2126
f 2658/1979/2127 2660/1981/2129 2661/1982/2130
f 2658/1979/2127 2661/1982/2130 2659/1980/2128
f 2660/1981/2129 2662/1983/2131 2663/1984/2132
f 2660/1981/2129 2663/1984/2132 2661/1982/2130
f 2662/1983/2131 2646/1967/2115 2649/1970/2118
f 2662/1983/2131 2649/1970/2118 2663/1984/2132
f 2664/1985/2133 2665/1986/2134 2666/1987/2135
f 2664/1985/2133 2666/1987/2135 2667/1988/2136
f 2665/1986/2134 2668/1989/2137 2669/1990/2138
f 2665/1986/2134 2669/1990/2138 2666/1987/2135
f 2669/1990/2138 2668/1989/2137 2670/1991/2139
f 2669/1990/2138 2670/1991/2139 2671/1992/2140
f 2672/1993/2141 2673/1994/2142 2674/1987/2143
f 2672/1993/2141 2674/1987/2143 2675/1986/2143
f 2675/1986/2143 2674/1987/2143 2676/1990/2144
f 2675/1986/2143 2676/1990/2144 2677/1995/2144
f 2676/1990/2144 2678/1996/2145 2679/1997/2145
f 2676/1990/2144 2679/1997/2145 2677/1995/2144
f 2665/1986/2134 2664/1985/2133 2680/1998/2146
f 2665/1986/2134 2680/1998/2146 2681/1999/2147
f 2667/1988/2136 2666/1987/2135 2682/2000/2148
f 2667/1988/2136 2682/2000/2148 2683/2001/2149
f 2664/1985/2133 2667/1988/2136 2683/2001/2149
f 2664/1985/2133 2683/2001/2149 2680/1998/2146
f 2668/1989/2137 2665/1986/2134 2681/1999/2147
f 2668/1989/2137 2681/1999/2147 2684/2002/2150
f 2666/1987/2135 2669/1990/2138 2685/2003/2151
f 2666/1987/2135 2685/2003/2151 2682/2000/2148
f 2670/1991/2139 2668/1989/2137 2684/2002/2150
f 2670/1991/2139 2684/2002/2150 2686/2004/2152
f 2671/1992/2140 2670/1991/2139 2686/2004/2152
f 2671/1992/2140 2686/2004/2152 2687/2005/2153
f 2669/1990/2138 2671/1992/2140 2687/2005/2153
f 2669/1990/2138 2687/2005/2153 2685/2003/2151
f 2688/1902/2154 2690/1904/2155 2689/1903/2156
f 2691/1905/2157 2690/1904/2155 2688/1902/2154
f 2692/1906/2158 2690/1904/2155 2691/1905/2157
f 2693/1907/2159 2690/1904/2155 2692/1906/2158
f 2694/1908/2160 2690/1904/2155 2693/1907/2159
f 2689/1903/2156 2690/1904/2155 2694/1908/2160
f 2695/1909/2161 2697/1911/2162 2696/1910/2163
f 2698/1912/2164 2697/1911/2162 2695/1909/2161
f 2699/1913/2165 2697/1911/2162 2698/1912/2164
f 2700/1914/2166 2697/1911/2162 2699/1913/2165
f 2701/1915/2167 2697/1911/2162 2700/1914/2166
f 2702/1916/2168 2697/1911/2162 2701/1915/2167
f 2703/1917/2169 2697/1911/2162 2702/1916/2168
f 2696/1910/2163 2697/1911/2162 2703/1917/2169
f 2704/1918/2170 2706/1920/2171 2705/1919/2172
f 2705/1919/2172 2706/1920/2171 2707/1921/2173
f 2707/1921/2173 2706/1920/2171 2708/1922/2174
f 2708/1922/2174 2706/1920/2171 2709/1923/2175
f 2709/1923/2175 2706/1920/2171 2710/1924/2176
f 2710/1924/2176 2706/1920/2171 2711/1925/2177
f 2711/1925/2177 2706/1920/2171 2712/1926/2178
f 2712/1926/2178 2706/1920/2171 2704/1918/2170
f 2713/1927/2179 2715/1929/2180 2714/1928/2181
f 2713/1927/2179 2716/1930/2182 2715/1929/2180
f 2714/1928/2181 2718/1932/2183 2717/1931/2184
f 2714/1928/2181 2715/1929/2180 2718/1932/2183
f 2717/1931/2184 2720/1934/2185 2719/1933/2186
f 2717/1931/2184 2718/1932/2183 2720/1934/2185
f 2719/1933/2186 2722/1936/2187 2721/1935/2188
f 2719/1933/2186 2720/1934/2185 2722/1936/2187
f 2721/1935/2188 2724/1938/2189 2723/1937/2190
f 2721/1935/2188 2722/1936/2187 2724/1938/2189
f 2723/1937/2190 2726/1940/2191 2725/1939/2192
f 2723/1937/2190 2724/1938/2189 2726/1940/2191
f 2727/1941/2193 2729/1943/2194 2728/1942/2195
f 2727/1941/2193 2730/1944/2196 2729/1943/2194
f 2728/1942/2195 2732/1946/2197 2731/1945/2198
f 2728/1942/2195 2729/1943/2194 2732/1946/2197
f 2731/1945/2198 2734/1948/2199 2733/1947/2200
f 2731/1945/2198 2732/1946/2197 2734/1948/2199
f 2733/1947/2200 2736/1950/2201 2735/1949/2202
f 2733/1947/2200 2734/1948/2199 2736/1950/2201
f 2735/1949/2202 2738/1952/2203 2737/1951/2203
f 2735/1949/2202 2736/1950/2201 2738/1952/2203
f 2739/1941/2204 2741/1943/2205 2740/1942/2206
f 2739/1941/2204 2742/1944/2207 2741/1943/2205
f 2740/1942/2206 2744/1946/2208 2743/1945/2209
f 2740/1942/2206 2741/1943/2205 2744/1946/2208
f 2743/1945/2209 2746/1948/2210 2745/1947/2211
f 2743/1945/2209 2744/1946/2208 2746/1948/2210
f 2745/1947/2211 2748/1950/2212 2747/1949/2213
f 2745/1947/2211 2746/1948/2210 2748/1950/2212
f 2747/1949/2213 2750/1952/2214 2749/1951/2214
f 2747/1949/2213 2748/1950/2212 2750/1952/2214
f 2751/1953/2215 2753/1955/2216 2752/1954/2217
f 2751/1953/2215 2754/1956/2218 2753/1955/2216
f 2752/1954/2217 2756/1958/2219 2755/1957/2220
f 2752/1954/2217 2753/1955/2216 2756/1958/2219
f 2755/1957/2220 2758/1960/2221 2757/1959/2222
f 2755/1957/2220 2756/1958/2219 2758/1960/2221
f 2757/1959/2222 2760/1962/2223 2759/1961/2224
f 2757/1959/2222 2758/1960/2221 2760/1962/2223
f 2759/1961/2224 2762/1964/2225 2761/1963/2226
f 2759/1961/2224 2760/1962/2223 2762/1964/2225
f 2761/1963/2226 2764/1966/2227 2763/1965/2228
f 2761/1963/2226 2762/1964/2225 2764/1966/2227
f 2765/1967/2229 2767/1969/2230 2766/1968/2231
f 2765/1967/2229 2768/1970/2232 2767/1969/2230
f 2766/1968/2231 2770/1972/2233 2769/1971/2234
f 2766/1968/2231 2767/1969/2230 2770/1972/2233
f 2771/1973/2235 2773/1975/2236 2772/1974/2237
f 2771/1973/2235 2774/1976/2238 2773/1975/2236
f 2772/1974/2237 2776/1978/2239 2775/1977/2240
f 2772/1974/2237 2773/1975/2236 2776/1978/2239
f 2775/1977/2240 2778/1980/2241 2777/1979/2242
f 2775/1977/2240 2776/1978/2239 2778/1980/2241
f 2777/1979/2242 2780/1982/2243 2779/1981/2244
f 2777/1979/2242 2778/1980/2241 2780/1982/2243
f 2779/1981/2244 2782/1984/2245 2781/1983/2246
f 2779/1981/2244 2780/1982/2243 2782/1984/2245
f 2781/1983/2246 2768/1970/2232 2765/1967/2229
f 2781/1983/2246 2782/1984/2245 2768/1970/2232
f 2783/1985/2247 2784/1988/2248 2785/1987/2249
f 2783/1985/2247 2785/1987/2249 2786/1986/2250
f 2786/1986/2250 2785/1987/2249 2787/1990/2251
f 2786/1986/2250 2787/1990/2251 2788/1989/2252
f 2787/1990/2251 2789/1992/2253 2790/1991/2254
f 2787/1990/2251 2790/1991/2254 2788/1989/2252
f 2791/1993/2255 2792/1986/2256 2793/1987/2256
f 2791/1993/2255 2793/1987/2256 2794/1994/2255
f 2792/1986/2256 2795/1995/2257 2796/1990/2257
f 2792/1986/2256 2796/1990/2257 2793/1987/2256
f 2796/1990/2257 2795/1995/2257 2797/1997/2258
f 2796/1990/2257 2797/1997/2258 2798/1996/2259
f 2786/1986/2250 2799/1999/2260 2800/1998/2261
f 2786/1986/2250 2800/1998/2261 2783/1985/2247
f 2784/1988/2248 2801/2001/2262 2802/2000/2263
f 2784/1988/2248 2802/2000/2263 2785/1987/2249
f 2783/1985/2247 2800/1998/2261 2801/2001/2262
f 2783/1985/2247 2801/2001/2262 2784/1988/2248
f 2788/1989/2252 2803/2002/2264 2799/1999/2260
f 2788/1989/2252 2799/1999/2260 2786/1986/2250
f 2785/1987/2249 2802/2000/2263 2804/2003/2265
f 2785/1987/2249 2804/2003/2265 2787/1990/2251
f 2790/1991/2254 2805/2004/2266 2803/2002/2264
f 2790/1991/2254 2803/2002/2264 2788/1989/2252
f 2789/1992/2253 2806/2005/2267 2805/2004/2266
f 2789/1992/2253 2805/2004/2266 2790/1991/2254
f 2787/1990/2251 2804/2003/2265 2806/2005/2267
f 2787/1990/2251 2806/2005/2267 2789/1992/2253
f 2807/2006/2268 2808/2007/2269 2809/2008/1401
f 2810/2009/2270 2807/2006/2268 2809/2008/1401
f 2811/2010/2271 2810/2009/2270 2809/2008/1401
f 2812/2011/2272 2811/2010/2271 2809/2008/1401
f 2808/2007/2269 2812/2011/2272 2809/2008/1401
f 2813/2012/2273 2814/2013/2274 2815/2014/1407
f 2814/2013/2274 2816/2015/2275 2815/2014/1407
f 2816/2015/2275 2817/2016/2276 2815/2014/1407
f 2817/2016/2276 2818/2017/2277 2815/2014/1407
f 2818/2017/2277 2813/2012/2273 2815/2014/1407
f 2819/2018/2278 2820/2019/2279 2821/2020/1401
f 2822/2021/2280 2819/2018/2278 2821/2020/1401
f 2823/2022/2281 2822/2021/2280 2821/2020/1401
f 2824/2023/2282 2823/2022/2281 2821/2020/1401
f 2825/2024/2283 2824/2023/2282 2821/2020/1401
f 2826/2025/2284 2825/2024/2283 2821/2020/1401
f 2827/2026/2285 2826/2025/2284 2821/2020/1401
f 2828/2027/2286 2827/2026/2285 2821/2020/1401
f 2820/2019/2279 2828/2027/2286 2821/2020/1401
f 2829/2028/2287 2830/2029/2288 2831/2030/1407
f 2830/2029/2288 2832/2031/2289 2831/2030/1407
f 2832/2031/2289 2833/2032/2290 2831/2030/1407
f 2833/2032/2290 2834/2033/2291 2831/2030/1407
f 2834/2033/2291 2835/2034/2292 2831/2030/1407
f 2835/2034/2292 2836/2035/2293 2831/2030/1407
f 2836/2035/2293 2837/2036/2294 2831/2030/1407
f 2837/2036/2294 2838/2037/2295 2831/2030/1407
f 2838/2037/2295 2829/2028/2287 2831/2030/1407
f 2839/2038/2296 2840/2039/2297 2841/2040/2298
f 2842/2041/2299 2839/2038/2296 2841/2040/2298
f 2843/2042/2300 2842/2041/2299 2841/2040/2298
f 2844/2043/2301 2843/2042/2300 2841/2040/2298
f 2840/2039/2297 2844/2043/2301 2841/2040/2298
f 2845/2044/2302 2846/2045/2303 2847/2046/2304
f 2846/2045/2303 2848/2047/2305 2847/2046/2304
f 2848/2047/2305 2849/2048/2306 2847/2046/2304
f 2849/2048/2306 2850/2049/2307 2847/2046/2304
f 2850/2049/2307 2845/2044/2302 2847/2046/2304
f 2851/2038/2308 2852/2039/2309 2853/2040/2310
f 2854/2041/2311 2851/2038/2308 2853/2040/2310
f 2855/2042/2312 2854/2041/2311 2853/2040/2310
f 2856/2043/2313 2855/2042/2312 2853/2040/2310
f 2852/2039/2309 2856/2043/2313 2853/2040/2310
f 2857/2044/2314 2858/2045/2315 2859/2046/2316
f 2858/2045/2315 2860/2047/2317 2859/2046/2316
f 2860/2047/2317 2861/2048/2318 2859/2046/2316
f 2861/2048/2318 2862/2049/2319 2859/2046/2316
f 2862/2049/2319 2857/2044/2314 2859/2046/2316
f 2863/2038/2320 2864/2039/2321 2865/2040/2322
f 2866/2041/2323 2863/2038/2320 2865/2040/2322
f 2867/2042/2324 2866/2041/2323 2865/2040/2322
f 2868/2043/2325 2867/2042/2324 2865/2040/2322
f 2864/2039/2321 2868/2043/2325 2865/2040/2322
f 2869/2044/2326 2870/2045/2327 2871/2046/2328
f 2870/2045/2327 2872/2047/2329 2871/2046/2328
f 2872/2047/2329 2873/2048/2330 2871/2046/2328
f 2873/2048/2330 2874/2049/2331 2871/2046/2328
f 2874/2049/2331 2869/2044/2326 2871/2046/2328
f 2875/2050/2269 2876/2051/2332 2877/2052/2333
f 2875/2050/2269 2877/2052/2333 2878/2053/2273
f 2876/2051/2332 2879/2054/2270 2880/2055/2334
f 2876/2051/2332 2880/2055/2334 2877/2052/2333
f 2879/2054/2270 2881/2056/2271 2882/2057/2276
f 2879/2054/2270 2882/2057/2276 2880/2055/2334
f 2883/2058/2271 2884/2059/2335 2885/2060/2336
f 2883/2058/2271 2885/2060/2336 2886/2061/2276
f 2884/2059/2335 2875/2050/2269 2878/2053/2273
f 2884/2059/2335 2878/2053/2273 2885/2060/2336
f 2887/2062/2337 2888/2063/2338 2889/2064/2339
f 2887/2062/2337 2889/2064/2339 2890/2065/2340
f 2888/2063/2338 2891/2066/2341 2892/2067/2342
f 2888/2063/2338 2892/2067/2342 2889/2064/2339
f 2893/2068/2280 2894/2069/2281 2895/2070/2290
f 2893/2068/2280 2895/2070/2290 2896/2071/2343
f 2897/2072/2344 2898/2073/2345 2899/2074/2346
f 2897/2072/2344 2899/2074/2346 2900/2075/2347
f 2898/2073/2345 2901/2076/2348 2902/2077/2349
f 2898/2073/2345 2902/2077/2349 2899/2074/2346
f 2903/2078/2283 2904/2079/2284 2905/2080/2293
f 2903/2078/2283 2905/2080/2293 2906/2081/2350
f 2907/2082/2351 2908/2083/2352 2909/2084/2353
f 2907/2082/2351 2909/2084/2353 2910/2085/2354
f 2908/2083/2352 2911/2086/2355 2912/2087/2356
f 2908/2083/2352 2912/2087/2356 2909/2084/2353
f 2913/2088/2286 2914/2089/2357 2915/2090/2287
f 2913/2088/2286 2915/2090/2287 2916/2091/2295
f 2820/2019/2279 2819/2018/2278 2917/2092/2338
f 2820/2019/2279 2917/2092/2338 2918/2093/2358
f 2830/2029/2288 2829/2028/2287 2919/2094/2340
f 2830/2029/2288 2919/2094/2340 2920/2095/2359
f 2915/2090/2287 2914/2089/2357 2921/2096/2358
f 2915/2090/2287 2921/2096/2358 2922/2097/2360
f 2819/2018/2278 2822/2021/2280 2923/2098/2341
f 2819/2018/2278 2923/2098/2341 2917/2092/2338
f 2893/2068/2280 2896/2071/2343 2892/2067/2342
f 2893/2068/2280 2892/2067/2342 2891/2066/2341
f 2832/2031/2289 2830/2029/2288 2920/2095/2359
f 2832/2031/2289 2920/2095/2359 2924/2099/2342
f 2823/2022/2281 2824/2023/2282 2925/2100/2361
f 2823/2022/2281 2925/2100/2361 2926/2101/2344
f 2834/2033/2291 2833/2032/2290 2927/2102/2347
f 2834/2033/2291 2927/2102/2347 2928/2100/2362
f 2895/2070/2290 2894/2069/2281 2897/2072/2344
f 2895/2070/2290 2897/2072/2344 2900/2075/2347
f 2824/2023/2282 2825/2024/2283 2929/2102/2348
f 2824/2023/2282 2929/2102/2348 2925/2100/2361
f 2903/2078/2283 2906/2081/2350 2902/2077/2349
f 2903/2078/2283 2902/2077/2349 2901/2076/2348
f 2835/2034/2292 2834/2033/2291 2928/2100/2362
f 2835/2034/2292 2928/2100/2362 2930/2101/2349
f 2826/2025/2284 2827/2026/2285 2931/2103/2363
f 2826/2025/2284 2931/2103/2363 2932/2099/2351
f 2837/2036/2294 2836/2035/2293 2933/2098/2364
f 2837/2036/2294 2933/2098/2364 2934/2092/2365
f 2905/2080/2293 2904/2079/2284 2907/2082/2351
f 2905/2080/2293 2907/2082/2351 2910/2085/2354
f 2827/2026/2285 2828/2027/2286 2935/2104/2355
f 2827/2026/2285 2935/2104/2355 2931/2103/2363
f 2913/2088/2286 2916/2091/2295 2912/2087/2356
f 2913/2088/2286 2912/2087/2356 2911/2086/2355
f 2838/2037/2295 2837/2036/2294 2934/2092/2365
f 2838/2037/2295 2934/2092/2365 2936/2093/2366
f 2937/2105/2367 2938/2106/2368 2939/2107/2368
f 2937/2105/2367 2939/2107/2368 2940/2108/2369
f 2938/2106/2368 2941/2109/2370 2942/2110/2370
f 2938/2106/2368 2942/2110/2370 2939/2107/2368
f 2941/2109/2370 2943/2111/2371 2944/2112/2371
f 2941/2109/2370 2944/2112/2371 2942/2110/2370
f 2943/2111/2371 2945/2113/2372 2946/2114/2372
f 2943/2111/2371 2946/2114/2372 2944/2112/2371
f 2945/2113/2372 2947/2115/2369 2948/2116/2369
f 2945/2113/2372 2948/2116/2369 2946/2114/2372
f 2949/2117/2373 2950/2118/2368 2951/2119/2368
f 2949/2117/2373 2951/2119/2368 2952/2120/2373
f 2950/2118/2368 2953/2121/2370 2954/2122/2370
f 2950/2118/2368 2954/2122/2370 2951/2119/2368
f 2953/2121/2370 2955/2123/2371 2956/2124/2374
f 2953/2121/2370 2956/2124/2374 2954/2122/2370
f 2955/2123/2371 2957/2125/2375 2958/2126/2375
f 2955/2123/2371 2958/2126/2375 2956/2124/2374
f 2957/2125/2375 2959/2127/2369 2960/2128/2369
f 2957/2125/2375 2960/2128/2369 2958/2126/2375
f 2961/2129/2369 2962/2130/2368 2963/2131/2368
f 2961/2129/2369 2963/2131/2368 2964/2132/2369
f 2962/2130/2368 2965/2133/2370 2966/2134/2370
f 2962/2130/2368 2966/2134/2370 2963/2131/2368
f 2965/2133/2370 2967/2135/2371 2968/2136/2371
f 2965/2133/2370 2968/2136/2371 2966/2134/2370
f 2969/2137/2376 2970/2138/2372 2971/2139/2375
f 2969/2137/2376 2971/2139/2375 2972/2140/2374
f 2970/2138/2372 2961/2129/2369 2964/2132/2369
f 2970/2138/2372 2964/2132/2369 2971/2139/2375
f 2973/2141/2369 2974/2142/2368 2975/2143/2368
f 2973/2141/2369 2975/2143/2368 2976/2144/2369
f 2974/2142/2368 2977/2145/2377 2978/2146/2370
f 2974/2142/2368 2978/2146/2370 2975/2143/2368
f 2977/2145/2377 2979/2147/2371 2980/2148/2371
f 2977/2145/2377 2980/2148/2371 2978/2146/2370
f 2981/2149/2371 2982/2150/2372 2983/2151/2375
f 2981/2149/2371 2983/2151/2375 2984/2152/2371
f 2982/2150/2372 2973/2141/2369 2976/2144/2369
f 2982/2150/2372 2976/2144/2369 2983/2151/2375
f 2985/2153/2378 2986/2154/2379 2987/2155/2303
f 2985/2153/2378 2987/2155/2303 2988/2156/2302
f 2986/2154/2379 2989/2157/2299 2990/2158/2380
f 2986/2154/2379 2990/2158/2380 2987/2155/2303
f 2991/2159/2381 2992/2160/2300 2993/2161/2382
f 2991/2159/2381 2993/2161/2382 2994/2162/2305
f 2992/2160/2300 2995/2163/2301 2996/2164/2307
f 2992/2160/2300 2996/2164/2307 2993/2161/2382
f 2995/2163/2301 2985/2153/2378 2988/2156/2302
f 2995/2163/2301 2988/2156/2302 2996/2164/2307
f 2997/2165/2383 2998/2166/2384 2999/2167/2384
f 2997/2165/2383 2999/2167/2384 3000/2168/2383
f 2998/2166/2384 3001/2169/2385 3002/2170/2386
f 2998/2166/2384 3002/2170/2386 2999/2167/2384
f 3003/2171/2385 3004/2172/2387 3005/2173/2387
f 3003/2171/2385 3005/2173/2387 3006/2174/2386
f 3004/2172/2387 3007/2175/1401 3008/2176/1401
f 3004/2172/2387 3008/2176/1401 3005/2173/2387
f 3007/2175/1401 2997/2165/2383 3000/2168/2383
f 3007/2175/1401 3000/2168/2383 3008/2176/1401
f 3009/2177/2388 3010/2178/2389 3011/2179/2390
f 3009/2177/2388 3011/2179/2390 3012/2180/2391
f 3012/2180/2391 3011/2179/2390 3013/2181/2392
f 3012/2180/2391 3013/2181/2392 3014/2182/2393
f 3014/2182/2393 3013/2181/2392 3015/2183/2394
f 3014/2182/2393 3015/2183/2394 3016/2184/2395
f 3016/2184/2395 3015/2183/2394 3017/2185/2396
f 3016/2184/2395 3017/2185/2396 3018/2186/2397
f 3019/2187/2398 3020/2188/2399 3021/2189/2400
f 3019/2187/2398 3021/2189/2400 3022/2190/2401
f 3023/2191/2402 3024/2192/2403 3025/2193/2404
f 3023/2191/2402 3025/2193/2404 3026/2194/2405
f 3027/2195/2406 3028/2196/2407 3029/2197/2408
f 3027/2195/2406 3029/2197/2408 3030/2198/2409
f 3030/2198/2409 3029/2197/2408 3031/2199/2410
f 3030/2198/2409 3031/2199/2410 3032/2200/2411
f 3032/2200/2411 3031/2199/2410 3033/2201/2412
f 3032/2200/2411 3033/2201/2412 3034/2202/2413
f 3035/2203/2414 3036/2204/2415 3037/2205/2416
f 3035/2203/2414 3037/2205/2416 3038/2206/2417
f 3039/2207/2418 3040/2208/2419 3031/2199/2410
f 3039/2207/2418 3031/2199/2410 3029/2197/2408
f 3041/2209/2420 3042/2210/2421 3043/2211/2422
f 3041/2209/2420 3043/2211/2422 3044/2212/2423
f 3035/2203/2414 3038/2206/2417 3045/2213/2421
f 3035/2203/2414 3045/2213/2421 3046/2214/2424
f 3027/2195/2406 3030/2198/2409 3047/2215/2425
f 3027/2195/2406 3047/2215/2425 3048/2216/2426
f 3030/2198/2409 3032/2200/2411 3044/2212/2423
f 3030/2198/2409 3044/2212/2423 3043/2211/2422
f 3032/2200/2411 3034/2202/2413 3049/2217/2427
f 3032/2200/2411 3049/2217/2427 3050/2218/2428
f 3051/2153/2429 3052/2154/2308 3053/2155/2430
f 3051/2153/2429 3053/2155/2430 3054/2156/2431
f 3052/2154/2308 3055/2157/2432 3056/2158/2433
f 3052/2154/2308 3056/2158/2433 3053/2155/2430
f 3057/2159/2434 3058/2160/2435 3059/2161/2436
f 3057/2159/2434 3059/2161/2436 3060/2162/2317
f 3058/2160/2435 3061/2163/2437 3062/2164/2319
f 3058/2160/2435 3062/2164/2319 3059/2161/2436
f 3061/2163/2437 3051/2153/2429 3054/2156/2431
f 3061/2163/2437 3054/2156/2431 3062/2164/2319
f 3063/2165/2438 3064/2166/2439 3065/2167/2439
f 3063/2165/2438 3065/2167/2439 3066/2168/2438
f 3064/2166/2439 3067/2169/2440 3068/2170/2441
f 3064/2166/2439 3068/2170/2441 3065/2167/2439
f 3069/2171/2440 3070/2172/2442 3071/2173/2442
f 3069/2171/2440 3071/2173/2442 3072/2174/2443
f 3070/2172/2442 3073/2175/1401 3074/2176/1401
f 3070/2172/2442 3074/2176/1401 3071/2173/2442
f 3073/2175/1401 3063/2165/2438 3066/2168/2438
f 3073/2175/1401 3066/2168/2438 3074/2176/1401
f 3075/2177/2444 3076/2178/2445 3077/2179/2446
f 3075/2177/2444 3077/2179/2446 3078/2180/2447
f 3078/2180/2447 3077/2179/2446 3079/2181/2448
f 3078/2180/2447 3079/2181/2448 3080/2182/2449
f 3080/2182/2449 3079/2181/2448 3081/2183/2450
f 3080/2182/2449 3081/2183/2450 3082/2184/2451
f 3082/2184/2451 3081/2183/2450 3083/2185/2452
f 3082/2184/2451 3083/2185/2452 3084/2186/2453
f 3085/2187/2454 3086/2188/2450 3087/2189/2455
f 3085/2187/2454 3087/2189/2455 3088/2190/2446
f 3089/2191/2456 3090/2192/2457 3091/2193/2458
f 3089/2191/2456 3091/2193/2458 3092/2194/2449
f 3093/2195/2459 3094/2196/2460 3095/2197/2461
f 3093/2195/2459 3095/2197/2461 3096/2198/2462
f 3096/2198/2462 3095/2197/2461 3097/2199/2463
f 3096/2198/2462 3097/2199/2463 3098/2200/2464
f 3098/2200/2464 3097/2199/2463 3099/2201/2465
f 3098/2200/2464 3099/2201/2465 3100/2202/2466
f 3101/2203/2467 3102/2204/2468 3103/2205/2460
f 3101/2203/2467 3103/2205/2460 3104/2206/2469
f 3105/2207/2470 3106/2208/2471 3097/2199/2463
f 3105/2207/2470 3097/2199/2463 3095/2197/2461
f 3107/2209/2472 3108/2210/2473 3109/2211/2474
f 3107/2209/2472 3109/2211/2474 3110/2212/2475
f 3101/2203/2467 3104/2206/2469 3111/2213/2473
f 3101/2203/2467 3111/2213/2473 3112/2214/2476
f 3093/2195/2459 3096/2198/2462 3113/2215/2477
f 3093/2195/2459 3113/2215/2477 3114/2216/2478
f 3096/2198/2462 3098/2200/2464 3110/2212/2475
f 3096/2198/2462 3110/2212/2475 3109/2211/2474
f 3098/2200/2464 3100/2202/2466 3115/2217/2479
f 3098/2200/2464 3115/2217/2479 3116/2218/2480
f 3117/2153/2481 3118/2154/2320 3119/2155/2482
f 3117/2153/2481 3119/2155/2482 3120/2156/2483
f 3118/2154/2320 3121/2157/2323 3122/2158/2484
f 3118/2154/2320 3122/2158/2484 3119/2155/2482
f 3123/2159/2485 3124/2160/2324 3125/2161/2486
f 3123/2159/2485 3125/2161/2486 3126/2162/2329
f 3124/2160/2324 3127/2163/2487 3128/2164/2488
f 3124/2160/2324 3128/2164/2488 3125/2161/2486
f 3127/2163/2487 3117/2153/2481 3120/2156/2483
f 3127/2163/2487 3120/2156/2483 3128/2164/2488
f 3129/2165/2489 3130/2166/2490 3131/2167/2490
f 3129/2165/2489 3131/2167/2490 3132/2168/2489
f 3130/2166/2490 3133/2169/2491 3134/2170/2492
f 3130/2166/2490 3134/2170/2492 3131/2167/2490
f 3135/2171/2492 3136/2172/2493 3137/2173/2493
f 3135/2171/2492 3137/2173/2493 3138/2174/2492
f 3136/2172/2493 3139/2175/1401 3140/2176/1401
f 3136/2172/2493 3140/2176/1401 3137/2173/2493
f 3139/2175/1401 3129/2165/2489 3132/2168/2489
f 3139/2175/1401 3132/2168/2489 3140/2176/1401
f 3141/2177/2494 3142/2178/2495 3143/2179/2496
f 3141/2177/2494 3143/2179/2496 3144/2180/2497
f 3144/2180/2497 3143/2179/2496 3145/2181/2498
f 3144/2180/2497 3145/2181/2498 3146/2182/2499
f 3146/2182/2499 3145/2181/2498 3147/2183/2500
f 3146/2182/2499 3147/2183/2500 3148/2184/2501
f 3148/2184/2501 3147/2183/2500 3149/2185/2502
f 3148/2184/2501 3149/2185/2502 3150/2186/2503
f 3151/2187/2504 3152/2188/2505 3153/2189/2506
f 3151/2187/2504 3153/2189/2506 3154/2190/2507
f 3155/2191/2508 3156/2192/2509 3157/2193/2510
f 3155/2191/2508 3157/2193/2510 3158/2194/2511
f 3159/2195/2512 3160/2196/2513 3161/2197/2514
f 3159/2195/2512 3161/2197/2514 3162/2198/2515
f 3162/2198/2515 3161/2197/2514 3163/2199/2516
f 3162/2198/2515 3163/2199/2516 3164/2200/2517
f 3164/2200/2517 3163/2199/2516 3165/2201/2518
f 3164/2200/2517 3165/2201/2518 3166/2202/2519
f 3167/2203/2520 3168/2204/2521 3169/2205/2522
f 3167/2203/2520 3169/2205/2522 3170/2206/2523
f 3171/2207/2524 3172/2208/2525 3163/2199/2516
f 3171/2207/2524 3163/2199/2516 3161/2197/2514
f 3173/2209/2526 3174/2210/2527 3175/2211/2528
f 3173/2209/2526 3175/2211/2528 3176/2212/2529
f 3167/2203/2520 3170/2206/2523 3177/2213/2527
f 3167/2203/2520 3177/2213/2527 3178/2214/2526
f 3159/2195/2512 3162/2198/2515 3179/2215/2528
f 3159/2195/2512 3179/2215/2528 3180/2216/2530
f 3162/2198/2515 3164/2200/2517 3176/2212/2529
f 3162/2198/2515 3176/2212/2529 3175/2211/2528
f 3164/2200/2517 3166/2202/2519 3181/2217/2531
f 3164/2200/2517 3181/2217/2531 3182/2218/2529
f 3183/2219/2532 3184/2220/2533 3185/2221/2534
f 3186/2222/2535 3183/2219/2532 3185/2221/2534
f 3187/2223/2536 3186/2222/2535 3185/2221/2534
f 3188/2224/2537 3187/2223/2536 3185/2221/2534
f 3184/2220/2533 3188/2224/2537 3185/2221/2534
f 3189/2225/2538 3190/2226/2539 3191/2227/2540
f 3190/2226/2539 3192/2228/2541 3191/2227/2540
f 3192/2228/2541 3193/2229/2542 3191/2227/2540
f 3193/2229/2542 3194/2230/2543 3191/2227/2540
f 3194/2230/2543 3189/2225/2538 3191/2227/2540
f 3195/2219/2544 3196/2220/2545 3197/2221/2546
f 3198/2222/2547 3195/2219/2544 3197/2221/2546
f 3199/2223/2548 3198/2222/2547 3197/2221/2546
f 3200/2224/2549 3199/2223/2548 3197/2221/2546
f 3196/2220/2545 3200/2224/2549 3197/2221/2546
f 3201/2225/2550 3202/2226/2551 3203/2227/2552
f 3202/2226/2551 3204/2228/2553 3203/2227/2552
f 3204/2228/2553 3205/2229/2554 3203/2227/2552
f 3205/2229/2554 3206/2230/2555 3203/2227/2552
f 3206/2230/2555 3201/2225/2550 3203/2227/2552
f 3207/2231/2556 3208/2232/2557 3209/2233/2558
f 3210/2234/2559 3207/2231/2556 3209/2233/2558
f 3211/2235/2560 3210/2234/2559 3209/2233/2558
f 3212/2236/2561 3211/2235/2560 3209/2233/2558
f 3208/2232/2557 3212/2236/2561 3209/2233/2558
f 3213/2235/2562 3214/2234/2563 3215/2237/2564
f 3214/2234/2563 3216/2238/2565 3215/2237/2564
f 3216/2238/2565 3217/2232/2566 3215/2237/2564
f 3217/2232/2566 3218/2236/2567 3215/2237/2564
f 3218/2236/2567 3213/2235/2562 3215/2237/2564
f 3219/2219/2568 3220/2220/2569 3221/2221/2570
f 3222/2222/2571 3219/2219/2568 3221/2221/2570
f 3223/2223/2572 3222/2222/2571 3221/2221/2570
f 3224/2224/2573 3223/2223/2572 3221/2221/2570
f 3220/2220/2569 3224/2224/2573 3221/2221/2570
f 3225/2225/2574 3226/2226/2575 3227/2227/2576
f 3226/2226/2575 3228/2228/2577 3227/2227/2576
f 3228/2228/2577 3229/2229/2578 3227/2227/2576
f 3229/2229/2578 3230/2230/2579 3227/2227/2576
f 3230/2230/2579 3225/2225/2574 3227/2227/2576
f 3231/2219/2580 3232/2220/2581 3233/2221/2582
f 3234/2222/2583 3231/2219/2580 3233/2221/2582
f 3235/2223/2584 3234/2222/2583 3233/2221/2582
f 3236/2224/2585 3235/2223/2584 3233/2221/2582
f 3232/2220/2581 3236/2224/2585 3233/2221/2582
f 3237/2225/2586 3238/2226/2587 3239/2227/2588
f 3238/2226/2587 3240/2228/2589 3239/2227/2588
f 3240/2228/2589 3241/2229/2590 3239/2227/2588
f 3241/2229/2590 3242/2230/2591 3239/2227/2588
f 3242/2230/2591 3237/2225/2586 3239/2227/2588
f 3243/2219/2592 3244/2220/2593 3245/2221/2594
f 3246/2222/2595 3243/2219/2592 3245/2221/2594
f 3247/2223/2596 3246/2222/2595 3245/2221/2594
f 3248/2224/2597 3247/2223/2596 3245/2221/2594
f 3244/2220/2593 3248/2224/2597 3245/2221/2594
f 3249/2225/2598 3250/2226/2599 3251/2227/2600
f 3250/2226/2599 3252/2228/2601 3251/2227/2600
f 3252/2228/2601 3253/2229/2602 3251/2227/2600
f 3253/2229/2602 3254/2230/2603 3251/2227/2600
f 3254/2230/2603 3249/2225/2598 3251/2227/2600
f 3255/2239/2604 3256/2240/2605 3257/2241/2558
f 3258/2242/2606 3255/2239/2604 3257/2241/2558
f 3259/2243/2607 3258/2242/2606 3257/2241/2558
f 3260/2244/2608 3259/2243/2607 3257/2241/2558
f 3261/2245/2609 3260/2244/2608 3257/2241/2558
f 3262/2246/2610 3261/2245/2609 3257/2241/2558
f 3263/2247/2611 3262/2246/2610 3257/2241/2558
f 3264/2248/2612 3263/2247/2611 3257/2241/2558
f 3265/2249/2613 3264/2248/2612 3257/2241/2558
f 3266/2250/2614 3265/2249/2613 3257/2241/2558
f 3267/2251/2615 3266/2250/2614 3257/2241/2558
f 3268/2252/2616 3267/2251/2615 3257/2241/2558
f 3269/2253/2617 3268/2252/2616 3257/2241/2558
f 3270/2254/2618 3269/2253/2617 3257/2241/2558
f 3256/2240/2605 3270/2254/2618 3257/2241/2558
f 3271/2255/2619 3272/2256/2620 3273/2257/2564
f 3272/2256/2620 3274/2258/2621 3273/2257/2564
f 3274/2258/2621 3275/2259/2622 3273/2257/2564
f 3275/2259/2622 3276/2260/2623 3273/2257/2564
f 3276/2260/2623 3277/2261/2624 3273/2257/2564
f 3277/2261/2624 3278/2262/2625 3273/2257/2564
f 3278/2262/2625 3279/2263/2626 3273/2257/2564
f 3279/2263/2626 3280/2264/2627 3273/2257/2564
f 3280/2264/2627 3281/2265/2628 3273/2257/2564
f 3281/2265/2628 3282/2266/2629 3273/2257/2564
f 3282/2266/2629 3283/2267/2630 3273/2257/2564
f 3283/2267/2630 3284/2268/2631 3273/2257/2564
f 3284/2268/2631 3285/2269/2632 3273/2257/2564
f 3285/2269/2632 3286/2270/2633 3273/2257/2564
f 3286/2270/2633 3271/2255/2619 3273/2257/2564
f 3287/2271/2634 3288/2272/2635 3289/2273/2636
f 3287/2271/2634 3289/2273/2636 3290/2274/2637
f 3291/2275/2638 3292/2276/2639 3293/2277/2640
f 3291/2275/2638 3293/2277/2640 3294/2278/2641
f 3295/2279/2642 3296/2280/2643 3297/2281/2644
f 3295/2279/2642 3297/2281/2644 3298/2282/2645
f 3298/2282/2645 3297/2281/2644 3299/2283/2646
f 3298/2282/2645 3299/2283/2646 3300/2284/2647
f 3299/2283/2646 3297/2281/2644 3301/2285/2643
f 3299/2283/2646 3301/2285/2643 3302/2286/2648
f 3298/2282/2645 3300/2284/2647 3303/2287/2649
f 3298/2282/2645 3303/2287/2649 3304/2288/2650
f 3300/2284/2647 3299/2283/2646 3288/2272/2635
f 3300/2284/2647 3288/2272/2635 3287/2271/2634
f 3299/2283/2646 3302/2286/2648 3305/2289/2651
f 3299/2283/2646 3305/2289/2651 3288/2272/2635
f 3292/2276/2639 3291/2275/2638 3306/2290/2652
f 3292/2276/2639 3306/2290/2652 3307/2291/2653
f 3303/2287/2649 3300/2284/2647 3287/2271/2634
f 3303/2287/2649 3287/2271/2634 3308/2292/2652
f 3309/2293/2654 3310/2294/2655 3311/2295/2656
f 3309/2293/2654 3311/2295/2656 3312/2296/2657
f 3310/2294/2655 3313/2297/2658 3314/2298/2541
f 3310/2294/2655 3314/2298/2541 3311/2295/2656
f 3313/2297/2658 3315/2299/2659 3316/2300/2660
f 3313/2297/2658 3316/2300/2660 3314/2298/2541
f 3315/2299/2659 3317/2301/2661 3318/2302/2662
f 3315/2299/2659 3318/2302/2662 3316/2300/2660
f 3319/2303/2661 3309/2293/2654 3312/2296/2657
f 3319/2303/2661 3312/2296/2657 3320/2304/2662
f 3321/2271/2663 3322/2272/2664 3323/2273/2665
f 3321/2271/2663 3323/2273/2665 3324/2274/2666
f 3325/2275/2667 3326/2276/2668 3327/2277/2669
f 3325/2275/2667 3327/2277/2669 3328/2278/2670
f 3329/2279/2671 3330/2280/2672 3331/2281/2673
f 3329/2279/2671 3331/2281/2673 3332/2282/2674
f 3332/2282/2674 3331/2281/2673 3333/2283/2675
f 3332/2282/2674 3333/2283/2675 3334/2284/2676
f 3333/2283/2675 3331/2281/2673 3335/2285/2672
f 3333/2283/2675 3335/2285/2672 3336/2286/2677
f 3332/2282/2674 3334/2284/2676 3337/2287/2678
f 3332/2282/2674 3337/2287/2678 3338/2288/2679
f 3334/2284/2676 3333/2283/2675 3322/2272/2664
f 3334/2284/2676 3322/2272/2664 3321/2271/2663
f 3333/2283/2675 3336/2286/2677 3339/2289/2680
f 3333/2283/2675 3339/2289/2680 3322/2272/2664
f 3326/2276/2668 3325/2275/2667 3340/2290/2666
f 3326/2276/2668 3340/2290/2666 3341/2291/2665
f 3337/2287/2678 3334/2284/2676 3321/2271/2663
f 3337/2287/2678 3321/2271/2663 3342/2292/2666
f 3343/2293/2681 3344/2294/2682 3345/2295/2683
f 3343/2293/2681 3345/2295/2683 3346/2296/2684
f 3344/2294/2682 3347/2297/2685 3348/2298/2686
f 3344/2294/2682 3348/2298/2686 3345/2295/2683
f 3347/2297/2685 3349/2299/2687 3350/2300/2688
f 3347/2297/2685 3350/2300/2688 3348/2298/2686
f 3349/2299/2687 3351/2301/2549 3352/2302/2689
f 3349/2299/2687 3352/2302/2689 3350/2300/2688
f 3353/2303/2690 3343/2293/2681 3346/2296/2684
f 3353/2303/2690 3346/2296/2684 3354/2304/2555
f 3355/2305/2691 3356/2306/2691 3357/2307/2692
f 3355/2305/2691 3357/2307/2692 3358/2308/2692
f 3358/2308/2692 3357/2307/2692 3359/2309/2693
f 3358/2308/2692 3359/2309/2693 3360/2310/2693
f 3361/2311/2693 3362/2312/2693 3363/2313/2694
f 3361/2311/2693 3363/2313/2694 3364/2314/2694
f 3364/2314/2694 3363/2313/2694 3356/2306/2691
f 3364/2314/2694 3356/2306/2691 3355/2305/2691
f 3365/2315/2695 3366/2316/2552 3367/2317/2552
f 3365/2315/2695 3367/2317/2552 3368/2318/2695
f 3366/2316/2552 3369/2319/2696 3370/2320/2696
f 3366/2316/2552 3370/2320/2696 3367/2317/2552
f 3369/2319/2696 3371/2321/2546 3372/2322/2697
f 3369/2319/2696 3372/2322/2697 3370/2320/2696
f 3373/2323/2698 3365/2315/2695 3368/2318/2695
f 3373/2323/2698 3368/2318/2695 3374/2324/2699
f 3375/2325/2557 3376/2326/2700 3377/2327/2701
f 3375/2325/2557 3377/2327/2701 3378/2328/2702
f 3376/2326/2700 3379/2329/2703 3380/2330/2704
f 3376/2326/2700 3380/2330/2704 3377/2327/2701
f 3379/2329/2703 3381/2331/2560 3382/2332/2705
f 3379/2329/2703 3382/2332/2705 3380/2330/2704
f 3381/2331/2560 3383/2333/2706 3384/2334/2707
f 3381/2331/2560 3384/2334/2707 3382/2332/2705
f 3383/2333/2706 3385/2335/2557 3386/2336/2702
f 3383/2333/2706 3386/2336/2702 3384/2334/2707
f 3387/2337/2708 3388/2338/2709 3389/2339/2709
f 3387/2337/2708 3389/2339/2709 3390/2340/2710
f 3388/2338/2709 3391/2341/2711 3392/2342/2711
f 3388/2338/2709 3392/2342/2711 3389/2339/2709
f 3391/2341/2711 3393/2343/2712 3394/2344/2712
f 3391/2341/2711 3394/2344/2712 3392/2342/2711
f 3393/2343/2712 3395/2345/2546 3396/2346/2546
f 3393/2343/2712 3396/2346/2546 3394/2344/2712
f 3395/2345/2546 3397/2347/2713 3398/2348/2714
f 3395/2345/2546 3398/2348/2714 3396/2346/2546
f 3399/2305/2715 3400/2306/2716 3401/2307/2717
f 3399/2305/2715 3401/2307/2717 3402/2308/2718
f 3402/2308/2718 3401/2307/2717 3403/2309/2719
f 3402/2308/2718 3403/2309/2719 3404/2310/2719
f 3405/2311/2720 3406/2312/2720 3407/2313/2721
f 3405/2311/2720 3407/2313/2721 3408/2314/2722
f 3408/2314/2722 3407/2313/2721 3400/2306/2716
f 3408/2314/2722 3400/2306/2716 3399/2305/2715
f 3409/2315/2723 3410/2316/2540 3411/2317/2540
f 3409/2315/2723 3411/2317/2540 3412/2318/2723
f 3410/2316/2540 3413/2319/2724 3414/2320/2724
f 3410/2316/2540 3414/2320/2724 3411/2317/2540
f 3413/2319/2724 3415/2321/2725 3416/2322/2534
f 3413/2319/2724 3416/2322/2534 3414/2320/2724
f 3417/2323/2725 3409/2315/2723 3412/2318/2723
f 3417/2323/2725 3412/2318/2723 3418/2324/2726
f 3419/2271/2727 3420/2272/2728 3421/2273/2729
f 3419/2271/2727 3421/2273/2729 3422/2274/2730
f 3423/2275/2731 3424/2276/2732 3425/2277/2733
f 3423/2275/2731 3425/2277/2733 3426/2278/2734
f 3427/2279/2734 3428/2280/2733 3429/2281/2735
f 3427/2279/2734 3429/2281/2735 3430/2282/2736
f 3430/2282/2736 3429/2281/2735 3431/2283/2737
f 3430/2282/2736 3431/2283/2737 3432/2284/2738
f 3431/2283/2737 3429/2281/2735 3433/2285/2739
f 3431/2283/2737 3433/2285/2739 3434/2286/2732
f 3430/2282/2736 3432/2284/2738 3435/2287/2740
f 3430/2282/2736 3435/2287/2740 3436/2288/2734
f 3432/2284/2738 3431/2283/2737 3420/2272/2728
f 3432/2284/2738 3420/2272/2728 3419/2271/2727
f 3431/2283/2737 3434/2286/2732 3437/2289/2729
f 3431/2283/2737 3437/2289/2729 3420/2272/2728
f 3424/2276/2732 3423/2275/2731 3438/2290/2730
f 3424/2276/2732 3438/2290/2730 3439/2291/2741
f 3435/2287/2740 3432/2284/2738 3419/2271/2727
f 3435/2287/2740 3419/2271/2727 3440/2292/2730
f 3441/2293/2742 3442/2294/2568 3443/2295/2743
f 3441/2293/2742 3443/2295/2743 3444/2296/2744
f 3442/2294/2568 3445/2297/2571 3446/2298/2577
f 3442/2294/2568 3446/2298/2577 3443/2295/2743
f 3445/2297/2571 3447/2299/2745 3448/2300/2746
f 3445/2297/2571 3448/2300/2746 3446/2298/2577
f 3447/2299/2745 3449/2301/2747 3450/2302/2748
f 3447/2299/2745 3450/2302/2748 3448/2300/2746
f 3451/2303/2747 3441/2293/2742 3444/2296/2744
f 3451/2303/2747 3444/2296/2744 3452/2304/2748
f 3453/2305/2749 3454/2306/2749 3455/2307/2750
f 3453/2305/2749 3455/2307/2750 3456/2308/2750
f 3456/2308/2750 3455/2307/2750 3457/2309/2751
f 3456/2308/2750 3457/2309/2751 3458/2310/2751
f 3459/2311/2752 3460/2312/2753 3461/2313/2754
f 3459/2311/2752 3461/2313/2754 3462/2314/2754
f 3462/2314/2754 3461/2313/2754 3454/2306/2749
f 3462/2314/2754 3454/2306/2749 3453/2305/2749
f 3463/2315/2755 3464/2316/2576 3465/2317/2576
f 3463/2315/2755 3465/2317/2576 3466/2318/2755
f 3464/2316/2576 3467/2319/2756 3468/2320/2756
f 3464/2316/2576 3468/2320/2756 3465/2317/2576
f 3467/2319/2756 3469/2321/2757 3470/2322/2570
f 3467/2319/2756 3470/2322/2570 3468/2320/2756
f 3471/2323/2570 3463/2315/2755 3466/2318/2755
f 3471/2323/2570 3466/2318/2755 3472/2324/2570
f 3473/2271/2758 3474/2272/2759 3475/2273/2760
f 3473/2271/2758 3475/2273/2760 3476/2274/2761
f 3477/2275/2762 3478/2276/2763 3479/2277/2764
f 3477/2275/2762 3479/2277/2764 3480/2278/2765
f 3481/2279/2766 3482/2280/2767 3483/2281/2768
f 3481/2279/2766 3483/2281/2768 3484/2282/2769
f 3484/2282/2769 3483/2281/2768 3485/2283/2770
f 3484/2282/2769 3485/2283/2770 3486/2284/2771
f 3485/2283/2770 3483/2281/2768 3487/2285/2767
f 3485/2283/2770 3487/2285/2767 3488/2286/2772
f 3484/2282/2769 3486/2284/2771 3489/2287/2773
f 3484/2282/2769 3489/2287/2773 3490/2288/2766
f 3486/2284/2771 3485/2283/2770 3474/2272/2759
f 3486/2284/2771 3474/2272/2759 3473/2271/2758
f 3485/2283/2770 3488/2286/2772 3491/2289/2774
f 3485/2283/2770 3491/2289/2774 3474/2272/2759
f 3478/2276/2763 3477/2275/2762 3492/2290/2761
f 3478/2276/2763 3492/2290/2761 3493/2291/2775
f 3489/2287/2773 3486/2284/2771 3473/2271/2758
f 3489/2287/2773 3473/2271/2758 3494/2292/2776
f 3495/2293/2581 3496/2294/2777 3497/2295/2587
f 3495/2293/2581 3497/2295/2587 3498/2296/2778
f 3496/2294/2777 3499/2297/2779 3500/2298/2780
f 3496/2294/2777 3500/2298/2780 3497/2295/2587
f 3499/2297/2779 3501/2299/2781 3502/2300/2590
f 3499/2297/2779 3502/2300/2590 3500/2298/2780
f 3501/2299/2781 3503/2301/2585 3504/2302/2591
f 3501/2299/2781 3504/2302/2591 3502/2300/2590
f 3505/2303/2585 3495/2293/2581 3498/2296/2778
f 3505/2303/2585 3498/2296/2778 3506/2304/2591
f 3507/2305/2782 3508/2306/2782 3509/2307/2783
f 3507/2305/2782 3509/2307/2783 3510/2308/2783
f 3510/2308/2783 3509/2307/2783 3511/2309/2784
f 3510/2308/2783 3511/2309/2784 3512/2310/2785
f 3513/2311/2784 3514/2312/2784 3515/2313/2786
f 3513/2311/2784 3515/2313/2786 3516/2314/2786
f 3516/2314/2786 3515/2313/2786 3508/2306/2782
f 3516/2314/2786 3508/2306/2782 3507/2305/2782
f 3517/2315/2787 3518/2316/2588 3519/2317/2588
f 3517/2315/2787 3519/2317/2588 3520/2318/2787
f 3518/2316/2588 3521/2319/2788 3522/2320/2788
f 3518/2316/2588 3522/2320/2788 3519/2317/2588
f 3521/2319/2788 3523/2321/2582 3524/2322/2582
f 3521/2319/2788 3524/2322/2582 3522/2320/2788
f 3525/2323/2582 3517/2315/2787 3520/2318/2787
f 3525/2323/2582 3520/2318/2787 3526/2324/2582
f 3527/2271/2789 3528/2272/2790 3529/2273/2791
f 3527/2271/2789 3529/2273/2791 3530/2274/2792
f 3531/2275/2793 3532/2276/2794 3533/2277/2795
f 3531/2275/2793 3533/2277/2795 3534/2278/2796
f 3535/2279/2797 3536/2280/2798 3537/2281/2799
f 3535/2279/2797 3537/2281/2799 3538/2282/2800
f 3538/2282/2800 3537/2281/2799 3539/2283/2801
f 3538/2282/2800 3539/2283/2801 3540/2284/2802
f 3539/2283/2801 3537/2281/2799 3541/2285/2798
f 3539/2283/2801 3541/2285/2798 3542/2286/2803
f 3538/2282/2800 3540/2284/2802 3543/2287/2804
f 3538/2282/2800 3543/2287/2804 3544/2288/2805
f 3540/2284/2802 3539/2283/2801 3528/2272/2790
f 3540/2284/2802 3528/2272/2790 3527/2271/2789
f 3539/2283/2801 3542/2286/2803 3545/2289/2791
f 3539/2283/2801 3545/2289/2791 3528/2272/2790
f 3532/2276/2794 3531/2275/2793 3546/2290/2806
f 3532/2276/2794 3546/2290/2806 3547/2291/2807
f 3543/2287/2804 3540/2284/2802 3527/2271/2789
f 3543/2287/2804 3527/2271/2789 3548/2292/2806
f 3549/2293/2808 3550/2294/2809 3551/2295/2810
f 3549/2293/2808 3551/2295/2810 3552/2296/2811
f 3550/2294/2809 3553/2297/2595 3554/2298/2812
f 3550/2294/2809 3554/2298/2812 3551/2295/2810
f 3553/2297/2595 3555/2299/2813 3556/2300/2814
f 3553/2297/2595 3556/2300/2814 3554/2298/2812
f 3555/2299/2813 3557/2301/2597 3558/2302/2815
f 3555/2299/2813 3558/2302/2815 3556/2300/2814
f 3559/2303/2597 3549/2293/2808 3552/2296/2811
f 3559/2303/2597 3552/2296/2811 3560/2304/2815
f 3561/2305/2816 3562/2306/2816 3563/2307/2817
f 3561/2305/2816 3563/2307/2817 3564/2308/2817
f 3564/2308/2817 3563/2307/2817 3565/2309/2818
f 3564/2308/2817 3565/2309/2818 3566/2310/2819
f 3567/2311/2820 3568/2312/2818 3569/2313/2821
f 3567/2311/2820 3569/2313/2821 3570/2314/2821
f 3570/2314/2821 3569/2313/2821 3562/2306/2816
f 3570/2314/2821 3562/2306/2816 3561/2305/2816
f 3571/2315/2822 3572/2316/2600 3573/2317/2600
f 3571/2315/2822 3573/2317/2600 3574/2318/2822
f 3572/2316/2600 3575/2319/2823 3576/2320/2823
f 3572/2316/2600 3576/2320/2823 3573/2317/2600
f 3575/2319/2823 3577/2321/2824 3578/2322/2825
f 3575/2319/2823 3578/2322/2825 3576/2320/2823
f 3579/2323/2824 3571/2315/2822 3574/2318/2822
f 3579/2323/2824 3574/2318/2822 3580/2324/2594
f 3581/2349/2605 3582/2350/2604 3583/2351/2620
f 3581/2349/2605 3583/2351/2620 3584/2352/2619
f 3585/2353/2826 3586/2354/2827 3587/2355/2828
f 3585/2353/2826 3587/2355/2828 3588/2356/2829
f 3586/2354/2827 3589/2357/2830 3590/2358/2831
f 3586/2354/2827 3590/2358/2831 3587/2355/2828
f 3591/2359/2607 3592/2360/2608 3593/2361/2832
f 3591/2359/2607 3593/2361/2832 3594/2362/2622
f 3595/2363/2833 3596/2364/2834 3597/2365/2835
f 3595/2363/2833 3597/2365/2835 3598/2366/2836
f 3596/2364/2834 3599/2367/2837 3600/2368/2838
f 3596/2364/2834 3600/2368/2838 3597/2365/2835
f 3601/2369/2610 3602/2370/2839 3603/2371/2626
f 3601/2369/2610 3603/2371/2626 3604/2372/2625
f 3605/2373/2840 3606/2374/2841 3607/2375/2842
f 3605/2373/2840 3607/2375/2842 3608/2376/2843
f 3606/2374/2841 3609/2377/2844 3610/2378/2845
f 3606/2374/2841 3610/2378/2845 3607/2375/2842
f 3611/2379/2846 3612/2380/2614 3613/2381/2629
f 3611/2379/2846 3613/2381/2629 3614/2382/2628
f 3615/2383/2847 3616/2384/2848 3617/2385/2849
f 3615/2383/2847 3617/2385/2849 3618/2386/2850
f 3616/2384/2848 3619/2387/2851 3620/2388/2852
f 3616/2384/2848 3620/2388/2852 3617/2385/2849
f 3621/2389/2853 3622/2390/2617 3623/2391/2854
f 3621/2389/2853 3623/2391/2854 3624/2392/2631
f 3625/2393/2855 3626/2394/2856 3627/2395/2857
f 3625/2393/2855 3627/2395/2857 3628/2396/2858
f 3626/2394/2856 3629/2397/2859 3630/2398/2860
f 3626/2394/2856 3630/2398/2860 3627/2395/2857
f 3255/2239/2604 3258/2242/2606 3631/2399/2861
f 3255/2239/2604 3631/2399/2861 3632/2400/2862
f 3274/2258/2621 3272/2256/2620 3633/2401/2829
f 3274/2258/2621 3633/2401/2829 3634/2402/2863
f 3583/2351/2620 3582/2350/2604 3635/2403/2864
f 3583/2351/2620 3635/2403/2864 3636/2404/2865
f 3258/2242/2606 3259/2243/2607 3637/2405/2866
f 3258/2242/2606 3637/2405/2866 3631/2399/2861
f 3591/2359/2607 3594/2362/2622 3590/2358/2831
f 3591/2359/2607 3590/2358/2831 3589/2357/2830
f 3275/2259/2622 3274/2258/2621 3634/2402/2863
f 3275/2259/2622 3634/2402/2863 3638/2406/2867
f 3260/2244/2608 3261/2245/2609 3639/2407/2868
f 3260/2244/2608 3639/2407/2868 3640/2408/2833
f 3277/2261/2624 3276/2260/2623 3641/2409/2869
f 3277/2261/2624 3641/2409/2869 3642/2410/2870
f 3593/2361/2832 3592/2360/2608 3595/2363/2833
f 3593/2361/2832 3595/2363/2833 3598/2366/2836
f 3261/2245/2609 3262/2246/2610 3643/2411/2871
f 3261/2245/2609 3643/2411/2871 3639/2407/2868
f 3601/2369/2610 3604/2372/2625 3600/2368/2838
f 3601/2369/2610 3600/2368/2838 3599/2367/2837
f 3278/2262/2625 3277/2261/2624 3642/2410/2870
f 3278/2262/2625 3642/2410/2870 3644/2412/2872
f 3263/2247/2611 3264/2248/2612 3645/2413/2873
f 3263/2247/2611 3645/2413/2873 3646/2414/2874
f 3280/2264/2627 3279/2263/2626 3647/2415/2843
f 3280/2264/2627 3647/2415/2843 3648/2416/2875
f 3603/2371/2626 3602/2370/2839 3605/2373/2840
f 3603/2371/2626 3605/2373/2840 3608/2376/2843
f 3264/2248/2612 3265/2249/2613 3649/2417/2876
f 3264/2248/2612 3649/2417/2876 3645/2413/2873
f 3611/2379/2846 3614/2382/2628 3610/2378/2845
f 3611/2379/2846 3610/2378/2845 3609/2377/2844
f 3281/2265/2628 3280/2264/2627 3648/2416/2875
f 3281/2265/2628 3648/2416/2875 3650/2418/2877
f 3266/2250/2614 3267/2251/2615 3651/2419/2848
f 3266/2250/2614 3651/2419/2848 3652/2420/2878
f 3283/2267/2630 3282/2266/2629 3653/2421/2879
f 3283/2267/2630 3653/2421/2879 3654/2422/2880
f 3613/2381/2629 3612/2380/2614 3615/2383/2847
f 3613/2381/2629 3615/2383/2847 3618/2386/2850
f 3267/2251/2615 3268/2252/2616 3655/2423/2881
f 3267/2251/2615 3655/2423/2881 3651/2419/2848
f 3621/2389/2853 3624/2392/2631 3620/2388/2852
f 3621/2389/2853 3620/2388/2852 3619/2387/2851
f 3284/2268/2631 3283/2267/2630 3654/2422/2880
f 3284/2268/2631 3654/2422/2880 3656/2424/2852
f 3269/2253/2617 3270/2254/2618 3657/2425/2856
f 3269/2253/2617 3657/2425/2856 3658/2426/2855
f 3286/2270/2633 3285/2269/2632 3659/2427/2882
f 3286/2270/2633 3659/2427/2882 3660/2428/2883
f 3623/2391/2854 3622/2390/2617 3625/2393/2855
f 3623/2391/2854 3625/2393/2855 3628/2396/2858
f 3270/2254/2618 3256/2240/2605 3661/2429/2859
f 3270/2254/2618 3661/2429/2859 3657/2425/2856
f 3581/2349/2605 3584/2352/2619 3630/2398/2860
f 3581/2349/2605 3630/2398/2860 3629/2397/2859
f 3271/2255/2619 3286/2270/2633 3660/2428/2883
f 3271/2255/2619 3660/2428/2883 3662/2430/2884
