# Blender 5.2.1 LTS
# www.blender.org
mtllib House1.mtl
o house_Farm_house_D_0
v -3.735902 2.538954 -2.861071
v -3.741147 2.537925 -0.176015
v -3.741131 2.572671 -0.176015
v -3.741131 2.572671 -0.176015
v -5.076146 2.540016 -0.176015
v -5.076146 2.572156 -0.176015
v -3.741147 2.537925 -0.176015
v -3.702443 2.538440 -0.157642
v -5.035350 2.381210 -0.148343
v -5.035350 2.540016 -0.148343
v -3.702443 2.381210 -0.157642
v -3.736272 2.571641 -2.861511
v -3.735902 2.538954 -2.861071
v -1.539802 2.381210 3.878072
v -5.035350 2.381210 3.904651
v -4.975479 2.381210 3.825210
v -1.542226 2.572156 -2.860996
v -3.735902 2.538954 -2.861071
v -3.736272 2.571641 -2.861511
v -1.539818 2.381210 3.825210
v -1.542226 2.538440 -2.861071
v -1.180172 6.535616 1.793868
v -1.813872 6.535616 1.793868
v -1.813872 5.912905 1.793868
v 2.833259 -0.260041 -3.253629
v 2.812189 -0.238966 -3.231169
v 2.812189 1.655393 -3.231169
v -1.813866 6.535616 -0.669845
v -1.180172 6.535616 -0.669845
v -1.813866 5.912905 -0.669845
v 2.833265 1.676544 -3.253629
v -1.732174 6.638862 -0.946956
v -1.379017 6.636342 -0.924035
v -0.974414 7.408237 0.449860
v 6.583995 5.410880 -3.542232
v 6.286623 5.410880 -3.842993
v 6.482744 5.437094 -3.958639
v -0.974414 7.441873 0.530293
v -0.974414 7.441895 0.622523
v -1.783534 6.639189 1.861805
v 6.703603 5.437094 -3.737720
v -1.790409 6.639178 -0.886887
v -1.852710 5.410869 -3.843074
v -2.049157 5.437094 -3.970222
v 1.574424 5.437094 -3.959041
v 3.072889 5.437094 -3.959041
v 3.018579 5.410880 -3.842993
v 1.615456 5.410880 -3.842993
v -1.379017 6.636175 1.911101
v -1.711146 6.638851 1.940093
v -0.974414 7.408135 0.712657
v -2.270055 5.437094 -3.750012
v -1.834583 6.632346 -0.962348
v -1.875620 6.632346 -0.982303
v -1.379022 6.632346 -0.975642
v -2.150870 5.410891 -3.553832
v -1.379017 6.632346 -0.945128
v -2.150950 5.410880 4.586606
v -2.270553 5.437094 4.782849
v -2.270055 5.437094 1.822699
v -2.150945 5.410880 1.739907
v -2.270055 5.437094 -0.680330
v -2.150945 5.410880 -0.604338
v -1.854179 6.632346 1.975798
v -1.813384 6.632346 1.955624
v -1.379022 6.632346 1.962762
v -2.049699 5.437094 5.004492
v -1.379017 6.632346 1.932155
v -1.854024 5.410880 4.893320
v 1.360161 5.437094 5.016038
v 6.286092 5.410880 4.893320
v 6.583989 5.410880 4.598291
v 6.703099 5.437094 4.795141
v 6.482202 5.437094 5.016038
v 6.286092 5.410880 4.893320
v 6.269671 5.293481 4.893320
v 6.583989 5.293481 4.581875
v -1.793546 6.632346 -0.942393
v 6.583989 5.410880 4.598291
v -1.851932 6.632346 -0.882704
v -2.150950 5.410880 4.586606
v -2.150945 5.293481 4.570217
v -1.837501 5.293481 4.893314
v -1.772588 6.632346 1.935448
v -1.854024 5.410880 4.893320
v -1.845121 6.632346 1.857568
v 6.583995 5.410880 -3.542232
v 6.583995 5.293481 -3.525816
v 6.270196 5.293481 -3.842993
v -1.834583 6.498178 -0.962348
v -1.793546 6.498178 -0.942393
v -1.851932 6.498178 -0.882709
v 6.286623 5.410880 -3.842993
v -1.892754 6.498178 -0.902112
v -2.151020 5.293476 -3.537540
v -1.836230 5.293492 -3.842918
v -1.542370 5.291765 -3.239101
v -1.845121 6.498178 1.857568
v -1.772588 6.498178 1.935448
v -1.813384 6.498178 1.955624
v -2.150870 5.410891 -3.553832
v -2.151020 5.293476 -3.537540
v -2.150945 5.410880 -0.604338
v -1.885713 6.498178 1.877154
v 6.583995 5.293481 -3.525816
v 6.583995 5.410880 -3.542232
v 6.583989 5.410880 -0.273309
v 6.583989 5.293481 -0.273314
v 6.583989 5.293481 1.130088
v 6.583989 5.410880 1.130088
v 6.583989 5.293481 4.581875
v 6.583989 5.410880 4.598291
v -1.837501 5.293481 4.893314
v -2.150945 5.293481 4.570217
v -1.539668 5.291765 4.271782
v -2.150945 5.293481 1.739912
v -1.540627 5.291765 1.609567
v -2.150945 5.293481 -0.604338
v -1.541378 5.291765 -0.485218
v -1.379022 6.498178 -0.945128
v -1.542370 5.291765 -3.239101
v -1.836230 5.293492 -3.842918
v 1.615375 5.293481 -3.842999
v 1.679151 5.291765 -3.229174
v 2.933213 5.291765 -3.229174
v 3.018579 5.293481 -3.842993
v 5.971790 5.291765 -3.228815
v 6.270196 5.293481 -3.842993
v -1.379017 6.498178 -0.914607
v 6.583989 5.293481 4.581875
v 6.269671 5.293481 4.893320
v 5.971339 5.291765 4.282074
v 6.583989 5.293481 1.130088
v 5.971339 5.291765 1.064629
v 5.971339 5.291765 -0.189433
v 6.583989 5.293481 -0.273314
v 5.971790 5.291765 -3.228815
v 6.583995 5.293481 -3.525816
v 6.270196 5.293481 -3.842993
v -1.379017 6.498178 1.932155
v -1.521460 4.740010 2.889167
v -1.521460 3.459080 2.889167
v -1.565935 3.440246 2.908002
v -1.379017 6.498178 1.901549
v -1.565935 4.758844 2.908002
v -1.892754 6.632346 -0.902112
v -1.521466 3.459080 2.181181
v -1.933577 6.632346 -0.921520
v -1.813384 6.632346 1.955624
v -1.885713 6.632346 1.877154
v -1.565935 3.440246 2.162346
v -1.172771 6.671270 1.962762
v -0.987280 6.632346 1.962762
v -0.987280 6.671270 1.962762
v -1.172771 6.632346 1.962762
v -1.379022 6.671270 1.962762
v -1.521466 4.740010 2.181181
v -1.565935 4.758844 2.162346
v -1.172766 6.636342 -0.924035
v -0.148284 7.408237 0.449860
v -0.987280 6.636342 -0.924035
v -0.148284 7.441868 0.530293
v -0.148284 7.441895 0.622523
v -0.987280 6.632346 -0.975642
v -0.987280 6.632346 -0.945128
v -1.172766 6.632346 -0.945128
v -1.172771 6.632346 -0.975642
v -1.172771 6.498178 -0.945128
v -1.172766 6.498178 -0.914607
v -1.379017 6.498178 -0.914607
v -1.172766 6.498178 -0.914607
v -1.379017 6.632346 -0.914607
v -1.172766 6.632346 -0.914613
v -1.172771 6.498178 1.932155
v -1.379017 6.632346 1.932155
v -1.172771 6.632346 1.932155
v -3.702443 2.381210 -0.157642
v -3.621748 2.381210 -0.072099
v -4.975479 2.381210 -0.072099
v -5.035350 2.381210 -0.148343
v -1.521460 4.740010 -1.167591
v -1.521460 3.459080 -1.167591
v -1.565935 3.440246 -1.148756
v -3.621748 2.492340 -2.758597
v -3.621748 2.381210 -2.758597
v -1.563522 2.492340 -2.758597
v -1.565935 4.758844 -1.148756
v -1.542188 2.381210 -2.758597
v -3.463103 0.550220 -1.190887
v -3.463103 0.550220 -0.518789
v -3.463103 1.766217 -0.518789
v -3.463103 1.766217 -1.190887
v -1.521460 3.459080 -1.875582
v -3.505320 1.829418 -1.254083
v -3.458099 1.855734 -1.280404
v -3.505320 0.487024 -1.254083
v -1.565935 3.440246 -1.894417
v -3.458099 0.460703 -1.280404
v -1.521460 4.740010 -1.875582
v -1.565935 4.758844 -1.894417
v -3.505320 0.487024 -0.455588
v -3.458126 0.460703 -0.429267
v -3.458126 1.855734 -0.429272
v -3.505320 1.829418 -0.455588
v -3.505320 1.784096 -1.208767
v -3.505320 0.532341 -1.208767
v -1.565935 3.392511 2.955742
v -3.505320 1.784096 -0.500904
v -1.565935 4.806585 2.955742
v -3.505320 0.532341 -0.500904
v -1.565935 3.392511 2.114606
v -1.565935 4.806585 2.114606
v -1.565935 3.392505 -1.101016
v -1.565935 4.806585 -1.101016
v -1.565935 3.392505 -1.942152
v -3.481642 1.753480 2.200611
v -3.458207 1.776851 2.223902
v -3.458169 1.773660 0.969840
v -1.565935 4.806585 -1.942152
v -3.481642 1.750450 0.993131
v -1.540129 3.364784 2.983468
v -3.458169 -0.359989 0.969840
v -3.481642 -0.336699 0.993131
v -1.540129 4.834311 2.983468
v -3.458212 -0.359989 2.223902
v -3.481642 -0.336699 2.200611
v -1.540451 3.364784 2.086880
v -3.481642 1.676544 2.123948
v -3.481642 -0.260041 2.123948
v -3.481642 1.674066 1.069793
v -3.481642 -0.260041 1.069793
v -3.459183 -0.238966 1.090864
v -1.540451 4.834311 2.086880
v -3.459183 1.653065 1.090864
v -3.459183 1.655393 2.102872
v -3.459183 -0.238966 2.102872
v -4.914428 -0.457207 -0.037942
v -4.914428 -0.457207 0.195413
v -4.914423 2.531296 0.195413
v -4.914423 2.531296 -0.037942
v -4.751793 -0.457207 0.195413
v -4.751793 2.531296 0.195413
v -4.751793 -0.457207 -0.037942
v -4.751793 2.531296 -0.037942
v -4.751793 -0.457207 -0.037942
v -4.751793 2.531296 -0.037942
v -4.806982 -0.292937 0.768222
v -4.779202 -0.292937 0.768222
v -4.779202 -0.250796 0.768222
v -4.806982 -0.250796 0.768222
v -4.858471 -0.292937 -0.019478
v -4.858471 -0.292937 0.008302
v -4.858471 -0.250796 0.008302
v -4.858471 -0.250796 -0.019478
v -4.858471 -0.250796 0.008302
v -3.672647 -0.250796 0.008302
v -3.672647 -0.250796 -0.019478
v -4.821242 0.352823 0.768222
v -4.793468 0.352823 0.768222
v -4.793468 0.394965 0.768222
v -4.821242 0.394965 0.768222
v -4.831051 0.352823 -0.015477
v -4.831051 0.352823 0.012297
v -4.831051 0.394965 0.012297
v -4.831051 0.394965 -0.015477
v -4.831051 0.394965 0.012297
v -3.645226 0.394965 0.012297
v -3.645226 0.394965 -0.015477
v -4.787134 0.365630 0.893269
v -4.803389 0.344704 0.877094
v -4.803389 0.344704 0.743081
v -4.787134 0.365630 0.726907
v -4.689423 -1.474311 3.384853
v -3.704926 -1.474311 3.384859
v -4.689423 -0.644067 3.384853
v -3.704926 -0.644067 3.384859
v -1.541587 3.364784 -1.073290
v -4.954521 -0.428833 3.242860
v -4.954521 -0.428833 3.440037
v -4.732433 -0.428833 3.440037
v -3.439828 -0.428833 1.675418
v -3.661916 -0.428833 1.675418
v -3.439828 -0.428833 3.242860
v -3.661916 -0.428833 3.242860
v -4.732433 -0.428833 1.675418
v -4.732433 -0.428833 3.242860
v -4.954521 -0.428833 1.675418
v -3.661916 -0.428833 3.440037
v -3.439828 -0.428833 3.440037
v -1.541587 4.834311 -1.073295
v -4.954521 -0.614817 3.242860
v -4.899337 -0.644067 3.199850
v -4.899337 -1.474311 3.199850
v -1.541909 3.364784 -1.969878
v -4.954521 -1.503560 3.242860
v -4.732433 -0.614817 3.440037
v -4.689423 -0.644067 3.384853
v -3.704926 -0.644067 3.384859
v -3.661916 -0.614817 3.440037
v -3.704926 -1.474311 3.384859
v -3.661916 -1.503560 3.440037
v -1.541909 4.834311 -1.969878
v -4.689423 -1.474311 3.384853
v -4.732433 -1.503560 3.440037
v 5.067999 1.772593 4.282074
v 5.029145 1.733744 4.304308
v 5.029150 0.249904 4.304308
v 5.067999 0.211056 4.282074
v 3.546340 1.772593 4.282069
v 3.585194 1.733744 4.304303
v -4.974943 -0.438598 3.242860
v -4.968957 -0.438598 3.454479
v -4.954521 -0.428833 3.440037
v 3.871063 3.440246 4.309714
v 3.889902 3.459080 4.265240
v 3.889902 4.740010 4.265240
v -4.954521 -0.428833 3.440037
v -4.968957 -0.438598 3.454479
v -4.732433 -0.438598 3.460459
v 3.871063 4.758844 4.309709
v 4.616729 3.440246 4.309709
v 4.597889 3.459080 4.265240
v -3.439828 -0.475409 3.440037
v -3.439828 -0.428833 3.440037
v -3.482838 -0.438598 3.460459
v 4.597889 4.740010 4.265240
v -3.482838 -0.465638 3.460459
v -4.954521 -0.475409 3.440037
v -4.732433 -0.475409 3.440037
v -4.732433 -0.465638 3.460459
v -3.661916 -0.475409 3.440037
v -3.661916 -0.465638 3.460459
v 4.616729 4.758844 4.309709
v -4.968957 -0.465638 3.454479
v 3.823328 3.392505 4.309709
v -4.974943 -0.465638 3.242860
v -4.954521 -0.475409 3.440037
v -4.968957 -0.465638 3.454479
v 3.823328 4.806585 4.309709
v -4.974943 -0.465638 1.675418
v -4.954521 -0.475409 1.675418
v -4.954521 -0.475409 3.242860
v -3.704926 -1.474311 -0.034017
v -4.689423 -1.474311 -0.034011
v -4.689423 -0.644067 -0.034011
v -3.704926 -0.644067 -0.034017
v 4.664464 4.806585 4.309714
v 4.664464 3.392505 4.309714
v -4.899337 -0.644067 0.150992
v -4.954521 -0.614817 0.107982
v -4.899337 -1.474311 0.150992
v -4.954521 -1.503560 0.107982
v 3.795602 4.834311 4.282069
v 3.795607 3.364784 4.282069
v -3.704926 -0.644067 -0.034017
v -3.661916 -0.614817 -0.089195
v -3.704926 -1.474311 -0.034017
v -3.661916 -1.503560 -0.089195
v 4.692190 3.364784 4.282069
v -4.689423 -1.474311 -0.034011
v -4.732433 -1.503560 -0.089195
v -4.732433 -0.614817 -0.089195
v 4.692190 4.834311 4.282074
v -4.689423 -0.644067 -0.034011
v 0.117506 0.387371 4.304303
v 0.096505 0.408372 4.279832
v -0.561011 0.408372 4.279827
v -4.974943 -0.438598 1.675418
v -4.954521 -0.428833 1.675418
v -4.954521 -0.428833 0.107982
v -4.974943 -0.438598 0.107982
v -4.954521 -0.428833 -0.089195
v -0.582012 0.387371 4.304303
v -4.968957 -0.438598 -0.103638
v -0.582012 1.683800 4.304303
v -4.968957 -0.438598 -0.103638
v -4.954521 -0.428833 -0.089195
v -4.732433 -0.438598 -0.109617
v -0.561011 1.662799 4.279827
v -3.439828 -0.475409 -0.089195
v -3.482838 -0.465638 -0.109617
v -3.482838 -0.438598 -0.109617
v 0.096505 1.662799 4.279832
v 0.117506 1.683800 4.304303
v -3.439828 -0.428833 -0.089195
v -4.954521 -0.475409 -0.089195
v -4.968957 -0.465638 -0.103638
v -4.732433 -0.465638 -0.109617
v -4.968957 -0.465638 -0.103638
v -4.954521 -0.475409 -0.089195
v -4.974943 -0.465638 0.107982
v -5.573880 -0.820908 2.538719
v -5.573874 -0.847926 2.538724
v -5.200264 -0.820908 2.546870
v -0.641100 1.742888 4.304303
v -5.199567 -0.848065 2.546870
v -0.641100 0.328278 4.304303
v -5.919292 -1.017565 2.538719
v -5.919261 -1.044577 2.538735
v -5.545714 -1.017565 2.546870
v 0.176594 1.742888 4.304303
v -5.545333 -1.045457 2.546870
v 0.176594 0.328278 4.304303
v -6.610128 -1.410868 2.538719
v -6.610128 -1.440771 2.538719
v -6.236556 -1.410868 2.546870
v -0.676125 0.293247 4.282069
v -6.236239 -1.440771 2.546870
v -0.676125 1.777918 4.282069
v -5.542089 -0.851155 2.519042
v 0.211619 0.293247 4.282069
v -5.195807 -0.851294 2.519042
v 0.211619 1.777918 4.282069
v -5.199567 -0.848065 2.546870
v -5.195807 -0.851294 2.519042
v -5.196671 -0.817679 2.519042
v 0.127497 4.740010 4.265240
v 0.127497 3.459080 4.265240
v 0.146332 3.440246 4.309709
v 0.146332 4.758844 4.309709
v -5.542089 -0.817679 2.519042
v -0.580489 3.459080 4.265234
v -0.599329 3.440246 4.309709
v -5.887501 -1.047806 2.519042
v -0.580489 4.740010 4.265234
v -0.599329 4.758844 4.309709
v -5.541617 -1.048691 2.519042
v -5.545333 -1.045457 2.546870
v -5.541617 -1.048691 2.519042
v -5.542089 -1.014336 2.519042
v -5.887501 -1.014336 2.519042
v 0.194072 3.392505 4.309709
v 0.194072 4.806585 4.309709
v -6.264721 -1.241234 2.538713
v -6.232919 -1.244463 2.519042
v -5.891159 -1.240971 2.546870
v -0.647069 3.392505 4.309709
v -5.887490 -1.244200 2.519042
v -0.647069 4.806585 4.309709
v -5.887490 -1.244200 2.519042
v -5.887501 -1.210988 2.519042
v -5.891175 -1.214216 2.546870
v 0.221793 3.364784 4.282069
v -5.891159 -1.240971 2.546870
v 0.221793 4.834306 4.282069
v -6.232919 -1.210988 2.519042
v -6.264710 -1.214216 2.538719
v -0.674790 4.834306 4.282069
v -0.674790 3.364784 4.282069
v 1.779104 -0.260041 -3.253634
v 1.800180 -0.238966 -3.231169
v -6.578332 -1.444000 2.519042
v 1.779104 1.674066 -3.253634
v -6.232533 -1.444000 2.519042
v 1.800180 1.653065 -3.231169
v -6.232533 -1.444000 2.519042
v -6.232919 -1.407645 2.519042
v 2.933213 1.774722 -3.229174
v 2.933213 -0.359989 -3.229174
v 2.909922 -0.336699 -3.253629
v -6.236239 -1.440771 2.546870
v 2.909922 1.753480 -3.253629
v 1.679151 1.773660 -3.229174
v 1.702447 1.750450 -3.253634
v 1.702447 -0.336699 -3.253634
v 1.679151 -0.359989 -3.229174
v -6.578332 -1.407645 2.519042
v -0.634955 1.772593 -3.229174
v -0.596101 1.733744 -3.251409
v -0.596106 0.249904 -3.251409
v -0.634955 0.211056 -3.229174
v 0.886699 1.772593 -3.229174
v 0.847856 1.733744 -3.251409
v 0.886699 0.211056 -3.229174
v 0.847856 0.249904 -3.251409
v -5.228478 -0.651274 2.538713
v -5.196671 -0.654498 2.519042
v -4.854926 -0.650958 2.546870
v 0.561976 4.758844 -3.256814
v 0.561976 3.440246 -3.256814
v 0.543142 3.459080 -3.212340
v -4.851253 -0.654181 2.519042
v 0.543142 4.740010 -3.212340
v -4.851253 -0.654181 2.519042
v -4.851253 -0.621028 2.519042
v -4.854926 -0.624256 2.546870
v -0.183679 3.440246 -3.256814
v -0.164850 3.459080 -3.212340
v -4.854926 -0.650958 2.546870
v -5.196671 -0.621028 2.519042
v -5.228462 -0.624256 2.538719
v -0.183679 4.758844 -3.256814
v -0.164850 4.740010 -3.212340
v -6.264721 -1.241234 0.774293
v -6.264721 -1.241234 2.538713
v -6.264710 -1.214216 0.774293
v -5.573874 -0.847926 0.774288
v -5.542089 -0.851155 0.793969
v -5.542089 -0.851155 2.519042
v -5.573874 -0.847926 2.538724
v -5.573874 -0.847926 0.774288
v -5.573880 -0.820908 0.774293
v -5.200264 -0.820908 0.766141
v 0.609717 3.392505 -3.256814
v -5.199567 -0.848065 0.766141
v 0.609717 4.806585 -3.256814
v -5.919261 -1.044577 0.774271
v -5.919292 -1.017565 0.774293
v -5.545714 -1.017565 0.766141
v -0.231419 3.392505 -3.256814
v -5.545333 -1.045457 0.766141
v -0.231419 4.806585 -3.256814
v -6.610128 -1.440771 0.774288
v -6.610128 -1.410868 0.774288
v -6.236556 -1.410868 0.766141
v 0.637443 3.364784 -3.229174
v -6.236239 -1.440771 0.766141
v -5.887501 -1.047806 0.793969
v -5.887501 -1.210988 2.519042
v -5.887501 -1.047806 2.519042
v -5.887501 -1.210988 0.793969
v -6.232919 -1.244463 0.793969
v -6.232919 -1.407645 2.519042
v -6.232919 -1.244463 2.519042
v -6.232919 -1.407645 0.793969
v 0.637443 4.834306 -3.229174
v -4.854926 -0.650958 0.766141
v -5.228478 -0.651274 0.774298
v -5.228462 -0.624256 0.774293
v -0.259140 4.834306 -3.229174
v -0.259140 3.364784 -3.229174
v -4.854926 -0.624256 0.766141
v -5.542089 -0.851155 0.793969
v 4.336539 0.408372 -3.226932
v 4.994056 0.408372 -3.226932
v 5.015057 0.387371 -3.251409
v -5.195807 -0.851294 0.793969
v 4.315538 0.387371 -3.251409
v -5.199567 -0.848065 0.766141
v -5.196671 -0.817679 0.793969
v 5.015057 1.683800 -3.251409
v -5.195807 -0.851294 0.793969
v 4.994056 1.662799 -3.226932
v -5.542089 -0.817679 0.793969
v 4.336539 1.662799 -3.226932
v 4.315538 1.683800 -3.251409
v -5.887501 -1.047806 0.793969
v -5.541617 -1.048691 0.793969
v -5.545333 -1.045457 0.766141
v -5.542083 -1.014336 0.793969
v 5.074145 1.742888 -3.251409
v -5.541617 -1.048691 0.793969
v 5.074145 0.328278 -3.251409
v -5.887501 -1.014336 0.793969
v 4.256450 1.742888 -3.251409
v 4.256450 0.328278 -3.251409
v -5.891159 -1.240971 0.766141
v -6.232919 -1.244463 0.793969
v -6.264721 -1.241234 0.774293
v 5.109175 0.293247 -3.229174
v -5.887490 -1.244200 0.793969
v 5.109175 1.777918 -3.229168
v -5.887501 -1.210988 0.793969
v -5.887490 -1.244200 0.793969
v -5.891170 -1.214216 0.766141
v 4.221425 0.293247 -3.229174
v -5.891159 -1.240971 0.766141
v 4.221425 1.777918 -3.229174
v -6.232919 -1.210988 0.793969
v 4.305548 4.740010 -3.212340
v 4.305548 3.459080 -3.212340
v 4.286713 3.440246 -3.256814
v 4.286707 4.758844 -3.256814
v -6.578332 -1.444000 0.793969
v 5.013534 3.459080 -3.212340
v 5.032368 3.440246 -3.256809
v -6.232533 -1.444000 0.793969
v -6.232919 -1.407645 0.793969
v -6.232533 -1.444000 0.793969
v 5.013534 4.740010 -3.212340
v 5.032368 4.758844 -3.256809
v -6.236239 -1.440771 0.766141
v -6.578332 -1.407645 0.793969
v -5.196671 -0.654498 0.793969
v 4.238973 3.392511 -3.256814
v -4.851253 -0.654181 0.793969
v 4.238973 4.806585 -3.256814
v -4.851253 -0.621028 0.793969
v -4.851253 -0.654181 0.793969
v 5.080109 4.806585 -3.256809
v -4.854926 -0.650958 0.766141
v 5.080109 3.392511 -3.256809
v -5.196671 -0.621028 0.793969
v 4.211246 3.364784 -3.229174
v -5.919261 -1.044577 0.774271
v -5.919261 -1.044577 2.538735
v -6.610128 -1.440771 0.774288
v -6.578332 -1.444000 0.793969
v -6.578332 -1.444000 2.519042
v -6.610128 -1.440771 2.538719
v -5.228478 -0.651274 0.774298
v -5.196671 -0.654498 0.793969
v -5.196671 -0.654498 2.519042
v -5.228478 -0.651274 2.538713
v -5.076440 -0.638994 0.797697
v -5.076440 -0.638994 0.860968
v -5.076440 0.296894 0.860968
v -5.076440 0.296894 0.797697
v -5.018086 -0.638994 0.860968
v -5.018086 -0.638994 0.797697
v -5.018086 0.324057 0.797697
v -5.018086 0.324057 0.860968
v -5.018086 -0.638994 0.797697
v -5.018086 0.324057 0.797697
v -6.533407 -1.420242 0.797697
v -6.591761 -1.420242 0.797697
v -6.591761 -0.704206 0.797697
v -6.533407 -0.666644 0.797697
v 4.211246 4.834311 -3.229174
v -4.854101 0.419897 0.869581
v -6.703603 -0.742202 0.869575
v -6.690432 -0.774208 0.869575
v 5.107835 3.364784 -3.229168
v -4.867277 0.451908 0.869581
v -4.854101 0.419897 0.789089
v -4.854101 0.419897 0.869581
v -6.690432 -0.774208 0.869575
v -6.690432 -0.774208 0.789089
v 5.107835 4.834311 -3.229174
v -6.703603 -0.742202 0.789089
v 5.973334 1.655393 -0.068409
v 5.973334 -0.238966 -0.068409
v 5.995800 -0.260041 -0.089485
v -4.867277 0.451908 0.789089
v -5.076440 -0.638994 2.460657
v -5.076440 -0.638994 2.523928
v -5.076440 0.296894 2.523928
v -5.076440 0.296894 2.460657
v -5.018086 -0.638994 2.523928
v -5.018086 -0.638994 2.460657
v -5.018086 0.324057 2.460657
v -5.018086 0.324057 2.523928
v -5.018086 -0.638994 2.460657
v -5.018086 0.324057 2.460657
v -6.533407 -1.420242 2.460657
v -6.591761 -1.420242 2.460657
v -6.591761 -0.704206 2.460657
v -6.533407 -0.666644 2.460657
v -4.854101 0.419897 2.532536
v -4.867277 0.451908 2.532536
v -6.703603 -0.742202 2.532536
v -6.690426 -0.774208 2.532536
v -4.854101 0.419897 2.452049
v -4.854101 0.419897 2.532536
v -6.690426 -0.774208 2.532536
v -6.690426 -0.774208 2.452049
v -4.806982 -0.250796 2.551268
v -4.806982 -0.292937 3.161553
v -4.806982 -0.250796 3.161553
v -4.806982 -0.292937 2.551268
v -4.779202 -0.292937 2.551268
v -4.779202 -0.250796 2.551268
v -4.858471 -0.250796 3.338963
v -3.672647 -0.292937 3.338963
v -3.672647 -0.250796 3.338963
v -4.858471 -0.292937 3.338963
v -4.858471 -0.292937 3.311188
v -4.858471 -0.250796 3.311188
v -4.821242 0.394965 2.551268
v -4.821242 0.352823 3.161553
v -4.821242 0.394965 3.161553
v -4.821242 0.352823 2.551268
v -4.793468 0.352823 2.551268
v -4.793468 0.394965 2.551268
v -4.831051 0.394965 3.334967
v -3.645226 0.352823 3.334967
v -3.645226 0.394965 3.334967
v -4.831051 0.352823 3.334967
v -4.831051 0.352823 3.307193
v -4.831051 0.394965 3.307193
v -4.803389 -0.450032 2.576404
v -4.803389 -0.450032 2.442396
v -4.803389 0.344704 2.442396
v -4.803389 0.344704 2.576404
v -4.803389 -0.450032 2.442396
v -4.901444 -0.450032 2.442396
v -4.901444 0.344704 2.442396
v -4.803389 0.344704 2.442396
v -4.901444 -0.450032 2.442396
v -4.901444 -0.450032 2.576404
v -4.901444 0.344704 2.576404
v -4.901444 0.344704 2.442396
v -4.901444 -0.450032 2.576404
v -4.803389 -0.450032 2.576404
v -4.803389 0.344704 2.576404
v -4.901444 0.344704 2.576404
v -3.553280 -0.450032 3.329782
v -3.553280 -0.450032 3.195774
v -3.553280 0.344704 3.195774
v -3.553280 0.344704 3.329782
v -3.553280 -0.450032 3.195774
v -3.651335 -0.450032 3.195774
v -3.651335 0.344704 3.195774
v -3.553280 0.344704 3.195774
v -3.651335 -0.450032 3.195774
v -3.651335 -0.450032 3.329782
v -3.651335 0.344704 3.329782
v -3.651335 0.344704 3.195774
v -3.651335 -0.450032 3.329782
v -3.553280 -0.450032 3.329782
v -3.553280 0.344704 3.329782
v -3.651335 0.344704 3.329782
v -4.791457 -0.253488 2.536504
v -4.791457 -0.253488 3.151391
v -4.791457 0.352823 3.151391
v -4.791457 0.352823 2.536504
v -4.891244 -0.457207 3.147154
v -4.891244 -0.457207 3.380514
v -4.891244 2.531296 3.380514
v -4.891244 2.531296 3.147154
v -4.728609 -0.457207 3.380514
v -4.728609 2.531296 3.380514
v -4.728609 -0.457207 3.147159
v -4.728609 2.531296 3.147159
v -4.728609 -0.457207 3.147159
v -4.728609 2.531296 3.147159
v 5.995800 1.676544 -0.089485
v 1.159026 -0.659287 -3.919640
v 1.159021 -0.687871 -3.919629
v 1.148810 -0.659287 -3.524331
v 5.973334 -0.238966 0.943599
v 5.973334 1.653065 0.943599
v 5.995800 1.674066 0.964675
v 1.148810 -0.688021 -3.523596
v 5.995800 -0.260041 0.964675
v 1.159026 -0.867356 -4.285104
v 1.159005 -0.895945 -4.285067
v 1.148810 -0.867356 -3.889838
v 5.995800 1.750450 1.041332
v 5.995800 -0.336699 1.041332
v 5.995800 -0.336699 -0.166142
v 5.995800 1.753480 -0.166142
v 1.148815 -0.896873 -3.889436
v 5.993573 0.387371 -1.846129
v 5.969103 0.408372 -1.825134
v 5.969103 0.408372 -1.167612
v 1.159026 -1.283494 -5.016038
v 1.159026 -1.315135 -5.016038
v 1.148815 -1.283494 -4.620783
v 5.993573 0.387371 -1.146611
v 1.148810 -1.315135 -4.620450
v 5.993573 1.683800 -1.146611
v 1.183685 -0.691287 -3.885998
v 5.969103 1.662799 -1.167612
v 1.183679 -0.691437 -3.519622
v 5.969103 1.662799 -1.825134
v 5.993573 1.683800 -1.846129
v 1.148810 -0.688021 -3.523596
v 1.183679 -0.691437 -3.519622
v 1.183679 -0.655875 -3.520534
v 1.183685 -0.655875 -3.885998
v 5.993573 1.733744 1.605122
v 5.993573 1.668204 1.670656
v 5.993573 0.315444 1.670656
v 5.993573 1.733744 3.049078
v 5.993573 1.668204 2.983538
v 5.993573 0.315444 2.983538
v 5.993573 0.249904 3.049078
v 5.993573 0.249904 1.605122
v 5.993573 1.742888 -1.087528
v 1.183685 -0.899356 -4.251468
v 5.993573 0.328278 -1.087528
v 1.183679 -0.900295 -3.885505
v 5.993573 1.742888 -1.905218
v 1.148815 -0.896873 -3.889436
v 1.183679 -0.900295 -3.885505
v 1.183685 -0.863940 -3.885998
v 5.993573 0.328278 -1.905218
v 5.971339 1.777918 -1.052498
v 1.183685 -0.863945 -4.251468
v 5.971339 0.293247 -1.052498
v 5.971339 0.293247 -1.940248
v 1.159032 -1.104014 -4.650585
v 1.183685 -1.107425 -4.616932
v 1.148815 -1.103735 -4.255340
v 5.971339 1.777918 -1.940248
v 1.183685 -1.107152 -4.251452
v 5.954505 4.740010 -1.856126
v 5.954511 3.459080 -1.856126
v 5.998980 3.440246 -1.874960
v 1.183685 -1.107152 -4.251452
v 1.183685 -1.072014 -4.251468
v 1.148815 -1.075425 -4.255345
v 5.998980 4.758844 -1.874960
v 1.148815 -1.103735 -4.255340
v 5.954505 3.459080 -1.148134
v 5.998980 3.440246 -1.129300
v 1.183685 -1.072014 -4.616932
v 1.159026 -1.075425 -4.650574
v 5.954505 4.740010 -1.148134
v 5.998980 4.758844 -1.129300
v 1.183685 -1.318551 -4.982397
v 1.183685 -1.318551 -4.616530
v 1.183685 -1.318551 -4.616530
v 1.183685 -1.280083 -4.616932
v 1.148810 -1.315135 -4.620450
v 5.954505 4.740010 2.200637
v 5.954505 3.459080 2.200637
v 5.998980 3.440246 2.181803
v 1.183685 -1.280083 -4.982397
v 5.998980 4.758844 2.181803
v 5.954505 3.459080 2.908624
v 1.159032 -0.479802 -3.554186
v 1.183679 -0.483218 -3.520534
v 1.148810 -0.479474 -3.158952
v 5.998980 3.440246 2.927464
v 1.183679 -0.482886 -3.155064
v 5.954505 4.740010 2.908624
v 5.998980 4.758844 2.927464
v 1.183679 -0.482886 -3.155064
v 1.183679 -0.447801 -3.155064
v 1.148810 -0.451217 -3.158952
v 1.148810 -0.479474 -3.158952
v 1.183679 -0.447801 -3.520534
v 1.159026 -0.451217 -3.554170
v 3.345329 -0.447801 -3.155064
v 3.345329 -0.447801 -3.520534
v 3.345329 -1.280083 -4.616932
v 3.345329 -1.280083 -4.982397
v 3.369992 -0.687871 -3.919629
v 3.345329 -0.691287 -3.885998
v 1.183685 -0.691287 -3.885998
v 1.159021 -0.687871 -3.919629
v 5.998980 3.392511 -1.922701
v 3.369992 -0.687871 -3.919629
v 3.369987 -0.659287 -3.919640
v 3.380198 -0.659287 -3.524331
v 5.998980 4.806585 -1.922701
v 3.380198 -0.688021 -3.523596
v 5.998980 3.392511 -1.081559
v 3.370009 -0.895945 -4.285067
v 3.369987 -0.867356 -4.285104
v 3.380198 -0.867356 -3.889838
v 5.998980 4.806585 -1.081559
v 3.380198 -0.896873 -3.889436
v 5.998980 3.392505 2.134063
v 3.369987 -1.315135 -5.016038
v 3.369987 -1.283494 -5.016038
v 3.380198 -1.283494 -4.620783
v 5.998980 4.806585 2.134063
v 3.380198 -1.315135 -4.620450
v 3.345329 -0.899356 -4.251468
v 1.183685 -1.072014 -4.251468
v 1.183685 -0.899356 -4.251468
v 3.345329 -1.072014 -4.251468
v 3.345329 -1.107425 -4.616932
v 1.183685 -1.280083 -4.616932
v 1.183685 -1.107425 -4.616932
v 3.345329 -1.280083 -4.616932
v 5.998980 3.392505 2.975199
v 3.380198 -0.479474 -3.158952
v 3.369977 -0.479802 -3.554186
v 3.369987 -0.451217 -3.554170
v 5.998980 4.806585 2.975199
v 3.380198 -0.451217 -3.158952
v 5.971339 3.364784 -1.950421
v 3.345329 -0.691287 -3.885998
v 5.971339 4.834311 -1.950421
v 3.345329 -0.691437 -3.519622
v 5.971339 3.364784 -1.053839
v 3.380198 -0.688021 -3.523596
v 3.345329 -0.655875 -3.520534
v 5.971339 4.834311 -1.053839
v 3.345329 -0.691437 -3.519622
v 5.971339 3.364784 2.106337
v 3.345329 -0.655875 -3.885998
v 5.971339 4.834311 2.106337
v 5.971339 3.364784 3.002925
v 3.345329 -0.899356 -4.251468
v 5.971339 4.834311 3.002925
v 5.869986 6.498178 -0.904118
v 5.663735 6.498178 -0.904118
v 5.869986 6.632346 -0.904118
v 5.663735 6.632346 -0.904118
v 5.869986 6.498178 1.942645
v 5.663730 6.498178 1.942645
v 5.869981 6.632340 1.942645
v 5.663730 6.632340 1.942645
v 5.869986 6.498178 1.942645
v 5.869986 6.498178 1.973160
v 5.663735 6.498178 1.973160
v 5.663730 6.498178 1.942645
v 3.345329 -0.900295 -3.885505
v 5.663735 6.632346 -0.934729
v 5.478243 6.632346 -0.904118
v 5.478243 6.632346 -0.934729
v 5.663735 6.632346 -0.904118
v 5.869986 6.632346 -0.904118
v 5.869986 6.632346 -0.934729
v 5.465378 7.441868 0.497740
v 5.465378 7.408237 0.578172
v 4.639247 7.408237 0.578172
v 4.639247 7.441868 0.497740
v 3.380198 -0.896873 -3.889436
v 3.345329 -0.863945 -3.885998
v 4.639247 7.408135 0.315375
v 5.478243 6.636175 -0.883068
v 5.663730 6.636175 -0.883068
v 5.465378 7.408135 0.315375
v 5.869986 6.636175 -0.883068
v 5.465378 7.441895 0.405509
v 4.639247 7.441895 0.405509
v 3.345329 -0.900295 -3.885505
v 5.869986 6.636342 1.952073
v 5.663730 6.636342 1.952073
v 5.478243 6.636342 1.952073
v 3.345329 -0.863945 -4.251468
v 5.663735 6.671270 -0.934729
v 5.478243 6.671270 -0.934729
v 5.869986 6.671270 -0.934729
v 6.376677 6.498178 -0.849121
v 6.304348 6.498178 -0.927586
v 6.304348 6.632346 -0.927586
v 6.376677 6.632346 -0.849121
v 6.342896 6.498178 1.910742
v 6.284510 6.498178 1.970425
v 6.284510 6.632346 1.970425
v 6.342896 6.632346 1.910742
v 6.366584 6.632346 2.010335
v 6.325547 6.632346 1.990380
v 6.383713 6.632346 1.930144
v 3.380198 -1.103735 -4.255340
v 3.345329 -1.107425 -4.616932
v 3.369982 -1.104014 -4.650585
v 6.424535 6.632346 1.949553
v 3.345329 -1.107152 -4.251452
v 6.263552 6.498178 -0.907416
v 3.345329 -1.072014 -4.251468
v 3.345329 -1.107152 -4.251452
v 3.380198 -1.075425 -4.255345
v 5.869986 6.498178 -0.873512
v 3.380198 -1.103735 -4.255340
v 6.284510 6.498178 1.970425
v 6.325547 6.498178 1.990380
v 3.345329 -1.072014 -4.616932
v 3.369987 -1.075425 -4.650574
v 6.336085 6.498178 -0.829531
v 3.345329 -1.318551 -4.982397
v 3.345329 -1.318551 -4.616530
v 6.342896 6.498178 1.910742
v 3.345329 -1.318551 -4.616530
v 6.383713 6.498178 1.930144
v 3.380198 -1.315135 -4.620450
v 6.202109 6.638857 -0.912055
v 6.263552 6.632340 -0.907410
v 6.274503 6.639189 -0.833773
v 6.336085 6.632340 -0.829531
v 6.284510 6.632346 1.970425
v 6.223137 6.638862 1.974994
v 6.281373 6.639173 1.914925
v 3.345329 -0.483218 -3.520534
v 6.342896 6.632346 1.910742
v 3.345329 -0.482886 -3.155064
v 3.345329 -0.482886 -3.155064
v 3.380198 -0.479474 -3.158952
v 3.370009 -0.895945 -4.285067
v 1.159005 -0.895945 -4.285067
v 3.369977 -0.479802 -3.554186
v 3.345329 -0.483218 -3.520534
v 1.183679 -0.483218 -3.520534
v 1.159032 -0.479802 -3.554186
v 6.345143 6.632346 -0.947761
v 6.304348 6.632346 -0.927586
v 3.449980 1.999352 -3.888481
v 3.436471 1.996826 -3.216973
v 2.665337 2.538922 -3.216968
v 2.485219 2.572547 -3.216968
v 2.016465 2.572574 -3.216968
v 1.333315 1.999679 -4.044643
v 5.869986 6.632346 2.003680
v 5.869986 6.632340 1.973160
v 3.336678 1.999663 -4.051518
v 1.231254 1.996665 -3.216973
v 1.221187 1.999346 -3.880753
v 1.836390 2.538815 -3.216968
v 3.483594 1.992831 -3.216973
v 3.455729 1.992831 -3.216973
v 3.464036 1.992831 -3.990891
v 3.482254 1.992831 -4.031922
v 6.264190 6.535610 1.793868
v 5.630496 6.535610 1.793868
v 6.264190 5.912905 1.793868
v -4.791457 -0.253488 0.168100
v -4.791457 -0.253488 0.782986
v -4.791457 0.352823 0.168100
v -4.791457 0.352823 0.782986
v -4.793468 0.394965 0.157932
v -4.793468 0.394965 0.768222
v -4.821242 0.394965 0.157932
v -4.779202 -0.250796 0.157932
v -4.779202 -0.250796 0.768222
v -4.806982 -0.250796 0.157932
v -3.674299 0.352823 0.008817
v -4.860123 -0.253488 0.008817
v -4.860123 0.352823 0.008817
v -3.674299 -0.253488 0.008817
v -3.537025 0.365630 -0.026471
v -3.553280 0.344704 -0.010291
v -3.651335 0.344704 -0.010291
v -3.667595 0.365630 -0.026471
v -3.667595 0.365630 -0.026471
v -3.651335 0.344704 -0.010291
v -3.651335 0.344704 0.123716
v -3.667595 0.365630 0.139891
v -3.651335 0.344704 0.123716
v -3.553280 0.344704 0.123716
v -3.537025 0.365630 0.139891
v -3.553280 0.344704 0.123716
v -3.553280 0.344704 -0.010291
v -4.803389 0.344704 0.743081
v -4.901444 0.344704 0.743081
v -4.917705 0.365630 0.726907
v -4.917705 0.365630 0.726907
v -4.901444 0.344704 0.743081
v -4.901444 0.344704 0.877094
v -4.917699 0.365630 0.893269
v -4.901444 0.344704 0.877094
v -4.803389 0.344704 0.877094
v -1.467038 -1.592396 -3.013570
v -1.467526 -1.592396 -2.414815
v -1.467526 -0.494453 -2.414815
v -1.467038 -0.494453 -3.013570
v 5.862537 -1.592396 -3.119353
v 5.746897 -1.592396 -3.158057
v 5.746897 -0.494447 -3.158057
v 5.862537 -0.494447 -3.119353
v -1.468025 -1.592396 4.046525
v -1.429492 -1.592396 4.162224
v -1.429492 -0.494453 4.162224
v -1.468025 -0.494453 4.046525
v -1.312823 -1.592396 -3.167554
v -1.428473 -1.592396 -3.129162
v -1.428473 -0.494453 -3.129162
v -1.312823 -0.494453 -3.167554
v 5.745867 -1.592396 4.210426
v 5.861518 -1.592396 4.172033
v 5.861518 -0.494447 4.172033
v 5.745867 -0.494447 4.210426
v 5.901064 -1.592396 -3.003654
v 5.901069 -0.494447 -3.003654
v -1.313853 -1.592396 4.200928
v -1.313853 -0.494453 4.200928
v -1.467778 -1.592396 3.463189
v -1.467778 -0.494453 3.463189
v 2.659577 8.909045 -1.241400
v 2.505008 8.909045 -1.134319
v 2.505008 8.909045 -0.848076
v 1.937245 8.909045 -1.241405
v 2.091814 8.909045 -1.134319
v 1.937245 8.909045 -0.740995
v 2.091814 8.909045 -0.848076
v 2.659577 8.909045 -0.740995
v -3.661916 -0.428833 3.440037
v -3.661916 -0.438598 3.460459
v -4.732433 -0.428833 3.440037
v 2.659577 8.909045 -1.241400
v 2.660666 8.814401 -1.242156
v 1.936156 8.814401 -1.242156
v 1.937245 8.909045 -1.241405
v 1.936156 8.814401 -0.740244
v 1.937245 8.909045 -0.740995
v 1.937245 8.909045 -1.241405
v 1.936156 8.814401 -1.242156
v 2.660666 8.814401 -0.740239
v 2.659577 8.909045 -0.740995
v 1.937245 8.909045 -0.740995
v 1.936156 8.814401 -0.740244
v 2.660666 8.814401 -1.242156
v 2.660666 8.814401 -0.740239
v 2.674384 8.794773 -0.730736
v 2.674384 8.794773 -1.251659
v 2.674384 8.794773 -1.251659
v 1.922438 8.794773 -1.251659
v 1.922438 8.794773 -0.730741
v 2.479577 8.834287 -0.865693
v 2.505008 8.909045 -0.848076
v 2.505008 8.909045 -1.134319
v 2.479577 8.834287 -1.116702
v 2.117250 8.834287 -1.116702
v 2.505008 8.909045 -1.134319
v 2.091814 8.909045 -1.134319
v 2.117250 8.834287 -0.865698
v 2.091814 8.909045 -1.134319
v 2.091814 8.909045 -0.848076
v 2.091814 8.909045 -0.848076
v 2.505008 8.909045 -0.848076
v 6.225454 6.069533 0.259199
v 6.225454 6.378982 0.259199
v 6.225454 6.378982 0.864829
v 6.225454 6.069533 0.864829
v -0.132646 3.468165 -3.411528
v -0.132646 3.468165 -3.193495
v -0.132646 3.825697 -3.193495
v -0.132646 3.825697 -3.411528
v 5.900083 -1.592396 4.056441
v 5.900083 -0.494447 4.056441
v 5.969103 0.338735 1.693947
v 5.969103 1.644919 1.693947
v 5.969098 1.644919 2.960247
v 5.969103 0.338735 2.960247
v -3.553280 -0.450032 -0.010291
v -3.553280 -0.450032 0.123716
v -3.553280 -0.450032 0.123716
v -3.651335 -0.450032 0.123716
v -3.651335 -0.450032 0.123716
v -3.651335 -0.450032 -0.010291
v -3.651335 -0.450032 -0.010291
v -3.553280 -0.450032 -0.010291
v -3.667595 0.475800 0.139891
v -3.537025 0.475800 0.139891
v -3.537025 0.475800 -0.026471
v -3.667595 0.475800 -0.026471
v -3.537025 0.475800 0.139891
v -3.667595 0.475800 0.139891
v -3.667595 0.475800 -0.026471
v -4.954521 -0.614817 1.675418
v -4.954521 -0.614817 3.440037
v -4.954521 -1.503560 3.440037
v -4.954521 -1.579160 3.440037
v -4.954521 -1.579160 3.242860
v -4.954521 -1.503560 1.675418
v -4.954521 -1.579160 1.675418
v -3.439828 -0.614817 3.440037
v -3.439828 -1.503560 3.440037
v -3.439828 -1.579160 3.440037
v -3.661916 -1.579160 3.440037
v -4.732433 -1.579160 3.440037
v -4.954521 -1.503560 3.440037
v -4.954521 -1.579160 3.440037
v -4.954521 -0.614817 3.440037
v 6.225454 6.069533 0.043590
v 6.225454 6.069533 -0.562041
v 6.225454 6.378982 -0.562041
v 6.225454 6.378982 0.043590
v 6.225454 6.069533 1.080433
v 6.225454 6.378982 1.080433
v 6.225454 6.378982 1.686064
v 6.225454 6.069533 1.686064
v 3.332860 1.992831 -4.113036
v 3.445813 1.992831 -3.949849
v 6.264195 5.912905 -0.669845
v 6.264195 6.065934 -0.572145
v 6.264190 6.065934 0.053693
v 6.264190 6.382581 -0.572145
v 6.264195 6.535610 -0.669845
v 6.264190 6.382581 0.053693
v 6.264190 6.535610 0.151394
v 6.264195 5.912905 0.151394
v 6.264190 5.912905 0.972634
v 6.264190 6.065934 0.874933
v 6.264190 6.382581 0.874933
v 6.264190 6.065934 1.070329
v 6.264190 6.382581 1.070329
v 6.264190 6.535610 0.972634
v 6.264195 6.382581 0.249095
v 6.264195 6.065934 0.249095
v 6.264190 6.382581 1.696167
v 6.264190 6.065934 1.696167
v 6.366584 6.671270 2.010335
v 5.869986 6.671270 2.003675
v 6.417263 6.632346 -0.868712
v 6.417263 6.671270 -0.868712
v 6.424535 6.671270 1.949553
v 6.345143 6.671270 -0.947761
v 6.376677 6.632346 -0.849121
v 6.336085 6.632340 -0.829531
v 6.336085 6.498178 -0.829531
v 6.263552 6.632340 -0.907410
v 6.263552 6.498178 -0.907416
v 5.869986 6.498178 -0.873512
v 5.869986 6.632340 -0.873512
v 6.383713 6.632346 1.930144
v 6.325547 6.632346 1.990380
v 5.869986 6.632340 1.973160
v 5.663735 6.671270 2.003680
v 5.663735 6.632346 2.003680
v 5.478243 6.671270 2.003680
v 5.478243 6.632346 2.003680
v 5.663730 6.632340 1.973160
v 5.478243 6.632340 1.973160
v 5.663730 6.498178 -0.873512
v 5.663730 6.632340 -0.873512
v 5.663730 6.498178 -0.873512
v 5.663730 6.632340 1.973160
v 0.499708 3.468165 -3.411528
v 0.499708 3.468165 -3.193495
v -0.132646 3.468165 -3.193495
v -0.132646 3.825697 -3.193495
v 0.499708 3.825697 -3.193495
v 0.499708 3.825697 -3.411528
v 0.499708 3.468165 -3.193495
v 0.499708 3.825697 -3.193495
v 5.971339 0.211056 1.566273
v 5.971339 1.772593 1.566273
v 5.971339 1.772593 3.087921
v 5.971339 0.211056 3.087921
v 5.971339 1.776857 -0.189433
v 5.971339 1.773655 1.064629
v 5.971339 -0.359989 1.064629
v 5.971339 -0.359989 -0.189433
v 0.068505 0.315444 -3.251409
v -0.530566 0.315444 -3.251409
v -0.530566 0.975674 -3.251409
v -0.530566 1.668204 -3.251409
v 0.068505 1.668204 -3.251409
v 0.183250 1.668204 -3.251409
v 0.782316 1.668204 -3.251409
v 0.782316 1.102136 -3.251409
v 0.782316 0.975679 -3.251409
v 0.782316 0.315444 -3.251409
v 0.183250 0.315444 -3.251409
v 0.068505 1.102136 -3.251409
v 0.183250 1.102136 -3.251409
v 0.183250 0.975674 -3.251409
v 0.068505 0.975674 -3.251409
v -0.530566 1.102136 -3.251409
v 0.768641 0.330514 -3.223956
v 0.768641 0.960604 -3.223956
v 0.768641 1.653135 -3.223956
v 0.196925 1.653135 -3.223956
v -0.516891 1.117211 -3.223956
v -0.516891 1.653135 -3.223950
v -0.516891 0.330514 -3.223956
v 0.054825 0.330514 -3.223956
v 0.054825 1.653135 -3.223956
v 0.196925 0.330514 -3.223956
v 0.768641 1.117211 -3.223956
v -0.516891 0.960604 -3.223956
v 0.054825 0.960604 -3.223956
v 0.196925 1.117211 -3.223956
v 0.054825 1.117211 -3.223956
v 0.196925 0.960604 -3.223956
v 3.585194 0.249904 4.304308
v 3.546345 0.211056 4.282074
v 4.364544 0.315444 4.304308
v 4.963611 0.315444 4.304308
v 4.963611 0.975674 4.304308
v 3.650729 1.668204 4.304308
v 4.249795 1.668204 4.304308
v 3.650729 1.102136 4.304303
v 3.650729 0.975674 4.304303
v 4.249795 1.102136 4.304308
v 4.249795 0.975674 4.304308
v 4.364544 1.102136 4.304308
v 4.364544 1.668204 4.304308
v 4.364544 0.975674 4.304308
v 4.249795 0.315444 4.304308
v 3.650729 0.315444 4.304308
v 4.963611 1.102136 4.304308
v 4.963611 1.668204 4.304308
v 3.664404 0.330514 4.276851
v 3.664404 0.960604 4.276851
v 4.236120 1.653135 4.276851
v 3.664404 1.653135 4.276851
v 4.949935 1.117211 4.276851
v 4.949935 1.653135 4.276851
v 4.949935 0.330514 4.276851
v 4.378220 0.330514 4.276851
v 4.378220 1.653135 4.276851
v 4.236120 0.330514 4.276856
v 3.664404 1.117211 4.276851
v 4.949935 0.960604 4.276851
v 4.378220 0.960604 4.276851
v 4.236120 1.117211 4.276851
v 4.378220 1.117211 4.276851
v 4.236120 0.960604 4.276851
v 5.971339 5.291765 4.282074
v 6.269671 5.293481 4.893320
v 2.817889 5.293481 4.893320
v 2.753894 5.291765 4.282069
v 1.499832 5.291765 4.282069
v 1.414230 5.293481 4.893320
v -1.539668 5.291765 4.271782
v -1.837501 5.293481 4.893314
v -1.836230 5.293492 -3.842918
v -1.852710 5.410869 -3.843074
v 1.615456 5.410880 -3.842993
v 1.615375 5.293481 -3.842999
v 3.018579 5.293481 -3.842993
v 3.018579 5.410880 -3.842993
v 2.817889 5.410880 4.893320
v 2.817889 5.293481 4.893320
v 1.414230 5.293481 4.893320
v 1.414149 5.410880 4.893314
v -2.150945 5.410880 1.739907
v -2.150945 5.293481 1.739912
v -2.150945 5.293481 -0.604338
v -2.151020 5.293476 -3.537540
v -2.150870 5.410891 -3.553832
v 6.703603 5.524262 -3.737720
v 6.703099 5.524262 -0.326900
v 6.703099 5.437094 -0.326900
v 6.703099 5.524262 1.171559
v 6.703099 5.437094 1.171559
v 6.703099 5.524262 4.795141
v 6.703099 5.437094 4.795141
v 1.574424 5.524262 -3.959041
v 3.072889 5.524262 -3.959041
v 6.482744 5.524262 -3.958639
v -2.049157 5.524262 -3.970222
v 1.360161 5.524262 5.016038
v -2.049699 5.524262 5.004492
v 1.337186 1.992831 -4.106231
v 1.225429 1.992831 -3.942196
v 2.858615 5.437094 5.016038
v 6.482202 5.524262 5.016038
v 2.858615 5.524262 5.016038
v -2.270553 5.524262 4.782849
v -2.270055 5.524262 1.822699
v -2.270055 5.524262 -0.680330
v -2.270055 5.524262 -3.750012
v 6.703099 5.524262 4.795141
v 6.583989 5.410880 4.598291
v 6.583989 5.410880 1.130088
v 6.583989 5.410880 -0.273309
v 2.817889 5.410880 4.893320
v 1.414149 5.410880 4.893314
v -5.076146 2.540016 -0.176015
v -5.076146 2.540016 3.925780
v -5.076146 2.572156 3.925780
v -5.076146 2.572156 -0.176015
v -5.035350 2.381210 -0.148343
v -5.035350 2.381210 3.904651
v -5.035350 2.540016 3.904484
v -5.035350 2.540016 -0.148343
v -1.542210 2.381210 -2.813320
v -3.702443 2.381210 -2.813395
v -3.702443 2.538440 -2.813390
v -1.542210 2.538440 -2.813320
v -3.702443 2.381210 -0.157642
v -3.702443 2.538440 -0.157642
v -3.702443 2.538440 -2.813390
v -3.702443 2.381210 -2.813395
v -5.076146 2.540016 3.925780
v -1.539786 2.538440 3.925780
v -1.539786 2.572156 3.925780
v -5.076146 2.572156 3.925780
v -5.035350 2.381210 3.904651
v -1.539802 2.381210 3.878072
v -1.539802 2.538440 3.877911
v -5.035350 2.540016 3.904484
v -1.467778 -1.592396 3.463189
v -1.467778 -0.494453 3.463189
v -3.409479 -0.494453 3.463189
v -3.409479 -1.592396 3.463189
v -3.409479 -0.494453 -2.414815
v -3.409479 -1.592396 -2.414815
v -1.467526 -1.592396 -2.414815
v -1.467526 -0.494453 -2.414815
v -3.621748 2.381210 -2.758597
v -3.702443 2.381210 -2.813395
v -1.542210 2.381210 -2.813320
v -1.542188 2.381210 -2.758597
v -3.621748 2.381210 -2.758597
v -3.621748 2.381210 -0.072099
v -3.702443 2.381210 -0.157642
v -3.702443 2.381210 -2.813395
v -1.775130 6.069533 0.864829
v -1.775130 6.378987 0.864829
v -1.775130 6.378987 0.259199
v -1.775130 6.069533 0.259199
v -1.775130 6.069533 1.080433
v -1.775130 6.069533 1.686064
v -1.775130 6.378987 1.686064
v -1.775130 6.378987 1.080433
v -1.775130 6.069533 0.043590
v -1.775130 6.378987 0.043590
v -1.775130 6.378987 -0.562041
v -1.775130 6.069533 -0.562041
v 3.455729 1.858667 -3.216973
v 3.427863 1.858667 -3.216973
v 3.445813 1.858667 -3.949849
v -1.813872 6.065934 1.696173
v -1.813866 6.065934 1.070329
v -1.813866 6.382581 1.696173
v -1.813866 6.382581 1.070329
v -1.813866 6.535616 0.972634
v -1.813872 5.912905 0.972634
v -1.813866 5.912905 0.151394
v -1.813866 6.065934 0.249095
v -1.813866 6.382581 0.249095
v -1.813866 6.065934 0.053693
v -1.813866 6.382581 0.053693
v -1.813866 6.535616 0.151394
v -1.813872 6.382581 0.874933
v -1.813872 6.065934 0.874933
v -1.813866 6.382581 -0.572145
v -1.813866 6.065934 -0.572145
v -1.875620 6.671270 -0.982303
v -1.379022 6.671270 -0.975642
v -1.926299 6.632346 1.896744
v -1.926299 6.671270 1.896744
v -1.933577 6.671270 -0.921520
v -1.854179 6.671270 1.975798
v -1.885713 6.632346 1.877154
v -1.793546 6.498178 -0.942393
v -1.793546 6.632346 -0.942393
v -1.851932 6.632346 -0.882704
v -1.851932 6.498178 -0.882709
v -1.845121 6.632346 1.857568
v -1.845121 6.498178 1.857568
v -1.772588 6.632346 1.935448
v -1.772588 6.498178 1.935448
v -1.379017 6.632346 1.901544
v -1.379017 6.498178 1.901549
v -1.892754 6.632346 -0.902112
v -1.834583 6.632346 -0.962348
v -1.379017 6.632346 -0.945128
v -1.172771 6.671270 -0.975642
v -0.987280 6.671270 -0.975642
v -1.172766 6.636175 1.911101
v -0.148284 7.408135 0.712657
v -0.987280 6.636175 1.911101
v -1.172771 6.632346 1.932155
v -0.987280 6.632346 1.932155
v -1.172766 6.498178 1.901544
v -1.172766 6.632346 1.901544
v -1.172766 6.498178 1.901544
v -1.172766 6.632346 -0.945128
v -4.975479 2.381210 3.825210
v -5.035350 2.381210 3.904651
v -5.035350 2.381210 -0.148343
v -4.975479 2.381210 -0.072099
v -1.539818 2.381210 3.825210
v -4.975479 2.381210 3.825210
v -4.975479 2.492340 3.825210
v -1.539818 2.492340 3.825210
v -4.975479 2.381210 3.825210
v -4.975479 2.381210 -0.072099
v -4.975479 2.492340 -0.072099
v -4.975479 2.492340 3.825210
v -4.975479 2.381210 -0.072099
v -3.621748 2.381210 -0.072099
v -3.621748 2.492340 -0.072099
v -4.975479 2.492340 -0.072099
v -3.621748 2.381210 -0.072099
v -3.621748 2.381210 -2.758597
v -3.621748 2.492340 -2.758597
v -3.621748 2.492340 -0.072099
v -4.806982 -0.292937 0.157932
v -4.779202 -0.292937 0.768222
v -4.779202 -0.292937 0.157932
v -3.672647 -0.292937 -0.019478
v -3.672647 -0.292937 0.008302
v -4.858471 -0.292937 0.008302
v -3.672647 -0.292937 0.008302
v -3.672647 -0.250796 0.008302
v -4.779202 -0.250796 0.157932
v -4.779202 -0.250796 0.768222
v -3.672647 -0.250796 0.008302
v -4.858471 -0.250796 0.008302
v -4.821242 0.352823 0.157932
v -4.793468 0.352823 0.768222
v -4.793468 0.352823 0.157932
v -3.645226 0.352823 -0.015477
v -3.645226 0.352823 0.012297
v -4.831051 0.352823 0.012297
v -3.645226 0.352823 0.012297
v -3.645226 0.394965 0.012297
v -4.793468 0.394965 0.157932
v -4.793468 0.394965 0.768222
v -3.645226 0.394965 0.012297
v -4.831051 0.394965 0.012297
v -4.803389 -0.450032 0.743081
v -4.803389 -0.450032 0.877094
v -4.803389 -0.450032 0.877094
v -4.901444 -0.450032 0.877094
v -4.901444 -0.450032 0.877094
v -4.901444 -0.450032 0.743081
v -4.901444 -0.450032 0.743081
v -4.803389 -0.450032 0.743081
v -4.917699 0.475800 0.893269
v -4.787134 0.475800 0.893269
v -4.787134 0.475800 0.726907
v -4.917705 0.475800 0.726907
v -4.787134 0.475800 0.893269
v -4.917699 0.475800 0.893269
v -4.917705 0.475800 0.726907
v -4.899337 -1.474311 1.675418
v 3.464036 1.858667 -3.990891
v 1.207008 1.858667 -3.982991
v 1.225429 1.858667 -3.942196
v 1.212028 1.858667 -3.216973
v -4.954521 -0.428833 3.242860
v -4.899337 -1.474311 3.199850
v -4.899337 -0.644067 3.199850
v -4.899337 -0.644067 1.675418
v -4.899337 -1.474311 1.675418
v -4.899337 -0.644067 1.675418
v 1.239979 1.858667 -3.216973
v -4.954521 -1.579160 0.107982
v -4.954521 -1.579160 -0.089195
v -4.954521 -1.503560 -0.089195
v -4.954521 -0.614817 -0.089195
v -4.954521 -0.475409 0.107982
v 3.350579 1.992831 -4.153858
v 3.368298 1.992831 -4.194680
v 3.482254 1.992831 -4.031922
v -4.732433 -1.579160 -0.089195
v -4.954521 -1.579160 -0.089195
v -4.954521 -1.503560 -0.089195
v -4.954521 -0.614817 -0.089195
v -4.732433 -0.475409 -0.089195
v -3.661916 -0.475409 -0.089195
v -3.439828 -0.614817 -0.089195
v -3.439828 -1.503560 -0.089195
v -3.439828 -1.579160 -0.089195
v -3.661916 -1.579160 -0.089195
v 3.464036 1.992831 -3.990891
v -3.661916 -0.428833 0.107982
v -4.954521 -0.428833 -0.089195
v -4.954521 -0.428833 0.107982
v -4.732433 -0.428833 -0.089195
v -4.732433 -0.428833 0.107982
v -3.661916 -0.428833 -0.089195
v -3.439828 -0.428833 -0.089195
v -3.439828 -0.428833 0.107982
v -3.661916 -0.438598 -0.109617
v -3.661916 -0.465638 -0.109617
v 1.188581 1.992831 -4.023792
v 1.301405 1.992831 -4.187408
v 1.319296 1.992831 -4.146817
v -3.661916 -0.428833 -0.089195
v -4.732433 -0.428833 -0.089195
v 1.207008 1.992831 -3.982991
v 1.225429 1.858667 -3.942196
v 1.337186 1.858667 -4.106231
v 1.337186 1.992831 -4.106231
v 1.225429 1.992831 -3.942196
v 3.350579 1.858667 -4.153858
v 3.350579 1.992831 -4.153858
v 3.464036 1.992831 -3.990891
v 2.622675 7.355177 -0.766560
v 2.622675 7.112893 -1.215835
v 2.622675 8.353982 -1.215835
v 2.622675 8.353982 -0.766560
v 2.622675 7.112893 -1.215835
v 1.974147 7.112893 -1.215835
v 1.974147 8.353982 -1.215835
v 2.622675 8.353982 -1.215835
v -4.899337 -1.474311 0.150992
v -4.899337 -0.644067 0.150992
v -4.851253 -0.654181 2.519042
v -5.196671 -0.654498 2.519042
v -5.196671 -0.817679 2.519042
v -5.195807 -0.851294 2.519042
v -4.851253 -1.604296 2.519042
v -5.541617 -1.048691 2.519042
v -5.542089 -1.014336 2.519042
v -5.542089 -0.851155 2.519042
v -5.887490 -1.244200 2.519042
v -6.232919 -1.244463 2.519042
v -6.232919 -1.407645 2.519042
v -6.232533 -1.444000 2.519042
v -5.887501 -1.047806 2.519042
v -5.887501 -1.210988 2.519042
v -6.578332 -1.604296 2.519042
v -6.578332 -1.444000 2.519042
v -5.542089 -1.014336 2.519042
v -5.542083 -1.014336 0.793969
v -5.542089 -0.851155 0.793969
v -5.195807 -0.851294 0.793969
v -5.542083 -1.014336 0.793969
v -5.541617 -1.048691 0.793969
v -4.851253 -1.604296 0.793969
v -4.851253 -0.654181 0.793969
v -5.196671 -0.817679 0.793969
v -5.196671 -0.654498 0.793969
v -6.578332 -1.604296 0.793969
v -6.578332 -1.444000 0.793969
v -6.232533 -1.444000 0.793969
v -5.887490 -1.244200 0.793969
v -5.887501 -1.210988 0.793969
v -5.887501 -1.047806 0.793969
v -6.232919 -1.407645 0.793969
v -6.232919 -1.244463 0.793969
v -5.196671 -0.817679 2.519042
v -5.196671 -0.817679 0.793969
v -6.578332 -1.604296 2.519042
v -6.578332 -1.604296 0.793969
v -6.591761 -1.420242 0.860968
v -6.591761 -0.704206 0.860968
v -6.533407 -1.420242 0.860968
v -6.533407 -0.666644 0.860968
v -6.533407 -0.666644 0.860968
v -6.533407 -1.420242 0.860968
v -6.690432 -0.774208 0.869575
v -6.690432 -0.774208 0.789089
v -4.854101 0.419897 0.869581
v -4.854101 0.419897 0.789089
v -6.591761 -1.420242 2.523928
v -6.591761 -0.704206 2.523928
v -6.533407 -1.420242 2.523928
v -6.533407 -0.666644 2.523928
v -6.533407 -0.666644 2.523928
v -6.533407 -1.420242 2.523928
v -4.867277 0.451908 2.452049
v -6.703603 -0.742202 2.452049
v -6.690426 -0.774208 2.532536
v -6.690426 -0.774208 2.452049
v -4.854101 0.419897 2.532536
v -4.854101 0.419897 2.452049
v -4.779202 -0.292937 2.551268
v -4.779202 -0.292937 3.161553
v -3.672647 -0.292937 3.311188
v -4.858471 -0.292937 3.311188
v -3.672647 -0.292937 3.311188
v -3.672647 -0.250796 3.311188
v -4.858471 -0.250796 3.311188
v -3.672647 -0.250796 3.311188
v -4.779202 -0.250796 2.551268
v -4.779202 -0.250796 3.161553
v -4.858471 -0.250796 3.311188
v -3.672647 -0.250796 3.311188
v -4.793468 0.352823 2.551268
v -4.793468 0.352823 3.161553
v -3.645226 0.352823 3.307193
v -4.831051 0.352823 3.307193
v -3.645226 0.352823 3.307193
v -3.645226 0.394965 3.307193
v -4.831051 0.394965 3.307193
v -3.645226 0.394965 3.307193
v -4.793468 0.394965 2.551268
v -4.793468 0.394965 3.161553
v -4.831051 0.394965 3.307193
v -3.645226 0.394965 3.307193
v -4.917699 0.475800 2.426222
v -4.917705 0.475800 2.592584
v -4.787134 0.475800 2.592584
v -4.787134 0.475800 2.426222
v -4.787134 0.365630 2.592584
v -4.787134 0.365630 2.426222
v -4.787134 0.475800 2.426222
v -4.917699 0.365630 2.426222
v -4.917699 0.475800 2.426222
v -4.917705 0.365630 2.592584
v -4.917705 0.475800 2.592584
v -4.917705 0.365630 2.592584
v -3.667595 0.475800 3.179594
v -3.667595 0.475800 3.345962
v -3.537025 0.475800 3.345962
v -3.537025 0.475800 3.179594
v -3.537025 0.365630 3.345962
v -3.537025 0.365630 3.179594
v -3.537025 0.475800 3.179594
v -3.667595 0.365630 3.179594
v -3.667595 0.475800 3.179594
v -3.667595 0.365630 3.345962
v -3.667595 0.475800 3.345962
v -3.667595 0.365630 3.345962
v -4.860123 -0.253488 3.310674
v -3.674299 -0.253488 3.310674
v -3.674299 0.352823 3.310674
v -4.860123 0.352823 3.310674
v -4.779202 -0.250796 3.161553
v -4.779202 -0.250796 2.551268
v -4.793468 0.394965 3.161553
v -4.793468 0.394965 2.551268
v 1.183679 -0.482886 -3.155064
v 1.183679 -0.483218 -3.520534
v 1.183679 -0.655875 -3.520534
v 1.183679 -0.691437 -3.519622
v 1.183679 -1.488152 -3.155064
v 1.183679 -0.900295 -3.885505
v 1.183685 -0.863940 -3.885998
v 1.183685 -0.691287 -3.885998
v 1.183685 -1.107152 -4.251452
v 1.183685 -1.107425 -4.616932
v 1.183685 -1.280083 -4.616932
v 1.183685 -1.318551 -4.616530
v 1.183685 -0.899356 -4.251468
v 1.183685 -1.072014 -4.251468
v 1.183685 -1.488152 -4.982397
v 1.183685 -1.318551 -4.982397
v 1.183685 -0.863940 -3.885998
v 3.345329 -0.863945 -3.885998
v 1.159032 -1.104014 -4.650585
v 3.369982 -1.104014 -4.650585
v 3.345329 -0.691287 -3.885998
v 3.345329 -0.691437 -3.519622
v 3.345329 -0.863945 -3.885998
v 3.345329 -0.900295 -3.885505
v 3.345329 -1.488152 -3.155064
v 3.345329 -0.482886 -3.155064
v 3.345329 -0.655875 -3.520534
v 3.345329 -0.483218 -3.520534
v 3.345329 -1.488152 -4.982397
v 3.345329 -1.318551 -4.982397
v 3.345329 -1.318551 -4.616530
v 3.345329 -1.107152 -4.251452
v 3.345329 -1.072014 -4.251468
v 3.345329 -0.899356 -4.251468
v 3.345329 -1.280083 -4.616932
v 3.345329 -1.107425 -4.616932
v 1.159026 -1.315135 -5.016038
v 3.369987 -1.315135 -5.016038
v 1.183679 -0.655875 -3.520534
v 3.345329 -0.655875 -3.520534
v 1.183685 -1.488152 -4.982397
v 1.183685 -1.318551 -4.982397
v 3.345329 -1.318551 -4.982397
v 3.345329 -1.488152 -4.982397
v 3.368298 1.992831 -4.194680
v 3.350579 1.992831 -4.153858
v 1.301405 1.992831 -4.187408
v 1.319296 1.992831 -4.146817
v 1.207008 1.992831 -3.982991
v 1.212033 1.992831 -3.216973
v 1.184082 1.992831 -3.216973
v 1.188581 1.992831 -4.023792
v 3.332860 1.858667 -4.113036
v 1.337186 1.858667 -4.106231
v 1.319296 1.858667 -4.146817
v 3.427863 1.858667 -3.216973
v 3.427863 1.992831 -3.216973
v 3.445813 1.992831 -3.949849
v 3.445813 1.858667 -3.949849
v 3.332860 1.992831 -4.113036
v 3.332860 1.858667 -4.113036
v 1.239979 1.858667 -3.216973
v 1.239979 1.992831 -3.216973
v 1.212033 1.992831 -3.216973
v 1.207008 1.992831 -3.982991
v 1.319296 1.992831 -4.146817
v 3.455729 1.992831 -3.216973
v 1.974147 7.355177 -0.766560
v 1.974147 8.353982 -0.766560
v 1.974147 8.353982 -1.215835
v 1.974147 7.112893 -1.215835
v 1.974147 7.355177 -0.766560
v 2.622675 7.355177 -0.766560
v 2.622675 8.353982 -0.766560
v 1.974147 8.353982 -0.766560
v 2.651951 8.383863 -1.236118
v 2.649264 8.641341 -1.234257
v 2.649264 8.641341 -0.748144
v 2.651951 8.383863 -0.746283
v 1.944876 8.383863 -1.236118
v 1.947563 8.641341 -1.234257
v 2.649264 8.641341 -1.234257
v 2.651951 8.383863 -1.236118
v 1.944876 8.383863 -0.746283
v 1.947563 8.641341 -0.748144
v 1.947563 8.641341 -1.234257
v 1.944876 8.383863 -1.236118
v 2.651951 8.383863 -0.746283
v 2.649264 8.641341 -0.748144
v 1.947563 8.641341 -0.748144
v 1.944876 8.383863 -0.746283
v 2.678379 8.671615 -0.727968
v 2.678379 8.671615 -1.254426
v 1.918448 8.671615 -1.254426
v 2.678379 8.671615 -1.254426
v 1.918448 8.671615 -0.727968
v 2.659577 8.909045 -1.241400
v 2.659577 8.909045 -0.740995
v 5.630496 6.535610 -0.669845
v -1.542360 1.772593 -3.239101
v -1.542226 2.538440 -2.861071
v -1.542226 2.572156 -2.860996
v -1.539657 -0.435440 4.271970
v -1.473672 -0.497564 4.200714
v 1.500578 -0.441028 4.282069
v -1.542226 2.538440 -2.861071
v -3.702443 2.538440 -2.813390
v -3.735902 2.538954 -2.861071
v -1.467306 -0.491976 -3.167763
v -1.542354 -0.439730 -3.239095
v 1.679049 -0.441028 -3.229174
v -1.542210 2.538440 -2.813320
v -1.541909 4.834311 -1.969878
v -1.542370 5.291765 -3.239101
v -1.542365 3.362339 -3.239101
v -3.741147 2.537925 -0.176015
v -3.735902 2.538954 -2.861071
v -3.702443 2.538440 -2.813390
v -1.541587 3.364784 -1.073290
v -1.547331 3.204231 -0.484853
v -3.702443 2.538440 -0.157642
v -1.528700 2.849824 1.611879
v -1.539786 2.572156 3.925780
v -1.540129 3.364784 2.983468
v -3.741147 2.537925 -0.176015
v -5.035350 2.540016 -0.148343
v -5.076146 2.540016 -0.176015
v -3.702443 2.538440 -0.157642
v -1.539662 3.364136 4.271782
v -1.539662 1.774722 4.271782
v -5.076146 2.540016 3.925780
v -5.035350 2.540016 3.904484
v -1.539786 2.538440 3.925780
v -1.540622 3.364784 1.609567
v -1.539802 2.538440 3.877911
v -1.539802 2.381210 3.878072
v -1.539657 -0.435440 4.271970
v -1.539786 2.538440 3.925780
v -1.539662 3.364136 4.271782
v -0.674790 4.834306 4.282069
v -1.539668 5.291765 4.271782
v -0.674790 3.364784 4.282069
v -0.676125 1.777918 4.282069
v -1.539662 1.774722 4.271782
v -0.676125 0.293247 4.282069
v -1.539925 -0.423931 3.515906
v -1.539930 2.492340 3.515911
v -3.458250 2.492340 3.515107
v 0.211619 0.293247 4.282069
v -3.458250 -0.438802 3.515101
v -1.542065 -0.439039 -2.438621
v -1.578023 2.492340 -2.438642
v -1.542188 2.381210 -2.758597
v 0.221793 4.834306 4.282069
v 1.499832 5.291765 4.282069
v -1.539925 -0.423931 3.515906
v -1.539818 2.381210 3.825210
v -1.539930 2.492340 3.515911
v -1.563522 2.492340 -2.758597
v 0.886699 0.211056 -3.229174
v -0.634955 0.211056 -3.229174
v -3.412048 -0.491976 -2.412579
v -3.412054 -0.491976 -0.157561
v -3.458137 -0.439103 -0.157561
v -3.410064 -0.492270 3.468198
v -3.458062 -0.439103 -2.439270
v 1.679151 5.291765 -3.229174
v -0.259140 4.834306 -3.229174
v -1.542370 5.291765 -3.239101
v -3.410064 -0.492270 3.468198
v -3.621748 2.492340 -0.072099
v -4.975479 2.492340 3.825210
v -4.975479 2.492340 -0.072099
v -1.539930 2.492340 3.515911
v -1.539818 2.492340 3.825210
v -3.458250 2.492340 3.515107
v -1.563522 2.492340 -2.758597
v -1.578023 2.492340 -2.438642
v -3.458062 2.492335 -2.439281
v -3.621748 2.492340 -2.758597
v -3.458132 2.492340 -0.157578
v -1.542354 -0.439730 -3.239095
v -1.542172 -0.440577 -2.730013
v -1.542210 2.538440 -2.813320
v -1.542210 2.381210 -2.813320
v -1.484333 -0.496260 3.466905
v 5.971790 3.364136 -3.228815
v 5.107835 4.834311 -3.229174
v 5.971790 5.291765 -3.228815
v 5.107835 3.364784 -3.229168
v 5.109175 1.777918 -3.229168
v 5.971790 1.774722 -3.228815
v 5.109175 0.293247 -3.229174
v 5.972385 -0.441028 -3.228992
v 2.932467 -0.441028 -3.229174
v 1.679151 -0.359989 -3.229174
v 4.221425 0.293247 -3.229174
v 2.933213 -0.359989 -3.229174
v -1.473672 -0.497564 4.200714
v -1.542360 1.772593 -3.239101
v -0.634955 1.772593 -3.229174
v -1.542365 3.362339 -3.239101
v -0.259140 3.364784 -3.229174
v -1.484333 -0.496260 3.466905
v 5.067999 1.772593 4.282074
v 4.692190 3.364784 4.282069
v 3.546340 1.772593 4.282069
v 3.795607 3.364784 4.282069
v 2.753894 3.364784 4.282069
v 3.795602 4.834311 4.282069
v 2.753894 5.291765 4.282069
v 4.692190 4.834311 4.282074
v 5.971339 5.291765 4.282074
v 5.971339 3.362339 4.282074
v 5.971339 1.772593 4.282069
v 5.067999 0.211056 4.282074
v 1.499832 3.364136 4.282069
v 0.221793 3.364784 4.282069
v 1.499832 1.774722 4.282069
v 2.753894 1.773660 4.282069
v 3.546345 0.211056 4.282074
v 0.211619 1.777918 4.282069
v 5.971339 -0.441028 4.282069
v 2.754001 -0.441028 4.282069
v -1.541909 3.364784 -1.969878
v -1.541587 4.834311 -1.073295
v -1.541373 3.364784 -0.485218
v -1.541378 5.291765 -0.485218
v -1.540451 3.364784 2.086880
v -1.540451 4.834311 2.086880
v -1.540627 5.291765 1.609567
v -1.540129 4.834311 2.983468
v -1.539668 5.291765 4.271782
v -3.412048 -0.491976 -2.412579
v -1.542065 -0.439039 -2.438621
v 5.900061 -0.494447 4.210635
v 5.971339 -0.441028 1.064731
v 5.900061 -0.494453 1.054370
v 5.900061 -0.494453 -0.174524
v 5.971339 -0.441028 -0.187942
v 5.901091 -0.494453 -3.157848
v -1.482923 -0.491976 -2.416890
v 5.901091 -0.494453 -3.157848
v 2.918877 -0.494447 -3.158025
v 1.689249 -0.494453 -3.158025
v -5.035350 2.540016 -0.148343
v -5.035350 2.540016 3.904484
v -5.076146 2.540016 3.925780
v -5.076146 2.540016 -0.176015
v -1.467859 -0.491976 -2.730576
v -1.539802 2.538440 3.877911
v -1.539818 2.492340 3.825210
v 5.900061 -0.494447 4.210635
v 2.743796 -0.494447 4.210635
v 1.514167 -0.494453 4.210635
v -1.467306 -0.491976 -3.167763
v -3.458062 2.492335 -2.439281
v -1.578023 2.492340 -2.438642
v -1.482923 -0.491976 -2.416890
v -3.458132 2.492340 -0.157578
v -3.458126 1.855734 -0.429272
v -3.458126 0.460703 -0.429267
v -3.458099 1.855734 -1.280404
v -3.458169 1.773660 0.969840
v -3.458207 1.776851 2.223902
v -3.458099 0.460703 -1.280404
v -3.458212 -0.359989 2.223902
v -3.458169 -0.359989 0.969840
v 5.971339 4.834311 2.106337
v 5.971339 3.364784 2.106337
v 5.971339 3.364784 1.064629
v 5.971339 5.291765 1.064629
v 5.971339 4.834311 3.002925
v 5.971339 3.364784 3.002925
v 5.971339 1.772593 3.087921
v 5.971339 1.772593 1.566273
v 5.971339 0.211056 1.566273
v 5.971339 0.211056 3.087921
v 5.971339 1.776857 -0.189433
v 5.971339 -0.359989 -0.189433
v 5.971339 0.293247 -1.052498
v 5.971339 -0.359989 1.064629
v 5.971339 1.773655 1.064629
v 5.971339 3.364784 -0.189433
v 5.971339 0.293247 -1.940248
v 5.971339 1.777918 -1.940248
v 5.971339 3.364784 -1.950421
v 5.971339 3.364784 -1.053839
v 5.971339 1.777918 -1.052498
v 5.971339 4.834311 -1.950421
v 5.971339 5.291765 -0.189433
v 5.971339 4.834311 -1.053839
v 0.637443 4.834306 -3.229174
v 1.679151 3.364784 -3.229174
v 2.933213 5.291765 -3.229174
v 0.637443 3.364784 -3.229174
v 0.886699 1.772593 -3.229174
v 4.211246 4.834311 -3.229174
v 2.933213 3.364136 -3.229174
v 2.933213 1.774722 -3.229174
v 1.679151 1.773660 -3.229174
v 4.221425 1.777918 -3.229174
v 4.211246 3.364784 -3.229174
v 3.482254 2.031760 -4.031922
v 3.483594 2.031760 -3.216973
v 3.483594 1.992831 -3.216973
v -0.148289 7.464446 0.715897
v -0.974420 7.464446 0.715897
v -1.172771 6.671270 1.962762
v -1.379022 6.671270 1.962762
v 4.639253 7.464446 0.312141
v 5.465383 7.464446 0.312141
v 5.663735 6.671270 -0.934729
v 5.869986 6.671270 -0.934729
v 3.368298 1.992831 -4.194680
v 1.301405 1.992831 -4.187408
v 1.301405 2.031760 -4.187403
v 3.368298 2.031760 -4.194680
v 0.713499 8.113451 0.338323
v 0.705353 8.114614 0.690573
v 3.962157 8.113960 0.691463
v 3.970534 8.114110 0.339218
v 4.113449 8.113729 0.540541
v -2.270553 5.524262 4.782849
v 0.565784 8.116293 0.565141
v -2.270055 5.524262 1.822699
v -2.270055 5.524262 -0.680330
v 0.565033 8.115741 0.468410
v -2.270055 5.524262 -3.750012
v 1.184082 2.031760 -3.216973
v 1.833435 2.595125 -3.216973
v 1.188581 2.031760 -4.023787
v 6.703603 5.524262 -3.737720
v 4.112677 8.114298 0.481732
v 6.703099 5.524262 -0.326900
v 6.703099 5.524262 1.171559
v 4.113449 8.113729 0.540541
v 6.703099 5.524262 4.795141
v 3.482254 1.992831 -4.031922
v 2.488217 2.629088 -3.216973
v 1.184082 1.992831 -3.216973
v 2.013451 2.629088 -3.216973
v 1.188581 1.992831 -4.023792
v 2.668270 2.595248 -3.216973
v -1.528700 2.849824 1.611879
v -3.297604 3.171951 2.034785
v -1.539786 2.572156 3.925780
v -1.547331 3.204231 -0.484853
v -3.741131 2.572671 -0.176015
v -2.490378 2.749882 0.849073
v 3.482254 1.992831 -4.031922
v 3.368298 1.992831 -4.194680
v -0.987280 6.671270 1.962762
v 1.188581 1.992831 -4.023792
v -0.148289 7.464569 0.446648
v -0.987280 6.671270 -0.975642
v -1.172771 6.671270 -0.975642
v 1.301405 1.992831 -4.187408
v -0.974420 7.464569 0.446648
v -0.974420 7.498409 0.527010
v 6.366584 6.671270 2.010335
v 5.465383 7.464569 0.581385
v 5.869986 6.671270 2.003675
v -0.148289 7.498409 0.527010
v 5.465383 7.498409 0.501022
v 6.424535 6.671270 1.949553
v 6.417263 6.671270 -0.868712
v -0.148289 7.498409 0.625827
v -0.974420 7.498409 0.625827
v 5.465383 7.498409 0.402211
v 6.345143 6.671270 -0.947761
v -1.379022 6.671270 -0.975642
v -1.926299 6.671270 1.896744
v 5.663735 6.671270 2.003680
v -1.854179 6.671270 1.975798
v 4.639253 7.464569 0.581385
v -1.933577 6.671270 -0.921520
v 4.639253 7.498409 0.501022
v -1.875620 6.671270 -0.982303
v 4.639253 7.498409 0.402211
v -1.539786 2.572156 3.925780
v -3.297604 3.171951 2.034785
v -5.076146 2.572156 3.925780
v 5.478243 6.671270 2.003680
v -5.076146 2.572156 3.925780
v -5.076146 2.572156 -0.176015
v 5.478243 6.671270 -0.934729
v 3.072889 5.524262 -3.959041
v 3.970534 8.114110 0.339218
v 6.482744 5.524262 -3.958639
v 1.574424 5.524262 -3.959041
v 0.713499 8.113451 0.338323
v -2.049157 5.524262 -3.970222
v 1.360161 5.524262 5.016038
v 0.705353 8.114614 0.690573
v -2.049699 5.524262 5.004492
v 2.858615 5.524262 5.016038
v 3.962157 8.113960 0.691463
v 6.482202 5.524262 5.016038
v -3.736272 2.571641 -2.861511
v 4.112677 8.114298 0.481732
v -3.736272 2.571641 -2.861511
v -1.547331 3.204231 -0.484853
v -1.542226 2.572156 -2.860996
v 6.703603 5.524262 -3.737720
v 3.970534 8.114110 0.339218
v 4.112677 8.114298 0.481732
v 0.565033 8.115741 0.468410
v 0.565784 8.116293 0.565141
v 6.482744 5.524262 -3.958639
v 0.713499 8.113451 0.338323
v -2.049157 5.524262 -3.970222
v -2.270055 5.524262 -3.750012
v 3.962157 8.113960 0.691463
v 6.482202 5.524262 5.016038
v 6.703099 5.524262 4.795141
v 0.565033 8.115741 0.468410
v 4.113449 8.113729 0.540541
v 0.705353 8.114614 0.690573
v -2.270553 5.524262 4.782849
v -2.049699 5.524262 5.004492
v 0.565784 8.116293 0.565141
vn -1.0000 0.0005 -0.0020
vn -0.0000 -0.0000 -1.0000
vn -0.0070 -0.0000 -1.0000
vn -1.0000 0.0004 -0.0020
vn -0.9999 -0.0113 -0.0018
vn -0.0000 -1.0000 -0.0000
vn -0.0000 0.0021 -1.0000
vn 0.0002 -0.0133 -0.9999
vn 0.0002 -0.0134 -0.9999
vn -0.0000 0.0022 -1.0000
vn -0.0000 -0.0000 1.0000
vn -0.7071 -0.0000 0.7071
vn -0.8924 -0.0000 0.4512
vn -0.1156 0.1156 -0.9865
vn -0.3127 0.3126 -0.8969
vn -0.3122 -0.3126 -0.8971
vn -0.7071 -0.0000 -0.7071
vn -0.8924 -0.0000 -0.4512
vn -0.1151 -0.1154 -0.9866
vn 0.1516 -0.9281 0.3401
vn -0.0226 -0.8687 0.4947
vn 0.0993 -0.9030 0.4181
vn 0.1701 -0.9850 -0.0282
vn 0.0284 -0.9842 -0.1749
vn 0.3179 -0.5888 -0.7431
vn 0.3306 -0.9332 0.1405
vn 0.3373 -0.9324 -0.1300
vn 0.2585 -0.9561 -0.1381
vn 0.7431 -0.5892 -0.3172
vn 0.2421 -0.9605 0.1371
vn -0.0275 -0.9865 -0.1617
vn -0.3147 -0.5904 -0.7432
vn 0.0010 -0.6247 -0.7808
vn -0.0000 -0.6243 -0.7811
vn -0.0000 -0.9754 -0.2203
vn -0.0329 -0.8351 -0.5490
vn 0.1659 -0.9167 -0.3636
vn 0.1555 -0.8976 -0.4125
vn -0.7425 -0.5895 -0.3180
vn -0.3018 -0.6272 -0.7180
vn 0.0047 -0.7086 -0.7056
vn -0.1694 -0.9851 -0.0287
vn -0.1706 -0.9849 0.0280
vn -0.7432 -0.5894 0.3165
vn -0.7794 -0.6265 -0.0001
vn -0.2149 -0.9766 -0.0000
vn -0.7794 -0.6265 -0.0000
vn -0.3056 -0.6243 0.7189
vn 0.0097 -0.7102 0.7039
vn -0.3203 -0.5884 0.7424
vn -0.0294 -0.9832 0.1799
vn -0.0011 -0.6285 0.7778
vn 0.0281 -0.9857 0.1659
vn 0.0819 -0.9932 0.0827
vn 0.4974 -0.7105 0.4978
vn 0.3169 -0.5898 0.7428
vn 0.4079 -0.0571 0.9112
vn 0.3507 -0.0490 0.9352
vn 0.7003 -0.0987 0.7070
vn 0.1147 -0.9867 0.1150
vn 0.7002 -0.0989 0.7070
vn 0.1127 -0.9930 0.0355
vn -0.9136 -0.0566 0.4027
vn -0.9369 -0.0484 0.3461
vn -0.3594 -0.0503 0.9318
vn 0.1139 -0.9875 -0.1087
vn -0.4181 -0.0589 0.9065
vn 0.1127 -0.9930 -0.0347
vn 0.7075 -0.0981 -0.6999
vn 0.7075 -0.0979 -0.6999
vn 0.3551 -0.0496 -0.9335
vn -0.2912 -0.6258 -0.7236
vn 0.4129 -0.0578 -0.9090
vn -0.7193 -0.6315 -0.2896
vn -0.0023 -1.0000 -0.0010
vn -0.0019 -1.0000 -0.0020
vn -0.0026 -1.0000 -0.0005
vn -0.2947 -0.6226 0.7249
vn -1.0000 0.0013 -0.0000
vn -1.0000 0.0012 -0.0000
vn -1.0000 -0.0000 -0.0000
vn -0.7201 -0.6338 0.2823
vn 1.0000 -0.0000 -0.0000
vn -0.0019 -1.0000 0.0018
vn -0.0023 -1.0000 0.0010
vn -0.0026 -1.0000 0.0005
vn -0.0028 -1.0000 -0.0000
vn 0.0133 -0.7114 -0.7027
vn -0.0000 -1.0000 -0.0029
vn -0.0000 -1.0000 -0.0028
vn 0.0023 -1.0000 0.0010
vn 0.0019 -1.0000 0.0019
vn 0.0026 -1.0000 0.0005
vn 0.0028 -1.0000 -0.0000
vn 0.0026 -1.0000 -0.0005
vn 0.0023 -1.0000 -0.0010
vn 0.0019 -1.0000 -0.0019
vn 0.0189 -0.7132 0.7007
vn -0.7733 -0.4483 -0.4483
vn -0.7733 0.4483 -0.4483
vn -0.9638 0.1884 -0.1884
vn -0.9638 -0.1884 -0.1884
vn -0.7734 0.4483 0.4483
vn -0.7198 -0.6320 -0.2871
vn -0.3766 -0.0000 0.9264
vn -0.9310 -0.0000 0.3650
vn -0.9638 0.1884 0.1884
vn -0.0000 -0.7071 0.7071
vn 0.0137 -0.0000 0.9999
vn -0.7734 -0.4483 0.4483
vn -0.9638 -0.1884 0.1884
vn -0.0000 -0.8718 0.4898
vn -0.0000 -0.9034 0.4289
vn -0.0000 -0.9804 0.1969
vn -0.0000 -0.9840 -0.1781
vn -0.0000 -0.7071 -0.7071
vn -0.0335 -0.0000 0.9994
vn 0.0270 -0.0000 0.9996
vn -0.7734 0.4483 -0.4482
vn -0.7734 -0.4483 -0.4482
vn -0.7733 0.4483 0.4483
vn -0.8169 0.4078 -0.4078
vn -0.6190 0.5553 -0.5554
vn -0.8170 -0.4078 -0.4078
vn -0.6191 -0.5553 -0.5553
vn -0.7733 -0.4483 0.4483
vn -0.8170 -0.4077 0.4077
vn -0.6193 -0.5552 0.5552
vn -0.6192 0.5552 0.5552
vn -0.8170 0.4077 0.4077
vn -0.9145 -0.2862 0.2862
vn -0.9639 -0.1884 -0.1884
vn -0.9145 0.2862 0.2862
vn -0.9639 0.1884 -0.1884
vn -0.9160 -0.2838 -0.2836
vn -0.9160 0.2838 -0.2836
vn -0.9214 -0.2748 0.2749
vn -0.9214 0.2748 0.2749
vn -0.9229 -0.2723 -0.2723
vn -0.9048 0.3015 0.3009
vn -0.8153 0.4100 0.4089
vn -0.8139 0.4103 -0.4114
vn -0.9229 0.2724 -0.2722
vn -0.9042 0.3017 -0.3022
vn -0.8354 -0.3886 0.3888
vn -0.8144 -0.4104 -0.4104
vn -0.9044 -0.3017 -0.3017
vn -0.8354 0.3886 0.3888
vn -0.8149 -0.4099 0.4099
vn -0.9046 -0.3014 0.3013
vn -0.8385 -0.3855 -0.3852
vn -0.9866 -0.1154 -0.1151
vn -0.9865 0.1156 -0.1156
vn -0.9865 -0.1158 0.1161
vn -0.9865 0.1156 0.1156
vn -0.8969 0.3126 0.3127
vn -0.8385 0.3855 -0.3852
vn -0.8968 -0.3127 0.3132
vn -0.8971 -0.3126 -0.3122
vn -0.8969 0.3126 -0.3126
vn 0.7071 -0.0000 0.7071
vn -0.5773 -0.5773 0.5774
vn -0.5774 0.5774 0.5773
vn -0.5774 -0.5774 -0.5773
vn -0.5773 0.5774 -0.5774
vn -0.0000 1.0000 -0.0000
vn 0.5774 0.5773 -0.5773
vn 0.6629 -0.3486 0.6626
vn 0.9283 -0.3719 -0.0000
vn 0.6629 -0.3486 -0.6626
vn -0.8495 -0.3729 0.3732
vn -0.8496 0.3729 0.3731
vn -0.9778 -0.1420 -0.1539
vn -0.6698 -0.5777 -0.4665
vn -0.6698 0.5777 -0.4665
vn -0.8526 -0.3696 -0.3694
vn -0.9778 0.1420 -0.1539
vn 0.1539 -0.1420 0.9778
vn 0.4666 -0.5777 0.6698
vn -0.4665 -0.5776 0.6698
vn -0.1539 -0.1420 0.9778
vn -0.4665 0.5776 0.6698
vn -0.1539 0.1420 0.9778
vn -0.8527 0.3696 -0.3693
vn 0.4665 0.5777 0.6698
vn 0.1539 0.1420 0.9778
vn 0.2653 0.2652 0.9270
vn 0.1969 0.1969 0.9605
vn 0.1969 -0.1969 0.9605
vn 0.2653 -0.2653 0.9270
vn -0.2653 0.2652 0.9270
vn -0.1969 0.1969 0.9605
vn -0.8483 0.5294 0.0086
vn -0.9391 0.3426 0.0266
vn -0.5438 0.8391 0.0148
vn 0.1884 0.1884 0.9639
vn 0.4483 0.4483 0.7734
vn 0.4482 -0.4483 0.7734
vn -0.0133 0.8381 0.5454
vn -0.0238 0.3417 0.9395
vn -0.0077 0.5298 0.8481
vn 0.1884 -0.1884 0.9639
vn -0.1884 0.1884 0.9638
vn -0.4482 0.4483 0.7734
vn 0.1891 -0.1408 0.9718
vn 0.3623 0.2698 0.8921
vn 0.1522 0.4796 0.8642
vn -0.4482 -0.4483 0.7734
vn 0.1522 -0.4796 0.8642
vn -0.0089 -0.5599 0.8285
vn -0.0000 -0.5331 0.8461
vn -0.0077 -0.5297 0.8481
vn -0.1884 -0.1884 0.9638
vn -0.0238 -0.3417 0.9395
vn -0.2996 -0.2996 0.9058
vn -0.8484 -0.5293 0.0086
vn -0.8278 -0.5609 0.0099
vn -0.9391 -0.3426 0.0266
vn -0.2996 0.2996 0.9058
vn -0.8461 -0.5331 -0.0000
vn 0.2996 0.2996 0.9058
vn 0.2996 -0.2997 0.9058
vn -0.6698 -0.5777 0.4665
vn -0.9778 -0.1420 0.1539
vn -0.6698 0.5777 0.4665
vn -0.9778 0.1420 0.1539
vn -0.4074 0.4074 0.8173
vn -0.4075 -0.4075 0.8173
vn -0.4665 -0.5776 -0.6698
vn -0.1539 -0.1420 -0.9778
vn -0.4665 0.5776 -0.6698
vn -0.1539 0.1420 -0.9778
vn 0.4075 -0.4075 0.8173
vn 0.4665 0.5777 -0.6698
vn 0.1539 0.1420 -0.9778
vn 0.1539 -0.1420 -0.9778
vn 0.4074 0.4074 0.8173
vn 0.4666 -0.5777 -0.6698
vn -0.1236 0.1236 0.9846
vn -0.3300 0.3300 0.8844
vn 0.3300 0.3300 0.8844
vn -0.8460 0.5332 -0.0000
vn -0.4314 0.9022 -0.0000
vn -0.8483 0.5294 -0.0086
vn -0.5438 0.8391 -0.0148
vn 0.1236 0.1236 0.9846
vn -0.9391 0.3426 -0.0266
vn 0.1236 -0.1236 0.9846
vn -0.0238 0.3417 -0.9395
vn -0.0133 0.8381 -0.5454
vn -0.0077 0.5298 -0.8481
vn 0.3300 -0.3300 0.8844
vn 0.1891 -0.1408 -0.9718
vn 0.1522 -0.4795 -0.8642
vn 0.1522 0.4796 -0.8642
vn -0.3300 -0.3300 0.8844
vn -0.1236 -0.1236 0.9846
vn 0.3623 0.2698 -0.8921
vn -0.0089 -0.5599 -0.8285
vn -0.0238 -0.3417 -0.9395
vn -0.0077 -0.5297 -0.8481
vn -0.9391 -0.3426 -0.0266
vn -0.8278 -0.5609 -0.0099
vn -0.8484 -0.5293 -0.0086
vn -0.5970 0.5544 0.5799
vn -0.0207 -0.3266 0.9449
vn 0.5260 0.5502 0.6485
vn -0.2146 0.2145 0.9529
vn -0.0143 -0.6926 0.7211
vn -0.2146 -0.2145 0.9529
vn -0.5973 0.5542 0.5797
vn -0.0214 -0.3264 0.9450
vn 0.5296 0.5472 0.6481
vn 0.2146 0.2145 0.9529
vn -0.0158 -0.6903 0.7233
vn 0.2146 -0.2145 0.9529
vn -0.5969 0.5544 0.5800
vn -0.0206 -0.3267 0.9449
vn 0.5305 0.5465 0.6480
vn -0.2895 -0.2896 0.9123
vn -0.0141 -0.6890 0.7247
vn -0.2895 0.2896 0.9123
vn -0.0037 -0.9880 0.1547
vn 0.2895 -0.2896 0.9123
vn -0.0004 -0.9933 0.1152
vn 0.2895 0.2896 0.9123
vn 0.9911 0.0254 0.1309
vn 0.9911 0.0255 0.1309
vn 0.4271 0.8980 0.1055
vn -0.4483 -0.4483 0.7734
vn -0.4483 0.4483 0.7734
vn -0.0357 0.9973 0.0641
vn 0.1884 0.1884 0.9638
vn -0.0056 -0.9884 0.1517
vn 0.1884 -0.1884 0.9638
vn -0.0025 -0.9934 0.1151
vn 0.9913 0.0136 0.1307
vn 0.9913 0.0136 0.1308
vn 0.4289 0.8971 0.1059
vn 0.2996 -0.2996 0.9058
vn -0.0204 -0.3269 0.9449
vn -0.0026 -0.9877 0.1563
vn -0.0137 -0.6864 0.7271
vn 0.0008 -0.9933 0.1153
vn 0.9914 0.0005 0.1308
vn 0.4310 0.8961 0.1065
vn 0.5334 0.5439 0.6478
vn 0.9914 0.0006 0.1306
vn 0.4075 0.4075 0.8173
vn -0.5968 0.5544 0.5800
vn -0.4075 0.4075 0.8173
vn 0.1156 0.1156 -0.9865
vn 0.3127 0.3127 -0.8969
vn -0.0033 -0.9879 0.1552
vn 0.1161 -0.1158 -0.9865
vn -0.0000 -0.9933 0.1152
vn 0.3131 -0.3127 -0.8967
vn 0.9914 0.0105 0.1308
vn 0.4294 0.8969 0.1059
vn 0.4375 0.4290 -0.7903
vn 0.4215 -0.4215 -0.8029
vn 0.3097 -0.3097 -0.8990
vn 0.9913 0.0105 0.1308
vn 0.3070 0.3308 -0.8924
vn -0.4223 0.4217 -0.8024
vn -0.3098 0.3103 -0.8987
vn -0.3097 -0.3098 -0.8990
vn -0.4216 -0.4215 -0.8029
vn -0.0356 0.9973 0.0640
vn -0.2653 0.2653 -0.9270
vn -0.1969 0.1969 -0.9605
vn -0.1969 -0.1969 -0.9605
vn -0.2653 -0.2653 -0.9270
vn 0.2653 0.2653 -0.9270
vn 0.1969 0.1969 -0.9604
vn 0.2653 -0.2653 -0.9270
vn 0.1969 -0.1969 -0.9604
vn -0.0204 -0.3269 0.9448
vn -0.0025 -0.9877 0.1563
vn -0.0136 -0.6863 0.7272
vn -0.1884 -0.1884 -0.9638
vn -0.1884 0.1884 -0.9638
vn -0.4483 0.4483 -0.7733
vn 0.0009 -0.9933 0.1152
vn -0.4483 -0.4483 -0.7733
vn 0.9914 -0.0000 0.1309
vn 0.5335 0.5438 0.6478
vn 0.1884 0.1884 -0.9638
vn 0.4483 0.4483 -0.7733
vn -0.5967 0.5545 0.5801
vn 0.1884 -0.1884 -0.9638
vn 0.4483 -0.4483 -0.7733
vn -0.8555 -0.5179 -0.0000
vn -0.5968 0.5545 -0.5800
vn -0.8553 -0.5181 -0.0000
vn -0.6455 -0.7637 -0.0000
vn -0.6456 -0.7637 -0.0000
vn -0.0207 -0.3266 -0.9449
vn -0.5970 0.5544 -0.5799
vn 0.5260 0.5502 -0.6485
vn 0.2996 -0.2996 -0.9058
vn -0.0143 -0.6926 -0.7211
vn 0.2996 0.2996 -0.9058
vn -0.0214 -0.3263 -0.9450
vn -0.5973 0.5543 -0.5797
vn 0.5295 0.5472 -0.6482
vn -0.2996 -0.2996 -0.9058
vn -0.0158 -0.6903 -0.7233
vn -0.2996 0.2996 -0.9058
vn -0.0206 -0.3268 -0.9449
vn -0.5969 0.5544 -0.5800
vn 0.5305 0.5465 -0.6480
vn 0.4074 -0.4074 -0.8173
vn -0.0141 -0.6890 -0.7247
vn -0.6455 -0.7638 -0.0000
vn 0.4074 0.4074 -0.8173
vn -0.0136 -0.6863 -0.7272
vn -0.0204 -0.3269 -0.9448
vn -0.5967 0.5545 -0.5801
vn -0.4075 0.4075 -0.8173
vn -0.4075 -0.4075 -0.8173
vn 0.5335 0.5438 -0.6478
vn -0.0037 -0.9880 -0.1547
vn 0.3301 0.3300 -0.8844
vn -0.3300 0.3300 -0.8844
vn -0.1236 0.1236 -0.9846
vn -0.0004 -0.9933 -0.1152
vn 0.1236 0.1236 -0.9846
vn 0.9911 0.0254 -0.1309
vn 0.4271 0.8980 -0.1055
vn -0.1236 -0.1236 -0.9846
vn 0.9911 0.0255 -0.1309
vn -0.3301 -0.3300 -0.8844
vn -0.0357 0.9973 -0.0641
vn 0.3300 -0.3300 -0.8844
vn 0.1236 -0.1236 -0.9846
vn -0.0055 -0.9884 -0.1517
vn -0.0025 -0.9934 -0.1151
vn 0.9913 0.0135 -0.1309
vn 0.4290 0.8971 -0.1059
vn 0.2146 0.2146 -0.9528
vn 0.9913 0.0134 -0.1309
vn 0.2145 -0.2146 -0.9529
vn -0.2146 0.2145 -0.9529
vn -0.2146 -0.2145 -0.9529
vn -0.0137 -0.6863 -0.7272
vn -0.0026 -0.9877 -0.1563
vn -0.0204 -0.3268 -0.9449
vn 0.2895 -0.2895 -0.9123
vn 0.0008 -0.9933 -0.1153
vn 0.2896 0.2896 -0.9123
vn 0.4309 0.8961 -0.1064
vn 0.9914 0.0004 -0.1307
vn 0.5335 0.5439 -0.6478
vn -0.2895 -0.2896 -0.9123
vn 0.9914 0.0004 -0.1306
vn -0.2896 0.2896 -0.9123
vn 0.4483 -0.4483 -0.7734
vn -0.0033 -0.9879 -0.1552
vn -0.4483 0.4483 -0.7734
vn -0.0000 -0.9933 -0.1152
vn 0.4295 0.8969 -0.1059
vn 0.9914 0.0105 -0.1308
vn -0.4483 -0.4483 -0.7734
vn 0.9913 0.0105 -0.1309
vn -0.0356 0.9973 -0.0640
vn -0.0025 -0.9877 -0.1562
vn 0.0009 -0.9933 -0.1152
vn 0.4310 0.8960 -0.1065
vn 0.9914 -0.0000 -0.1309
vn 0.2996 0.2995 -0.9058
vn -0.4074 -0.4074 -0.8173
vn -0.8551 -0.5185 -0.0000
vn -0.8554 -0.5180 -0.0000
vn -0.8555 -0.5178 -0.0000
vn -0.6164 -0.0000 0.7874
vn -0.6164 -0.0000 -0.7874
vn 0.8105 -0.0000 0.5857
vn 0.7071 -0.0000 -0.7071
vn -0.5912 -0.0000 -0.8065
vn 0.8438 -0.0000 -0.5366
vn -0.4074 0.4074 -0.8173
vn -0.7724 0.2406 0.5878
vn 0.2447 0.7857 0.5682
vn 0.3634 -0.5588 -0.7455
vn 0.5451 -0.8383 -0.0000
vn 0.4089 -0.6289 -0.6613
vn 0.4074 0.4074 -0.8174
vn -0.7724 0.2406 -0.5878
vn 0.8971 -0.3126 0.3122
vn 0.8969 0.3127 0.3127
vn 0.9865 0.1156 0.1156
vn 0.2446 0.7857 -0.5682
vn -0.7725 0.2405 0.5878
vn -0.5774 0.5774 -0.5773
vn -0.7071 -0.7071 -0.0000
vn -0.7071 0.7071 -0.0000
vn -0.5773 -0.5773 -0.5774
vn -0.5773 0.5774 0.5774
vn 0.5773 -0.5773 0.5774
vn 0.5774 0.5773 0.5773
vn -0.5774 -0.5774 0.5773
vn -0.0000 -0.3709 -0.9287
vn -0.0000 -0.3708 -0.9287
vn -0.9282 -0.3720 -0.0000
vn -0.9283 -0.3719 -0.0000
vn -0.0000 -0.3709 0.9287
vn 0.9866 -0.1154 0.1151
vn -0.5788 0.5560 -0.5966
vn -0.9295 -0.3681 -0.0242
vn -0.6400 0.5553 0.5311
vn 0.8969 0.3127 -0.3127
vn 0.8968 -0.3127 -0.3131
vn 0.9865 -0.1158 -0.1161
vn -0.7190 -0.6948 -0.0171
vn 0.9865 0.1156 -0.1156
vn -0.5785 0.5559 -0.5969
vn -0.9296 -0.3678 -0.0249
vn -0.6397 0.5522 0.5346
vn 0.8988 0.3098 0.3102
vn 0.8989 -0.3098 0.3097
vn 0.8989 -0.3098 -0.3098
vn 0.8991 0.3098 -0.3093
vn -0.7211 -0.6925 -0.0187
vn 0.9846 0.1236 0.1236
vn 0.8844 0.3300 0.3300
vn 0.8844 0.3300 -0.3300
vn -0.5788 0.5560 -0.5965
vn -0.9295 -0.3682 -0.0240
vn -0.6395 0.5516 0.5356
vn 0.9846 0.1236 -0.1236
vn -0.7226 -0.6910 -0.0170
vn 0.9846 -0.1236 -0.1236
vn -0.1308 -0.9914 -0.0037
vn 0.8844 -0.3300 -0.3300
vn -0.0975 -0.9952 -0.0004
vn 0.8844 -0.3300 0.3301
vn 0.9846 -0.1236 0.1236
vn -0.1107 0.0254 0.9935
vn -0.1107 0.0255 0.9935
vn -0.0897 0.8983 0.4301
vn -0.0525 0.9979 -0.0368
vn 0.9605 0.1969 -0.1969
vn 0.9868 -0.1144 0.1144
vn 0.9868 0.1144 0.1144
vn 0.9604 0.1969 0.1969
vn 0.9868 -0.1144 -0.1144
vn 0.9868 0.1144 -0.1144
vn 0.9604 -0.1969 0.1969
vn 0.9605 -0.1969 -0.1969
vn 0.9529 0.2145 0.2145
vn -0.1281 -0.9917 -0.0055
vn 0.9529 -0.2145 0.2146
vn -0.0974 -0.9952 -0.0026
vn 0.9529 0.2145 -0.2146
vn -0.1107 0.0135 0.9938
vn -0.0901 0.8974 0.4320
vn 0.9529 -0.2145 -0.2145
vn 0.9123 0.2895 0.2895
vn 0.9123 -0.2895 0.2896
vn 0.9123 -0.2895 -0.2895
vn -0.9294 -0.3683 -0.0238
vn -0.1320 -0.9913 -0.0026
vn -0.7251 -0.6885 -0.0165
vn 0.9123 0.2895 -0.2896
vn -0.0976 -0.9952 0.0007
vn 0.7733 -0.4483 0.4483
vn 0.7734 0.4483 0.4483
vn 0.9638 0.1884 0.1884
vn -0.1107 0.0003 0.9939
vn -0.0904 0.8963 0.4341
vn -0.6392 0.5489 0.5386
vn 0.9638 -0.1884 0.1884
vn -0.1108 0.0002 0.9938
vn 0.7733 0.4483 -0.4483
vn 0.9638 0.1884 -0.1884
vn -0.5789 0.5561 -0.5963
vn 0.7733 -0.4483 -0.4483
vn 0.9638 -0.1884 -0.1884
vn -0.1313 -0.9913 -0.0033
vn -0.0975 -0.9952 -0.0000
vn -0.1107 0.0104 0.9938
vn -0.0902 0.8971 0.4325
vn 0.7733 0.4483 0.4483
vn 0.7734 0.4483 -0.4483
vn -0.9294 -0.3683 -0.0237
vn -0.1324 -0.9912 -0.0025
vn -0.7251 -0.6884 -0.0165
vn -0.0975 -0.9952 0.0009
vn 0.7734 -0.4483 -0.4483
vn -0.1108 -0.0000 0.9938
vn -0.0906 0.8963 0.4341
vn -0.6393 0.5488 0.5386
vn -0.0526 0.9979 -0.0369
vn 0.0906 0.8963 0.4341
vn 0.0526 0.9979 -0.0369
vn 0.0902 0.8971 0.4325
vn 0.0525 0.9979 -0.0368
vn -0.0000 -0.4900 -0.8717
vn -0.0000 -0.7737 -0.6336
vn 0.9058 -0.2996 -0.2996
vn 0.9295 -0.3681 -0.0241
vn 0.5788 0.5560 -0.5966
vn 0.6400 0.5553 0.5311
vn 0.9058 0.2996 -0.2996
vn 0.7190 -0.6948 -0.0171
vn 0.9058 -0.2996 0.2996
vn 0.9296 -0.3678 -0.0249
vn 0.5786 0.5559 -0.5969
vn 0.6396 0.5523 0.5346
vn 0.9058 0.2996 0.2996
vn 0.7212 -0.6925 -0.0187
vn 0.9295 -0.3682 -0.0240
vn 0.5788 0.5560 -0.5965
vn 0.6395 0.5515 0.5355
vn 0.7226 -0.6911 -0.0170
vn -0.0000 -0.7738 -0.6334
vn -0.0000 -0.7737 -0.6335
vn 0.7251 -0.6885 -0.0164
vn 0.9294 -0.3684 -0.0237
vn 0.5790 0.5561 -0.5963
vn 0.6393 0.5488 0.5386
vn 0.8173 -0.4074 -0.4074
vn 0.1308 -0.9914 -0.0037
vn 0.8173 0.4074 -0.4074
vn 0.0975 -0.9952 -0.0004
vn 0.8173 -0.4074 0.4074
vn 0.1107 0.0254 0.9935
vn 0.0897 0.8983 0.4301
vn 0.8173 0.4074 0.4074
vn 0.1107 0.0255 0.9935
vn 0.1281 -0.9917 -0.0055
vn -0.0189 -0.7132 -0.7007
vn -0.0270 -0.0000 -0.9996
vn 0.0335 -0.0000 -0.9994
vn -0.0133 -0.7114 0.7027
vn 0.0974 -0.9952 -0.0026
vn -0.0097 -0.7102 -0.7039
vn -0.3306 -0.9332 -0.1405
vn -0.0993 -0.9030 -0.4180
vn -0.0000 -0.9034 -0.4289
vn -0.0000 -0.9804 -0.1969
vn 0.1107 0.0135 0.9938
vn 0.0901 0.8974 0.4320
vn -0.0000 -0.9033 0.4290
vn -0.0000 -0.8407 0.5415
vn -0.1554 -0.8976 0.4125
vn 0.0329 -0.8351 0.5490
vn -0.3373 -0.9324 0.1300
vn -0.0000 -0.9840 0.1781
vn 0.0226 -0.8687 -0.4947
vn -0.0000 -0.8718 -0.4898
vn -0.0137 -0.0000 -0.9999
vn 0.7201 -0.6338 -0.2823
vn 0.2946 -0.6226 -0.7249
vn 0.3765 -0.0000 -0.9264
vn 0.9310 -0.0000 -0.3650
vn -0.9264 -0.0000 -0.3765
vn -0.3567 -0.0000 -0.9342
vn -0.9264 -0.0000 -0.3764
vn 0.3018 -0.6272 0.7180
vn 0.7251 -0.6885 -0.0165
vn 0.1320 -0.9913 -0.0026
vn 0.9294 -0.3683 -0.0238
vn 0.7198 -0.6320 0.2871
vn 0.0976 -0.9952 0.0007
vn 0.0904 0.8963 0.4341
vn 0.1107 0.0003 0.9939
vn 0.6392 0.5489 0.5386
vn 0.1108 0.0002 0.9938
vn 0.2912 -0.6258 0.7236
vn 0.5789 0.5561 -0.5963
vn 0.1313 -0.9913 -0.0033
vn 0.0975 -0.9952 -0.0000
vn 0.1107 0.0104 0.9938
vn 0.7193 -0.6315 0.2895
vn -0.1660 -0.9166 0.3637
vn -0.1141 -0.9875 0.1088
vn -0.2585 -0.9561 0.1381
vn -0.1128 -0.9930 0.0348
vn -0.1147 -0.9867 -0.1149
vn -0.1516 -0.9281 -0.3401
vn -0.2420 -0.9605 -0.1371
vn 0.1324 -0.9912 -0.0025
vn -0.1126 -0.9930 -0.0354
vn 0.0975 -0.9952 0.0009
vn 0.1108 -0.0000 0.9938
vn -0.0000 -0.4904 -0.8715
vn -0.0000 -0.4895 -0.8720
vn -0.0000 -0.7736 -0.6336
vn -0.0000 -0.4896 -0.8720
vn 0.3056 -0.6243 -0.7189
vn -0.4105 -0.8981 0.1578
vn -0.5750 -0.8180 -0.0146
vn -0.2681 -0.8984 0.3479
vn -0.0413 -0.8424 0.5373
vn 0.0471 -0.8391 0.5419
vn 0.1601 -0.9595 0.2319
vn -0.0047 -0.7085 0.7057
vn -0.0000 -1.0000 0.0002
vn -0.1546 -0.9635 0.2185
vn 0.6672 -0.7447 -0.0131
vn 0.4644 -0.8665 0.1831
vn 0.3074 -0.8793 0.3638
vn 0.7075 -0.7067 -0.0012
vn 0.9661 -0.2580 -0.0016
vn 0.8924 -0.0000 0.4512
vn 0.6629 -0.3487 -0.6626
vn -0.0000 -0.2537 -0.9673
vn -0.9669 -0.2551 -0.0000
vn -0.6629 -0.3487 0.6626
vn -0.0000 -0.3708 0.9287
vn -0.6629 -0.3486 0.6626
vn -0.9870 -0.0000 -0.1607
vn -1.0000 -0.0000 -0.0008
vn 0.7076 -0.0000 -0.7066
vn 0.1615 -0.0000 -0.9869
vn -0.9871 -0.0000 0.1598
vn -0.7076 -0.0000 0.7066
vn -0.1589 -0.0000 -0.9873
vn -0.7066 -0.0000 -0.7076
vn 0.1589 -0.0000 0.9873
vn 0.7066 -0.0000 0.7076
vn 0.9871 -0.0000 -0.1600
vn -0.1614 -0.0000 0.9869
vn -0.1615 -0.0000 0.9869
vn -1.0000 -0.0000 -0.0004
vn -0.0000 0.9022 0.4314
vn -0.0000 0.5332 0.8460
vn -0.0000 0.0080 -1.0000
vn -0.0000 0.2613 -0.9653
vn -0.0000 0.0079 -1.0000
vn -0.9412 0.3378 -0.0000
vn -0.9999 0.0115 -0.0000
vn -0.0000 0.2613 0.9653
vn -0.0000 0.0080 1.0000
vn -0.0000 0.0079 1.0000
vn 0.9412 0.3379 -0.0000
vn 0.6778 0.3193 0.6623
vn 0.9615 0.2750 -0.0000
vn -0.0000 0.1862 -0.9825
vn -0.6778 0.3193 -0.6623
vn -0.6778 0.3193 0.6623
vn -0.4715 0.7180 -0.5119
vn -0.9467 0.3220 -0.0000
vn -0.9467 0.3221 -0.0000
vn -0.4715 0.7180 0.5119
vn 0.4715 0.7181 0.5119
vn -0.0000 0.2294 0.9733
vn 0.4715 0.7181 -0.5119
vn 0.9467 0.3221 -0.0000
vn -0.0000 0.2294 -0.9733
vn 0.6648 0.5596 0.4948
vn 0.6648 -0.5596 0.4948
vn 0.6648 -0.5596 -0.4948
vn 0.6648 0.5596 -0.4948
vn -0.5773 -0.5774 -0.5774
vn 0.9871 -0.0000 0.1604
vn 0.8989 0.3099 0.3099
vn 0.8989 -0.3099 0.3099
vn 0.8988 -0.3099 -0.3099
vn 0.8989 0.3099 -0.3099
vn 0.5773 0.5774 -0.5774
vn -0.0000 0.7071 -0.7071
vn -0.8568 -0.5156 -0.0000
vn -0.8568 0.5156 -0.0000
vn -0.0436 -0.9926 0.1129
vn -0.1692 -0.9788 0.1158
vn 0.8924 -0.0000 -0.4512
vn 0.9370 0.2359 0.2578
vn 0.9369 0.2359 -0.2579
vn 0.9369 -0.2359 0.2579
vn 0.9370 -0.2359 -0.2578
vn 0.9370 0.2359 -0.2578
vn 0.9370 -0.2359 0.2578
vn 0.9369 0.2359 0.2579
vn 0.3875 -0.0000 0.9219
vn -0.0067 0.0001 1.0000
vn 0.7205 -0.6343 -0.2803
vn 0.9319 -0.0000 -0.3626
vn 0.9289 -0.0000 0.3704
vn 0.3912 -0.0000 -0.9203
vn -0.9301 -0.0000 0.3674
vn -0.3593 -0.0000 0.9332
vn 0.0429 -0.0000 0.9991
vn 0.9277 -0.0000 0.3734
vn 0.3733 -0.0000 0.9277
vn -0.0189 -0.0000 0.9998
vn -0.0000 -0.7070 0.7072
vn 0.5774 -0.5773 -0.5774
vn 0.5774 0.5773 -0.5774
vn 0.9270 -0.2653 -0.2653
vn 0.9270 0.2653 -0.2653
vn 0.9270 0.2653 0.2653
vn 0.9270 -0.2653 0.2653
vn 0.8034 0.4217 -0.4205
vn 0.8023 0.4214 0.4227
vn 0.8029 -0.4215 0.4216
vn 0.8028 -0.4216 -0.4216
vn -0.1679 0.1710 -0.9709
vn 0.1679 0.1711 -0.9709
vn 0.1679 -0.1710 -0.9709
vn 0.1679 -0.1711 -0.9708
vn -0.1679 -0.1711 -0.9709
vn -0.1679 -0.1710 -0.9709
vn -0.1679 0.1711 -0.9709
vn 0.1679 0.1710 -0.9709
vn -0.1678 0.1710 -0.9709
vn -0.4269 0.4088 -0.8066
vn -0.4269 -0.4088 -0.8066
vn 0.4269 -0.4088 -0.8066
vn 0.4269 0.4088 -0.8066
vn 0.4269 -0.4089 -0.8066
vn -0.4268 0.4088 -0.8066
vn -0.4268 -0.4088 -0.8066
vn -0.4269 0.4088 -0.8067
vn -0.1969 -0.1969 0.9605
vn -0.2653 -0.2653 0.9270
vn 0.1679 0.1711 0.9708
vn -0.1679 0.1711 0.9708
vn -0.1679 -0.1711 0.9708
vn 0.1679 -0.1710 0.9709
vn -0.1679 -0.1710 0.9709
vn 0.1679 0.1710 0.9709
vn -0.1679 0.1711 0.9709
vn 0.1679 0.1711 0.9709
vn 0.1679 -0.1711 0.9708
vn 0.4269 0.4089 0.8066
vn 0.4269 -0.4088 0.8066
vn -0.4269 -0.4089 0.8066
vn 0.4269 -0.4089 0.8066
vn -0.4269 0.4088 0.8066
vn -0.4270 -0.4089 0.8066
vn -0.4270 0.4089 0.8066
vn 0.4269 0.4088 0.8066
vn 0.4270 -0.4089 0.8066
vn -0.4270 0.4088 0.8066
vn 0.4270 0.4088 0.8066
vn -0.0000 -1.0000 0.0028
vn -0.3460 -0.0498 -0.9369
vn -0.4028 -0.0578 -0.9135
vn -0.6929 -0.0982 -0.7143
vn 0.9239 -0.0000 -0.3825
vn 1.0000 -0.0000 0.0001
vn 0.7794 -0.6265 -0.0000
vn 0.9523 -0.3052 -0.0000
vn 0.0015 -0.0000 -1.0000
vn 0.0001 -0.0000 -1.0000
vn 0.3828 -0.0000 -0.9238
vn -0.3805 -0.0000 -0.9248
vn -0.0017 -0.0000 1.0000
vn -0.3851 -0.0000 0.9229
vn 0.0443 -0.9926 0.1132
vn 0.1722 -0.9782 0.1160
vn -0.0000 -0.6289 0.7775
vn 0.3827 -0.0000 0.9239
vn -0.9243 -0.0000 0.3818
vn -1.0000 -0.0000 -0.0001
vn -0.9236 -0.0000 -0.3834
vn 0.2149 -0.9766 -0.0000
vn -0.0000 -0.9779 0.2089
vn 0.0076 0.0010 1.0000
vn -0.6648 0.5596 -0.4948
vn -0.6648 -0.5597 -0.4948
vn -0.6648 -0.5597 0.4948
vn -0.6648 0.5596 0.4948
vn 0.7046 -0.7095 0.0076
vn -0.9370 0.2358 -0.2578
vn -0.9369 0.2359 0.2579
vn -0.9369 -0.2359 -0.2579
vn -0.9369 -0.2359 0.2579
vn -0.9370 0.2359 0.2578
vn -0.9370 0.2359 -0.2578
vn -0.9370 -0.2359 -0.2579
vn -0.9370 0.2359 -0.2579
vn -0.3875 -0.0000 -0.9219
vn 0.0067 -0.0000 -1.0000
vn -0.7205 -0.6343 0.2803
vn -0.9319 -0.0000 0.3626
vn -0.9288 -0.0000 -0.3705
vn -0.3912 -0.0000 0.9203
vn 0.3567 -0.0000 0.9342
vn 0.9265 -0.0000 0.3764
vn 0.9264 -0.0000 0.3765
vn 0.9301 -0.0000 -0.3674
vn 0.3593 -0.0000 -0.9332
vn -0.0430 -0.0000 -0.9991
vn -0.9277 -0.0000 -0.3734
vn -0.3733 -0.0000 -0.9277
vn 0.0189 -0.0000 -0.9998
vn -0.0000 -0.8407 -0.5415
vn -0.0000 -0.9033 -0.4290
vn 0.7071 -0.7071 -0.0000
vn 0.5773 -0.5773 -0.5774
vn -0.4683 0.8836 -0.0000
vn 0.7307 -0.6445 -0.2250
vn -0.7302 -0.6456 -0.2236
vn -0.7056 -0.7086 0.0046
vn -0.4683 -0.8836 -0.0000
vn 0.6870 -0.5447 -0.4810
vn 0.4887 -0.8025 -0.3422
vn -0.0000 -0.5331 -0.8461
vn -0.0000 0.5332 -0.8460
vn -0.4911 -0.8026 -0.3386
vn -0.6907 -0.5441 -0.4763
vn -0.0000 0.9022 -0.4314
vn 0.9585 -0.0000 0.2850
vn 0.4689 -0.0000 0.8832
vn 0.3635 -0.6160 -0.6989
vn 0.4614 -0.0000 -0.8872
vn 0.9557 -0.0000 -0.2943
vn 0.9052 -0.4249 -0.0000
vn 0.9053 -0.4249 -0.0000
vn -0.0000 -0.3456 -0.9384
vn -0.5912 -0.0000 0.8065
vn -0.9248 -0.3806 -0.0000
vn 0.9247 0.3806 -0.0000
vn -0.7724 0.2405 -0.5878
vn -0.9247 -0.3807 -0.0000
vn -0.0000 0.7071 0.7071
vn 0.5773 0.5774 0.5774
vn 0.6629 -0.3487 0.6626
vn -0.6629 -0.3486 -0.6626
vn -0.0000 -0.2537 0.9673
vn 0.6628 -0.3487 0.6626
vn 0.6628 -0.3487 -0.6626
vn -0.6629 -0.3487 -0.6626
vn -1.0000 0.0001 -0.0001
vn -0.0000 -0.4897 -0.8719
vn -0.0000 -0.4898 -0.8718
vn -0.0028 -0.5933 -0.8050
vn -0.0029 -0.5937 -0.8047
vn -0.7084 -0.7058 -0.0040
vn -0.9645 -0.2639 -0.0055
vn -0.3685 -0.6159 -0.6963
vn -0.9997 -0.0000 -0.0245
vn -0.9581 -0.0000 0.2864
vn -0.4626 -0.0000 0.8865
vn 0.9998 -0.0000 -0.0201
vn -1.0000 -0.0000 0.0066
vn -0.9562 -0.0000 -0.2928
vn -0.4677 -0.0000 -0.8839
vn 0.9999 -0.0000 0.0107
vn -0.9053 -0.4248 -0.0000
vn -0.0000 -0.3455 0.9384
vn 0.9511 -0.3087 -0.0000
vn 0.9099 -0.4148 -0.0000
vn 0.9099 -0.4149 -0.0000
vn -0.0000 -0.2080 -0.9781
vn -0.0000 -0.3367 -0.9416
vn -0.9512 -0.3087 -0.0000
vn -0.9099 -0.4149 -0.0000
vn -0.9099 -0.4148 -0.0000
vn -0.0000 -0.2080 0.9781
vn -0.0000 -0.3368 0.9416
vn 0.6751 -0.3410 0.6541
vn 0.9554 -0.2952 -0.0000
vn -0.6751 -0.3410 -0.6541
vn -0.0000 -0.1984 -0.9801
vn -0.6751 -0.3410 0.6541
vn 0.9999 0.0115 -0.0000
vn -1.0000 -0.0000 0.0004
vn -1.0000 0.0005 0.0001
vn -0.0065 -0.3159 0.9488
vn -0.0035 -0.7560 0.6545
vn -0.0007 -0.4480 0.8940
vn -0.0000 -1.0000 -0.0001
vn -0.0002 -0.9999 -0.0105
vn -0.0002 -0.9999 -0.0106
vn 0.0015 -0.8059 -0.5920
vn 0.0062 -0.3144 -0.9493
vn 0.0005 -0.4468 -0.8947
vn 0.0131 -0.9999 -0.0000
vn -0.0148 -0.9999 -0.0004
vn -0.0146 -0.9999 -0.0004
vn -1.0000 0.0095 -0.0029
vn -0.9996 0.0296 -0.0002
vn 0.0133 -0.9999 -0.0000
vn -0.9998 -0.0207 0.0015
vn -1.0000 -0.0009 -0.0004
vn -1.0000 -0.0049 -0.0023
vn -0.0010 -0.9996 0.0298
vn -0.0016 -1.0000 0.0025
vn -0.0016 -1.0000 0.0023
vn -0.0010 -0.9995 0.0301
vn -0.0004 -1.0000 -0.0009
vn -0.0004 -1.0000 -0.0008
vn -0.0005 -1.0000 -0.0000
vn -0.9999 -0.0108 0.0015
vn -1.0000 -0.0000 0.0003
vn -0.9573 -0.2891 -0.0041
vn -0.0119 -0.0000 0.9999
vn -0.0052 0.0127 0.9999
vn -0.0088 0.0049 0.9999
vn -0.0079 -0.0000 1.0000
vn -0.0057 -0.0071 1.0000
vn -0.0005 -0.3381 0.9411
vn -0.0004 -0.0000 1.0000
vn -0.7073 -0.0000 0.7070
vn -0.0016 -0.0039 1.0000
vn -0.6563 -0.3730 0.6558
vn -0.8915 -0.4525 -0.0190
vn -0.9943 -0.0502 -0.0939
vn -0.9972 -0.0539 -0.0525
vn -0.0018 0.0063 1.0000
vn -0.0004 0.0010 1.0000
vn -0.9288 -0.3706 0.0055
vn -0.9811 -0.1883 -0.0445
vn 0.0066 0.0052 -1.0000
vn -0.7543 -0.6565 -0.0000
vn -0.7539 -0.6570 0.0002
vn -0.9364 -0.3509 0.0001
vn -0.7429 -0.6694 -0.0000
vn -0.6807 -0.3299 -0.6541
vn 0.0002 -0.0010 -1.0000
vn 0.0048 -0.0071 -1.0000
vn 0.0067 -0.0028 -1.0000
vn 0.0047 -0.6550 0.7556
vn -0.9420 -0.3357 -0.0002
vn -0.8853 -0.4651 0.0013
vn -0.0006 -0.5612 0.8277
vn 0.7074 -0.0000 -0.7068
vn 0.0002 0.0004 -1.0000
vn 0.7073 -0.0000 -0.7069
vn 0.0003 -0.0000 -1.0000
vn 0.7074 0.0001 -0.7068
vn 0.0001 -0.0001 -1.0000
vn 0.6376 -0.4332 -0.6370
vn -0.0000 -0.4470 -0.8945
vn -0.0000 -0.0001 -1.0000
vn -0.6978 -0.7162 -0.0095
vn 0.0109 -0.0000 -0.9999
vn 0.0073 -0.0003 -1.0000
vn 0.0083 -0.0006 -1.0000
vn 0.0048 -0.0005 -1.0000
vn -0.7894 -0.6138 0.0104
vn 0.6371 -0.4336 0.6372
vn -0.0000 -0.4478 0.8941
vn -0.9998 0.0185 0.0004
vn -0.9999 -0.0154 0.0004
vn 0.0003 -0.4495 -0.8933
vn -0.0011 -0.2353 -0.9719
vn 0.5997 -0.8002 -0.0000
vn 0.8944 -0.4473 -0.0000
vn 0.5998 -0.8002 -0.0000
vn 0.5998 -0.8002 0.0001
vn 0.8944 -0.4473 0.0001
vn 0.5998 -0.8001 0.0002
vn -0.0021 -0.3817 -0.9243
vn -0.0000 -0.7997 -0.6005
vn -0.0000 -0.7997 -0.6004
vn 0.0006 -0.7996 -0.6005
vn -0.5769 -0.8168 -0.0012
vn -0.0000 -0.8008 0.5989
vn -0.0005 -0.8009 0.5989
vn -0.5704 -0.8213 -0.0011
vn -0.7070 -0.0000 -0.7072
vn -0.6601 -0.7505 -0.0317
vn -1.0000 0.0001 -0.0000
vn 1.0000 0.0005 0.0004
vn 1.0000 -0.0000 0.0002
vn 1.0000 -0.0003 0.0002
vn 0.0001 0.0002 -1.0000
vn 0.8337 0.4753 -0.2811
vn 0.8857 0.4643 -0.0015
vn 0.7074 -0.7068 -0.0012
vn -0.0000 0.9034 0.4289
vn -0.1353 0.9000 0.4143
vn -0.0000 0.8437 0.5367
vn 0.0087 0.8424 0.5387
vn -0.0000 0.9034 -0.4289
vn 0.1353 0.9000 -0.4143
vn -0.0000 0.8438 -0.5367
vn -0.0087 0.8424 -0.5387
vn -0.0029 -0.5933 -0.8050
vn -0.0028 -0.5937 -0.8047
vn -0.4170 0.4601 -0.7839
vn 0.4135 0.4712 -0.7791
vn 0.0045 1.0000 -0.0030
vn 0.0052 1.0000 -0.0035
vn 0.0005 1.0000 0.0003
vn -0.0004 1.0000 0.0011
vn -0.0014 1.0000 0.0029
vn -0.6747 0.7381 -0.0001
vn -0.6748 0.7380 0.0005
vn -0.6747 0.7381 -0.0000
vn -0.6749 0.7379 0.0008
vn -0.9100 0.4146 -0.0051
vn -0.3155 0.8916 -0.3248
vn -0.8451 0.4498 -0.2888
vn 0.7071 0.7071 0.0001
vn 0.7072 0.7070 -0.0014
vn 0.7071 0.7072 0.0001
vn 0.7071 0.7071 -0.0000
vn 0.7073 0.7069 -0.0018
vn 0.0453 0.8697 -0.4915
vn -0.7083 -0.7059 -0.0040
vn -0.0510 0.8668 -0.4961
vn -0.9645 -0.2639 -0.0054
vn 0.2771 0.9094 -0.3103
vn 0.0549 0.9983 0.0201
vn -0.0371 0.9952 -0.0908
vn 0.2051 0.9717 0.1176
vn -0.2578 0.9618 0.0919
vn -0.1186 0.9861 -0.1162
vn -0.0725 0.9954 -0.0618
vn -0.4910 -0.8026 -0.3387
vn -0.0000 0.9031 -0.4294
vn -0.0000 0.8733 -0.4871
vn -0.6907 -0.5442 -0.4763
vn -0.0867 0.9035 -0.4197
vn -0.3000 0.9431 -0.1432
vn 0.1771 0.9036 0.3900
vn 0.0867 0.9035 0.4197
vn -0.0038 0.8729 0.4879
vn -0.0000 0.9802 -0.1980
vn 0.3000 0.9431 0.1432
vn 0.4220 0.8796 0.2197
vn 0.4516 0.8639 -0.2231
vn -0.0000 0.9838 0.1793
vn -0.3067 0.9425 0.1327
vn 0.3067 0.9425 -0.1327
vn 0.1970 0.8858 -0.4201
vn 0.0038 0.8729 -0.4879
vn -0.4516 0.8639 0.2231
vn -0.0000 0.8733 0.4871
vn -0.1970 0.8858 0.4201
vn -0.0000 0.9031 0.4294
vn -0.4220 0.8796 -0.2197
vn -0.0000 0.9802 0.1980
vn -0.1771 0.9036 -0.3900
vn -0.0000 0.9838 -0.1793
vn -0.0000 0.9532 0.3023
vn -0.3196 0.9476 -0.0000
vn -0.1426 0.9782 -0.1507
vn -0.0000 0.8565 -0.5161
vn 0.0001 0.8565 -0.5161
vn 0.0007 0.8566 -0.5160
vn 0.0005 0.8566 -0.5160
vn 0.0016 0.8567 -0.5158
vn -0.0008 0.8579 0.5139
vn -0.0005 0.8579 0.5138
vn -0.0017 0.8578 0.5140
vn -0.0000 0.8579 0.5138
vn -0.2768 0.9609 -0.0009
vn -0.0111 0.9999 0.0098
vn -0.0002 0.9664 -0.2571
vn 0.3350 0.8807 -0.3349
vn 0.3348 0.8807 -0.3351
vn 0.0139 0.9999 -0.0037
vn 0.0173 0.9998 -0.0058
vn -0.2938 0.8898 -0.3491
vn -0.3246 0.8881 -0.3256
vn -0.3239 0.8881 -0.3261
vn 0.3339 0.8817 0.3334
vn 0.3336 0.8817 0.3336
vn -0.2928 0.8899 -0.3499
vn -0.3004 0.8894 0.3446
vn -0.3255 0.8878 0.3253
vn -0.3260 0.8878 0.3249
vn -0.2995 0.8895 0.3452
vt -0.074187 0.049735
vt 1.132418 0.050197
vt 1.132418 0.034582
vt 0.229056 0.034583
vt 0.828980 0.049257
vt 0.828980 0.034815
vt 0.229062 0.050198
vt 0.182007 0.002500
vt 0.369403 0.024254
vt 0.369403 0.001894
vt 0.182007 0.024637
vt -0.074382 0.035046
vt -1.846081 0.054306
vt -2.648470 0.054306
vt -2.634349 0.069869
vt 0.036041 0.034815
vt 1.021468 0.049681
vt 1.021468 0.034919
vt -1.846085 0.069869
vt 0.036041 0.049966
vt 0.603626 0.529365
vt 0.530710 0.529365
vt 0.530710 0.601018
vt 0.025119 0.586675
vt 0.027567 0.583998
vt 0.027567 0.344226
vt 0.247221 0.529365
vt 0.174305 0.529365
vt 0.247221 0.601018
vt 0.025119 0.341639
vt 1.096445 -2.501916
vt 1.086807 -2.646379
vt 0.519061 -2.847596
vt -0.655182 0.087956
vt -0.583846 0.087956
vt -0.599901 0.063499
vt 0.485854 -2.849130
vt 0.447839 -2.849063
vt -0.061224 -2.478825
vt -0.639414 0.063499
vt 1.071719 -2.478042
vt 0.469142 0.087956
vt 0.484447 0.063499
vt 0.023925 0.063499
vt -0.166524 0.063499
vt -0.159637 0.087956
vt 0.018694 0.087956
vt -0.081775 -2.644287
vt -0.093559 -2.508419
vt 0.410740 -2.847399
vt 0.523694 0.063499
vt -0.501002 0.044425
vt -0.501002 0.039842
vt -0.562116 0.039842
vt 0.539840 0.087956
vt -0.562142 0.044425
vt 1.584559 0.087956
vt 1.600325 0.063499
vt 1.226799 0.063499
vt 1.216426 0.087956
vt 0.910994 0.063499
vt 0.920654 0.087956
vt -0.116663 0.039842
vt -0.116663 0.044425
vt -0.058213 0.039842
vt 1.640069 0.063499
vt -0.058158 0.044425
vt 1.655940 0.087956
vt 2.065727 0.063499
vt 2.689760 0.087956
vt 2.753210 0.087956
vt 2.746319 0.063499
vt 2.705414 0.063499
vt 2.096316 0.034844
vt 2.096316 0.049755
vt 2.150626 0.049779
vt 1.094609 -2.476476
vt 2.150626 0.034820
vt 1.070041 -2.452526
vt 1.076433 0.049715
vt -0.091685 -2.483008
vt 1.076433 0.034884
vt -0.059473 -2.453307
vt 2.152921 0.035466
vt 2.152921 0.050470
vt 2.207923 0.050470
vt -0.652306 0.018729
vt -0.652306 0.022772
vt -0.639330 0.022772
vt 2.207923 0.035466
vt -0.639330 0.018729
vt 1.034382 0.094803
vt 1.021832 0.107702
vt 1.046592 0.119962
vt -0.288038 0.022772
vt -0.272515 0.022772
vt -0.272515 0.018729
vt -0.006816 0.034919
vt -0.006816 0.049681
vt 0.365476 0.034919
vt -0.288038 0.018729
vt 4.435324 0.050651
vt 4.435324 0.035690
vt 4.023574 0.035690
vt 4.023574 0.050651
vt 3.729610 0.050651
vt 3.729610 0.035690
vt 3.292695 0.050650
vt 3.292695 0.035691
vt 1.380306 0.108154
vt 1.367066 0.095274
vt 1.354785 0.120378
vt 1.250931 0.095111
vt 1.245546 0.120242
vt 1.154739 0.094975
vt 1.159591 0.120121
vt -0.708679 0.018729
vt 0.319555 0.116268
vt 0.331815 0.091509
vt 0.190185 0.091307
vt 0.187533 0.116490
vt 0.136075 0.116417
vt 0.132608 0.091225
vt 0.011394 0.116256
vt -0.000815 0.091037
vt -0.708767 0.022772
vt 0.342980 0.093491
vt 0.330183 0.106370
vt 0.355247 0.118647
vt 0.484617 0.093691
vt 0.487268 0.118833
vt 0.538726 0.118906
vt 0.542203 0.093772
vt 0.663440 0.119063
vt 0.675662 0.093960
vt 0.688659 0.106854
vt -0.219170 0.018729
vt 1.274621 0.337427
vt 1.274621 0.506813
vt -0.219067 0.022772
vt -0.488286 0.044425
vt 1.182065 0.506813
vt -0.488626 0.039842
vt -0.272515 0.001649
vt -0.288038 0.001649
vt -0.032108 0.034915
vt -0.008632 0.039842
vt -0.008632 0.034915
vt -0.032108 0.039842
vt -0.058213 0.034915
vt 1.182065 0.337427
vt 1.086692 -2.730829
vt 0.518602 -3.185855
vt 1.086590 -2.806777
vt 0.485395 -3.187390
vt 0.447381 -3.187323
vt -0.611698 0.039842
vt -0.611698 0.044425
vt -0.588221 0.044425
vt -0.588221 0.039842
vt -0.734780 0.018729
vt -0.734810 0.022772
vt -0.761654 0.018712
vt -0.761654 0.001730
vt -0.734780 0.001649
vt -0.193070 0.018729
vt -0.219167 0.001649
vt -0.192194 0.002117
vt -2.626395 0.054306
vt -2.644918 0.069869
vt -2.334175 0.069869
vt -2.320431 0.054306
vt 0.012835 0.026542
vt -0.190969 0.026539
vt 1.185707 0.504113
vt 1.270978 0.504113
vt 1.270978 0.340126
vt 1.185707 0.340126
vt 1.175706 0.333431
vt 1.171881 0.329107
vt 1.175706 0.511786
vt 1.171881 0.516066
vt 1.281056 0.511786
vt 1.284804 0.516066
vt 1.284804 0.329107
vt 1.281056 0.333431
vt 1.168086 0.331934
vt 1.170798 0.328981
vt 1.012305 0.328981
vt 1.015253 0.331934
vt 1.012305 0.599205
vt 1.015253 0.596257
vt 1.170798 0.599205
vt 1.168086 0.596257
vt 1.158383 0.341639
vt 1.158383 0.586554
vt 1.024956 0.341639
vt 1.024956 0.586554
vt 1.027624 0.583887
vt 1.027624 0.344409
vt 1.155716 0.344113
vt 1.155716 0.583887
vt 0.673968 0.834119
vt 0.673968 0.804582
vt 0.315288 0.804582
vt 0.315288 0.834119
vt 0.673968 0.783997
vt 0.315288 0.783997
vt 0.673968 0.754798
vt 0.315288 0.754798
vt 0.673968 0.854698
vt 0.315288 0.854698
vt 1.703111 0.138263
vt 1.706627 0.138263
vt 1.706627 0.132929
vt 1.703111 0.132929
vt 1.450083 0.138091
vt 1.453599 0.138091
vt 1.453599 0.132757
vt 1.450083 0.132757
vt 1.450083 0.129242
vt 1.299991 0.129242
vt 1.299991 0.132757
vt 1.721914 0.463932
vt 1.719866 0.466961
vt 1.702903 0.466961
vt 1.700855 0.463933
vt 0.155985 0.857949
vt 0.280594 0.857949
vt 0.155985 0.752864
vt 0.280594 0.752864
vt 1.314283 0.325870
vt 1.291927 0.325870
vt 1.291927 0.300692
vt 1.495203 0.154145
vt 1.495203 0.179322
vt 1.314283 0.154145
vt 1.314283 0.179322
vt 1.495203 0.300692
vt 1.314283 0.300692
vt 1.495203 0.325870
vt 1.291927 0.179322
vt 1.291927 0.154145
vt 1.235985 0.626743
vt 1.242281 0.631496
vt 1.242281 0.734480
vt 1.235985 0.739233
vt 1.176277 0.626701
vt 1.169905 0.631434
vt 1.046982 0.631434
vt 1.040743 0.626701
vt 1.046982 0.734361
vt 1.040743 0.739123
vt 1.169905 0.734361
vt 1.176277 0.739123
vt 1.478809 0.329179
vt 1.473892 0.334096
vt 1.473892 0.521909
vt 1.478809 0.526826
vt 1.286211 0.329179
vt 1.291128 0.334096
vt 1.235984 0.604438
vt 1.209199 0.604438
vt 1.211027 0.603202
vt 0.180974 0.507896
vt 0.185343 0.503806
vt 0.185343 0.339789
vt 1.204165 0.603088
vt 1.206148 0.604325
vt 1.176277 0.604325
vt 0.180974 0.335699
vt 0.275066 0.507896
vt 0.271380 0.503806
vt 1.012594 0.608897
vt 1.012594 0.603088
vt 1.018125 0.604325
vt 0.271380 0.339789
vt 1.018125 0.607750
vt 1.204344 0.608897
vt 1.176277 0.608897
vt 1.176277 0.607750
vt 1.040743 0.608897
vt 1.040743 0.607750
vt 0.275066 0.335699
vt 1.206148 0.607750
vt 0.175706 0.511786
vt 1.235984 0.607861
vt 1.211027 0.609098
vt 1.209199 0.607861
vt 0.175706 0.333431
vt 1.437965 0.607861
vt 1.437965 0.609098
vt 1.235985 0.609098
vt 0.281056 0.333431
vt 0.281056 0.511786
vt 0.171883 0.329107
vt 0.171884 0.516066
vt 0.284804 0.516066
vt 0.284804 0.329107
vt 1.437965 0.604438
vt 1.437965 0.603202
vt 1.235984 0.603202
vt 1.518969 0.704315
vt 1.522570 0.704315
vt 1.520154 0.656781
vt 1.523786 0.656781
vt 1.525748 0.700494
vt 1.527996 0.656781
vt 1.520946 0.653516
vt 1.516947 0.652249
vt 1.516022 0.656781
vt 1.516022 0.700224
vt 0.158176 0.586643
vt 0.155305 0.583967
vt 0.158176 0.341639
vt 0.155305 0.344490
vt 0.012272 0.328981
vt 0.012272 0.599320
vt 0.015442 0.596381
vt 0.015442 0.331934
vt 0.170798 0.328981
vt 0.167852 0.331934
vt 0.167852 0.596344
vt 0.170798 0.599281
vt 0.478808 0.329178
vt 0.473891 0.334095
vt 0.473891 0.521908
vt 0.478808 0.526825
vt 0.286209 0.329178
vt 0.291126 0.334095
vt 0.286209 0.526825
vt 0.291126 0.521908
vt 1.254485 0.707872
vt 1.518969 0.707872
vt 1.254485 0.704315
vt 1.257438 0.711909
vt 1.516023 0.711909
vt 1.250893 0.704315
vt 1.253276 0.656781
vt 1.249699 0.656781
vt 1.516023 0.732380
vt 1.257438 0.732380
vt 1.247715 0.700510
vt 1.245493 0.656781
vt 1.252523 0.653520
vt 1.257432 0.656781
vt 1.256519 0.652253
vt 1.257432 0.700224
vt 0.659995 0.745609
vt 0.669479 0.745609
vt 0.669479 0.627152
vt 0.659995 0.627152
vt 0.676865 0.745609
vt 0.686349 0.745609
vt 0.686349 0.623714
vt 0.676865 0.623714
vt 0.652609 0.745609
vt 0.652609 0.623714
vt 0.624970 0.730897
vt 0.632356 0.730897
vt 0.632356 0.640267
vt 0.624970 0.635512
vt 0.725744 0.576724
vt 0.721438 0.853161
vt 0.725744 0.853971
vt 0.721438 0.575913
vt 0.705067 0.576724
vt 0.693002 0.576724
vt 0.693002 0.853971
vt 0.705067 0.853971
vt 0.709373 0.853161
vt 0.709373 0.575913
vt 1.625866 0.138263
vt 1.625866 0.132929
vt 1.299991 0.138091
vt 1.702903 0.565213
vt 1.719866 0.565213
vt 1.723971 0.565214
vt 1.736382 0.565214
vt 1.736382 0.466958
vt 1.723971 0.466958
vt 1.740487 0.565210
vt 1.757450 0.565210
vt 1.757450 0.466961
vt 1.740487 0.466961
vt 1.686386 0.565218
vt 1.698797 0.565218
vt 1.698797 0.466958
vt 1.686386 0.466958
vt 0.678410 0.243455
vt 0.767904 0.243455
vt 0.767904 0.154744
vt 0.678410 0.154744
vt 0.517964 0.704315
vt 0.521565 0.704315
vt 0.519149 0.656781
vt 0.522781 0.656781
vt 0.668117 0.334142
vt 0.659822 0.342437
vt 0.659822 0.513660
vt 0.485353 0.334142
vt 0.493648 0.342437
vt 0.493648 0.513660
vt 0.485353 0.521954
vt 0.668117 0.521954
vt 0.524742 0.700494
vt 0.526991 0.656781
vt 0.519941 0.653516
vt 0.515941 0.652249
vt 0.515017 0.656781
vt 0.515017 0.700224
vt 0.249888 0.704315
vt 0.253479 0.704315
vt 0.252271 0.656781
vt 0.248694 0.656781
vt 0.256432 0.711909
vt 0.515018 0.732380
vt 0.515018 0.711909
vt 0.256432 0.732380
vt 0.246710 0.700510
vt 0.244488 0.656781
vt -0.008632 0.044425
vt -0.032108 0.044425
vt 0.251518 0.653520
vt 0.256427 0.656781
vt 0.410282 -3.185658
vt -0.081993 -2.804686
vt -0.081889 -2.728739
vt 0.255514 0.652253
vt 0.256427 0.700224
vt -0.824778 0.018712
vt -0.814209 0.018712
vt -0.814209 0.001730
vt -0.824778 0.001730
vt 0.253479 0.707872
vt 0.517964 0.707872
vt 0.708929 -1.959325
vt 0.701727 -2.226710
vt 0.386184 -2.282606
vt 0.312089 -2.285904
vt 0.118891 -2.285315
vt -0.163083 -1.894432
vt 0.662627 -1.894228
vt -0.207161 -2.223899
vt -0.209694 -1.959581
vt 0.044529 -2.281544
vt 1.227650 -2.374396
vt 1.218505 -2.372764
vt 1.272290 -2.120339
vt 1.280907 -2.108342
vt 1.625866 0.129414
vt 1.703111 0.129414
vt 0.851963 0.154744
vt 0.851963 0.243455
vt 1.684329 0.463933
vt 1.759497 0.463932
vt 1.738439 0.463932
vt 1.871507 0.999208
vt 1.926621 0.999208
vt 1.926621 0.860239
vt 1.871507 0.860239
vt 0.933442 0.999208
vt 0.948085 0.999208
vt 0.948085 0.860239
vt 0.933442 0.860239
vt -0.927520 0.999208
vt -0.912284 0.999208
vt -0.912284 0.860239
vt -0.927520 0.860239
vt 1.841650 0.999208
vt 1.856281 0.999208
vt 1.856281 0.860239
vt 1.841650 0.860239
vt -0.004077 0.999208
vt 0.010555 0.999208
vt 0.010555 0.860239
vt -0.004077 0.860239
vt 0.918799 0.999208
vt 0.918799 0.860239
vt -0.897642 0.999208
vt -0.897642 0.860239
vt -0.996087 0.999208
vt -0.996087 0.860239
vt 0.536422 0.645271
vt 0.548416 0.662585
vt 0.580479 0.662585
vt 0.536422 0.726180
vt 0.548416 0.708867
vt 0.592473 0.726180
vt 0.580479 0.708867
vt 0.592473 0.645271
vt 1.040743 0.603088
vt 1.040743 0.604325
vt 1.176277 0.603088
vt 0.004177 0.122150
vt 0.004055 0.132692
vt 0.085208 0.132692
vt 0.085086 0.122150
vt 0.144534 0.132792
vt 0.144450 0.122261
vt 0.088275 0.122261
vt 0.088190 0.132792
vt 0.228579 0.132702
vt 0.228457 0.122172
vt 0.147637 0.122172
vt 0.147515 0.132702
vt 0.287872 0.132797
vt 0.231559 0.132797
vt 0.230337 0.134790
vt 0.289093 0.134796
vt 0.002295 0.134777
vt 0.086968 0.134785
vt 0.145756 0.134788
vt 0.638211 0.545246
vt 0.640184 0.536401
vt 0.608122 0.536401
vt 0.610095 0.545246
vt 0.610095 0.585830
vt 0.601492 0.542397
vt 0.601492 0.588679
vt 0.638211 0.585830
vt 0.608122 0.594675
vt 0.640184 0.594675
vt 0.646814 0.588679
vt 0.646814 0.542397
vt 0.423809 0.582995
vt 0.423809 0.547388
vt 0.354122 0.547388
vt 0.354122 0.582995
vt 0.143477 0.704931
vt 0.167475 0.704931
vt 0.167475 0.665580
vt 0.143477 0.665580
vt 0.025187 0.999208
vt 0.025187 0.860239
vt 0.656874 0.510712
vt 0.656874 0.345385
vt 0.496596 0.345385
vt 0.496596 0.510712
vt 1.684329 0.429255
vt 1.700855 0.429255
vt 1.700855 0.450312
vt 1.684329 0.450312
vt 1.721914 0.450312
vt 1.738439 0.450312
vt 1.759497 0.450312
vt 1.437965 0.626743
vt 1.211027 0.626743
vt 1.211027 0.739233
vt 1.211027 0.748802
vt 1.235985 0.748802
vt 1.437965 0.739233
vt 1.437965 0.748802
vt 1.012594 0.626701
vt 1.012594 0.739123
vt 1.012594 0.748692
vt 1.040743 0.748692
vt 1.176277 0.748692
vt 1.204344 0.739123
vt 1.204344 0.748692
vt 1.204344 0.626701
vt 0.448618 0.582995
vt 0.518305 0.582995
vt 0.518305 0.547388
vt 0.448618 0.547388
vt 0.329313 0.582995
vt 0.329313 0.547388
vt 0.259626 0.547388
vt 0.259626 0.582995
vt 0.661173 -1.868984
vt 0.707333 -1.934174
vt 0.519468 0.583409
vt 0.447455 0.583409
vt 0.519468 0.546974
vt 0.447455 0.546974
vt 0.436214 0.529365
vt 0.436214 0.601018
vt 0.341717 0.601018
vt 0.352959 0.583409
vt 0.352959 0.546974
vt 0.330475 0.583409
vt 0.330475 0.546974
vt 0.341717 0.529365
vt 0.424972 0.546974
vt 0.424972 0.583409
vt 0.258463 0.546974
vt 0.258463 0.583409
vt -0.501002 0.034915
vt -0.562115 0.034915
vt -0.132120 0.039842
vt -0.132120 0.034915
vt -0.488626 0.034915
vt -0.116663 0.034915
vt -0.132120 0.044425
vt -1.171620 0.001730
vt -1.171620 0.018712
vt -1.185091 0.001730
vt -1.185091 0.018712
vt -1.235045 0.018712
vt -1.235044 0.001730
vt -0.639330 0.001649
vt -0.652306 0.001649
vt -0.708679 0.001649
vt -0.588221 0.034915
vt -0.611698 0.034915
vt -0.193068 0.022772
vt -1.261126 0.001730
vt -1.261126 0.018712
vt 0.073879 0.704931
vt 0.073879 0.728928
vt 0.143477 0.728928
vt 0.143477 0.641583
vt 0.073879 0.641583
vt 0.073879 0.665580
vt 0.049881 0.704931
vt 0.049881 0.665580
vt 0.673034 0.526872
vt 0.673034 0.329225
vt 0.480435 0.329225
vt 0.480435 0.526872
vt 0.389770 0.513613
vt 0.465596 0.513613
vt 0.465596 0.430046
vt 0.465596 0.342391
vt 0.389770 0.342391
vt 0.375247 0.342391
vt 0.299421 0.342391
vt 0.299421 0.414039
vt 0.299421 0.430045
vt 0.299421 0.513613
vt 0.375247 0.513613
vt 0.389770 0.414039
vt 0.375247 0.414039
vt 0.375247 0.430046
vt 0.389770 0.430046
vt 0.465596 0.414039
vt 0.301152 0.511705
vt 0.301152 0.431953
vt 0.301152 0.344298
vt 0.373515 0.344298
vt 0.463865 0.412131
vt 0.463865 0.344298
vt 0.463865 0.511705
vt 0.391501 0.511705
vt 0.391501 0.344298
vt 0.373516 0.511705
vt 0.301152 0.412131
vt 0.463865 0.431953
vt 0.391501 0.431953
vt 0.373516 0.412131
vt 0.391501 0.412131
vt 0.373516 0.431953
vt 1.291128 0.521909
vt 1.286211 0.526826
vt 1.389772 0.513614
vt 1.465597 0.513614
vt 1.465597 0.430046
vt 1.299423 0.342391
vt 1.375248 0.342391
vt 1.299422 0.414040
vt 1.299423 0.430046
vt 1.375248 0.414040
vt 1.375248 0.430046
vt 1.389772 0.414040
vt 1.389772 0.342391
vt 1.389772 0.430046
vt 1.375248 0.513614
vt 1.299423 0.513614
vt 1.465597 0.414040
vt 1.465597 0.342391
vt 1.301154 0.511706
vt 1.301154 0.431954
vt 1.373517 0.344299
vt 1.301154 0.344299
vt 1.463866 0.412132
vt 1.463866 0.344299
vt 1.463866 0.511706
vt 1.391503 0.511706
vt 1.391503 0.344299
vt 1.373517 0.511706
vt 1.301154 0.412132
vt 1.463866 0.431954
vt 1.391503 0.431954
vt 1.373517 0.412132
vt 1.391503 0.412132
vt 1.373517 0.431954
vt 0.700957 0.093781
vt 0.688680 0.118845
vt 0.830317 0.119045
vt 0.832978 0.093967
vt 0.884436 0.094040
vt 0.887913 0.119126
vt 1.009118 0.093793
vt 1.021341 0.119314
vt 3.237093 0.050470
vt 3.237093 0.035466
vt 2.799167 0.035466
vt 2.799167 0.050470
vt 2.621567 0.050470
vt 2.621567 0.035466
vt 1.662369 0.034881
vt 1.662369 0.049718
vt 1.486319 0.049718
vt 1.486319 0.034881
vt 0.662192 0.034919
vt 0.662192 0.049681
vt 0.365476 0.049681
vt 3.291137 0.050470
vt 3.291137 0.035466
vt -0.639410 0.052257
vt -1.071125 0.052257
vt -1.071125 0.063499
vt -1.260788 0.052257
vt -1.260788 0.063499
vt -1.719433 0.052257
vt -1.719434 0.063499
vt 0.023925 0.052257
vt -0.166524 0.052257
vt -0.599903 0.052257
vt 0.484469 0.052257
vt 2.065764 0.052257
vt 1.640061 0.052257
vt -0.161368 -1.869170
vt -0.207825 -1.934411
vt 2.252801 0.063499
vt 2.705227 0.052257
vt 2.252841 0.052257
vt 1.600227 0.052257
vt 1.226747 0.052257
vt 0.910941 0.052257
vt 0.523642 0.052257
vt 2.746588 0.052257
vt -1.694518 0.087956
vt -1.255540 0.087956
vt -1.077909 0.087956
vt 2.247612 0.087956
vt 2.072361 0.087956
vt -0.392607 0.049612
vt 1.450644 0.049612
vt 1.450644 0.035169
vt -0.392607 0.035169
vt 0.100806 0.024254
vt 0.671457 0.024254
vt 0.671434 0.001894
vt 0.100806 0.001894
vt -0.496350 0.024254
vt -0.192194 0.024254
vt -0.496350 0.002117
vt 0.555930 0.024637
vt 0.555930 0.002500
vt -0.265561 0.049257
vt 1.323597 0.049966
vt 1.323597 0.034815
vt -0.265561 0.034815
vt 0.357975 0.024254
vt 0.850153 0.023744
vt 0.850130 0.001607
vt 0.357952 0.001894
vt 3.153547 0.998239
vt 3.153547 0.861557
vt 2.911825 0.861557
vt 2.911825 0.998239
vt 2.172297 0.861557
vt 2.172297 0.998239
vt 1.930544 0.998239
vt 1.930544 0.861556
vt -2.154847 0.069869
vt -2.136324 0.054306
vt -2.632197 0.054306
vt -2.632202 0.069869
vt -2.017674 0.069869
vt -2.037310 0.054306
vt -2.646927 0.054306
vt 2.840120 0.019408
vt 2.840082 0.023660
vt 2.936041 0.023660
vt -1.744869 0.069869
vt -1.726635 0.054306
vt -2.656984 0.054306
vt -2.639482 0.069869
vt -2.116858 0.024645
vt -1.328215 0.024645
vt -1.328215 -0.000864
vt -2.116858 -0.000864
vt -2.169843 0.024645
vt -1.275230 0.024645
vt -1.275230 -0.000864
vt -2.169843 -0.000864
vt -1.877908 0.024645
vt -1.567165 0.024645
vt -1.567165 -0.000864
vt -1.877908 -0.000864
vt -2.030874 0.024645
vt -1.414199 0.024645
vt -1.414199 -0.000864
vt -2.030874 -0.000864
vt 1.703111 0.141779
vt 1.625866 0.141779
vt 1.299991 0.141607
vt 1.450083 0.141607
vt 1.296475 0.138091
vt 1.296475 0.132757
vt 1.625866 0.147113
vt 1.703111 0.147113
vt 1.299991 0.146941
vt 1.450083 0.146941
vt 1.438345 0.734480
vt 2.936041 0.019408
vt 3.247490 0.019408
vt 3.247490 0.023660
vt 3.342419 0.019408
vt 0.013487 0.857949
vt 0.013487 0.752864
vt 0.158521 0.752864
vt 0.158521 0.857949
vt 1.438345 0.631496
vt 3.342443 0.023660
vt 1.313318 -2.051994
vt 1.327696 -2.054832
vt 1.283706 -2.103329
vt 1.269025 -2.100563
vt 2.066781 -2.105085
vt 2.025462 -2.054488
vt 2.039878 -2.052409
vt 2.081536 -2.103130
vt 2.443275 0.019243
vt 2.468397 0.019243
vt 2.468397 0.002261
vt 2.443275 0.002261
vt 2.963216 0.019408
vt 2.963216 0.002426
vt 2.936041 0.002426
vt 0.234511 0.295822
vt 0.284919 0.322804
vt 0.284919 0.184590
vt 0.234511 0.184590
vt 0.008310 0.322659
vt 0.080952 0.322659
vt 0.080952 0.184306
vt 0.008310 0.184306
vt 1.766607 0.458823
vt 1.810326 0.458863
vt 1.810326 0.479518
vt 1.810218 0.483772
vt 1.766607 0.579081
vt 1.853987 0.508757
vt 1.854047 0.504409
vt 1.854047 0.483754
vt 1.897765 0.533503
vt 1.941487 0.533536
vt 1.941487 0.554191
vt 1.941438 0.558792
vt 1.897767 0.508645
vt 1.897767 0.529300
vt 1.985206 0.579081
vt 1.985206 0.558792
vt 0.641606 0.730897
vt 0.641606 0.640267
vt 0.648991 0.730897
vt 0.648992 0.635512
vt 0.615486 0.635512
vt 0.615486 0.730897
vt 0.721438 0.857542
vt 0.709373 0.857542
vt 0.721438 0.571532
vt 0.709373 0.571532
vt 0.766667 0.458834
vt 0.810387 0.458874
vt 0.810387 0.479528
vt 0.810279 0.483783
vt 0.766667 0.579092
vt 0.854048 0.508768
vt 0.854107 0.504419
vt 0.854108 0.483765
vt 0.897826 0.533513
vt 0.941547 0.533546
vt 0.941547 0.554201
vt 0.941499 0.558803
vt 0.897827 0.508655
vt 0.897827 0.529310
vt 0.985267 0.579091
vt 0.985267 0.558803
vt 1.333939 -2.051095
vt 1.338956 -2.037548
vt 2.018853 -2.050348
vt 2.013845 -2.036848
vt 2.078128 -2.121434
vt 2.137858 -2.370202
vt 2.128765 -2.372318
vt 2.069043 -2.109565
vt 2.962867 0.023660
vt 3.220499 0.023660
vt 3.220499 0.019408
vt 2.838906 0.019243
vt 2.838906 0.002261
vt 2.746115 0.002261
vt 2.746115 0.019243
vt 2.720995 0.002261
vt 2.720995 0.019243
vt 2.351463 0.019243
vt 2.351463 0.002261
vt 3.342419 0.002426
vt 3.247490 0.002426
vt 3.220499 0.002426
vt 2.840120 0.002426
vt 0.141580 0.295907
vt 0.141580 0.184614
vt 0.091145 0.184614
vt 0.091145 0.322904
vt 0.151766 0.295482
vt 0.224328 0.295482
vt 0.224328 0.184260
vt 0.151766 0.184260
vt 0.287194 0.180863
vt 0.286985 0.152225
vt 0.232445 0.152225
vt 0.232236 0.180863
vt 0.084231 0.180753
vt 0.083931 0.152071
vt 0.005332 0.152071
vt 0.005031 0.180753
vt 0.143856 0.180884
vt 0.143648 0.152231
vt 0.089077 0.152231
vt 0.088868 0.180884
vt 0.227603 0.180711
vt 0.227303 0.152060
vt 0.148791 0.152060
vt 0.148490 0.180711
vt 0.230337 0.148463
vt 0.289093 0.148457
vt 0.086968 0.148468
vt 0.002295 0.148476
vt 0.145756 0.148465
vt 0.287787 0.122271
vt 0.231643 0.122271
vt -5.072589 2.539386
vt -4.916274 2.223141
vt -4.916244 2.204210
vt -1.111403 3.288434
vt -1.092170 3.327593
vt 0.079231 3.289723
vt 0.185373 0.001612
vt 1.197500 0.026253
vt 1.197500 0.001612
vt 7.734388 3.324638
vt 7.762520 3.290454
vt 6.494017 3.291486
vt 0.185373 0.026253
vt -4.547765 1.275085
vt -5.072591 1.086122
vt -5.072591 1.882890
vt 1.308850 0.002051
vt 0.067303 0.002051
vt 0.067303 0.025549
vt -4.177026 1.881972
vt -3.933700 1.948171
vt 1.308850 0.025549
vt -3.066711 2.079062
vt -2.109900 2.208050
vt -2.499549 1.882143
vt 1.000857 0.023562
vt 0.380656 0.002145
vt 0.380656 0.023562
vt 1.000857 0.002145
vt -1.966827 1.882465
vt -1.966827 2.538822
vt 1.541210 0.024018
vt 1.541210 0.002192
vt -0.093481 0.024018
vt -3.067660 1.882085
vt -0.093481 0.002192
vt -2.129628 2.288352
vt -1.966045 3.451532
vt -2.109900 2.223426
vt -1.116138 1.791305
vt -0.775722 1.212651
vt -1.116140 1.032599
vt -0.775722 1.791048
vt -0.776248 2.415629
vt -1.116137 2.416889
vt -0.776248 2.999988
vt 12.934382 3.289088
vt 12.937763 1.743662
vt 11.924622 1.744282
vt -0.426836 2.999988
vt 11.918370 3.291056
vt -4.741944 3.452727
vt -4.741575 2.241433
vt -4.873900 2.288073
vt -0.422831 1.212652
vt 0.080197 1.032598
vt -2.280089 3.446727
vt -2.151485 2.288350
vt -2.279382 2.242447
vt -4.873886 2.241729
vt 6.806415 3.034287
vt 7.406355 3.034287
vt 8.802772 3.327900
vt 9.983060 3.327895
vt 9.985551 3.290912
vt 11.880798 3.328693
vt 8.786310 3.291489
vt 6.493975 1.031114
vt 7.258187 1.211476
vt 7.766327 1.031114
vt 11.946948 3.328572
vt 14.251799 2.304470
vt 16.107882 1.659761
vt 14.251799 1.659761
vt 15.960577 3.295929
vt 16.107882 3.295983
vt 15.960194 2.382337
vt 12.972363 3.284696
vt 13.124742 3.277787
vt 13.124436 2.382427
vt 12.972363 2.304470
vt 14.211090 2.382392
vt -5.076916 3.452970
vt -4.857399 3.453355
vt -4.896528 2.223143
vt -4.896528 2.288071
vt 12.960060 3.330809
vt 4.801444 1.791016
vt 5.142151 1.211476
vt 4.801444 1.031022
vt 5.142150 1.790866
vt 5.141623 2.416518
vt 4.801444 2.417661
vt 5.141623 3.001879
vt 4.801361 3.290912
vt 5.999831 3.291280
vt 6.493975 3.259433
vt 5.491634 3.001879
vt 5.999537 3.259433
vt -1.995239 3.489089
vt 7.762520 2.418619
vt 7.406355 2.418619
vt 7.766327 1.791831
vt 7.258187 1.790866
vt -2.301368 3.481435
vt 1.484607 2.417728
vt 1.336690 1.791050
vt 0.885692 2.417728
vt 0.983800 1.791050
vt 0.573788 1.791049
vt 0.983799 1.212652
vt 0.573788 1.032599
vt 1.336690 1.212653
vt 1.840157 1.031765
vt 1.840157 1.791769
vt 1.840157 2.417972
vt 1.484606 3.032340
vt 0.080197 1.791304
vt -0.422831 1.791048
vt 0.080197 2.416888
vt 0.573788 2.417309
vt 0.885692 3.032340
vt -0.426836 2.415630
vt 1.840157 3.290069
vt 0.572923 3.289833
vt -4.547765 1.881935
vt -4.177027 1.275123
vt -3.933856 1.881997
vt -3.933856 1.086238
vt -2.870289 1.882105
vt -2.870289 1.275256
vt -3.067660 1.086326
vt -2.499549 1.275294
vt -1.966827 1.086438
vt 8.758742 3.322768
vt 7.782835 3.292180
vt 1.868318 3.326098
vt 3.108612 3.291106
vt 3.112694 3.326214
vt 3.597194 3.326258
vt 3.602487 3.291128
vt 4.773385 3.326042
vt 7.753085 3.321781
vt 4.829365 3.325328
vt 6.005160 3.326259
vt 6.489964 3.326664
vt -0.258193 0.024295
vt 1.637465 0.024295
vt 1.637465 0.002138
vt -0.258193 0.002138
vt -4.851611 3.485765
vt -2.129695 2.223424
vt -2.151485 2.242460
vt 1.812031 3.327039
vt 0.567964 3.325936
vt 0.083296 3.325505
vt -5.054769 3.485765
vt 8.784899 1.744000
vt 7.781751 1.743099
vt -4.733549 3.485765
vt 9.988031 1.744902
vt 9.844769 2.080580
vt 9.844770 2.816173
vt 9.395969 2.080580
vt 10.582512 2.123859
vt 11.243773 2.122173
vt 9.395969 2.816173
vt 11.243773 3.248922
vt 10.582512 3.248922
vt 2.697952 1.211285
vt 2.697952 1.790654
vt 3.108654 1.790654
vt 3.108654 1.030929
vt 2.344469 1.211285
vt 2.344469 1.790654
vt 2.310956 2.418386
vt 2.910877 2.418386
vt 2.910877 3.034029
vt 2.310956 3.034029
vt 3.603074 2.416705
vt 3.603074 3.259169
vt 3.943342 3.001624
vt 3.108654 3.259169
vt 3.108654 2.417966
vt 3.603074 1.790654
vt 4.293342 3.001624
vt 4.293342 2.416284
vt 4.297353 1.790654
vt 3.943870 1.790654
vt 3.943342 2.416284
vt 4.297353 1.211285
vt 3.603074 1.030929
vt 3.943870 1.211285
vt 6.904690 1.211476
vt 6.493975 1.790866
vt 5.999537 1.031114
vt 6.904690 1.790866
vt 6.806415 2.418619
vt 5.495647 1.211476
vt 5.999537 1.791122
vt 5.999537 2.417778
vt 6.493975 2.418200
vt 5.491634 2.416518
vt 5.495647 1.790866
vt 1.293517 -2.111300
vt 1.240430 -2.376516
vt 1.831816 -3.140379
vt 1.772406 -2.871436
vt 2.237236 -2.698262
vt 2.223222 -2.630930
vt 2.015937 -2.062945
vt 1.336858 -2.063738
vt -1.812174 -1.637310
vt -1.746176 -1.635841
vt -1.746528 -2.246020
vt -1.812525 -2.247533
vt -1.774829 -2.274342
vt 9.494741 -0.233800
vt 7.756212 -1.817424
vt 8.274621 -0.233852
vt 7.242916 -0.233829
vt 7.716341 -1.817041
vt 5.977651 -0.233802
vt 2.116087 -2.375191
vt 1.835885 -2.437607
vt 2.056591 -2.112728
vt 2.124577 -0.235138
vt 0.385342 -1.745078
vt 0.718699 -0.235187
vt 0.101061 -0.235177
vt 0.361103 -1.744688
vt -1.392516 -0.235150
vt 1.620812 -2.444826
vt 1.774984 -2.442765
vt 1.562891 -2.439484
vt 11.531893 -2.154686
vt 11.761662 -1.193642
vt 12.789036 -2.148664
vt 10.392742 -2.144565
vt 10.565653 -0.954237
vt 11.117464 -1.632206
vt 2.249841 -2.758814
vt 1.627067 -3.144888
vt 1.148181 -2.764416
vt 1.159579 -2.702747
vt 1.679457 -2.872753
vt 1.708062 -2.878211
vt 1.201787 -2.472193
vt 1.172255 -2.635138
vt 1.682253 -3.151507
vt 1.223464 -2.456183
vt 2.164692 -2.456198
vt 1.771244 -3.150670
vt 1.741118 -2.878114
vt 2.192828 -2.475444
vt 14.789484 -0.256512
vt 13.834463 -1.283887
vt 12.868237 -0.256512
vt 12.789036 -0.227416
vt 10.577593 -0.227260
vt -3.625814 -0.226842
vt -3.997696 -2.295641
vt -5.031292 -0.226840
vt -3.008176 -0.226840
vt -2.655206 -2.296412
vt -1.514594 -0.226842
vt 3.677522 -0.197382
vt 3.405610 -2.275103
vt 2.272034 -0.198741
vt 4.295160 -0.197680
vt 4.748006 -2.275949
vt 5.788736 -0.198403
vt 9.101505 -0.953750
vt -1.787158 -2.275381
vt 16.049053 -0.254270
vt 14.819197 -1.507707
vt 14.819197 -0.254270
vt -1.436092 -1.291196
vt -1.369510 -2.746387
vt -1.436092 -2.746387
vt -1.788911 -1.608614
vt -1.769653 -1.609671
vt -1.369510 -1.291196
vt -1.568472 -2.744743
vt -1.568472 -1.182565
vt -1.499262 -1.182565
vt -1.192706 -2.756619
vt -1.192706 -1.210787
vt -1.120237 -1.210787
vt -1.499262 -2.744743
vt -1.120237 -2.756619
vt -1.238569 -2.821153
vt -1.313590 -1.111972
vt -1.238569 -1.111972
vt -1.313590 -2.821153
s 1
usemtl Farm_house_D
f 1/1/1 2/2/1 3/3/1
f 4/4/2 5/5/2 6/6/2
f 5/5/2 4/4/2 7/7/2
f 8/8/3 9/9/3 10/10/3
f 9/9/3 8/8/3 11/11/3
f 3/3/4 12/12/5 13/1/5
f 14/13/6 15/14/6 16/15/6
f 17/16/7 18/17/8 19/18/9
f 16/15/6 20/19/6 14/13/6
f 18/17/8 17/16/7 21/20/10
f 22/21/11 23/22/12 24/23/13
f 25/24/14 26/25/15 27/26/16
f 28/27/17 29/28/2 30/29/18
f 27/26/16 31/30/19 25/24/14
f 32/31/20 33/32/21 34/33/22
f 35/34/23 36/35/24 37/36/25
f 38/37/26 39/38/27 40/39/28
f 37/36/25 41/40/29 35/34/23
f 40/39/28 42/41/30 38/37/26
f 43/42/31 44/43/32 45/44/33
f 37/36/25 36/35/24 46/45/34
f 47/46/35 46/45/34 36/35/24
f 46/45/34 47/46/35 45/44/33
f 48/47/35 45/44/33 47/46/35
f 45/44/33 48/47/35 43/42/31
f 49/48/36 50/49/37 51/50/38
f 52/51/39 44/43/32 43/42/31
f 53/52/6 54/53/40 55/54/41
f 56/55/42 52/51/39 43/42/31
f 55/54/41 57/56/6 53/52/6
f 58/57/43 59/58/44 60/59/45
f 60/59/45 61/60/46 58/57/43
f 61/60/46 60/59/45 62/61/47
f 62/61/47 63/62/46 61/60/46
f 56/55/42 63/62/46 62/61/47
f 52/51/39 56/55/42 62/61/47
f 64/63/48 65/64/6 66/65/49
f 67/66/50 59/58/44 58/57/43
f 65/64/6 68/67/6 66/65/49
f 69/68/51 67/66/50 58/57/43
f 42/41/30 34/33/22 38/37/26
f 67/66/50 69/68/51 70/69/52
f 42/41/30 32/31/20 34/33/22
f 71/70/53 72/71/54 73/72/55
f 51/50/38 50/49/37 40/39/28
f 74/73/56 71/70/53 73/72/55
f 40/39/28 39/38/27 51/50/38
f 75/74/57 76/75/58 77/76/59
f 78/77/60 32/31/20 42/41/30
f 77/76/59 79/78/61 75/74/57
f 42/41/30 80/79/62 78/77/60
f 81/18/63 82/17/64 83/80/65
f 40/39/28 50/49/37 84/81/66
f 83/80/65 85/82/67 81/18/63
f 86/83/68 40/39/28 84/81/66
f 87/84/69 88/85/70 89/86/71
f 90/87/72 91/88/6 92/89/6
f 89/86/71 93/90/73 87/84/69
f 92/89/6 94/91/74 90/87/72
f 95/92/75 96/93/76 97/94/77
f 98/95/6 99/96/6 100/97/78
f 101/98/79 102/99/80 103/100/81
f 100/97/78 104/101/82 98/95/6
f 105/102/83 106/103/83 107/104/83
f 107/104/83 108/105/83 105/102/83
f 109/106/83 108/105/83 107/104/83
f 110/107/83 109/106/83 107/104/83
f 111/108/83 109/106/83 110/107/83
f 112/109/83 111/108/83 110/107/83
f 113/110/84 114/111/85 115/112/86
f 115/112/86 114/111/85 116/113/87
f 116/113/87 117/114/87 115/112/86
f 117/114/87 116/113/87 118/115/87
f 118/115/87 119/116/87 117/114/87
f 97/94/77 119/116/87 118/115/87
f 95/92/75 97/94/77 118/115/87
f 120/117/88 91/88/6 90/87/72
f 121/118/89 122/119/89 123/120/90
f 123/120/90 124/121/90 121/118/89
f 125/122/90 124/121/90 123/120/90
f 123/120/90 126/123/90 125/122/90
f 127/124/90 125/122/90 126/123/90
f 128/125/90 127/124/90 126/123/90
f 129/126/6 91/88/6 120/117/88
f 94/91/74 92/89/6 98/95/6
f 94/91/74 98/95/6 104/101/82
f 130/127/91 131/128/92 132/129/93
f 133/130/94 130/127/91 132/129/93
f 134/131/94 133/130/94 132/129/93
f 133/130/94 134/131/94 135/132/94
f 135/132/94 136/133/94 133/130/94
f 136/133/94 135/132/94 137/134/95
f 137/134/95 138/135/96 136/133/94
f 139/136/97 138/135/96 137/134/95
f 100/97/78 99/96/6 140/137/98
f 141/138/99 142/139/100 143/139/101
f 144/140/6 140/137/98 99/96/6
f 143/139/101 145/138/102 141/138/99
f 146/141/6 54/53/40 53/52/6
f 143/139/101 142/139/100 147/142/103
f 148/143/104 54/53/40 146/141/6
f 104/101/82 100/97/78 149/144/105
f 104/101/82 149/144/105 150/145/106
f 147/142/103 151/142/107 143/139/101
f 152/146/11 153/147/108 154/148/11
f 153/147/108 152/146/11 155/149/108
f 156/150/109 155/149/108 152/146/11
f 155/149/108 156/150/109 66/65/49
f 157/151/110 158/151/111 151/142/107
f 33/32/21 159/152/112 34/33/22
f 160/153/113 34/33/22 159/152/112
f 159/152/112 161/154/112 160/153/113
f 162/155/114 163/156/115 39/38/27
f 162/155/114 39/38/27 38/37/26
f 151/142/107 147/142/103 157/151/110
f 164/157/116 165/158/6 166/159/6
f 164/157/116 166/159/6 167/160/116
f 167/160/116 166/159/6 57/56/6
f 167/160/116 57/56/6 55/54/41
f 160/153/113 162/155/114 38/37/26
f 160/153/113 38/37/26 34/33/22
f 168/161/116 169/162/6 129/126/6
f 168/161/116 129/126/6 120/117/88
f 170/163/117 171/161/11 172/164/117
f 172/164/117 171/161/11 173/165/11
f 140/137/98 174/166/108 175/167/118
f 175/167/118 174/166/108 176/168/11
f 157/151/110 141/138/99 145/138/102
f 177/169/6 178/170/6 179/171/6
f 158/151/111 157/151/110 145/138/102
f 179/171/6 180/172/6 177/169/6
f 181/138/99 182/139/100 183/139/101
f 184/173/11 185/173/11 186/174/11
f 183/139/101 187/138/102 181/138/99
f 185/173/11 188/174/11 186/174/11
f 189/175/103 190/176/119 191/177/120
f 189/175/103 191/177/120 192/178/110
f 183/139/101 182/139/100 193/142/121
f 194/179/122 195/180/123 196/181/124
f 193/142/121 197/142/107 183/139/101
f 198/182/125 196/181/124 195/180/123
f 199/151/126 200/151/111 197/142/107
f 201/183/127 202/184/128 203/185/129
f 197/142/107 193/142/121 199/151/126
f 203/185/129 204/186/130 201/183/127
f 199/151/126 181/138/99 187/138/102
f 205/151/111 194/179/122 196/181/124
f 200/151/111 199/151/126 187/138/102
f 196/181/124 206/142/107 205/151/111
f 145/138/102 143/139/101 207/183/131
f 204/186/130 208/138/132 201/183/127
f 209/186/133 145/138/102 207/183/131
f 208/138/132 210/139/134 201/183/127
f 211/181/135 151/142/107 158/151/111
f 206/142/107 189/175/103 192/178/110
f 158/151/111 212/179/136 211/181/135
f 192/178/110 205/151/111 206/142/107
f 187/138/102 183/139/101 213/183/137
f 210/139/134 208/138/132 191/177/120
f 214/186/138 187/138/102 213/183/137
f 191/177/120 190/176/119 210/139/134
f 215/181/139 197/142/107 200/151/111
f 216/187/140 217/188/141 218/189/142
f 200/151/111 219/179/143 215/181/139
f 218/189/142 220/190/144 216/187/140
f 209/186/133 207/183/131 221/184/145
f 222/191/146 223/192/147 218/189/142
f 224/185/148 209/186/133 221/184/145
f 223/192/147 220/190/144 218/189/142
f 221/184/145 207/183/131 211/181/135
f 225/193/149 226/194/150 222/191/146
f 211/181/135 227/182/151 221/184/145
f 226/194/150 223/192/147 222/191/146
f 228/195/152 229/196/153 226/194/150
f 216/187/140 228/195/152 226/194/150
f 228/195/152 216/187/140 220/190/144
f 220/190/144 230/197/154 228/195/152
f 231/198/155 230/197/154 220/190/144
f 223/192/147 231/198/155 220/190/144
f 227/182/151 211/181/135 212/179/136
f 231/198/155 232/199/156 230/197/154
f 212/179/136 233/180/157 227/182/151
f 232/199/156 234/200/158 230/197/154
f 212/179/136 209/186/133 224/185/148
f 228/195/152 235/201/159 229/196/153
f 233/180/157 212/179/136 224/185/148
f 235/201/159 236/202/160 229/196/153
f 237/203/17 238/204/12 239/205/12
f 237/203/17 239/205/12 240/206/17
f 238/204/12 241/207/161 242/208/161
f 238/204/12 242/208/161 239/205/12
f 241/207/161 243/209/83 244/210/83
f 241/207/161 244/210/83 242/208/161
f 245/211/2 237/203/17 240/206/17
f 245/211/2 240/206/17 246/212/2
f 247/213/162 248/214/11 249/215/11
f 247/213/162 249/215/11 250/216/163
f 251/217/164 252/218/81 253/219/81
f 251/217/164 253/219/81 254/220/165
f 254/220/165 255/221/166 256/222/166
f 254/220/165 256/222/166 257/223/167
f 258/213/162 259/214/11 260/215/11
f 258/213/162 260/215/11 261/216/163
f 262/217/164 263/218/81 264/219/81
f 262/217/164 264/219/81 265/220/165
f 265/220/165 266/221/166 267/222/166
f 265/220/165 267/222/166 268/223/167
f 269/224/168 270/225/169 271/226/169
f 269/224/168 271/226/169 272/227/170
f 273/228/11 274/229/11 275/230/11
f 275/230/11 274/229/11 276/231/11
f 214/186/138 213/183/137 277/184/171
f 278/232/166 279/233/166 280/234/166
f 281/235/166 282/236/166 283/237/166
f 282/236/166 284/238/166 283/237/166
f 282/236/166 285/239/166 284/238/166
f 285/239/166 286/240/166 284/238/166
f 285/239/166 287/241/166 286/240/166
f 287/241/166 278/232/166 286/240/166
f 278/232/166 280/234/166 286/240/166
f 284/238/166 286/240/166 280/234/166
f 280/234/166 288/242/166 284/238/166
f 284/238/166 288/242/166 289/243/166
f 283/237/166 284/238/166 289/243/166
f 290/185/172 214/186/138 277/184/171
f 291/244/173 292/245/174 293/246/175
f 213/183/137 215/181/139 294/182/176
f 291/244/173 293/246/175 295/247/177
f 296/248/178 297/249/179 298/250/180
f 296/248/178 298/250/180 299/251/181
f 277/184/171 213/183/137 294/182/176
f 299/251/181 298/250/180 300/252/182
f 294/182/176 215/181/139 219/179/143
f 299/251/181 300/252/182 301/253/183
f 219/179/143 302/180/184 294/182/176
f 303/254/185 297/249/179 296/248/178
f 219/179/143 214/186/138 290/185/172
f 296/248/178 304/255/186 303/254/185
f 302/180/184 219/179/143 290/185/172
f 147/142/103 142/139/100 141/138/99
f 147/142/103 141/138/99 157/151/110
f 193/142/121 182/139/100 181/138/99
f 193/142/121 181/138/99 199/151/126
f 305/256/187 306/257/188 307/258/189
f 305/256/187 307/258/189 308/259/190
f 309/260/191 310/261/192 306/257/188
f 309/260/191 306/257/188 305/256/187
f 311/262/193 312/263/194 313/264/195
f 314/265/196 315/266/197 316/267/198
f 317/268/199 318/269/200 319/270/201
f 314/265/196 316/267/198 320/271/202
f 321/272/203 322/273/204 315/266/197
f 321/272/203 315/266/197 314/265/196
f 323/274/205 324/275/206 325/276/207
f 326/277/208 322/273/204 321/272/203
f 325/276/207 327/278/209 323/274/205
f 328/279/210 329/280/211 330/281/212
f 331/282/211 330/281/212 329/280/211
f 331/282/211 332/283/211 330/281/212
f 327/278/209 332/283/211 331/282/211
f 331/282/211 323/274/205 327/278/209
f 321/272/203 333/284/213 326/277/208
f 330/281/212 334/285/214 328/279/210
f 335/286/215 314/265/196 320/271/202
f 336/287/216 337/288/217 338/289/218
f 335/286/215 320/271/202 339/290/219
f 340/291/220 341/292/220 342/293/220
f 342/293/220 336/287/216 340/291/220
f 336/287/216 342/293/220 337/288/217
f 343/229/2 344/228/2 345/230/2
f 343/229/2 345/230/2 346/231/2
f 347/294/221 321/272/203 348/295/222
f 349/245/223 350/244/224 351/246/225
f 347/294/221 333/284/213 321/272/203
f 352/247/226 351/246/225 350/244/224
f 353/296/227 354/297/228 335/286/215
f 355/250/229 356/251/230 357/252/231
f 335/286/215 339/290/219 353/296/227
f 358/253/232 357/252/231 356/251/230
f 347/294/221 348/295/222 359/298/233
f 360/254/234 361/255/235 362/248/236
f 359/298/233 363/299/237 347/294/221
f 353/296/227 339/290/219 347/294/221
f 353/296/227 347/294/221 363/299/237
f 362/248/236 364/249/238 360/254/234
f 365/139/239 366/139/240 367/142/241
f 368/300/242 369/301/243 370/302/243
f 370/302/243 371/262/244 368/300/242
f 371/262/244 370/302/243 372/264/245
f 367/142/241 373/142/246 365/139/239
f 372/264/245 374/263/247 371/262/244
f 373/142/246 367/142/241 375/151/248
f 376/269/249 377/268/250 378/270/251
f 379/151/252 375/151/248 367/142/241
f 380/274/253 381/278/254 382/276/255
f 379/151/252 383/138/256 384/138/257
f 382/276/255 385/275/258 380/274/253
f 375/151/248 379/151/252 384/138/257
f 386/279/259 387/285/260 388/281/261
f 383/138/256 366/139/240 365/139/239
f 389/289/262 390/288/263 391/287/264
f 365/139/239 384/138/257 383/138/256
f 392/303/265 393/304/266 394/305/267
f 373/142/246 375/151/248 395/179/268
f 393/304/266 396/306/269 394/305/267
f 397/181/270 373/142/246 395/179/268
f 398/303/271 399/304/272 400/305/273
f 401/186/274 384/138/257 365/139/239
f 399/304/272 402/306/275 400/305/273
f 365/139/239 403/183/276 401/186/274
f 404/303/277 405/304/278 406/305/279
f 407/182/280 397/181/270 395/179/268
f 405/304/278 408/306/281 406/305/279
f 395/179/268 409/180/282 407/182/280
f 393/304/266 410/307/283 396/306/269
f 401/186/274 403/183/276 411/184/284
f 412/308/285 396/306/269 410/307/283
f 413/185/286 401/186/274 411/184/284
f 414/309/287 415/310/288 416/311/289
f 417/138/290 418/139/291 419/139/203
f 416/311/289 394/305/267 414/309/287
f 419/139/203 420/138/213 417/138/290
f 421/312/292 392/303/265 394/305/267
f 418/139/291 422/142/197 423/142/293
f 394/305/267 416/311/289 421/312/292
f 423/142/293 419/139/203 418/139/291
f 399/304/272 424/307/294 402/306/275
f 425/151/198 426/151/295 423/142/293
f 427/308/296 402/306/275 424/307/294
f 423/142/293 422/142/197 425/151/198
f 428/309/297 429/310/298 430/311/299
f 426/151/295 425/151/198 417/138/290
f 430/311/299 400/305/273 428/309/297
f 417/138/290 420/138/213 426/151/295
f 431/312/292 398/303/271 400/305/273
f 420/138/213 419/139/203 432/183/300
f 400/305/273 430/311/299 431/312/292
f 433/186/221 420/138/213 432/183/300
f 434/304/301 435/307/302 436/306/303
f 437/181/215 423/142/293 426/151/295
f 438/308/304 436/306/303 435/307/302
f 426/151/295 439/179/219 437/181/215
f 440/310/305 441/311/306 442/305/307
f 433/186/221 432/183/300 443/184/233
f 442/305/307 444/309/308 440/310/305
f 445/185/309 433/186/221 443/184/233
f 446/312/292 447/303/310 442/305/307
f 437/181/215 439/179/219 448/180/311
f 442/305/307 441/311/306 446/312/292
f 449/182/228 437/181/215 448/180/311
f 422/142/197 418/139/291 417/138/290
f 422/142/197 417/138/290 425/151/198
f 450/313/312 451/314/313 26/25/15
f 450/313/312 26/25/15 25/24/14
f 405/304/278 452/307/314 408/306/281
f 453/315/315 451/314/313 450/313/312
f 454/308/316 408/306/281 452/307/314
f 453/315/315 455/316/317 451/314/313
f 456/310/318 457/311/319 406/305/279
f 458/317/320 459/318/321 460/319/322
f 406/305/279 461/309/323 456/310/318
f 460/319/322 462/320/324 458/317/320
f 463/321/325 464/322/326 465/323/327
f 463/321/325 465/323/327 466/324/328
f 467/312/329 404/303/277 406/305/279
f 458/317/320 464/322/326 463/321/325
f 406/305/279 457/311/319 467/312/329
f 458/317/320 462/320/324 464/322/326
f 468/325/330 469/326/331 470/327/332
f 468/325/330 470/327/332 471/328/333
f 472/329/334 473/330/335 469/326/331
f 472/329/334 469/326/331 468/325/330
f 474/331/336 475/332/337 473/330/335
f 474/331/336 473/330/335 472/329/334
f 476/304/338 477/307/339 478/306/340
f 479/151/341 480/142/342 481/142/343
f 482/308/344 478/306/340 477/307/339
f 481/142/343 483/151/345 479/151/341
f 484/310/346 485/311/306 486/305/347
f 487/139/348 488/139/349 481/142/343
f 486/305/347 489/309/346 484/310/346
f 487/139/348 481/142/343 480/142/342
f 490/312/292 491/303/350 486/305/347
f 492/138/351 488/139/349 487/139/348
f 486/305/347 485/311/306 490/312/292
f 492/138/351 493/138/352 488/139/349
f 494/333/353 495/334/353 447/303/310
f 492/138/351 479/151/341 483/151/345
f 447/303/310 496/335/354 494/333/353
f 497/333/355 498/336/356 499/337/357
f 497/333/355 499/337/357 500/334/355
f 483/151/345 493/138/352 492/138/351
f 501/338/358 502/335/359 503/339/360
f 504/181/361 480/142/342 479/151/341
f 503/339/360 505/340/362 501/338/358
f 504/181/361 479/151/341 506/179/363
f 507/338/364 508/335/365 509/339/366
f 492/138/351 487/139/348 510/183/367
f 509/339/366 511/340/368 507/338/364
f 510/183/367 512/186/369 492/138/351
f 506/179/363 479/151/341 492/138/351
f 506/179/363 492/138/351 512/186/369
f 513/338/370 514/335/371 515/339/372
f 516/182/373 504/181/361 506/179/363
f 515/339/372 517/340/374 513/338/370
f 518/336/375 519/341/81 520/337/375
f 519/341/81 518/336/375 521/342/81
f 522/336/357 523/341/81 524/337/357
f 523/341/81 522/336/357 525/342/81
f 516/182/373 506/179/363 526/180/376
f 527/340/377 528/338/378 529/335/379
f 530/185/380 510/183/367 531/184/381
f 529/335/379 532/339/382 527/340/377
f 530/185/380 512/186/369 510/183/367
f 526/180/376 506/179/363 512/186/369
f 526/180/376 512/186/369 530/185/380
f 505/340/362 533/343/383 501/338/358
f 534/139/384 535/142/385 536/142/386
f 505/340/362 537/344/387 533/343/383
f 538/139/388 534/139/384 536/142/386
f 539/345/389 503/339/360 540/346/390
f 536/142/386 535/142/385 541/151/391
f 540/346/390 542/347/392 539/345/389
f 543/151/393 541/151/391 535/142/385
f 544/348/394 540/346/390 503/339/360
f 541/151/391 543/151/393 545/138/395
f 503/339/360 502/335/359 544/348/394
f 545/138/395 546/138/396 541/151/391
f 511/340/368 547/343/397 507/338/364
f 546/138/396 545/138/395 534/139/384
f 511/340/368 548/344/398 547/343/397
f 534/139/384 538/139/388 546/138/396
f 549/345/399 509/339/366 550/346/400
f 536/142/386 541/151/391 551/179/401
f 550/346/400 552/347/402 549/345/399
f 553/181/403 536/142/386 551/179/401
f 554/348/394 550/346/400 509/339/366
f 555/186/404 546/138/396 538/139/388
f 509/339/366 508/335/365 554/348/394
f 538/139/388 556/183/405 555/186/404
f 557/340/406 558/343/407 559/338/408
f 560/182/409 553/181/403 551/179/401
f 557/340/406 561/344/410 558/343/407
f 551/179/401 562/180/411 560/182/409
f 563/346/412 564/347/413 565/339/414
f 555/186/404 556/183/405 566/184/415
f 564/347/413 567/345/416 565/339/414
f 568/185/417 555/186/404 566/184/415
f 569/348/394 563/346/412 565/339/414
f 570/138/418 571/139/349 572/139/348
f 565/339/414 496/335/354 569/348/394
f 572/139/348 573/138/351 570/138/418
f 517/340/374 574/343/419 513/338/370
f 575/142/420 576/142/342 572/139/348
f 517/340/374 577/344/421 574/343/419
f 572/139/348 571/139/349 575/142/420
f 578/346/422 579/347/423 515/339/372
f 580/151/424 581/151/341 576/142/342
f 579/347/423 582/345/425 515/339/372
f 576/142/342 575/142/420 580/151/424
f 583/348/426 578/346/422 515/339/372
f 570/138/418 573/138/351 581/151/341
f 515/339/372 514/335/371 583/348/426
f 581/151/341 580/151/424 570/138/418
f 527/340/377 584/343/427 528/338/378
f 573/138/351 572/139/348 585/183/367
f 527/340/377 586/344/428 584/343/427
f 587/186/369 573/138/351 585/183/367
f 588/346/429 589/347/430 532/339/382
f 576/142/342 581/151/341 590/179/431
f 589/347/430 591/345/430 532/339/382
f 592/181/361 576/142/342 590/179/431
f 593/348/394 588/346/429 532/339/382
f 587/186/369 585/183/367 594/184/432
f 532/339/382 529/335/379 593/348/394
f 595/333/433 518/336/375 520/337/375
f 595/333/433 520/337/375 596/334/433
f 494/333/353 522/336/357 524/337/357
f 494/333/353 524/337/357 495/334/353
f 597/333/434 598/336/357 599/337/357
f 597/333/434 599/337/357 600/334/434
f 601/333/435 602/336/356 603/337/375
f 601/333/435 603/337/375 604/334/435
f 605/349/17 606/350/12 607/351/436
f 605/349/17 607/351/436 608/352/437
f 609/353/161 610/354/83 611/355/83
f 609/353/161 611/355/83 612/356/438
f 613/357/2 605/349/17 608/352/437
f 613/357/2 608/352/437 614/358/2
f 615/359/439 616/360/17 617/361/440
f 615/359/439 617/361/440 618/362/441
f 619/185/442 587/186/369 594/184/432
f 620/363/11 621/364/443 622/365/11
f 623/182/373 592/181/361 590/179/431
f 620/363/11 624/366/444 621/364/443
f 625/367/445 626/368/446 627/369/446
f 625/367/445 627/369/446 628/370/447
f 590/179/431 629/180/448 623/182/373
f 575/142/420 571/139/349 570/138/418
f 575/142/420 570/138/418 580/151/424
f 625/367/445 628/370/447 630/371/449
f 631/201/450 632/202/451 633/196/452
f 630/371/449 634/372/453 625/367/445
f 635/349/17 636/350/12 637/351/436
f 635/349/17 637/351/436 638/352/437
f 639/353/161 640/354/83 641/355/83
f 639/353/161 641/355/83 642/356/438
f 643/357/2 635/349/17 638/352/437
f 643/357/2 638/352/437 644/358/2
f 645/359/439 646/360/17 647/361/440
f 645/359/439 647/361/440 648/362/441
f 649/363/11 650/366/444 651/364/454
f 649/363/11 651/364/454 652/365/11
f 653/367/445 654/368/446 655/369/446
f 653/367/445 655/369/446 656/370/447
f 657/216/455 658/373/456 659/374/457
f 658/373/456 657/216/455 660/213/458
f 661/214/2 660/213/458 662/215/2
f 662/215/2 660/213/458 657/216/455
f 663/220/459 664/375/460 665/223/461
f 664/375/460 663/220/459 666/217/462
f 667/218/81 666/217/462 668/219/81
f 668/219/81 666/217/462 663/220/459
f 669/216/455 670/373/456 671/374/457
f 670/373/456 669/216/455 672/213/458
f 673/214/2 672/213/458 674/215/2
f 674/215/2 672/213/458 669/216/455
f 675/220/459 676/375/460 677/223/461
f 676/375/460 675/220/459 678/217/462
f 679/218/81 678/217/462 680/219/81
f 680/219/81 678/217/462 675/220/459
f 681/376/83 682/377/83 683/225/169
f 681/376/83 683/225/169 684/226/169
f 685/378/2 686/379/2 687/380/463
f 685/378/2 687/380/463 688/381/464
f 689/382/81 690/383/81 691/384/465
f 689/382/81 691/384/465 692/385/466
f 693/386/11 694/387/11 695/388/467
f 693/386/11 695/388/467 696/389/467
f 697/376/83 698/377/83 699/225/169
f 697/376/83 699/225/169 700/226/169
f 701/378/2 702/379/2 703/380/463
f 701/378/2 703/380/463 704/381/463
f 705/382/81 706/383/81 707/384/465
f 705/382/81 707/384/465 708/385/465
f 709/386/11 710/387/11 711/388/467
f 709/386/11 711/388/467 712/389/467
f 713/390/81 714/391/81 715/392/81
f 713/390/81 715/392/81 716/393/81
f 717/203/17 718/204/12 719/205/12
f 717/203/17 719/205/12 720/206/17
f 718/204/12 721/207/161 722/208/161
f 718/204/12 722/208/161 719/205/12
f 721/207/161 723/209/83 724/210/83
f 721/207/161 724/210/83 722/208/161
f 725/211/2 717/203/17 720/206/17
f 725/211/2 720/206/17 726/212/2
f 727/195/468 631/201/450 633/196/452
f 728/303/469 729/304/470 730/305/471
f 731/199/472 732/200/473 733/197/474
f 729/304/470 734/306/475 730/305/471
f 735/198/476 731/199/472 733/197/474
f 736/394/477 737/395/478 738/396/479
f 739/190/480 733/197/474 727/195/468
f 735/198/476 733/197/474 739/190/480
f 740/192/481 735/198/476 739/190/480
f 633/196/452 735/198/476 740/192/481
f 741/194/482 633/196/452 740/192/481
f 727/195/468 633/196/452 741/194/482
f 742/187/483 727/195/468 741/194/482
f 727/195/468 742/187/483 739/190/480
f 737/395/478 743/397/484 738/396/479
f 744/139/485 745/139/486 746/142/487
f 747/303/488 748/304/489 749/305/490
f 746/142/487 750/142/491 744/139/485
f 748/304/489 751/306/492 749/305/490
f 750/142/491 746/142/487 752/151/493
f 729/304/470 753/307/494 734/306/475
f 754/151/495 752/151/493 746/142/487
f 753/307/494 755/308/496 734/306/475
f 754/151/495 756/138/497 757/138/498
f 758/309/499 759/310/500 760/311/501
f 752/151/493 754/151/495 757/138/498
f 760/311/501 730/305/471 758/309/499
f 756/138/497 745/139/486 744/139/485
f 761/312/502 728/303/469 730/305/471
f 744/139/485 757/138/498 756/138/497
f 762/398/503 763/399/504 764/400/505
f 763/399/504 762/398/503 765/401/506
f 765/401/506 766/402/507 763/399/504
f 767/403/508 766/402/507 765/401/506
f 768/404/509 767/403/508 765/401/506
f 764/400/505 767/403/508 768/404/509
f 769/405/510 764/400/505 768/404/509
f 764/400/505 769/405/510 762/398/503
f 730/305/471 760/311/501 761/312/502
f 750/142/491 752/151/493 770/179/511
f 737/395/478 771/406/512 743/397/484
f 772/181/513 750/142/491 770/179/511
f 771/406/512 773/407/514 743/397/484
f 774/186/515 757/138/498 744/139/485
f 775/408/516 776/409/516 777/410/517
f 744/139/485 778/183/518 774/186/515
f 777/410/517 738/396/479 775/408/516
f 772/181/513 770/179/511 779/180/519
f 780/411/502 736/394/477 738/396/479
f 781/182/520 772/181/513 779/180/519
f 738/396/479 777/410/517 780/411/502
f 774/186/515 778/183/518 782/184/521
f 783/304/522 784/307/523 785/306/524
f 786/185/525 774/186/515 782/184/521
f 784/307/523 787/308/526 785/306/524
f 788/138/527 789/139/528 790/139/529
f 791/310/530 792/311/531 793/305/532
f 790/139/529 794/138/533 788/138/527
f 793/305/532 795/309/534 791/310/530
f 789/139/528 796/142/535 797/142/536
f 798/312/502 799/303/537 793/305/532
f 797/142/536 790/139/529 789/139/528
f 793/305/532 792/311/531 798/312/502
f 800/151/538 801/151/539 797/142/536
f 748/304/489 802/307/540 751/306/492
f 797/142/536 796/142/535 800/151/538
f 802/307/540 803/308/541 751/306/492
f 801/151/539 800/151/538 788/138/527
f 804/310/542 805/311/543 749/305/490
f 788/138/527 794/138/533 801/151/539
f 749/305/490 806/309/542 804/310/542
f 807/138/527 808/139/544 809/139/529
f 810/312/502 747/303/488 749/305/490
f 809/139/529 811/138/533 807/138/527
f 749/305/490 805/311/543 810/312/502
f 809/139/529 808/139/544 812/142/545
f 813/304/546 814/307/547 815/306/548
f 812/142/545 816/142/536 809/139/529
f 814/307/547 817/308/549 815/306/548
f 818/151/550 819/151/539 816/142/536
f 820/310/551 821/311/552 822/305/553
f 816/142/536 812/142/545 818/151/550
f 822/305/553 823/309/551 820/310/551
f 818/151/550 807/138/527 811/138/533
f 824/312/554 825/303/537 822/305/553
f 819/151/539 818/151/550 811/138/533
f 822/305/553 821/311/552 824/312/554
f 824/312/554 821/311/552 826/346/555
f 824/312/554 826/346/555 827/348/556
f 810/312/502 805/311/543 828/346/557
f 810/312/502 828/346/557 829/348/558
f 830/333/559 831/336/560 832/337/560
f 830/333/559 832/337/560 833/334/559
f 794/138/533 790/139/529 834/183/561
f 835/338/562 836/335/563 837/339/564
f 838/186/565 794/138/533 834/183/561
f 837/339/564 839/340/566 835/338/562
f 840/181/567 797/142/536 801/151/539
f 841/412/568 842/413/569 843/414/570
f 801/151/539 844/179/571 840/181/567
f 843/414/570 845/415/572 841/412/568
f 811/138/533 809/139/529 846/183/561
f 847/338/573 848/335/574 849/339/575
f 850/186/565 811/138/533 846/183/561
f 849/339/575 851/340/576 847/338/573
f 852/416/577 853/417/2 854/418/577
f 853/417/2 852/416/577 855/419/2
f 856/336/578 857/341/2 858/337/578
f 857/341/2 856/336/578 859/342/2
f 860/181/567 816/142/536 819/151/539
f 861/340/579 862/338/580 863/335/581
f 819/151/539 864/179/571 860/181/567
f 863/335/581 865/339/582 861/340/579
f 838/186/565 834/183/561 866/184/583
f 839/340/566 867/343/584 835/338/562
f 868/185/585 838/186/565 866/184/583
f 867/343/584 839/340/566 869/344/586
f 870/182/587 840/181/567 844/179/571
f 871/345/588 837/339/564 872/346/589
f 844/179/571 873/180/590 870/182/587
f 872/346/589 874/347/591 871/345/588
f 850/186/565 846/183/561 875/184/583
f 876/348/558 872/346/589 837/339/564
f 877/185/585 850/186/565 875/184/583
f 837/339/564 836/335/563 876/348/558
f 878/182/587 860/181/567 864/179/571
f 845/415/572 879/420/592 841/412/568
f 864/179/571 880/180/590 878/182/587
f 881/137/593 882/166/116 883/167/594
f 883/167/594 882/166/116 884/168/2
f 885/163/595 886/161/2 887/164/595
f 887/164/595 886/161/2 888/165/2
f 889/126/6 890/117/596 891/161/108
f 889/126/6 891/161/108 892/162/6
f 879/420/592 845/415/572 893/421/597
f 894/149/116 895/422/6 896/147/116
f 894/149/116 897/423/6 895/422/6
f 898/67/6 897/423/6 894/149/116
f 894/149/116 899/65/598 898/67/6
f 900/37/599 901/33/600 902/153/601
f 900/37/599 902/153/601 903/155/602
f 904/424/603 843/414/570 905/425/604
f 906/426/605 907/427/606 908/428/606
f 909/50/607 906/426/605 908/428/606
f 908/428/606 910/48/608 909/50/607
f 911/38/609 900/37/599 903/155/602
f 911/38/609 903/155/602 912/156/610
f 905/425/604 913/429/603 904/424/603
f 901/33/600 914/32/611 915/152/612
f 902/153/601 901/33/600 915/152/612
f 915/152/612 916/154/612 902/153/601
f 917/430/558 905/425/604 843/414/570
f 918/146/2 896/147/116 919/148/2
f 896/147/116 918/146/2 894/149/116
f 920/150/613 894/149/116 918/146/2
f 894/149/116 920/150/613 899/65/598
f 921/101/614 922/97/615 923/144/616
f 921/101/614 923/144/616 924/145/617
f 925/431/618 926/432/619 927/433/619
f 925/431/618 927/433/619 928/434/620
f 843/414/570 842/413/569 917/430/558
f 929/53/621 930/52/6 931/141/6
f 932/340/622 933/343/623 934/338/624
f 929/53/621 931/141/6 935/143/625
f 933/343/623 932/340/622 936/344/626
f 922/97/615 937/96/6 881/137/593
f 938/346/627 939/347/628 940/339/629
f 937/96/6 941/140/6 881/137/593
f 939/347/628 942/345/630 940/339/629
f 890/117/596 943/88/6 944/87/631
f 945/348/558 938/346/627 940/339/629
f 943/88/6 890/117/596 889/126/6
f 940/339/629 946/335/632 945/348/558
f 937/96/6 922/97/615 947/95/6
f 851/340/576 948/343/633 847/338/573
f 921/101/614 947/95/6 922/97/615
f 948/343/633 851/340/576 949/344/634
f 944/87/631 943/88/6 950/89/6
f 828/346/557 951/347/635 849/339/575
f 950/89/6 952/91/636 944/87/631
f 951/347/635 953/345/635 849/339/575
f 954/49/637 955/81/638 956/39/639
f 829/348/558 828/346/557 849/339/575
f 957/83/640 956/39/639 955/81/638
f 849/339/575 848/335/574 829/348/558
f 747/303/488 810/312/502 829/348/558
f 747/303/488 829/348/558 848/335/574
f 958/77/641 959/31/642 960/41/643
f 861/340/579 961/343/644 862/338/580
f 960/41/643 962/79/645 958/77/641
f 961/343/644 861/340/579 963/344/646
f 956/39/639 911/38/609 909/50/607
f 826/346/555 964/347/647 865/339/582
f 909/50/607 954/49/637 956/39/639
f 964/347/647 965/345/647 865/339/582
f 960/41/643 901/33/600 900/37/599
f 827/348/556 826/346/555 865/339/582
f 901/33/600 960/41/643 959/31/642
f 865/339/582 863/335/581 827/348/556
f 761/312/502 760/311/501 872/346/589
f 761/312/502 872/346/589 876/348/558
f 966/435/648 852/416/577 854/418/577
f 966/435/648 854/418/577 967/436/648
f 968/333/649 969/336/650 970/337/650
f 968/333/649 970/337/650 971/334/651
f 972/63/652 973/64/6 899/65/598
f 974/437/653 975/438/654 976/439/655
f 898/67/6 899/65/598 973/64/6
f 977/440/656 978/441/657 979/442/658
f 980/54/659 981/56/660 930/52/6
f 979/442/658 982/443/661 977/440/656
f 930/52/6 929/53/621 980/54/659
f 983/444/662 984/445/663 985/446/664
f 910/48/608 954/49/637 909/50/607
f 986/447/665 987/448/6 988/449/6
f 956/39/639 960/41/643 900/37/599
f 988/449/6 989/450/666 986/447/665
f 900/37/599 911/38/609 956/39/639
f 982/443/661 976/439/655 977/440/656
f 959/31/642 914/32/611 901/33/600
f 976/439/655 982/443/661 974/437/653
f 990/27/161 991/28/11 992/29/667
f 993/391/81 994/390/81 995/392/81
f 995/392/81 994/390/81 996/393/81
f 997/451/166 261/216/163 998/452/166
f 261/216/163 997/451/166 999/374/457
f 1000/451/166 250/216/163 1001/452/166
f 250/216/163 1000/451/166 1002/374/457
f 1003/453/2 1004/390/2 1005/393/2
f 1004/390/2 1003/453/2 1006/454/2
f 1007/227/668 1008/388/463 1009/389/463
f 1007/227/668 1009/389/463 1010/455/669
f 1011/456/670 1012/384/465 1013/385/465
f 1011/456/670 1013/385/465 1014/457/671
f 1014/457/671 1015/380/467 1016/381/672
f 1014/457/671 1016/381/672 1017/224/168
f 1017/224/168 1018/225/169 1019/226/169
f 1017/224/168 1019/226/169 1007/227/668
f 272/227/170 1020/388/464 1021/389/463
f 272/227/170 1021/389/463 1022/455/669
f 1023/456/670 1024/384/465 1025/385/466
f 1023/456/670 1025/385/466 1026/457/673
f 1026/457/673 1027/380/672 1028/381/672
f 1026/457/673 1028/381/672 269/224/168
f 339/290/219 320/271/202 333/284/213
f 339/290/219 333/284/213 347/294/221
f 796/142/535 789/139/528 788/138/527
f 796/142/535 788/138/527 800/151/538
f 1029/458/674 1030/459/675 1031/460/675
f 1029/458/674 1031/460/675 1032/461/674
f 1033/462/676 1034/463/677 1035/464/677
f 1033/462/676 1035/464/677 1036/465/676
f 1037/466/678 1038/467/679 1039/468/679
f 1037/466/678 1039/468/679 1040/469/678
f 1041/470/680 1042/471/681 1043/472/681
f 1041/470/680 1043/472/681 1044/473/680
f 1045/474/682 1046/475/683 1047/476/683
f 1045/474/682 1047/476/683 1048/477/682
f 1049/478/684 1033/462/676 1036/465/676
f 1049/478/684 1036/465/676 1050/479/684
f 1038/467/679 1051/480/685 1052/481/686
f 1038/467/679 1052/481/686 1039/468/679
f 1053/482/687 1037/466/678 1040/469/678
f 1053/482/687 1040/469/678 1054/483/687
f 1055/484/166 1056/485/166 1057/486/166
f 1056/485/166 1055/484/166 1058/487/166
f 1058/487/166 1059/488/166 1056/485/166
f 1059/488/166 1058/487/166 1060/489/166
f 1060/489/166 1061/490/166 1059/488/166
f 1057/486/166 1061/490/166 1060/489/166
f 1062/491/166 1057/486/166 1060/489/166
f 1057/486/166 1062/491/166 1055/484/166
f 1063/492/688 325/276/207 324/275/206
f 1063/492/688 1064/493/689 325/276/207
f 319/270/201 1064/493/689 1063/492/688
f 1063/492/688 1065/494/688 319/270/201
f 317/268/199 319/270/201 1065/494/688
f 1066/495/690 1067/496/691 1068/497/691
f 1068/497/691 1069/498/692 1066/495/690
f 1070/499/693 1071/500/694 1072/501/694
f 1072/501/694 1073/502/693 1070/499/693
f 1074/503/695 1075/504/696 1076/505/697
f 1076/505/697 1077/506/695 1074/503/695
f 1078/507/698 1079/508/698 1080/509/699
f 1081/510/700 1078/507/698 1080/509/699
f 1067/496/691 1082/511/701 1083/512/702
f 1083/512/702 1068/497/691 1067/496/691
f 1070/499/693 1073/502/693 1083/512/702
f 1084/513/703 1070/499/693 1083/512/702
f 1074/503/695 1077/506/695 1084/513/703
f 1080/509/699 1074/503/695 1084/513/703
f 1085/514/704 1086/515/705 1087/516/706
f 1087/516/706 1088/517/707 1085/514/704
f 1089/518/708 1088/517/707 1090/519/709
f 1091/520/709 1089/518/708 1090/519/709
f 1092/521/710 1089/518/708 1093/522/711
f 1094/523/711 1092/521/710 1093/522/711
f 1092/521/710 1095/524/712 1096/525/712
f 1096/525/712 1085/514/704 1092/521/710
f 1097/526/713 1098/527/714 1099/528/715
f 1099/528/715 1100/529/716 1097/526/713
f 1101/530/717 1102/531/81 1103/532/81
f 1104/533/455 1101/530/717 1103/532/81
f 1105/534/718 1049/478/684 1050/479/684
f 1106/535/718 1105/534/718 1050/479/684
f 1034/463/677 1041/470/680 1044/473/680
f 1035/464/677 1034/463/677 1044/473/680
f 1045/474/682 1048/477/682 1052/481/686
f 1052/481/686 1051/480/685 1045/474/682
f 1106/535/718 1047/476/683 1046/475/683
f 1046/475/683 1105/534/718 1106/535/718
f 1032/461/674 1043/472/681 1042/471/681
f 1042/471/681 1029/458/674 1032/461/674
f 632/202/451 631/201/450 732/200/473
f 732/200/473 731/199/472 632/202/451
f 745/139/486 756/138/497 754/151/495
f 754/151/495 746/142/487 745/139/486
f 1107/536/719 1108/537/720 1109/538/721
f 1109/538/721 1110/539/722 1107/536/719
f 807/138/527 818/151/550 812/142/545
f 812/142/545 808/139/544 807/138/527
f 850/186/565 877/185/585 880/180/590
f 880/180/590 864/179/571 850/186/565
f 1111/376/83 1019/226/169 1018/225/169
f 1018/225/169 1112/377/83 1111/376/83
f 1113/378/11 1016/381/672 1015/380/467
f 1015/380/467 1114/379/11 1113/378/11
f 1115/382/81 1013/385/465 1012/384/465
f 1012/384/465 1116/383/81 1115/382/81
f 1117/386/2 1009/389/463 1008/388/463
f 1008/388/463 1118/387/2 1117/386/2
f 1119/540/166 1120/541/166 1121/542/723
f 1121/542/723 1122/543/724 1119/540/166
f 1007/227/668 1121/542/723 1123/544/161
f 1123/544/161 1017/224/168 1007/227/668
f 1017/224/168 1123/544/161 1124/545/12
f 1124/545/12 1014/457/671 1017/224/168
f 1014/457/671 1124/545/12 1125/546/81
f 1125/546/81 1011/456/670 1014/457/671
f 1010/455/669 1122/543/724 1121/542/723
f 1121/542/723 1007/227/668 1010/455/669
f 979/442/658 978/441/657 985/446/664
f 341/292/220 1126/547/725 342/293/220
f 1126/547/725 291/244/173 342/293/220
f 337/288/217 342/293/220 291/244/173
f 291/244/173 1127/548/81 337/288/217
f 1127/548/81 291/244/173 1128/549/81
f 295/247/177 1128/549/81 291/244/173
f 295/247/177 1129/550/81 1128/549/81
f 1129/550/81 295/247/177 1130/551/81
f 1130/551/81 295/247/177 1131/552/726
f 1131/552/726 1132/553/81 1130/551/81
f 985/446/664 984/445/663 979/442/658
f 328/279/210 296/248/178 329/280/211
f 329/280/211 296/248/178 331/282/211
f 296/248/178 299/251/181 331/282/211
f 299/251/181 323/274/205 331/282/211
f 299/251/181 1133/554/11 323/274/205
f 1133/554/11 299/251/181 1134/555/11
f 301/253/183 1134/555/11 299/251/181
f 301/253/183 1135/556/11 1134/555/11
f 1135/556/11 301/253/183 1136/557/11
f 1137/558/11 1136/557/11 301/253/183
f 301/253/183 304/255/186 1137/558/11
f 1138/559/11 1139/560/11 1137/558/11
f 1137/558/11 304/255/186 1138/559/11
f 1140/561/11 1138/559/11 304/255/186
f 304/255/186 296/248/178 1140/561/11
f 1140/561/11 296/248/178 328/279/210
f 1141/562/716 1142/563/713 1143/564/714
f 1144/565/715 1141/562/716 1143/564/714
f 1145/566/713 1146/567/714 1147/568/715
f 1147/568/715 1148/569/716 1145/566/713
f 982/443/661 1149/570/727 1150/571/728
f 1151/23/729 1152/572/730 1153/573/731
f 1154/574/732 1152/572/730 1151/23/729
f 1155/22/439 1154/574/732 1151/23/729
f 1156/575/733 1154/574/732 1155/22/439
f 1157/576/83 1156/575/733 1155/22/439
f 1156/575/733 1157/576/83 1158/577/83
f 1158/577/83 1153/573/731 1156/575/733
f 1153/573/731 1158/577/83 1151/23/729
f 1159/578/83 1160/579/734 1161/580/733
f 1159/578/83 1162/581/730 992/29/667
f 1163/582/735 1162/581/730 1159/578/83
f 1164/583/83 1163/582/735 1159/578/83
f 1161/580/733 1164/583/83 1159/578/83
f 1164/583/83 1161/580/733 1157/576/83
f 1161/580/733 1165/584/735 1157/576/83
f 1157/576/83 1165/584/735 1158/577/83
f 1165/584/735 1166/585/736 1158/577/83
f 1158/577/83 1166/585/736 1159/578/83
f 1166/585/736 1160/579/734 1159/578/83
f 1163/582/735 1164/583/83 990/27/161
f 990/27/161 1167/586/733 1163/582/735
f 1167/586/733 990/27/161 992/29/667
f 992/29/667 1168/587/734 1167/586/733
f 1162/581/730 1168/587/734 992/29/667
f 1097/526/713 1100/529/716 1160/579/734
f 1166/585/736 1097/526/713 1160/579/734
f 1097/526/713 1166/585/736 1165/584/735
f 1165/584/735 1098/527/714 1097/526/713
f 1099/528/715 1098/527/714 1165/584/735
f 1161/580/733 1099/528/715 1165/584/735
f 1160/579/734 1100/529/716 1161/580/733
f 1099/528/715 1161/580/733 1100/529/716
f 1142/563/713 1141/562/716 1153/573/731
f 1152/572/730 1142/563/713 1153/573/731
f 1142/563/713 1152/572/730 1154/574/732
f 1154/574/732 1143/564/714 1142/563/713
f 1143/564/714 1154/574/732 1156/575/733
f 1156/575/733 1144/565/715 1143/564/714
f 1153/573/731 1141/562/716 1156/575/733
f 1144/565/715 1156/575/733 1141/562/716
f 1146/567/714 1163/582/735 1167/586/733
f 1167/586/733 1147/568/715 1146/567/714
f 1168/587/734 1148/569/716 1167/586/733
f 1147/568/715 1167/586/733 1148/569/716
f 1145/566/713 1148/569/716 1168/587/734
f 1162/581/730 1145/566/713 1168/587/734
f 1145/566/713 1162/581/730 1163/582/735
f 1163/582/735 1146/567/714 1145/566/713
f 980/54/659 929/53/621 1169/588/737
f 1170/589/738 980/54/659 1169/588/737
f 1171/590/739 1172/591/740 1173/592/741
f 1173/592/741 935/143/625 1171/590/739
f 972/63/652 899/65/598 920/150/613
f 1174/593/742 972/63/652 920/150/613
f 957/83/640 962/79/645 960/41/643
f 960/41/643 956/39/639 957/83/640
f 1175/594/6 1171/590/739 935/143/625
f 935/143/625 931/141/6 1175/594/6
f 935/143/625 1173/592/741 1169/588/737
f 1169/588/737 929/53/621 935/143/625
f 1171/590/739 972/63/652 1174/593/742
f 1172/591/740 1171/590/739 1174/593/742
f 947/95/6 921/101/614 952/91/636
f 952/91/636 950/89/6 947/95/6
f 972/63/652 1171/590/739 1175/594/6
f 1175/594/6 973/64/6 972/63/652
f 885/163/595 887/164/595 927/433/619
f 927/433/619 926/432/619 885/163/595
f 928/434/620 1176/595/743 1177/596/743
f 1177/596/743 925/431/618 928/434/620
f 1177/596/743 1176/595/743 1178/597/744
f 1178/597/744 1179/598/744 1177/596/743
f 1180/599/745 1179/598/744 1178/597/744
f 1181/600/745 1180/599/745 1178/597/744
f 881/137/593 883/167/594 923/144/616
f 923/144/616 922/97/615 881/137/593
f 924/145/617 1182/601/746 952/91/636
f 952/91/636 921/101/614 924/145/617
f 952/91/636 1182/601/746 1183/602/747
f 1183/602/747 944/87/631 952/91/636
f 1183/602/747 1184/603/748 890/117/596
f 890/117/596 944/87/631 1183/602/747
f 980/54/659 1170/589/738 1185/604/11
f 1185/604/11 1186/160/749 980/54/659
f 1186/160/749 1185/604/11 1187/605/11
f 1187/605/11 1188/157/749 1186/160/749
f 1189/159/660 1188/157/749 1190/158/660
f 1189/159/660 1186/160/749 1188/157/749
f 981/56/660 1186/160/749 1189/159/660
f 981/56/660 980/54/659 1186/160/749
f 911/38/609 912/156/610 906/426/605
f 906/426/605 909/50/607 911/38/609
f 941/140/6 1191/606/6 882/166/116
f 882/166/116 881/137/593 941/140/6
f 1180/599/745 1181/600/745 1192/607/11
f 1192/607/11 1193/608/11 1180/599/745
f 891/161/108 890/117/596 1184/603/748
f 1184/603/748 1194/165/11 891/161/108
f 1195/609/750 1196/610/6 1197/611/6
f 1197/611/6 1101/530/717 1195/609/750
f 1198/612/166 1199/613/166 1200/614/751
f 1200/614/751 1104/533/455 1198/612/166
f 1201/615/83 1195/609/750 1200/614/751
f 1202/616/83 1201/615/83 1200/614/751
f 1195/609/750 1101/530/717 1104/533/455
f 1200/614/751 1195/609/750 1104/533/455
f 846/183/561 860/181/567 878/182/587
f 875/184/583 846/183/561 878/182/587
f 844/179/571 838/186/565 868/185/585
f 873/180/590 844/179/571 868/185/585
f 840/181/567 870/182/587 866/184/583
f 866/184/583 834/183/561 840/181/567
f 811/138/533 850/186/565 864/179/571
f 864/179/571 819/151/539 811/138/533
f 809/139/529 816/142/536 860/181/567
f 846/183/561 809/139/529 860/181/567
f 801/151/539 794/138/533 838/186/565
f 844/179/571 801/151/539 838/186/565
f 797/142/536 840/181/567 834/183/561
f 834/183/561 790/139/529 797/142/536
f 770/179/511 774/186/515 786/185/525
f 779/180/519 770/179/511 786/185/525
f 772/181/513 781/182/520 782/184/521
f 782/184/521 778/183/518 772/181/513
f 769/405/510 1203/617/752 1204/618/753
f 1204/618/753 762/398/503 769/405/510
f 765/401/506 762/398/503 1204/618/753
f 1205/619/754 765/401/506 1204/618/753
f 768/404/509 765/401/506 1205/619/754
f 1206/620/755 768/404/509 1205/619/754
f 768/404/509 1206/620/755 1203/617/752
f 1203/617/752 769/405/510 768/404/509
f 774/186/515 770/179/511 752/151/493
f 752/151/493 757/138/498 774/186/515
f 744/139/485 750/142/491 772/181/513
f 778/183/518 744/139/485 772/181/513
f 1108/537/720 1107/536/719 764/400/505
f 763/399/504 1108/537/720 764/400/505
f 1109/538/721 1108/537/720 763/399/504
f 766/402/507 1109/538/721 763/399/504
f 1109/538/721 766/402/507 767/403/508
f 767/403/508 1110/539/722 1109/538/721
f 1110/539/722 767/403/508 764/400/505
f 764/400/505 1107/536/719 1110/539/722
f 739/190/480 742/187/483 1207/188/756
f 1208/189/757 739/190/480 1207/188/756
f 740/192/481 739/190/480 1208/189/757
f 1209/191/758 740/192/481 1208/189/757
f 741/194/482 740/192/481 1209/191/758
f 1210/193/759 741/194/482 1209/191/758
f 742/187/483 741/194/482 1210/193/759
f 1207/188/756 742/187/483 1210/193/759
f 732/200/473 631/201/450 727/195/468
f 733/197/474 732/200/473 727/195/468
f 735/198/476 633/196/452 632/202/451
f 632/202/451 731/199/472 735/198/476
f 534/139/384 545/138/395 543/151/393
f 543/151/393 535/142/385 534/139/384
f 590/179/431 587/186/369 619/185/442
f 629/180/448 590/179/431 619/185/442
f 592/181/361 623/182/373 594/184/432
f 594/184/432 585/183/367 592/181/361
f 587/186/369 590/179/431 581/151/341
f 581/151/341 573/138/351 587/186/369
f 572/139/348 576/142/342 592/181/361
f 585/183/367 572/139/348 592/181/361
f 551/179/401 555/186/404 568/185/417
f 562/180/411 551/179/401 568/185/417
f 553/181/403 560/182/409 566/184/415
f 566/184/415 556/183/405 553/181/403
f 541/151/391 546/138/396 555/186/404
f 551/179/401 541/151/391 555/186/404
f 538/139/388 536/142/386 553/181/403
f 556/183/405 538/139/388 553/181/403
f 26/25/15 451/314/313 455/316/317
f 455/316/317 27/26/16 26/25/15
f 481/142/343 488/139/349 493/138/352
f 493/138/352 483/151/345 481/142/343
f 504/181/361 516/182/373 531/184/381
f 531/184/381 510/183/367 504/181/361
f 480/142/342 504/181/361 510/183/367
f 510/183/367 487/139/348 480/142/342
f 470/327/332 475/332/337 474/331/336
f 474/331/336 471/328/333 470/327/332
f 459/318/321 466/324/328 465/323/327
f 465/323/327 460/319/322 459/318/321
f 460/319/322 25/24/14 31/30/19
f 460/319/322 31/30/19 462/320/324
f 464/322/326 462/320/324 31/30/19
f 31/30/19 453/315/315 464/322/326
f 464/322/326 453/315/315 450/313/312
f 464/322/326 450/313/312 465/323/327
f 25/24/14 460/319/322 465/323/327
f 465/323/327 450/313/312 25/24/14
f 27/26/16 455/316/317 453/315/315
f 453/315/315 31/30/19 27/26/16
f 475/332/337 470/327/332 1211/621/760
f 1212/622/761 1211/621/760 470/327/332
f 1212/622/761 470/327/332 1213/623/762
f 1213/623/762 470/327/332 469/326/331
f 1214/624/763 469/326/331 1215/625/764
f 1216/626/762 1215/625/764 469/326/331
f 469/326/331 473/330/335 1216/626/762
f 1217/627/764 1216/626/762 473/330/335
f 1217/627/764 473/330/335 1218/628/760
f 1219/629/765 1218/628/760 473/330/335
f 473/330/335 475/332/337 1219/629/765
f 1220/630/766 1219/629/765 475/332/337
f 1220/630/766 475/332/337 1221/631/767
f 1211/621/760 1221/631/767 475/332/337
f 1222/632/768 1215/625/764 1216/626/762
f 1216/626/762 1223/633/767 1222/632/768
f 1223/633/767 1218/628/760 1219/629/765
f 1219/629/765 1224/634/762 1223/633/767
f 1223/633/767 1224/634/762 1225/635/765
f 1225/635/765 1222/632/768 1223/633/767
f 1222/632/768 1225/635/765 1213/623/762
f 1213/623/762 1226/636/767 1222/632/768
f 469/326/331 1226/636/767 1213/623/762
f 1214/624/763 1226/636/767 469/326/331
f 1221/631/767 1211/621/760 1224/634/762
f 1225/635/765 1224/634/762 1211/621/760
f 1220/630/766 1227/637/769 1228/638/770
f 1228/638/770 1219/629/765 1220/630/766
f 1217/627/764 1229/639/770 1230/640/771
f 1230/640/771 1216/626/762 1217/627/764
f 1231/641/772 1226/636/767 1214/624/763
f 1214/624/763 1232/642/773 1231/641/772
f 1212/622/761 1233/643/772 1234/644/774
f 1234/644/774 1211/621/760 1212/622/761
f 1215/625/764 1235/645/775 1214/624/763
f 1232/642/773 1214/624/763 1235/645/775
f 1221/631/767 1236/646/772 1220/630/766
f 1227/637/769 1220/630/766 1236/646/772
f 1218/628/760 1237/647/769 1229/639/770
f 1229/639/770 1217/627/764 1218/628/760
f 1212/622/761 1213/623/762 1238/648/771
f 1238/648/771 1233/643/772 1212/622/761
f 1211/621/760 1234/644/774 1239/649/770
f 1239/649/770 1225/635/765 1211/621/760
f 1240/650/772 1223/633/767 1216/626/762
f 1216/626/762 1230/640/771 1240/650/772
f 1222/632/768 1241/651/776 1215/625/764
f 1235/645/775 1215/625/764 1241/651/776
f 1236/646/772 1221/631/767 1224/634/762
f 1224/634/762 1242/652/771 1236/646/772
f 1223/633/767 1240/650/772 1218/628/760
f 1237/647/769 1218/628/760 1240/650/772
f 1219/629/765 1228/638/770 1242/652/771
f 1242/652/771 1224/634/762 1219/629/765
f 1226/636/767 1231/641/772 1222/632/768
f 1241/651/776 1222/632/768 1231/641/772
f 1225/635/765 1239/649/770 1213/623/762
f 1238/648/771 1213/623/762 1239/649/770
f 1231/641/772 1232/642/773 1235/645/775
f 1235/645/775 1241/651/776 1231/641/772
f 1237/647/769 1240/650/772 1230/640/771
f 1229/639/770 1237/647/769 1230/640/771
f 1227/637/769 1236/646/772 1242/652/771
f 1228/638/770 1227/637/769 1242/652/771
f 1234/644/774 1233/643/772 1238/648/771
f 1239/649/770 1234/644/774 1238/648/771
f 366/139/240 383/138/256 379/151/252
f 379/151/252 367/142/241 366/139/240
f 445/185/309 448/180/311 439/179/219
f 439/179/219 433/186/221 445/185/309
f 432/183/300 437/181/215 449/182/228
f 443/184/233 432/183/300 449/182/228
f 433/186/221 439/179/219 426/151/295
f 426/151/295 420/138/213 433/186/221
f 423/142/293 437/181/215 432/183/300
f 432/183/300 419/139/203 423/142/293
f 395/179/268 401/186/274 413/185/286
f 409/180/282 395/179/268 413/185/286
f 403/183/276 397/181/270 407/182/280
f 411/184/284 403/183/276 407/182/280
f 384/138/257 401/186/274 395/179/268
f 395/179/268 375/151/248 384/138/257
f 365/139/239 373/142/246 397/181/270
f 403/183/276 365/139/239 397/181/270
f 315/266/197 322/273/204 326/277/208
f 326/277/208 316/267/198 315/266/197
f 348/295/222 335/286/215 354/297/228
f 354/297/228 359/298/233 348/295/222
f 314/265/196 335/286/215 348/295/222
f 348/295/222 321/272/203 314/265/196
f 333/284/213 320/271/202 316/267/198
f 316/267/198 326/277/208 333/284/213
f 1243/653/777 310/261/192 309/260/191
f 309/260/191 1244/654/778 1243/653/777
f 1243/653/777 1244/654/778 308/259/190
f 308/259/190 307/258/189 1243/653/777
f 1243/653/777 307/258/189 1245/655/779
f 1246/656/780 1245/655/779 307/258/189
f 1246/656/780 307/258/189 1247/657/781
f 1247/657/781 307/258/189 306/257/188
f 1248/658/782 1249/659/783 310/261/192
f 1248/658/782 310/261/192 1250/660/784
f 1251/661/782 1250/660/784 310/261/192
f 1252/662/785 1250/660/784 1251/661/782
f 1251/661/782 1253/663/781 1252/662/785
f 1254/664/786 1255/665/782 1249/659/783
f 1249/659/783 1252/662/785 1254/664/786
f 1256/666/787 1254/664/786 1252/662/785
f 1252/662/785 1253/663/781 1256/666/787
f 1256/666/787 1253/663/781 1245/655/779
f 1257/667/785 1245/655/779 1253/663/781
f 1245/655/779 1257/667/785 1243/653/777
f 1258/668/779 1243/653/777 1257/667/785
f 1258/668/779 1251/661/782 1243/653/777
f 310/261/192 1243/653/777 1251/661/782
f 1259/669/785 1254/664/786 1256/666/787
f 1256/666/787 1247/657/781 1259/669/785
f 306/257/188 1259/669/785 1247/657/781
f 1260/670/781 1259/669/785 306/257/188
f 1260/670/781 306/257/188 1255/665/782
f 1255/665/782 306/257/188 310/261/192
f 310/261/192 1249/659/783 1255/665/782
f 1258/668/779 1261/671/788 1262/672/789
f 1262/672/789 1251/661/782 1258/668/779
f 1263/673/790 1249/659/783 1248/658/782
f 1248/658/782 1264/674/791 1263/673/790
f 1265/675/792 1259/669/785 1260/670/781
f 1260/670/781 1266/676/793 1265/675/792
f 1245/655/779 1246/656/780 1267/677/794
f 1267/677/794 1268/678/788 1245/655/779
f 1260/670/781 1255/665/782 1269/679/791
f 1269/679/791 1266/676/793 1260/670/781
f 1258/668/779 1257/667/785 1270/680/792
f 1270/680/792 1261/671/788 1258/668/779
f 1250/660/784 1271/681/795 1248/658/782
f 1264/674/791 1248/658/782 1271/681/795
f 1246/656/780 1247/657/781 1272/682/790
f 1272/682/790 1267/677/794 1246/656/780
f 1245/655/779 1268/678/788 1256/666/787
f 1273/683/796 1256/666/787 1268/678/788
f 1274/684/797 1252/662/785 1249/659/783
f 1249/659/783 1263/673/790 1274/684/797
f 1254/664/786 1275/685/798 1255/665/782
f 1269/679/791 1255/665/782 1275/685/798
f 1270/680/792 1257/667/785 1253/663/781
f 1253/663/781 1276/686/790 1270/680/792
f 1250/660/784 1252/662/785 1274/684/797
f 1274/684/797 1271/681/795 1250/660/784
f 1276/686/790 1253/663/781 1251/661/782
f 1251/661/782 1262/672/789 1276/686/790
f 1254/664/786 1259/669/785 1265/675/792
f 1265/675/792 1275/685/798 1254/664/786
f 1272/682/790 1247/657/781 1256/666/787
f 1256/666/787 1273/683/796 1272/682/790
f 1265/675/792 1266/676/793 1269/679/791
f 1269/679/791 1275/685/798 1265/675/792
f 1271/681/795 1274/684/797 1263/673/790
f 1264/674/791 1271/681/795 1263/673/790
f 1261/671/788 1270/680/792 1276/686/790
f 1262/672/789 1261/671/788 1276/686/790
f 1268/678/788 1267/677/794 1272/682/790
f 1273/683/796 1268/678/788 1272/682/790
f 187/138/102 214/186/138 219/179/143
f 219/179/143 200/151/111 187/138/102
f 183/139/101 197/142/107 215/181/139
f 213/183/137 183/139/101 215/181/139
f 209/186/133 212/179/136 158/151/111
f 158/151/111 145/138/102 209/186/133
f 143/139/101 151/142/107 211/181/135
f 207/183/131 143/139/101 211/181/135
f 1277/687/799 1278/688/799 1279/689/799
f 1279/689/799 1280/690/799 1277/687/799
f 1280/690/799 1279/689/799 1281/691/799
f 1282/692/799 1281/691/799 1279/689/799
f 1281/691/799 1282/692/799 1283/693/799
f 1284/694/799 1283/693/799 1282/692/799
f 1285/695/800 1286/696/801 1287/697/2
f 1287/697/2 1288/698/2 1285/695/800
f 1289/699/2 1288/698/2 1287/697/2
f 1290/700/2 1289/699/2 1287/697/2
f 89/86/71 1289/699/2 1290/700/2
f 93/90/73 89/86/71 1290/700/2
f 76/75/58 75/74/57 1291/701/11
f 1291/701/11 1292/702/11 76/75/58
f 1293/703/11 1292/702/11 1291/701/11
f 1294/704/11 1293/703/11 1291/701/11
f 83/80/65 1293/703/11 1294/704/11
f 85/82/67 83/80/65 1294/704/11
f 82/17/64 81/18/63 1295/705/81
f 1295/705/81 1296/706/81 82/17/64
f 1297/707/81 1296/706/81 1295/705/81
f 103/100/81 1297/707/81 1295/705/81
f 102/99/80 1297/707/81 103/100/81
f 1298/708/802 1299/709/802 1286/696/801
f 1286/696/801 1285/695/800 1298/708/802
f 41/40/29 1300/710/803 1301/711/804
f 1301/711/804 1302/712/805 41/40/29
f 1302/712/805 1301/711/804 1303/713/83
f 1303/713/83 1304/714/805 1302/712/805
f 1304/714/805 1303/713/83 1305/715/83
f 1305/715/83 1306/716/806 1304/714/805
f 1150/571/728 974/437/653 982/443/661
f 46/45/34 45/44/33 1307/717/807
f 1307/717/807 1308/718/808 46/45/34
f 46/45/34 1308/718/808 1309/719/809
f 1309/719/809 37/36/25 46/45/34
f 44/43/32 1310/720/810 1307/717/807
f 1307/717/807 45/44/33 44/43/32
f 67/66/50 70/69/52 1311/721/811
f 1311/721/811 1312/722/812 67/66/50
f 1313/723/813 979/442/658 1314/724/814
f 1315/725/815 74/73/56 1316/726/816
f 1316/726/816 1317/727/11 1315/725/815
f 1315/725/815 1317/727/11 1311/721/811
f 1311/721/811 70/69/52 1315/725/815
f 59/58/44 1318/728/817 1319/729/818
f 1319/729/818 60/59/45 59/58/44
f 60/59/45 1319/729/818 1320/730/81
f 1320/730/81 62/61/47 60/59/45
f 62/61/47 1320/730/81 1321/731/819
f 1321/731/819 52/51/39 62/61/47
f 37/36/25 1309/719/809 1300/710/803
f 1300/710/803 41/40/29 37/36/25
f 52/51/39 1321/731/819 1310/720/810
f 1310/720/810 44/43/32 52/51/39
f 67/66/50 1312/722/812 1318/728/817
f 1318/728/817 59/58/44 67/66/50
f 73/72/55 1322/732/161 1316/726/816
f 1316/726/816 74/73/56 73/72/55
f 984/445/663 1314/724/814 979/442/658
f 1306/716/806 1323/733/820 1304/714/805
f 1324/734/820 1304/714/805 1323/733/820
f 1304/714/805 1324/734/820 1325/735/820
f 1325/735/820 1302/712/805 1304/714/805
f 1302/712/805 1325/735/820 35/34/23
f 35/34/23 41/40/29 1302/712/805
f 71/70/53 74/73/56 1315/725/815
f 1315/725/815 1326/736/821 71/70/53
f 1327/737/821 1326/736/821 1315/725/815
f 1315/725/815 70/69/52 1327/737/821
f 1327/737/821 70/69/52 69/68/51
f 1328/738/81 1329/739/81 1330/740/81
f 1331/741/81 1328/738/81 1330/740/81
f 1332/742/81 1333/743/81 1334/744/81
f 1335/745/81 1332/742/81 1334/744/81
f 1336/746/2 1337/747/2 1338/168/2
f 1339/748/2 1336/746/2 1338/168/2
f 1340/749/81 1341/750/81 1342/8/81
f 1342/8/81 1343/11/81 1340/749/81
f 1344/751/11 1345/752/11 1346/753/11
f 1346/753/11 1347/754/11 1344/751/11
f 1348/755/822 1349/756/822 1350/757/822
f 1351/758/822 1348/755/822 1350/757/822
f 1352/759/11 1353/760/11 1354/761/12
f 1354/761/12 1355/762/12 1352/759/11
f 1355/762/12 1354/761/12 1356/763/17
f 1356/763/17 1357/764/17 1355/762/12
f 1358/765/2 1357/764/17 1356/763/17
f 1356/763/17 1359/766/2 1358/765/2
f 1360/767/6 1361/768/6 1362/769/6
f 1362/769/6 1363/770/6 1360/767/6
f 1364/15/6 1365/771/6 1366/772/6
f 1367/773/6 1364/15/6 1366/772/6
f 1368/526/823 1369/527/824 1370/528/825
f 1370/528/825 1371/529/826 1368/526/823
f 1372/562/826 1373/563/823 1374/564/824
f 1375/565/825 1372/562/826 1374/564/824
f 1376/566/823 1377/567/824 1378/568/825
f 1378/568/825 1379/569/826 1376/566/823
f 1380/774/827 1381/775/6 1382/776/6
f 24/23/13 1383/572/828 1384/573/829
f 1385/574/830 1383/572/828 24/23/13
f 23/22/12 1385/574/830 24/23/13
f 1386/575/831 1385/574/830 23/22/12
f 23/22/12 1387/576/81 1386/575/831
f 1386/575/831 1387/576/81 1388/577/81
f 1388/577/81 1384/573/829 1386/575/831
f 1384/573/829 1388/577/81 24/23/13
f 1389/578/81 1390/579/832 1391/580/831
f 1389/578/81 1392/581/833 30/29/18
f 1393/582/830 1392/581/833 1389/578/81
f 1394/583/81 1393/582/830 1389/578/81
f 1391/580/831 1394/583/81 1389/578/81
f 1394/583/81 1391/580/831 1387/576/81
f 1391/580/831 1395/584/834 1387/576/81
f 1387/576/81 1395/584/834 1388/577/81
f 1395/584/834 1396/585/835 1388/577/81
f 1388/577/81 1396/585/835 1389/578/81
f 1396/585/835 1390/579/832 1389/578/81
f 1393/582/830 1394/583/81 28/27/17
f 28/27/17 1397/586/831 1393/582/830
f 1397/586/831 28/27/17 30/29/18
f 30/29/18 1398/587/832 1397/586/831
f 1392/581/833 1398/587/832 30/29/18
f 1371/529/826 1390/579/832 1396/585/835
f 1396/585/835 1368/526/823 1371/529/826
f 1368/526/823 1396/585/835 1395/584/834
f 1395/584/834 1369/527/824 1368/526/823
f 1395/584/834 1391/580/831 1370/528/825
f 1370/528/825 1369/527/824 1395/584/834
f 1390/579/832 1371/529/826 1391/580/831
f 1370/528/825 1391/580/831 1371/529/826
f 1373/563/823 1372/562/826 1384/573/829
f 1383/572/828 1373/563/823 1384/573/829
f 1373/563/823 1383/572/828 1385/574/830
f 1385/574/830 1374/564/824 1373/563/823
f 1374/564/824 1385/574/830 1386/575/831
f 1386/575/831 1375/565/825 1374/564/824
f 1384/573/829 1372/562/826 1386/575/831
f 1375/565/825 1386/575/831 1372/562/826
f 1377/567/824 1393/582/830 1397/586/831
f 1397/586/831 1378/568/825 1377/567/824
f 1398/587/832 1379/569/826 1397/586/831
f 1378/568/825 1397/586/831 1379/569/826
f 1376/566/823 1379/569/826 1398/587/832
f 1392/581/833 1376/566/823 1398/587/832
f 1376/566/823 1392/581/833 1393/582/830
f 1393/582/830 1377/567/824 1376/566/823
f 55/54/41 54/53/40 1399/588/836
f 1400/589/837 55/54/41 1399/588/836
f 1401/590/838 1402/591/839 1403/592/840
f 1403/592/840 148/143/104 1401/590/838
f 64/63/48 66/65/49 156/150/109
f 1404/593/841 64/63/48 156/150/109
f 86/83/68 80/79/62 42/41/30
f 42/41/30 40/39/28 86/83/68
f 1405/594/6 1401/590/838 148/143/104
f 148/143/104 146/141/6 1405/594/6
f 148/143/104 1403/592/840 1399/588/836
f 1399/588/836 54/53/40 148/143/104
f 1401/590/838 64/63/48 1404/593/841
f 1402/591/839 1401/590/838 1404/593/841
f 1405/594/6 65/64/6 64/63/48
f 64/63/48 1401/590/838 1405/594/6
f 1406/432/842 170/163/117 172/164/117
f 1407/433/842 1406/432/842 172/164/117
f 1407/433/842 1408/434/843 1409/431/844
f 1409/431/844 1406/432/842 1407/433/842
f 1408/434/843 1410/595/845 1411/596/845
f 1411/596/845 1409/431/844 1408/434/843
f 1411/596/845 1410/595/845 1412/597/846
f 1412/597/846 1413/598/846 1411/596/845
f 1412/597/846 1414/600/847 1415/599/847
f 1415/599/847 1413/598/846 1412/597/846
f 140/137/98 175/167/118 149/144/105
f 149/144/105 100/97/78 140/137/98
f 94/91/74 104/101/82 150/145/106
f 1416/601/848 94/91/74 150/145/106
f 94/91/74 1416/601/848 1417/602/849
f 1417/602/849 90/87/72 94/91/74
f 1417/602/849 1418/603/850 120/117/88
f 120/117/88 90/87/72 1417/602/849
f 55/54/41 1400/589/837 1419/604/2
f 1419/604/2 167/160/116 55/54/41
f 167/160/116 1419/604/2 1420/605/2
f 1420/605/2 164/157/116 167/160/116
f 1421/428/851 49/48/36 51/50/38
f 51/50/38 1422/426/852 1421/428/851
f 1422/426/852 1423/427/851 1421/428/851
f 1422/426/852 51/50/38 39/38/27
f 39/38/27 163/156/115 1422/426/852
f 155/149/108 66/65/49 68/67/6
f 68/67/6 1424/423/6 155/149/108
f 1425/422/6 155/149/108 1424/423/6
f 1425/422/6 153/147/108 155/149/108
f 174/166/108 140/137/98 144/140/6
f 144/140/6 1426/606/6 174/166/108
f 1415/599/847 1414/600/847 1427/607/2
f 1427/607/2 1428/608/2 1415/599/847
f 168/161/116 120/117/88 1418/603/850
f 1418/603/850 1429/165/2 168/161/116
f 1430/777/6 1431/778/6 1432/779/6
f 1432/779/6 1433/780/6 1430/777/6
f 1434/781/2 1435/782/2 1436/783/2
f 1437/784/2 1434/781/2 1436/783/2
f 1438/785/83 1439/786/83 1440/787/83
f 1441/788/83 1438/785/83 1440/787/83
f 1442/789/11 1443/790/11 1444/791/11
f 1445/792/11 1442/789/11 1444/791/11
f 1446/793/83 1447/794/83 1448/795/83
f 1449/796/83 1446/793/83 1448/795/83
f 204/186/130 203/185/129 195/180/123
f 195/180/123 194/179/122 204/186/130
f 201/183/127 196/181/124 198/182/125
f 202/184/128 201/183/127 198/182/125
f 208/138/132 204/186/130 194/179/122
f 194/179/122 205/151/111 208/138/132
f 210/139/134 206/142/107 196/181/124
f 201/183/127 210/139/134 196/181/124
f 208/138/132 205/151/111 192/178/110
f 192/178/110 191/177/120 208/138/132
f 189/175/103 206/142/107 210/139/134
f 210/139/134 190/176/119 189/175/103
f 236/202/160 235/201/159 234/200/158
f 234/200/158 232/199/156 236/202/160
f 216/187/140 226/194/150 225/193/149
f 217/188/141 216/187/140 225/193/149
f 229/196/153 231/198/155 223/192/147
f 226/194/150 229/196/153 223/192/147
f 234/200/158 235/201/159 228/195/152
f 230/197/154 234/200/158 228/195/152
f 236/202/160 232/199/156 231/198/155
f 229/196/153 236/202/160 231/198/155
f 250/216/163 1002/374/457 1450/373/456
f 1450/373/456 247/213/162 250/216/163
f 1451/797/853 247/213/162 1450/373/456
f 1450/373/456 1452/798/853 1451/797/853
f 254/220/165 257/223/167 1453/375/854
f 1453/375/854 251/217/164 254/220/165
f 1454/799/108 1455/800/108 251/217/164
f 251/217/164 1453/375/854 1454/799/108
f 1456/801/83 1453/375/854 257/223/167
f 1457/802/83 1456/801/83 257/223/167
f 1451/797/853 1452/798/853 1458/803/83
f 1459/804/83 1451/797/853 1458/803/83
f 1454/799/108 1460/805/11 1461/806/11
f 1461/806/11 1455/800/108 1454/799/108
f 1462/373/456 258/213/162 261/216/163
f 999/374/457 1462/373/456 261/216/163
f 1463/797/853 258/213/162 1462/373/456
f 1462/373/456 1464/798/853 1463/797/853
f 265/220/165 268/223/167 1465/375/854
f 1465/375/854 262/217/164 265/220/165
f 1466/799/108 1467/800/108 262/217/164
f 262/217/164 1465/375/854 1466/799/108
f 1468/801/83 1465/375/854 268/223/167
f 1469/802/83 1468/801/83 268/223/167
f 1464/798/853 1470/803/83 1471/804/83
f 1471/804/83 1463/797/853 1464/798/853
f 1466/799/108 1472/805/11 1473/806/11
f 1473/806/11 1467/800/108 1466/799/108
f 1474/376/83 271/226/169 270/225/169
f 270/225/169 1475/377/83 1474/376/83
f 1476/378/11 1028/381/672 1027/380/672
f 1027/380/672 1477/379/11 1476/378/11
f 1478/382/81 1025/385/466 1024/384/465
f 1024/384/465 1479/383/81 1478/382/81
f 1480/386/2 1021/389/463 1020/388/464
f 1020/388/464 1481/387/2 1480/386/2
f 1482/540/166 1483/541/166 1484/542/723
f 1484/542/723 1485/543/724 1482/540/166
f 272/227/170 1484/542/723 1486/544/161
f 1486/544/161 269/224/168 272/227/170
f 269/224/168 1486/544/161 1487/545/12
f 1487/545/12 1026/457/673 269/224/168
f 1026/457/673 1487/545/12 1488/546/81
f 1488/546/81 1023/456/670 1026/457/673
f 1022/455/669 1485/543/724 1484/542/723
f 1484/542/723 272/227/170 1022/455/669
f 293/246/175 1489/807/855 1131/552/726
f 1131/552/726 295/247/177 293/246/175
f 304/255/186 301/253/183 300/252/182
f 300/252/182 303/254/185 304/255/186
f 1380/774/827 1382/776/6 1490/808/856
f 332/283/211 327/278/209 325/276/207
f 1064/493/689 332/283/211 325/276/207
f 330/281/212 332/283/211 1064/493/689
f 319/270/201 330/281/212 1064/493/689
f 336/287/216 338/289/218 312/263/194
f 311/262/193 336/287/216 312/263/194
f 334/285/214 330/281/212 319/270/201
f 318/269/200 334/285/214 319/270/201
f 1491/809/857 1492/810/6 1493/811/858
f 369/301/243 368/300/242 1494/302/243
f 368/300/242 311/262/193 1494/302/243
f 313/264/195 1494/302/243 311/262/193
f 1495/812/81 1496/813/81 1497/814/81
f 1497/814/81 1498/815/81 1495/812/81
f 292/245/174 291/244/173 1126/547/725
f 1126/547/725 1499/816/859 292/245/174
f 340/291/220 336/287/216 311/262/193
f 368/300/242 340/291/220 311/262/193
f 1492/810/6 1500/817/6 1493/811/858
f 1501/551/81 1132/553/81 1131/552/726
f 352/247/226 1501/551/81 1131/552/726
f 1502/550/81 1501/551/81 352/247/226
f 1503/549/81 1502/550/81 352/247/226
f 1503/549/81 352/247/226 350/244/224
f 1503/549/81 350/244/224 1504/548/81
f 1504/548/81 350/244/224 390/288/263
f 390/288/263 350/244/224 1505/293/220
f 1126/547/725 1505/293/220 350/244/224
f 1505/293/220 1126/547/725 341/292/220
f 1506/818/6 1507/819/860 1508/820/861
f 1509/558/2 1510/560/2 1511/559/2
f 361/255/235 1509/558/2 1511/559/2
f 361/255/235 1511/559/2 1512/561/2
f 361/255/235 1512/561/2 362/248/236
f 362/248/236 1512/561/2 386/279/259
f 362/248/236 386/279/259 1513/280/862
f 1514/282/862 362/248/236 1513/280/862
f 362/248/236 1514/282/862 356/251/230
f 380/274/253 356/251/230 1514/282/862
f 1515/554/2 356/251/230 380/274/253
f 1516/555/2 356/251/230 1515/554/2
f 1516/555/2 358/253/232 356/251/230
f 1516/555/2 1517/556/2 358/253/232
f 1517/556/2 1518/557/2 358/253/232
f 358/253/232 1518/557/2 1509/558/2
f 1509/558/2 361/255/235 358/253/232
f 1506/818/6 1508/820/861 1519/821/6
f 285/239/166 282/236/166 1520/238/166
f 1521/233/166 1522/232/166 1523/234/166
f 1523/234/166 1522/232/166 1524/240/166
f 287/241/166 1524/240/166 1522/232/166
f 1524/240/166 287/241/166 285/239/166
f 1520/238/166 1524/240/166 285/239/166
f 1523/234/166 1524/240/166 1520/238/166
f 1520/238/166 1525/242/166 1523/234/166
f 1526/243/166 1525/242/166 1520/238/166
f 1520/238/166 1527/237/166 1526/243/166
f 1527/237/166 1520/238/166 282/236/166
f 282/236/166 281/235/166 1527/237/166
f 1131/552/726 1489/807/855 351/246/225
f 351/246/225 352/247/226 1131/552/726
f 356/251/230 355/250/229 362/248/236
f 364/249/238 362/248/236 355/250/229
f 361/255/235 360/254/234 357/252/231
f 357/252/231 358/253/232 361/255/235
f 388/281/261 378/270/251 1528/493/863
f 1528/493/863 1529/283/862 388/281/261
f 1529/283/862 1528/493/863 382/276/255
f 382/276/255 381/278/254 1529/283/862
f 391/287/264 371/262/244 374/263/247
f 374/263/247 389/289/262 391/287/264
f 387/285/260 376/269/249 378/270/251
f 378/270/251 388/281/261 387/285/260
f 1530/822/864 1531/823/865 1532/824/6
f 385/275/258 382/276/255 1533/492/866
f 382/276/255 1528/493/863 1533/492/866
f 1533/492/866 1528/493/863 378/270/251
f 378/270/251 1534/494/866 1533/492/866
f 377/268/250 1534/494/866 378/270/251
f 381/278/254 380/274/253 1514/282/862
f 1514/282/862 1529/283/862 381/278/254
f 388/281/261 1529/283/862 1514/282/862
f 1514/282/862 1513/280/862 388/281/261
f 388/281/261 1513/280/862 386/279/259
f 1532/824/6 1535/825/6 1530/822/864
f 1536/826/867 1537/827/868 1538/828/868
f 1536/826/867 1538/828/868 1539/829/867
f 1490/808/856 1540/830/869 1541/831/870
f 1490/808/856 1541/831/870 1542/832/871
f 1543/833/83 1544/834/83 1545/835/872
f 1543/833/83 1545/835/872 1546/836/873
f 1547/837/2 1548/838/2 1549/839/874
f 1547/837/2 1549/839/874 1550/840/874
f 1505/293/220 341/292/220 340/291/220
f 391/287/264 1505/293/220 340/291/220
f 390/288/263 1505/293/220 391/287/264
f 1551/812/81 1498/815/81 1497/814/81
f 1497/814/81 1552/813/81 1551/812/81
f 349/245/223 1499/816/859 1126/547/725
f 1126/547/725 350/244/224 349/245/223
f 340/291/220 368/300/242 371/262/244
f 371/262/244 391/287/264 340/291/220
f 1553/841/11 1554/842/11 1555/843/11
f 1556/844/11 1553/841/11 1555/843/11
f 1553/841/11 1556/844/11 1557/845/11
f 1556/844/11 1558/846/11 1557/845/11
f 1556/844/11 1559/847/11 1558/846/11
f 1556/844/11 1560/848/11 1559/847/11
f 1561/849/11 1562/850/11 1563/851/11
f 1561/849/11 1563/851/11 1564/852/11
f 1558/846/11 1565/853/11 1566/854/11
f 1566/854/11 1561/849/11 1558/846/11
f 1558/846/11 1561/849/11 1557/845/11
f 1564/852/11 1557/845/11 1561/849/11
f 1567/855/11 1557/845/11 1564/852/11
f 1568/856/11 1567/855/11 1564/852/11
f 595/333/433 596/334/433 398/303/271
f 508/335/365 595/333/433 398/303/271
f 436/306/303 442/305/307 447/303/310
f 447/303/310 434/304/301 436/306/303
f 554/348/394 431/312/292 430/311/299
f 550/346/400 554/348/394 430/311/299
f 478/306/340 486/305/347 491/303/350
f 491/303/350 476/304/338 478/306/340
f 508/335/365 398/303/271 431/312/292
f 554/348/394 508/335/365 431/312/292
f 447/303/310 446/312/292 569/348/394
f 569/348/394 496/335/354 447/303/310
f 529/335/379 491/303/350 490/312/292
f 593/348/394 529/335/379 490/312/292
f 490/312/292 485/311/306 588/346/429
f 588/346/429 593/348/394 490/312/292
f 1569/341/81 499/337/357 498/336/356
f 498/336/356 1570/342/81 1569/341/81
f 467/312/329 457/311/319 578/346/422
f 578/346/422 583/348/426 467/312/329
f 557/340/406 559/338/408 496/335/354
f 496/335/354 565/339/414 557/340/406
f 1571/848/2 1572/844/2 1573/847/2
f 1573/847/2 1572/844/2 1574/846/2
f 1574/846/2 1572/844/2 1575/845/2
f 1572/844/2 1576/841/2 1575/845/2
f 1576/841/2 1572/844/2 1577/843/2
f 1578/842/2 1576/841/2 1577/843/2
f 1579/855/2 1580/856/2 1581/852/2
f 1575/845/2 1579/855/2 1581/852/2
f 1582/849/2 1575/845/2 1581/852/2
f 1582/849/2 1574/846/2 1575/845/2
f 1582/849/2 1583/854/2 1574/846/2
f 1584/853/2 1574/846/2 1583/854/2
f 1581/852/2 1585/851/2 1582/849/2
f 1586/850/2 1582/849/2 1585/851/2
f 421/312/292 544/348/394 502/335/359
f 502/335/359 392/303/265 421/312/292
f 467/312/329 583/348/426 514/335/371
f 514/335/371 404/303/277 467/312/329
f 421/312/292 416/311/289 540/346/390
f 540/346/390 544/348/394 421/312/292
f 601/333/435 604/334/435 491/303/350
f 491/303/350 529/335/379 601/333/435
f 569/348/394 446/312/292 441/311/306
f 441/311/306 563/346/412 569/348/394
f 600/334/434 404/303/277 514/335/371
f 514/335/371 597/333/434 600/334/434
f 497/333/355 500/334/355 392/303/265
f 392/303/265 502/335/359 497/333/355
f 1587/341/81 603/337/375 602/336/356
f 602/336/356 1588/342/81 1587/341/81
f 1589/341/81 599/337/357 598/336/357
f 598/336/357 1590/342/81 1589/341/81
f 609/353/161 612/356/438 607/351/436
f 607/351/436 606/350/12 609/353/161
f 1591/857/12 1592/858/875 617/361/440
f 617/361/440 616/360/17 1591/857/12
f 1593/859/11 1594/860/11 1592/858/875
f 1592/858/875 1591/857/12 1593/859/11
f 615/359/439 618/362/441 1595/861/83
f 1595/861/83 1596/862/83 615/359/439
f 621/364/443 624/366/444 634/372/453
f 634/372/453 630/371/449 621/364/443
f 1597/863/876 621/364/443 630/371/449
f 630/371/449 1598/864/876 1597/863/876
f 1599/865/877 1600/866/877 634/372/453
f 624/366/444 1599/865/877 634/372/453
f 639/353/161 642/356/438 637/351/436
f 637/351/436 636/350/12 639/353/161
f 1601/857/12 1602/858/875 647/361/440
f 647/361/440 646/360/17 1601/857/12
f 1603/859/11 1604/860/11 1602/858/875
f 1602/858/875 1601/857/12 1603/859/11
f 645/359/439 648/362/441 1605/861/83
f 1605/861/83 1606/862/83 645/359/439
f 651/364/454 650/366/444 1607/372/453
f 1607/372/453 1608/371/878 651/364/454
f 653/367/445 656/370/447 1608/371/878
f 1608/371/878 1607/372/453 653/367/445
f 1609/863/879 651/364/454 1608/371/878
f 1608/371/878 1610/864/879 1609/863/879
f 1611/865/877 1612/866/877 1607/372/453
f 650/366/444 1611/865/877 1607/372/453
f 1613/797/853 1614/798/853 658/373/456
f 660/213/458 1613/797/853 658/373/456
f 1615/799/116 664/375/460 666/217/462
f 666/217/462 1616/800/116 1615/799/116
f 1617/801/83 1618/802/83 665/223/461
f 665/223/461 664/375/460 1617/801/83
f 1619/221/166 663/220/459 1620/222/166
f 665/223/461 1620/222/166 663/220/459
f 1613/797/853 1621/804/83 1622/803/83
f 1622/803/83 1614/798/853 1613/797/853
f 1623/806/2 1624/805/2 1615/799/116
f 1615/799/116 1616/800/116 1623/806/2
f 1625/797/853 1626/798/853 670/373/456
f 672/213/458 1625/797/853 670/373/456
f 1627/799/116 676/375/460 678/217/462
f 678/217/462 1628/800/116 1627/799/116
f 1629/801/83 1630/802/83 677/223/461
f 677/223/461 676/375/460 1629/801/83
f 1631/221/166 675/220/459 1632/222/166
f 677/223/461 1632/222/166 675/220/459
f 1626/798/853 1625/797/853 1633/804/83
f 1633/804/83 1634/803/83 1626/798/853
f 1635/806/2 1636/805/2 1627/799/116
f 1627/799/116 1628/800/116 1635/806/2
f 1637/540/166 1638/543/880 1639/542/881
f 1640/541/166 1637/540/166 1639/542/881
f 1641/227/882 1642/224/170 1643/544/439
f 1639/542/881 1641/227/882 1643/544/439
f 1642/224/170 1644/457/883 1645/545/17
f 1643/544/439 1642/224/170 1645/545/17
f 1644/457/883 1646/456/670 1647/546/81
f 1645/545/17 1644/457/883 1647/546/81
f 1648/455/884 1641/227/882 1639/542/881
f 1638/543/880 1648/455/884 1639/542/881
f 684/226/169 683/225/169 1642/224/170
f 1641/227/882 684/226/169 1642/224/170
f 688/381/464 687/380/463 1644/457/883
f 1642/224/170 688/381/464 1644/457/883
f 692/385/466 691/384/465 1646/456/670
f 1644/457/883 692/385/466 1646/456/670
f 696/389/467 695/388/467 1641/227/882
f 1648/455/884 696/389/467 1641/227/882
f 1649/540/166 1650/543/880 1651/542/881
f 1652/541/166 1649/540/166 1651/542/881
f 1653/227/885 1654/224/886 1655/544/439
f 1651/542/881 1653/227/885 1655/544/439
f 1654/224/886 1656/457/887 1657/545/17
f 1655/544/439 1654/224/886 1657/545/17
f 1656/457/887 1658/456/670 1659/546/81
f 1657/545/17 1656/457/887 1659/546/81
f 1660/455/884 1653/227/885 1651/542/881
f 1650/543/880 1660/455/884 1651/542/881
f 700/226/169 699/225/169 1654/224/886
f 1653/227/885 700/226/169 1654/224/886
f 704/381/463 703/380/463 1656/457/887
f 1654/224/886 704/381/463 1656/457/887
f 708/385/465 707/384/465 1658/456/670
f 1656/457/887 708/385/465 1658/456/670
f 712/389/467 711/388/467 1653/227/885
f 1660/455/884 712/389/467 1653/227/885
f 1661/390/11 1662/454/11 1663/453/11
f 1664/393/11 1661/390/11 1663/453/11
f 1665/451/166 1666/452/166 657/216/455
f 657/216/455 659/374/457 1665/451/166
f 669/216/455 671/374/457 1667/451/166
f 1668/452/166 669/216/455 1667/451/166
f 1669/867/81 1670/868/81 1671/869/81
f 1672/870/81 1669/867/81 1671/869/81
f 1669/867/81 1672/870/81 1673/871/81
f 1672/870/81 1674/872/81 1673/871/81
f 1672/870/81 1675/873/888 1674/872/81
f 1672/870/81 1676/874/81 1675/873/888
f 1677/875/81 1678/876/81 1679/877/81
f 1677/875/81 1679/877/81 1680/878/81
f 1674/872/81 1681/879/81 1682/880/81
f 1682/880/81 1677/875/81 1674/872/81
f 1674/872/81 1677/875/81 1673/871/81
f 1680/878/81 1673/871/81 1677/875/81
f 1683/881/81 1673/871/81 1680/878/81
f 1684/882/81 1683/881/81 1680/878/81
f 966/435/648 967/436/648 736/394/477
f 842/413/569 966/435/648 736/394/477
f 785/306/524 793/305/532 799/303/537
f 799/303/537 783/304/522 785/306/524
f 777/410/517 905/425/604 917/430/558
f 917/430/558 780/411/502 777/410/517
f 815/306/548 822/305/553 825/303/537
f 825/303/537 813/304/546 815/306/548
f 780/411/502 917/430/558 842/413/569
f 736/394/477 780/411/502 842/413/569
f 799/303/537 798/312/502 945/348/558
f 945/348/558 946/335/632 799/303/537
f 825/303/537 824/312/554 827/348/556
f 827/348/556 863/335/581 825/303/537
f 1685/341/2 832/337/560 831/336/560
f 831/336/560 1686/342/2 1685/341/2
f 1687/334/889 799/303/537 946/335/632
f 946/335/632 1688/333/889 1687/334/889
f 932/340/622 934/338/624 946/335/632
f 946/335/632 940/339/629 932/340/622
f 1689/848/83 1690/844/83 1691/847/83
f 1691/847/83 1690/844/83 1692/846/83
f 1692/846/83 1690/844/83 1693/845/83
f 1690/844/83 1694/841/83 1693/845/83
f 1694/841/83 1690/844/83 1695/843/83
f 1696/842/83 1694/841/83 1695/843/83
f 1697/855/83 1698/856/83 1699/852/83
f 1693/845/83 1697/855/83 1699/852/83
f 1700/849/83 1693/845/83 1699/852/83
f 1700/849/83 1692/846/83 1693/845/83
f 1700/849/83 1701/854/83 1692/846/83
f 1702/853/83 1692/846/83 1701/854/83
f 1699/852/83 1703/851/83 1700/849/83
f 1704/850/83 1700/849/83 1703/851/83
f 761/312/502 876/348/558 836/335/563
f 836/335/563 728/303/469 761/312/502
f 968/333/649 971/334/651 825/303/537
f 825/303/537 863/335/581 968/333/649
f 792/311/531 938/346/627 945/348/558
f 945/348/558 798/312/502 792/311/531
f 1705/334/890 747/303/488 848/335/574
f 848/335/574 1706/333/890 1705/334/890
f 833/334/559 728/303/469 836/335/563
f 836/335/563 830/333/559 833/334/559
f 1707/341/2 970/337/650 969/336/650
f 969/336/650 1708/342/2 1707/341/2
f 1709/341/2 1710/337/560 1711/336/560
f 1711/336/560 1712/342/2 1709/341/2
f 856/336/578 858/337/578 1687/334/889
f 1687/334/889 1688/333/889 856/336/578
f 1711/336/560 1710/337/560 1705/334/890
f 1705/334/890 1706/333/890 1711/336/560
f 982/443/661 979/442/658 1313/723/813
f 1313/723/813 1149/570/727 982/443/661
f 1713/883/891 1714/884/6 1715/885/892
f 1716/886/6 1715/885/892 1714/884/6
f 1717/887/6 1718/888/6 1719/889/893
f 1720/890/894 1717/887/6 1719/889/893
f 1721/891/6 1540/830/869 1490/808/856
f 1490/808/856 1382/776/6 1721/891/6
f 1492/810/6 1491/809/857 1722/892/6
f 1723/893/895 1722/892/6 1491/809/857
f 1721/891/6 1722/892/6 1723/893/895
f 1723/893/895 1540/830/869 1721/891/6
f 1724/894/896 1725/895/896 1726/896/897
f 1726/896/897 1727/897/897 1724/894/896
f 1727/897/897 1726/896/897 1728/898/898
f 1728/898/898 1729/899/898 1727/897/897
f 1537/827/868 1729/899/898 1728/898/898
f 1538/828/868 1537/827/868 1728/898/898
f 1730/900/899 1536/826/867 1539/829/867
f 1731/901/899 1730/900/899 1539/829/867
f 1493/811/858 1732/902/900 1733/903/901
f 1733/903/901 1491/809/857 1493/811/858
f 1491/809/857 1733/903/901 1734/904/902
f 1734/904/902 1723/893/895 1491/809/857
f 1734/904/902 1541/831/870 1540/830/869
f 1540/830/869 1723/893/895 1734/904/902
f 1380/774/827 1490/808/856 1542/832/871
f 1735/905/903 1380/774/827 1542/832/871
f 1092/521/710 1085/514/704 1088/517/707
f 1088/517/707 1089/518/708 1092/521/710
f 1736/906/81 1737/907/904 1738/908/904
f 1738/908/904 1739/909/81 1736/906/81
f 1740/910/11 1741/911/11 1742/912/905
f 1743/913/905 1740/910/11 1742/912/905
f 1744/914/906 1745/915/907 1746/916/908
f 1746/916/908 1747/917/906 1744/914/906
f 1748/918/909 1749/919/910 1750/920/910
f 1750/920/910 1751/921/909 1748/918/909
f 1752/922/911 1753/923/912 1754/924/913
f 1754/924/913 1755/925/911 1752/922/911
f 1756/926/914 1757/927/915 1758/928/915
f 1758/928/915 1759/929/914 1756/926/914
f 1546/836/873 1545/835/872 1744/914/906
f 1747/917/906 1546/836/873 1744/914/906
f 1550/840/874 1549/839/874 1748/918/909
f 1751/921/909 1550/840/874 1748/918/909
f 1738/908/904 1737/907/904 1752/922/911
f 1755/925/911 1738/908/904 1752/922/911
f 1743/913/905 1742/912/905 1756/926/914
f 1759/929/914 1743/913/905 1756/926/914
f 1760/930/916 1761/931/917 1081/510/700
f 1081/510/700 1080/509/699 1760/930/916
f 1762/932/918 1083/512/702 1082/511/701
f 1082/511/701 1763/933/919 1762/932/918
f 1762/932/918 1764/934/920 1084/513/703
f 1084/513/703 1083/512/702 1762/932/918
f 1760/930/916 1080/509/699 1084/513/703
f 1084/513/703 1764/934/920 1760/930/916
f 1745/915/907 1761/931/917 1760/930/916
f 1760/930/916 1746/916/908 1745/915/907
f 1750/920/910 1749/919/910 1762/932/918
f 1763/933/919 1750/920/910 1762/932/918
f 1754/924/913 1753/923/912 1764/934/920
f 1762/932/918 1754/924/913 1764/934/920
f 1758/928/915 1757/927/915 1760/930/916
f 1764/934/920 1758/928/915 1760/930/916
f 1078/507/698 1765/935/921 1766/936/921
f 1766/936/921 1079/508/698 1078/507/698
f 1767/21/2 1155/22/439 1151/23/729
usemtl House_Side_D
f 1768/937/922 1769/938/922 1770/939/923
f 1771/940/924 1772/941/925 1773/942/926
f 1774/943/927 1775/944/928 1776/945/929
f 1777/946/930 1778/947/931 1779/948/932
f 1774/943/927 1780/949/6 1775/944/928
f 1781/950/922 1782/951/922 1783/952/922
f 1784/953/933 1785/954/934 1786/955/935
f 1787/956/936 1770/939/923 1788/957/937
f 1786/955/935 1789/958/938 1784/953/933
f 1790/959/939 1791/960/940 1792/961/941
f 1793/962/942 1794/963/943 1795/964/944
f 1768/937/922 1770/939/923 1783/952/922
f 1794/963/943 1793/962/942 1796/965/945
f 1797/966/922 1791/960/940 1798/967/922
f 1799/968/946 1800/969/947 1801/970/948
f 1788/957/937 1790/959/939 1802/971/949
f 1800/969/947 1803/972/948 1801/970/948
f 1804/973/950 1805/974/951 1798/967/922
f 1791/960/940 1806/975/922 1798/967/922
f 1807/976/952 1808/977/953 1809/978/954
f 1807/976/952 1810/979/955 1808/977/953
f 1811/980/955 1810/979/955 1807/976/952
f 1807/976/952 1812/981/952 1811/980/955
f 1813/982/956 1811/980/955 1812/981/952
f 1812/981/952 1771/940/924 1813/982/956
f 1814/983/957 1815/984/958 1816/985/959
f 1771/940/924 1773/942/926 1817/986/960
f 1816/985/959 1818/987/961 1814/983/957
f 1817/986/960 1813/982/956 1771/940/924
f 1819/988/962 1820/989/963 1821/990/964
f 1809/978/954 1822/991/965 1823/992/966
f 1824/993/967 1825/994/950 1826/995/922
f 1809/978/954 1808/977/953 1822/991/965
f 1820/989/963 1827/996/968 1821/990/964
f 1828/997/2 1779/948/932 1829/998/969
f 1830/999/970 1831/1000/971 1832/1001/972
f 1778/947/931 1829/998/969 1779/948/932
f 1833/1002/973 1818/987/961 1832/1001/972
f 1834/1003/974 1830/999/970 1832/1001/972
f 1832/1001/972 1831/1000/971 1833/1002/973
f 1835/1004/975 1836/1005/976 1837/1006/977
f 1814/983/957 1818/987/961 1838/1007/978
f 1839/1008/6 1840/1009/6 1841/1010/6
f 1842/1011/6 1843/1012/6 1844/1013/6
f 1845/1014/6 1846/1015/6 1847/1016/6
f 1845/1014/6 1847/1016/6 1848/1017/6
f 1848/1017/6 1847/1016/6 1839/1008/6
f 1847/1016/6 1849/1018/6 1839/1008/6
f 1844/1013/6 1839/1008/6 1849/1018/6
f 1839/1008/6 1844/1013/6 1840/1009/6
f 1840/1009/6 1844/1013/6 1843/1012/6
f 1850/1019/979 1851/1020/980 1768/937/922
f 1852/1021/950 1769/938/922 1768/937/922
f 1768/937/922 1853/1022/922 1852/1021/950
f 1853/1022/922 1768/937/922 1851/1020/980
f 1851/1020/980 1821/990/964 1853/1022/922
f 1821/990/964 1851/1020/980 1819/988/962
f 1838/1007/978 1854/1023/981 1814/983/957
f 1855/1024/982 1856/1025/983 1857/1026/984
f 1855/1024/982 1858/1027/985 1856/1025/983
f 1859/1028/985 1858/1027/985 1855/1024/982
f 1855/1024/982 1860/1029/986 1859/1028/985
f 1861/1030/987 1859/1028/985 1860/1029/986
f 1860/1029/986 1862/1031/988 1861/1030/987
f 1863/1032/989 1779/948/932 1864/1033/2
f 1864/1033/2 1779/948/932 1828/997/2
f 1862/1031/988 1863/1032/989 1865/1034/990
f 1865/1034/990 1863/1032/989 1866/1035/2
f 1867/1036/991 1805/974/951 1824/993/967
f 1829/998/969 1778/947/931 1868/1037/992
f 1869/1038/993 1829/998/969 1868/1037/992
f 1869/1038/993 1868/1037/992 1870/1039/994
f 1870/1039/994 1871/1040/995 1869/1038/993
f 1836/1005/976 1871/1040/995 1870/1039/994
f 1870/1039/994 1837/1006/977 1836/1005/976
f 1824/993/967 1872/1041/996 1867/1036/991
f 1873/1042/11 1874/1043/11 1875/1044/11
f 1874/1043/11 1876/1045/11 1875/1044/11
f 1876/1045/11 1877/1046/11 1875/1044/11
f 1877/1046/11 1876/1045/11 1878/1047/11
f 1878/1047/11 1879/1048/11 1877/1046/11
f 1879/1048/11 1878/1047/11 1880/1049/11
f 1879/1048/11 1880/1049/11 1881/1050/161
f 1882/1051/161 1881/1050/161 1880/1049/11
f 1880/1049/11 1874/1043/11 1882/1051/161
f 1882/1051/161 1874/1043/11 1873/1042/11
f 1873/1042/11 1883/1052/161 1882/1051/161
f 1873/1042/11 1884/1053/11 1883/1052/161
f 1877/1046/11 1879/1048/11 1823/992/966
f 1823/992/966 1885/1054/11 1877/1046/11
f 1885/1054/11 1823/992/966 1822/991/965
f 1822/991/965 1886/1055/11 1885/1054/11
f 1887/1056/11 1885/1054/11 1886/1055/11
f 1885/1054/11 1887/1056/11 1877/1046/11
f 1887/1056/11 1888/1057/11 1877/1046/11
f 1888/1057/11 1875/1044/11 1877/1046/11
f 1888/1057/11 1889/1058/11 1875/1044/11
f 1817/986/960 1773/942/926 1890/1059/11
f 1884/1053/11 1891/1060/997 1883/1052/161
f 1891/1060/997 1884/1053/11 1892/1061/998
f 1889/1058/11 1892/1061/998 1884/1053/11
f 1892/1061/998 1889/1058/11 1888/1057/11
f 1773/942/926 1892/1061/998 1888/1057/11
f 1888/1057/11 1887/1056/11 1773/942/926
f 1890/1059/11 1773/942/926 1887/1056/11
f 1886/1055/11 1890/1059/11 1887/1056/11
f 1890/1059/11 1886/1055/11 1810/979/955
f 1810/979/955 1811/980/955 1890/1059/11
f 1787/956/936 1893/1062/922 1770/939/923
f 1783/952/922 1770/939/923 1893/1062/922
f 1783/952/922 1893/1062/922 1781/950/922
f 1894/1063/922 1787/956/936 1895/1064/999
f 1895/1064/999 1896/1065/922 1894/1063/922
f 1781/950/922 1894/1063/922 1896/1065/922
f 1782/951/922 1781/950/922 1896/1065/922
f 1802/971/949 1897/1066/1000 1898/1067/922
f 1896/1065/922 1895/1064/999 1802/971/949
f 1802/971/949 1899/1068/922 1896/1065/922
f 1802/971/949 1898/1067/922 1899/1068/922
f 1899/1068/922 1898/1067/922 1900/1069/922
f 1899/1068/922 1900/1069/922 1901/1070/922
f 1797/966/922 1901/1070/922 1900/1069/922
f 1900/1069/922 1792/961/941 1797/966/922
f 1792/961/941 1791/960/940 1797/966/922
f 1902/1071/1001 1834/1003/974 1903/1072/1002
f 1891/1060/997 1904/1073/1003 1905/1074/1004
f 1906/1075/1005 1905/1074/1004 1904/1073/1003
f 1905/1074/1004 1906/1075/1005 1907/1076/1006
f 1907/1076/1006 1908/1077/1007 1905/1074/1004
f 1908/1077/1007 1907/1076/1006 1909/1078/1008
f 1909/1078/1008 1862/1031/988 1908/1077/1007
f 1903/1072/1002 1910/1079/1009 1902/1071/1001
f 1862/1031/988 1911/1080/1010 1863/1032/989
f 1912/1081/1011 1863/1032/989 1911/1080/1010
f 1863/1032/989 1912/1081/1011 1779/948/932
f 1913/1082/1012 1779/948/932 1912/1081/1011
f 1779/948/932 1913/1082/1012 1777/946/930
f 1914/1083/6 1915/1084/6 1916/1085/6
f 1917/1086/6 1914/1083/6 1916/1085/6
f 1819/988/962 1851/1020/980 1918/1087/1013
f 1919/1088/950 1804/973/950 1798/967/922
f 1798/967/922 1806/975/922 1919/1088/950
f 1825/994/950 1920/1089/922 1826/995/922
f 1825/994/950 1805/974/951 1804/973/950
f 1824/993/967 1805/974/951 1825/994/950
f 1788/957/937 1895/1064/999 1787/956/936
f 1802/971/949 1895/1064/999 1788/957/937
f 1897/1066/1000 1802/971/949 1790/959/939
f 1792/961/941 1897/1066/1000 1790/959/939
f 1921/1090/1014 1891/1060/997 1892/1061/998
f 1892/1061/998 1922/1091/1014 1921/1090/1014
f 1923/1092/1015 1922/1091/1014 1892/1061/998
f 1892/1061/998 1773/942/926 1923/1092/1015
f 1772/941/925 1923/1092/1015 1773/942/926
f 1924/1093/1016 1918/1087/1013 1851/1020/980
f 1850/1019/979 1924/1093/1016 1851/1020/980
f 1834/1003/974 1925/1094/1017 1926/1095/985
f 1926/1095/985 1903/1072/1002 1834/1003/974
f 1918/1087/1013 1927/1096/1018 1819/988/962
f 1928/1097/81 1929/1098/81 1930/1099/81
f 1931/1100/81 1929/1098/81 1928/1097/81
f 1932/1101/81 1928/1097/81 1832/1001/972
f 1928/1097/81 1932/1101/81 1933/1102/81
f 1832/1001/972 1930/1099/81 1934/1103/81
f 1935/1104/81 1936/1105/1019 1832/1001/972
f 1832/1001/972 1818/987/961 1935/1104/81
f 1937/1106/83 1938/1107/83 1939/1108/83
f 1939/1108/83 1940/1109/83 1937/1106/83
f 1941/1110/83 1937/1106/83 1940/1109/83
f 1881/1050/161 1941/1110/83 1940/1109/83
f 1941/1110/83 1881/1050/161 1882/1051/161
f 1882/1051/161 1942/1111/83 1941/1110/83
f 1943/1112/83 1942/1111/83 1882/1051/161
f 1938/1107/83 1942/1111/83 1943/1112/83
f 1943/1112/83 1944/1113/83 1938/1107/83
f 1939/1108/83 1938/1107/83 1944/1113/83
f 1905/1074/1004 1945/1114/83 1946/1115/83
f 1905/1074/1004 1946/1115/83 1891/1060/997
f 1891/1060/997 1946/1115/83 1883/1052/161
f 1946/1115/83 1943/1112/83 1883/1052/161
f 1882/1051/161 1883/1052/161 1943/1112/83
f 1947/1116/83 1948/1117/83 1949/1118/83
f 1908/1077/1007 1949/1118/83 1948/1117/83
f 1908/1077/1007 1948/1117/83 1950/1119/83
f 1950/1119/83 1905/1074/1004 1908/1077/1007
f 1905/1074/1004 1950/1119/83 1945/1114/83
f 1951/1120/83 1945/1114/83 1950/1119/83
f 1951/1120/83 1944/1113/83 1945/1114/83
f 1944/1113/83 1951/1120/83 1939/1108/83
f 1939/1108/83 1951/1120/83 1947/1116/83
f 1947/1116/83 1952/1121/83 1939/1108/83
f 1953/1122/1020 1949/1118/83 1908/1077/1007
f 1908/1077/1007 1862/1031/988 1953/1122/1020
f 1953/1122/1020 1862/1031/988 1860/1029/986
f 1860/1029/986 1954/1123/1021 1953/1122/1020
f 1955/1124/1021 1954/1123/1021 1860/1029/986
f 1954/1123/1021 1955/1124/1021 1956/1125/83
f 1956/1125/83 1957/1126/83 1954/1123/1021
f 1860/1029/986 1855/1024/982 1955/1124/1021
f 1958/1127/1022 1955/1124/1021 1855/1024/982
f 1855/1024/982 1857/1026/984 1958/1127/1022
f 1959/1128/83 1958/1127/1022 1857/1026/984
f 1959/1128/83 1960/1129/83 1958/1127/1022
f 1952/1121/83 1960/1129/83 1959/1128/83
f 1952/1121/83 1956/1125/83 1960/1129/83
f 1957/1126/83 1956/1125/83 1952/1121/83
f 1952/1121/83 1947/1116/83 1957/1126/83
f 1949/1118/83 1957/1126/83 1947/1116/83
f 1939/1108/83 1952/1121/83 1959/1128/83
f 1959/1128/83 1940/1109/83 1939/1108/83
f 1933/1102/81 1816/985/959 1928/1097/81
f 1818/987/961 1816/985/959 1933/1102/81
f 1933/1102/81 1935/1104/81 1818/987/961
f 1934/1103/81 1834/1003/974 1832/1001/972
f 1834/1003/974 1934/1103/81 1925/1094/1017
f 1925/1094/1017 1934/1103/81 1931/1100/81
f 1928/1097/81 1925/1094/1017 1931/1100/81
f 1928/1097/81 1930/1099/81 1832/1001/972
f 1832/1001/972 1936/1105/1019 1932/1101/81
f 1835/1004/975 1961/1130/2 1836/1005/976
f 1962/1131/2 1835/1004/975 1963/1132/2
f 1961/1130/2 1835/1004/975 1962/1131/2
f 1962/1131/2 1964/1133/2 1961/1130/2
f 1964/1133/2 1962/1131/2 1965/1134/2
f 1871/1040/995 1964/1133/2 1965/1134/2
f 1869/1038/993 1871/1040/995 1965/1134/2
f 1857/1026/984 1856/1025/983 1966/1135/1023
f 1857/1026/984 1966/1135/1023 1963/1132/2
f 1967/1136/2 1963/1132/2 1966/1135/1023
f 1963/1132/2 1967/1136/2 1962/1131/2
f 1967/1136/2 1968/1137/2 1962/1131/2
f 1968/1137/2 1969/1138/2 1962/1131/2
f 1969/1138/2 1965/1134/2 1962/1131/2
f 1969/1138/2 1828/997/2 1965/1134/2
f 1864/1033/2 1828/997/2 1969/1138/2
f 1864/1033/2 1866/1035/2 1863/1032/989
f 1970/1139/2 1971/1140/2 1858/1027/985
f 1858/1027/985 1859/1028/985 1970/1139/2
f 1866/1035/2 1970/1139/2 1865/1034/990
f 1970/1139/2 1866/1035/2 1968/1137/2
f 1971/1140/2 1970/1139/2 1968/1137/2
f 1968/1137/2 1967/1136/2 1971/1140/2
f 1966/1135/1023 1971/1140/2 1967/1136/2
f 1865/1034/990 1861/1030/987 1862/1031/988
usemtl Roof_D
f 1972/1141/1024 1973/1142/1025 1974/447/1026
f 1975/1143/1027 1976/1144/1028 1977/1145/1029
f 1976/1144/1028 1978/1146/1030 1977/1145/1029
f 1979/1143/1031 1980/1144/1032 1981/1145/1033
f 1982/1146/1034 1981/1145/1033 1980/1144/1032
f 1983/883/1035 1984/885/1036 1985/1147/1037
f 1985/1147/1037 1986/1148/1038 1983/883/1035
f 1987/1149/1039 1988/1150/1040 1989/1151/1041
f 1989/1151/1041 1990/1152/1042 1987/1149/1039
f 1989/1151/1041 1991/1153/1043 1990/1152/1042
f 1992/1154/1044 1993/1155/1045 1994/1156/1044
f 1994/1156/1044 1993/1155/1045 1995/1157/1046
f 1995/1157/1046 1996/1158/1047 1997/1159/1046
f 1998/1160/1048 1999/1161/1049 2000/1162/1050
f 2001/1163/1051 2002/1164/1052 2003/1165/1053
f 2004/1166/1054 2003/1165/1053 2002/1164/1052
f 2002/1164/1052 2005/1167/1055 2004/1166/1054
f 2004/1166/1054 2005/1167/1055 2006/1168/1054
f 1974/447/1026 2007/450/666 1972/1141/1024
f 2008/1169/1056 1986/1148/1038 1985/1147/1037
f 2009/889/1057 1998/1160/1048 2000/1162/1050
f 1985/1147/1037 2010/1170/1058 2008/1169/1056
f 2000/1162/1050 2011/890/1059 2009/889/1057
f 2012/1171/1060 1973/1142/1025 1972/1141/1024
f 2012/1171/1060 1972/1141/1024 1986/1148/1038
f 2013/1172/1061 2014/1173/1062 2015/1174/1063
f 1986/1148/1038 2008/1169/1056 2012/1171/1060
f 2016/1175/1064 2017/1176/1065 2018/1177/1066
f 1985/1147/1037 2000/1162/1050 1999/1161/1049
f 2016/1175/1064 2018/1177/1066 2013/1172/1061
f 1985/1147/1037 1999/1161/1049 2010/1170/1058
f 2014/1173/1062 2018/1177/1066 2017/1176/1065
f 1972/1141/1024 2019/820/861 1986/1148/1038
f 2013/1172/1061 2018/1177/1066 2014/1173/1062
f 2019/820/861 2020/819/860 1986/1148/1038
f 1977/1145/1029 2021/1178/1029 1975/1143/1027
f 2022/822/1067 2000/1162/1050 1985/1147/1037
f 2023/1179/1068 2024/1180/1069 2025/1181/1069
f 1985/1147/1037 2026/823/1070 2022/822/1067
f 2023/1179/1068 2027/1182/1071 2028/1183/1072
f 2029/1184/1073 2030/1182/1074 2031/1185/1075
f 2028/1183/1072 2032/1186/1076 2023/1179/1068
f 2033/1183/1077 2034/1187/1078 2035/1188/1079
f 2036/1189/1080 2037/1190/1081 1976/1144/1028
f 2035/1188/1079 2038/1190/1082 2033/1183/1077
f 1976/1144/1028 1975/1143/1027 2036/1189/1080
f 1982/1146/1034 1980/1144/1032 2039/1191/1083
f 2032/1186/1076 2028/1183/1072 2037/1190/1081
f 2030/1182/1074 2029/1184/1073 2034/1187/1078
f 2037/1190/1081 2036/1189/1080 2032/1186/1076
f 2034/1187/1078 2033/1183/1077 2030/1182/1074
f 2025/1181/1069 2040/1185/1084 2027/1182/1071
f 2035/1188/1079 2039/1191/1083 1980/1144/1032
f 2027/1182/1071 2023/1179/1068 2025/1181/1069
f 2035/1188/1079 1980/1144/1032 2038/1190/1082
f 2041/1188/1085 1976/1144/1028 2037/1190/1081
f 2042/1181/1086 2031/1185/1075 2030/1182/1074
f 1976/1144/1028 2041/1188/1085 2043/1191/1087
f 2030/1182/1074 2044/1179/1088 2042/1181/1086
f 2045/1187/1089 2028/1183/1072 2027/1182/1071
f 2046/1186/1090 2033/1183/1077 2038/1190/1082
f 2027/1182/1071 2047/1184/1091 2045/1187/1089
f 2038/1190/1082 2048/1189/1092 2046/1186/1090
f 1978/1146/1030 1976/1144/1028 2043/1191/1087
f 2048/1189/1092 2038/1190/1082 1980/1144/1032
f 2041/1188/1085 2037/1190/1081 2028/1183/1072
f 1980/1144/1032 1979/1143/1031 2048/1189/1092
f 2028/1183/1072 2045/1187/1089 2041/1188/1085
f 2046/1186/1090 2030/1182/1074 2033/1183/1077
f 2047/1184/1091 2027/1182/1071 2040/1185/1084
f 2046/1186/1090 2044/1179/1088 2030/1182/1074
f 2049/1192/1093 2050/1193/1093 2051/1194/1093
f 2044/1179/1088 2052/1180/1086 2042/1181/1086
f 2053/1195/1094 2014/1173/1062 2054/1196/1095
f 1981/1145/1033 2055/1178/1033 1979/1143/1031
f 2017/1176/1065 2054/1196/1095 2014/1173/1062
f 2056/1197/1096 2057/1198/1096 2058/1199/1097
f 2059/1200/1098 2060/1201/1099 2056/1197/1096
f 2056/1197/1096 2060/1201/1099 2057/1198/1096
f 2061/1202/1100 2060/1201/1099 2059/1200/1098
f 2062/1203/1101 2063/1204/1102 2064/1205/1103
f 2063/1204/1102 2062/1203/1101 2065/1206/1104
f 2065/1206/1104 2066/1207/1104 2063/1204/1102
f 2067/1208/1104 2066/1207/1104 2065/1206/1104
f 1995/1157/1046 1993/1155/1045 1996/1158/1047
f 2017/1176/1065 2016/1175/1064 2068/1209/1105
f 1991/1153/1043 2069/1210/1106 1990/1152/1042
f 2070/1211/1107 2071/1212/1107 2072/1213/1107
f 2073/1214/1108 2074/1215/1109 2075/1216/1109
f 2076/1217/1110 2077/1218/1111 1988/1150/1040
f 2073/1214/1108 2078/1219/1108 2074/1215/1109
f 1988/1150/1040 1987/1149/1039 2076/1217/1110
f 2079/1220/1112 2080/1221/1113 2081/1222/1114
f 2082/1223/1115 2083/1224/1116 2084/1225/1116
f 2081/1222/1114 2085/1226/1117 2079/1220/1112
f 2084/1225/1116 2086/1227/1115 2082/1223/1115
f 2087/1228/1118 2088/1229/1119 2089/1230/1120
f 2087/1228/1118 2090/1231/1121 2088/1229/1119
