# Blender 5.2.1 LTS
# www.blender.org
mtllib PVO1.mtl
o Cabin
v -2.763285 0.894998 1.497596
v -2.763285 0.884618 -1.508986
v 2.280208 0.894999 1.497573
v 2.280208 0.884620 -1.508974
v 3.617111 0.349618 1.158859
v 3.617110 0.341590 -1.166492
v 3.141213 -0.325186 1.161189
v 3.141213 -0.333214 -1.164162
v 3.141213 -0.325186 1.161189
v 3.141213 -0.333214 -1.164162
v -2.613927 -0.325188 1.161189
v -2.613927 -0.333216 -1.164162
v 3.617111 0.382505 1.158746
v 2.280208 0.351160 1.605550
v 2.280208 0.894999 1.497573
v 3.617111 0.349618 1.158859
v -2.763285 0.894998 1.497596
v 2.280208 0.894999 1.497573
v -2.696627 0.351158 1.605550
v 2.280208 0.351160 1.605550
v -2.613927 -0.325188 1.161189
v -2.696627 0.349616 1.158859
v 3.141213 -0.325186 1.161189
v 3.617111 0.349618 1.158859
v 3.617111 0.349618 1.158859
v -2.696627 0.349616 1.158859
v 2.280208 0.351160 1.605550
v -2.696627 0.351158 1.605550
v 3.617110 0.374478 -1.166605
v 2.280208 0.884620 -1.508974
v 2.280208 0.340048 -1.613182
v 3.617110 0.341590 -1.166492
v 2.280208 0.340048 -1.613182
v 2.280208 0.884620 -1.508974
v -2.696627 0.340046 -1.613183
v -2.763285 0.884618 -1.508986
v -2.613927 -0.333216 -1.164162
v 3.141213 -0.333214 -1.164162
v -2.696627 0.341588 -1.166491
v 3.617110 0.341590 -1.166492
v 3.617110 0.341590 -1.166492
v 2.280208 0.340048 -1.613182
v -2.696627 0.341588 -1.166491
v -2.696627 0.340046 -1.613183
v 3.507220 0.195600 -0.399578
v 3.507173 0.194458 -0.710892
v 3.596948 0.132773 -0.399361
v 3.596900 0.131631 -0.710675
v 3.596900 0.131631 -0.710675
v 3.507173 0.194458 -0.710892
v 3.440596 -0.091599 -0.709904
v 3.350868 -0.028772 -0.710121
v 3.440596 -0.091599 -0.709904
v 3.440638 -0.090463 -0.398590
v 3.596900 0.131631 -0.710675
v 3.596948 0.132773 -0.399361
v 3.350868 -0.028772 -0.710121
v 3.350910 -0.027636 -0.398807
v 3.440596 -0.091599 -0.709904
v 3.440638 -0.090463 -0.398590
v 3.440638 -0.090463 -0.398590
v 3.350910 -0.027636 -0.398807
v 3.596948 0.132773 -0.399361
v 3.507220 0.195600 -0.399578
v 3.448776 0.492382 0.414807
v 3.540630 0.457220 0.414928
v 3.432567 0.450041 0.414953
v 3.524422 0.414879 0.415074
v 3.540630 0.457049 0.365632
v 3.448776 0.492212 0.365511
v 3.524422 0.414708 0.365778
v 3.432567 0.449871 0.365657
v -2.550914 0.662238 -1.647124
v -2.503561 0.614885 -1.646960
v -2.503561 0.709590 -1.647287
v -2.456208 0.662238 -1.647124
v -2.550914 0.673576 1.637266
v -2.503561 0.720929 1.637102
v -2.503561 0.626224 1.637429
v -2.456208 0.673576 1.637266
v 3.596948 0.135509 0.393189
v 3.596900 0.136517 0.704503
v 3.507220 0.198336 0.392972
v 3.507173 0.199344 0.704287
v 3.596900 0.136517 0.704503
v 3.440596 -0.086713 0.705274
v 3.507173 0.199344 0.704287
v 3.350868 -0.023886 0.705057
v 3.350868 -0.023886 0.705057
v 3.440596 -0.086713 0.705274
v 3.350910 -0.024900 0.393742
v 3.440638 -0.087727 0.393960
v 3.440638 -0.087727 0.393960
v 3.596948 0.135509 0.393189
v 3.350910 -0.024900 0.393742
v 3.507220 0.198336 0.392972
v 3.448776 0.490032 -0.266023
v 3.432567 0.447691 -0.265877
v 3.540630 0.454869 -0.265902
v 3.524422 0.412528 -0.265755
v 3.540630 0.455039 -0.216606
v 3.524422 0.412698 -0.216459
v 3.448776 0.490202 -0.216727
v 3.432567 0.447861 -0.216581
v 3.540630 0.455039 -0.216606
v 3.448776 0.490202 -0.216727
v 3.540630 0.454869 -0.265902
v 3.448776 0.490032 -0.266023
v 2.568794 0.801883 1.388264
v 2.561113 0.786931 1.388315
v 2.326004 0.924896 1.387839
v 2.305555 0.884883 1.387977
v 2.561017 0.786096 1.200477
v 2.561113 0.786931 1.388315
v 2.568794 0.801235 1.200424
v 2.568794 0.801883 1.388264
v 2.305555 0.884235 1.200138
v 2.561017 0.786096 1.200477
v 2.326004 0.924248 1.200000
v 2.568794 0.801235 1.200424
v 2.510883 0.858881 0.084277
v 2.491504 0.808244 0.084804
v 2.475005 0.872721 0.084229
v 2.455314 0.822074 0.084806
v 2.455314 0.821993 0.061421
v 2.491504 0.808163 0.061468
v 2.475005 0.872643 0.061648
v 2.510883 0.858803 0.061696
v 2.884551 0.732060 0.902302
v 2.983808 0.693909 0.902384
v 2.878093 0.715259 0.902360
v 2.977350 0.677107 0.902442
v 2.884551 0.731882 0.850713
v 2.983808 0.693731 0.850845
v 2.884551 0.732060 0.902302
v 2.983808 0.693909 0.902384
v 2.977350 0.676992 0.868902
v 2.960044 0.631939 0.869058
v 2.878093 0.715143 0.868771
v 2.860687 0.670090 0.868926
v 2.983808 0.693731 0.850845
v 2.884551 0.731882 0.850713
v 2.960044 0.631877 0.851058
v 2.860687 0.670028 0.850926
v 2.884551 0.726338 -0.755161
v 2.878093 0.709537 -0.755103
v 2.983808 0.688187 -0.754979
v 2.977350 0.671385 -0.754921
v 2.977350 0.671501 -0.721382
v 2.878093 0.709653 -0.721514
v 2.960044 0.626449 -0.721227
v 2.860687 0.664600 -0.721358
v 2.983808 0.688365 -0.703440
v 2.960044 0.626511 -0.703227
v 2.884551 0.726516 -0.703572
v 2.860687 0.664663 -0.703358
v 2.556422 0.825595 -1.040594
v 2.556422 0.770344 -1.040403
v 2.556422 0.826080 -0.900140
v 2.556422 0.770829 -0.899949
v 0.715443 1.064887 -0.457242
v 0.715443 0.888253 -0.456632
v 0.715443 1.063478 -0.865540
v 0.715443 0.886218 -1.045910
v 1.313932 0.968646 -1.060674
v 1.466517 0.968993 -0.953833
v 1.313932 1.062803 -1.060999
v 1.466517 1.063172 -0.954158
v 1.535806 0.969955 -0.757421
v 1.535806 0.970622 -0.571150
v 1.535806 1.063850 -0.757745
v 1.535806 1.064493 -0.571474
v 1.510961 1.064810 -0.479612
v 1.510961 0.973024 -0.479295
v 1.391228 1.065303 -0.336920
v 1.391228 0.968829 -0.336587
v -2.764275 0.836740 -1.055286
v -2.667471 0.048730 -1.052644
v -2.766857 0.836576 -1.013931
v -2.670042 0.048566 -1.011370
v -2.700999 0.044707 -1.013236
v -2.797804 0.832809 -1.015798
v -2.670042 0.048566 -1.011370
v -2.766857 0.836576 -1.013931
v -2.698414 0.044872 -1.054527
v -2.795219 0.832973 -1.057089
v -2.700999 0.044707 -1.013236
v -2.797804 0.832809 -1.015798
v -2.667471 0.048730 -1.052644
v -2.764275 0.836740 -1.055286
v -2.698414 0.044872 -1.054527
v -2.795219 0.832973 -1.057089
v -2.764275 0.836740 -1.055286
v -2.766857 0.836576 -1.013931
v -2.795219 0.832973 -1.057089
v -2.797804 0.832809 -1.015798
v -2.700999 0.044707 -1.013236
v -2.670042 0.048566 -1.011370
v -2.698414 0.044872 -1.054527
v -2.667471 0.048730 -1.052644
v -2.665884 -0.086934 1.091197
v -2.647688 -0.084785 1.072824
v -2.684079 -0.089210 1.072889
v -2.665884 -0.087061 1.054525
v 3.268124 0.406385 1.347476
v 3.268124 0.370269 1.347600
v 3.474211 0.406075 1.257831
v 3.474211 0.369960 1.257955
v 3.474211 0.407076 1.547766
v 3.474211 0.370960 1.547890
v 3.268124 0.407076 1.547766
v 3.268124 0.370960 1.547890
v 3.268124 0.397053 -1.355496
v 3.474211 0.397363 -1.265850
v 3.268124 0.360938 -1.355371
v 3.474211 0.361247 -1.265726
v 3.474211 0.396362 -1.555786
v 3.268124 0.396362 -1.555786
v 3.474211 0.360246 -1.555661
v 3.268124 0.360246 -1.555661
v -2.767750 0.788875 -1.234455
v -2.760388 0.789832 -1.234006
v -2.768364 0.794735 -1.235743
v -2.761001 0.795601 -1.235343
v -2.754464 0.800734 -0.832489
v -2.753850 0.795933 -0.833388
v -2.824278 0.792169 -0.836825
v -2.823766 0.787358 -0.837724
v -0.707922 0.586890 -1.581668
v -0.707922 0.578909 -1.583160
v -0.707922 0.585379 -1.573697
v -0.707922 0.577397 -1.575198
v -1.855494 0.612263 -1.609246
v -1.861630 0.610657 -1.602501
v -1.855293 0.565621 -1.618168
v -1.861429 0.563532 -1.611461
v -0.707922 0.597778 1.572332
v -0.707922 0.596212 1.564372
v -0.707922 0.589808 1.573879
v -0.707922 0.588241 1.565928
v -1.861429 0.574627 1.602286
v -1.861630 0.621688 1.593000
v -1.855293 0.576762 1.608978
v -1.855494 0.623341 1.599734
v -0.991371 0.638150 1.549010
v -0.991371 0.618016 1.558033
v -1.014858 0.638150 1.549010
v -1.014858 0.618016 1.558033
v -0.991371 0.617650 1.582261
v -1.014858 0.617650 1.582261
v -0.991371 0.576925 1.590323
v -1.014858 0.576925 1.590323
v -0.991371 0.567909 1.567953
v -1.014858 0.567909 1.567952
v -0.991371 0.546687 1.567116
v -1.014858 0.546687 1.567116
v -1.545635 0.638150 1.549010
v -1.545635 0.618016 1.558033
v -1.569122 0.638150 1.549010
v -1.569122 0.618016 1.558033
v -1.545635 0.617650 1.582261
v -1.569122 0.617650 1.582261
v -1.545635 0.576925 1.590323
v -1.569122 0.576925 1.590323
v -1.545635 0.567909 1.567952
v -1.569122 0.567909 1.567953
v -1.545635 0.546687 1.567116
v -1.569122 0.546687 1.567116
v 3.471323 0.405502 -1.316109
v 3.497108 0.405503 -1.316073
v 3.471323 0.405545 -1.303662
v 3.497108 0.405546 -1.303625
v 3.527584 0.585542 -1.316657
v 3.527584 0.585777 -1.304101
v 3.498848 0.628501 -1.316732
v 3.498949 0.628545 -1.304175
v 3.472662 0.628545 -1.304138
v 3.472662 0.628502 -1.316732
v 3.661869 0.054798 -1.607099
v 3.714816 0.168289 -1.607490
v 3.661869 0.056340 -1.160459
v 3.714816 0.169831 -1.160850
v 3.665800 0.296579 -1.607934
v 3.665800 0.298121 -1.161293
v 3.602633 0.340065 -1.608084
v 3.602633 0.341607 -1.161443
v 2.280208 0.340065 -1.608084
v 3.616371 0.360065 -1.608153
v 3.616371 0.361676 -1.141513
v 2.280208 0.360065 -1.608153
v 3.679628 0.316613 -1.608003
v 3.679628 0.318224 -1.141362
v 3.736654 0.169900 -1.140851
v 3.736654 0.168289 -1.607491
v 3.679747 0.056409 -1.140459
v 3.679747 0.054798 -1.607099
v -2.693197 0.894029 1.216648
v -2.647076 0.894029 1.216648
v -2.693197 0.926778 1.216536
v -2.647076 0.972899 1.216376
v -2.624015 0.894166 1.256591
v -2.624015 0.996098 1.256239
v -2.624015 0.894611 1.385472
v -2.624015 0.996543 1.385120
v -2.647076 0.973620 1.425143
v -2.647076 0.894749 1.425415
v -2.693197 0.927498 1.425302
v -2.693197 0.894749 1.425415
v -2.716259 0.904300 1.385438
v -2.716259 0.894611 1.385472
v -2.716259 0.894166 1.256591
v -2.716259 0.903855 1.256557
v -2.693197 0.894029 1.216648
v -2.693197 0.926778 1.216536
v 2.377322 0.782096 1.501399
v 2.388054 0.799564 1.494388
v 2.397358 0.781984 1.553492
v 2.407276 0.779575 1.551831
v 2.402468 0.794743 1.490552
v 2.403906 0.784177 1.492208
v 2.377322 0.782096 1.501399
v 2.376329 0.776066 1.522510
v 2.347368 0.776562 1.512523
v 2.397358 0.781984 1.553492
v 2.389593 0.782378 1.553954
v 2.367181 0.787681 1.574960
v 2.407276 0.779575 1.551831
v 2.446735 0.775692 1.595518
v 2.403906 0.784177 1.492208
v 2.442440 0.767427 1.482681
v 2.454241 0.763212 1.535745
v 2.481824 0.750138 1.562569
v 2.449089 0.750205 1.505362
v 2.461249 0.748158 1.524339
v 2.480471 0.740474 1.527413
v 2.500407 0.731230 1.521410
v 2.496413 0.731410 1.518362
v 2.450310 0.749315 1.484752
v 2.404170 0.792666 1.618853
v 2.361812 0.799355 1.615360
v 2.293907 0.801968 1.578891
v 2.294521 0.799927 1.573467
v 3.679747 0.065875 1.601436
v 3.736654 0.179365 1.601045
v 3.679747 0.064264 1.134796
v 3.736654 0.177754 1.134404
v 3.679628 0.327690 1.600532
v 3.679628 0.326079 1.133892
v 3.616371 0.369531 1.133742
v 3.616371 0.371142 1.600383
v 2.280208 0.371141 1.600383
v 3.661869 0.065875 1.601436
v 3.714816 0.179365 1.601044
v 3.679747 0.065875 1.601436
v 3.736654 0.179365 1.601045
v 3.665800 0.307656 1.600601
v 3.679628 0.327690 1.600532
v 3.602633 0.351142 1.600451
v 3.616371 0.371142 1.600383
v 2.280208 0.371141 1.600383
v 2.280208 0.351142 1.600452
v 3.471323 0.405338 -1.363734
v 3.497108 0.405338 -1.363698
v 3.471323 0.405381 -1.351287
v 3.497108 0.405381 -1.351250
v 3.527584 0.585378 -1.364282
v 3.527584 0.585612 -1.351726
v 3.498848 0.628337 -1.364357
v 3.498949 0.628380 -1.351799
v 3.472662 0.628380 -1.351763
v 3.472662 0.628337 -1.364357
v 3.471323 0.405174 -1.411358
v 3.497108 0.405174 -1.411322
v 3.471323 0.405217 -1.398912
v 3.497108 0.405217 -1.398875
v 3.527584 0.585213 -1.411907
v 3.527584 0.585448 -1.399350
v 3.498848 0.628173 -1.411982
v 3.498949 0.628216 -1.399425
v 3.472662 0.628216 -1.399388
v 3.472662 0.628173 -1.411982
v 2.581367 0.833457 -1.089163
v 2.608555 0.833551 -1.061926
v 2.506431 0.833457 -1.089163
v 2.479243 0.833551 -1.061825
v 2.608555 0.834187 -0.877797
v 2.479244 0.834187 -0.877687
v 2.581266 0.834281 -0.850449
v 2.506431 0.834281 -0.850499
v 0.593276 0.800489 1.515418
v 0.608203 0.836403 1.508344
v 0.593294 0.792805 1.570403
v 0.608221 0.824770 1.587633
v 0.644182 0.851289 1.505395
v 0.644200 0.837961 1.594800
v 0.730883 0.837961 1.594800
v 0.730865 0.851289 1.505395
v 0.766844 0.836403 1.508344
v 0.766862 0.824770 1.587633
v 0.781788 0.792805 1.570403
v 0.781770 0.800489 1.515418
v 0.766862 0.759974 1.552814
v 0.766844 0.764474 1.522543
v 0.730883 0.746591 1.545648
v 0.730865 0.749587 1.525481
v 0.644200 0.746591 1.545648
v 0.644182 0.749587 1.525481
v 0.608221 0.759974 1.552814
v 0.608203 0.764474 1.522543
v 0.593276 0.800489 1.515418
v 0.593294 0.792805 1.570403
v 0.766862 0.813771 -1.598536
v 0.766862 0.749216 -1.563270
v 0.781788 0.781925 -1.581086
v 0.730883 0.826912 -1.605794
v 0.730883 0.735884 -1.556012
v 0.644200 0.735884 -1.556012
v 0.644200 0.826912 -1.605794
v 0.608221 0.749216 -1.563270
v 0.608221 0.813771 -1.598536
v 0.593294 0.781925 -1.581086
v -2.653646 0.000601 -1.165267
v -3.003958 0.192951 -1.165931
v -3.003958 0.000601 -1.165267
v -2.690321 0.341589 -1.166444
v -2.870909 0.341589 -1.166444
v -3.023957 -0.000932 -1.609363
v -3.023958 0.199061 -1.610054
v -3.023957 0.000670 -1.145267
v -3.023958 0.200664 -1.145958
v -2.879848 0.360055 -1.610610
v -2.879848 0.361658 -1.146513
v -2.692473 0.360055 -1.610609
v -2.692473 0.361658 -1.146513
v -2.059881 0.772930 -1.523930
v -2.079268 0.795264 -1.519356
v -2.063726 0.772368 -1.600923
v -2.077065 0.767708 -1.603009
v -2.099083 0.786619 -1.520521
v -2.098821 0.771980 -1.523308
v -2.059881 0.772930 -1.523930
v -2.048726 0.765650 -1.551207
v -2.015244 0.769648 -1.525638
v -2.063726 0.772368 -1.600923
v -2.053440 0.773930 -1.598187
v -2.015888 0.784984 -1.616116
v -2.077065 0.767708 -1.603009
v -2.109367 0.759109 -1.677323
v -2.098821 0.771980 -1.523308
v -2.150962 0.743592 -1.527376
v -2.143079 0.738491 -1.602097
v -2.165846 0.718086 -1.649165
v -2.147600 0.720009 -1.559996
v -2.155078 0.716420 -1.590135
v -2.177826 0.703509 -1.602437
v -2.205183 0.687982 -1.603132
v -2.201298 0.688617 -1.597413
v -2.157900 0.717769 -1.533471
v -2.046079 0.788901 -1.689643
v -1.993156 0.803409 -1.666835
v -1.920436 0.814230 -1.589754
v -1.923284 0.811120 -1.582897
v -3.003958 0.010162 1.604085
v -3.003958 0.202512 1.603421
v -3.003958 0.008628 1.159989
v -3.003958 0.200978 1.159325
v -2.870909 0.351149 1.602908
v -2.870909 0.349616 1.158812
v -2.690321 0.351149 1.602908
v -2.690321 0.349616 1.158812
v -2.879848 0.369547 1.138743
v -3.023958 0.208553 1.139299
v -2.692473 0.369547 1.138743
v -2.653646 0.008559 1.139990
v -3.023957 0.008559 1.139990
v 2.515736 0.770344 -1.040453
v 2.541807 0.825595 -1.040594
v 2.515736 0.793790 -1.040534
v 2.556422 0.770344 -1.040403
v 2.556422 0.825595 -1.040594
v 1.454534 1.064493 -0.571474
v 1.535806 0.970622 -0.571150
v 1.454534 1.064615 -0.536069
v 1.607462 0.888173 -0.479716
v 1.535806 0.969955 -0.757421
v 1.607361 0.886578 -0.941726
v 1.454534 1.063485 -0.863408
v 1.454534 1.063850 -0.757745
v 3.471323 0.404680 -1.554234
v 3.497108 0.404681 -1.554197
v 3.471323 0.404723 -1.541786
v 3.497108 0.404723 -1.541749
v 3.527584 0.584720 -1.554782
v 3.527584 0.584954 -1.542225
v 3.498848 0.627679 -1.554856
v 3.498949 0.627723 -1.542299
v 3.472662 0.627723 -1.542263
v 3.472662 0.627680 -1.554857
v 2.414277 0.835207 -0.902954
v 2.405786 0.838761 -0.818144
v 2.360967 0.902050 -0.903186
v 2.360967 0.884490 -0.808271
v 2.361855 0.856004 -0.712165
v 2.307809 0.894346 -0.711242
v 2.283595 0.977845 -0.808594
v 2.263148 0.977996 -0.764757
v 2.280208 0.887632 -0.636629
v 2.279758 0.906266 -0.687745
v 2.190583 0.906524 -0.612919
v 2.198086 0.887830 -0.579243
v 2.162487 0.901255 -0.589325
v 2.083765 0.887916 -0.554105
v 2.071148 0.978460 -0.630331
v 2.117872 0.978312 -0.642763
v 1.962215 0.887901 -0.558464
v 1.974832 0.978460 -0.630331
v 1.884325 0.978346 -0.663272
v 1.847996 0.887758 -0.600036
v 1.810543 0.978132 -0.725183
v 1.754884 0.887488 -0.678166
v 1.762385 0.977844 -0.808594
v 1.694109 0.887125 -0.783430
v 1.745660 0.977517 -0.903446
v 1.673003 0.886712 -0.903133
v 1.694109 0.886298 -1.022835
v 1.762385 0.977190 -0.998298
v 1.754884 0.885935 -1.128099
v 1.810543 0.976902 -1.081709
v 1.847996 0.885665 -1.206229
v 1.884325 0.976688 -1.143620
v 1.962215 0.885522 -1.247800
v 1.974832 0.976574 -1.176561
v 2.071148 0.976574 -1.176561
v 2.083764 0.885507 -1.252160
v 2.162487 0.899088 -1.217033
v 2.117871 0.976512 -1.164129
v 2.198086 0.885593 -1.227022
v 2.190583 0.904520 -1.193476
v 2.280208 0.885792 -1.169636
v 2.279758 0.904778 -1.118650
v 2.307810 0.893021 -1.095071
v 2.361855 0.854686 -1.093884
v 2.283595 0.977190 -0.998298
v 2.263148 0.977038 -1.042135
v 2.360967 0.883836 -0.997976
v 2.405786 0.838176 -0.987788
v 2.360967 0.902050 -0.903186
v 2.414277 0.835207 -0.902954
v -2.769883 0.629172 1.070610
v -2.746577 0.605592 1.070641
v -2.768738 0.599962 1.094197
v -2.756284 0.590656 1.088496
v -2.721330 0.524963 1.070769
v -2.768738 0.599962 1.094197
v -2.774479 0.597697 1.094306
v -2.778350 0.585141 1.070661
v -2.739526 0.522723 1.089143
v -2.757722 0.520448 1.070835
v -2.665884 -0.086934 1.091197
v -2.684079 -0.089210 1.072889
v -2.756284 0.590533 1.052890
v -2.739526 0.522687 1.052470
v -2.665884 -0.087061 1.054525
v -2.721330 0.524963 1.070769
v -2.647688 -0.084785 1.072824
v -2.746577 0.605592 1.070641
v -2.768738 0.599800 1.047175
v -2.769883 0.629172 1.070610
v -2.774479 0.597534 1.047082
v -2.647688 -0.084785 1.072824
v 3.268124 0.397053 -1.355496
v 3.268124 0.408399 -1.321035
v 3.474211 0.397363 -1.265850
v 3.474211 0.408709 -1.231389
v 3.268124 0.437214 -1.302234
v 3.474211 0.437524 -1.212589
v 3.268124 0.593250 -1.268044
v 3.474211 0.593560 -1.178399
v 3.474211 0.627430 -1.187734
v 3.268124 0.627121 -1.277379
v 3.474210 0.642377 -1.222163
v 3.268124 0.642067 -1.311809
v 3.474211 0.641222 -1.556631
v 3.268124 0.641222 -1.556631
v 3.268124 0.628021 -1.588193
v 3.474211 0.628021 -1.588193
v 3.268124 0.596369 -1.601176
v 3.474211 0.596369 -1.601176
v 3.474211 0.440906 -1.600639
v 3.268124 0.440906 -1.600639
v 3.268124 0.409344 -1.587438
v 3.474211 0.409344 -1.587438
v 3.268124 0.396362 -1.555786
v 3.474211 0.396362 -1.555786
v -2.767750 0.788875 -1.234455
v -2.776976 0.797643 -1.158144
v -2.760388 0.789832 -1.234006
v -2.762354 0.799447 -1.157225
v -2.783798 0.789726 -1.085578
v -2.762283 0.792371 -1.084239
v -2.760589 0.777630 -1.068391
v -2.784307 0.774738 -1.069799
v -2.758144 0.758026 -1.068324
v -2.781963 0.755034 -1.069732
v 3.472005 0.589235 1.186057
v 3.511908 0.589171 1.189879
v 3.472005 0.575034 1.186180
v 3.512010 0.575121 1.189988
v 3.528189 0.589160 1.211512
v 3.528308 0.575048 1.211605
v 3.528312 0.576227 1.553064
v 3.528183 0.590343 1.552959
v 3.511940 0.576420 1.574841
v 3.511829 0.590438 1.574734
v 3.469242 0.576387 1.578554
v 3.469242 0.590575 1.578461
v -1.545635 0.627422 -1.558625
v -1.545635 0.607226 -1.567509
v -1.545635 0.535836 -1.576100
v -1.545635 0.557052 -1.577082
v -1.545635 0.606692 -1.591734
v -1.545635 0.565913 -1.599514
v -2.690215 0.304865 1.139855
v -2.697400 0.303874 1.108358
v -2.694408 0.339016 1.139737
v -2.701594 0.338025 1.108240
v -2.731854 0.299618 1.100954
v -2.736047 0.333769 1.100836
v -2.731853 0.299408 1.040137
v -2.736047 0.333559 1.040019
v -2.697400 0.303616 1.033531
v -2.701594 0.337767 1.033413
v -2.690215 0.304394 1.003268
v -2.694408 0.338544 1.003150
v -0.991371 0.627422 -1.558625
v -0.991371 0.607226 -1.567509
v -0.991371 0.535836 -1.576100
v -0.991371 0.557052 -1.577082
v -0.991371 0.606692 -1.591734
v -0.991371 0.565913 -1.599514
v -2.733384 0.649174 -0.966643
v -2.740569 0.648183 -0.998140
v -2.737577 0.683325 -0.966761
v -2.744762 0.682334 -0.998258
v -2.775022 0.643927 -1.005544
v -2.779215 0.678078 -1.005662
v -2.775022 0.643717 -1.066361
v -2.779215 0.677868 -1.066479
v -2.740569 0.647925 -1.072967
v -2.744762 0.682076 -1.073085
v -2.733383 0.648703 -1.103230
v -2.737576 0.682853 -1.103348
v -2.645113 -0.062461 1.141123
v -2.652298 -0.063452 1.109626
v -2.649306 -0.028310 1.141006
v -2.656491 -0.029301 1.109508
v -2.686752 -0.067708 1.102222
v -2.690945 -0.033557 1.102104
v -2.686752 -0.067918 1.041405
v -2.690945 -0.033767 1.041287
v -2.652298 -0.063710 1.034799
v -2.656491 -0.029559 1.034681
v -2.645113 -0.062932 1.004536
v -2.649306 -0.028782 1.004418
v -2.674510 0.169683 -0.964988
v -2.681695 0.168692 -0.996485
v -2.678703 0.203834 -0.965106
v -2.685888 0.202843 -0.996603
v -2.716148 0.164436 -1.003889
v -2.720341 0.198587 -1.004007
v -2.716148 0.164226 -1.064706
v -2.720341 0.198377 -1.064824
v -2.681695 0.168434 -1.071312
v -2.685888 0.202584 -1.071430
v -2.674509 0.169212 -1.101575
v -2.678702 0.203362 -1.101693
v 3.471323 0.404845 -1.506608
v 3.497108 0.404845 -1.506572
v 3.471323 0.404888 -1.494161
v 3.497108 0.404888 -1.494125
v 3.527584 0.584885 -1.507156
v 3.527584 0.585119 -1.494600
v 3.498848 0.627844 -1.507231
v 3.498949 0.627887 -1.494675
v 3.472662 0.627887 -1.494637
v 3.472662 0.627844 -1.507232
v -0.707922 0.586890 -1.581668
v -0.778964 0.596002 -1.587835
v -0.707922 0.578909 -1.583160
v -0.778964 0.572731 -1.592272
v -1.766590 0.595520 -1.587532
v -1.766691 0.573015 -1.591820
v -1.803261 0.601386 -1.586889
v -1.803261 0.567245 -1.593419
v -1.855293 0.565621 -1.618168
v -1.855494 0.612263 -1.609246
v -0.707922 0.577397 -1.575198
v -0.778964 0.568574 -1.569937
v -0.707922 0.585379 -1.573697
v -0.778964 0.591563 -1.565550
v -1.766691 0.569056 -1.570191
v -1.766590 0.591269 -1.565912
v -1.805917 0.598641 -1.575010
v -1.805917 0.565466 -1.581393
v -1.861630 0.610657 -1.602501
v -1.861429 0.563532 -1.611461
v 3.471323 0.405667 -1.268485
v 3.497108 0.405667 -1.268448
v 3.471323 0.405710 -1.256037
v 3.497108 0.405710 -1.256000
v 3.527584 0.585707 -1.269033
v 3.527584 0.585941 -1.256476
v 3.498848 0.628666 -1.269107
v 3.498949 0.628709 -1.256550
v 3.472662 0.628709 -1.256514
v 3.472662 0.628666 -1.269108
v 3.471323 0.405009 -1.458984
v 3.497108 0.405009 -1.458947
v 3.471323 0.405052 -1.446537
v 3.497108 0.405052 -1.446500
v 3.527584 0.585049 -1.459532
v 3.527584 0.585283 -1.446976
v 3.498848 0.628008 -1.459607
v 3.498949 0.628051 -1.447049
v 3.472662 0.628052 -1.447013
v 3.472662 0.628008 -1.459607
v -2.800488 0.788716 -0.698789
v -2.800488 0.768349 -0.773765
v -2.744401 0.788026 -0.698787
v -2.741949 0.767750 -0.773977
v -2.800488 0.713222 -0.828513
v -2.735251 0.712875 -0.828881
v -2.800488 0.638107 -0.848362
v -2.726102 0.638105 -0.848788
v -2.800488 0.563131 -0.827995
v -2.716951 0.563474 -0.828365
v -2.800488 0.508383 -0.772868
v -2.710253 0.508979 -0.773083
v -2.800488 0.488533 -0.697753
v -2.707802 0.489223 -0.697755
v -2.710253 0.509499 -0.622565
v -2.800488 0.508901 -0.622776
v -2.716951 0.564374 -0.567661
v -2.800488 0.564028 -0.568029
v -2.726102 0.639144 -0.547753
v -2.800488 0.639143 -0.548179
v -2.735251 0.713775 -0.568177
v -2.800488 0.714119 -0.568547
v -2.741949 0.768270 -0.623459
v -2.800488 0.768866 -0.623674
v -2.744401 0.788026 -0.698787
v -2.800488 0.788716 -0.698789
v 3.471323 0.413059 1.343215
v 3.471323 0.413102 1.355663
v 3.497907 0.413769 1.355623
v 3.497907 0.413726 1.343175
v 3.529042 0.595095 1.354967
v 3.529042 0.595243 1.342409
v 3.499507 0.639011 1.354742
v 3.499608 0.638967 1.342184
v 3.472662 0.639305 1.342141
v 3.472662 0.639348 1.354735
v -1.014858 0.617650 1.582261
v -1.014858 0.576925 1.590323
v -1.014858 0.567909 1.567952
v -1.014858 0.618016 1.558033
v -1.014858 0.546687 1.567116
v -1.014858 0.638150 1.549010
v -0.991371 0.576925 1.590323
v -0.991371 0.617650 1.582261
v -0.991371 0.567909 1.567953
v -0.991371 0.618016 1.558033
v -0.991371 0.546687 1.567116
v -0.991371 0.638150 1.549010
v 3.497907 0.403724 -1.554192
v 3.471323 0.403056 -1.554228
v 3.471323 0.403099 -1.541780
v 3.497907 0.403766 -1.541745
v 3.529042 0.585050 -1.554788
v 3.529042 0.585284 -1.542232
v 3.499507 0.628966 -1.554867
v 3.499608 0.629009 -1.542309
v 3.472662 0.629347 -1.542268
v 3.472662 0.629304 -1.554862
v 3.497907 0.404710 -1.268443
v 3.471323 0.404043 -1.268479
v 3.471323 0.404086 -1.256032
v 3.497907 0.404753 -1.255996
v 3.529042 0.586036 -1.269039
v 3.529042 0.586271 -1.256482
v 3.499507 0.629952 -1.269118
v 3.499608 0.629996 -1.256560
v 3.472662 0.630333 -1.256519
v 3.472662 0.630290 -1.269113
v -1.569122 0.617650 1.582261
v -1.569122 0.576925 1.590323
v -1.569122 0.567909 1.567953
v -1.569122 0.618016 1.558033
v -1.569122 0.546687 1.567116
v -1.569122 0.638150 1.549010
v -1.545635 0.576925 1.590323
v -1.545635 0.617650 1.582261
v -1.545635 0.567909 1.567952
v -1.545635 0.618016 1.558033
v -1.545635 0.546687 1.567116
v -1.545635 0.638150 1.549010
v 3.617110 0.374478 -1.166605
v 3.617110 0.341590 -1.166492
v 3.617111 0.349618 1.158859
v 3.617111 0.382505 1.158746
v 2.280208 0.884620 -1.508974
v 2.280208 0.894999 1.497573
v 3.472160 0.566811 -1.193751
v 3.472160 0.581012 -1.193726
v 3.512634 0.580928 -1.197868
v 3.512736 0.566877 -1.197880
v 3.529650 0.580775 -1.220309
v 3.529769 0.566663 -1.220304
v 3.529645 0.579601 -1.562732
v 3.529773 0.565485 -1.562739
v 3.512660 0.565521 -1.585325
v 3.512548 0.579539 -1.585316
v 3.469383 0.565457 -1.589360
v 3.469383 0.579646 -1.589365
v 3.497108 0.414562 1.307995
v 3.471323 0.414562 1.308032
v 3.471323 0.414519 1.295585
v 3.497108 0.414519 1.295548
v 3.527584 0.594601 1.307337
v 3.527584 0.594748 1.294779
v 3.498848 0.637560 1.307115
v 3.498949 0.637516 1.294558
v 3.472662 0.637516 1.294521
v 3.472662 0.637560 1.307115
v 3.714816 0.168289 -1.607490
v 3.661869 0.054798 -1.607099
v 3.679747 0.054798 -1.607099
v 3.736654 0.168289 -1.607491
v 3.665800 0.296579 -1.607934
v 3.679628 0.316613 -1.608003
v 3.602633 0.340065 -1.608084
v 3.616371 0.360065 -1.608153
v 2.280208 0.360065 -1.608153
v 2.280208 0.340065 -1.608084
v -2.693197 0.885589 -1.228038
v -2.693197 0.918338 -1.228151
v -2.647076 0.885589 -1.228038
v -2.647076 0.964460 -1.228311
v -2.624015 0.885451 -1.267981
v -2.624015 0.987383 -1.268333
v -2.624015 0.885006 -1.396862
v -2.624015 0.986938 -1.397214
v -2.647076 0.963739 -1.437077
v -2.647076 0.884868 -1.436805
v -2.693197 0.917617 -1.436918
v -2.693197 0.884868 -1.436805
v -2.716259 0.894694 -1.396895
v -2.716259 0.885006 -1.396862
v -2.716259 0.885451 -1.267981
v -2.716259 0.895139 -1.268014
v -2.693197 0.885589 -1.228038
v -2.693197 0.918338 -1.228151
v -2.742180 0.918338 -1.228151
v -2.693197 0.918338 -1.228151
v -2.716259 0.895139 -1.268014
v -2.742180 0.895139 -1.268015
v -2.716259 0.894694 -1.396895
v -2.742180 0.894694 -1.396896
v -2.742180 0.917617 -1.436918
v -2.693197 0.917617 -1.436918
v -2.742180 0.963739 -1.437077
v -2.647076 0.963739 -1.437077
v -2.742180 0.986938 -1.397214
v -2.624015 0.986938 -1.397214
v -2.742180 0.987383 -1.268333
v -2.624015 0.987383 -1.268333
v -2.647076 0.964460 -1.228311
v -2.742180 0.964460 -1.228311
v -2.693197 0.918338 -1.228151
v -2.742180 0.918338 -1.228151
v 3.427147 0.480309 -0.752947
v 3.402523 0.480134 -0.803641
v 3.424679 0.479959 -0.854307
v 3.474498 0.479878 -0.877794
v 3.477886 0.480390 -0.729459
v 3.525419 0.479959 -0.854381
v 3.527737 0.480309 -0.752947
v 3.549860 0.480133 -0.803793
v 3.402523 0.444277 -0.803517
v 3.402523 0.480134 -0.803641
v 3.427147 0.480309 -0.752947
v 3.427147 0.434728 -0.752789
v 3.477886 0.480390 -0.729459
v 3.477886 0.415196 -0.729234
v 3.527737 0.480309 -0.752947
v 3.527737 0.396091 -0.752656
v 3.549860 0.480133 -0.803793
v 3.549860 0.387684 -0.803474
v 3.525419 0.397163 -0.854095
v 3.525419 0.479959 -0.854381
v 3.474498 0.416764 -0.877576
v 3.474498 0.479878 -0.877794
v 3.424679 0.435858 -0.854155
v 3.424679 0.479959 -0.854307
v 3.402523 0.444277 -0.803517
v 3.402523 0.480134 -0.803641
v -2.716259 0.903855 1.256557
v -2.693197 0.926778 1.216536
v -2.742180 0.926778 1.216536
v -2.742180 0.903855 1.256558
v -2.716259 0.904300 1.385438
v -2.742180 0.904300 1.385439
v -2.742180 0.927498 1.425302
v -2.693197 0.927498 1.425302
v -2.742180 0.973620 1.425143
v -2.647076 0.973620 1.425143
v -2.742180 0.996543 1.385120
v -2.624015 0.996543 1.385120
v -2.742180 0.996098 1.256239
v -2.624015 0.996098 1.256239
v -2.647076 0.972899 1.216376
v -2.742180 0.972899 1.216377
v -2.693197 0.926778 1.216536
v -2.742180 0.926778 1.216536
v 2.341243 0.753038 1.519202
v 2.347368 0.776562 1.512523
v 2.368405 0.745320 1.531264
v 2.376329 0.776066 1.522510
v 2.381204 0.750303 1.563087
v 2.389593 0.782378 1.553954
v 2.361814 0.766898 1.580878
v 2.367181 0.787681 1.574960
v 2.291966 0.789849 1.576348
v 2.294521 0.799927 1.573467
v 2.291152 0.791407 1.581915
v 2.293907 0.801968 1.578891
v 2.356956 0.780755 1.620662
v 2.361812 0.799355 1.615360
v 2.397859 0.768424 1.625774
v 2.404170 0.792666 1.618853
v 2.440087 0.750159 1.602808
v 2.446735 0.775692 1.595518
v 2.481824 0.750138 1.562569
v 2.478399 0.736912 1.566331
v 2.498053 0.722206 1.523976
v 2.500407 0.731230 1.521410
v 2.496413 0.731410 1.518362
v 2.494070 0.722296 1.520928
v 2.480471 0.740474 1.527413
v 2.476990 0.727230 1.531211
v 2.461249 0.748158 1.524339
v 2.456240 0.728663 1.529888
v 2.449089 0.750205 1.505362
v 2.442028 0.723224 1.513069
v 2.440944 0.713119 1.495086
v 2.450310 0.749315 1.484752
v 2.368405 0.745320 1.531264
v 2.363834 0.729965 1.516284
v 2.341243 0.753038 1.519202
v 2.388265 0.746945 1.563511
v 2.381204 0.750303 1.563087
v 2.361814 0.766898 1.580878
v 2.397871 0.743390 1.562145
v 2.291966 0.789849 1.576348
v 2.291152 0.791407 1.581915
v 2.356956 0.780755 1.620662
v 2.397859 0.768424 1.625774
v 2.440087 0.750159 1.602808
v 2.444731 0.726389 1.546225
v 2.478399 0.736912 1.566331
v 2.476990 0.727230 1.531211
v 2.498053 0.722206 1.523976
v 2.494070 0.722296 1.520928
v 2.456240 0.728663 1.529888
v 2.442028 0.723224 1.513069
v 2.425572 0.702231 1.501272
v 2.440944 0.713119 1.495086
v 2.385198 0.711887 1.512796
v 2.364548 0.708644 1.520321
v 2.363834 0.729965 1.516284
v 2.388265 0.746945 1.563511
v 2.397871 0.743390 1.562145
v 2.378962 0.703823 1.516485
v 2.385198 0.711887 1.512796
v 3.661869 0.065875 1.601436
v 3.661869 0.064333 1.154796
v 3.714816 0.179365 1.601044
v 3.714816 0.177823 1.154405
v 3.665800 0.307656 1.600601
v 3.665800 0.306114 1.153962
v 3.602633 0.351142 1.600451
v 3.602633 0.349600 1.153811
v 2.280208 0.351142 1.600452
v 3.512634 0.589167 1.188582
v 3.472160 0.589222 1.184440
v 3.472160 0.575022 1.184563
v 3.512736 0.575116 1.188691
v 3.529650 0.589168 1.211024
v 3.529769 0.575057 1.211117
v 3.529645 0.590359 1.553446
v 3.529773 0.576243 1.553552
v 3.512660 0.576435 1.576137
v 3.512549 0.590453 1.576031
v 3.469383 0.576399 1.580171
v 3.469383 0.590587 1.580079
v 2.479244 0.834187 -0.877687
v 2.479244 0.820905 -0.877641
v 2.479243 0.833551 -1.061825
v 2.479243 0.820270 -1.061779
v 2.506431 0.833457 -1.089163
v 2.506431 0.820175 -1.089118
v 2.581367 0.833457 -1.089163
v 2.581367 0.820175 -1.089118
v 2.608555 0.833551 -1.061926
v 2.608555 0.820269 -1.061880
v 2.608555 0.834187 -0.877797
v 2.608555 0.820905 -0.877752
v 2.581266 0.834281 -0.850449
v 2.581266 0.820999 -0.850403
v 2.506431 0.834281 -0.850499
v 2.506431 0.820999 -0.850453
v 2.479244 0.834187 -0.877687
v 2.479244 0.820905 -0.877641
v 2.506431 0.820999 -0.850453
v 2.581266 0.820999 -0.850403
v 2.479244 0.820905 -0.877641
v 2.608555 0.820905 -0.877752
v 2.479243 0.820270 -1.061779
v 2.608555 0.820269 -1.061880
v 2.581367 0.820175 -1.089118
v 2.506431 0.820175 -1.089118
v 0.766862 0.824770 1.587633
v 0.781788 0.792805 1.570403
v 0.766862 0.759974 1.552814
v 0.730883 0.837961 1.594800
v 0.730883 0.746591 1.545648
v 0.644200 0.746591 1.545648
v 0.644200 0.837961 1.594800
v 0.608221 0.759974 1.552814
v 0.608221 0.824770 1.587633
v 0.593294 0.792805 1.570403
v 2.407276 0.768823 -1.562422
v 2.403906 0.773837 -1.502833
v 2.402468 0.784414 -1.501250
v 2.388054 0.789209 -1.505119
v 2.397358 0.771222 -1.564100
v 2.377322 0.771693 -1.512009
v 2.377322 0.771693 -1.512009
v 2.347368 0.766082 -1.523094
v 2.376329 0.765517 -1.533078
v 2.397358 0.771222 -1.564100
v 2.389593 0.771612 -1.564564
v 2.367181 0.776770 -1.585607
v 2.407276 0.768823 -1.562422
v 2.446735 0.764639 -1.606081
v 2.403906 0.773837 -1.502833
v 2.442440 0.757153 -1.493190
v 2.454241 0.752572 -1.546224
v 2.481824 0.739313 -1.572957
v 2.449089 0.739775 -1.515751
v 2.461249 0.737597 -1.534714
v 2.480471 0.729892 -1.537735
v 2.500407 0.720690 -1.531668
v 2.496413 0.720891 -1.528621
v 2.450310 0.739028 -1.495136
v 2.404170 0.781452 -1.629533
v 2.361812 0.788165 -1.626086
v 2.293907 0.791029 -1.589636
v 2.294521 0.789026 -1.584198
v 2.347368 0.766082 -1.523094
v 2.341243 0.742513 -1.529611
v 2.368405 0.734712 -1.541619
v 2.376329 0.765517 -1.533078
v 2.381204 0.739475 -1.573476
v 2.389593 0.771612 -1.564564
v 2.361814 0.755947 -1.591381
v 2.367181 0.776770 -1.585607
v 2.291966 0.778928 -1.587010
v 2.294521 0.789026 -1.584198
v 2.291152 0.780447 -1.592588
v 2.293907 0.791029 -1.589636
v 2.356956 0.769529 -1.631260
v 2.361812 0.788165 -1.626086
v 2.397859 0.757163 -1.636287
v 2.404170 0.781452 -1.629533
v 2.440087 0.739056 -1.613195
v 2.446735 0.764639 -1.606081
v 2.481824 0.739313 -1.572957
v 2.478398 0.726061 -1.576628
v 2.498053 0.711648 -1.534172
v 2.500407 0.720690 -1.531668
v 2.496413 0.720891 -1.528621
v 2.494070 0.711759 -1.531124
v 2.480471 0.729892 -1.537735
v 2.476990 0.716622 -1.541441
v 2.461249 0.737597 -1.534714
v 2.456240 0.718065 -1.540128
v 2.449089 0.739775 -1.515751
v 2.442028 0.712742 -1.523272
v 2.440944 0.702761 -1.505220
v 2.450310 0.739028 -1.495136
v 2.368405 0.734712 -1.541619
v 2.341243 0.742513 -1.529611
v 2.363834 0.719460 -1.526534
v 2.388265 0.736114 -1.573877
v 2.381204 0.739475 -1.573476
v 2.361814 0.755947 -1.591381
v 2.397871 0.732568 -1.572487
v 2.291966 0.778928 -1.587010
v 2.291152 0.780447 -1.592588
v 2.356956 0.769529 -1.631260
v 2.397859 0.757163 -1.636287
v 2.440087 0.739056 -1.613195
v 2.444731 0.715678 -1.556450
v 2.478398 0.726061 -1.576628
v 2.476990 0.716622 -1.541441
v 2.498053 0.711648 -1.534172
v 2.494070 0.711759 -1.531124
v 2.456240 0.718065 -1.540128
v 2.442028 0.712742 -1.523272
v 2.425572 0.691831 -1.511331
v 2.440944 0.702761 -1.505220
v 2.385198 0.701407 -1.522922
v 2.364548 0.698112 -1.530423
v 2.388265 0.736114 -1.573877
v 2.363834 0.719460 -1.526534
v 2.397871 0.732568 -1.572487
v 2.378962 0.693318 -1.526555
v 2.385198 0.701407 -1.522922
v 2.454601 0.868151 0.737427
v 2.454601 0.868017 0.698572
v 2.470744 0.861670 0.698593
v 2.470744 0.861805 0.737449
v 2.493235 0.868500 0.698570
v 2.493235 0.868634 0.737425
v 2.505406 0.848414 0.698639
v 2.505406 0.848548 0.737495
v 2.521661 0.842258 0.698660
v 2.521661 0.842392 0.737516
v 0.608203 0.825951 -1.519329
v 0.593276 0.789988 -1.526155
v 0.593294 0.781925 -1.581086
v 0.608221 0.813771 -1.598536
v 0.644182 0.840857 -1.516483
v 0.644200 0.826912 -1.605794
v 0.730883 0.826912 -1.605794
v 0.730865 0.840857 -1.516483
v 0.766844 0.825951 -1.519329
v 0.766862 0.813771 -1.598536
v 0.781788 0.781925 -1.581086
v 0.781770 0.789988 -1.526155
v 0.766862 0.749216 -1.563270
v 0.766844 0.753925 -1.533031
v 0.730883 0.735884 -1.556012
v 0.730865 0.739019 -1.535866
v 0.644200 0.735884 -1.556012
v 0.644182 0.739019 -1.535866
v 0.608221 0.749216 -1.563270
v 0.608203 0.753925 -1.533031
v 0.593276 0.789988 -1.526155
v 0.593294 0.781925 -1.581086
v -1.254032 0.926650 -1.087601
v -1.254032 0.886074 -1.087461
v -1.328554 0.926392 -1.162163
v -1.328554 0.885817 -1.162023
v -1.328554 0.925656 -1.375420
v -1.328554 0.885081 -1.375280
v -1.254032 0.925399 -1.449983
v -1.254032 0.884824 -1.449843
v -0.885814 0.925399 -1.450033
v -0.885915 0.884823 -1.449893
v -0.811291 0.885081 -1.375280
v -0.811291 0.925656 -1.375421
v -0.811291 0.926392 -1.162163
v -0.811291 0.885817 -1.162023
v -0.885814 0.926650 -1.087601
v -0.885915 0.886074 -1.087461
v -1.254032 0.926650 -1.087601
v -1.254032 0.886074 -1.087461
v -0.131299 0.934068 -1.325193
v -0.131299 0.934404 -1.227935
v -0.131299 0.885590 -1.227766
v -0.131299 0.885254 -1.325025
v -0.047071 0.933900 -1.373823
v -0.047071 0.885087 -1.373654
v 0.037158 0.934068 -1.325193
v 0.037158 0.885255 -1.325025
v 0.037158 0.934404 -1.227935
v 0.037158 0.885590 -1.227766
v -0.047071 0.934571 -1.179305
v -0.047071 0.885758 -1.179137
v -0.131299 0.934404 -1.227935
v -0.131299 0.885590 -1.227766
v -2.870909 0.341589 -1.166444
v -2.690321 0.341589 -1.166444
v -2.690321 0.340056 -1.610540
v -2.870909 0.340056 -1.610541
v -3.003958 0.192951 -1.165931
v -3.003958 0.191418 -1.610027
v -3.003958 0.000601 -1.165267
v -3.003958 -0.000932 -1.609363
v -3.023957 -0.000932 -1.609363
v -3.003958 -0.000932 -1.609363
v -3.003958 0.191418 -1.610027
v -3.023958 0.199061 -1.610054
v -2.870909 0.340056 -1.610541
v -2.879848 0.360055 -1.610610
v -2.692473 0.360055 -1.610609
v -2.690321 0.340056 -1.610540
v -2.879848 0.361658 -1.146513
v -2.692473 0.361658 -1.146513
v -3.023958 0.200664 -1.145958
v -2.653646 0.000670 -1.145267
v -3.023957 0.000670 -1.145267
v -2.001195 0.738382 -1.531758
v -2.015244 0.769648 -1.525638
v -2.030462 0.724775 -1.559272
v -2.048726 0.765650 -1.551207
v -2.034225 0.731303 -1.606549
v -2.053440 0.773930 -1.598187
v -2.003529 0.757356 -1.621564
v -2.015888 0.784984 -1.616116
v -1.917348 0.797716 -1.585575
v -1.923284 0.811120 -1.582897
v -1.914110 0.800195 -1.592531
v -1.920436 0.814230 -1.589754
v -1.982023 0.778690 -1.671695
v -1.993156 0.803409 -1.666835
v -2.031587 0.756682 -1.695998
v -2.046079 0.788901 -1.689643
v -2.094102 0.725173 -1.684018
v -2.109367 0.759109 -1.677323
v -2.165846 0.718086 -1.649165
v -2.157970 0.700504 -1.652623
v -2.199788 0.675989 -1.605483
v -2.205183 0.687982 -1.603132
v -2.201298 0.688617 -1.597413
v -2.195902 0.676499 -1.599767
v -2.177826 0.703509 -1.602437
v -2.169860 0.685911 -1.605917
v -2.155078 0.716420 -1.590135
v -2.143518 0.690502 -1.595253
v -2.147600 0.720009 -1.559996
v -2.131421 0.684155 -1.567060
v -2.136337 0.669653 -1.542987
v -2.157900 0.717769 -1.533471
v -2.030462 0.724775 -1.559272
v -2.028826 0.703632 -1.537637
v -2.001195 0.738382 -1.531758
v -2.042811 0.725795 -1.610141
v -2.034225 0.731303 -1.606549
v -2.003529 0.757356 -1.621564
v -2.055462 0.719613 -1.612481
v -1.917348 0.797716 -1.585575
v -1.914110 0.800195 -1.592531
v -1.982023 0.778690 -1.671695
v -2.031587 0.756682 -1.695998
v -2.094102 0.725173 -1.684018
v -2.121181 0.689541 -1.611742
v -2.157970 0.700504 -1.652623
v -2.169860 0.685911 -1.605917
v -2.199788 0.675989 -1.605483
v -2.195902 0.676499 -1.599767
v -2.143518 0.690502 -1.595253
v -2.131421 0.684155 -1.567060
v -2.112135 0.656928 -1.544487
v -2.136337 0.669653 -1.542987
v -2.055775 0.675885 -1.542243
v -2.025141 0.674403 -1.543232
v -2.028826 0.703632 -1.537637
v -2.042811 0.725795 -1.610141
v -2.055462 0.719613 -1.612481
v -2.044957 0.665758 -1.544398
v -2.055775 0.675885 -1.542243
v 3.497907 0.404217 -1.411318
v 3.471323 0.403549 -1.411353
v 3.471323 0.403593 -1.398906
v 3.497908 0.404260 -1.398870
v 3.529042 0.585543 -1.411913
v 3.529042 0.585777 -1.399356
v 3.499507 0.629459 -1.411992
v 3.499608 0.629502 -1.399435
v 3.472662 0.629840 -1.399393
v 3.472662 0.629797 -1.411988
v -2.879848 0.369547 1.138743
v -2.692473 0.369547 1.138743
v -2.692472 0.371149 1.602839
v -2.879848 0.371149 1.602839
v -3.023958 0.208553 1.139299
v -3.023957 0.210155 1.603395
v -3.023957 0.008559 1.139990
v -3.023957 0.010161 1.604085
v -3.003958 0.202512 1.603421
v -3.003958 0.010162 1.604085
v -3.023957 0.010161 1.604085
v -3.023957 0.210155 1.603395
v -2.870909 0.351149 1.602908
v -2.879848 0.371149 1.602839
v -2.692472 0.371149 1.602839
v -2.690321 0.351149 1.602908
v -2.653646 0.008628 1.159989
v -3.003958 0.008628 1.159989
v -3.003958 0.200978 1.159325
v -2.690321 0.349616 1.158812
v -2.870909 0.349616 1.158812
v 2.556422 0.770829 -0.899949
v 2.515736 0.770829 -0.899949
v 2.515736 0.794275 -0.900030
v 2.556422 0.826080 -0.900140
v 2.541807 0.826080 -0.900140
v 1.391228 0.968829 -0.336587
v 1.279729 1.065335 -0.327489
v 1.330405 1.065126 -0.387957
v 1.468133 0.888701 -0.326880
v 1.510961 0.973024 -0.479295
v 1.607462 0.888173 -0.479716
v 1.454534 1.064615 -0.536069
v 1.450052 1.064634 -0.530721
v 3.497108 0.414890 1.403245
v 3.471323 0.414891 1.403281
v 3.471323 0.414848 1.390834
v 3.497108 0.414847 1.390798
v 3.527584 0.594930 1.402587
v 3.527584 0.595077 1.390029
v 3.498848 0.637888 1.402365
v 3.498949 0.637845 1.389808
v 3.472662 0.637845 1.389771
v 3.472662 0.637889 1.402365
v 3.497908 0.404381 -1.363693
v 3.471323 0.403714 -1.363729
v 3.471323 0.403757 -1.351281
v 3.497908 0.404424 -1.351246
v 3.529042 0.585707 -1.364289
v 3.529042 0.585942 -1.351732
v 3.499507 0.629624 -1.364367
v 3.499608 0.629667 -1.351810
v 3.472662 0.630005 -1.351769
v 3.472662 0.629961 -1.364363
v 3.511908 0.580924 -1.199165
v 3.472005 0.581013 -1.195343
v 3.472005 0.566813 -1.195368
v 3.512010 0.566873 -1.199177
v 3.528189 0.580763 -1.220797
v 3.528308 0.566651 -1.220793
v 3.528312 0.565472 -1.562252
v 3.528183 0.579588 -1.562244
v 3.511940 0.565515 -1.584029
v 3.511829 0.579533 -1.584020
v 3.469242 0.565456 -1.587742
v 3.469242 0.579645 -1.587747
v 3.497108 0.415219 1.498495
v 3.471323 0.415219 1.498531
v 3.471323 0.415176 1.486084
v 3.497108 0.415176 1.486047
v 3.527584 0.595259 1.497836
v 3.527584 0.595406 1.485278
v 3.498848 0.638217 1.497615
v 3.498949 0.638174 1.485058
v 3.472662 0.638174 1.485020
v 3.472662 0.638218 1.497615
v 3.471323 0.412895 1.295590
v 3.471323 0.412938 1.308037
v 3.497907 0.413605 1.307998
v 3.497907 0.413562 1.295550
v 3.529042 0.594931 1.307341
v 3.529042 0.595078 1.294783
v 3.499507 0.638846 1.307117
v 3.499608 0.638803 1.294560
v 3.472662 0.639140 1.294515
v 3.472662 0.639184 1.307110
v 3.497108 0.414726 1.355620
v 3.471323 0.414726 1.355657
v 3.471323 0.414683 1.343210
v 3.497108 0.414683 1.343173
v 3.527584 0.594765 1.354962
v 3.527584 0.594913 1.342404
v 3.498848 0.637724 1.354740
v 3.498949 0.637681 1.342183
v 3.472662 0.637680 1.342147
v 3.472662 0.637724 1.354740
v 3.497108 0.415384 1.546120
v 3.471323 0.415384 1.546156
v 3.471323 0.415341 1.533709
v 3.497108 0.415341 1.533672
v 3.527584 0.595423 1.545462
v 3.527584 0.595571 1.532904
v 3.498848 0.638382 1.545239
v 3.498949 0.638338 1.532682
v 3.472662 0.638338 1.532646
v 3.472662 0.638382 1.545240
v 3.497108 0.415055 1.450870
v 3.471323 0.415055 1.450907
v 3.471323 0.415012 1.438459
v 3.497108 0.415012 1.438423
v 3.527584 0.595094 1.450212
v 3.527584 0.595242 1.437654
v 3.498848 0.638053 1.449990
v 3.498949 0.638009 1.437432
v 3.472662 0.638009 1.437396
v 3.472662 0.638053 1.449990
v 3.497907 0.404052 -1.458943
v 3.471323 0.403385 -1.458978
v 3.471323 0.403428 -1.446531
v 3.497907 0.404095 -1.446495
v 3.529042 0.585379 -1.459539
v 3.529042 0.585613 -1.446982
v 3.499507 0.629295 -1.459617
v 3.499608 0.629338 -1.447060
v 3.472662 0.629676 -1.447019
v 3.472662 0.629632 -1.459612
v 3.268124 0.406385 1.347476
v 3.474211 0.406075 1.257831
v 3.268124 0.417492 1.312937
v 3.474211 0.417183 1.223292
v 3.268124 0.446177 1.293939
v 3.474211 0.445867 1.204293
v 3.268124 0.601973 1.258672
v 3.474211 0.601664 1.169027
v 3.474211 0.635598 1.178127
v 3.268124 0.635907 1.267773
v 3.474211 0.650782 1.212453
v 3.268124 0.651091 1.302099
v 3.474211 0.651936 1.546921
v 3.268124 0.651936 1.546921
v 3.268124 0.638953 1.578573
v 3.474211 0.638953 1.578573
v 3.268124 0.607392 1.591774
v 3.474211 0.607392 1.591774
v 3.474211 0.451929 1.592310
v 3.268124 0.451929 1.592310
v 3.268124 0.420277 1.579327
v 3.474211 0.420277 1.579327
v 3.268124 0.407076 1.547766
v 3.474211 0.407076 1.547766
v 3.474211 0.369960 1.257955
v 3.474211 0.370960 1.547890
v 3.474211 0.407076 1.547766
v 3.474211 0.406075 1.257831
v 3.474211 0.420277 1.579327
v 3.474211 0.417183 1.223292
v 3.474211 0.451929 1.592310
v 3.474211 0.445867 1.204293
v 3.474211 0.607392 1.591774
v 3.474211 0.601664 1.169027
v 3.474211 0.638953 1.578573
v 3.474211 0.635598 1.178127
v 3.474211 0.650782 1.212453
v 3.474211 0.651936 1.546921
v 3.474211 0.396362 -1.555786
v 3.474211 0.360246 -1.555661
v 3.474211 0.361247 -1.265726
v 3.474211 0.397363 -1.265850
v 3.474211 0.409344 -1.587438
v 3.474211 0.408709 -1.231389
v 3.474211 0.440906 -1.600639
v 3.474211 0.437524 -1.212589
v 3.474211 0.596369 -1.601176
v 3.474211 0.593560 -1.178399
v 3.474211 0.628021 -1.588193
v 3.474211 0.627430 -1.187734
v 3.474210 0.642377 -1.222163
v 3.474211 0.641222 -1.556631
v -2.761001 0.795601 -1.235343
v -2.760388 0.789832 -1.234006
v -2.762354 0.799447 -1.157225
v -2.764375 0.816693 -1.158512
v -2.762283 0.792371 -1.084239
v -2.766523 0.826735 -1.068511
v -2.760589 0.777630 -1.068391
v -2.758804 0.827690 -1.055503
v -2.750370 0.759027 -1.055266
v -2.747407 0.759469 -1.026143
v -2.755841 0.828178 -1.026381
v -2.763455 0.790722 -1.005330
v -2.769691 0.826308 -0.996832
v -2.766211 0.801997 -0.997000
v -2.754129 0.812127 -0.942656
v -2.755738 0.824695 -0.941800
v -2.754464 0.800734 -0.832489
v -2.753850 0.795933 -0.833388
v -2.759473 0.758053 -1.005217
v -2.758144 0.758026 -1.068324
v -2.768364 0.794735 -1.235743
v -2.761001 0.795601 -1.235343
v -2.764375 0.816693 -1.158512
v -2.779093 0.814861 -1.159418
v -2.766523 0.826735 -1.068511
v -2.790442 0.823753 -1.069868
v -2.799339 0.822688 -1.057890
v -2.758804 0.827690 -1.055503
v -2.755841 0.828178 -1.026381
v -2.805776 0.822017 -1.029306
v -2.769691 0.826308 -0.996832
v -2.795763 0.823134 -0.998441
v -2.815055 0.817403 -0.945463
v -2.755738 0.824695 -0.941800
v -2.754464 0.800734 -0.832489
v -2.824278 0.792169 -0.836825
v -2.776976 0.797643 -1.158144
v -2.767750 0.788875 -1.234455
v -2.768364 0.794735 -1.235743
v -2.779093 0.814861 -1.159418
v -2.783798 0.789726 -1.085578
v -2.790442 0.823753 -1.069868
v -2.784307 0.774738 -1.069799
v -2.799339 0.822688 -1.057890
v -2.790849 0.754025 -1.057653
v -2.781963 0.755034 -1.069732
v -2.805776 0.822017 -1.029306
v -2.797397 0.753303 -1.029069
v -2.792283 0.787156 -1.007098
v -2.788300 0.754486 -1.006985
v -2.795763 0.823134 -0.998441
v -2.793097 0.798621 -0.998658
v -2.813752 0.804787 -0.946370
v -2.815055 0.817403 -0.945463
v -2.824278 0.792169 -0.836825
v -2.823766 0.787358 -0.837724
v -2.759473 0.758053 -1.005217
v -2.788300 0.754486 -1.006985
v -2.792283 0.787156 -1.007098
v -2.763455 0.790722 -1.005330
v -2.793097 0.798621 -0.998658
v -2.766211 0.801997 -0.997000
v -2.813752 0.804787 -0.946370
v -2.754129 0.812127 -0.942656
v -2.753850 0.795933 -0.833388
v -2.823766 0.787358 -0.837724
v -2.797397 0.753303 -1.029069
v -2.788300 0.754486 -1.006985
v -2.759473 0.758053 -1.005217
v -2.747407 0.759469 -1.026143
v -2.790849 0.754025 -1.057653
v -2.750370 0.759027 -1.055266
v -2.758144 0.758026 -1.068324
v -2.781963 0.755034 -1.069732
v -2.677700 -0.284988 -0.345742
v -2.620356 -0.277937 -0.345779
v -2.680163 -0.265194 -0.421219
v -2.622814 -0.258141 -0.421257
v -2.686890 -0.210596 -0.476613
v -2.629529 -0.203535 -0.476648
v -2.696082 -0.135800 -0.497082
v -2.638704 -0.128745 -0.497107
v -2.741402 0.709457 -0.500000
v -2.799001 0.702404 -0.499976
v -2.808192 0.777328 -0.480029
v -2.750575 0.784412 -0.480053
v -2.814920 0.832310 -0.425015
v -2.757286 0.839396 -0.425040
v -2.817382 0.852625 -0.349675
v -2.759743 0.859712 -0.349700
v -2.759743 0.862084 0.337410
v -2.817382 0.854997 0.337435
v -2.814920 0.835203 0.412912
v -2.757287 0.842289 0.412888
v -2.808192 0.780602 0.468305
v -2.750575 0.787686 0.468280
v -2.799001 0.705817 0.488769
v -2.741402 0.712870 0.488744
v -2.696082 -0.132384 0.491662
v -2.638703 -0.125334 0.491638
v -2.686890 -0.207318 0.471715
v -2.629529 -0.200265 0.471691
v -2.680163 -0.262300 0.416702
v -2.622814 -0.255249 0.416677
v -2.677700 -0.282616 0.341362
v -2.620356 -0.275565 0.341338
v -2.620356 -0.277937 -0.345779
v -2.677700 -0.284988 -0.345742
v 3.471323 0.413223 1.390840
v 3.471323 0.413266 1.403287
v 3.497907 0.413933 1.403247
v 3.497907 0.413890 1.390800
v 3.529042 0.595259 1.402591
v 3.529042 0.595407 1.390033
v 3.499507 0.639175 1.402367
v 3.499608 0.639132 1.389810
v 3.472662 0.639469 1.389765
v 3.472662 0.639513 1.402360
v -1.569122 0.557052 -1.577082
v -1.569122 0.565913 -1.599514
v -1.569122 0.606692 -1.591734
v -1.569122 0.607226 -1.567509
v -1.569122 0.535836 -1.576100
v -1.569122 0.627422 -1.558625
v -1.545635 0.627422 -1.558625
v -1.569122 0.627422 -1.558625
v -1.545635 0.607226 -1.567509
v -1.569122 0.607226 -1.567509
v -1.545635 0.606692 -1.591734
v -1.569122 0.606692 -1.591734
v -1.545635 0.565913 -1.599514
v -1.569122 0.565913 -1.599514
v -1.545635 0.557052 -1.577082
v -1.569122 0.557052 -1.577082
v -1.545635 0.535836 -1.576100
v -1.569122 0.535836 -1.576100
v 3.471323 0.413552 1.486090
v 3.471323 0.413595 1.498536
v 3.497907 0.414262 1.498497
v 3.497907 0.414219 1.486050
v 3.529042 0.595588 1.497840
v 3.529042 0.595736 1.485283
v 3.499507 0.639504 1.497616
v 3.499608 0.639461 1.485059
v 3.472662 0.639798 1.485015
v 3.472662 0.639842 1.497609
v -2.736047 0.333769 1.100836
v -2.736047 0.333559 1.040019
v -2.701594 0.337767 1.033413
v -2.701594 0.338025 1.108240
v -2.694408 0.338544 1.003150
v -2.694408 0.339016 1.139737
v -2.731853 0.299408 1.040137
v -2.731854 0.299618 1.100954
v -2.697400 0.303616 1.033531
v -2.697400 0.303874 1.108358
v -2.690215 0.304394 1.003268
v -2.690215 0.304865 1.139855
v 3.471323 0.413717 1.533715
v 3.471323 0.413760 1.546162
v 3.497907 0.414427 1.546122
v 3.497907 0.414384 1.533675
v 3.529042 0.595753 1.545466
v 3.529042 0.595900 1.532908
v 3.499507 0.639668 1.545241
v 3.499608 0.639625 1.532684
v 3.472662 0.639962 1.532640
v 3.472662 0.640006 1.545234
v 3.497907 0.403888 -1.506568
v 3.471323 0.403221 -1.506603
v 3.471323 0.403264 -1.494156
v 3.497907 0.403931 -1.494120
v 3.529042 0.585214 -1.507163
v 3.529042 0.585449 -1.494606
v 3.499507 0.629130 -1.507242
v 3.499608 0.629174 -1.494685
v 3.472662 0.629511 -1.494643
v 3.472662 0.629468 -1.507237
v 3.497108 0.414397 1.260371
v 3.471323 0.414397 1.260407
v 3.471323 0.414354 1.247960
v 3.497108 0.414354 1.247923
v 3.527584 0.594437 1.259713
v 3.527584 0.594584 1.247155
v 3.498848 0.637395 1.259490
v 3.498949 0.637352 1.246933
v 3.472662 0.637352 1.246897
v 3.472662 0.637395 1.259491
v -1.014858 0.557052 -1.577082
v -1.014858 0.565913 -1.599514
v -1.014858 0.606692 -1.591734
v -1.014858 0.607226 -1.567509
v -1.014858 0.535836 -1.576100
v -1.014858 0.627422 -1.558625
v -0.991371 0.627422 -1.558625
v -1.014858 0.627422 -1.558625
v -0.991371 0.607226 -1.567509
v -1.014858 0.607226 -1.567509
v -0.991371 0.606692 -1.591734
v -1.014858 0.606692 -1.591734
v -0.991371 0.565913 -1.599514
v -1.014858 0.565913 -1.599514
v -0.991371 0.557052 -1.577082
v -1.014858 0.557052 -1.577082
v -0.991371 0.535836 -1.576100
v -1.014858 0.535836 -1.576100
v -2.779215 0.678078 -1.005662
v -2.779215 0.677868 -1.066479
v -2.744762 0.682076 -1.073085
v -2.744762 0.682334 -0.998258
v -2.737576 0.682853 -1.103348
v -2.737577 0.683325 -0.966761
v -2.775022 0.643717 -1.066361
v -2.775022 0.643927 -1.005544
v -2.740569 0.647925 -1.072967
v -2.740569 0.648183 -0.998140
v -2.733383 0.648703 -1.103230
v -2.733384 0.649174 -0.966643
v -2.690945 -0.033557 1.102104
v -2.690945 -0.033767 1.041287
v -2.656491 -0.029559 1.034681
v -2.656491 -0.029301 1.109508
v -2.649306 -0.028782 1.004418
v -2.649306 -0.028310 1.141006
v -2.686752 -0.067918 1.041405
v -2.686752 -0.067708 1.102222
v -2.652298 -0.063710 1.034799
v -2.652298 -0.063452 1.109626
v -2.645113 -0.062932 1.004536
v -2.645113 -0.062461 1.141123
v -2.720341 0.198587 -1.004007
v -2.720341 0.198377 -1.064824
v -2.685888 0.202584 -1.071430
v -2.685888 0.202843 -0.996603
v -2.678702 0.203362 -1.101693
v -2.678703 0.203834 -0.965106
v -2.716148 0.164226 -1.064706
v -2.716148 0.164436 -1.003889
v -2.681695 0.168434 -1.071312
v -2.681695 0.168692 -0.996485
v -2.674509 0.169212 -1.101575
v -2.674510 0.169683 -0.964988
v 3.471323 0.413388 1.438465
v 3.471323 0.413431 1.450912
v 3.497907 0.414098 1.450872
v 3.497907 0.414055 1.438425
v 3.529042 0.595424 1.450216
v 3.529042 0.595571 1.437658
v 3.499507 0.639340 1.449992
v 3.499608 0.639296 1.437434
v 3.472662 0.639634 1.437391
v 3.472662 0.639677 1.449984
v 3.497908 0.404546 -1.316068
v 3.471323 0.403878 -1.316103
v 3.471323 0.403921 -1.303656
v 3.497908 0.404589 -1.303621
v 3.529042 0.585872 -1.316663
v 3.529042 0.586106 -1.304107
v 3.499507 0.629788 -1.316743
v 3.499608 0.629831 -1.304186
v 3.472662 0.630169 -1.304144
v 3.472662 0.630126 -1.316738
v -2.077065 0.778740 1.592424
v -2.098821 0.782461 1.512695
v -2.099083 0.797081 1.509808
v -2.079268 0.805717 1.508582
v -2.063726 0.783385 1.590306
v -2.059881 0.783415 1.513311
v -2.059881 0.783415 1.513311
v -2.015243 0.780146 1.515042
v -2.048725 0.776324 1.540638
v -2.063726 0.783385 1.590306
v -2.053439 0.784928 1.587559
v -2.015888 0.796106 1.605411
v -2.077065 0.778740 1.592424
v -2.109367 0.770654 1.666796
v -2.098821 0.782461 1.512695
v -2.150962 0.754102 1.516959
v -2.143079 0.749517 1.591714
v -2.165847 0.729437 1.638921
v -2.147600 0.730745 1.549742
v -2.155077 0.727364 1.579904
v -2.177826 0.714538 1.592295
v -2.205184 0.699016 1.593097
v -2.201298 0.699612 1.587374
v -2.157900 0.728321 1.523233
v -2.046079 0.800530 1.678910
v -1.993156 0.814880 1.656002
v -1.920437 0.825169 1.578848
v -1.923284 0.822012 1.572013
v -2.015243 0.780146 1.515042
v -2.001195 0.748922 1.521377
v -2.030462 0.735506 1.548985
v -2.048725 0.776324 1.540638
v -2.034225 0.742360 1.596215
v -2.053439 0.784928 1.587559
v -2.003529 0.768516 1.611050
v -2.015888 0.796106 1.605411
v -1.917348 0.808626 1.574783
v -1.923284 0.822012 1.572013
v -1.914110 0.811153 1.581722
v -1.920437 0.825169 1.578848
v -1.982022 0.790195 1.661033
v -1.993156 0.814880 1.656002
v -2.031587 0.768355 1.685488
v -2.046079 0.800530 1.678910
v -2.094102 0.736765 1.673725
v -2.109367 0.770654 1.666796
v -2.165847 0.729437 1.638921
v -2.157970 0.711880 1.642501
v -2.199788 0.687040 1.595531
v -2.205184 0.699016 1.593097
v -2.201298 0.699612 1.587374
v -2.195902 0.687510 1.589812
v -2.177826 0.714538 1.592295
v -2.169860 0.696965 1.595897
v -2.155077 0.727364 1.579904
v -2.143518 0.701481 1.585202
v -2.147600 0.730745 1.549742
v -2.131420 0.694940 1.557053
v -2.136337 0.680273 1.533081
v -2.157900 0.728321 1.523233
v -2.030462 0.735506 1.548985
v -2.001195 0.748922 1.521377
v -2.028826 0.714214 1.527496
v -2.042811 0.736877 1.599846
v -2.034225 0.742360 1.596215
v -2.003529 0.768516 1.611050
v -2.055462 0.730711 1.602228
v -1.917348 0.808626 1.574783
v -1.914110 0.811153 1.581722
v -1.982022 0.790195 1.661033
v -2.031587 0.768355 1.685488
v -2.094102 0.736765 1.673725
v -2.121181 0.700634 1.601697
v -2.157970 0.711880 1.642501
v -2.169860 0.696965 1.595897
v -2.199788 0.687040 1.595531
v -2.195902 0.687510 1.589812
v -2.143518 0.701481 1.585202
v -2.131420 0.694940 1.557053
v -2.112136 0.667558 1.534668
v -2.136337 0.680273 1.533081
v -2.055775 0.686499 1.532294
v -2.025141 0.685024 1.533293
v -2.042811 0.736877 1.599846
v -2.028826 0.714214 1.527496
v -2.055462 0.730711 1.602228
v -2.044957 0.676388 1.534518
v -2.055775 0.686499 1.532294
v -1.861630 0.621688 1.593000
v -1.861429 0.574627 1.602286
v -1.805917 0.576353 1.572205
v -1.805917 0.609483 1.565593
v -1.766691 0.579865 1.560978
v -1.766590 0.602049 1.556546
v -0.778964 0.602340 1.556183
v -0.778964 0.579382 1.560728
v -0.707922 0.596212 1.564372
v -0.707922 0.588241 1.565928
v -0.707922 0.597778 1.572332
v -0.707922 0.589808 1.573879
v -0.778964 0.606933 1.578436
v -0.778964 0.583693 1.583033
v -1.766590 0.606449 1.578137
v -1.766691 0.583973 1.582580
v -1.803261 0.612311 1.577452
v -1.803261 0.578215 1.584219
v -1.855293 0.576762 1.608978
v -1.855494 0.623341 1.599734
v 3.471323 0.412730 1.247965
v 3.471323 0.412773 1.260413
v 3.497907 0.413440 1.260373
v 3.497907 0.413397 1.247925
v 3.529042 0.594766 1.259717
v 3.529042 0.594914 1.247159
v 3.499507 0.638682 1.259492
v 3.499608 0.638638 1.246935
v 3.472662 0.638976 1.246891
v 3.472662 0.639020 1.259485
v -0.661733 0.926650 -1.087601
v -0.661733 0.886075 -1.087461
v -0.736255 0.926392 -1.162163
v -0.736255 0.885817 -1.162023
v -0.736255 0.925656 -1.375420
v -0.736255 0.885081 -1.375280
v -0.661733 0.925399 -1.449983
v -0.661733 0.884824 -1.449843
v -0.293515 0.925399 -1.450033
v -0.293616 0.884823 -1.449893
v -0.218992 0.885081 -1.375280
v -0.218992 0.925656 -1.375420
v -0.218992 0.926392 -1.162163
v -0.218992 0.885817 -1.162023
v -0.293515 0.926650 -1.087601
v -0.293616 0.886075 -1.087461
v -0.661733 0.926650 -1.087601
v -0.661733 0.886075 -1.087461
v -2.800488 0.768349 -0.773765
v -2.800488 0.788716 -0.698789
v -2.800488 0.768866 -0.623674
v -2.800488 0.714119 -0.568547
v -2.800488 0.713222 -0.828513
v -2.800488 0.639143 -0.548179
v -2.800488 0.638107 -0.848362
v -2.800488 0.564028 -0.568029
v -2.800488 0.563131 -0.827995
v -2.800488 0.508901 -0.622776
v -2.800488 0.508383 -0.772868
v -2.800488 0.488533 -0.697753
v -2.613927 -0.325188 1.161189
v -2.613927 -0.333216 -1.164162
v -2.696627 0.349616 1.158859
v -2.696627 0.341588 -1.166491
v -2.763285 0.894998 1.497596
v -2.696627 0.351158 1.605550
v -2.763285 0.884618 -1.508986
v -2.696627 0.340046 -1.613183
v 3.457791 0.130581 -1.160715
v 3.665800 0.298121 -1.161293
v 3.602633 0.341607 -1.161443
v 3.714816 0.169831 -1.160850
v 3.661869 0.056340 -1.160459
v 3.510085 0.056340 -1.160458
v 3.457791 0.130581 -1.160715
v 3.457791 0.130650 -1.140715
v 3.510085 0.056409 -1.140459
v 3.510085 0.056340 -1.160458
v 3.661869 0.056340 -1.160459
v 3.679747 0.056409 -1.140459
v 3.679747 0.054798 -1.607099
v 3.661869 0.054798 -1.607099
v 3.679747 0.056409 -1.140459
v 3.510085 0.056409 -1.140459
v 3.457791 0.130650 -1.140715
v 3.736654 0.169900 -1.140851
v 3.679628 0.318224 -1.141362
v 3.616371 0.361676 -1.141513
v -2.742180 0.964460 -1.228311
v -2.742180 0.918338 -1.228151
v -2.742180 0.987383 -1.268333
v -2.742180 0.895139 -1.268015
v -2.742180 0.894694 -1.396896
v -2.742180 0.986938 -1.397214
v -2.742180 0.963739 -1.437077
v -2.742180 0.917617 -1.436918
v -2.742180 0.972899 1.216377
v -2.742180 0.996098 1.256239
v -2.742180 0.926778 1.216536
v -2.742180 0.903855 1.256558
v -2.742180 0.904300 1.385439
v -2.742180 0.996543 1.385120
v -2.742180 0.973620 1.425143
v -2.742180 0.927498 1.425302
v 3.665800 0.306114 1.153962
v 3.457791 0.138574 1.154540
v 3.602633 0.349600 1.153811
v 3.714816 0.177823 1.154405
v 3.661869 0.064333 1.154796
v 3.510085 0.064333 1.154796
v 3.510085 0.064264 1.134796
v 3.457791 0.138505 1.134540
v 3.457791 0.138574 1.154540
v 3.510085 0.064333 1.154796
v 3.661869 0.064333 1.154796
v 3.679747 0.064264 1.134796
v 3.679747 0.065875 1.601436
v 3.661869 0.065875 1.601436
v 3.457791 0.138505 1.134540
v 3.510085 0.064264 1.134796
v 3.679747 0.064264 1.134796
v 3.736654 0.177754 1.134404
v 3.679628 0.326079 1.133892
v 3.616371 0.369531 1.133742
v 3.459280 0.492408 1.209985
v 3.492371 0.492344 1.213808
v 3.459280 0.478208 1.210108
v 3.492472 0.478294 1.213917
v 3.508760 0.478510 1.235533
v 3.511547 0.492345 1.235441
v 3.508763 0.479607 1.553398
v 3.511542 0.493447 1.553293
v 3.492291 0.493529 1.575069
v 3.492403 0.479512 1.575175
v 3.459282 0.479479 1.578888
v 3.459282 0.493667 1.578796
v 2.470746 0.857352 -0.552352
v 2.454602 0.863699 -0.552374
v 2.454602 0.863565 -0.591230
v 2.470746 0.857218 -0.591207
v 2.493237 0.864047 -0.591231
v 2.493237 0.864181 -0.552376
v 2.505407 0.843961 -0.591161
v 2.505407 0.844095 -0.552306
v 2.521662 0.837939 -0.552285
v 2.521662 0.837805 -0.591140
v 2.439960 0.825667 -0.591098
v 2.470746 0.857218 -0.591207
v 2.454602 0.863565 -0.591230
v 2.507119 0.799907 -0.591009
v 2.505407 0.843961 -0.591161
v 2.521662 0.837805 -0.591140
v 2.493237 0.864047 -0.591231
v 2.470746 0.857352 -0.552352
v 2.439960 0.825801 -0.552243
v 2.454602 0.863699 -0.552374
v 2.507119 0.800041 -0.552154
v 2.505407 0.844095 -0.552306
v 2.493237 0.864181 -0.552376
v 2.521662 0.837939 -0.552285
v 2.439959 0.830254 0.737558
v 2.454601 0.868151 0.737427
v 2.470744 0.861805 0.737449
v 2.507118 0.804494 0.737647
v 2.505406 0.848548 0.737495
v 2.521661 0.842392 0.737516
v 2.493235 0.868634 0.737425
v 2.470744 0.861670 0.698593
v 2.454601 0.868017 0.698572
v 2.439959 0.830120 0.698702
v 2.507118 0.804360 0.698791
v 2.505406 0.848414 0.698639
v 2.493235 0.868500 0.698570
v 2.521661 0.842258 0.698660
v 2.977350 0.677107 0.902442
v 2.983808 0.693909 0.902384
v 2.977350 0.676992 0.868902
v 2.983808 0.693731 0.850845
v 2.960044 0.631877 0.851058
v 2.960044 0.631939 0.869058
v 2.860687 0.670090 0.868926
v 2.860687 0.670028 0.850926
v 2.878093 0.715143 0.868771
v 2.884551 0.731882 0.850713
v 2.884551 0.732060 0.902302
v 2.878093 0.715259 0.902360
v 2.983808 0.688187 -0.754979
v 2.977350 0.671385 -0.754921
v 2.977350 0.671501 -0.721382
v 2.983808 0.688365 -0.703440
v 2.960044 0.626511 -0.703227
v 2.960044 0.626449 -0.721227
v 2.860687 0.664663 -0.703358
v 2.860687 0.664600 -0.721358
v 2.878093 0.709653 -0.721514
v 2.884551 0.726516 -0.703572
v 2.884551 0.726338 -0.755161
v 2.878093 0.709537 -0.755103
v -0.811291 0.925656 -1.375421
v -0.811291 0.926392 -1.162163
v -0.885814 0.926650 -1.087601
v -0.885814 0.925399 -1.450033
v -1.254032 0.925399 -1.449983
v -1.254032 0.926650 -1.087601
v -1.328554 0.926392 -1.162163
v -1.328554 0.925656 -1.375420
v -0.047071 0.933900 -1.373823
v 0.037158 0.934068 -1.325193
v 0.037158 0.934404 -1.227935
v -0.047071 0.934571 -1.179305
v -0.131299 0.934404 -1.227935
v -0.131299 0.934068 -1.325193
v -3.003958 -0.000932 -1.609363
v -3.023957 -0.000932 -1.609363
v -3.003958 0.000601 -1.165267
v -3.023957 0.000670 -1.145267
v -2.653646 0.000670 -1.145267
v -2.653646 0.000601 -1.165267
v -3.023957 0.010161 1.604085
v -3.003958 0.010162 1.604085
v -3.003958 0.008628 1.159989
v -3.023957 0.008559 1.139990
v -2.653646 0.008559 1.139990
v -2.653646 0.008628 1.159989
v 2.541807 0.825595 -1.040594
v 2.541807 0.826080 -0.900140
v 2.515736 0.793790 -1.040534
v 2.515736 0.794275 -0.900030
v 2.515736 0.770829 -0.899949
v 2.515736 0.770344 -1.040453
v 1.279729 1.065335 -0.327489
v 1.468133 0.888701 -0.326880
v 0.937995 0.888701 -0.326879
v 0.937884 1.065335 -0.327489
v 0.715443 1.064887 -0.457242
v 0.715443 0.888253 -0.456632
v 0.954350 1.062950 -1.018477
v 0.715443 1.063478 -0.865540
v 0.715443 0.886218 -1.045910
v 0.906201 0.885760 -1.178660
v 1.268997 0.885760 -1.178660
v 1.233219 1.062950 -1.018477
v 1.313932 0.968646 -1.060674
v 1.267392 1.063032 -0.994533
v 1.466517 0.968993 -0.953833
v 1.607361 0.886578 -0.941726
v 1.454534 1.063485 -0.863408
v 1.419943 1.063401 -0.887644
v 1.454534 1.063850 -0.757745
v 1.535806 1.063850 -0.757745
v 1.535806 1.064493 -0.571474
v 1.454534 1.064493 -0.571474
v 1.419943 1.063401 -0.887644
v 1.454534 1.063485 -0.863408
v 1.450052 1.064634 -0.530721
v 1.267392 1.063032 -0.994533
v 1.466517 1.063172 -0.954158
v 1.313932 1.062803 -1.060999
v 1.330405 1.065126 -0.387957
v 1.233219 1.062950 -1.018477
v 1.279729 1.065335 -0.327489
v 0.937884 1.065335 -0.327489
v 0.954350 1.062950 -1.018477
v 0.715443 1.063478 -0.865540
v 0.715443 1.064887 -0.457242
v 1.391228 1.065303 -0.336920
v 1.510961 1.064810 -0.479612
v 1.454534 1.064615 -0.536069
v 3.459466 0.469822 -1.217014
v 3.459466 0.484022 -1.216989
v 3.493112 0.483938 -1.221129
v 3.493214 0.469887 -1.221141
v 3.510191 0.469661 -1.243564
v 3.512979 0.483496 -1.243567
v 3.510196 0.468564 -1.562405
v 3.512975 0.482405 -1.562396
v 3.493032 0.482631 -1.584980
v 3.493143 0.468613 -1.584989
v 3.459464 0.468549 -1.589021
v 3.459464 0.482737 -1.589027
v -2.768738 0.599962 1.094197
v -2.774479 0.597697 1.094306
v -2.750872 0.603316 1.163227
v -2.748931 0.603313 1.162312
v -2.754755 0.726598 1.158849
v -2.756284 0.726794 1.160266
v -2.757870 0.771906 1.144027
v -2.755928 0.771365 1.142908
v -2.759507 0.815609 1.110402
v -2.757566 0.815033 1.109868
v -2.759050 0.834306 1.069248
v -2.761192 0.834879 1.069246
v -2.759507 0.815327 1.028715
v -2.757566 0.814755 1.029263
v -2.755928 0.770974 0.996809
v -2.757870 0.771511 0.995684
v -2.754755 0.726277 0.981610
v -2.756384 0.726363 0.980191
v -2.750872 0.602969 0.978132
v -2.748932 0.602972 0.979038
v -2.768738 0.599800 1.047175
v -2.774479 0.597534 1.047082
v 3.268124 0.651936 1.546921
v 3.268124 0.638953 1.578573
v 3.268124 0.651091 1.302099
v 3.268124 0.635907 1.267773
v 3.268124 0.601973 1.258672
v 3.268124 0.607392 1.591774
v 3.268124 0.446177 1.293939
v 3.268124 0.451929 1.592310
v 3.268124 0.417492 1.312937
v 3.268124 0.420277 1.579327
v 3.268124 0.406385 1.347476
v 3.268124 0.407076 1.547766
v 3.268124 0.370960 1.547890
v 3.268124 0.370269 1.347600
v 3.268124 0.628021 -1.588193
v 3.268124 0.641222 -1.556631
v 3.268124 0.642067 -1.311809
v 3.268124 0.627121 -1.277379
v 3.268124 0.593250 -1.268044
v 3.268124 0.596369 -1.601176
v 3.268124 0.437214 -1.302234
v 3.268124 0.440906 -1.600639
v 3.268124 0.408399 -1.321035
v 3.268124 0.409344 -1.587438
v 3.268124 0.397053 -1.355496
v 3.268124 0.396362 -1.555786
v 3.268124 0.360246 -1.555661
v 3.268124 0.360938 -1.355371
v -2.817382 0.852625 -0.349675
v -2.817382 0.854997 0.337435
v -2.814920 0.832310 -0.425015
v -2.814920 0.835203 0.412912
v -2.808192 0.780602 0.468305
v -2.808192 0.777328 -0.480029
v -2.799001 0.705817 0.488769
v -2.799001 0.702404 -0.499976
v -2.696082 -0.132384 0.491662
v -2.696082 -0.135800 -0.497082
v -2.686890 -0.207318 0.471715
v -2.686890 -0.210596 -0.476613
v -2.680163 -0.262300 0.416702
v -2.680163 -0.265194 -0.421219
v -2.677700 -0.284988 -0.345742
v -2.677700 -0.282616 0.341362
v 3.492371 0.483934 -1.222425
v 3.459280 0.484024 -1.218602
v 3.459280 0.469823 -1.218627
v 3.492472 0.469883 -1.222436
v 3.508760 0.469950 -1.244053
v 3.511547 0.483785 -1.244057
v 3.508763 0.468852 -1.561918
v 3.511542 0.482693 -1.561909
v 3.492291 0.482625 -1.583685
v 3.492403 0.468607 -1.583695
v 3.459282 0.468548 -1.587407
v 3.459282 0.482737 -1.587413
v -1.855293 0.565621 -1.618168
v -1.861429 0.563532 -1.611461
v -1.803261 0.567245 -1.593419
v -1.805917 0.565466 -1.581393
v -1.766691 0.566140 -1.581396
v -1.766691 0.573015 -1.591820
v -0.778964 0.565657 -1.581545
v -0.778964 0.572731 -1.592272
v -0.707922 0.578909 -1.583160
v -0.707922 0.577397 -1.575198
v -0.778964 0.568574 -1.569937
v -1.766691 0.569056 -1.570191
v -1.861630 0.610657 -1.602501
v -1.855494 0.612263 -1.609246
v -1.803261 0.601386 -1.586889
v -1.805917 0.598641 -1.575010
v -1.766590 0.598057 -1.575320
v -1.766590 0.591269 -1.565912
v -0.778964 0.598641 -1.575211
v -0.778964 0.591563 -1.565550
v -0.707922 0.585379 -1.573697
v -0.707922 0.586890 -1.581668
v -0.778964 0.596002 -1.587835
v -1.766590 0.595520 -1.587532
v -1.861429 0.574627 1.602286
v -1.855293 0.576762 1.608978
v -1.803261 0.578215 1.584219
v -1.805917 0.576353 1.572205
v -1.766691 0.577027 1.572203
v -1.766691 0.579865 1.560978
v -0.778964 0.579382 1.560728
v -0.778964 0.576545 1.572356
v -0.707922 0.588241 1.565928
v -0.707922 0.589808 1.573879
v -0.778964 0.583693 1.583033
v -1.766691 0.583973 1.582580
v -1.803261 0.612311 1.577452
v -1.855494 0.623341 1.599734
v -1.861630 0.621688 1.593000
v -1.805917 0.609483 1.565593
v -1.766590 0.608901 1.565907
v -1.766590 0.606449 1.578137
v -0.778964 0.606933 1.578436
v -0.778964 0.609484 1.565794
v -0.707922 0.597778 1.572332
v -0.707922 0.596212 1.564372
v -0.778964 0.602340 1.556183
v -1.766590 0.602049 1.556546
v -0.218992 0.925656 -1.375420
v -0.218992 0.926392 -1.162163
v -0.293515 0.926650 -1.087601
v -0.293515 0.925399 -1.450033
v -0.661733 0.925399 -1.449983
v -0.661733 0.926650 -1.087601
v -0.736255 0.926392 -1.162163
v -0.736255 0.925656 -1.375420
v 3.493112 0.492340 1.212513
v 3.459466 0.492395 1.208372
v 3.459466 0.478195 1.208495
v 3.493214 0.478290 1.212621
v 3.510192 0.478218 1.235046
v 3.512979 0.492053 1.234954
v 3.510196 0.479322 1.553887
v 3.512975 0.493163 1.553782
v 3.493032 0.493545 1.576363
v 3.493143 0.479527 1.576470
v 3.459464 0.479491 1.580502
v 3.459464 0.493679 1.580410
v -2.532851 0.662611 -1.538902
v -2.503561 0.633322 -1.538801
v -2.532851 0.662355 -1.613112
v -2.503561 0.633065 -1.613011
v -2.550914 0.662309 -1.626532
v -2.503561 0.614956 -1.626369
v -2.550914 0.662238 -1.647124
v -2.503561 0.614885 -1.646960
v -2.456208 0.662309 -1.626532
v -2.456208 0.662238 -1.647124
v -2.503561 0.709661 -1.626696
v -2.503561 0.709590 -1.647287
v -2.550914 0.662309 -1.626532
v -2.550914 0.662238 -1.647124
v -2.532851 0.662355 -1.613112
v -2.503561 0.691645 -1.613213
v -2.532851 0.662611 -1.538902
v -2.503561 0.691901 -1.539003
v -2.474271 0.662611 -1.538902
v -2.474271 0.662355 -1.613112
v -2.532851 0.673203 1.529045
v -2.532851 0.673459 1.603255
v -2.503561 0.643913 1.529146
v -2.503561 0.644169 1.603356
v -2.474271 0.673203 1.529045
v -2.474271 0.673459 1.603255
v -2.503561 0.702492 1.528944
v -2.503561 0.702748 1.603153
v -2.532851 0.673203 1.529045
v -2.532851 0.673459 1.603255
v -2.503561 0.720858 1.616511
v -2.550914 0.673505 1.616675
v -2.503561 0.720929 1.637102
v -2.550914 0.673576 1.637266
v -2.456208 0.673576 1.637266
v -2.456208 0.673505 1.616675
v -2.503561 0.626224 1.637429
v -2.503561 0.626152 1.616838
v -2.550914 0.673576 1.637266
v -2.550914 0.673505 1.616675
v 1.173028 0.909965 -1.407873
v 1.173463 0.891958 -1.423792
v 1.270065 0.889724 -1.410159
v 1.269445 0.907734 -1.394267
v 1.171514 0.894114 -1.389867
v 1.267746 0.891887 -1.376286
v 1.351199 0.905132 -1.394270
v 1.365927 0.888762 -1.376290
v 1.372094 0.902856 -1.420383
v 1.390578 0.885390 -1.418252
v 1.375150 0.883089 -1.463491
v 1.357034 0.901544 -1.449434
v 1.288649 0.885292 -1.472409
v 1.292298 0.903191 -1.456110
v 1.206202 0.890393 -1.432256
v 1.211549 0.908189 -1.416784
v 1.115192 0.911905 -1.406255
v 1.112774 0.893998 -1.422047
v 0.791508 0.888108 -1.392351
v 0.790242 0.903783 -1.374604
v 0.140113 0.902192 -1.448868
v 0.134385 0.924194 -1.433375
v -0.035186 0.885122 -1.512821
v -0.041349 0.909866 -1.519931
v -0.147348 0.860546 -1.555109
v -0.143122 0.844028 -1.538207
v -0.487778 0.805858 -1.532767
v -0.491588 0.824334 -1.547642
v -1.207677 0.798813 -1.532142
v -1.208923 0.815718 -1.549192
v -1.849160 0.669838 -1.568093
v -1.847969 0.652923 -1.551053
v -2.363833 0.625050 -1.579319
v -2.364981 0.641974 -1.596350
v -2.461482 0.628863 -1.594986
v -2.460151 0.611964 -1.577958
v -2.543270 0.629309 -1.593884
v -2.558372 0.612501 -1.576633
v -2.564084 0.655584 -1.593720
v -2.582889 0.654675 -1.576492
v -2.567301 0.699916 -1.576905
v -2.548920 0.684609 -1.594056
v -2.480735 0.708382 -1.578112
v -2.484135 0.690947 -1.594959
v -2.398391 0.667707 -1.579042
v -2.403487 0.651110 -1.595871
v -2.307127 0.640039 -1.597123
v -2.304961 0.656973 -1.580257
v -2.308833 0.623257 -1.580053
v -2.408127 0.634665 -1.578763
v -2.487075 0.673663 -1.577871
v -2.530080 0.669455 -1.577271
v -2.543254 0.656765 -1.577036
v -2.527710 0.646270 -1.577200
v -2.462355 0.645914 -1.578080
v -2.365669 0.659050 -1.579446
v -1.849427 0.686913 -1.551204
v -1.208667 0.832790 -1.532322
v -0.493219 0.839223 -1.528834
v -0.152096 0.876774 -1.537990
v -0.041689 0.902424 -1.493709
v 0.128173 0.903942 -1.417048
v 0.791585 0.885994 -1.360618
v 1.116530 0.895954 -1.388375
v 1.215821 0.892125 -1.399224
v 1.294868 0.887234 -1.437721
v 1.337841 0.886140 -1.433290
v 1.350967 0.886507 -1.420552
v 1.335393 0.887645 -1.410161
v -2.774479 0.597534 1.047082
v -2.750872 0.602969 0.978132
v -2.756384 0.726363 0.980191
v -2.783345 0.729323 1.070126
v -2.778350 0.585141 1.070661
v -2.774479 0.597697 1.094306
v -2.756284 0.726794 1.160266
v -2.750872 0.603316 1.163227
v -2.757870 0.771906 1.144027
v -2.759507 0.815609 1.110402
v -2.761192 0.834879 1.069246
v -2.759507 0.815327 1.028715
v -2.757870 0.771511 0.995684
v 1.173463 0.901749 1.412354
v 1.173028 0.919645 1.396311
v 1.270065 0.899421 1.398736
v 1.269445 0.917321 1.382720
v 1.335393 0.897343 1.398753
v 1.351199 0.914719 1.382742
v 1.350967 0.896276 1.409152
v 1.372094 0.912623 1.408869
v 1.357034 0.911512 1.437929
v 1.337841 0.895997 1.421891
v 1.292298 0.913205 1.444593
v 1.294868 0.897121 1.426315
v 1.211549 0.917931 1.405234
v 1.215821 0.901747 1.387785
v 1.116530 0.905501 1.376910
v 1.115192 0.921575 1.394679
v 0.790242 0.913234 1.363086
v 0.791585 0.895349 1.349223
v 0.134385 0.934050 1.421714
v 0.128173 0.913687 1.405527
v -0.041689 0.912697 1.482197
v -0.041349 0.920321 1.508367
v -0.152096 0.887354 1.526654
v -0.147348 0.871244 1.543885
v -0.491588 0.834982 1.536667
v -0.493219 0.849741 1.517757
v -1.208923 0.826377 1.538277
v -1.208667 0.843332 1.521290
v -1.849427 0.697588 1.541178
v -1.849160 0.680631 1.558185
v -2.365669 0.669921 1.569612
v -2.364981 0.652962 1.586634
v -2.462355 0.656776 1.568336
v -2.461483 0.639843 1.585360
v -2.527710 0.657126 1.567454
v -2.543270 0.640281 1.584255
v -2.543254 0.667620 1.567217
v -2.564084 0.666554 1.583910
v -2.548920 0.695581 1.584045
v -2.530080 0.680312 1.567365
v -2.484135 0.701925 1.584905
v -2.487075 0.684523 1.567936
v -2.403487 0.662095 1.586091
v -2.408127 0.645532 1.569097
v -2.308833 0.634134 1.570466
v -2.307127 0.651033 1.587420
v -2.398391 0.678575 1.569148
v -2.304961 0.667850 1.570438
v -2.480735 0.719243 1.567938
v -2.567301 0.710769 1.566788
v -2.582889 0.665526 1.566688
v -2.558372 0.623354 1.567121
v -2.460151 0.622827 1.568449
v -2.363833 0.635922 1.569720
v -1.847969 0.663599 1.541262
v -1.207677 0.809355 1.521344
v -0.487778 0.816403 1.521920
v -0.143122 0.854610 1.527097
v -0.035186 0.895528 1.501427
v 0.140113 0.912156 1.437358
v 0.791508 0.897682 1.380940
v 1.112774 0.903777 1.410594
v 1.206202 0.900243 1.420828
v 1.288649 0.895419 1.461015
v 1.375150 0.893154 1.452113
v 1.390578 0.895143 1.406859
v 1.365927 0.898225 1.364875
v 1.267746 0.901351 1.364849
v 1.171514 0.903670 1.378415
v -2.769883 0.629172 1.070610
v -2.768738 0.599962 1.094197
v -2.748931 0.603313 1.162312
v -2.754755 0.726598 1.158849
v -2.768738 0.599800 1.047175
v -2.748932 0.602972 0.979038
v -2.754755 0.726277 0.981610
v -2.777758 0.714373 1.070266
v -2.755928 0.771365 1.142908
v -2.755928 0.770974 0.996809
v -2.757566 0.815033 1.109868
v -2.757566 0.814755 1.029263
v -2.759050 0.834306 1.069248
v 2.915079 0.655656 -0.717445
v 2.926631 0.660077 -0.717460
v 2.915029 0.655584 -0.765995
v 2.926531 0.659809 -0.767333
v 2.902708 0.660992 -0.800364
v 2.911860 0.666401 -0.807051
v 2.874600 0.684472 -0.819822
v 2.870460 0.676621 -0.811165
v 2.536129 0.823082 -0.820426
v 2.532910 0.814753 -0.811873
v 2.501015 0.829732 -0.800916
v 2.499275 0.840478 -0.807164
v 2.485173 0.847151 -0.766787
v 2.489006 0.835385 -0.765937
v 2.485173 0.853005 0.928808
v 2.489006 0.841233 0.928039
v 2.501015 0.835822 0.963055
v 2.499275 0.846611 0.969229
v 2.536129 0.829306 0.982612
v 2.532910 0.820919 0.974116
v 2.870460 0.682785 0.974362
v 2.874600 0.690696 0.982964
v 2.902708 0.667082 0.963668
v 2.911861 0.672537 0.970318
v 2.926531 0.665671 0.930646
v 2.915029 0.661437 0.929338
v 2.926631 0.665538 0.864628
v 2.915079 0.661118 0.864643
v 2.922337 0.677243 0.929309
v 2.922186 0.677070 0.864588
v 2.910835 0.672964 0.928011
v 2.910684 0.672650 0.864603
v 2.915079 0.661118 0.864643
v 2.915029 0.661437 0.929338
v 2.901129 0.677388 0.956753
v 2.902708 0.667082 0.963668
v 2.870460 0.682785 0.974362
v 2.532910 0.820919 0.974116
v 2.874091 0.690534 0.965413
v 2.537205 0.828190 0.965164
v 2.510520 0.840653 0.956521
v 2.540475 0.836628 0.973629
v 2.508785 0.851391 0.962700
v 2.878231 0.698445 0.974006
v 2.910171 0.682843 0.963408
v 2.496876 0.856793 0.927934
v 2.500714 0.845022 0.927166
v 2.496876 0.850946 -0.765940
v 2.500714 0.839180 -0.765090
v 2.510520 0.834608 -0.794415
v 2.489006 0.835385 -0.765937
v 2.501015 0.829732 -0.800916
v 2.489006 0.841233 0.928039
v 2.501015 0.835822 0.963055
v 2.532910 0.814753 -0.811873
v 2.537205 0.822086 -0.802971
v 2.870460 0.676621 -0.811165
v 2.901129 0.671346 -0.793519
v 2.902708 0.660992 -0.800364
v 2.874091 0.684432 -0.802270
v 2.540475 0.830465 -0.811495
v 2.878231 0.692283 -0.810917
v 2.910170 0.676754 -0.800211
v 2.922336 0.671390 -0.766075
v 2.922186 0.671608 -0.717500
v 2.910835 0.667120 -0.764747
v 2.910684 0.667188 -0.717485
v 2.915079 0.655656 -0.717445
v 2.915029 0.655584 -0.765995
v 2.508785 0.845304 -0.800668
v 1.535806 1.064493 -0.571474
v 1.535806 0.970622 -0.571150
v 1.454534 1.064493 -0.571474
v 1.535806 1.063850 -0.757745
v 1.454534 1.063850 -0.757745
v 1.535806 0.969955 -0.757421
v 2.360967 0.977190 -0.998298
v 2.283595 0.977190 -0.998298
v 2.360967 0.883836 -0.997976
v 2.360967 0.977845 -0.808594
v 2.360967 0.884490 -0.808271
v 2.283595 0.977845 -0.808594
v 3.432567 0.449871 0.365657
v 3.448776 0.492212 0.365511
v 3.432567 0.450041 0.414953
v 3.448776 0.492382 0.414807
v 3.540630 0.457220 0.414928
v 3.540630 0.457049 0.365632
v 3.524422 0.414879 0.415074
v 3.524422 0.414708 0.365778
v 3.540630 0.457049 0.365632
v 3.540630 0.457220 0.414928
v 3.448776 0.492212 0.365511
v 3.448776 0.492382 0.414807
v 3.440638 -0.087727 0.393960
v 3.440596 -0.086713 0.705274
v 3.596948 0.135509 0.393189
v 3.596900 0.136517 0.704503
v 3.432567 0.447861 -0.216581
v 3.432567 0.447691 -0.265877
v 3.448776 0.490202 -0.216727
v 3.448776 0.490032 -0.266023
v 3.540630 0.454869 -0.265902
v 3.524422 0.412528 -0.265755
v 3.540630 0.455039 -0.216606
v 3.524422 0.412698 -0.216459
v 2.326004 0.924248 1.200000
v 2.568794 0.801235 1.200424
v 2.326004 0.924896 1.387839
v 2.568794 0.801883 1.388264
v 2.326004 0.924896 1.387839
v 2.305555 0.884883 1.387977
v 2.326004 0.924248 1.200000
v 2.305555 0.884235 1.200138
v 2.491504 0.808163 0.061468
v 2.491504 0.808244 0.084804
v 2.510883 0.858803 0.061696
v 2.510883 0.858881 0.084277
v 2.475005 0.872643 0.061648
v 2.475005 0.872721 0.084229
v 2.455314 0.821993 0.061421
v 2.455314 0.822074 0.084806
v 2.510883 0.858803 0.061696
v 2.510883 0.858881 0.084277
v 2.475005 0.872643 0.061648
v 2.475005 0.872721 0.084229
v 2.454602 0.863699 -0.552374
v 2.439960 0.825801 -0.552243
v 2.454602 0.863565 -0.591230
v 2.439960 0.825667 -0.591098
v 2.507119 0.800041 -0.552154
v 2.521662 0.837939 -0.552285
v 2.507119 0.799907 -0.591009
v 2.521662 0.837805 -0.591140
v 2.454601 0.868017 0.698572
v 2.454601 0.868151 0.737427
v 2.439959 0.830120 0.698702
v 2.439959 0.830254 0.737558
v 2.507118 0.804360 0.698791
v 2.507118 0.804494 0.737647
v 2.521661 0.842258 0.698660
v 2.521661 0.842392 0.737516
v 2.878093 0.715143 0.868771
v 2.878093 0.715259 0.902360
v 2.977350 0.676992 0.868902
v 2.977350 0.677107 0.902442
v 2.960044 0.631877 0.851058
v 2.860687 0.670028 0.850926
v 2.960044 0.631939 0.869058
v 2.860687 0.670090 0.868926
v 2.884551 0.726516 -0.703572
v 2.884551 0.726338 -0.755161
v 2.983808 0.688365 -0.703440
v 2.983808 0.688187 -0.754979
v 2.878093 0.709653 -0.721514
v 2.977350 0.671501 -0.721382
v 2.878093 0.709537 -0.755103
v 2.977350 0.671385 -0.754921
v 2.960044 0.626511 -0.703227
v 2.960044 0.626449 -0.721227
v 2.860687 0.664663 -0.703358
v 2.860687 0.664600 -0.721358
v 1.313994 0.966572 1.459628
v 1.266641 0.966408 1.412275
v 1.361347 0.966408 1.412275
v 1.313994 0.966245 1.364922
v 1.266641 0.956616 -1.424160
v 1.313995 0.956453 -1.471513
v 1.313994 0.956780 -1.376807
v 1.361348 0.956616 -1.424160
v 2.162487 0.901255 -0.589325
v 2.162487 0.978601 -0.589592
v 2.190583 0.906524 -0.612919
v 2.279758 0.906266 -0.687745
v 2.307809 0.978180 -0.711531
v 2.307809 0.894346 -0.711242
v 2.360967 0.977845 -0.808594
v 2.360967 0.902050 -0.903186
v 2.360967 0.884490 -0.808271
v 2.360967 0.977190 -0.998298
v 2.360967 0.883836 -0.997976
v 2.162487 0.899088 -1.217033
v 2.190583 0.904520 -1.193476
v 2.162487 0.976434 -1.217300
v 2.279758 0.904778 -1.118650
v 2.307810 0.976855 -1.095360
v 2.307810 0.893021 -1.095071
v 1.284704 0.858187 1.412649
v 1.284704 0.932397 1.412392
v 1.313994 0.858288 1.441938
v 1.313994 0.932498 1.441682
v 1.343284 0.858187 1.412648
v 1.343284 0.932397 1.412392
v 1.313994 0.858086 1.383359
v 1.313994 0.932296 1.383103
v 1.284704 0.858187 1.412649
v 1.284704 0.932397 1.412392
v 1.313994 0.945653 1.364993
v 1.266641 0.945817 1.412346
v 1.313994 0.966245 1.364922
v 1.266641 0.966408 1.412275
v 1.361347 0.966408 1.412275
v 1.313994 0.966572 1.459628
v 1.361347 0.945817 1.412346
v 1.313994 0.945980 1.459699
v 1.266641 0.945817 1.412346
v 1.266641 0.966408 1.412275
v 1.284704 0.848395 -1.423786
v 1.313994 0.848294 -1.453076
v 1.284704 0.922605 -1.424042
v 1.313994 0.922504 -1.453332
v 1.266641 0.936025 -1.424089
v 1.313995 0.935861 -1.471442
v 1.266641 0.956616 -1.424160
v 1.313995 0.956453 -1.471513
v 1.361348 0.936025 -1.424089
v 1.361348 0.956616 -1.424160
v 1.313994 0.936188 -1.376736
v 1.313994 0.956780 -1.376807
v 1.266641 0.936025 -1.424089
v 1.266641 0.956616 -1.424160
v 1.284704 0.922605 -1.424042
v 1.313994 0.922706 -1.394753
v 1.284704 0.848395 -1.423786
v 1.313994 0.848496 -1.394497
v 1.343284 0.848395 -1.423786
v 1.343284 0.922605 -1.424043
v 2.360967 0.977190 -0.998298
v 2.360967 0.977845 -0.808594
v 2.290367 0.977517 -0.903446
v 2.283595 0.977190 -0.998298
v 2.219068 1.001685 -0.903530
v 2.173195 1.001249 -1.029839
v 2.263148 0.977038 -1.042135
v 2.190823 0.976827 -1.103461
v 2.307810 0.976855 -1.095360
v 2.162487 0.976434 -1.217300
v 2.117871 0.976512 -1.164129
v 2.057038 1.001017 -1.096901
v 2.071148 0.976574 -1.176561
v 1.974832 0.976574 -1.176561
v 1.924951 1.001098 -1.073611
v 1.884325 0.976688 -1.143620
v 1.810543 0.976902 -1.081709
v 1.838737 1.001452 -0.970865
v 1.762385 0.977190 -0.998298
v 1.745660 0.977517 -0.903446
v 1.838737 1.001917 -0.836193
v 1.762385 0.977844 -0.808594
v 1.810543 0.978132 -0.725183
v 1.924951 1.002272 -0.733448
v 1.884325 0.978346 -0.663272
v 1.974832 0.978460 -0.630331
v 2.057039 1.002352 -0.710158
v 2.071148 0.978460 -0.630331
v 2.117872 0.978312 -0.642763
v 2.190823 0.978208 -0.703431
v 2.162487 0.978601 -0.589592
v 2.307809 0.978180 -0.711531
v 2.263148 0.977996 -0.764757
v 2.173195 1.002121 -0.777220
v 2.283595 0.977845 -0.808594
v 2.022990 1.001685 -0.903530
v 0.093804 0.945507 1.222198
v 0.249397 0.945507 1.222199
v 0.093804 0.945686 1.273939
v 0.249397 0.945686 1.273939
v 0.249397 0.945507 1.222199
v 0.249397 0.894049 1.222376
v 0.249397 0.945686 1.273939
v 0.249397 0.894227 1.274116
v 0.093804 0.894049 1.222376
v 0.093804 0.945507 1.222198
v 0.093804 0.894227 1.274116
v 0.093804 0.945686 1.273939
v 0.093804 0.945686 1.273939
v 0.249397 0.945686 1.273939
v 0.093804 0.894227 1.274116
v 0.249397 0.894227 1.274116
v 0.093804 0.894049 1.222376
v 0.249397 0.894049 1.222376
v 0.093804 0.945507 1.222198
v 0.249397 0.945507 1.222199
v 0.410260 0.929072 1.290079
v 0.358076 0.929072 1.290080
v 0.410260 0.926396 0.514793
v 0.358076 0.926396 0.514793
v 0.358076 0.929072 1.290080
v 0.358076 0.894283 1.290200
v 0.358076 0.926396 0.514793
v 0.358076 0.891607 0.514913
v 0.410260 0.894283 1.290200
v 0.410260 0.929072 1.290079
v 0.410260 0.891607 0.514913
v 0.410260 0.926396 0.514793
v 0.410260 0.894283 1.290200
v 0.358076 0.894283 1.290200
v 0.410260 0.929072 1.290079
v 0.358076 0.929072 1.290080
v 0.146581 0.926396 0.514793
v 0.198766 0.926396 0.514793
v 0.146581 0.929072 1.290079
v 0.198766 0.929072 1.290079
v 0.198766 0.926396 0.514793
v 0.198766 0.891607 0.514913
v 0.198766 0.929072 1.290079
v 0.198766 0.894283 1.290200
v 0.146581 0.891607 0.514913
v 0.146581 0.926396 0.514793
v 0.146581 0.894283 1.290200
v 0.146581 0.929072 1.290079
v 0.146581 0.929072 1.290079
v 0.198766 0.929072 1.290079
v 0.146581 0.894283 1.290200
v 0.198766 0.894283 1.290200
v 0.103663 0.893490 1.060399
v 0.134999 0.900691 1.060374
v 0.103663 0.893608 1.094626
v 0.134999 0.900809 1.094601
v 0.142379 0.935221 1.060255
v 0.142379 0.935339 1.094482
v 0.202879 0.935221 1.060255
v 0.202879 0.935339 1.094482
v 0.209436 0.900691 1.060374
v 0.209436 0.900809 1.094601
v 0.239538 0.893490 1.060399
v 0.239538 0.893608 1.094626
v 0.453178 0.894024 1.215283
v 0.421842 0.901226 1.215259
v 0.453178 0.893906 1.181056
v 0.421842 0.901107 1.181031
v 0.414462 0.935756 1.215139
v 0.414462 0.935638 1.180912
v 0.353963 0.935756 1.215139
v 0.353963 0.935638 1.180912
v 0.347405 0.901226 1.215259
v 0.347405 0.901107 1.181031
v 0.317304 0.894024 1.215284
v 0.317304 0.893906 1.181056
v -1.254032 0.934119 1.075931
v -1.328554 0.934376 1.150494
v -1.254032 0.893544 1.076071
v -1.328554 0.893801 1.150634
v -1.328554 0.935112 1.363750
v -1.328554 0.894537 1.363891
v -1.254032 0.935370 1.438313
v -1.254032 0.894795 1.438453
v -0.885814 0.935370 1.438363
v -0.885915 0.894795 1.438503
v -0.811291 0.894537 1.363891
v -0.811291 0.935112 1.363751
v -0.811291 0.934376 1.150494
v -0.811291 0.893801 1.150634
v -0.885814 0.934119 1.075931
v -0.885915 0.893544 1.076071
v -1.254032 0.934119 1.075931
v -1.254032 0.893544 1.076071
v -0.661733 0.934119 1.075931
v -0.736256 0.934376 1.150494
v -0.661733 0.893544 1.076071
v -0.736256 0.893801 1.150634
v -0.736256 0.935112 1.363751
v -0.736256 0.894537 1.363891
v -0.661733 0.935370 1.438313
v -0.661733 0.894795 1.438453
v -0.293515 0.935370 1.438363
v -0.293616 0.894795 1.438503
v -0.218992 0.894537 1.363891
v -0.218992 0.935113 1.363751
v -0.218992 0.934376 1.150493
v -0.218992 0.893801 1.150633
v -0.293515 0.934119 1.075931
v -0.293616 0.893544 1.076071
v -0.661733 0.934119 1.075931
v -0.661733 0.893544 1.076071
v 0.142379 0.935339 1.094482
v 0.202879 0.935339 1.094482
v 0.209436 0.900809 1.094601
v 0.134999 0.900809 1.094601
v 0.239538 0.893608 1.094626
v 0.103663 0.893608 1.094626
v 0.202879 0.935221 1.060255
v 0.142379 0.935221 1.060255
v 0.209436 0.900691 1.060374
v 0.134999 0.900691 1.060374
v 0.239538 0.893490 1.060399
v 0.103663 0.893490 1.060399
v 0.414462 0.935638 1.180912
v 0.353963 0.935638 1.180912
v 0.347405 0.901107 1.181031
v 0.421842 0.901107 1.181031
v 0.317304 0.893906 1.181056
v 0.453178 0.893906 1.181056
v 0.353963 0.935756 1.215139
v 0.414462 0.935756 1.215139
v 0.347405 0.901226 1.215259
v 0.421842 0.901226 1.215259
v 0.317304 0.894024 1.215284
v 0.453178 0.894024 1.215283
v -0.885814 0.934119 1.075931
v -0.811291 0.934376 1.150494
v -0.811291 0.935112 1.363751
v -0.885814 0.935370 1.438363
v -1.254032 0.935370 1.438313
v -1.254032 0.934119 1.075931
v -1.328554 0.934376 1.150494
v -1.328554 0.935112 1.363750
v -0.293515 0.934119 1.075931
v -0.218992 0.934376 1.150493
v -0.218992 0.935113 1.363751
v -0.293515 0.935370 1.438363
v -0.661733 0.935370 1.438313
v -0.661733 0.934119 1.075931
v -0.736256 0.934376 1.150494
v -0.736256 0.935112 1.363751
v 0.463038 0.943299 0.582559
v 0.307444 0.943299 0.582559
v 0.463038 0.943121 0.530819
v 0.307444 0.943121 0.530819
v 0.307444 0.943299 0.582559
v 0.307444 0.891841 0.582736
v 0.307444 0.943121 0.530819
v 0.307444 0.891662 0.530996
v 0.463038 0.891841 0.582736
v 0.463038 0.943299 0.582559
v 0.463038 0.891662 0.530996
v 0.463038 0.943121 0.530819
v 0.463038 0.943121 0.530819
v 0.307444 0.943121 0.530819
v 0.463038 0.891662 0.530996
v 0.307444 0.891662 0.530996
v 0.463038 0.891841 0.582736
v 0.307444 0.891841 0.582736
v 0.463038 0.943299 0.582559
v 0.307444 0.943299 0.582559
v 0.410260 0.926396 0.514793
v 0.358076 0.926396 0.514793
v 0.410260 0.891607 0.514913
v 0.358076 0.891607 0.514913
v 0.146581 0.891607 0.514913
v 0.198766 0.891607 0.514913
v 0.146581 0.926396 0.514793
v 0.198766 0.926396 0.514793
v 0.453178 0.892400 0.744714
v 0.421842 0.899601 0.744689
v 0.453178 0.892282 0.710486
v 0.421842 0.899483 0.710461
v 0.414462 0.934131 0.744570
v 0.414462 0.934013 0.710342
v 0.353963 0.934131 0.744570
v 0.353963 0.934013 0.710342
v 0.347405 0.899601 0.744689
v 0.347405 0.899483 0.710462
v 0.317304 0.892400 0.744714
v 0.317304 0.892282 0.710486
v 0.103663 0.891865 0.589829
v 0.134999 0.899066 0.589804
v 0.103663 0.891983 0.624056
v 0.134999 0.899184 0.624031
v 0.142379 0.933597 0.589685
v 0.142379 0.933715 0.623912
v 0.202879 0.933597 0.589685
v 0.202879 0.933715 0.623912
v 0.209436 0.899066 0.589804
v 0.209436 0.899184 0.624031
v 0.239538 0.891865 0.589829
v 0.239538 0.891983 0.624056
v 0.414462 0.934013 0.710342
v 0.353963 0.934013 0.710342
v 0.347405 0.899483 0.710462
v 0.421842 0.899483 0.710461
v 0.317304 0.892282 0.710486
v 0.453178 0.892282 0.710486
v 0.353963 0.934131 0.744570
v 0.414462 0.934131 0.744570
v 0.347405 0.899601 0.744689
v 0.421842 0.899601 0.744689
v 0.317304 0.892400 0.744714
v 0.453178 0.892400 0.744714
v 0.142379 0.933715 0.623912
v 0.202879 0.933715 0.623912
v 0.209436 0.899184 0.624031
v 0.134999 0.899184 0.624031
v 0.239538 0.891983 0.624056
v 0.103663 0.891983 0.624056
v 0.202879 0.933597 0.589685
v 0.142379 0.933597 0.589685
v 0.209436 0.899066 0.589804
v 0.134999 0.899066 0.589804
v 0.239538 0.891865 0.589829
v 0.103663 0.891865 0.589829
v 1.267392 1.063032 -0.994533
v 1.313932 0.968646 -1.060674
v 1.313932 1.062803 -1.060999
v 1.466517 0.968993 -0.953833
v 1.419943 1.063401 -0.887644
v 1.466517 1.063172 -0.954158
v 1.330405 1.065126 -0.387957
v 1.391228 1.065303 -0.336920
v 1.391228 0.968829 -0.336587
v 1.510961 1.064810 -0.479612
v 1.450052 1.064634 -0.530721
v 1.510961 0.973024 -0.479295
v 2.307810 0.976855 -1.095360
v 2.307810 0.893021 -1.095071
v 2.263148 0.977038 -1.042135
v 2.162487 0.976434 -1.217300
v 2.117871 0.976512 -1.164129
v 2.162487 0.899088 -1.217033
v 2.307809 0.978180 -0.711531
v 2.263148 0.977996 -0.764757
v 2.307809 0.894346 -0.711242
v 2.162487 0.978601 -0.589592
v 2.162487 0.901255 -0.589325
v 2.117872 0.978312 -0.642763
vn -0.0079 0.9999 -0.0113
vn 0.8121 -0.5835 -0.0059
vn -0.0078 -1.0000 -0.0043
vn -0.0078 -1.0000 -0.0044
vn 0.3083 0.1454 0.9401
vn 0.3018 0.1780 0.9366
vn 0.3091 -0.0046 0.9510
vn -0.0079 0.1858 0.9826
vn -0.0079 -0.0044 1.0000
vn 0.3038 0.1368 -0.9429
vn 0.2974 0.1689 -0.9397
vn 0.3045 -0.0111 -0.9524
vn -0.0078 0.1762 -0.9843
vn -0.0078 -0.0112 -0.9999
vn 0.5729 0.8195 -0.0108
vn -0.0078 -0.0113 -0.9999
vn -0.5761 -0.8174 -0.0050
vn -0.5760 -0.8174 -0.0049
vn 0.3563 0.9343 -0.0111
vn 0.8847 -0.4661 -0.0063
vn -0.0079 0.0034 1.0000
vn -0.0079 0.0035 1.0000
vn -0.0078 -0.0034 -1.0000
vn -0.0078 -0.0035 -1.0000
vn -0.0079 -0.0045 1.0000
vn 0.9999 -0.0079 -0.0078
vn -0.9999 -0.0078 -0.0078
vn -0.9999 -0.0077 -0.0079
vn 0.5655 -0.0107 -0.8247
vn 0.7675 -0.0057 0.6410
vn 0.9913 0.1192 0.0551
vn 0.9913 0.1191 0.0551
vn -0.0712 -0.0124 0.9974
vn -0.9887 -0.1326 -0.0696
vn 0.0546 -0.0035 -0.9985
vn 0.0546 -0.0034 -0.9985
vn 0.0468 -0.0034 -0.9989
vn -0.1260 0.9920 -0.0113
vn 0.1164 -0.9932 -0.0043
vn 0.1087 -0.9941 -0.0043
vn -0.4032 -0.0109 -0.9150
vn -0.4090 -0.0047 0.9125
vn 0.0780 -0.2139 -0.9737
vn 0.0780 -0.2138 -0.9738
vn 0.0701 -0.2214 -0.9727
vn -0.0474 -0.1940 0.9799
vn -0.0474 -0.1940 0.9798
vn -0.7474 0.1145 -0.6544
vn -0.7508 0.1139 -0.6506
vn -0.7584 0.1195 0.6407
vn -0.7551 0.1202 0.6445
vn -0.7550 0.1202 0.6446
vn -0.0079 0.4056 0.9140
vn -0.0079 0.8529 0.5220
vn -0.0080 0.8529 0.5220
vn -0.0079 0.6130 0.7901
vn -0.0079 -0.2894 0.9572
vn -0.0079 -0.2893 0.9572
vn -0.0078 -0.6172 0.7868
vn -0.0079 -0.0441 0.9990
vn -0.0078 -0.6171 0.7868
vn -0.9576 0.2880 -0.0020
vn -0.9576 0.2880 -0.0088
vn -1.0000 -0.0002 -0.0078
vn -0.6122 -0.7907 0.0027
vn -0.6160 -0.7878 0.0027
vn -0.9109 0.4126 -0.0092
vn -0.9999 0.0078 -0.0078
vn -0.8355 -0.5495 -0.0058
vn -0.8356 -0.5494 -0.0058
vn -0.0392 -0.9992 -0.0044
vn -0.0470 -0.9989 -0.0043
vn 0.0240 0.9996 -0.0114
vn 0.0319 0.9994 -0.0114
vn 0.8474 0.5308 -0.0097
vn 0.9999 -0.0080 -0.0079
vn 0.8896 -0.4566 -0.0063
vn -0.4810 -0.0108 -0.8767
vn -0.2019 -0.0111 -0.9793
vn 0.5565 -0.0107 -0.8308
vn 0.7187 -0.0102 -0.6952
vn 0.9920 -0.0083 -0.1261
vn 0.9938 -0.0083 -0.1105
vn 0.9938 -0.0075 0.1106
vn 0.9954 -0.0076 0.0950
vn 0.7266 -0.0055 0.6871
vn 0.5638 -0.0051 0.8259
vn -0.2053 -0.0045 0.9787
vn -0.4876 -0.0048 0.8730
vn -0.9741 -0.0070 0.2260
vn -0.9921 -0.0074 0.1252
vn -0.9900 -0.0083 -0.1405
vn -0.9706 -0.0086 -0.2407
vn -0.4810 -0.0107 -0.8767
vn -0.7675 0.5727 0.2878
vn -0.0394 0.9587 0.2816
vn -0.2133 0.9332 0.2891
vn 0.3655 0.9065 0.2114
vn 0.6522 0.7478 0.1246
vn 0.9913 0.1188 -0.0559
vn -0.2216 0.9426 0.2500
vn -0.0872 0.9600 0.2662
vn -0.3778 0.8981 0.2251
vn 0.0397 0.9992 -0.0035
vn 0.0315 0.9759 -0.2160
vn 0.1744 0.9586 -0.2253
vn 0.2531 0.9646 -0.0745
vn 0.2778 0.9440 -0.1779
vn 0.4187 0.8999 -0.1217
vn 0.4051 0.9136 0.0365
vn 0.4912 0.8710 -0.0030
vn 0.5212 0.8366 -0.1688
vn 0.9567 0.1970 -0.2142
vn 0.4600 0.8398 -0.2884
vn 0.5460 0.6469 -0.5323
vn 0.3322 0.9007 -0.2800
vn 0.3003 0.8839 -0.3586
vn 0.9179 0.3957 0.0303
vn 0.1971 0.9374 -0.2871
vn 0.1651 0.9506 -0.2628
vn 0.1657 0.9458 -0.2794
vn 0.1572 0.9267 -0.3414
vn -0.6160 -0.7877 0.0027
vn -0.9999 0.0080 -0.0078
vn -1.0000 0.0080 -0.0000
vn -0.7063 0.7062 -0.0493
vn -0.7065 0.6682 0.2331
vn -0.3856 0.9208 -0.0582
vn -0.3869 0.8702 0.3050
vn 0.0876 0.9397 0.3306
vn 0.0869 0.9945 -0.0585
vn 0.6983 0.7141 -0.0499
vn 0.6985 0.6757 0.2356
vn 1.0000 0.0079 -0.0000
vn 0.9999 0.0079 -0.0079
vn 0.7035 -0.6188 -0.3494
vn 0.7108 -0.7029 0.0257
vn -0.0076 -0.9871 -0.1597
vn -0.1938 -0.9693 -0.1516
vn -0.7113 -0.6120 -0.3456
vn -0.7184 -0.6951 0.0254
vn -0.9999 0.0076 -0.0079
vn -1.0000 0.0077 -0.0001
vn -0.0232 -0.4990 -0.8663
vn 0.0155 -0.4840 -0.8749
vn -0.0387 -0.4592 -0.8875
vn -0.0155 -0.5521 -0.8336
vn -0.0155 -0.4378 -0.8989
vn -0.0000 -0.4379 -0.8990
vn -0.0000 -0.5522 -0.8337
vn 0.0232 -0.4594 -0.8879
vn 0.0077 -0.4991 -0.8665
vn -0.0310 -0.4838 -0.8746
vn -0.9327 0.3605 -0.0091
vn -0.4472 0.8944 -0.0109
vn 0.7522 0.6570 -0.0498
vn 0.0156 0.9622 -0.2718
vn 0.1893 0.9541 -0.2322
vn -0.3759 0.8682 -0.3241
vn -0.6580 0.6724 -0.3391
vn -0.9621 0.0224 -0.2716
vn 0.1819 0.9642 -0.1931
vn 0.0552 0.9692 -0.2400
vn 0.3237 0.9393 -0.1138
vn -0.1503 0.9883 -0.0271
vn -0.2050 0.9624 0.1780
vn -0.3385 0.9295 0.1464
vn -0.3699 0.9287 -0.0268
vn -0.4240 0.9032 0.0676
vn -0.5328 0.8458 -0.0263
vn -0.4710 0.8629 -0.1835
vn -0.5563 0.8139 -0.1674
vn -0.6332 0.7738 -0.0183
vn -0.9880 0.1008 -0.1170
vn -0.6199 0.7773 0.1072
vn -0.7536 0.5742 0.3199
vn -0.5041 0.8511 0.1467
vn -0.4973 0.8376 0.2261
vn -0.8950 0.3024 -0.3279
vn -0.3804 0.9040 0.1950
vn -0.3462 0.9212 0.1778
vn -0.3471 0.9158 0.2020
vn -0.3545 0.8991 0.2569
vn 0.9290 -0.3701 -0.0066
vn 0.9290 -0.3700 -0.0066
vn 0.4220 -0.9066 -0.0047
vn 0.7570 0.6534 -0.0102
vn 0.7855 0.6188 -0.0100
vn 0.7603 0.6494 -0.0100
vn 0.7443 0.6576 0.1165
vn 0.7153 0.6605 0.2282
vn 0.6040 0.7637 0.2278
vn 0.6433 0.7079 0.2914
vn 0.7235 0.6054 0.3318
vn 0.3579 0.8761 0.3231
vn 0.4059 0.8606 0.3074
vn 0.2690 0.8795 0.3925
vn 0.2377 0.8573 0.4566
vn 0.1827 0.7095 0.6806
vn 0.0633 0.6508 0.7566
vn 0.0556 0.6379 0.7681
vn 0.1985 0.6378 0.7442
vn -0.1511 0.6308 0.7611
vn -0.1424 0.6277 0.7653
vn -0.3936 0.6242 0.6748
vn -0.3936 0.6243 0.6748
vn -0.6037 0.6212 0.4997
vn -0.6037 0.6211 0.4997
vn -0.7378 0.6210 0.2647
vn -0.7877 0.6160 -0.0099
vn -0.7876 0.6161 -0.0099
vn -0.7346 0.6164 -0.2835
vn -0.5990 0.6128 -0.5155
vn -0.3894 0.6129 -0.6875
vn -0.1492 0.6179 -0.7719
vn -0.1407 0.6149 -0.7760
vn 0.0549 0.6249 -0.7788
vn 0.0625 0.6378 -0.7677
vn 0.1807 0.6971 -0.6938
vn 0.1962 0.6252 -0.7554
vn 0.2360 0.8478 -0.4748
vn 0.2673 0.8712 -0.4118
vn 0.3560 0.8692 -0.3432
vn 0.4039 0.8541 -0.3276
vn 0.6403 0.7025 -0.3107
vn 0.6017 0.7592 -0.2481
vn 0.7126 0.6563 -0.2477
vn 0.7196 0.5998 -0.3500
vn 0.7428 0.6554 -0.1366
vn 0.7603 0.6494 -0.0102
vn 0.7855 0.6188 -0.0101
vn 0.7110 0.7031 -0.0105
vn 0.5660 0.5045 0.6520
vn 0.8880 0.4598 -0.0097
vn 0.2370 0.0112 0.9715
vn 0.9919 0.1269 -0.0086
vn -0.0000 -0.0045 1.0000
vn 0.1501 -0.3681 0.9176
vn -0.1564 -0.8352 0.5272
vn -0.8959 -0.4443 -0.0063
vn -0.9901 -0.1404 -0.0073
vn 0.2334 0.0122 -0.9723
vn -0.9922 -0.1241 -0.0073
vn -0.0000 -0.0112 -0.9999
vn 0.9919 0.1269 -0.0082
vn 0.8880 0.4598 -0.0093
vn 0.9939 0.1104 -0.0081
vn 0.5331 0.4130 -0.7384
vn 0.7110 0.7031 -0.0101
vn -0.1551 -0.8320 -0.5327
vn 0.9939 0.1104 -0.0084
vn -0.1405 -0.9436 0.2999
vn -0.2415 -0.8162 0.5248
vn -0.2813 -0.7325 0.6200
vn -0.3920 -0.2715 0.8790
vn -0.3936 -0.2568 0.8827
vn -0.4017 -0.1306 0.9064
vn -0.3393 0.5708 0.7477
vn -0.3014 0.6844 0.6639
vn -0.0397 0.9978 0.0522
vn -0.0239 0.9995 0.0205
vn -0.0079 0.9987 -0.0512
vn -0.0079 0.9982 -0.0591
vn -0.0079 0.6967 -0.7173
vn -0.0078 0.0591 -0.9982
vn -0.0078 -0.0815 -0.9966
vn -0.0078 -0.7095 -0.7046
vn -0.0077 -0.9232 -0.3842
vn 0.1088 -0.9868 0.1200
vn 0.1164 -0.9932 0.0035
vn 0.1164 -0.9932 0.0034
vn 0.1244 -0.9572 -0.2612
vn 0.1247 -0.9592 -0.2539
vn 0.0929 -0.3982 -0.9126
vn 0.0933 -0.4075 -0.9084
vn 0.0468 -0.0035 -0.9989
vn -0.1026 0.0034 0.9947
vn -0.4187 -0.0047 0.9081
vn -0.4251 -0.0047 0.9051
vn -0.9991 -0.0155 0.0392
vn -0.9984 -0.0158 -0.0547
vn -0.4033 -0.0187 -0.9149
vn -0.3968 -0.0187 -0.9177
vn -0.0934 -0.0112 -0.9956
vn -0.0933 -0.0112 -0.9956
vn 0.9999 -0.0079 -0.0079
vn -0.9678 -0.1241 0.2190
vn -0.6840 -0.0919 0.7237
vn -0.6840 -0.0918 0.7237
vn -0.8882 -0.1153 0.4447
vn -0.8882 -0.1153 0.4448
vn -0.8820 -0.1176 -0.4563
vn -0.6567 -0.0876 -0.7491
vn -0.9626 -0.1250 -0.2402
vn -0.6840 -0.0918 0.7236
vn -0.8820 -0.1176 -0.4564
vn 0.1010 0.1753 -0.9793
vn 0.1018 0.1767 -0.9790
vn -0.0000 0.1762 -0.9844
vn 0.2973 0.1689 -0.9397
vn 0.2737 0.1688 -0.9469
vn 0.4064 0.1610 -0.8994
vn 0.0866 -0.1935 0.9773
vn -0.0000 -0.1942 0.9810
vn -0.0238 -0.2018 0.9791
vn -0.0160 -0.2018 0.9793
vn -0.4082 -0.1775 0.8955
vn -0.4710 -0.1776 0.8641
vn 0.0079 0.9999 -0.0116
vn -0.0000 0.9999 -0.0116
vn -0.0000 0.8571 -0.5151
vn -0.0000 0.8515 -0.5244
vn -0.0078 0.4813 -0.8765
vn -0.0078 0.4659 -0.8848
vn -0.0156 -0.0191 -0.9997
vn -0.0156 -0.0425 -0.9990
vn -0.0077 -0.5140 -0.8577
vn -0.0078 -0.5231 -0.8522
vn -0.0078 -0.8699 -0.4931
vn -0.0000 -0.8733 -0.4872
vn -0.0000 -1.0000 -0.0044
vn -0.0000 -0.8765 0.4813
vn -0.0078 -0.8732 0.4873
vn -0.0079 -0.5242 0.8516
vn -0.0078 -0.5149 0.8572
vn -0.0159 -0.0362 0.9992
vn -0.0159 -0.0124 0.9998
vn -0.0079 0.4785 0.8780
vn -0.0079 0.4940 0.8694
vn -0.0000 0.8621 0.5068
vn -0.0000 0.8675 0.4974
vn -0.0000 0.9999 -0.0112
vn 0.0079 0.9999 -0.0112
vn 0.0156 -0.9999 -0.0044
vn 0.9494 -0.3139 -0.0068
vn 0.9998 -0.0157 -0.0079
vn 0.6099 0.7924 -0.0027
vn 0.6187 0.7856 -0.0027
vn 0.0079 0.9999 -0.0114
vn 0.0080 0.9999 -0.0114
vn 0.9494 -0.3139 -0.0067
vn 0.6098 0.7923 -0.0186
vn 0.6187 0.7854 -0.0186
vn 0.6098 0.7923 -0.0185
vn 0.6186 0.7855 -0.0186
vn -0.9999 -0.0079 -0.0078
vn 0.3727 0.9279 -0.0112
vn 0.3659 0.9306 -0.0111
vn 0.0948 -0.0124 0.9954
vn 0.4120 -0.0048 0.9111
vn 0.4186 -0.0048 0.9082
vn 0.9992 0.0002 0.0399
vn 0.9984 -0.0002 -0.0557
vn 0.3968 -0.0032 -0.9179
vn 0.3902 -0.0032 -0.9207
vn 0.0856 -0.0112 -0.9963
vn -0.6121 -0.7907 -0.0128
vn -0.6159 -0.7877 -0.0129
vn -0.4876 -0.0049 0.8730
vn -0.2050 -0.0045 0.9787
vn -0.2023 -0.0111 -0.9793
vn -0.4810 -0.0108 -0.8766
vn -0.0079 -0.4630 0.8863
vn -0.0078 -0.9802 0.1980
vn -0.0079 -0.2167 0.9762
vn -0.0078 -0.9917 0.1286
vn -0.0077 -0.9785 -0.2062
vn -0.0078 -0.9905 -0.1371
vn -0.0078 -0.4627 -0.8865
vn -0.0078 -0.2203 -0.9754
vn -0.0078 0.5590 -0.8291
vn -0.0079 0.7125 -0.7017
vn -0.0079 0.9915 -0.1296
vn -0.0079 0.9935 -0.1139
vn -0.0079 0.9942 0.1072
vn -0.0079 0.9958 0.0915
vn -0.0079 0.7252 0.6885
vn -0.0079 0.5720 0.8202
vn -0.0078 -0.2167 0.9762
vn -0.9997 -0.0077 0.0235
vn -0.6992 -0.0054 0.7149
vn -0.9998 -0.0077 0.0157
vn -0.6417 -0.0052 0.7669
vn 0.0238 -0.0045 0.9997
vn 0.1269 -0.0045 0.9919
vn 0.7381 -0.0056 0.6747
vn 0.9995 -0.0080 -0.0317
vn 0.9997 -0.0080 -0.0238
vn 0.7452 -0.0101 -0.6668
vn 0.7110 -0.0102 -0.7031
vn 0.1250 -0.0112 -0.9921
vn 0.0234 -0.0113 -0.9997
vn -0.6508 -0.0104 -0.7592
vn -0.7071 -0.0102 -0.7071
vn -0.9997 -0.0077 0.0234
vn -0.9999 -0.0078 0.0155
vn -0.0078 -0.9785 -0.2062
vn -0.0077 -0.2201 -0.9754
vn -0.0079 -0.2169 0.9762
vn -0.0079 0.9958 0.0916
vn -0.3157 0.3267 0.8908
vn -0.7233 0.3480 0.5964
vn -0.7089 0.3487 0.6132
vn -0.9631 0.1935 -0.1871
vn -0.9684 0.2104 -0.1336
vn -0.3108 -0.1896 -0.9314
vn -0.2723 -0.2053 -0.9401
vn -0.0931 -0.2594 -0.9613
vn -0.1086 -0.2517 -0.9617
vn -0.4964 0.3494 0.7947
vn -0.4904 0.3508 0.7978
vn -0.2921 0.3268 0.8988
vn 0.2847 0.1852 0.9406
vn 0.2775 0.1856 0.9426
vn 0.6039 0.0663 0.7943
vn 0.6041 0.0584 0.7947
vn 0.7782 -0.0296 0.6274
vn 0.7955 -0.0377 0.6047
vn 0.9201 -0.1415 0.3653
vn 0.9216 -0.1497 0.3581
vn -0.3711 -0.1734 -0.9122
vn -0.3947 -0.1580 -0.9051
vn -0.2257 -0.2212 -0.9488
vn -0.2089 -0.2277 -0.9511
vn 0.5231 -0.3618 -0.7717
vn 0.5319 -0.3624 -0.7653
vn 0.9382 -0.3002 -0.1724
vn 0.9212 -0.3157 -0.2272
vn 0.9678 -0.2437 0.0638
vn 0.9682 -0.2438 0.0560
vn -0.7044 -0.3972 0.5883
vn -0.4687 -0.5523 0.6894
vn -0.5812 -0.4847 0.6536
vn -0.4131 -0.7701 0.4860
vn -0.4291 -0.8494 0.3072
vn -0.3114 -0.9020 0.2990
vn -0.2189 -0.8664 0.4487
vn -0.2022 -0.9164 0.3453
vn -0.3190 -0.9252 0.2055
vn -0.3179 -0.9142 0.2513
vn -0.3189 -0.9092 0.2676
vn -0.2810 -0.9279 0.2452
vn -0.0544 -0.9181 0.3926
vn 0.0548 -0.9388 0.3401
vn -0.0078 -0.9733 0.2293
vn -0.1481 -0.9581 0.2450
vn -0.1718 -0.9680 0.1830
vn 0.1093 -0.9922 -0.0591
vn 0.7221 -0.6906 0.0417
vn 0.0315 -0.8728 0.4870
vn 0.6244 -0.7022 0.3423
vn -0.0548 -0.8431 0.5349
vn -0.5651 -0.4607 0.6844
vn -0.4301 -0.5529 0.7137
vn -0.8981 0.0484 0.4372
vn -0.0627 -0.7340 0.6762
vn 0.2511 -0.7900 0.5594
vn 0.8077 -0.5720 0.1431
vn 0.4061 -0.0110 -0.9137
vn 0.0933 -0.0190 -0.9955
vn 0.4126 -0.0109 -0.9108
vn 0.9992 0.0002 0.0398
vn 0.4025 0.0032 0.9154
vn 0.3959 0.0032 0.9183
vn 0.0870 -0.0044 0.9962
vn 0.0870 -0.0045 0.9962
vn -0.9931 -0.0074 0.1171
vn -0.9911 -0.0083 -0.1328
vn -0.2646 -0.0111 -0.9643
vn 0.2500 -0.0111 -0.9682
vn 0.9908 -0.0084 -0.1350
vn 0.9928 -0.0075 0.1194
vn 0.2539 -0.0046 0.9672
vn -0.2686 -0.0046 0.9632
vn -0.2687 -0.0046 0.9632
vn -0.0236 -0.4998 0.8658
vn -0.0392 -0.4594 0.8874
vn 0.0157 -0.4846 0.8746
vn -0.0157 -0.5535 0.8327
vn -0.0157 -0.4377 0.8990
vn -0.0000 -0.4378 0.8991
vn -0.0000 -0.5535 0.8328
vn 0.0235 -0.4597 0.8878
vn 0.0079 -0.4999 0.8661
vn -0.0314 -0.4844 0.8743
vn 0.3642 0.9018 -0.2327
vn 0.6508 0.7452 -0.1453
vn 0.9921 0.1192 0.0393
vn -0.2123 0.9268 -0.3099
vn -0.0392 0.9523 -0.3027
vn -0.7640 0.5681 -0.3060
vn -0.2207 0.9369 -0.2711
vn -0.3764 0.8931 -0.2462
vn -0.0868 0.9539 -0.2874
vn 0.0397 0.9990 -0.0193
vn 0.0316 0.9805 0.1941
vn 0.1751 0.9632 0.2038
vn 0.2533 0.9660 0.0521
vn 0.2786 0.9477 0.1559
vn 0.4195 0.9023 0.0999
vn 0.4048 0.9125 -0.0587
vn 0.4911 0.8709 -0.0188
vn 0.5225 0.8398 0.1475
vn 0.9599 0.1990 0.1976
vn 0.4621 0.8454 0.2680
vn 0.5505 0.6560 0.5163
vn 0.3336 0.9064 0.2590
vn 0.3020 0.8912 0.3386
vn 0.9173 0.3952 -0.0488
vn 0.1980 0.9434 0.2660
vn 0.1658 0.9561 0.2414
vn 0.1664 0.9517 0.2582
vn 0.1581 0.9338 0.3209
vn -0.3113 0.3160 -0.8962
vn -0.7165 0.3406 -0.6087
vn -0.7020 0.3411 -0.6252
vn -0.9658 0.1953 0.1707
vn -0.9703 0.2117 0.1168
vn -0.3154 -0.1859 0.9306
vn -0.2763 -0.2018 0.9396
vn -0.0944 -0.2566 0.9619
vn -0.1103 -0.2489 0.9622
vn -0.4902 0.3396 -0.8027
vn -0.4843 0.3409 -0.8057
vn -0.2880 0.3160 -0.9040
vn 0.2805 0.1760 -0.9436
vn 0.2734 0.1764 -0.9456
vn 0.5963 0.0600 -0.8005
vn 0.5966 0.0522 -0.8009
vn 0.7704 -0.0336 -0.6366
vn 0.7879 -0.0415 -0.6144
vn 0.9146 -0.1433 -0.3780
vn 0.9163 -0.1513 -0.3708
vn -0.3764 -0.1695 0.9108
vn -0.4004 -0.1539 0.9033
vn -0.2291 -0.2179 0.9487
vn -0.2121 -0.2245 0.9511
vn 0.5294 -0.3608 0.7678
vn 0.5383 -0.3615 0.7613
vn 0.9406 -0.2998 0.1591
vn 0.9245 -0.3153 0.2144
vn 0.9667 -0.2439 -0.0777
vn 0.9672 -0.2440 -0.0699
vn -0.6979 -0.3975 -0.5957
vn -0.5753 -0.4843 -0.6592
vn -0.4637 -0.5511 -0.6937
vn -0.4100 -0.7677 -0.4925
vn -0.4271 -0.8474 -0.3154
vn -0.3099 -0.8999 -0.3069
vn -0.2174 -0.8635 -0.4552
vn -0.2011 -0.9139 -0.3526
vn -0.3180 -0.9236 -0.2140
vn -0.3167 -0.9124 -0.2595
vn -0.3176 -0.9073 -0.2757
vn -0.2800 -0.9260 -0.2532
vn -0.0541 -0.9152 -0.3994
vn 0.0545 -0.9361 -0.3474
vn -0.0078 -0.9714 -0.2374
vn -0.1476 -0.9561 -0.2530
vn -0.1714 -0.9664 -0.1914
vn 0.1095 -0.9927 0.0503
vn 0.7215 -0.6904 -0.0525
vn 0.6210 -0.7007 -0.3513
vn 0.0312 -0.8695 -0.4929
vn -0.0543 -0.8398 -0.5402
vn -0.5591 -0.4605 -0.6895
vn -0.8919 0.0450 -0.4500
vn -0.4253 -0.5518 -0.7174
vn -0.0619 -0.7310 -0.6796
vn 0.2489 -0.7869 -0.5646
vn 0.8058 -0.5716 -0.1545
vn 0.3632 0.9316 -0.0111
vn -0.5976 0.8018 -0.0028
vn -0.5976 0.8017 -0.0106
vn 0.3495 0.9369 -0.0112
vn 0.3494 0.9369 -0.0112
vn -0.7067 0.7069 0.0288
vn -0.9998 0.0079 -0.0157
vn -0.9999 0.0080 -0.0079
vn -0.7038 0.6640 -0.2524
vn -0.3858 0.9219 0.0361
vn -0.3850 0.8637 -0.3252
vn 0.0871 0.9323 -0.3511
vn 0.0870 0.9956 0.0359
vn 0.6987 0.7148 0.0291
vn 0.6958 0.6714 -0.2552
vn 0.9998 0.0079 -0.0159
vn 0.9999 0.0079 -0.0080
vn 0.7074 -0.6198 0.3399
vn 0.7105 -0.7028 -0.0364
vn -0.0076 -0.9884 0.1514
vn -0.0076 -0.9880 0.1539
vn -0.1942 -0.9705 0.1432
vn -0.7151 -0.6129 0.3361
vn -0.7181 -0.6950 -0.0360
vn -0.9999 0.0076 -0.0078
vn -0.9998 0.0076 -0.0156
vn -0.1732 -0.0045 0.9849
vn -0.9701 -0.0070 0.2428
vn -0.9663 -0.0087 -0.2573
vn -0.1709 -0.0111 -0.9852
vn 0.1558 -0.0112 -0.9877
vn 0.1557 -0.0112 -0.9877
vn 0.9652 -0.0088 -0.2613
vn 0.9652 -0.0088 -0.2612
vn 0.9691 -0.0071 0.2465
vn 0.1582 -0.0045 0.9874
vn -0.1731 -0.0045 0.9849
vn -0.8629 -0.0095 -0.5053
vn -0.8697 -0.0062 0.4936
vn -0.8697 -0.0061 0.4936
vn 0.8589 -0.0096 -0.5121
vn 0.8588 -0.0097 -0.5121
vn 0.8658 -0.0062 0.5004
vn 0.5248 0.3812 -0.7611
vn 0.8233 0.4341 -0.3657
vn 0.8159 0.4343 -0.3817
vn 0.8395 0.2788 0.4663
vn 0.8580 0.2954 0.4202
vn 0.0080 -0.1942 0.9809
vn -0.0235 -0.2092 0.9776
vn -0.1972 -0.2806 0.9393
vn -0.1883 -0.2790 0.9416
vn 0.6695 0.4153 -0.6158
vn 0.6619 0.4155 -0.6239
vn 0.5117 0.3752 -0.7729
vn 0.5028 0.3744 -0.7791
vn -0.0078 0.1837 -0.9829
vn -0.3347 0.0279 -0.9419
vn -0.3416 0.0278 -0.9394
vn -0.5419 -0.0880 -0.8358
vn -0.5594 -0.0961 -0.8233
vn -0.7436 -0.2113 -0.6344
vn -0.7423 -0.2186 -0.6334
vn 0.0712 -0.1632 0.9840
vn 0.0950 -0.1552 0.9833
vn -0.0787 -0.2329 0.9693
vn -0.0942 -0.2400 0.9662
vn -0.7093 -0.4346 0.5550
vn -0.7162 -0.4341 0.5465
vn -0.9092 -0.3898 -0.1463
vn -0.9118 -0.4021 -0.0836
vn -0.8690 -0.3271 -0.3713
vn 0.8783 -0.3149 -0.3596
vn 0.6981 -0.4881 -0.5238
vn 0.7890 -0.4078 -0.4595
vn 0.6092 -0.7120 -0.3491
vn 0.5724 -0.8005 -0.1776
vn 0.4620 -0.8621 -0.2084
vn 0.4209 -0.8276 -0.3713
vn 0.3743 -0.8822 -0.2856
vn 0.4445 -0.8895 -0.1061
vn 0.4536 -0.8765 -0.1612
vn 0.4617 -0.8692 -0.1770
vn 0.4223 -0.8920 -0.1611
vn 0.2486 -0.8952 -0.3699
vn 0.1321 -0.9258 -0.3542
vn 0.1636 -0.9592 -0.2305
vn 0.2952 -0.9329 -0.2065
vn 0.3037 -0.9429 -0.1369
vn -0.0390 -0.9992 0.0035
vn -0.6054 -0.7462 -0.2769
vn 0.1938 -0.8477 -0.4938
vn -0.4242 -0.7345 -0.5296
vn 0.2805 -0.8122 -0.5115
vn 0.7816 -0.3847 -0.4911
vn 0.6684 -0.4917 -0.5580
vn 0.9784 0.1415 -0.1504
vn 0.3261 -0.7010 -0.6343
vn -0.0002 -0.7823 -0.6229
vn -0.6663 -0.6289 -0.4006
vn -0.9327 0.3605 -0.0090
vn 0.5861 0.6274 0.5127
vn 0.5902 0.6397 0.4923
vn 0.5902 0.6397 0.4924
vn 0.5809 0.6305 0.5149
vn 0.5721 0.6453 0.5063
vn 0.5644 0.6456 0.5144
vn 0.5812 0.6546 0.4834
vn -0.4127 -0.0109 -0.9108
vn -0.1010 -0.0034 -0.9949
vn -0.4192 -0.0109 -0.9078
vn -0.4091 -0.0126 0.9124
vn -0.4025 -0.0126 0.9153
vn -0.0948 -0.0045 0.9955
vn -0.9576 0.2880 -0.0087
vn 0.9495 -0.3138 0.0005
vn -0.1398 -0.9412 -0.3075
vn -0.2395 -0.8132 -0.5304
vn -0.2786 -0.7297 -0.6244
vn -0.3866 -0.2739 -0.8806
vn -0.3882 -0.2593 -0.8843
vn -0.3961 -0.1350 -0.9082
vn -0.3353 0.5589 -0.7584
vn -0.2982 0.6726 -0.6773
vn -0.0396 0.9964 -0.0748
vn -0.0239 0.9988 -0.0432
vn -0.0079 0.9996 0.0285
vn -0.0079 0.9993 0.0364
vn -0.0079 0.7095 0.7046
vn -0.0079 0.0670 0.9977
vn -0.0079 -0.0759 0.9971
vn -0.0079 -0.7125 0.7017
vn -0.0078 -0.9261 0.3773
vn 0.9947 0.1027 0.0076
vn 0.9939 0.1104 -0.0004
vn 0.9848 0.1098 -0.1345
vn 0.8944 0.1014 -0.4357
vn 0.9651 0.1099 -0.2377
vn 0.9707 0.1098 -0.2136
vn 0.9868 0.1109 0.1181
vn 0.9867 0.1030 0.1260
vn 0.8745 0.0891 0.4767
vn 0.9931 0.1035 0.0552
vn 0.9758 0.1332 -0.1734
vn 0.9874 0.1261 -0.0953
vn 0.9881 0.1262 -0.0874
vn 0.9928 0.1192 0.0075
vn 0.9930 0.1183 0.0075
vn 0.8598 0.0973 0.5012
vn 0.8453 0.0999 -0.5248
vn -0.1105 0.9538 -0.2794
vn -0.1180 0.9743 -0.1921
vn -0.1104 0.9538 -0.2794
vn -0.1181 0.9757 -0.1845
vn -0.1265 0.9878 -0.0904
vn -0.1263 0.9863 -0.1060
vn -0.1337 0.9910 -0.0113
vn -0.1337 0.9910 -0.0034
vn -0.1346 0.9902 0.0362
vn -0.1347 0.9902 0.0362
vn -0.1426 0.9749 0.1709
vn -0.1428 0.9762 0.1632
vn -0.1426 0.9671 0.2105
vn -0.9844 -0.1322 -0.1158
vn -0.9853 -0.1323 -0.1082
vn -0.9834 -0.1398 -0.1157
vn -0.9822 -0.1407 -0.1243
vn -0.9582 -0.1411 -0.2490
vn -0.8434 -0.1101 -0.5258
vn -0.9316 -0.1254 -0.3412
vn -0.9397 -0.1253 -0.3182
vn -0.7969 -0.1026 -0.5954
vn -0.9901 -0.1403 -0.0073
vn -0.9922 -0.1241 -0.0150
vn -0.9271 -0.1312 0.3510
vn -0.9199 -0.1156 0.3746
vn -0.9877 -0.1402 -0.0695
vn -0.9541 -0.1096 -0.2787
vn -0.9732 -0.0941 -0.2099
vn -0.9751 -0.0936 -0.2009
vn -0.9896 -0.0939 -0.1088
vn -0.0473 -0.1942 0.9798
vn -0.0474 -0.1866 0.9813
vn 0.0937 -0.9517 0.2924
vn 0.0936 -0.9668 0.2376
vn 0.1169 -0.9897 -0.0823
vn 0.1170 -0.9909 -0.0668
vn 0.1244 -0.9805 -0.1522
vn 0.1168 -0.9814 -0.1523
vn 0.1163 -0.9928 -0.0278
vn 0.0929 -0.8609 -0.5002
vn 0.0546 -0.5017 -0.8633
vn 0.0545 -0.5017 -0.8633
vn -0.0078 -0.0349 -0.9994
vn -0.0078 -0.0347 -0.9994
vn -0.0078 0.0123 -0.9999
vn -0.0078 0.0124 -0.9999
vn -0.0706 0.4834 -0.8725
vn -0.1097 0.8519 -0.5120
vn -0.1336 0.9904 -0.0350
vn -0.1337 0.9909 0.0125
vn -0.1105 0.8622 0.4944
vn -0.0716 0.4961 0.8653
vn -0.0079 0.0195 0.9998
vn -0.0079 -0.0283 0.9996
vn -0.0079 -0.0284 0.9996
vn 0.0553 -0.5026 0.8628
vn 0.0936 -0.8642 0.4944
vn 0.1164 -0.9930 0.0191
vn 0.1164 -0.9930 0.0192
vn 0.1163 -0.9928 -0.0276
vn -0.0078 0.3936 -0.9193
vn -0.0079 0.8421 -0.5393
vn -0.0078 0.5999 -0.8000
vn -0.0078 -0.2916 -0.9565
vn -0.0078 -0.6150 -0.7885
vn -0.0077 -0.6150 -0.7885
vn -0.0078 -0.0503 -0.9987
vn -0.1336 0.9910 -0.0113
vn -0.0078 -0.2915 -0.9565
vn 0.6099 0.7923 -0.0186
vn -0.3777 0.8746 0.3039
vn -0.6614 0.6782 0.3204
vn -0.9661 0.0243 0.2570
vn 0.1900 0.9589 0.2105
vn 0.0157 0.9680 0.2504
vn 0.7527 0.6577 0.0294
vn 0.1824 0.9682 0.1711
vn 0.3243 0.9415 0.0917
vn 0.0554 0.9743 0.2183
vn -0.1503 0.9886 0.0045
vn -0.2044 0.9583 -0.1998
vn -0.3377 0.9261 -0.1681
vn -0.3700 0.9290 0.0047
vn -0.4235 0.9015 -0.0894
vn -0.5330 0.8461 0.0048
vn -0.4723 0.8664 0.1623
vn -0.5577 0.8170 0.1464
vn -0.6332 0.7740 -0.0027
vn -0.9897 0.1017 0.1010
vn -0.6188 0.7750 -0.1280
vn -0.7498 0.5690 -0.3378
vn -0.5028 0.8479 -0.1679
vn -0.4955 0.8328 -0.2467
vn -0.8995 0.3061 0.3118
vn -0.3791 0.8997 -0.2164
vn -0.3452 0.9171 -0.1993
vn -0.3459 0.9113 -0.2233
vn -0.3531 0.8934 -0.2777
vn 0.5311 0.3910 0.7517
vn 0.8280 0.4391 0.3488
vn 0.5309 0.3911 0.7518
vn 0.8207 0.4395 0.3650
vn 0.8333 0.2735 -0.4805
vn 0.8522 0.2904 -0.4351
vn 0.0079 -0.1979 -0.9802
vn -0.0231 -0.2128 -0.9768
vn -0.1943 -0.2830 -0.9392
vn -0.1855 -0.2814 -0.9415
vn 0.6760 0.4236 0.6030
vn 0.6684 0.4239 0.6112
vn 0.5180 0.3852 0.7638
vn 0.5090 0.3844 0.7702
vn -0.0079 0.1934 0.9811
vn -0.3397 0.0348 0.9399
vn -0.3466 0.0348 0.9374
vn -0.5490 -0.0834 0.8316
vn -0.5667 -0.0916 0.8188
vn -0.7509 -0.2091 0.6265
vn -0.7496 -0.2165 0.6255
vn 0.0701 -0.1675 -0.9834
vn 0.0935 -0.1595 -0.9828
vn -0.0776 -0.2360 -0.9686
vn -0.0928 -0.2430 -0.9656
vn -0.7032 -0.4347 -0.5626
vn -0.7101 -0.4342 -0.5543
vn -0.9115 -0.3891 0.1338
vn -0.9129 -0.4020 0.0710
vn -0.8739 -0.3265 0.3601
vn 0.8832 -0.3142 0.3481
vn 0.7947 -0.4076 0.4499
vn 0.7038 -0.4885 0.5157
vn 0.6125 -0.7135 0.3402
vn 0.5740 -0.8015 0.1679
vn 0.4635 -0.8634 0.1994
vn 0.4234 -0.8298 0.3635
vn 0.3760 -0.8842 0.2772
vn 0.4452 -0.8902 0.0968
vn 0.4547 -0.8776 0.1520
vn 0.4629 -0.8704 0.1678
vn 0.4233 -0.8931 0.1520
vn 0.2500 -0.8978 0.3626
vn 0.1328 -0.9284 0.3469
vn 0.1642 -0.9611 0.2223
vn 0.2961 -0.9344 0.1981
vn 0.3044 -0.9439 0.1281
vn -0.0390 -0.9992 -0.0122
vn -0.6080 -0.7475 0.2676
vn -0.4277 -0.7369 0.5235
vn 0.1953 -0.8508 0.4878
vn 0.2828 -0.8152 0.5055
vn 0.7876 -0.3843 0.4817
vn 0.9806 0.1428 0.1340
vn 0.6742 -0.4922 0.5506
vn 0.3293 -0.7036 0.6297
vn -0.0002 -0.7855 0.6188
vn -0.6704 -0.6301 0.3919
vn -0.4647 -0.1811 -0.8668
vn -0.4025 -0.1811 -0.8973
vn -0.0235 -0.2054 -0.9784
vn -0.0157 -0.2054 -0.9785
vn -0.0000 -0.1980 -0.9802
vn 0.0853 -0.1973 -0.9766
vn 0.0854 -0.1973 -0.9766
vn 0.1026 0.1848 0.9774
vn -0.0000 0.1858 0.9826
vn 0.1033 0.1862 0.9771
vn 0.2778 0.1779 0.9440
vn 0.4122 0.1696 0.8952
vn -0.1709 -0.0112 -0.9852
vn -0.9913 -0.1317 -0.0073
vn -0.8174 -0.5761 -0.0058
vn -0.3419 -0.9397 -0.0045
vn -0.3488 -0.9372 -0.0045
vn -0.3487 -0.9372 -0.0045
vn -0.1260 0.0034 0.9920
vn -0.4566 0.0188 0.8895
vn -0.4661 -0.0048 0.8847
vn -0.9813 0.1871 0.0462
vn -0.9804 0.1865 -0.0631
vn -0.9809 0.1866 -0.0553
vn -0.4503 0.0047 -0.8929
vn -0.4596 -0.0186 -0.8879
vn -0.1164 -0.0112 -0.9931
vn -0.9363 0.3511 -0.0090
vn -0.7808 0.6247 -0.0100
vn -0.9095 0.4155 -0.0093
vn -0.7808 0.6246 -0.0100
vn -0.2128 -0.0045 0.9771
vn -0.2370 -0.0045 0.9715
vn -0.5121 -0.0049 0.8589
vn -0.1882 0.6721 -0.7161
vn -0.4221 0.6466 -0.6354
vn -0.4157 0.6409 -0.6453
vn -0.1721 0.6783 -0.7144
vn 0.1023 0.6729 -0.7327
vn 0.0475 0.6674 -0.7432
vn 0.4264 0.6453 -0.6339
vn 0.1182 -0.0123 0.9929
vn 0.4501 -0.0285 0.8925
vn 0.4599 -0.0049 0.8880
vn 0.9772 -0.2047 0.0561
vn 0.9776 -0.2048 0.0482
vn 0.9763 -0.2049 -0.0704
vn 0.9768 -0.2050 -0.0625
vn 0.4471 -0.0266 -0.8941
vn 0.4535 -0.0031 -0.8913
vn 0.1087 -0.0112 -0.9940
vn 0.3504 -0.9347 -0.0591
vn -0.9374 -0.0537 0.3441
vn -0.9624 -0.0538 0.2662
vn 0.3620 -0.5091 0.7809
vn 0.6832 0.1058 0.7225
vn -0.9525 -0.0069 0.3045
vn -0.9525 0.1180 0.2807
vn 0.5337 0.4246 0.7313
vn -0.9639 0.1889 0.1876
vn 0.3723 0.7150 0.5917
vn 0.2537 0.9672 -0.0113
vn -0.9757 0.2187 -0.0086
vn -0.9610 0.1871 -0.2038
vn 0.3709 0.7002 -0.6100
vn 0.5349 0.4065 -0.7407
vn -0.9504 0.1159 -0.2886
vn 0.6461 0.0999 -0.7567
vn -0.9479 -0.0088 -0.3185
vn -0.9319 -0.0634 -0.3571
vn 0.3576 -0.5083 -0.7834
vn 0.3509 -0.9355 0.0422
vn -0.9583 -0.0554 -0.2803
vn -0.4503 0.0125 -0.8928
vn -0.1240 -0.0034 -0.9923
vn -0.4596 -0.0108 -0.8880
vn -0.9813 0.1871 0.0463
vn -0.9816 0.1871 0.0385
vn -0.4566 0.0110 0.8896
vn -0.4660 -0.0127 0.8847
vn -0.1182 -0.0045 0.9930
vn -0.1182 -0.0044 0.9930
vn 0.1167 -0.9731 -0.1989
vn 0.0702 -0.9833 -0.1682
vn 0.1094 -0.9768 -0.1840
vn 0.0542 -0.9921 -0.1128
vn -0.0078 -0.9830 -0.1837
vn -0.0000 -0.8316 -0.5554
vn -0.0000 -0.9815 -0.1912
vn 0.1630 -0.9557 -0.2451
vn 0.1640 -0.9769 -0.1372
vn -0.0000 -0.9716 0.2367
vn -0.0078 -0.9697 0.2440
vn 0.0711 0.9570 0.2812
vn 0.0635 0.9771 0.2030
vn 0.0636 0.9547 0.2908
vn 0.0474 0.9651 0.2575
vn -0.0079 0.9824 0.1866
vn -0.0079 0.8114 0.5844
vn -0.0000 0.9824 0.1867
vn -0.0000 0.8077 0.5896
vn 0.1661 0.9579 0.2340
vn 0.1658 0.9794 0.1151
vn -0.0000 0.9764 -0.2161
vn -0.0000 0.9780 -0.2086
vn 0.1097 -0.9783 0.1757
vn 0.0704 -0.9846 0.1598
vn 0.1170 -0.9747 0.1906
vn 0.0543 -0.9931 0.1043
vn -0.0078 -0.9845 0.1754
vn -0.0077 -0.9677 -0.2519
vn -0.0000 -0.9696 -0.2447
vn -0.0000 -0.9831 0.1830
vn 0.1644 -0.9780 0.1287
vn 0.1637 -0.9576 0.2370
vn -0.0000 -0.8349 0.5503
vn 0.0633 0.9723 -0.2249
vn 0.0708 0.9506 -0.3021
vn 0.0633 0.9481 -0.3117
vn 0.0472 0.9592 -0.2788
vn -0.0079 0.9780 -0.2086
vn -0.0000 0.9824 0.1866
vn -0.0000 0.9810 0.1943
vn 0.1655 0.9766 -0.1374
vn 0.1655 0.9526 -0.2554
vn -0.0000 0.7960 -0.6052
vn -0.0079 0.7998 -0.6002
vn 0.4439 -0.0342 -0.8954
vn 0.1164 -0.0189 -0.9930
vn 0.4534 -0.0109 -0.8912
vn 0.9762 -0.2049 -0.0703
vn 0.4534 -0.0208 0.8910
vn 0.4599 0.0031 0.8880
vn 0.1104 -0.0045 0.9939
vn -0.9999 -0.0077 -0.0078
vn -0.9540 0.0403 0.2970
vn -0.0546 -0.9522 0.3004
vn -0.9469 0.0248 0.3207
vn -0.0391 -0.9453 0.3240
vn 0.9447 -0.0386 0.3256
vn 0.0238 0.9463 0.3224
vn -0.9469 0.0244 0.3207
vn -0.9999 -0.0080 -0.0077
vn -0.9540 0.0399 0.2972
vn 0.0396 0.9536 0.2986
vn -0.9999 -0.0080 -0.0078
vn 0.9518 -0.0544 0.3018
vn -0.9495 0.0380 -0.3114
vn -0.0544 -0.9498 -0.3080
vn 0.9472 -0.0563 -0.3157
vn 0.0394 0.9468 -0.3194
vn -0.9495 0.0377 -0.3114
vn 0.0237 0.9390 -0.3430
vn -0.9420 0.0220 -0.3348
vn 0.9398 -0.0407 -0.3394
vn -0.0389 -0.9427 -0.3314
vn -0.9420 0.0224 -0.3348
vn 0.0316 0.9939 -0.1060
vn 0.0704 0.6543 -0.7530
vn 0.1103 0.6514 -0.7507
vn 0.0238 0.9997 -0.0034
vn -0.0869 0.7525 0.6529
vn -0.0399 0.7513 0.6588
vn 0.0634 0.9681 0.2422
vn 0.2303 0.7955 0.5605
vn 0.3493 0.9366 -0.0270
vn 0.6828 0.7305 0.0134
vn 0.3146 0.7291 -0.6078
vn 0.1027 0.9151 -0.3900
vn -0.1330 0.6704 -0.7300
vn -0.0000 0.9707 -0.2403
vn -0.1806 0.6650 -0.7247
vn 0.0476 0.9989 0.0045
vn -0.0158 0.9986 -0.0510
vn -0.0864 0.6573 -0.7486
vn 0.0078 0.7429 -0.6693
vn -0.0079 0.9950 0.0992
vn 0.1099 0.5860 -0.8028
vn -0.0000 0.9986 0.0520
vn 0.4144 -0.1438 -0.8987
vn 0.1498 0.7389 -0.6570
vn 0.0468 -0.0580 -0.9972
vn 0.1476 -0.6861 -0.7124
vn 0.0155 -0.6235 -0.7816
vn -0.0234 0.0667 -0.9975
vn 0.0856 -0.7030 -0.7060
vn -0.0000 0.0356 -0.9994
vn 0.0468 -0.0502 -0.9976
vn 0.1240 -0.7002 -0.7031
vn 0.0698 -0.7078 -0.7029
vn 0.0312 -0.0034 -0.9995
vn -0.0156 -0.0813 -0.9966
vn 0.0311 -0.7092 -0.7043
vn -0.0622 -0.3141 -0.9474
vn -0.2247 -0.6141 -0.7566
vn -0.3344 -0.0499 -0.9411
vn -0.6737 -0.0722 -0.7354
vn -0.3114 0.5422 -0.7804
vn -0.1014 0.3089 -0.9457
vn 0.1337 0.6661 -0.7338
vn 0.0078 0.1522 -0.9883
vn 0.1806 0.6650 -0.7247
vn -0.0389 -0.0890 -0.9953
vn -0.0234 -0.0269 -0.9994
vn 0.0631 0.6913 -0.7198
vn -0.1005 -0.7060 -0.7011
vn -0.2097 -0.6781 -0.7044
vn -0.2096 -0.6702 -0.7120
vn 0.1163 -0.6609 -0.7414
vn 0.5320 0.0518 -0.8451
vn 0.0394 0.6719 -0.7396
vn -0.0705 0.6950 -0.7155
vn -0.0236 0.6965 -0.7171
vn -0.0861 0.6942 -0.7147
vn -0.0471 0.7748 -0.6305
vn -0.1093 0.7235 -0.6816
vn -0.2530 0.9257 0.2813
vn -0.1186 0.6429 0.7567
vn -0.0237 0.6127 0.7900
vn 0.0478 0.7436 0.6670
vn 0.2061 0.7474 0.6316
vn 0.2059 0.7546 0.6231
vn -0.1266 0.7852 0.6062
vn -0.5361 0.8354 -0.1212
vn -0.0393 0.6802 -0.7320
vn -0.9583 -0.0555 -0.2803
vn -0.9479 -0.0089 -0.3185
vn -0.9319 -0.0634 -0.3570
vn -0.9997 0.0234 -0.0079
vn -0.9992 -0.0390 -0.0077
vn -0.9525 -0.0067 0.3045
vn -0.9375 -0.0535 0.3439
vn -0.9525 0.1181 0.2807
vn -0.9640 0.1887 0.1874
vn -0.9758 0.2185 -0.0086
vn -0.9610 0.1868 -0.2038
vn -0.9504 0.1159 -0.2887
vn 0.1116 0.6643 0.7391
vn 0.0711 0.6671 0.7416
vn 0.0316 0.9960 0.0835
vn 0.0238 0.9995 -0.0193
vn -0.0398 0.6931 0.7198
vn 0.0631 0.9625 -0.2637
vn -0.5371 0.8376 0.0998
vn 0.3494 0.9370 0.0047
vn 0.1033 0.9232 0.3701
vn -0.1255 0.7734 -0.6214
vn -0.0000 0.9758 0.2186
vn 0.2039 0.7428 -0.6377
vn 0.0476 0.9985 -0.0272
vn 0.2040 0.7355 -0.6461
vn 0.0473 0.7310 -0.6807
vn -0.0158 0.9995 0.0283
vn -0.0079 0.9925 -0.1216
vn -0.0235 0.5996 -0.8000
vn -0.0000 0.9972 -0.0747
vn -0.1172 0.6301 -0.7677
vn -0.2518 0.9194 -0.3021
vn 0.1514 0.7510 0.6427
vn -0.1104 0.7359 0.6680
vn 0.0475 -0.0519 0.9975
vn -0.0237 0.0747 0.9969
vn -0.0476 0.7867 0.6155
vn -0.0000 0.0431 0.9991
vn -0.0713 0.7077 0.7029
vn -0.0871 0.7068 0.7020
vn 0.0475 -0.0440 0.9979
vn -0.0238 0.7093 0.7045
vn 0.0317 0.0035 0.9995
vn -0.0158 -0.0756 0.9970
vn 0.0398 0.6848 0.7277
vn -0.0631 -0.3121 0.9479
vn 0.5391 0.0584 0.8402
vn -0.3394 -0.0441 0.9396
vn -0.1030 0.3200 0.9418
vn 0.1177 -0.6634 0.7389
vn 0.0079 0.1614 0.9869
vn -0.2120 -0.6727 0.7089
vn -0.0395 -0.0835 0.9957
vn -0.2120 -0.6807 0.7012
vn -0.1016 -0.7088 0.6981
vn -0.0238 -0.0203 0.9995
vn 0.1827 0.6775 0.7124
vn 0.0638 0.7041 0.7072
vn 0.1352 0.6788 0.7217
vn -0.3153 0.5542 0.7704
vn -0.6814 -0.0680 0.7287
vn -0.2273 -0.6161 0.7541
vn 0.0314 -0.7121 0.7013
vn 0.0705 -0.7107 0.6999
vn 0.1254 -0.7030 0.7000
vn 0.0866 -0.7059 0.7030
vn 0.0157 -0.6257 0.7799
vn 0.1493 -0.6888 0.7094
vn 0.4203 -0.1397 0.8966
vn 0.1113 0.5990 0.7930
vn 0.0079 0.7553 0.6553
vn -0.0874 0.6703 0.7370
vn -0.1827 0.6775 0.7124
vn -0.1346 0.6831 0.7178
vn 0.3176 0.7402 0.5926
vn 0.6825 0.7300 -0.0343
vn 0.2282 0.7844 -0.5767
vn -0.0394 0.7388 -0.6727
vn -0.0860 0.7402 -0.6669
vn 0.9995 0.0317 -0.0080
vn 0.9748 0.0230 -0.2220
vn 0.9428 -0.1895 -0.2743
vn 0.9696 0.0149 -0.2444
vn 0.9998 0.0158 -0.0080
vn 0.9468 -0.1884 0.2610
vn 0.9781 0.0246 0.2067
vn 0.9732 0.0166 0.2294
vn 0.9682 -0.1031 -0.2279
vn 0.9716 -0.1020 0.2136
vn 0.9761 -0.1501 -0.1569
vn 0.9796 -0.1417 0.1427
vn 0.9861 -0.1657 -0.0073
vn -0.4034 -0.9150 -0.0046
vn -0.3255 -0.9451 -0.0277
vn 0.9082 -0.4185 -0.0064
vn 0.8898 -0.4258 -0.1639
vn -0.2634 -0.9457 -0.1905
vn 0.5942 -0.2919 -0.7495
vn 0.0314 0.0199 -0.9993
vn -0.3801 -0.9235 -0.0509
vn -0.0314 -0.0033 -0.9995
vn -0.3887 -0.9177 -0.0822
vn -0.5794 -0.7886 -0.2058
vn -0.6215 0.3005 -0.7235
vn -0.8989 0.4377 -0.0174
vn -0.4959 -0.8683 -0.0048
vn -0.8991 0.4378 -0.0013
vn -0.4960 -0.8683 -0.0049
vn -0.5811 -0.7897 0.1965
vn -0.6285 0.3089 0.7139
vn -0.0318 0.0036 0.9995
vn -0.3892 -0.9183 0.0730
vn -0.3805 -0.9238 0.0418
vn 0.0318 0.0272 0.9991
vn -0.2641 -0.9472 0.1819
vn 0.6012 -0.2901 0.7446
vn 0.8966 -0.4242 0.1273
vn -0.3256 -0.9453 0.0188
vn 0.9082 -0.4186 -0.0064
vn 0.5097 0.8602 0.0130
vn 0.4120 0.9111 -0.0111
vn -0.9054 0.4054 -0.1263
vn -0.9179 0.3967 -0.0092
vn -0.4031 -0.9151 -0.0046
vn -0.3253 -0.9454 0.0188
vn -0.2642 -0.9472 0.1819
vn -0.6248 0.2630 -0.7351
vn -0.3805 -0.9238 0.0422
vn -0.3892 -0.9182 0.0734
vn -0.0076 -0.0658 -0.9978
vn -0.0236 0.0122 -0.9996
vn 0.5939 -0.3307 -0.7334
vn 0.3727 0.9279 0.0047
vn 0.2768 0.9496 0.1470
vn 0.3796 0.9252 -0.0032
vn 0.5633 0.8098 0.1638
vn 0.8865 -0.4628 0.0018
vn 0.8864 -0.4628 -0.0143
vn 0.6008 -0.3295 0.7284
vn -0.4962 -0.8682 -0.0048
vn -0.4963 -0.8682 -0.0047
vn -0.5812 -0.7897 0.1964
vn -0.3887 -0.9177 -0.0825
vn -0.3801 -0.9235 -0.0513
vn -0.0077 -0.0600 0.9982
vn -0.6321 0.2711 0.7259
vn -0.2634 -0.9457 -0.1904
vn -0.0240 0.0194 0.9995
vn 0.3727 0.9276 -0.0270
vn 0.3795 0.9250 -0.0190
vn 0.5618 0.8064 -0.1848
vn 0.5152 0.8560 -0.0426
vn -0.9045 0.4059 0.1312
vn -0.9179 0.3967 -0.0091
vn -0.4031 -0.9152 -0.0046
vn -0.3252 -0.9452 -0.0277
vn 0.2761 0.9462 -0.1689
vn 0.4504 0.8928 -0.0110
vn -0.8959 0.4441 -0.0093
vn 0.3563 0.9343 -0.0112
vn -0.3647 -0.9311 -0.0045
vn -0.3647 -0.9311 -0.0046
vn 0.6409 -0.0052 0.7676
vn 0.6409 -0.0053 0.7676
vn 0.6332 -0.0105 -0.7739
vn -0.9999 -0.0079 -0.0080
vn -0.9488 -0.3112 -0.0535
vn -0.0552 -0.3126 0.9483
vn 0.9479 -0.3160 0.0405
vn 0.0389 -0.3148 -0.9484
vn -0.9999 -0.0079 -0.0076
vn -0.9488 -0.3112 -0.0532
vn 0.0233 -0.3380 -0.9408
vn -0.9416 -0.3347 -0.0375
vn -0.9999 -0.0078 -0.0076
vn 0.9402 -0.3397 0.0249
vn -0.0395 -0.3363 0.9409
vn -0.9415 -0.3347 -0.0380
vn -0.9495 -0.3111 0.0401
vn -0.0544 -0.3145 -0.9477
vn -0.9420 -0.3347 0.0247
vn -0.0389 -0.3379 -0.9404
vn 0.9397 -0.3397 -0.0383
vn 0.0237 -0.3365 0.9414
vn -0.9420 -0.3347 0.0243
vn -0.9495 -0.3111 0.0398
vn 0.0394 -0.3129 0.9490
vn 0.9472 -0.3161 -0.0541
vn 0.1182 0.9929 -0.0113
vn 0.1743 0.9824 -0.0668
vn 0.0948 0.9954 -0.0113
vn 0.0710 0.9941 -0.0824
vn 0.1262 0.9855 -0.1138
vn 0.0712 0.9889 -0.1301
vn -0.0079 0.9999 -0.0114
vn 0.0867 0.9844 -0.1531
vn 0.0079 0.9943 -0.1061
vn 0.0158 0.9552 -0.2957
vn -0.0551 0.9588 -0.2787
vn -0.0631 0.9932 -0.0981
vn -0.1498 0.9530 -0.2634
vn -0.2125 0.9596 -0.1843
vn -0.1026 0.9938 -0.0429
vn -0.2764 0.9552 -0.1059
vn -0.2758 0.9612 -0.0112
vn -0.1026 0.9945 0.0202
vn -0.2768 0.9573 0.0837
vn -0.2131 0.9634 0.1624
vn -0.0632 0.9951 0.0756
vn -0.1504 0.9585 0.2421
vn -0.0553 0.9647 0.2574
vn 0.0079 0.9965 0.0835
vn 0.0159 0.9615 0.2745
vn 0.0869 0.9876 0.1308
vn 0.0714 0.9916 0.1076
vn 0.1264 0.9878 0.0914
vn 0.0711 0.9957 0.0598
vn 0.1745 0.9837 0.0442
vn -0.2369 0.9715 -0.0112
vn -0.7378 0.6750 -0.0102
vn -0.4630 0.8863 -0.0109
vn 0.4537 0.8911 -0.0110
vn 0.4538 0.8911 -0.0110
vn 0.7530 0.6579 -0.0102
vn 0.2295 0.9732 -0.0112
vn 0.2295 0.9733 -0.0113
vn 0.2220 0.9750 -0.0113
vn 0.7305 0.6828 -0.0103
vn 0.4505 0.8927 -0.0110
vn 0.4506 0.8927 -0.0110
vn -0.4663 0.8846 -0.0109
vn -0.7598 0.6501 -0.0101
vn -0.2444 0.9696 -0.0112
vn -0.1705 -0.0111 -0.9853
vn -0.1705 -0.0112 -0.9853
vn -0.1735 -0.0045 0.9848
vn -0.1736 -0.0045 0.9848
vn -0.8174 -0.0098 -0.5760
vn 0.8196 -0.0060 0.5729
vn -0.6501 -0.0052 0.7598
vn -0.7663 -0.0100 -0.6424
vn 0.7598 -0.0101 -0.6501
vn -0.7739 -0.0056 0.6333
vt 0.394531 0.995605
vt 0.394531 0.340820
vt 0.004265 0.995605
vt 0.004265 0.340820
vt 0.350342 0.142334
vt 0.350342 0.035126
vt 0.048492 0.142334
vt 0.048462 0.035126
vt 0.812500 0.717773
vt 0.812500 0.995605
vt 0.924805 0.717773
vt 0.924805 0.995605
vt 0.459717 0.149780
vt 0.402832 0.332275
vt 0.474854 0.332275
vt 0.463867 0.149536
vt 0.402832 0.995605
vt 0.474854 0.986816
vt 0.402832 0.340820
vt 0.474854 0.340820
vt 0.635742 0.976074
vt 0.635742 0.229004
vt 0.548340 0.986816
vt 0.548340 0.167236
vt 0.541016 0.167236
vt 0.483154 0.340820
vt 0.541016 0.986816
vt 0.483154 0.986816
vt 0.756348 0.160645
vt 0.756348 0.174927
vt 0.715820 0.160645
vt 0.715820 0.174927
vt 0.760254 0.116699
vt 0.795410 0.116699
vt 0.760254 0.130859
vt 0.795410 0.130859
vt 0.717285 0.096497
vt 0.752441 0.096497
vt 0.717285 0.136841
vt 0.752441 0.136841
vt 0.839844 0.232788
vt 0.854004 0.232788
vt 0.839844 0.273193
vt 0.854004 0.273193
vt 0.945312 0.221924
vt 0.945312 0.257324
vt 0.931152 0.221924
vt 0.931152 0.257324
vt 0.932129 0.110901
vt 0.943848 0.110901
vt 0.932129 0.085449
vt 0.943848 0.085449
vt 0.932129 0.161743
vt 0.943848 0.161743
vt 0.932129 0.136353
vt 0.943848 0.136353
vt 0.557617 0.061371
vt 0.557617 0.078674
vt 0.540527 0.061371
vt 0.540527 0.078674
vt 0.943848 0.214478
vt 0.930664 0.214355
vt 0.943848 0.188965
vt 0.930664 0.188965
vt 0.911133 0.643066
vt 0.911133 0.713867
vt 0.915527 0.643555
vt 0.922852 0.713867
vt 0.645020 0.994141
vt 0.648926 0.994141
vt 0.645020 0.945312
vt 0.648926 0.945312
vt 0.911133 0.637207
vt 0.922852 0.637207
vt 0.918457 0.566895
vt 0.922852 0.566895
vt 0.711426 0.105652
vt 0.711426 0.095703
vt 0.697266 0.105652
vt 0.697266 0.095703
vt 0.760254 0.280762
vt 0.746094 0.280762
vt 0.760254 0.290771
vt 0.746094 0.290771
vt 0.871582 0.101074
vt 0.871582 0.096436
vt 0.844238 0.101074
vt 0.844238 0.096436
vt 0.859863 0.280029
vt 0.873047 0.280029
vt 0.859863 0.252441
vt 0.873047 0.252441
vt 0.463867 0.093140
vt 0.463867 0.065613
vt 0.451416 0.093140
vt 0.451416 0.065552
vt 0.672852 0.150391
vt 0.672852 0.167603
vt 0.700195 0.150391
vt 0.700195 0.167603
vt 0.759766 0.110779
vt 0.795898 0.110779
vt 0.759766 0.096497
vt 0.795898 0.096497
vt 0.549805 0.099304
vt 0.549805 0.152344
vt 0.572754 0.099304
vt 0.572754 0.175781
vt 0.640137 0.078735
vt 0.640137 0.090942
vt 0.662598 0.078735
vt 0.662598 0.090942
vt 0.706055 0.090942
vt 0.706055 0.078796
vt 0.683105 0.090942
vt 0.683105 0.078796
vt 0.621582 0.078430
vt 0.599121 0.078430
vt 0.621582 0.090942
vt 0.599121 0.090942
vt 0.657715 0.053802
vt 0.657715 0.043091
vt 0.452393 0.053802
vt 0.452393 0.043060
vt 0.452393 0.043091
vt 0.657715 0.043060
vt 0.950684 0.135376
vt 0.958496 0.135376
vt 0.950684 0.124756
vt 0.958496 0.124695
vt 0.950684 0.160278
vt 0.950684 0.170898
vt 0.958496 0.160278
vt 0.958496 0.171021
vt 0.952148 0.101013
vt 0.958496 0.101013
vt 0.952148 0.094238
vt 0.958496 0.094238
vt 0.966797 0.234497
vt 0.994629 0.235352
vt 0.966797 0.230469
vt 0.994629 0.230469
vt 0.994629 0.348633
vt 0.966797 0.348633
vt 0.994629 0.353516
vt 0.966797 0.353516
vt 0.952148 0.110962
vt 0.952148 0.116821
vt 0.959473 0.110962
vt 0.959473 0.116821
vt 0.767578 0.438232
vt 0.821777 0.438232
vt 0.767578 0.434326
vt 0.821777 0.434326
vt 0.959473 0.151978
vt 0.953613 0.151978
vt 0.959473 0.145874
vt 0.953613 0.145874
vt 0.035797 0.010551
vt 0.007080 0.010513
vt 0.035614 0.004951
vt 0.006626 0.004890
vt 0.099976 0.002617
vt 0.099976 0.011497
vt 0.107727 0.002617
vt 0.107727 0.011497
vt 0.116760 0.002617
vt 0.116760 0.011497
vt 0.132446 0.002617
vt 0.132446 0.011497
vt 0.141479 0.002617
vt 0.141479 0.011497
vt 0.149536 0.002617
vt 0.149536 0.011497
vt 0.163696 0.010941
vt 0.163696 0.002617
vt 0.185425 0.010941
vt 0.185425 0.002617
vt 0.294678 0.010941
vt 0.294678 0.002617
vt 0.303711 0.010941
vt 0.303711 0.002617
vt 0.315918 0.002617
vt 0.315918 0.010941
vt 0.483154 0.092651
vt 0.543457 0.092651
vt 0.483154 0.109131
vt 0.543457 0.109131
vt 0.483154 0.129761
vt 0.543457 0.129761
vt 0.483154 0.139648
vt 0.543457 0.139648
vt 0.483154 0.313232
vt 0.994629 0.883301
vt 0.985840 0.883301
vt 0.994629 0.871094
vt 0.974121 0.871094
vt 0.994629 0.859375
vt 0.967773 0.859375
vt 0.994629 0.825684
vt 0.967773 0.825684
vt 0.974121 0.813965
vt 0.994629 0.813965
vt 0.985840 0.801758
vt 0.994629 0.801758
vt 0.991699 0.790039
vt 0.994629 0.790039
vt 0.994629 0.756836
vt 0.991699 0.756836
vt 0.994629 0.744629
vt 0.985840 0.744629
vt 0.024429 0.090759
vt 0.016235 0.078857
vt 0.020248 0.094543
vt 0.013611 0.079407
vt 0.016327 0.095581
vt 0.013611 0.094910
vt 0.012856 0.058319
vt 0.014145 0.066589
vt 0.018326 0.059875
vt 0.026947 0.055206
vt 0.026901 0.057220
vt 0.031891 0.063538
vt 0.026718 0.052551
vt 0.038605 0.043274
vt 0.022934 0.039459
vt 0.011429 0.053680
vt 0.009140 0.042816
vt 0.030594 0.032043
vt 0.014389 0.037445
vt 0.021484 0.030167
vt 0.019684 0.035248
vt 0.020767 0.024338
vt 0.019775 0.025192
vt 0.009056 0.037720
vt 0.044250 0.055298
vt 0.042511 0.066223
vt 0.031525 0.082825
vt 0.030060 0.082520
vt 0.328613 0.009407
vt 0.329834 0.004753
vt 0.345459 0.009407
vt 0.345703 0.004753
vt 0.361816 0.009407
vt 0.362793 0.004753
vt 0.371094 0.009407
vt 0.369385 0.004753
vt 0.543457 0.004753
vt 0.543457 0.009407
vt 0.609863 0.122437
vt 0.590332 0.122437
vt 0.616699 0.129395
vt 0.583496 0.129517
vt 0.616699 0.177124
vt 0.583496 0.177124
vt 0.609863 0.184204
vt 0.590332 0.184204
vt 0.644043 0.275146
vt 0.644043 0.293457
vt 0.651855 0.275146
vt 0.651855 0.293457
vt 0.659668 0.275146
vt 0.659668 0.293457
vt 0.676758 0.293457
vt 0.676758 0.275146
vt 0.684570 0.275146
vt 0.684570 0.293457
vt 0.692383 0.293457
vt 0.692383 0.275146
vt 0.699707 0.293457
vt 0.699707 0.275146
vt 0.707520 0.293457
vt 0.707520 0.275146
vt 0.725098 0.293457
vt 0.725098 0.275146
vt 0.732910 0.293457
vt 0.732910 0.275146
vt 0.740234 0.275146
vt 0.740234 0.293457
vt 0.527832 0.063171
vt 0.531250 0.072632
vt 0.527344 0.082214
vt 0.518555 0.059174
vt 0.518066 0.085999
vt 0.495605 0.085693
vt 0.496094 0.058868
vt 0.486328 0.081665
vt 0.486572 0.062622
vt 0.482666 0.071960
vt 0.689453 0.269043
vt 0.644043 0.269043
vt 0.644043 0.244019
vt 0.685059 0.224731
vt 0.661621 0.224731
vt 0.759766 0.427734
vt 0.759766 0.367432
vt 0.785645 0.427734
vt 0.785645 0.367432
vt 0.813477 0.427734
vt 0.813477 0.367432
vt 0.837891 0.427734
vt 0.837891 0.367432
vt 0.726074 0.222168
vt 0.701660 0.222168
vt 0.744629 0.243042
vt 0.696777 0.269043
vt 0.744629 0.269043
vt 0.837891 0.207764
vt 0.837891 0.213745
vt 0.844727 0.222046
vt 0.848633 0.207764
vt 0.848633 0.222046
vt 0.994629 0.502930
vt 0.994629 0.498535
vt 0.978516 0.502930
vt 0.963379 0.491455
vt 0.978516 0.527344
vt 0.963379 0.551270
vt 0.994629 0.541016
vt 0.994629 0.527344
vt 0.916992 0.085144
vt 0.907227 0.085144
vt 0.920410 0.095154
vt 0.914551 0.098450
vt 0.928223 0.102356
vt 0.919922 0.113159
vt 0.905273 0.108154
vt 0.905273 0.113342
vt 0.926758 0.123291
vt 0.918945 0.118713
vt 0.916992 0.135864
vt 0.921387 0.138428
vt 0.916504 0.141479
vt 0.920898 0.151611
vt 0.905273 0.151855
vt 0.905273 0.145630
vt 0.920410 0.166138
vt 0.905273 0.166138
vt 0.905273 0.179932
vt 0.920410 0.179932
vt 0.905273 0.193726
vt 0.920410 0.193726
vt 0.905273 0.207520
vt 0.920410 0.207520
vt 0.905273 0.221313
vt 0.920410 0.221313
vt 0.920410 0.235107
vt 0.905273 0.235107
vt 0.920410 0.248901
vt 0.905273 0.248901
vt 0.920410 0.262695
vt 0.905273 0.262695
vt 0.920410 0.276611
vt 0.905273 0.276611
vt 0.905273 0.291260
vt 0.920410 0.291748
vt 0.918457 0.301758
vt 0.905273 0.297363
vt 0.922363 0.304932
vt 0.916992 0.307129
vt 0.926758 0.319824
vt 0.918945 0.324463
vt 0.919922 0.329834
vt 0.928223 0.340820
vt 0.914551 0.344727
vt 0.905273 0.334961
vt 0.905273 0.329834
vt 0.920898 0.347900
vt 0.907227 0.357910
vt 0.916992 0.357910
vt 0.995117 0.034302
vt 0.986816 0.040588
vt 0.995117 0.042480
vt 0.988281 0.044891
vt 0.995117 0.063232
vt 0.988281 0.063232
vt 0.985352 0.040222
vt 0.980957 0.044952
vt 0.980957 0.063232
vt 0.973633 0.044891
vt 0.988281 0.222046
vt 0.980957 0.222046
vt 0.973633 0.063232
vt 0.967285 0.063232
vt 0.973633 0.222046
vt 0.967285 0.042450
vt 0.967285 0.222046
vt 0.975098 0.040588
vt 0.967285 0.034271
vt 0.976562 0.040253
vt 0.994629 0.222046
vt 0.966797 0.238525
vt 0.994629 0.239746
vt 0.966797 0.242798
vt 0.994629 0.243774
vt 0.966797 0.264404
vt 0.994629 0.261230
vt 0.994629 0.264404
vt 0.966797 0.270020
vt 0.994629 0.268066
vt 0.966797 0.275879
vt 0.994629 0.309570
vt 0.966797 0.309326
vt 0.966797 0.313965
vt 0.994629 0.314209
vt 0.966797 0.318604
vt 0.994629 0.318848
vt 0.994629 0.339600
vt 0.966797 0.339600
vt 0.966797 0.344238
vt 0.994629 0.344238
vt 0.094604 0.008591
vt 0.094604 0.006668
vt 0.074524 0.009491
vt 0.074524 0.005669
vt 0.055450 0.010353
vt 0.055420 0.004734
vt 0.049805 0.004520
vt 0.049805 0.010719
vt 0.044708 0.004509
vt 0.044678 0.010735
vt 0.175293 0.002617
vt 0.175293 0.010941
vt 0.717773 0.141479
vt 0.752930 0.141479
vt 0.725098 0.143311
vt 0.744629 0.143311
vt 0.727051 0.152222
vt 0.742676 0.152222
vt 0.099976 0.002615
vt 0.935547 0.043060
vt 0.935547 0.054810
vt 0.918457 0.043060
vt 0.918457 0.054810
vt 0.687988 0.043060
vt 0.687988 0.054810
vt 0.679199 0.043060
vt 0.679199 0.054810
vt 0.666504 0.054810
vt 0.666504 0.043060
vt 0.898926 0.119019
vt 0.886719 0.119019
vt 0.898926 0.138306
vt 0.885742 0.138306
vt 0.898926 0.157593
vt 0.884277 0.157593
vt 0.898926 0.176880
vt 0.881836 0.176880
vt 0.898926 0.196167
vt 0.879883 0.196167
vt 0.898926 0.215454
vt 0.877930 0.215454
vt 0.898926 0.234863
vt 0.877441 0.234863
vt 0.877930 0.254150
vt 0.898926 0.254150
vt 0.879395 0.273438
vt 0.898926 0.273438
vt 0.881836 0.292725
vt 0.898926 0.292725
vt 0.883789 0.312012
vt 0.898926 0.312012
vt 0.885742 0.331299
vt 0.898926 0.331299
vt 0.886230 0.350586
vt 0.898926 0.350586
vt 0.048492 0.150146
vt 0.350342 0.145874
vt 0.048492 0.145874
vt 0.350342 0.150146
vt 0.004269 0.335938
vt 0.394531 0.335938
vt 0.994629 0.731445
vt 0.987793 0.719727
vt 0.981934 0.731445
vt 0.994629 0.719727
vt 0.987793 0.686035
vt 0.994629 0.686035
vt 0.994629 0.674316
vt 0.981934 0.674316
vt 0.994629 0.662109
vt 0.969727 0.662109
vt 0.994629 0.650391
vt 0.963867 0.650391
vt 0.994629 0.616699
vt 0.963867 0.616699
vt 0.969727 0.604980
vt 0.994629 0.604980
vt 0.981934 0.592773
vt 0.994629 0.592773
vt 0.677246 0.139771
vt 0.676270 0.113586
vt 0.670898 0.126587
vt 0.689453 0.107483
vt 0.689941 0.145874
vt 0.702637 0.113525
vt 0.703125 0.139771
vt 0.708984 0.126587
vt 0.013542 0.262695
vt 0.004265 0.248047
vt 0.004265 0.262695
vt 0.016068 0.248047
vt 0.004269 0.233643
vt 0.021133 0.233643
vt 0.004269 0.219360
vt 0.026062 0.219360
vt 0.004269 0.204956
vt 0.028198 0.204956
vt 0.025696 0.190430
vt 0.004269 0.190430
vt 0.020599 0.175903
vt 0.004272 0.175903
vt 0.015686 0.161621
vt 0.004272 0.161621
vt 0.013557 0.147339
vt 0.004272 0.147339
vt 0.923828 0.559082
vt 0.923828 0.551270
vt 0.914062 0.559082
vt 0.914062 0.551270
vt 0.923828 0.542480
vt 0.914062 0.542480
vt 0.923828 0.534668
vt 0.914062 0.534668
vt 0.923828 0.515625
vt 0.914062 0.515625
vt 0.923828 0.514160
vt 0.914062 0.514160
vt 0.923828 0.494141
vt 0.914062 0.494141
vt 0.923828 0.483154
vt 0.914062 0.483154
vt 0.923828 0.469727
vt 0.914062 0.469727
vt 0.914062 0.455811
vt 0.923828 0.455811
vt 0.923828 0.443115
vt 0.914062 0.443115
vt 0.914062 0.441895
vt 0.923828 0.441895
vt 0.914062 0.436523
vt 0.923828 0.436523
vt 0.914062 0.431152
vt 0.923828 0.431152
vt 0.914062 0.425537
vt 0.923828 0.425537
vt 0.923828 0.420166
vt 0.914062 0.420166
vt 0.018295 0.111023
vt 0.014107 0.104309
vt 0.012848 0.112610
vt 0.026947 0.115662
vt 0.026871 0.113647
vt 0.031891 0.107361
vt 0.026703 0.118347
vt 0.038605 0.127563
vt 0.030029 0.088379
vt 0.031494 0.088013
vt 0.042480 0.104614
vt 0.044220 0.115540
vt 0.022934 0.131348
vt 0.030594 0.138794
vt 0.021484 0.140625
vt 0.020767 0.146484
vt 0.019775 0.145630
vt 0.019684 0.135620
vt 0.014389 0.133423
vt 0.009140 0.128052
vt 0.009056 0.133179
vt 0.011414 0.117188
vt 0.028427 0.165039
vt 0.032440 0.149414
vt 0.024246 0.161255
vt 0.035065 0.149902
vt 0.032349 0.166138
vt 0.035065 0.165405
vt 0.745117 0.011620
vt 0.792480 0.011620
vt 0.745117 0.004940
vt 0.792480 0.004940
vt 0.802734 0.011620
vt 0.802734 0.004940
vt 0.822266 0.011620
vt 0.822266 0.004940
vt 0.832031 0.011620
vt 0.832031 0.004940
vt 0.879883 0.011620
vt 0.879883 0.004940
vt 0.889648 0.011620
vt 0.889648 0.004940
vt 0.909180 0.011620
vt 0.909180 0.004940
vt 0.918945 0.011620
vt 0.918945 0.004940
vt 0.616699 0.129517
vt 0.583496 0.129395
vt 0.913086 0.324707
vt 0.902832 0.320312
vt 0.902832 0.324707
vt 0.913086 0.320312
vt 0.902832 0.313965
vt 0.913086 0.313965
vt 0.902832 0.307617
vt 0.913086 0.307617
vt 0.902832 0.303223
vt 0.913086 0.303223
vt 0.429688 0.026138
vt 0.403809 0.026138
vt 0.429688 0.015564
vt 0.403809 0.015564
vt 0.351562 0.026138
vt 0.351562 0.015564
vt 0.325684 0.026138
vt 0.325684 0.015564
vt 0.235718 0.026138
vt 0.235718 0.015564
vt 0.209961 0.015564
vt 0.209961 0.026138
vt 0.157715 0.026138
vt 0.157715 0.015564
vt 0.131958 0.026138
vt 0.131958 0.015564
vt 0.041870 0.026138
vt 0.041870 0.015564
vt 0.906738 0.060028
vt 0.931641 0.072632
vt 0.931641 0.060028
vt 0.906738 0.072632
vt 0.881348 0.060028
vt 0.881348 0.072632
vt 0.855957 0.060028
vt 0.855957 0.072632
vt 0.831055 0.060028
vt 0.831055 0.072632
vt 0.805664 0.060028
vt 0.805664 0.072632
vt 0.780762 0.060028
vt 0.780762 0.072632
vt 0.902832 0.438232
vt 0.878418 0.435303
vt 0.902832 0.435303
vt 0.878418 0.438232
vt 0.854980 0.435303
vt 0.854980 0.438232
vt 0.833008 0.438232
vt 0.832520 0.435303
vt 0.802246 0.096497
vt 0.812500 0.102539
vt 0.812500 0.096497
vt 0.802246 0.110779
vt 0.806152 0.110779
vt 0.979980 0.581543
vt 0.963379 0.581543
vt 0.963379 0.591797
vt 0.994629 0.576172
vt 0.979980 0.557617
vt 0.994629 0.549316
vt 0.963379 0.556641
vt 0.963379 0.557617
vt 0.693848 0.218628
vt 0.656250 0.213989
vt 0.656250 0.218628
vt 0.693848 0.213989
vt 0.651855 0.212280
vt 0.698242 0.212524
vt 0.650391 0.208130
vt 0.700684 0.208740
vt 0.650391 0.187988
vt 0.705078 0.188599
vt 0.651855 0.183838
vt 0.704102 0.184204
vt 0.699219 0.182251
vt 0.656250 0.182251
vt 0.469727 0.060822
vt 0.470703 0.080994
vt 0.468262 0.061157
vt 0.475342 0.080688
vt 0.468750 0.099915
vt 0.477783 0.104004
vt 0.465088 0.104004
vt 0.477783 0.107910
vt 0.459961 0.107910
vt 0.459961 0.115540
vt 0.477783 0.115540
vt 0.468506 0.121765
vt 0.477783 0.123962
vt 0.471436 0.123901
vt 0.473633 0.138306
vt 0.476807 0.138550
vt 0.470703 0.166870
vt 0.469482 0.166626
vt 0.459961 0.121765
vt 0.459961 0.104004
vt 0.685547 0.102722
vt 0.665039 0.105713
vt 0.685547 0.104675
vt 0.665039 0.101868
vt 0.641602 0.106873
vt 0.641602 0.100647
vt 0.638184 0.098511
vt 0.638184 0.109131
vt 0.630859 0.110352
vt 0.630859 0.097290
vt 0.623047 0.107239
vt 0.623047 0.100403
vt 0.608887 0.096130
vt 0.608887 0.111633
vt 0.580078 0.112915
vt 0.580078 0.094666
vt 0.477783 0.104065
vt 0.969727 0.741211
vt 0.977051 0.750000
vt 0.977051 0.741211
vt 0.969727 0.750000
vt 0.977051 0.753418
vt 0.969727 0.753418
vt 0.980957 0.767578
vt 0.965332 0.767578
vt 0.964355 0.796387
vt 0.982422 0.796387
vt 0.624512 0.192871
vt 0.630371 0.203125
vt 0.630371 0.195557
vt 0.624512 0.205933
vt 0.617188 0.194092
vt 0.617188 0.204712
vt 0.613770 0.202393
vt 0.613770 0.196167
vt 0.436279 0.026062
vt 0.446289 0.026062
vt 0.436279 0.015564
vt 0.446289 0.015564
vt 0.456055 0.026062
vt 0.456055 0.015564
vt 0.466064 0.026062
vt 0.466064 0.015564
vt 0.573242 0.015564
vt 0.573242 0.026062
vt 0.583008 0.026062
vt 0.583008 0.015564
vt 0.593262 0.026062
vt 0.593262 0.015564
vt 0.603027 0.026062
vt 0.603027 0.015564
vt 0.690430 0.015564
vt 0.690430 0.026077
vt 0.700195 0.026077
vt 0.700195 0.015564
vt 0.710449 0.026077
vt 0.710449 0.015564
vt 0.720215 0.026093
vt 0.720215 0.015564
vt 0.827637 0.026123
vt 0.827637 0.015564
vt 0.837402 0.026123
vt 0.837402 0.015564
vt 0.847168 0.026123
vt 0.847168 0.015564
vt 0.857422 0.026123
vt 0.857422 0.015564
vt 0.944336 0.015564
vt 0.944336 0.026138
vt 0.149536 0.002615
vt 0.861328 0.198853
vt 0.823730 0.198853
vt 0.842773 0.203857
vt 0.810059 0.185181
vt 0.875000 0.185181
vt 0.805176 0.166504
vt 0.879883 0.166504
vt 0.810059 0.147827
vt 0.875000 0.147827
vt 0.823730 0.134277
vt 0.861328 0.134277
vt 0.842773 0.129272
vt 0.644043 0.937500
vt 0.732422 0.937500
vt 0.644043 0.635742
vt 0.732422 0.635742
vt 0.803711 0.981934
vt 0.732422 0.995605
vt 0.803711 0.591309
vt 0.732422 0.577637
vt 0.758789 0.182495
vt 0.787598 0.199097
vt 0.792480 0.190430
vt 0.791016 0.172729
vt 0.778320 0.162354
vt 0.760742 0.170898
vt 0.803223 0.152832
vt 0.800293 0.141113
vt 0.800293 0.152832
vt 0.803223 0.141113
vt 0.803223 0.121399
vt 0.800293 0.119080
vt 0.860840 0.119080
vt 0.860840 0.121399
vt 0.970215 0.031219
vt 0.961426 0.002018
vt 0.957520 0.013069
vt 0.986328 0.028976
vt 0.998047 0.011978
vt 0.998047 0.002012
vt 0.945801 0.027481
vt 0.939941 0.037842
vt 0.958008 0.027481
vt 0.963867 0.037842
vt 0.963867 0.071228
vt 0.939941 0.071228
vt 0.945801 0.081604
vt 0.958008 0.081604
vt 0.783203 0.137329
vt 0.783203 0.147827
vt 0.778809 0.147827
vt 0.764648 0.137329
vt 0.769043 0.147827
vt 0.764648 0.147827
vt 0.773926 0.151489
vt 0.871582 0.125488
vt 0.871582 0.121033
vt 0.882324 0.121033
vt 0.882324 0.139648
vt 0.871582 0.135132
vt 0.867676 0.130371
vt 0.871582 0.139648
vt 0.894043 0.098816
vt 0.894043 0.107483
vt 0.898438 0.098816
vt 0.898438 0.112122
vt 0.881348 0.112122
vt 0.881348 0.107483
vt 0.837402 0.107483
vt 0.825195 0.107483
vt 0.837402 0.112122
vt 0.820312 0.112122
vt 0.820312 0.098816
vt 0.825195 0.098816
vt 0.884766 0.577148
vt 0.810059 0.596680
vt 0.829102 0.577148
vt 0.904297 0.596680
vt 0.904297 0.692383
vt 0.810059 0.692383
vt 0.829102 0.711914
vt 0.884766 0.711914
vt 0.669434 0.140259
vt 0.631348 0.162109
vt 0.656738 0.162109
vt 0.618652 0.140259
vt 0.631348 0.118469
vt 0.656738 0.118469
vt 0.700195 0.175659
vt 0.642578 0.175659
vt 0.700195 0.173096
vt 0.640137 0.173096
vt 0.640137 0.221191
vt 0.642578 0.221191
vt 0.964844 0.720703
vt 0.975586 0.720703
vt 0.964844 0.684570
vt 0.975586 0.684570
vt 0.981445 0.684570
vt 0.981445 0.720703
vt 0.994629 0.967773
vt 0.971680 0.923340
vt 0.971680 0.992188
vt 0.994629 0.923340
vt 0.994629 0.890137
vt 0.971680 0.890137
vt 0.994629 0.455322
vt 0.963379 0.482910
vt 0.994629 0.494141
vt 0.963379 0.456543
vt 0.963379 0.415771
vt 0.994629 0.416992
vt 0.981934 0.404541
vt 0.994629 0.411865
vt 0.981934 0.375488
vt 0.963379 0.359131
vt 0.994629 0.367676
vt 0.994629 0.372314
vt 0.392090 0.040863
vt 0.416260 0.030319
vt 0.392090 0.030319
vt 0.416260 0.040863
vt 0.375000 0.045349
vt 0.378174 0.040863
vt 0.421387 0.041443
vt 0.361328 0.065125
vt 0.366455 0.039307
vt 0.352539 0.059113
vt 0.439941 0.056976
vt 0.358154 0.069580
vt 0.447754 0.063538
vt 0.447754 0.107910
vt 0.358154 0.105774
vt 0.377930 0.136719
vt 0.430908 0.136841
vt 0.446533 0.049072
vt 0.427979 0.033539
vt 0.420654 0.040863
vt 0.556152 0.010445
vt 0.567871 0.004753
vt 0.556152 0.004753
vt 0.567871 0.010445
vt 0.604980 0.010445
vt 0.604980 0.004753
vt 0.618652 0.004753
vt 0.618652 0.010445
vt 0.634766 0.004753
vt 0.634766 0.010445
vt 0.647949 0.010437
vt 0.647949 0.004753
vt 0.661133 0.004753
vt 0.661133 0.010445
vt 0.676758 0.010445
vt 0.676758 0.004753
vt 0.690430 0.010445
vt 0.690430 0.004753
vt 0.727051 0.004753
vt 0.727051 0.010437
vt 0.738281 0.010437
vt 0.738770 0.004753
vt 0.748535 0.182251
vt 0.716797 0.182251
vt 0.752441 0.183838
vt 0.712402 0.184204
vt 0.710938 0.188599
vt 0.754395 0.187988
vt 0.715820 0.208740
vt 0.754395 0.208130
vt 0.718262 0.212524
vt 0.752441 0.212280
vt 0.722656 0.213989
vt 0.748535 0.213989
vt 0.748535 0.218628
vt 0.722656 0.218628
vt 0.905762 0.465088
vt 0.903320 0.455566
vt 0.905762 0.552246
vt 0.903320 0.562012
vt 0.896484 0.568848
vt 0.896484 0.448486
vt 0.886719 0.571777
vt 0.886719 0.446045
vt 0.779297 0.571777
vt 0.779297 0.446045
vt 0.770020 0.568848
vt 0.770020 0.448486
vt 0.762695 0.562012
vt 0.762695 0.455566
vt 0.760254 0.465088
vt 0.760254 0.552246
vt 0.446045 0.036377
vt 0.458496 0.036377
vt 0.446045 0.029129
vt 0.458496 0.029129
vt 0.467285 0.032684
vt 0.467285 0.036377
vt 0.698242 0.032684
vt 0.698242 0.036377
vt 0.714844 0.036377
vt 0.714844 0.029129
vt 0.698242 0.029129
vt 0.467285 0.029129
vt 0.467285 0.032623
vt 0.698242 0.032623
vt 0.794922 0.358887
vt 0.770508 0.358887
vt 0.794922 0.343018
vt 0.770508 0.343018
vt 0.765137 0.358887
vt 0.765137 0.343018
vt 0.759766 0.358887
vt 0.759766 0.343018
vt 0.765137 0.327393
vt 0.759766 0.327393
vt 0.765137 0.311523
vt 0.759766 0.311523
vt 0.765137 0.295654
vt 0.759766 0.295654
vt 0.770508 0.295654
vt 0.770508 0.311523
vt 0.794922 0.295654
vt 0.794922 0.311523
vt 0.770508 0.327393
vt 0.794922 0.327148
vt 0.954590 0.180664
vt 0.950195 0.198975
vt 0.950195 0.180664
vt 0.954590 0.198975
vt 0.958496 0.180664
vt 0.958496 0.198975
vt 0.954590 0.213013
vt 0.958496 0.214233
vt 0.954590 0.217407
vt 0.958496 0.217407
vt 0.958496 0.220459
vt 0.954590 0.221436
vt 0.958496 0.231689
vt 0.954590 0.231689
vt 0.958496 0.248169
vt 0.954590 0.248047
vt 0.954590 0.265869
vt 0.958496 0.266113
vt 0.958496 0.327393
vt 0.954590 0.327637
vt 0.958496 0.444336
vt 0.954590 0.444824
vt 0.958496 0.477051
vt 0.954590 0.477539
vt 0.954590 0.498047
vt 0.958496 0.497803
vt 0.958496 0.561523
vt 0.954590 0.562012
vt 0.958496 0.694824
vt 0.954590 0.694824
vt 0.954590 0.816406
vt 0.958496 0.816406
vt 0.958496 0.911621
vt 0.954590 0.911621
vt 0.954590 0.929688
vt 0.958496 0.929688
vt 0.954590 0.943359
vt 0.958496 0.944336
vt 0.954590 0.947266
vt 0.958496 0.947754
vt 0.958496 0.950684
vt 0.954590 0.951660
vt 0.958496 0.961426
vt 0.954590 0.961426
vt 0.958496 0.978027
vt 0.954590 0.977539
vt 0.954590 0.995605
vt 0.958496 0.995605
vt 0.950195 0.995605
vt 0.950195 0.977539
vt 0.950195 0.961914
vt 0.950195 0.952637
vt 0.950195 0.947266
vt 0.950195 0.941895
vt 0.950195 0.929199
vt 0.950195 0.911621
vt 0.950195 0.815918
vt 0.950195 0.694336
vt 0.950195 0.562012
vt 0.950195 0.498291
vt 0.950195 0.475830
vt 0.950195 0.445557
vt 0.950195 0.327148
vt 0.950195 0.265869
vt 0.950195 0.248047
vt 0.950195 0.231812
vt 0.950195 0.222778
vt 0.950195 0.217285
vt 0.950195 0.211670
vt 0.410156 0.197144
vt 0.427246 0.231323
vt 0.429199 0.199097
vt 0.402832 0.230835
vt 0.403809 0.193848
vt 0.397461 0.196899
vt 0.378662 0.229980
vt 0.378418 0.197632
vt 0.382812 0.241821
vt 0.391602 0.253418
vt 0.402344 0.258545
vt 0.413330 0.253906
vt 0.422607 0.242920
vt 0.426514 0.166260
vt 0.433350 0.190674
vt 0.434082 0.172363
vt 0.401367 0.189819
vt 0.404541 0.166260
vt 0.434082 0.160278
vt 0.433350 0.141846
vt 0.401367 0.142822
vt 0.389648 0.185547
vt 0.389648 0.146973
vt 0.378418 0.176758
vt 0.378418 0.155640
vt 0.373291 0.166138
vt 0.932617 0.262451
vt 0.932617 0.275146
vt 0.936035 0.262451
vt 0.936035 0.275146
vt 0.932617 0.284180
vt 0.936035 0.284180
vt 0.936035 0.293457
vt 0.932617 0.293457
vt 0.936035 0.390381
vt 0.932617 0.390381
vt 0.932617 0.399414
vt 0.936035 0.399414
vt 0.936035 0.408691
vt 0.932617 0.408691
vt 0.936035 0.848633
vt 0.932617 0.848633
vt 0.932617 0.857910
vt 0.936035 0.857910
vt 0.936035 0.867188
vt 0.932617 0.867188
vt 0.932617 0.960449
vt 0.936035 0.960449
vt 0.932617 0.969727
vt 0.936035 0.969727
vt 0.936035 0.978516
vt 0.932617 0.978516
vt 0.936035 0.995605
vt 0.932617 0.995605
vt 0.939453 0.978516
vt 0.939453 0.995605
vt 0.942383 0.978516
vt 0.942383 0.995605
vt 0.945801 0.995605
vt 0.945801 0.978516
vt 0.945801 0.969727
vt 0.942383 0.969727
vt 0.945801 0.960449
vt 0.945801 0.867188
vt 0.942383 0.867188
vt 0.942383 0.960449
vt 0.942383 0.857910
vt 0.939453 0.867188
vt 0.939453 0.857910
vt 0.939453 0.960449
vt 0.939453 0.969727
vt 0.939453 0.848633
vt 0.942383 0.408691
vt 0.942383 0.848633
vt 0.939453 0.408691
vt 0.942383 0.399414
vt 0.945801 0.408691
vt 0.945801 0.399414
vt 0.945801 0.848633
vt 0.945801 0.857910
vt 0.945801 0.390381
vt 0.945801 0.293457
vt 0.942383 0.390381
vt 0.942383 0.284180
vt 0.945801 0.284180
vt 0.942383 0.293457
vt 0.939453 0.390381
vt 0.939453 0.293457
vt 0.939453 0.284180
vt 0.939453 0.275146
vt 0.939453 0.262451
vt 0.942383 0.275146
vt 0.942383 0.262451
vt 0.945801 0.262451
vt 0.945801 0.275146
vt 0.939453 0.399414
vt 0.682617 0.078796
vt 0.671875 0.078735
vt 0.682617 0.090942
vt 0.706543 0.078796
vt 0.706543 0.090942
vt 0.717285 0.078735
vt 0.403076 0.304443
vt 0.391113 0.304443
vt 0.403076 0.314453
vt 0.403076 0.273193
vt 0.403076 0.262939
vt 0.391113 0.273193
vt 0.943848 0.129272
vt 0.943848 0.116516
vt 0.932129 0.129272
vt 0.932129 0.116516
vt 0.932129 0.181152
vt 0.943848 0.181152
vt 0.932129 0.168335
vt 0.943848 0.168335
vt 0.724609 0.994141
vt 0.724609 0.945312
vt 0.654297 0.994141
vt 0.654297 0.945312
vt 0.710938 0.578613
vt 0.710938 0.627441
vt 0.722168 0.578613
vt 0.722168 0.627441
vt 0.630371 0.182495
vt 0.630371 0.168457
vt 0.624512 0.182495
vt 0.624512 0.168457
vt 0.933105 0.010498
vt 0.946777 0.010498
vt 0.933105 0.004471
vt 0.946777 0.004471
vt 0.567383 0.085999
vt 0.557617 0.085999
vt 0.567383 0.091797
vt 0.557617 0.091797
vt 0.808594 0.136108
vt 0.808594 0.126099
vt 0.819336 0.136108
vt 0.819336 0.126099
vt 0.705566 0.146362
vt 0.715820 0.146362
vt 0.705566 0.156860
vt 0.715820 0.156860
vt 0.871094 0.245728
vt 0.871094 0.218140
vt 0.862305 0.245728
vt 0.862305 0.218140
vt 0.873535 0.111145
vt 0.873535 0.106506
vt 0.845703 0.111206
vt 0.845703 0.106506
vt 0.359375 0.142700
vt 0.359863 0.147461
vt 0.369385 0.142700
vt 0.359863 0.162476
vt 0.369385 0.167236
vt 0.358398 0.167236
vt 0.403076 0.276855
vt 0.391113 0.276855
vt 0.393311 0.289062
vt 0.403076 0.301514
vt 0.391113 0.301514
vt 0.450195 0.140381
vt 0.440186 0.140381
vt 0.449463 0.145142
vt 0.449463 0.160278
vt 0.440186 0.165039
vt 0.451172 0.165039
vt 0.860352 0.288574
vt 0.861328 0.303955
vt 0.875977 0.307617
vt 0.852539 0.295166
vt 0.854004 0.310303
vt 0.838867 0.301514
vt 0.846680 0.292480
vt 0.834473 0.292236
vt 0.846680 0.283447
vt 0.821777 0.283447
vt 0.821777 0.292480
vt 0.821777 0.304688
vt 0.816406 0.295166
vt 0.806641 0.303223
vt 0.810547 0.317871
vt 0.800293 0.314209
vt 0.797852 0.326660
vt 0.810547 0.335205
vt 0.800293 0.339111
vt 0.806641 0.350098
vt 0.821777 0.348633
vt 0.816406 0.358154
vt 0.828125 0.362549
vt 0.838867 0.351562
vt 0.840820 0.362549
vt 0.852539 0.358154
vt 0.854004 0.343018
vt 0.862305 0.349854
vt 0.865723 0.344727
vt 0.868164 0.332520
vt 0.875000 0.346191
vt 0.878906 0.321777
vt 0.870117 0.320312
vt 0.859863 0.326660
vt 0.868652 0.314209
vt 0.834473 0.326660
vt 0.833496 0.090942
vt 0.833496 0.077637
vt 0.792969 0.090942
vt 0.792969 0.077637
vt 0.787109 0.090881
vt 0.787109 0.077637
vt 0.773438 0.090942
vt 0.773438 0.077637
vt 0.854492 0.090942
vt 0.854492 0.077637
vt 0.841309 0.090942
vt 0.841309 0.077637
vt 0.902344 0.090942
vt 0.902344 0.077637
vt 0.861816 0.090942
vt 0.861816 0.077637
vt 0.762207 0.090942
vt 0.762207 0.077637
vt 0.721680 0.090942
vt 0.721680 0.077637
vt 0.572266 0.072632
vt 0.772949 0.072632
vt 0.572266 0.059174
vt 0.772949 0.059174
vt 0.722656 0.029129
vt 0.923340 0.029129
vt 0.722656 0.038116
vt 0.923340 0.038116
vt 0.619141 0.986328
vt 0.619141 0.995605
vt 0.632812 0.986328
vt 0.632812 0.995605
vt 0.597656 0.986328
vt 0.597656 0.995605
vt 0.610840 0.986328
vt 0.610840 0.995605
vt 0.725586 0.143311
vt 0.628906 0.090942
vt 0.639160 0.090942
vt 0.639160 0.078735
vt 0.663574 0.078735
vt 0.663574 0.090942
vt 0.674316 0.090942
vt 0.587891 0.078430
vt 0.598145 0.090942
vt 0.598145 0.078430
vt 0.622559 0.078430
vt 0.622559 0.090942
vt 0.632812 0.078430
vt 0.440186 0.169189
vt 0.440186 0.178223
vt 0.451172 0.169189
vt 0.440186 0.134033
vt 0.450195 0.134033
vt 0.440186 0.125000
vt 0.369385 0.171387
vt 0.358398 0.171387
vt 0.369385 0.180420
vt 0.369385 0.136230
vt 0.369385 0.127197
vt 0.359375 0.136230
s 1
usemtl Body
f 1/1/1 3/2/1 2/3/1
f 2/3/1 3/2/1 4/4/1
f 5/5/2 7/6/2 6/7/2
f 6/7/2 7/6/2 8/8/2
f 9/9/3 11/10/3 10/11/3
f 10/11/3 11/10/3 12/12/4
f 13/13/5 15/14/6 14/15/6
f 13/13/5 14/15/6 16/16/7
f 17/17/8 19/18/8 18/19/8
f 18/19/8 19/18/8 20/20/8
f 21/21/9 23/22/9 22/23/9
f 22/23/9 23/22/9 24/24/9
f 25/25/4 27/26/3 26/27/3
f 26/27/3 27/26/3 28/28/3
f 29/13/10 31/15/11 30/14/11
f 29/13/10 32/16/12 31/15/11
f 33/20/13 35/18/13 34/19/13
f 34/19/13 35/18/13 36/17/13
f 37/21/14 39/23/14 38/22/14
f 38/22/14 39/23/14 40/24/14
f 41/25/3 43/27/3 42/26/3
f 42/26/3 43/27/3 44/28/3
f 45/29/15 47/30/15 46/31/15
f 46/31/15 47/30/15 48/32/15
f 49/33/16 51/34/14 50/35/14
f 50/35/14 51/34/14 52/36/14
f 53/37/2 55/38/2 54/39/2
f 54/39/2 55/38/2 56/40/2
f 57/41/17 59/42/17 58/43/17
f 58/43/17 59/42/17 60/44/17
f 61/45/9 63/46/9 62/47/9
f 62/47/9 63/46/9 64/48/9
f 65/49/9 67/50/9 66/51/9
f 66/51/9 67/50/9 68/52/9
f 69/53/16 71/54/14 70/55/16
f 70/55/16 71/54/14 72/56/16
f 73/57/14 75/58/14 74/59/14
f 76/60/14 74/59/14 75/58/14
f 77/57/9 79/59/9 78/58/9
f 80/60/9 78/58/9 79/59/9
f 81/30/15 83/29/15 82/32/15
f 82/32/15 83/29/15 84/31/15
f 85/33/9 87/35/9 86/34/9
f 86/34/9 87/35/9 88/36/9
f 89/41/17 91/43/18 90/42/18
f 90/42/18 91/43/18 92/44/17
f 93/45/14 95/47/14 94/46/14
f 94/46/14 95/47/14 96/48/14
f 97/49/16 99/51/14 98/50/16
f 98/50/16 99/51/14 100/52/14
f 101/53/9 103/55/9 102/54/9
f 102/54/9 103/55/9 104/56/9
f 105/61/19 107/62/19 106/63/19
f 106/63/19 107/62/19 108/64/19
f 109/65/9 111/66/9 110/67/9
f 110/67/9 111/66/9 112/68/9
f 113/69/20 115/70/20 114/71/20
f 114/71/20 115/70/20 116/72/20
f 117/73/14 119/74/14 118/75/16
f 118/75/16 119/74/14 120/76/16
f 121/77/21 123/78/22 122/79/22
f 122/79/22 123/78/22 124/80/22
f 125/81/23 127/82/24 126/83/24
f 126/83/24 127/82/24 128/84/24
f 129/85/25 131/86/25 130/87/25
f 130/87/25 131/86/25 132/88/25
f 133/89/19 135/90/19 134/91/19
f 134/91/19 135/90/19 136/92/19
f 137/93/9 139/94/9 138/95/9
f 138/95/9 139/94/9 140/96/9
f 141/97/14 143/98/14 142/99/14
f 142/99/14 143/98/14 144/100/14
f 145/85/16 147/87/16 146/86/16
f 146/86/16 147/87/16 148/88/16
f 149/93/16 151/95/16 150/94/14
f 150/94/14 151/95/16 152/96/14
f 153/97/9 155/99/9 154/98/9
f 154/98/9 155/99/9 156/100/9
f 157/101/26 159/102/26 158/103/26
f 158/103/26 159/102/26 160/104/26
f 161/105/27 163/106/28 162/107/27
f 162/107/27 163/106/28 164/108/27
f 165/109/29 167/110/29 166/111/29
f 166/111/29 167/110/29 168/112/29
f 169/113/26 171/114/26 170/115/26
f 170/115/26 171/114/26 172/116/26
f 173/117/30 175/118/30 174/119/30
f 174/119/30 175/118/30 176/120/30
f 177/121/31 179/122/31 178/123/32
f 178/123/32 179/122/31 180/124/31
f 181/121/33 183/122/33 182/123/33
f 182/123/33 183/122/33 184/124/33
f 185/121/34 187/122/34 186/123/34
f 186/123/34 187/122/34 188/124/34
f 189/125/35 191/123/36 190/126/37
f 190/126/37 191/123/36 192/121/37
f 193/127/38 195/128/38 194/129/38
f 194/129/38 195/128/38 196/130/38
f 197/131/39 199/132/39 198/133/39
f 198/133/39 199/132/39 200/134/39
f 201/135/40 203/136/40 202/137/40
f 202/137/40 203/136/40 204/138/40
f 205/139/41 207/140/41 206/141/41
f 206/141/41 207/140/41 208/142/41
f 209/143/9 211/144/9 210/145/9
f 210/145/9 211/144/9 212/146/9
f 213/139/42 215/141/42 214/140/42
f 214/140/42 215/141/42 216/142/42
f 217/143/14 219/145/14 218/144/14
f 218/144/14 219/145/14 220/146/16
f 221/147/43 223/148/44 222/149/45
f 222/149/45 223/148/44 224/150/45
f 225/151/46 227/152/46 226/153/47
f 226/153/47 227/152/46 228/154/47
f 229/155/26 231/156/26 230/157/26
f 230/157/26 231/156/26 232/158/26
f 233/159/48 235/160/49 234/161/48
f 234/161/48 235/160/49 236/162/49
f 237/155/26 239/157/26 238/156/26
f 238/156/26 239/157/26 240/158/26
f 241/162/50 243/160/50 242/161/51
f 242/161/51 243/160/50 244/159/52
f 245/163/53 247/164/53 246/165/54
f 246/165/54 247/164/53 248/166/55
f 246/165/54 248/166/55 249/167/56
f 249/167/56 248/166/55 250/168/56
f 249/167/56 250/168/56 251/169/57
f 251/169/57 250/168/56 252/170/58
f 251/169/57 252/170/58 253/171/59
f 253/171/59 252/170/58 254/172/59
f 253/171/59 254/172/59 255/173/60
f 255/173/60 254/172/59 256/174/60
f 257/163/53 259/164/53 258/165/55
f 258/165/55 259/164/53 260/166/55
f 258/165/55 260/166/55 261/167/56
f 261/167/56 260/166/55 262/168/56
f 261/167/56 262/168/56 263/169/58
f 263/169/58 262/168/56 264/170/58
f 263/169/58 264/170/58 265/171/61
f 265/171/61 264/170/58 266/172/61
f 265/171/61 266/172/61 267/173/60
f 267/173/60 266/172/61 268/174/60
f 269/175/1 271/176/1 270/177/62
f 270/177/62 271/176/1 272/178/63
f 270/177/62 272/178/63 273/179/64
f 273/179/64 272/178/63 274/180/64
f 273/179/64 274/180/64 275/181/65
f 275/181/65 274/180/64 276/182/66
f 276/182/66 277/183/4 275/181/65
f 275/181/65 277/183/4 278/184/4
f 279/185/67 281/186/67 280/187/68
f 280/187/68 281/186/67 282/188/68
f 280/187/68 282/188/68 283/189/69
f 283/189/69 282/188/68 284/190/70
f 284/190/70 285/191/71 283/189/69
f 286/192/72 285/191/71 284/190/70
f 286/192/72 287/193/4 285/191/71
f 288/191/73 290/193/1 289/192/74
f 288/191/73 289/192/74 291/189/75
f 291/189/75 289/192/74 292/190/75
f 293/188/76 291/189/75 292/190/75
f 294/187/76 291/189/75 293/188/76
f 295/186/77 294/187/76 293/188/76
f 296/185/77 294/187/76 295/186/77
f 297/194/78 299/195/79 298/196/80
f 298/196/80 299/195/79 300/197/81
f 298/196/80 300/197/81 301/198/82
f 301/198/82 300/197/81 302/199/83
f 301/198/82 302/199/83 303/200/84
f 303/200/84 302/199/83 304/201/85
f 304/201/85 305/202/86 303/200/84
f 303/200/84 305/202/86 306/203/87
f 305/202/86 307/204/88 306/203/87
f 306/203/87 307/204/88 308/205/89
f 307/204/88 309/206/90 308/205/89
f 308/205/89 309/206/90 310/207/91
f 310/207/91 309/206/90 311/208/92
f 311/208/92 309/206/90 312/209/93
f 312/209/93 313/210/94 311/208/92
f 314/211/79 313/210/94 312/209/93
f 315/212/95 317/213/96 316/214/97
f 318/215/98 316/214/97 317/213/96
f 319/216/99 316/214/97 318/215/98
f 318/215/98 320/217/100 319/216/99
f 321/218/101 323/219/102 322/220/103
f 322/220/103 324/221/104 321/218/101
f 325/222/105 324/221/104 322/220/103
f 326/223/106 324/221/104 325/222/105
f 327/224/107 324/221/104 326/223/106
f 327/224/107 326/223/106 328/225/108
f 331/226/109 327/224/107 328/225/108
f 329/227/110 327/224/107 330/228/111
f 330/228/111 327/224/107 331/226/109
f 331/226/109 328/225/108 332/229/112
f 330/228/111 331/226/109 333/230/113
f 335/231/114 331/226/109 332/229/112
f 331/226/109 334/232/115 333/230/113
f 334/232/115 331/226/109 335/231/114
f 332/229/112 336/233/116 335/231/114
f 337/234/117 335/231/114 336/233/116
f 330/228/111 333/230/113 338/235/118
f 339/236/119 328/225/108 326/223/106
f 340/237/120 339/236/119 326/223/106
f 340/237/120 326/223/106 341/238/121
f 342/239/122 341/238/121 326/223/106
f 343/185/77 345/186/77 344/187/76
f 344/187/76 345/186/77 346/188/76
f 344/187/76 346/188/76 347/189/75
f 347/189/75 346/188/76 348/190/75
f 349/192/74 347/189/75 348/190/75
f 350/191/73 347/189/75 349/192/74
f 350/191/73 349/192/74 351/193/1
f 352/240/9 354/241/9 353/242/9
f 353/242/9 354/241/9 355/243/9
f 353/242/9 355/243/9 356/244/9
f 356/244/9 355/243/9 357/245/9
f 357/245/9 358/246/9 356/244/9
f 359/247/9 358/246/9 357/245/9
f 360/248/9 358/246/9 359/247/9
f 361/249/9 358/246/9 360/248/9
f 362/175/1 364/176/1 363/177/62
f 363/177/62 364/176/1 365/178/63
f 363/177/62 365/178/63 366/179/64
f 366/179/64 365/178/63 367/180/64
f 366/179/64 367/180/64 368/181/65
f 368/181/65 367/180/64 369/182/123
f 369/182/123 370/183/4 368/181/65
f 368/181/65 370/183/4 371/184/4
f 372/175/1 374/176/1 373/177/62
f 373/177/62 374/176/1 375/178/63
f 373/177/62 375/178/63 376/179/64
f 376/179/64 375/178/63 377/180/64
f 376/179/64 377/180/64 378/181/65
f 378/181/65 377/180/64 379/182/66
f 379/182/66 380/183/4 378/181/65
f 378/181/65 380/183/4 381/184/4
f 382/250/1 384/251/1 383/252/1
f 383/252/1 384/251/1 385/253/1
f 385/253/1 386/254/1 383/252/1
f 387/255/1 386/254/1 385/253/1
f 386/254/1 387/255/1 388/256/1
f 388/256/1 387/255/1 389/257/1
f 390/258/124 392/259/125 391/260/126
f 391/260/126 392/259/125 393/261/127
f 391/260/126 393/261/127 394/262/128
f 394/262/128 393/261/127 395/263/129
f 396/264/130 394/262/128 395/263/129
f 397/265/131 394/262/128 396/264/130
f 397/265/131 396/264/130 398/266/132
f 398/266/132 396/264/130 399/267/133
f 399/267/133 400/268/134 398/266/132
f 398/266/132 400/268/134 401/269/135
f 402/270/136 401/269/135 400/268/134
f 403/271/137 401/269/135 402/270/136
f 404/272/138 403/271/137 402/270/136
f 405/273/138 403/271/137 404/272/138
f 406/274/139 405/273/138 404/272/138
f 407/275/139 405/273/138 406/274/139
f 406/274/139 408/276/140 407/275/139
f 407/275/139 408/276/140 409/277/141
f 409/277/141 408/276/140 410/278/142
f 410/278/142 408/276/140 411/279/143
f 412/280/144 414/281/145 413/282/146
f 412/280/144 413/282/146 415/283/147
f 415/283/147 413/282/146 416/284/148
f 417/285/149 415/283/147 416/284/148
f 418/286/150 415/283/147 417/285/149
f 417/285/149 419/287/151 418/286/150
f 418/286/150 419/287/151 420/288/152
f 419/287/151 421/289/153 420/288/152
f 422/290/14 424/291/16 423/292/14
f 423/292/14 425/293/14 422/290/14
f 426/294/14 425/293/14 423/292/14
f 427/295/27 429/296/27 428/297/154
f 428/297/154 429/296/27 430/298/154
f 428/297/154 430/298/154 431/299/155
f 431/299/155 430/298/154 432/300/155
f 431/299/155 432/300/155 433/301/1
f 433/301/1 432/300/155 434/302/1
f 435/212/156 437/213/157 436/214/158
f 438/215/159 436/214/158 437/213/157
f 439/216/160 436/214/158 438/215/159
f 438/215/159 440/217/161 439/216/160
f 441/218/162 443/219/163 442/220/164
f 442/220/164 444/221/165 441/218/162
f 445/222/166 444/221/165 442/220/164
f 446/223/167 444/221/165 445/222/166
f 447/224/168 444/221/165 446/223/167
f 447/224/168 446/223/167 448/225/169
f 451/226/170 447/224/168 448/225/169
f 449/227/171 447/224/168 450/228/172
f 450/228/172 447/224/168 451/226/170
f 451/226/170 448/225/169 452/229/173
f 450/228/172 451/226/170 453/230/174
f 455/231/175 451/226/170 452/229/173
f 451/226/170 454/232/176 453/230/174
f 454/232/176 451/226/170 455/231/175
f 452/229/173 456/233/177 455/231/175
f 457/234/178 455/231/175 456/233/177
f 450/228/172 453/230/174 458/235/179
f 459/236/180 448/225/169 446/223/167
f 460/237/181 459/236/180 446/223/167
f 460/237/181 446/223/167 461/238/182
f 462/239/183 461/238/182 446/223/167
f 463/301/26 465/302/26 464/299/184
f 464/299/184 465/302/26 466/300/185
f 464/299/184 466/300/185 467/297/186
f 467/297/186 466/300/185 468/298/186
f 467/297/186 468/298/186 469/295/3
f 469/295/3 468/298/186 470/296/3
f 471/303/16 473/304/14 472/305/14
f 472/305/14 473/304/14 474/306/14
f 474/306/14 475/307/14 472/305/14
f 476/308/16 478/309/16 477/310/16
f 476/308/16 477/310/16 479/311/16
f 479/311/16 477/310/16 480/312/16
f 481/313/187 483/314/187 482/315/187
f 482/315/187 483/314/187 484/316/187
f 482/315/187 484/316/187 485/317/187
f 485/317/187 484/316/187 486/318/187
f 486/318/187 487/319/187 485/317/187
f 485/317/187 487/319/187 488/320/187
f 489/175/1 491/176/1 490/177/62
f 490/177/62 491/176/1 492/178/63
f 490/177/62 492/178/63 493/179/64
f 493/179/64 492/178/63 494/180/64
f 493/179/64 494/180/64 495/181/65
f 495/181/65 494/180/64 496/182/66
f 496/182/66 497/183/4 495/181/65
f 495/181/65 497/183/4 498/184/4
f 499/321/188 501/322/189 500/323/190
f 500/323/190 501/322/189 502/324/191
f 500/323/190 502/324/191 503/325/192
f 502/324/191 504/326/193 503/325/192
f 505/327/194 504/326/193 502/324/191
f 506/328/194 504/326/193 505/327/194
f 503/325/192 504/326/193 507/329/195
f 507/329/195 504/326/193 508/330/196
f 509/331/197 507/329/195 508/330/196
f 510/332/198 507/329/195 509/331/197
f 509/331/197 511/333/199 510/332/198
f 510/332/198 511/333/199 512/334/200
f 511/333/199 513/335/201 512/334/200
f 514/336/202 513/335/201 511/333/199
f 512/334/200 513/335/201 515/337/203
f 515/337/203 513/335/201 516/338/204
f 516/338/204 517/339/205 515/337/203
f 515/337/203 517/339/205 518/340/206
f 519/341/207 518/340/206 517/339/205
f 520/342/208 518/340/206 519/341/207
f 521/343/209 520/342/208 519/341/207
f 522/344/209 520/342/208 521/343/209
f 523/345/210 522/344/209 521/343/209
f 524/346/211 522/344/209 523/345/210
f 524/346/211 523/345/210 525/347/212
f 525/347/212 523/345/210 526/348/212
f 525/347/212 526/348/212 527/349/213
f 527/349/213 526/348/212 528/350/213
f 527/349/213 528/350/213 529/351/214
f 529/351/214 528/350/213 530/352/214
f 530/352/214 531/353/215 529/351/214
f 532/354/216 531/353/215 530/352/214
f 532/354/216 533/355/217 531/353/215
f 531/353/215 533/355/217 534/356/218
f 534/356/218 533/355/217 535/357/219
f 535/357/219 533/355/217 536/358/220
f 537/359/221 534/356/218 535/357/219
f 538/360/222 537/359/221 535/357/219
f 537/359/221 538/360/222 539/361/223
f 539/361/223 538/360/222 540/362/224
f 541/363/225 539/361/223 540/362/224
f 542/364/226 539/361/223 541/363/225
f 545/365/227 542/364/226 541/363/225
f 543/366/228 541/363/225 544/367/228
f 545/365/227 541/363/225 543/366/228
f 546/368/229 542/364/226 545/365/227
f 547/369/230 546/368/229 545/365/227
f 548/370/231 546/368/229 547/369/230
f 549/371/232 551/372/233 550/373/234
f 550/373/234 551/372/233 552/374/235
f 550/373/234 552/374/235 553/375/236
f 553/375/236 552/374/235 557/376/237
f 554/372/238 555/377/239 552/374/235
f 552/374/235 555/377/239 556/378/240
f 558/379/241 552/374/235 556/378/240
f 557/376/237 552/374/235 558/379/241
f 556/378/240 561/380/242 558/379/241
f 558/379/241 559/381/25 557/376/237
f 560/382/243 559/381/25 558/379/241
f 562/383/244 560/382/243 558/379/241
f 558/379/241 561/380/242 562/383/244
f 561/380/242 564/384/245 562/383/244
f 563/385/16 560/382/243 562/383/244
f 564/384/245 563/385/16 562/383/244
f 566/386/246 564/384/245 561/380/242
f 565/387/247 563/385/16 564/384/245
f 561/380/242 567/388/248 566/386/246
f 566/386/246 567/388/248 568/389/249
f 567/388/248 561/380/242 569/390/250
f 569/390/250 561/380/242 556/378/240
f 559/381/25 570/391/251 557/376/237
f 557/376/237 570/391/251 553/375/236
f 571/139/252 573/140/252 572/392/253
f 572/392/253 573/140/252 574/393/254
f 572/392/253 574/393/254 575/394/255
f 575/394/255 574/393/254 576/395/256
f 575/394/255 576/395/256 577/396/257
f 577/396/257 576/395/256 578/397/257
f 579/398/258 577/396/257 578/397/257
f 580/399/259 577/396/257 579/398/258
f 581/400/260 580/399/259 579/398/258
f 582/401/261 580/399/259 581/400/260
f 583/402/262 582/401/261 581/400/260
f 584/403/263 582/401/261 583/402/262
f 583/402/262 585/404/264 584/403/263
f 586/405/264 585/404/264 583/402/262
f 586/405/264 587/406/265 585/404/264
f 588/407/265 587/406/265 586/405/264
f 589/408/266 587/406/265 588/407/265
f 590/409/266 587/406/265 589/408/266
f 590/409/266 589/408/266 591/410/267
f 591/410/267 589/408/266 592/411/267
f 591/410/267 592/411/267 593/144/268
f 593/144/268 592/411/267 594/143/268
f 595/412/269 597/413/269 596/414/270
f 596/414/270 597/413/269 598/415/271
f 596/414/270 598/415/271 599/416/272
f 599/416/272 598/415/271 600/417/273
f 601/418/274 599/416/272 600/417/273
f 602/419/275 599/416/272 601/418/274
f 601/418/274 603/420/276 602/419/275
f 602/419/275 603/420/276 604/421/37
f 605/184/277 607/183/277 606/181/278
f 606/181/278 607/183/277 608/182/279
f 606/181/278 608/182/279 609/179/280
f 609/179/280 608/182/279 610/180/280
f 611/178/281 609/179/280 610/180/280
f 612/177/281 609/179/280 611/178/281
f 613/422/282 612/177/281 611/178/281
f 614/423/283 612/177/281 613/422/282
f 613/422/282 615/176/284 614/423/283
f 614/423/283 615/176/284 616/175/285
f 617/424/286 619/425/286 618/426/26
f 618/426/26 619/425/286 620/427/26
f 618/426/26 620/427/26 621/428/26
f 621/428/26 620/427/26 622/429/26
f 623/174/287 625/173/287 624/172/288
f 624/172/288 625/173/287 626/171/289
f 624/172/288 626/171/289 627/170/290
f 627/170/290 626/171/289 628/169/291
f 627/170/290 628/169/291 629/168/292
f 629/168/292 628/169/291 630/167/292
f 629/168/292 630/167/292 631/166/293
f 631/166/293 630/167/292 632/165/293
f 631/166/293 632/165/293 633/164/294
f 633/164/294 632/165/293 634/163/294
f 635/424/26 637/425/26 636/426/26
f 636/426/26 637/425/26 638/427/26
f 636/426/26 638/427/26 639/428/26
f 639/428/26 638/427/26 640/429/26
f 641/174/287 643/173/287 642/172/288
f 642/172/288 643/173/287 644/171/295
f 642/172/288 644/171/295 645/170/290
f 645/170/290 644/171/295 646/169/291
f 645/170/290 646/169/291 647/168/296
f 647/168/296 646/169/291 648/167/292
f 647/168/296 648/167/292 649/166/293
f 649/166/293 648/167/292 650/165/293
f 649/166/293 650/165/293 651/164/294
f 651/164/294 650/165/293 652/163/294
f 653/174/287 655/173/287 654/172/288
f 654/172/288 655/173/287 656/171/295
f 654/172/288 656/171/295 657/170/291
f 657/170/291 656/171/295 658/169/291
f 657/170/291 658/169/291 659/168/296
f 659/168/296 658/169/291 660/167/292
f 659/168/296 660/167/292 661/166/293
f 661/166/293 660/167/292 662/165/293
f 661/166/293 662/165/293 663/164/294
f 663/164/294 662/165/293 664/430/294
f 665/174/287 667/173/287 666/172/288
f 666/172/288 667/173/287 668/171/295
f 666/172/288 668/171/295 669/170/291
f 669/170/291 668/171/295 670/169/291
f 669/170/291 670/169/291 671/168/296
f 671/168/296 670/169/291 672/167/292
f 671/168/296 672/167/292 673/166/293
f 673/166/293 672/167/292 674/165/293
f 673/166/293 674/165/293 675/164/294
f 675/164/294 674/165/293 676/163/294
f 677/175/1 679/176/1 678/177/62
f 678/177/62 679/176/1 680/178/63
f 678/177/62 680/178/63 681/179/64
f 681/179/64 680/178/63 682/180/64
f 681/179/64 682/180/64 683/181/65
f 683/181/65 682/180/64 684/182/123
f 684/182/123 685/183/4 683/181/65
f 683/181/65 685/183/4 686/184/4
f 687/431/297 689/432/298 688/433/299
f 688/433/299 689/432/298 690/434/299
f 688/433/299 690/434/299 691/435/13
f 691/435/13 690/434/299 692/436/13
f 692/436/13 693/437/300 691/435/13
f 694/438/301 693/437/300 692/436/13
f 695/439/302 693/437/300 694/438/301
f 696/440/302 693/437/300 695/439/302
f 697/432/303 699/431/303 698/434/304
f 698/434/304 699/431/303 700/433/304
f 698/434/304 700/433/304 701/436/305
f 701/436/305 700/433/304 702/435/306
f 703/437/307 701/436/305 702/435/306
f 704/438/307 701/436/305 703/437/307
f 703/437/307 705/440/308 704/438/307
f 704/438/307 705/440/308 706/439/308
f 707/175/1 709/176/1 708/177/62
f 708/177/62 709/176/1 710/178/63
f 708/177/62 710/178/63 711/179/64
f 711/179/64 710/178/63 712/180/64
f 711/179/64 712/180/64 713/181/65
f 713/181/65 712/180/64 714/182/66
f 714/182/66 715/183/4 713/181/65
f 713/181/65 715/183/4 716/184/4
f 717/175/1 719/176/1 718/177/62
f 718/177/62 719/176/1 720/178/63
f 718/177/62 720/178/63 721/179/64
f 721/179/64 720/178/63 722/180/64
f 721/179/64 722/180/64 723/181/65
f 723/181/65 722/180/64 724/182/66
f 724/182/66 725/183/4 723/181/65
f 723/181/65 725/183/4 726/184/4
f 727/441/309 729/442/310 728/443/311
f 728/443/311 729/442/310 730/444/312
f 730/444/312 731/445/313 728/443/311
f 732/446/314 731/445/313 730/444/312
f 731/445/313 732/446/314 733/447/315
f 733/447/315 732/446/314 734/448/316
f 734/448/316 735/449/317 733/447/315
f 736/450/318 735/449/317 734/448/316
f 735/449/317 736/450/318 737/451/319
f 737/451/319 736/450/318 738/452/320
f 737/451/319 738/452/320 739/453/321
f 739/453/321 738/452/320 740/454/321
f 740/454/321 741/455/322 739/453/321
f 739/453/321 741/455/322 742/456/323
f 743/457/324 742/456/323 741/455/322
f 744/458/325 742/456/323 743/457/324
f 745/459/326 744/458/325 743/457/324
f 746/460/327 744/458/325 745/459/326
f 747/461/328 746/460/327 745/459/326
f 748/462/329 746/460/327 747/461/328
f 749/463/330 748/462/329 747/461/328
f 750/464/331 748/462/329 749/463/330
f 751/465/332 750/464/331 749/463/330
f 752/466/333 750/464/331 751/465/332
f 753/175/334 755/178/335 754/176/334
f 756/177/335 755/178/335 753/175/334
f 756/177/335 757/180/336 755/178/335
f 758/179/336 757/180/336 756/177/335
f 758/179/336 759/182/337 757/180/336
f 760/181/338 759/182/337 758/179/336
f 760/181/338 761/184/339 759/182/337
f 759/182/337 761/184/339 762/183/340
f 763/428/27 765/427/27 764/429/27
f 766/426/27 765/427/27 763/428/27
f 765/427/27 766/426/27 767/425/27
f 767/425/27 766/426/27 768/424/27
f 769/429/26 771/427/286 770/428/26
f 770/428/26 771/427/286 772/426/286
f 771/427/286 773/425/26 772/426/286
f 772/426/286 773/425/26 774/424/286
f 775/178/335 777/175/334 776/176/334
f 778/177/341 777/175/334 775/178/335
f 779/180/336 778/177/341 775/178/335
f 780/179/336 778/177/341 779/180/336
f 781/182/342 780/179/336 779/180/336
f 782/181/343 780/179/336 781/182/342
f 782/181/343 781/182/342 783/184/339
f 783/184/339 781/182/342 784/183/339
f 785/178/335 787/175/334 786/176/334
f 788/177/341 787/175/334 785/178/335
f 789/180/336 788/177/341 785/178/335
f 790/179/336 788/177/341 789/180/336
f 791/182/344 790/179/336 789/180/336
f 792/181/345 790/179/336 791/182/344
f 792/181/345 791/182/344 793/184/339
f 793/184/339 791/182/344 794/183/339
f 795/428/346 797/427/27 796/429/346
f 798/426/27 797/427/27 795/428/346
f 797/427/27 798/426/27 799/425/27
f 799/425/27 798/426/27 800/424/27
f 801/429/26 803/427/286 802/428/26
f 802/428/26 803/427/286 804/426/26
f 803/427/286 805/425/26 804/426/26
f 804/426/26 805/425/26 806/424/26
f 807/467/347 809/468/26 808/469/26
f 810/470/348 809/468/26 807/467/347
f 811/471/19 810/470/348 807/467/347
f 810/470/348 811/471/19 812/472/19
f 813/184/349 815/182/350 814/183/349
f 816/181/351 815/182/350 813/184/349
f 816/181/351 817/180/352 815/182/350
f 818/179/352 817/180/352 816/181/351
f 818/179/352 819/178/353 817/180/352
f 820/177/353 819/178/353 818/179/352
f 821/423/354 819/178/353 820/177/353
f 822/422/355 819/178/353 821/423/354
f 821/423/354 823/175/356 822/422/355
f 822/422/355 823/175/356 824/176/356
f 825/177/63 827/176/1 826/175/1
f 828/178/63 827/176/1 825/177/63
f 825/177/63 829/179/64 828/178/63
f 828/178/63 829/179/64 830/180/64
f 831/181/357 830/180/64 829/179/64
f 832/182/358 830/180/64 831/181/357
f 831/181/357 833/183/4 832/182/358
f 834/184/4 833/183/4 831/181/357
f 835/242/16 837/241/16 836/240/16
f 838/243/16 837/241/16 835/242/16
f 839/244/16 838/243/16 835/242/16
f 840/245/16 838/243/16 839/244/16
f 841/246/16 840/245/16 839/244/16
f 842/247/16 840/245/16 841/246/16
f 841/246/16 843/248/14 842/247/16
f 844/249/14 843/248/14 841/246/16
f 845/194/359 847/196/87 846/195/360
f 846/195/360 847/196/87 848/197/86
f 847/196/87 849/198/84 848/197/86
f 848/197/86 849/198/84 850/199/85
f 849/198/84 851/200/82 850/199/85
f 850/199/85 851/200/82 852/201/83
f 851/200/82 853/202/81 852/201/83
f 854/203/80 853/202/81 851/200/82
f 854/203/80 855/204/361 853/202/81
f 856/205/362 855/204/361 854/203/80
f 856/205/362 857/206/93 855/204/361
f 858/207/92 857/206/93 856/205/362
f 858/207/92 859/208/91 857/206/93
f 857/206/93 859/208/91 860/209/90
f 859/208/91 861/210/89 860/209/90
f 860/209/90 861/210/89 862/211/360
f 863/473/363 865/474/364 864/475/365
f 866/476/366 865/474/364 863/473/363
f 865/474/364 866/476/366 867/477/367
f 867/477/367 866/476/366 868/478/368
f 868/478/368 869/479/369 867/477/367
f 867/477/367 869/479/369 870/480/370
f 869/479/369 871/481/371 870/480/370
f 870/480/370 871/481/371 872/482/372
f 871/481/371 873/483/373 872/482/372
f 872/482/372 873/483/373 874/484/374
f 875/485/375 874/484/374 873/483/373
f 876/486/376 874/484/374 875/485/375
f 876/486/376 875/485/375 877/487/377
f 877/487/377 875/485/375 878/488/378
f 877/487/377 878/488/378 879/489/379
f 879/489/379 878/488/378 880/490/363
f 881/491/1 883/492/1 882/493/1
f 883/492/1 881/491/1 884/494/1
f 884/494/1 881/491/1 885/495/1
f 884/494/1 885/495/1 886/496/1
f 886/496/1 885/495/1 887/497/1
f 886/496/1 887/497/1 888/498/1
f 889/499/380 891/500/381 890/501/382
f 892/502/383 891/500/381 889/499/380
f 892/502/383 893/503/384 891/500/381
f 894/504/385 893/503/384 892/502/383
f 894/504/385 895/505/386 893/503/384
f 896/506/30 895/505/386 894/504/385
f 896/506/30 897/507/387 895/505/386
f 898/508/388 897/507/387 896/506/30
f 899/509/389 897/507/387 898/508/388
f 900/510/390 897/507/387 899/509/389
f 901/511/391 900/510/390 899/509/389
f 902/512/392 900/510/390 901/511/391
f 903/513/393 902/512/392 901/511/391
f 904/514/394 902/512/392 903/513/393
f 905/515/395 904/514/394 903/513/393
f 906/516/396 904/514/394 905/515/395
f 907/474/397 909/473/369 908/475/398
f 910/476/368 909/473/369 907/474/397
f 907/474/397 911/477/364 910/476/368
f 910/476/368 911/477/364 912/478/366
f 911/477/364 913/479/363 912/478/366
f 914/480/399 913/479/363 911/477/364
f 914/480/399 915/481/378 913/479/363
f 916/482/377 915/481/378 914/480/399
f 916/482/377 917/483/375 915/481/378
f 918/484/400 917/483/375 916/482/377
f 918/484/400 919/485/373 917/483/375
f 920/486/374 919/485/373 918/484/400
f 920/486/374 921/487/372 919/485/373
f 919/485/373 921/487/372 922/488/371
f 921/487/372 923/489/398 922/488/371
f 922/488/371 923/489/398 924/490/369
f 925/517/401 927/518/402 926/519/401
f 926/519/401 927/518/402 928/520/403
f 929/521/404 928/520/403 927/518/402
f 930/522/405 928/520/403 929/521/404
f 929/521/404 931/523/406 930/522/405
f 930/522/405 931/523/406 932/524/407
f 931/523/406 933/525/408 932/524/407
f 932/524/407 933/525/408 934/526/409
f 933/525/408 935/527/410 934/526/409
f 934/526/409 935/527/410 936/528/411
f 937/529/412 936/528/411 935/527/410
f 938/530/412 936/528/411 937/529/412
f 937/529/412 939/531/413 938/530/412
f 938/530/412 939/531/413 940/532/414
f 939/531/413 941/533/415 940/532/414
f 940/532/414 941/533/415 942/534/416
f 942/534/416 941/533/415 943/535/417
f 943/535/417 941/533/415 944/536/418
f 945/537/419 943/535/417 944/536/418
f 946/538/420 943/535/417 945/537/419
f 946/538/420 945/537/419 947/539/421
f 947/539/421 945/537/419 948/540/422
f 947/539/421 948/540/422 949/541/423
f 949/541/423 948/540/422 950/542/424
f 950/542/424 951/543/425 949/541/423
f 952/544/426 951/543/425 950/542/424
f 952/544/426 953/545/427 951/543/425
f 954/546/428 953/545/427 952/544/426
f 955/547/429 953/545/427 954/546/428
f 956/548/430 953/545/427 955/547/429
f 957/549/431 959/550/432 958/551/433
f 960/552/434 957/549/431 958/551/433
f 961/553/435 957/549/431 960/552/434
f 960/552/434 962/554/436 961/553/435
f 962/554/436 960/552/434 963/555/437
f 962/554/436 963/555/437 968/556/438
f 964/557/439 962/554/436 965/558/440
f 965/558/440 962/554/436 966/559/441
f 966/559/441 962/554/436 967/560/442
f 962/554/436 968/556/438 967/560/442
f 969/561/443 968/556/438 963/555/437
f 968/556/438 969/561/443 970/562/444
f 970/562/444 969/561/443 971/563/445
f 972/564/446 970/562/444 971/563/445
f 973/565/447 972/564/446 971/563/445
f 971/563/445 969/561/443 974/566/448
f 969/561/443 975/567/449 974/566/448
f 975/567/449 976/568/450 977/569/451
f 969/561/443 976/568/450 975/567/449
f 969/561/443 963/555/437 976/568/450
f 978/570/452 976/568/450 963/555/437
f 979/571/453 981/572/454 980/573/455
f 979/571/453 982/574/456 981/572/454
f 983/575/457 982/574/456 979/571/453
f 982/574/456 983/575/457 984/576/458
f 985/185/67 987/187/68 986/186/67
f 986/186/67 987/187/68 988/188/68
f 987/187/68 989/189/69 988/188/68
f 988/188/68 989/189/69 990/190/70
f 991/191/71 990/190/70 989/189/69
f 992/192/72 990/190/70 991/191/71
f 992/192/72 991/191/71 993/193/3
f 994/182/459 996/184/460 995/183/460
f 997/181/461 996/184/460 994/182/459
f 994/182/459 998/180/353 997/181/461
f 997/181/461 998/180/353 999/179/353
f 1000/178/352 999/179/353 998/180/353
f 1001/177/462 999/179/353 1000/178/352
f 1001/177/462 1000/178/352 1002/423/463
f 1002/423/463 1000/178/352 1003/422/464
f 1002/423/463 1003/422/464 1004/175/465
f 1004/175/465 1003/422/464 1005/176/466
f 1006/577/467 1008/578/468 1007/579/467
f 1007/579/467 1008/578/468 1009/580/468
f 1008/578/468 1010/581/469 1009/580/468
f 1009/580/468 1010/581/469 1011/582/469
f 1010/581/469 1012/583/470 1011/582/469
f 1011/582/469 1012/583/470 1013/584/470
f 1012/583/470 1014/585/471 1013/584/470
f 1013/584/470 1014/585/471 1015/586/471
f 1014/585/471 1016/587/472 1015/586/471
f 1015/586/471 1016/587/472 1017/588/472
f 1016/587/472 1018/589/473 1017/588/472
f 1017/588/472 1018/589/473 1019/590/473
f 1018/589/473 1020/591/474 1019/590/473
f 1019/590/473 1020/591/474 1021/592/475
f 1020/591/474 1022/593/467 1021/592/475
f 1021/592/475 1022/593/467 1023/594/467
f 1024/256/4 1026/254/3 1025/257/3
f 1025/257/3 1026/254/3 1027/255/3
f 1026/254/3 1028/595/3 1027/255/3
f 1027/255/3 1028/595/3 1029/596/3
f 1029/596/3 1028/595/3 1030/251/3
f 1030/251/3 1028/595/3 1031/250/3
f 1032/280/476 1034/282/477 1033/281/478
f 1035/283/479 1034/282/477 1032/280/476
f 1036/284/480 1034/282/477 1035/283/479
f 1035/283/479 1037/285/481 1036/284/480
f 1038/286/482 1037/285/481 1035/283/479
f 1038/286/482 1039/287/483 1037/285/481
f 1040/288/484 1039/287/483 1038/286/482
f 1039/287/483 1040/288/484 1041/289/485
f 1042/215/486 1044/216/487 1043/217/488
f 1044/216/487 1042/215/486 1045/214/489
f 1045/214/489 1042/215/486 1046/213/490
f 1047/212/491 1045/214/489 1046/213/490
f 1048/218/492 1050/220/493 1049/219/494
f 1051/221/495 1050/220/493 1048/218/492
f 1052/222/496 1050/220/493 1051/221/495
f 1053/223/497 1052/222/496 1051/221/495
f 1054/224/498 1053/223/497 1051/221/495
f 1054/224/498 1055/225/499 1053/223/497
f 1058/226/500 1055/225/499 1054/224/498
f 1056/227/501 1057/228/502 1054/224/498
f 1057/228/502 1058/226/500 1054/224/498
f 1058/226/500 1059/229/503 1055/225/499
f 1057/228/502 1060/230/504 1058/226/500
f 1059/229/503 1058/226/500 1062/231/505
f 1058/226/500 1060/230/504 1061/232/506
f 1062/231/505 1058/226/500 1061/232/506
f 1059/229/503 1062/231/505 1063/233/507
f 1064/234/508 1063/233/507 1062/231/505
f 1057/228/502 1065/235/509 1060/230/504
f 1066/236/510 1053/223/497 1055/225/499
f 1067/237/511 1053/223/497 1066/236/510
f 1067/237/511 1068/238/512 1053/223/497
f 1069/239/513 1053/223/497 1068/238/512
f 1070/519/514 1072/518/515 1071/517/514
f 1073/520/516 1072/518/515 1070/519/514
f 1072/518/515 1073/520/516 1074/521/517
f 1074/521/517 1073/520/516 1075/522/518
f 1074/521/517 1075/522/518 1076/523/519
f 1076/523/519 1075/522/518 1077/524/520
f 1076/523/519 1077/524/520 1078/525/521
f 1078/525/521 1077/524/520 1079/526/522
f 1078/525/521 1079/526/522 1080/527/523
f 1080/527/523 1079/526/522 1081/528/524
f 1081/528/524 1082/529/525 1080/527/523
f 1083/530/525 1082/529/525 1081/528/524
f 1083/530/525 1084/531/526 1082/529/525
f 1085/532/527 1084/531/526 1083/530/525
f 1084/531/526 1085/532/527 1086/533/528
f 1086/533/528 1085/532/527 1087/534/529
f 1087/534/529 1088/535/530 1086/533/528
f 1086/533/528 1088/535/530 1089/536/531
f 1088/535/530 1090/537/532 1089/536/531
f 1091/538/533 1090/537/532 1088/535/530
f 1092/539/534 1090/537/532 1091/538/533
f 1093/540/535 1090/537/532 1092/539/534
f 1092/539/534 1094/541/536 1093/540/535
f 1093/540/535 1094/541/536 1095/542/537
f 1096/543/538 1095/542/537 1094/541/536
f 1097/544/539 1095/542/537 1096/543/538
f 1096/543/538 1098/545/540 1097/544/539
f 1097/544/539 1098/545/540 1099/546/541
f 1099/546/541 1098/545/540 1100/547/542
f 1100/547/542 1098/545/540 1101/548/543
f 1102/549/544 1104/551/545 1103/550/546
f 1102/549/544 1105/552/547 1104/551/545
f 1106/553/548 1105/552/547 1102/549/544
f 1105/552/547 1106/553/548 1107/554/549
f 1107/554/549 1108/555/550 1105/552/547
f 1107/554/549 1113/556/551 1108/555/550
f 1109/557/552 1110/558/553 1107/554/549
f 1110/558/553 1111/559/554 1107/554/549
f 1111/559/554 1112/560/555 1107/554/549
f 1107/554/549 1112/560/555 1113/556/551
f 1114/561/556 1108/555/550 1113/556/551
f 1113/556/551 1115/562/557 1114/561/556
f 1115/562/557 1116/563/558 1114/561/556
f 1116/563/558 1115/562/557 1117/564/559
f 1118/565/560 1116/563/558 1117/564/559
f 1114/561/556 1116/563/558 1119/566/561
f 1114/561/556 1119/566/561 1120/567/562
f 1120/567/562 1122/569/563 1121/568/564
f 1114/561/556 1120/567/562 1121/568/564
f 1123/570/565 1108/555/550 1121/568/564
f 1114/561/556 1121/568/564 1108/555/550
f 1124/571/566 1126/573/567 1125/572/568
f 1127/574/569 1124/571/566 1125/572/568
f 1128/575/570 1124/571/566 1127/574/569
f 1127/574/569 1129/576/571 1128/575/570
f 1130/597/572 1132/598/573 1131/599/572
f 1133/600/574 1132/598/573 1130/597/572
f 1133/600/574 1134/601/572 1132/598/573
f 1135/602/572 1134/601/572 1133/600/574
f 1134/601/572 1135/602/572 1136/603/575
f 1136/603/575 1135/602/572 1137/604/575
f 1136/603/575 1137/604/575 1138/605/576
f 1138/605/576 1137/604/575 1139/606/576
f 1140/260/577 1142/259/578 1141/258/579
f 1143/261/580 1142/259/578 1140/260/577
f 1144/262/581 1143/261/580 1140/260/577
f 1145/263/582 1143/261/580 1144/262/581
f 1144/262/581 1146/264/583 1145/263/582
f 1147/265/584 1146/264/583 1144/262/581
f 1147/265/584 1148/266/585 1146/264/583
f 1146/264/583 1148/266/585 1149/267/586
f 1148/266/585 1150/268/587 1149/267/586
f 1151/269/588 1150/268/587 1148/266/585
f 1151/269/588 1152/270/589 1150/268/587
f 1153/271/590 1152/270/589 1151/269/588
f 1152/270/589 1153/271/590 1154/272/591
f 1154/272/591 1153/271/590 1155/273/592
f 1155/273/592 1156/274/593 1154/272/591
f 1157/275/593 1156/274/593 1155/273/592
f 1156/274/593 1157/275/593 1158/276/594
f 1158/276/594 1157/275/593 1159/277/595
f 1159/277/595 1160/278/596 1158/276/594
f 1158/276/594 1160/278/596 1161/279/597
f 1162/607/598 1164/608/599 1163/609/598
f 1163/609/598 1164/608/599 1165/610/599
f 1166/611/600 1165/610/599 1164/608/599
f 1167/612/600 1165/610/599 1166/611/600
f 1166/611/600 1168/613/601 1167/612/600
f 1167/612/600 1168/613/601 1169/614/601
f 1170/615/602 1169/614/601 1168/613/601
f 1171/616/603 1169/614/601 1170/615/602
f 1170/615/602 1172/617/604 1171/616/603
f 1173/618/605 1172/617/604 1170/615/602
f 1174/619/606 1172/617/604 1173/618/605
f 1175/620/606 1172/617/604 1174/619/606
f 1174/619/606 1176/621/607 1175/620/606
f 1175/620/606 1176/621/607 1177/622/607
f 1178/623/598 1177/622/607 1176/621/607
f 1179/624/608 1177/622/607 1178/623/598
f 1180/625/609 1182/626/610 1181/627/611
f 1183/628/609 1182/626/610 1180/625/609
f 1184/629/16 1183/628/609 1180/625/609
f 1185/630/16 1183/628/609 1184/629/16
f 1186/631/612 1185/630/16 1184/629/16
f 1187/632/613 1185/630/16 1186/631/612
f 1188/633/614 1187/632/613 1186/631/612
f 1189/634/614 1187/632/613 1188/633/614
f 1190/635/9 1189/634/614 1188/633/614
f 1191/636/9 1189/634/614 1190/635/9
f 1192/637/611 1191/636/9 1190/635/9
f 1193/638/611 1191/636/9 1192/637/611
f 1194/298/186 1196/295/3 1195/296/3
f 1197/297/186 1196/295/3 1194/298/186
f 1198/300/185 1197/297/186 1194/298/186
f 1199/299/184 1197/297/186 1198/300/185
f 1200/302/26 1199/299/184 1198/300/185
f 1201/301/26 1199/299/184 1200/302/26
f 1202/639/14 1204/640/16 1203/641/14
f 1205/642/16 1204/640/16 1202/639/14
f 1205/642/16 1206/643/14 1204/640/16
f 1207/644/16 1206/643/14 1205/642/16
f 1208/645/16 1206/643/14 1207/644/16
f 1209/646/16 1206/643/14 1208/645/16
f 1210/303/9 1212/305/9 1211/304/9
f 1211/304/9 1212/305/9 1213/306/9
f 1213/306/9 1212/305/9 1214/307/9
f 1215/517/615 1217/518/616 1216/519/615
f 1216/519/615 1217/518/616 1218/520/617
f 1219/521/618 1218/520/617 1217/518/616
f 1220/522/619 1218/520/617 1219/521/618
f 1219/521/618 1221/523/620 1220/522/619
f 1220/522/619 1221/523/620 1222/524/621
f 1221/523/620 1223/525/622 1222/524/621
f 1222/524/621 1223/525/622 1224/526/623
f 1223/525/622 1225/527/624 1224/526/623
f 1224/526/623 1225/527/624 1226/528/625
f 1227/529/626 1226/528/625 1225/527/624
f 1228/530/627 1226/528/625 1227/529/626
f 1227/529/626 1229/531/628 1228/530/627
f 1228/530/627 1229/531/628 1230/532/628
f 1229/531/628 1231/533/629 1230/532/628
f 1230/532/628 1231/533/629 1232/534/630
f 1232/534/630 1231/533/629 1233/535/631
f 1233/535/631 1231/533/629 1234/536/632
f 1235/537/633 1233/535/631 1234/536/632
f 1236/538/634 1233/535/631 1235/537/633
f 1236/538/634 1235/537/633 1237/539/635
f 1237/539/635 1235/537/633 1238/540/636
f 1237/539/635 1238/540/636 1239/541/637
f 1239/541/637 1238/540/636 1240/542/638
f 1240/542/638 1241/543/639 1239/541/637
f 1242/544/640 1241/543/639 1240/542/638
f 1242/544/640 1243/545/641 1241/543/639
f 1244/546/642 1243/545/641 1242/544/640
f 1245/547/643 1243/545/641 1244/546/642
f 1246/548/643 1243/545/641 1245/547/643
f 1247/549/644 1249/550/645 1248/551/646
f 1250/552/647 1247/549/644 1248/551/646
f 1251/553/648 1247/549/644 1250/552/647
f 1250/552/647 1252/554/649 1251/553/648
f 1252/554/649 1250/552/647 1253/555/650
f 1252/554/649 1253/555/650 1258/556/651
f 1254/557/652 1252/554/649 1255/558/653
f 1255/558/653 1252/554/649 1256/559/654
f 1256/559/654 1252/554/649 1257/560/655
f 1252/554/649 1258/556/651 1257/560/655
f 1259/561/656 1258/556/651 1253/555/650
f 1258/556/651 1259/561/656 1260/562/657
f 1260/562/657 1259/561/656 1261/563/658
f 1262/564/659 1260/562/657 1261/563/658
f 1263/565/660 1262/564/659 1261/563/658
f 1261/563/658 1259/561/656 1264/566/661
f 1259/561/656 1265/567/662 1264/566/661
f 1265/567/662 1266/568/663 1267/569/664
f 1259/561/656 1266/568/663 1265/567/662
f 1268/570/665 1266/568/663 1253/555/650
f 1259/561/656 1253/555/650 1266/568/663
f 1269/571/666 1271/572/667 1270/573/668
f 1269/571/666 1272/574/669 1271/572/667
f 1273/575/670 1272/574/669 1269/571/666
f 1272/574/669 1273/575/670 1274/576/671
f 1275/178/341 1277/175/334 1276/176/334
f 1278/177/341 1277/175/334 1275/178/341
f 1279/180/336 1278/177/341 1275/178/341
f 1280/179/336 1278/177/341 1279/180/336
f 1281/182/342 1280/179/336 1279/180/336
f 1282/181/345 1280/179/336 1281/182/342
f 1282/181/345 1281/182/342 1283/184/339
f 1283/184/339 1281/182/342 1284/183/339
f 1285/300/155 1287/301/1 1286/302/1
f 1288/299/155 1287/301/1 1285/300/155
f 1289/298/672 1288/299/155 1285/300/155
f 1290/297/154 1288/299/155 1289/298/672
f 1291/296/27 1290/297/154 1289/298/672
f 1292/295/346 1290/297/154 1291/296/27
f 1293/640/9 1295/639/9 1294/641/9
f 1296/642/9 1295/639/9 1293/640/9
f 1297/643/9 1296/642/9 1293/640/9
f 1298/644/9 1296/642/9 1297/643/9
f 1298/644/9 1297/643/9 1299/645/9
f 1299/645/9 1297/643/9 1300/646/9
f 1301/290/9 1303/292/9 1302/291/9
f 1304/293/9 1303/292/9 1301/290/9
f 1305/294/9 1303/292/9 1304/293/9
f 1306/647/9 1308/648/9 1307/649/9
f 1309/650/9 1308/648/9 1306/647/9
f 1310/651/9 1308/648/9 1309/650/9
f 1311/652/673 1313/653/674 1312/654/675
f 1311/652/673 1312/654/675 1314/655/676
f 1311/652/673 1314/655/676 1315/656/677
f 1315/656/677 1314/655/676 1316/657/678
f 1315/656/677 1316/657/678 1317/658/679
f 1318/659/679 1315/656/677 1317/658/679
f 1319/177/63 1321/176/1 1320/175/1
f 1322/178/63 1321/176/1 1319/177/63
f 1319/177/63 1323/179/64 1322/178/63
f 1322/178/63 1323/179/64 1324/180/64
f 1325/181/357 1324/180/64 1323/179/64
f 1326/182/358 1324/180/64 1325/181/357
f 1325/181/357 1327/183/4 1326/182/358
f 1328/184/4 1327/183/4 1325/181/357
f 1329/178/335 1331/175/334 1330/176/334
f 1332/177/335 1331/175/334 1329/178/335
f 1333/180/336 1332/177/335 1329/178/335
f 1334/179/336 1332/177/335 1333/180/336
f 1335/182/342 1334/179/336 1333/180/336
f 1336/181/345 1334/179/336 1335/182/342
f 1336/181/345 1335/182/342 1337/184/339
f 1337/184/339 1335/182/342 1338/183/339
f 1339/181/680 1341/183/681 1340/184/681
f 1342/182/682 1341/183/681 1339/181/680
f 1339/181/680 1343/179/281 1342/182/682
f 1342/182/682 1343/179/281 1344/180/281
f 1343/179/281 1345/178/280 1344/180/281
f 1346/177/280 1345/178/280 1343/179/281
f 1346/177/280 1347/422/683 1345/178/280
f 1348/423/684 1347/422/683 1346/177/280
f 1347/422/683 1348/423/684 1349/176/685
f 1349/176/685 1348/423/684 1350/175/685
f 1351/177/686 1353/176/1 1352/175/1
f 1354/178/63 1353/176/1 1351/177/686
f 1351/177/686 1355/179/64 1354/178/63
f 1354/178/63 1355/179/64 1356/180/64
f 1357/181/357 1356/180/64 1355/179/64
f 1358/182/358 1356/180/64 1357/181/357
f 1357/181/357 1359/183/4 1358/182/358
f 1360/184/4 1359/183/4 1357/181/357
f 1361/175/334 1363/178/335 1362/176/334
f 1364/177/687 1363/178/335 1361/175/334
f 1364/177/687 1365/180/336 1363/178/335
f 1366/179/336 1365/180/336 1364/177/687
f 1366/179/336 1367/182/337 1365/180/336
f 1368/181/338 1367/182/337 1366/179/336
f 1368/181/338 1369/184/339 1367/182/337
f 1367/182/337 1369/184/339 1370/183/339
f 1371/177/63 1373/176/1 1372/175/1
f 1374/178/63 1373/176/1 1371/177/63
f 1371/177/63 1375/179/64 1374/178/63
f 1374/178/63 1375/179/64 1376/180/64
f 1377/181/357 1376/180/64 1375/179/64
f 1378/182/358 1376/180/64 1377/181/357
f 1377/181/357 1379/183/4 1378/182/358
f 1380/184/4 1379/183/4 1377/181/357
f 1381/177/63 1383/176/1 1382/175/1
f 1384/178/63 1383/176/1 1381/177/63
f 1381/177/63 1385/179/64 1384/178/63
f 1384/178/63 1385/179/64 1386/180/64
f 1387/181/357 1386/180/64 1385/179/64
f 1388/182/358 1386/180/64 1387/181/357
f 1387/181/357 1389/183/4 1388/182/358
f 1390/184/4 1389/183/4 1387/181/357
f 1391/177/63 1393/176/1 1392/175/1
f 1394/178/63 1393/176/1 1391/177/63
f 1391/177/63 1395/179/64 1394/178/63
f 1394/178/63 1395/179/64 1396/180/64
f 1397/181/357 1396/180/64 1395/179/64
f 1398/182/358 1396/180/64 1397/181/357
f 1397/181/357 1399/183/4 1398/182/358
f 1400/184/4 1399/183/4 1397/181/357
f 1401/178/335 1403/175/334 1402/176/334
f 1404/177/341 1403/175/334 1401/178/335
f 1405/180/336 1404/177/341 1401/178/335
f 1406/179/336 1404/177/341 1405/180/336
f 1407/182/342 1406/179/336 1405/180/336
f 1408/181/345 1406/179/336 1407/182/342
f 1408/181/345 1407/182/342 1409/184/339
f 1409/184/339 1407/182/342 1410/183/339
f 1411/139/688 1413/392/689 1412/140/688
f 1412/140/688 1413/392/689 1414/393/690
f 1413/392/689 1415/394/691 1414/393/690
f 1414/393/690 1415/394/691 1416/395/692
f 1417/396/693 1416/395/692 1415/394/691
f 1418/397/693 1416/395/692 1417/396/693
f 1418/397/693 1417/396/693 1419/398/694
f 1419/398/694 1417/396/693 1420/399/695
f 1419/398/694 1420/399/695 1421/400/696
f 1421/400/696 1420/399/695 1422/401/697
f 1422/401/697 1423/402/698 1421/400/696
f 1424/403/699 1423/402/698 1422/401/697
f 1425/404/700 1423/402/698 1424/403/699
f 1426/405/700 1423/402/698 1425/404/700
f 1427/406/701 1426/405/700 1425/404/700
f 1428/407/701 1426/405/700 1427/406/701
f 1427/406/701 1429/408/702 1428/407/701
f 1430/409/702 1429/408/702 1427/406/701
f 1430/409/702 1431/410/703 1429/408/702
f 1429/408/702 1431/410/703 1432/411/703
f 1431/410/703 1433/144/704 1432/411/703
f 1432/411/703 1433/144/704 1434/143/704
f 1435/660/26 1437/661/26 1436/662/26
f 1438/663/26 1437/661/26 1435/660/26
f 1437/661/26 1438/663/26 1439/664/26
f 1439/664/26 1438/663/26 1440/665/26
f 1439/664/26 1440/665/26 1441/666/26
f 1441/666/26 1440/665/26 1442/667/26
f 1442/667/26 1443/668/26 1441/666/26
f 1444/669/26 1443/668/26 1442/667/26
f 1444/669/26 1445/670/26 1443/668/26
f 1446/671/26 1445/670/26 1444/669/26
f 1446/671/26 1447/672/26 1445/670/26
f 1445/670/26 1447/672/26 1448/673/26
f 1449/661/26 1451/660/26 1450/662/26
f 1452/663/26 1451/660/26 1449/661/26
f 1453/664/26 1452/663/26 1449/661/26
f 1454/665/26 1452/663/26 1453/664/26
f 1453/664/26 1455/666/26 1454/665/26
f 1454/665/26 1455/666/26 1456/667/26
f 1455/666/26 1457/668/26 1456/667/26
f 1456/667/26 1457/668/26 1458/669/26
f 1457/668/26 1459/670/26 1458/669/26
f 1458/669/26 1459/670/26 1460/671/26
f 1460/671/26 1459/670/26 1461/672/26
f 1461/672/26 1459/670/26 1462/673/26
f 1463/674/705 1465/675/706 1464/676/705
f 1466/677/706 1465/675/706 1463/674/705
f 1466/677/706 1467/678/706 1465/675/706
f 1468/679/707 1467/678/706 1466/677/706
f 1467/678/706 1468/679/707 1469/680/708
f 1468/679/707 1470/681/709 1469/680/708
f 1469/680/708 1470/681/709 1471/682/710
f 1470/681/709 1472/683/711 1471/682/710
f 1473/684/712 1472/683/711 1470/681/709
f 1474/685/713 1472/683/711 1473/684/712
f 1475/686/714 1474/685/713 1473/684/712
f 1476/687/715 1474/685/713 1475/686/714
f 1476/687/715 1475/686/714 1477/688/716
f 1477/688/716 1475/686/714 1478/689/717
f 1478/689/717 1479/690/718 1477/688/716
f 1477/688/716 1479/690/718 1480/691/719
f 1481/692/720 1472/683/711 1474/685/713
f 1482/693/721 1469/680/708 1471/682/710
f 1483/694/722 1485/695/723 1484/696/724
f 1486/697/725 1485/695/723 1483/694/722
f 1486/697/725 1487/698/726 1485/695/723
f 1488/699/727 1487/698/726 1486/697/725
f 1488/699/727 1489/700/728 1487/698/726
f 1487/698/726 1489/700/728 1490/701/728
f 1490/701/728 1489/700/728 1491/702/729
f 1491/702/729 1489/700/728 1492/703/728
f 1491/702/729 1492/703/728 1493/704/730
f 1493/704/730 1492/703/728 1494/705/731
f 1495/706/732 1493/704/730 1494/705/731
f 1496/707/733 1493/704/730 1495/706/732
f 1496/707/733 1495/706/732 1497/708/734
f 1497/708/734 1495/706/732 1498/709/734
f 1499/675/735 1501/674/736 1500/676/736
f 1502/677/737 1501/674/736 1499/675/735
f 1499/675/735 1503/678/738 1502/677/737
f 1502/677/737 1503/678/738 1504/710/739
f 1505/680/740 1504/710/739 1503/678/738
f 1504/710/739 1505/680/740 1506/681/741
f 1506/681/741 1505/680/740 1507/682/742
f 1508/693/743 1507/682/742 1505/680/740
f 1507/682/742 1509/684/744 1506/681/741
f 1510/683/745 1509/684/744 1507/682/742
f 1509/684/744 1510/683/745 1511/685/746
f 1511/685/746 1510/683/745 1512/692/747
f 1509/684/744 1511/685/746 1513/686/748
f 1513/686/748 1511/685/746 1514/687/749
f 1515/688/750 1513/686/748 1514/687/749
f 1516/689/751 1513/686/748 1515/688/750
f 1516/689/751 1515/688/750 1517/690/752
f 1517/690/752 1515/688/750 1518/691/752
f 1519/711/33 1521/712/753 1520/713/33
f 1522/714/754 1521/712/753 1519/711/33
f 1522/714/754 1523/715/755 1521/712/753
f 1524/716/756 1523/715/755 1522/714/754
f 1524/716/756 1525/717/757 1523/715/755
f 1526/718/758 1525/717/757 1524/716/756
f 1526/718/758 1527/719/759 1525/717/757
f 1525/717/757 1527/719/759 1528/720/760
f 1529/721/39 1531/722/39 1530/723/39
f 1532/724/39 1531/722/39 1529/721/39
f 1529/721/39 1533/725/39 1532/724/39
f 1532/724/39 1533/725/39 1534/726/39
f 1534/726/39 1533/725/39 1535/727/39
f 1535/727/39 1533/725/39 1536/728/271
f 1537/729/761 1539/730/762 1538/731/761
f 1538/731/761 1539/730/762 1540/732/762
f 1539/730/762 1541/733/763 1540/732/762
f 1540/732/762 1541/733/763 1542/734/764
f 1541/733/763 1543/735/765 1542/734/764
f 1542/734/764 1543/735/765 1544/736/766
f 1544/736/766 1543/735/765 1545/737/767
f 1545/737/767 1543/735/765 1546/738/768
f 1546/738/768 1547/739/769 1545/737/767
f 1545/737/767 1547/739/769 1548/740/769
f 1547/739/769 1549/741/770 1548/740/769
f 1548/740/769 1549/741/770 1550/742/770
f 1549/741/770 1551/743/771 1550/742/770
f 1550/742/770 1551/743/771 1552/744/771
f 1552/744/771 1551/743/771 1553/745/772
f 1553/745/772 1551/743/771 1554/746/772
f 1554/746/772 1555/747/773 1553/745/772
f 1553/745/772 1555/747/773 1556/748/773
f 1555/747/773 1557/749/774 1556/748/773
f 1556/748/773 1557/749/774 1558/750/774
f 1557/749/774 1559/751/775 1558/750/774
f 1558/750/774 1559/751/775 1560/752/775
f 1559/751/775 1561/753/776 1560/752/775
f 1560/752/775 1561/753/776 1562/754/777
f 1561/753/776 1563/755/778 1562/754/777
f 1562/754/777 1563/755/778 1564/756/778
f 1563/755/778 1565/757/779 1564/756/778
f 1564/756/778 1565/757/779 1566/758/779
f 1565/757/779 1567/759/780 1566/758/779
f 1566/758/779 1567/759/780 1568/760/781
f 1568/760/781 1567/759/780 1569/761/782
f 1569/761/782 1567/759/780 1570/762/782
f 1571/175/334 1573/178/341 1572/176/334
f 1574/177/687 1573/178/341 1571/175/334
f 1574/177/687 1575/180/336 1573/178/341
f 1576/179/336 1575/180/336 1574/177/687
f 1576/179/336 1577/182/337 1575/180/336
f 1578/181/338 1577/182/337 1576/179/336
f 1578/181/338 1579/184/339 1577/182/337
f 1577/182/337 1579/184/339 1580/183/339
f 1581/427/27 1583/428/27 1582/429/27
f 1584/426/346 1583/428/27 1581/427/27
f 1585/425/27 1584/426/346 1581/427/27
f 1586/424/346 1584/426/346 1585/425/27
f 1587/163/783 1589/165/784 1588/164/783
f 1588/164/783 1589/165/784 1590/166/784
f 1589/165/784 1591/167/785 1590/166/784
f 1590/166/784 1591/167/785 1592/168/785
f 1591/167/785 1593/169/786 1592/168/785
f 1592/168/785 1593/169/786 1594/170/786
f 1593/169/786 1595/171/787 1594/170/786
f 1594/170/786 1595/171/787 1596/172/788
f 1595/171/787 1597/173/789 1596/172/788
f 1596/172/788 1597/173/789 1598/174/789
f 1599/175/334 1601/178/335 1600/176/334
f 1602/177/687 1601/178/335 1599/175/334
f 1602/177/687 1603/180/336 1601/178/335
f 1604/179/336 1603/180/336 1602/177/687
f 1604/179/336 1605/182/337 1603/180/336
f 1606/181/338 1605/182/337 1604/179/336
f 1606/181/338 1607/184/339 1605/182/337
f 1605/182/337 1607/184/339 1608/183/339
f 1609/429/728 1611/426/790 1610/428/728
f 1612/427/728 1611/426/790 1609/429/728
f 1611/426/790 1612/427/728 1613/424/728
f 1613/424/728 1612/427/728 1614/425/728
f 1615/428/39 1617/426/39 1616/429/39
f 1616/429/39 1617/426/39 1618/427/39
f 1617/426/39 1619/424/39 1618/427/39
f 1618/427/39 1619/424/39 1620/425/39
f 1621/175/334 1623/178/341 1622/176/334
f 1624/177/335 1623/178/341 1621/175/334
f 1624/177/335 1625/180/336 1623/178/341
f 1626/179/336 1625/180/336 1624/177/335
f 1626/179/336 1627/182/337 1625/180/336
f 1628/181/338 1627/182/337 1626/179/336
f 1628/181/338 1629/184/339 1627/182/337
f 1627/182/337 1629/184/339 1630/183/340
f 1631/178/335 1633/175/334 1632/176/334
f 1634/177/341 1633/175/334 1631/178/335
f 1635/180/336 1634/177/341 1631/178/335
f 1636/179/336 1634/177/341 1635/180/336
f 1637/182/342 1636/179/336 1635/180/336
f 1638/181/345 1636/179/336 1637/182/342
f 1638/181/345 1637/182/342 1639/184/339
f 1639/184/339 1637/182/342 1640/183/339
f 1641/177/63 1643/176/1 1642/175/1
f 1644/178/63 1643/176/1 1641/177/63
f 1641/177/63 1645/179/64 1644/178/63
f 1644/178/63 1645/179/64 1646/180/64
f 1647/181/357 1646/180/64 1645/179/64
f 1648/182/358 1646/180/64 1647/181/357
f 1647/181/357 1649/183/4 1648/182/358
f 1650/184/4 1649/183/4 1647/181/357
f 1651/427/27 1653/428/27 1652/429/27
f 1654/426/27 1653/428/27 1651/427/27
f 1655/425/27 1654/426/27 1651/427/27
f 1656/424/346 1654/426/27 1655/425/27
f 1657/163/783 1659/165/784 1658/164/783
f 1658/164/783 1659/165/784 1660/166/784
f 1659/165/784 1661/167/785 1660/166/784
f 1660/166/784 1661/167/785 1662/168/785
f 1661/167/785 1663/169/791 1662/168/785
f 1662/168/785 1663/169/791 1664/170/786
f 1663/169/791 1665/171/788 1664/170/786
f 1664/170/786 1665/171/788 1666/172/788
f 1665/171/788 1667/763/789 1666/172/788
f 1666/172/788 1667/763/789 1668/174/789
f 1669/429/728 1671/426/728 1670/428/728
f 1672/427/728 1671/426/728 1669/429/728
f 1671/426/728 1672/427/728 1673/424/728
f 1673/424/728 1672/427/728 1674/425/728
f 1675/428/39 1677/426/39 1676/429/39
f 1676/429/39 1677/426/39 1678/427/39
f 1677/426/39 1679/424/39 1678/427/39
f 1678/427/39 1679/424/39 1680/425/39
f 1681/429/728 1683/426/728 1682/428/728
f 1684/427/728 1683/426/728 1681/429/728
f 1683/426/728 1684/427/728 1685/424/728
f 1685/424/728 1684/427/728 1686/425/728
f 1687/428/39 1689/426/39 1688/429/39
f 1688/429/39 1689/426/39 1690/427/39
f 1689/426/39 1691/424/39 1690/427/39
f 1690/427/39 1691/424/39 1692/425/39
f 1693/429/728 1695/426/728 1694/428/728
f 1696/427/728 1695/426/728 1693/429/728
f 1695/426/728 1696/427/728 1697/424/728
f 1697/424/728 1696/427/728 1698/425/728
f 1699/428/39 1701/426/39 1700/429/39
f 1700/429/39 1701/426/39 1702/427/39
f 1701/426/39 1703/424/39 1702/427/39
f 1702/427/39 1703/424/39 1704/425/39
f 1705/175/334 1707/178/335 1706/176/334
f 1708/177/687 1707/178/335 1705/175/334
f 1708/177/687 1709/180/336 1707/178/335
f 1710/179/336 1709/180/336 1708/177/687
f 1710/179/336 1711/182/337 1709/180/336
f 1712/181/338 1711/182/337 1710/179/336
f 1712/181/338 1713/184/339 1711/182/337
f 1711/182/337 1713/184/339 1714/183/340
f 1715/178/335 1717/175/334 1716/176/334
f 1718/177/335 1717/175/334 1715/178/335
f 1719/180/336 1718/177/335 1715/178/335
f 1720/179/336 1718/177/335 1719/180/336
f 1721/182/792 1720/179/336 1719/180/336
f 1722/181/345 1720/179/336 1721/182/792
f 1722/181/345 1721/182/792 1723/184/339
f 1723/184/339 1721/182/792 1724/183/339
f 1725/215/793 1727/216/794 1726/217/795
f 1727/216/794 1725/215/793 1728/214/796
f 1728/214/796 1725/215/793 1729/213/797
f 1730/212/798 1728/214/796 1729/213/797
f 1731/218/799 1733/220/800 1732/219/801
f 1734/221/802 1733/220/800 1731/218/799
f 1735/222/803 1733/220/800 1734/221/802
f 1736/223/804 1735/222/803 1734/221/802
f 1737/224/805 1736/223/804 1734/221/802
f 1737/224/805 1738/225/806 1736/223/804
f 1741/226/807 1738/225/806 1737/224/805
f 1739/227/808 1740/228/809 1737/224/805
f 1740/228/809 1741/226/807 1737/224/805
f 1741/226/807 1742/229/810 1738/225/806
f 1740/228/809 1743/230/811 1741/226/807
f 1742/229/810 1741/226/807 1745/231/812
f 1741/226/807 1743/230/811 1744/232/813
f 1745/231/812 1741/226/807 1744/232/813
f 1742/229/810 1745/231/812 1746/233/814
f 1747/234/815 1746/233/814 1745/231/812
f 1740/228/809 1748/235/816 1743/230/811
f 1749/236/817 1736/223/804 1738/225/806
f 1750/237/818 1736/223/804 1749/236/817
f 1750/237/818 1751/238/819 1736/223/804
f 1752/239/820 1736/223/804 1751/238/819
f 1753/519/821 1755/518/822 1754/517/823
f 1756/520/824 1755/518/822 1753/519/821
f 1755/518/822 1756/520/824 1757/521/825
f 1757/521/825 1756/520/824 1758/522/826
f 1757/521/825 1758/522/826 1759/523/827
f 1759/523/827 1758/522/826 1760/524/828
f 1759/523/827 1760/524/828 1761/525/829
f 1761/525/829 1760/524/828 1762/526/830
f 1761/525/829 1762/526/830 1763/527/831
f 1763/527/831 1762/526/830 1764/528/832
f 1764/528/832 1765/529/833 1763/527/831
f 1766/530/834 1765/529/833 1764/528/832
f 1766/530/834 1767/531/835 1765/529/833
f 1768/532/835 1767/531/835 1766/530/834
f 1767/531/835 1768/532/835 1769/533/836
f 1769/533/836 1768/532/835 1770/534/837
f 1770/534/837 1771/535/838 1769/533/836
f 1769/533/836 1771/535/838 1772/536/839
f 1771/535/838 1773/537/840 1772/536/839
f 1774/538/841 1773/537/840 1771/535/838
f 1775/539/842 1773/537/840 1774/538/841
f 1776/540/843 1773/537/840 1775/539/842
f 1775/539/842 1777/541/844 1776/540/843
f 1776/540/843 1777/541/844 1778/542/845
f 1779/543/846 1778/542/845 1777/541/844
f 1780/544/847 1778/542/845 1779/543/846
f 1779/543/846 1781/545/848 1780/544/847
f 1780/544/847 1781/545/848 1782/546/849
f 1782/546/849 1781/545/848 1783/547/850
f 1783/547/850 1781/545/848 1784/548/850
f 1785/549/851 1787/551/852 1786/550/853
f 1785/549/851 1788/552/854 1787/551/852
f 1789/553/855 1788/552/854 1785/549/851
f 1788/552/854 1789/553/855 1790/554/856
f 1790/554/856 1791/555/857 1788/552/854
f 1790/554/856 1796/556/858 1791/555/857
f 1792/557/859 1793/558/860 1790/554/856
f 1793/558/860 1794/559/861 1790/554/856
f 1794/559/861 1795/560/862 1790/554/856
f 1790/554/856 1795/560/862 1796/556/858
f 1797/561/863 1791/555/857 1796/556/858
f 1796/556/858 1798/562/864 1797/561/863
f 1798/562/864 1799/563/865 1797/561/863
f 1799/563/865 1798/562/864 1800/564/866
f 1801/565/867 1799/563/865 1800/564/866
f 1797/561/863 1799/563/865 1802/566/868
f 1797/561/863 1802/566/868 1803/567/869
f 1803/567/869 1805/569/870 1804/568/871
f 1797/561/863 1803/567/869 1804/568/871
f 1806/570/872 1791/555/857 1804/568/871
f 1797/561/863 1804/568/871 1791/555/857
f 1807/571/873 1809/573/874 1808/572/875
f 1810/574/876 1807/571/873 1808/572/875
f 1811/575/877 1807/571/873 1810/574/876
f 1810/574/876 1812/576/878 1811/575/877
f 1813/440/879 1815/438/880 1814/439/879
f 1816/437/880 1815/438/880 1813/440/879
f 1816/437/880 1817/436/881 1815/438/880
f 1818/435/882 1817/436/881 1816/437/880
f 1819/433/883 1817/436/881 1818/435/882
f 1820/434/883 1817/436/881 1819/433/883
f 1821/431/884 1820/434/883 1819/433/883
f 1822/432/885 1820/434/883 1821/431/884
f 1823/431/886 1825/433/887 1824/432/888
f 1824/432/888 1825/433/887 1826/434/887
f 1825/433/887 1827/435/8 1826/434/887
f 1826/434/887 1827/435/8 1828/436/8
f 1829/437/6 1828/436/8 1827/435/8
f 1830/438/889 1828/436/8 1829/437/6
f 1830/438/889 1829/437/6 1831/439/890
f 1831/439/890 1829/437/6 1832/440/890
f 1833/175/334 1835/178/341 1834/176/334
f 1836/177/335 1835/178/341 1833/175/334
f 1836/177/335 1837/180/336 1835/178/341
f 1838/179/336 1837/180/336 1836/177/335
f 1838/179/336 1839/182/337 1837/180/336
f 1840/181/338 1839/182/337 1838/179/336
f 1840/181/338 1841/184/339 1839/182/337
f 1839/182/337 1841/184/339 1842/183/340
f 1843/607/598 1845/608/599 1844/609/598
f 1844/609/598 1845/608/599 1846/610/599
f 1847/611/600 1846/610/599 1845/608/599
f 1848/612/600 1846/610/599 1847/611/600
f 1847/611/600 1849/613/601 1848/612/600
f 1848/612/600 1849/613/601 1850/614/891
f 1851/615/602 1850/614/891 1849/613/601
f 1852/616/603 1850/614/891 1851/615/602
f 1851/615/602 1853/617/604 1852/616/603
f 1854/618/605 1853/617/604 1851/615/602
f 1855/619/606 1853/617/604 1854/618/605
f 1856/620/606 1853/617/604 1855/619/606
f 1855/619/606 1857/621/607 1856/620/606
f 1856/620/606 1857/621/607 1858/622/607
f 1859/623/608 1858/622/607 1857/621/607
f 1860/624/608 1858/622/607 1859/623/608
f 1861/764/27 1863/765/27 1862/766/346
f 1861/764/27 1864/767/27 1863/765/27
f 1865/768/27 1864/767/27 1861/764/27
f 1865/768/27 1866/769/27 1864/767/27
f 1867/770/27 1866/769/27 1865/768/27
f 1867/770/27 1868/771/27 1866/769/27
f 1869/772/27 1868/771/27 1867/770/27
f 1869/772/27 1870/773/27 1868/771/27
f 1871/774/27 1870/773/27 1869/772/27
f 1872/775/27 1870/773/27 1871/774/27
f 1873/776/892 1875/777/892 1874/778/892
f 1874/778/892 1875/777/892 1876/779/892
f 1875/777/892 1877/780/892 1876/779/892
f 1877/780/892 1875/777/892 1878/781/892
f 1876/779/892 1877/780/892 1879/782/892
f 1879/782/892 1880/783/892 1876/779/892
f 1881/784/14 1883/785/14 1882/786/16
f 1884/787/14 1881/784/14 1882/786/16
f 1885/788/14 1881/784/14 1884/787/14
f 1886/789/14 1881/784/14 1885/788/14
f 1887/790/893 1889/791/894 1888/792/893
f 1890/793/895 1889/791/894 1887/790/893
f 1891/794/3 1889/791/894 1890/793/895
f 1892/795/3 1889/791/894 1891/794/3
f 1891/794/3 1893/796/4 1892/795/3
f 1894/797/4 1893/796/4 1891/794/3
f 1895/798/9 1897/799/9 1896/800/9
f 1898/801/9 1897/799/9 1895/798/9
f 1898/801/9 1899/802/9 1897/799/9
f 1897/799/9 1899/802/9 1900/803/9
f 1901/804/27 1903/805/27 1902/806/27
f 1902/806/27 1903/805/27 1904/807/27
f 1904/807/27 1903/805/27 1905/808/27
f 1905/808/27 1903/805/27 1906/809/27
f 1907/810/27 1905/808/27 1906/809/27
f 1908/811/27 1905/808/27 1907/810/27
f 1909/804/27 1911/806/27 1910/805/27
f 1910/805/27 1911/806/27 1912/807/27
f 1912/807/27 1913/808/27 1910/805/27
f 1910/805/27 1913/808/27 1914/809/27
f 1913/808/27 1915/810/27 1914/809/27
f 1916/811/27 1915/810/27 1913/808/27
f 1917/786/9 1919/785/9 1918/784/9
f 1920/787/9 1917/786/9 1918/784/9
f 1920/787/9 1918/784/9 1921/788/9
f 1921/788/9 1918/784/9 1922/789/9
f 1923/791/894 1925/790/893 1924/792/893
f 1926/793/896 1925/790/893 1923/791/894
f 1923/791/894 1927/794/3 1926/793/896
f 1928/795/3 1927/794/3 1923/791/894
f 1929/796/3 1927/794/3 1928/795/3
f 1930/797/3 1927/794/3 1929/796/3
f 1931/799/14 1933/798/14 1932/800/14
f 1934/801/16 1933/798/14 1931/799/14
f 1934/801/16 1931/799/14 1935/802/16
f 1931/799/14 1936/803/14 1935/802/16
f 1937/184/897 1939/183/897 1938/181/898
f 1938/181/898 1939/183/897 1940/182/899
f 1940/182/899 1941/180/900 1938/181/898
f 1938/181/898 1941/180/900 1942/179/900
f 1943/178/901 1942/179/900 1941/180/900
f 1944/177/902 1942/179/900 1943/178/901
f 1944/177/902 1943/178/901 1945/423/903
f 1945/423/903 1943/178/901 1946/422/904
f 1946/422/904 1947/176/905 1945/423/903
f 1945/423/903 1947/176/905 1948/175/905
f 1949/598/574 1951/597/572 1950/599/572
f 1952/600/573 1951/597/572 1949/598/574
f 1952/600/573 1949/598/574 1953/602/572
f 1953/602/572 1949/598/574 1954/601/572
f 1954/601/572 1955/604/575 1953/602/572
f 1956/603/575 1955/604/575 1954/601/572
f 1956/603/575 1957/605/576 1955/604/575
f 1955/604/575 1957/605/576 1958/606/576
f 1959/812/14 1961/813/14 1960/814/14
f 1960/814/14 1962/815/14 1959/812/14
f 1963/816/14 1962/815/14 1960/814/14
f 1963/816/14 1964/817/14 1962/815/14
f 1965/818/14 1963/816/14 1960/814/14
f 1966/819/9 1968/820/9 1967/821/9
f 1967/821/9 1969/822/9 1966/819/9
f 1966/819/9 1969/822/9 1970/823/9
f 1971/824/9 1966/819/9 1970/823/9
f 1969/822/9 1972/825/9 1970/823/9
f 1973/812/9 1975/814/9 1974/813/9
f 1976/815/9 1975/814/9 1973/812/9
f 1977/816/9 1975/814/9 1976/815/9
f 1977/816/9 1976/815/9 1978/817/9
f 1977/816/9 1979/818/9 1975/814/9
f 1980/819/14 1982/821/16 1981/820/14
f 1980/819/14 1983/822/14 1982/821/16
f 1984/823/14 1983/822/14 1980/819/14
f 1980/819/14 1985/824/14 1984/823/14
f 1983/822/14 1984/823/14 1986/825/16
f 1987/826/185 1989/827/185 1988/828/185
f 1988/828/185 1989/827/185 1990/829/185
f 1990/829/185 1989/827/185 1991/830/185
f 1991/830/185 1989/827/185 1992/831/184
f 1993/832/906 1995/833/906 1994/834/906
f 1994/834/906 1995/833/906 1996/835/906
f 1996/835/906 1995/833/906 1997/836/906
f 1997/836/906 1995/833/906 1998/837/906
f 1999/828/185 2001/827/185 2000/826/185
f 2002/829/185 2001/827/185 1999/828/185
f 2002/829/185 2003/830/185 2001/827/185
f 2001/827/185 2003/830/185 2004/831/184
f 2005/834/906 2007/833/906 2006/832/906
f 2008/835/906 2007/833/906 2005/834/906
f 2008/835/906 2009/836/906 2007/833/906
f 2007/833/906 2009/836/906 2010/837/906
f 2011/838/1 2013/839/1 2012/840/1
f 2014/841/1 2013/839/1 2011/838/1
f 2015/842/1 2013/839/1 2014/841/1
f 2016/843/1 2013/839/1 2015/842/1
f 2016/843/1 2015/842/1 2017/844/1
f 2017/844/1 2015/842/1 2018/845/1
f 2019/846/1 2021/847/1 2020/848/1
f 2022/849/1 2021/847/1 2019/846/1
f 2022/849/1 2019/846/1 2023/850/1
f 2023/850/1 2019/846/1 2024/851/1
f 2025/852/4 2027/853/3 2026/854/4
f 2026/854/4 2027/853/3 2028/855/3
f 2028/855/3 2027/853/3 2029/856/3
f 2029/856/3 2027/853/3 2030/857/4
f 2031/854/4 2033/853/4 2032/852/4
f 2034/855/4 2033/853/4 2031/854/4
f 2034/855/4 2035/856/3 2033/853/4
f 2033/853/4 2035/856/3 2036/857/4
f 2037/858/907 2039/859/908 2038/860/909
f 2038/860/909 2039/859/908 2040/861/908
f 2040/861/908 2039/859/908 2041/862/27
f 2041/862/27 2039/859/908 2042/863/27
f 2043/864/9 2045/865/910 2044/866/9
f 2046/867/911 2045/865/910 2043/864/9
f 2046/867/911 2047/868/912 2045/865/910
f 2045/865/910 2047/868/912 2048/869/912
f 2049/870/913 2051/871/914 2050/872/915
f 2052/873/916 2051/871/914 2049/870/913
f 2052/873/916 2049/870/913 2053/874/917
f 2053/874/917 2049/870/913 2054/875/918
f 2055/876/919 2054/875/918 2056/877/919
f 2053/874/917 2054/875/918 2055/876/919
f 2057/878/919 2053/874/917 2055/876/919
f 2058/879/919 2053/874/917 2057/878/919
f 2057/878/919 2059/880/919 2058/879/919
f 2060/881/919 2059/880/919 2057/878/919
f 2061/882/1 2063/883/1 2062/884/1
f 2064/885/1 2063/883/1 2061/882/1
f 2065/886/1 2064/885/1 2061/882/1
f 2065/886/1 2061/882/1 2066/887/1
f 2067/888/1 2064/885/1 2065/886/1
f 2068/889/1 2067/888/1 2065/886/1
f 2065/886/1 2069/890/1 2068/889/1
f 2068/889/1 2069/890/1 2070/891/1
f 2071/892/1 2067/888/1 2068/889/1
f 2068/889/1 2072/893/1 2071/892/1
f 2071/892/1 2072/893/1 2073/894/1
f 2073/894/1 2072/893/1 2074/895/1
f 2074/895/1 2072/893/1 2075/896/1
f 2075/896/1 2076/897/1 2074/895/1
f 2074/895/1 2076/897/1 2077/898/1
f 2071/892/1 2078/899/1 2067/888/1
f 2067/888/1 2078/899/1 2079/900/1
f 2064/885/1 2067/888/1 2080/901/1
f 2081/184/920 2083/182/921 2082/183/920
f 2084/181/922 2083/182/921 2081/184/920
f 2084/181/922 2085/179/923 2083/182/921
f 2083/182/921 2085/179/923 2086/180/924
f 2085/179/923 2087/177/925 2086/180/924
f 2086/180/924 2087/177/925 2088/178/926
f 2087/177/925 2089/422/927 2088/178/926
f 2090/423/928 2089/422/927 2087/177/925
f 2090/423/928 2091/175/929 2089/422/927
f 2089/422/927 2091/175/929 2092/176/929
f 2093/902/930 2095/903/931 2094/904/932
f 2096/905/933 2095/903/931 2093/902/930
f 2097/906/934 2095/903/931 2096/905/933
f 2098/907/935 2095/903/931 2097/906/934
f 2097/906/934 2099/908/936 2098/907/935
f 2100/909/937 2099/908/936 2097/906/934
f 2100/909/937 2101/910/938 2099/908/936
f 2102/911/939 2101/910/938 2100/909/937
f 2103/912/940 2101/910/938 2102/911/939
f 2104/913/941 2101/910/938 2103/912/940
f 2103/912/940 2105/914/942 2104/913/941
f 2106/915/943 2105/914/942 2103/912/940
f 2106/915/943 2107/916/944 2105/914/942
f 2105/914/942 2107/916/944 2108/917/945
f 2109/918/946 2108/917/945 2107/916/944
f 2110/919/947 2108/917/945 2109/918/946
f 2109/918/946 2111/920/948 2110/919/947
f 2112/921/949 2111/920/948 2109/918/946
f 2112/921/949 2113/922/950 2111/920/948
f 2111/920/948 2113/922/950 2114/923/951
f 2115/924/27 2117/925/27 2116/926/27
f 2116/926/27 2117/925/27 2118/927/27
f 2119/928/27 2116/926/27 2118/927/27
f 2120/929/27 2116/926/27 2119/928/27
f 2121/930/27 2120/929/27 2119/928/27
f 2122/931/27 2120/929/27 2121/930/27
f 2123/932/27 2122/931/27 2121/930/27
f 2124/933/27 2122/931/27 2123/932/27
f 2123/932/27 2125/934/27 2124/933/27
f 2124/933/27 2125/934/27 2126/935/27
f 2126/935/27 2125/934/27 2127/936/27
f 2127/936/27 2125/934/27 2128/937/27
f 2129/926/27 2131/925/27 2130/924/27
f 2132/927/27 2131/925/27 2129/926/27
f 2129/926/27 2133/928/346 2132/927/27
f 2134/929/27 2133/928/346 2129/926/27
f 2134/929/27 2135/930/27 2133/928/346
f 2136/931/27 2135/930/27 2134/929/27
f 2135/930/27 2136/931/27 2137/932/27
f 2137/932/27 2136/931/27 2138/933/27
f 2137/932/27 2138/933/27 2139/934/27
f 2139/934/27 2138/933/27 2140/935/27
f 2140/935/27 2141/936/27 2139/934/27
f 2139/934/27 2141/936/27 2142/937/27
f 2143/938/892 2145/939/892 2144/940/892
f 2144/940/892 2145/939/892 2146/941/892
f 2146/941/892 2145/939/892 2147/942/892
f 2147/942/892 2145/939/892 2148/943/892
f 2147/942/892 2148/943/892 2149/944/892
f 2149/944/892 2148/943/892 2150/945/892
f 2149/944/892 2150/945/892 2151/946/892
f 2151/946/892 2150/945/892 2152/947/892
f 2152/947/892 2153/948/892 2151/946/892
f 2154/949/892 2153/948/892 2152/947/892
f 2154/949/892 2155/950/892 2153/948/892
f 2156/951/892 2155/950/892 2154/949/892
f 2157/952/892 2155/950/892 2156/951/892
f 2158/953/892 2155/950/892 2157/952/892
f 2159/181/952 2161/183/953 2160/184/953
f 2162/182/954 2161/183/953 2159/181/952
f 2159/181/952 2163/180/901 2162/182/954
f 2164/179/901 2163/180/901 2159/181/952
f 2164/179/901 2165/178/955 2163/180/901
f 2166/177/956 2165/178/955 2164/179/901
f 2167/423/957 2165/178/955 2166/177/956
f 2168/422/958 2165/178/955 2167/423/957
f 2168/422/958 2167/423/957 2169/176/959
f 2169/176/959 2167/423/957 2170/175/960
f 2171/954/961 2173/955/962 2172/956/963
f 2172/956/963 2173/955/962 2174/957/964
f 2175/958/965 2174/957/964 2173/955/962
f 2175/958/965 2173/955/962 2176/959/966
f 2175/958/965 2176/959/966 2177/960/967
f 2177/960/967 2176/959/966 2178/961/966
f 2177/960/967 2178/961/966 2179/962/968
f 2177/960/967 2179/962/968 2180/963/969
f 2180/963/969 2181/964/970 2177/960/967
f 2182/965/971 2175/958/965 2181/964/970
f 2181/964/970 2175/958/965 2177/960/967
f 2182/965/971 2174/957/964 2175/958/965
f 2183/956/972 2185/955/973 2184/954/974
f 2186/957/975 2185/955/973 2183/956/972
f 2187/966/976 2185/955/973 2186/957/975
f 2186/957/975 2188/965/977 2187/966/976
f 2187/966/976 2188/965/977 2189/967/978
f 2189/967/978 2188/965/977 2190/964/979
f 2191/963/980 2189/967/978 2190/964/979
f 2189/967/978 2191/963/980 2192/962/981
f 2189/967/978 2192/962/981 2193/961/982
f 2193/961/982 2187/966/976 2189/967/978
f 2194/959/983 2187/966/976 2193/961/982
f 2187/966/976 2194/959/983 2185/955/973
f 2195/956/984 2197/955/985 2196/954/986
f 2198/957/987 2197/955/985 2195/956/984
f 2199/958/988 2197/955/985 2198/957/987
f 2200/965/989 2199/958/988 2198/957/987
f 2200/965/989 2201/964/990 2199/958/988
f 2199/958/988 2201/964/990 2202/960/991
f 2203/963/992 2202/960/991 2201/964/990
f 2202/960/991 2203/963/992 2204/962/993
f 2202/960/991 2204/962/993 2205/961/994
f 2206/959/994 2202/960/991 2205/961/994
f 2199/958/988 2206/959/994 2197/955/985
f 2199/958/988 2202/960/991 2206/959/994
f 2207/955/995 2209/956/996 2208/954/997
f 2210/957/998 2209/956/996 2207/955/995
f 2211/966/999 2210/957/998 2207/955/995
f 2211/966/999 2207/955/995 2212/959/1000
f 2212/959/1000 2213/961/1001 2211/966/999
f 2211/966/999 2213/961/1001 2214/967/983
f 2214/967/983 2213/961/1001 2215/962/1002
f 2214/967/983 2215/962/1002 2216/963/1003
f 2216/963/1003 2217/964/1004 2214/967/983
f 2218/965/1005 2214/967/983 2217/964/1004
f 2210/957/998 2211/966/999 2218/965/1005
f 2211/966/999 2214/967/983 2218/965/1005
f 2219/838/1 2221/839/1 2220/840/1
f 2222/841/1 2221/839/1 2219/838/1
f 2223/842/1 2221/839/1 2222/841/1
f 2224/843/1 2221/839/1 2223/842/1
f 2224/843/1 2223/842/1 2225/844/1
f 2225/844/1 2223/842/1 2226/845/1
f 2227/182/1006 2229/184/1007 2228/183/1007
f 2230/181/1008 2229/184/1007 2227/182/1006
f 2230/181/1008 2227/182/1006 2231/179/1009
f 2231/179/1009 2227/182/1006 2232/180/926
f 2231/179/1009 2232/180/926 2233/177/923
f 2233/177/923 2232/180/926 2234/178/924
f 2234/178/924 2235/422/1010 2233/177/923
f 2233/177/923 2235/422/1010 2236/423/1011
f 2236/423/1011 2235/422/1010 2237/175/1012
f 2237/175/1012 2235/422/1010 2238/176/1012
f 2239/968/1013 2241/969/1014 2240/970/4
f 2240/970/4 2241/969/1014 2242/971/1015
f 2241/969/1014 2243/972/1016 2242/971/1015
f 2242/971/1015 2243/972/1016 2244/973/1017
f 2243/972/1016 2245/974/1013 2244/973/1017
f 2244/973/1017 2245/974/1013 2246/975/4
f 2244/973/1017 2246/975/4 2247/976/1018
f 2247/976/1018 2246/975/4 2248/977/26
f 2247/976/1018 2248/977/26 2249/978/1019
f 2249/978/1019 2248/977/26 2250/979/1
f 2249/978/1019 2250/979/1 2251/980/1020
f 2251/980/1020 2250/979/1 2252/981/1021
f 2253/982/1022 2249/978/1019 2251/980/1020
f 2254/983/1023 2249/978/1019 2253/982/1022
f 2255/984/1024 2254/983/1023 2253/982/1022
f 2256/985/1 2254/983/1023 2255/984/1024
f 2256/985/1 2258/986/1025 2254/983/1023
f 2257/987/26 2258/986/1025 2256/985/1
f 2257/987/26 2242/971/1015 2258/986/1025
f 2242/971/1015 2244/973/1017 2258/986/1025
f 2258/986/1025 2244/973/1017 2247/976/1018
f 2258/986/1025 2247/976/1018 2254/983/1023
f 2240/970/4 2242/971/1015 2257/987/26
f 2254/983/1023 2247/976/1018 2249/978/1019
f 2259/968/1013 2261/970/4 2260/969/1026
f 2260/969/1026 2261/970/4 2262/971/1027
f 2261/970/4 2263/987/26 2262/971/1027
f 2262/971/1027 2263/987/26 2264/986/1028
f 2263/987/26 2265/985/1 2264/986/1028
f 2264/986/1028 2265/985/1 2266/983/1029
f 2265/985/1 2267/984/1021 2266/983/1029
f 2266/983/1029 2267/984/1021 2268/982/1030
f 2266/983/1029 2268/982/1030 2269/978/1031
f 2269/978/1031 2268/982/1030 2270/980/1032
f 2269/978/1031 2270/980/1032 2271/979/1
f 2271/979/1 2270/980/1032 2272/981/1024
f 2273/977/26 2269/978/1031 2271/979/1
f 2275/975/3 2274/976/1033 2273/977/26
f 2274/976/1033 2269/978/1031 2273/977/26
f 2277/974/1013 2276/973/1034 2275/975/3
f 2276/973/1034 2274/976/1033 2275/975/3
f 2278/972/1035 2276/973/1034 2277/974/1013
f 2260/969/1026 2262/971/1027 2278/972/1035
f 2278/972/1035 2262/971/1027 2276/973/1034
f 2262/971/1027 2264/986/1028 2276/973/1034
f 2276/973/1034 2264/986/1028 2274/976/1033
f 2264/986/1028 2266/983/1029 2274/976/1033
f 2274/976/1033 2266/983/1029 2269/978/1031
f 2279/988/1036 2281/989/1037 2280/990/1038
f 2282/991/1039 2281/989/1037 2279/988/1036
f 2283/992/1040 2282/991/1039 2279/988/1036
f 2284/993/1041 2282/991/1039 2283/992/1040
f 2282/991/1039 2284/993/1041 2285/994/1042
f 2285/994/1042 2284/993/1041 2286/995/1043
f 2285/994/1042 2286/995/1043 2287/996/1044
f 2287/996/1044 2286/995/1043 2288/997/1045
f 2288/997/1045 2289/998/1046 2287/996/1044
f 2287/996/1044 2289/998/1046 2290/999/1047
f 2291/1000/1048 2290/999/1047 2289/998/1046
f 2292/1001/1049 2290/999/1047 2291/1000/1048
f 2293/1002/1050 2292/1001/1049 2291/1000/1048
f 2294/1003/1051 2292/1001/1049 2293/1002/1050
f 2293/1002/1050 2295/1004/1052 2294/1003/1051
f 2296/1005/1053 2295/1004/1052 2293/1002/1050
f 2297/1006/1054 2295/1004/1052 2296/1005/1053
f 2298/1007/1055 2295/1004/1052 2297/1006/1054
f 2299/1008/1056 2298/1007/1055 2297/1006/1054
f 2300/1009/1057 2298/1007/1055 2299/1008/1056
f 2301/1010/1058 2300/1009/1057 2299/1008/1056
f 2302/1011/1059 2300/1009/1057 2301/1010/1058
f 2301/1010/1058 2303/1012/1060 2302/1011/1059
f 2304/1013/1061 2303/1012/1060 2301/1010/1058
f 2305/1014/1062 2303/1012/1060 2304/1013/1061
f 2306/1015/1063 2303/1012/1060 2305/1014/1062
f 2305/1014/1062 2307/1016/1064 2306/1015/1063
f 2306/1015/1063 2307/1016/1064 2308/1017/1065
f 2308/1017/1065 2307/1016/1064 2309/1018/1066
f 2309/1018/1066 2307/1016/1064 2310/1019/1067
f 2311/1020/1068 2309/1018/1066 2310/1019/1067
f 2312/1021/1069 2309/1018/1066 2311/1020/1068
f 2311/1020/1068 2313/1022/1070 2312/1021/1069
f 2314/1023/1071 2313/1022/1070 2311/1020/1068
f 2313/1022/1070 2314/1023/1071 2315/1024/1072
f 2315/1024/1072 2314/1023/1071 2316/1025/1073
f 2315/1024/1072 2316/1025/1073 2317/1026/1074
f 2317/1026/1074 2316/1025/1073 2318/1027/1075
f 2318/1027/1075 2319/1028/1076 2317/1026/1074
f 2317/1026/1074 2319/1028/1076 2320/1029/1077
f 2321/1030/1078 2320/1029/1077 2319/1028/1076
f 2322/1031/1079 2320/1029/1077 2321/1030/1078
f 2323/1032/1080 2322/1031/1079 2321/1030/1078
f 2324/1033/1081 2322/1031/1079 2323/1032/1080
f 2323/1032/1080 2325/1034/1082 2324/1033/1081
f 2326/1035/1083 2325/1034/1082 2323/1032/1080
f 2327/1036/1084 2324/1033/1081 2325/1034/1082
f 2328/1037/1085 2324/1033/1081 2327/1036/1084
f 2329/1038/1086 2324/1033/1081 2328/1037/1085
f 2329/1038/1086 2330/1039/1087 2322/1031/1079
f 2322/1031/1079 2324/1033/1081 2329/1038/1086
f 2331/1040/1088 2320/1029/1077 2330/1039/1087
f 2322/1031/1079 2330/1039/1087 2320/1029/1077
f 2315/1024/1072 2331/1040/1088 2332/1041/1089
f 2317/1026/1074 2331/1040/1088 2315/1024/1072
f 2317/1026/1074 2320/1029/1077 2331/1040/1088
f 2313/1022/1070 2332/1041/1089 2333/1042/1090
f 2315/1024/1072 2332/1041/1089 2313/1022/1070
f 2312/1021/1069 2333/1042/1090 2334/1043/1091
f 2313/1022/1070 2333/1042/1090 2312/1021/1069
f 2335/1044/1092 2309/1018/1066 2334/1043/1091
f 2334/1043/1091 2309/1018/1066 2312/1021/1069
f 2336/1045/1090 2308/1017/1065 2335/1044/1092
f 2335/1044/1092 2308/1017/1065 2309/1018/1066
f 2336/1045/1090 2337/1046/1093 2308/1017/1065
f 2337/1046/1093 2338/1047/1094 2306/1015/1063
f 2308/1017/1065 2337/1046/1093 2306/1015/1063
f 2339/1048/1095 2302/1011/1059 2338/1047/1094
f 2338/1047/1094 2302/1011/1059 2303/1012/1060
f 2306/1015/1063 2338/1047/1094 2303/1012/1060
f 2339/1048/1095 2300/1009/1057 2302/1011/1059
f 2340/1049/1096 2300/1009/1057 2339/1048/1095
f 2340/1049/1096 2341/1050/1097 2300/1009/1057
f 2341/1050/1097 2342/1051/1098 2298/1007/1055
f 2300/1009/1057 2341/1050/1097 2298/1007/1055
f 2343/1052/1099 2294/1003/1051 2342/1051/1098
f 2342/1051/1098 2294/1003/1051 2295/1004/1052
f 2298/1007/1055 2342/1051/1098 2295/1004/1052
f 2344/1053/1100 2294/1003/1051 2343/1052/1099
f 2344/1053/1100 2345/1054/1101 2292/1001/1049
f 2292/1001/1049 2294/1003/1051 2344/1053/1100
f 2346/1055/1102 2290/999/1047 2345/1054/1101
f 2292/1001/1049 2345/1054/1101 2290/999/1047
f 2285/994/1042 2346/1055/1102 2347/1056/1103
f 2287/996/1044 2346/1055/1102 2285/994/1042
f 2287/996/1044 2290/999/1047 2346/1055/1102
f 2282/991/1039 2347/1056/1103 2281/989/1037
f 2285/994/1042 2347/1056/1103 2282/991/1039
f 2348/1057/1104 2350/1058/1105 2349/1059/1106
f 2351/1060/1107 2350/1058/1105 2348/1057/1104
f 2351/1060/1107 2348/1057/1104 2352/1061/1108
f 2353/1062/932 2351/1060/1107 2352/1061/1108
f 2351/1060/1107 2353/1062/932 2354/1063/1109
f 2354/1063/1109 2353/1062/932 2355/1064/1110
f 2351/1060/1107 2354/1063/1109 2356/1065/1111
f 2357/1066/1112 2351/1060/1107 2356/1065/1111
f 2358/1067/1113 2351/1060/1107 2357/1066/1112
f 2358/1067/1113 2359/1068/1114 2351/1060/1107
f 2359/1068/1114 2360/1069/1115 2351/1060/1107
f 2350/1058/1105 2351/1060/1107 2360/1069/1115
f 2361/990/1116 2363/989/1117 2362/988/1118
f 2362/988/1118 2363/989/1117 2364/991/1119
f 2365/1056/1120 2364/991/1119 2363/989/1117
f 2366/994/1121 2364/991/1119 2365/1056/1120
f 2365/1056/1120 2367/1055/1122 2366/994/1121
f 2366/994/1121 2367/1055/1122 2368/996/1123
f 2367/1055/1122 2369/999/1124 2368/996/1123
f 2370/1054/1125 2369/999/1124 2367/1055/1122
f 2370/1054/1125 2371/1001/1126 2369/999/1124
f 2372/1053/1127 2371/1001/1126 2370/1054/1125
f 2372/1053/1127 2373/1003/1128 2371/1001/1126
f 2374/1052/1129 2373/1003/1128 2372/1053/1127
f 2375/1051/1130 2373/1003/1128 2374/1052/1129
f 2376/1004/1131 2373/1003/1128 2375/1051/1130
f 2375/1051/1130 2377/1007/1132 2376/1004/1131
f 2378/1050/1133 2377/1007/1132 2375/1051/1130
f 2378/1050/1133 2379/1009/1134 2377/1007/1132
f 2380/1049/1135 2379/1009/1134 2378/1050/1133
f 2381/1048/1136 2379/1009/1134 2380/1049/1135
f 2382/1011/1137 2379/1009/1134 2381/1048/1136
f 2383/1047/1138 2382/1011/1137 2381/1048/1136
f 2384/1012/1139 2382/1011/1137 2383/1047/1138
f 2383/1047/1138 2385/1015/1140 2384/1012/1139
f 2386/1046/1141 2385/1015/1140 2383/1047/1138
f 2385/1015/1140 2386/1046/1141 2387/1017/1142
f 2387/1017/1142 2386/1046/1141 2388/1045/1143
f 2389/1044/1144 2387/1017/1142 2388/1045/1143
f 2390/1018/1145 2387/1017/1142 2389/1044/1144
f 2391/1043/1146 2390/1018/1145 2389/1044/1144
f 2392/1021/1147 2390/1018/1145 2391/1043/1146
f 2391/1043/1146 2393/1042/1143 2392/1021/1147
f 2392/1021/1147 2393/1042/1143 2394/1022/1148
f 2395/1041/1149 2394/1022/1148 2393/1042/1143
f 2396/1024/1150 2394/1022/1148 2395/1041/1149
f 2395/1041/1149 2397/1040/1151 2396/1024/1150
f 2396/1024/1150 2397/1040/1151 2398/1026/1152
f 2397/1040/1151 2399/1029/1153 2398/1026/1152
f 2400/1039/1154 2399/1029/1153 2397/1040/1151
f 2400/1039/1154 2401/1031/1155 2399/1029/1153
f 2402/1038/1156 2401/1031/1155 2400/1039/1154
f 2402/1038/1156 2403/1033/1157 2401/1031/1155
f 2404/1037/1158 2403/1033/1157 2402/1038/1156
f 2405/1036/1159 2403/1033/1157 2404/1037/1158
f 2406/1034/1160 2403/1033/1157 2405/1036/1159
f 2403/1033/1157 2406/1034/1160 2407/1032/1161
f 2407/1032/1161 2406/1034/1160 2408/1035/1162
f 2409/1030/1163 2401/1031/1155 2407/1032/1161
f 2407/1032/1161 2401/1031/1155 2403/1033/1157
f 2399/1029/1153 2409/1030/1163 2410/1028/1164
f 2401/1031/1155 2409/1030/1163 2399/1029/1153
f 2398/1026/1152 2410/1028/1164 2411/1027/1165
f 2399/1029/1153 2410/1028/1164 2398/1026/1152
f 2412/1025/1166 2398/1026/1152 2411/1027/1165
f 2396/1024/1150 2398/1026/1152 2412/1025/1166
f 2412/1025/1166 2413/1023/1167 2396/1024/1150
f 2413/1023/1167 2414/1020/1168 2394/1022/1148
f 2396/1024/1150 2413/1023/1167 2394/1022/1148
f 2392/1021/1147 2414/1020/1168 2390/1018/1145
f 2394/1022/1148 2414/1020/1168 2392/1021/1147
f 2390/1018/1145 2414/1020/1168 2415/1019/1169
f 2415/1019/1169 2416/1016/1170 2390/1018/1145
f 2417/1014/1171 2385/1015/1140 2416/1016/1170
f 2416/1016/1170 2385/1015/1140 2387/1017/1142
f 2390/1018/1145 2416/1016/1170 2387/1017/1142
f 2418/1013/1172 2384/1012/1139 2417/1014/1171
f 2417/1014/1171 2384/1012/1139 2385/1015/1140
f 2418/1013/1172 2419/1010/1173 2384/1012/1139
f 2382/1011/1137 2419/1010/1173 2379/1009/1134
f 2384/1012/1139 2419/1010/1173 2382/1011/1137
f 2379/1009/1134 2419/1010/1173 2420/1008/1174
f 2377/1007/1132 2420/1008/1174 2421/1006/1175
f 2379/1009/1134 2420/1008/1174 2377/1007/1132
f 2376/1004/1131 2421/1006/1175 2422/1005/1176
f 2377/1007/1132 2421/1006/1175 2376/1004/1131
f 2423/1002/1177 2376/1004/1131 2422/1005/1176
f 2424/1000/1178 2371/1001/1126 2423/1002/1177
f 2423/1002/1177 2371/1001/1126 2373/1003/1128
f 2373/1003/1128 2376/1004/1131 2423/1002/1177
f 2369/999/1124 2424/1000/1178 2425/998/1179
f 2371/1001/1126 2424/1000/1178 2369/999/1124
f 2368/996/1123 2425/998/1179 2426/997/1180
f 2369/999/1124 2425/998/1179 2368/996/1123
f 2427/995/1181 2368/996/1123 2426/997/1180
f 2427/995/1181 2428/993/1182 2366/994/1121
f 2366/994/1121 2368/996/1123 2427/995/1181
f 2366/994/1121 2428/993/1182 2364/991/1119
f 2428/993/1182 2429/992/1183 2364/991/1119
f 2364/991/1119 2429/992/1183 2362/988/1118
f 2430/1070/1184 2432/1071/1185 2431/1072/1186
f 2433/1073/1187 2432/1071/1185 2430/1070/1184
f 2430/1070/1184 2437/1074/1188 2433/1073/1187
f 2434/1075/1189 2435/1076/1190 2430/1070/1184
f 2430/1070/1184 2435/1076/1190 2436/1077/1191
f 2430/1070/1184 2436/1077/1191 2437/1074/1188
f 2437/1074/1188 2438/1078/1192 2433/1073/1187
f 2437/1074/1188 2436/1077/1191 2439/1079/1193
f 2437/1074/1188 2440/1080/1194 2438/1078/1192
f 2437/1074/1188 2439/1079/1193 2441/1081/1195
f 2437/1074/1188 2442/1082/1196 2440/1080/1194
f 2437/1074/1188 2441/1081/1195 2442/1082/1196
f 2443/1083/1197 2445/1084/1198 2444/1085/1199
f 2444/1085/1199 2445/1084/1198 2446/1086/1200
f 2447/1087/1201 2446/1086/1200 2445/1084/1198
f 2448/1088/1202 2446/1086/1200 2447/1087/1201
f 2448/1088/1202 2447/1087/1201 2449/1089/1203
f 2449/1089/1203 2447/1087/1201 2450/1090/1204
f 2450/1090/1204 2451/1091/1205 2449/1089/1203
f 2452/1092/1206 2451/1091/1205 2450/1090/1204
f 2453/1093/1207 2451/1091/1205 2452/1092/1206
f 2454/1094/1208 2451/1091/1205 2453/1093/1207
f 2453/1093/1207 2455/1095/1209 2454/1094/1208
f 2456/1096/1210 2455/1095/1209 2453/1093/1207
f 2455/1095/1209 2456/1096/1210 2457/1097/1211
f 2457/1097/1211 2456/1096/1210 2458/1098/1212
f 2458/1098/1212 2459/1099/1213 2457/1097/1211
f 2457/1097/1211 2459/1099/1213 2460/1100/1214
f 2460/1100/1214 2459/1099/1213 2461/1101/1215
f 2461/1101/1215 2459/1099/1213 2462/1102/1216
f 2463/1103/1217 2461/1101/1215 2462/1102/1216
f 2464/1104/1218 2461/1101/1215 2463/1103/1217
f 2463/1103/1217 2465/1105/1219 2464/1104/1218
f 2464/1104/1218 2465/1105/1219 2466/1106/1220
f 2465/1105/1219 2467/1107/1221 2466/1106/1220
f 2468/1108/1222 2467/1107/1221 2465/1105/1219
f 2468/1108/1222 2469/1109/1223 2467/1107/1221
f 2470/1110/1197 2469/1109/1223 2468/1108/1222
f 2467/1107/1221 2469/1109/1223 2471/1111/1224
f 2471/1111/1224 2469/1109/1223 2472/1112/1225
f 2471/1111/1224 2472/1112/1225 2473/1113/1226
f 2473/1113/1226 2472/1112/1225 2474/1114/1227
f 2475/1115/1228 2473/1113/1226 2474/1114/1227
f 2476/1116/1229 2473/1113/1226 2475/1115/1228
f 2478/1117/1230 2477/1118/1231 2476/1116/1229
f 2476/1116/1229 2477/1118/1231 2473/1113/1226
f 2479/1119/1232 2477/1118/1231 2478/1117/1230
f 2480/1120/1233 2482/1121/1234 2479/1119/1232
f 2479/1119/1232 2482/1121/1234 2481/1122/1235
f 2481/1122/1235 2477/1118/1231 2479/1119/1232
f 2482/1121/1234 2480/1120/1233 2483/1123/1236
f 2483/1123/1236 2484/1124/1237 2482/1121/1234
f 2482/1121/1234 2484/1124/1237 2481/1122/1235
f 2485/1125/1238 2484/1124/1237 2483/1123/1236
f 2485/1125/1238 2461/1101/1215 2484/1124/1237
f 2461/1101/1215 2464/1104/1218 2484/1124/1237
f 2484/1124/1237 2464/1104/1218 2486/1126/1239
f 2481/1122/1235 2484/1124/1237 2486/1126/1239
f 2486/1126/1239 2464/1104/1218 2487/1127/1240
f 2481/1122/1235 2486/1126/1239 2477/1118/1231
f 2477/1118/1231 2486/1126/1239 2487/1127/1240
f 2487/1127/1240 2464/1104/1218 2466/1106/1220
f 2467/1107/1221 2487/1127/1240 2466/1106/1220
f 2471/1111/1224 2487/1127/1240 2467/1107/1221
f 2487/1127/1240 2471/1111/1224 2477/1118/1231
f 2488/1128/1225 2457/1097/1211 2485/1125/1238
f 2483/1123/1236 2488/1128/1225 2485/1125/1238
f 2485/1125/1238 2457/1097/1211 2460/1100/1214
f 2460/1100/1214 2461/1101/1215 2485/1125/1238
f 2491/1129/1241 2488/1128/1225 2489/1130/1242
f 2489/1130/1242 2488/1128/1225 2483/1123/1236
f 2488/1128/1225 2455/1095/1209 2457/1097/1211
f 2490/1131/1225 2455/1095/1209 2488/1128/1225
f 2490/1131/1225 2488/1128/1225 2491/1129/1241
f 2491/1129/1241 2492/1132/1243 2490/1131/1225
f 2491/1129/1241 2493/1133/1244 2492/1132/1243
f 2491/1129/1241 2489/1130/1242 2493/1133/1244
f 2492/1132/1243 2493/1133/1244 2494/1134/1207
f 2493/1133/1244 2489/1130/1242 2495/1135/1245
f 2489/1130/1242 2483/1123/1236 2495/1135/1245
f 2495/1135/1245 2483/1123/1236 2496/1136/1246
f 2483/1123/1236 2480/1120/1233 2496/1136/1246
f 2494/1134/1207 2497/1137/1247 2492/1132/1243
f 2497/1137/1247 2499/1138/1248 2498/1139/1249
f 2492/1132/1243 2497/1137/1247 2498/1139/1249
f 2500/1140/1250 2499/1138/1248 2501/1141/1251
f 2502/1142/1252 2499/1138/1248 2500/1140/1250
f 2498/1139/1249 2499/1138/1248 2502/1142/1252
f 2498/1139/1249 2502/1142/1252 2503/1143/1253
f 2503/1143/1253 2502/1142/1252 2504/1144/1254
f 2502/1142/1252 2500/1140/1250 2504/1144/1254
f 2504/1144/1254 2500/1140/1250 2505/1145/1255
f 2504/1144/1254 2505/1145/1255 2449/1089/1203
f 2504/1144/1254 2449/1089/1203 2503/1143/1253
f 2506/1146/1256 2446/1086/1200 2505/1145/1255
f 2505/1145/1255 2446/1086/1200 2448/1088/1202
f 2505/1145/1255 2500/1140/1250 2506/1146/1256
f 2449/1089/1203 2505/1145/1255 2448/1088/1202
f 2506/1146/1256 2444/1085/1199 2446/1086/1200
f 2507/1147/1225 2444/1085/1199 2506/1146/1256
f 2508/1148/1257 2507/1147/1225 2506/1146/1256
f 2506/1146/1256 2500/1140/1250 2508/1148/1257
f 2509/1149/1258 2507/1147/1225 2508/1148/1257
f 2508/1148/1257 2510/1150/1259 2509/1149/1258
f 2511/1151/1260 2510/1150/1259 2508/1148/1257
f 2500/1140/1250 2511/1151/1260 2508/1148/1257
f 2501/1141/1251 2511/1151/1260 2500/1140/1250
f 2503/1143/1253 2492/1132/1243 2498/1139/1249
f 2512/1152/1261 2492/1132/1243 2503/1143/1253
f 2503/1143/1253 2449/1089/1203 2451/1091/1205
f 2451/1091/1205 2512/1152/1261 2503/1143/1253
f 2454/1094/1208 2512/1152/1261 2451/1091/1205
f 2455/1095/1209 2512/1152/1261 2454/1094/1208
f 2490/1131/1225 2512/1152/1261 2455/1095/1209
f 2490/1131/1225 2492/1132/1243 2512/1152/1261
f 2477/1118/1231 2471/1111/1224 2473/1113/1226
f 2513/1153/9 2515/1154/9 2514/1155/9
f 2516/1156/16 2518/1157/16 2517/1158/16
f 2519/1159/14 2521/1160/14 2520/1161/14
f 2522/1162/9 2524/1163/9 2523/1164/9
f 2525/1165/906 2527/1166/906 2526/1167/906
f 2526/1167/906 2527/1166/906 2528/1168/906
f 2529/1169/185 2531/1170/185 2530/1171/185
f 2530/1171/185 2531/1170/185 2532/1172/185
f 2533/61/19 2535/63/19 2534/62/19
f 2534/62/19 2535/63/19 2536/64/19
f 2537/39/2 2539/40/2 2538/37/2
f 2538/37/2 2539/40/2 2540/38/2
f 2541/1165/906 2543/1167/906 2542/1166/906
f 2542/1166/906 2543/1167/906 2544/1168/906
f 2545/1169/185 2547/1171/185 2546/1170/185
f 2546/1170/185 2547/1171/185 2548/1172/185
f 2549/1173/1262 2551/1174/1262 2550/1175/1262
f 2550/1175/1262 2551/1174/1262 2552/1176/1262
f 2553/1177/1263 2555/1178/1263 2554/1179/1263
f 2554/1179/1263 2555/1178/1263 2556/1180/1263
f 2557/1181/185 2559/1182/184 2558/1183/184
f 2558/1183/184 2559/1182/184 2560/1184/184
f 2561/1185/906 2563/1186/906 2562/1187/906
f 2562/1187/906 2563/1186/906 2564/1188/906
f 2565/1189/19 2567/1190/1264 2566/1191/1264
f 2566/1191/1264 2567/1190/1264 2568/1192/19
f 2569/1193/906 2571/1194/906 2570/1195/906
f 2570/1195/906 2571/1194/906 2572/1196/906
f 2573/1197/185 2575/1198/184 2574/1199/184
f 2574/1199/184 2575/1198/184 2576/1200/185
f 2577/1193/906 2579/1195/906 2578/1194/906
f 2578/1194/906 2579/1195/906 2580/1196/906
f 2581/1197/184 2583/1199/185 2582/1198/185
f 2582/1198/185 2583/1199/185 2584/1200/185
f 2585/1201/1265 2587/1202/1265 2586/1203/1265
f 2586/1203/1265 2587/1202/1265 2588/1204/1266
f 2589/1205/1266 2591/1206/1265 2590/1207/1265
f 2590/1207/1265 2591/1206/1265 2592/1208/1266
f 2593/89/19 2595/91/19 2594/90/19
f 2594/90/19 2595/91/19 2596/92/19
f 2597/1201/1265 2599/1203/1265 2598/1202/1265
f 2598/1202/1265 2599/1203/1265 2600/1204/1265
f 2601/1205/1266 2603/1207/1265 2602/1206/1265
f 2602/1206/1265 2603/1207/1265 2604/1208/1266
f 2605/59/1 2607/60/1 2606/57/1
f 2606/57/1 2607/60/1 2608/58/1
f 2609/57/1 2611/58/1 2610/59/1
f 2612/60/1 2610/59/1 2611/58/1
f 2613/1209/1267 2615/1210/1267 2614/1211/1267
f 2616/1212/1268 2614/1211/1267 2615/1210/1267
f 2617/1213/1267 2614/1211/1267 2616/1212/1268
f 2616/1212/1268 2618/1214/1267 2617/1213/1267
f 2619/1215/26 2621/1216/26 2620/1217/26
f 2622/1218/26 2619/1215/26 2620/1217/26
f 2622/1218/26 2620/1217/26 2623/1219/26
f 2624/1220/1269 2626/1221/1269 2625/1222/1269
f 2626/1221/1269 2627/1223/1269 2625/1222/1269
f 2628/1224/1269 2627/1223/1269 2626/1221/1269
f 2627/1223/1269 2628/1224/1269 2629/1225/1269
f 2630/968/1270 2632/970/9 2631/969/1271
f 2631/969/1271 2632/970/9 2633/971/1272
f 2632/970/9 2634/987/286 2633/971/1272
f 2633/971/1272 2634/987/286 2635/986/1273
f 2634/987/286 2636/985/14 2635/986/1273
f 2635/986/1273 2636/985/14 2637/983/1274
f 2636/985/14 2638/984/1275 2637/983/1274
f 2637/983/1274 2638/984/1275 2639/982/1276
f 2637/983/1274 2639/982/1276 2640/978/1277
f 2640/978/1277 2639/982/1276 2641/980/1278
f 2640/978/1277 2641/980/1278 2642/979/16
f 2642/979/16 2641/980/1278 2643/981/1279
f 2644/977/26 2640/978/1277 2642/979/16
f 2645/975/9 2646/976/1280 2644/977/26
f 2646/976/1280 2640/978/1277 2644/977/26
f 2647/973/1281 2646/976/1280 2645/975/9
f 2647/973/1281 2635/986/1273 2646/976/1280
f 2635/986/1273 2637/983/1274 2646/976/1280
f 2646/976/1280 2637/983/1274 2640/978/1277
f 2648/972/1282 2633/971/1272 2647/973/1281
f 2633/971/1272 2635/986/1273 2647/973/1281
f 2648/972/1282 2647/973/1281 2649/974/1270
f 2649/974/1270 2647/973/1281 2645/975/9
f 2631/969/1271 2633/971/1272 2648/972/1282
f 2650/968/1275 2652/969/1283 2651/970/16
f 2651/970/16 2652/969/1283 2653/971/1284
f 2652/969/1283 2654/972/1285 2653/971/1284
f 2653/971/1284 2654/972/1285 2655/973/1286
f 2654/972/1285 2656/974/1279 2655/973/1286
f 2655/973/1286 2656/974/1279 2657/975/16
f 2655/973/1286 2657/975/16 2658/976/1287
f 2658/976/1287 2657/975/16 2659/977/26
f 2658/976/1287 2659/977/26 2660/978/1288
f 2660/978/1288 2659/977/26 2661/979/9
f 2660/978/1288 2661/979/9 2662/980/1289
f 2662/980/1289 2661/979/9 2663/981/1270
f 2664/982/1290 2660/978/1288 2662/980/1289
f 2666/984/1270 2665/983/1291 2664/982/1290
f 2665/983/1291 2660/978/1288 2664/982/1290
f 2667/985/9 2665/983/1291 2666/984/1270
f 2668/987/26 2669/986/1292 2667/985/9
f 2667/985/9 2669/986/1292 2665/983/1291
f 2668/987/26 2653/971/1284 2669/986/1292
f 2653/971/1284 2655/973/1286 2669/986/1292
f 2669/986/1292 2655/973/1286 2658/976/1287
f 2669/986/1292 2658/976/1287 2665/983/1291
f 2651/970/16 2653/971/1284 2668/987/26
f 2665/983/1291 2658/976/1287 2660/978/1288
f 2670/1226/1 2672/1227/1293 2671/1228/1
f 2673/1229/1294 2672/1227/1293 2670/1226/1
f 2674/1230/1295 2672/1227/1293 2673/1229/1294
f 2675/1231/1296 2674/1230/1295 2673/1229/1294
f 2675/1231/1296 2673/1229/1294 2676/1232/1297
f 2677/1233/1298 2675/1231/1296 2676/1232/1297
f 2676/1232/1297 2678/1234/1 2677/1233/1298
f 2677/1233/1298 2678/1234/1 2679/1235/1299
f 2677/1233/1298 2679/1235/1299 2680/1236/1300
f 2681/1237/1301 2677/1233/1298 2680/1236/1300
f 2682/1238/1302 2681/1237/1301 2680/1236/1300
f 2681/1237/1301 2682/1238/1302 2683/1239/1303
f 2684/1240/1304 2681/1237/1301 2683/1239/1303
f 2684/1240/1304 2683/1239/1303 2685/1241/1305
f 2684/1240/1304 2685/1241/1305 2686/1242/1306
f 2687/1243/1307 2684/1240/1304 2686/1242/1306
f 2687/1243/1307 2686/1242/1306 2688/1244/1308
f 2687/1243/1307 2688/1244/1308 2689/1245/1309
f 2689/1245/1309 2690/1246/1310 2687/1243/1307
f 2690/1246/1310 2689/1245/1309 2691/1247/1311
f 2690/1246/1310 2691/1247/1311 2692/1248/1312
f 2690/1246/1310 2692/1248/1312 2693/1249/1313
f 2693/1249/1313 2692/1248/1312 2694/1250/1314
f 2693/1249/1313 2694/1250/1314 2695/1251/1315
f 2693/1249/1313 2695/1251/1315 2696/1252/1316
f 2696/1252/1316 2695/1251/1315 2697/1253/1317
f 2697/1253/1317 2698/1254/1318 2696/1252/1316
f 2696/1252/1316 2698/1254/1318 2699/1255/1319
f 2699/1255/1319 2698/1254/1318 2700/1256/1299
f 2699/1255/1319 2700/1256/1299 2701/1257/1
f 2702/1258/1320 2699/1255/1319 2701/1257/1
f 2703/1259/1321 2702/1258/1320 2704/1260/1322
f 2699/1255/1319 2702/1258/1320 2703/1259/1321
f 2704/1260/1322 2671/1228/1 2672/1227/1293
f 2674/1230/1295 2704/1260/1322 2672/1227/1293
f 2703/1259/1321 2704/1260/1322 2674/1230/1295
f 2705/1261/1 2703/1259/1321 2674/1230/1295
f 2705/1261/1 2696/1252/1316 2703/1259/1321
f 2696/1252/1316 2699/1255/1319 2703/1259/1321
f 2705/1261/1 2674/1230/1295 2675/1231/1296
f 2705/1261/1 2675/1231/1296 2681/1237/1301
f 2705/1261/1 2681/1237/1301 2684/1240/1304
f 2705/1261/1 2684/1240/1304 2687/1243/1307
f 2687/1243/1307 2690/1246/1310 2705/1261/1
f 2705/1261/1 2690/1246/1310 2693/1249/1313
f 2705/1261/1 2693/1249/1313 2696/1252/1316
f 2681/1237/1301 2675/1231/1296 2677/1233/1298
f 2706/1262/1 2708/1263/1 2707/1264/1
f 2707/1264/1 2708/1263/1 2709/1265/1
f 2710/1266/26 2712/1267/26 2711/1268/26
f 2711/1268/26 2712/1267/26 2713/1269/26
f 2714/1270/27 2716/1271/27 2715/1272/27
f 2715/1272/27 2716/1271/27 2717/1273/27
f 2718/1274/9 2720/1275/9 2719/1276/9
f 2719/1276/9 2720/1275/9 2721/1277/9
f 2722/1278/14 2724/1279/14 2723/1280/14
f 2723/1280/14 2724/1279/14 2725/1281/14
f 2726/1282/1 2728/1283/1 2727/1284/1
f 2727/1284/1 2728/1283/1 2729/1285/1
f 2730/1286/27 2732/1287/27 2731/1288/27
f 2731/1288/27 2732/1287/27 2733/1289/27
f 2734/1288/26 2736/1289/26 2735/1286/26
f 2735/1286/26 2736/1289/26 2737/1287/26
f 2738/1290/9 2740/1291/9 2739/1292/9
f 2739/1292/9 2740/1291/9 2741/1293/9
f 2742/1282/1 2744/1283/1 2743/1284/1
f 2743/1284/1 2744/1283/1 2745/1285/1
f 2746/1286/26 2748/1287/26 2747/1288/26
f 2747/1288/26 2748/1287/26 2749/1289/26
f 2750/1288/27 2752/1289/27 2751/1286/27
f 2751/1286/27 2752/1289/27 2753/1287/27
f 2754/1294/9 2756/1295/9 2755/1296/9
f 2755/1296/9 2756/1295/9 2757/1297/9
f 2758/174/1323 2760/173/1323 2759/172/1324
f 2759/172/1324 2760/173/1323 2761/171/1324
f 2759/172/1324 2761/171/1324 2762/170/1325
f 2762/170/1325 2761/171/1324 2763/169/1325
f 2762/170/1325 2763/169/1325 2764/168/1326
f 2764/168/1326 2763/169/1325 2765/167/1327
f 2764/168/1326 2765/167/1327 2766/166/1328
f 2766/166/1328 2765/167/1327 2767/165/1328
f 2766/166/1328 2767/165/1328 2768/164/1329
f 2768/164/1329 2767/165/1328 2769/163/1330
f 2770/174/1331 2772/173/1331 2771/172/1332
f 2771/172/1332 2772/173/1331 2773/171/1332
f 2771/172/1332 2773/171/1332 2774/170/1333
f 2774/170/1333 2773/171/1332 2775/169/1334
f 2774/170/1333 2775/169/1334 2776/168/1335
f 2776/168/1335 2775/169/1334 2777/167/1335
f 2776/168/1335 2777/167/1335 2778/166/1336
f 2778/166/1336 2777/167/1335 2779/165/1336
f 2778/166/1336 2779/165/1336 2780/164/1337
f 2780/164/1337 2779/165/1336 2781/163/1337
f 2782/607/1338 2784/609/1339 2783/608/600
f 2783/608/600 2784/609/1339 2785/610/600
f 2785/610/600 2786/611/599 2783/608/600
f 2787/612/599 2786/611/599 2785/610/600
f 2786/611/599 2787/612/599 2788/613/1340
f 2788/613/1340 2787/612/599 2789/614/1341
f 2789/614/1341 2790/615/607 2788/613/1340
f 2791/616/607 2790/615/607 2789/614/1341
f 2791/616/607 2792/617/606 2790/615/607
f 2790/615/607 2792/617/606 2793/618/606
f 2792/617/606 2794/619/604 2793/618/606
f 2795/620/604 2794/619/604 2792/617/606
f 2794/619/604 2795/620/604 2796/621/602
f 2796/621/602 2795/620/604 2797/622/602
f 2797/622/602 2798/623/1338 2796/621/602
f 2799/624/1338 2798/623/1338 2797/622/602
f 2800/607/1338 2802/609/1339 2801/608/600
f 2801/608/600 2802/609/1339 2803/610/600
f 2803/610/600 2804/611/599 2801/608/600
f 2805/612/599 2804/611/599 2803/610/600
f 2804/611/599 2805/612/599 2806/613/1340
f 2806/613/1340 2805/612/599 2807/614/1341
f 2807/614/1341 2808/615/607 2806/613/1340
f 2809/616/607 2808/615/607 2807/614/1341
f 2809/616/607 2810/617/606 2808/615/607
f 2808/615/607 2810/617/606 2811/618/606
f 2810/617/606 2812/619/605 2811/618/606
f 2813/620/604 2812/619/605 2810/617/606
f 2812/619/605 2813/620/604 2814/621/602
f 2814/621/602 2813/620/604 2815/622/602
f 2815/622/602 2816/623/1338 2814/621/602
f 2817/624/1338 2816/623/1338 2815/622/602
f 2818/429/9 2820/426/9 2819/428/9
f 2821/427/9 2820/426/9 2818/429/9
f 2820/426/9 2821/427/9 2822/424/9
f 2822/424/9 2821/427/9 2823/425/9
f 2824/428/14 2826/1298/14 2825/429/14
f 2825/429/14 2826/1298/14 2827/427/16
f 2826/1298/14 2828/424/14 2827/427/16
f 2827/427/16 2828/424/14 2829/425/16
f 2830/429/14 2832/426/16 2831/428/14
f 2833/427/16 2832/426/16 2830/429/14
f 2832/426/16 2833/427/16 2834/424/16
f 2834/424/16 2833/427/16 2835/425/16
f 2836/428/9 2838/1298/9 2837/429/9
f 2837/429/9 2838/1298/9 2839/427/9
f 2838/1298/9 2840/424/9 2839/427/9
f 2839/427/9 2840/424/9 2841/425/9
f 2842/839/1 2844/838/1 2843/840/1
f 2845/841/1 2844/838/1 2842/839/1
f 2842/839/1 2846/842/1 2845/841/1
f 2847/843/1 2846/842/1 2842/839/1
f 2847/843/1 2848/844/1 2846/842/1
f 2846/842/1 2848/844/1 2849/845/1
f 2850/839/1 2852/838/1 2851/840/1
f 2853/841/1 2852/838/1 2850/839/1
f 2850/839/1 2854/842/1 2853/841/1
f 2855/843/1 2854/842/1 2850/839/1
f 2855/843/1 2856/844/1 2854/842/1
f 2854/842/1 2856/844/1 2857/845/1
f 2858/1262/1 2860/1263/1 2859/1264/1
f 2859/1264/1 2860/1263/1 2861/1265/1
f 2862/1266/27 2864/1267/27 2863/1268/27
f 2863/1268/27 2864/1267/27 2865/1269/27
f 2866/1270/26 2868/1271/26 2867/1272/26
f 2867/1272/26 2868/1271/26 2869/1273/26
f 2870/1274/14 2872/1275/14 2871/1276/14
f 2871/1276/14 2872/1275/14 2873/1277/14
f 2874/1278/9 2876/1279/9 2875/1280/9
f 2875/1280/9 2876/1279/9 2877/1281/9
f 2878/1294/16 2880/1295/14 2879/1296/14
f 2879/1296/14 2880/1295/14 2881/1297/16
f 2882/1290/14 2884/1291/14 2883/1292/14
f 2883/1292/14 2884/1291/14 2885/1293/16
f 2886/174/1331 2888/173/1331 2887/172/1332
f 2887/172/1332 2888/173/1331 2889/171/1332
f 2887/172/1332 2889/171/1332 2890/170/1333
f 2890/170/1333 2889/171/1332 2891/169/1334
f 2890/170/1333 2891/169/1334 2892/168/1335
f 2892/168/1335 2891/169/1334 2893/167/1335
f 2892/168/1335 2893/167/1335 2894/166/1336
f 2894/166/1336 2893/167/1335 2895/165/1336
f 2894/166/1336 2895/165/1336 2896/164/1337
f 2896/164/1337 2895/165/1336 2897/163/1337
f 2898/174/1323 2900/173/1323 2899/172/1324
f 2899/172/1324 2900/173/1323 2901/171/1324
f 2899/172/1324 2901/171/1324 2902/170/1325
f 2902/170/1325 2901/171/1324 2903/169/1325
f 2902/170/1325 2903/169/1325 2904/168/1326
f 2904/168/1326 2903/169/1325 2905/167/1327
f 2904/168/1326 2905/167/1327 2906/166/1328
f 2906/166/1328 2905/167/1327 2907/165/1328
f 2906/166/1328 2907/165/1328 2908/164/1329
f 2908/164/1329 2907/165/1328 2909/163/1330
f 2910/429/16 2912/426/14 2911/428/16
f 2913/427/14 2912/426/14 2910/429/16
f 2912/426/14 2913/427/14 2914/424/14
f 2914/424/14 2913/427/14 2915/425/14
f 2916/428/9 2918/1298/9 2917/429/9
f 2917/429/9 2918/1298/9 2919/427/9
f 2918/1298/9 2920/424/9 2919/427/9
f 2919/427/9 2920/424/9 2921/425/9
f 2922/429/9 2924/426/9 2923/428/9
f 2925/427/9 2924/426/9 2922/429/9
f 2924/426/9 2925/427/9 2926/424/9
f 2926/424/9 2925/427/9 2927/425/9
f 2928/428/14 2930/426/14 2929/429/16
f 2929/429/16 2930/426/14 2931/427/14
f 2930/426/14 2932/424/14 2931/427/14
f 2931/427/14 2932/424/14 2933/425/14
f 2934/1299/1342 2936/1300/1342 2935/1301/1342
f 2937/1302/1343 2939/1303/1343 2938/1304/1343
f 2940/1305/1344 2942/1306/1344 2941/1307/1344
f 2943/1308/1269 2945/1309/1269 2944/1310/1269
f 2946/1311/30 2948/1312/30 2947/1313/30
f 2949/1314/1345 2951/1315/1345 2950/1316/1345
f 2952/1317/1346 2954/1318/1346 2953/1319/1346
f 2955/1320/1347 2957/1321/1347 2956/1322/1347
