# Blender 5.2.2 LTS
# www.blender.org
mtllib shahed.mtl
o model_model_0.118
v 0.036340 0.103674 0.711374
v 0.029019 0.114855 0.788231
v 0.049919 0.126941 0.790708
v 0.059456 0.120742 0.718022
v 0.058362 0.101421 0.592884
v 0.036767 0.090508 0.608229
v 0.002253 0.086634 0.640405
v 0.010190 0.099589 0.727219
v 0.005070 0.110343 0.788326
v 0.012116 0.130555 0.870136
v 0.010190 0.099589 0.727219
v -0.016880 0.114739 0.803490
v -0.015214 0.131612 0.870665
v -0.024440 0.102160 0.725894
v -0.037475 0.094686 0.640600
v -0.019146 0.080181 0.546870
v -0.039626 0.088220 0.556139
v -0.055015 0.106563 0.645394
v -0.024440 0.102160 0.725894
v -0.052502 0.118997 0.737017
v -0.041647 0.126920 0.811456
v -0.016880 0.114739 0.803490
v -0.015214 0.131612 0.870665
v -0.009689 0.148261 0.914948
v -0.028829 0.138572 0.875944
v -0.022883 0.157647 0.919446
v -0.000492 0.164939 0.940715
v -0.015996 0.177670 0.942960
v -0.058817 0.097656 0.495402
v -0.068666 0.128708 0.689678
v -0.052502 0.118997 0.737017
v -0.074170 0.118664 0.576011
v -0.071642 0.110676 0.494113
v -0.081049 0.139875 0.630809
v -0.082947 0.121807 0.401302
v -0.091325 0.149239 0.533530
v -0.091405 0.167068 0.607592
v -0.093346 0.146820 0.400455
v -0.096380 0.172557 0.522074
v -0.096387 0.198947 0.469788
v -0.098299 0.191784 0.400455
v -0.091065 0.204812 0.591045
v -0.087132 0.192523 0.667040
v -0.079586 0.225263 0.662239
v -0.086481 0.225799 0.564482
v -0.066406 0.258300 0.595535
v -0.086850 0.233179 0.400209
v -0.071599 0.257938 0.448128
v -0.053885 0.275956 0.400614
v -0.090652 0.221222 0.397631
v -0.073388 0.250030 0.397732
v -0.021862 0.288144 0.400607
v -0.066406 0.258300 0.595535
v -0.049721 0.271524 0.607346
v -0.030849 0.280909 0.600712
v -0.034926 0.272473 0.693321
v -0.014092 0.286992 0.524304
v -0.000564 0.284965 0.621380
v 0.028251 0.284067 0.546870
v 0.008430 0.290562 0.402113
v -0.022116 0.270807 0.750024
v 0.011848 0.272436 0.753695
v 0.026875 0.279729 0.648190
v 0.039563 0.268395 0.722280
v 0.051787 0.274435 0.558514
v 0.033212 0.284740 0.397645
v 0.058486 0.271574 0.398188
v 0.060759 0.270249 0.395248
v 0.059557 0.270952 0.373038
v 0.024413 0.286652 0.372944
v 0.028729 0.254484 0.834391
v 0.003528 0.261697 0.823745
v 0.007706 0.245301 0.886756
v 0.028577 0.236169 0.892151
v 0.004578 0.227182 0.926557
v 0.004578 0.227182 0.926557
v -0.018719 0.250269 0.863676
v -0.013339 0.235532 0.907330
v -0.034463 0.233635 0.885597
v -0.029292 0.217536 0.920220
v -0.031653 0.246655 0.856594
v -0.034463 0.233635 0.885597
v -0.051343 0.241094 0.814664
v -0.041821 0.260342 0.761647
v -0.057970 0.256570 0.698527
v -0.067254 0.225169 0.776435
v -0.076806 0.200743 0.755897
v -0.063379 0.187686 0.847368
v -0.051619 0.208173 0.879275
v -0.044312 0.178054 0.902862
v -0.028807 0.203596 0.930924
v -0.063379 0.187686 0.847368
v -0.029292 0.217536 0.920220
v -0.033080 0.176034 0.923501
v -0.015996 0.177670 0.942960
v -0.007878 0.191937 0.949093
v -0.074075 0.168524 0.773444
v -0.077414 0.157552 0.730782
v -0.058578 0.144003 0.810160
v -0.074075 0.168524 0.773444
v -0.063379 0.187686 0.847368
v -0.044312 0.178054 0.902862
v -0.045760 0.158574 0.881245
v -0.033080 0.176034 0.923501
v -0.028829 0.138572 0.875944
v -0.022883 0.157647 0.919446
v -0.015996 0.177670 0.942960
v -0.041647 0.126920 0.811456
v -0.089899 0.139846 0.397225
v -0.071664 0.108163 0.397240
v -0.061315 0.096845 0.397899
v -0.034398 0.080377 0.401165
v -0.007226 0.073736 0.401773
v -0.024027 0.077400 0.397298
v 0.020698 0.075727 0.397942
v 0.007945 0.075416 0.475161
v -0.000470 0.078566 0.554684
v 0.020698 0.081253 0.560462
v 0.032466 0.082368 0.515252
v 0.055053 0.092746 0.479789
v 0.040975 0.082346 0.400709
v 0.072875 0.105947 0.400028
v 0.075859 0.110437 0.446201
v 0.077488 0.125355 0.606897
v 0.084491 0.127926 0.516737
v 0.091986 0.138376 0.400774
v 0.072875 0.105947 0.400028
v 0.079175 0.116658 0.397290
v 0.094325 0.153048 0.532096
v 0.098127 0.171804 0.398558
v 0.096758 0.205153 0.398884
v 0.097490 0.185694 0.543162
v 0.091805 0.181697 0.632026
v 0.091508 0.157560 0.598402
v 0.091573 0.200409 0.621699
v 0.092508 0.216674 0.532741
v 0.082601 0.226371 0.645047
v 0.083557 0.237596 0.548731
v 0.083810 0.241579 0.400412
v 0.070912 0.258641 0.536992
v 0.065619 0.265455 0.472779
v 0.058486 0.271574 0.398188
v 0.051787 0.274435 0.558514
v 0.069435 0.255324 0.613820
v 0.039563 0.268395 0.722280
v 0.059767 0.262544 0.645908
v 0.058746 0.253839 0.726415
v 0.072766 0.223706 0.749111
v 0.050585 0.243208 0.817416
v 0.050585 0.243208 0.817416
v 0.039374 0.245352 0.844573
v 0.046203 0.218210 0.885431
v 0.065850 0.212836 0.815881
v 0.067277 0.181045 0.826946
v 0.081268 0.186773 0.739320
v 0.046160 0.197643 0.901406
v 0.056632 0.161268 0.853154
v 0.018677 0.187599 0.944734
v 0.033009 0.168864 0.919605
v 0.024102 0.216682 0.927810
v 0.028577 0.236169 0.892151
v 0.037499 0.150810 0.887842
v 0.020937 0.176446 0.938658
v 0.056639 0.139542 0.809146
v 0.032415 0.130519 0.846716
v 0.017092 0.152201 0.917367
v 0.037499 0.150810 0.887842
v 0.072042 0.153859 0.765130
v 0.083419 0.164773 0.700801
v 0.078531 0.140020 0.670125
v 0.039374 0.245352 0.844573
v 0.028729 0.254484 0.834391
v 0.028577 0.236169 0.892151
v -0.009689 0.148261 0.914948
v 0.017092 0.152201 0.917367
v -0.000492 0.164939 0.940715
v -0.498539 0.212894 -0.725622
v -0.498930 0.213952 -0.654037
v -0.422920 0.212619 -0.719771
v -0.450243 0.214973 -0.631566
v -0.414758 0.213561 -0.646658
v -0.506012 0.214372 -0.635107
v -0.501645 0.210396 -0.749897
v -0.415881 0.210555 -0.749701
v -0.502312 0.209527 -0.763953
v -0.440901 0.208093 -0.774164
v -0.639500 0.214777 -0.631558
v -0.506012 0.214372 -0.635107
v -0.509438 0.211989 -0.739085
v -0.546878 0.210099 -0.752192
v -0.510770 0.207738 -0.777510
v -0.500668 0.206999 -0.785483
v -0.418205 0.207108 -0.787344
v -0.423550 0.207702 -0.779762
v -0.639240 0.213097 -0.714014
v -0.613980 0.210244 -0.752127
v -0.591190 0.204392 -0.801038
v -0.424412 0.198773 -0.814102
v -0.424412 0.198773 -0.814102
v -0.475401 0.194181 -0.818701
v -0.563164 0.193950 -0.820062
v -0.629050 0.199374 -0.814392
v -0.495990 0.165881 -0.772049
v -0.495483 0.126232 -0.775902
v -0.502652 0.129679 -0.768805
v -0.502652 0.129679 -0.768805
v -0.495483 0.126232 -0.775902
v -0.510249 0.125044 -0.774171
v -0.495483 0.126232 -0.775902
v -0.504347 0.134560 -0.789343
v -0.510249 0.125044 -0.774171
v -0.504347 0.134560 -0.789343
v -0.511176 0.167184 -0.773795
v -0.510249 0.125044 -0.774171
v -0.502167 0.169067 -0.787902
v -0.511176 0.167184 -0.773795
v -0.500856 0.165345 -0.763417
v -0.510249 0.125044 -0.774171
v -0.502652 0.129679 -0.768805
v -0.502652 0.129679 -0.768805
v -0.500856 0.165345 -0.763417
v -0.495990 0.165881 -0.772049
v -0.398819 0.141063 -0.774555
v -0.412810 0.135588 -0.777857
v -0.413404 0.139057 -0.772310
v -0.413404 0.139057 -0.772310
v -0.412810 0.135588 -0.777857
v -0.418828 0.131815 -0.767009
v -0.418655 0.158016 -0.786794
v -0.421276 0.130888 -0.780580
v -0.412810 0.135588 -0.777857
v -0.412810 0.135588 -0.777857
v -0.421276 0.130888 -0.780580
v -0.418828 0.131815 -0.767009
v -0.418828 0.131815 -0.767009
v -0.421276 0.130888 -0.780580
v -0.434956 0.141983 -0.771318
v -0.446094 0.148696 -0.769703
v -0.421276 0.130888 -0.780580
v -0.435419 0.162216 -0.773889
v -0.446094 0.148696 -0.769703
v -0.420067 0.167148 -0.779356
v -0.446094 0.148696 -0.769703
v -0.435419 0.162216 -0.773889
v -0.434956 0.141983 -0.771318
v -0.435419 0.162216 -0.773889
v -0.425302 0.165229 -0.771745
v -0.434956 0.141983 -0.771318
v -0.452865 0.166793 -0.776720
v -0.418828 0.131815 -0.767009
v -0.425302 0.165229 -0.771745
v -0.418879 0.164056 -0.762034
v -0.418828 0.131815 -0.767009
v -0.418828 0.131815 -0.767009
v -0.418879 0.164056 -0.762034
v -0.413404 0.139057 -0.772310
v -0.413404 0.139057 -0.772310
v -0.418879 0.164056 -0.762034
v -0.414809 0.165055 -0.772136
v -0.529142 0.151701 -0.753069
v -0.540939 0.159117 -0.743379
v -0.542337 0.140274 -0.741880
v -0.540939 0.159117 -0.743379
v -0.525102 0.141592 -0.740714
v -0.542337 0.140274 -0.741880
v -0.523219 0.162079 -0.743488
v -0.542337 0.140274 -0.741880
v -0.525102 0.141592 -0.740714
v -0.529142 0.151701 -0.753069
v -0.525102 0.141592 -0.740714
v -0.507700 0.135059 -0.742133
v -0.529142 0.151701 -0.753069
v -0.133248 0.121148 -0.842287
v -0.116346 0.117672 -0.841129
v -0.131677 0.132612 -0.841607
v -0.092173 0.145799 -0.840883
v -0.117642 0.151107 -0.840289
v -0.114622 0.163397 -0.844344
v -0.086220 0.163339 -0.843569
v -0.083722 0.153316 -0.841889
v -0.116049 0.150861 -0.729967
v -0.115499 0.148826 -0.722161
v -0.115745 0.145647 -0.728997
v -0.113920 0.126992 -0.730901
v -0.110618 0.128368 -0.720039
v -0.086336 0.149970 -0.775431
v -0.082831 0.162506 -0.785070
v -0.065856 0.149130 -0.778067
v -0.060106 0.172405 -0.789053
v -0.012520 0.238378 -0.865027
v -0.020414 0.236387 -0.844866
v -0.020291 0.222149 -0.839883
v -0.022919 0.200902 -0.822315
v -0.018357 0.199055 -0.836016
v -0.215884 0.248068 -0.221658
v -0.121473 0.252529 -0.120078
v -0.216818 0.250233 -0.168938
v -0.216623 0.241304 -0.291238
v -0.215877 0.243954 -0.265240
v -0.099632 0.241760 -0.273662
v -0.169073 0.224843 -0.408497
v -0.081998 0.252123 -0.162283
v -0.083207 0.243274 -0.271192
v -0.087154 0.235069 -0.368768
v -0.128925 0.223605 -0.431518
v -0.168190 0.222395 -0.464331
v -0.097749 0.226436 -0.457763
v -0.165047 0.220375 -0.557439
v -0.093165 0.222359 -0.532368
v -0.094888 0.219289 -0.584936
v -0.162396 0.217355 -0.634593
v -0.187185 0.221461 -0.623201
v -0.093252 0.216646 -0.694540
v -0.127752 0.215559 -0.695120
v -0.241310 0.216291 -0.637374
v -0.134812 0.215023 -0.706344
v -0.177025 0.223989 -0.554528
v -0.192761 0.225864 -0.485339
v -0.236842 0.225633 -0.586507
v -0.180247 0.226480 -0.412748
v -0.373364 0.226907 -0.523989
v -0.367752 0.220715 -0.621521
v -0.238182 0.221505 -0.621746
v -0.241310 0.216291 -0.637374
v -0.162396 0.217355 -0.634593
v -0.412477 0.214285 -0.633029
v -0.373212 0.221889 -0.409619
v -0.314590 0.225321 -0.413696
v -0.263028 0.226147 -0.416173
v -0.146769 0.210968 -0.750809
v -0.130467 0.213119 -0.729735
v -0.089233 0.229934 -0.418375
v -0.091897 0.224105 -0.486875
v -0.093165 0.222359 -0.532368
v -0.078732 0.257663 -0.064381
v -0.113109 0.257453 0.031761
v -0.074705 0.262283 0.036910
v -0.070759 0.265484 0.141691
v -0.186961 0.256273 0.059475
v -0.147746 0.260878 0.144747
v -0.226501 0.251768 0.061264
v -0.258582 0.246402 0.061177
v -0.268793 0.249914 0.046512
v -0.279822 0.232737 0.101159
v -0.282226 0.242491 0.054203
v -0.226501 0.251768 0.061264
v -0.208903 0.258735 0.043876
v -0.186961 0.256273 0.059475
v -0.189039 0.257562 -0.018475
v -0.186961 0.256273 0.059475
v -0.265462 0.252825 -0.021184
v -0.241426 0.251833 -0.034016
v -0.282255 0.249067 -0.046465
v -0.282255 0.249067 -0.046465
v -0.260798 0.250211 -0.044894
v -0.268699 0.250479 -0.073962
v -0.217173 0.253036 -0.076888
v -0.186330 0.254426 -0.032423
v -0.282226 0.242491 0.054203
v -0.356563 0.233758 -0.015144
v -0.364848 0.239566 -0.074129
v -0.282255 0.249067 -0.046465
v -0.305147 0.248068 -0.073940
v -0.268699 0.250479 -0.073962
v -0.290460 0.256258 -0.108266
v -0.325663 0.246178 -0.116862
v -0.384509 0.241210 -0.157359
v -0.268699 0.250479 -0.073962
v -0.243338 0.257098 -0.089822
v -0.219230 0.253412 -0.148060
v -0.217173 0.253036 -0.076888
v -0.242961 0.257410 -0.123800
v -0.217173 0.253036 -0.076888
v -0.249631 0.254564 -0.187890
v -0.253433 0.260466 -0.124843
v -0.255395 0.257685 -0.170046
v -0.264737 0.261660 -0.182154
v -0.259661 0.259220 -0.117435
v -0.274963 0.262312 -0.130549
v -0.313743 0.252818 -0.194762
v -0.235336 0.254245 -0.235259
v -0.259147 0.245352 -0.285835
v -0.216623 0.241304 -0.291238
v -0.327705 0.252927 -0.236591
v -0.331304 0.249813 -0.168446
v -0.321709 0.244910 -0.278963
v -0.368288 0.242252 -0.222933
v -0.393844 0.235959 -0.292512
v -0.446840 0.232020 -0.288283
v -0.373212 0.221889 -0.409619
v -0.445645 0.226111 -0.353271
v -0.322034 0.240167 -0.291571
v -0.290902 0.239493 -0.307329
v -0.216623 0.241304 -0.291238
v -0.316024 0.222830 -0.409163
v -0.235944 0.223786 -0.410821
v -0.475734 0.237408 -0.253602
v -0.447556 0.234518 -0.224084
v -0.478646 0.229565 -0.186999
v -0.484207 0.230050 -0.228944
v -0.475734 0.237408 -0.253602
v -0.477733 0.220831 -0.128044
v -0.325663 0.246178 -0.116862
v -0.081694 0.202727 -0.731169
v -0.082201 0.218782 -0.728099
v -0.078920 0.206290 -0.745284
v -0.082201 0.218782 -0.728099
v -0.064842 0.202249 -0.737093
v -0.078920 0.206290 -0.745284
v -0.078920 0.206290 -0.745284
v -0.064842 0.202249 -0.737093
v -0.081694 0.202727 -0.731169
v -0.031914 0.198918 -0.733371
v -0.044210 0.207557 -0.738230
v -0.031914 0.198918 -0.733371
v -0.064842 0.202249 -0.737093
v -0.084663 0.203603 -0.708430
v -0.095627 0.176946 -0.702477
v -0.090203 0.186831 -0.707192
v -0.095627 0.176946 -0.702477
v -0.088407 0.170885 -0.710465
v -0.090203 0.186831 -0.707192
v -0.090203 0.186831 -0.707192
v -0.088407 0.170885 -0.710465
v -0.093208 0.174991 -0.707988
v -0.047216 0.292532 -0.660055
v -0.036831 0.291736 -0.511598
v -0.051604 0.283154 -0.528978
v -0.067167 0.271198 -0.588904
v -0.064082 0.279157 -0.662343
v -0.042878 0.296443 -0.663191
v -0.076219 0.258547 -0.578874
v -0.072736 0.264137 -0.663871
v -0.042878 0.296443 -0.663191
v -0.049547 0.289925 -0.694287
v -0.070201 0.266389 -0.693744
v -0.084417 0.241412 -0.691311
v -0.084381 0.241796 -0.483609
v -0.094888 0.219289 -0.584936
v -0.093252 0.216646 -0.694540
v -0.093165 0.222359 -0.532368
v -0.091897 0.224105 -0.486875
v -0.089233 0.229934 -0.418375
v -0.087154 0.235069 -0.368768
v -0.085836 0.237386 -0.337114
v -0.077805 0.252753 -0.358869
v -0.079891 0.252087 -0.424269
v -0.062988 0.271654 -0.357449
v -0.083207 0.243274 -0.271192
v -0.070310 0.265361 -0.390769
v -0.081875 0.244787 -0.202909
v -0.065523 0.266245 -0.120954
v -0.067833 0.264760 -0.213446
v -0.081028 0.246532 -0.122120
v -0.079529 0.247677 -0.064128
v -0.076755 0.251022 -0.001609
v -0.068811 0.261052 0.064994
v -0.074749 0.254194 0.049858
v -0.071773 0.258575 0.108560
v -0.069021 0.261487 0.168066
v -0.051879 0.276332 0.064407
v -0.069882 0.260263 0.286237
v -0.058028 0.271813 0.372719
v -0.057926 0.273617 -0.059421
v -0.031798 0.287832 -0.057530
v -0.049678 0.280858 -0.102596
v -0.026511 0.293126 -0.062267
v -0.023108 0.293452 -0.134228
v -0.026511 0.293126 -0.062267
v 0.004295 0.296921 -0.126016
v -0.009848 0.296414 -0.215670
v -0.037736 0.288404 -0.216082
v -0.055609 0.276847 -0.190367
v -0.026989 0.292025 -0.219377
v -0.055109 0.276028 -0.220196
v -0.050257 0.280525 -0.354017
v -0.038113 0.289237 -0.357384
v -0.017560 0.295501 -0.354372
v 0.012565 0.296733 -0.355979
v 0.018040 0.299195 -0.525886
v -0.021189 0.296363 -0.357109
v -0.006604 0.300187 -0.488178
v 0.017345 0.294647 -0.217871
v 0.032582 0.290932 -0.356443
v 0.050085 0.283581 -0.496144
v 0.042409 0.284870 -0.217183
v 0.046109 0.283444 -0.356276
v 0.034798 0.292771 -0.520375
v 0.051012 0.286319 -0.607059
v 0.042155 0.295262 -0.660258
v 0.062476 0.280142 -0.662430
v 0.020263 0.305415 -0.662865
v 0.043314 0.295139 -0.663553
v 0.060817 0.279816 -0.665544
v 0.052612 0.287398 -0.700645
v 0.029620 0.302454 -0.697343
v 0.007272 0.309138 -0.688863
v -0.003750 0.307979 -0.662611
v -0.024911 0.304908 -0.691361
v -0.007632 0.306024 -0.703513
v -0.025106 0.304315 -0.663227
v -0.042878 0.296443 -0.663191
v -0.049547 0.289925 -0.694287
v -0.041082 0.290541 -0.706851
v -0.007632 0.306024 -0.703513
v -0.017568 0.299991 -0.538979
v -0.021189 0.296363 -0.357109
v -0.000941 0.306849 -0.622999
v -0.000941 0.306849 -0.622999
v 0.075605 0.261545 -0.691173
v 0.073621 0.264615 -0.661344
v 0.076047 0.258670 -0.609239
v 0.095172 0.218058 -0.608189
v 0.094021 0.217094 -0.682113
v 0.094072 0.213264 -0.695764
v 0.088220 0.234634 -0.555266
v 0.080153 0.248575 -0.449522
v 0.086982 0.235590 -0.367320
v 0.088959 0.229847 -0.415869
v 0.092095 0.224966 -0.482595
v 0.093811 0.221519 -0.542492
v 0.078053 0.252377 -0.360042
v 0.084817 0.239812 -0.305924
v 0.075439 0.254535 -0.226612
v 0.082659 0.242651 -0.227293
v 0.080392 0.246424 -0.147227
v 0.075656 0.252558 0.025359
v 0.079711 0.247720 -0.071348
v 0.064054 0.266006 0.052697
v 0.056914 0.273537 -0.059870
v 0.064750 0.267237 -0.111033
v 0.051200 0.279736 -0.097295
v 0.056914 0.273537 -0.059870
v 0.066821 0.265499 -0.216575
v 0.052316 0.279584 -0.214967
v 0.062374 0.270720 -0.354372
v 0.041105 0.285167 -0.060608
v 0.026730 0.292098 -0.100677
v 0.034399 0.286377 -0.057349
v 0.015882 0.292301 -0.057205
v 0.004969 0.297326 -0.063070
v 0.052316 0.279584 -0.214967
v 0.014789 0.296363 -0.212787
v 0.059717 0.269322 0.220453
v 0.034399 0.286377 -0.057349
v 0.069790 0.258945 0.204637
v 0.071970 0.257504 0.102086
v 0.073382 0.254491 0.063668
v 0.078878 0.254643 -0.531404
v 0.071600 0.263297 -0.380384
v 0.064105 0.271068 -0.357384
v 0.064040 0.272436 -0.500576
v 0.068110 0.270575 -0.591243
v 0.014789 0.296363 -0.212787
v 0.004969 0.297326 -0.063070
v 0.012290 0.138152 -0.883348
v 0.020937 0.149876 -0.882581
v 0.008829 0.150347 -0.882067
v 0.008829 0.150347 -0.882067
v 0.020937 0.149876 -0.882581
v 0.010306 0.162846 -0.893552
v 0.020937 0.149876 -0.882581
v 0.038295 0.158820 -0.887817
v 0.010306 0.162846 -0.893552
v 0.035855 0.176005 -0.897803
v 0.080595 0.176215 -0.757030
v 0.084578 0.171341 -0.761715
v 0.082478 0.175693 -0.742314
v 0.047101 0.211830 -0.790328
v 0.058515 0.236387 -0.781044
v 0.066336 0.219310 -0.781000
v 0.062403 0.196738 -0.789502
v 0.069652 0.232512 -0.776749
v 0.069652 0.232512 -0.776749
v 0.085287 0.232056 -0.778422
v 0.066336 0.219310 -0.781000
v 0.083397 0.204899 -0.790147
v 0.090639 0.219803 -0.778161
v 0.085287 0.232056 -0.778422
v 0.097533 0.212018 -0.784339
v 0.115153 0.142156 -0.774186
v 0.122800 0.166836 -0.787445
v 0.121373 0.137630 -0.775641
v 0.124343 0.161137 -0.786272
v 0.138109 0.127072 -0.843316
v 0.119679 0.116173 -0.842295
v 0.129484 0.123617 -0.821091
v 0.119679 0.116173 -0.842295
v 0.117716 0.121177 -0.821192
v 0.129484 0.123617 -0.821091
v 0.117716 0.121177 -0.821192
v 0.134633 0.133140 -0.822365
v 0.129484 0.123617 -0.821091
v 0.129484 0.123617 -0.821091
v 0.134633 0.133140 -0.822365
v 0.138109 0.127072 -0.843316
v 0.134633 0.133140 -0.822365
v 0.128579 0.137203 -0.840455
v 0.138109 0.127072 -0.843316
v 0.124581 0.145886 -0.819454
v 0.138109 0.127072 -0.843316
v 0.128579 0.137203 -0.840455
v 0.119679 0.116173 -0.842295
v 0.094702 0.145314 -0.839231
v 0.090321 0.128397 -0.795839
v 0.095506 0.133611 -0.798409
v 0.090009 0.141135 -0.826949
v 0.095506 0.133611 -0.798409
v 0.098851 0.141563 -0.820265
v 0.090009 0.141135 -0.826949
v 0.090820 0.132366 -0.785150
v 0.122307 0.132699 -0.787170
v 0.121772 0.133242 -0.791414
v 0.124581 0.145886 -0.819454
v 0.094702 0.145314 -0.839231
v 0.094702 0.145314 -0.839231
v 0.098851 0.141563 -0.820265
v 0.119679 0.116173 -0.842295
v 0.117716 0.121177 -0.821192
v 0.098851 0.141563 -0.820265
v 0.124581 0.145886 -0.819454
v 0.117716 0.121177 -0.821192
v 0.134633 0.133140 -0.822365
v 0.128579 0.137203 -0.840455
v 0.124581 0.145886 -0.819454
v 0.118687 0.151636 -0.840817
v 0.118687 0.151636 -0.840817
v 0.124581 0.145886 -0.819454
v 0.123618 0.158769 -0.838746
v 0.124581 0.145886 -0.819454
v 0.118252 0.151259 -0.803022
v 0.123618 0.158769 -0.838746
v 0.121772 0.133242 -0.791414
v 0.116246 0.164410 -0.809098
v 0.123618 0.158769 -0.838746
v 0.116246 0.164410 -0.809098
v 0.123901 0.176490 -0.826797
v 0.122800 0.166836 -0.787445
v 0.124009 0.179256 -0.807433
v 0.116246 0.164410 -0.809098
v 0.116246 0.164410 -0.809098
v 0.124009 0.179256 -0.807433
v 0.123901 0.176490 -0.826797
v 0.124009 0.179256 -0.807433
v 0.098381 0.180487 -0.821366
v 0.123901 0.176490 -0.826797
v 0.098011 0.179372 -0.803211
v 0.087815 0.185832 -0.813175
v 0.082376 0.174955 -0.836385
v 0.098381 0.180487 -0.821366
v 0.096758 0.171978 -0.837283
v 0.123901 0.176490 -0.826797
v 0.117332 0.163172 -0.844837
v 0.123901 0.176490 -0.826797
v 0.117332 0.163172 -0.844837
v 0.123618 0.158769 -0.838746
v 0.123618 0.158769 -0.838746
v 0.117332 0.163172 -0.844837
v 0.118687 0.151636 -0.840817
v 0.117332 0.163172 -0.844837
v 0.087417 0.152324 -0.841795
v 0.118687 0.151636 -0.840817
v 0.071412 0.161449 -0.844894
v 0.118687 0.151636 -0.840817
v 0.087417 0.152324 -0.841795
v 0.128579 0.137203 -0.840455
v 0.128579 0.137203 -0.840455
v 0.087417 0.152324 -0.841795
v 0.094702 0.145314 -0.839231
v 0.094702 0.145314 -0.839231
v 0.087417 0.152324 -0.841795
v 0.090009 0.141135 -0.826949
v 0.086019 0.143185 -0.821967
v 0.090321 0.128397 -0.795839
v 0.086019 0.143185 -0.821967
v 0.090820 0.132366 -0.785150
v 0.090321 0.128397 -0.795839
v 0.090321 0.128397 -0.795839
v 0.090820 0.132366 -0.785150
v 0.095506 0.133611 -0.798409
v 0.121373 0.137630 -0.775641
v 0.122307 0.132699 -0.787170
v 0.090820 0.132366 -0.785150
v 0.091371 0.136826 -0.776177
v 0.062237 0.132271 -0.785628
v 0.061440 0.137920 -0.775424
v 0.121772 0.133242 -0.791414
v 0.121822 0.157632 -0.790270
v 0.118252 0.151259 -0.803022
v 0.116246 0.164410 -0.809098
v 0.122800 0.166836 -0.787445
v 0.121822 0.157632 -0.790270
v 0.124343 0.161137 -0.786272
v 0.122800 0.166836 -0.787445
v 0.121373 0.137630 -0.775641
v 0.124343 0.161137 -0.786272
v 0.122307 0.132699 -0.787170
v 0.124343 0.161137 -0.786272
v 0.130759 0.146378 -0.787757
v 0.122307 0.132699 -0.787170
v 0.134517 0.167539 -0.788510
v 0.122307 0.132699 -0.787170
v 0.130759 0.146378 -0.787757
v 0.121772 0.133242 -0.791414
v 0.121772 0.133242 -0.791414
v 0.130759 0.146378 -0.787757
v 0.121822 0.157632 -0.790270
v 0.129281 0.177482 -0.789328
v 0.134517 0.167539 -0.788510
v 0.121822 0.157632 -0.790270
v 0.129281 0.177482 -0.789328
v 0.124343 0.161137 -0.786272
v 0.126870 0.234468 -0.730735
v 0.121272 0.226154 -0.729113
v 0.123140 0.242680 -0.728483
v 0.121272 0.226154 -0.729113
v 0.118296 0.232730 -0.729171
v 0.123140 0.242680 -0.728483
v 0.118296 0.232730 -0.729171
v 0.117448 0.236785 -0.730069
v 0.123140 0.242680 -0.728483
v 0.117448 0.236785 -0.730069
v 0.117028 0.237415 -0.729011
v 0.123140 0.242680 -0.728483
v 0.117434 0.246062 -0.729750
v 0.118506 0.244874 -0.730720
v 0.117028 0.237415 -0.729011
v 0.117028 0.237415 -0.729011
v 0.118506 0.244874 -0.730720
v 0.123140 0.242680 -0.728483
v 0.121156 0.251493 -0.731264
v 0.126870 0.234468 -0.730735
v 0.121156 0.251493 -0.731264
v 0.118506 0.244874 -0.730720
v 0.121156 0.251493 -0.731264
v 0.117434 0.246062 -0.729750
v 0.123140 0.242680 -0.728483
v 0.117434 0.246062 -0.729750
v 0.119577 0.250211 -0.729004
v 0.123140 0.242680 -0.728483
v 0.123140 0.242680 -0.728483
v 0.119577 0.250211 -0.729004
v 0.126870 0.234468 -0.730735
v 0.126870 0.234468 -0.730735
v 0.119577 0.250211 -0.729004
v 0.121156 0.251493 -0.731264
v 0.119577 0.250211 -0.729004
v 0.116311 0.247749 -0.731669
v 0.121156 0.251493 -0.731264
v 0.116717 0.246286 -0.719068
v 0.121156 0.251493 -0.731264
v 0.116311 0.247749 -0.731669
v 0.117434 0.246062 -0.729750
v 0.117434 0.246062 -0.729750
v 0.116311 0.247749 -0.731669
v 0.118506 0.244874 -0.730720
v 0.118506 0.244874 -0.730720
v 0.116311 0.247749 -0.731669
v 0.117448 0.236785 -0.730069
v 0.116311 0.247749 -0.731669
v 0.113921 0.234946 -0.732277
v 0.117448 0.236785 -0.730069
v 0.113921 0.234946 -0.732277
v 0.114226 0.229348 -0.731177
v 0.117448 0.236785 -0.730069
v 0.117448 0.236785 -0.730069
v 0.114226 0.229348 -0.731177
v 0.117028 0.237415 -0.729011
v 0.117028 0.237415 -0.729011
v 0.114226 0.229348 -0.731177
v 0.118296 0.232730 -0.729171
v 0.114226 0.229348 -0.731177
v 0.120157 0.229167 -0.731517
v 0.118296 0.232730 -0.729171
v 0.118296 0.232730 -0.729171
v 0.120157 0.229167 -0.731517
v 0.117448 0.236785 -0.730069
v 0.117448 0.236785 -0.730069
v 0.120157 0.229167 -0.731517
v 0.118506 0.244874 -0.730720
v 0.118506 0.244874 -0.730720
v 0.120157 0.229167 -0.731517
v 0.126870 0.234468 -0.730735
v 0.120157 0.229167 -0.731517
v 0.130947 0.213140 -0.731546
v 0.126870 0.234468 -0.730735
v 0.131526 0.232896 -0.729533
v 0.113545 0.126036 -0.728946
v 0.115312 0.133046 -0.751244
v 0.116920 0.132155 -0.730728
v 0.115312 0.133046 -0.751244
v 0.113082 0.126022 -0.732994
v 0.116920 0.132155 -0.730728
v 0.115153 0.142156 -0.774186
v 0.113545 0.130722 -0.764684
v 0.113545 0.126036 -0.728946
v 0.119700 0.125030 -0.730358
v 0.113082 0.126022 -0.732994
v 0.113082 0.126022 -0.732994
v 0.119700 0.125030 -0.730358
v 0.116920 0.132155 -0.730728
v 0.119700 0.125030 -0.730358
v 0.125117 0.144039 -0.730525
v 0.116920 0.132155 -0.730728
v 0.113060 0.151151 -0.732466
v 0.125117 0.144039 -0.730525
v 0.124719 0.150673 -0.729098
v 0.113060 0.151151 -0.732466
v 0.436797 0.142613 -0.775431
v 0.421379 0.138738 -0.778313
v 0.417237 0.134328 -0.771839
v 0.421379 0.138738 -0.778313
v 0.415788 0.144669 -0.788141
v 0.417237 0.134328 -0.771839
v 0.415788 0.144669 -0.788141
v 0.410951 0.139129 -0.776474
v 0.417237 0.134328 -0.771839
v 0.417237 0.134328 -0.771839
v 0.410951 0.139129 -0.776474
v 0.411784 0.161680 -0.771651
v 0.410951 0.139129 -0.776474
v 0.397532 0.142765 -0.777423
v 0.411784 0.161680 -0.771651
v 0.396931 0.163404 -0.772194
v 0.396931 0.163404 -0.772194
v 0.416650 0.164150 -0.762505
v 0.411784 0.161680 -0.771651
v 0.411784 0.161680 -0.771651
v 0.416650 0.164150 -0.762505
v 0.417237 0.134328 -0.771839
v 0.417237 0.134328 -0.771839
v 0.416650 0.164150 -0.762505
v 0.420568 0.163484 -0.771789
v 0.081254 0.108105 -0.407027
v 0.080428 0.108265 -0.406766
v 0.081384 0.107982 -0.406063
v 0.081290 0.108424 -0.420583
v 0.079016 0.106534 -0.362620
v 0.081384 0.107982 -0.406063
v 0.079016 0.106534 -0.362620
v 0.081254 0.108105 -0.407027
v 0.020937 0.176446 0.938658
v 0.017092 0.152201 0.917367
v -0.000492 0.164939 0.940715
v 0.033009 0.168864 0.919605
v 0.037499 0.150810 0.887842
v -0.015996 0.177670 0.942960
v -0.007878 0.191937 0.949093
v -0.000492 0.164939 0.940715
v 0.018677 0.187599 0.944734
v 0.020937 0.176446 0.938658
v 0.009415 0.204726 0.945683
v 0.018677 0.187599 0.944734
v -0.007878 0.191937 0.949093
v -0.007878 0.191937 0.949093
v 0.018677 0.187599 0.944734
v -0.000492 0.164939 0.940715
v 0.057530 0.091594 0.395241
v 0.041916 0.086699 0.397124
v 0.065785 0.103572 0.397377
v 0.020698 0.075727 0.397942
v 0.041916 0.086699 0.397124
v 0.040975 0.082346 0.400709
v 0.065785 0.103572 0.397377
v 0.020698 0.075727 0.397942
v 0.072875 0.105947 0.400028
v 0.079175 0.116658 0.397290
v -0.029292 0.217536 0.920220
v -0.009203 0.216761 0.937115
v -0.028807 0.203596 0.930924
v -0.007878 0.191937 0.949093
v -0.007878 0.191937 0.949093
v -0.009203 0.216761 0.937115
v 0.009415 0.204726 0.945683
v -0.009203 0.216761 0.937115
v 0.004578 0.227182 0.926557
v 0.009415 0.204726 0.945683
v 0.024102 0.216682 0.927810
v 0.009415 0.204726 0.945683
v 0.024102 0.216682 0.927810
v 0.018677 0.187599 0.944734
v 0.024102 0.216682 0.927810
v 0.046160 0.197643 0.901406
v 0.018677 0.187599 0.944734
v 0.087040 0.138499 0.397558
v 0.079175 0.116658 0.397290
v 0.091986 0.138376 0.400774
v 0.098127 0.171804 0.398558
v 0.065785 0.103572 0.397377
v 0.079175 0.116658 0.397290
v 0.057530 0.091594 0.395241
v 0.079175 0.116658 0.397290
v 0.076083 0.110300 0.374109
v 0.057530 0.091594 0.395241
v 0.057971 0.093810 0.373936
v 0.029410 0.078392 0.373870
v 0.020698 0.075727 0.397942
v 0.080877 0.116086 0.370148
v 0.051852 0.088669 0.370155
v 0.051164 0.088241 0.233271
v 0.029946 0.078059 0.368881
v 0.062418 0.097257 0.302148
v 0.029410 0.078392 0.373870
v 0.009995 0.073743 0.369685
v 0.029888 0.077132 0.205730
v 0.011378 0.071375 0.074444
v -0.001404 0.072237 0.191703
v -0.005561 0.073845 0.372263
v -0.017915 0.074692 0.234154
v -0.030820 0.079276 0.372299
v -0.046419 0.085880 0.235777
v -0.049736 0.088285 0.369656
v -0.049634 0.088755 0.373755
v -0.069260 0.104188 0.368794
v -0.067312 0.105223 0.234524
v -0.083685 0.123212 0.368207
v -0.075263 0.112313 0.373653
v -0.079796 0.123494 0.263766
v -0.094686 0.151165 0.368656
v -0.093092 0.147631 0.373436
v -0.090333 0.152997 0.292321
v -0.097090 0.173195 0.325416
v -0.097771 0.175121 0.370785
v -0.093092 0.147631 0.373436
v -0.098784 0.189279 0.339479
v -0.096272 0.207890 0.339095
v -0.093266 0.212894 0.371633
v -0.087313 0.143105 0.269045
v -0.083215 0.133343 0.237247
v -0.079565 0.124921 0.179349
v -0.079739 0.123567 0.128823
v -0.080311 0.122372 0.024309
v -0.065110 0.101175 0.092903
v -0.051872 0.089248 0.106728
v -0.069658 0.103753 -0.066539
v -0.052140 0.085221 -0.184957
v -0.073960 0.105629 -0.220109
v -0.082490 0.123523 -0.123959
v -0.058853 0.092195 -0.070718
v -0.040111 0.080340 0.001266
v -0.038040 0.077263 -0.156222
v -0.021420 0.071216 -0.122793
v -0.025867 0.070571 -0.281273
v -0.006748 0.067356 -0.242884
v -0.000368 0.065531 -0.353713
v -0.028821 0.070513 -0.358811
v -0.028821 0.070513 -0.358811
v -0.028546 0.069217 -0.410669
v -0.042979 0.076510 -0.360520
v -0.008197 0.064915 -0.360969
v 0.012609 0.065010 -0.361910
v -0.007820 0.063699 -0.455663
v -0.000368 0.065531 -0.353713
v -0.013599 0.062743 -0.591794
v -0.033036 0.070115 -0.494783
v 0.022943 0.065249 -0.537444
v 0.018228 0.062613 -0.592054
v 0.052345 0.078342 -0.592605
v 0.038737 0.071571 -0.471616
v 0.018228 0.062613 -0.592054
v 0.004426 0.060534 -0.599137
v 0.039215 0.070202 -0.593409
v 0.024384 0.059767 -0.655080
v -0.006995 0.056906 -0.655116
v -0.012984 0.056978 -0.695482
v -0.034238 0.064466 -0.654414
v -0.007400 0.054820 -0.677015
v 0.007779 0.053459 -0.680151
v 0.013760 0.054878 -0.695982
v -0.012984 0.056978 -0.695482
v -0.054428 0.080355 -0.592895
v -0.036657 0.070361 -0.592938
v -0.023499 0.061012 -0.694700
v -0.047078 0.073620 -0.693823
v -0.052328 0.075923 -0.655217
v -0.072236 0.094129 -0.654435
v -0.070266 0.090986 -0.617567
v -0.071041 0.095338 -0.693309
v -0.078855 0.104021 -0.594806
v -0.078602 0.103369 -0.644268
v -0.071041 0.095338 -0.693309
v -0.090732 0.129570 -0.688349
v -0.090630 0.124928 -0.590092
v -0.079398 0.107048 -0.545526
v -0.064183 0.090175 -0.511265
v -0.080340 0.109691 -0.498172
v -0.081325 0.111162 -0.408605
v -0.059606 0.086431 -0.428238
v -0.063271 0.091913 -0.356783
v -0.077827 0.108019 -0.361997
v -0.087321 0.127861 -0.293801
v -0.089812 0.131851 -0.382021
v -0.091905 0.135378 -0.452701
v -0.094823 0.139955 -0.530818
v -0.096127 0.142772 -0.576137
v -0.096778 0.146950 -0.625186
v -0.096083 0.151976 -0.683489
v -0.092557 0.161478 -0.702195
v -0.077247 0.118092 -0.709227
v 0.044364 0.069318 -0.655261
v 0.033755 0.064285 -0.687610
v 0.007779 0.053459 -0.680151
v 0.013760 0.054878 -0.695982
v 0.055509 0.077791 -0.691680
v 0.076228 0.099097 -0.686806
v 0.067849 0.088096 -0.653856
v 0.071253 0.090856 -0.618451
v 0.071253 0.090856 -0.618451
v 0.079349 0.102812 -0.651162
v 0.080160 0.106107 -0.583973
v 0.068783 0.091659 -0.593228
v 0.090053 0.121858 -0.596718
v 0.089995 0.123813 -0.692469
v 0.096657 0.152845 -0.690731
v 0.097417 0.146342 -0.616582
v 0.096751 0.142229 -0.573914
v 0.094876 0.139281 -0.514010
v 0.082485 0.112233 -0.440715
v 0.093492 0.136754 -0.471986
v 0.091689 0.133148 -0.402102
v 0.079096 0.108830 -0.359195
v 0.087894 0.127499 -0.275052
v 0.080283 0.113805 -0.211462
v 0.084708 0.125022 -0.170285
v 0.076387 0.110901 -0.072847
v 0.081978 0.123987 0.000824
v 0.070789 0.105578 0.077123
v 0.080370 0.123263 0.132241
v 0.081109 0.122929 0.158108
v 0.061404 0.095737 0.116693
v 0.081109 0.122929 0.158108
v 0.058826 0.090638 -0.060710
v 0.044552 0.082506 0.075682
v 0.067798 0.096997 -0.212838
v 0.045682 0.080522 -0.127298
v 0.031720 0.075756 0.031406
v 0.020053 0.071078 -0.054286
v 0.033624 0.073656 -0.222281
v -0.001860 0.068623 -0.081421
v 0.013891 0.067964 -0.228951
v 0.030047 0.070789 -0.355429
v 0.049658 0.081441 -0.262191
v 0.062128 0.088531 -0.358203
v 0.069776 0.096750 -0.357891
v 0.062128 0.088531 -0.358203
v 0.079016 0.106534 -0.362620
v 0.065083 0.089516 -0.457393
v 0.048137 0.078146 -0.361085
v 0.028324 0.069101 -0.361852
v 0.030047 0.070789 -0.355429
v -0.000368 0.065531 -0.353713
v 0.081290 0.108424 -0.420583
v -0.007140 0.070550 0.029016
v -0.028032 0.076408 0.107894
v 0.078625 0.117889 0.269661
v 0.079849 0.109069 -0.382093
v 0.079016 0.106534 -0.362620
v 0.081254 0.108105 -0.407027
v 0.081290 0.108424 -0.420583
v 0.466372 0.235206 -0.239408
v 0.502465 0.228862 -0.332306
v 0.545887 0.224778 -0.308480
v 0.447377 0.232860 -0.232289
v 0.450136 0.231028 -0.298588
v 0.450093 0.227153 -0.351743
v 0.579866 0.221780 -0.350396
v 0.579866 0.221780 -0.350396
v 0.540340 0.223685 -0.295141
v 0.545887 0.224778 -0.308480
v 0.466372 0.235206 -0.239408
v 0.474838 0.231810 -0.223549
v 0.882638 0.313613 -0.782238
v 0.879263 0.312940 -0.728874
v 0.872673 0.313997 -0.818107
v 0.879097 0.313418 -0.819302
v 0.888294 0.312505 -0.725905
v 0.884086 0.312158 -0.673307
v 0.302071 0.122184 -0.076895
v 0.310710 0.125066 -0.076142
v 0.321355 0.119533 -0.154925
v 0.335491 0.124443 -0.145692
v 0.349903 0.124950 -0.190591
v 0.363264 0.125804 -0.244260
v 0.333732 0.120134 -0.267695
v 0.235794 0.119700 -0.280049
v 0.229312 0.119772 -0.195356
v 0.222150 0.118454 -0.080204
v 0.302071 0.122184 -0.076895
v 0.218696 0.122900 -0.241117
v 0.222092 0.122785 -0.293700
v 0.222092 0.122785 -0.293700
v 0.366704 0.125537 -0.293758
v 0.310739 0.123480 -0.293823
v 0.391746 0.127825 -0.295409
v 0.446610 0.130302 -0.231594
v 0.393426 0.128339 -0.352713
v 0.323513 0.127007 -0.354357
v 0.359838 0.123024 -0.338092
v 0.297936 0.128498 -0.391971
v 0.441280 0.132988 -0.440216
v 0.416107 0.139564 -0.550812
v 0.412718 0.134936 -0.476113
v 0.419699 0.145502 -0.626482
v 0.333942 0.142352 -0.598246
v 0.232607 0.142786 -0.597059
v 0.224685 0.136602 -0.496325
v 0.167511 0.143156 -0.592192
v 0.172059 0.133597 -0.447936
v 0.109794 0.134053 -0.438905
v 0.096751 0.142229 -0.573914
v 0.161029 0.127637 -0.343002
v 0.221658 0.127354 -0.353155
v 0.218739 0.125326 -0.299805
v 0.159002 0.122024 -0.182734
v 0.218696 0.122900 -0.241117
v 0.218225 0.120887 -0.076967
v 0.255325 0.122604 -0.072702
v 0.203546 0.120880 -0.027274
v 0.148588 0.120011 0.105548
v 0.201895 0.121923 0.064088
v 0.148675 0.122640 0.144392
v 0.084158 0.121525 0.078869
v 0.081109 0.122929 0.158108
v 0.112618 0.126427 0.204297
v 0.110532 0.122929 -0.154846
v 0.084708 0.125022 -0.170285
v 0.087894 0.127499 -0.275052
v 0.091689 0.133148 -0.402102
v 0.093492 0.136754 -0.471986
v 0.094876 0.139281 -0.514010
v 0.253268 0.123096 -0.029773
v 0.290469 0.125479 -0.029917
v 0.343754 0.129454 -0.072094
v 0.431141 0.135269 -0.140507
v 0.381520 0.128578 -0.140608
v 0.505862 0.139216 -0.205929
v 0.477800 0.133430 -0.230327
v 0.108367 0.145944 -0.653870
v 0.182762 0.145393 -0.646035
v 0.252138 0.142967 -0.658042
v 0.373619 0.142678 -0.654906
v 0.365277 0.145792 -0.648830
v 0.278165 0.145944 -0.646180
v 0.419829 0.149384 -0.654276
v 0.278165 0.145944 -0.646180
v 0.236228 0.143786 -0.639061
v 0.416520 0.143851 -0.634998
v 0.365277 0.145792 -0.648830
v 0.419829 0.149384 -0.654276
v 0.258547 0.118353 -0.334703
v 0.222034 0.124993 -0.350389
v 0.676681 0.166250 -0.318018
v 0.730640 0.163216 -0.378704
v 0.716634 0.153917 -0.382810
v 0.635628 0.153932 -0.294851
v 0.609050 0.165779 -0.244144
v 0.558988 0.151904 -0.215358
v 0.543700 0.163056 -0.175564
v 0.609050 0.165779 -0.244144
v 0.583914 0.176258 -0.207023
v 0.492544 0.161188 -0.122446
v 0.494536 0.169262 -0.114458
v 0.555461 0.180458 -0.173957
v 0.513886 0.184593 -0.127349
v 0.488098 0.179104 -0.099895
v 0.476236 0.153497 -0.118209
v 0.474896 0.152259 -0.061130
v 0.467075 0.143409 -0.139573
v 0.505862 0.139216 -0.205929
v 0.431141 0.135269 -0.140507
v 0.645701 0.177373 -0.275059
v 0.676681 0.166250 -0.318018
v 0.690948 0.180502 -0.323435
v 0.743118 0.176374 -0.380225
v 0.805629 0.174129 -0.447733
v 0.818403 0.162419 -0.472572
v 0.850144 0.170704 -0.498816
v 0.784975 0.156836 -0.447139
v 0.760056 0.148421 -0.449500
v 0.869045 0.157024 -0.535771
v 0.869045 0.157024 -0.535771
v 0.866163 0.165287 -0.520498
v 0.909280 0.169632 -0.561603
v 0.889300 0.178981 -0.540877
v 0.909280 0.169632 -0.561603
v 0.858429 0.179908 -0.506696
v 0.805629 0.174129 -0.447733
v 0.674190 0.148051 -0.356233
v 0.635628 0.153932 -0.294851
v 0.453960 0.155880 0.100630
v 0.462266 0.156423 0.060554
v 0.458196 0.152049 0.096980
v 0.462266 0.156423 0.060554
v 0.464171 0.151419 0.027553
v 0.458196 0.152049 0.096980
v 0.464171 0.151419 0.027553
v 0.456140 0.153084 0.045079
v 0.458196 0.152049 0.096980
v 0.465062 0.151252 -0.017911
v 0.458196 0.152049 0.096980
v 0.456140 0.153084 0.045079
v 0.453960 0.155880 0.100630
v 0.453960 0.155880 0.100630
v 0.456140 0.153084 0.045079
v 0.462266 0.156423 0.060554
v 0.456140 0.153084 0.045079
v 0.463085 0.161282 0.024041
v 0.462266 0.156423 0.060554
v 0.462266 0.156423 0.060554
v 0.463085 0.161282 0.024041
v 0.464171 0.151419 0.027553
v 0.471891 0.158827 -0.019439
v 0.471891 0.158827 -0.019439
v 0.465062 0.151252 -0.017911
v 0.464171 0.151419 0.027553
v 0.474896 0.152259 -0.061130
v 0.465062 0.151252 -0.017911
v 0.464345 0.157313 -0.056777
v 0.456140 0.153084 0.045079
v 0.456140 0.153084 0.045079
v 0.464345 0.157313 -0.056777
v 0.463085 0.161282 0.024041
v 0.462904 0.152947 -0.063027
v 0.467285 0.165634 -0.058066
v 0.464345 0.157313 -0.056777
v 0.464345 0.157313 -0.056777
v 0.467285 0.165634 -0.058066
v 0.463085 0.161282 0.024041
v 0.463085 0.161282 0.024041
v 0.467285 0.165634 -0.058066
v 0.471891 0.158827 -0.019439
v 0.467285 0.165634 -0.058066
v 0.474896 0.152259 -0.061130
v 0.471891 0.158827 -0.019439
v 0.465062 0.151252 -0.017911
v 0.474896 0.152259 -0.061130
v 0.464345 0.157313 -0.056777
v 0.464345 0.157313 -0.056777
v 0.474896 0.152259 -0.061130
v 0.462904 0.152947 -0.063027
v 0.474896 0.152259 -0.061130
v 0.476236 0.153497 -0.118209
v 0.462904 0.152947 -0.063027
v 0.476236 0.153497 -0.118209
v 0.463034 0.157705 -0.095477
v 0.462904 0.152947 -0.063027
v 0.463034 0.157705 -0.095477
v 0.460441 0.166597 -0.079683
v 0.462904 0.152947 -0.063027
v 0.461636 0.166293 -0.062201
v 0.462904 0.152947 -0.063027
v 0.461636 0.166293 -0.062201
v 0.467285 0.165634 -0.058066
v 0.461636 0.166293 -0.062201
v 0.473028 0.170341 -0.060232
v 0.467285 0.165634 -0.058066
v 0.473028 0.170341 -0.060232
v 0.481471 0.163447 -0.060304
v 0.467285 0.165634 -0.058066
v 0.467285 0.165634 -0.058066
v 0.481471 0.163447 -0.060304
v 0.474896 0.152259 -0.061130
v 0.474896 0.152259 -0.061130
v 0.481471 0.163447 -0.060304
v 0.492544 0.161188 -0.122446
v 0.494536 0.169262 -0.114458
v 0.555461 0.180458 -0.173957
v 0.607855 0.188439 -0.231652
v 0.583914 0.176258 -0.207023
v 0.645701 0.177373 -0.275059
v 0.655535 0.193798 -0.288688
v 0.690948 0.180502 -0.323435
v 0.705417 0.187410 -0.340489
v 0.743118 0.176374 -0.380225
v 0.771259 0.183601 -0.410438
v 0.805629 0.174129 -0.447733
v 0.816948 0.185672 -0.464085
v 0.858429 0.179908 -0.506696
v 0.869045 0.157024 -0.535771
v 0.822690 0.147602 -0.523417
v 0.760056 0.148421 -0.449500
v 0.906514 0.153823 -0.584262
v 0.880415 0.151390 -0.569250
v 0.832822 0.146147 -0.578317
v 0.906514 0.153823 -0.584262
v 0.880241 0.152925 -0.628654
v 0.900199 0.159689 -0.637765
v 0.843272 0.149710 -0.623607
v 0.859761 0.150369 -0.647027
v 0.824341 0.144865 -0.636903
v 0.804919 0.144054 -0.634462
v 0.869530 0.150361 -0.659410
v 0.876888 0.150289 -0.640336
v 0.715816 0.143170 -0.434871
v 0.760056 0.148421 -0.449500
v 0.715816 0.143170 -0.434871
v 0.674190 0.148051 -0.356233
v 0.631065 0.140136 -0.352264
v 0.594451 0.143011 -0.288667
v 0.635628 0.153932 -0.294851
v 0.558988 0.151904 -0.215358
v 0.505862 0.139216 -0.205929
v 0.553426 0.137580 -0.280064
v 0.477800 0.133430 -0.230327
v 0.451476 0.127579 -0.227336
v 0.518405 0.133206 -0.277464
v 0.559857 0.133336 -0.325057
v 0.559632 0.131641 -0.351272
v 0.557576 0.135639 -0.319292
v 0.468212 0.126608 -0.279267
v 0.484817 0.126601 -0.334920
v 0.447392 0.129483 -0.354936
v 0.578512 0.135574 -0.353394
v 0.604901 0.137355 -0.422082
v 0.494572 0.132510 -0.355624
v 0.691679 0.140469 -0.448464
v 0.832822 0.146147 -0.578317
v 0.728395 0.144763 -0.553731
v 0.802609 0.150673 -0.634658
v 0.738324 0.153541 -0.653074
v 0.650082 0.143779 -0.549451
v 0.567251 0.146871 -0.573791
v 0.598745 0.157111 -0.691535
v 0.795888 0.158733 -0.700913
v 0.506543 0.158400 -0.708488
v 0.508817 0.162057 -0.737433
v 0.682663 0.165938 -0.756639
v 0.615220 0.165772 -0.754843
v 0.548943 0.165243 -0.755596
v 0.506955 0.153859 -0.670360
v 0.525494 0.150159 -0.623600
v 0.502610 0.149159 -0.617908
v 0.493855 0.140831 -0.501699
v 0.419699 0.145502 -0.626482
v 0.441280 0.132988 -0.440216
v 0.499677 0.133684 -0.393955
v 0.447392 0.129483 -0.354936
v 0.393426 0.128339 -0.352713
v 0.446610 0.130302 -0.231594
v 0.484817 0.126601 -0.334920
v 0.559632 0.131641 -0.351272
v 0.517463 0.162614 -0.745305
v 0.791275 0.166025 -0.754437
v 0.505775 0.168690 -0.784809
v 0.548943 0.165243 -0.755596
v 0.799299 0.154055 -0.666573
v 0.843272 0.149710 -0.623607
v 0.578512 0.135574 -0.353394
v 0.272872 0.126616 0.043608
v 0.290390 0.137804 0.060627
v 0.288405 0.127839 0.010666
v 0.290469 0.125479 -0.029917
v 0.204712 0.119620 0.062495
v 0.293098 0.131953 0.016119
v 0.290469 0.125479 -0.029917
v 0.267057 0.135125 0.066768
v 0.292866 0.141382 0.058222
v 0.290390 0.137804 0.060627
v 0.290390 0.137804 0.060627
v 0.292866 0.141382 0.058222
v 0.293098 0.131953 0.016119
v 0.292866 0.141382 0.058222
v 0.386713 0.144025 -0.042851
v 0.293098 0.131953 0.016119
v 0.267057 0.135125 0.066768
v 0.235837 0.139079 0.120951
v 0.295843 0.152867 0.085995
v 0.340966 0.158154 0.044144
v 0.239009 0.162173 0.169130
v 0.286848 0.168596 0.121204
v 0.298551 0.191125 0.119712
v 0.223961 0.181023 0.206592
v 0.262834 0.187063 0.162012
v 0.329604 0.176012 0.077493
v 0.329604 0.176012 0.077493
v 0.359020 0.184825 0.047251
v 0.382143 0.168176 0.010238
v 0.414543 0.158472 -0.039665
v 0.416672 0.177170 -0.021582
v 0.469255 0.176548 -0.080559
v 0.460441 0.166597 -0.079683
v 0.463034 0.157705 -0.095477
v 0.476236 0.153497 -0.118209
v 0.467075 0.143409 -0.139573
v 0.354421 0.137181 -0.032438
v 0.431141 0.135269 -0.140507
v 0.343754 0.129454 -0.072094
v 0.290469 0.125479 -0.029917
v 0.193299 0.127854 0.124774
v 0.238763 0.127810 0.066920
v 0.154468 0.136305 0.208968
v 0.148675 0.122640 0.144392
v 0.112618 0.126427 0.204297
v 0.201895 0.121923 0.064088
v 0.411089 0.195014 -0.012414
v 0.469255 0.176548 -0.080559
v 0.416672 0.177170 -0.021582
v 0.359020 0.184825 0.047251
v 0.386191 0.202082 0.013345
v 0.438752 0.206739 -0.051324
v 0.462592 0.194095 -0.070892
v 0.462592 0.194095 -0.070892
v 0.488098 0.179104 -0.099895
v 0.512756 0.198758 -0.128710
v 0.513886 0.184593 -0.127349
v 0.549255 0.193950 -0.167504
v 0.555461 0.180458 -0.173957
v 0.584240 0.197143 -0.209514
v 0.607855 0.188439 -0.231652
v 0.655535 0.193798 -0.288688
v 0.462911 0.212424 -0.087048
v 0.512756 0.198758 -0.128710
v 0.534460 0.207818 -0.164600
v 0.549255 0.193950 -0.167504
v 0.584240 0.197143 -0.209514
v 0.576542 0.209440 -0.219261
v 0.655535 0.193798 -0.288688
v 0.635772 0.207557 -0.291491
v 0.709009 0.200475 -0.366002
v 0.705417 0.187410 -0.340489
v 0.771259 0.183601 -0.410438
v 0.767624 0.195174 -0.426558
v 0.816948 0.185672 -0.464085
v 0.859160 0.188482 -0.527219
v 0.858429 0.179908 -0.506696
v 0.889300 0.178981 -0.540877
v 0.764510 0.203799 -0.471254
v 0.797945 0.203292 -0.532621
v 0.696212 0.212221 -0.461840
v 0.747868 0.210678 -0.614070
v 0.801950 0.205993 -0.640183
v 0.757174 0.212641 -0.690724
v 0.641551 0.214444 -0.598855
v 0.640943 0.214893 -0.631095
v 0.663928 0.213539 -0.707923
v 0.536603 0.215588 -0.633304
v 0.507672 0.213459 -0.710690
v 0.611034 0.210208 -0.752764
v 0.563970 0.206007 -0.791646
v 0.511634 0.210237 -0.751816
v 0.510135 0.207883 -0.775576
v 0.502516 0.210034 -0.764105
v 0.464120 0.210106 -0.751845
v 0.492457 0.208144 -0.774316
v 0.508498 0.211207 -0.745848
v 0.497700 0.211902 -0.741525
v 0.497773 0.214277 -0.665711
v 0.421278 0.214618 -0.654385
v 0.422139 0.211851 -0.742966
v 0.413457 0.210302 -0.749549
v 0.416759 0.209295 -0.766401
v 0.411675 0.212663 -0.724949
v 0.318010 0.210497 -0.751142
v 0.395207 0.208013 -0.776626
v 0.169864 0.210953 -0.750346
v 0.318328 0.206167 -0.790175
v 0.217783 0.202459 -0.805782
v 0.132699 0.207050 -0.785946
v 0.416824 0.207477 -0.782456
v 0.422856 0.201199 -0.809330
v 0.433422 0.208238 -0.773099
v 0.501213 0.206645 -0.786967
v 0.130013 0.210323 -0.760187
v 0.112364 0.210664 -0.754575
v 0.115341 0.211736 -0.728664
v 0.156532 0.214162 -0.715679
v 0.130947 0.213140 -0.731546
v 0.132193 0.215045 -0.697538
v 0.161000 0.217638 -0.633152
v 0.094021 0.217094 -0.682113
v 0.094072 0.213264 -0.695764
v 0.095172 0.218058 -0.608189
v 0.093811 0.221519 -0.542492
v 0.130056 0.223815 -0.430432
v 0.171110 0.224677 -0.404796
v 0.092095 0.224966 -0.482595
v 0.166953 0.222482 -0.482464
v 0.162644 0.219412 -0.572183
v 0.086982 0.235590 -0.367320
v 0.121120 0.234330 -0.333312
v 0.085613 0.244287 -0.263755
v 0.082101 0.251616 -0.172320
v 0.112169 0.247119 -0.209036
v 0.112517 0.254397 -0.069842
v 0.219362 0.245156 -0.257194
v 0.218899 0.250595 -0.162623
v 0.219746 0.247937 -0.212490
v 0.221245 0.241144 -0.288862
v 0.235417 0.244802 -0.288826
v 0.267904 0.240761 -0.291520
v 0.372359 0.225350 -0.372592
v 0.262501 0.223721 -0.406643
v 0.396916 0.233331 -0.291201
v 0.390913 0.236604 -0.258041
v 0.412740 0.236379 -0.207066
v 0.447464 0.228066 -0.307734
v 0.447377 0.232860 -0.232289
v 0.448210 0.223554 -0.353901
v 0.467104 0.218507 -0.409793
v 0.532012 0.221005 -0.354046
v 0.414521 0.219419 -0.414739
v 0.386582 0.221454 -0.409583
v 0.457096 0.216769 -0.494623
v 0.415716 0.215914 -0.629487
v 0.454503 0.216015 -0.551247
v 0.375872 0.216551 -0.633347
v 0.412008 0.214285 -0.665189
v 0.454749 0.215907 -0.632594
v 0.506340 0.214560 -0.653907
v 0.324151 0.216486 -0.634774
v 0.172341 0.220165 -0.630088
v 0.241964 0.222461 -0.618733
v 0.373011 0.223446 -0.602693
v 0.230811 0.225538 -0.587384
v 0.262813 0.226762 -0.543795
v 0.381347 0.222866 -0.620145
v 0.415716 0.215914 -0.629487
v 0.372664 0.226603 -0.486534
v 0.402659 0.221925 -0.551638
v 0.413739 0.218927 -0.483442
v 0.393056 0.224228 -0.425993
v 0.414521 0.219419 -0.414739
v 0.414521 0.219419 -0.414739
v 0.386582 0.221454 -0.409583
v 0.372425 0.224025 -0.413544
v 0.258504 0.226038 -0.415224
v 0.332428 0.222620 -0.407867
v 0.262501 0.223721 -0.406643
v 0.177121 0.226683 -0.412487
v 0.372425 0.224025 -0.413544
v 0.386582 0.221454 -0.409583
v 0.195261 0.225879 -0.484231
v 0.171110 0.224677 -0.404796
v 0.171110 0.224677 -0.404796
v 0.166953 0.222482 -0.482464
v 0.172623 0.223858 -0.555759
v 0.161000 0.217638 -0.633152
v 0.162644 0.219412 -0.572183
v 0.166953 0.222482 -0.482464
v 0.332428 0.222620 -0.407867
v 0.581148 0.219057 -0.352952
v 0.632687 0.216298 -0.409989
v 0.615090 0.216233 -0.324992
v 0.540340 0.223685 -0.295141
v 0.505268 0.226444 -0.220406
v 0.486048 0.228870 -0.232376
v 0.474838 0.231810 -0.223549
v 0.525444 0.221135 -0.198651
v 0.645585 0.211569 -0.328721
v 0.441120 0.230108 -0.130079
v 0.474838 0.231810 -0.223549
v 0.382310 0.232751 -0.051636
v 0.374858 0.239530 -0.123967
v 0.342530 0.240543 -0.054149
v 0.451686 0.222859 -0.101300
v 0.347520 0.227501 0.022716
v 0.295495 0.236836 0.058382
v 0.262842 0.236915 0.107677
v 0.365921 0.212815 0.028871
v 0.274363 0.226958 0.121125
v 0.284393 0.217971 0.123036
v 0.191901 0.239139 0.204709
v 0.205943 0.247112 0.139598
v 0.234186 0.248430 0.060837
v 0.155482 0.256048 0.130358
v 0.116898 0.259524 0.198322
v 0.070536 0.265890 0.155979
v 0.119968 0.258032 0.082475
v 0.073592 0.263203 0.057491
v 0.078219 0.259032 -0.041287
v 0.146843 0.255020 0.011296
v 0.203017 0.252753 0.056926
v 0.165816 0.255563 0.019740
v 0.167924 0.254571 0.004046
v 0.204219 0.254817 -0.004390
v 0.204683 0.253289 -0.034219
v 0.220028 0.252659 -0.076533
v 0.291968 0.246388 -0.033995
v 0.259054 0.249951 -0.074288
v 0.309522 0.245736 -0.074824
v 0.350330 0.242723 -0.161595
v 0.373207 0.239667 -0.213468
v 0.228378 0.255338 0.044333
v 0.206544 0.255519 -0.031511
v 0.267136 0.252702 -0.019287
v 0.291968 0.246388 -0.033995
v 0.292873 0.244852 0.008030
v 0.276145 0.248017 0.042341
v 0.291968 0.246388 -0.033995
v 0.295495 0.236836 0.058382
v 0.269207 0.242448 0.061793
v 0.228378 0.255338 0.044333
v 0.203017 0.252753 0.056926
v 0.276145 0.248017 0.042341
v 0.332320 0.205573 0.075900
v 0.284393 0.217971 0.123036
v 0.267744 0.209628 0.152539
v 0.635772 0.207557 -0.291491
v 0.709009 0.200475 -0.366002
v 0.637525 0.215306 -0.466887
v 0.641240 0.215929 -0.502524
v 0.474838 0.231810 -0.223549
v 0.243398 0.253745 -0.238901
v 0.245259 0.257098 -0.141304
v 0.218899 0.250595 -0.162623
v 0.221600 0.250494 -0.214895
v 0.221940 0.253332 -0.122185
v 0.221028 0.253332 -0.121772
v 0.232441 0.255758 -0.087577
v 0.332320 0.205573 0.075900
v 0.298551 0.191125 0.119712
v 0.267744 0.209628 0.152539
v 0.262834 0.187063 0.162012
v 0.460441 0.166597 -0.079683
v 0.469255 0.176548 -0.080559
v 0.461636 0.166293 -0.062201
v 0.461636 0.166293 -0.062201
v 0.469255 0.176548 -0.080559
v 0.473028 0.170341 -0.060232
v 0.469255 0.176548 -0.080559
v 0.488098 0.179104 -0.099895
v 0.473028 0.170341 -0.060232
v 0.473028 0.170341 -0.060232
v 0.488098 0.179104 -0.099895
v 0.481471 0.163447 -0.060304
v 0.481471 0.163447 -0.060304
v 0.488098 0.179104 -0.099895
v 0.494536 0.169262 -0.114458
v 0.889300 0.178981 -0.540877
v 0.908252 0.180943 -0.567208
v 0.909280 0.169632 -0.561603
v 0.908252 0.180943 -0.567208
v 0.915523 0.188301 -0.596139
v 0.909280 0.169632 -0.561603
v 0.896028 0.189148 -0.639285
v 0.908650 0.188830 -0.629849
v 0.915523 0.188301 -0.596139
v 0.891531 0.187562 -0.589484
v 0.904877 0.188308 -0.652241
v 0.859160 0.188482 -0.527219
v 0.908252 0.180943 -0.567208
v 0.887584 0.191176 -0.634426
v 0.896028 0.189148 -0.639285
v 0.797945 0.203292 -0.532621
v 0.838485 0.199649 -0.625345
v 0.801950 0.205993 -0.640183
v 0.828991 0.206188 -0.639517
v 0.820721 0.212431 -0.729229
v 0.867336 0.202901 -0.654182
v 0.875657 0.197991 -0.640002
v 0.887584 0.191176 -0.634426
v 0.838485 0.199649 -0.625345
v 0.801950 0.205993 -0.640183
v 0.889300 0.178981 -0.540877
v 0.908252 0.180943 -0.567208
v 0.908650 0.188830 -0.629849
v 0.908882 0.159609 -0.591099
v 0.915523 0.188301 -0.596139
v 0.904877 0.188308 -0.652241
v 0.900199 0.159689 -0.637765
v 0.892009 0.167394 -0.735927
v 0.915523 0.188301 -0.596139
v 0.908882 0.159609 -0.591099
v 0.909280 0.169632 -0.561603
v 0.906514 0.153823 -0.584262
v 0.909280 0.169632 -0.561603
v 0.906514 0.153823 -0.584262
v 0.869045 0.157024 -0.535771
v 0.557576 0.135639 -0.319292
v 0.578512 0.135574 -0.353394
v 0.559857 0.133336 -0.325057
v 0.559857 0.133336 -0.325057
v 0.518405 0.133206 -0.277464
v 0.557576 0.135639 -0.319292
v 0.253268 0.123096 -0.029773
v 0.222440 0.119511 -0.027129
v 0.290469 0.125479 -0.029917
v 0.222440 0.119511 -0.027129
v 0.204712 0.119620 0.062495
v 0.290469 0.125479 -0.029917
v 0.203546 0.120880 -0.027274
v 0.204712 0.119620 0.062495
v 0.238763 0.127810 0.066920
v 0.272872 0.126616 0.043608
v 0.290390 0.137804 0.060627
v 0.267057 0.135125 0.066768
v 0.896028 0.189148 -0.639285
v 0.887584 0.191176 -0.634426
v 0.889865 0.230448 -0.647766
v 0.894348 0.255034 -0.660214
v 0.893073 0.311513 -0.673510
v 0.887193 0.290164 -0.664378
v 0.887584 0.191176 -0.634426
v 0.875657 0.197991 -0.640002
v 0.889865 0.230448 -0.647766
v 0.880719 0.239349 -0.651988
v 0.887193 0.290164 -0.664378
v 0.880719 0.239349 -0.651988
v 0.877511 0.258170 -0.667000
v 0.887193 0.290164 -0.664378
v 0.875657 0.197991 -0.640002
v 0.867336 0.202901 -0.654182
v 0.884086 0.312158 -0.673307
v 0.884086 0.312158 -0.673307
v 0.893073 0.311513 -0.673510
v 0.887193 0.290164 -0.664378
v 0.894348 0.255034 -0.660214
v 0.896376 0.177149 -0.645941
v 0.896028 0.189148 -0.639285
v 0.893073 0.311513 -0.673510
v 0.888294 0.312505 -0.725905
v 0.896376 0.177149 -0.645941
v 0.890003 0.185231 -0.730576
v 0.892530 0.179111 -0.695337
v 0.890003 0.185231 -0.730576
v 0.900054 0.188366 -0.688233
v 0.892530 0.179111 -0.695337
v 0.904877 0.188308 -0.652241
v 0.896376 0.177149 -0.645941
v 0.896376 0.177149 -0.645941
v 0.904877 0.188308 -0.652241
v 0.896028 0.189148 -0.639285
v 0.908882 0.159609 -0.591099
v 0.900199 0.159689 -0.637765
v 0.906514 0.153823 -0.584262
v 0.892986 0.162108 -0.673619
v 0.895818 0.158385 -0.642646
v 0.900199 0.159689 -0.637765
v 0.890263 0.154612 -0.635469
v 0.890263 0.154612 -0.635469
v 0.895818 0.158385 -0.642646
v 0.890647 0.118092 -0.648171
v 0.893305 0.091051 -0.660120
v 0.893044 0.056095 -0.671077
v 0.889865 0.043950 -0.704549
v 0.883377 0.042488 -0.686994
v 0.889865 0.043950 -0.704549
v 0.878851 0.044638 -0.729417
v 0.883377 0.042488 -0.686994
v 0.884687 0.046536 -0.757501
v 0.874744 0.046869 -0.780993
v 0.878539 0.050294 -0.818940
v 0.872065 0.049766 -0.815775
v 0.878851 0.044638 -0.729417
v 0.883623 0.053908 -0.672902
v 0.883377 0.042488 -0.686994
v 0.874744 0.046869 -0.780993
v 0.872050 0.085069 -0.782622
v 0.875621 0.087655 -0.715245
v 0.869530 0.150361 -0.659410
v 0.865670 0.154815 -0.684945
v 0.860340 0.165200 -0.752728
v 0.859196 0.170218 -0.786178
v 0.861238 0.175831 -0.814653
v 0.869907 0.103398 -0.815659
v 0.872065 0.049766 -0.815775
v 0.883377 0.042488 -0.686994
v 0.883623 0.053908 -0.672902
v 0.893044 0.056095 -0.671077
v 0.883623 0.053908 -0.672902
v 0.881479 0.090703 -0.662032
v 0.893044 0.056095 -0.671077
v 0.893305 0.091051 -0.660120
v 0.890647 0.118092 -0.648171
v 0.879806 0.117810 -0.652502
v 0.876888 0.150289 -0.640336
v 0.890263 0.154612 -0.635469
v 0.881479 0.090703 -0.662032
v 0.869530 0.150361 -0.659410
v 0.879806 0.117810 -0.652502
v 0.876888 0.150289 -0.640336
v 0.876888 0.150289 -0.640336
v 0.880241 0.152925 -0.628654
v 0.890263 0.154612 -0.635469
v 0.890263 0.154612 -0.635469
v 0.880241 0.152925 -0.628654
v 0.900199 0.159689 -0.637765
v 0.578512 0.135574 -0.353394
v 0.494572 0.132510 -0.355624
v 0.559632 0.131641 -0.351272
v 0.222150 0.118454 -0.080204
v 0.255325 0.122604 -0.072702
v 0.302071 0.122184 -0.076895
v 0.218225 0.120887 -0.076967
v 0.302071 0.122184 -0.076895
v 0.255325 0.122604 -0.072702
v 0.310710 0.125066 -0.076142
v 0.253268 0.123096 -0.029773
v 0.203546 0.120880 -0.027274
v 0.222440 0.119511 -0.027129
v 0.203546 0.120880 -0.027274
v 0.201895 0.121923 0.064088
v 0.204712 0.119620 0.062495
v 0.204712 0.119620 0.062495
v 0.201895 0.121923 0.064088
v 0.238763 0.127810 0.066920
v 0.154468 0.136305 0.208968
v 0.205820 0.148326 0.181905
v 0.235837 0.139079 0.120951
v 0.112618 0.126427 0.204297
v 0.124777 0.139796 0.247074
v 0.147350 0.154221 0.261130
v 0.197600 0.166684 0.224907
v 0.113921 0.153569 0.287910
v 0.138449 0.169487 0.294812
v 0.160081 0.182754 0.283305
v 0.116449 0.181125 0.325604
v 0.116449 0.181125 0.325604
v 0.097772 0.173673 0.326133
v 0.091255 0.151462 0.291596
v 0.086584 0.137840 0.254699
v 0.081942 0.127195 0.203848
v 0.081109 0.122929 0.158108
v 0.223961 0.181023 0.206592
v 0.239009 0.162173 0.169130
v 0.877511 0.258170 -0.667000
v 0.867336 0.202901 -0.654182
v 0.864381 0.208078 -0.677175
v 0.867336 0.202901 -0.654182
v 0.861195 0.208643 -0.715969
v 0.864381 0.208078 -0.677175
v 0.864381 0.208078 -0.677175
v 0.861195 0.208643 -0.715969
v 0.877511 0.258170 -0.667000
v 0.870942 0.259843 -0.761179
v 0.884086 0.312158 -0.673307
v 0.879263 0.312940 -0.728874
v 0.871348 0.286840 -0.817796
v 0.872673 0.313997 -0.818107
v 0.866626 0.230861 -0.814312
v 0.859196 0.204827 -0.799097
v 0.861861 0.197925 -0.815884
v 0.857755 0.207564 -0.773309
v 0.871348 0.286840 -0.817796
v 0.879097 0.313418 -0.819302
v 0.872673 0.313997 -0.818107
v 0.873376 0.243295 -0.820692
v 0.879097 0.313418 -0.819302
v 0.888294 0.312505 -0.725905
v 0.882638 0.313613 -0.782238
v 0.879176 0.190568 -0.814646
v 0.884521 0.188055 -0.763040
v 0.896376 0.177149 -0.645941
v 0.884086 0.312158 -0.673307
v 0.888294 0.312505 -0.725905
v 0.893073 0.311513 -0.673510
v 0.896376 0.177149 -0.645941
v 0.884521 0.188055 -0.763040
v 0.890003 0.185231 -0.730576
v 0.891668 0.188294 -0.772592
v 0.879176 0.190568 -0.814646
v 0.890003 0.185231 -0.730576
v 0.891668 0.188294 -0.772592
v 0.900054 0.188366 -0.688233
v 0.900054 0.188366 -0.688233
v 0.891668 0.188294 -0.772592
v 0.904877 0.188308 -0.652241
v 0.891668 0.188294 -0.772592
v 0.892009 0.167394 -0.735927
v 0.904877 0.188308 -0.652241
v 0.886071 0.187483 -0.815985
v 0.883753 0.173557 -0.812951
v 0.900199 0.159689 -0.637765
v 0.892009 0.167394 -0.735927
v 0.892986 0.162108 -0.673619
v 0.888555 0.164678 -0.719155
v 0.883862 0.168089 -0.769116
v 0.888555 0.164678 -0.719155
v 0.892009 0.167394 -0.735927
v 0.883753 0.173557 -0.812951
v 0.879683 0.171681 -0.811937
v 0.892986 0.162108 -0.673619
v 0.888555 0.164678 -0.719155
v 0.895818 0.158385 -0.642646
v 0.893305 0.091051 -0.660120
v 0.893044 0.056095 -0.671077
v 0.888555 0.164678 -0.719155
v 0.884687 0.046536 -0.757501
v 0.893044 0.056095 -0.671077
v 0.883862 0.168089 -0.769116
v 0.878539 0.050294 -0.818940
v 0.879683 0.171681 -0.811937
v 0.889865 0.043950 -0.704549
v 0.883623 0.053908 -0.672902
v 0.875621 0.087655 -0.715245
v 0.881479 0.090703 -0.662032
v 0.869530 0.150361 -0.659410
v 0.860340 0.165200 -0.752728
v 0.862614 0.160007 -0.715346
v 0.865670 0.154815 -0.684945
v 0.862614 0.160007 -0.715346
v 0.859761 0.150369 -0.647027
v 0.865670 0.154815 -0.684945
v 0.860340 0.165200 -0.752728
v 0.831815 0.159805 -0.720053
v 0.824341 0.144865 -0.636903
v 0.804919 0.144054 -0.634462
v 0.796707 0.156466 -0.707242
v 0.793390 0.165149 -0.769725
v 0.800393 0.171993 -0.812176
v 0.859196 0.170218 -0.786178
v 0.861238 0.175831 -0.814653
v 0.831851 0.176070 -0.816666
v 0.872695 0.177953 -0.821091
v 0.869530 0.150361 -0.659410
v 0.876888 0.150289 -0.640336
v 0.859761 0.150369 -0.647027
v 0.880241 0.152925 -0.628654
v 0.843272 0.149710 -0.623607
v 0.804919 0.144054 -0.634462
v 0.802609 0.150673 -0.634658
v 0.796707 0.156466 -0.707242
v 0.799299 0.154055 -0.666573
v 0.804919 0.144054 -0.634462
v 0.791275 0.166025 -0.754437
v 0.795888 0.158733 -0.700913
v 0.802609 0.150673 -0.634658
v 0.506955 0.153859 -0.670360
v 0.506543 0.158400 -0.708488
v 0.505724 0.137500 -0.674669
v 0.501763 0.149572 -0.640879
v 0.505594 0.123147 -0.716845
v 0.506086 0.122010 -0.754959
v 0.507310 0.138550 -0.744270
v 0.508817 0.162057 -0.737433
v 0.505594 0.123147 -0.716845
v 0.499757 0.138499 -0.672851
v 0.505724 0.137500 -0.674669
v 0.499801 0.121974 -0.720003
v 0.501763 0.149572 -0.640879
v 0.498794 0.152773 -0.663321
v 0.501763 0.149572 -0.640879
v 0.499757 0.138499 -0.672851
v 0.499337 0.156792 -0.696409
v 0.498881 0.161977 -0.737419
v 0.498845 0.135458 -0.738245
v 0.499801 0.121974 -0.720003
v 0.499750 0.122176 -0.756422
v 0.497838 0.138673 -0.746305
v 0.501763 0.149572 -0.640879
v 0.519904 0.148001 -0.623658
v 0.506955 0.153859 -0.670360
v 0.498794 0.152773 -0.663321
v 0.419699 0.145502 -0.626482
v 0.499337 0.156792 -0.696409
v 0.498881 0.161977 -0.737419
v 0.482580 0.162093 -0.740019
v 0.506955 0.153859 -0.670360
v 0.519904 0.148001 -0.623658
v 0.525494 0.150159 -0.623600
v 0.519904 0.148001 -0.623658
v 0.502610 0.149159 -0.617908
v 0.525494 0.150159 -0.623600
v 0.447392 0.129483 -0.354936
v 0.446610 0.130302 -0.231594
v 0.451476 0.127579 -0.227336
v 0.451476 0.127579 -0.227336
v 0.446610 0.130302 -0.231594
v 0.477800 0.133430 -0.230327
v 0.391746 0.127825 -0.295409
v 0.383244 0.124559 -0.301021
v 0.366704 0.125537 -0.293758
v 0.310739 0.123480 -0.293823
v 0.242290 0.118505 -0.306655
v 0.222092 0.122785 -0.293700
v 0.258547 0.118353 -0.334703
v 0.222034 0.124993 -0.350389
v 0.222092 0.122785 -0.293700
v 0.359838 0.123024 -0.338092
v 0.393426 0.128339 -0.352713
v 0.391746 0.127825 -0.295409
v 0.218696 0.122900 -0.241117
v 0.218225 0.120887 -0.076967
v 0.222150 0.118454 -0.080204
v 0.084158 0.121525 0.078869
v 0.081978 0.123987 0.000824
v 0.080370 0.123263 0.132241
v 0.081109 0.122929 0.158108
v 0.084708 0.125022 -0.170285
v 0.204219 0.254817 -0.004390
v 0.204683 0.253289 -0.034219
v 0.206544 0.255519 -0.031511
v 0.204683 0.253289 -0.034219
v 0.291968 0.246388 -0.033995
v 0.206544 0.255519 -0.031511
v 0.292873 0.244852 0.008030
v 0.291968 0.246388 -0.033995
v 0.295495 0.236836 0.058382
v 0.232441 0.255758 -0.087577
v 0.296328 0.249559 -0.076801
v 0.259054 0.249951 -0.074288
v 0.220028 0.252659 -0.076533
v 0.259054 0.249951 -0.074288
v 0.296328 0.249559 -0.076801
v 0.309522 0.245736 -0.074824
v 0.309522 0.245736 -0.074824
v 0.296328 0.249559 -0.076801
v 0.331219 0.247836 -0.145598
v 0.350330 0.242723 -0.161595
v 0.373207 0.239667 -0.213468
v 0.366392 0.243730 -0.216169
v 0.320798 0.251457 -0.168670
v 0.332124 0.250168 -0.235584
v 0.393498 0.237408 -0.286958
v 0.390913 0.236604 -0.258041
v 0.329220 0.244425 -0.276493
v 0.342407 0.240275 -0.289970
v 0.272959 0.243672 -0.287624
v 0.235417 0.244802 -0.288826
v 0.243398 0.253745 -0.238901
v 0.245259 0.257098 -0.141304
v 0.232441 0.255758 -0.087577
v 0.486048 0.228870 -0.232376
v 0.474838 0.231810 -0.223549
v 0.540340 0.223685 -0.295141
v 0.474838 0.231810 -0.223549
v 0.447377 0.232860 -0.232289
v 0.466372 0.235206 -0.239408
v 0.532012 0.221005 -0.354046
v 0.581148 0.219057 -0.352952
v 0.450093 0.227153 -0.351743
v 0.579866 0.221780 -0.350396
v 0.579866 0.221780 -0.350396
v 0.581148 0.219057 -0.352952
v 0.540340 0.223685 -0.295141
v 0.641240 0.215929 -0.502524
v 0.637525 0.215306 -0.466887
v 0.636765 0.219267 -0.483572
v 0.632687 0.216298 -0.409989
v 0.636765 0.219267 -0.483572
v 0.632687 0.216298 -0.409989
v 0.614699 0.224047 -0.482081
v 0.638300 0.219310 -0.552485
v 0.600874 0.225546 -0.526227
v 0.628299 0.218007 -0.629958
v 0.640943 0.214893 -0.631095
v 0.592858 0.222222 -0.612976
v 0.583581 0.218695 -0.631225
v 0.506782 0.221360 -0.619638
v 0.454749 0.215907 -0.632594
v 0.456444 0.219441 -0.553586
v 0.495883 0.225430 -0.563008
v 0.479096 0.222888 -0.554868
v 0.500677 0.225719 -0.486505
v 0.571545 0.222135 -0.426695
v 0.508237 0.222794 -0.430765
v 0.482015 0.223120 -0.483435
v 0.460637 0.220085 -0.484651
v 0.467104 0.218507 -0.409793
v 0.517536 0.219868 -0.411299
v 0.636765 0.219267 -0.483572
v 0.638300 0.219310 -0.552485
v 0.641240 0.215929 -0.502524
v 0.641551 0.214444 -0.598855
v 0.640943 0.214893 -0.631095
v 0.867336 0.202901 -0.654182
v 0.820721 0.212431 -0.729229
v 0.861195 0.208643 -0.715969
v 0.857755 0.207564 -0.773309
v 0.806034 0.208527 -0.790849
v 0.859196 0.204827 -0.799097
v 0.789161 0.212322 -0.721588
v 0.791840 0.209911 -0.751729
v 0.796048 0.205928 -0.789908
v 0.803862 0.201373 -0.810880
v 0.705547 0.210258 -0.752127
v 0.796048 0.205928 -0.789908
v 0.697415 0.204334 -0.801371
v 0.803862 0.201373 -0.810880
v 0.611034 0.210208 -0.752764
v 0.723224 0.197093 -0.816289
v 0.803862 0.201373 -0.810880
v 0.663928 0.213539 -0.707923
v 0.757174 0.212641 -0.690724
v 0.801950 0.205993 -0.640183
v 0.866626 0.230861 -0.814312
v 0.873376 0.243295 -0.820692
v 0.871348 0.286840 -0.817796
v 0.870436 0.190075 -0.822126
v 0.873376 0.243295 -0.820692
v 0.879176 0.190568 -0.814646
v 0.879097 0.313418 -0.819302
v 0.870436 0.190075 -0.822126
v 0.879176 0.190568 -0.814646
v 0.886071 0.187483 -0.815985
v 0.891668 0.188294 -0.772592
v 0.872065 0.049766 -0.815775
v 0.878539 0.050294 -0.818940
v 0.869907 0.103398 -0.815659
v 0.878539 0.050294 -0.818940
v 0.873426 0.108497 -0.820359
v 0.869907 0.103398 -0.815659
v 0.861238 0.175831 -0.814653
v 0.793390 0.165149 -0.769725
v 0.791275 0.166025 -0.754437
v 0.796707 0.156466 -0.707242
v 0.508817 0.162057 -0.737433
v 0.517463 0.162614 -0.745305
v 0.518622 0.140498 -0.740222
v 0.517463 0.162614 -0.745305
v 0.507310 0.138550 -0.744270
v 0.518622 0.140498 -0.740222
v 0.518622 0.140498 -0.740222
v 0.507310 0.138550 -0.744270
v 0.508817 0.162057 -0.737433
v 0.506086 0.122010 -0.754959
v 0.499801 0.121974 -0.720003
v 0.505594 0.123147 -0.716845
v 0.499750 0.122176 -0.756422
v 0.467068 0.140158 -0.743814
v 0.482580 0.162093 -0.740019
v 0.483123 0.141172 -0.739954
v 0.465655 0.161521 -0.743002
v 0.483123 0.141172 -0.739954
v 0.482580 0.162093 -0.740019
v 0.498845 0.135458 -0.738245
v 0.498881 0.161977 -0.737419
v 0.519904 0.148001 -0.623658
v 0.419699 0.145502 -0.626482
v 0.502610 0.149159 -0.617908
v 0.222034 0.124993 -0.350389
v 0.218739 0.125326 -0.299805
v 0.222092 0.122785 -0.293700
v 0.218696 0.122900 -0.241117
v 0.081109 0.122929 0.158108
v 0.078625 0.117889 0.269661
v 0.081942 0.127195 0.203848
v 0.086584 0.137840 0.254699
v 0.091255 0.151462 0.291596
v 0.094036 0.146994 0.351175
v 0.097772 0.173673 0.326133
v 0.097562 0.162274 0.369699
v 0.098359 0.195586 0.342108
v 0.092978 0.217688 0.371966
v 0.080877 0.116086 0.370148
v 0.160081 0.182754 0.283305
v 0.213873 0.196796 0.223372
v 0.223961 0.181023 0.206592
v 0.116449 0.181125 0.325604
v 0.143779 0.201300 0.307304
v 0.098359 0.195586 0.342108
v 0.116478 0.215393 0.326422
v 0.262834 0.187063 0.162012
v 0.262834 0.187063 0.162012
v 0.213873 0.196796 0.223372
v 0.267744 0.209628 0.152539
v 0.189779 0.211967 0.249225
v 0.143779 0.201300 0.307304
v 0.189779 0.211967 0.249225
v 0.192452 0.225886 0.232844
v 0.267744 0.209628 0.152539
v 0.143779 0.201300 0.307304
v 0.152021 0.226545 0.281878
v 0.116478 0.215393 0.326422
v 0.284393 0.217971 0.123036
v 0.192452 0.225886 0.232844
v 0.191901 0.239139 0.204709
v 0.284393 0.217971 0.123036
v 0.152021 0.226545 0.281878
v 0.150840 0.248212 0.227224
v 0.116478 0.215393 0.326422
v 0.115102 0.236930 0.296188
v 0.106296 0.251935 0.258009
v 0.087619 0.230115 0.316834
v 0.087619 0.230115 0.316834
v 0.078560 0.246554 0.278214
v 0.074446 0.259640 0.231714
v 0.116898 0.259524 0.198322
v 0.070536 0.265890 0.155979
v 0.205943 0.247112 0.139598
v 0.095513 0.209657 0.337864
v 0.160399 0.265665 0.001780
v 0.165816 0.255563 0.019740
v 0.150927 0.264079 0.010897
v 0.165816 0.255563 0.019740
v 0.146843 0.255020 0.011296
v 0.150927 0.264079 0.010897
v 0.150927 0.264079 0.010897
v 0.146843 0.255020 0.011296
v 0.160399 0.265665 0.001780
v 0.146843 0.255020 0.011296
v 0.167924 0.254571 0.004046
v 0.160399 0.265665 0.001780
v 0.160399 0.265665 0.001780
v 0.167924 0.254571 0.004046
v 0.165816 0.255563 0.019740
v 0.220028 0.252659 -0.076533
v 0.221592 0.254129 -0.121164
v 0.232441 0.255758 -0.087577
v 0.232441 0.255758 -0.087577
v 0.221592 0.254129 -0.121164
v 0.220694 0.253962 -0.121714
v 0.221592 0.254129 -0.121164
v 0.221028 0.253332 -0.121772
v 0.220694 0.253962 -0.121714
v 0.221028 0.253332 -0.121772
v 0.221940 0.253332 -0.122185
v 0.220694 0.253962 -0.121714
v 0.220694 0.253962 -0.121714
v 0.221940 0.253332 -0.122185
v 0.232441 0.255758 -0.087577
v 0.447377 0.232860 -0.232289
v 0.447464 0.228066 -0.307734
v 0.450136 0.231028 -0.298588
v 0.450093 0.227153 -0.351743
v 0.447464 0.228066 -0.307734
v 0.448210 0.223554 -0.353901
v 0.450093 0.227153 -0.351743
v 0.450093 0.227153 -0.351743
v 0.448210 0.223554 -0.353901
v 0.532012 0.221005 -0.354046
v 0.632687 0.216298 -0.409989
v 0.467104 0.218507 -0.409793
v 0.517536 0.219868 -0.411299
v 0.536603 0.215588 -0.633304
v 0.640943 0.214893 -0.631095
v 0.583581 0.218695 -0.631225
v 0.628299 0.218007 -0.629958
v 0.806034 0.208527 -0.790849
v 0.861861 0.197925 -0.815884
v 0.859196 0.204827 -0.799097
v 0.803862 0.201373 -0.810880
v 0.861861 0.197925 -0.815884
v 0.870436 0.190075 -0.822126
v 0.866626 0.230861 -0.814312
v 0.879176 0.190568 -0.814646
v 0.870436 0.190075 -0.822126
v 0.886071 0.187483 -0.815985
v 0.870436 0.190075 -0.822126
v 0.872695 0.177953 -0.821091
v 0.886071 0.187483 -0.815985
v 0.886071 0.187483 -0.815985
v 0.872695 0.177953 -0.821091
v 0.883753 0.173557 -0.812951
v 0.883753 0.173557 -0.812951
v 0.872695 0.177953 -0.821091
v 0.879683 0.171681 -0.811937
v 0.879683 0.171681 -0.811937
v 0.872695 0.177953 -0.821091
v 0.878539 0.050294 -0.818940
v 0.878539 0.050294 -0.818940
v 0.872695 0.177953 -0.821091
v 0.873426 0.108497 -0.820359
v 0.873426 0.108497 -0.820359
v 0.872695 0.177953 -0.821091
v 0.861238 0.175831 -0.814653
v 0.799422 0.177634 -0.814139
v 0.795027 0.171507 -0.793970
v 0.800393 0.171993 -0.812176
v 0.800393 0.171993 -0.812176
v 0.795027 0.171507 -0.793970
v 0.793390 0.165149 -0.769725
v 0.793390 0.165149 -0.769725
v 0.795027 0.171507 -0.793970
v 0.791275 0.166025 -0.754437
v 0.664877 0.171015 -0.793594
v 0.682663 0.165938 -0.756639
v 0.795027 0.171507 -0.793970
v 0.740032 0.179003 -0.815826
v 0.598325 0.177525 -0.814769
v 0.505775 0.168690 -0.784809
v 0.554737 0.176960 -0.813241
v 0.473513 0.170667 -0.795020
v 0.429331 0.176265 -0.811995
v 0.401631 0.170667 -0.797070
v 0.333717 0.176598 -0.812444
v 0.286312 0.169994 -0.796737
v 0.219724 0.176287 -0.812306
v 0.134517 0.167539 -0.788510
v 0.134148 0.176084 -0.812451
v 0.799422 0.177634 -0.814139
v 0.791275 0.166025 -0.754437
v 0.682663 0.165938 -0.756639
v 0.548943 0.165243 -0.755596
v 0.615220 0.165772 -0.754843
v 0.494087 0.125413 -0.776322
v 0.501756 0.124711 -0.770232
v 0.501662 0.135487 -0.788886
v 0.501662 0.135487 -0.788886
v 0.501756 0.124711 -0.770232
v 0.509707 0.124602 -0.775735
v 0.509707 0.124602 -0.775735
v 0.501756 0.124711 -0.770232
v 0.508512 0.166293 -0.767907
v 0.501756 0.124711 -0.770232
v 0.498765 0.165301 -0.764351
v 0.508512 0.166293 -0.767907
v 0.498765 0.165301 -0.764351
v 0.506391 0.164454 -0.750396
v 0.508512 0.166293 -0.767907
v 0.494000 0.166677 -0.770471
v 0.497527 0.163042 -0.745124
v 0.416650 0.164150 -0.762505
v 0.465655 0.161521 -0.743002
v 0.473513 0.170667 -0.795020
v 0.432770 0.166663 -0.774946
v 0.401631 0.170667 -0.797070
v 0.433306 0.161296 -0.742669
v 0.418714 0.161268 -0.749491
v 0.415723 0.162853 -0.758442
v 0.411994 0.160601 -0.746891
v 0.508512 0.166293 -0.767907
v 0.506391 0.164454 -0.750396
v 0.548943 0.165243 -0.755596
v 0.505775 0.168690 -0.784809
v 0.473513 0.170667 -0.795020
v 0.499446 0.168864 -0.785497
v 0.494000 0.166677 -0.770471
v 0.517463 0.162614 -0.745305
v 0.517463 0.162614 -0.745305
v 0.506391 0.164454 -0.750396
v 0.507310 0.138550 -0.744270
v 0.507310 0.138550 -0.744270
v 0.506391 0.164454 -0.750396
v 0.506086 0.122010 -0.754959
v 0.506391 0.164454 -0.750396
v 0.499750 0.122176 -0.756422
v 0.506086 0.122010 -0.754959
v 0.498845 0.135458 -0.738245
v 0.497838 0.138673 -0.746305
v 0.483123 0.141172 -0.739954
v 0.483123 0.141172 -0.739954
v 0.497838 0.138673 -0.746305
v 0.467068 0.140158 -0.743814
v 0.497838 0.138673 -0.746305
v 0.465655 0.161521 -0.743002
v 0.467068 0.140158 -0.743814
v 0.497527 0.163042 -0.745124
v 0.465655 0.161521 -0.743002
v 0.433306 0.161296 -0.742669
v 0.482580 0.162093 -0.740019
v 0.482580 0.162093 -0.740019
v 0.433306 0.161296 -0.742669
v 0.499337 0.156792 -0.696409
v 0.419829 0.149384 -0.654276
v 0.419699 0.145502 -0.626482
v 0.422871 0.157762 -0.719409
v 0.421560 0.158458 -0.737491
v 0.421560 0.158458 -0.737491
v 0.433306 0.161296 -0.742669
v 0.436565 0.138985 -0.741880
v 0.433306 0.161296 -0.742669
v 0.424174 0.136609 -0.743958
v 0.436565 0.138985 -0.741880
v 0.436565 0.138985 -0.741880
v 0.424174 0.136609 -0.743958
v 0.421560 0.158458 -0.737491
v 0.421560 0.158458 -0.737491
v 0.424174 0.136609 -0.743958
v 0.417331 0.125993 -0.733197
v 0.417468 0.154156 -0.728548
v 0.424174 0.136609 -0.743958
v 0.416947 0.125609 -0.750599
v 0.417331 0.125993 -0.733197
v 0.417331 0.125993 -0.733197
v 0.416947 0.125609 -0.750599
v 0.409539 0.136624 -0.739505
v 0.416947 0.125609 -0.750599
v 0.410357 0.137652 -0.744864
v 0.409539 0.136624 -0.739505
v 0.410357 0.137652 -0.744864
v 0.375944 0.141722 -0.743676
v 0.409539 0.136624 -0.739505
v 0.375944 0.141722 -0.743676
v 0.409466 0.157147 -0.738303
v 0.409539 0.136624 -0.739505
v 0.375242 0.156807 -0.741315
v 0.409466 0.157147 -0.738303
v 0.417468 0.154156 -0.728548
v 0.409539 0.136624 -0.739505
v 0.417331 0.125993 -0.733197
v 0.417468 0.154156 -0.728548
v 0.422871 0.157762 -0.719409
v 0.421560 0.158458 -0.737491
v 0.419829 0.149384 -0.654276
v 0.416520 0.143851 -0.634998
v 0.419699 0.145502 -0.626482
v 0.416107 0.139564 -0.550812
v 0.323513 0.127007 -0.354357
v 0.221658 0.127354 -0.353155
v 0.222034 0.124993 -0.350389
v 0.222034 0.124993 -0.350389
v 0.221658 0.127354 -0.353155
v 0.218739 0.125326 -0.299805
v -0.005561 0.073845 0.372263
v 0.029410 0.078392 0.373870
v 0.009995 0.073743 0.369685
v 0.051852 0.088669 0.370155
v 0.029410 0.078392 0.373870
v 0.057971 0.093810 0.373936
v 0.006772 0.073577 0.395625
v 0.020698 0.075727 0.397942
v 0.029410 0.078392 0.373870
v -0.012564 0.073953 0.375427
v -0.029292 0.217536 0.920220
v -0.013339 0.235532 0.907330
v -0.009203 0.216761 0.937115
v 0.004578 0.227182 0.926557
v 0.004578 0.227182 0.926557
v 0.028577 0.236169 0.892151
v 0.024102 0.216682 0.927810
v 0.098127 0.171804 0.398558
v 0.093550 0.145806 0.395668
v 0.087040 0.138499 0.397558
v 0.079175 0.116658 0.397290
v 0.079175 0.116658 0.397290
v 0.093550 0.145806 0.395668
v 0.076083 0.110300 0.374109
v 0.093789 0.151455 0.372589
v 0.099539 0.182269 0.375297
v 0.098837 0.192168 0.395031
v 0.093789 0.151455 0.372589
v 0.084549 0.131105 0.372328
v 0.076083 0.110300 0.374109
v 0.097562 0.162274 0.369699
v 0.084549 0.131105 0.372328
v 0.080877 0.116086 0.370148
v 0.076083 0.110300 0.374109
v 0.097562 0.162274 0.369699
v 0.079711 0.247720 -0.071348
v 0.078219 0.259032 -0.041287
v 0.078046 0.251464 -0.025696
v 0.075656 0.252558 0.025359
v 0.082101 0.251616 -0.172320
v 0.073382 0.254491 0.063668
v 0.073592 0.263203 0.057491
v 0.070536 0.265890 0.155979
v 0.071970 0.257504 0.102086
v 0.069790 0.258945 0.204637
v 0.220028 0.252659 -0.076533
v 0.218899 0.250595 -0.162623
v 0.221592 0.254129 -0.121164
v 0.221592 0.254129 -0.121164
v 0.218899 0.250595 -0.162623
v 0.221028 0.253332 -0.121772
v 0.218899 0.250595 -0.162623
v 0.219746 0.247937 -0.212490
v 0.221600 0.250494 -0.214895
v 0.219362 0.245156 -0.257194
v 0.346571 0.236626 -0.291846
v 0.396916 0.233331 -0.291201
v 0.342407 0.240275 -0.289970
v 0.267904 0.240761 -0.291520
v 0.342407 0.240275 -0.289970
v 0.396916 0.233331 -0.291201
v 0.393498 0.237408 -0.286958
v 0.393498 0.237408 -0.286958
v 0.396916 0.233331 -0.291201
v 0.390913 0.236604 -0.258041
v 0.467104 0.218507 -0.409793
v 0.457096 0.216769 -0.494623
v 0.460637 0.220085 -0.484651
v 0.456444 0.219441 -0.553586
v 0.454503 0.216015 -0.551247
v 0.454749 0.215907 -0.632594
v 0.583581 0.218695 -0.631225
v 0.454749 0.215907 -0.632594
v 0.536603 0.215588 -0.633304
v 0.506340 0.214560 -0.653907
v 0.497773 0.214277 -0.665711
v 0.502806 0.222316 -0.680817
v 0.497773 0.214277 -0.665711
v 0.497700 0.211902 -0.741525
v 0.502806 0.222316 -0.680817
v 0.500626 0.221353 -0.747304
v 0.497700 0.211902 -0.741525
v 0.508498 0.211207 -0.745848
v 0.500626 0.221353 -0.747304
v 0.500626 0.221353 -0.747304
v 0.508498 0.211207 -0.745848
v 0.502806 0.222316 -0.680817
v 0.507672 0.213459 -0.710690
v 0.506340 0.214560 -0.653907
v 0.861861 0.197925 -0.815884
v 0.803862 0.201373 -0.810880
v 0.870436 0.190075 -0.822126
v 0.806556 0.190155 -0.822691
v 0.723224 0.197093 -0.816289
v 0.870436 0.190075 -0.822126
v 0.806556 0.190155 -0.822691
v 0.872695 0.177953 -0.821091
v 0.872695 0.177953 -0.821091
v 0.806556 0.190155 -0.822691
v 0.831851 0.176070 -0.816666
v 0.800393 0.171993 -0.812176
v 0.800393 0.171993 -0.812176
v 0.806556 0.190155 -0.822691
v 0.799422 0.177634 -0.814139
v 0.806556 0.190155 -0.822691
v 0.778827 0.188670 -0.820613
v 0.799422 0.177634 -0.814139
v 0.740032 0.179003 -0.815826
v 0.666499 0.189424 -0.821083
v 0.656513 0.181009 -0.818375
v 0.548016 0.188149 -0.820830
v 0.656513 0.181009 -0.818375
v 0.598325 0.177525 -0.814769
v 0.740032 0.179003 -0.815826
v 0.548016 0.188149 -0.820830
v 0.554737 0.176960 -0.813241
v 0.435146 0.184311 -0.819932
v 0.429331 0.176265 -0.811995
v 0.299789 0.183080 -0.818368
v 0.333717 0.176598 -0.812444
v 0.219724 0.176287 -0.812306
v 0.212424 0.184267 -0.818860
v 0.134148 0.176084 -0.812451
v 0.133757 0.188460 -0.819244
v 0.508512 0.166293 -0.767907
v 0.505775 0.168690 -0.784809
v 0.509707 0.124602 -0.775735
v 0.509707 0.124602 -0.775735
v 0.505775 0.168690 -0.784809
v 0.501662 0.135487 -0.788886
v 0.505775 0.168690 -0.784809
v 0.499446 0.168864 -0.785497
v 0.501662 0.135487 -0.788886
v 0.501662 0.135487 -0.788886
v 0.499446 0.168864 -0.785497
v 0.494087 0.125413 -0.776322
v 0.494000 0.166677 -0.770471
v 0.494087 0.125413 -0.776322
v 0.494000 0.166677 -0.770471
v 0.501756 0.124711 -0.770232
v 0.501756 0.124711 -0.770232
v 0.494000 0.166677 -0.770471
v 0.498765 0.165301 -0.764351
v 0.506391 0.164454 -0.750396
v 0.497527 0.163042 -0.745124
v 0.499750 0.122176 -0.756422
v 0.499750 0.122176 -0.756422
v 0.497527 0.163042 -0.745124
v 0.497838 0.138673 -0.746305
v 0.433306 0.161296 -0.742669
v 0.418714 0.161268 -0.749491
v 0.424174 0.136609 -0.743958
v 0.424174 0.136609 -0.743958
v 0.418714 0.161268 -0.749491
v 0.416947 0.125609 -0.750599
v 0.418714 0.161268 -0.749491
v 0.411994 0.160601 -0.746891
v 0.416947 0.125609 -0.750599
v 0.416947 0.125609 -0.750599
v 0.411994 0.160601 -0.746891
v 0.410357 0.137652 -0.744864
v 0.411994 0.160601 -0.746891
v 0.375242 0.156807 -0.741315
v 0.410357 0.137652 -0.744864
v 0.410357 0.137652 -0.744864
v 0.375242 0.156807 -0.741315
v 0.375944 0.141722 -0.743676
v 0.375242 0.156807 -0.741315
v 0.421799 0.152208 -0.713297
v 0.409466 0.157147 -0.738303
v 0.409466 0.157147 -0.738303
v 0.421799 0.152208 -0.713297
v 0.417468 0.154156 -0.728548
v 0.417468 0.154156 -0.728548
v 0.421799 0.152208 -0.713297
v 0.422871 0.157762 -0.719409
v 0.422871 0.157762 -0.719409
v 0.421799 0.152208 -0.713297
v 0.419829 0.149384 -0.654276
v 0.421799 0.152208 -0.713297
v 0.421278 0.144083 -0.657904
v 0.419829 0.149384 -0.654276
v 0.421278 0.144083 -0.657904
v 0.373619 0.142678 -0.654906
v 0.419829 0.149384 -0.654276
v 0.069776 0.096750 -0.357891
v 0.079096 0.108830 -0.359195
v 0.079016 0.106534 -0.362620
v 0.079849 0.109069 -0.382093
v 0.081290 0.108424 -0.420583
v 0.081254 0.108105 -0.407027
v 0.080428 0.108265 -0.406766
v 0.081290 0.108424 -0.420583
v 0.079016 0.106534 -0.362620
v -0.030820 0.079276 0.372299
v -0.012564 0.073953 0.375427
v -0.005561 0.073845 0.372263
v -0.005561 0.073845 0.372263
v -0.012564 0.073953 0.375427
v 0.029410 0.078392 0.373870
v -0.012564 0.073953 0.375427
v -0.024027 0.077400 0.397298
v 0.006772 0.073577 0.395625
v 0.006772 0.073577 0.395625
v -0.024027 0.077400 0.397298
v 0.020698 0.075727 0.397942
v 0.020698 0.075727 0.397942
v -0.024027 0.077400 0.397298
v -0.007226 0.073736 0.401773
v -0.024027 0.077400 0.397298
v -0.061315 0.096845 0.397899
v -0.034398 0.080377 0.401165
v 0.096758 0.205153 0.398884
v 0.098837 0.192168 0.395031
v 0.098127 0.171804 0.398558
v 0.098127 0.171804 0.398558
v 0.098837 0.192168 0.395031
v 0.093550 0.145806 0.395668
v 0.099539 0.182269 0.375297
v 0.093644 0.202191 0.372451
v 0.093789 0.151455 0.372589
v 0.092978 0.217688 0.371966
v 0.093644 0.202191 0.372451
v 0.097562 0.162274 0.369699
v 0.093789 0.151455 0.372589
v 0.097772 0.173673 0.326133
v 0.098359 0.195586 0.342108
v 0.116449 0.181125 0.325604
v 0.095513 0.209657 0.337864
v 0.116478 0.215393 0.326422
v 0.098359 0.195586 0.342108
v 0.082659 0.242651 -0.227293
v 0.082101 0.251616 -0.172320
v 0.080392 0.246424 -0.147227
v 0.084817 0.239812 -0.305924
v 0.085613 0.244287 -0.263755
v 0.079711 0.247720 -0.071348
v 0.221245 0.241144 -0.288862
v 0.267904 0.240761 -0.291520
v 0.235417 0.244802 -0.288826
v 0.235417 0.244802 -0.288826
v 0.267904 0.240761 -0.291520
v 0.272959 0.243672 -0.287624
v 0.342407 0.240275 -0.289970
v 0.346571 0.236626 -0.291846
v 0.267904 0.240761 -0.291520
v 0.396916 0.233331 -0.291201
v 0.373011 0.223446 -0.602693
v 0.375872 0.216551 -0.633347
v 0.381347 0.222866 -0.620145
v 0.375872 0.216551 -0.633347
v 0.415716 0.215914 -0.629487
v 0.381347 0.222866 -0.620145
v 0.420611 0.219129 -0.742257
v 0.422139 0.211851 -0.742966
v 0.421278 0.214618 -0.654385
v 0.492457 0.208144 -0.774316
v 0.504754 0.220795 -0.775243
v 0.502516 0.210034 -0.764105
v 0.511634 0.210237 -0.751816
v 0.504754 0.220795 -0.775243
v 0.510135 0.207883 -0.775576
v 0.502516 0.210034 -0.764105
v 0.806556 0.190155 -0.822691
v 0.723224 0.197093 -0.816289
v 0.778827 0.188670 -0.820613
v 0.723224 0.197093 -0.816289
v 0.666499 0.189424 -0.821083
v 0.778827 0.188670 -0.820613
v 0.597152 0.199635 -0.814204
v 0.548016 0.188149 -0.820830
v 0.516232 0.194493 -0.819259
v 0.435146 0.184311 -0.819932
v 0.421625 0.197390 -0.815869
v 0.350714 0.190561 -0.820555
v 0.416650 0.164150 -0.762505
v 0.432770 0.166663 -0.774946
v 0.420568 0.163484 -0.771789
v 0.420568 0.163484 -0.771789
v 0.432770 0.166663 -0.774946
v 0.417237 0.134328 -0.771839
v 0.436797 0.142613 -0.775431
v 0.436797 0.142613 -0.775431
v 0.432770 0.166663 -0.774946
v 0.421379 0.138738 -0.778313
v 0.432770 0.166663 -0.774946
v 0.418902 0.167568 -0.781159
v 0.421379 0.138738 -0.778313
v 0.421379 0.138738 -0.778313
v 0.418902 0.167568 -0.781159
v 0.415788 0.144669 -0.788141
v 0.415788 0.144669 -0.788141
v 0.418902 0.167568 -0.781159
v 0.410951 0.139129 -0.776474
v 0.410951 0.139129 -0.776474
v 0.418902 0.167568 -0.781159
v 0.397532 0.142765 -0.777423
v 0.398937 0.166822 -0.778581
v 0.397532 0.142765 -0.777423
v 0.398937 0.166822 -0.778581
v 0.396931 0.163404 -0.772194
v 0.398937 0.166822 -0.778581
v 0.415723 0.162853 -0.758442
v 0.396931 0.163404 -0.772194
v 0.396931 0.163404 -0.772194
v 0.415723 0.162853 -0.758442
v 0.416650 0.164150 -0.762505
v 0.356174 0.160391 -0.754437
v 0.411994 0.160601 -0.746891
v 0.398937 0.166822 -0.778581
v 0.376400 0.162998 -0.759731
v 0.281728 0.160558 -0.755089
v 0.286312 0.169994 -0.796737
v 0.401631 0.170667 -0.797070
v 0.432770 0.166663 -0.774946
v 0.418902 0.167568 -0.781159
v 0.208608 0.160471 -0.755357
v 0.134517 0.167539 -0.788510
v 0.132953 0.161745 -0.759738
v 0.119954 0.161289 -0.757783
v 0.113530 0.155025 -0.745805
v 0.220463 0.152179 -0.734855
v 0.124719 0.150673 -0.729098
v 0.113060 0.151151 -0.732466
v 0.103819 0.146733 -0.709169
v 0.107694 0.142388 -0.669534
v 0.348686 0.143322 -0.673213
v 0.175390 0.143264 -0.657911
v 0.108367 0.145944 -0.653870
v 0.252138 0.142967 -0.658042
v 0.373619 0.142678 -0.654906
v 0.421278 0.144083 -0.657904
v 0.421799 0.152208 -0.713297
v 0.375242 0.156807 -0.741315
v 0.295379 0.153874 -0.739512
v 0.175390 0.143264 -0.657911
v 0.108367 0.145944 -0.653870
v 0.252138 0.142967 -0.658042
v 0.048137 0.078146 -0.361085
v 0.030047 0.070789 -0.355429
v 0.062128 0.088531 -0.358203
v -0.030820 0.079276 0.372299
v -0.049634 0.088755 0.373755
v -0.012564 0.073953 0.375427
v -0.012564 0.073953 0.375427
v -0.049634 0.088755 0.373755
v -0.024027 0.077400 0.397298
v -0.061315 0.096845 0.397899
v -0.049634 0.088755 0.373755
v -0.071664 0.108163 0.397240
v -0.061315 0.096845 0.397899
v -0.075263 0.112313 0.373653
v 0.083810 0.241579 0.400412
v 0.083231 0.234192 0.397783
v 0.096758 0.205153 0.398884
v 0.058486 0.271574 0.398188
v 0.083231 0.234192 0.397783
v 0.084998 0.238566 0.395762
v 0.096758 0.205153 0.398884
v 0.058486 0.271574 0.398188
v 0.096758 0.205153 0.398884
v 0.084998 0.238566 0.395762
v 0.098837 0.192168 0.395031
v 0.084998 0.238566 0.395762
v 0.092978 0.217688 0.371966
v 0.098837 0.192168 0.395031
v 0.060759 0.270249 0.395248
v 0.080124 0.246576 0.375065
v 0.059557 0.270952 0.373038
v 0.099539 0.182269 0.375297
v 0.093644 0.202191 0.372451
v 0.092978 0.217688 0.371966
v 0.097562 0.162274 0.369699
v 0.098359 0.195586 0.342108
v 0.092978 0.217688 0.371966
v 0.095513 0.209657 0.337864
v 0.087619 0.230115 0.316834
v 0.077691 0.250856 0.368548
v 0.078560 0.246554 0.278214
v 0.073918 0.253557 0.250738
v 0.059717 0.269322 0.220453
v 0.069790 0.258945 0.204637
v 0.059557 0.270952 0.373038
v 0.039918 0.282879 0.368794
v 0.042126 0.280822 0.201603
v 0.034399 0.286377 -0.057349
v 0.017511 0.289107 0.169876
v 0.034399 0.286377 -0.057349
v 0.015882 0.292301 -0.057205
v -0.007226 0.293908 -0.058001
v -0.008392 0.290613 0.172230
v 0.007424 0.290671 0.368533
v -0.035144 0.284450 0.369069
v -0.036940 0.283256 0.207505
v -0.031798 0.287832 -0.057530
v -0.007226 0.293908 -0.058001
v -0.051879 0.276332 0.064407
v -0.058028 0.271813 0.372719
v -0.020059 0.287535 0.373067
v 0.024413 0.286652 0.372944
v 0.074446 0.259640 0.231714
v 0.069790 0.258945 0.204637
v 0.070536 0.265890 0.155979
v 0.064105 0.271068 -0.357384
v 0.078053 0.252377 -0.360042
v 0.062374 0.270720 -0.354372
v 0.412008 0.214285 -0.665189
v 0.416375 0.221621 -0.676407
v 0.421278 0.214618 -0.654385
v 0.421278 0.214618 -0.654385
v 0.416375 0.221621 -0.676407
v 0.420611 0.219129 -0.742257
v 0.416375 0.221621 -0.676407
v 0.414405 0.221114 -0.746942
v 0.420611 0.219129 -0.742257
v 0.420611 0.219129 -0.742257
v 0.414405 0.221114 -0.746942
v 0.422139 0.211851 -0.742966
v 0.413457 0.210302 -0.749549
v 0.397706 0.218195 -0.776257
v 0.416107 0.221150 -0.777843
v 0.416759 0.209295 -0.766401
v 0.423161 0.218586 -0.776416
v 0.433422 0.208238 -0.773099
v 0.492457 0.208144 -0.774316
v 0.501213 0.206645 -0.786967
v 0.504754 0.220795 -0.775243
v 0.504754 0.220795 -0.775243
v 0.501213 0.206645 -0.786967
v 0.510135 0.207883 -0.775576
v 0.611034 0.210208 -0.752764
v 0.563970 0.206007 -0.791646
v 0.697415 0.204334 -0.801371
v 0.597152 0.199635 -0.814204
v 0.723224 0.197093 -0.816289
v 0.422856 0.201199 -0.809330
v 0.350714 0.190561 -0.820555
v 0.299789 0.183080 -0.818368
v 0.435146 0.184311 -0.819932
v 0.107694 0.142388 -0.669534
v 0.103935 0.149007 -0.671823
v 0.108367 0.145944 -0.653870
v 0.103819 0.146733 -0.709169
v 0.091762 0.159276 -0.707851
v 0.096657 0.152845 -0.690731
v 0.103718 0.158190 -0.706287
v 0.103935 0.149007 -0.671823
v 0.103935 0.149007 -0.671823
v 0.096657 0.152845 -0.690731
v 0.108367 0.145944 -0.653870
v 0.097417 0.146342 -0.616582
v 0.096751 0.142229 -0.573914
v 0.068783 0.091659 -0.593228
v 0.079349 0.102812 -0.651162
v 0.071253 0.090856 -0.618451
v 0.004426 0.060534 -0.599137
v 0.018228 0.062613 -0.592054
v 0.039215 0.070202 -0.593409
v 0.039215 0.070202 -0.593409
v 0.018228 0.062613 -0.592054
v 0.052345 0.078342 -0.592605
v -0.069260 0.104188 0.368794
v -0.075263 0.112313 0.373653
v -0.049634 0.088755 0.373755
v -0.075263 0.112313 0.373653
v -0.089899 0.139846 0.397225
v -0.071664 0.108163 0.397240
v -0.093092 0.147631 0.373436
v -0.071664 0.108163 0.397240
v -0.089899 0.139846 0.397225
v -0.082947 0.121807 0.401302
v 0.058486 0.271574 0.398188
v 0.060759 0.270249 0.395248
v 0.084998 0.238566 0.395762
v 0.080124 0.246576 0.375065
v 0.073339 0.251015 0.372313
v 0.092978 0.217688 0.371966
v 0.059557 0.270952 0.373038
v 0.073339 0.251015 0.372313
v 0.077691 0.250856 0.368548
v 0.092978 0.217688 0.371966
v 0.059557 0.270952 0.373038
v 0.078560 0.246554 0.278214
v 0.073918 0.253557 0.250738
v 0.074446 0.259640 0.231714
v 0.074446 0.259640 0.231714
v 0.073918 0.253557 0.250738
v 0.069790 0.258945 0.204637
v 0.034399 0.286377 -0.057349
v 0.041105 0.285167 -0.060608
v 0.056914 0.273537 -0.059870
v 0.052316 0.279584 -0.214967
v 0.042409 0.284870 -0.217183
v 0.066821 0.265499 -0.216575
v 0.062374 0.270720 -0.354372
v 0.046109 0.283444 -0.356276
v 0.064105 0.271068 -0.357384
v 0.084817 0.239812 -0.305924
v 0.086982 0.235590 -0.367320
v 0.085613 0.244287 -0.263755
v 0.088959 0.229847 -0.415869
v 0.092095 0.224966 -0.482595
v 0.086982 0.235590 -0.367320
v 0.172341 0.220165 -0.630088
v 0.161000 0.217638 -0.633152
v 0.324151 0.216486 -0.634774
v 0.412008 0.214285 -0.665189
v 0.411675 0.212663 -0.724949
v 0.416375 0.221621 -0.676407
v 0.414405 0.221114 -0.746942
v 0.414405 0.221114 -0.746942
v 0.411675 0.212663 -0.724949
v 0.413457 0.210302 -0.749549
v 0.416759 0.209295 -0.766401
v 0.395207 0.208013 -0.776626
v 0.397706 0.218195 -0.776257
v 0.395207 0.208013 -0.776626
v 0.416824 0.207477 -0.782456
v 0.397706 0.218195 -0.776257
v 0.416107 0.221150 -0.777843
v 0.416107 0.221150 -0.777843
v 0.416824 0.207477 -0.782456
v 0.423161 0.218586 -0.776416
v 0.433422 0.208238 -0.773099
v 0.597152 0.199635 -0.814204
v 0.422856 0.201199 -0.809330
v 0.516232 0.194493 -0.819259
v 0.421625 0.197390 -0.815869
v 0.285385 0.196050 -0.816912
v 0.217783 0.202459 -0.805782
v 0.133670 0.198722 -0.813682
v 0.132699 0.207050 -0.785946
v 0.129904 0.199729 -0.809142
v 0.421625 0.197390 -0.815869
v 0.285385 0.196050 -0.816912
v 0.350714 0.190561 -0.820555
v 0.350714 0.190561 -0.820555
v 0.285385 0.196050 -0.816912
v 0.299789 0.183080 -0.818368
v 0.245143 0.191524 -0.818889
v 0.212424 0.184267 -0.818860
v 0.133757 0.188460 -0.819244
v 0.131454 0.182175 -0.807889
v 0.134148 0.176084 -0.812451
v 0.133757 0.188460 -0.819244
v 0.129904 0.199729 -0.809142
v 0.129281 0.177482 -0.789328
v 0.134517 0.167539 -0.788510
v 0.113530 0.155025 -0.745805
v 0.111510 0.149376 -0.757761
v 0.113060 0.151151 -0.732466
v 0.115312 0.133046 -0.751244
v 0.115529 0.140933 -0.729540
v 0.111510 0.149376 -0.757761
v 0.115153 0.142156 -0.774186
v 0.113060 0.151151 -0.732466
v 0.113060 0.151151 -0.732466
v 0.115529 0.140933 -0.729540
v 0.116920 0.132155 -0.730728
v 0.116920 0.132155 -0.730728
v 0.115529 0.140933 -0.729540
v 0.113545 0.126036 -0.728946
v 0.113545 0.126036 -0.728946
v 0.115529 0.140933 -0.729540
v 0.119700 0.125030 -0.730358
v 0.125117 0.144039 -0.730525
v 0.125117 0.144039 -0.730525
v 0.115529 0.140933 -0.729540
v 0.124719 0.150673 -0.729098
v 0.115529 0.140933 -0.729540
v 0.115891 0.148587 -0.721422
v 0.124719 0.150673 -0.729098
v 0.103819 0.146733 -0.709169
v 0.102030 0.136747 -0.719539
v 0.103935 0.149007 -0.671823
v 0.103819 0.146733 -0.709169
v 0.103718 0.158190 -0.706287
v 0.103819 0.146733 -0.709169
v 0.086062 0.146320 -0.709480
v 0.103718 0.158190 -0.706287
v 0.091762 0.159276 -0.707851
v 0.091762 0.159276 -0.707851
v 0.086062 0.146320 -0.709480
v 0.096657 0.152845 -0.690731
v 0.089995 0.123813 -0.692469
v 0.080790 0.142721 -0.715245
v 0.055965 0.087401 -0.708669
v 0.076228 0.099097 -0.686806
v 0.055509 0.077791 -0.691680
v -0.008197 0.064915 -0.360969
v -0.028821 0.070513 -0.358811
v -0.000368 0.065531 -0.353713
v -0.079739 0.123567 0.128823
v -0.080311 0.122372 0.024309
v -0.080202 0.125681 0.088833
v -0.080311 0.122372 0.024309
v -0.083055 0.121336 0.106916
v -0.080202 0.125681 0.088833
v -0.079739 0.123567 0.128823
v -0.184918 0.119743 0.063263
v -0.123081 0.121742 0.150461
v -0.083055 0.121336 0.106916
v -0.115832 0.121619 -0.072688
v -0.186649 0.120373 0.014706
v -0.222655 0.124798 0.065551
v -0.173281 0.123132 0.118286
v -0.114521 0.129244 0.215376
v -0.209946 0.134705 0.133515
v -0.278272 0.138021 0.063154
v -0.136550 0.138615 0.231938
v -0.266309 0.147877 0.109024
v -0.212814 0.151093 0.179283
v -0.149187 0.162991 0.274165
v -0.263680 0.163686 0.141822
v -0.261616 0.182080 0.160962
v -0.167357 0.180929 0.273579
v -0.119786 0.172898 0.314452
v -0.177322 0.196151 0.267851
v -0.126542 0.201438 0.324134
v -0.261616 0.182080 0.160962
v -0.245648 0.201003 0.183447
v -0.298412 0.201800 0.118018
v -0.179270 0.213169 0.261608
v -0.298412 0.201800 0.118018
v -0.252767 0.213771 0.167928
v -0.309260 0.215914 0.093888
v -0.126542 0.201438 0.324134
v -0.138889 0.224655 0.297115
v -0.252767 0.213771 0.167928
v -0.184281 0.229072 0.238210
v -0.151707 0.243781 0.246487
v -0.138889 0.224655 0.297115
v -0.231983 0.232686 0.168739
v -0.309260 0.215914 0.093888
v -0.207563 0.246293 0.157522
v -0.279822 0.232737 0.101159
v -0.258582 0.246402 0.061177
v -0.147239 0.257004 0.194368
v -0.147746 0.260878 0.144747
v -0.098770 0.262892 0.205977
v -0.070759 0.265484 0.141691
v -0.071353 0.260335 0.220641
v -0.074821 0.253905 0.254736
v -0.079550 0.244715 0.285564
v -0.109618 0.253644 0.249623
v -0.109705 0.234272 0.304704
v -0.089551 0.224778 0.323612
v -0.108684 0.215139 0.329985
v -0.096272 0.207890 0.339095
v -0.108684 0.215139 0.329985
v -0.098784 0.189279 0.339479
v -0.119786 0.172898 0.314452
v -0.109213 0.152266 0.286701
v -0.087313 0.143105 0.269045
v -0.090333 0.152997 0.292321
v -0.097090 0.173195 0.325416
v -0.083215 0.133343 0.237247
v -0.079565 0.124921 0.179349
v -0.279540 0.128904 0.006625
v -0.310267 0.137898 0.022875
v -0.256525 0.125710 0.047012
v -0.188373 0.118613 0.064095
v -0.247850 0.122285 -0.026977
v -0.278960 0.125421 -0.029179
v -0.307116 0.125558 -0.073853
v -0.330276 0.129527 -0.056307
v -0.330580 0.125247 -0.135401
v -0.448954 0.129128 -0.282019
v -0.314358 0.119490 -0.145156
v -0.345237 0.125276 -0.183132
v -0.354130 0.123060 -0.250242
v -0.359047 0.126022 -0.238691
v -0.359047 0.126022 -0.238691
v -0.364833 0.125471 -0.293026
v -0.313728 0.123436 -0.292577
v -0.389137 0.126558 -0.296184
v -0.279503 0.118186 -0.306844
v -0.216348 0.124320 -0.291614
v -0.248291 0.119120 -0.335738
v -0.216348 0.124320 -0.291614
v -0.303112 0.119388 -0.334616
v -0.374552 0.123639 -0.329438
v -0.384821 0.127398 -0.351866
v -0.327285 0.128361 -0.391906
v -0.419734 0.129237 -0.401204
v -0.306399 0.126949 -0.354364
v -0.450453 0.128100 -0.353387
v -0.306399 0.126949 -0.354364
v -0.215638 0.127629 -0.354473
v -0.248291 0.119120 -0.335738
v -0.524095 0.132641 -0.402689
v -0.460186 0.132293 -0.438203
v -0.615769 0.135125 -0.418563
v -0.511378 0.140607 -0.514850
v -0.543271 0.148297 -0.611817
v -0.474025 0.148058 -0.640698
v -0.415352 0.145821 -0.660627
v -0.413542 0.136399 -0.514126
v -0.215638 0.127629 -0.354473
v -0.147283 0.124298 -0.257418
v -0.176445 0.129758 -0.382578
v -0.263629 0.136001 -0.498157
v -0.183868 0.143330 -0.590809
v -0.326785 0.141411 -0.595813
v -0.248943 0.142265 -0.595885
v -0.170232 0.142953 -0.605597
v -0.282371 0.144401 -0.640654
v -0.190958 0.145799 -0.649924
v -0.106019 0.146125 -0.655710
v -0.102615 0.143605 -0.606147
v -0.094823 0.139955 -0.530818
v -0.106019 0.146125 -0.655710
v -0.096778 0.146950 -0.625186
v -0.091905 0.135378 -0.452701
v -0.096127 0.142772 -0.576137
v -0.171890 0.135117 -0.469183
v -0.089812 0.131851 -0.382021
v -0.087321 0.127861 -0.293801
v -0.082490 0.123523 -0.123959
v -0.080311 0.122372 0.024309
v -0.096083 0.151976 -0.683489
v -0.216992 0.120808 -0.160132
v -0.216123 0.122459 -0.224128
v -0.216348 0.124320 -0.291614
v -0.229325 0.119808 -0.278094
v -0.228449 0.119750 -0.187361
v -0.228203 0.118860 -0.093529
v -0.329689 0.120105 -0.269635
v -0.313728 0.123436 -0.292577
v -0.364833 0.125471 -0.293026
v -0.216348 0.124320 -0.291614
v -0.301171 0.122386 -0.077938
v -0.217079 0.121010 -0.074882
v -0.185512 0.120757 -0.029085
v -0.364833 0.125471 -0.293026
v -0.301171 0.122386 -0.077938
v -0.188126 0.118758 -0.027100
v -0.083055 0.121336 0.106916
v -0.079565 0.124921 0.179349
v -0.079739 0.123567 0.128823
v -0.083685 0.123212 0.368207
v -0.093092 0.147631 0.373436
v -0.075263 0.112313 0.373653
v -0.093092 0.147631 0.373436
v -0.098459 0.184224 0.396776
v -0.089899 0.139846 0.397225
v -0.096460 0.200141 0.373566
v -0.098459 0.184224 0.396776
v -0.098299 0.191784 0.400455
v -0.089899 0.139846 0.397225
v -0.089899 0.139846 0.397225
v -0.098299 0.191784 0.400455
v -0.093346 0.146820 0.400455
v 0.037499 0.279874 0.372190
v 0.039918 0.282879 0.368794
v 0.059557 0.270952 0.373038
v 0.024413 0.286652 0.372944
v 0.052316 0.279584 -0.214967
v 0.014789 0.296363 -0.212787
v 0.042409 0.284870 -0.217183
v 0.078878 0.254643 -0.531404
v 0.076047 0.258670 -0.609239
v 0.080153 0.248575 -0.449522
v 0.118918 0.200265 -0.702253
v 0.132728 0.213090 -0.713673
v 0.132193 0.215045 -0.697538
v 0.132193 0.215045 -0.697538
v 0.132728 0.213090 -0.713673
v 0.130947 0.213140 -0.731546
v 0.132728 0.213090 -0.713673
v 0.126377 0.212489 -0.725470
v 0.130947 0.213140 -0.731546
v 0.130947 0.213140 -0.731546
v 0.126377 0.212489 -0.725470
v 0.131526 0.232896 -0.729533
v 0.131526 0.232896 -0.729533
v 0.126377 0.212489 -0.725470
v 0.126870 0.234468 -0.730735
v 0.126377 0.212489 -0.725470
v 0.121583 0.213952 -0.728367
v 0.126870 0.234468 -0.730735
v 0.126870 0.234468 -0.730735
v 0.121583 0.213952 -0.728367
v 0.121272 0.226154 -0.729113
v 0.121272 0.226154 -0.729113
v 0.121583 0.213952 -0.728367
v 0.120157 0.229167 -0.731517
v 0.120157 0.229167 -0.731517
v 0.121583 0.213952 -0.728367
v 0.130947 0.213140 -0.731546
v 0.121583 0.213952 -0.728367
v 0.115341 0.211736 -0.728664
v 0.130947 0.213140 -0.731546
v 0.285385 0.196050 -0.816912
v 0.133670 0.198722 -0.813682
v 0.245143 0.191524 -0.818889
v 0.133757 0.188460 -0.819244
v 0.133670 0.198722 -0.813682
v 0.129904 0.199729 -0.809142
v 0.133757 0.188460 -0.819244
v 0.129904 0.199729 -0.809142
v 0.130933 0.202662 -0.789089
v 0.127044 0.207803 -0.787684
v 0.119237 0.251377 -0.821504
v 0.117267 0.251906 -0.843113
v 0.136270 0.248386 -0.842157
v 0.117267 0.251906 -0.843113
v 0.124705 0.243418 -0.840166
v 0.136270 0.248386 -0.842157
v 0.124705 0.243418 -0.840166
v 0.132699 0.231984 -0.842729
v 0.136270 0.248386 -0.842157
v 0.122981 0.219412 -0.840962
v 0.132699 0.231984 -0.842729
v 0.135987 0.239211 -0.820743
v 0.136270 0.248386 -0.842157
v 0.136270 0.248386 -0.842157
v 0.135987 0.239211 -0.820743
v 0.119237 0.251377 -0.821504
v 0.135987 0.239211 -0.820743
v 0.122040 0.229500 -0.818947
v 0.119237 0.251377 -0.821504
v 0.100741 0.230644 -0.820939
v 0.123814 0.233374 -0.789212
v 0.129716 0.226545 -0.788249
v 0.127456 0.237162 -0.787539
v 0.130933 0.202662 -0.789089
v 0.133156 0.223742 -0.786156
v 0.129716 0.226545 -0.788249
v 0.133156 0.223742 -0.786156
v 0.123372 0.229688 -0.786895
v 0.129716 0.226545 -0.788249
v 0.129716 0.226545 -0.788249
v 0.123372 0.229688 -0.786895
v 0.127456 0.237162 -0.787539
v 0.127456 0.237162 -0.787539
v 0.123372 0.229688 -0.786895
v 0.123814 0.233374 -0.789212
v 0.123372 0.229688 -0.786895
v 0.121938 0.240406 -0.791624
v 0.123814 0.233374 -0.789212
v 0.123814 0.233374 -0.789212
v 0.121938 0.240406 -0.791624
v 0.122040 0.229500 -0.818947
v 0.121938 0.240406 -0.791624
v 0.097200 0.239233 -0.799163
v 0.122040 0.229500 -0.818947
v 0.091791 0.241427 -0.781971
v 0.100741 0.230644 -0.820939
v 0.089249 0.233316 -0.825660
v 0.092399 0.226646 -0.840310
v 0.086301 0.240565 -0.798127
v 0.100741 0.230644 -0.820939
v 0.103950 0.230615 -0.840470
v 0.119237 0.251377 -0.821504
v 0.119237 0.251377 -0.821504
v 0.103950 0.230615 -0.840470
v 0.117267 0.251906 -0.843113
v 0.103950 0.230615 -0.840470
v 0.122981 0.219412 -0.840962
v 0.117267 0.251906 -0.843113
v 0.092399 0.226646 -0.840310
v 0.097649 0.206601 -0.843482
v 0.064221 0.214632 -0.844851
v 0.117267 0.251906 -0.843113
v 0.122981 0.219412 -0.840962
v 0.124705 0.243418 -0.840166
v 0.132699 0.231984 -0.842729
v 0.122981 0.219412 -0.840962
v 0.135987 0.239211 -0.820743
v 0.123111 0.219600 -0.821974
v 0.122981 0.219412 -0.840962
v 0.097649 0.206601 -0.843482
v 0.116282 0.209129 -0.843381
v 0.097649 0.206601 -0.843482
v 0.122662 0.199229 -0.831642
v 0.116282 0.209129 -0.843381
v 0.116282 0.209129 -0.843381
v 0.122662 0.199229 -0.831642
v 0.122981 0.219412 -0.840962
v 0.122662 0.199229 -0.831642
v 0.120635 0.211265 -0.826616
v 0.122981 0.219412 -0.840962
v 0.123807 0.193769 -0.812277
v 0.120635 0.211265 -0.826616
v 0.123111 0.219600 -0.821974
v 0.122981 0.219412 -0.840962
v 0.135987 0.239211 -0.820743
v 0.123111 0.219600 -0.821974
v 0.122040 0.229500 -0.818947
v 0.129904 0.199729 -0.809142
v 0.116550 0.215530 -0.809627
v 0.123111 0.219600 -0.821974
v 0.123111 0.219600 -0.821974
v 0.116550 0.215530 -0.809627
v 0.122040 0.229500 -0.818947
v 0.122040 0.229500 -0.818947
v 0.116550 0.215530 -0.809627
v 0.123814 0.233374 -0.789212
v 0.116550 0.215530 -0.809627
v 0.122858 0.222642 -0.786779
v 0.123814 0.233374 -0.789212
v 0.123017 0.209143 -0.786960
v 0.123814 0.233374 -0.789212
v 0.122858 0.222642 -0.786779
v 0.129716 0.226545 -0.788249
v 0.129716 0.226545 -0.788249
v 0.122858 0.222642 -0.786779
v 0.130933 0.202662 -0.789089
v 0.127044 0.207803 -0.787684
v 0.127044 0.207803 -0.787684
v 0.122858 0.222642 -0.786779
v 0.133156 0.223742 -0.786156
v 0.132699 0.207050 -0.785946
v 0.123372 0.229688 -0.786895
v 0.122858 0.222642 -0.786779
v 0.122945 0.236271 -0.777473
v 0.123372 0.229688 -0.786895
v 0.123017 0.209143 -0.786960
v 0.121938 0.240406 -0.791624
v 0.122945 0.236271 -0.777473
v 0.091791 0.241427 -0.781971
v 0.121938 0.240406 -0.791624
v 0.097200 0.239233 -0.799163
v 0.091791 0.241427 -0.781971
v 0.091436 0.252101 -0.791081
v 0.091791 0.241427 -0.781971
v 0.086301 0.240565 -0.798127
v 0.091436 0.252101 -0.791081
v 0.091436 0.252101 -0.791081
v 0.086301 0.240565 -0.798127
v 0.097200 0.239233 -0.799163
v 0.086301 0.240565 -0.798127
v 0.081782 0.231281 -0.818991
v 0.089249 0.233316 -0.825660
v 0.092399 0.226646 -0.840310
v 0.100741 0.230644 -0.820939
v 0.092399 0.226646 -0.840310
v 0.103950 0.230615 -0.840470
v 0.010711 0.218275 -0.841896
v 0.016338 0.205877 -0.852788
v 0.013883 0.197889 -0.837942
v 0.014564 0.220484 -0.868590
v 0.018518 0.209592 -0.870023
v 0.016338 0.205877 -0.852788
v 0.047167 0.202712 -0.842874
v 0.013883 0.197889 -0.837942
v 0.047167 0.202712 -0.842874
v 0.023363 0.200764 -0.834119
v 0.013883 0.197889 -0.837942
v 0.021270 0.236901 -0.838768
v 0.020372 0.223018 -0.841346
v 0.023363 0.200764 -0.834119
v 0.019184 0.247365 -0.855460
v 0.021422 0.236626 -0.873065
v 0.023363 0.200764 -0.834119
v 0.020372 0.223018 -0.841346
v 0.013883 0.197889 -0.837942
v 0.013883 0.197889 -0.837942
v 0.020372 0.223018 -0.841346
v 0.010711 0.218275 -0.841896
v 0.020372 0.223018 -0.841346
v 0.014564 0.220484 -0.868590
v 0.010711 0.218275 -0.841896
v 0.018518 0.209592 -0.870023
v 0.038701 0.222410 -0.865592
v 0.016338 0.205877 -0.852788
v 0.038701 0.222410 -0.865592
v 0.052909 0.218116 -0.854302
v 0.016338 0.205877 -0.852788
v 0.047167 0.202712 -0.842874
v 0.061353 0.200047 -0.839072
v 0.054466 0.179169 -0.890648
v 0.058565 0.174520 -0.880220
v 0.057899 0.198584 -0.891437
v 0.062838 0.200011 -0.875491
v 0.038295 0.158820 -0.887817
v 0.046298 0.161782 -0.869176
v 0.058565 0.174520 -0.880220
v 0.053054 0.167148 -0.852918
v 0.030243 0.170631 -0.870711
v 0.015723 0.178068 -0.854685
v 0.046298 0.161782 -0.869176
v 0.015723 0.178068 -0.854685
v 0.053054 0.167148 -0.852918
v 0.046298 0.161782 -0.869176
v 0.053054 0.167148 -0.852918
v 0.059753 0.179763 -0.848081
v 0.058565 0.174520 -0.880220
v 0.058565 0.174520 -0.880220
v 0.059753 0.179763 -0.848081
v 0.062838 0.200011 -0.875491
v 0.061353 0.200047 -0.839072
v 0.062838 0.200011 -0.875491
v 0.061353 0.200047 -0.839072
v 0.052909 0.218116 -0.854302
v 0.047015 0.227182 -0.879938
v 0.047167 0.202712 -0.842874
v 0.061353 0.200047 -0.839072
v 0.056378 0.219607 -0.839123
v 0.056378 0.219607 -0.839123
v 0.061353 0.200047 -0.839072
v 0.064221 0.214632 -0.844851
v 0.064576 0.187642 -0.828514
v 0.083100 0.198939 -0.835285
v 0.061353 0.200047 -0.839072
v 0.061353 0.200047 -0.839072
v 0.083100 0.198939 -0.835285
v 0.064221 0.214632 -0.844851
v 0.064221 0.214632 -0.844851
v 0.083100 0.198939 -0.835285
v 0.097649 0.206601 -0.843482
v 0.083100 0.198939 -0.835285
v 0.086222 0.189511 -0.819121
v 0.097649 0.206601 -0.843482
v 0.097743 0.192501 -0.815261
v 0.097649 0.206601 -0.843482
v 0.097743 0.192501 -0.815261
v 0.122662 0.199229 -0.831642
v 0.123807 0.193769 -0.812277
v 0.095549 0.198794 -0.796049
v 0.123807 0.193769 -0.812277
v 0.097743 0.192501 -0.815261
v 0.117086 0.200011 -0.795549
v 0.120635 0.211265 -0.826616
v 0.123807 0.193769 -0.812277
v 0.123111 0.219600 -0.821974
v 0.123111 0.219600 -0.821974
v 0.123807 0.193769 -0.812277
v 0.129904 0.199729 -0.809142
v 0.129904 0.199729 -0.809142
v 0.123807 0.193769 -0.812277
v 0.131454 0.182175 -0.807889
v 0.123807 0.193769 -0.812277
v 0.119505 0.180487 -0.806346
v 0.131454 0.182175 -0.807889
v 0.131454 0.182175 -0.807889
v 0.119505 0.180487 -0.806346
v 0.129281 0.177482 -0.789328
v 0.127985 0.176316 -0.785483
v 0.129281 0.177482 -0.789328
v 0.127985 0.176316 -0.785483
v 0.124343 0.161137 -0.786272
v 0.127985 0.176316 -0.785483
v 0.134517 0.167539 -0.788510
v 0.124343 0.161137 -0.786272
v 0.113530 0.155025 -0.745805
v 0.119954 0.161289 -0.757783
v 0.111510 0.149376 -0.757761
v 0.119954 0.161289 -0.757783
v 0.115153 0.142156 -0.774186
v 0.111510 0.149376 -0.757761
v 0.113545 0.130722 -0.764684
v 0.087721 0.120916 -0.743053
v 0.113082 0.126022 -0.732994
v 0.077865 0.124284 -0.758927
v 0.113545 0.126036 -0.728946
v 0.061223 0.127948 -0.727237
v 0.077778 0.127513 -0.723428
v 0.087721 0.120916 -0.743053
v 0.113545 0.126036 -0.728946
v 0.077778 0.127513 -0.723428
v 0.113255 0.129295 -0.719887
v 0.113545 0.126036 -0.728946
v 0.113545 0.126036 -0.728946
v 0.113255 0.129295 -0.719887
v 0.115312 0.133046 -0.751244
v 0.115312 0.133046 -0.751244
v 0.113255 0.129295 -0.719887
v 0.115529 0.140933 -0.729540
v 0.115891 0.148587 -0.721422
v 0.115891 0.148587 -0.721422
v 0.113255 0.129295 -0.719887
v 0.102030 0.136747 -0.719539
v 0.113255 0.129295 -0.719887
v 0.083274 0.143286 -0.721741
v 0.102030 0.136747 -0.719539
v 0.083274 0.143286 -0.721741
v 0.080790 0.142721 -0.715245
v 0.102030 0.136747 -0.719539
v 0.102030 0.136747 -0.719539
v 0.080790 0.142721 -0.715245
v 0.103819 0.146733 -0.709169
v 0.086062 0.146320 -0.709480
v 0.055965 0.087401 -0.708669
v 0.022045 0.067704 -0.711501
v 0.055509 0.077791 -0.691680
v 0.033755 0.064285 -0.687610
v 0.022045 0.067704 -0.711501
v 0.022682 0.089183 -0.720669
v 0.014477 0.076147 -0.723935
v 0.022682 0.089183 -0.720669
v 0.018902 0.084729 -0.747463
v 0.014477 0.076147 -0.723935
v 0.031648 0.106614 -0.720690
v 0.030264 0.109025 -0.753489
v 0.026136 0.099872 -0.757877
v 0.013319 0.076292 -0.739309
v -0.000651 0.007133 -0.742503
v 0.013753 0.007017 -0.751215
v -0.005836 0.000000 -0.754886
v 0.013753 0.007017 -0.751215
v 0.009625 0.007329 -0.767791
v -0.005836 0.000000 -0.754886
v 0.009625 0.007329 -0.767791
v -0.008305 0.009414 -0.767060
v -0.005836 0.000000 -0.754886
v -0.008305 0.009414 -0.767060
v -0.013208 0.010399 -0.752518
v -0.005836 0.000000 -0.754886
v -0.005836 0.000000 -0.754886
v -0.013208 0.010399 -0.752518
v -0.000651 0.007133 -0.742503
v -0.013208 0.010399 -0.752518
v -0.001238 0.046442 -0.745327
v -0.000651 0.007133 -0.742503
v -0.008776 0.050613 -0.751222
v -0.001238 0.046442 -0.745327
v 0.008510 0.047325 -0.748151
v -0.000651 0.007133 -0.742503
v -0.000651 0.007133 -0.742503
v 0.008510 0.047325 -0.748151
v 0.013753 0.007017 -0.751215
v 0.008510 0.047325 -0.748151
v 0.011052 0.052575 -0.758623
v 0.013753 0.007017 -0.751215
v 0.013753 0.007017 -0.751215
v 0.011052 0.052575 -0.758623
v 0.009625 0.007329 -0.767791
v 0.011052 0.052575 -0.758623
v 0.005041 0.057138 -0.765220
v 0.009625 0.007329 -0.767791
v 0.018902 0.084729 -0.747463
v 0.011472 0.085026 -0.760484
v 0.009625 0.007329 -0.767791
v 0.005041 0.057138 -0.765220
v -0.008305 0.009414 -0.767060
v 0.005041 0.057138 -0.765220
v -0.008305 0.048658 -0.761281
v -0.008305 0.009414 -0.767060
v -0.008305 0.009414 -0.767060
v -0.008305 0.048658 -0.761281
v -0.013208 0.010399 -0.752518
v -0.008305 0.048658 -0.761281
v -0.008776 0.050613 -0.751222
v -0.013208 0.010399 -0.752518
v -0.010804 0.080138 -0.757949
v -0.007552 0.059144 -0.739917
v -0.008776 0.050613 -0.751222
v -0.007552 0.059144 -0.739917
v -0.001238 0.046442 -0.745327
v -0.007552 0.059144 -0.739917
v 0.009502 0.058782 -0.739302
v -0.001238 0.046442 -0.745327
v -0.001238 0.046442 -0.745327
v 0.009502 0.058782 -0.739302
v 0.008510 0.047325 -0.748151
v 0.008510 0.047325 -0.748151
v 0.009502 0.058782 -0.739302
v 0.011052 0.052575 -0.758623
v 0.018902 0.084729 -0.747463
v 0.018902 0.084729 -0.747463
v 0.009502 0.058782 -0.739302
v 0.013319 0.076292 -0.739309
v 0.009502 0.058782 -0.739302
v 0.010509 0.062171 -0.711986
v 0.013319 0.076292 -0.739309
v 0.014477 0.076147 -0.723935
v 0.014477 0.076147 -0.723935
v 0.010509 0.062171 -0.711986
v 0.022045 0.067704 -0.711501
v 0.013760 0.054878 -0.695982
v 0.033755 0.064285 -0.687610
v -0.007400 0.054820 -0.677015
v -0.012984 0.056978 -0.695482
v -0.006995 0.056906 -0.655116
v -0.188126 0.118758 -0.027100
v -0.188373 0.118613 0.064095
v -0.186649 0.120373 0.014706
v -0.185512 0.120757 -0.029085
v -0.186649 0.120373 0.014706
v -0.188373 0.118613 0.064095
v -0.184918 0.119743 0.063263
v -0.188373 0.118613 0.064095
v -0.222655 0.124798 0.065551
v -0.184918 0.119743 0.063263
v -0.097771 0.175121 0.370785
v -0.096460 0.200141 0.373566
v -0.093092 0.147631 0.373436
v -0.096460 0.200141 0.373566
v -0.090652 0.221222 0.397631
v -0.098459 0.184224 0.396776
v -0.080332 0.245461 0.375210
v -0.098459 0.184224 0.396776
v -0.090652 0.221222 0.397631
v -0.098299 0.191784 0.400455
v -0.090652 0.221222 0.397631
v -0.073388 0.250030 0.397732
v -0.086850 0.233179 0.400209
v -0.073388 0.250030 0.397732
v -0.046115 0.275934 0.397189
v -0.053885 0.275956 0.400614
v -0.053885 0.275956 0.400614
v -0.046115 0.275934 0.397189
v -0.021862 0.288144 0.400607
v -0.046115 0.275934 0.397189
v 0.002767 0.288991 0.397558
v -0.021862 0.288144 0.400607
v -0.021862 0.288144 0.400607
v 0.002767 0.288991 0.397558
v 0.008430 0.290562 0.402113
v 0.008430 0.290562 0.402113
v 0.002767 0.288991 0.397558
v 0.033212 0.284740 0.397645
v 0.002767 0.288991 0.397558
v 0.024413 0.286652 0.372944
v 0.033212 0.284740 0.397645
v -0.034050 0.284436 0.395270
v -0.020059 0.287535 0.373067
v 0.059557 0.270952 0.373038
v 0.024413 0.286652 0.372944
v 0.037499 0.279874 0.372190
v 0.015882 0.292301 -0.057205
v -0.007226 0.293908 -0.058001
v 0.004969 0.297326 -0.063070
v -0.007226 0.293908 -0.058001
v -0.026511 0.293126 -0.062267
v 0.004969 0.297326 -0.063070
v 0.014789 0.296363 -0.212787
v -0.009848 0.296414 -0.215670
v 0.017345 0.294647 -0.217871
v 0.062476 0.280142 -0.662430
v 0.060817 0.279816 -0.665544
v 0.073621 0.264615 -0.661344
v 0.132193 0.215045 -0.697538
v 0.094072 0.213264 -0.695764
v 0.118918 0.200265 -0.702253
v 0.093688 0.196912 -0.701746
v 0.094072 0.213264 -0.695764
v 0.082861 0.209491 -0.710146
v 0.093688 0.196912 -0.701746
v 0.067603 0.261508 -0.708459
v 0.071506 0.225582 -0.714057
v 0.093688 0.196912 -0.701746
v 0.082861 0.209491 -0.710146
v 0.118918 0.200265 -0.702253
v 0.082861 0.209491 -0.710146
v 0.120837 0.200040 -0.705852
v 0.118918 0.200265 -0.702253
v 0.118918 0.200265 -0.702253
v 0.120837 0.200040 -0.705852
v 0.132728 0.213090 -0.713673
v 0.132728 0.213090 -0.713673
v 0.120837 0.200040 -0.705852
v 0.126377 0.212489 -0.725470
v 0.120837 0.200040 -0.705852
v 0.118643 0.223996 -0.721248
v 0.126377 0.212489 -0.725470
v 0.126377 0.212489 -0.725470
v 0.118643 0.223996 -0.721248
v 0.121583 0.213952 -0.728367
v 0.118643 0.223996 -0.721248
v 0.116681 0.233396 -0.724558
v 0.121583 0.213952 -0.728367
v 0.121583 0.213952 -0.728367
v 0.116681 0.233396 -0.724558
v 0.115341 0.211736 -0.728664
v 0.115341 0.211736 -0.728664
v 0.116681 0.233396 -0.724558
v 0.114226 0.229348 -0.731177
v 0.114226 0.229348 -0.731177
v 0.116681 0.233396 -0.724558
v 0.120157 0.229167 -0.731517
v 0.120157 0.229167 -0.731517
v 0.116681 0.233396 -0.724558
v 0.121272 0.226154 -0.729113
v 0.121272 0.226154 -0.729113
v 0.116681 0.233396 -0.724558
v 0.118296 0.232730 -0.729171
v 0.117028 0.237415 -0.729011
v 0.116681 0.233396 -0.724558
v 0.116717 0.246286 -0.719068
v 0.117028 0.237415 -0.729011
v 0.117434 0.246062 -0.729750
v 0.117434 0.246062 -0.729750
v 0.116717 0.246286 -0.719068
v 0.119577 0.250211 -0.729004
v 0.116717 0.246286 -0.719068
v 0.116224 0.247858 -0.736789
v 0.116311 0.247749 -0.731669
v 0.116311 0.247749 -0.731669
v 0.116224 0.247858 -0.736789
v 0.113921 0.234946 -0.732277
v 0.116224 0.247858 -0.736789
v 0.112502 0.231832 -0.751765
v 0.113921 0.234946 -0.732277
v 0.114226 0.229348 -0.731177
v 0.113661 0.225502 -0.751519
v 0.115341 0.211736 -0.728664
v 0.112364 0.210664 -0.754575
v 0.114943 0.216117 -0.771492
v 0.113661 0.225502 -0.751519
v 0.123119 0.204501 -0.762200
v 0.112364 0.210664 -0.754575
v 0.112364 0.210664 -0.754575
v 0.123119 0.204501 -0.762200
v 0.130013 0.210323 -0.760187
v 0.123119 0.204501 -0.762200
v 0.132699 0.207050 -0.785946
v 0.130013 0.210323 -0.760187
v 0.118875 0.199787 -0.769268
v 0.129904 0.199729 -0.809142
v 0.132699 0.207050 -0.785946
v 0.130933 0.202662 -0.789089
v 0.130933 0.202662 -0.789089
v 0.132699 0.207050 -0.785946
v 0.133156 0.223742 -0.786156
v 0.132699 0.207050 -0.785946
v 0.123017 0.209143 -0.786960
v 0.127044 0.207803 -0.787684
v 0.129904 0.199729 -0.809142
v 0.129904 0.199729 -0.809142
v 0.123017 0.209143 -0.786960
v 0.116550 0.215530 -0.809627
v 0.122945 0.236271 -0.777473
v 0.123017 0.209143 -0.786960
v 0.085287 0.232056 -0.778422
v 0.097533 0.212018 -0.784339
v 0.123017 0.209143 -0.786960
v 0.117086 0.200011 -0.795549
v 0.097533 0.212018 -0.784339
v 0.095549 0.198794 -0.796049
v 0.123807 0.193769 -0.812277
v 0.117086 0.200011 -0.795549
v 0.119505 0.180487 -0.806346
v 0.117086 0.200011 -0.795549
v 0.118230 0.183044 -0.770239
v 0.119505 0.180487 -0.806346
v 0.118875 0.199787 -0.769268
v 0.119505 0.180487 -0.806346
v 0.118230 0.183044 -0.770239
v 0.127985 0.176316 -0.785483
v 0.128934 0.178329 -0.764670
v 0.127985 0.176316 -0.785483
v 0.128934 0.178329 -0.764670
v 0.134517 0.167539 -0.788510
v 0.134517 0.167539 -0.788510
v 0.128934 0.178329 -0.764670
v 0.132953 0.161745 -0.759738
v 0.132953 0.161745 -0.759738
v 0.128934 0.178329 -0.764670
v 0.119954 0.161289 -0.757783
v 0.128934 0.178329 -0.764670
v 0.118129 0.161919 -0.766944
v 0.119954 0.161289 -0.757783
v 0.119954 0.161289 -0.757783
v 0.118129 0.161919 -0.766944
v 0.115153 0.142156 -0.774186
v 0.118129 0.161919 -0.766944
v 0.097990 0.160536 -0.770456
v 0.115153 0.142156 -0.774186
v 0.097222 0.148058 -0.776814
v 0.097990 0.160536 -0.770456
v 0.098576 0.165185 -0.786279
v 0.097222 0.148058 -0.776814
v 0.098960 0.171471 -0.777589
v 0.097222 0.148058 -0.776814
v 0.098576 0.165185 -0.786279
v 0.115153 0.142156 -0.774186
v 0.122800 0.166836 -0.787445
v 0.098576 0.165185 -0.786279
v 0.098011 0.179372 -0.803211
v 0.122800 0.166836 -0.787445
v 0.124009 0.179256 -0.807433
v 0.098381 0.180487 -0.821366
v 0.098011 0.179372 -0.803211
v 0.087815 0.185832 -0.813175
v 0.098011 0.179372 -0.803211
v 0.084056 0.179249 -0.799995
v 0.087815 0.185832 -0.813175
v 0.088756 0.167887 -0.781442
v 0.087815 0.185832 -0.813175
v 0.084056 0.179249 -0.799995
v 0.082376 0.174955 -0.836385
v 0.084056 0.179249 -0.799995
v 0.071680 0.186418 -0.811278
v 0.082376 0.174955 -0.836385
v 0.070833 0.187425 -0.799278
v 0.064576 0.187642 -0.828514
v 0.064576 0.187642 -0.828514
v 0.071412 0.161449 -0.844894
v 0.082376 0.174955 -0.836385
v 0.050005 0.178959 -0.836697
v 0.082376 0.174955 -0.836385
v 0.071412 0.161449 -0.844894
v 0.096758 0.171978 -0.837283
v 0.117332 0.163172 -0.844837
v 0.071412 0.161449 -0.844894
v 0.062012 0.153026 -0.840093
v 0.087417 0.152324 -0.841795
v 0.062012 0.153026 -0.840093
v 0.060629 0.143120 -0.819722
v 0.087417 0.152324 -0.841795
v 0.086019 0.143185 -0.821967
v 0.062237 0.132271 -0.785628
v 0.090820 0.132366 -0.785150
v 0.045421 0.166960 -0.791631
v 0.062237 0.132271 -0.785628
v 0.045783 0.151839 -0.800922
v 0.045783 0.151839 -0.800922
v 0.062237 0.132271 -0.785628
v 0.060629 0.143120 -0.819722
v 0.049093 0.163324 -0.837131
v 0.038346 0.164157 -0.819056
v 0.036572 0.160319 -0.800611
v 0.020727 0.174578 -0.813480
v 0.062012 0.153026 -0.840093
v 0.121373 0.137630 -0.775641
v 0.091371 0.136826 -0.776177
v 0.115153 0.142156 -0.774186
v 0.115153 0.142156 -0.774186
v 0.091371 0.136826 -0.776177
v 0.113545 0.130722 -0.764684
v 0.091371 0.136826 -0.776177
v 0.077865 0.124284 -0.758927
v 0.113545 0.130722 -0.764684
v 0.061440 0.137920 -0.775424
v 0.087721 0.120916 -0.743053
v 0.077865 0.124284 -0.758927
v 0.061223 0.127948 -0.727237
v 0.061100 0.131410 -0.761150
v 0.061100 0.131410 -0.761150
v 0.044567 0.150151 -0.742503
v 0.061223 0.127948 -0.727237
v 0.032104 0.161890 -0.751758
v 0.061245 0.158313 -0.729323
v 0.061353 0.139093 -0.721422
v 0.044567 0.150151 -0.742503
v 0.044567 0.150151 -0.742503
v 0.061353 0.139093 -0.721422
v 0.061223 0.127948 -0.727237
v 0.061223 0.127948 -0.727237
v 0.061353 0.139093 -0.721422
v 0.077778 0.127513 -0.723428
v 0.113255 0.129295 -0.719887
v 0.113255 0.129295 -0.719887
v 0.061353 0.139093 -0.721422
v 0.083274 0.143286 -0.721741
v 0.083274 0.143286 -0.721741
v 0.061353 0.139093 -0.721422
v 0.080790 0.142721 -0.715245
v 0.061353 0.139093 -0.721422
v 0.046645 0.100980 -0.718677
v 0.080790 0.142721 -0.715245
v 0.055965 0.087401 -0.708669
v 0.022045 0.067704 -0.711501
v 0.022682 0.089183 -0.720669
v 0.046645 0.100980 -0.718677
v 0.031648 0.106614 -0.720690
v 0.022682 0.089183 -0.720669
v 0.061353 0.139093 -0.721422
v 0.026513 0.141273 -0.723602
v 0.026136 0.099872 -0.757877
v 0.011472 0.085026 -0.760484
v 0.018902 0.084729 -0.747463
v 0.011472 0.085026 -0.760484
v -0.001122 0.076307 -0.766553
v 0.005041 0.057138 -0.765220
v 0.005041 0.057138 -0.765220
v -0.001122 0.076307 -0.766553
v -0.008305 0.048658 -0.761281
v -0.001122 0.076307 -0.766553
v -0.010804 0.080138 -0.757949
v -0.008305 0.048658 -0.761281
v -0.007552 0.059144 -0.739917
v -0.010804 0.080138 -0.757949
v -0.010275 0.079247 -0.724710
v -0.008436 0.060708 -0.703339
v -0.010804 0.080138 -0.757949
v -0.020769 0.083136 -0.726723
v -0.010275 0.079247 -0.724710
v -0.022384 0.077002 -0.717519
v -0.008436 0.060708 -0.703339
v -0.020769 0.083136 -0.726723
v -0.035071 0.078059 -0.712457
v -0.022384 0.077002 -0.717519
v -0.050228 0.106027 -0.718873
v -0.077247 0.118092 -0.709227
v -0.023499 0.061012 -0.694700
v -0.012984 0.056978 -0.695482
v -0.024295 0.093549 -0.721733
v -0.010275 0.079247 -0.724710
v -0.007552 0.059144 -0.739917
v -0.008436 0.060708 -0.703339
v 0.009502 0.058782 -0.739302
v 0.010509 0.062171 -0.711986
v 0.010509 0.062171 -0.711986
v -0.008436 0.060708 -0.703339
v 0.013760 0.054878 -0.695982
v -0.012984 0.056978 -0.695482
v -0.185512 0.120757 -0.029085
v -0.247850 0.122285 -0.026977
v -0.188126 0.118758 -0.027100
v -0.119786 0.172898 0.314452
v -0.098784 0.189279 0.339479
v -0.097090 0.173195 0.325416
v -0.097771 0.175121 0.370785
v -0.093266 0.212894 0.371633
v -0.096460 0.200141 0.373566
v -0.093266 0.212894 0.371633
v -0.078196 0.247488 0.371423
v -0.083099 0.231317 0.372437
v -0.078196 0.247488 0.371423
v -0.080332 0.245461 0.375210
v -0.083099 0.231317 0.372437
v -0.083099 0.231317 0.372437
v -0.080332 0.245461 0.375210
v -0.093266 0.212894 0.371633
v -0.093266 0.212894 0.371633
v -0.080332 0.245461 0.375210
v -0.096460 0.200141 0.373566
v -0.080332 0.245461 0.375210
v -0.064306 0.266867 0.394770
v -0.090652 0.221222 0.397631
v -0.073388 0.250030 0.397732
v -0.073388 0.250030 0.397732
v -0.064306 0.266867 0.394770
v -0.046115 0.275934 0.397189
v -0.064306 0.266867 0.394770
v -0.034050 0.284436 0.395270
v -0.046115 0.275934 0.397189
v -0.046115 0.275934 0.397189
v -0.034050 0.284436 0.395270
v 0.002767 0.288991 0.397558
v 0.024413 0.286652 0.372944
v -0.020059 0.287535 0.373067
v 0.007424 0.290671 0.368533
v -0.039213 0.278881 0.372270
v -0.035144 0.284450 0.369069
v -0.020059 0.287535 0.373067
v -0.058028 0.271813 0.372719
v -0.007226 0.293908 -0.058001
v -0.031798 0.287832 -0.057530
v -0.026511 0.293126 -0.062267
v -0.031798 0.287832 -0.057530
v -0.057926 0.273617 -0.059421
v -0.026511 0.293126 -0.062267
v -0.017560 0.295501 -0.354372
v -0.021189 0.296363 -0.357109
v 0.012565 0.296733 -0.355979
v 0.062476 0.280142 -0.662430
v 0.043314 0.295139 -0.663553
v 0.060817 0.279816 -0.665544
v 0.052612 0.287398 -0.700645
v 0.067603 0.261508 -0.708459
v 0.075605 0.261545 -0.691173
v 0.094072 0.213264 -0.695764
v 0.071506 0.225582 -0.714057
v 0.084860 0.235909 -0.721277
v 0.082861 0.209491 -0.710146
v 0.120837 0.200040 -0.705852
v 0.120837 0.200040 -0.705852
v 0.084860 0.235909 -0.721277
v 0.118643 0.223996 -0.721248
v 0.118643 0.223996 -0.721248
v 0.084860 0.235909 -0.721277
v 0.116681 0.233396 -0.724558
v 0.116681 0.233396 -0.724558
v 0.084860 0.235909 -0.721277
v 0.116717 0.246286 -0.719068
v 0.060615 0.243020 -0.718373
v 0.060615 0.243020 -0.718373
v 0.077046 0.247836 -0.722168
v 0.116717 0.246286 -0.719068
v 0.077046 0.247836 -0.722168
v 0.086106 0.254216 -0.743249
v 0.116717 0.246286 -0.719068
v 0.060615 0.243020 -0.718373
v 0.058239 0.247293 -0.729547
v 0.116717 0.246286 -0.719068
v 0.086106 0.254216 -0.743249
v 0.116224 0.247858 -0.736789
v 0.086106 0.254216 -0.743249
v 0.114667 0.241615 -0.768682
v 0.116224 0.247858 -0.736789
v 0.077589 0.249400 -0.761201
v 0.114667 0.241615 -0.768682
v 0.114943 0.216117 -0.771492
v 0.116224 0.247858 -0.736789
v 0.116224 0.247858 -0.736789
v 0.114943 0.216117 -0.771492
v 0.112502 0.231832 -0.751765
v 0.113661 0.225502 -0.751519
v 0.114943 0.216117 -0.771492
v 0.123119 0.204501 -0.762200
v 0.114943 0.216117 -0.771492
v 0.097121 0.207470 -0.771202
v 0.123119 0.204501 -0.762200
v 0.097121 0.207470 -0.771202
v 0.118875 0.199787 -0.769268
v 0.123119 0.204501 -0.762200
v 0.096259 0.199533 -0.776626
v 0.132699 0.207050 -0.785946
v 0.118875 0.199787 -0.769268
v 0.123017 0.209143 -0.786960
v 0.123017 0.209143 -0.786960
v 0.118875 0.199787 -0.769268
v 0.117086 0.200011 -0.795549
v 0.118875 0.199787 -0.769268
v 0.098960 0.171471 -0.777589
v 0.118230 0.183044 -0.770239
v 0.096259 0.199533 -0.776626
v 0.088756 0.167887 -0.781442
v 0.128934 0.178329 -0.764670
v 0.118129 0.161919 -0.766944
v 0.118129 0.161919 -0.766944
v 0.098960 0.171471 -0.777589
v 0.097990 0.160536 -0.770456
v 0.098960 0.171471 -0.777589
v 0.088756 0.167887 -0.781442
v 0.098576 0.165185 -0.786279
v 0.098576 0.165185 -0.786279
v 0.088756 0.167887 -0.781442
v 0.098011 0.179372 -0.803211
v 0.084056 0.179249 -0.799995
v 0.088756 0.167887 -0.781442
v 0.083173 0.161796 -0.783998
v 0.084578 0.171341 -0.761715
v 0.085707 0.151650 -0.776735
v 0.088756 0.167887 -0.781442
v 0.086562 0.180857 -0.770673
v 0.082478 0.175693 -0.742314
v 0.088756 0.167887 -0.781442
v 0.085707 0.151650 -0.776735
v 0.083173 0.161796 -0.783998
v 0.085707 0.151650 -0.776735
v 0.067719 0.149963 -0.777951
v 0.083173 0.161796 -0.783998
v 0.066531 0.179973 -0.793094
v 0.045421 0.166960 -0.791631
v 0.061440 0.137920 -0.775424
v 0.029040 0.186853 -0.790509
v 0.062679 0.185180 -0.788329
v 0.045421 0.166960 -0.791631
v 0.062679 0.185180 -0.788329
v 0.066531 0.179973 -0.793094
v 0.045421 0.166960 -0.791631
v 0.083173 0.161796 -0.783998
v 0.066531 0.179973 -0.793094
v 0.084056 0.179249 -0.799995
v 0.070833 0.187425 -0.799278
v 0.070833 0.187425 -0.799278
v 0.083195 0.193204 -0.800835
v 0.071680 0.186418 -0.811278
v 0.071680 0.186418 -0.811278
v 0.083195 0.193204 -0.800835
v 0.064576 0.187642 -0.828514
v 0.064576 0.187642 -0.828514
v 0.083195 0.193204 -0.800835
v 0.083100 0.198939 -0.835285
v 0.083100 0.198939 -0.835285
v 0.083195 0.193204 -0.800835
v 0.086222 0.189511 -0.819121
v 0.086222 0.189511 -0.819121
v 0.083195 0.193204 -0.800835
v 0.097743 0.192501 -0.815261
v 0.095549 0.198794 -0.796049
v 0.083195 0.193204 -0.800835
v 0.083397 0.204899 -0.790147
v 0.095549 0.198794 -0.796049
v 0.062403 0.196738 -0.789502
v 0.083397 0.204899 -0.790147
v 0.091385 0.207362 -0.776822
v 0.095549 0.198794 -0.796049
v 0.095549 0.198794 -0.796049
v 0.091385 0.207362 -0.776822
v 0.097533 0.212018 -0.784339
v 0.097533 0.212018 -0.784339
v 0.091385 0.207362 -0.776822
v 0.090639 0.219803 -0.778161
v 0.091385 0.207362 -0.776822
v 0.097121 0.207470 -0.771202
v 0.090639 0.219803 -0.778161
v 0.097121 0.207470 -0.771202
v 0.069652 0.232512 -0.776749
v 0.090639 0.219803 -0.778161
v 0.069652 0.232512 -0.776749
v 0.085432 0.217029 -0.772897
v 0.090639 0.219803 -0.778161
v 0.090639 0.219803 -0.778161
v 0.085432 0.217029 -0.772897
v 0.085287 0.232056 -0.778422
v 0.085287 0.232056 -0.778422
v 0.085432 0.217029 -0.772897
v 0.083397 0.204899 -0.790147
v 0.083397 0.204899 -0.790147
v 0.085432 0.217029 -0.772897
v 0.091385 0.207362 -0.776822
v 0.085432 0.217029 -0.772897
v 0.079697 0.205993 -0.761194
v 0.091385 0.207362 -0.776822
v 0.096259 0.199533 -0.776626
v 0.091385 0.207362 -0.776822
v 0.096259 0.199533 -0.776626
v 0.097121 0.207470 -0.771202
v 0.088756 0.167887 -0.781442
v 0.096259 0.199533 -0.776626
v 0.091233 0.185325 -0.774316
v 0.096259 0.199533 -0.776626
v 0.088445 0.183630 -0.784817
v 0.091233 0.185325 -0.774316
v 0.088445 0.183630 -0.784817
v 0.086562 0.180857 -0.770673
v 0.091233 0.185325 -0.774316
v 0.091233 0.185325 -0.774316
v 0.086562 0.180857 -0.770673
v 0.088756 0.167887 -0.781442
v 0.082478 0.175693 -0.742314
v 0.086562 0.180857 -0.770673
v 0.080595 0.176215 -0.757030
v 0.086562 0.180857 -0.770673
v 0.072412 0.176866 -0.764894
v 0.080595 0.176215 -0.757030
v 0.080595 0.176215 -0.757030
v 0.072412 0.176866 -0.764894
v 0.084578 0.171341 -0.761715
v 0.084578 0.171341 -0.761715
v 0.072412 0.176866 -0.764894
v 0.085707 0.151650 -0.776735
v 0.072412 0.176866 -0.764894
v 0.054879 0.160203 -0.771789
v 0.085707 0.151650 -0.776735
v 0.067719 0.149963 -0.777951
v 0.054879 0.160203 -0.771789
v 0.061440 0.137920 -0.775424
v 0.067719 0.149963 -0.777951
v 0.062157 0.181153 -0.772534
v 0.030902 0.171855 -0.762483
v 0.045421 0.166960 -0.791631
v 0.061440 0.137920 -0.775424
v 0.062237 0.132271 -0.785628
v 0.077865 0.124284 -0.758927
v 0.061440 0.137920 -0.775424
v 0.061100 0.131410 -0.761150
v 0.061440 0.137920 -0.775424
v 0.032104 0.161890 -0.751758
v 0.061100 0.131410 -0.761150
v 0.030902 0.171855 -0.762483
v 0.032104 0.161890 -0.751758
v 0.042865 0.166996 -0.736036
v 0.044567 0.150151 -0.742503
v 0.044567 0.150151 -0.742503
v 0.042865 0.166996 -0.736036
v 0.061245 0.158313 -0.729323
v 0.042865 0.166996 -0.736036
v 0.026513 0.141273 -0.723602
v 0.061245 0.158313 -0.729323
v 0.061353 0.139093 -0.721422
v 0.026513 0.141273 -0.723602
v 0.029663 0.124595 -0.743205
v 0.031648 0.106614 -0.720690
v 0.025202 0.145900 -0.742039
v 0.030264 0.109025 -0.753489
v 0.029960 0.128064 -0.766654
v 0.029960 0.128064 -0.766654
v 0.019952 0.114471 -0.769370
v 0.030264 0.109025 -0.753489
v 0.030264 0.109025 -0.753489
v 0.019952 0.114471 -0.769370
v 0.026136 0.099872 -0.757877
v 0.019952 0.114471 -0.769370
v 0.004389 0.102348 -0.774519
v 0.026136 0.099872 -0.757877
v 0.011472 0.085026 -0.760484
v 0.004389 0.102348 -0.774519
v -0.007697 0.087886 -0.763714
v 0.011472 0.085026 -0.760484
v 0.011472 0.085026 -0.760484
v -0.007697 0.087886 -0.763714
v -0.001122 0.076307 -0.766553
v -0.001122 0.076307 -0.766553
v -0.007697 0.087886 -0.763714
v -0.010804 0.080138 -0.757949
v -0.007697 0.087886 -0.763714
v -0.019255 0.090037 -0.742858
v -0.010804 0.080138 -0.757949
v -0.010804 0.080138 -0.757949
v -0.019255 0.090037 -0.742858
v -0.020769 0.083136 -0.726723
v -0.024295 0.093549 -0.721733
v -0.020769 0.083136 -0.726723
v -0.024295 0.093549 -0.721733
v -0.022384 0.077002 -0.717519
v -0.023499 0.061012 -0.694700
v -0.035071 0.078059 -0.712457
v -0.047078 0.073620 -0.693823
v -0.071041 0.095338 -0.693309
v -0.077247 0.118092 -0.709227
v -0.078602 0.103369 -0.644268
v -0.079398 0.107048 -0.545526
v -0.078855 0.104021 -0.594806
v -0.301171 0.122386 -0.077938
v -0.307116 0.125558 -0.073853
v -0.217079 0.121010 -0.074882
v -0.364479 0.136008 -0.053012
v -0.310267 0.137898 0.022875
v -0.330276 0.129527 -0.056307
v -0.426917 0.133343 -0.154990
v -0.433746 0.141975 -0.108100
v -0.368078 0.145770 -0.018265
v -0.342978 0.152447 0.029386
v -0.414686 0.164367 -0.032358
v -0.460338 0.158045 -0.093414
v -0.458318 0.168712 -0.076279
v -0.359822 0.168473 0.034723
v -0.263680 0.163686 0.141822
v -0.312765 0.172405 0.093338
v -0.334360 0.187048 0.075349
v -0.414686 0.164367 -0.032358
v -0.429365 0.185245 -0.034407
v -0.479587 0.180603 -0.092646
v -0.458318 0.168712 -0.076279
v -0.261616 0.182080 0.160962
v -0.266309 0.147877 0.109024
v -0.278272 0.138021 0.063154
v -0.330580 0.125247 -0.135401
v -0.098784 0.189279 0.339479
v -0.126542 0.201438 0.324134
v -0.096272 0.207890 0.339095
v -0.108684 0.215139 0.329985
v -0.096272 0.207890 0.339095
v -0.089551 0.224778 0.323612
v -0.093266 0.212894 0.371633
v -0.078196 0.247488 0.371423
v -0.069882 0.260263 0.286237
v -0.058028 0.271813 0.372719
v -0.080332 0.245461 0.375210
v -0.064306 0.266867 0.394770
v -0.079550 0.244715 0.285564
v -0.074821 0.253905 0.254736
v -0.071353 0.260335 0.220641
v -0.064306 0.266867 0.394770
v -0.058028 0.271813 0.372719
v -0.034050 0.284436 0.395270
v -0.020059 0.287535 0.373067
v -0.020059 0.287535 0.373067
v -0.058028 0.271813 0.372719
v -0.039213 0.278881 0.372270
v -0.037736 0.288404 -0.216082
v -0.055109 0.276028 -0.220196
v -0.026989 0.292025 -0.219377
v -0.017560 0.295501 -0.354372
v -0.050257 0.280525 -0.354017
v -0.021189 0.296363 -0.357109
v -0.038113 0.289237 -0.357384
v 0.029620 0.302454 -0.697343
v 0.015259 0.296226 -0.713767
v 0.052612 0.287398 -0.700645
v 0.015259 0.296226 -0.713767
v 0.016722 0.284755 -0.719170
v 0.052612 0.287398 -0.700645
v -0.001440 0.290903 -0.721277
v 0.067603 0.261508 -0.708459
v 0.016722 0.284755 -0.719170
v 0.058833 0.235199 -0.717070
v 0.067603 0.261508 -0.708459
v 0.023023 0.274652 -0.719047
v 0.071506 0.225582 -0.714057
v 0.057392 0.221237 -0.723102
v 0.071506 0.225582 -0.714057
v 0.057392 0.221237 -0.723102
v 0.084860 0.235909 -0.721277
v 0.057392 0.221237 -0.723102
v 0.059485 0.227378 -0.728417
v 0.084860 0.235909 -0.721277
v 0.084860 0.235909 -0.721277
v 0.059485 0.227378 -0.728417
v 0.060615 0.243020 -0.718373
v 0.059485 0.227378 -0.728417
v 0.058239 0.247293 -0.729547
v 0.060615 0.243020 -0.718373
v 0.058239 0.247293 -0.729547
v 0.077589 0.249400 -0.761201
v 0.086106 0.254216 -0.743249
v 0.059478 0.240934 -0.768617
v 0.077589 0.249400 -0.761201
v 0.095209 0.234598 -0.776474
v 0.114667 0.241615 -0.768682
v 0.059478 0.240934 -0.768617
v 0.063671 0.235525 -0.777683
v 0.114667 0.241615 -0.768682
v 0.095209 0.234598 -0.776474
v 0.114943 0.216117 -0.771492
v 0.114943 0.216117 -0.771492
v 0.095209 0.234598 -0.776474
v 0.097121 0.207470 -0.771202
v 0.069652 0.232512 -0.776749
v 0.069652 0.232512 -0.776749
v 0.095209 0.234598 -0.776474
v 0.085287 0.232056 -0.778422
v 0.085287 0.232056 -0.778422
v 0.095209 0.234598 -0.776474
v 0.122945 0.236271 -0.777473
v 0.122945 0.236271 -0.777473
v 0.095209 0.234598 -0.776474
v 0.091791 0.241427 -0.781971
v 0.066111 0.242919 -0.787735
v 0.091791 0.241427 -0.781971
v 0.066111 0.242919 -0.787735
v 0.086301 0.240565 -0.798127
v 0.086301 0.240565 -0.798127
v 0.066111 0.242919 -0.787735
v 0.081782 0.231281 -0.818991
v 0.063598 0.228348 -0.826674
v 0.092399 0.226646 -0.840310
v 0.092399 0.226646 -0.840310
v 0.063598 0.228348 -0.826674
v 0.064221 0.214632 -0.844851
v 0.064221 0.214632 -0.844851
v 0.063598 0.228348 -0.826674
v 0.056378 0.219607 -0.839123
v 0.063598 0.228348 -0.826674
v 0.042083 0.214458 -0.817607
v 0.056378 0.219607 -0.839123
v 0.037492 0.216341 -0.800647
v 0.020285 0.204776 -0.812741
v 0.042083 0.214458 -0.817607
v 0.040294 0.201365 -0.828999
v 0.056378 0.219607 -0.839123
v 0.047167 0.202712 -0.842874
v 0.047167 0.202712 -0.842874
v 0.040294 0.201365 -0.828999
v 0.023363 0.200764 -0.834119
v 0.022182 0.200489 -0.820540
v 0.023363 0.200764 -0.834119
v 0.022182 0.200489 -0.820540
v 0.021270 0.236901 -0.838768
v 0.022182 0.200489 -0.820540
v 0.014550 0.248408 -0.832308
v 0.021270 0.236901 -0.838768
v 0.017519 0.250059 -0.838609
v 0.014550 0.248408 -0.832308
v -0.019516 0.249596 -0.840137
v 0.017519 0.250059 -0.838609
v -0.018850 0.249632 -0.831729
v -0.019516 0.249596 -0.840137
v -0.000796 0.243795 -0.841875
v 0.017519 0.250059 -0.838609
v -0.020414 0.236387 -0.844866
v 0.017519 0.250059 -0.838609
v -0.000796 0.243795 -0.841875
v 0.021270 0.236901 -0.838768
v -0.000796 0.243795 -0.841875
v 0.019184 0.247365 -0.855460
v 0.021270 0.236901 -0.838768
v -0.010789 0.249393 -0.854483
v 0.015600 0.248386 -0.869575
v 0.021422 0.236626 -0.873065
v 0.019184 0.247365 -0.855460
v 0.024297 0.228131 -0.891510
v 0.020372 0.223018 -0.841346
v 0.021422 0.236626 -0.873065
v 0.014564 0.220484 -0.868590
v 0.014564 0.220484 -0.868590
v 0.021422 0.236626 -0.873065
v 0.018518 0.209592 -0.870023
v 0.018518 0.209592 -0.870023
v 0.021422 0.236626 -0.873065
v 0.038701 0.222410 -0.865592
v 0.021422 0.236626 -0.873065
v 0.047015 0.227182 -0.879938
v 0.038701 0.222410 -0.865592
v 0.038701 0.222410 -0.865592
v 0.047015 0.227182 -0.879938
v 0.052909 0.218116 -0.854302
v 0.047015 0.227182 -0.879938
v 0.049709 0.211909 -0.891206
v 0.062838 0.200011 -0.875491
v 0.057899 0.198584 -0.891437
v 0.049709 0.211909 -0.891206
v 0.035855 0.176005 -0.897803
v 0.057899 0.198584 -0.891437
v 0.057899 0.198584 -0.891437
v 0.035855 0.176005 -0.897803
v 0.054466 0.179169 -0.890648
v 0.054466 0.179169 -0.890648
v 0.035855 0.176005 -0.897803
v 0.058565 0.174520 -0.880220
v 0.058565 0.174520 -0.880220
v 0.035855 0.176005 -0.897803
v 0.038295 0.158820 -0.887817
v 0.021241 0.213198 -0.914944
v 0.020770 0.213083 -0.914676
v 0.025028 0.216964 -0.915987
v 0.011914 0.177315 -0.900606
v -0.004786 0.173137 -0.901583
v 0.035855 0.176005 -0.897803
v 0.017656 0.195456 -0.902192
v -0.004786 0.173137 -0.901583
v -0.005648 0.143692 -0.888425
v 0.035855 0.176005 -0.897803
v -0.016308 0.181805 -0.901402
v -0.018198 0.159001 -0.894537
v -0.032935 0.177286 -0.897361
v -0.044044 0.173455 -0.892307
v -0.044022 0.195804 -0.899679
v -0.007647 0.217674 -0.899490
v -0.009319 0.207680 -0.901612
v 0.035855 0.176005 -0.897803
v -0.005648 0.143692 -0.888425
v 0.010306 0.162846 -0.893552
v 0.010306 0.162846 -0.893552
v -0.005648 0.143692 -0.888425
v 0.008829 0.150347 -0.882067
v 0.008662 0.139267 -0.872790
v 0.008829 0.150347 -0.882067
v 0.008662 0.139267 -0.872790
v 0.012290 0.138152 -0.883348
v 0.008662 0.139267 -0.872790
v 0.020669 0.137688 -0.869256
v 0.012290 0.138152 -0.883348
v 0.012290 0.138152 -0.883348
v 0.020669 0.137688 -0.869256
v 0.020937 0.149876 -0.882581
v 0.020669 0.137688 -0.869256
v 0.021806 0.150209 -0.872080
v 0.020937 0.149876 -0.882581
v 0.019916 0.144365 -0.842831
v 0.020893 0.157328 -0.846973
v 0.020205 0.159689 -0.828825
v 0.026202 0.185614 -0.831975
v 0.019764 0.144148 -0.829882
v 0.020937 0.149876 -0.882581
v 0.021806 0.150209 -0.872080
v 0.038295 0.158820 -0.887817
v 0.046298 0.161782 -0.869176
v 0.046298 0.161782 -0.869176
v 0.021806 0.150209 -0.872080
v 0.030243 0.170631 -0.870711
v 0.015831 0.166206 -0.870958
v 0.030243 0.170631 -0.870711
v 0.015831 0.166206 -0.870958
v 0.015723 0.178068 -0.854685
v 0.015831 0.166206 -0.870958
v 0.010929 0.168669 -0.842954
v 0.015723 0.178068 -0.854685
v 0.015433 0.187323 -0.838630
v 0.015433 0.187323 -0.838630
v 0.053561 0.182486 -0.842968
v 0.015723 0.178068 -0.854685
v 0.015723 0.178068 -0.854685
v 0.053561 0.182486 -0.842968
v 0.053054 0.167148 -0.852918
v 0.053054 0.167148 -0.852918
v 0.053561 0.182486 -0.842968
v 0.059753 0.179763 -0.848081
v 0.061353 0.200047 -0.839072
v 0.061353 0.200047 -0.839072
v 0.053561 0.182486 -0.842968
v 0.064576 0.187642 -0.828514
v 0.053561 0.182486 -0.842968
v 0.050005 0.178959 -0.836697
v 0.064576 0.187642 -0.828514
v 0.050005 0.178959 -0.836697
v 0.049093 0.163324 -0.837131
v 0.071412 0.161449 -0.844894
v 0.062012 0.153026 -0.840093
v 0.045783 0.151839 -0.800922
v 0.036572 0.160319 -0.800611
v 0.045421 0.166960 -0.791631
v 0.045421 0.166960 -0.791631
v 0.036572 0.160319 -0.800611
v 0.029040 0.186853 -0.790509
v 0.021972 0.174382 -0.798344
v 0.021972 0.174382 -0.798344
v 0.020560 0.174940 -0.776257
v 0.029040 0.186853 -0.790509
v 0.020560 0.174940 -0.776257
v 0.026426 0.191864 -0.781884
v 0.029040 0.186853 -0.790509
v 0.021813 0.195724 -0.774367
v 0.026426 0.191864 -0.781884
v 0.044400 0.182051 -0.779697
v 0.029040 0.186853 -0.790509
v 0.039461 0.187628 -0.773918
v 0.029040 0.186853 -0.790509
v 0.044400 0.182051 -0.779697
v 0.062679 0.185180 -0.788329
v 0.062679 0.185180 -0.788329
v 0.044400 0.182051 -0.779697
v 0.088445 0.183630 -0.784817
v 0.088445 0.183630 -0.784817
v 0.044400 0.182051 -0.779697
v 0.086562 0.180857 -0.770673
v 0.062157 0.181153 -0.772534
v 0.086562 0.180857 -0.770673
v 0.062157 0.181153 -0.772534
v 0.072412 0.176866 -0.764894
v 0.072412 0.176866 -0.764894
v 0.062157 0.181153 -0.772534
v 0.054879 0.160203 -0.771789
v 0.030902 0.171855 -0.762483
v 0.026426 0.160920 -0.755437
v 0.032104 0.161890 -0.751758
v 0.032104 0.161890 -0.751758
v 0.026426 0.160920 -0.755437
v 0.042865 0.166996 -0.736036
v 0.042865 0.166996 -0.736036
v 0.026426 0.160920 -0.755437
v 0.026513 0.141273 -0.723602
v 0.026426 0.160920 -0.755437
v 0.025202 0.145900 -0.742039
v 0.026513 0.141273 -0.723602
v 0.023877 0.143134 -0.762338
v 0.025202 0.145900 -0.742039
v 0.035493 0.138188 -0.757754
v 0.029663 0.124595 -0.743205
v 0.029663 0.124595 -0.743205
v 0.035493 0.138188 -0.757754
v 0.029960 0.128064 -0.766654
v 0.035493 0.138188 -0.757754
v 0.019489 0.141454 -0.776966
v 0.029960 0.128064 -0.766654
v 0.019489 0.141454 -0.776966
v 0.013239 0.131236 -0.780580
v 0.029960 0.128064 -0.766654
v 0.013239 0.131236 -0.780580
v 0.006301 0.126492 -0.776221
v 0.029960 0.128064 -0.766654
v 0.029960 0.128064 -0.766654
v 0.006301 0.126492 -0.776221
v 0.019952 0.114471 -0.769370
v 0.004389 0.102348 -0.774519
v 0.006301 0.126492 -0.776221
v -0.017126 0.121003 -0.771064
v 0.004389 0.102348 -0.774519
v 0.004411 0.133148 -0.777814
v -0.020530 0.130142 -0.775945
v -0.017126 0.121003 -0.771064
v -0.020254 0.100183 -0.763620
v 0.004389 0.102348 -0.774519
v -0.007697 0.087886 -0.763714
v -0.007697 0.087886 -0.763714
v -0.020254 0.100183 -0.763620
v -0.019255 0.090037 -0.742858
v -0.029068 0.105846 -0.751287
v -0.024295 0.093549 -0.721733
v -0.029068 0.105846 -0.751287
v -0.028648 0.119374 -0.719974
v -0.024295 0.093549 -0.721733
v -0.024295 0.093549 -0.721733
v -0.028648 0.119374 -0.719974
v -0.050228 0.106027 -0.718873
v -0.057767 0.141266 -0.721675
v -0.028452 0.152527 -0.724710
v -0.034658 0.181791 -0.735152
v -0.066153 0.155684 -0.726853
v -0.054182 0.147168 -0.731249
v -0.057767 0.141266 -0.721675
v -0.054182 0.147168 -0.731249
v -0.060164 0.135320 -0.720792
v -0.057767 0.141266 -0.721675
v -0.060164 0.135320 -0.720792
v -0.070201 0.154757 -0.724311
v -0.057767 0.141266 -0.721675
v -0.085293 0.130982 -0.720147
v -0.079891 0.155206 -0.725427
v -0.047418 0.166445 -0.769667
v -0.044819 0.189959 -0.775438
v -0.067138 0.176729 -0.769688
v -0.084257 0.182703 -0.772107
v -0.084996 0.182377 -0.783991
v -0.085018 0.197085 -0.784346
v -0.084989 0.203335 -0.773976
v -0.085018 0.197085 -0.784346
v -0.067717 0.197346 -0.771253
v -0.084989 0.203335 -0.773976
v -0.084989 0.203335 -0.773976
v -0.067717 0.197346 -0.771253
v -0.078008 0.204363 -0.759202
v -0.078008 0.204363 -0.759202
v -0.067717 0.197346 -0.771253
v -0.079239 0.217956 -0.773708
v -0.079239 0.217956 -0.773708
v -0.067717 0.197346 -0.771253
v -0.040017 0.209382 -0.767262
v -0.065769 0.236734 -0.776619
v -0.090319 0.210562 -0.773483
v -0.040017 0.209382 -0.767262
v -0.067717 0.197346 -0.771253
v -0.044819 0.189959 -0.775438
v -0.026656 0.192190 -0.771072
v -0.067717 0.197346 -0.771253
v -0.039409 0.195456 -0.780030
v -0.044819 0.189959 -0.775438
v -0.039409 0.195456 -0.780030
v -0.040350 0.184267 -0.779791
v -0.044819 0.189959 -0.775438
v -0.040350 0.184267 -0.779791
v -0.084996 0.182377 -0.783991
v -0.044819 0.189959 -0.775438
v -0.084996 0.182377 -0.783991
v -0.084257 0.182703 -0.772107
v -0.044819 0.189959 -0.775438
v -0.067138 0.176729 -0.769688
v -0.084257 0.182703 -0.772107
v -0.079796 0.176714 -0.750150
v -0.084301 0.172268 -0.750013
v -0.083758 0.181255 -0.737513
v -0.084257 0.182703 -0.772107
v -0.084352 0.163592 -0.770188
v -0.084257 0.182703 -0.772107
v -0.083758 0.181255 -0.737513
v -0.079796 0.176714 -0.750150
v -0.083758 0.181255 -0.737513
v -0.065776 0.179763 -0.735138
v -0.079796 0.176714 -0.750150
v -0.065776 0.179763 -0.735138
v -0.065052 0.169617 -0.735775
v -0.079796 0.176714 -0.750150
v -0.079796 0.176714 -0.750150
v -0.065052 0.169617 -0.735775
v -0.084301 0.172268 -0.750013
v -0.065052 0.169617 -0.735775
v -0.083837 0.166272 -0.729019
v -0.084301 0.172268 -0.750013
v -0.084301 0.172268 -0.750013
v -0.083837 0.166272 -0.729019
v -0.083758 0.181255 -0.737513
v -0.083758 0.181255 -0.737513
v -0.083837 0.166272 -0.729019
v -0.065776 0.179763 -0.735138
v -0.070201 0.154757 -0.724311
v -0.065776 0.179763 -0.735138
v -0.070201 0.154757 -0.724311
v -0.066153 0.155684 -0.726853
v -0.070201 0.154757 -0.724311
v -0.079891 0.155206 -0.725427
v -0.066153 0.155684 -0.726853
v -0.066153 0.155684 -0.726853
v -0.079891 0.155206 -0.725427
v -0.065052 0.169617 -0.735775
v -0.083837 0.166272 -0.729019
v -0.079891 0.155206 -0.725427
v -0.079898 0.158986 -0.717758
v -0.083837 0.166272 -0.729019
v -0.083837 0.166272 -0.729019
v -0.079898 0.158986 -0.717758
v -0.070201 0.154757 -0.724311
v -0.057767 0.141266 -0.721675
v -0.079898 0.158986 -0.717758
v -0.077247 0.118092 -0.709227
v -0.057767 0.141266 -0.721675
v -0.057767 0.141266 -0.721675
v -0.077247 0.118092 -0.709227
v -0.050228 0.106027 -0.718873
v -0.451387 0.131171 -0.225207
v -0.426917 0.133343 -0.154990
v -0.330580 0.125247 -0.135401
v -0.448954 0.129128 -0.282019
v -0.481274 0.133423 -0.229972
v -0.503854 0.138890 -0.209036
v -0.581653 0.133865 -0.348933
v -0.590502 0.137370 -0.324000
v -0.615776 0.145270 -0.303288
v -0.683538 0.140100 -0.417868
v -0.686659 0.143619 -0.393064
v -0.694016 0.152505 -0.363685
v -0.821363 0.152882 -0.501061
v -0.771511 0.158508 -0.433227
v -0.757346 0.168966 -0.402964
v -0.692670 0.169110 -0.332052
v -0.855776 0.164555 -0.512684
v -0.906281 0.159146 -0.570778
v -0.879450 0.154960 -0.556729
v -0.879363 0.150108 -0.591200
v -0.833428 0.148377 -0.539906
v -0.904246 0.153562 -0.592105
v -0.895693 0.159725 -0.651090
v -0.859209 0.148073 -0.596045
v -0.736960 0.142337 -0.474028
v -0.649508 0.138746 -0.479488
v -0.615769 0.135125 -0.418563
v -0.759765 0.143467 -0.535511
v -0.742066 0.148848 -0.613266
v -0.823659 0.149521 -0.626178
v -0.648915 0.147443 -0.605517
v -0.810928 0.152643 -0.652755
v -0.862330 0.152715 -0.652045
v -0.816526 0.148058 -0.638634
v -0.883006 0.153142 -0.633898
v -0.804063 0.158146 -0.698169
v -0.450453 0.128100 -0.353387
v -0.636314 0.164635 -0.277551
v -0.594326 0.150752 -0.260149
v -0.555981 0.158689 -0.199151
v -0.570385 0.172080 -0.196978
v -0.692670 0.169110 -0.332052
v -0.663876 0.181602 -0.295575
v -0.487024 0.157871 -0.123329
v -0.489827 0.174716 -0.107158
v -0.512023 0.146255 -0.182821
v -0.487024 0.157871 -0.123329
v -0.476147 0.153584 -0.121200
v -0.433746 0.141975 -0.108100
v -0.460338 0.158045 -0.093414
v -0.071353 0.260335 0.220641
v -0.069021 0.261487 0.168066
v -0.069882 0.260263 0.286237
v -0.071773 0.258575 0.108560
v -0.074705 0.262283 0.036910
v -0.074749 0.254194 0.049858
v -0.069021 0.261487 0.168066
v -0.070759 0.265484 0.141691
v -0.076755 0.251022 -0.001609
v -0.078732 0.257663 -0.064381
v -0.079529 0.247677 -0.064128
v -0.081028 0.246532 -0.122120
v -0.081998 0.252123 -0.162283
v -0.081875 0.244787 -0.202909
v -0.083207 0.243274 -0.271192
v 0.007272 0.309138 -0.688863
v -0.007632 0.306024 -0.703513
v 0.029620 0.302454 -0.697343
v 0.015259 0.296226 -0.713767
v -0.001440 0.290903 -0.721277
v -0.030958 0.262848 -0.752453
v -0.011825 0.282415 -0.756689
v -0.020783 0.275427 -0.733834
v -0.028307 0.265318 -0.719039
v -0.017075 0.283835 -0.719872
v -0.014910 0.285609 -0.743575
v -0.011825 0.282415 -0.756689
v -0.014910 0.285609 -0.743575
v -0.020783 0.275427 -0.733834
v 0.011465 0.343457 -0.748137
v 0.004143 0.343304 -0.733566
v 0.001355 0.343500 -0.755603
v 0.001355 0.343500 -0.755603
v 0.004143 0.343304 -0.733566
v -0.009703 0.344478 -0.743575
v 0.004143 0.343304 -0.733566
v -0.005974 0.294191 -0.735942
v -0.009703 0.344478 -0.743575
v -0.014910 0.285609 -0.743575
v -0.009558 0.307892 -0.747702
v -0.005974 0.294191 -0.735942
v -0.005974 0.294191 -0.735942
v -0.009558 0.307892 -0.747702
v -0.009703 0.344478 -0.743575
v -0.009703 0.344478 -0.743575
v -0.009558 0.307892 -0.747702
v 0.001355 0.343500 -0.755603
v -0.009558 0.307892 -0.747702
v 0.002593 0.308334 -0.754655
v 0.001355 0.343500 -0.755603
v -0.014910 0.285609 -0.743575
v 0.002057 0.285718 -0.758768
v 0.001355 0.343500 -0.755603
v 0.002593 0.308334 -0.754655
v 0.011465 0.343457 -0.748137
v 0.002593 0.308334 -0.754655
v 0.011798 0.304199 -0.741214
v 0.011465 0.343457 -0.748137
v 0.011465 0.343457 -0.748137
v 0.011798 0.304199 -0.741214
v 0.004143 0.343304 -0.733566
v 0.011798 0.304199 -0.741214
v 0.004512 0.297826 -0.734052
v 0.004143 0.343304 -0.733566
v 0.015556 0.285030 -0.744103
v 0.004143 0.343304 -0.733566
v 0.004512 0.297826 -0.734052
v -0.005974 0.294191 -0.735942
v 0.004512 0.297826 -0.734052
v -0.001440 0.290903 -0.721277
v -0.005974 0.294191 -0.735942
v -0.017075 0.283835 -0.719872
v -0.005974 0.294191 -0.735942
v -0.017075 0.283835 -0.719872
v -0.014910 0.285609 -0.743575
v -0.025765 0.217927 -0.724406
v -0.029133 0.242868 -0.734544
v -0.035861 0.247372 -0.717866
v -0.035861 0.247372 -0.717866
v -0.029133 0.242868 -0.734544
v -0.028307 0.265318 -0.719039
v -0.028307 0.265318 -0.719039
v -0.029133 0.242868 -0.734544
v -0.030958 0.262848 -0.752453
v -0.032870 0.239363 -0.750013
v -0.030958 0.262848 -0.752453
v -0.032870 0.239363 -0.750013
v -0.028655 0.251493 -0.762852
v -0.028930 0.238219 -0.770912
v -0.028930 0.238219 -0.770912
v -0.020544 0.247532 -0.774345
v -0.028655 0.251493 -0.762852
v -0.016786 0.255845 -0.770920
v -0.030958 0.262848 -0.752453
v 0.001073 0.276984 -0.769812
v -0.011825 0.282415 -0.756689
v 0.001073 0.276984 -0.769812
v 0.002057 0.285718 -0.758768
v -0.011825 0.282415 -0.756689
v -0.011825 0.282415 -0.756689
v 0.002057 0.285718 -0.758768
v -0.014910 0.285609 -0.743575
v 0.002057 0.285718 -0.758768
v 0.015556 0.285030 -0.744103
v 0.002593 0.308334 -0.754655
v 0.011798 0.304199 -0.741214
v 0.004512 0.297826 -0.734052
v 0.015556 0.285030 -0.744103
v -0.001440 0.290903 -0.721277
v -0.001440 0.290903 -0.721277
v 0.015556 0.285030 -0.744103
v 0.016722 0.284755 -0.719170
v 0.015556 0.285030 -0.744103
v 0.023023 0.274652 -0.719047
v 0.016722 0.284755 -0.719170
v 0.026057 0.267635 -0.756545
v 0.029620 0.265709 -0.738679
v 0.032466 0.252579 -0.717207
v 0.023023 0.274652 -0.719047
v 0.032466 0.252579 -0.717207
v 0.058833 0.235199 -0.717070
v 0.029526 0.244164 -0.734877
v 0.025738 0.220245 -0.721827
v 0.032466 0.252579 -0.717207
v 0.029620 0.265709 -0.738679
v 0.026296 0.227291 -0.747014
v 0.032466 0.252579 -0.717207
v 0.025738 0.220245 -0.721827
v 0.058833 0.235199 -0.717070
v 0.058833 0.235199 -0.717070
v 0.025738 0.220245 -0.721827
v 0.057392 0.221237 -0.723102
v 0.056306 0.201170 -0.733183
v 0.056306 0.201170 -0.733183
v 0.056856 0.218007 -0.734682
v 0.057392 0.221237 -0.723102
v 0.057392 0.221237 -0.723102
v 0.056856 0.218007 -0.734682
v 0.059485 0.227378 -0.728417
v 0.056856 0.218007 -0.734682
v 0.043596 0.227776 -0.743944
v 0.059485 0.227378 -0.728417
v 0.059485 0.227378 -0.728417
v 0.043596 0.227776 -0.743944
v 0.058239 0.247293 -0.729547
v 0.043596 0.227776 -0.743944
v 0.059478 0.240934 -0.768617
v 0.058239 0.247293 -0.729547
v 0.028070 0.208600 -0.748361
v 0.044154 0.226726 -0.761360
v 0.031510 0.204197 -0.766328
v 0.095209 0.234598 -0.776474
v 0.063671 0.235525 -0.777683
v 0.066111 0.242919 -0.787735
v 0.058515 0.236387 -0.781044
v 0.058515 0.236387 -0.781044
v 0.063671 0.235525 -0.777683
v 0.069652 0.232512 -0.776749
v 0.069652 0.232512 -0.776749
v 0.063671 0.235525 -0.777683
v 0.085432 0.217029 -0.772897
v 0.068588 0.203154 -0.769211
v 0.085432 0.217029 -0.772897
v 0.068588 0.203154 -0.769211
v 0.079697 0.205993 -0.761194
v 0.068588 0.203154 -0.769211
v 0.074787 0.196130 -0.772868
v 0.079697 0.205993 -0.761194
v 0.074787 0.196130 -0.772868
v 0.084882 0.198432 -0.784730
v 0.079697 0.205993 -0.761194
v 0.079697 0.205993 -0.761194
v 0.084882 0.198432 -0.784730
v 0.096259 0.199533 -0.776626
v 0.096259 0.199533 -0.776626
v 0.084882 0.198432 -0.784730
v 0.088445 0.183630 -0.784817
v 0.088445 0.183630 -0.784817
v 0.084882 0.198432 -0.784730
v 0.062679 0.185180 -0.788329
v 0.084882 0.198432 -0.784730
v 0.062403 0.196738 -0.789502
v 0.062679 0.185180 -0.788329
v 0.062679 0.185180 -0.788329
v 0.062403 0.196738 -0.789502
v 0.066531 0.179973 -0.793094
v 0.070833 0.187425 -0.799278
v 0.070833 0.187425 -0.799278
v 0.062403 0.196738 -0.789502
v 0.083195 0.193204 -0.800835
v 0.083397 0.204899 -0.790147
v 0.062403 0.196738 -0.789502
v 0.066336 0.219310 -0.781000
v 0.062403 0.196738 -0.789502
v 0.039534 0.195854 -0.787778
v 0.047101 0.211830 -0.790328
v 0.039534 0.195854 -0.787778
v 0.037492 0.216341 -0.800647
v 0.047101 0.211830 -0.790328
v 0.047101 0.211830 -0.790328
v 0.037492 0.216341 -0.800647
v 0.058515 0.236387 -0.781044
v 0.058515 0.236387 -0.781044
v 0.037492 0.216341 -0.800647
v 0.066111 0.242919 -0.787735
v 0.063598 0.228348 -0.826674
v 0.042083 0.214458 -0.817607
v 0.020285 0.204776 -0.812741
v 0.040294 0.201365 -0.828999
v 0.040294 0.201365 -0.828999
v 0.020285 0.204776 -0.812741
v 0.022182 0.200489 -0.820540
v 0.012384 0.248763 -0.811510
v 0.007293 0.241890 -0.818657
v 0.020285 0.204776 -0.812741
v 0.006193 0.222823 -0.823242
v 0.020285 0.204776 -0.812741
v 0.006193 0.222823 -0.823242
v 0.022182 0.200489 -0.820540
v 0.022182 0.200489 -0.820540
v 0.006193 0.222823 -0.823242
v 0.014550 0.248408 -0.832308
v -0.005641 0.222830 -0.822344
v -0.018212 0.233743 -0.829658
v 0.006193 0.222823 -0.823242
v 0.006193 0.222823 -0.823242
v -0.018212 0.233743 -0.829658
v 0.014550 0.248408 -0.832308
v -0.018850 0.249632 -0.831729
v -0.018850 0.249632 -0.831729
v -0.020414 0.236387 -0.844866
v -0.019516 0.249596 -0.840137
v -0.022919 0.200902 -0.822315
v -0.020414 0.236387 -0.844866
v -0.010789 0.249393 -0.854483
v -0.000796 0.243795 -0.841875
v -0.010789 0.249393 -0.854483
v 0.000834 0.250472 -0.873471
v 0.019184 0.247365 -0.855460
v 0.015600 0.248386 -0.869575
v 0.000834 0.250472 -0.873471
v 0.024297 0.228131 -0.891510
v 0.015600 0.248386 -0.869575
v 0.021422 0.236626 -0.873065
v 0.024297 0.228131 -0.891510
v 0.047015 0.227182 -0.879938
v 0.047015 0.227182 -0.879938
v 0.024297 0.228131 -0.891510
v 0.049709 0.211909 -0.891206
v 0.040555 0.203118 -0.899961
v -0.007647 0.217674 -0.899490
v 0.017656 0.195456 -0.902192
v 0.000254 0.247923 -0.885362
v -0.018277 0.235105 -0.890170
v 0.049709 0.211909 -0.891206
v 0.040555 0.203118 -0.899961
v 0.035855 0.176005 -0.897803
v 0.040555 0.203118 -0.899961
v 0.017656 0.195456 -0.902192
v 0.035855 0.176005 -0.897803
v -0.018198 0.159001 -0.894537
v -0.019516 0.146704 -0.885724
v -0.005648 0.143692 -0.888425
v -0.019516 0.146704 -0.885724
v -0.010760 0.135233 -0.864375
v -0.005648 0.143692 -0.888425
v -0.005648 0.143692 -0.888425
v -0.010760 0.135233 -0.864375
v 0.008662 0.139267 -0.872790
v 0.020669 0.137688 -0.869256
v -0.010760 0.135233 -0.864375
v 0.019916 0.144365 -0.842831
v 0.020669 0.137688 -0.869256
v 0.021806 0.150209 -0.872080
v 0.020893 0.157328 -0.846973
v 0.015831 0.166206 -0.870958
v 0.015831 0.166206 -0.870958
v 0.020893 0.157328 -0.846973
v 0.010929 0.168669 -0.842954
v 0.020893 0.157328 -0.846973
v 0.026202 0.185614 -0.831975
v 0.010929 0.168669 -0.842954
v 0.010929 0.168669 -0.842954
v 0.026202 0.185614 -0.831975
v 0.015433 0.187323 -0.838630
v 0.015433 0.187323 -0.838630
v 0.026202 0.185614 -0.831975
v 0.053561 0.182486 -0.842968
v 0.053561 0.182486 -0.842968
v 0.026202 0.185614 -0.831975
v 0.050005 0.178959 -0.836697
v 0.020727 0.174578 -0.813480
v 0.050005 0.178959 -0.836697
v 0.020727 0.174578 -0.813480
v 0.049093 0.163324 -0.837131
v 0.036572 0.160319 -0.800611
v 0.020727 0.174578 -0.813480
v 0.021972 0.174382 -0.798344
v 0.013420 0.140860 -0.819063
v 0.014810 0.141208 -0.797157
v 0.020727 0.174578 -0.813480
v 0.021972 0.174382 -0.798344
v 0.021972 0.174382 -0.798344
v 0.014810 0.141208 -0.797157
v 0.008249 0.150057 -0.790002
v 0.000414 0.163665 -0.784295
v 0.003390 0.142823 -0.785345
v 0.011066 0.139195 -0.793688
v 0.010530 0.126232 -0.798714
v 0.014810 0.141208 -0.797157
v 0.001254 0.126427 -0.816825
v 0.010530 0.126232 -0.798714
v 0.000928 0.140701 -0.819765
v 0.001254 0.126427 -0.816825
v -0.008479 0.126130 -0.797432
v 0.010530 0.126232 -0.798714
v -0.008479 0.126130 -0.797432
v 0.011066 0.139195 -0.793688
v 0.010530 0.126232 -0.798714
v 0.008249 0.150057 -0.790002
v 0.011066 0.139195 -0.793688
v 0.009647 0.149405 -0.780138
v 0.013239 0.131236 -0.780580
v 0.011066 0.139195 -0.793688
v 0.004462 0.127101 -0.786714
v 0.013239 0.131236 -0.780580
v 0.013239 0.131236 -0.780580
v 0.004462 0.127101 -0.786714
v 0.006301 0.126492 -0.776221
v 0.004462 0.127101 -0.786714
v 0.004411 0.133148 -0.777814
v 0.006301 0.126492 -0.776221
v 0.003390 0.142823 -0.785345
v 0.004411 0.133148 -0.777814
v -0.018871 0.140208 -0.772201
v -0.020530 0.130142 -0.775945
v 0.013239 0.131236 -0.780580
v 0.004498 0.141019 -0.775822
v 0.019489 0.141454 -0.776966
v -0.018871 0.140208 -0.772201
v -0.031486 0.134958 -0.760940
v -0.020530 0.130142 -0.775945
v -0.020530 0.130142 -0.775945
v -0.031486 0.134958 -0.760940
v -0.017126 0.121003 -0.771064
v -0.017126 0.121003 -0.771064
v -0.031486 0.134958 -0.760940
v -0.020254 0.100183 -0.763620
v -0.020254 0.100183 -0.763620
v -0.031486 0.134958 -0.760940
v -0.029068 0.105846 -0.751287
v -0.031486 0.134958 -0.760940
v -0.032348 0.134936 -0.748861
v -0.029068 0.105846 -0.751287
v -0.032348 0.134936 -0.748861
v -0.027141 0.124849 -0.740765
v -0.029068 0.105846 -0.751287
v -0.029068 0.105846 -0.751287
v -0.027141 0.124849 -0.740765
v -0.028648 0.119374 -0.719974
v -0.028452 0.152527 -0.724710
v -0.024129 0.144916 -0.757631
v -0.027554 0.166054 -0.748151
v -0.026185 0.170407 -0.760397
v -0.057767 0.141266 -0.721675
v -0.034658 0.181791 -0.735152
v -0.066153 0.155684 -0.726853
v -0.065776 0.179763 -0.735138
v -0.034658 0.181791 -0.735152
v -0.042994 0.159631 -0.740946
v -0.065776 0.179763 -0.735138
v -0.065776 0.179763 -0.735138
v -0.042994 0.159631 -0.740946
v -0.065052 0.169617 -0.735775
v -0.065052 0.169617 -0.735775
v -0.042994 0.159631 -0.740946
v -0.066153 0.155684 -0.726853
v -0.066153 0.155684 -0.726853
v -0.042994 0.159631 -0.740946
v -0.054182 0.147168 -0.731249
v -0.059244 0.128209 -0.724702
v -0.042950 0.148435 -0.747137
v -0.059244 0.128209 -0.724702
v -0.042994 0.159631 -0.740946
v -0.054182 0.147168 -0.731249
v -0.059244 0.128209 -0.724702
v -0.060164 0.135320 -0.720792
v -0.059244 0.128209 -0.724702
v -0.085293 0.130982 -0.720147
v -0.060164 0.135320 -0.720792
v -0.110618 0.128368 -0.720039
v -0.085293 0.130982 -0.720147
v -0.088994 0.142098 -0.720647
v -0.079891 0.155206 -0.725427
v -0.079891 0.155206 -0.725427
v -0.088994 0.142098 -0.720647
v -0.079898 0.158986 -0.717758
v -0.079898 0.158986 -0.717758
v -0.088994 0.142098 -0.720647
v -0.088407 0.170885 -0.710465
v -0.088994 0.142098 -0.720647
v -0.103093 0.162868 -0.713898
v -0.088407 0.170885 -0.710465
v -0.104397 0.149348 -0.718395
v -0.093208 0.174991 -0.707988
v -0.093208 0.174991 -0.707988
v -0.103093 0.162868 -0.713898
v -0.095627 0.176946 -0.702477
v -0.103093 0.162868 -0.713898
v -0.104469 0.166337 -0.702608
v -0.095627 0.176946 -0.702477
v -0.104469 0.166337 -0.702608
v -0.092557 0.161478 -0.702195
v -0.095627 0.176946 -0.702477
v -0.095627 0.176946 -0.702477
v -0.092557 0.161478 -0.702195
v -0.088407 0.170885 -0.710465
v -0.079898 0.158986 -0.717758
v -0.077247 0.118092 -0.709227
v -0.248943 0.142265 -0.595885
v -0.402592 0.142765 -0.628256
v -0.326785 0.141411 -0.595813
v -0.282371 0.144401 -0.640654
v -0.398501 0.146284 -0.641443
v -0.314474 0.143192 -0.659903
v -0.377948 0.146024 -0.659027
v -0.254526 0.145408 -0.652212
v -0.190958 0.145799 -0.649924
v -0.413969 0.144945 -0.633659
v -0.413542 0.136399 -0.514126
v -0.327285 0.128361 -0.391906
v -0.451387 0.131171 -0.225207
v -0.448954 0.129128 -0.282019
v -0.457775 0.126927 -0.233245
v -0.450518 0.126239 -0.349882
v -0.457775 0.126927 -0.233245
v -0.450518 0.126239 -0.349882
v -0.493202 0.124016 -0.328497
v -0.506657 0.126731 -0.279484
v -0.562303 0.129208 -0.348050
v -0.481274 0.133423 -0.229972
v -0.457775 0.126927 -0.233245
v -0.581653 0.133865 -0.348933
v -0.457775 0.126927 -0.233245
v -0.481274 0.133423 -0.229972
v -0.451387 0.131171 -0.225207
v -0.476147 0.153584 -0.121200
v -0.461678 0.152751 -0.059544
v -0.460338 0.158045 -0.093414
v -0.450229 0.156104 0.098784
v -0.452843 0.150347 0.088710
v -0.458593 0.152454 0.064124
v -0.452843 0.150347 0.088710
v -0.459361 0.150774 0.003750
v -0.458593 0.152454 0.064124
v -0.458593 0.152454 0.064124
v -0.459361 0.150774 0.003750
v -0.464394 0.156778 0.013323
v -0.469050 0.154620 -0.039354
v -0.469050 0.154620 -0.039354
v -0.462627 0.162636 -0.002840
v -0.464394 0.156778 0.013323
v -0.458593 0.152454 0.064124
v -0.450229 0.156104 0.098784
v -0.462627 0.162636 -0.002840
v -0.455189 0.157205 0.005973
v -0.450229 0.156104 0.098784
v -0.462417 0.166315 -0.057596
v -0.450229 0.156104 0.098784
v -0.455189 0.157205 0.005973
v -0.452843 0.150347 0.088710
v -0.452843 0.150347 0.088710
v -0.455189 0.157205 0.005973
v -0.459361 0.150774 0.003750
v -0.461678 0.152751 -0.059544
v -0.459361 0.150774 0.003750
v -0.461678 0.152751 -0.059544
v -0.469050 0.154620 -0.039354
v -0.478486 0.157552 -0.061738
v -0.473337 0.168220 -0.058045
v -0.461678 0.152751 -0.059544
v -0.461678 0.152751 -0.059544
v -0.473337 0.168220 -0.058045
v -0.469050 0.154620 -0.039354
v -0.469050 0.154620 -0.039354
v -0.473337 0.168220 -0.058045
v -0.462627 0.162636 -0.002840
v -0.473337 0.168220 -0.058045
v -0.462417 0.166315 -0.057596
v -0.462627 0.162636 -0.002840
v -0.479587 0.180603 -0.092646
v -0.458318 0.168712 -0.076279
v -0.455189 0.157205 0.005973
v -0.462417 0.166315 -0.057596
v -0.461678 0.152751 -0.059544
v -0.462417 0.166315 -0.057596
v -0.458318 0.168712 -0.076279
v -0.461678 0.152751 -0.059544
v -0.461678 0.152751 -0.059544
v -0.458318 0.168712 -0.076279
v -0.460338 0.158045 -0.093414
v -0.334360 0.187048 0.075349
v -0.298412 0.201800 0.118018
v -0.261616 0.182080 0.160962
v -0.429365 0.185245 -0.034407
v -0.372575 0.199359 0.029545
v -0.453162 0.202481 -0.065931
v -0.071353 0.260335 0.220641
v -0.070759 0.265484 0.141691
v -0.069021 0.261487 0.168066
v -0.077805 0.252753 -0.358869
v -0.076219 0.258547 -0.578874
v -0.079891 0.252087 -0.424269
v -0.064082 0.279157 -0.662343
v -0.072736 0.264137 -0.663871
v -0.042878 0.296443 -0.663191
v -0.070201 0.266389 -0.693744
v -0.041082 0.290541 -0.706851
v -0.049547 0.289925 -0.694287
v -0.084417 0.241412 -0.691311
v -0.070150 0.253122 -0.707677
v -0.093252 0.216646 -0.694540
v -0.095888 0.191647 -0.700030
v -0.084663 0.203603 -0.708430
v -0.007632 0.306024 -0.703513
v -0.041082 0.290541 -0.706851
v -0.001440 0.290903 -0.721277
v -0.041082 0.290541 -0.706851
v -0.041893 0.274674 -0.715136
v -0.001440 0.290903 -0.721277
v -0.070150 0.253122 -0.707677
v -0.060830 0.235076 -0.717533
v -0.073945 0.221780 -0.713753
v -0.001440 0.290903 -0.721277
v -0.041893 0.274674 -0.715136
v -0.017075 0.283835 -0.719872
v -0.017075 0.283835 -0.719872
v -0.041893 0.274674 -0.715136
v -0.028307 0.265318 -0.719039
v -0.035861 0.247372 -0.717866
v -0.060830 0.235076 -0.717533
v -0.025765 0.217927 -0.724406
v -0.025765 0.217927 -0.724406
v -0.060830 0.235076 -0.717533
v -0.031914 0.198918 -0.733371
v -0.064292 0.222852 -0.725774
v -0.031914 0.198918 -0.733371
v -0.064292 0.222852 -0.725774
v -0.081694 0.202727 -0.731169
v -0.082201 0.218782 -0.728099
v -0.082201 0.218782 -0.728099
v -0.064292 0.222852 -0.725774
v -0.064842 0.202249 -0.737093
v -0.064292 0.222852 -0.725774
v -0.059215 0.227320 -0.727925
v -0.064842 0.202249 -0.737093
v -0.073945 0.221780 -0.713753
v -0.064842 0.202249 -0.737093
v -0.059215 0.227320 -0.727925
v -0.044210 0.207557 -0.738230
v -0.090398 0.246402 -0.718670
v -0.059722 0.248060 -0.726042
v -0.059519 0.242216 -0.718858
v -0.059519 0.242216 -0.718858
v -0.059722 0.248060 -0.726042
v -0.059215 0.227320 -0.727925
v -0.059722 0.248060 -0.726042
v -0.043566 0.227660 -0.742343
v -0.059215 0.227320 -0.727925
v -0.044210 0.207557 -0.738230
v -0.029227 0.210874 -0.747080
v -0.044210 0.207557 -0.738230
v -0.029227 0.210874 -0.747080
v -0.031914 0.198918 -0.733371
v -0.031914 0.198918 -0.733371
v -0.029227 0.210874 -0.747080
v -0.025765 0.217927 -0.724406
v -0.029227 0.210874 -0.747080
v -0.026424 0.230839 -0.759398
v -0.025765 0.217927 -0.724406
v -0.028271 0.210055 -0.758717
v -0.025765 0.217927 -0.724406
v -0.026424 0.230839 -0.759398
v -0.029133 0.242868 -0.734544
v -0.029133 0.242868 -0.734544
v -0.026424 0.230839 -0.759398
v -0.032870 0.239363 -0.750013
v -0.032870 0.239363 -0.750013
v -0.026424 0.230839 -0.759398
v -0.028930 0.238219 -0.770912
v -0.026424 0.230839 -0.759398
v -0.005966 0.244975 -0.780146
v -0.028930 0.238219 -0.770912
v -0.028930 0.238219 -0.770912
v -0.005966 0.244975 -0.780146
v -0.020544 0.247532 -0.774345
v -0.020544 0.247532 -0.774345
v -0.005966 0.244975 -0.780146
v -0.016786 0.255845 -0.770920
v 0.001073 0.276984 -0.769812
v -0.005966 0.244975 -0.780146
v 0.020336 0.251645 -0.771108
v 0.001073 0.276984 -0.769812
v 0.020336 0.251645 -0.771108
v 0.026057 0.267635 -0.756545
v 0.001073 0.276984 -0.769812
v 0.016512 0.246576 -0.779697
v 0.032125 0.239609 -0.767697
v 0.002057 0.285718 -0.758768
v 0.015556 0.285030 -0.744103
v 0.029620 0.265709 -0.738679
v 0.033067 0.243085 -0.747145
v 0.029526 0.244164 -0.734877
v 0.033067 0.243085 -0.747145
v 0.026296 0.227291 -0.747014
v 0.029526 0.244164 -0.734877
v 0.026296 0.227291 -0.747014
v 0.028070 0.208600 -0.748361
v 0.025738 0.220245 -0.721827
v 0.025738 0.220245 -0.721827
v 0.028070 0.208600 -0.748361
v 0.056306 0.201170 -0.733183
v 0.056306 0.201170 -0.733183
v 0.028070 0.208600 -0.748361
v 0.056856 0.218007 -0.734682
v 0.043596 0.227776 -0.743944
v 0.044154 0.226726 -0.761360
v 0.042583 0.210403 -0.768124
v 0.059478 0.240934 -0.768617
v 0.063671 0.235525 -0.777683
v 0.063671 0.235525 -0.777683
v 0.042583 0.210403 -0.768124
v 0.068588 0.203154 -0.769211
v 0.042583 0.210403 -0.768124
v 0.044958 0.195673 -0.774410
v 0.068588 0.203154 -0.769211
v 0.074787 0.196130 -0.772868
v 0.074787 0.196130 -0.772868
v 0.044958 0.195673 -0.774410
v 0.084882 0.198432 -0.784730
v 0.062403 0.196738 -0.789502
v 0.039534 0.195854 -0.787778
v 0.039534 0.195854 -0.787778
v 0.044958 0.195673 -0.774410
v 0.026426 0.191864 -0.781884
v 0.044958 0.195673 -0.774410
v 0.039461 0.187628 -0.773918
v 0.026426 0.191864 -0.781884
v 0.044400 0.182051 -0.779697
v 0.039461 0.187628 -0.773918
v 0.062157 0.181153 -0.772534
v 0.039461 0.187628 -0.773918
v 0.027759 0.177880 -0.767125
v 0.062157 0.181153 -0.772534
v 0.030902 0.171855 -0.762483
v 0.030902 0.171855 -0.762483
v 0.027759 0.177880 -0.767125
v 0.026426 0.160920 -0.755437
v 0.020560 0.174940 -0.776257
v 0.021263 0.167032 -0.766437
v 0.027759 0.177880 -0.767125
v 0.000414 0.163665 -0.784295
v 0.026426 0.160920 -0.755437
v 0.021263 0.167032 -0.766437
v 0.023877 0.143134 -0.762338
v 0.026426 0.160920 -0.755437
v 0.025202 0.145900 -0.742039
v 0.023877 0.143134 -0.762338
v 0.035493 0.138188 -0.757754
v 0.019489 0.141454 -0.776966
v 0.023877 0.143134 -0.762338
v 0.004498 0.141019 -0.775822
v 0.019489 0.141454 -0.776966
v 0.004498 0.141019 -0.775822
v -0.024129 0.144916 -0.757631
v -0.018871 0.140208 -0.772201
v -0.018871 0.140208 -0.772201
v -0.024129 0.144916 -0.757631
v -0.031486 0.134958 -0.760940
v -0.031486 0.134958 -0.760940
v -0.024129 0.144916 -0.757631
v -0.032348 0.134936 -0.748861
v -0.032348 0.134936 -0.748861
v -0.024129 0.144916 -0.757631
v -0.027141 0.124849 -0.740765
v -0.028452 0.152527 -0.724710
v -0.027554 0.166054 -0.748151
v -0.034658 0.181791 -0.735152
v -0.034658 0.181791 -0.735152
v -0.027554 0.166054 -0.748151
v -0.042994 0.159631 -0.740946
v -0.042950 0.148435 -0.747137
v -0.027554 0.166054 -0.748151
v -0.034919 0.164099 -0.764952
v -0.042950 0.148435 -0.747137
v -0.026185 0.170407 -0.760397
v -0.057064 0.134437 -0.764134
v -0.059244 0.128209 -0.724702
v -0.047418 0.166445 -0.769667
v -0.057064 0.134437 -0.764134
v -0.034919 0.164099 -0.764952
v -0.057064 0.134437 -0.764134
v -0.078616 0.120786 -0.745117
v -0.059244 0.128209 -0.724702
v -0.059599 0.138521 -0.776785
v -0.077935 0.125051 -0.760042
v -0.078616 0.120786 -0.745117
v -0.110618 0.128368 -0.720039
v -0.059244 0.128209 -0.724702
v -0.077935 0.125051 -0.760042
v -0.111248 0.128332 -0.759963
v -0.113920 0.126992 -0.730901
v -0.085293 0.130982 -0.720147
v -0.110618 0.128368 -0.720039
v -0.088994 0.142098 -0.720647
v -0.115499 0.148826 -0.722161
v -0.115499 0.148826 -0.722161
v -0.104397 0.149348 -0.718395
v -0.088994 0.142098 -0.720647
v -0.104397 0.149348 -0.718395
v -0.101942 0.154178 -0.691057
v -0.103093 0.162868 -0.713898
v -0.104274 0.143655 -0.680629
v -0.106019 0.146125 -0.655710
v -0.103093 0.162868 -0.713898
v -0.101942 0.154178 -0.691057
v -0.104469 0.166337 -0.702608
v -0.104469 0.166337 -0.702608
v -0.101942 0.154178 -0.691057
v -0.092557 0.161478 -0.702195
v -0.092557 0.161478 -0.702195
v -0.101942 0.154178 -0.691057
v -0.096083 0.151976 -0.683489
v -0.101942 0.154178 -0.691057
v -0.106019 0.146125 -0.655710
v -0.096083 0.151976 -0.683489
v -0.130055 0.142996 -0.657289
v -0.190958 0.145799 -0.649924
v -0.106019 0.146125 -0.655710
v -0.413969 0.144945 -0.633659
v -0.398501 0.146284 -0.641443
v -0.416540 0.153323 -0.655102
v -0.398501 0.146284 -0.641443
v -0.411442 0.158834 -0.713840
v -0.416540 0.153323 -0.655102
v -0.400130 0.159964 -0.740504
v -0.415830 0.160131 -0.737759
v -0.379752 0.160674 -0.757906
v -0.414831 0.159638 -0.745436
v -0.418575 0.160007 -0.754488
v -0.411442 0.158834 -0.713840
v -0.415352 0.145821 -0.660627
v -0.416540 0.153323 -0.655102
v -0.413969 0.144945 -0.633659
v -0.413969 0.144945 -0.633659
v -0.415352 0.145821 -0.660627
v -0.413542 0.136399 -0.514126
v -0.448954 0.129128 -0.282019
v -0.450453 0.128100 -0.353387
v -0.450518 0.126239 -0.349882
v -0.450518 0.126239 -0.349882
v -0.450453 0.128100 -0.353387
v -0.562303 0.129208 -0.348050
v -0.450453 0.128100 -0.353387
v -0.581653 0.133865 -0.348933
v -0.562303 0.129208 -0.348050
v -0.476147 0.153584 -0.121200
v -0.487024 0.157871 -0.123329
v -0.461678 0.152751 -0.059544
v -0.478486 0.157552 -0.061738
v -0.487024 0.157871 -0.123329
v -0.489827 0.174716 -0.107158
v -0.478486 0.157552 -0.061738
v -0.489827 0.174716 -0.107158
v -0.479587 0.180603 -0.092646
v -0.478486 0.157552 -0.061738
v -0.473337 0.168220 -0.058045
v -0.372575 0.199359 0.029545
v -0.309260 0.215914 0.093888
v -0.298412 0.201800 0.118018
v -0.453162 0.202481 -0.065931
v -0.376239 0.214451 0.011889
v -0.353681 0.225785 0.017697
v -0.279822 0.232737 0.101159
v -0.309260 0.215914 0.093888
v -0.445616 0.215929 -0.074208
v -0.356563 0.233758 -0.015144
v -0.477733 0.220831 -0.128044
v -0.189039 0.257562 -0.018475
v -0.186330 0.254426 -0.032423
v -0.186961 0.256273 0.059475
v -0.217173 0.253036 -0.076888
v -0.219230 0.253412 -0.148060
v -0.216818 0.250233 -0.168938
v -0.215884 0.248068 -0.221658
v -0.242961 0.257410 -0.123800
v -0.259661 0.259220 -0.117435
v -0.253433 0.260466 -0.124843
v -0.253433 0.260466 -0.124843
v -0.259661 0.259220 -0.117435
v -0.255395 0.257685 -0.170046
v -0.274963 0.262312 -0.130549
v -0.312895 0.255722 -0.178823
v -0.264737 0.261660 -0.182154
v -0.314778 0.253716 -0.124727
v -0.317240 0.256055 -0.184066
v -0.319710 0.253325 -0.134489
v -0.331304 0.249813 -0.168446
v -0.264737 0.261660 -0.182154
v -0.317240 0.256055 -0.184066
v -0.249631 0.254564 -0.187890
v -0.317240 0.256055 -0.184066
v -0.313743 0.252818 -0.194762
v -0.249631 0.254564 -0.187890
v -0.219230 0.253412 -0.148060
v -0.235336 0.254245 -0.235259
v -0.215884 0.248068 -0.221658
v -0.216623 0.241304 -0.291238
v -0.083207 0.243274 -0.271192
v -0.087154 0.235069 -0.368768
v -0.085836 0.237386 -0.337114
v -0.084663 0.203603 -0.708430
v -0.073945 0.221780 -0.713753
v -0.070150 0.253122 -0.707677
v -0.093252 0.216646 -0.694540
v -0.060830 0.235076 -0.717533
v -0.073945 0.221780 -0.713753
v -0.064292 0.222852 -0.725774
v -0.073945 0.221780 -0.713753
v -0.090862 0.235880 -0.721856
v -0.059215 0.227320 -0.727925
v -0.059215 0.227320 -0.727925
v -0.090862 0.235880 -0.721856
v -0.059519 0.242216 -0.718858
v -0.090398 0.246402 -0.718670
v -0.114557 0.246293 -0.719597
v -0.114318 0.230485 -0.723138
v -0.117229 0.230731 -0.728895
v -0.121162 0.223952 -0.731792
v -0.119329 0.229666 -0.728388
v -0.121162 0.223952 -0.731792
v -0.121393 0.213387 -0.729504
v -0.119329 0.229666 -0.728388
v -0.121393 0.213387 -0.729504
v -0.125695 0.226415 -0.730858
v -0.119329 0.229666 -0.728388
v -0.122436 0.241355 -0.729504
v -0.127723 0.225806 -0.730641
v -0.130974 0.233903 -0.730148
v -0.127694 0.226864 -0.730843
v -0.127694 0.226864 -0.730843
v -0.130974 0.233903 -0.730148
v -0.126774 0.233135 -0.730952
v -0.130974 0.233903 -0.730148
v -0.130018 0.233751 -0.731908
v -0.126774 0.233135 -0.730952
v -0.127694 0.226864 -0.730843
v -0.125695 0.226415 -0.730858
v -0.130018 0.233751 -0.731908
v -0.130018 0.233751 -0.731908
v -0.125695 0.226415 -0.730858
v -0.126774 0.233135 -0.730952
v -0.125695 0.226415 -0.730858
v -0.121162 0.223952 -0.731792
v -0.126774 0.233135 -0.730952
v -0.127230 0.212873 -0.731278
v -0.121162 0.223952 -0.731792
v -0.122436 0.241355 -0.729504
v -0.126774 0.233135 -0.730952
v -0.126774 0.233135 -0.730952
v -0.122436 0.241355 -0.729504
v -0.127694 0.226864 -0.730843
v -0.127694 0.226864 -0.730843
v -0.122436 0.241355 -0.729504
v -0.125695 0.226415 -0.730858
v -0.122436 0.241355 -0.729504
v -0.117338 0.238523 -0.729974
v -0.119329 0.229666 -0.728388
v -0.117338 0.238523 -0.729974
v -0.118120 0.237755 -0.731495
v -0.119329 0.229666 -0.728388
v -0.119329 0.229666 -0.728388
v -0.118120 0.237755 -0.731495
v -0.116737 0.232367 -0.729156
v -0.116737 0.232367 -0.729156
v -0.118120 0.237755 -0.731495
v -0.117229 0.230731 -0.728895
v -0.117229 0.230731 -0.728895
v -0.118120 0.237755 -0.731495
v -0.121162 0.223952 -0.731792
v -0.118120 0.237755 -0.731495
v -0.119148 0.252036 -0.731111
v -0.121162 0.223952 -0.731792
v -0.113087 0.236097 -0.732538
v -0.121162 0.223952 -0.731792
v -0.119148 0.252036 -0.731111
v -0.122436 0.241355 -0.729504
v -0.119148 0.252036 -0.731111
v -0.114557 0.248415 -0.734740
v -0.122436 0.241355 -0.729504
v -0.122436 0.241355 -0.729504
v -0.114557 0.248415 -0.734740
v -0.117338 0.238523 -0.729974
v -0.117338 0.238523 -0.729974
v -0.114557 0.248415 -0.734740
v -0.114557 0.246293 -0.719597
v -0.114557 0.248415 -0.734740
v -0.082476 0.254346 -0.745226
v -0.114557 0.246293 -0.719597
v -0.090398 0.246402 -0.718670
v -0.059722 0.248060 -0.726042
v -0.082476 0.254346 -0.745226
v -0.066399 0.248379 -0.762041
v -0.059722 0.248060 -0.726042
v -0.059722 0.248060 -0.726042
v -0.066399 0.248379 -0.762041
v -0.043566 0.227660 -0.742343
v -0.058086 0.240167 -0.769131
v -0.028271 0.210055 -0.758717
v -0.029227 0.210874 -0.747080
v -0.040017 0.209382 -0.767262
v -0.028271 0.210055 -0.758717
v -0.058086 0.240167 -0.769131
v -0.065769 0.236734 -0.776619
v -0.028271 0.210055 -0.758717
v -0.001252 0.229058 -0.777256
v -0.026424 0.230839 -0.759398
v -0.026424 0.230839 -0.759398
v -0.001252 0.229058 -0.777256
v -0.005966 0.244975 -0.780146
v -0.001252 0.229058 -0.777256
v -0.001534 0.243809 -0.788293
v -0.005966 0.244975 -0.780146
v 0.002130 0.231093 -0.789372
v -0.012766 0.250972 -0.812755
v 0.012384 0.248763 -0.811510
v -0.012426 0.251689 -0.797338
v 0.012095 0.252319 -0.797504
v 0.012095 0.252319 -0.797504
v 0.004078 0.251102 -0.789068
v -0.012426 0.251689 -0.797338
v -0.012426 0.251689 -0.797338
v 0.004078 0.251102 -0.789068
v -0.001534 0.243809 -0.788293
v -0.001534 0.243809 -0.788293
v 0.004078 0.251102 -0.789068
v -0.005966 0.244975 -0.780146
v 0.004078 0.251102 -0.789068
v 0.016512 0.246576 -0.779697
v -0.005966 0.244975 -0.780146
v -0.005966 0.244975 -0.780146
v 0.016512 0.246576 -0.779697
v 0.020336 0.251645 -0.771108
v 0.026057 0.267635 -0.756545
v 0.032125 0.239609 -0.767697
v 0.029620 0.265709 -0.738679
v 0.033067 0.243085 -0.747145
v 0.033067 0.243085 -0.747145
v 0.032125 0.239609 -0.767697
v 0.026296 0.227291 -0.747014
v 0.032125 0.239609 -0.767697
v 0.019293 0.229659 -0.764742
v 0.026296 0.227291 -0.747014
v 0.011718 0.235061 -0.780124
v -0.001252 0.229058 -0.777256
v 0.019293 0.229659 -0.764742
v 0.023327 0.209628 -0.762765
v 0.026296 0.227291 -0.747014
v 0.028070 0.208600 -0.748361
v 0.023327 0.209628 -0.762765
v 0.031510 0.204197 -0.766328
v 0.028070 0.208600 -0.748361
v 0.044154 0.226726 -0.761360
v 0.031510 0.204197 -0.766328
v 0.042583 0.210403 -0.768124
v 0.042583 0.210403 -0.768124
v 0.031510 0.204197 -0.766328
v 0.044958 0.195673 -0.774410
v 0.039461 0.187628 -0.773918
v 0.039461 0.187628 -0.773918
v 0.031510 0.204197 -0.766328
v 0.027759 0.177880 -0.767125
v 0.031510 0.204197 -0.766328
v 0.021813 0.195724 -0.774367
v 0.027759 0.177880 -0.767125
v 0.027759 0.177880 -0.767125
v 0.021813 0.195724 -0.774367
v 0.020560 0.174940 -0.776257
v 0.021813 0.195724 -0.774367
v 0.021046 0.202893 -0.797743
v 0.026426 0.191864 -0.781884
v 0.026426 0.191864 -0.781884
v 0.021046 0.202893 -0.797743
v 0.039534 0.195854 -0.787778
v 0.039534 0.195854 -0.787778
v 0.021046 0.202893 -0.797743
v 0.037492 0.216341 -0.800647
v 0.037492 0.216341 -0.800647
v 0.021046 0.202893 -0.797743
v 0.020285 0.204776 -0.812741
v 0.020285 0.204776 -0.812741
v 0.021046 0.202893 -0.797743
v 0.012384 0.248763 -0.811510
v 0.021046 0.202893 -0.797743
v 0.013311 0.231057 -0.797425
v 0.012384 0.248763 -0.811510
v 0.012384 0.248763 -0.811510
v 0.013311 0.231057 -0.797425
v 0.012095 0.252319 -0.797504
v 0.013311 0.231057 -0.797425
v 0.008539 0.244034 -0.789140
v 0.012095 0.252319 -0.797504
v 0.012095 0.252319 -0.797504
v 0.008539 0.244034 -0.789140
v 0.004078 0.251102 -0.789068
v 0.004078 0.251102 -0.789068
v 0.008539 0.244034 -0.789140
v 0.016512 0.246576 -0.779697
v 0.008539 0.244034 -0.789140
v 0.011718 0.235061 -0.780124
v 0.016512 0.246576 -0.779697
v 0.002130 0.231093 -0.789372
v 0.016512 0.246576 -0.779697
v 0.011718 0.235061 -0.780124
v 0.032125 0.239609 -0.767697
v -0.001252 0.229058 -0.777256
v 0.001551 0.209672 -0.776409
v 0.019293 0.229659 -0.764742
v 0.023327 0.209628 -0.762765
v 0.023327 0.209628 -0.762765
v 0.001551 0.209672 -0.776409
v 0.031510 0.204197 -0.766328
v 0.031510 0.204197 -0.766328
v 0.001551 0.209672 -0.776409
v 0.021813 0.195724 -0.774367
v 0.001551 0.209672 -0.776409
v 0.006794 0.208368 -0.786707
v 0.021813 0.195724 -0.774367
v 0.021046 0.202893 -0.797743
v 0.021046 0.202893 -0.797743
v 0.006794 0.208368 -0.786707
v 0.013311 0.231057 -0.797425
v 0.002130 0.231093 -0.789372
v 0.013311 0.231057 -0.797425
v 0.002130 0.231093 -0.789372
v 0.008539 0.244034 -0.789140
v 0.011718 0.235061 -0.780124
v 0.002130 0.231093 -0.789372
v -0.001252 0.229058 -0.777256
v -0.001534 0.243809 -0.788293
v 0.002130 0.231093 -0.789372
v -0.012426 0.251689 -0.797338
v 0.002130 0.231093 -0.789372
v -0.013737 0.232302 -0.798677
v -0.012426 0.251689 -0.797338
v -0.012426 0.251689 -0.797338
v -0.013737 0.232302 -0.798677
v -0.012766 0.250972 -0.812755
v -0.013737 0.232302 -0.798677
v -0.010000 0.239073 -0.815623
v -0.012766 0.250972 -0.812755
v -0.012766 0.250972 -0.812755
v -0.010000 0.239073 -0.815623
v 0.012384 0.248763 -0.811510
v 0.012384 0.248763 -0.811510
v -0.010000 0.239073 -0.815623
v 0.007293 0.241890 -0.818657
v 0.007293 0.241890 -0.818657
v -0.010000 0.239073 -0.815623
v 0.006193 0.222823 -0.823242
v -0.005641 0.222830 -0.822344
v -0.010000 0.239073 -0.815623
v -0.019624 0.205037 -0.813762
v -0.005641 0.222830 -0.822344
v -0.019624 0.205037 -0.813762
v -0.022919 0.200902 -0.822315
v -0.005641 0.222830 -0.822344
v -0.005641 0.222830 -0.822344
v -0.022919 0.200902 -0.822315
v -0.018212 0.233743 -0.829658
v -0.018212 0.233743 -0.829658
v -0.022919 0.200902 -0.822315
v -0.018850 0.249632 -0.831729
v -0.018357 0.199055 -0.836016
v -0.011514 0.218485 -0.843504
v -0.020291 0.222149 -0.839883
v -0.020291 0.222149 -0.839883
v -0.011514 0.218485 -0.843504
v -0.012520 0.238378 -0.865027
v -0.011514 0.218485 -0.843504
v -0.013903 0.223236 -0.869046
v -0.012520 0.238378 -0.865027
v -0.013845 0.198317 -0.845191
v -0.015598 0.206478 -0.853252
v -0.019067 0.210468 -0.871718
v -0.013903 0.223236 -0.869046
v -0.019067 0.210468 -0.871718
v -0.031161 0.221186 -0.867511
v -0.013903 0.223236 -0.869046
v -0.031161 0.221186 -0.867511
v -0.019661 0.240804 -0.871906
v -0.013903 0.223236 -0.869046
v -0.013903 0.223236 -0.869046
v -0.019661 0.240804 -0.871906
v -0.012520 0.238378 -0.865027
v -0.012520 0.238378 -0.865027
v -0.019661 0.240804 -0.871906
v -0.020414 0.236387 -0.844866
v -0.020414 0.236387 -0.844866
v -0.019661 0.240804 -0.871906
v -0.010789 0.249393 -0.854483
v -0.017126 0.247467 -0.877569
v -0.010789 0.249393 -0.854483
v -0.017126 0.247467 -0.877569
v 0.000834 0.250472 -0.873471
v 0.000254 0.247923 -0.885362
v 0.000834 0.250472 -0.873471
v 0.000254 0.247923 -0.885362
v 0.024297 0.228131 -0.891510
v -0.032935 0.177286 -0.897361
v -0.031247 0.160341 -0.885000
v -0.018198 0.159001 -0.894537
v -0.031247 0.160341 -0.885000
v -0.022630 0.153722 -0.871139
v -0.018198 0.159001 -0.894537
v -0.050250 0.162071 -0.882965
v -0.018198 0.159001 -0.894537
v -0.022630 0.153722 -0.871139
v -0.019516 0.146704 -0.885724
v -0.022630 0.153722 -0.871139
v -0.018531 0.146559 -0.843316
v -0.019516 0.146704 -0.885724
v -0.010760 0.135233 -0.864375
v -0.010760 0.135233 -0.864375
v -0.018531 0.146559 -0.843316
v 0.019916 0.144365 -0.842831
v 0.019916 0.144365 -0.842831
v -0.018531 0.146559 -0.843316
v 0.007054 0.132851 -0.836385
v -0.011028 0.137471 -0.839094
v -0.018531 0.146559 -0.843316
v -0.007393 0.134089 -0.834104
v -0.011028 0.137471 -0.839094
v -0.017908 0.145886 -0.829875
v -0.011028 0.137471 -0.839094
v -0.007393 0.134089 -0.834104
v 0.007054 0.132851 -0.836385
v -0.007393 0.134089 -0.834104
v 0.019764 0.144148 -0.829882
v 0.007054 0.132851 -0.836385
v 0.007054 0.132851 -0.836385
v 0.019764 0.144148 -0.829882
v 0.019916 0.144365 -0.842831
v 0.020205 0.159689 -0.828825
v 0.016534 0.175338 -0.822286
v 0.026202 0.185614 -0.831975
v 0.026202 0.185614 -0.831975
v 0.016534 0.175338 -0.822286
v 0.020727 0.174578 -0.813480
v 0.020727 0.174578 -0.813480
v 0.016534 0.175338 -0.822286
v 0.013420 0.140860 -0.819063
v 0.016534 0.175338 -0.822286
v 0.000928 0.140701 -0.819765
v 0.013420 0.140860 -0.819063
v 0.013420 0.140860 -0.819063
v 0.000928 0.140701 -0.819765
v 0.014810 0.141208 -0.797157
v -0.011579 0.140585 -0.818549
v -0.012455 0.140208 -0.795962
v 0.000928 0.140701 -0.819765
v 0.000928 0.140701 -0.819765
v -0.012455 0.140208 -0.795962
v 0.001254 0.126427 -0.816825
v -0.008479 0.126130 -0.797432
v -0.008479 0.126130 -0.797432
v -0.012455 0.140208 -0.795962
v 0.011066 0.139195 -0.793688
v -0.012455 0.140208 -0.795962
v 0.003390 0.142823 -0.785345
v 0.011066 0.139195 -0.793688
v 0.011066 0.139195 -0.793688
v 0.003390 0.142823 -0.785345
v 0.004462 0.127101 -0.786714
v 0.004411 0.133148 -0.777814
v 0.003390 0.142823 -0.785345
v 0.013239 0.131236 -0.780580
v 0.013239 0.131236 -0.780580
v 0.003390 0.142823 -0.785345
v 0.009647 0.149405 -0.780138
v 0.009647 0.149405 -0.780138
v 0.003390 0.142823 -0.785345
v 0.008249 0.150057 -0.790002
v 0.021972 0.174382 -0.798344
v 0.000414 0.163665 -0.784295
v 0.020560 0.174940 -0.776257
v 0.021263 0.167032 -0.766437
v 0.000414 0.163665 -0.784295
v 0.023877 0.143134 -0.762338
v 0.000414 0.163665 -0.784295
v -0.002186 0.165634 -0.778009
v 0.023877 0.143134 -0.762338
v -0.018857 0.170921 -0.797475
v -0.018553 0.176164 -0.776416
v 0.023877 0.143134 -0.762338
v -0.002186 0.165634 -0.778009
v 0.004498 0.141019 -0.775822
v -0.002186 0.165634 -0.778009
v -0.026185 0.170407 -0.760397
v 0.004498 0.141019 -0.775822
v -0.024129 0.144916 -0.757631
v -0.034919 0.164099 -0.764952
v -0.026185 0.170407 -0.760397
v -0.047418 0.166445 -0.769667
v -0.026185 0.170407 -0.760397
v -0.026656 0.192190 -0.771072
v -0.047418 0.166445 -0.769667
v -0.044819 0.189959 -0.775438
v -0.040017 0.209382 -0.767262
v -0.026656 0.192190 -0.771072
v -0.028271 0.210055 -0.758717
v -0.026656 0.192190 -0.771072
v -0.024744 0.195760 -0.774461
v -0.028271 0.210055 -0.758717
v -0.028271 0.210055 -0.758717
v -0.024744 0.195760 -0.774461
v -0.001252 0.229058 -0.777256
v -0.001252 0.229058 -0.777256
v -0.024744 0.195760 -0.774461
v 0.001551 0.209672 -0.776409
v -0.024744 0.195760 -0.774461
v -0.012976 0.206876 -0.788800
v 0.001551 0.209672 -0.776409
v 0.001551 0.209672 -0.776409
v -0.012976 0.206876 -0.788800
v 0.006794 0.208368 -0.786707
v 0.006794 0.208368 -0.786707
v -0.012976 0.206876 -0.788800
v 0.002130 0.231093 -0.789372
v 0.002130 0.231093 -0.789372
v -0.012976 0.206876 -0.788800
v -0.013737 0.232302 -0.798677
v -0.012976 0.206876 -0.788800
v -0.021761 0.203545 -0.800394
v -0.013737 0.232302 -0.798677
v -0.013737 0.232302 -0.798677
v -0.021761 0.203545 -0.800394
v -0.010000 0.239073 -0.815623
v -0.019624 0.205037 -0.813762
v -0.021761 0.203545 -0.800394
v -0.034173 0.215661 -0.806028
v -0.019624 0.205037 -0.813762
v -0.041560 0.221461 -0.797910
v -0.034173 0.215661 -0.806028
v -0.043515 0.213676 -0.822988
v -0.019624 0.205037 -0.813762
v -0.041560 0.221461 -0.797910
v -0.022919 0.200902 -0.822315
v -0.039539 0.201836 -0.830773
v -0.022919 0.200902 -0.822315
v -0.039539 0.201836 -0.830773
v -0.018357 0.199055 -0.836016
v -0.013845 0.198317 -0.845191
v -0.057781 0.203987 -0.843707
v -0.018357 0.199055 -0.836016
v -0.013845 0.198317 -0.845191
v -0.011514 0.218485 -0.843504
v -0.013903 0.223236 -0.869046
v -0.013845 0.198317 -0.845191
v -0.015598 0.206478 -0.853252
v -0.013845 0.198317 -0.845191
v -0.036483 0.219687 -0.859096
v -0.015598 0.206478 -0.853252
v -0.057781 0.203987 -0.843707
v -0.052806 0.218137 -0.854823
v -0.015598 0.206478 -0.853252
v -0.036483 0.219687 -0.859096
v -0.019067 0.210468 -0.871718
v -0.019067 0.210468 -0.871718
v -0.036483 0.219687 -0.859096
v -0.031161 0.221186 -0.867511
v -0.036483 0.219687 -0.859096
v -0.049417 0.224583 -0.874513
v -0.031161 0.221186 -0.867511
v -0.052806 0.218137 -0.854823
v -0.031161 0.221186 -0.867511
v -0.049417 0.224583 -0.874513
v -0.019661 0.240804 -0.871906
v -0.049417 0.224583 -0.874513
v -0.018277 0.235105 -0.890170
v -0.019661 0.240804 -0.871906
v -0.054515 0.217022 -0.883247
v -0.019661 0.240804 -0.871906
v -0.018277 0.235105 -0.890170
v -0.017126 0.247467 -0.877569
v -0.017126 0.247467 -0.877569
v -0.018277 0.235105 -0.890170
v 0.000254 0.247923 -0.885362
v -0.018277 0.235105 -0.890170
v -0.037186 0.209549 -0.893414
v -0.007647 0.217674 -0.899490
v -0.054515 0.217022 -0.883247
v -0.044022 0.195804 -0.899679
v -0.043855 0.214285 -0.891655
v -0.058354 0.188214 -0.890004
v -0.037186 0.209549 -0.893414
v -0.044044 0.173455 -0.892307
v -0.037186 0.209549 -0.893414
v -0.044044 0.173455 -0.892307
v -0.044022 0.195804 -0.899679
v -0.032935 0.177286 -0.897361
v -0.044044 0.173455 -0.892307
v -0.031247 0.160341 -0.885000
v -0.050250 0.162071 -0.882965
v -0.050250 0.162071 -0.882965
v -0.046166 0.161818 -0.866852
v -0.022630 0.153722 -0.871139
v -0.051452 0.164635 -0.854077
v -0.046166 0.161818 -0.866852
v -0.020486 0.173579 -0.871457
v -0.022630 0.153722 -0.871139
v -0.022630 0.153722 -0.871139
v -0.020486 0.173579 -0.871457
v -0.014193 0.166344 -0.869604
v -0.016300 0.177279 -0.856286
v -0.011289 0.168198 -0.842469
v -0.020486 0.173579 -0.871457
v -0.016112 0.188069 -0.845662
v -0.020486 0.173579 -0.871457
v -0.011289 0.168198 -0.842469
v -0.014193 0.166344 -0.869604
v -0.011289 0.168198 -0.842469
v -0.020037 0.159834 -0.843055
v -0.014193 0.166344 -0.869604
v -0.022630 0.153722 -0.871139
v -0.022630 0.153722 -0.871139
v -0.020037 0.159834 -0.843055
v -0.018531 0.146559 -0.843316
v -0.017908 0.145886 -0.829875
v -0.022890 0.185223 -0.834474
v -0.022507 0.181856 -0.823357
v -0.017908 0.145886 -0.829875
v 0.000573 0.161716 -0.828137
v -0.007393 0.134089 -0.834104
v -0.022507 0.181856 -0.823357
v 0.019764 0.144148 -0.829882
v 0.020205 0.159689 -0.828825
v 0.020205 0.159689 -0.828825
v 0.000573 0.161716 -0.828137
v 0.016534 0.175338 -0.822286
v 0.016534 0.175338 -0.822286
v 0.000573 0.161716 -0.828137
v 0.000928 0.140701 -0.819765
v 0.000573 0.161716 -0.828137
v -0.018183 0.179321 -0.820620
v 0.000928 0.140701 -0.819765
v 0.000928 0.140701 -0.819765
v -0.018183 0.179321 -0.820620
v -0.011579 0.140585 -0.818549
v -0.011579 0.140585 -0.818549
v -0.018183 0.179321 -0.820620
v -0.012455 0.140208 -0.795962
v -0.018857 0.170921 -0.797475
v -0.025946 0.170399 -0.811140
v -0.018857 0.170921 -0.797475
v -0.018183 0.179321 -0.820620
v -0.012455 0.140208 -0.795962
v -0.018857 0.170921 -0.797475
v 0.003390 0.142823 -0.785345
v 0.000414 0.163665 -0.784295
v -0.002186 0.165634 -0.778009
v -0.018553 0.176164 -0.776416
v -0.026185 0.170407 -0.760397
v -0.026185 0.170407 -0.760397
v -0.018553 0.176164 -0.776416
v -0.026656 0.192190 -0.771072
v -0.024744 0.195760 -0.774461
v -0.018553 0.176164 -0.776416
v -0.029741 0.190966 -0.788923
v -0.024744 0.195760 -0.774461
v -0.018857 0.170921 -0.797475
v -0.024513 0.177634 -0.797454
v -0.025946 0.170399 -0.811140
v -0.024744 0.195760 -0.774461
v -0.029741 0.190966 -0.788923
v -0.012976 0.206876 -0.788800
v -0.012976 0.206876 -0.788800
v -0.029741 0.190966 -0.788923
v -0.021761 0.203545 -0.800394
v -0.029741 0.190966 -0.788923
v -0.044616 0.208861 -0.790711
v -0.021761 0.203545 -0.800394
v -0.041560 0.221461 -0.797910
v -0.041560 0.221461 -0.797910
v -0.061475 0.229645 -0.827268
v -0.043515 0.213676 -0.822988
v -0.062778 0.242122 -0.787148
v -0.058549 0.221461 -0.837406
v -0.048570 0.211555 -0.838507
v -0.039539 0.201836 -0.830773
v -0.061475 0.229645 -0.827268
v -0.084388 0.223069 -0.837732
v -0.058549 0.221461 -0.837406
v -0.062778 0.242122 -0.787148
v -0.086466 0.237806 -0.806231
v -0.084388 0.223069 -0.837732
v -0.083562 0.212778 -0.844395
v -0.058549 0.221461 -0.837406
v -0.083562 0.212778 -0.844395
v -0.048570 0.211555 -0.838507
v -0.058549 0.221461 -0.837406
v -0.048570 0.211555 -0.838507
v -0.057781 0.203987 -0.843707
v -0.039539 0.201836 -0.830773
v -0.052806 0.218137 -0.854823
v -0.054515 0.217022 -0.883247
v -0.049417 0.224583 -0.874513
v -0.057781 0.203987 -0.843707
v -0.061504 0.192987 -0.844083
v -0.061431 0.184086 -0.876251
v -0.058354 0.188214 -0.890004
v -0.037186 0.209549 -0.893414
v -0.054515 0.217022 -0.883247
v -0.043855 0.214285 -0.891655
v -0.043855 0.214285 -0.891655
v -0.054515 0.217022 -0.883247
v -0.058354 0.188214 -0.890004
v -0.058354 0.188214 -0.890004
v -0.061431 0.184086 -0.876251
v -0.044044 0.173455 -0.892307
v -0.044044 0.173455 -0.892307
v -0.061431 0.184086 -0.876251
v -0.050250 0.162071 -0.882965
v -0.061431 0.184086 -0.876251
v -0.051452 0.164635 -0.854077
v -0.050250 0.162071 -0.882965
v -0.061504 0.192987 -0.844083
v -0.046166 0.161818 -0.866852
v -0.051452 0.164635 -0.854077
v -0.020486 0.173579 -0.871457
v -0.020486 0.173579 -0.871457
v -0.051452 0.164635 -0.854077
v -0.016300 0.177279 -0.856286
v -0.051452 0.164635 -0.854077
v -0.016112 0.188069 -0.845662
v -0.016300 0.177279 -0.856286
v -0.049511 0.181617 -0.843584
v -0.016112 0.188069 -0.845662
v -0.022890 0.185223 -0.834474
v -0.011289 0.168198 -0.842469
v -0.011289 0.168198 -0.842469
v -0.022890 0.185223 -0.834474
v -0.020037 0.159834 -0.843055
v 0.000573 0.161716 -0.828137
v -0.022507 0.181856 -0.823357
v -0.018183 0.179321 -0.820620
v -0.018183 0.179321 -0.820620
v -0.022507 0.181856 -0.823357
v -0.025946 0.170399 -0.811140
v -0.022507 0.181856 -0.823357
v -0.041183 0.164497 -0.824661
v -0.025946 0.170399 -0.811140
v -0.036795 0.157473 -0.798728
v -0.044457 0.152447 -0.800922
v -0.059592 0.143011 -0.819215
v -0.061714 0.132112 -0.784614
v -0.061200 0.152751 -0.839239
v -0.054016 0.161115 -0.842664
v -0.036795 0.157473 -0.798728
v -0.024513 0.177634 -0.797454
v -0.025946 0.170399 -0.811140
v -0.024513 0.177634 -0.797454
v -0.039945 0.185940 -0.787793
v -0.029741 0.190966 -0.788923
v -0.060106 0.172405 -0.789053
v -0.039409 0.195456 -0.780030
v -0.039409 0.195456 -0.780030
v -0.039945 0.185940 -0.787793
v -0.040350 0.184267 -0.779791
v -0.039945 0.185940 -0.787793
v -0.059056 0.184202 -0.788249
v -0.040350 0.184267 -0.779791
v -0.084996 0.182377 -0.783991
v -0.059056 0.184202 -0.788249
v -0.060859 0.198107 -0.789234
v -0.084996 0.182377 -0.783991
v -0.085018 0.197085 -0.784346
v -0.085018 0.197085 -0.784346
v -0.060859 0.198107 -0.789234
v -0.067717 0.197346 -0.771253
v -0.039409 0.195456 -0.780030
v -0.039409 0.195456 -0.780030
v -0.060859 0.198107 -0.789234
v -0.029741 0.190966 -0.788923
v -0.029741 0.190966 -0.788923
v -0.060859 0.198107 -0.789234
v -0.044616 0.208861 -0.790711
v -0.060859 0.198107 -0.789234
v -0.057680 0.233026 -0.778849
v -0.044616 0.208861 -0.790711
v -0.081824 0.213517 -0.782999
v -0.087103 0.240073 -0.779834
v -0.044616 0.208861 -0.790711
v -0.057680 0.233026 -0.778849
v -0.041560 0.221461 -0.797910
v -0.057680 0.233026 -0.778849
v -0.062778 0.242122 -0.787148
v -0.041560 0.221461 -0.797910
v -0.084388 0.223069 -0.837732
v -0.086466 0.237806 -0.806231
v -0.088443 0.234004 -0.836103
v -0.086466 0.237806 -0.806231
v -0.094208 0.224590 -0.840926
v -0.088443 0.234004 -0.836103
v -0.088443 0.234004 -0.836103
v -0.094208 0.224590 -0.840926
v -0.084388 0.223069 -0.837732
v -0.084388 0.223069 -0.837732
v -0.094208 0.224590 -0.840926
v -0.083562 0.212778 -0.844395
v -0.094208 0.224590 -0.840926
v -0.117063 0.251935 -0.820533
v -0.118909 0.256164 -0.843033
v -0.100146 0.230506 -0.821793
v -0.117063 0.251935 -0.820533
v -0.134675 0.239826 -0.820794
v -0.118909 0.256164 -0.843033
v -0.132184 0.249530 -0.842476
v -0.134675 0.239826 -0.820794
v -0.133610 0.234974 -0.841853
v -0.132184 0.249530 -0.842476
v -0.132184 0.249530 -0.842476
v -0.133610 0.234974 -0.841853
v -0.118909 0.256164 -0.843033
v -0.094208 0.224590 -0.840926
v -0.112674 0.209614 -0.843287
v -0.083562 0.212778 -0.844395
v -0.133610 0.234974 -0.841853
v -0.112674 0.209614 -0.843287
v -0.094208 0.224590 -0.840926
v -0.121574 0.198867 -0.830592
v -0.083917 0.200409 -0.836356
v -0.112674 0.209614 -0.843287
v -0.112674 0.209614 -0.843287
v -0.083917 0.200409 -0.836356
v -0.083562 0.212778 -0.844395
v -0.063531 0.193197 -0.833959
v -0.089146 0.191813 -0.827377
v -0.081158 0.192132 -0.804804
v -0.083917 0.200409 -0.836356
v -0.081158 0.192132 -0.804804
v -0.063531 0.193197 -0.833959
v -0.083917 0.200409 -0.836356
v -0.083562 0.212778 -0.844395
v -0.063531 0.193197 -0.833959
v -0.048570 0.211555 -0.838507
v -0.048570 0.211555 -0.838507
v -0.063531 0.193197 -0.833959
v -0.057781 0.203987 -0.843707
v -0.063531 0.193197 -0.833959
v -0.061504 0.192987 -0.844083
v -0.057781 0.203987 -0.843707
v -0.065030 0.184123 -0.832069
v -0.061504 0.192987 -0.844083
v -0.049511 0.181617 -0.843584
v -0.051452 0.164635 -0.854077
v -0.049511 0.181617 -0.843584
v -0.044203 0.180089 -0.836204
v -0.016112 0.188069 -0.845662
v -0.022890 0.185223 -0.834474
v -0.022507 0.181856 -0.823357
v -0.022507 0.181856 -0.823357
v -0.044203 0.180089 -0.836204
v -0.041183 0.164497 -0.824661
v -0.044203 0.180089 -0.836204
v -0.054016 0.161115 -0.842664
v -0.041183 0.164497 -0.824661
v -0.044457 0.152447 -0.800922
v -0.045441 0.156980 -0.788235
v -0.036795 0.157473 -0.798728
v -0.045441 0.156980 -0.788235
v -0.060106 0.172405 -0.789053
v -0.036795 0.157473 -0.798728
v -0.036795 0.157473 -0.798728
v -0.060106 0.172405 -0.789053
v -0.024513 0.177634 -0.797454
v -0.039945 0.185940 -0.787793
v -0.060106 0.172405 -0.789053
v -0.059056 0.184202 -0.788249
v -0.060106 0.172405 -0.789053
v -0.070216 0.186889 -0.799402
v -0.059056 0.184202 -0.788249
v -0.060859 0.198107 -0.789234
v -0.060859 0.198107 -0.789234
v -0.070216 0.186889 -0.799402
v -0.081158 0.192132 -0.804804
v -0.070216 0.186889 -0.799402
v -0.065030 0.184123 -0.832069
v -0.081158 0.192132 -0.804804
v -0.081158 0.192132 -0.804804
v -0.065030 0.184123 -0.832069
v -0.063531 0.193197 -0.833959
v -0.061504 0.192987 -0.844083
v -0.065030 0.184123 -0.832069
v -0.049511 0.181617 -0.843584
v -0.049511 0.181617 -0.843584
v -0.065030 0.184123 -0.832069
v -0.044203 0.180089 -0.836204
v -0.044203 0.180089 -0.836204
v -0.065030 0.184123 -0.832069
v -0.054016 0.161115 -0.842664
v -0.081556 0.176215 -0.829897
v -0.081556 0.176215 -0.829897
v -0.086220 0.163339 -0.843569
v -0.054016 0.161115 -0.842664
v -0.086220 0.163339 -0.843569
v -0.083722 0.153316 -0.841889
v -0.054016 0.161115 -0.842664
v -0.054016 0.161115 -0.842664
v -0.083722 0.153316 -0.841889
v -0.061200 0.152751 -0.839239
v -0.061200 0.152751 -0.839239
v -0.083722 0.153316 -0.841889
v -0.059592 0.143011 -0.819215
v -0.083722 0.153316 -0.841889
v -0.092173 0.145799 -0.840883
v -0.087893 0.139151 -0.831968
v -0.092173 0.145799 -0.840883
v -0.087849 0.140447 -0.820511
v -0.087893 0.139151 -0.831968
v -0.087893 0.139151 -0.831968
v -0.087849 0.140447 -0.820511
v -0.083722 0.153316 -0.841889
v -0.083722 0.153316 -0.841889
v -0.087849 0.140447 -0.820511
v -0.059592 0.143011 -0.819215
v -0.089595 0.123241 -0.786627
v -0.084489 0.133039 -0.787235
v -0.090058 0.129034 -0.795701
v -0.087849 0.140447 -0.820511
v -0.087849 0.140447 -0.820511
v -0.084489 0.133039 -0.787235
v -0.059592 0.143011 -0.819215
v -0.061714 0.132112 -0.784614
v -0.044457 0.152447 -0.800922
v -0.061714 0.132112 -0.784614
v -0.045441 0.156980 -0.788235
v -0.059599 0.138521 -0.776785
v -0.045441 0.156980 -0.788235
v -0.059599 0.138521 -0.776785
v -0.060106 0.172405 -0.789053
v -0.065856 0.149130 -0.778067
v -0.065856 0.149130 -0.778067
v -0.059599 0.138521 -0.776785
v -0.047418 0.166445 -0.769667
v -0.047418 0.166445 -0.769667
v -0.059599 0.138521 -0.776785
v -0.057064 0.134437 -0.764134
v -0.115745 0.145647 -0.728997
v -0.113920 0.126992 -0.730901
v -0.118330 0.124494 -0.730438
v -0.118330 0.124494 -0.730438
v -0.113920 0.126992 -0.730901
v -0.110625 0.139231 -0.735073
v -0.113920 0.126992 -0.730901
v -0.112160 0.156510 -0.759695
v -0.110625 0.139231 -0.735073
v -0.112160 0.156510 -0.759695
v -0.115079 0.144952 -0.732067
v -0.110625 0.139231 -0.735073
v -0.110625 0.139231 -0.735073
v -0.115079 0.144952 -0.732067
v -0.118330 0.124494 -0.730438
v -0.116049 0.150861 -0.729967
v -0.127918 0.144068 -0.730981
v -0.115079 0.144952 -0.732067
v -0.115079 0.144952 -0.732067
v -0.127918 0.144068 -0.730981
v -0.118330 0.124494 -0.730438
v -0.127918 0.144068 -0.730981
v -0.123776 0.150926 -0.728693
v -0.118330 0.124494 -0.730438
v -0.118330 0.124494 -0.730438
v -0.123776 0.150926 -0.728693
v -0.115745 0.145647 -0.728997
v -0.115745 0.145647 -0.728997
v -0.123776 0.150926 -0.728693
v -0.115079 0.144952 -0.732067
v -0.115079 0.144952 -0.732067
v -0.123776 0.150926 -0.728693
v -0.116049 0.150861 -0.729967
v -0.116049 0.150861 -0.729967
v -0.123776 0.150926 -0.728693
v -0.115499 0.148826 -0.722161
v -0.104274 0.143655 -0.680629
v -0.132010 0.152136 -0.733972
v -0.241477 0.153620 -0.737716
v -0.334845 0.154286 -0.737701
v -0.231715 0.142526 -0.660149
v -0.314474 0.143192 -0.659903
v -0.377948 0.146024 -0.659027
v -0.383814 0.149485 -0.666594
v -0.398501 0.146284 -0.641443
v -0.400130 0.159964 -0.740504
v -0.379752 0.160674 -0.757906
v -0.289388 0.160876 -0.755603
v -0.361879 0.162303 -0.757870
v -0.379752 0.160674 -0.757906
v -0.400340 0.166105 -0.775192
v -0.418879 0.164056 -0.762034
v -0.324808 0.170117 -0.796664
v -0.134392 0.167872 -0.789198
v -0.206883 0.160413 -0.754980
v -0.230824 0.175107 -0.810699
v -0.323048 0.176229 -0.812335
v -0.134762 0.178358 -0.815949
v -0.133009 0.161977 -0.760788
v -0.110581 0.157451 -0.749911
v -0.414809 0.165055 -0.772136
v -0.115499 0.148826 -0.722161
v -0.104274 0.143655 -0.680629
v -0.104397 0.149348 -0.718395
v -0.106019 0.146125 -0.655710
v -0.104274 0.143655 -0.680629
v -0.130055 0.142996 -0.657289
v -0.231715 0.142526 -0.660149
v -0.130055 0.142996 -0.657289
v -0.231715 0.142526 -0.660149
v -0.190958 0.145799 -0.649924
v -0.190958 0.145799 -0.649924
v -0.231715 0.142526 -0.660149
v -0.254526 0.145408 -0.652212
v -0.314474 0.143192 -0.659903
v -0.415830 0.160131 -0.737759
v -0.400130 0.159964 -0.740504
v -0.412861 0.135552 -0.740519
v -0.398754 0.140331 -0.741742
v -0.400130 0.159964 -0.740504
v -0.414831 0.159638 -0.745436
v -0.398754 0.140331 -0.741742
v -0.398754 0.140331 -0.741742
v -0.414831 0.159638 -0.745436
v -0.412861 0.135552 -0.740519
v -0.414831 0.159638 -0.745436
v -0.418082 0.123704 -0.750664
v -0.412861 0.135552 -0.740519
v -0.418575 0.160007 -0.754488
v -0.412861 0.135552 -0.740519
v -0.418082 0.123704 -0.750664
v -0.417590 0.123045 -0.732712
v -0.417590 0.123045 -0.732712
v -0.418082 0.123704 -0.750664
v -0.424911 0.123147 -0.742119
v -0.423499 0.157538 -0.746768
v -0.437824 0.142301 -0.742191
v -0.418082 0.123704 -0.750664
v -0.418082 0.123704 -0.750664
v -0.437824 0.142301 -0.742191
v -0.424911 0.123147 -0.742119
v -0.437824 0.142301 -0.742191
v -0.424310 0.157256 -0.735449
v -0.424911 0.123147 -0.742119
v -0.424310 0.157256 -0.735449
v -0.417575 0.155467 -0.728635
v -0.424911 0.123147 -0.742119
v -0.417590 0.123045 -0.732712
v -0.417590 0.123045 -0.732712
v -0.417575 0.155467 -0.728635
v -0.412861 0.135552 -0.740519
v -0.412861 0.135552 -0.740519
v -0.417575 0.155467 -0.728635
v -0.415830 0.160131 -0.737759
v -0.415830 0.160131 -0.737759
v -0.417575 0.155467 -0.728635
v -0.411442 0.158834 -0.713840
v -0.415352 0.145821 -0.660627
v -0.417575 0.155467 -0.728635
v -0.474025 0.148058 -0.640698
v -0.415352 0.145821 -0.660627
v -0.424310 0.157256 -0.735449
v -0.485417 0.160869 -0.738672
v -0.436549 0.159703 -0.746138
v -0.423499 0.157538 -0.746768
v -0.418879 0.164056 -0.762034
v -0.418575 0.160007 -0.754488
v -0.361879 0.162303 -0.757870
v -0.506476 0.146574 -0.637982
v -0.499871 0.148717 -0.634615
v -0.506172 0.126268 -0.654949
v -0.499871 0.148717 -0.634615
v -0.474025 0.148058 -0.640698
v -0.499734 0.154192 -0.682968
v -0.507128 0.153316 -0.670939
v -0.543271 0.148297 -0.611817
v -0.552396 0.154808 -0.676914
v -0.506831 0.157400 -0.706555
v -0.509054 0.161470 -0.736608
v -0.599989 0.165439 -0.755277
v -0.523219 0.162079 -0.743488
v -0.499770 0.160826 -0.737144
v -0.485417 0.160869 -0.738672
v -0.499770 0.160826 -0.737144
v -0.499893 0.115369 -0.687255
v -0.499734 0.154192 -0.682968
v -0.499422 0.136073 -0.741344
v -0.502507 0.117527 -0.757609
v -0.499871 0.148717 -0.634615
v -0.499871 0.148717 -0.634615
v -0.499893 0.115369 -0.687255
v -0.506172 0.126268 -0.654949
v -0.507902 0.162158 -0.744349
v -0.507700 0.135059 -0.742133
v -0.503210 0.144597 -0.755545
v -0.502507 0.117527 -0.757609
v -0.507700 0.135059 -0.742133
v -0.506867 0.115029 -0.687559
v -0.502507 0.117527 -0.757609
v -0.509054 0.161470 -0.736608
v -0.506831 0.157400 -0.706555
v -0.507128 0.153316 -0.670939
v -0.506172 0.126268 -0.654949
v -0.506476 0.146574 -0.637982
v -0.502507 0.117527 -0.757609
v -0.506867 0.115029 -0.687559
v -0.499893 0.115369 -0.687255
v -0.499893 0.115369 -0.687255
v -0.506867 0.115029 -0.687559
v -0.506172 0.126268 -0.654949
v -0.506476 0.146574 -0.637982
v -0.507128 0.153316 -0.670939
v -0.499871 0.148717 -0.634615
v -0.570385 0.172080 -0.196978
v -0.522053 0.189807 -0.138392
v -0.489827 0.174716 -0.107158
v -0.663876 0.181602 -0.295575
v -0.604225 0.189974 -0.229834
v -0.489827 0.174716 -0.107158
v -0.522053 0.189807 -0.138392
v -0.479587 0.180603 -0.092646
v -0.429365 0.185245 -0.034407
v -0.522053 0.189807 -0.138392
v -0.453162 0.202481 -0.065931
v -0.429365 0.185245 -0.034407
v -0.521191 0.205689 -0.147995
v -0.271943 0.258814 -0.063070
v -0.262210 0.259850 -0.054431
v -0.270408 0.251971 -0.056966
v -0.260798 0.250211 -0.044894
v -0.280510 0.258916 -0.052765
v -0.262210 0.259850 -0.054431
v -0.282255 0.249067 -0.046465
v -0.262210 0.259850 -0.054431
v -0.280510 0.258916 -0.052765
v -0.270408 0.251971 -0.056966
v -0.270408 0.251971 -0.056966
v -0.280510 0.258916 -0.052765
v -0.271943 0.258814 -0.063070
v -0.280510 0.258916 -0.052765
v -0.268699 0.250479 -0.073962
v -0.271943 0.258814 -0.063070
v -0.271943 0.258814 -0.063070
v -0.268699 0.250479 -0.073962
v -0.262210 0.259850 -0.054431
v -0.262210 0.259850 -0.054431
v -0.268699 0.250479 -0.073962
v -0.260798 0.250211 -0.044894
v -0.242961 0.257410 -0.123800
v -0.290460 0.256258 -0.108266
v -0.259661 0.259220 -0.117435
v -0.290460 0.256258 -0.108266
v -0.314778 0.253716 -0.124727
v -0.259661 0.259220 -0.117435
v -0.259661 0.259220 -0.117435
v -0.314778 0.253716 -0.124727
v -0.274963 0.262312 -0.130549
v -0.317240 0.256055 -0.184066
v -0.331304 0.249813 -0.168446
v -0.313743 0.252818 -0.194762
v -0.259147 0.245352 -0.285835
v -0.322034 0.240167 -0.291571
v -0.216623 0.241304 -0.291238
v -0.316024 0.222830 -0.409163
v -0.314590 0.225321 -0.413696
v -0.235944 0.223786 -0.410821
v -0.373212 0.221889 -0.409619
v -0.263028 0.226147 -0.416173
v -0.180247 0.226480 -0.412748
v -0.169073 0.224843 -0.408497
v -0.084663 0.203603 -0.708430
v -0.095888 0.191647 -0.700030
v -0.095627 0.176946 -0.702477
v -0.095627 0.176946 -0.702477
v -0.095888 0.191647 -0.700030
v -0.093208 0.174991 -0.707988
v -0.093208 0.174991 -0.707988
v -0.095888 0.191647 -0.700030
v -0.090203 0.186831 -0.707192
v -0.095888 0.191647 -0.700030
v -0.098784 0.201105 -0.706337
v -0.090203 0.186831 -0.707192
v -0.090203 0.186831 -0.707192
v -0.098784 0.201105 -0.706337
v -0.084663 0.203603 -0.708430
v -0.073945 0.221780 -0.713753
v -0.073945 0.221780 -0.713753
v -0.098784 0.201105 -0.706337
v -0.090862 0.235880 -0.721856
v -0.114318 0.230485 -0.723138
v -0.122567 0.202090 -0.709697
v -0.114557 0.246293 -0.719597
v -0.114318 0.230485 -0.723138
v -0.117338 0.238523 -0.729974
v -0.114318 0.230485 -0.723138
v -0.116737 0.232367 -0.729156
v -0.117338 0.238523 -0.729974
v -0.116737 0.232367 -0.729156
v -0.113087 0.236097 -0.732538
v -0.117338 0.238523 -0.729974
v -0.117229 0.230731 -0.728895
v -0.114318 0.230629 -0.731169
v -0.117338 0.238523 -0.729974
v -0.113087 0.236097 -0.732538
v -0.118120 0.237755 -0.731495
v -0.119148 0.252036 -0.731111
v -0.113087 0.236097 -0.732538
v -0.114557 0.248415 -0.734740
v -0.113087 0.236097 -0.732538
v -0.110857 0.232556 -0.749911
v -0.114557 0.248415 -0.734740
v -0.110857 0.232556 -0.749911
v -0.113963 0.240840 -0.767929
v -0.114557 0.248415 -0.734740
v -0.112587 0.219499 -0.772643
v -0.114557 0.248415 -0.734740
v -0.113963 0.240840 -0.767929
v -0.082476 0.254346 -0.745226
v -0.082476 0.254346 -0.745226
v -0.113963 0.240840 -0.767929
v -0.066399 0.248379 -0.762041
v -0.065769 0.236734 -0.776619
v -0.066399 0.248379 -0.762041
v -0.065769 0.236734 -0.776619
v -0.058086 0.240167 -0.769131
v -0.079239 0.217956 -0.773708
v -0.090319 0.210562 -0.773483
v -0.078008 0.204363 -0.759202
v -0.078008 0.204363 -0.759202
v -0.090319 0.210562 -0.773483
v -0.084989 0.203335 -0.773976
v -0.090319 0.210562 -0.773483
v -0.094599 0.185578 -0.776554
v -0.084989 0.203335 -0.773976
v -0.084989 0.203335 -0.773976
v -0.094599 0.185578 -0.776554
v -0.084996 0.182377 -0.783991
v -0.084996 0.182377 -0.783991
v -0.094599 0.185578 -0.776554
v -0.084257 0.182703 -0.772107
v -0.116693 0.160797 -0.766089
v -0.096373 0.169436 -0.776887
v -0.119981 0.182710 -0.769660
v -0.095316 0.148855 -0.776271
v -0.128802 0.179437 -0.764626
v -0.119981 0.182710 -0.769660
v -0.096373 0.169436 -0.776887
v -0.094599 0.185578 -0.776554
v -0.118185 0.200598 -0.769276
v -0.096373 0.169436 -0.776887
v -0.084352 0.163592 -0.770188
v -0.094599 0.185578 -0.776554
v -0.084257 0.182703 -0.772107
v -0.084301 0.172268 -0.750013
v -0.084352 0.163592 -0.770188
v -0.079796 0.176714 -0.750150
v -0.067138 0.176729 -0.769688
v -0.067138 0.176729 -0.769688
v -0.084352 0.163592 -0.770188
v -0.047418 0.166445 -0.769667
v -0.047418 0.166445 -0.769667
v -0.084352 0.163592 -0.770188
v -0.065856 0.149130 -0.778067
v -0.086336 0.149970 -0.775431
v -0.086336 0.149970 -0.775431
v -0.084352 0.163592 -0.770188
v -0.082831 0.162506 -0.785070
v -0.081998 0.172999 -0.796005
v -0.082831 0.162506 -0.785070
v -0.081998 0.172999 -0.796005
v -0.060106 0.172405 -0.789053
v -0.060106 0.172405 -0.789053
v -0.081998 0.172999 -0.796005
v -0.070216 0.186889 -0.799402
v -0.085938 0.182834 -0.801516
v -0.070216 0.186889 -0.799402
v -0.085938 0.182834 -0.801516
v -0.065030 0.184123 -0.832069
v -0.065030 0.184123 -0.832069
v -0.085938 0.182834 -0.801516
v -0.081556 0.176215 -0.829897
v -0.081556 0.176215 -0.829897
v -0.085938 0.182834 -0.801516
v -0.088545 0.186556 -0.815833
v -0.085938 0.182834 -0.801516
v -0.098770 0.179350 -0.803964
v -0.088545 0.186556 -0.815833
v -0.098770 0.179350 -0.803964
v -0.089225 0.175208 -0.835473
v -0.088545 0.186556 -0.815833
v -0.088545 0.186556 -0.815833
v -0.089225 0.175208 -0.835473
v -0.081556 0.176215 -0.829897
v -0.081556 0.176215 -0.829897
v -0.089225 0.175208 -0.835473
v -0.086220 0.163339 -0.843569
v -0.089225 0.175208 -0.835473
v -0.114622 0.163397 -0.844344
v -0.086220 0.163339 -0.843569
v -0.123016 0.161405 -0.836110
v -0.117642 0.151107 -0.840289
v -0.114622 0.163397 -0.844344
v -0.117642 0.151107 -0.840289
v -0.131322 0.133495 -0.821475
v -0.131677 0.132612 -0.841607
v -0.120828 0.143069 -0.819635
v -0.131677 0.132612 -0.841607
v -0.131322 0.133495 -0.821475
v -0.133248 0.121148 -0.842287
v -0.131322 0.133495 -0.821475
v -0.118243 0.120272 -0.820598
v -0.133248 0.121148 -0.842287
v -0.133248 0.121148 -0.842287
v -0.118243 0.120272 -0.820598
v -0.116346 0.117672 -0.841129
v -0.118243 0.120272 -0.820598
v -0.096380 0.142106 -0.822546
v -0.116346 0.117672 -0.841129
v -0.092173 0.145799 -0.840883
v -0.092173 0.145799 -0.840883
v -0.096380 0.142106 -0.822546
v -0.087849 0.140447 -0.820511
v -0.093998 0.131721 -0.790907
v -0.120828 0.143069 -0.819635
v -0.118098 0.131851 -0.786301
v -0.087849 0.140447 -0.820511
v -0.093998 0.131721 -0.790907
v -0.090058 0.129034 -0.795701
v -0.089595 0.123241 -0.786627
v -0.089595 0.123241 -0.786627
v -0.093998 0.131721 -0.790907
v -0.084489 0.133039 -0.787235
v -0.093998 0.131721 -0.790907
v -0.086654 0.137283 -0.775656
v -0.084489 0.133039 -0.787235
v -0.118098 0.131851 -0.786301
v -0.061714 0.132112 -0.784614
v -0.061714 0.132112 -0.784614
v -0.086654 0.137283 -0.775656
v -0.059599 0.138521 -0.776785
v -0.059599 0.138521 -0.776785
v -0.086654 0.137283 -0.775656
v -0.077935 0.125051 -0.760042
v -0.111248 0.128332 -0.759963
v -0.112015 0.140266 -0.773816
v -0.111248 0.128332 -0.759963
v -0.112015 0.140266 -0.773816
v -0.113920 0.126992 -0.730901
v -0.112160 0.156510 -0.759695
v -0.112160 0.156510 -0.759695
v -0.112015 0.140266 -0.773816
v -0.116693 0.160797 -0.766089
v -0.112015 0.140266 -0.773816
v -0.095316 0.148855 -0.776271
v -0.116693 0.160797 -0.766089
v -0.095316 0.148855 -0.776271
v -0.095098 0.169827 -0.788133
v -0.096373 0.169436 -0.776887
v -0.096373 0.169436 -0.776887
v -0.095098 0.169827 -0.788133
v -0.084352 0.163592 -0.770188
v -0.084352 0.163592 -0.770188
v -0.095098 0.169827 -0.788133
v -0.081998 0.172999 -0.796005
v -0.081998 0.172999 -0.796005
v -0.095098 0.169827 -0.788133
v -0.085938 0.182834 -0.801516
v -0.085938 0.182834 -0.801516
v -0.095098 0.169827 -0.788133
v -0.098770 0.179350 -0.803964
v -0.095098 0.169827 -0.788133
v -0.120249 0.176642 -0.799307
v -0.098770 0.179350 -0.803964
v -0.121277 0.164599 -0.786555
v -0.120249 0.176642 -0.799307
v -0.124167 0.176881 -0.821895
v -0.098770 0.179350 -0.803964
v -0.089225 0.175208 -0.835473
v -0.089225 0.175208 -0.835473
v -0.124167 0.176881 -0.821895
v -0.114622 0.163397 -0.844344
v -0.114622 0.163397 -0.844344
v -0.124167 0.176881 -0.821895
v -0.123016 0.161405 -0.836110
v -0.124167 0.176881 -0.821895
v -0.113616 0.162441 -0.805021
v -0.123016 0.161405 -0.836110
v -0.113616 0.162441 -0.805021
v -0.122139 0.146596 -0.813958
v -0.123016 0.161405 -0.836110
v -0.123696 0.140324 -0.789864
v -0.122139 0.146596 -0.813958
v -0.120828 0.143069 -0.819635
v -0.123016 0.161405 -0.836110
v -0.123696 0.140324 -0.789864
v -0.117642 0.151107 -0.840289
v -0.131322 0.133495 -0.821475
v -0.120828 0.143069 -0.819635
v -0.118243 0.120272 -0.820598
v -0.096380 0.142106 -0.822546
v -0.086654 0.137283 -0.775656
v -0.118098 0.131851 -0.786301
v -0.112015 0.140266 -0.773816
v -0.123631 0.142649 -0.776250
v -0.112015 0.140266 -0.773816
v -0.123631 0.142649 -0.776250
v -0.095316 0.148855 -0.776271
v -0.123631 0.142649 -0.776250
v -0.121277 0.164599 -0.786555
v -0.095316 0.148855 -0.776271
v -0.095098 0.169827 -0.788133
v -0.121277 0.164599 -0.786555
v -0.123711 0.161224 -0.787822
v -0.120249 0.176642 -0.799307
v -0.120249 0.176642 -0.799307
v -0.123711 0.161224 -0.787822
v -0.124167 0.176881 -0.821895
v -0.124167 0.176881 -0.821895
v -0.123711 0.161224 -0.787822
v -0.113616 0.162441 -0.805021
v -0.123711 0.161224 -0.787822
v -0.123696 0.140324 -0.789864
v -0.113616 0.162441 -0.805021
v -0.120828 0.143069 -0.819635
v -0.123696 0.140324 -0.789864
v -0.118098 0.131851 -0.786301
v -0.118098 0.131851 -0.786301
v -0.123696 0.140324 -0.789864
v -0.124377 0.127731 -0.787127
v -0.123696 0.140324 -0.789864
v -0.127375 0.145365 -0.786403
v -0.124377 0.127731 -0.787127
v -0.124377 0.127731 -0.787127
v -0.127375 0.145365 -0.786403
v -0.118098 0.131851 -0.786301
v -0.118098 0.131851 -0.786301
v -0.127375 0.145365 -0.786403
v -0.123631 0.142649 -0.776250
v -0.123631 0.142649 -0.776250
v -0.127375 0.145365 -0.786403
v -0.121277 0.164599 -0.786555
v -0.121277 0.164599 -0.786555
v -0.127375 0.145365 -0.786403
v -0.123711 0.161224 -0.787822
v -0.127375 0.145365 -0.786403
v -0.129562 0.165120 -0.786395
v -0.123711 0.161224 -0.787822
v -0.123711 0.161224 -0.787822
v -0.129562 0.165120 -0.786395
v -0.130402 0.179292 -0.791117
v -0.129562 0.165120 -0.786395
v -0.125029 0.175961 -0.785295
v -0.130402 0.179292 -0.791117
v -0.130402 0.179292 -0.791117
v -0.125029 0.175961 -0.785295
v -0.119177 0.181928 -0.806752
v -0.130974 0.182689 -0.807882
v -0.119177 0.181928 -0.806752
v -0.125029 0.175961 -0.785295
v -0.119981 0.182710 -0.769660
v -0.125029 0.175961 -0.785295
v -0.128802 0.179437 -0.764626
v -0.119981 0.182710 -0.769660
v -0.116693 0.160797 -0.766089
v -0.128802 0.179437 -0.764626
v -0.112160 0.156510 -0.759695
v -0.128802 0.179437 -0.764626
v -0.133009 0.161977 -0.760788
v -0.112160 0.156510 -0.759695
v -0.133009 0.161977 -0.760788
v -0.110581 0.157451 -0.749911
v -0.112160 0.156510 -0.759695
v -0.112160 0.156510 -0.759695
v -0.110581 0.157451 -0.749911
v -0.115079 0.144952 -0.732067
v -0.115079 0.144952 -0.732067
v -0.110581 0.157451 -0.749911
v -0.115745 0.145647 -0.728997
v -0.116049 0.150861 -0.729967
v -0.110581 0.157451 -0.749911
v -0.132010 0.152136 -0.733972
v -0.116049 0.150861 -0.729967
v -0.116049 0.150861 -0.729967
v -0.132010 0.152136 -0.733972
v -0.127918 0.144068 -0.730981
v -0.127918 0.144068 -0.730981
v -0.132010 0.152136 -0.733972
v -0.123776 0.150926 -0.728693
v -0.418082 0.123704 -0.750664
v -0.418575 0.160007 -0.754488
v -0.423499 0.157538 -0.746768
v -0.423499 0.157538 -0.746768
v -0.436549 0.159703 -0.746138
v -0.437824 0.142301 -0.742191
v -0.437824 0.142301 -0.742191
v -0.436549 0.159703 -0.746138
v -0.424310 0.157256 -0.735449
v -0.481658 0.139897 -0.742155
v -0.499422 0.136073 -0.741344
v -0.485417 0.160869 -0.738672
v -0.485417 0.160869 -0.738672
v -0.499422 0.136073 -0.741344
v -0.499770 0.160826 -0.737144
v -0.502507 0.117527 -0.757609
v -0.499422 0.136073 -0.741344
v -0.503210 0.144597 -0.755545
v -0.501240 0.164295 -0.749520
v -0.503210 0.144597 -0.755545
v -0.501240 0.164295 -0.749520
v -0.507902 0.162158 -0.744349
v -0.501240 0.164295 -0.749520
v -0.523219 0.162079 -0.743488
v -0.507902 0.162158 -0.744349
v -0.484866 0.161912 -0.744436
v -0.500856 0.165345 -0.763417
v -0.599989 0.165439 -0.755277
v -0.532908 0.170790 -0.795426
v -0.669076 0.165591 -0.756523
v -0.666548 0.172123 -0.799583
v -0.499502 0.177178 -0.813776
v -0.606702 0.179061 -0.816253
v -0.502167 0.169067 -0.787902
v -0.452865 0.166793 -0.776720
v -0.511176 0.167184 -0.773795
v -0.425302 0.165229 -0.771745
v -0.418879 0.164056 -0.762034
v -0.436549 0.159703 -0.746138
v -0.485417 0.160869 -0.738672
v -0.507902 0.162158 -0.744349
v -0.523219 0.162079 -0.743488
v -0.507700 0.135059 -0.742133
v -0.507700 0.135059 -0.742133
v -0.523219 0.162079 -0.743488
v -0.529142 0.151701 -0.753069
v -0.529142 0.151701 -0.753069
v -0.523219 0.162079 -0.743488
v -0.540939 0.159117 -0.743379
v -0.523219 0.162079 -0.743488
v -0.509054 0.161470 -0.736608
v -0.525102 0.141592 -0.740714
v -0.525102 0.141592 -0.740714
v -0.509054 0.161470 -0.736608
v -0.507700 0.135059 -0.742133
v -0.552396 0.154808 -0.676914
v -0.648915 0.147443 -0.605517
v -0.543271 0.148297 -0.611817
v -0.506831 0.157400 -0.706555
v -0.599989 0.165439 -0.755277
v -0.654520 0.157944 -0.699668
v -0.742066 0.148848 -0.613266
v -0.669076 0.165591 -0.756523
v -0.804063 0.158146 -0.698169
v -0.797552 0.165852 -0.755176
v -0.666548 0.172123 -0.799583
v -0.800550 0.170646 -0.788763
v -0.801992 0.177591 -0.813545
v -0.726083 0.180610 -0.818621
v -0.606702 0.179061 -0.816253
v -0.615769 0.135125 -0.418563
v -0.604225 0.189974 -0.229834
v -0.521191 0.205689 -0.147995
v -0.522053 0.189807 -0.138392
v -0.663876 0.181602 -0.295575
v -0.629478 0.199504 -0.268317
v -0.703358 0.190488 -0.341192
v -0.521191 0.205689 -0.147995
v -0.445616 0.215929 -0.074208
v -0.453162 0.202481 -0.065931
v -0.521191 0.205689 -0.147995
v -0.477733 0.220831 -0.128044
v -0.550564 0.213821 -0.201954
v -0.478646 0.229565 -0.186999
v -0.280510 0.258916 -0.052765
v -0.282255 0.249067 -0.046465
v -0.268699 0.250479 -0.073962
v -0.290460 0.256258 -0.108266
v -0.325663 0.246178 -0.116862
v -0.314778 0.253716 -0.124727
v -0.319710 0.253325 -0.134489
v -0.331304 0.249813 -0.168446
v -0.399674 0.222062 -0.554636
v -0.373364 0.226907 -0.523989
v -0.396763 0.223808 -0.484514
v -0.421291 0.217833 -0.474766
v -0.416062 0.215603 -0.581271
v -0.412477 0.214285 -0.633029
v -0.415236 0.220621 -0.412284
v -0.416062 0.215603 -0.581271
v -0.455993 0.216175 -0.533664
v -0.461077 0.218318 -0.484666
v -0.468290 0.219282 -0.412342
v -0.562238 0.220991 -0.354437
v -0.482484 0.223149 -0.483348
v -0.512566 0.222750 -0.424168
v -0.505462 0.225886 -0.491176
v -0.586338 0.218050 -0.409938
v -0.586338 0.218050 -0.409938
v -0.445645 0.226111 -0.353271
v -0.491804 0.231542 -0.334406
v -0.475734 0.237408 -0.253602
v -0.373212 0.221889 -0.409619
v -0.561405 0.224807 -0.341286
v -0.562238 0.220991 -0.354437
v -0.583514 0.218695 -0.352025
v -0.445645 0.226111 -0.353271
v -0.613915 0.222062 -0.425877
v -0.636155 0.215936 -0.411263
v -0.612184 0.225596 -0.491089
v -0.482020 0.223808 -0.556077
v -0.601010 0.222895 -0.608283
v -0.621142 0.222700 -0.555911
v -0.613915 0.222062 -0.425877
v -0.637639 0.218651 -0.498614
v -0.639196 0.216407 -0.517478
v -0.639500 0.214777 -0.631558
v -0.631375 0.217811 -0.631928
v -0.502710 0.219673 -0.627778
v -0.450243 0.214973 -0.631566
v -0.453154 0.216305 -0.565636
v -0.414758 0.213561 -0.646658
v -0.412477 0.214285 -0.633029
v -0.636155 0.215936 -0.411263
v -0.636155 0.215936 -0.411263
v -0.583514 0.218695 -0.352025
v -0.603088 0.215538 -0.312188
v -0.484207 0.230050 -0.228944
v -0.478646 0.229565 -0.186999
v -0.561405 0.224807 -0.341286
v -0.475734 0.237408 -0.253602
v -0.583514 0.218695 -0.352025
v -0.610548 0.211004 -0.277507
v -0.550564 0.213821 -0.201954
v -0.629478 0.199504 -0.268317
v -0.521191 0.205689 -0.147995
v -0.703358 0.190488 -0.341192
v -0.671379 0.204747 -0.334189
v -0.733071 0.198527 -0.393202
v -0.733071 0.198527 -0.393202
v -0.722672 0.207094 -0.423538
v -0.857978 0.187352 -0.520571
v -0.838758 0.184926 -0.489916
v -0.802665 0.203429 -0.538190
v -0.697130 0.213618 -0.480256
v -0.771170 0.209867 -0.627967
v -0.712266 0.213771 -0.634730
v -0.637284 0.216131 -0.469878
v -0.637639 0.218651 -0.498614
v -0.637639 0.218651 -0.498614
v -0.639196 0.216407 -0.517478
v -0.639500 0.214777 -0.631558
v -0.815693 0.205001 -0.632160
v -0.817909 0.206116 -0.636027
v -0.818105 0.211830 -0.727114
v -0.860679 0.206036 -0.686393
v -0.865864 0.202386 -0.651097
v -0.893868 0.189916 -0.639430
v -0.904832 0.183044 -0.568374
v -0.908584 0.174752 -0.561632
v -0.914312 0.188120 -0.594908
v -0.904832 0.183044 -0.568374
v -0.838758 0.184926 -0.489916
v -0.800478 0.185643 -0.446741
v -0.751755 0.187150 -0.393615
v -0.384560 0.224684 -0.424965
v -0.373212 0.221889 -0.409619
v -0.384560 0.224684 -0.424965
v -0.373212 0.221889 -0.409619
v -0.127752 0.215559 -0.695120
v -0.114658 0.199671 -0.700044
v -0.093252 0.216646 -0.694540
v -0.095888 0.191647 -0.700030
v -0.095888 0.191647 -0.700030
v -0.114658 0.199671 -0.700044
v -0.098784 0.201105 -0.706337
v -0.114658 0.199671 -0.700044
v -0.122567 0.202090 -0.709697
v -0.098784 0.201105 -0.706337
v -0.124587 0.211308 -0.723667
v -0.118106 0.226234 -0.724217
v -0.122567 0.202090 -0.709697
v -0.122567 0.202090 -0.709697
v -0.118106 0.226234 -0.724217
v -0.114318 0.230485 -0.723138
v -0.116737 0.232367 -0.729156
v -0.116737 0.232367 -0.729156
v -0.118106 0.226234 -0.724217
v -0.119329 0.229666 -0.728388
v -0.119329 0.229666 -0.728388
v -0.118106 0.226234 -0.724217
v -0.117229 0.230731 -0.728895
v -0.118106 0.226234 -0.724217
v -0.114318 0.230629 -0.731169
v -0.117229 0.230731 -0.728895
v -0.113087 0.236097 -0.732538
v -0.114318 0.230629 -0.731169
v -0.110857 0.232556 -0.749911
v -0.114318 0.230629 -0.731169
v -0.112587 0.219499 -0.772643
v -0.110857 0.232556 -0.749911
v -0.113963 0.240840 -0.767929
v -0.112587 0.219499 -0.772643
v -0.065769 0.236734 -0.776619
v -0.065769 0.236734 -0.776619
v -0.112587 0.219499 -0.772643
v -0.090319 0.210562 -0.773483
v -0.118185 0.200598 -0.769276
v -0.090319 0.210562 -0.773483
v -0.118185 0.200598 -0.769276
v -0.094599 0.185578 -0.776554
v -0.119981 0.182710 -0.769660
v -0.118185 0.200598 -0.769276
v -0.119177 0.181928 -0.806752
v -0.117570 0.197288 -0.799416
v -0.119177 0.181928 -0.806752
v -0.117570 0.197288 -0.799416
v -0.122371 0.194022 -0.812755
v -0.117570 0.197288 -0.799416
v -0.097901 0.193979 -0.819476
v -0.122371 0.194022 -0.812755
v -0.096786 0.199591 -0.795288
v -0.122371 0.194022 -0.812755
v -0.097901 0.193979 -0.819476
v -0.121574 0.198867 -0.830592
v -0.083917 0.200409 -0.836356
v -0.083917 0.200409 -0.836356
v -0.097901 0.193979 -0.819476
v -0.089146 0.191813 -0.827377
v -0.097901 0.193979 -0.819476
v -0.091731 0.191111 -0.805028
v -0.089146 0.191813 -0.827377
v -0.089146 0.191813 -0.827377
v -0.091731 0.191111 -0.805028
v -0.081158 0.192132 -0.804804
v -0.091731 0.191111 -0.805028
v -0.089906 0.210403 -0.776807
v -0.081158 0.192132 -0.804804
v -0.089906 0.210403 -0.776807
v -0.081824 0.213517 -0.782999
v -0.081158 0.192132 -0.804804
v -0.081158 0.192132 -0.804804
v -0.081824 0.213517 -0.782999
v -0.060859 0.198107 -0.789234
v -0.057680 0.233026 -0.778849
v -0.087103 0.240073 -0.779834
v -0.062778 0.242122 -0.787148
v -0.062778 0.242122 -0.787148
v -0.087103 0.240073 -0.779834
v -0.086466 0.237806 -0.806231
v -0.086466 0.237806 -0.806231
v -0.087103 0.240073 -0.779834
v -0.089993 0.252644 -0.792000
v -0.087103 0.240073 -0.779834
v -0.095779 0.240319 -0.797128
v -0.089993 0.252644 -0.792000
v -0.089993 0.252644 -0.792000
v -0.095779 0.240319 -0.797128
v -0.086466 0.237806 -0.806231
v -0.095779 0.240319 -0.797128
v -0.100146 0.230506 -0.821793
v -0.086466 0.237806 -0.806231
v -0.120184 0.239406 -0.793796
v -0.122639 0.228254 -0.819440
v -0.094208 0.224590 -0.840926
v -0.117063 0.251935 -0.820533
v -0.100146 0.230506 -0.821793
v -0.134675 0.239826 -0.820794
v -0.122639 0.228254 -0.819440
v -0.134675 0.239826 -0.820794
v -0.122639 0.228254 -0.819440
v -0.133610 0.234974 -0.841853
v -0.122639 0.228254 -0.819440
v -0.121697 0.216602 -0.835936
v -0.133610 0.234974 -0.841853
v -0.133610 0.234974 -0.841853
v -0.121697 0.216602 -0.835936
v -0.112674 0.209614 -0.843287
v -0.112674 0.209614 -0.843287
v -0.121697 0.216602 -0.835936
v -0.121574 0.198867 -0.830592
v -0.121697 0.216602 -0.835936
v -0.117048 0.207919 -0.822706
v -0.121574 0.198867 -0.830592
v -0.121574 0.198867 -0.830592
v -0.117048 0.207919 -0.822706
v -0.122371 0.194022 -0.812755
v -0.117048 0.207919 -0.822706
v -0.124124 0.202307 -0.811633
v -0.122371 0.194022 -0.812755
v -0.120894 0.218079 -0.818592
v -0.124124 0.202307 -0.811633
v -0.130974 0.182689 -0.807882
v -0.122371 0.194022 -0.812755
v -0.122371 0.194022 -0.812755
v -0.130974 0.182689 -0.807882
v -0.119177 0.181928 -0.806752
v -0.130974 0.182689 -0.807882
v -0.134762 0.178358 -0.815949
v -0.130402 0.179292 -0.791117
v -0.134392 0.167872 -0.789198
v -0.130402 0.179292 -0.791117
v -0.134392 0.167872 -0.789198
v -0.123711 0.161224 -0.787822
v -0.123711 0.161224 -0.787822
v -0.134392 0.167872 -0.789198
v -0.123696 0.140324 -0.789864
v -0.123696 0.140324 -0.789864
v -0.134392 0.167872 -0.789198
v -0.127375 0.145365 -0.786403
v -0.127375 0.145365 -0.786403
v -0.134392 0.167872 -0.789198
v -0.129562 0.165120 -0.786395
v -0.125029 0.175961 -0.785295
v -0.125029 0.175961 -0.785295
v -0.134392 0.167872 -0.789198
v -0.128802 0.179437 -0.764626
v -0.128802 0.179437 -0.764626
v -0.134392 0.167872 -0.789198
v -0.133009 0.161977 -0.760788
v -0.379752 0.160674 -0.757906
v -0.361879 0.162303 -0.757870
v -0.418575 0.160007 -0.754488
v -0.414809 0.165055 -0.772136
v -0.400340 0.166105 -0.775192
v -0.413404 0.139057 -0.772310
v -0.398819 0.141063 -0.774555
v -0.398819 0.141063 -0.774555
v -0.400340 0.166105 -0.775192
v -0.412810 0.135588 -0.777857
v -0.420067 0.167148 -0.779356
v -0.412810 0.135588 -0.777857
v -0.420067 0.167148 -0.779356
v -0.418655 0.158016 -0.786794
v -0.418655 0.158016 -0.786794
v -0.420067 0.167148 -0.779356
v -0.421276 0.130888 -0.780580
v -0.420067 0.167148 -0.779356
v -0.452865 0.166793 -0.776720
v -0.435419 0.162216 -0.773889
v -0.485417 0.160869 -0.738672
v -0.484866 0.161912 -0.744436
v -0.481658 0.139897 -0.742155
v -0.481658 0.139897 -0.742155
v -0.484866 0.161912 -0.744436
v -0.499422 0.136073 -0.741344
v -0.499422 0.136073 -0.741344
v -0.484866 0.161912 -0.744436
v -0.501240 0.164295 -0.749520
v -0.879957 0.118150 -0.649786
v -0.879037 0.081152 -0.664429
v -0.888299 0.101957 -0.654993
v -0.883006 0.153142 -0.633898
v -0.890052 0.055675 -0.672402
v -0.881622 0.052032 -0.673068
v -0.879435 0.042756 -0.689247
v -0.881622 0.052032 -0.673068
v -0.879037 0.081152 -0.664429
v -0.872997 0.146740 -0.644746
v -0.873693 0.098879 -0.679050
v -0.865799 0.147436 -0.664407
v -0.890052 0.055675 -0.672402
v -0.892333 0.133669 -0.648888
v -0.888299 0.101957 -0.654993
v -0.883006 0.153142 -0.633898
v -0.895693 0.159725 -0.651090
v -0.883006 0.153142 -0.633898
v -0.872997 0.146740 -0.644746
v -0.879957 0.118150 -0.649786
v -0.862330 0.152715 -0.652045
v -0.879037 0.081152 -0.664429
v -0.873693 0.098879 -0.679050
v -0.874482 0.045877 -0.758862
v -0.879037 0.081152 -0.664429
v -0.865799 0.147436 -0.664407
v -0.860071 0.158139 -0.717084
v -0.864249 0.121220 -0.788532
v -0.867682 0.103000 -0.815515
v -0.857174 0.166865 -0.788937
v -0.869963 0.048310 -0.814493
v -0.879435 0.042756 -0.689247
v -0.869963 0.048310 -0.814493
v -0.880246 0.046934 -0.781051
v -0.874482 0.045877 -0.758862
v -0.888517 0.042719 -0.691419
v -0.879435 0.042756 -0.689247
v -0.879435 0.042756 -0.689247
v -0.888517 0.042719 -0.691419
v -0.881622 0.052032 -0.673068
v -0.890052 0.055675 -0.672402
v -0.883237 0.167206 -0.752171
v -0.886771 0.164338 -0.713108
v -0.888517 0.042719 -0.691419
v -0.876640 0.052307 -0.819063
v -0.879892 0.169306 -0.787366
v -0.876698 0.171145 -0.815457
v -0.880246 0.046934 -0.781051
v -0.888517 0.042719 -0.691419
v -0.886771 0.164338 -0.713108
v -0.890052 0.055675 -0.672402
v -0.892333 0.133669 -0.648888
v -0.890494 0.161876 -0.676349
v -0.895693 0.159725 -0.651090
v -0.886771 0.164338 -0.713108
v -0.894600 0.163838 -0.691072
v -0.890494 0.161876 -0.676349
v -0.895693 0.159725 -0.651090
v -0.883006 0.153142 -0.633898
v -0.895693 0.159725 -0.651090
v -0.879363 0.150108 -0.591200
v -0.855776 0.164555 -0.512684
v -0.792418 0.178105 -0.435118
v -0.757346 0.168966 -0.402964
v -0.906281 0.159146 -0.570778
v -0.908584 0.174752 -0.561632
v -0.692670 0.169110 -0.332052
v -0.800478 0.185643 -0.446741
v -0.751755 0.187150 -0.393615
v -0.792418 0.178105 -0.435118
v -0.838758 0.184926 -0.489916
v -0.908584 0.174752 -0.561632
v -0.692670 0.169110 -0.332052
v -0.703358 0.190488 -0.341192
v -0.663876 0.181602 -0.295575
v -0.461077 0.218318 -0.484666
v -0.453154 0.216305 -0.565636
v -0.455993 0.216175 -0.533664
v -0.414758 0.213561 -0.646658
v -0.362140 0.214415 -0.636555
v -0.412477 0.214285 -0.633029
v -0.411912 0.212467 -0.723710
v -0.241310 0.216291 -0.637374
v -0.134812 0.215023 -0.706344
v -0.354688 0.210367 -0.751171
v -0.241839 0.210693 -0.750143
v -0.415881 0.210555 -0.749701
v -0.440901 0.208093 -0.774164
v -0.417800 0.209273 -0.768399
v -0.400854 0.207912 -0.777053
v -0.262268 0.206268 -0.790132
v -0.418205 0.207108 -0.787344
v -0.424412 0.198773 -0.814102
v -0.342688 0.200800 -0.810873
v -0.227037 0.202003 -0.807491
v -0.133820 0.196166 -0.816507
v -0.253556 0.195514 -0.816811
v -0.342688 0.200800 -0.810873
v -0.133538 0.206905 -0.786475
v -0.146769 0.210968 -0.750809
v -0.332752 0.192313 -0.819338
v -0.424412 0.198773 -0.814102
v -0.412477 0.214285 -0.633029
v -0.362140 0.214415 -0.636555
v -0.367752 0.220715 -0.621521
v -0.241310 0.216291 -0.637374
v -0.127752 0.215559 -0.695120
v -0.134812 0.215023 -0.706344
v -0.114658 0.199671 -0.700044
v -0.122567 0.202090 -0.709697
v -0.122567 0.202090 -0.709697
v -0.134812 0.215023 -0.706344
v -0.124587 0.211308 -0.723667
v -0.134812 0.215023 -0.706344
v -0.130467 0.213119 -0.729735
v -0.124587 0.211308 -0.723667
v -0.124587 0.211308 -0.723667
v -0.130467 0.213119 -0.729735
v -0.121393 0.213387 -0.729504
v -0.112261 0.215443 -0.729888
v -0.127230 0.212873 -0.731278
v -0.121393 0.213387 -0.729504
v -0.130467 0.213119 -0.729735
v -0.125695 0.226415 -0.730858
v -0.127723 0.225806 -0.730641
v -0.130974 0.233903 -0.730148
v -0.130467 0.213119 -0.729735
v -0.127230 0.212873 -0.731278
v -0.130974 0.233903 -0.730148
v -0.130974 0.233903 -0.730148
v -0.127230 0.212873 -0.731278
v -0.130018 0.233751 -0.731908
v -0.130018 0.233751 -0.731908
v -0.127230 0.212873 -0.731278
v -0.127694 0.226864 -0.730843
v -0.127694 0.226864 -0.730843
v -0.127230 0.212873 -0.731278
v -0.127723 0.225806 -0.730641
v -0.127723 0.225806 -0.730641
v -0.127230 0.212873 -0.731278
v -0.125695 0.226415 -0.730858
v -0.121162 0.223952 -0.731792
v -0.127230 0.212873 -0.731278
v -0.121393 0.213387 -0.729504
v -0.124587 0.211308 -0.723667
v -0.112261 0.215443 -0.729888
v -0.118106 0.226234 -0.724217
v -0.118106 0.226234 -0.724217
v -0.112261 0.215443 -0.729888
v -0.114318 0.230629 -0.731169
v -0.114318 0.230629 -0.731169
v -0.112261 0.215443 -0.729888
v -0.112587 0.219499 -0.772643
v -0.112261 0.215443 -0.729888
v -0.114977 0.210027 -0.756436
v -0.112587 0.219499 -0.772643
v -0.118185 0.200598 -0.769276
v -0.114977 0.210027 -0.756436
v -0.127151 0.206232 -0.761455
v -0.118185 0.200598 -0.769276
v -0.146769 0.210968 -0.750809
v -0.127151 0.206232 -0.761455
v -0.121002 0.205623 -0.789654
v -0.118185 0.200598 -0.769276
v -0.118185 0.200598 -0.769276
v -0.121002 0.205623 -0.789654
v -0.117570 0.197288 -0.799416
v -0.121002 0.205623 -0.789654
v -0.096786 0.199591 -0.795288
v -0.117570 0.197288 -0.799416
v -0.097901 0.193979 -0.819476
v -0.096786 0.199591 -0.795288
v -0.091731 0.191111 -0.805028
v -0.091731 0.191111 -0.805028
v -0.096786 0.199591 -0.795288
v -0.089906 0.210403 -0.776807
v -0.096786 0.199591 -0.795288
v -0.093252 0.224293 -0.779755
v -0.089906 0.210403 -0.776807
v -0.089906 0.210403 -0.776807
v -0.093252 0.224293 -0.779755
v -0.081824 0.213517 -0.782999
v -0.081824 0.213517 -0.782999
v -0.093252 0.224293 -0.779755
v -0.087103 0.240073 -0.779834
v -0.121965 0.236401 -0.778132
v -0.121965 0.236401 -0.778132
v -0.120184 0.239406 -0.793796
v -0.087103 0.240073 -0.779834
v -0.095779 0.240319 -0.797128
v -0.120184 0.239406 -0.793796
v -0.120894 0.218079 -0.818592
v -0.122639 0.228254 -0.819440
v -0.122639 0.228254 -0.819440
v -0.120894 0.218079 -0.818592
v -0.121697 0.216602 -0.835936
v -0.117048 0.207919 -0.822706
v -0.120894 0.218079 -0.818592
v -0.119344 0.225278 -0.790733
v -0.124124 0.202307 -0.811633
v -0.119344 0.225278 -0.790733
v -0.121133 0.213669 -0.784636
v -0.124124 0.202307 -0.811633
v -0.124124 0.202307 -0.811633
v -0.121133 0.213669 -0.784636
v -0.121002 0.205623 -0.789654
v -0.121002 0.205623 -0.789654
v -0.121133 0.213669 -0.784636
v -0.096786 0.199591 -0.795288
v -0.093252 0.224293 -0.779755
v -0.093252 0.224293 -0.779755
v -0.121133 0.213669 -0.784636
v -0.121965 0.236401 -0.778132
v -0.128049 0.210512 -0.787757
v -0.124862 0.232787 -0.786576
v -0.121133 0.213669 -0.784636
v -0.121133 0.213669 -0.784636
v -0.124862 0.232787 -0.786576
v -0.121965 0.236401 -0.778132
v -0.121965 0.236401 -0.778132
v -0.124862 0.232787 -0.786576
v -0.120184 0.239406 -0.793796
v -0.120184 0.239406 -0.793796
v -0.124862 0.232787 -0.786576
v -0.120894 0.218079 -0.818592
v -0.120894 0.218079 -0.818592
v -0.124862 0.232787 -0.786576
v -0.119344 0.225278 -0.790733
v -0.124862 0.232787 -0.786576
v -0.130822 0.223605 -0.787931
v -0.119344 0.225278 -0.790733
v -0.119344 0.225278 -0.790733
v -0.130822 0.223605 -0.787931
v -0.121133 0.213669 -0.784636
v -0.121133 0.213669 -0.784636
v -0.130822 0.223605 -0.787931
v -0.128049 0.210512 -0.787757
v -0.130822 0.223605 -0.787931
v -0.132423 0.204269 -0.789495
v -0.128049 0.210512 -0.787757
v -0.128049 0.210512 -0.787757
v -0.132423 0.204269 -0.789495
v -0.121002 0.205623 -0.789654
v -0.121002 0.205623 -0.789654
v -0.132423 0.204269 -0.789495
v -0.124124 0.202307 -0.811633
v -0.124124 0.202307 -0.811633
v -0.132423 0.204269 -0.789495
v -0.130974 0.182689 -0.807882
v -0.132423 0.204269 -0.789495
v -0.133820 0.196166 -0.816507
v -0.130974 0.182689 -0.807882
v -0.130974 0.182689 -0.807882
v -0.133820 0.196166 -0.816507
v -0.134762 0.178358 -0.815949
v -0.133820 0.196166 -0.816507
v -0.194282 0.189083 -0.819483
v -0.134762 0.178358 -0.815949
v -0.252991 0.183579 -0.818505
v -0.252991 0.183579 -0.818505
v -0.230824 0.175107 -0.810699
v -0.134762 0.178358 -0.815949
v -0.312917 0.184304 -0.819418
v -0.323048 0.176229 -0.812335
v -0.400340 0.166105 -0.775192
v -0.324808 0.170117 -0.796664
v -0.420067 0.167148 -0.779356
v -0.420067 0.167148 -0.779356
v -0.324808 0.170117 -0.796664
v -0.452865 0.166793 -0.776720
v -0.502167 0.169067 -0.787902
v -0.499502 0.177178 -0.813776
v -0.435977 0.177381 -0.814037
v -0.323048 0.176229 -0.812335
v -0.500856 0.165345 -0.763417
v -0.502167 0.169067 -0.787902
v -0.495990 0.165881 -0.772049
v -0.495990 0.165881 -0.772049
v -0.502167 0.169067 -0.787902
v -0.495483 0.126232 -0.775902
v -0.504347 0.134560 -0.789343
v -0.511176 0.167184 -0.773795
v -0.532908 0.170790 -0.795426
v -0.500856 0.165345 -0.763417
v -0.872997 0.146740 -0.644746
v -0.862330 0.152715 -0.652045
v -0.865799 0.147436 -0.664407
v -0.862330 0.152715 -0.652045
v -0.860071 0.158139 -0.717084
v -0.865799 0.147436 -0.664407
v -0.852641 0.168451 -0.779429
v -0.867682 0.103000 -0.815515
v -0.876640 0.052307 -0.819063
v -0.869963 0.048310 -0.814493
v -0.866972 0.149152 -0.819954
v -0.869963 0.048310 -0.814493
v -0.876640 0.052307 -0.819063
v -0.880246 0.046934 -0.781051
v -0.879892 0.169306 -0.787366
v -0.887307 0.169190 -0.763671
v -0.883237 0.167206 -0.752171
v -0.876698 0.171145 -0.815457
v -0.886771 0.164338 -0.713108
v -0.894600 0.163838 -0.691072
v -0.887307 0.169190 -0.763671
v -0.890675 0.187852 -0.770883
v -0.894600 0.163838 -0.691072
v -0.885214 0.184687 -0.816869
v -0.894600 0.163838 -0.691072
v -0.890675 0.187852 -0.770883
v -0.897859 0.188736 -0.701826
v -0.905202 0.188337 -0.644550
v -0.895693 0.159725 -0.651090
v -0.914312 0.188120 -0.594908
v -0.904246 0.153562 -0.592105
v -0.906281 0.159146 -0.570778
v -0.908584 0.174752 -0.561632
v -0.890675 0.187852 -0.770883
v -0.888256 0.185759 -0.705606
v -0.897859 0.188736 -0.701826
v -0.894694 0.182892 -0.655782
v -0.905202 0.188337 -0.644550
v -0.414758 0.213561 -0.646658
v -0.422920 0.212619 -0.719771
v -0.416460 0.221679 -0.675335
v -0.422920 0.212619 -0.719771
v -0.416750 0.223127 -0.746319
v -0.416460 0.221679 -0.675335
v -0.416750 0.223127 -0.746319
v -0.411912 0.212467 -0.723710
v -0.416460 0.221679 -0.675335
v -0.414758 0.213561 -0.646658
v -0.130467 0.213119 -0.729735
v -0.146769 0.210968 -0.750809
v -0.127230 0.212873 -0.731278
v -0.127230 0.212873 -0.731278
v -0.146769 0.210968 -0.750809
v -0.112261 0.215443 -0.729888
v -0.112261 0.215443 -0.729888
v -0.146769 0.210968 -0.750809
v -0.114977 0.210027 -0.756436
v -0.146769 0.210968 -0.750809
v -0.133538 0.206905 -0.786475
v -0.127151 0.206232 -0.761455
v -0.121002 0.205623 -0.789654
v -0.121002 0.205623 -0.789654
v -0.133538 0.206905 -0.786475
v -0.128049 0.210512 -0.787757
v -0.128049 0.210512 -0.787757
v -0.133538 0.206905 -0.786475
v -0.124862 0.232787 -0.786576
v -0.124862 0.232787 -0.786576
v -0.133538 0.206905 -0.786475
v -0.130822 0.223605 -0.787931
v -0.130822 0.223605 -0.787931
v -0.133538 0.206905 -0.786475
v -0.132423 0.204269 -0.789495
v -0.132423 0.204269 -0.789495
v -0.133538 0.206905 -0.786475
v -0.133820 0.196166 -0.816507
v -0.133820 0.196166 -0.816507
v -0.253556 0.195514 -0.816811
v -0.194282 0.189083 -0.819483
v -0.252991 0.183579 -0.818505
v -0.312917 0.184304 -0.819418
v -0.332752 0.192313 -0.819338
v -0.800550 0.170646 -0.788763
v -0.802499 0.158313 -0.716584
v -0.797552 0.165852 -0.755176
v -0.804562 0.172463 -0.814283
v -0.797552 0.165852 -0.755176
v -0.802499 0.158313 -0.716584
v -0.804063 0.158146 -0.698169
v -0.804063 0.158146 -0.698169
v -0.802499 0.158313 -0.716584
v -0.810928 0.152643 -0.652755
v -0.802499 0.158313 -0.716584
v -0.816526 0.148058 -0.638634
v -0.810928 0.152643 -0.652755
v -0.810928 0.152643 -0.652755
v -0.816526 0.148058 -0.638634
v -0.823659 0.149521 -0.626178
v -0.816526 0.148058 -0.638634
v -0.852641 0.168451 -0.779429
v -0.862330 0.152715 -0.652045
v -0.802499 0.158313 -0.716584
v -0.804562 0.172463 -0.814283
v -0.859368 0.176808 -0.818013
v -0.852641 0.168451 -0.779429
v -0.857174 0.166865 -0.788937
v -0.860071 0.158139 -0.717084
v -0.857174 0.166865 -0.788937
v -0.866972 0.149152 -0.819954
v -0.867682 0.103000 -0.815515
v -0.859368 0.176808 -0.818013
v -0.866972 0.149152 -0.819954
v -0.876698 0.171145 -0.815457
v -0.876640 0.052307 -0.819063
v -0.876698 0.171145 -0.815457
v -0.885214 0.184687 -0.816869
v -0.887307 0.169190 -0.763671
v -0.885214 0.184687 -0.816869
v -0.880210 0.188547 -0.789118
v -0.890675 0.187852 -0.770883
v -0.875880 0.188482 -0.821409
v -0.888256 0.185759 -0.705606
v -0.880210 0.188547 -0.789118
v -0.876937 0.269844 -0.819584
v -0.888256 0.185759 -0.705606
v -0.875880 0.188482 -0.821409
v -0.891037 0.310811 -0.674408
v -0.884208 0.313084 -0.747536
v -0.877965 0.313403 -0.816724
v -0.876937 0.269844 -0.819584
v -0.871375 0.314026 -0.818998
v -0.877965 0.313403 -0.816724
v -0.871375 0.314026 -0.818998
v -0.876401 0.312838 -0.740627
v -0.877965 0.313403 -0.816724
v -0.884208 0.313084 -0.747536
v -0.881673 0.312063 -0.673126
v -0.891037 0.310811 -0.674408
v -0.878429 0.194935 -0.635744
v -0.893868 0.189916 -0.639430
v -0.889871 0.232556 -0.650047
v -0.882361 0.289310 -0.665566
v -0.881673 0.312063 -0.673126
v -0.891037 0.310811 -0.674408
v -0.891037 0.310811 -0.674408
v -0.891037 0.310811 -0.674408
v -0.893868 0.189916 -0.639430
v -0.888256 0.185759 -0.705606
v -0.888256 0.185759 -0.705606
v -0.893868 0.189916 -0.639430
v -0.894694 0.182892 -0.655782
v -0.894694 0.182892 -0.655782
v -0.893868 0.189916 -0.639430
v -0.905202 0.188337 -0.644550
v -0.905202 0.188337 -0.644550
v -0.893868 0.189916 -0.639430
v -0.914312 0.188120 -0.594908
v -0.893868 0.189916 -0.639430
v -0.904832 0.183044 -0.568374
v -0.914312 0.188120 -0.594908
v -0.631375 0.217811 -0.631928
v -0.506012 0.214372 -0.635107
v -0.502710 0.219673 -0.627778
v -0.450243 0.214973 -0.631566
v -0.506012 0.214372 -0.635107
v -0.503268 0.221787 -0.673322
v -0.498930 0.213952 -0.654037
v -0.503268 0.221787 -0.673322
v -0.500465 0.220433 -0.745269
v -0.498930 0.213952 -0.654037
v -0.498930 0.213952 -0.654037
v -0.500465 0.220433 -0.745269
v -0.498539 0.212894 -0.725622
v -0.500465 0.220433 -0.745269
v -0.501645 0.210396 -0.749897
v -0.498539 0.212894 -0.725622
v -0.422920 0.212619 -0.719771
v -0.415881 0.210555 -0.749701
v -0.416750 0.223127 -0.746319
v -0.416750 0.223127 -0.746319
v -0.415881 0.210555 -0.749701
v -0.411912 0.212467 -0.723710
v -0.417800 0.209273 -0.768399
v -0.440901 0.208093 -0.774164
v -0.438526 0.219043 -0.775156
v -0.440901 0.208093 -0.774164
v -0.423550 0.207702 -0.779762
v -0.438526 0.219043 -0.775156
v -0.423550 0.207702 -0.779762
v -0.417141 0.221244 -0.773715
v -0.438526 0.219043 -0.775156
v -0.438526 0.219043 -0.775156
v -0.417141 0.221244 -0.773715
v -0.417800 0.209273 -0.768399
v -0.417800 0.209273 -0.768399
v -0.417141 0.221244 -0.773715
v -0.403396 0.217935 -0.774758
v -0.417141 0.221244 -0.773715
v -0.400854 0.207912 -0.777053
v -0.403396 0.217935 -0.774758
v -0.403396 0.217935 -0.774758
v -0.400854 0.207912 -0.777053
v -0.417800 0.209273 -0.768399
v -0.332752 0.192313 -0.819338
v -0.407915 0.184521 -0.819686
v -0.312917 0.184304 -0.819418
v -0.312917 0.184304 -0.819418
v -0.407915 0.184521 -0.819686
v -0.323048 0.176229 -0.812335
v -0.435977 0.177381 -0.814037
v -0.407915 0.184521 -0.819686
v -0.521133 0.185462 -0.820620
v -0.435977 0.177381 -0.814037
v -0.499502 0.177178 -0.813776
v -0.606702 0.179061 -0.816253
v -0.669662 0.194413 -0.818889
v -0.726083 0.180610 -0.818621
v -0.659285 0.183797 -0.819425
v -0.739060 0.197332 -0.816282
v -0.803056 0.192248 -0.820135
v -0.659285 0.183797 -0.819425
v -0.726083 0.180610 -0.818621
v -0.606702 0.179061 -0.816253
v -0.801992 0.177591 -0.813545
v -0.804562 0.172463 -0.814283
v -0.800550 0.170646 -0.788763
v -0.852641 0.168451 -0.779429
v -0.859368 0.176808 -0.818013
v -0.857174 0.166865 -0.788937
v -0.859368 0.176808 -0.818013
v -0.875880 0.188482 -0.821409
v -0.866972 0.149152 -0.819954
v -0.866972 0.149152 -0.819954
v -0.875880 0.188482 -0.821409
v -0.876698 0.171145 -0.815457
v -0.876698 0.171145 -0.815457
v -0.875880 0.188482 -0.821409
v -0.885214 0.184687 -0.816869
v -0.875880 0.188482 -0.821409
v -0.871687 0.213647 -0.821004
v -0.876937 0.269844 -0.819584
v -0.871375 0.314026 -0.818998
v -0.871687 0.213647 -0.821004
v -0.867696 0.256656 -0.815659
v -0.871375 0.314026 -0.818998
v -0.875880 0.188482 -0.821409
v -0.860940 0.197592 -0.814023
v -0.867696 0.256656 -0.815659
v -0.868964 0.258199 -0.763598
v -0.871375 0.314026 -0.818998
v -0.860940 0.197592 -0.814023
v -0.857797 0.203943 -0.792942
v -0.858383 0.207550 -0.744755
v -0.875394 0.274841 -0.699993
v -0.860679 0.206036 -0.686393
v -0.876401 0.312838 -0.740627
v -0.881673 0.312063 -0.673126
v -0.875394 0.274841 -0.699993
v -0.882361 0.289310 -0.665566
v -0.881673 0.312063 -0.673126
v -0.860679 0.206036 -0.686393
v -0.876763 0.234171 -0.651024
v -0.865864 0.202386 -0.651097
v -0.882361 0.289310 -0.665566
v -0.876763 0.234171 -0.651024
v -0.878429 0.194935 -0.635744
v -0.865864 0.202386 -0.651097
v -0.865864 0.202386 -0.651097
v -0.815693 0.205001 -0.632160
v -0.878429 0.194935 -0.635744
v -0.817909 0.206116 -0.636027
v -0.771170 0.209867 -0.627967
v -0.878429 0.194935 -0.635744
v -0.815693 0.205001 -0.632160
v -0.893868 0.189916 -0.639430
v -0.637284 0.216131 -0.469878
v -0.637639 0.218651 -0.498614
v -0.636155 0.215936 -0.411263
v -0.631375 0.217811 -0.631928
v -0.639500 0.214777 -0.631558
v -0.506012 0.214372 -0.635107
v -0.506012 0.214372 -0.635107
v -0.509438 0.211989 -0.739085
v -0.503268 0.221787 -0.673322
v -0.503268 0.221787 -0.673322
v -0.509438 0.211989 -0.739085
v -0.500465 0.220433 -0.745269
v -0.500465 0.220433 -0.745269
v -0.509438 0.211989 -0.739085
v -0.501645 0.210396 -0.749897
v -0.502312 0.209527 -0.763953
v -0.510770 0.207738 -0.777510
v -0.503644 0.222540 -0.777886
v -0.510770 0.207738 -0.777510
v -0.500668 0.206999 -0.785483
v -0.503644 0.222540 -0.777886
v -0.503644 0.222540 -0.777886
v -0.500668 0.206999 -0.785483
v -0.502312 0.209527 -0.763953
v -0.423550 0.207702 -0.779762
v -0.418205 0.207108 -0.787344
v -0.417141 0.221244 -0.773715
v -0.417141 0.221244 -0.773715
v -0.418205 0.207108 -0.787344
v -0.400854 0.207912 -0.777053
v -0.332752 0.192313 -0.819338
v -0.424412 0.198773 -0.814102
v -0.407915 0.184521 -0.819686
v -0.424412 0.198773 -0.814102
v -0.475401 0.194181 -0.818701
v -0.407915 0.184521 -0.819686
v -0.521133 0.185462 -0.820620
v -0.563164 0.193950 -0.820062
v -0.521133 0.185462 -0.820620
v -0.563164 0.193950 -0.820062
v -0.606702 0.179061 -0.816253
v -0.659285 0.183797 -0.819425
v -0.659285 0.183797 -0.819425
v -0.563164 0.193950 -0.820062
v -0.669662 0.194413 -0.818889
v -0.563164 0.193950 -0.820062
v -0.629050 0.199374 -0.814392
v -0.669662 0.194413 -0.818889
v -0.629050 0.199374 -0.814392
v -0.739060 0.197332 -0.816282
v -0.669662 0.194413 -0.818889
v -0.726083 0.180610 -0.818621
v -0.803056 0.192248 -0.820135
v -0.801992 0.177591 -0.813545
v -0.801992 0.177591 -0.813545
v -0.803056 0.192248 -0.820135
v -0.804562 0.172463 -0.814283
v -0.804562 0.172463 -0.814283
v -0.803056 0.192248 -0.820135
v -0.859368 0.176808 -0.818013
v -0.875880 0.188482 -0.821409
v -0.803056 0.192248 -0.820135
v -0.860940 0.197592 -0.814023
v -0.875880 0.188482 -0.821409
v -0.712266 0.213771 -0.634730
v -0.639240 0.213097 -0.714014
v -0.639500 0.214777 -0.631558
v -0.771170 0.209867 -0.627967
v -0.818105 0.211830 -0.727114
v -0.826889 0.209440 -0.773215
v -0.858383 0.207550 -0.744755
v -0.783981 0.209983 -0.750570
v -0.703141 0.210294 -0.751613
v -0.801687 0.210635 -0.752822
v -0.803498 0.204081 -0.799641
v -0.591190 0.204392 -0.801038
v -0.629050 0.199374 -0.814392
v -0.739060 0.197332 -0.816282
v -0.803056 0.192248 -0.820135
v -0.860940 0.197592 -0.814023
v -0.860940 0.197592 -0.814023
v -0.857797 0.203943 -0.792942
v -0.613980 0.210244 -0.752127
v -0.858383 0.207550 -0.744755
v -0.818105 0.211830 -0.727114
v -0.860679 0.206036 -0.686393
v -0.781432 0.209462 -0.751845
v -0.780505 0.208781 -0.751338
v -0.781244 0.209288 -0.751722
v -0.785654 0.209650 -0.752453
v -0.780505 0.208781 -0.751338
v -0.759953 0.208947 -0.751287
v -0.781244 0.209288 -0.751722
v -0.781244 0.209288 -0.751722
v -0.759953 0.208947 -0.751287
v -0.783981 0.209983 -0.750570
v -0.785654 0.209650 -0.752453
v -0.759953 0.208947 -0.751287
v -0.703141 0.210294 -0.751613
v -0.783981 0.209983 -0.750570
v -0.801687 0.210635 -0.752822
v -0.787522 0.209027 -0.751410
v -0.783981 0.209983 -0.750570
v -0.787522 0.209027 -0.751410
v -0.785654 0.209650 -0.752453
v -0.783981 0.209983 -0.750570
v -0.781432 0.209462 -0.751845
v -0.785654 0.209650 -0.752453
v -0.780505 0.208781 -0.751338
v -0.780505 0.208781 -0.751338
v -0.785654 0.209650 -0.752453
v -0.759953 0.208947 -0.751287
v -0.703141 0.210294 -0.751613
v -0.703141 0.210294 -0.751613
v -0.785654 0.209650 -0.752453
v -0.801687 0.210635 -0.752822
v -0.787848 0.209911 -0.751526
v -0.787262 0.208911 -0.751635
v -0.785654 0.209650 -0.752453
v -0.785654 0.209650 -0.752453
v -0.787262 0.208911 -0.751635
v -0.801687 0.210635 -0.752822
v -0.801687 0.210635 -0.752822
v -0.787262 0.208911 -0.751635
v -0.787522 0.209027 -0.751410
v -0.787262 0.208911 -0.751635
v -0.787892 0.208484 -0.750766
v -0.787522 0.209027 -0.751410
v -0.787522 0.209027 -0.751410
v -0.787892 0.208484 -0.750766
v -0.785654 0.209650 -0.752453
v -0.785654 0.209650 -0.752453
v -0.787892 0.208484 -0.750766
v -0.787848 0.209911 -0.751526
v 0.015962 0.237140 -0.790262
v 0.030467 0.248198 -0.796954
v 0.026506 0.235337 -0.784121
v 0.030467 0.248198 -0.796954
v 0.031336 0.251384 -0.783310
v 0.026506 0.235337 -0.784121
v 0.031336 0.251384 -0.783310
v 0.031720 0.236278 -0.796534
v 0.026506 0.235337 -0.784121
v 0.026506 0.235337 -0.784121
v 0.031720 0.236278 -0.796534
v 0.015962 0.237140 -0.790262
v 0.015962 0.237140 -0.790262
v 0.031720 0.236278 -0.796534
v 0.030467 0.248198 -0.796954
v 0.031336 0.251384 -0.783310
v 0.030467 0.248198 -0.796954
v 0.031720 0.236278 -0.796534
v -0.787262 0.208911 -0.751635
v -0.787848 0.209911 -0.751526
v -0.787892 0.208484 -0.750766
vn 0.4027 -0.9051 0.1362
vn 0.3317 -0.9227 0.1963
vn 0.2327 -0.9606 0.1517
vn 0.6250 -0.7590 0.1824
vn 0.7203 -0.6807 0.1335
vn 0.6332 -0.7708 0.0707
vn 0.3706 -0.9230 0.1033
vn 0.0138 -0.9926 0.1210
vn 0.0524 -0.9789 0.1975
vn 0.1745 -0.9313 0.3197
vn -0.0453 -0.9749 0.2178
vn -0.0794 -0.9838 0.1607
vn -0.0311 -0.9539 0.2987
vn -0.0961 -0.9833 0.1546
vn -0.3837 -0.9166 0.1125
vn -0.2247 -0.9729 0.0553
vn -0.4652 -0.8830 0.0623
vn -0.6411 -0.7600 0.1067
vn -0.4640 -0.8735 0.1474
vn -0.4648 -0.8729 0.1487
vn -0.3846 -0.8989 0.2100
vn -0.3782 -0.9028 0.2045
vn -0.3454 -0.8936 0.2865
vn -0.3465 -0.8819 0.3196
vn -0.3772 -0.7907 0.4821
vn -0.3868 -0.7461 0.5420
vn -0.3920 -0.6624 0.6384
vn -0.4194 -0.6265 0.6570
vn -0.6184 -0.7851 0.0336
vn -0.8050 -0.5903 0.0587
vn -0.8236 -0.5559 0.1124
vn -0.7683 -0.6242 0.1416
vn -0.9136 -0.3980 0.0834
vn -0.7662 -0.6418 0.0322
vn -0.8504 -0.5259 0.0167
vn -0.9460 -0.3217 0.0390
vn -0.9626 -0.2709 -0.0080
vn -0.9882 -0.1360 0.0700
vn -0.9974 -0.0643 0.0332
vn -0.9848 0.1728 0.0197
vn -0.9963 0.0857 0.0056
vn -0.9840 0.1679 0.0604
vn -0.9923 0.0782 0.0956
vn -0.9237 0.3735 0.0852
vn -0.9229 0.3833 0.0368
vn -0.9036 0.4284 -0.0067
vn -0.8699 0.4900 0.0560
vn -0.7896 0.6135 0.0114
vn -0.9485 0.2637 0.1756
vn -0.5836 0.8119 -0.0130
vn -0.7835 0.6046 -0.1436
vn -0.6405 0.7668 0.0409
vn -0.3036 0.9516 0.0482
vn -0.2235 0.9746 0.0166
vn -0.5415 0.8390 0.0527
vn -0.3843 0.9193 0.0842
vn -0.0214 0.9979 0.0615
vn -0.1345 0.9906 0.0252
vn 0.2440 0.9693 0.0289
vn 0.0813 0.9966 0.0147
vn 0.2692 0.9605 0.0708
vn -0.2352 0.9632 0.1298
vn 0.1176 0.9842 0.1322
vn 0.4337 0.8938 0.1139
vn 0.5198 0.8534 0.0381
vn 0.3833 0.9235 -0.0142
vn 0.5522 0.8334 -0.0219
vn 0.4645 0.8855 -0.0119
vn 0.4413 0.8969 -0.0301
vn 0.4067 0.9105 -0.0747
vn 0.3674 0.9070 0.2061
vn 0.0187 0.9808 0.1943
vn 0.1129 0.9347 0.3370
vn 0.3251 0.8703 0.3700
vn 0.3557 0.8135 0.4601
vn -0.2723 0.8587 0.4341
vn -0.1442 0.8515 0.5041
vn -0.2453 0.9296 0.2752
vn -0.4443 0.8201 0.3607
vn -0.4498 0.7477 0.4885
vn -0.5266 0.8162 0.2378
vn -0.7681 0.6112 0.1908
vn -0.8095 0.5105 0.2899
vn -0.5430 0.8270 0.1456
vn -0.7291 0.6779 0.0942
vn -0.9095 0.3899 0.1439
vn -0.9829 0.1354 0.1250
vn -0.9597 0.2162 0.1796
vn -0.9101 0.2742 0.3107
vn -0.9107 0.0606 0.4087
vn -0.8323 0.0824 0.5482
vn -0.9439 0.0292 0.3289
vn -0.8575 0.3333 0.3918
vn -0.8310 -0.0214 0.5558
vn -0.6945 -0.0091 0.7194
vn -0.6432 0.0372 0.7648
vn -0.9912 -0.0222 0.1307
vn -0.9531 -0.2785 0.1184
vn -0.8375 -0.5038 0.2116
vn -0.9289 -0.3268 0.1740
vn -0.9308 -0.2818 0.2328
vn -0.8200 -0.4756 0.3185
vn -0.8590 -0.3502 0.3734
vn -0.7123 -0.4827 0.5095
vn -0.6980 -0.5328 0.4784
vn -0.6834 -0.6616 0.3085
vn -0.6365 -0.4852 0.5996
vn -0.7012 -0.6783 0.2197
vn -0.9120 -0.3840 -0.1441
vn -0.7313 -0.6581 0.1793
vn -0.6497 -0.7598 0.0256
vn -0.3749 -0.9265 0.0317
vn -0.0935 -0.9953 0.0237
vn -0.2383 -0.9656 0.1041
vn 0.1966 -0.9803 0.0174
vn 0.0750 -0.9966 0.0345
vn -0.0087 -0.9975 0.0694
vn 0.2203 -0.9728 0.0723
vn 0.3566 -0.9333 0.0429
vn 0.5760 -0.8167 0.0350
vn 0.4461 -0.8949 0.0140
vn 0.6135 -0.7897 0.0064
vn 0.7849 -0.6193 0.0210
vn 0.8462 -0.5274 0.0763
vn 0.8744 -0.4834 0.0404
vn 0.9363 -0.3512 0.0029
vn 0.8616 -0.5076 -0.0059
vn 0.8615 -0.5077 -0.0034
vn 0.9674 -0.2503 0.0385
vn 0.9976 -0.0689 0.0025
vn 0.9990 0.0289 0.0350
vn 0.9822 0.1879 0.0020
vn 0.9959 -0.0337 0.0842
vn 0.9679 -0.2422 0.0676
vn 0.9839 0.1635 0.0728
vn 0.9607 0.2764 0.0260
vn 0.9247 0.3710 0.0848
vn 0.8937 0.4471 0.0365
vn 0.8701 0.4929 -0.0059
vn 0.7633 0.6454 0.0274
vn 0.6984 0.7157 0.0039
vn 0.5523 0.8333 -0.0219
vn 0.5199 0.8534 0.0381
vn 0.7903 0.6102 0.0562
vn 0.6409 0.7641 0.0737
vn 0.4339 0.8938 0.1139
vn 0.7417 0.6605 0.1167
vn 0.9285 0.3496 0.1253
vn 0.5490 0.8212 0.1556
vn 0.8618 0.4678 0.1959
vn 0.7557 0.5966 0.2702
vn 0.8527 0.4141 0.3186
vn 0.9430 0.2719 0.1918
vn 0.9752 -0.0625 0.2125
vn 0.9911 0.0203 0.1313
vn 0.9096 0.0785 0.4079
vn 0.8969 -0.3416 0.2808
vn 0.8765 -0.1533 0.4563
vn 0.8329 0.0155 0.5532
vn 0.8101 0.2948 0.5067
vn 0.7310 0.5874 0.3473
vn 0.8207 -0.4689 0.3266
vn 0.8078 -0.1468 0.5708
vn 0.7968 -0.5648 0.2150
vn 0.4781 -0.8371 0.2658
vn 0.4289 -0.8333 0.3488
vn 0.4501 -0.8217 0.3498
vn 0.9288 -0.3407 0.1454
vn 0.9730 -0.2032 0.1093
vn 0.8972 -0.4287 0.1063
vn 0.3675 0.9069 0.2060
vn 0.4987 0.8361 0.2286
vn 0.3251 0.8703 0.3699
vn 0.0665 -0.8941 0.4429
vn 0.0883 -0.8833 0.4605
vn 0.0778 -0.8494 0.5220
vn 0.0085 0.9980 -0.0631
vn -0.0005 0.9998 -0.0215
vn 0.0040 0.9989 -0.0470
vn 0.0373 0.9987 -0.0345
vn 0.0084 0.9995 -0.0316
vn -0.0068 0.9996 -0.0274
vn 0.0018 0.9945 -0.1047
vn 0.0009 0.9969 -0.0784
vn -0.0041 0.9961 -0.0882
vn -0.0023 0.9959 -0.0907
vn -0.0076 0.9998 -0.0186
vn 0.0024 0.9997 -0.0230
vn -0.0001 0.9955 -0.0943
vn -0.0081 0.9942 -0.1075
vn -0.0131 0.9938 -0.1103
vn -0.0031 0.9920 -0.1260
vn -0.0017 0.9748 -0.2229
vn -0.0026 0.9968 -0.0795
vn -0.0014 0.9990 -0.0450
vn 0.0011 0.9954 -0.0961
vn 0.0116 0.9593 -0.2821
vn -0.0003 0.9548 -0.2973
vn -0.0192 0.8059 -0.5917
vn -0.0177 0.8110 -0.5848
vn 0.0107 0.8831 -0.4690
vn 0.0019 0.9332 -0.3592
vn 0.6871 -0.0616 0.7240
vn 0.1299 -0.8339 0.5363
vn 0.0061 -0.8485 -0.5292
vn 0.0061 -0.8482 -0.5296
vn -0.9126 0.0038 -0.4089
vn -0.8715 0.0500 -0.4878
vn -0.8451 0.0757 -0.5293
vn -0.9280 -0.0175 -0.3721
vn -0.7109 -0.0219 0.7030
vn -0.5914 -0.0769 0.8027
vn -0.6898 -0.0322 0.7233
vn -0.5317 -0.1000 0.8410
vn 0.8685 -0.1167 0.4818
vn 0.8686 -0.1169 0.4815
vn 0.1950 -0.8219 0.5352
vn 0.1954 -0.8220 0.5349
vn 0.8553 -0.3930 0.3377
vn 0.4159 -0.2410 -0.8769
vn 0.4924 -0.8699 -0.0294
vn -0.5563 -0.8162 0.1561
vn -0.4765 -0.8299 0.2902
vn -0.5457 -0.8194 0.1756
vn -0.4532 -0.8303 0.3243
vn -0.3690 0.0318 -0.9289
vn -0.3661 0.0333 -0.9300
vn -0.3475 0.0432 -0.9367
vn -0.3884 0.0214 -0.9212
vn 0.2174 0.1279 0.9677
vn -0.2063 -0.0033 0.9785
vn -0.2158 0.0741 0.9736
vn -0.1817 -0.0867 0.9795
vn -0.2058 0.1033 0.9731
vn -0.1975 0.1000 0.9752
vn -0.8357 -0.0850 0.5425
vn 0.7601 -0.0982 0.6423
vn 0.7600 -0.0982 0.6424
vn 0.9249 0.0475 0.3773
vn 0.9251 0.0475 0.3768
vn -0.6398 -0.0137 -0.7684
vn -0.0420 0.1130 0.9927
vn -0.0466 0.1088 0.9930
vn -0.0166 0.1356 0.9906
vn -0.0738 0.0852 0.9936
vn 0.1016 -0.7534 -0.6497
vn -0.3358 -0.7798 -0.5283
vn 0.0782 0.0484 -0.9958
vn 0.0352 0.0307 -0.9989
vn 0.0372 0.0062 -0.9993
vn -0.0255 -0.0479 -0.9985
vn -0.0036 -0.0655 -0.9978
vn -0.0141 -0.1526 -0.9882
vn 0.0252 -0.3189 -0.9475
vn -0.0063 -0.1875 -0.9822
vn -0.9972 -0.0486 0.0577
vn -0.9938 -0.0832 0.0737
vn -0.9851 -0.1078 0.1339
vn -0.9486 -0.1741 0.2643
vn -0.9323 -0.1905 0.3075
vn 0.1273 0.5820 0.8032
vn 0.0356 0.4988 0.8660
vn 0.0454 0.5080 0.8602
vn -0.0306 0.4328 0.9010
vn -0.9175 -0.1384 -0.3729
vn -0.9505 -0.1121 -0.2898
vn -0.9223 -0.1352 -0.3620
vn -0.9475 -0.1259 -0.2940
vn -0.9458 -0.1289 -0.2980
vn 0.0123 0.9974 -0.0704
vn -0.0289 0.9985 -0.0468
vn -0.0419 0.9951 -0.0897
vn -0.0051 0.9993 -0.0371
vn -0.1122 0.9885 -0.1010
vn -0.2440 0.9654 -0.0915
vn 0.0267 0.9952 -0.0943
vn -0.0706 0.9952 -0.0671
vn -0.0692 0.9949 -0.0741
vn -0.0795 0.9936 -0.0801
vn -0.1326 0.9874 -0.0869
vn 0.0807 0.9964 -0.0276
vn 0.1617 0.9864 -0.0287
vn -0.0813 0.9939 -0.0747
vn -0.1202 0.9912 -0.0549
vn 0.0216 0.9991 -0.0374
vn -0.0168 0.9994 -0.0300
vn -0.0200 0.9992 -0.0349
vn 0.0493 0.9816 -0.1846
vn 0.1632 0.9863 -0.0231
vn -0.0229 0.9988 -0.0431
vn -0.0104 0.9982 -0.0586
vn -0.0096 0.9995 -0.0284
vn 0.0783 0.9969 -0.0106
vn 0.0111 0.9981 -0.0603
vn 0.1004 0.9946 -0.0248
vn -0.0734 0.9971 -0.0211
vn -0.0515 0.9741 -0.2203
vn -0.0059 0.9764 -0.2159
vn -0.0070 0.9473 -0.3203
vn -0.0007 0.9403 -0.3404
vn -0.1501 0.9863 -0.0682
vn -0.0072 0.9999 0.0144
vn 0.0165 0.9989 0.0435
vn -0.0297 0.9991 0.0302
vn -0.0031 0.9951 -0.0993
vn 0.0283 0.9955 -0.0907
vn 0.0784 0.9914 -0.1050
vn 0.1645 0.9853 -0.0459
vn 0.1792 0.9829 -0.0427
vn -0.0810 0.9961 -0.0346
vn -0.0696 0.9968 -0.0388
vn -0.1205 0.9922 -0.0323
vn -0.0466 0.9989 -0.0057
vn -0.0673 0.9975 -0.0230
vn -0.1191 0.9924 0.0313
vn -0.1511 0.9879 0.0348
vn -0.2125 0.9465 0.2430
vn -0.2125 0.9464 0.2431
vn -0.2803 0.9425 0.1822
vn -0.2562 0.9415 0.2190
vn -0.1250 0.9549 0.2694
vn -0.4146 0.8633 0.2878
vn -0.0420 0.9927 0.1129
vn -0.0957 0.9537 0.2852
vn -0.0347 0.9914 -0.1262
vn -0.1416 0.9892 -0.0388
vn 0.1019 0.9947 0.0137
vn -0.3125 0.9492 0.0366
vn -0.0520 0.9944 -0.0920
vn -0.0330 0.9931 -0.1126
vn -0.0744 0.9971 -0.0165
vn -0.0631 0.9980 0.0092
vn -0.0261 0.9995 -0.0151
vn -0.0169 0.9976 -0.0664
vn -0.4571 0.8875 0.0581
vn -0.2904 0.9380 0.1894
vn -0.1788 0.9797 0.0910
vn -0.1140 0.9921 0.0525
vn -0.1398 0.9858 0.0926
vn -0.0660 0.9976 0.0187
vn -0.1565 0.9798 0.1248
vn -0.1286 0.9915 0.0179
vn 0.0258 0.9875 0.1553
vn -0.1121 0.9935 0.0211
vn -0.0564 0.9501 0.3067
vn -0.0270 0.9371 0.3480
vn 0.1131 0.9931 -0.0298
vn 0.1518 0.9882 -0.0192
vn 0.1530 0.9882 0.0008
vn 0.1019 0.9946 -0.0176
vn 0.2869 0.9553 -0.0720
vn 0.3515 0.9356 -0.0345
vn 0.3782 0.9257 -0.0095
vn 0.2171 0.9760 0.0198
vn 0.1787 0.9836 0.0231
vn 0.0071 0.9954 -0.0958
vn -0.0668 0.9975 0.0213
vn -0.1161 0.9912 -0.0629
vn 0.0135 0.9804 -0.1965
vn 0.0672 0.9768 -0.2034
vn -0.2941 0.9522 0.0824
vn -0.1735 0.9848 -0.0000
vn -0.0519 0.9630 -0.2643
vn -0.0823 0.9911 -0.1048
vn 0.0037 0.9973 -0.0739
vn -0.0186 0.9944 -0.1045
vn -0.0487 0.9682 -0.2452
vn -0.0326 0.9909 -0.1306
vn -0.0182 0.9934 -0.1129
vn 0.0530 0.9921 -0.1140
vn -0.0141 0.9874 -0.1574
vn -0.0133 0.9975 -0.0697
vn 0.0808 0.9952 -0.0551
vn -0.0859 0.9961 0.0206
vn -0.1844 0.9789 0.0874
vn -0.1695 0.9807 0.0976
vn -0.2553 0.9470 0.1949
vn -0.3410 0.9071 0.2470
vn -0.3431 0.9336 0.1033
vn 0.9815 -0.0056 0.1915
vn -0.4797 -0.7507 0.4542
vn 0.1200 0.9566 0.2655
vn 0.1121 0.9640 0.2412
vn 0.0917 0.9790 0.1819
vn 0.0822 0.9846 0.1543
vn -0.0593 0.4239 0.9037
vn -0.0595 0.4242 0.9036
vn -0.8519 0.2473 -0.4616
vn -0.8519 0.2476 -0.4615
vn -0.7162 0.0619 -0.6952
vn 0.3471 -0.1509 0.9256
vn 0.3470 -0.1509 0.9256
vn -0.6349 0.7695 0.0690
vn -0.4522 0.8916 0.0225
vn -0.6423 0.7638 0.0639
vn -0.5904 0.8067 0.0264
vn -0.7422 0.6696 0.0268
vn -0.7492 0.6615 0.0331
vn -0.8595 0.5112 0.0046
vn -0.8494 0.5276 -0.0078
vn -0.9103 0.4134 -0.0208
vn -0.7345 0.6785 0.0153
vn -0.7412 0.6713 0.0041
vn -0.8090 0.5873 -0.0244
vn -0.9033 0.4289 0.0053
vn -0.9089 0.4171 -0.0019
vn -0.9406 0.3387 -0.0217
vn -0.9180 0.3965 0.0073
vn -0.9208 0.3899 0.0073
vn -0.9256 0.3786 -0.0000
vn -0.8876 0.4606 0.0045
vn -0.8882 0.4594 -0.0034
vn -0.8416 0.5399 0.0183
vn -0.8146 0.5800 0.0035
vn -0.7574 0.6527 0.0172
vn -0.8191 0.5735 0.0070
vn -0.6849 0.7283 0.0204
vn -0.8129 0.5824 0.0055
vn -0.7399 0.6727 0.0055
vn -0.7426 0.6697 0.0012
vn -0.7860 0.6182 0.0012
vn -0.7932 0.6089 0.0035
vn -0.7916 0.6110 0.0024
vn -0.7093 0.7049 -0.0029
vn -0.7423 0.6700 -0.0119
vn -0.6831 0.7303 -0.0049
vn -0.6644 0.7474 -0.0023
vn -0.5709 0.8210 0.0061
vn -0.6790 0.7340 -0.0167
vn -0.7861 0.6180 0.0138
vn -0.6258 0.7799 0.0129
vn -0.3614 0.9324 0.0082
vn -0.5648 0.8253 0.0023
vn -0.4958 0.8682 0.0207
vn -0.2742 0.9617 0.0074
vn -0.1304 0.9915 -0.0040
vn 0.0347 0.9994 0.0069
vn -0.1214 0.9926 0.0062
vn -0.4375 0.8992 0.0047
vn -0.6303 0.7762 -0.0146
vn -0.3265 0.9426 0.0702
vn -0.5940 0.8003 0.0818
vn -0.5375 0.8431 0.0148
vn -0.4919 0.8706 0.0110
vn -0.2289 0.9734 -0.0045
vn 0.1320 0.9912 0.0132
vn 0.2356 0.9711 0.0377
vn -0.0181 0.9996 0.0219
vn 0.3849 0.9229 0.0120
vn -0.0170 0.9995 0.0273
vn 0.2740 0.9608 -0.0425
vn 0.5610 0.8277 0.0166
vn 0.4218 0.9064 0.0241
vn 0.5379 0.8430 0.0109
vn 0.4944 0.8692 0.0046
vn 0.6077 0.7931 0.0407
vn 0.4982 0.8626 0.0880
vn 0.2739 0.9608 0.0427
vn 0.7056 0.7078 0.0336
vn 0.5349 0.8412 0.0796
vn 0.7222 0.6915 -0.0117
vn 0.6503 0.7592 -0.0266
vn 0.4301 0.9027 -0.0107
vn 0.0612 0.9981 -0.0007
vn -0.0459 0.9984 0.0335
vn -0.3281 0.9296 -0.1680
vn -0.1234 0.9887 -0.0847
vn -0.2923 0.9557 0.0337
vn -0.4310 0.9023 0.0114
vn -0.4966 0.8505 -0.1734
vn -0.4391 0.8394 -0.3202
vn -0.3473 0.8401 -0.4167
vn -0.2720 0.9616 0.0381
vn -0.1780 0.9830 0.0440
vn -0.3882 0.9215 0.0101
vn 0.1448 0.9885 0.0432
vn 0.8485 0.5285 -0.0256
vn 0.8409 0.5412 0.0061
vn 0.8634 0.5044 0.0135
vn 0.9041 0.4273 0.0028
vn 0.9178 0.3969 -0.0075
vn 0.9264 0.3721 -0.0577
vn 0.9263 0.3637 -0.0986
vn 0.9151 0.4032 0.0064
vn 0.8858 0.4640 0.0004
vn 0.9556 0.2945 0.0051
vn 0.9005 0.4347 0.0098
vn 0.9192 0.3939 0.0021
vn 0.8432 0.5375 0.0137
vn 0.8657 0.5005 0.0075
vn 0.8209 0.5711 0.0018
vn 0.8547 0.5191 0.0029
vn 0.8072 0.5902 0.0119
vn 0.7569 0.6536 -0.0001
vn 0.7338 0.6793 0.0031
vn 0.7070 0.7072 -0.0061
vn 0.7728 0.6338 0.0330
vn 0.6779 0.7352 0.0044
vn 0.5765 0.8170 0.0084
vn 0.6951 0.7189 0.0022
vn 0.6146 0.7880 0.0367
vn 0.7293 0.6842 0.0044
vn 0.6938 0.7202 0.0062
vn 0.4425 0.8942 0.0682
vn 0.3365 0.9417 0.0054
vn 0.2871 0.9551 0.0733
vn 0.3013 0.9376 0.1734
vn 0.2378 0.9638 0.1208
vn 0.4145 0.9100 -0.0069
vn 0.2051 0.9787 -0.0058
vn 0.6455 0.7637 0.0015
vn 0.4985 0.8669 0.0081
vn 0.7232 0.6906 0.0076
vn 0.7235 0.6904 0.0033
vn 0.7811 0.6243 -0.0082
vn 0.7932 0.6088 0.0162
vn 0.7945 0.6071 0.0169
vn 0.6795 0.7331 0.0304
vn 0.7028 0.7113 0.0109
vn 0.7571 0.6531 0.0150
vn 0.3634 0.9227 -0.1287
vn -0.1324 0.9912 -0.0050
vn -0.0386 0.0936 -0.9949
vn -0.0570 -0.6719 -0.7385
vn 0.0458 -0.5911 -0.8053
vn 0.0237 -0.6347 -0.7724
vn 0.0238 -0.6347 -0.7724
vn 0.0459 -0.5910 -0.8054
vn 0.0949 -0.5355 -0.8392
vn 0.1071 -0.4884 -0.8660
vn 0.7377 0.6714 -0.0708
vn 0.7376 0.6715 -0.0708
vn -0.3463 -0.2403 0.9068
vn -0.3696 -0.2070 0.9058
vn -0.3918 -0.1768 0.9029
vn -0.3271 -0.2828 0.9017
vn -0.4091 -0.1845 0.8937
vn 0.0909 -0.3257 0.9411
vn 0.1416 -0.3744 0.9164
vn 0.1236 -0.3700 0.9208
vn 0.1614 -0.3855 0.9085
vn 0.8154 0.3662 0.4484
vn 0.8154 0.3663 0.4483
vn 0.4304 0.3201 0.8440
vn 0.4353 0.3190 0.8419
vn 0.4731 0.3102 0.8246
vn 0.5016 0.3030 0.8103
vn 0.5106 -0.8574 0.0649
vn 0.1949 -0.9501 0.2434
vn 0.1951 -0.9502 0.2431
vn -0.0404 0.1540 0.9872
vn -0.0404 0.1543 0.9872
vn 0.8621 -0.4303 0.2677
vn 0.7502 0.6530 -0.1044
vn 0.7668 0.6358 -0.0881
vn 0.7930 0.6014 -0.0977
vn 0.7141 0.6951 -0.0829
vn -0.1400 0.1449 -0.9795
vn -0.0606 0.1124 -0.9918
vn -0.0703 0.1167 -0.9907
vn -0.0137 0.0929 -0.9956
vn 0.5933 -0.7429 -0.3101
vn 0.0622 -0.9727 -0.2235
vn 0.2048 -0.9276 -0.3124
vn 0.0640 -0.9711 -0.2300
vn 0.2369 -0.9379 -0.2534
vn 0.0046 -0.9958 -0.0919
vn 0.0153 -0.9929 -0.1177
vn 0.1645 -0.9053 -0.3917
vn 0.2241 -0.9455 -0.2361
vn -0.7569 -0.6526 0.0365
vn -0.7405 -0.6683 0.0701
vn -0.7486 -0.6607 0.0543
vn -0.7286 -0.6785 0.0931
vn -0.0206 -0.0644 0.9977
vn 0.0471 -0.0831 0.9954
vn 0.0549 -0.0852 0.9948
vn 0.1459 -0.1094 0.9832
vn 0.7669 0.6357 -0.0881
vn 0.8231 0.5628 -0.0756
vn 0.8152 -0.4624 -0.3489
vn 0.8151 -0.4621 -0.3493
vn 0.8991 0.3764 0.2232
vn 0.9226 0.3144 0.2234
vn 0.9113 0.3331 0.2418
vn 0.9261 0.3162 0.2059
vn 0.9530 0.2342 0.1924
vn 0.9417 -0.1983 0.2719
vn 0.9416 -0.1989 0.2717
vn 0.8749 -0.4333 -0.2163
vn 0.8816 -0.4679 0.0619
vn 0.0829 0.9945 -0.0646
vn 0.0580 0.9981 -0.0185
vn 0.0145 0.9980 0.0616
vn 0.1238 0.9822 -0.1410
vn 0.1077 0.8907 -0.4417
vn 0.0884 0.8824 -0.4621
vn 0.1332 0.8755 -0.4645
vn 0.1042 0.8516 -0.5138
vn 0.0785 0.8258 -0.5585
vn 0.1081 0.7806 -0.6156
vn 0.7665 0.3502 -0.5383
vn 0.6077 -0.1967 -0.7694
vn 0.0204 -0.3217 -0.9466
vn -0.0007 -0.3277 -0.9448
vn -0.0521 -0.4016 -0.9143
vn 0.0221 -0.3261 -0.9451
vn 0.0307 -0.0042 -0.9995
vn 0.0309 -0.0039 -0.9995
vn -0.1435 -0.4673 -0.8724
vn -0.1434 -0.4673 -0.8724
vn -0.5335 -0.7178 -0.4474
vn -0.6843 -0.6478 -0.3348
vn -0.5876 -0.6922 -0.4191
vn -0.6982 -0.6546 -0.2899
vn -0.6849 -0.6767 -0.2702
vn -0.9879 -0.1246 0.0924
vn -0.9879 -0.1243 0.0923
vn 0.7427 -0.6382 0.2027
vn 0.7426 -0.6383 0.2026
vn 0.0314 -0.9138 0.4050
vn 0.0079 -0.8985 0.4390
vn 0.0350 -0.9177 0.3957
vn 0.0041 -0.8931 0.4498
vn -0.0168 -0.8793 0.4760
vn -0.0198 -0.8754 0.4830
vn 0.9616 0.0109 -0.2743
vn 0.9609 0.0147 -0.2763
vn 0.9595 0.0016 -0.2816
vn 0.9595 0.0069 -0.2817
vn 0.9574 -0.0135 -0.2885
vn 0.8024 0.0952 -0.5891
vn 0.8024 0.0953 -0.5892
vn 0.9909 -0.0744 0.1121
vn 0.2221 -0.0405 0.9742
vn 0.1528 -0.0329 0.9877
vn 0.2595 -0.0758 0.9628
vn 0.1353 -0.0410 0.9900
vn 0.8347 -0.5231 -0.1723
vn 0.8347 -0.5231 -0.1719
vn 0.3211 0.0437 -0.9460
vn 0.2492 -0.0175 -0.9683
vn 0.2778 0.0172 -0.9605
vn 0.1444 -0.0431 -0.9886
vn 0.0658 -0.0472 -0.9967
vn -0.9020 0.3263 0.2827
vn -0.9020 0.3261 0.2829
vn 0.3569 -0.0587 0.9323
vn 0.3831 -0.0784 0.9204
vn 0.2218 0.0404 0.9743
vn -0.0816 -0.0293 0.9962
vn -0.0817 -0.0292 0.9962
vn -0.3824 0.1228 0.9158
vn 0.5018 -0.6416 0.5801
vn 0.6860 0.0303 0.7270
vn 0.6860 0.0303 0.7269
vn -0.3117 0.2704 0.9109
vn -0.3246 0.2458 0.9134
vn -0.3289 0.2373 0.9140
vn -0.3417 0.2120 0.9156
vn 0.1151 0.0555 -0.9918
vn -0.0390 -0.0300 -0.9988
vn -0.0690 -0.0541 -0.9961
vn 0.0392 -0.2926 -0.9554
vn 0.0391 -0.2926 -0.9554
vn -0.2437 -0.0482 0.9686
vn 0.9039 0.4247 -0.0512
vn 0.7159 0.2604 0.6479
vn -0.6337 0.7709 0.0645
vn -0.6409 0.7635 0.0797
vn -0.6530 0.7496 0.1078
vn -0.6130 0.7898 0.0214
vn 0.4605 -0.5162 -0.7221
vn 0.4606 -0.5162 -0.7221
vn 0.4604 -0.5162 -0.7221
vn 0.7750 0.6246 0.0958
vn 0.7750 0.6246 0.0957
vn 0.2684 -0.1124 -0.9567
vn 0.2685 -0.1124 -0.9567
vn 0.2686 -0.1124 -0.9567
vn 0.5539 -0.0643 -0.8301
vn 0.5595 -0.0824 -0.8247
vn 0.5668 -0.1057 -0.8170
vn 0.5668 -0.1058 -0.8170
vn 0.5740 -0.1277 -0.8088
vn 0.7442 -0.4021 0.5333
vn 0.7442 -0.4020 0.5334
vn 0.3532 0.1264 -0.9270
vn 0.3531 0.1264 -0.9270
vn -0.0318 0.5388 -0.8419
vn -0.9089 -0.2623 -0.3244
vn -0.9089 -0.2622 -0.3243
vn -0.4864 -0.0068 -0.8737
vn -0.0389 -0.0299 -0.9988
vn 0.1152 0.0556 -0.9918
vn 0.0736 0.0543 -0.9958
vn 0.1482 0.0659 -0.9868
vn 0.2767 0.0892 -0.9568
vn -0.8615 0.5000 0.0884
vn -0.8615 0.5001 0.0885
vn 0.9176 -0.3931 -0.0595
vn 0.8668 -0.4916 -0.0831
vn 0.9665 -0.2422 -0.0852
vn 0.8594 -0.5035 -0.0887
vn 0.9728 -0.2127 -0.0916
vn -0.1562 -0.9875 0.0215
vn 0.3811 0.1011 -0.9190
vn 0.0636 -0.0269 -0.9976
vn 0.0796 -0.0375 -0.9961
vn 0.1103 -0.0592 -0.9921
vn 0.1204 -0.0662 -0.9905
vn 0.2792 0.2182 -0.9351
vn 0.2793 0.2185 -0.9350
vn 0.2793 0.2184 -0.9350
vn 0.2932 -0.8673 -0.4024
vn 0.0531 -0.8412 -0.5381
vn -0.2604 -0.8255 -0.5007
vn -0.6533 -0.1356 0.7449
vn -0.6534 -0.1356 0.7448
vn -0.1237 -0.2036 0.9712
vn -0.0857 -0.2312 0.9691
vn -0.1022 -0.2189 0.9704
vn -0.0644 -0.2465 0.9670
vn -0.1207 -0.9403 0.3181
vn -0.8494 -0.1731 0.4986
vn -0.8494 -0.1728 0.4986
vn 0.9133 -0.1049 0.3936
vn 0.9133 -0.1049 0.3935
vn -0.1988 -0.9784 -0.0560
vn -0.2143 -0.9753 -0.0528
vn -0.1890 -0.9817 -0.0233
vn -0.2383 -0.9694 -0.0594
vn -0.2484 -0.9676 -0.0456
vn 0.4530 0.8899 0.0539
vn 0.4641 -0.6249 0.6278
vn 0.5423 -0.6357 0.5494
vn 0.5773 -0.6224 0.5286
vn 0.4057 -0.6386 0.6539
vn 0.6128 -0.6463 0.4547
vn -0.1328 -0.3267 0.9357
vn 0.0785 -0.3202 0.9441
vn 0.0151 -0.2926 0.9561
vn 0.0787 -0.3203 0.9441
vn 0.3019 -0.4082 0.8615
vn 0.2025 -0.3346 0.9203
vn 0.1676 0.0361 0.9852
vn 0.0153 -0.2926 0.9561
vn 0.0786 -0.3202 0.9441
vn 0.2024 -0.3345 0.9204
vn 0.2095 -0.3119 0.9267
vn 0.2218 -0.3588 0.9067
vn 0.2233 -0.3644 0.9041
vn 0.2089 -0.3094 0.9277
vn 0.4038 -0.6327 -0.6608
vn 0.3539 -0.6391 -0.6829
vn 0.3058 -0.6442 -0.7011
vn 0.4488 -0.5984 -0.6637
vn 0.4451 -0.4887 -0.7504
vn 0.4423 -0.4572 -0.7716
vn -0.5469 0.4978 0.6731
vn -0.5242 0.4374 0.7307
vn -0.5136 0.4103 0.7536
vn -0.4909 0.3572 0.7946
vn -0.1374 0.4249 0.8948
vn -0.1374 0.4250 0.8947
vn 0.0784 0.6559 0.7508
vn 0.1994 0.6599 0.7244
vn 0.2005 0.6603 0.7238
vn 0.3076 0.6540 0.6911
vn 0.6286 0.3002 0.7174
vn 0.8102 0.2946 0.5068
vn 0.8329 0.0157 0.5532
vn 0.9096 0.0786 0.4080
vn 0.5337 -0.1699 -0.8284
vn 0.5345 -0.1643 -0.8290
vn 0.5321 -0.1814 -0.8270
vn 0.5353 -0.1536 -0.8306
vn 0.4351 -0.4400 0.7856
vn 0.4348 -0.4397 0.7859
vn 0.7512 -0.6553 0.0795
vn 0.5806 -0.8141 -0.0148
vn 0.6896 -0.7106 -0.1393
vn 0.6291 -0.7711 -0.0984
vn 0.4226 -0.9063 0.0038
vn 0.3979 -0.9164 0.0429
vn 0.6982 -0.7142 -0.0504
vn 0.5745 -0.8185 -0.0031
vn 0.5382 -0.8428 0.0047
vn 0.6989 -0.7151 -0.0093
vn 0.3285 -0.9432 0.0491
vn 0.3195 -0.9426 0.0972
vn 0.1064 -0.9942 0.0131
vn 0.3458 -0.9383 0.0103
vn 0.1266 -0.9919 0.0108
vn -0.0524 -0.9986 0.0107
vn -0.1126 -0.9936 0.0107
vn -0.2476 -0.9688 0.0071
vn -0.3279 -0.9446 0.0149
vn -0.5323 -0.8466 0.0044
vn -0.5390 -0.8408 0.0509
vn -0.5373 -0.8361 0.1109
vn -0.7249 -0.6888 -0.0055
vn -0.7633 -0.6460 -0.0048
vn -0.8710 -0.4909 -0.0189
vn -0.7969 -0.6035 0.0246
vn -0.8969 -0.4417 -0.0218
vn -0.9703 -0.2332 0.0638
vn -0.9296 -0.3665 0.0389
vn -0.9578 -0.2833 -0.0493
vn -0.9827 -0.1803 -0.0414
vn -0.9988 -0.0340 0.0356
vn -0.9660 -0.1436 0.2150
vn -0.9988 0.0244 0.0434
vn -0.9888 0.1247 0.0821
vn -0.9904 0.1165 0.0739
vn -0.9317 -0.3626 0.0205
vn -0.9369 -0.3496 -0.0091
vn -0.8692 -0.4943 0.0117
vn -0.8365 -0.5480 0.0054
vn -0.7564 -0.6540 0.0089
vn -0.8353 -0.5496 0.0139
vn -0.5822 -0.8130 0.0091
vn -0.7914 -0.6113 0.0100
vn -0.5954 -0.8034 0.0081
vn -0.7949 -0.6066 0.0145
vn -0.6503 -0.7596 0.0080
vn -0.8613 -0.5078 0.0164
vn -0.4735 -0.8807 0.0096
vn -0.4473 -0.8943 0.0150
vn -0.2630 -0.9647 0.0128
vn -0.3101 -0.9506 0.0120
vn -0.0840 -0.9964 0.0115
vn -0.0103 -0.9999 0.0041
vn -0.1738 -0.9848 0.0074
vn -0.3530 -0.9354 0.0231
vn -0.4972 -0.8674 0.0185
vn -0.3582 -0.9336 0.0070
vn -0.1039 -0.9942 0.0287
vn 0.1459 -0.9790 0.1422
vn 0.0080 -0.9971 0.0760
vn -0.0988 -0.9951 0.0050
vn 0.2331 -0.9724 0.0046
vn -0.1726 -0.9830 0.0626
vn -0.4092 -0.9124 0.0097
vn 0.4188 -0.9081 0.0077
vn 0.5518 -0.8335 0.0295
vn 0.4365 -0.8996 0.0125
vn -0.0032 -0.9946 0.1040
vn 0.0411 -0.9859 0.1622
vn 0.2907 -0.9552 0.0558
vn 0.4147 -0.9070 0.0732
vn -0.1010 -0.9917 0.0793
vn -0.4106 -0.9115 0.0252
vn -0.3233 -0.9463 0.0052
vn -0.0876 -0.9961 0.0086
vn -0.0376 -0.9992 0.0158
vn -0.0929 -0.9905 -0.1016
vn -0.0799 -0.9897 -0.1189
vn -0.4051 -0.9138 -0.0296
vn -0.4115 -0.9101 0.0484
vn -0.5849 -0.8094 0.0519
vn -0.6027 -0.7979 -0.0084
vn -0.5753 -0.8167 -0.0446
vn -0.7657 -0.6423 -0.0336
vn -0.6728 -0.7383 -0.0463
vn -0.7243 -0.6884 0.0377
vn -0.8605 -0.5092 -0.0180
vn -0.7314 -0.6800 0.0507
vn -0.8646 -0.4830 -0.1386
vn -0.9214 -0.3294 -0.2060
vn -0.9163 -0.4004 0.0013
vn -0.8172 -0.5759 0.0201
vn -0.6638 -0.7478 0.0142
vn -0.7991 -0.6011 0.0076
vn -0.8453 -0.5342 0.0096
vn -0.6315 -0.7753 0.0073
vn -0.6782 -0.7347 0.0146
vn -0.8050 -0.5930 0.0196
vn -0.8810 -0.4729 0.0158
vn -0.9212 -0.3889 0.0084
vn -0.9237 -0.3830 0.0116
vn -0.9386 -0.3446 0.0198
vn -0.9551 -0.2963 0.0019
vn -0.9598 -0.2802 -0.0146
vn -0.9683 -0.1983 -0.1518
vn -0.8316 -0.1865 -0.5231
vn -0.8526 -0.3452 -0.3924
vn 0.5276 -0.8493 0.0182
vn 0.4476 -0.8942 -0.0082
vn 0.3895 -0.9208 0.0198
vn 0.4007 -0.9136 0.0690
vn 0.6249 -0.7802 -0.0288
vn 0.8068 -0.5901 -0.0307
vn 0.7061 -0.7081 -0.0035
vn 0.8384 -0.5449 -0.0115
vn 0.7901 -0.6123 -0.0282
vn 0.5778 -0.8157 0.0280
vn 0.8176 -0.5757 0.0126
vn 0.7059 -0.7075 0.0333
vn 0.9107 -0.4132 0.0030
vn 0.9345 -0.3552 -0.0225
vn 0.9746 -0.2219 -0.0295
vn 0.9583 -0.2857 -0.0113
vn 0.9479 -0.3187 0.0062
vn 0.9306 -0.3653 0.0205
vn 0.9334 -0.3588 0.0041
vn 0.9147 -0.4040 0.0052
vn 0.9025 -0.4305 0.0145
vn 0.8889 -0.4580 0.0134
vn 0.8912 -0.4536 0.0087
vn 0.8590 -0.5118 0.0140
vn 0.9069 -0.4210 0.0166
vn 0.8343 -0.5512 0.0126
vn 0.8826 -0.4699 0.0153
vn 0.8093 -0.5873 0.0100
vn 0.9116 -0.4102 -0.0268
vn 0.9164 -0.3989 -0.0313
vn 0.7041 -0.7100 0.0140
vn 0.6536 -0.7567 0.0142
vn 0.8041 -0.5945 0.0046
vn 0.5167 -0.8561 0.0113
vn 0.7215 -0.6923 0.0118
vn 0.3638 -0.9314 0.0088
vn 0.4997 -0.8662 0.0103
vn 0.2287 -0.9735 0.0078
vn 0.3652 -0.9309 0.0089
vn 0.1500 -0.9886 0.0103
vn -0.0295 -0.9995 0.0119
vn 0.3378 -0.9412 0.0002
vn 0.5463 -0.8375 0.0089
vn 0.4841 -0.8750 -0.0020
vn 0.7455 -0.6661 0.0233
vn 0.6917 -0.7218 0.0243
vn 0.7341 -0.6789 0.0144
vn 0.6650 -0.7468 0.0062
vn 0.5063 -0.8621 0.0233
vn 0.3217 -0.9430 0.0855
vn 0.3278 -0.9280 0.1769
vn 0.1791 -0.9228 0.3411
vn 0.7521 -0.6590 0.0075
vn -0.1069 -0.9941 0.0158
vn -0.3598 -0.9330 0.0086
vn 0.7747 -0.6322 -0.0152
vn 0.9944 -0.0974 0.0416
vn 0.9965 -0.0772 0.0330
vn 0.9955 0.0782 0.0528
vn 0.9922 -0.1196 0.0363
vn -0.0622 0.9973 -0.0403
vn 0.0518 0.9931 -0.1052
vn -0.0170 0.9976 -0.0670
vn 0.0984 0.9951 -0.0087
vn -0.1347 0.9903 -0.0330
vn 0.0053 0.9948 -0.1017
vn 0.0789 0.9955 -0.0521
vn 0.3537 0.9087 0.2218
vn 0.3455 0.9126 0.2186
vn 0.2962 0.9351 0.1948
vn 0.2229 0.9702 0.0953
vn 0.2197 0.9714 0.0904
vn 0.0018 0.9999 0.0108
vn 0.0415 0.9990 0.0133
vn 0.0455 0.9989 0.0122
vn 0.0764 0.9970 -0.0106
vn 0.0873 0.9961 -0.0136
vn 0.0686 0.9976 0.0121
vn 0.3062 -0.9459 0.1078
vn 0.1435 -0.9887 0.0441
vn 0.1596 -0.9846 0.0706
vn 0.1791 -0.9819 0.0614
vn 0.1559 -0.9873 0.0321
vn 0.1270 -0.9918 0.0105
vn 0.0773 -0.9952 -0.0595
vn -0.0727 -0.9931 -0.0917
vn -0.0977 -0.9951 -0.0133
vn 0.0102 -0.9999 0.0118
vn 0.0446 -0.9980 0.0453
vn -0.2157 -0.9763 -0.0159
vn -0.2089 -0.9779 -0.0113
vn 0.0350 -0.9959 -0.0829
vn 0.0071 -0.9737 -0.2278
vn 0.1005 -0.9947 -0.0219
vn 0.0623 -0.9981 -0.0027
vn 0.0722 -0.9971 0.0257
vn 0.0225 -0.9984 -0.0510
vn 0.0225 -0.9984 -0.0511
vn 0.0213 -0.9833 -0.1805
vn 0.0003 -0.9984 -0.0564
vn 0.0268 -0.9558 -0.2929
vn 0.0380 -0.9975 -0.0589
vn 0.0319 -0.9973 -0.0660
vn 0.0533 -0.9959 -0.0731
vn 0.0058 -0.9980 -0.0633
vn -0.0021 -0.9989 -0.0474
vn -0.0092 -0.9989 -0.0452
vn -0.0047 -0.9977 -0.0677
vn -0.0050 -0.9985 -0.0538
vn -0.0116 -0.9980 -0.0625
vn -0.0367 -0.9978 -0.0546
vn -0.0073 -0.9984 -0.0567
vn -0.0237 -0.9987 -0.0456
vn -0.0125 -0.9987 -0.0504
vn -0.0147 -0.9992 -0.0371
vn -0.0171 -0.9996 -0.0215
vn -0.0185 -0.9992 -0.0343
vn 0.0148 -0.9999 0.0006
vn 0.0495 -0.9986 0.0181
vn 0.0512 -0.9986 0.0150
vn 0.0272 -0.9990 0.0356
vn 0.0961 -0.9934 0.0631
vn 0.1073 -0.9870 0.1198
vn -0.0084 -0.9982 0.0585
vn -0.0261 -0.9997 0.0013
vn 0.0799 -0.9813 0.1752
vn -0.0473 -0.9987 -0.0171
vn -0.0678 -0.9975 -0.0218
vn -0.0366 -0.9987 -0.0366
vn -0.0449 -0.9979 -0.0467
vn -0.0431 -0.9973 -0.0602
vn -0.0846 -0.9950 -0.0526
vn 0.0541 -0.9984 0.0140
vn 0.1174 -0.9901 0.0763
vn 0.1519 -0.9825 0.1079
vn 0.1059 -0.9927 0.0582
vn 0.1724 -0.9762 0.1314
vn 0.1939 -0.9685 0.1563
vn 0.1628 -0.9780 0.1303
vn -0.0020 -0.9994 -0.0335
vn -0.0128 -0.9996 0.0261
vn 0.0044 -0.9733 0.2295
vn 0.0820 -0.8368 0.5413
vn 0.0124 -0.8870 0.4616
vn 0.0055 -0.9727 0.2321
vn 0.1099 -0.8146 0.5696
vn -0.0055 -0.9900 -0.1411
vn -0.0115 -0.9361 -0.3517
vn 0.0152 -0.9878 -0.1552
vn 0.0074 -0.9855 -0.1697
vn 0.0364 -0.9622 -0.2699
vn 0.0059 -0.9223 -0.3865
vn 0.0028 -0.9185 -0.3953
vn 0.4718 -0.7666 0.4355
vn 0.3590 -0.8691 0.3404
vn 0.5299 -0.6814 0.5048
vn 0.4716 -0.7706 0.4286
vn 0.4598 -0.7815 0.4217
vn 0.3617 -0.8747 0.3226
vn 0.5525 -0.6675 0.4992
vn 0.6440 -0.5009 0.5782
vn 0.6261 -0.5244 0.5770
vn 0.6440 -0.4772 0.5980
vn 0.4748 -0.8150 0.3322
vn 0.6648 -0.4736 0.5777
vn 0.6932 -0.3411 0.6349
vn 0.7061 -0.4005 0.5839
vn 0.4125 -0.8934 0.1782
vn 0.2928 -0.9255 0.2402
vn 0.4247 -0.9053 -0.0098
vn 0.1939 -0.9685 0.1564
vn 0.6515 -0.4751 0.5915
vn 0.6624 -0.4435 0.6038
vn 0.6586 -0.4227 0.6225
vn 0.6225 -0.5146 0.5897
vn 0.5595 -0.6162 0.5543
vn 0.5405 -0.6662 0.5138
vn 0.7009 -0.3210 0.6370
vn 0.4272 -0.8096 0.4026
vn 0.2267 -0.9517 0.2072
vn 0.2525 -0.9369 0.2417
vn 0.5230 -0.7088 0.4734
vn 0.6363 -0.5229 0.5672
vn 0.5177 -0.7273 0.4506
vn 0.6996 -0.1257 0.7034
vn 0.6917 -0.1056 0.7144
vn 0.7396 -0.0946 0.6663
vn 0.7458 -0.1087 0.6572
vn 0.2465 -0.9440 0.2192
vn 0.2850 -0.9218 0.2628
vn 0.7347 0.6589 0.1612
vn 0.9772 -0.1943 0.0859
vn -0.2059 -0.9786 -0.0017
vn -0.2226 -0.9749 -0.0095
vn -0.2035 -0.9791 -0.0001
vn -0.2250 -0.9743 -0.0105
vn -0.6652 -0.7466 0.0115
vn -0.3547 0.9330 -0.0609
vn -0.6386 0.7646 0.0874
vn -0.6385 0.7647 0.0874
vn 0.9917 0.1230 0.0386
vn 0.9851 0.1426 0.0957
vn 0.9793 0.1545 0.1310
vn 0.9672 0.1723 0.1866
vn 0.7489 -0.6555 0.0974
vn 0.7481 -0.6592 0.0755
vn 0.7491 -0.6439 0.1558
vn 0.7443 -0.6676 0.0170
vn -0.7539 -0.6511 -0.0875
vn -0.7538 -0.6513 -0.0876
vn -0.8121 0.5821 -0.0412
vn -0.9434 0.3315 -0.0134
vn -0.9437 0.3301 -0.0215
vn -0.9438 0.3294 -0.0260
vn -0.9439 0.3288 -0.0309
vn 0.5846 0.8081 0.0725
vn 0.5844 0.8082 0.0727
vn 0.8675 0.4972 -0.0158
vn -0.4707 -0.8731 -0.1272
vn -0.4708 -0.8730 -0.1275
vn -0.4706 -0.8731 -0.1270
vn -0.1388 -0.7965 0.5885
vn -0.0536 -0.9983 -0.0229
vn -0.4949 -0.8594 -0.1284
vn -0.4948 -0.8595 -0.1283
vn -0.4948 -0.8595 -0.1284
vn -0.9748 -0.2200 -0.0362
vn -0.9892 -0.1438 0.0284
vn -0.9819 -0.1890 -0.0098
vn -0.9930 -0.0978 0.0667
vn -0.5954 -0.1058 0.7965
vn -0.3580 0.7133 0.6025
vn 0.1845 0.2159 0.9588
vn 0.1320 -0.1498 0.9799
vn 0.1315 -0.1496 0.9800
vn 0.1318 -0.1497 0.9799
vn 0.8440 -0.5091 0.1688
vn 0.8915 -0.4183 0.1741
vn 0.8499 -0.4989 0.1696
vn 0.9016 -0.3955 0.1750
vn 0.7424 -0.1332 0.6566
vn 0.7423 -0.1296 0.6575
vn 0.7409 -0.0865 0.6660
vn 0.7510 0.0803 0.6553
vn 0.7298 0.1228 0.6726
vn 0.7226 0.1490 0.6750
vn 0.7340 0.1100 0.6701
vn 0.7294 0.0259 0.6836
vn 0.7348 0.0009 0.6782
vn 0.7409 0.1775 0.6477
vn 0.7178 0.2287 0.6576
vn 0.7115 0.2383 0.6610
vn 0.1643 -0.9775 0.1319
vn 0.1629 -0.9805 0.1102
vn 0.2234 -0.9460 0.2351
vn 0.0567 -0.9981 -0.0220
vn 0.1596 -0.9857 -0.0542
vn 0.1185 -0.9917 -0.0506
vn 0.2618 -0.9554 -0.1362
vn 0.0707 -0.9962 0.0499
vn 0.0724 -0.9970 0.0274
vn 0.0607 -0.9952 -0.0770
vn 0.0717 -0.9656 0.2498
vn -0.1269 -0.9869 -0.0995
vn -0.0037 -1.0000 -0.0024
vn 0.0606 -0.9952 -0.0770
vn 0.1249 -0.9873 0.0977
vn 0.2267 -0.9517 0.2071
vn 0.1378 -0.9850 0.1039
vn 0.2210 -0.9560 0.1931
vn 0.2848 -0.9219 0.2628
vn 0.1359 -0.9859 0.0971
vn 0.1628 -0.9780 0.1304
vn 0.1312 -0.9865 0.0980
vn 0.1170 -0.9883 0.0975
vn 0.1559 -0.9860 0.0599
vn 0.1032 -0.9926 0.0633
vn 0.0145 -0.9996 0.0235
vn 0.0999 -0.9932 0.0597
vn 0.0083 -1.0000 0.0026
vn -0.0728 -0.9972 -0.0176
vn 0.0627 -0.9977 0.0240
vn 0.0216 -0.9991 -0.0353
vn 0.0373 -0.9893 -0.1409
vn 0.0543 -0.9985 0.0096
vn 0.0566 -0.9982 -0.0221
vn 0.0041 -0.9981 -0.0617
vn -0.0109 -0.9960 -0.0886
vn -0.0048 -0.9950 -0.0999
vn -0.0024 -0.9976 -0.0688
vn 0.0055 -0.9937 -0.1119
vn 0.0032 -0.9972 -0.0752
vn -0.0044 -0.9918 -0.1276
vn 0.0028 -0.9908 -0.1356
vn 0.0131 -0.9949 -0.1004
vn 0.0085 -0.9925 -0.1218
vn 0.0229 -0.9937 -0.1094
vn 0.0170 -0.9914 -0.1300
vn 0.0034 -0.9910 -0.1342
vn 0.0266 -0.9958 -0.0880
vn 0.0343 -0.9966 -0.0745
vn 0.0442 -0.9968 -0.0673
vn 0.0393 -0.9982 -0.0444
vn 0.0346 -0.9983 -0.0468
vn 0.0722 -0.9971 0.0256
vn 0.0383 -0.9655 -0.2575
vn 0.0055 -0.9623 -0.2718
vn 0.0937 -0.9951 0.0324
vn 0.0033 -0.9906 -0.1364
vn 0.0043 -0.9911 -0.1330
vn 0.0136 -0.9773 -0.2116
vn -0.0181 -0.9927 -0.1195
vn 0.0707 -0.9963 0.0498
vn 0.2101 -0.9758 0.0613
vn 0.2575 -0.9612 0.0992
vn 0.4234 -0.9015 0.0892
vn 0.4341 -0.8866 0.1596
vn 0.1142 -0.9929 0.0328
vn 0.0736 -0.9970 0.0237
vn 0.5668 -0.8142 0.1258
vn 0.6052 -0.7924 0.0769
vn 0.1756 0.4625 0.8691
vn 0.1754 0.4629 0.8689
vn 0.8517 -0.5102 0.1194
vn 0.8518 -0.5101 0.1193
vn 0.3461 -0.8916 0.2920
vn 0.3361 -0.8952 0.2926
vn 0.4489 -0.8041 0.3897
vn 0.2341 -0.9537 0.1890
vn 0.2856 -0.9298 0.2324
vn 0.3428 -0.8941 0.2881
vn 0.5159 -0.7299 0.4484
vn 0.5467 -0.7001 0.4593
vn 0.6458 -0.5379 0.5418
vn 0.6253 -0.5790 0.5232
vn 0.7173 -0.3266 0.6155
vn 0.7317 -0.3393 0.5911
vn 0.7251 -0.2803 0.6291
vn 0.7158 -0.3667 0.5942
vn 0.7180 -0.3408 0.6069
vn 0.6283 -0.5445 0.5558
vn 0.5047 -0.7340 0.4545
vn 0.6225 -0.5658 0.5407
vn 0.5885 -0.6125 0.5278
vn 0.6375 -0.5141 0.5738
vn 0.4810 -0.7648 0.4286
vn 0.4124 -0.8934 0.1783
vn 0.2928 -0.9255 0.2401
vn 0.2347 -0.9520 0.1966
vn 0.1175 -0.9901 0.0763
vn 0.2152 -0.9613 0.1718
vn 0.2899 -0.9171 0.2736
vn 0.2203 -0.9583 0.1821
vn 0.1074 -0.9870 0.1198
vn 0.0801 -0.9813 0.1753
vn 0.0961 -0.9934 0.0632
vn 0.7533 0.1174 0.6471
vn 0.7280 -0.0990 0.6784
vn 0.7418 -0.0716 0.6668
vn 0.7469 -0.1038 0.6568
vn 0.7578 0.0794 0.6476
vn 0.7172 0.3003 0.6288
vn 0.6643 0.4933 0.5616
vn 0.6762 0.4690 0.5681
vn 0.7316 -0.0684 0.6783
vn 0.7392 0.1011 0.6658
vn 0.7379 0.1228 0.6637
vn 0.7521 0.0401 0.6578
vn 0.7563 0.0538 0.6520
vn 0.7157 0.2061 0.6673
vn 0.7084 0.3199 0.6291
vn 0.7073 0.3345 0.6227
vn 0.5408 0.7082 0.4538
vn 0.6064 0.5970 0.5252
vn 0.5328 0.7182 0.4475
vn 0.6258 0.5523 0.5508
vn 0.5553 0.6912 0.4624
vn 0.4328 0.8331 0.3444
vn 0.4940 0.7708 0.4023
vn 0.4887 0.7811 0.3888
vn 0.5200 0.7315 0.4410
vn 0.5408 0.7154 0.4425
vn 0.4985 0.7524 0.4306
vn 0.3802 0.8740 0.3027
vn 0.4119 0.8530 0.3205
vn 0.3323 0.9142 0.2319
vn 0.4625 0.8122 0.3555
vn 0.4268 0.8260 0.3683
vn 0.1949 0.9744 0.1123
vn 0.1684 0.9835 0.0661
vn 0.0927 0.9954 0.0255
vn 0.1303 0.9908 0.0373
vn 0.0800 0.9957 0.0474
vn 0.0443 0.9988 0.0227
vn 0.0299 0.9995 0.0065
vn 0.0162 0.9999 -0.0027
vn 0.0045 0.9990 -0.0435
vn -0.0021 0.9996 -0.0292
vn 0.0020 0.9987 -0.0510
vn 0.0015 0.9956 -0.0939
vn 0.0229 0.9945 -0.1023
vn 0.0002 0.9820 -0.1889
vn 0.0207 0.9943 -0.1047
vn 0.1201 0.9872 -0.1054
vn 0.0020 0.9907 -0.1363
vn -0.0012 0.9933 -0.1159
vn -0.0355 0.9907 -0.1313
vn 0.1009 0.9890 -0.1078
vn 0.0045 0.9994 -0.0350
vn 0.0064 0.9989 -0.0454
vn -0.0034 0.9892 -0.1465
vn 0.0015 0.9958 -0.0912
vn 0.0036 0.9971 -0.0766
vn 0.0010 0.9950 -0.0998
vn 0.0060 0.9979 -0.0638
vn -0.0050 0.9938 -0.1108
vn 0.0032 0.9949 -0.1008
vn 0.0005 0.9841 -0.1776
vn -0.0056 0.9799 -0.1993
vn 0.0013 0.9353 -0.3539
vn -0.0008 0.9731 -0.2306
vn 0.0009 0.9804 -0.1968
vn 0.0097 0.9950 -0.0998
vn 0.0044 0.9988 -0.0494
vn 0.0057 0.9962 -0.0869
vn -0.0245 0.9971 -0.0716
vn -0.0952 0.9950 -0.0302
vn 0.0087 0.9946 -0.1038
vn 0.0030 0.9978 -0.0663
vn 0.0072 0.9978 -0.0662
vn 0.0065 0.9993 -0.0367
vn -0.0112 0.9921 -0.1248
vn -0.0574 0.9610 -0.2705
vn -0.0075 0.9993 -0.0379
vn 0.0177 0.9991 -0.0378
vn 0.0640 0.9961 -0.0611
vn 0.0144 0.9944 -0.1046
vn 0.1135 0.9917 -0.0607
vn 0.0118 0.9995 -0.0304
vn 0.0170 0.9994 -0.0316
vn 0.1301 0.9874 -0.0895
vn 0.0581 0.9930 -0.1032
vn 0.0892 0.9919 -0.0907
vn 0.0791 0.9952 -0.0576
vn 0.0268 0.9968 -0.0747
vn 0.0543 0.9978 -0.0372
vn -0.0029 0.9990 -0.0450
vn -0.1362 0.9839 -0.1157
vn -0.0735 0.9879 -0.1365
vn -0.0094 0.9983 -0.0578
vn -0.2450 0.9600 -0.1355
vn 0.0218 0.9901 -0.1390
vn 0.0411 0.9933 -0.1083
vn 0.0173 0.9898 -0.1417
vn 0.0782 0.9929 -0.0901
vn 0.1482 0.9872 -0.0591
vn 0.1007 0.9949 -0.0062
vn 0.0654 0.9941 -0.0868
vn 0.0563 0.9965 -0.0618
vn 0.0387 0.9953 -0.0888
vn 0.0244 0.9979 -0.0598
vn 0.0347 0.9974 -0.0628
vn 0.0391 0.9951 -0.0904
vn 0.0437 0.9952 -0.0880
vn 0.0292 0.9994 -0.0173
vn 0.0094 0.9994 -0.0340
vn 0.0228 0.9997 -0.0126
vn -0.0010 0.9994 -0.0359
vn 0.0130 0.9991 -0.0413
vn 0.0055 0.9934 -0.1142
vn -0.0035 0.9993 -0.0363
vn 0.0124 0.9889 -0.1479
vn -0.1266 0.9895 -0.0698
vn 0.0051 0.9819 -0.1891
vn 0.0746 0.9940 -0.0801
vn -0.0187 0.9982 -0.0568
vn -0.0015 0.9999 -0.0163
vn 0.0825 0.9966 -0.0000
vn 0.2163 0.9738 0.0710
vn 0.1865 0.9823 -0.0199
vn 0.2219 0.9748 -0.0205
vn 0.3392 0.9407 -0.0089
vn 0.1222 0.9896 0.0755
vn 0.1811 0.9807 0.0737
vn 0.4754 0.8797 -0.0119
vn 0.1139 0.9712 0.2093
vn 0.0400 0.9961 0.0783
vn 0.0120 0.9912 0.1322
vn 0.0132 0.9466 0.3223
vn 0.0183 0.9673 0.2530
vn 0.0324 0.8929 0.4491
vn -0.1258 0.9879 0.0908
vn 0.0336 0.8889 0.4568
vn -0.0672 0.9976 -0.0166
vn 0.0152 0.9643 0.2642
vn -0.1268 0.9918 -0.0164
vn -0.3271 0.9449 -0.0092
vn -0.2149 0.9764 -0.0201
vn -0.2238 0.9736 -0.0447
vn -0.3855 0.9226 -0.0154
vn -0.3893 0.9210 -0.0128
vn 0.0151 0.9954 -0.0941
vn 0.0551 0.9983 -0.0193
vn 0.0611 0.9981 0.0019
vn 0.1241 0.9914 0.0407
vn 0.1031 0.9946 0.0080
vn 0.1456 0.9880 0.0522
vn 0.1541 0.9869 -0.0474
vn 0.1823 0.9787 -0.0944
vn 0.2343 0.9610 0.1471
vn 0.2147 0.9684 0.1266
vn 0.1846 0.9781 0.0966
vn 0.1407 0.9537 0.2658
vn 0.3235 0.9164 0.2358
vn 0.2300 0.9616 0.1498
vn 0.1564 0.9846 0.0778
vn 0.1278 0.9913 0.0318
vn 0.4031 0.8648 0.2993
vn 0.2649 0.9430 0.2014
vn 0.3136 0.9262 0.2095
vn 0.4858 0.7914 0.3711
vn 0.5979 0.6359 0.4880
vn 0.5489 0.7140 0.4347
vn 0.4004 0.8714 0.2834
vn 0.2206 0.9681 0.1191
vn 0.1517 0.9643 0.2170
vn 0.1264 0.9918 0.0200
vn 0.1423 0.9854 0.0931
vn 0.1032 0.9946 0.0136
vn 0.0911 0.9956 -0.0217
vn 0.1275 0.9914 -0.0310
vn 0.1070 0.9936 -0.0365
vn 0.0553 0.9982 0.0239
vn 0.0211 0.9994 -0.0279
vn 0.0705 0.9971 -0.0304
vn 0.0238 0.9997 -0.0113
vn -0.0382 0.9993 0.0032
vn 0.0356 0.9993 -0.0067
vn 0.0402 0.9992 -0.0039
vn 0.1177 0.9915 0.0547
vn 0.0718 0.9970 0.0295
vn 0.1142 0.9929 0.0332
vn 0.1048 0.9945 0.0079
vn 0.0870 0.9959 -0.0261
vn 0.0127 0.9995 0.0274
vn 0.0313 0.9988 -0.0383
vn 0.1459 0.9857 -0.0843
vn 0.0956 0.9630 -0.2520
vn 0.2870 0.9566 0.0495
vn 0.2628 0.9644 0.0296
vn 0.2944 0.9521 0.0822
vn 0.4192 0.8997 0.1214
vn 0.1937 0.9523 0.2359
vn 0.1157 0.9308 0.3468
vn 0.0838 0.9294 0.3595
vn 0.1961 0.9220 0.3339
vn 0.6726 0.4901 0.5545
vn 0.6588 0.5381 0.5259
vn 0.6720 0.5199 0.5274
vn 0.2644 0.9484 0.1749
vn 0.2706 0.9459 0.1788
vn 0.0521 0.9986 0.0048
vn 0.0695 0.9976 -0.0030
vn 0.0573 0.9965 -0.0603
vn -0.2369 0.9673 -0.0911
vn -0.1990 0.9793 -0.0367
vn -0.2056 0.9780 -0.0340
vn -0.1845 0.9822 -0.0345
vn -0.1239 0.9914 -0.0430
vn -0.0348 0.9973 -0.0648
vn -0.1727 0.9848 -0.0166
vn 0.7657 0.1146 0.6329
vn 0.7605 0.1353 0.6351
vn 0.7661 0.1083 0.6335
vn 0.7744 0.0941 0.6256
vn -0.7444 0.6648 0.0624
vn -0.3669 0.8688 0.3326
vn -0.3670 0.8688 0.3325
vn 0.1423 0.9538 0.2648
vn 0.5867 0.7146 0.3808
vn 0.9374 0.2404 0.2520
vn 0.7485 0.3478 0.5646
vn 0.9287 0.2289 0.2916
vn 0.0285 0.9995 -0.0111
vn 0.0235 0.9997 0.0020
vn 0.0487 0.9983 -0.0315
vn 0.0058 0.9930 0.1181
vn 0.1347 0.9855 0.1031
vn 0.3322 0.9143 0.2318
vn 0.1690 0.9722 0.1620
vn 0.2277 0.9720 0.0582
vn 0.1762 0.9834 0.0430
vn 0.2626 0.9634 0.0544
vn 0.0515 0.9687 0.2430
vn 0.0386 0.9993 0.0004
vn 0.1336 0.9800 0.1475
vn 0.2131 0.8850 0.4140
vn 0.2368 0.8290 0.5067
vn 0.1313 0.9226 0.3626
vn -0.0171 0.9035 0.4283
vn 0.4268 0.8259 0.3684
vn 0.4274 0.8253 0.3691
vn 0.9559 -0.2370 -0.1734
vn 0.9517 -0.2424 -0.1885
vn 0.9637 -0.2237 -0.1454
vn 0.9470 -0.2534 -0.1973
vn 0.9691 -0.2158 -0.1198
vn 0.9778 -0.1795 -0.1082
vn 0.9748 -0.2151 0.0599
vn 0.9698 -0.2345 0.0666
vn 0.9664 -0.2471 0.0704
vn 0.9534 -0.2893 0.0854
vn 0.5230 -0.7088 0.4733
vn 0.5159 -0.7308 0.4469
vn 0.7711 -0.4250 0.4741
vn 0.5632 -0.6665 0.4885
vn 0.0518 -0.8418 -0.5373
vn 0.0187 -0.9998 0.0049
vn -0.0725 -0.9973 -0.0126
vn 0.1830 -0.9311 0.3155
vn 0.2136 -0.9085 0.3591
vn 0.1912 -0.9238 0.3316
vn 0.2207 -0.8967 0.3836
vn 0.2225 -0.8517 0.4744
vn 0.5410 0.2459 0.8043
vn 0.6467 0.2426 0.7231
vn 0.5271 0.2457 0.8135
vn 0.6780 0.2232 0.7003
vn 0.5307 0.2055 0.8223
vn 0.5439 0.2072 0.8132
vn -0.2420 0.3246 0.9144
vn -0.1712 0.2875 0.9424
vn -0.2288 0.3199 0.9194
vn -0.1787 0.2657 0.9473
vn -0.1892 0.2553 0.9482
vn -0.8203 0.2602 0.5094
vn -0.8426 0.2262 0.4888
vn -0.7961 0.2594 0.5468
vn -0.7479 0.1738 0.6406
vn -0.7919 0.2574 0.5538
vn -0.7294 0.1664 0.6636
vn 0.0477 0.3818 0.9230
vn 0.0478 0.3818 0.9230
vn 0.9967 0.0096 -0.0806
vn 0.9980 0.0110 -0.0616
vn 0.9954 0.0011 -0.0961
vn 0.9996 0.0268 0.0040
vn 0.9959 0.0011 -0.0908
vn 0.9959 -0.0445 -0.0793
vn -0.8213 0.5493 0.1543
vn -0.8141 0.5644 0.1368
vn -0.8139 0.5680 0.1220
vn -0.7746 0.6263 0.0883
vn -0.7688 0.6338 0.0850
vn -0.7830 0.2842 -0.5533
vn 0.8352 -0.5273 -0.1558
vn 0.8352 -0.5274 -0.1558
vn 0.4283 -0.8917 -0.1463
vn 0.4257 -0.8934 -0.1435
vn 0.4270 -0.8926 -0.1445
vn 0.4242 -0.8944 -0.1419
vn 0.8218 -0.1793 0.5409
vn 0.7922 -0.1817 0.5826
vn 0.8183 -0.1795 0.5460
vn 0.7891 -0.1817 0.5868
vn 0.6797 -0.7078 0.1923
vn 0.0674 -0.9961 -0.0574
vn 0.0639 -0.9965 -0.0545
vn 0.0877 -0.9948 -0.0526
vn 0.0682 -0.9960 -0.0578
vn 0.1316 -0.9886 -0.0728
vn 0.0566 -0.9948 -0.0841
vn 0.0393 -0.9955 -0.0859
vn -0.9925 -0.0938 0.0788
vn -0.9893 -0.0990 0.1071
vn -0.9874 -0.1362 0.0800
vn -0.9897 -0.1020 0.1002
vn -0.9950 -0.0670 0.0739
vn -0.9941 -0.0979 0.0463
vn -0.9890 -0.1449 -0.0300
vn -0.9735 -0.1973 0.1156
vn -0.9790 -0.1844 0.0872
vn -0.9827 -0.1841 0.0188
vn -0.9940 -0.1087 -0.0077
vn -0.9887 -0.1170 -0.0940
vn -0.9968 -0.0549 0.0581
vn 0.0585 -0.7761 0.6279
vn -0.1177 -0.2875 0.9505
vn -0.1223 -0.2891 0.9494
vn -0.1620 -0.3439 0.9249
vn -0.1390 -0.3556 0.9243
vn -0.3030 -0.3509 0.8860
vn -0.3408 -0.3428 0.8754
vn -0.2494 -0.3283 0.9111
vn -0.2301 -0.3218 0.9184
vn -0.8939 -0.1967 0.4027
vn -0.8976 -0.1999 0.3930
vn -0.9086 -0.2104 0.3607
vn -0.9118 -0.2134 0.3509
vn 0.2574 -0.9559 0.1418
vn 0.4794 -0.6966 0.5337
vn 0.4794 -0.6967 0.5336
vn 0.4794 -0.6967 0.5337
vn 0.0439 -0.6278 -0.7771
vn 0.0439 -0.6278 -0.7772
vn -0.0240 -0.8260 0.5632
vn 0.0243 -0.9165 0.3994
vn -0.0287 -0.8155 0.5781
vn 0.0268 -0.9202 0.3906
vn 0.0756 -0.4591 0.8852
vn 0.0756 -0.4592 0.8851
vn -0.0253 -0.4449 -0.8952
vn -0.6330 -0.7742 -0.0028
vn 0.0234 -0.5496 0.8351
vn 0.0234 -0.5495 0.8351
vn 0.0234 -0.5497 0.8350
vn 0.2900 -0.9171 0.2736
vn 0.4320 -0.8245 0.3655
vn 0.4200 -0.8065 0.4161
vn 0.3429 -0.8941 0.2882
vn 0.0800 -0.9813 0.1753
vn 0.2199 -0.9216 0.3198
vn 0.2511 -0.8594 0.4455
vn 0.5852 -0.6396 0.4984
vn 0.5080 -0.6555 0.5587
vn 0.3320 -0.7720 0.5421
vn 0.6976 -0.3615 0.6186
vn 0.6308 -0.2001 0.7497
vn 0.2806 -0.7954 0.5373
vn 0.1515 -0.8949 0.4198
vn 0.0910 -0.9509 0.2958
vn -0.0274 -0.9886 0.1478
vn -0.0084 -0.9982 0.0586
vn -0.9781 0.1893 0.0864
vn -0.9657 0.2277 0.1249
vn -0.9609 0.2169 0.1723
vn -0.9736 -0.2150 0.0767
vn -0.9736 -0.2149 0.0767
vn -0.9681 0.2405 0.0696
vn -0.9850 0.1676 0.0408
vn -0.9898 0.1201 0.0765
vn -0.9917 0.1022 0.0779
vn -0.9953 0.0798 0.0550
vn -0.9960 0.0498 0.0738
vn -0.9833 0.1740 -0.0525
vn -0.9691 0.2107 -0.1283
vn -0.9651 0.1499 -0.2148
vn -0.9679 0.2501 -0.0258
vn -0.3298 0.0427 -0.9431
vn -0.2042 0.0041 -0.9789
vn -0.3423 0.0466 -0.9384
vn -0.1820 -0.0023 -0.9833
vn 0.9952 -0.0012 -0.0980
vn 0.9954 0.0010 -0.0961
vn 0.9949 -0.0009 -0.1010
vn 0.9764 0.1947 -0.0939
vn 0.9948 0.0003 -0.1020
vn 0.0713 0.9974 0.0121
vn 0.0456 0.9989 0.0122
vn -0.0882 0.9910 0.1009
vn -0.0784 0.9920 0.0994
vn 0.0550 0.9961 0.0685
vn 0.0362 0.9980 0.0521
vn 0.0278 0.9986 0.0458
vn -0.4681 0.8825 0.0458
vn 0.0720 0.9974 -0.0079
vn 0.9746 -0.1902 -0.1181
vn 0.9778 -0.1794 -0.1082
vn 0.9742 -0.1903 -0.1213
vn 0.9744 -0.1891 -0.1217
vn 0.0930 -0.9920 -0.0856
vn 0.1000 -0.9913 -0.0857
vn 0.2995 -0.9495 -0.0931
vn 0.3250 -0.9419 -0.0852
vn 0.3858 -0.9156 -0.1139
vn 0.3926 -0.9125 -0.1151
vn 0.3925 -0.9125 -0.1151
vn 0.9904 -0.0938 -0.1020
vn 0.9953 -0.0144 -0.0957
vn 0.9956 -0.0048 -0.0932
vn 0.9973 0.0052 -0.0738
vn 0.9963 0.0041 -0.0859
vn 0.9956 -0.0047 -0.0932
vn 0.9952 -0.0003 -0.0982
vn 0.9952 -0.0020 -0.0980
vn 0.9954 -0.0047 -0.0953
vn 0.9952 -0.0038 -0.0974
vn 0.9953 0.0068 -0.0970
vn -0.9812 -0.1537 0.1168
vn -0.9735 -0.1974 0.1156
vn -0.6248 -0.7776 -0.0700
vn 0.0174 -0.9901 -0.1393
vn 0.0606 -0.9952 -0.0771
vn 0.0381 -0.9882 -0.1485
vn -0.1999 -0.9690 -0.1449
vn 0.0192 -0.9890 -0.1465
vn 0.0724 -0.9970 0.0272
vn 0.0223 -0.9845 -0.1742
vn 0.0360 -0.9867 -0.1585
vn 0.0536 -0.9876 -0.1478
vn 0.0556 -0.9819 -0.1812
vn 0.0314 -0.9846 -0.1718
vn 0.0096 -0.9668 -0.2552
vn 0.0620 -0.9670 -0.2471
vn 0.0123 -0.9557 -0.2940
vn -0.1270 -0.9869 -0.0996
vn -0.1006 -0.9640 0.2460
vn -0.1008 -0.9639 0.2464
vn -0.2631 -0.0634 0.9627
vn -0.2632 -0.0629 0.9627
vn -0.9148 -0.4031 0.0254
vn -0.9162 -0.3990 0.0362
vn -0.9087 -0.4162 0.0316
vn -0.9403 -0.3350 0.0605
vn -0.9163 -0.3996 0.0250
vn -0.9431 -0.3264 0.0638
vn 0.9926 -0.0946 0.0755
vn 0.9964 -0.0727 0.0432
vn 0.9985 -0.0511 0.0214
vn 0.9810 -0.1149 0.1561
vn 0.9995 -0.0296 0.0112
vn 0.9990 -0.0433 -0.0112
vn 0.9974 -0.0715 0.0036
vn 0.9942 -0.0834 0.0676
vn 0.0068 -0.9438 0.3304
vn -0.0556 -0.9434 0.3270
vn 0.0108 -0.9437 0.3307
vn -0.0591 -0.9439 0.3248
vn -0.0573 -0.9423 0.3299
vn -0.9920 -0.1092 0.0632
vn -0.9981 -0.0597 0.0169
vn -0.9840 -0.1400 0.1102
vn -0.9999 -0.0118 0.0073
vn -0.9999 0.0010 0.0113
vn -0.9978 -0.0634 0.0182
vn -0.9985 -0.0535 0.0128
vn -0.9946 -0.1012 0.0244
vn -0.9864 -0.1520 0.0622
vn 0.0325 -0.9906 -0.1325
vn 0.0349 -0.9913 -0.1267
vn 0.0236 -0.9907 -0.1340
vn 0.0436 -0.9897 -0.1362
vn 0.0309 -0.9911 -0.1293
vn 0.0250 -0.9915 -0.1273
vn 0.0195 -0.9916 -0.1280
vn 0.0130 -0.9920 -0.1256
vn 0.3536 -0.9110 -0.2122
vn 0.2192 -0.5888 0.7780
vn -0.4901 -0.8717 0.0027
vn -0.1033 0.7802 0.6170
vn 0.1088 -0.9219 0.3718
vn 0.0446 -0.9715 0.2329
vn 0.1779 -0.9737 0.1420
vn 0.0326 -0.9780 0.2060
vn -0.0752 -0.9908 0.1123
vn 0.0084 -0.9457 0.3249
vn -0.0338 -0.9993 -0.0165
vn -0.1776 -0.9820 -0.0638
vn -0.2302 -0.9724 -0.0377
vn 0.0829 -0.9965 -0.0111
vn 0.1716 -0.9844 -0.0382
vn 0.3574 -0.9340 0.0021
vn -0.5339 -0.8454 -0.0119
vn -0.5421 -0.8403 -0.0112
vn -0.5041 -0.8635 -0.0135
vn -0.5031 -0.8641 -0.0135
vn -0.4184 -0.9083 -0.0001
vn -0.4149 -0.9099 -0.0000
vn -0.7389 0.6723 -0.0459
vn 0.0610 0.7501 -0.6585
vn 0.0610 0.7502 -0.6584
vn 0.9701 0.2423 -0.0120
vn 0.9702 0.2422 -0.0120
vn 0.0454 0.9455 0.3224
vn 0.0348 0.9395 0.3409
vn 0.0329 0.9383 0.3443
vn 0.0474 0.9466 0.3189
vn 0.0593 0.6127 0.7881
vn 0.0592 0.6127 0.7881
vn 0.2700 0.9564 0.1117
vn 0.2766 0.9558 0.1000
vn 0.1659 0.9835 0.0727
vn 0.3564 0.9260 0.1242
vn 0.4661 0.8737 0.1395
vn 0.3290 0.9416 0.0715
vn 0.1370 0.9903 0.0240
vn 0.1046 0.9928 -0.0584
vn 0.1733 0.9819 -0.0768
vn 0.3762 0.9244 0.0630
vn 0.0534 0.9791 -0.1963
vn 0.0606 0.9691 -0.2391
vn 0.0289 0.9811 -0.1915
vn 0.0351 0.9827 -0.1816
vn 0.0425 0.9936 -0.1051
vn 0.0795 0.9967 0.0157
vn 0.0888 0.9950 0.0460
vn 0.4913 0.7936 0.3590
vn 0.4910 0.7937 0.3591
vn -0.0351 0.9732 0.2272
vn 0.0449 0.8176 -0.5741
vn 0.0404 0.7522 -0.6577
vn 0.0362 0.6968 -0.7163
vn 0.0361 0.6922 -0.7208
vn 0.7990 -0.1658 0.5781
vn 0.7990 -0.1658 0.5780
vn 0.8231 0.5599 0.0954
vn 0.8285 0.5520 0.0942
vn 0.8836 0.4630 0.0699
vn 0.8887 0.4535 0.0681
vn 0.2134 0.9766 0.0268
vn 0.1131 0.9929 0.0357
vn 0.0910 0.9901 0.1066
vn 0.1552 0.9875 -0.0275
vn 0.0720 0.9974 -0.0097
vn 0.1561 0.9854 -0.0683
vn 0.2351 0.9708 -0.0472
vn 0.0375 0.9931 -0.1107
vn 0.0093 0.9793 -0.2024
vn -0.0300 0.9805 -0.1940
vn -0.0982 0.9890 -0.1109
vn -0.1525 0.9882 -0.0160
vn -0.0737 0.9967 -0.0336
vn -0.0652 0.9974 0.0292
vn -0.1495 0.9888 0.0031
vn 0.0289 0.9900 0.1378
vn -0.0299 0.9951 0.0944
vn -0.1314 0.9911 0.0217
vn -0.1408 0.9899 0.0144
vn -0.0755 0.9943 0.0748
vn -0.0050 0.9870 0.1606
vn 0.6371 0.7707 0.0147
vn 0.6436 0.7652 0.0139
vn 0.7960 0.6053 -0.0056
vn 0.7996 0.6005 -0.0062
vn 0.7994 0.6007 -0.0069
vn 0.0786 0.9959 0.0444
vn 0.0609 0.9954 -0.0738
vn -0.1405 0.9767 -0.1620
vn 0.0532 0.9933 -0.1025
vn 0.0102 0.9999 -0.0045
vn -0.0817 0.9922 -0.0942
vn -0.2644 0.9437 -0.1986
vn -0.2667 0.9164 -0.2984
vn 0.0007 0.9954 -0.0954
vn 0.0056 0.9867 -0.1624
vn 0.0031 0.9619 -0.2733
vn 0.0085 0.9778 -0.2092
vn 0.0031 0.9619 -0.2735
vn -0.0163 0.8881 -0.4594
vn -0.0113 0.8917 -0.4525
vn -0.7334 0.0508 -0.6779
vn -0.7096 0.0238 -0.7042
vn -0.7410 0.0590 -0.6690
vn -0.7007 0.0147 -0.7133
vn 0.5801 -0.0298 -0.8140
vn 0.6449 -0.0167 -0.7641
vn 0.6506 -0.0155 -0.7592
vn 0.5750 -0.0306 -0.8176
vn 0.3956 0.9159 -0.0681
vn -0.4389 -0.0159 -0.8984
vn -0.7530 -0.0821 -0.6529
vn -0.7532 -0.0818 -0.6527
vn -0.7534 -0.0814 -0.6525
vn -0.7536 -0.0811 -0.6523
vn -0.7141 -0.6976 -0.0589
vn 0.6521 0.2021 0.7307
vn 0.3755 -0.1972 -0.9056
vn 0.3597 -0.1911 -0.9133
vn 0.3663 -0.1940 -0.9101
vn -0.2873 -0.2507 0.9245
vn -0.0054 -1.0000 -0.0025
vn 0.1648 -0.9859 0.0288
vn -0.0250 -0.9997 -0.0055
vn 0.1820 -0.9828 0.0319
vn -0.2067 -0.0231 0.9781
vn -0.1692 -0.0247 0.9853
vn -0.1718 -0.0487 0.9839
vn -0.1652 -0.0012 0.9863
vn -0.1651 -0.0012 0.9863
vn -0.1305 -0.0137 0.9914
vn -0.1571 -0.0304 0.9871
vn 0.0170 -0.9688 0.2474
vn 0.0169 -0.9687 0.2475
vn -0.5671 -0.8230 -0.0313
vn -0.5645 -0.8247 -0.0341
vn -0.5666 -0.8234 -0.0320
vn -0.5637 -0.8253 -0.0341
vn 0.9599 -0.2801 0.0092
vn 0.9566 -0.2915 0.0070
vn 0.9337 -0.3578 -0.0132
vn 0.9296 -0.3685 0.0025
vn 0.9528 -0.2993 -0.0503
vn 0.9549 -0.2969 -0.0028
vn 0.9903 -0.1338 -0.0373
vn 0.9899 -0.1350 0.0436
vn 0.9952 0.0823 0.0525
vn 0.9587 0.2815 0.0408
vn 0.9232 -0.3841 0.0142
vn 0.6977 -0.3614 0.6186
vn 0.7523 -0.1875 0.6315
vn 0.6738 -0.1980 0.7118
vn 0.7159 -0.3666 0.5942
vn 0.6308 -0.2000 0.7497
vn 0.6097 -0.0244 0.7922
vn 0.5997 0.0818 0.7960
vn 0.7317 -0.3392 0.5912
vn 0.7662 0.1083 0.6335
vn 0.7700 0.1608 0.6175
vn 0.7647 0.1433 0.6282
vn 0.7638 0.1387 0.6304
vn 0.6732 0.4923 0.5517
vn 0.6762 0.5042 0.5372
vn 0.6763 0.4132 0.6099
vn 0.6719 0.5200 0.5274
vn 0.6635 0.4122 0.6244
vn 0.6559 0.4185 0.6282
vn 0.6588 0.5380 0.5259
vn 0.4724 0.8009 0.3680
vn 0.3902 0.8397 0.3775
vn 0.5488 0.7141 0.4346
vn 0.2885 0.9282 0.2350
vn 0.2522 0.8657 0.4325
vn 0.2514 0.7683 0.5886
vn 0.1961 0.7753 0.6003
vn 0.1460 0.9548 0.2588
vn 0.0478 0.9421 0.3319
vn 0.0564 0.9233 0.3798
vn 0.0744 0.9848 0.1567
vn 0.2207 0.9680 0.1192
vn 0.1574 0.7367 0.6576
vn 0.2528 0.8740 0.4150
vn -0.4019 0.2203 0.8888
vn -0.6895 0.2815 -0.6674
vn -0.3073 -0.3861 -0.8698
vn 0.8181 0.5702 0.0744
vn 0.8181 0.5702 0.0745
vn -0.2214 0.9749 0.0244
vn 0.1929 -0.9811 -0.0151
vn 0.1928 -0.9811 -0.0151
vn -0.4508 -0.3170 0.8344
vn -0.4509 -0.3170 0.8344
vn -0.4087 -0.1303 -0.9033
vn 0.3887 0.9033 -0.1814
vn 0.3885 0.9035 -0.1812
vn -0.6630 0.7471 -0.0482
vn -0.6617 0.7482 -0.0490
vn -0.6532 0.7552 -0.0547
vn -0.6516 0.7566 -0.0546
vn -0.8686 0.4916 -0.0621
vn -0.8685 0.4919 -0.0619
vn -0.8684 0.4920 -0.0618
vn 0.0142 0.5097 -0.8602
vn 0.0141 0.5096 -0.8603
vn 0.0087 0.5796 0.8149
vn 0.0224 0.3007 -0.9535
vn 0.0225 0.3037 -0.9525
vn 0.0298 0.4189 -0.9076
vn 0.0323 0.4549 -0.8900
vn 0.0227 0.9377 -0.3466
vn 0.0111 0.9295 -0.3688
vn 0.0267 0.9405 -0.3388
vn 0.0057 0.9253 -0.3791
vn -0.5143 0.1149 -0.8498
vn -0.5143 0.1149 -0.8499
vn 0.3038 0.8597 -0.4107
vn 0.3639 -0.0117 -0.9314
vn 0.5019 -0.2631 -0.8239
vn 0.1816 -0.7406 -0.6469
vn 0.8033 0.0268 -0.5950
vn 0.1764 -0.0085 -0.9843
vn -0.4878 -0.0143 -0.8728
vn -0.9252 -0.2568 -0.2793
vn -0.9253 -0.2564 -0.2796
vn -0.7013 -0.6765 -0.2247
vn -0.9688 -0.2157 -0.1219
vn -0.9688 -0.2156 -0.1219
vn 0.0061 -0.9736 -0.2281
vn 0.0029 -0.9908 -0.1357
vn -0.0039 -0.9736 -0.2280
vn 0.0012 -0.9459 -0.3246
vn -0.0005 -0.9570 -0.2900
vn 0.0044 -0.9614 -0.2753
vn 0.0059 -0.9703 -0.2416
vn 0.0068 -0.9417 -0.3364
vn 0.0037 -0.9606 -0.2779
vn 0.0036 -0.9268 -0.3754
vn 0.0049 -0.9538 -0.3003
vn -0.0032 -0.9335 -0.3585
vn -0.0006 -0.9632 -0.2686
vn 0.0028 -0.9418 -0.3362
vn -0.0137 -0.9559 -0.2934
vn 0.0034 -0.9906 -0.1366
vn 0.0061 -0.9893 0.1454
vn 0.0061 -0.9893 0.1455
vn 0.3044 -0.8240 -0.4779
vn 0.3043 -0.8240 -0.4778
vn -0.3366 -0.8163 -0.4694
vn -0.3368 -0.8163 -0.4693
vn 0.5631 -0.1369 0.8150
vn 0.3824 -0.1132 0.9170
vn 0.5343 -0.1336 0.8347
vn 0.5342 -0.1336 0.8348
vn 0.3823 -0.1132 0.9171
vn 0.3502 -0.1086 0.9304
vn -0.0363 -0.9929 -0.1133
vn 0.0451 -0.9901 -0.1330
vn 0.0307 -0.9892 -0.1436
vn 0.0258 -0.9925 -0.1197
vn -0.0362 -0.9896 -0.1392
vn 0.1118 -0.9682 -0.2239
vn 0.0159 -0.9842 -0.1765
vn 0.0290 -0.9783 -0.2050
vn 0.0037 -0.9606 -0.2778
vn 0.0228 -0.9867 -0.1611
vn 0.0812 -0.9738 -0.2125
vn 0.1315 -0.9645 -0.2292
vn 0.0296 -0.9797 -0.1981
vn 0.0258 -0.9925 -0.1198
vn 0.0043 -0.9911 -0.1331
vn -0.0118 -0.9880 -0.1540
vn 0.0059 -0.9704 -0.2416
vn -0.0193 -0.9530 -0.3024
vn 0.3756 -0.1972 -0.9056
vn 0.3817 -0.1999 -0.9024
vn 0.9974 -0.0714 0.0035
vn 0.9924 0.0061 -0.1231
vn 0.2263 0.1025 -0.9686
vn -0.2921 -0.9003 -0.3227
vn -0.0190 -0.9445 0.3279
vn -0.0730 0.0417 -0.9965
vn -0.0746 0.0389 -0.9965
vn -0.0686 0.0474 -0.9965
vn -0.0791 0.0326 -0.9963
vn 0.0083 -0.9898 0.1425
vn 0.0786 -0.9910 -0.1088
vn 0.0214 -0.9905 -0.1355
vn 0.0813 -0.9902 -0.1139
vn 0.2125 -0.9757 -0.0529
vn 0.3840 0.0884 0.9191
vn 0.3838 0.0886 0.9192
vn 0.1670 -0.0102 -0.9859
vn -0.1031 -0.2936 0.9503
vn 0.9024 -0.0611 0.4265
vn 0.8818 -0.0529 0.4686
vn 0.8624 -0.0456 0.5042
vn 0.9193 -0.0685 0.3876
vn 0.8375 -0.5464 -0.0064
vn -0.8148 -0.5790 0.0307
vn -0.8964 -0.3892 -0.2123
vn -0.8963 -0.3893 -0.2122
vn -0.1219 -0.9711 -0.2050
vn -0.1007 -0.1255 0.9870
vn -0.1192 -0.0854 0.9892
vn -0.0850 -0.1579 0.9838
vn -0.1315 -0.0587 0.9896
vn -0.7782 -0.0396 0.6268
vn -0.7305 -0.0925 0.6766
vn -0.7587 -0.0621 0.6484
vn -0.7127 -0.1111 0.6926
vn 0.6391 -0.7654 -0.0758
vn 0.6582 -0.7460 -0.1011
vn 0.5609 -0.8264 -0.0499
vn 0.6421 -0.7610 -0.0922
vn 0.5429 -0.8388 -0.0401
vn -0.0104 -0.7603 -0.6494
vn -0.9717 -0.2278 -0.0621
vn 0.0835 -0.8367 0.5412
vn 0.0835 -0.8368 0.5412
vn 0.4357 -0.8089 0.3948
vn 0.1227 -0.9883 -0.0911
vn 0.1238 -0.9882 -0.0900
vn 0.1610 -0.9856 -0.0508
vn 0.1003 -0.9884 -0.1144
vn -0.3084 0.7849 0.5374
vn -0.1443 0.8515 0.5041
vn 0.3558 0.8135 0.4601
vn 0.3924 0.7857 0.4782
vn 0.4522 -0.1761 0.8743
vn 0.4484 -0.1727 0.8770
vn 0.4517 -0.1763 0.8746
vn 0.4478 -0.1720 0.8774
vn 0.8969 -0.4422 0.0017
vn 0.9050 -0.4239 -0.0352
vn 0.9513 -0.3068 -0.0306
vn 0.9596 -0.2754 -0.0581
vn 0.9898 -0.1311 0.0563
vn 0.9896 -0.1116 0.0912
vn 0.8630 -0.3877 -0.3239
vn 0.8376 -0.3751 -0.3971
vn 0.8634 -0.3875 -0.3229
vn 0.8365 -0.3746 -0.3999
vn 0.7699 -0.2720 0.5773
vn 0.7852 -0.2728 0.5559
vn 0.7675 -0.2714 0.5807
vn 0.7867 -0.2727 0.5538
vn -0.9979 -0.0581 -0.0270
vn -0.9982 -0.0499 -0.0339
vn -0.9977 -0.0624 -0.0260
vn -0.9977 0.0498 -0.0460
vn -0.9976 -0.0507 -0.0466
vn -0.9990 -0.0068 -0.0436
vn -0.9986 -0.0145 -0.0501
vn -0.9992 -0.0347 -0.0212
vn -0.9991 0.0294 -0.0316
vn -0.9991 -0.0378 -0.0207
vn -0.7636 0.6457 -0.0055
vn 0.8211 -0.5708 -0.0041
vn -0.8289 0.5577 -0.0440
vn -0.8244 0.5651 -0.0334
vn -0.8267 0.5613 -0.0390
vn -0.8224 0.5682 -0.0278
vn 0.0383 0.4903 -0.8707
vn 0.0263 0.4800 -0.8769
vn 0.0433 0.4945 -0.8681
vn 0.0215 0.4757 -0.8793
vn 0.0807 0.7509 -0.6554
vn 0.0807 0.7510 -0.6553
vn 0.8065 0.5847 0.0881
vn 0.8067 0.5843 0.0884
vn -0.7936 0.6030 0.0813
vn -0.7870 0.6123 0.0758
vn -0.7486 0.6616 0.0435
vn -0.8650 0.5017 0.0092
vn -0.8637 0.5037 0.0204
vn -0.8710 0.4912 -0.0033
vn -0.0048 0.6013 -0.7990
vn -0.4441 0.8438 0.3012
vn -0.4443 0.8438 0.3011
vn -0.4440 0.8439 0.3012
vn -0.8602 0.5097 -0.0156
vn -0.8672 0.4979 -0.0122
vn -0.9449 0.3265 0.0235
vn -0.9502 0.3105 0.0267
vn -0.3632 -0.4015 -0.8408
vn -0.3631 -0.4016 -0.8408
vn 0.7920 0.6095 -0.0348
vn 0.8857 0.4642 0.0078
vn 0.7973 0.6026 -0.0332
vn 0.8608 0.5089 -0.0102
vn 0.8932 0.4495 0.0122
vn -0.0337 0.6000 -0.7993
vn -0.0223 0.6363 -0.7711
vn 0.0055 0.7207 -0.6933
vn 0.0073 0.7259 -0.6878
vn 0.0076 0.7262 -0.6875
vn 0.0087 -0.0835 -0.9965
vn -0.0706 -0.4967 -0.8651
vn -0.0688 -0.4942 -0.8666
vn -0.0638 -0.4871 -0.8710
vn -0.0618 -0.4843 -0.8727
vn -0.3839 -0.3616 -0.8496
vn -0.0330 -0.5508 -0.8340
vn -0.0207 -0.5344 -0.8450
vn 0.0033 -0.4964 -0.8681
vn 0.0028 -0.4457 -0.8952
vn 0.0158 -0.3294 -0.9441
vn 0.0061 -0.3129 -0.9498
vn 0.0013 -0.3077 -0.9515
vn 0.0013 -0.7332 -0.6800
vn -0.0179 -0.5643 -0.8253
vn 0.0009 -0.5604 -0.8282
vn 0.0028 -0.7411 -0.6714
vn -0.0096 -0.5702 -0.8214
vn -0.0013 -0.6962 -0.7179
vn -0.0009 -0.7024 -0.7118
vn -0.0019 -0.6811 -0.7322
vn 0.0005 -0.6714 -0.7411
vn -0.0020 -0.6371 -0.7708
vn -0.0007 -0.6263 -0.7796
vn -0.0195 -0.4940 -0.8692
vn -0.0216 -0.4810 -0.8765
vn 0.9867 0.0567 -0.1521
vn 0.9867 0.0567 -0.1522
vn 0.9867 0.0567 -0.1523
vn 0.8385 -0.0371 -0.5437
vn 0.1103 0.1077 -0.9880
vn -0.8548 -0.0040 -0.5190
vn -0.8883 0.0126 -0.4591
vn -0.9249 0.0341 -0.3786
vn -0.9413 0.0455 -0.3345
vn -0.6243 -0.1110 0.7733
vn -0.6473 -0.1155 0.7534
vn -0.7734 -0.1390 0.6185
vn -0.6474 -0.1155 0.7534
vn -0.7965 -0.1442 0.5872
vn -0.7735 -0.1390 0.6184
vn -0.5238 0.2001 -0.8280
vn -0.5242 0.2003 -0.8277
vn -0.9837 -0.0039 -0.1796
vn -0.9838 -0.0039 -0.1793
vn 0.4212 -0.1088 -0.9004
vn 0.4215 -0.1091 -0.9002
vn 0.6856 -0.0112 -0.7279
vn 0.6859 -0.0114 -0.7276
vn -0.3639 0.0471 -0.9302
vn -0.6741 -0.0172 -0.7385
vn -0.1418 -0.0771 -0.9869
vn -0.0159 0.1539 -0.9880
vn 0.0371 -0.9631 -0.2666
vn 0.0279 -0.9780 -0.2069
vn 0.0320 -0.9840 -0.1751
vn -0.3162 -0.9482 -0.0313
vn 0.8233 -0.4846 -0.2954
vn 0.8232 -0.4850 -0.2952
vn 0.9863 -0.1633 0.0248
vn 0.9709 0.2354 0.0437
vn 0.0688 -0.5510 0.8317
vn 0.0689 -0.5510 0.8316
vn 0.7596 -0.5483 0.3498
vn 0.7565 0.6538 0.0170
vn 0.7564 0.6540 0.0166
vn 0.7564 0.6539 0.0167
vn 0.6674 0.7430 0.0507
vn -0.1935 -0.8971 -0.3973
vn 0.1109 -0.9541 0.2783
vn -0.1178 -0.9886 0.0939
vn -0.0345 -0.6206 0.7833
vn -0.0220 -0.8124 -0.5826
vn -0.4063 -0.7636 -0.5018
vn -0.4060 -0.7636 -0.5021
vn 0.9234 0.0340 0.3823
vn 0.9234 0.0341 0.3824
vn 0.8906 -0.1076 -0.4419
vn 0.8904 -0.1076 -0.4422
vn 0.4312 -0.0020 -0.9022
vn 0.4083 -0.0098 -0.9128
vn 0.4056 -0.0111 -0.9140
vn 0.4314 -0.0012 -0.9021
vn 0.6010 0.0039 0.7993
vn 0.6010 0.0042 0.7992
vn 0.2513 -0.5746 0.7789
vn 0.3785 0.3366 0.8622
vn -0.9443 0.3234 -0.0606
vn -0.9856 0.1652 -0.0348
vn -0.8391 0.5423 -0.0437
vn -0.9688 0.2473 -0.0148
vn -0.8332 0.5513 -0.0428
vn -0.9668 0.2552 -0.0130
vn -0.0536 0.2185 -0.9744
vn 0.0435 0.7724 -0.6336
vn 0.0242 0.7855 -0.6184
vn 0.0374 0.7774 -0.6279
vn 0.0179 0.7897 -0.6133
vn -0.0445 -0.7922 -0.6087
vn -0.4334 0.8698 -0.2361
vn 0.0581 0.8912 -0.4498
vn 0.9787 0.2052 0.0031
vn -0.6030 0.6400 0.4763
vn -0.5527 0.7245 0.4118
vn -0.6096 0.6276 0.4843
vn -0.5265 0.7617 0.3776
vn 0.8143 0.3270 0.4795
vn 0.8145 0.3270 0.4792
vn -0.0753 0.0128 -0.9971
vn 0.0063 0.4959 -0.8684
vn -0.0026 0.5414 -0.8408
vn -0.0049 0.5171 -0.8559
vn 0.0067 0.4917 -0.8707
vn 0.0260 0.3870 -0.9217
vn -0.0104 0.1989 -0.9800
vn -0.0122 0.2819 -0.9594
vn 0.0167 0.3123 -0.9498
vn 0.0311 0.3257 -0.9450
vn 0.2940 -0.9366 0.1908
vn 0.2941 -0.9366 0.1907
vn 0.2588 -0.0313 0.9654
vn 0.2032 -0.0035 0.9791
vn 0.2243 -0.0141 0.9744
vn 0.1762 0.0097 0.9843
vn 0.1717 0.0486 -0.9839
vn 0.1720 0.0484 -0.9839
vn 0.4053 -0.0553 -0.9125
vn 0.8760 0.0277 -0.4816
vn -0.9342 0.2143 -0.2852
vn -0.9342 0.2142 -0.2853
vn 0.0239 -0.1690 -0.9853
vn -0.0317 -0.1226 -0.9920
vn -0.0744 -0.0856 -0.9935
vn -0.1265 -0.0404 -0.9911
vn -0.9595 0.0426 -0.2785
vn -0.2601 0.8829 0.3908
vn -0.2600 0.8831 0.3905
vn 0.1660 -0.9500 -0.2645
vn 0.1115 -0.9681 -0.2242
vn 0.1314 -0.9645 -0.2291
vn 0.0161 -0.9291 -0.3694
vn 0.0072 -0.9521 -0.3056
vn 0.0012 -0.9795 -0.2012
vn 0.0030 -0.9511 -0.3089
vn 0.0049 -0.9539 -0.3002
vn 0.0159 -0.9842 -0.1766
vn 0.0351 -0.9731 -0.2276
vn 0.0061 -0.9533 -0.3020
vn -0.0006 -0.9633 -0.2686
vn -0.0035 -0.9739 -0.2271
vn 0.0039 -0.8960 -0.4441
vn 0.0120 -0.9376 -0.3476
vn 0.0055 -0.9650 -0.2621
vn 0.0075 -0.9739 -0.2268
vn 0.0408 -0.9599 -0.2774
vn 0.0180 -0.9913 -0.1301
vn -0.0028 -0.9994 0.0349
vn 0.0133 -0.9944 -0.1048
vn 0.0034 -1.0000 0.0019
vn -0.0053 -0.9944 0.1058
vn -0.0256 -0.9746 0.2223
vn 0.0198 -0.9979 -0.0620
vn 0.0383 -0.9905 -0.1323
vn 0.0091 -0.9593 -0.2823
vn -0.0027 -0.8517 0.5240
vn -0.0026 -0.8517 0.5240
vn 0.4553 -0.7476 0.4836
vn -0.3158 -0.7213 0.6165
vn -0.3686 -0.9284 -0.0469
vn -0.4011 -0.9160 -0.0055
vn -0.4320 -0.9012 0.0352
vn -0.4602 -0.8848 0.0738
vn -0.6962 -0.7152 -0.0620
vn -0.6982 -0.7129 -0.0658
vn -0.6764 -0.7360 -0.0263
vn -0.7282 -0.6735 -0.1269
vn 0.4357 0.2706 -0.8585
vn 0.5339 0.2453 -0.8092
vn 0.4058 0.2780 -0.8707
vn 0.5685 0.2349 -0.7884
vn 0.4160 0.2379 0.8777
vn 0.4019 0.2452 0.8823
vn 0.3927 0.2507 0.8848
vn 0.4265 0.2319 0.8743
vn 0.8651 0.2646 -0.4262
vn 0.8650 0.2645 -0.4264
vn 0.8902 0.4553 0.0154
vn 0.9558 0.2937 0.0138
vn 0.8385 0.5448 -0.0044
vn 0.9764 0.2156 -0.0089
vn 0.7757 0.6310 0.0037
vn 0.7650 0.6437 -0.0210
vn 0.9827 0.1770 -0.0538
vn 0.8750 0.0531 0.4812
vn 0.9952 0.0823 0.0524
vn 0.9573 0.2891 0.0031
vn 0.9587 0.2816 0.0407
vn 0.9010 0.4337 -0.0095
vn 0.8303 0.5573 -0.0038
vn 0.8654 0.5009 -0.0155
vn 0.7556 0.6550 -0.0042
vn 0.6392 0.7690 -0.0061
vn 0.6456 0.7637 0.0015
vn 0.4400 0.8980 -0.0021
vn 0.3801 0.9249 -0.0013
vn 0.4985 0.8668 0.0080
vn 0.1863 0.9825 0.0066
vn 0.3013 0.9376 0.1733
vn 0.2377 0.9638 0.1207
vn 0.0682 0.9976 0.0136
vn -0.0918 0.9958 0.0069
vn 0.0517 0.9987 -0.0033
vn -0.3170 0.9483 -0.0120
vn -0.3558 0.9346 0.0016
vn -0.3612 0.9324 0.0082
vn -0.2401 0.9707 0.0126
vn -0.5707 0.8211 0.0061
vn -0.6789 0.7341 -0.0166
vn -0.1441 0.9684 -0.2036
vn 0.2332 0.9724 -0.0120
vn -0.6656 0.7402 0.0954
vn 0.7355 0.4807 0.4775
vn 0.7352 0.4807 0.4779
vn -0.4490 0.8178 0.3600
vn 0.7781 0.6275 0.0263
vn 0.3160 0.9486 -0.0156
vn 0.3158 0.9487 -0.0156
vn 0.6310 0.2059 -0.7480
vn 0.6018 0.1673 -0.7809
vn 0.6011 0.1664 -0.7817
vn 0.5818 0.1421 -0.8008
vn -0.0491 0.6922 0.7200
vn 0.1389 0.6569 0.7411
vn 0.0210 0.6951 0.7186
vn 0.2149 0.6437 0.7345
vn 0.3367 0.5733 0.7470
vn -0.6361 0.5806 -0.5082
vn -0.6361 0.5806 -0.5083
vn -0.6362 0.5806 -0.5081
vn 0.7289 0.3194 -0.6056
vn -0.0058 0.9575 -0.2882
vn -0.0008 0.9730 -0.2307
vn -0.0094 -0.2228 -0.9748
vn -0.8797 -0.4657 0.0966
vn -0.8778 -0.4738 0.0713
vn -0.8741 -0.4847 0.0325
vn -0.8810 -0.4517 0.1404
vn -0.0407 -0.9390 -0.3414
vn 0.0076 -0.9468 -0.3218
vn 0.1162 -0.9544 -0.2752
vn 0.1598 -0.9536 -0.2551
vn -0.2261 -0.9679 -0.1095
vn -0.3080 -0.9479 -0.0816
vn -0.2939 -0.9520 -0.0852
vn -0.3528 -0.9310 -0.0937
vn -0.3578 -0.9289 -0.0951
vn 0.9310 -0.3505 0.1023
vn 0.3025 -0.8950 -0.3279
vn 0.3026 -0.8950 -0.3278
vn 0.2123 -0.4299 0.8776
vn 0.2123 -0.4298 0.8776
vn -0.6307 -0.6846 0.3655
vn -0.8762 -0.4815 0.0189
vn -0.8841 -0.4672 -0.0032
vn -0.8923 -0.4506 -0.0277
vn -0.8659 -0.4983 0.0445
vn -0.6997 -0.4033 -0.5898
vn 0.7500 0.5791 0.3196
vn 0.5331 0.3327 -0.7779
vn 0.5560 0.3973 -0.7301
vn 0.5615 0.4141 -0.7164
vn 0.5281 0.3194 -0.7869
vn 0.6126 0.3823 0.6918
vn 0.6162 0.3706 0.6949
vn 0.6094 0.3960 0.6869
vn 0.6189 0.3576 0.6994
vn -0.3004 0.9109 0.2829
vn -0.8577 0.4961 0.1352
vn 0.4295 0.6251 0.6517
vn 0.4292 0.6252 0.6519
vn 0.4479 0.5418 -0.7112
vn 0.5373 0.7462 0.3931
vn 0.5373 0.7461 0.3932
vn -0.5674 0.8199 -0.0758
vn -0.9893 0.1350 -0.0559
vn -0.9893 0.1351 -0.0560
vn -0.0009 0.7729 -0.6345
vn -0.0007 0.7726 -0.6349
vn -0.0008 0.7727 -0.6348
vn -0.8651 0.5015 -0.0088
vn -0.8712 0.4908 -0.0067
vn -0.9282 0.3714 0.0213
vn -0.9319 0.3620 0.0234
vn -0.9909 0.1067 -0.0820
vn -0.4311 0.0732 0.8994
vn -0.4312 0.0726 0.8993
vn -0.4312 0.0727 0.8993
vn -0.2569 0.0979 -0.9615
vn -0.2150 0.1725 -0.9613
vn -0.1735 0.2426 -0.9545
vn -0.1310 0.3108 -0.9414
vn 0.2977 0.3184 -0.9000
vn 0.3913 0.2566 -0.8838
vn 0.4102 0.2435 -0.8789
vn 0.4752 0.1955 -0.8579
vn -0.0104 0.7803 -0.6253
vn -0.0095 0.7823 -0.6229
vn 0.0019 0.8613 -0.5080
vn 0.0013 0.8640 -0.5035
vn -0.0032 0.8582 -0.5132
vn 0.0014 0.9352 -0.3540
vn -0.0368 0.9534 -0.2996
vn -0.0057 0.9799 -0.1994
vn -0.0939 0.9527 -0.2890
vn 0.0008 0.5598 -0.8286
vn -0.0510 0.0553 -0.9972
vn -0.0321 0.0694 -0.9971
vn 0.0138 0.1260 -0.9919
vn 0.0074 -0.0129 -0.9999
vn 0.0039 -0.0215 -0.9998
vn 0.0031 -0.0211 -0.9998
vn -0.9436 -0.2528 -0.2137
vn -0.9426 -0.2693 -0.1975
vn -0.8808 -0.4342 -0.1887
vn -0.9548 -0.1308 -0.2668
vn -0.9622 -0.1029 -0.2521
vn -0.8561 -0.4687 -0.2178
vn 0.9652 -0.2584 -0.0410
vn 0.9755 0.2192 -0.0199
vn 0.9717 0.2357 0.0167
vn 0.9754 0.2066 -0.0771
vn 0.9600 0.2624 0.0975
vn 0.9740 0.2140 -0.0747
vn -0.9653 -0.1787 0.1906
vn -0.5144 0.0343 -0.8569
vn 0.2243 0.0089 0.9745
vn 0.1878 -0.0011 0.9822
vn 0.1391 -0.0535 0.9888
vn 0.1449 -0.1364 0.9800
vn 0.1449 -0.1365 0.9800
vn 0.1634 -0.1980 0.9665
vn 0.1391 -0.0536 0.9888
vn 0.6034 -0.5935 0.5327
vn 0.5998 -0.6030 0.5260
vn 0.5653 -0.6846 0.4602
vn 0.5995 -0.6289 0.4952
vn 0.6014 -0.6248 0.4980
vn -0.9999 -0.0098 0.0037
vn -0.0113 -0.2441 0.9697
vn -0.0624 -0.1720 0.9831
vn -0.0726 -0.1570 0.9849
vn -0.1348 -0.0650 0.9887
vn 0.8657 -0.3339 -0.3730
vn 0.8788 -0.2367 -0.4142
vn 0.8418 -0.2612 -0.4723
vn 0.7706 -0.3515 -0.5316
vn 0.7483 -0.3294 -0.5759
vn 0.7259 -0.5435 -0.4215
vn 0.7419 -0.5384 -0.3996
vn 0.7133 -0.6181 -0.3305
vn -0.2180 -0.9242 0.3136
vn -0.9955 -0.0943 0.0070
vn 0.8768 -0.4803 0.0237
vn 0.8681 -0.4960 0.0178
vn 0.7546 -0.6551 -0.0384
vn 0.7410 -0.6701 -0.0440
vn -0.0465 -0.9982 0.0380
vn -0.0338 -0.9961 0.0813
vn -0.1525 -0.9791 0.1345
vn 0.0222 -0.9996 0.0160
vn 0.0272 -0.9996 -0.0096
vn 0.0027 -0.9999 -0.0121
vn -0.1894 -0.9587 0.2124
vn -0.1053 -0.9724 0.2082
vn -0.2822 -0.9288 0.2404
vn -0.3158 -0.9154 0.2498
vn -0.4069 -0.8449 0.3472
vn -0.2801 -0.9063 0.3165
vn -0.4284 -0.8250 0.3686
vn -0.5784 -0.6507 0.4919
vn -0.4847 -0.7301 0.4816
vn -0.6738 -0.4174 0.6098
vn -0.6655 -0.4955 0.5582
vn -0.6095 -0.4079 0.6798
vn -0.6160 -0.3660 0.6975
vn -0.7573 -0.0498 0.6512
vn -0.7740 -0.0865 0.6272
vn -0.7767 0.1085 0.6204
vn -0.7641 -0.0195 0.6449
vn -0.7116 0.3674 0.5988
vn -0.7386 0.3188 0.5940
vn -0.7172 0.4071 0.5656
vn -0.6977 0.4366 0.5680
vn -0.6177 0.4237 0.6625
vn -0.6505 0.4216 0.6317
vn -0.5603 0.6957 0.4494
vn -0.6073 0.6383 0.4730
vn -0.4986 0.7851 0.3675
vn -0.3500 0.8795 0.3225
vn -0.3955 0.8008 0.4498
vn -0.5325 0.7383 0.4139
vn -0.4147 0.8632 0.2879
vn -0.3142 0.9282 0.1995
vn -0.2126 0.9465 0.2430
vn -0.2136 0.9653 0.1504
vn -0.1192 0.9924 0.0314
vn -0.0537 0.9925 0.1101
vn 0.0160 0.9897 0.1426
vn -0.0372 0.9709 0.2367
vn -0.1442 0.9563 0.2542
vn -0.0737 0.9347 0.3477
vn -0.2237 0.8524 0.4726
vn -0.1169 0.8015 0.5864
vn -0.2102 0.7385 0.6406
vn -0.1143 0.6959 0.7090
vn -0.5788 0.4691 0.6670
vn -0.5692 -0.3814 0.7284
vn -0.2191 -0.8798 0.4219
vn -0.2864 -0.8179 0.4990
vn -0.1185 -0.9392 0.3223
vn -0.0985 -0.8892 0.4468
vn -0.1995 -0.8345 0.5136
vn -0.0403 -0.9701 0.2394
vn 0.0174 -0.9947 0.1015
vn -0.2458 -0.9617 0.1217
vn -0.2690 -0.9377 0.2200
vn -0.2372 -0.9530 0.1883
vn -0.1024 -0.9929 0.0600
vn -0.0670 -0.9977 0.0032
vn -0.1222 -0.9901 0.0693
vn -0.1738 -0.9825 0.0672
vn -0.1452 -0.9841 0.1027
vn -0.1845 -0.9800 0.0743
vn -0.1444 -0.9883 0.0496
vn -0.1582 -0.9866 0.0405
vn -0.0421 -0.9991 0.0100
vn -0.2685 -0.9628 0.0297
vn -0.3793 -0.9222 0.0754
vn -0.0349 -0.9994 0.0007
vn -0.0539 -0.9940 0.0953
vn 0.0018 -0.9875 0.1578
vn -0.0345 -0.9619 0.2712
vn -0.0630 -0.9980 0.0048
vn 0.1227 -0.9924 -0.0042
vn 0.0609 -0.9977 -0.0285
vn -0.0315 -0.9839 -0.1760
vn 0.0050 -0.9345 0.3558
vn -0.1442 -0.9888 -0.0385
vn -0.0438 -0.9976 -0.0532
vn -0.0128 -0.9327 -0.3604
vn 0.0022 -0.9987 -0.0504
vn 0.0025 -0.9992 -0.0390
vn -0.0152 -0.9987 -0.0481
vn -0.0207 -0.9996 -0.0197
vn 0.0065 -0.9147 -0.4040
vn 0.0039 -0.9175 -0.3978
vn -0.0226 -0.9975 -0.0671
vn -0.0405 -0.9989 -0.0234
vn -0.0334 -0.9975 -0.0624
vn -0.0352 -0.9967 -0.0729
vn -0.0162 -0.9963 -0.0840
vn -0.0563 -0.9935 -0.0991
vn -0.0718 -0.9912 -0.1116
vn -0.0111 -0.9980 -0.0628
vn 0.0541 -0.9971 -0.0538
vn 0.0275 -0.9991 -0.0329
vn 0.0172 -0.9983 -0.0555
vn 0.0143 -0.9979 -0.0637
vn -0.0238 -0.9994 -0.0254
vn 0.0104 -0.9985 -0.0539
vn 0.0084 -0.9980 -0.0634
vn -0.0047 -0.9988 -0.0485
vn 0.0137 -0.9995 -0.0273
vn 0.0049 -0.9978 -0.0664
vn 0.0055 -0.9984 -0.0561
vn 0.1424 -0.9874 -0.0689
vn 0.1540 -0.9860 -0.0635
vn 0.0194 -0.9983 -0.0550
vn 0.1862 -0.9802 -0.0675
vn -0.0121 -0.9981 -0.0606
vn 0.3130 -0.9470 -0.0721
vn 0.3361 -0.9387 -0.0766
vn 0.0255 -0.9985 -0.0494
vn 0.0351 -0.9986 -0.0400
vn 0.0328 -0.9993 -0.0182
vn 0.0500 -0.9987 -0.0106
vn 0.3379 -0.9380 -0.0776
vn 0.0702 -0.9974 -0.0131
vn 0.1115 -0.9936 -0.0166
vn 0.0746 -0.9971 -0.0125
vn 0.3027 -0.9527 -0.0276
vn 0.1151 -0.9857 -0.1233
vn 0.0644 -0.9970 0.0437
vn -0.0581 -0.9960 -0.0682
vn -0.0213 -0.9857 -0.1673
vn -0.0935 -0.9918 -0.0870
vn 0.0120 -0.9517 -0.3067
vn -0.0352 -0.9975 0.0609
vn -0.0091 -0.9995 0.0316
vn -0.0035 -1.0000 -0.0037
vn -0.4194 -0.9062 0.0538
vn -0.4030 -0.9075 0.1182
vn -0.0590 -0.9983 -0.0017
vn 0.4523 -0.8916 0.0221
vn -0.8046 -0.4031 0.4361
vn -0.9883 -0.1520 0.0110
vn -0.9924 -0.0968 -0.0764
vn -0.9897 -0.0632 -0.1285
vn -0.9796 -0.1880 0.0702
vn -0.9050 -0.1706 0.3898
vn -0.7670 -0.0845 -0.6361
vn 0.2920 0.6031 0.7423
vn 0.2760 0.6138 0.7397
vn 0.3391 0.5716 0.7472
vn 0.2312 0.6410 0.7319
vn 0.4059 0.8739 0.2675
vn 0.4060 0.8738 0.2678
vn 0.7309 -0.6797 -0.0618
vn -0.7226 0.6830 -0.1068
vn -0.6799 -0.7303 0.0656
vn -0.6799 -0.7304 0.0656
vn -0.1214 0.9925 0.0146
vn -0.1213 0.9925 0.0144
vn 0.8007 -0.0839 0.5932
vn -0.1685 0.2332 0.9577
vn -0.4562 0.2169 0.8630
vn 0.3568 -0.0586 0.9323
vn 0.2217 0.0405 0.9743
vn 0.1871 0.0644 0.9802
vn -0.9058 0.0031 0.4238
vn -0.9057 0.0033 0.4239
vn -0.3303 -0.2210 -0.9176
vn -0.1943 0.6462 -0.7380
vn -0.1943 0.6461 -0.7381
vn -0.0103 0.4760 -0.8794
vn -0.0100 0.4763 -0.8792
vn -0.0103 0.4764 -0.8792
vn -0.6846 0.3429 -0.6433
vn -0.6847 0.3428 -0.6432
vn 0.7733 0.6205 -0.1304
vn 0.1817 0.9833 0.0075
vn -0.0157 -0.3403 -0.9402
vn -0.2148 0.0682 -0.9743
vn -0.2283 0.0583 -0.9719
vn -0.2404 0.0496 -0.9694
vn -0.2015 0.0782 -0.9764
vn 0.9748 -0.2095 -0.0769
vn 0.5429 0.7693 0.3367
vn 0.0432 0.1214 0.9917
vn -0.0236 0.1130 0.9933
vn -0.0299 0.1122 0.9932
vn -0.0870 0.1046 0.9907
vn 0.3015 0.1273 -0.9449
vn 0.5526 0.0574 -0.8315
vn 0.4745 0.8205 0.3188
vn 0.1976 -0.0234 0.9800
vn -0.7081 0.4350 0.5562
vn -0.7080 0.4350 0.5563
vn 0.5445 0.3983 0.7382
vn 0.9696 0.2286 -0.0876
vn 0.0444 0.9547 -0.2942
vn 0.0786 0.9635 -0.2557
vn -0.0077 0.9916 -0.1290
vn 0.0756 0.9290 -0.3623
vn 0.2376 0.9139 -0.3292
vn 0.3065 0.9003 -0.3091
vn 0.3398 0.8814 -0.3282
vn 0.0948 0.9651 -0.2440
vn -0.7422 0.6588 -0.1229
vn -0.8396 0.5358 0.0891
vn -0.8396 0.5359 0.0893
vn -0.8395 0.5360 0.0894
vn -0.0400 -0.0240 -0.9989
vn -0.0295 0.0752 -0.9967
vn 0.0408 0.1412 -0.9891
vn -0.0719 -0.0785 -0.9943
vn 0.0372 0.1777 -0.9834
vn 0.0826 0.1768 -0.9808
vn 0.3724 0.0041 -0.9281
vn 0.7940 -0.6027 0.0794
vn 0.8184 -0.5735 0.0352
vn 0.8165 -0.5760 0.0388
vn 0.8359 -0.5488 -0.0003
vn -0.0295 0.0753 -0.9967
vn -0.0281 0.2462 -0.9688
vn 0.1030 -0.7321 -0.6734
vn 0.7032 -0.3072 -0.6412
vn 0.7033 -0.3073 -0.6410
vn 0.7034 -0.3073 -0.6409
vn 0.9881 0.1378 0.0687
vn 0.9859 0.1154 0.1214
vn 0.9853 0.1703 -0.0102
vn 0.9757 0.0794 0.2042
vn 0.9591 -0.2830 -0.0041
vn 0.9591 -0.2829 -0.0038
vn 0.2929 -0.2509 0.9226
vn 0.6416 0.5582 0.5260
vn 0.8881 -0.0438 0.4575
vn 0.9290 -0.3699 -0.0072
vn 0.9666 -0.0488 -0.2516
vn 0.9920 -0.0367 -0.1204
vn 0.9746 0.0145 -0.2236
vn 0.9650 -0.1375 -0.2233
vn -0.0875 -0.2128 -0.9732
vn -0.2220 0.0230 -0.9748
vn -0.3079 -0.0144 -0.9513
vn -0.2346 0.0176 -0.9719
vn -0.4083 -0.0599 -0.9109
vn -0.2148 -0.0112 0.9766
vn -0.0961 -0.0296 0.9949
vn -0.0574 -0.0275 0.9980
vn -0.2913 0.0200 0.9564
vn -0.0626 0.0210 0.9978
vn 0.9921 -0.0367 -0.1202
vn 0.9985 0.0542 -0.0036
vn 0.9746 0.0145 -0.2235
vn 0.9990 0.0016 0.0443
vn 0.9925 0.1167 -0.0365
vn 0.1190 0.9553 0.2707
vn 0.9315 0.2535 0.2608
vn -0.9257 0.2271 0.3026
vn -0.9257 0.2270 0.3027
vn -0.0164 0.5265 -0.8500
vn -0.4706 0.8393 -0.2721
vn -0.5519 0.7343 -0.3951
vn -0.4973 0.8105 -0.3095
vn -0.5781 0.6885 -0.4379
vn -0.3251 0.9441 -0.0548
vn 0.9447 0.2460 0.2168
vn 0.9464 0.2444 0.2110
vn 0.9382 0.3033 0.1668
vn 0.9444 0.1979 0.2626
vn 0.9343 0.3180 0.1612
vn -0.0593 0.8829 0.4658
vn -0.1771 0.9461 -0.2710
vn -0.1771 0.9461 -0.2712
vn 0.9834 -0.0304 -0.1790
vn 0.9662 0.0129 -0.2575
vn 0.9980 0.0598 0.0192
vn 0.9315 0.0071 -0.3637
vn 0.9934 0.0899 0.0714
vn 0.4226 -0.2283 -0.8771
vn 0.4227 -0.2282 -0.8771
vn 0.1380 -0.1678 -0.9761
vn 0.4411 -0.8974 -0.0110
vn 0.4411 -0.8974 -0.0111
vn -0.5499 0.8281 0.1090
vn -0.2342 0.7732 0.5894
vn -0.2067 0.7020 0.6816
vn -0.1786 0.6816 0.7096
vn -0.1368 0.6226 0.7705
vn -0.0940 0.6158 0.7823
vn 0.8874 -0.1744 -0.4268
vn 0.9379 -0.1249 -0.3236
vn 0.9202 -0.1437 -0.3641
vn 0.9524 -0.1067 -0.2854
vn 0.6407 -0.7519 -0.1556
vn 0.6663 -0.7375 -0.1103
vn 0.6717 -0.7340 -0.1004
vn 0.6960 -0.7161 -0.0529
vn -0.4804 -0.8766 -0.0285
vn -0.2742 -0.8732 0.4029
vn -0.2743 -0.8733 0.4027
vn 0.8749 -0.4821 0.0466
vn 0.8750 -0.4819 0.0467
vn 0.9865 -0.1635 -0.0098
vn 0.9903 -0.1389 0.0090
vn 0.9923 -0.1217 0.0218
vn 0.9945 -0.0965 0.0406
vn 0.8786 0.4775 0.0034
vn 0.8817 0.4717 0.0101
vn 0.8936 0.4474 0.0363
vn 0.8655 0.5004 -0.0220
vn 0.2699 0.0662 -0.9606
vn -0.6484 -0.1668 -0.7428
vn 0.1021 -0.6292 -0.7705
vn 0.1389 -0.3883 -0.9110
vn -0.1158 -0.6148 -0.7801
vn 0.1502 -0.8411 -0.5196
vn 0.2377 -0.8441 -0.4807
vn 0.2990 -0.8415 -0.4499
vn 0.3563 -0.8354 -0.4185
vn -0.0521 -0.8934 -0.4462
vn 0.0091 -0.9302 -0.3669
vn 0.0033 -0.9268 -0.3756
vn 0.0781 -0.9583 -0.2748
vn 0.0235 -0.9427 0.3328
vn 0.0273 -0.9404 0.3389
vn 0.0441 -0.9301 0.3648
vn 0.0104 -0.9499 0.3123
vn 0.9400 -0.0973 -0.3271
vn 0.9401 -0.0974 -0.3268
vn 0.6300 -0.2581 -0.7324
vn 0.6301 -0.2581 -0.7323
vn 0.4742 -0.0209 -0.8802
vn 0.4742 -0.0208 -0.8801
vn -0.0636 -0.3897 -0.9188
vn 0.1066 -0.9669 -0.2320
vn 0.1276 -0.9616 -0.2431
vn 0.1090 -0.9663 -0.2334
vn 0.1329 -0.9601 -0.2460
vn -0.9399 0.2383 -0.2446
vn 0.2832 -0.1175 0.9518
vn 0.2222 -0.0406 0.9742
vn 0.2595 -0.0759 0.9628
vn 0.8086 -0.5729 0.1340
vn 0.7485 -0.5298 0.3989
vn 0.2019 -0.9600 -0.1941
vn 0.1809 -0.9606 -0.2110
vn 0.1264 -0.9515 -0.2804
vn 0.2216 -0.9730 -0.0649
vn 0.2045 -0.9787 -0.0194
vn -0.0886 -0.9568 0.2770
vn -0.0162 -0.9503 0.3108
vn -0.0483 -0.9535 0.2975
vn 0.0126 -0.9426 0.3338
vn 0.0133 -0.9406 0.3391
vn 0.9959 -0.0706 0.0566
vn 0.9902 -0.1308 0.0493
vn 0.9904 -0.1246 0.0593
vn 0.9879 -0.1427 0.0607
vn 0.9904 -0.1246 0.0594
vn 0.9886 -0.1285 0.0782
vn 0.0762 0.0684 0.9947
vn 0.0764 0.0687 0.9947
vn -0.2471 -0.4130 0.8766
vn -0.2468 -0.4126 0.8768
vn -0.3021 -0.9328 -0.1966
vn -0.3020 -0.9329 -0.1963
vn -0.3020 -0.9329 -0.1962
vn -0.0597 -0.7139 0.6977
vn -0.0462 -0.7442 0.6663
vn -0.0254 -0.7873 0.6161
vn 0.0107 -0.8525 0.5226
vn 0.4810 -0.7684 -0.4221
vn 0.4708 -0.7901 -0.3925
vn 0.4323 -0.7636 -0.4796
vn 0.4730 -0.8098 -0.3472
vn 0.7161 -0.2919 -0.6340
vn 0.8736 -0.4848 -0.0433
vn 0.8675 -0.4950 -0.0485
vn 0.8940 -0.4450 -0.0521
vn 0.8390 -0.5427 -0.0402
vn 0.9027 -0.4265 -0.0560
vn 0.9212 -0.3833 -0.0670
vn 0.8016 -0.5943 -0.0660
vn 0.2389 -0.8810 0.4085
vn 0.2389 -0.8810 0.4084
vn 0.3524 -0.9300 -0.1050
vn 0.3523 -0.9300 -0.1049
vn -0.1169 -0.7970 -0.5926
vn -0.8169 -0.5245 -0.2399
vn -0.6021 -0.5565 0.5725
vn -0.6019 -0.5567 0.5726
vn -0.6020 -0.5566 0.5726
vn -0.6131 0.0463 0.7886
vn -0.6046 0.0424 0.7954
vn -0.6015 0.0406 0.7979
vn -0.6156 0.0476 0.7866
vn 0.2713 0.0726 0.9598
vn 0.2713 0.0725 0.9598
vn 0.5171 0.0019 0.8559
vn 0.5172 0.0019 0.8559
vn 0.9537 0.1025 0.2829
vn 0.9703 0.0183 -0.2413
vn 0.7716 0.0368 -0.6351
vn 0.7422 0.0087 -0.6702
vn 0.8463 -0.0414 -0.5311
vn 0.7700 0.1034 -0.6296
vn 0.8675 -0.0397 -0.4959
vn -0.0351 0.0483 -0.9982
vn -0.3587 0.1356 -0.9235
vn -0.9456 0.0474 -0.3220
vn -0.9983 0.0269 -0.0513
vn -1.0000 -0.0022 0.0038
vn -0.9943 -0.0988 0.0396
vn -0.9914 0.1115 -0.0681
vn -0.9940 -0.0954 0.0545
vn -0.6823 -0.5462 0.4860
vn -0.0414 -0.4087 0.9117
vn -0.0412 -0.4084 0.9119
vn -0.0412 -0.4083 0.9119
vn 0.2715 -0.6024 0.7506
vn 0.2716 -0.6025 0.7505
vn 0.9714 -0.1919 0.1396
vn 0.9567 -0.2458 0.1557
vn 0.9519 -0.2613 0.1603
vn 0.9426 -0.2885 0.1683
vn 0.8916 -0.1942 0.4090
vn 0.9770 -0.2129 -0.0096
vn 0.9677 -0.2503 -0.0298
vn 0.9650 -0.2600 -0.0351
vn 0.9411 -0.3299 -0.0742
vn 0.3465 -0.6645 -0.6621
vn 0.4322 -0.7636 -0.4797
vn 0.3827 -0.7508 -0.5384
vn 0.4799 -0.7849 -0.3919
vn -0.5961 -0.7982 0.0866
vn -0.5963 -0.7980 0.0870
vn 0.6153 -0.7882 0.0089
vn 0.7232 -0.6907 0.0014
vn 0.7259 -0.6879 0.0014
vn 0.6124 -0.7905 0.0090
vn 0.3052 -0.9520 -0.0231
vn 0.3054 -0.9519 -0.0232
vn 0.1050 0.3653 0.9249
vn -0.6813 -0.0455 0.7306
vn -0.9668 0.2553 0.0097
vn -0.9556 0.2934 -0.0264
vn -0.9391 0.3367 -0.0683
vn -0.9772 0.2049 0.0564
vn -0.9067 0.1999 -0.3715
vn -0.5653 0.3418 -0.7507
vn -0.5655 0.3417 -0.7506
vn -0.5654 0.3418 -0.7507
vn -0.3731 0.3750 -0.8487
vn -0.2761 0.7250 -0.6309
vn -0.2759 0.7253 -0.6307
vn -0.1241 0.4882 -0.8638
vn -0.1240 0.4882 -0.8639
vn -0.0645 0.9655 -0.2524
vn 0.1242 0.8802 -0.4581
vn 0.0168 0.9997 -0.0152
vn 0.0861 0.9961 -0.0190
vn -0.0704 0.9975 0.0063
vn 0.1382 0.9900 0.0274
vn -0.1262 0.9903 0.0587
vn 0.2791 0.6205 -0.7329
vn 0.0337 0.7888 0.6138
vn 0.0337 0.7889 0.6136
vn 0.0338 0.7891 0.6133
vn -0.1151 0.9297 0.3499
vn 0.0379 0.9526 -0.3018
vn 0.7412 0.5007 -0.4471
vn -0.0599 0.3518 -0.9342
vn -0.0612 0.3497 -0.9348
vn -0.0630 0.3468 -0.9358
vn -0.0646 0.3442 -0.9367
vn 0.7145 0.2408 -0.6569
vn 0.7137 0.2971 -0.6343
vn 0.6841 0.2209 -0.6951
vn 0.7424 0.2147 -0.6346
vn 0.6777 0.1845 -0.7118
vn -0.0524 0.5230 0.8507
vn 0.2341 0.9701 0.0643
vn -0.7788 0.4442 -0.4429
vn -0.6130 0.7339 0.2926
vn 0.8048 0.3710 0.4633
vn 0.8048 0.3709 0.4634
vn 0.5426 0.5856 -0.6022
vn 0.9703 0.2296 0.0768
vn -0.0198 0.1874 -0.9821
vn 0.9358 0.0090 -0.3525
vn 0.0034 -0.8535 0.5210
vn 0.0034 -0.8536 0.5210
vn -0.8761 -0.4541 -0.1618
vn 0.8811 0.4019 0.2493
vn 0.9034 0.3356 0.2669
vn 0.9086 0.3175 0.2715
vn 0.9268 0.2411 0.2880
vn 0.9982 -0.0258 0.0537
vn 0.9977 -0.0311 0.0595
vn 0.9974 -0.0352 0.0627
vn 0.9969 -0.0410 0.0678
vn 0.8806 -0.4688 0.0686
vn 0.8806 -0.4689 0.0686
vn -0.9880 -0.1535 0.0141
vn 0.9829 -0.1827 -0.0215
vn 0.9951 -0.0809 -0.0577
vn 0.9821 -0.1856 -0.0311
vn 0.9821 -0.1857 -0.0311
vn 0.9951 -0.0808 -0.0577
vn 0.9945 0.0931 -0.0481
vn 0.9964 0.0621 -0.0572
vn 0.9927 0.1068 -0.0552
vn 0.9977 0.0095 -0.0676
vn 0.9917 -0.0638 -0.1116
vn 0.9834 0.1799 -0.0214
vn 0.4782 -0.2177 0.8508
vn -0.2413 0.5598 -0.7927
vn -0.6066 0.7786 -0.1608
vn -0.6057 0.7793 -0.1607
vn -0.6030 0.7817 -0.1594
vn -0.6087 0.7765 -0.1627
vn -0.9258 0.3778 -0.0072
vn 0.8892 -0.0302 -0.4564
vn 0.2334 0.8993 -0.3699
vn 0.2399 0.9072 -0.3456
vn 0.2455 0.9134 -0.3246
vn 0.2497 0.9169 -0.3112
vn 0.7638 0.6444 -0.0363
vn 0.0132 -0.3300 0.9439
vn 0.0369 -0.2952 0.9547
vn 0.0313 -0.3034 0.9524
vn 0.0723 -0.2415 0.9677
vn -0.0021 -0.6840 0.7295
vn 0.0127 -0.6718 0.7406
vn 0.0064 -0.6775 0.7355
vn 0.0202 -0.6645 0.7470
vn -0.9068 0.1123 -0.4062
vn -0.9977 -0.0682 -0.0000
vn -0.9993 -0.0210 0.0316
vn -0.9971 0.0344 0.0682
vn -0.9938 -0.1079 -0.0274
vn -0.5221 -0.8519 0.0414
vn -0.5045 -0.8615 0.0574
vn -0.4697 -0.8785 0.0869
vn -0.4466 -0.8884 0.1063
vn -0.7827 -0.6150 0.0955
vn -0.9589 -0.2637 -0.1052
vn -0.1306 -0.3116 -0.9412
vn 0.8307 -0.5191 -0.2012
vn 0.9771 -0.0740 -0.1997
vn 0.9771 -0.0743 -0.1994
vn 0.1412 0.3218 -0.9362
vn 0.1911 0.3634 -0.9118
vn 0.2009 0.3715 -0.9064
vn 0.2666 0.4245 -0.8653
vn 0.9972 -0.0731 0.0155
vn 0.9971 -0.0751 0.0149
vn 0.9967 -0.0798 0.0138
vn 0.9974 -0.0698 0.0165
vn 0.0296 0.4821 0.8756
vn 0.0191 0.4756 0.8795
vn 0.0175 0.4746 0.8800
vn 0.0104 0.4708 0.8822
vn -0.0210 0.7656 0.6430
vn 0.0409 0.8116 0.5827
vn 0.0326 0.8067 0.5901
vn 0.0898 0.8435 0.5296
vn 0.4892 0.8699 0.0634
vn 0.1030 0.8697 0.4828
vn 0.1041 0.8675 0.4864
vn 0.1075 0.8597 0.4993
vn 0.0999 0.8785 0.4672
vn -0.8811 0.4728 -0.0151
vn 0.5557 0.8271 -0.0839
vn 0.5511 0.8276 -0.1066
vn 0.5242 0.8509 -0.0344
vn 0.5489 0.8237 -0.1423
vn 0.5261 0.8357 -0.1575
vn 0.0865 0.5446 -0.8342
vn 0.0431 0.5484 -0.8351
vn 0.1349 0.5508 -0.8237
vn 0.0289 0.5159 -0.8561
vn -0.0050 0.5936 -0.8047
vn -0.0223 0.6204 -0.7840
vn -0.0522 -0.4017 -0.9143
vn -0.0008 -0.3278 -0.9447
vn -0.0722 -0.4320 -0.8990
vn -0.0544 -0.8962 -0.4403
vn -0.0437 -0.9019 -0.4298
vn -0.0343 -0.9309 -0.3636
vn -0.0232 -0.9327 -0.3600
vn -0.0040 -0.9570 -0.2900
vn 0.0079 -0.9591 -0.2829
vn -0.8194 -0.3142 0.4795
vn -0.6666 -0.7085 -0.2317
vn -0.6876 -0.6747 -0.2683
vn -0.6695 -0.7164 -0.1964
vn -0.6301 -0.7093 -0.3161
vn -0.5651 -0.7790 -0.2715
vn -0.6224 -0.7523 -0.2160
vn -0.5498 -0.7985 -0.2451
vn -0.6290 -0.6815 -0.3741
vn -0.0085 -0.3167 0.9485
vn 0.2058 -0.6424 -0.7383
vn 0.2061 -0.6426 -0.7380
vn 0.0200 -0.8162 -0.5774
vn -0.0040 -0.8076 -0.5897
vn -0.0445 -0.7916 -0.6094
vn 0.0600 -0.8294 -0.5555
vn -0.2748 -0.9609 -0.0332
vn -0.3263 -0.9432 -0.0623
vn -0.3307 -0.9415 -0.0648
vn -0.3791 -0.9207 -0.0926
vn -0.7605 -0.6490 -0.0219
vn -0.7380 -0.6743 0.0234
vn -0.7116 -0.6990 0.0716
vn -0.7781 -0.6252 -0.0609
vn -0.6758 0.2767 0.6832
vn -0.6759 0.2765 0.6831
vn -0.8170 -0.2589 0.5153
vn -0.8171 -0.2589 0.5151
vn -0.2114 -0.4506 0.8673
vn -0.1097 -0.3187 0.9415
vn -0.1721 -0.4001 0.9002
vn -0.0811 -0.2807 0.9564
vn -0.0076 0.1153 0.9933
vn 0.1880 -0.9821 -0.0131
vn 0.1877 -0.9821 -0.0136
vn 0.1878 -0.9821 -0.0134
vn 0.3298 -0.1938 -0.9239
vn 0.3694 -0.2277 -0.9009
vn 0.3757 -0.3424 -0.8612
vn 0.3740 -0.3708 -0.8501
vn 0.2849 -0.3989 -0.8716
vn 0.2632 -0.3853 -0.8845
vn 0.0911 -0.0734 -0.9931
vn 0.1094 -0.0634 -0.9920
vn 0.0684 -0.0873 -0.9938
vn 0.1112 -0.0584 -0.9921
vn 0.0564 -0.0933 -0.9940
vn 0.6851 -0.6057 -0.4048
vn 0.6850 -0.6055 -0.4051
vn 0.3975 0.0639 -0.9154
vn -0.2022 -0.1325 -0.9703
vn -0.6579 0.0274 -0.7526
vn -0.9940 -0.0954 0.0544
vn -0.9916 -0.1291 -0.0069
vn -0.9943 -0.0989 0.0396
vn -0.9926 -0.1202 -0.0188
vn -0.3438 -0.9388 -0.0197
vn -0.3077 -0.7603 -0.5721
vn -0.3019 -0.7684 -0.5642
vn -0.4299 -0.6099 -0.6657
vn -0.2201 -0.7594 -0.6123
vn -0.3567 -0.7761 -0.5200
vn -0.4303 -0.4083 -0.8051
vn -0.3082 -0.3373 -0.8895
vn -0.4299 -0.6098 -0.6658
vn -0.5483 -0.5247 -0.6511
vn -0.3338 -0.7626 -0.5541
vn -0.2308 -0.2651 -0.9362
vn -0.1560 -0.7526 -0.6397
vn -0.0227 -0.9989 0.0422
vn 0.0239 -0.9976 0.0654
vn 0.0710 -0.9935 0.0884
vn 0.1296 -0.9846 0.1174
vn -0.1092 -0.9127 -0.3937
vn -0.1008 -0.9051 -0.4130
vn -0.0882 -0.8930 -0.4413
vn -0.0779 -0.8828 -0.4633
vn -0.0412 -0.6757 -0.7360
vn -0.0414 -0.6761 -0.7356
vn -0.3266 -0.6414 0.6942
vn -0.3269 -0.6414 0.6941
vn -0.7931 0.1077 -0.5995
vn -0.7931 0.1078 -0.5995
vn -0.3863 0.1741 0.9058
vn -0.8946 0.2479 -0.3719
vn -0.3819 0.2497 -0.8898
vn -0.3820 0.2497 -0.8898
vn -0.8370 0.2808 0.4697
vn -0.8522 0.5013 0.1497
vn -0.8505 0.5009 0.1602
vn -0.8495 0.5007 0.1661
vn -0.8249 0.4931 0.2764
vn -0.2748 0.3084 0.9107
vn -0.2745 0.3086 0.9107
vn -0.4360 0.7356 0.5184
vn -0.4360 0.7357 0.5184
vn -0.1016 0.3540 0.9297
vn 0.0173 0.7712 0.6364
vn 0.0173 0.7712 0.6363
vn -0.2302 0.6056 0.7618
vn -0.2957 0.6292 0.7188
vn -0.2059 0.5968 0.7756
vn -0.3166 0.6359 0.7038
vn -0.1724 0.7462 0.6431
vn -0.4633 0.8013 0.3785
vn -0.4632 0.8012 0.3789
vn -0.4632 0.8012 0.3788
vn -0.0212 0.9452 0.3257
vn 0.5823 0.7156 -0.3858
vn 0.5824 0.7156 -0.3856
vn 0.5824 0.7156 -0.3857
vn 0.7594 0.5463 -0.3533
vn 0.8167 0.4351 -0.3790
vn 0.8010 0.4693 -0.3718
vn 0.8460 0.3609 -0.3924
vn 0.2077 0.3660 0.9072
vn 0.0533 0.3845 0.9216
vn 0.0975 0.3803 0.9197
vn -0.0074 0.3887 0.9213
vn 0.1908 0.5430 0.8178
vn 0.1680 0.4781 0.8621
vn 0.1685 0.4799 0.8610
vn 0.1235 0.3524 0.9277
vn 0.0638 -0.3912 0.9181
vn 0.0577 -0.3740 0.9256
vn 0.0342 -0.3068 0.9511
vn 0.0288 -0.2920 0.9560
vn -0.0306 0.6809 0.7317
vn -0.0832 0.9543 0.2872
vn -0.0336 0.9605 0.2762
vn -0.1526 0.9351 0.3198
vn 0.0143 0.9553 0.2952
vn -0.1770 0.9065 0.3833
vn 0.1891 0.9786 0.0815
vn 0.1807 0.9468 -0.2662
vn 0.2025 0.9487 -0.2427
vn 0.1336 0.9395 -0.3154
vn 0.2425 0.9497 -0.1983
vn 0.9985 0.0168 -0.0522
vn 0.9985 0.0165 -0.0520
vn 0.4816 -0.6555 0.5817
vn 0.4812 -0.6557 0.5818
vn 0.8643 0.4744 -0.1671
vn 0.8642 0.4744 -0.1674
vn 0.2308 -0.5035 -0.8326
vn 0.2677 0.5608 -0.7834
vn 0.2968 0.6706 -0.6799
vn 0.2578 0.5259 -0.8105
vn 0.3042 0.6980 -0.6482
vn 0.1353 0.8624 0.4878
vn -0.8630 0.5012 0.0630
vn 0.3181 0.0541 -0.9465
vn 0.3506 0.0120 -0.9364
vn 0.3127 0.0626 -0.9478
vn 0.3778 -0.0415 -0.9250
vn 0.3328 0.0648 -0.9408
vn 0.4186 -0.1390 -0.8975
vn 0.4205 -0.1529 -0.8943
vn 0.1801 -0.5486 -0.8165
vn 0.1804 -0.5488 -0.8162
vn -0.0644 0.8099 -0.5830
vn 0.4647 0.6859 0.5600
vn 0.4646 0.6860 0.5599
vn -0.7378 0.4760 0.4785
vn -0.7381 0.4758 0.4784
vn -0.7377 0.4761 0.4786
vn -0.9833 0.0728 -0.1670
vn -0.9721 0.0808 -0.2201
vn -0.9673 0.1163 -0.2253
vn -0.9824 0.0315 -0.1842
vn -0.9882 0.0869 -0.1262
vn -0.6607 0.3208 0.6787
vn -0.6604 0.3210 0.6788
vn -0.1078 0.5603 0.8212
vn -0.0410 0.4966 0.8670
vn -0.1837 0.4210 0.8883
vn -0.1282 0.4424 0.8876
vn -0.2262 0.4132 0.8821
vn -0.2904 0.3392 0.8948
vn -0.0701 -0.1137 0.9910
vn -0.0699 -0.1135 0.9911
vn 0.3504 -0.4779 0.8055
vn 0.3057 0.6349 0.7096
vn 0.3174 0.5881 0.7439
vn 0.3234 0.5623 0.7611
vn 0.3394 0.4769 0.8108
vn 0.4320 -0.8957 0.1056
vn 0.6817 -0.6542 -0.3275
vn 0.4755 -0.8676 -0.1453
vn -0.9075 -0.4146 -0.0670
vn -0.9075 -0.4147 -0.0671
vn 0.1744 -0.9592 0.2226
vn 0.2167 -0.9398 0.2643
vn 0.2448 -0.9246 0.2919
vn 0.2813 -0.9020 0.3276
vn 0.2015 -0.6347 0.7460
vn 0.1669 -0.6660 0.7271
vn 0.3059 -0.5918 0.7458
vn 0.0197 -0.6743 0.7382
vn -0.2866 -0.8967 0.3375
vn 0.8064 -0.4553 0.3775
vn 0.7323 0.1162 0.6710
vn 0.6998 -0.0349 -0.7135
vn 0.4107 0.6022 0.6846
vn 0.4105 0.6020 0.6848
vn -0.4015 -0.5841 -0.7055
vn 0.6037 0.2803 0.7463
vn 0.6038 0.2803 0.7462
vn -0.9948 0.0267 0.0986
vn -0.6379 -0.5925 0.4919
vn -0.7692 -0.2323 -0.5953
vn -0.7278 -0.3710 -0.5768
vn -0.7468 -0.3144 -0.5861
vn -0.6970 -0.4480 -0.5600
vn 0.6428 0.3831 -0.6634
vn 0.6427 0.3832 -0.6634
vn -0.9037 0.2654 -0.3359
vn 0.9165 -0.3543 -0.1856
vn 0.6665 -0.7433 -0.0570
vn -0.7575 0.3360 -0.5597
vn -0.7575 0.3359 -0.5598
vn 0.4721 -0.8768 -0.0915
vn 0.4723 -0.8767 -0.0915
vn 0.4720 -0.8768 -0.0915
vn 0.1660 -0.9534 -0.2518
vn 0.1662 -0.9533 -0.2520
vn 0.4640 0.7810 -0.4180
vn 0.4383 0.5609 -0.7024
vn -0.0322 0.4108 -0.9111
vn -0.0183 0.4503 -0.8927
vn -0.0207 0.4436 -0.8960
vn 0.0085 0.5235 -0.8520
vn -0.3457 0.0585 -0.9365
vn -0.3884 0.0355 -0.9208
vn -0.3303 0.0708 -0.9412
vn -0.4153 0.0263 -0.9093
vn -0.3266 0.0799 -0.9418
vn -0.8991 -0.4089 0.1561
vn -0.3124 -0.8613 -0.4006
vn -0.3125 -0.8613 -0.4006
vn -0.7402 -0.5932 -0.3167
vn -0.7500 -0.5392 -0.3831
vn -0.7517 -0.5232 -0.4015
vn -0.7360 -0.6091 -0.2954
vn -0.7366 -0.3064 0.6030
vn -0.7365 -0.3063 0.6031
vn -0.4649 -0.3579 0.8098
vn 0.0917 -0.4798 -0.8726
vn 0.0617 -0.4285 -0.9015
vn 0.0636 -0.4318 -0.8997
vn 0.0341 -0.3798 -0.9244
vn 0.9840 0.1780 0.0067
vn 0.9946 0.1037 -0.0013
vn 0.9785 0.2055 -0.0183
vn 0.9936 0.1128 0.0025
vn 0.9990 0.0449 -0.0087
vn 0.9995 0.0275 0.0167
vn 0.7011 -0.3980 -0.5917
vn 0.8191 -0.0984 -0.5651
vn 0.8192 -0.0985 -0.5650
vn 0.5384 -0.3692 -0.7575
vn 0.5344 -0.3818 -0.7540
vn 0.5343 -0.3810 -0.7545
vn 0.5308 -0.3925 -0.7512
vn 0.0397 -0.6192 -0.7843
vn 0.2061 0.3421 -0.9168
vn 0.2062 0.3421 -0.9168
vn -0.6956 -0.2280 -0.6813
vn -0.8750 -0.0092 -0.4840
vn -0.8901 -0.3829 -0.2473
vn -0.9427 -0.2322 -0.2397
vn -0.9060 -0.3517 -0.2354
vn -0.9498 -0.2108 -0.2313
vn -0.9409 -0.1816 -0.2861
vn -0.3568 -0.7761 -0.5200
vn -0.5251 -0.6869 -0.5024
vn -0.5820 -0.5801 -0.5699
vn -0.5484 -0.5248 -0.6511
vn -0.9928 -0.1199 -0.0038
vn -0.9928 -0.1200 -0.0038
vn -0.0344 -0.8130 0.5813
vn -0.2202 -0.9584 0.1817
vn -0.2690 -0.9376 0.2201
vn -0.3596 -0.8848 0.2964
vn -0.1453 -0.9841 0.1027
vn -0.1393 -0.9846 0.1059
vn -0.2766 -0.9323 0.2330
vn -0.4416 -0.8128 0.3798
vn -0.4557 -0.7883 0.4135
vn -0.4014 -0.8412 0.3622
vn -0.5558 -0.6749 0.4854
vn -0.6286 -0.5523 0.5475
vn -0.5784 -0.6507 0.4920
vn -0.6860 -0.4425 0.5776
vn -0.7226 -0.3354 0.6045
vn -0.6815 -0.4079 0.6076
vn -0.6833 -0.4183 0.5985
vn -0.7323 -0.2123 0.6470
vn -0.6854 -0.3338 0.6472
vn -0.6655 -0.4955 0.5583
vn -0.3158 -0.9153 0.2498
vn -0.4556 0.0798 0.8866
vn -0.4628 0.1393 0.8755
vn -0.4645 0.1592 0.8712
vn -0.4715 0.2539 0.8445
vn -0.9207 0.3894 0.0251
vn -0.9174 0.3969 0.0273
vn -0.8942 0.4475 0.0069
vn -0.8182 0.5742 -0.0273
vn -0.7862 0.6178 0.0138
vn -0.7647 0.6391 -0.0828
vn -0.7646 0.6402 -0.0741
vn -0.8493 0.5262 0.0425
vn -0.8365 0.5476 0.0206
vn -0.8336 0.5520 0.0193
vn -0.5021 0.8633 0.0507
vn -0.4209 0.9052 -0.0591
vn -0.4601 0.8878 -0.0078
vn -0.3794 0.9186 -0.1108
vn -0.2537 0.6290 -0.7348
vn -0.4111 0.7498 -0.5184
vn -0.4115 0.7498 -0.5181
vn -0.3147 0.7021 0.6387
vn -0.3135 0.7006 0.6410
vn -0.3014 0.6834 0.6649
vn -0.2934 0.6720 0.6800
vn 0.3772 0.7072 -0.5980
vn 0.3234 0.4361 -0.8398
vn 0.3344 0.4411 -0.8328
vn 0.2484 0.4378 -0.8641
vn 0.3810 0.4568 -0.8039
vn 0.3796 0.4614 -0.8019
vn 0.2540 0.1756 -0.9511
vn 0.3627 0.2271 -0.9038
vn 0.1306 0.0691 -0.9890
vn 0.3057 0.2022 -0.9304
vn 0.4012 0.2529 -0.8804
vn 0.4400 0.3168 -0.8402
vn -0.4623 0.8250 0.3250
vn -0.4623 0.8252 0.3247
vn -0.4008 0.6733 0.6212
vn -0.4009 0.6734 0.6212
vn -0.0565 -0.5366 0.8420
vn -0.9806 -0.0502 0.1895
vn -0.9806 -0.0501 0.1895
vn -0.3275 0.9347 -0.1380
vn -0.3337 0.9319 -0.1419
vn -0.3631 0.9178 -0.1609
vn -0.2927 0.9492 -0.1158
vn -0.0005 0.7569 -0.6536
vn 0.0249 0.7321 -0.6808
vn -0.0520 0.7852 -0.6171
vn 0.0136 0.7258 -0.6877
vn -0.1531 0.8159 -0.5576
vn 0.3362 0.1067 -0.9357
vn 0.0739 -0.1852 -0.9799
vn 0.0554 -0.1867 -0.9808
vn 0.0413 -0.1878 -0.9813
vn 0.0265 -0.1888 -0.9817
vn 0.0515 -0.7263 0.6855
vn 0.0529 -0.7290 0.6825
vn 0.0677 -0.7591 0.6475
vn 0.0692 -0.7617 0.6442
vn 0.0677 -0.7591 0.6474
vn -0.0096 0.6248 0.7807
vn -0.1035 0.5915 0.7996
vn -0.0496 0.6117 0.7896
vn -0.1471 0.5748 0.8049
vn 0.0756 0.9941 -0.0782
vn -0.0928 0.9170 -0.3880
vn -0.0404 0.9498 -0.3102
vn -0.0539 0.9266 -0.3721
vn -0.0264 0.9531 -0.3014
vn -0.0556 0.9696 -0.2385
vn -0.2341 0.7722 -0.5907
vn 0.0679 0.7981 -0.5987
vn 0.0680 0.7980 -0.5988
vn -0.5942 0.7710 -0.2291
vn -0.5492 0.8031 -0.2311
vn -0.5467 0.8081 -0.2191
vn -0.5905 0.7805 -0.2055
vn -0.4361 0.8738 -0.2151
vn -0.7849 0.4643 -0.4104
vn -0.7884 0.4853 -0.3780
vn -0.7875 0.4822 -0.3837
vn -0.7910 0.5073 -0.3420
vn -0.0563 0.9961 0.0686
vn -0.0456 0.9984 0.0335
vn -0.0516 0.9972 0.0535
vn -0.0407 0.9990 0.0163
vn 0.9937 0.0686 0.0882
vn 0.8574 0.2474 0.4513
vn 0.8566 0.2455 0.4538
vn 0.8549 0.2415 0.4591
vn 0.8532 0.2376 0.4643
vn -0.0152 0.9767 0.2141
vn 0.0289 0.9993 0.0257
vn 0.0363 0.9993 -0.0075
vn -0.0222 0.9696 0.2436
vn 0.0201 0.3458 -0.9381
vn 0.0299 0.3730 -0.9273
vn 0.0167 0.3360 -0.9417
vn 0.0334 0.3836 -0.9229
vn 0.1565 0.0565 -0.9861
vn 0.1163 0.9052 0.4089
vn 0.1512 0.8785 0.4532
vn 0.0745 0.9321 0.3544
vn 0.1922 0.8421 0.5039
vn 0.8654 0.4758 -0.1574
vn 0.8789 0.4659 -0.1024
vn 0.8846 0.4604 -0.0742
vn 0.8580 0.4795 -0.1843
vn 0.8940 -0.4218 -0.1513
vn 0.4601 0.0503 0.8865
vn 0.4599 0.0506 0.8865
vn -0.2953 0.1381 0.9454
vn 0.4141 0.7642 0.4944
vn 0.4147 0.7639 0.4944
vn 0.4142 0.7642 0.4944
vn 0.0245 0.9442 0.3283
vn 0.8272 0.4203 -0.3729
vn 0.8202 0.4653 -0.3329
vn 0.8233 0.4480 -0.3486
vn 0.8113 0.5039 -0.2964
vn 0.1631 0.1176 -0.9796
vn 0.1631 0.1174 -0.9796
vn 0.3722 -0.1033 -0.9224
vn 0.3723 -0.1036 -0.9223
vn 0.3262 -0.8092 -0.4887
vn 0.5576 -0.3568 -0.7495
vn 0.5573 -0.3566 -0.7499
vn 0.5240 -0.3065 0.7947
vn 0.5240 -0.3064 0.7947
vn 0.1057 -0.1653 -0.9806
vn 0.1187 -0.1945 -0.9737
vn -0.0374 -0.3498 -0.9361
vn 0.1198 -0.1105 -0.9866
vn -0.0375 -0.3499 -0.9361
vn 0.0413 -0.4086 -0.9118
vn -0.1098 -0.3476 -0.9312
vn -0.1435 -0.1756 -0.9739
vn -0.2124 -0.2614 -0.9416
vn -0.1653 -0.1149 -0.9795
vn -0.3084 -0.2977 -0.9035
vn -0.1314 0.2269 -0.9650
vn -0.1084 0.1568 -0.9817
vn 0.0491 0.2193 0.9744
vn 0.0491 0.2194 0.9744
vn 0.5365 -0.6045 -0.5888
vn 0.5364 -0.5779 -0.6151
vn 0.5363 -0.5762 -0.6167
vn 0.5345 -0.5473 -0.6441
vn -0.9273 -0.2320 -0.2937
vn -0.9274 -0.2319 -0.2936
vn -0.9273 -0.2321 -0.2938
vn -0.1457 -0.9878 0.0545
vn -0.1458 -0.9878 0.0542
vn 0.7322 -0.5105 -0.4508
vn 0.7322 -0.5105 -0.4509
vn 0.9965 -0.0825 0.0163
vn 0.9956 -0.0933 -0.0129
vn 0.9935 -0.1013 0.0515
vn 0.9911 -0.1080 -0.0784
vn 0.9979 -0.0525 0.0367
vn 0.9893 -0.1375 0.0484
vn 0.9739 -0.2174 0.0655
vn 0.9995 -0.0292 0.0112
vn 0.4557 -0.8901 -0.0095
vn 0.4373 -0.8987 -0.0336
vn 0.4444 -0.8955 -0.0243
vn 0.4309 -0.9014 -0.0417
vn -0.1078 -0.0226 0.9939
vn -0.0656 -0.0397 0.9971
vn -0.0513 -0.0457 0.9976
vn 0.0040 -0.0685 0.9976
vn 0.2313 -0.7854 0.5741
vn 0.9499 -0.2495 0.1882
vn 0.9491 -0.2572 0.1818
vn 0.9487 -0.2609 0.1787
vn 0.9477 -0.2687 0.1720
vn -0.0533 -0.8653 0.4984
vn -0.0532 -0.8656 0.4980
vn -0.1938 -0.5298 0.8257
vn -0.1937 -0.5299 0.8256
vn 0.4053 -0.5069 0.7608
vn 0.4347 -0.4617 0.7732
vn 0.4539 -0.4320 0.7793
vn 0.4799 -0.3873 0.7872
vn 0.8114 -0.2420 -0.5320
vn 0.5633 -0.8145 -0.1390
vn 0.5632 -0.8145 -0.1392
vn -0.3244 0.0455 -0.9448
vn -0.3327 -0.0694 -0.9405
vn -0.3288 -0.0088 -0.9444
vn -0.3355 -0.1547 -0.9292
vn -0.4187 -0.4831 0.7690
vn -0.4503 -0.4459 0.7735
vn -0.4066 -0.4513 0.7943
vn -0.3437 -0.4180 0.8409
vn -0.2556 -0.4068 0.8770
vn 0.8489 -0.5241 0.0675
vn 0.8711 -0.1460 0.4688
vn 0.8682 -0.1430 0.4751
vn 0.8245 -0.1006 0.5568
vn 0.9051 -0.1865 0.3822
vn -0.4825 -0.8091 0.3354
vn -0.4812 -0.8049 0.3472
vn -0.4801 -0.7996 0.3607
vn -0.4830 -0.8130 0.3252
vn -0.0213 -0.9246 -0.3803
vn -0.0102 -0.9330 -0.3597
vn -0.0146 -0.9402 -0.3404
vn 0.0094 -0.9756 -0.2195
vn -0.0145 -0.9402 -0.3404
vn 0.0117 -0.9827 -0.1846
vn -0.0145 -0.9402 -0.3403
vn -0.0032 -0.9932 -0.1166
vn 0.0292 -0.8545 -0.5186
vn 0.5254 -0.2119 -0.8241
vn 0.5032 -0.6043 -0.6178
vn 0.5031 -0.6043 -0.6178
vn -0.0674 -0.9343 0.3500
vn 0.6830 -0.6204 -0.3854
vn 0.6831 -0.6204 -0.3854
vn 0.9887 -0.1361 -0.0622
vn 0.9815 -0.1657 -0.0957
vn 0.9913 -0.1231 -0.0476
vn 0.9765 -0.1823 -0.1152
vn 0.8595 0.1533 0.4876
vn 0.8955 -0.4419 -0.0540
vn 0.7727 0.1249 -0.6224
vn 0.6243 -0.1076 -0.7738
vn 0.6243 -0.1075 -0.7737
vn 0.6240 -0.1080 -0.7739
vn 0.2557 -0.8298 -0.4960
vn 0.3786 -0.0948 -0.9207
vn 0.3785 -0.0948 -0.9207
vn 0.3785 -0.0949 -0.9207
vn -0.1722 -0.1741 -0.9696
vn -0.0982 -0.3031 -0.9479
vn -0.1122 -0.3224 -0.9399
vn -0.2028 -0.0529 -0.9778
vn -0.0086 -0.4733 -0.8809
vn -0.3708 -0.2628 -0.8907
vn -0.3630 -0.3048 -0.8805
vn -0.3632 -0.3021 -0.8814
vn -0.3523 -0.3531 -0.8667
vn -0.6685 -0.6806 -0.2999
vn -0.7742 -0.6049 -0.1864
vn -0.7081 -0.6472 -0.2822
vn -0.7789 -0.5927 -0.2048
vn -0.8199 -0.5633 -0.1020
vn -0.9813 -0.1713 0.0872
vn -0.0839 0.0537 -0.9950
vn -0.0387 -0.0198 -0.9991
vn -0.0443 -0.0494 -0.9978
vn -0.0024 -0.2222 -0.9750
vn -0.0021 -0.2552 -0.9669
vn 0.0247 -0.3283 -0.9443
vn 0.6050 0.5564 0.5696
vn 0.9264 -0.3538 0.1287
vn 0.9264 -0.3539 0.1286
vn 0.9264 -0.3537 0.1287
vn -0.0170 0.1697 0.9854
vn -0.0524 0.2010 0.9782
vn -0.0330 0.1927 0.9807
vn -0.0348 0.1606 0.9864
vn -0.1000 0.2333 0.9673
vn -0.1155 -0.2251 -0.9675
vn -0.0412 -0.3389 -0.9399
vn -0.0843 -0.2747 -0.9578
vn -0.0057 -0.3897 -0.9209
vn -1.0000 -0.0014 0.0036
vn 0.3538 0.8006 -0.4835
vn 0.3509 0.9082 -0.2282
vn -0.7842 -0.4846 -0.3875
vn 0.1418 -0.2101 -0.9673
vn 0.1335 -0.1281 -0.9827
vn 0.1559 -0.0304 -0.9873
vn 0.1130 -0.2309 -0.9664
vn 0.1510 -0.2561 -0.9548
vn 0.0689 0.3726 -0.9254
vn 0.0577 0.3752 -0.9252
vn -0.0399 0.3960 -0.9174
vn 0.1794 0.3437 -0.9218
vn 0.2938 0.4257 0.8558
vn 0.6702 -0.0406 0.7411
vn -0.0461 -0.6288 0.7762
vn 0.1822 -0.9831 0.0156
vn -0.2989 -0.9344 -0.1940
vn -0.2990 -0.9343 -0.1939
vn -0.2987 -0.9344 -0.1942
vn 0.9995 -0.0276 -0.0152
vn 0.9999 -0.0142 -0.0048
vn 0.9993 -0.0272 -0.0241
vn 1.0000 -0.0050 -0.0004
vn -0.7742 -0.6328 -0.0153
vn -0.1184 -0.9457 0.3027
vn -0.7179 -0.0946 0.6897
vn -0.4694 0.4989 0.7285
vn -0.4693 0.4989 0.7285
vn -0.4693 0.4990 0.7286
vn -0.0717 0.9587 0.2754
vn 0.9995 -0.0275 -0.0153
vn 0.9994 -0.0216 -0.0282
vn 0.0738 -0.4921 -0.8674
vn 0.0315 -0.4481 -0.8934
vn 0.0178 -0.4334 -0.9010
vn -0.0161 -0.3952 -0.9184
vn -0.4631 -0.2819 -0.8403
vn 0.0038 0.9382 0.3461
vn 0.0689 0.5341 0.8426
vn 0.1564 0.4648 0.8715
vn 0.1759 0.4479 0.8766
vn 0.2527 0.3791 0.8902
vn 0.9459 0.2913 -0.1430
vn -0.5488 -0.7764 -0.3099
vn -0.5892 -0.6838 -0.4304
vn -0.5633 -0.7484 -0.3500
vn -0.6005 -0.6456 -0.4718
vn -0.3336 -0.2133 -0.9183
vn -0.3566 -0.1915 -0.9144
vn -0.3702 -0.1784 -0.9117
vn -0.3932 -0.1562 -0.9061
vn -0.0810 -0.9955 0.0484
vn -0.1392 -0.9846 0.1059
vn -0.1265 -0.9871 0.0979
vn -0.1844 -0.9800 0.0743
vn -0.1828 -0.9711 0.1533
vn -0.1483 -0.9813 0.1229
vn -0.0887 -0.9946 0.0539
vn -0.2768 -0.9294 0.2440
vn -0.1178 -0.9902 0.0754
vn -0.2080 -0.9631 0.1706
vn -0.2957 -0.9159 0.2715
vn -0.3580 -0.8747 0.3268
vn -0.4114 -0.8224 0.3930
vn -0.4691 -0.7720 0.4290
vn -0.4091 -0.8221 0.3960
vn -0.5306 -0.6932 0.4879
vn -0.2751 -0.9290 0.2476
vn -0.2616 -0.9310 0.2544
vn -0.1306 -0.9912 0.0216
vn -0.1672 -0.9853 0.0355
vn -0.1491 -0.9823 0.1131
vn -0.1321 -0.9837 -0.1219
vn -0.0683 -0.9973 -0.0263
vn -0.1009 -0.9934 0.0542
vn -0.0405 -0.9989 -0.0233
vn -0.0116 -0.9986 -0.0525
vn -0.0255 -0.9991 -0.0342
vn -0.0018 -0.9960 -0.0896
vn -0.0332 -0.9982 -0.0498
vn -0.0026 -0.9961 -0.0877
vn 0.0116 -0.9932 -0.1156
vn -0.0651 -0.9937 -0.0911
vn -0.0836 -0.9955 -0.0444
vn -0.0941 -0.9928 -0.0738
vn 0.0010 -0.9925 -0.1221
vn -0.0208 -0.9996 -0.0197
vn -0.5490 -0.6772 0.4899
vn -0.3683 -0.8732 0.3191
vn -0.4660 -0.7763 0.4246
vn -0.5554 -0.6570 0.5097
vn -0.6600 -0.3929 0.6403
vn -0.6586 -0.3795 0.6498
vn -0.5769 -0.6175 0.5348
vn -0.5796 -0.6126 0.5374
vn -0.3002 -0.9178 0.2599
vn -0.3513 -0.8801 0.3193
vn -0.4022 -0.8435 0.3561
vn -0.2766 -0.9323 0.2331
vn -0.2974 0.9547 0.0077
vn -0.2980 0.9545 0.0073
vn -0.2977 0.9546 0.0075
vn 0.9985 0.0379 -0.0397
vn 0.9975 -0.0608 -0.0369
vn 0.9943 0.0940 -0.0500
vn 0.9963 -0.0744 -0.0425
vn 0.9939 0.0980 -0.0508
vn 0.9977 -0.0562 -0.0372
vn 0.9964 -0.0779 -0.0325
vn 0.9963 -0.0803 -0.0320
vn 0.9987 -0.0420 -0.0294
vn 0.9968 0.0783 -0.0138
vn 0.9901 0.1389 -0.0219
vn 0.9898 0.1409 -0.0224
vn 0.1461 0.9269 -0.3456
vn 0.1552 0.8944 -0.4195
vn 0.1136 0.8596 -0.4982
vn 0.1169 0.8353 -0.5372
vn 0.0425 0.7681 -0.6390
vn -0.7484 0.6621 -0.0387
vn -0.8221 0.5679 -0.0408
vn -0.7213 0.6889 -0.0715
vn -0.8244 0.5650 -0.0334
vn -0.8662 0.4951 -0.0681
vn -0.8835 0.4663 -0.0457
vn -0.9228 0.2633 -0.2812
vn -0.0029 1.0000 0.0089
vn 0.0434 0.9991 0.0034
vn 0.0486 0.9988 0.0025
vn 0.0859 0.9963 -0.0020
vn 0.0487 0.9988 0.0025
vn -0.5792 0.0805 0.8112
vn -0.5794 0.0801 0.8111
vn -0.7672 0.2897 0.5722
vn -0.7672 0.2898 0.5722
vn -0.7672 0.2902 0.5720
vn -0.9660 -0.0327 0.2563
vn -0.9660 -0.0326 0.2566
vn -0.7312 0.0736 -0.6782
vn -0.5505 0.0451 -0.8336
vn -0.4973 0.0641 -0.8652
vn -0.6090 0.0750 -0.7896
vn -0.4951 -0.0408 -0.8679
vn -0.6670 0.0222 -0.7447
vn 0.5941 -0.0008 -0.8044
vn 0.8073 -0.0958 -0.5823
vn 0.8898 0.0866 0.4480
vn 0.6966 0.0091 0.7174
vn 0.6950 0.0135 0.7189
vn 0.6892 0.0260 0.7241
vn 0.7022 -0.0021 0.7120
vn -0.1734 -0.0119 0.9848
vn -0.3608 0.8800 0.3088
vn -0.3640 0.8785 0.3095
vn -0.3658 0.8776 0.3098
vn -0.3684 0.8765 0.3100
vn -0.6888 0.7249 -0.0091
vn -0.6888 0.7249 -0.0087
vn -0.9198 -0.2478 -0.3041
vn -0.8427 0.3264 -0.4283
vn -0.8427 0.3262 -0.4283
vn -0.8427 0.3260 -0.4284
vn -0.9966 -0.0194 0.0803
vn -0.9903 0.0310 0.1351
vn -0.9897 0.0343 0.1391
vn -0.9720 0.1011 0.2119
vn -0.9621 0.0505 -0.2681
vn -0.9684 0.0906 -0.2323
vn -0.9690 0.0955 -0.2278
vn -0.9722 0.1359 -0.1907
vn -0.6846 0.3890 -0.6165
vn -0.6279 0.4574 -0.6298
vn -0.6438 0.4587 -0.6125
vn -0.5895 0.5093 -0.6270
vn -0.5842 0.4709 -0.6610
vn -0.5713 0.4560 -0.6824
vn -0.5666 0.3978 -0.7216
vn -0.2697 0.7671 -0.5821
vn -0.2696 0.7669 -0.5824
vn -0.2621 0.9217 -0.2861
vn 0.7338 0.1047 -0.6712
vn 0.7888 0.1716 -0.5902
vn 0.7792 0.1589 -0.6063
vn 0.8339 0.2385 -0.4977
vn 0.8030 0.2803 0.5260
vn 0.3211 0.9470 -0.0046
vn 0.8212 0.5689 -0.0437
vn 0.8629 0.5042 0.0337
vn 0.8487 0.5288 0.0048
vn 0.8482 0.5286 -0.0338
vn 0.8177 0.5666 -0.1020
vn 0.9085 0.3993 0.1237
vn -0.0686 -0.1120 -0.9913
vn 0.9874 -0.1337 -0.0842
vn 0.9825 -0.1804 -0.0456
vn 0.9851 -0.1700 -0.0258
vn 0.9875 -0.1119 -0.1110
vn 0.9882 -0.0308 -0.1498
vn 0.0864 0.1233 -0.9886
vn -0.0494 0.4004 -0.9150
vn -0.0499 0.4241 -0.9043
vn -0.0498 0.4305 -0.9012
vn -0.0502 0.4509 -0.8912
vn -0.9987 0.0359 0.0362
vn -0.9987 0.0362 0.0361
vn -0.9553 0.2931 -0.0375
vn -0.9555 0.2928 -0.0372
vn -0.6763 -0.2685 0.6860
vn -0.6989 -0.0031 0.7152
vn -0.6991 -0.0029 0.7151
vn -0.7448 0.6610 -0.0909
vn -0.7253 0.6806 -0.1039
vn -0.7445 0.6590 -0.1071
vn -0.7446 0.6547 -0.1301
vn -0.8003 0.5642 -0.2031
vn -0.8090 0.5161 -0.2814
vn 0.0006 0.8057 0.5924
vn -0.0602 0.8110 0.5819
vn -0.1006 0.8130 0.5736
vn -0.2184 0.8105 0.5435
vn -0.4498 -0.7410 0.4985
vn -0.4498 -0.7411 0.4985
vn 0.0610 -0.1818 -0.9814
vn -0.0001 -0.2499 -0.9683
vn -0.0464 -0.2515 -0.9667
vn -0.0630 -0.2617 -0.9631
vn 0.5096 -0.7368 -0.4443
vn 0.5096 -0.7368 -0.4444
vn 0.5096 -0.7367 -0.4445
vn 0.3294 0.6486 -0.6862
vn 0.3297 0.6483 -0.6864
vn -0.5899 0.7219 -0.3618
vn -0.5901 0.7219 -0.3616
vn 0.1088 0.9532 -0.2822
vn 0.5653 0.1408 -0.8128
vn 0.1373 0.0389 -0.9898
vn 0.1868 -0.0462 -0.9813
vn 0.1577 0.0040 -0.9875
vn 0.1869 -0.0462 -0.9813
vn 0.2137 -0.0931 -0.9724
vn 0.8151 0.0777 0.5741
vn 0.7946 0.0659 0.6036
vn 0.7957 0.0669 0.6020
vn 0.7835 0.0601 0.6184
vn 0.3405 -0.5166 0.7856
vn 0.2016 -0.6346 0.7460
vn 0.1615 -0.3854 0.9085
vn 0.1731 -0.3734 0.9114
vn 0.0698 0.1249 0.9897
vn -0.5827 0.3898 0.7131
vn -0.7148 0.0691 0.6959
vn -0.6707 0.7408 -0.0383
vn -0.6366 0.7570 -0.1472
vn -0.5468 0.8081 -0.2191
vn -0.4239 0.6269 -0.6536
vn -0.4238 0.6270 -0.6536
vn -0.4243 0.6267 -0.6537
vn -0.2792 0.8112 -0.5138
vn 0.7314 0.1500 -0.6652
vn 0.7079 0.1374 -0.6928
vn 0.7233 0.1456 -0.6750
vn 0.6942 0.1301 -0.7080
vn 0.8142 0.5690 -0.1154
vn 0.8142 0.5689 -0.1156
vn 0.2104 0.2650 0.9410
vn 0.2105 0.2649 0.9410
vn 0.0607 0.6030 0.7954
vn 0.0603 0.6029 0.7955
vn -0.0847 0.3573 0.9302
vn -0.0476 0.2797 0.9589
vn -0.0240 0.2295 0.9730
vn 0.0220 0.1301 0.9913
vn -0.9964 0.0671 0.0511
vn -0.9961 0.0792 0.0388
vn -0.9956 0.0888 0.0291
vn -0.9961 0.0400 0.0785
vn -0.3608 0.7122 0.6022
vn 0.0704 0.9925 0.0995
vn 0.0943 0.9927 0.0754
vn 0.0869 0.9928 0.0827
vn 0.1301 0.9908 0.0381
vn 0.2648 0.7584 -0.5955
vn 0.2297 0.8971 -0.3774
vn 0.3860 0.5910 -0.7083
vn 0.3475 0.5299 -0.7736
vn 0.1804 0.4396 -0.8799
vn 0.1956 0.3855 -0.9017
vn -0.0737 0.3726 -0.9251
vn 0.0405 0.1659 -0.9853
vn 0.0317 0.4162 -0.9087
vn -0.1854 0.3884 -0.9027
vn 0.7653 -0.1818 -0.6175
vn 0.1299 -0.1010 -0.9864
vn 0.1187 -0.1944 -0.9737
vn -0.2725 -0.5410 -0.7956
vn -0.2654 -0.8905 -0.3696
vn 0.0576 -0.9456 -0.3203
vn 0.0237 -0.9217 -0.3872
vn 0.0457 -0.9378 -0.3442
vn 0.0052 -0.9064 -0.4225
vn 0.1135 -0.9625 0.2464
vn 0.9332 0.3532 -0.0662
vn 0.7624 0.6424 0.0773
vn 0.7625 0.6424 0.0774
vn 0.1459 0.4419 -0.8851
vn 0.1464 0.4417 -0.8851
vn 0.5322 0.0671 -0.8439
vn -0.1305 -0.9905 -0.0434
vn -0.1304 -0.9905 -0.0435
vn -0.3233 -0.7339 -0.5974
vn -0.3239 -0.7421 -0.5868
vn -0.3242 -0.7633 -0.5588
vn -0.3239 -0.7666 -0.5544
vn -0.6256 0.0581 -0.7780
vn -0.6892 -0.7231 0.0474
vn 0.9776 -0.2021 -0.0588
vn 0.9750 -0.2093 -0.0744
vn 0.9766 -0.2051 -0.0652
vn 0.9735 -0.2131 -0.0829
vn 0.5977 -0.0631 0.7992
vn 0.6361 -0.0323 0.7709
vn 0.6988 -0.1508 0.6992
vn 0.5808 -0.0069 0.8140
vn 0.6476 0.0542 0.7600
vn 0.7178 -0.1728 0.6745
vn 0.7287 -0.2738 0.6277
vn 0.8642 -0.1562 -0.4783
vn 0.8585 -0.1252 -0.4973
vn 0.8498 -0.0877 -0.5198
vn 0.8708 -0.2023 -0.4482
vn 0.0045 -0.9999 -0.0131
vn 0.0649 -0.3634 0.9294
vn 0.0648 -0.3633 0.9294
vn 0.9511 0.2862 -0.1161
vn 0.9686 0.2365 -0.0768
vn 0.9717 0.2258 -0.0689
vn 0.9799 0.1948 -0.0441
vn 0.6243 -0.6178 -0.4781
vn 0.4988 -0.8558 -0.1374
vn 0.4987 -0.8558 -0.1375
vn 0.4989 -0.8557 -0.1371
vn -0.9854 -0.1430 0.0922
vn -0.9849 -0.1458 0.0934
vn -0.9965 -0.0712 0.0433
vn -0.9595 -0.2355 0.1545
vn -0.1972 0.2572 -0.9460
vn -0.1217 0.3400 -0.9325
vn -0.1554 0.2812 -0.9470
vn -0.1130 0.3627 -0.9250
vn -0.1354 0.3328 -0.9332
vn -0.0814 0.3762 -0.9230
vn -0.7005 0.3470 -0.6237
vn -0.7682 -0.4997 -0.4002
vn -0.7680 -0.4999 -0.4004
vn -0.6675 -0.1595 -0.7273
vn -0.6677 -0.1596 -0.7271
vn -0.8388 -0.2330 -0.4921
vn -0.9918 -0.1059 -0.0710
vn -0.9017 -0.1359 0.4105
vn -0.9015 -0.1359 0.4108
vn -0.9917 0.1225 -0.0396
vn -0.9973 0.0417 -0.0613
vn -0.9952 0.0592 -0.0777
vn -0.9878 -0.0879 -0.1288
vn -0.9908 -0.0468 -0.1270
vn -0.9766 -0.1578 -0.1459
vn -0.9851 -0.0950 -0.1434
vn -0.0024 -0.2223 -0.9750
vn 0.0215 -0.3263 -0.9450
vn 0.0246 -0.3282 -0.9443
vn 0.0208 -0.3256 -0.9453
vn 0.0177 -0.2593 0.9656
vn 0.0176 -0.2592 0.9657
vn 0.0178 -0.2593 0.9656
vn 0.2080 -0.0465 0.9770
vn 0.3981 0.4722 0.7865
vn 0.4336 0.3775 0.8182
vn 0.4612 0.3244 0.8259
vn 0.4336 0.3773 0.8183
vn 0.5277 0.1728 0.8317
vn 0.4613 0.3242 0.8259
vn 0.5607 0.1320 0.8174
vn 0.8745 -0.2321 0.4259
vn 0.9097 -0.1036 0.4022
vn 0.1003 -0.4848 0.8688
vn 0.0719 -0.6148 0.7854
vn 0.0683 -0.6296 0.7739
vn 0.1034 -0.4694 0.8769
vn 0.2940 0.1409 0.9454
vn 0.2941 0.1407 0.9454
vn 0.2940 0.1410 0.9454
vn 0.8363 -0.4918 0.2423
vn 0.8363 -0.4918 0.2424
vn 0.8362 -0.4918 0.2426
vn 0.3146 -0.3222 0.8929
vn -0.0247 -0.3241 0.9457
vn -0.0173 -0.3503 0.9365
vn -0.0094 -0.3148 0.9491
vn 0.0121 -0.4123 0.9110
vn 0.0513 -0.4711 0.8806
vn 0.5485 -0.6826 0.4829
vn 0.7360 -0.6165 0.2798
vn 0.7360 -0.6164 0.2799
vn 0.0296 -0.0124 -0.9995
vn -0.7913 -0.1678 -0.5879
vn -0.7836 -0.1777 -0.5953
vn -0.8315 -0.1865 -0.5232
vn -0.7772 -0.1797 -0.6031
vn -0.8526 -0.3451 -0.3925
vn 0.0104 -0.9985 -0.0540
vn -0.0609 -0.9870 -0.1489
vn -0.0431 -0.9676 -0.2486
vn -0.0187 -0.9998 0.0076
vn -0.0315 -0.9929 0.1149
vn 0.0131 -0.9984 -0.0554
vn 0.0051 -0.9978 -0.0664
vn -0.1054 -0.9661 -0.2355
vn -0.0110 -0.9980 -0.0627
vn 0.0022 -0.9987 -0.0505
vn 0.5058 -0.8610 0.0526
vn 0.5000 -0.8645 0.0514
vn 0.4011 -0.9155 0.0316
vn 0.3950 -0.9182 0.0300
vn 0.0071 -0.9996 0.0279
vn -0.0208 -0.9987 -0.0463
vn 0.0309 -0.9986 -0.0421
vn -0.2098 -0.9618 0.1757
vn -0.1904 -0.9760 0.1055
vn -0.2600 -0.9480 0.1834
vn -0.2443 -0.9364 0.2518
vn -0.2267 -0.9430 0.2437
vn -0.1498 -0.8202 0.5521
vn 0.4580 -0.8810 -0.1190
vn 0.4579 -0.8810 -0.1189
vn -0.9723 0.0387 0.2305
vn -0.9723 0.0386 0.2305
vn -0.4565 -0.8892 0.0305
vn -0.7436 -0.6681 0.0280
vn -0.7313 -0.6807 0.0426
vn -0.7011 -0.7090 0.0760
vn -0.6876 -0.7205 0.0903
vn -0.8961 0.4395 0.0614
vn -0.7902 0.5988 0.1307
vn -0.8843 0.4614 0.0712
vn -0.8095 0.5713 0.1356
vn -0.8108 0.5695 0.1355
vn 0.5576 0.8291 0.0404
vn 0.5943 0.8042 -0.0059
vn 0.5427 0.8379 0.0584
vn 0.6073 0.7942 -0.0230
vn 0.9415 -0.3326 -0.0543
vn 0.9390 -0.3396 -0.0548
vn 0.8494 -0.5244 -0.0595
vn 0.9389 -0.3397 -0.0548
vn 0.8462 -0.5299 -0.0554
vn 0.8493 -0.5245 -0.0595
vn 0.8454 -0.5319 -0.0476
vn -0.2938 -0.9557 -0.0192
vn -0.2939 -0.9556 -0.0192
vn -0.1920 -0.2370 0.9523
vn -0.7872 -0.5702 -0.2349
vn -0.9812 -0.0549 0.1849
vn 0.1597 0.9648 0.2088
vn 0.2043 0.9640 0.1704
vn 0.2828 0.9287 0.2398
vn 0.1688 0.9834 0.0667
vn 0.3594 0.9124 0.1959
vn 0.9923 0.0688 -0.1030
vn 0.9760 0.0219 0.2165
vn 0.9801 -0.1982 0.0078
vn -0.7654 0.0129 0.6434
vn -0.7553 0.0805 0.6504
vn -0.7740 -0.0864 0.6272
vn -0.7522 0.1370 0.6445
vn -0.7305 0.2003 0.6529
vn 0.7604 0.6477 0.0477
vn 0.7603 0.6478 0.0477
vn 0.6828 -0.7304 -0.0146
vn -0.2199 0.2237 -0.9495
vn -0.2199 0.2238 -0.9495
vn -0.7224 0.5065 -0.4707
vn -0.6803 0.5709 -0.4597
vn -0.7654 0.4107 -0.4955
vn -0.6830 0.5894 -0.4313
vn -0.8151 0.3690 -0.4465
vn -0.7408 0.2430 -0.6262
vn -0.7408 0.2430 -0.6263
vn -0.7142 0.2057 -0.6690
vn -0.6867 0.1440 -0.7126
vn -0.2526 0.6916 -0.6767
vn -0.3802 0.4434 -0.8117
vn -0.4389 0.4087 -0.8002
vn -0.4489 0.2696 -0.8519
vn -0.3086 0.4526 -0.8366
vn -0.4549 0.2343 -0.8592
vn -0.4715 0.2225 -0.8533
vn -0.3765 0.7160 -0.5879
vn -0.2182 0.0886 -0.9719
vn -0.2349 0.0635 -0.9699
vn -0.1831 0.0734 -0.9804
vn -0.1050 0.1158 -0.9877
vn -0.0832 0.1422 -0.9863
vn -0.1020 0.1818 -0.9780
vn 0.0270 0.4196 -0.9073
vn 0.0646 0.4433 -0.8940
vn 0.1304 0.4834 -0.8656
vn 0.1828 0.5135 -0.8384
vn -0.0218 0.2760 -0.9609
vn 0.0241 0.2393 -0.9706
vn 0.0083 0.2522 -0.9676
vn 0.0839 0.1897 -0.9782
vn -0.0048 -0.4812 0.8766
vn 0.6615 -0.4704 0.5841
vn 0.6517 -0.4447 0.6144
vn 0.6816 -0.5340 0.5003
vn 0.6276 -0.3880 0.6749
vn 0.1454 -0.3684 0.9182
vn 0.1085 0.7726 0.6255
vn 0.9997 0.0251 -0.0078
vn 0.9996 0.0252 -0.0081
vn 0.6773 -0.0501 0.7340
vn 0.6774 0.0110 0.7355
vn 0.6232 0.0941 0.7764
vn 0.5607 0.1489 0.8145
vn 0.4754 0.1613 0.8649
vn 0.2361 0.7093 0.6642
vn 0.2360 0.7092 0.6643
vn 0.2359 0.7092 0.6643
vn -0.9576 0.2822 0.0584
vn -0.9675 0.2424 0.0719
vn -0.9816 0.1881 0.0327
vn -0.9816 0.1880 0.0326
vn -0.9891 0.1470 0.0123
vn -0.9925 0.0853 -0.0875
vn -0.9883 -0.1481 -0.0360
vn -0.5629 -0.7662 0.3100
vn -0.5628 -0.7664 0.3096
vn -0.8558 -0.4996 -0.1340
vn -0.8557 -0.4999 -0.1339
vn 0.0282 -0.8388 -0.5437
vn -0.3710 -0.0083 -0.9286
vn -0.2558 0.4649 -0.8476
vn -0.3264 0.4015 -0.8557
vn -0.3279 0.4000 -0.8558
vn -0.3712 0.3579 -0.8568
vn 0.2590 0.2447 -0.9344
vn 0.6133 0.4448 -0.6527
vn 0.5635 0.5308 -0.6330
vn 0.6308 0.4361 -0.6418
vn 0.5409 0.5767 -0.6122
vn 0.6589 0.4818 -0.5777
vn 0.5430 0.6563 -0.5238
vn 0.5554 0.6785 -0.4808
vn 0.9609 0.0441 0.2735
vn 0.8812 -0.3754 0.2874
vn 0.9947 0.0910 0.0475
vn 0.4051 0.8499 -0.3369
vn 0.4051 0.8500 -0.3368
vn -0.4522 0.0937 0.8870
vn -0.4593 0.1283 0.8790
vn -0.4621 0.1410 0.8755
vn -0.4698 0.1814 0.8639
vn -0.6435 0.3446 -0.6835
vn -0.7050 0.3810 -0.5981
vn -0.6747 0.3630 -0.6427
vn -0.7238 0.3914 -0.5683
vn -0.1146 -0.2678 -0.9566
vn 0.0742 0.4016 -0.9128
vn 0.0468 0.4663 -0.8834
vn 0.0668 0.4185 -0.9057
vn 0.0372 0.4874 -0.8724
vn -0.0242 0.9850 0.1707
vn -0.0449 0.9947 0.0923
vn -0.1015 0.9929 0.0616
vn -0.0644 0.9979 -0.0040
vn -0.1507 0.9858 0.0740
vn -0.1509 0.9858 0.0740
vn -0.2427 0.9637 0.1114
vn -0.1016 0.9929 0.0617
vn -0.4107 0.3325 0.8490
vn -0.4107 0.3322 0.8491
vn -0.2607 -0.7970 0.5449
vn -0.0887 -0.4956 -0.8640
vn -0.0791 -0.5452 -0.8346
vn -0.0363 -0.5861 -0.8094
vn 0.0429 -0.5956 -0.8021
vn 0.0430 -0.5956 -0.8022
vn 0.1103 -0.5699 -0.8143
vn -0.0362 -0.5861 -0.8094
vn 0.6479 -0.5700 -0.5054
vn 0.6755 -0.5087 -0.5338
vn 0.5650 -0.6225 -0.5415
vn 0.7317 -0.4695 -0.4941
vn 0.6875 -0.4479 -0.5716
vn 0.9110 0.0291 -0.4114
vn 0.4367 0.8871 -0.1494
vn 0.4443 0.8785 -0.1757
vn 0.4510 0.8687 -0.2047
vn 0.4584 0.8569 -0.2356
vn -0.0367 0.9940 -0.1032
vn -0.0843 0.9389 -0.3337
vn -0.6486 0.6241 -0.4357
vn -0.7941 0.6052 -0.0556
vn 0.0434 0.6390 0.7680
vn -0.9877 -0.0880 -0.1289
vn -0.9442 -0.2684 -0.1911
vn -0.9766 -0.1579 -0.1460
vn 0.5181 -0.3934 0.7594
vn 0.5196 -0.4048 0.7524
vn 0.5191 -0.3991 0.7558
vn 0.5204 -0.4117 0.7481
vn 0.6954 -0.6823 -0.2254
vn 0.7205 -0.6621 -0.2062
vn 0.6387 -0.7448 -0.1933
vn 0.7598 -0.6340 -0.1442
vn 0.7625 -0.6380 -0.1077
vn 0.7409 -0.6685 -0.0646
vn 0.3004 -0.2496 -0.9206
vn 0.3697 -0.8891 -0.2698
vn 0.4244 -0.8914 -0.1589
vn 0.3521 -0.8980 -0.2640
vn 0.4579 -0.8817 -0.1139
vn 0.3263 -0.8783 -0.3494
vn -0.0688 -0.9963 0.0518
vn -0.0641 -0.9750 0.2130
vn -0.1458 -0.9868 0.0699
vn 0.0261 -0.9472 0.3196
vn -0.0947 -0.9559 -0.2781
vn -0.1717 -0.9778 -0.1198
vn -0.0003 0.0448 0.9990
vn -0.0127 0.0641 0.9979
vn -0.0235 0.0820 0.9964
vn -0.0326 0.0954 0.9949
vn -0.2100 -0.6680 0.7139
vn -0.2100 -0.6681 0.7138
vn 0.9910 -0.1148 -0.0687
vn 0.9784 -0.2050 -0.0261
vn 0.9849 -0.1640 0.0548
vn 0.9946 -0.0703 -0.0769
vn 0.9871 -0.1368 0.0827
vn 0.9691 0.2428 0.0435
vn -0.2596 -0.6931 -0.6725
vn -0.2597 -0.6931 -0.6724
vn 0.2003 -0.8884 -0.4131
vn 0.2002 -0.8882 -0.4134
vn -0.0689 -0.9710 -0.2291
vn 0.0495 -0.7263 0.6856
vn -0.1054 -0.9661 -0.2356
vn -0.0964 -0.9308 -0.3526
vn -0.0431 -0.9676 -0.2487
vn -0.1883 -0.9704 -0.1510
vn -0.1844 -0.9760 -0.1158
vn -0.0356 -0.9968 -0.0718
vn -0.2850 -0.9517 -0.1140
vn -0.0194 -0.9985 -0.0509
vn 0.0165 -0.9992 -0.0364
vn -0.0557 -0.9933 -0.1014
vn 0.0129 -0.9988 -0.0465
vn 0.9917 0.0875 0.0943
vn 0.9884 0.1518 0.0061
vn 0.9915 0.1209 0.0487
vn 0.9812 0.1879 -0.0442
vn 0.6293 -0.7750 -0.0579
vn 0.9971 -0.0736 -0.0197
vn -0.0311 -0.8819 -0.4703
vn -0.0311 -0.8819 -0.4704
vn -0.0479 -0.3747 -0.9259
vn -0.3783 -0.9225 0.0766
vn -0.2919 -0.9557 0.0393
vn -0.3588 -0.9310 0.0677
vn -0.2786 -0.9598 0.0337
vn -0.9502 -0.2831 0.1303
vn -0.8009 0.4660 0.3761
vn -0.8808 0.3640 0.3028
vn -0.8158 0.4489 0.3645
vn -0.8985 0.3359 0.2825
vn -0.6764 0.4827 0.5563
vn -0.5855 0.6466 0.4889
vn -0.5918 0.6307 0.5021
vn -0.4904 0.7713 0.4058
vn -0.4279 0.8474 0.3142
vn -0.2905 0.9379 0.1894
vn -0.3411 0.9070 0.2470
vn 0.7373 0.6755 -0.0083
vn 0.7371 0.6755 -0.0177
vn 0.7499 0.6614 -0.0139
vn 0.7376 0.6750 -0.0176
vn 0.7509 0.6603 -0.0138
vn 0.2309 0.9092 0.3464
vn 0.2309 0.9092 0.3465
vn -0.2503 0.9670 -0.0482
vn -0.1699 0.9855 -0.0010
vn -0.0698 0.9954 0.0661
vn -0.1889 0.9814 0.0333
vn -0.1239 0.9920 -0.0230
vn -0.1569 0.9843 0.0807
vn -0.1971 0.9794 0.0441
vn -0.3753 0.9263 0.0323
vn -0.0327 0.5845 -0.8108
vn -0.0327 0.5845 -0.8107
vn 0.0048 0.9576 -0.2882
vn 0.3356 0.9405 -0.0527
vn 0.3439 0.9367 -0.0664
vn 0.3526 0.9322 -0.0814
vn 0.3605 0.9280 -0.0940
vn 0.9917 0.1179 -0.0504
vn -0.7654 0.4106 -0.4956
vn -0.7033 0.2164 -0.6771
vn -0.6831 0.5313 -0.5011
vn 0.3138 0.7273 0.6104
vn 0.0233 -0.5194 0.8542
vn 0.0119 -0.4752 0.8798
vn -0.0205 -0.3112 0.9501
vn -0.0344 -0.2887 0.9568
vn -0.0120 -0.2381 0.9712
vn -0.0030 -0.2186 0.9758
vn 0.4513 -0.5591 0.6956
vn 0.4508 -0.5591 0.6958
vn 0.4510 -0.5591 0.6957
vn 0.9343 -0.0949 -0.3436
vn -0.3528 -0.0197 0.9355
vn -0.3568 -0.0110 0.9341
vn -0.3551 -0.0148 0.9347
vn -0.3589 -0.0063 0.9334
vn 0.5003 0.1482 0.8531
vn 0.1873 -0.0104 0.9823
vn 0.1872 -0.0104 0.9823
vn 0.1842 0.9828 0.0150
vn -0.0408 -0.1653 -0.9854
vn 0.2875 0.0319 -0.9572
vn 0.2876 0.0319 -0.9572
vn -0.1869 -0.0006 -0.9824
vn -0.1888 0.0249 -0.9817
vn -0.1592 0.0484 -0.9861
vn -0.2288 -0.0514 -0.9721
vn 0.0743 0.1358 -0.9879
vn -0.4513 0.0816 0.8887
vn -0.0150 -0.0869 0.9961
vn 0.2361 0.2684 0.9339
vn 0.1665 0.1374 0.9764
vn 0.2170 0.2320 0.9482
vn 0.9050 -0.2635 -0.3339
vn 0.9051 -0.2635 -0.3338
vn -0.1127 0.3715 0.9216
vn -0.1126 0.3715 0.9216
vn -0.1128 0.3714 0.9216
vn 0.4227 -0.2676 -0.8659
vn 0.7403 -0.1493 -0.6555
vn 0.7404 -0.1493 -0.6554
vn -0.0923 0.0201 -0.9955
vn -0.1407 0.0165 -0.9899
vn -0.1983 0.0122 -0.9801
vn -0.0195 0.0255 -0.9995
vn -0.5947 0.0620 -0.8015
vn 0.5891 -0.0597 0.8058
vn 0.5892 -0.0598 0.8058
vn 0.2361 0.2685 0.9339
vn 0.2171 0.2322 0.9481
vn 0.2786 0.3522 0.8935
vn -0.9567 0.2884 0.0404
vn -0.9567 0.2882 0.0402
vn -0.9568 0.2881 0.0401
vn -0.1364 0.9811 0.1375
vn -0.0819 0.9755 0.2040
vn -0.0177 0.9645 0.2636
vn -0.0028 0.9583 0.2858
vn 0.0186 0.9564 0.2913
vn 0.3032 0.9517 -0.0478
vn 0.7249 0.6768 -0.1285
vn 0.7243 0.6855 -0.0746
vn 0.7050 0.7051 -0.0761
vn 0.6978 0.7149 -0.0444
vn 0.7424 0.6695 -0.0261
vn 0.7628 0.6465 0.0167
vn 0.5596 0.2811 -0.7796
vn 0.5867 0.2993 -0.7524
vn 0.5546 0.2779 -0.7843
vn 0.5929 0.3033 -0.7460
vn -0.5770 0.0243 -0.8164
vn -0.5768 0.0242 -0.8165
vn -0.5651 -0.3064 -0.7660
vn -0.8969 -0.2758 -0.3457
vn -0.8817 -0.2933 -0.3695
vn -0.9237 -0.2408 -0.2980
vn -0.8490 -0.3268 -0.4151
vn 0.0898 0.9948 -0.0482
vn 0.0517 0.9921 -0.1143
vn 0.0150 0.9841 -0.1770
vn -0.0263 0.9687 -0.2467
vn -0.0247 0.9925 0.1197
vn -0.4001 0.3958 0.8266
vn -0.7242 0.5078 -0.4666
vn -0.0712 0.8579 0.5089
vn -0.0710 0.8581 0.5085
vn -0.0517 0.8699 -0.4905
vn -0.0521 0.8700 -0.4903
vn 0.9496 0.2694 -0.1603
vn 0.9627 0.2372 -0.1302
vn 0.9689 0.2196 -0.1138
vn 0.9812 0.1776 -0.0750
vn 0.9189 -0.3937 0.0245
vn 0.5022 -0.7664 -0.4005
vn 0.4662 -0.7825 -0.4128
vn 0.3483 -0.8180 -0.4579
vn 0.5351 -0.7834 -0.3163
vn 0.2938 -0.8472 -0.4426
vn 0.9260 0.1524 -0.3454
vn 0.9347 0.1353 -0.3286
vn 0.9367 0.1318 -0.3244
vn 0.9463 0.1117 -0.3033
vn 0.5164 0.8494 -0.1091
vn 0.5165 0.8493 -0.1088
vn 0.5164 0.8494 -0.1089
vn -0.3549 0.3868 -0.8511
vn -0.3434 0.3635 -0.8660
vn -0.4050 0.2719 -0.8730
vn -0.3433 0.3635 -0.8660
vn -0.3747 0.2542 -0.8916
vn -0.4050 0.2718 -0.8730
vn -0.4987 0.1516 -0.8534
vn -0.5633 0.1051 -0.8196
vn -0.4051 0.2717 -0.8730
vn 0.6739 -0.0738 -0.7351
vn 0.7522 -0.0167 -0.6587
vn 0.7039 -0.0522 -0.7084
vn 0.7523 -0.0167 -0.6587
vn 0.7839 0.0092 -0.6209
vn 0.7040 -0.0522 -0.7083
vn 0.7750 0.6109 0.1619
vn 0.0059 0.8219 0.5696
vn -0.2585 0.4952 0.8294
vn -0.6140 0.7787 0.1289
vn 0.9837 0.1777 -0.0273
vn 0.9837 0.1775 -0.0276
vn 0.9327 0.2532 0.2569
vn 0.9983 0.0571 0.0061
vn 0.8990 0.0531 0.4347
vn 0.6368 0.3951 0.6621
vn 0.6393 0.4093 -0.6509
vn 0.6393 0.4095 -0.6508
vn 0.7441 -0.3228 -0.5849
vn 0.7436 -0.3237 -0.5850
vn 0.7215 -0.3466 -0.5994
vn 0.7673 -0.2984 -0.5676
vn 0.5415 -0.1951 -0.8178
vn 0.5190 0.0377 -0.8539
vn 0.5260 0.0293 -0.8500
vn 0.5241 0.0308 -0.8511
vn 0.5308 0.0233 -0.8472
vn 0.3160 0.8052 -0.5018
vn 0.3568 0.3943 -0.8469
vn 0.3569 0.3944 -0.8468
vn 0.5463 0.8192 0.1745
vn 0.5199 0.8269 0.2144
vn 0.5269 0.8249 0.2045
vn 0.5035 0.8305 0.2382
vn 0.6431 0.1682 0.7471
vn 0.6001 0.1949 0.7758
vn 0.6230 0.1804 0.7611
vn 0.5718 0.2103 0.7930
vn 0.5586 -0.2905 0.7769
vn 0.4129 -0.9100 -0.0376
vn -0.7216 -0.2621 0.6408
vn -0.5072 -0.0252 0.8615
vn -0.9976 0.0661 0.0189
vn -0.9498 -0.1554 -0.2715
vn 0.0697 0.2490 -0.9660
vn -0.2294 0.7784 -0.5843
vn -0.2294 0.7784 -0.5844
vn -0.2058 0.2406 -0.9486
vn -0.1387 0.3037 -0.9426
vn -0.1593 0.2845 -0.9454
vn -0.0705 0.3647 -0.9285
vn -0.6412 0.1401 -0.7545
vn -0.7854 0.6189 0.0034
vn -0.3156 0.2499 0.9154
vn 0.4481 0.1331 0.8840
vn -0.4400 -0.1844 -0.8789
vn -0.4399 -0.1844 -0.8789
vn -0.4398 -0.1843 -0.8790
vn -0.5061 -0.6450 -0.5726
vn -0.9894 0.0943 0.1101
vn -0.9914 0.0760 0.1065
vn -0.9882 0.1049 0.1120
vn -0.9925 0.0629 0.1046
vn -0.9162 0.3200 0.2412
vn 0.1150 -0.2478 0.9620
vn 0.0658 0.1813 0.9812
vn -0.7094 -0.1199 0.6945
vn -0.7096 -0.1195 0.6944
vn -0.7095 -0.1198 0.6945
vn -0.1718 -0.9715 -0.1634
vn -0.7712 0.6313 0.0812
vn -0.7903 0.6037 0.1048
vn -0.8299 0.5347 0.1590
vn -0.8513 0.4879 0.1930
vn -0.1559 0.9870 -0.0393
vn -0.1365 0.9830 -0.1225
vn -0.1415 0.9847 -0.1019
vn -0.1164 0.9723 -0.2028
vn 0.5928 0.7811 -0.1963
vn -0.5345 -0.5322 -0.6566
vn -0.1963 -0.9267 -0.3205
vn -0.2143 -0.9265 -0.3092
vn -0.1228 -0.9231 -0.3644
vn -0.2864 -0.9217 -0.2615
vn -0.9806 -0.0334 -0.1933
vn -0.8985 -0.4385 0.0191
vn -0.8538 -0.5202 0.0181
vn -0.8404 -0.5417 0.0177
vn -0.8097 -0.5867 0.0161
vn -0.0564 -0.8878 0.4567
vn -0.0160 -0.4747 -0.8800
vn -0.0092 -0.4648 -0.8854
vn 0.0072 -0.4404 -0.8978
vn 0.0361 -0.3963 -0.9174
vn -0.7556 -0.6545 0.0288
vn -0.7648 -0.6418 0.0563
vn -0.7460 -0.6659 0.0007
vn -0.7989 -0.5680 0.1978
vn -0.1502 -0.8659 -0.4772
vn -0.1502 -0.8659 -0.4771
vn 0.0817 -0.5650 0.8210
vn 0.6657 -0.7462 -0.0047
vn 0.7528 -0.0952 0.6513
vn 0.7529 -0.0952 0.6512
vn 0.7530 -0.0952 0.6511
vn 0.5226 -0.7914 -0.3170
vn 0.5227 -0.7913 -0.3171
vn 0.8921 -0.1213 -0.4353
vn 0.0573 -0.0983 -0.9935
vn 0.0571 -0.0980 -0.9935
vn 0.0117 -0.9998 0.0154
vn 0.0119 -0.9998 0.0151
vn 0.0080 -0.9998 -0.0165
vn 0.0077 -0.9998 -0.0164
vn -0.8643 -0.1203 -0.4884
vn -0.8681 -0.1447 -0.4748
vn -0.8714 -0.1700 -0.4602
vn -0.8743 -0.2008 -0.4419
vn -0.1010 -0.1315 0.9862
vn -0.0733 -0.9375 0.3403
vn -0.7337 0.0090 -0.6795
vn -0.7339 0.0091 -0.6792
vn 0.3552 0.5977 0.7187
vn 0.3551 0.5977 0.7188
vn -0.5504 -0.1287 0.8250
vn -0.5505 -0.1287 0.8249
vn -0.7732 0.6161 0.1503
vn -0.7732 0.6159 0.1507
vn 0.4717 -0.8802 0.0524
vn 0.4719 -0.8801 0.0521
vn 0.6548 -0.0576 -0.7536
vn 0.6545 -0.0574 -0.7539
vn -0.5722 -0.8176 0.0636
vn -0.5835 -0.8120 0.0131
vn -0.4855 -0.8540 0.1872
vn -0.6440 -0.7646 -0.0259
vn -0.4717 -0.8540 0.2194
vn 0.5636 0.0802 -0.8221
vn 0.5638 0.0805 -0.8220
vn 0.5637 0.0804 -0.8220
vn -0.6051 -0.2320 -0.7616
vn -0.5781 -0.1866 -0.7944
vn -0.5697 -0.1739 -0.8033
vn -0.5444 -0.1338 -0.8281
vn 0.3728 0.1451 -0.9165
vn 0.3727 0.1450 -0.9165
vn 0.4286 -0.3901 -0.8150
vn 0.3586 -0.3367 -0.8706
vn 0.3435 -0.3251 -0.8811
vn 0.2553 -0.2567 -0.9322
vn 0.4796 0.5280 -0.7008
vn 0.4798 0.5283 -0.7005
vn 0.4798 0.5282 -0.7006
vn -0.9224 0.1597 -0.3516
vn -0.9223 0.1599 -0.3518
vn -0.9225 0.1596 -0.3515
vn -0.6980 0.4454 -0.5608
vn -0.0476 -0.0503 -0.9976
vn -0.0472 -0.0504 -0.9976
vn -0.4268 0.8500 0.3087
vn -0.0581 0.9863 -0.1544
vn -0.1121 0.0934 0.9893
vn -0.4636 0.3088 0.8305
vn -0.8079 0.1927 0.5569
vn -0.8080 0.1922 0.5570
vn -0.9566 0.2730 -0.1019
vn -0.9566 0.2701 -0.1090
vn -0.9567 0.2666 -0.1169
vn -0.9567 0.2638 -0.1234
vn 0.6503 0.7420 0.1629
vn 0.6667 0.7364 0.1148
vn 0.6744 0.7328 0.0900
vn 0.6419 0.7440 0.1856
vn 0.3931 0.8630 -0.3175
vn 0.4190 0.7600 -0.4969
vn 0.3617 0.8820 -0.3021
vn 0.4523 0.7715 -0.4474
vn 0.4443 0.6853 -0.5771
vn 0.3916 0.5938 -0.7029
vn 0.1056 0.9895 -0.0982
vn 0.1197 0.9919 -0.0425
vn 0.1222 0.9919 -0.0350
vn 0.1265 0.9918 -0.0166
vn 0.1275 0.9917 -0.0149
vn -0.8844 0.1399 -0.4452
vn -0.8844 0.1399 -0.4453
vn -0.0994 0.6880 0.7189
vn 0.1762 0.6611 0.7293
vn 0.1360 0.6199 0.7728
vn 0.1243 0.6034 0.7877
vn 0.2622 0.7055 0.6585
vn 0.1550 0.5763 0.8024
vn 0.5143 0.8531 0.0873
vn 0.6618 0.5443 0.5155
vn 0.0428 0.9620 0.2695
vn 0.0285 0.9595 0.2803
vn -0.0094 0.9509 0.3094
vn 0.0918 0.9687 0.2306
vn -0.2752 0.3610 0.8910
vn -0.2750 0.3609 0.8911
vn -0.2748 0.3608 0.8913
vn -0.4621 0.8009 -0.3809
vn -0.4442 0.8369 -0.3199
vn -0.4693 0.7846 -0.4053
vn -0.4369 0.8491 -0.2970
vn -0.9596 0.2397 -0.1475
vn -0.3101 0.6927 -0.6512
vn -0.1855 0.3883 -0.9027
vn -0.3185 0.4310 -0.8443
vn -0.3479 0.3669 -0.8627
vn -0.0739 0.3726 -0.9250
vn -0.3066 0.5168 -0.7994
vn -0.2158 0.0583 -0.9747
vn -0.1989 0.0411 -0.9792
vn -0.1676 0.0087 -0.9858
vn -0.1590 -0.0001 -0.9873
vn -0.8324 0.1743 0.5260
vn -0.1555 -0.5922 -0.7906
vn -0.1460 -0.5864 -0.7968
vn -0.1481 -0.5879 -0.7952
vn -0.1390 -0.5815 -0.8016
vn -0.3187 -0.9456 0.0659
vn -0.3254 -0.9432 0.0676
vn -0.3329 -0.9404 0.0696
vn -0.3140 -0.9472 0.0647
vn 0.1781 -0.0034 0.9840
vn -0.2384 0.0413 0.9703
vn -0.2380 0.0417 0.9704
vn -0.2381 0.0416 0.9703
vn -0.9565 -0.1310 0.2608
vn -0.9570 -0.1635 0.2396
vn -0.9560 -0.1971 0.2172
vn -0.9539 -0.0919 0.2856
vn -0.7642 -0.6327 0.1250
vn -0.6917 0.7217 0.0247
vn -0.7981 0.6019 -0.0280
vn -0.7352 0.6778 0.0042
vn -0.8280 0.5589 -0.0452
vn -0.9867 -0.1142 0.1159
vn -0.9907 -0.1139 0.0746
vn -0.9912 -0.1178 0.0605
vn -0.9925 -0.1187 0.0295
vn -0.9921 -0.1250 0.0057
vn -0.9920 -0.1261 -0.0040
vn 0.0925 -0.2147 0.9723
vn 0.0194 -0.1704 0.9852
vn 0.0542 -0.1713 0.9837
vn 0.0203 -0.2171 0.9759
vn -0.0348 -0.1363 0.9901
vn 0.0279 -0.0686 0.9973
vn -0.0077 -0.3871 0.9220
vn 0.5451 -0.3024 -0.7819
vn 0.5453 -0.3025 -0.7817
vn 0.5452 -0.3025 -0.7818
vn -0.5885 -0.3078 -0.7476
vn -0.0959 -0.0695 -0.9930
vn -0.9846 -0.1699 -0.0408
vn -0.9811 -0.1830 -0.0623
vn -0.9784 -0.1918 -0.0770
vn -0.9726 -0.2079 -0.1037
vn 0.5695 -0.7779 -0.2658
vn -0.5468 -0.0729 0.8341
vn -0.5647 -0.0932 0.8200
vn -0.5700 -0.0983 0.8158
vn -0.5921 -0.1249 0.7961
vn -0.5037 -0.7080 -0.4951
vn -0.5036 -0.7079 -0.4952
vn -0.8329 -0.2579 -0.4896
vn -0.7885 -0.2054 -0.5797
vn -0.8240 -0.2465 -0.5102
vn -0.7638 -0.1795 -0.6200
vn -0.8485 -0.4489 0.2802
vn -0.8656 -0.3968 0.3056
vn -0.7766 -0.5751 0.2570
vn -0.8612 -0.3121 0.4010
vn -0.7345 -0.6197 0.2766
vn -0.7039 -0.5949 0.3881
vn -0.6884 0.7254 -0.0026
vn -0.6578 0.6909 0.2999
vn 0.4349 0.4405 0.7854
vn 0.4350 0.4145 0.7993
vn 0.4344 0.3928 0.8105
vn 0.4339 0.3653 0.8236
vn 0.6429 0.7299 -0.2322
vn 0.6589 0.6975 -0.2817
vn 0.6238 0.7519 -0.2136
vn 0.7097 0.6356 -0.3037
vn 0.6632 0.6725 -0.3284
vn 0.7158 0.6213 -0.3188
vn 0.8080 0.4882 -0.3299
vn 0.0141 0.8800 -0.4748
vn -0.0265 0.8713 -0.4900
vn 0.0183 0.9393 -0.3426
vn 0.0566 0.7848 -0.6171
vn 0.0635 0.9535 -0.2945
vn 0.0445 0.5454 -0.8370
vn 0.1689 0.2753 -0.9464
vn 0.5640 -0.1249 -0.8162
vn 0.5640 -0.1250 -0.8162
vn -0.9271 0.3732 0.0352
vn -0.9445 0.3275 -0.0269
vn -0.9566 0.2687 -0.1131
vn -0.8443 0.5350 0.0298
vn -0.9452 0.3217 -0.0554
vn -0.9777 0.1838 -0.1013
vn -0.9715 0.1686 -0.1668
vn 0.5788 0.6171 0.5330
vn 0.5793 0.6167 0.5330
vn -0.5562 0.2593 -0.7896
vn -0.7001 -0.6250 -0.3453
vn -0.7002 -0.6251 -0.3450
vn -0.7203 -0.1603 -0.6748
vn -0.7205 -0.1604 -0.6747
vn -0.9107 -0.4100 0.0501
vn -0.9131 -0.4039 0.0563
vn -0.9265 -0.3632 0.0984
vn -0.8912 -0.4536 0.0032
vn 0.4414 -0.8203 0.3636
vn 0.3428 -0.9300 0.1323
vn 0.1933 -0.5767 0.7938
vn 0.2456 -0.6337 0.7335
vn 0.1546 -0.5321 0.8325
vn 0.2855 -0.6749 0.6804
vn -0.7881 -0.2794 -0.5485
vn -0.2156 0.2908 -0.9322
vn -0.2158 0.2910 -0.9321
vn -0.6047 -0.7539 0.2569
vn 0.0055 -0.7306 -0.6828
vn 0.6309 -0.6466 -0.4287
vn 0.6013 -0.7087 -0.3690
vn 0.6398 -0.6947 -0.3287
vn 0.5753 -0.7596 -0.3034
vn 0.6512 -0.7184 -0.2447
vn 0.6798 -0.6818 -0.2701
vn 0.6711 -0.7180 -0.1846
vn 0.6513 -0.6709 -0.3546
vn 0.6450 -0.6892 -0.3303
vn 0.8336 -0.5197 0.1874
vn 0.2854 -0.4525 0.8449
vn 0.3093 -0.5037 0.8066
vn 0.2671 -0.4767 0.8375
vn 0.3341 -0.4966 0.8011
vn 0.3737 -0.5984 0.7087
vn 0.9960 -0.0831 0.0331
vn 0.0935 -0.9755 -0.1992
vn 0.0845 -0.9800 -0.1800
vn 0.0577 -0.9910 -0.1212
vn 0.0522 -0.9928 -0.1077
vn -0.1552 -0.0898 -0.9838
vn -0.1834 -0.0459 -0.9820
vn -0.1688 -0.0688 -0.9833
vn -0.1972 -0.0236 -0.9801
vn -0.0365 0.9989 0.0283
vn 0.0159 0.9987 0.0483
vn 0.0401 0.9976 0.0566
vn 0.0900 0.9930 0.0760
vn 0.2194 0.9459 -0.2390
vn 0.0159 0.1125 0.9935
vn 0.1742 -0.2952 0.9394
vn 0.0688 -0.2306 0.9706
vn 0.0108 -0.2208 0.9753
vn 0.2800 -0.2970 0.9129
vn -0.0640 -0.1308 0.9893
vn 0.7967 0.1423 0.5874
vn 0.7373 0.6317 0.2395
vn 0.7374 0.6316 0.2394
vn 0.9269 0.3597 -0.1071
vn -0.8503 0.5261 -0.0107
vn 0.3348 0.2592 -0.9060
vn 0.3349 0.2594 -0.9058
vn 0.3358 0.5311 -0.7779
vn 0.3357 0.5311 -0.7780
vn 0.7853 0.6168 0.0526
vn 0.7850 0.6173 0.0520
vn 0.7853 0.6168 0.0530
vn 0.7849 0.6175 0.0516
vn -0.5576 0.8063 0.1975
vn -0.4834 0.8328 0.2696
vn -0.5064 0.8259 0.2478
vn -0.4106 0.8492 0.3320
vn -0.9929 0.0942 -0.0719
vn -0.0217 -0.0406 -0.9989
vn -0.0008 -0.0551 -0.9985
vn 0.0120 -0.0145 -0.9998
vn -0.0148 0.1324 -0.9911
vn -0.0149 0.1325 -0.9911
vn -0.0616 0.2294 -0.9714
vn 0.0190 0.1329 -0.9909
vn 0.0120 -0.0144 -0.9998
vn 0.0188 0.1327 -0.9910
vn -0.0730 -0.7354 -0.6737
vn 0.0276 -0.5458 -0.8375
vn -0.0144 -0.5446 -0.8386
vn -0.0460 -0.5434 -0.8382
vn -0.0934 -0.5408 -0.8359
vn 0.6994 -0.6740 -0.2380
vn -0.3028 -0.9280 -0.2170
vn 0.1438 -0.3468 -0.9268
vn -0.7011 0.6461 0.3017
vn -0.9629 0.1847 -0.1967
vn -0.9565 0.2687 -0.1132
vn -0.9730 0.1196 -0.1974
vn -0.9452 0.3217 -0.0555
vn -0.4440 -0.4335 0.7842
vn -0.4439 -0.4338 0.7841
vn 0.1617 -0.9368 -0.3103
vn 0.2197 -0.9624 -0.1596
vn 0.1890 -0.9422 -0.2765
vn 0.2442 -0.9522 -0.1837
vn 0.2463 -0.9252 -0.2888
vn 0.4797 -0.4607 -0.7467
vn 0.4798 -0.4601 -0.7470
vn 0.8115 -0.2380 -0.5337
vn 0.4493 -0.8297 0.3313
vn 0.6029 0.6011 0.5246
vn 0.6028 0.6009 0.5249
vn 0.2541 -0.2144 0.9431
vn -0.0178 -0.0664 0.9976
vn -0.7049 0.0147 0.7091
vn -0.7083 -0.0104 0.7058
vn -0.7087 -0.0181 0.7053
vn -0.7118 -0.0427 0.7011
vn -0.5301 -0.2825 0.7995
vn -0.4350 -0.9004 0.0072
vn -0.8557 0.0337 -0.5164
vn -0.8556 0.0336 -0.5165
vn -0.5385 -0.5943 -0.5974
vn -0.2015 -0.9778 -0.0580
vn -0.1111 0.3710 -0.9220
vn -0.1720 0.3429 -0.9235
vn -0.2088 0.3248 -0.9224
vn -0.2628 0.2969 -0.9180
vn 0.0689 0.7144 -0.6963
vn -0.0063 -0.1875 -0.9823
vn 0.0166 -0.1613 -0.9868
vn -0.0140 -0.1526 -0.9882
vn 0.0936 -0.4456 -0.8903
vn 0.0292 -0.8979 -0.4391
vn 0.0679 -0.8794 -0.4712
vn 0.0708 -0.8776 -0.4742
vn 0.4523 -0.5972 -0.6625
vn -0.8730 -0.4842 0.0581
vn 0.9639 -0.2650 0.0264
vn 0.1010 -0.8609 -0.4987
vn 0.8285 -0.4519 -0.3307
vn 0.7890 -0.5596 -0.2536
vn 0.8050 -0.5219 -0.2822
vn 0.7630 -0.6105 -0.2123
vn 0.0988 -0.9692 -0.2254
vn 0.0593 -0.9651 -0.2551
vn 0.0382 -0.9620 -0.2702
vn -0.0042 -0.9537 -0.3007
vn 0.8273 -0.5056 0.2449
vn 0.8286 -0.5078 0.2359
vn 0.8316 -0.5133 0.2122
vn 0.8331 -0.5164 0.1982
vn 0.2961 0.3291 0.8967
vn 0.3132 0.3274 0.8914
vn 0.3301 0.3263 0.8858
vn 0.3664 0.3216 0.8731
vn 0.3427 0.0896 -0.9352
vn 0.9031 -0.3214 -0.2847
vn 0.0092 -0.0691 0.9976
vn 0.1110 -0.0815 0.9905
vn 0.1510 -0.0859 0.9848
vn 0.0982 -0.3450 -0.9335
vn 0.0982 -0.3450 -0.9334
vn 0.0981 -0.3450 -0.9335
vn -0.8927 0.3408 0.2948
vn -0.8226 -0.4884 -0.2912
vn -0.5416 0.0192 -0.8404
vn -0.1021 0.3181 -0.9426
vn -0.1016 0.3183 -0.9425
vn -0.1019 0.3181 -0.9426
vn -0.0796 -0.0666 -0.9946
vn -0.3112 -0.1263 0.9419
vn 0.1109 -0.0815 0.9905
vn 0.0091 -0.0691 0.9976
vn -0.0064 -0.0672 0.9977
vn 0.5455 0.8350 -0.0717
vn 0.5456 0.8350 -0.0716
vn 0.1531 -0.3086 0.9388
vn 0.1532 -0.3086 0.9388
vn -0.0494 -0.9672 -0.2492
vn -0.1589 -0.9807 -0.1140
vn -0.0799 -0.9864 -0.1435
vn 0.0197 -0.9986 -0.0484
vn -0.0126 -0.9681 -0.2504
vn -0.0049 -0.9643 -0.2646
vn -0.0302 -0.9706 -0.2388
vn -0.0107 -0.9917 -0.1281
vn -0.0242 -0.9906 -0.1349
vn -0.1859 -0.9589 -0.2145
vn -0.1360 -0.9727 -0.1879
vn -0.0558 -0.9933 -0.1014
vn -0.0063 -0.9571 -0.2895
vn 0.0273 -0.9461 -0.3228
vn 0.0815 -0.8839 -0.4606
vn -0.0062 -0.9579 -0.2871
vn -0.0063 -0.9822 -0.1880
vn 0.0157 -0.9911 -0.1323
vn 0.0062 -0.9595 -0.2815
vn -0.0019 -0.9559 -0.2936
vn 0.0020 -0.9434 -0.3317
vn -0.0049 -0.9315 -0.3638
vn 0.0116 -0.9309 -0.3651
vn -0.0037 -0.9519 -0.3063
vn -0.0059 -0.9429 -0.3330
vn 0.0557 -0.9955 -0.0765
vn 0.0966 -0.9842 -0.1486
vn 0.1216 -0.9869 0.1056
vn 0.0348 -0.9993 0.0102
vn 0.0198 -0.9986 -0.0482
vn -0.0107 -0.9917 -0.1280
vn -0.0047 -0.9468 0.3217
vn -0.0059 -0.9455 0.3257
vn -0.0050 -0.9468 0.3216
vn -0.0066 -0.9458 0.3246
vn -0.0059 -0.9455 0.3256
vn -0.0067 -0.9459 0.3244
vn 0.1706 -0.0896 0.9813
vn 0.1341 -0.0705 0.9885
vn 0.1488 -0.0782 0.9858
vn 0.1049 -0.0553 0.9929
vn 0.3154 0.0812 -0.9455
vn -0.0168 -0.2013 -0.9794
vn 0.9181 -0.0255 -0.3956
vn 0.9055 -0.0203 -0.4238
vn 0.9233 -0.0278 -0.3830
vn 0.8969 -0.0169 -0.4419
vn 0.9263 -0.3747 -0.0392
vn 0.9263 -0.3749 -0.0389
vn 0.9262 -0.3750 -0.0387
vn 0.0345 -0.9987 -0.0376
vn -0.3529 0.0511 -0.9343
vn -0.3531 0.0509 -0.9342
vn -0.6789 -0.4598 -0.5725
vn -0.2724 -0.1800 0.9452
vn -0.7219 -0.1206 0.6814
vn -0.7752 -0.0852 0.6260
vn -0.7360 -0.1118 0.6677
vn -0.7872 -0.0766 0.6119
vn 0.8917 -0.0569 0.4490
vn 0.9685 0.0910 0.2317
vn 0.7611 -0.6250 -0.1738
vn 0.6986 -0.7036 -0.1301
vn 0.7494 -0.6413 -0.1647
vn 0.6893 -0.7138 -0.1238
vn -0.0629 -0.9867 -0.1499
vn -0.0564 -0.9935 -0.0991
vn -0.0397 -0.9884 -0.1464
vn -0.0474 -0.9785 -0.2006
vn -0.0700 -0.9599 -0.2713
vn -0.1166 -0.8822 -0.4563
vn -0.1693 -0.9022 -0.3966
vn -0.0700 -0.9599 -0.2714
vn -0.0472 -0.9360 -0.3487
vn 0.0075 -0.8811 -0.4730
vn -0.1790 -0.6324 0.7537
vn -0.0524 -0.9917 -0.1171
vn -0.0162 -0.9963 -0.0841
vn -0.0396 -0.9920 -0.1199
vn -0.0259 -0.9938 -0.1084
vn -0.0121 -0.9936 -0.1119
vn -0.0188 -0.9923 -0.1223
vn -0.0193 -0.9929 -0.1170
vn -0.0037 -0.9910 -0.1340
vn -0.0439 -0.9990 0.0015
vn -0.0144 -0.9918 -0.1274
vn -0.0396 -0.9884 -0.1464
vn 1.0000 0.0058 0.0077
vn 0.9998 -0.0184 -0.0031
vn 0.9945 -0.0314 -0.0994
vn 1.0000 -0.0045 0.0005
vn 0.9907 -0.0563 -0.1240
vn 1.0000 -0.0044 0.0023
vn 0.7891 -0.5190 0.3285
vn -0.9399 -0.0346 -0.3397
vn -0.9435 -0.0209 -0.3307
vn -0.9452 -0.0138 -0.3262
vn -0.9482 -0.0004 -0.3177
vn -0.9910 -0.1331 -0.0174
vn -0.9995 -0.0305 0.0030
vn -0.9997 -0.0111 0.0199
vn -0.9714 -0.2272 -0.0686
vn -0.9958 -0.0646 0.0649
vn -0.9999 -0.0145 0.0089
vn -0.9995 -0.0225 0.0218
vn -0.9995 -0.0269 0.0143
vn 0.0501 -0.9982 -0.0325
vn 0.0320 -0.9451 0.3251
vn 0.0316 -0.9452 0.3250
vn 0.0315 -0.9452 0.3249
vn -0.3913 0.9000 0.1920
vn -0.3912 0.9000 0.1920
vn -0.7315 -0.1742 0.6592
vn -0.7290 -0.1944 0.6563
vn -0.7265 -0.1378 0.6732
vn -0.7319 -0.2590 0.6303
vn -0.7256 -0.1324 0.6752
vn -0.7290 -0.1945 0.6563
vn -0.6816 -0.4078 0.6076
vn -0.6936 0.3912 0.6049
vn -0.7305 0.2004 0.6529
vn -0.6855 0.4077 0.6033
vn -0.7522 0.1371 0.6445
vn -0.6220 0.4383 0.6488
vn -0.6220 0.4383 0.6489
vn -0.0147 0.6516 0.7584
vn -0.0491 0.6065 0.7936
vn -0.0901 0.5480 0.8316
vn 0.0289 0.7054 0.7082
vn -0.1036 0.4007 -0.9103
vn 0.6211 0.5947 0.5105
vn 0.6213 0.5946 0.5103
vn -0.6737 0.4759 -0.5654
vn -0.6738 0.4759 -0.5653
vn 0.3585 0.7897 -0.4978
vn 0.9579 -0.1184 -0.2615
vn 0.2976 -0.3602 0.8841
vn 0.2976 -0.3604 0.8840
vn -0.0982 0.9951 -0.0085
vn -0.1417 0.9139 0.3804
vn -0.7076 0.5778 -0.4068
vn -0.7078 0.5778 -0.4063
vn -0.0062 0.7752 -0.6316
vn -0.0064 0.7755 -0.6313
vn -0.0105 0.8777 0.4790
vn -0.0073 0.8788 0.4771
vn -0.0183 0.8787 0.4771
vn -0.0225 0.8682 0.4956
vn 0.0022 0.9190 0.3943
vn -0.0289 0.9036 0.4273
vn -0.0291 0.9048 0.4248
vn -0.7142 0.2057 -0.6691
vn -0.6679 0.1102 -0.7360
vn -0.6866 0.1439 -0.7126
vn 0.9075 -0.0532 0.4166
vn 0.9075 -0.0532 0.4167
vn 0.6859 -0.2211 0.6933
vn 0.8172 0.4714 0.3316
vn 0.1420 0.0262 0.9895
vn 0.1169 0.1605 0.9801
vn 0.1313 0.0858 0.9876
vn 0.1043 0.2223 0.9694
vn -0.0813 0.4216 0.9031
vn -0.1171 0.4269 0.8967
vn -0.1110 0.4373 0.8925
vn -0.1336 0.4378 0.8891
vn -0.1066 0.4505 0.8864
vn -0.9447 -0.0855 0.3166
vn -0.9413 -0.0729 0.3296
vn -0.9404 -0.0702 0.3328
vn -0.9316 -0.0430 0.3610
vn -0.6205 -0.0333 -0.7835
vn -0.6060 -0.1205 -0.7863
vn -0.6459 -0.0153 -0.7633
vn -0.5760 -0.1627 -0.8011
vn -0.6131 0.0585 -0.7878
vn -0.1699 -0.8409 0.5139
vn -0.7014 -0.2057 -0.6824
vn -0.9858 -0.1353 -0.0990
vn -0.9813 -0.1877 -0.0432
vn -0.9796 -0.1964 0.0422
vn -0.9796 -0.1964 0.0423
vn -0.9835 -0.1507 0.1003
vn -0.9875 -0.0919 0.1280
vn -0.9813 -0.1878 -0.0432
vn -0.2464 0.9439 -0.2198
vn -0.1498 0.9270 -0.3438
vn -0.1639 0.9161 -0.3658
vn -0.1497 0.9270 -0.3439
vn -0.0662 0.8392 -0.5397
vn -0.1638 0.9161 -0.3659
vn -0.0460 0.7793 -0.6250
vn 0.2438 0.7631 -0.5985
vn 0.2437 0.7631 -0.5985
vn 0.4167 -0.6453 -0.6403
vn 0.7302 0.5650 -0.3842
vn 0.7303 0.5647 -0.3844
vn 0.0597 0.1120 -0.9919
vn -0.4857 0.3776 -0.7883
vn -0.4857 0.3776 -0.7884
vn -0.2854 -0.9574 0.0440
vn -0.2856 -0.9573 0.0440
vn -0.4177 -0.1564 -0.8950
vn -0.4281 -0.1145 -0.8964
vn -0.4516 -0.0497 -0.8908
vn -0.4104 -0.2063 -0.8883
vn -0.4256 -0.2074 -0.8808
vn -0.2664 0.0480 -0.9627
vn -0.2433 0.0869 -0.9660
vn -0.2666 0.0494 -0.9626
vn -0.2379 0.0949 -0.9667
vn 0.4745 -0.0339 -0.8796
vn 0.4153 -0.0690 -0.9070
vn 0.4327 -0.0588 -0.8996
vn 0.3707 -0.0950 -0.9239
vn -0.6766 0.6773 -0.2890
vn -0.6226 0.7118 -0.3251
vn -0.5825 0.7345 -0.3482
vn -0.5586 0.7465 -0.3615
vn 0.0125 0.0214 -0.9997
vn -0.0227 0.4558 -0.8898
vn -0.0457 0.4322 -0.9006
vn -0.0674 0.4095 -0.9098
vn -0.1036 0.3704 -0.9231
vn 0.9760 -0.1857 0.1139
vn 0.9938 -0.0379 0.1046
vn 0.9853 -0.1300 0.1108
vn 0.9946 0.0257 0.1001
vn -0.1939 0.7152 0.6715
vn -0.2621 0.4332 0.8624
vn -0.2487 0.4239 0.8709
vn -0.2427 0.4198 0.8746
vn -0.2240 0.4066 0.8857
vn -0.2330 0.9652 -0.1187
vn -0.4449 0.8545 -0.2680
vn -0.4447 0.8546 -0.2680
vn 0.8266 0.5628 -0.0041
vn 0.8265 0.5629 -0.0041
vn 0.8266 0.5628 -0.0042
vn -0.3019 0.9078 0.2910
vn -0.7594 0.5744 -0.3056
vn -0.7598 0.5741 -0.3051
vn 0.2475 0.8352 -0.4911
vn 0.4275 0.5808 -0.6928
vn 0.4271 0.5808 -0.6930
vn 0.0235 0.5677 -0.8229
vn 0.0235 0.5679 -0.8228
vn -0.6906 -0.0678 -0.7201
vn -0.6907 -0.0676 -0.7199
vn -0.6907 -0.0677 -0.7200
vn -0.7556 0.6522 0.0610
vn -0.7460 0.6615 0.0768
vn -0.6802 0.7125 0.1723
vn -0.7961 0.6050 -0.0125
vn -0.9907 0.1355 0.0111
vn -0.9907 0.1356 0.0111
vn -0.6565 -0.6208 0.4285
vn -0.6565 -0.6207 0.4287
vn -0.2072 -0.9728 0.1040
vn 0.7051 -0.6924 0.1528
vn 0.7242 -0.6799 0.1149
vn 0.7425 -0.6654 0.0771
vn 0.7572 -0.6518 0.0425
vn -0.1339 -0.9651 -0.2251
vn -0.1211 -0.9547 -0.2718
vn -0.1067 -0.9554 -0.2754
vn -0.0745 -0.9480 -0.3095
vn -0.0700 -0.9483 -0.3095
vn -0.0653 -0.9475 -0.3130
vn -0.7689 -0.5521 -0.3224
vn -0.7682 -0.5539 -0.3211
vn -0.7678 -0.5560 -0.3185
vn -0.7667 -0.5582 -0.3172
vn -0.3788 0.2526 0.8903
vn 0.0386 -0.9446 0.3259
vn -0.0146 -0.9438 0.3303
vn 0.0557 -0.9464 0.3183
vn -0.0380 -0.9405 0.3376
vn -0.0763 -0.9407 0.3305
vn 0.0617 -0.7804 0.6222
vn 0.0105 -0.7845 -0.6200
vn -0.0351 -0.7957 -0.6047
vn -0.0574 -0.7891 -0.6115
vn -0.1132 -0.7763 -0.6201
vn -0.1353 -0.7544 -0.6424
vn -0.9793 -0.1770 -0.0982
vn -0.9973 -0.0453 -0.0583
vn -0.9981 -0.0301 -0.0536
vn -0.9990 0.0232 -0.0374
vn -0.8593 -0.3399 0.3823
vn -0.8593 -0.3398 0.3822
vn -0.2798 0.2817 -0.9178
vn -0.9920 -0.0544 -0.1143
vn 0.4008 0.9129 0.0772
vn -0.0230 0.9400 0.3404
vn 0.3240 0.5579 0.7640
vn -0.3149 0.7793 0.5418
vn -0.0420 0.8082 0.5874
vn -0.0633 0.7824 0.6195
vn -0.1043 0.7273 0.6784
vn 0.0035 0.8573 0.5149
vn -0.1182 0.9925 0.0313
vn -0.0496 0.9965 -0.0669
vn -0.0547 0.9967 -0.0598
vn -0.0036 0.9913 -0.1314
vn -0.1793 0.8073 -0.5622
vn -0.1793 0.8073 -0.5623
vn -0.6711 0.4734 -0.5705
vn -0.6711 0.4734 -0.5706
vn -0.9014 -0.3274 0.2834
vn -0.9040 0.3970 0.1583
vn -0.9045 0.3925 0.1668
vn -0.8926 0.4471 0.0587
vn -0.9038 0.3382 0.2622
vn -0.9759 -0.1904 -0.1064
vn -0.9645 -0.2278 -0.1335
vn -0.9767 -0.1834 -0.1111
vn -0.9128 -0.3278 -0.2437
vn -0.8937 -0.3542 -0.2753
vn -0.1228 -0.0558 0.9909
vn 0.0150 -0.0409 0.9991
vn 0.0212 -0.0398 0.9990
vn 0.1171 -0.0287 0.9927
vn -0.0545 -0.8160 0.5754
vn -0.1424 -0.7873 0.6000
vn -0.1649 -0.7788 0.6052
vn -0.2804 -0.7271 0.6267
vn -0.0963 0.4417 0.8920
vn -0.0721 0.4611 0.8844
vn -0.0948 0.4344 0.8957
vn -0.0948 0.4345 0.8957
vn -0.0720 0.4611 0.8844
vn -0.0727 0.4582 0.8858
vn -0.0459 0.4922 0.8693
vn -0.8152 0.4522 0.3620
vn -0.9214 0.3429 0.1826
vn -0.8614 0.4133 0.2952
vn -0.9215 0.3429 0.1825
vn -0.9291 0.3312 0.1647
vn -0.5087 -0.7847 -0.3541
vn -0.5086 -0.7848 -0.3541
vn -0.8629 0.0486 -0.5030
vn -0.8009 -0.5843 -0.1310
vn 0.2665 -0.2192 -0.9386
vn 0.2666 -0.2189 -0.9386
vn 0.2667 -0.2188 -0.9386
vn -0.7527 -0.1014 -0.6505
vn -0.0935 -0.0567 0.9940
vn -0.8152 -0.5591 0.1513
vn -0.8155 -0.5587 0.1513
vn -0.8739 0.2802 0.3972
vn -0.6718 0.2186 0.7078
vn 0.2545 0.0281 0.9667
vn 0.2544 0.0280 0.9667
vn 0.4148 0.3096 0.8556
vn 0.6593 -0.2022 -0.7242
vn -0.1787 -0.9410 -0.2873
vn -0.0920 -0.9690 -0.2294
vn -0.2264 -0.9207 -0.3178
vn -0.0443 -0.9794 -0.1969
vn 0.7657 -0.6425 0.0301
vn 0.5502 -0.8013 0.2348
vn 0.4502 -0.8635 0.2274
vn 0.4922 -0.8394 0.2304
vn -0.8119 -0.5439 0.2120
vn -0.0048 -0.2136 -0.9769
vn -0.2582 -0.9569 0.1329
vn -0.2581 -0.9569 0.1331
vn -0.8833 0.4583 0.0984
vn -0.9750 0.0391 -0.2186
vn -0.9637 -0.0454 -0.2629
vn -0.9601 -0.0619 -0.2728
vn -0.9482 -0.1121 -0.2971
vn 0.0027 -0.9497 -0.3131
vn -0.0125 -0.9681 -0.2504
vn 0.2182 -0.2400 -0.9459
vn -0.5354 0.0411 0.8436
vn -0.8308 -0.0694 -0.5522
vn -0.0829 -0.2148 -0.9731
vn -0.6172 0.2167 0.7563
vn 0.0773 -0.1499 0.9857
vn 0.0942 -0.1587 0.9828
vn 0.0881 -0.1553 0.9839
vn 0.1049 -0.1649 0.9807
vn 0.9907 -0.0562 -0.1242
vn 0.9673 0.0073 -0.2536
vn 0.9945 -0.0313 -0.0995
vn 0.9638 -0.0150 -0.2661
vn -0.6431 0.2825 -0.7118
vn -0.6430 0.2821 -0.7120
vn -0.0577 -0.9898 -0.1305
vn 0.0057 -0.9452 -0.3265
vn -0.0037 -0.9910 -0.1341
vn -0.0183 -0.9154 -0.4021
vn -0.0443 -0.9852 -0.1654
vn -0.0359 -0.9920 -0.1211
vn -0.0032 -0.9702 -0.2421
vn -0.0027 -0.9900 -0.1409
vn -0.0037 -0.9611 -0.2763
vn 0.0011 -0.9507 -0.3102
vn -0.0064 -0.9148 -0.4039
vn -0.0057 -0.9738 -0.2273
vn -0.0120 -0.9842 -0.1766
vn -0.0200 -0.9893 -0.1448
vn -0.0063 -0.9909 -0.1342
vn -0.0472 -0.9361 -0.3486
vn -0.0556 -0.0818 -0.9951
vn 0.6143 0.3166 -0.7228
vn -0.1231 0.7098 -0.6935
vn -0.4264 0.1602 0.8902
vn -0.4263 0.1601 0.8903
vn 0.0030 -0.2046 0.9788
vn -0.0025 -0.9961 -0.0877
vn -0.0029 -0.9925 -0.1223
vn -0.0189 -0.9923 -0.1223
vn -0.0037 -0.9910 -0.1339
vn 0.1077 -0.9830 -0.1489
vn 0.2335 -0.9563 -0.1762
vn -0.0089 -0.9575 -0.2882
vn 0.0063 -0.9059 -0.4235
vn -0.0064 -0.9148 -0.4038
vn -0.6517 0.5143 0.5575
vn -0.6854 0.4077 0.6033
vn -0.6836 0.4524 0.5728
vn -0.6861 0.3355 0.6455
vn -0.6850 0.3189 0.6550
vn -0.5807 0.6375 0.5063
vn -0.4904 0.7712 0.4059
vn -0.4518 0.8137 0.3657
vn -0.4903 0.7713 0.4058
vn -0.3410 0.9070 0.2470
vn -0.3570 0.8951 0.2672
vn -0.1845 0.9789 0.0874
vn -0.8872 -0.1267 -0.4436
vn -0.8873 -0.1267 -0.4433
vn -0.3376 0.8678 0.3647
vn -0.3961 0.8719 0.2879
vn -0.4482 0.8577 0.2518
vn -0.5599 0.8164 0.1415
vn -0.5955 0.7942 0.1210
vn -0.1999 0.9783 -0.0541
vn -0.1786 0.9839 -0.0046
vn -0.1180 0.9927 -0.0237
vn -0.3048 0.9514 -0.0432
vn -0.0535 0.9975 -0.0454
vn 0.0059 0.9995 -0.0304
vn 0.0063 0.9998 -0.0196
vn 0.0018 0.9998 -0.0202
vn 0.1226 0.9924 -0.0098
vn 0.1620 0.9866 0.0174
vn -0.0187 0.9944 -0.1045
vn -0.0545 0.9977 -0.0404
vn -0.0383 0.9990 -0.0231
vn 0.0455 0.9989 0.0126
vn 0.0136 0.9865 0.1632
vn -0.0169 0.9616 0.2741
vn -0.0210 0.9813 -0.1915
vn -0.0327 0.9909 -0.1307
vn -0.0910 0.9691 -0.2294
vn -0.0977 0.9551 -0.2795
vn -0.1330 0.9542 -0.2681
vn -0.0378 0.9322 -0.3599
vn -0.0274 0.9769 0.2120
vn -0.0492 0.9454 0.3222
vn -0.1378 0.9904 0.0126
vn 0.1268 0.9916 -0.0250
vn -0.0434 0.9942 -0.0986
vn -0.2245 0.9742 -0.0220
vn -0.3084 0.9510 -0.0228
vn -0.2492 0.9678 0.0361
vn -0.2490 0.9676 -0.0411
vn -0.3507 0.9364 -0.0130
vn -0.2273 0.9719 -0.0610
vn 0.0447 0.9957 -0.0808
vn 0.1332 0.9911 -0.0046
vn 0.0075 0.9990 -0.0433
vn -0.2444 0.9691 0.0343
vn -0.0985 0.9951 0.0130
vn -0.0617 0.9979 0.0178
vn -0.1436 0.9879 0.0581
vn -0.1696 0.9807 0.0977
vn -0.3466 0.9174 0.1954
vn -0.3490 0.9162 0.1971
vn -0.2894 0.9374 0.1935
vn -0.3947 0.8661 0.3067
vn -0.4519 0.8137 0.3657
vn -0.4485 0.8114 0.3748
vn -0.3533 0.8969 0.2658
vn -0.4778 0.7819 0.4005
vn -0.2009 0.9725 0.1176
vn -0.2700 0.9469 0.1748
vn -0.3721 0.8892 0.2661
vn -0.1791 0.9807 0.0784
vn -0.3431 0.8964 0.2808
vn -0.0864 0.9958 0.0301
vn -0.0840 0.9958 0.0364
vn -0.0330 0.9995 -0.0002
vn -0.0654 0.9977 0.0154
vn -0.2238 0.9707 0.0879
vn 0.1736 0.9761 -0.1310
vn 0.1424 0.9836 -0.1108
vn -0.0329 0.9995 -0.0002
vn -0.1584 0.9866 0.0385
vn -0.0897 0.9937 0.0672
vn -0.0549 0.9985 -0.0031
vn -0.0925 0.9939 0.0593
vn -0.1044 0.9907 0.0871
vn -0.2039 0.9775 0.0532
vn -0.2179 0.9726 0.0807
vn -0.6037 0.6565 0.4522
vn -0.6984 0.6144 0.3671
vn -0.6489 0.6347 0.4196
vn -0.4710 0.7839 0.4046
vn -0.4719 0.7828 0.4057
vn -0.4802 0.7743 0.4122
vn -0.0874 0.9908 0.1037
vn -0.0427 0.9769 0.2096
vn 0.1840 0.9820 0.0428
vn 0.0166 0.9989 0.0435
vn -0.0733 0.9971 -0.0211
vn 0.0061 0.3013 -0.9535
vn 0.0509 0.2494 -0.9671
vn 0.0404 0.2618 -0.9643
vn 0.0883 0.2047 -0.9748
vn 0.2507 0.5891 0.7682
vn 0.0065 0.9711 0.2384
vn 0.0065 0.9712 0.2383
vn -0.8454 0.3809 0.3745
vn -0.6823 0.4649 0.5641
vn -0.7078 0.5054 0.4936
vn -0.6950 0.4844 0.5313
vn -0.7195 0.5259 0.4537
vn -0.4529 0.6186 0.6420
vn -0.4530 0.6186 0.6420
vn 0.2073 -0.7243 -0.6576
vn 0.2074 -0.7243 -0.6575
vn -0.5201 -0.5655 -0.6400
vn -0.5201 -0.5655 -0.6401
vn -0.5201 -0.5656 -0.6400
vn -0.9706 0.1786 -0.1613
vn -0.9314 0.3371 -0.1374
vn -0.9625 0.2226 -0.1549
vn -0.9625 0.2227 -0.1549
vn -0.9313 0.3372 -0.1374
vn -0.9246 0.3565 -0.1342
vn -0.1569 0.2034 -0.9664
vn -0.0621 -0.0611 -0.9962
vn -0.0714 -0.0846 -0.9939
vn -0.0849 -0.1186 -0.9893
vn -0.0961 -0.1469 -0.9845
vn -0.2009 0.1533 -0.9675
vn -0.2433 0.0870 -0.9661
vn -0.2378 0.0949 -0.9667
vn 0.9947 -0.1000 0.0240
vn 0.9933 -0.1120 0.0300
vn 0.9941 -0.1050 0.0264
vn 0.9921 -0.1205 0.0336
vn 0.9329 0.0710 -0.3532
vn 0.0606 -0.9737 0.2198
vn 0.0614 -0.9734 0.2208
vn 0.0635 -0.9728 0.2228
vn 0.0580 -0.9743 0.2177
vn -0.0743 -0.9615 -0.2645
vn -0.0543 -0.9517 -0.3023
vn -0.0349 -0.9401 -0.3391
vn -0.0181 -0.9290 -0.3697
vn -0.6799 -0.2899 -0.6736
vn -0.6800 -0.2898 -0.6735
vn -0.2936 -0.9538 -0.0639
vn 0.0966 -0.9951 -0.0196
vn 0.0966 -0.9951 -0.0198
vn 0.0678 -0.8257 0.5600
vn 0.6323 -0.5430 0.5526
vn 0.6323 -0.5429 0.5527
vn -0.3062 -0.6843 0.6618
vn 0.1471 0.7104 0.6882
vn -0.1095 0.9901 -0.0875
vn -0.1098 0.9901 -0.0877
vn -0.1094 0.9901 -0.0874
vn 0.9737 0.2276 0.0040
vn -0.8695 0.2254 0.4394
vn -0.5186 0.5244 -0.6753
vn -0.0876 0.9308 -0.3548
vn -0.1159 0.9303 -0.3481
vn -0.1050 0.9236 -0.3688
vn -0.1013 0.9320 -0.3481
vn -0.1319 0.9137 -0.3844
vn -0.1256 0.9360 -0.3288
vn 0.0166 -0.0456 0.9988
vn 0.0413 0.0460 0.9981
vn 0.0408 0.0445 0.9982
vn 0.0822 0.1997 0.9764
vn -0.6955 -0.7071 0.1278
vn -0.6954 -0.7072 0.1278
vn -0.8447 -0.4590 0.2754
vn -0.8446 -0.4588 0.2759
vn -0.7337 -0.5866 -0.3429
vn -0.7095 -0.2078 -0.6734
vn -0.9121 0.1122 0.3944
vn -0.9121 0.1125 0.3943
vn -0.9146 0.3986 0.0674
vn -0.8195 -0.0850 -0.5667
vn -0.8175 -0.0914 -0.5687
vn -0.8206 -0.0816 -0.5657
vn -0.8162 -0.0954 -0.5699
vn -0.5026 0.0101 -0.8645
vn -0.5026 0.0101 -0.8644
vn 0.0584 -0.4315 -0.9002
vn 0.8545 -0.5024 -0.1318
vn 0.9168 -0.3713 -0.1470
vn 0.8913 -0.4309 -0.1410
vn 0.9254 -0.3484 -0.1494
vn 0.0196 -0.1723 -0.9848
vn 0.1855 0.0957 -0.9780
vn -0.8433 -0.3169 -0.4340
vn -0.8434 -0.3170 -0.4339
vn -0.5256 -0.0582 0.8487
vn -0.4983 0.0074 0.8670
vn -0.4864 0.0355 0.8730
vn -0.4557 0.1008 0.8844
vn 0.4923 -0.8394 0.2304
vn 0.5767 -0.7819 0.2368
vn 0.9621 -0.2537 -0.0995
vn -0.0691 0.7682 -0.6364
vn 0.2063 0.0046 0.9785
vn 0.1678 0.0240 0.9855
vn 0.1869 0.0144 0.9823
vn 0.1475 0.0344 0.9885
vn 0.2336 -0.0106 -0.9723
vn 0.2219 -0.0055 -0.9751
vn 0.2140 -0.0021 -0.9768
vn 0.2071 0.0012 -0.9783
vn 0.9719 0.2194 -0.0849
vn -0.9713 0.0401 -0.2345
vn -0.9713 0.0401 -0.2344
vn -0.0529 -0.6629 -0.7469
vn -0.0529 -0.6630 -0.7468
vn 0.9804 0.1553 0.1209
vn 0.9804 0.1553 0.1211
vn -0.0225 -0.1063 -0.9941
vn 0.2529 -0.2542 -0.9335
vn 0.1864 -0.3865 0.9032
vn 0.1379 -0.3644 0.9210
vn 0.1261 -0.3475 0.9291
vn 0.1978 -0.3909 0.8989
vn -0.0097 -0.2948 0.9555
vn -0.0454 -0.2804 0.9588
vn 0.9926 -0.0728 0.0972
vn 0.9796 -0.1466 0.1377
vn 0.9648 -0.1498 0.2163
vn 0.9307 -0.2219 0.2907
vn 0.9771 -0.1712 0.1262
vn 0.9128 -0.2466 0.3255
vn -0.7258 -0.2175 0.6526
vn -0.7207 -0.2186 0.6579
vn -0.7147 -0.1812 0.6756
vn -0.7834 -0.0973 0.6139
vn -0.8135 -0.0560 0.5789
vn 0.6242 -0.2679 0.7339
vn 0.6274 -0.2611 0.7336
vn 0.6371 -0.2440 0.7311
vn 0.6092 -0.2791 0.7422
vn 0.6084 -0.2788 0.7431
vn 0.9771 -0.1711 0.1262
vn 0.9934 -0.0974 0.0602
vn 0.9887 -0.1496 0.0050
vn 0.9811 -0.1806 0.0700
vn 0.9818 -0.1839 0.0465
vn 0.9881 -0.1531 0.0118
vn 0.9930 -0.1179 0.0032
vn 0.9961 -0.0401 0.0792
vn 0.9926 -0.0727 0.0971
vn -0.0115 -0.9989 -0.0446
vn -0.0021 -0.9989 -0.0467
vn -0.0103 -0.9989 -0.0449
vn 0.0134 -0.9989 -0.0440
vn 0.0148 -0.9989 -0.0435
vn -0.1122 -0.8686 0.4826
vn -0.2615 -0.8175 0.5131
vn -0.1671 -0.8524 0.4954
vn -0.3040 -0.7986 0.5195
vn -0.9957 -0.0023 -0.0927
vn -0.9962 -0.0009 -0.0869
vn -0.9959 -0.0059 -0.0906
vn -0.9954 -0.0009 -0.0959
vn -0.9947 -0.0001 -0.1031
vn -0.9936 0.0029 -0.1128
vn -0.9955 0.0282 -0.0909
vn -0.9962 -0.0009 -0.0868
vn -0.9966 -0.0006 -0.0826
vn -0.9959 -0.0060 -0.0906
vn -0.9917 -0.0426 -0.1214
vn -0.9899 -0.0604 -0.1280
vn -0.9670 -0.1425 -0.2112
vn -0.1942 -0.9767 -0.0912
vn -0.1077 -0.9889 -0.1024
vn -0.1662 -0.9823 -0.0859
vn -0.0990 -0.9896 -0.1043
vn -0.4309 -0.9020 -0.0273
vn -0.6537 -0.4457 0.6116
vn -0.6725 -0.4047 0.6196
vn -0.6518 -0.4526 0.6085
vn -0.6708 -0.4173 0.6131
vn -0.6514 -0.4528 0.6089
vn -0.6706 -0.4186 0.6125
vn -0.7306 0.2170 0.6474
vn -0.7212 0.2244 0.6553
vn -0.7193 0.0289 0.6941
vn -0.6999 0.3315 0.6326
vn -0.6983 0.3356 0.6323
vn -0.7515 -0.0918 0.6534
vn -0.7397 -0.0845 0.6676
vn -0.7620 -0.1080 0.6385
vn 0.9501 0.3001 0.0855
vn -0.0143 0.9998 -0.0169
vn -0.0058 0.9988 -0.0496
vn 0.0074 0.9990 -0.0433
vn -0.0033 0.9951 -0.0988
vn -0.0000 0.9960 -0.0898
vn 0.0010 0.9969 -0.0783
vn 0.0072 0.9961 -0.0881
vn 0.0043 0.9976 -0.0688
vn -0.0018 0.9842 -0.1772
vn -0.0011 0.9655 -0.2605
vn 0.0012 0.9135 -0.4068
vn 0.0242 0.9346 -0.3549
vn 0.0067 0.8066 -0.5910
vn 0.0666 0.9888 -0.1336
vn 0.0062 0.7139 -0.7002
vn -0.0016 0.7053 -0.7089
vn 0.0098 0.7116 -0.7025
vn -0.0301 0.9178 -0.3959
vn -0.0515 0.9740 -0.2205
vn -0.0220 0.9191 -0.3934
vn 0.6287 0.6503 -0.4265
vn 0.6326 0.6737 -0.3820
vn 0.6312 0.6643 -0.4004
vn 0.6346 0.6909 -0.3463
vn 0.7304 0.6139 0.2995
vn 0.3130 0.9496 -0.0188
vn 0.3129 0.9496 -0.0188
vn -0.0905 0.9530 0.2891
vn -0.1679 0.9368 0.3069
vn -0.0361 0.9475 0.3176
vn -0.2021 0.9439 0.2612
vn -0.1905 0.9121 0.3631
vn -0.0282 0.0941 0.9952
vn 0.0399 0.0698 0.9968
vn 0.0184 0.0802 0.9966
vn 0.1556 0.0369 0.9871
vn 0.2096 0.0244 0.9775
vn -0.4312 -0.0286 -0.9018
vn -0.8761 -0.1307 -0.4641
vn -0.8759 -0.1310 -0.4645
vn -0.8760 -0.1308 -0.4642
vn 0.5182 0.0436 -0.8542
vn 0.5181 0.0436 -0.8542
vn 0.9616 0.0234 0.2736
vn -0.1166 0.0439 -0.9922
vn 0.3002 -0.2081 -0.9309
vn 0.3003 -0.2081 -0.9309
vn -0.4910 0.1818 -0.8520
vn -0.8221 -0.1581 -0.5469
vn -0.9909 -0.1346 -0.0052
vn -0.9526 0.3022 0.0360
vn -0.9556 0.2930 0.0303
vn -0.9541 0.2975 0.0333
vn -0.9571 0.2884 0.0274
vn -0.0310 0.8320 -0.5539
vn -0.0423 0.8436 -0.5353
vn -0.0626 0.8635 -0.5005
vn -0.0081 0.8070 -0.5906
vn 0.5976 0.7938 0.1132
vn 0.9133 0.4065 -0.0260
vn -0.0419 -0.7668 0.6405
vn -0.0419 -0.7668 0.6406
vn -0.7360 -0.6512 0.1850
vn -0.2534 -0.7909 0.5570
vn -0.9019 -0.1296 0.4119
vn -0.9019 -0.1293 0.4121
vn -0.9019 -0.1294 0.4121
vn 0.5078 0.2944 0.8096
vn 0.5077 0.2944 0.8097
vn 0.2064 -0.0755 0.9756
vn 0.1045 -0.0357 0.9939
vn 0.1379 -0.0488 0.9892
vn 0.0503 -0.0145 0.9986
vn -0.0945 0.9796 0.1772
vn -0.0574 0.9944 0.0884
vn -0.0768 0.9879 0.1347
vn -0.0331 0.9990 0.0308
vn -0.9750 -0.1539 0.1603
vn -0.9796 -0.1577 0.1246
vn -0.9689 -0.2301 0.0913
vn -0.9796 -0.1577 0.1245
vn -0.9554 -0.2874 0.0688
vn -0.9222 -0.3794 0.0751
vn -0.9795 0.2016 0.0024
vn -0.9811 0.1930 0.0122
vn -0.9831 0.1814 0.0256
vn -0.9831 0.1814 0.0255
vn -0.9845 0.1713 0.0365
vn -0.9811 -0.1135 0.1565
vn 0.0657 -0.5273 0.8471
vn 0.0593 -0.5351 0.8427
vn 0.0614 -0.5326 0.8442
vn 0.0574 -0.5373 0.8414
vn -0.0625 -0.2766 0.9589
vn -0.4156 0.0113 0.9095
vn -0.9168 -0.1405 0.3739
vn -0.9167 -0.1406 0.3741
vn -0.8053 0.5924 0.0222
vn -0.8052 0.5926 0.0222
vn -0.9001 0.3427 -0.2690
vn -0.7293 -0.6515 0.2089
vn -0.2684 0.3085 -0.9126
vn -0.1517 -0.4412 -0.8845
vn 0.3840 0.0691 -0.9207
vn 0.3342 0.0587 -0.9407
vn 0.3576 0.0635 -0.9317
vn 0.3041 0.0518 -0.9512
vn -0.0488 0.2995 -0.9529
vn -0.1189 0.9842 -0.1314
vn -0.1190 0.9842 -0.1313
vn -0.9003 0.2457 -0.3593
vn 0.9845 0.1471 -0.0951
vn 0.9160 -0.0611 -0.3966
vn 0.9160 -0.0611 -0.3965
vn 0.0531 -0.0341 -0.9980
vn 0.0494 -0.0547 -0.9973
vn 0.0132 -0.2468 -0.9690
vn 0.0091 -0.2679 -0.9634
vn 0.0021 -0.6741 -0.7386
vn -0.0125 -0.6955 -0.7184
vn 0.0014 -0.6590 -0.7521
vn -0.0154 -0.6997 -0.7143
vn 0.0028 -0.6614 -0.7501
vn -0.0063 -0.9821 -0.1880
vn -0.0055 -0.9801 -0.1984
vn -0.0055 -0.9801 -0.1983
vn -0.0121 -0.9842 -0.1765
vn -0.0058 -0.9738 -0.2273
vn 0.0011 -0.9202 -0.3915
vn -0.0040 -0.9315 -0.3637
vn 0.1427 0.9796 0.1413
vn 0.9339 0.0464 -0.3546
vn 0.8680 -0.0037 -0.4966
vn 0.9112 0.0270 -0.4111
vn 0.8264 -0.0285 -0.5624
vn 0.5580 -0.5207 -0.6462
vn 0.5719 -0.8002 0.1806
vn 0.5719 -0.8002 0.1807
vn 0.8386 -0.5445 -0.0163
vn 0.7032 -0.7102 -0.0347
vn 0.6957 -0.7175 -0.0354
vn 0.8507 -0.5255 -0.0143
vn 0.7075 -0.0758 -0.7026
vn 0.5585 -0.0407 -0.8285
vn 0.7153 -0.0778 -0.6945
vn 0.5489 -0.0381 -0.8350
vn -0.4204 -0.8920 -0.1660
vn -0.2869 -0.9533 -0.0945
vn -0.2400 -0.9672 -0.0828
vn -0.2896 -0.9524 -0.0953
vn -0.2205 -0.9713 -0.0895
vn -0.1943 -0.9767 -0.0912
vn -0.9700 -0.2173 -0.1094
vn -0.9718 -0.2113 -0.1044
vn -0.9716 -0.2142 -0.1006
vn -0.9731 -0.2051 -0.1050
vn -0.9783 -0.1755 -0.1098
vn -0.9537 -0.2682 -0.1363
vn -0.9498 -0.2931 -0.1093
vn -0.9590 -0.2690 -0.0897
vn -0.9538 -0.2855 -0.0942
vn -0.9705 -0.2385 0.0366
vn -0.9765 -0.1964 0.0892
vn 0.3029 0.9528 0.0193
vn 0.3348 0.9399 0.0678
vn 0.3129 0.9486 0.0480
vn 0.5034 0.8608 0.0747
vn 0.5189 0.8518 0.0724
vn -0.9791 0.1730 0.1071
vn -0.8460 0.5330 0.0143
vn 0.9065 0.4221 0.0044
vn 0.9479 0.3172 0.0287
vn 0.9102 0.4142 0.0067
vn 0.9509 0.3080 0.0308
vn 0.0215 0.9928 -0.1178
vn 0.0283 0.9955 -0.0908
vn -0.1760 0.9810 0.0810
vn -0.1760 0.9811 0.0809
vn -0.0063 0.9799 -0.1993
vn 0.0284 0.9955 -0.0907
vn 0.1952 0.9805 -0.0239
vn 0.0667 0.9888 -0.1335
vn 0.1019 0.9948 0.0008
vn 0.2434 -0.0263 0.9696
vn 0.2642 -0.0611 0.9625
vn 0.2632 -0.0589 0.9629
vn 0.2821 -0.0908 0.9551
vn 0.2632 -0.0590 0.9629
vn -0.4286 0.1469 0.8915
vn -0.8979 0.1088 -0.4266
vn -0.8979 0.1092 -0.4265
vn 0.7875 0.5780 -0.2138
vn 0.7876 0.5779 -0.2137
vn -0.0000 0.3853 -0.9228
vn -0.0019 0.3705 -0.9288
vn -0.0044 0.1474 -0.9891
vn -0.0065 0.1403 -0.9901
vn 0.0247 0.0768 -0.9967
vn 0.0065 0.0261 -0.9996
vn 0.2336 -0.9562 -0.1761
vn 0.3176 -0.9361 -0.1514
vn 0.4714 -0.8714 -0.1362
vn 0.1079 -0.9830 -0.1489
vn 0.9710 -0.2253 0.0804
vn 0.8594 -0.5066 0.0688
vn 0.8594 -0.5067 0.0688
vn 0.6651 -0.7464 0.0213
vn 0.6651 -0.7465 0.0212
vn 0.8345 0.3333 0.4388
vn 0.8345 0.3334 0.4388
vn 0.8345 0.3331 0.4388
vn -0.0836 -0.9955 -0.0446
vn -0.0374 -0.9867 -0.1581
vn -0.0400 -0.9854 -0.1653
vn -0.0653 -0.9878 -0.1417
vn -0.0639 -0.9776 -0.2006
vn 0.4846 -0.8704 -0.0866
vn 0.4847 -0.8704 -0.0864
vn 0.9638 -0.1619 -0.2120
vn 0.9641 -0.1100 -0.2417
vn 0.9549 -0.2514 -0.1580
vn 0.9592 -0.0412 -0.2796
vn -0.3660 0.0278 -0.9302
vn -0.3661 0.0278 -0.9302
vn -0.8225 -0.5367 -0.1883
vn -0.3749 0.9251 -0.0611
vn -0.2182 0.9732 -0.0733
vn -0.3992 0.9152 -0.0551
vn -0.0402 0.9991 0.0150
vn -0.0099 0.9994 0.0324
vn -0.9939 -0.0010 -0.1102
vn -0.9951 -0.0063 -0.0988
vn -0.9911 -0.0099 -0.1329
vn -0.9957 0.0010 -0.0922
vn -0.9957 -0.0010 -0.0930
vn -0.9956 -0.0129 -0.0927
vn -0.9958 -0.0176 -0.0899
vn -0.3303 0.0541 -0.9423
vn -0.0909 0.9958 0.0093
vn -0.0845 0.9964 0.0091
vn 0.0184 0.9998 0.0113
vn 0.0175 0.9998 0.0089
vn -0.1237 0.9922 0.0178
vn -0.1350 0.9907 0.0182
vn -0.2922 0.2606 0.9202
vn -0.3582 0.2707 0.8935
vn -0.3139 0.2568 0.9140
vn -0.2298 0.2891 0.9293
vn -0.1700 0.3154 0.9336
vn -0.1849 0.3091 0.9329
vn -0.4823 0.2538 0.8384
vn -0.9964 -0.0011 -0.0844
vn -0.9334 0.3443 -0.1008
vn 0.0514 0.9167 -0.3964
vn -0.1293 0.9914 -0.0194
vn 0.1805 0.9760 0.1222
vn 0.0073 0.8087 -0.5882
vn 0.0204 0.8057 -0.5920
vn 0.0156 0.8068 -0.5906
vn 0.0291 0.8036 -0.5944
vn 0.5702 0.7977 0.1961
vn 0.5702 0.7977 0.1962
vn 0.8494 0.5272 0.0232
vn 0.9679 0.2514 0.0016
vn 0.9909 -0.0606 -0.1201
vn 0.9909 -0.0606 -0.1202
vn -0.9735 -0.0058 -0.2286
vn 0.9813 0.1099 -0.1581
vn 0.9813 0.1100 -0.1580
vn -0.2466 0.1407 0.9589
vn -0.2465 0.1404 0.9589
vn -0.3074 -0.0195 -0.9514
vn -0.3070 -0.0192 -0.9515
vn -0.3069 -0.0192 -0.9515
vn 0.0206 0.3995 -0.9165
vn -0.1032 0.4084 0.9070
vn -0.1033 0.4080 0.9071
vn 0.1635 0.3925 0.9051
vn 0.1633 0.3929 0.9050
vn -0.0213 0.2178 -0.9758
vn 0.4470 -0.0902 0.8900
vn 0.4472 -0.0904 0.8899
vn 0.0247 0.0767 -0.9967
vn 0.0029 0.0170 -0.9999
vn 0.0027 -0.6613 -0.7501
vn 0.0014 -0.6591 -0.7521
vn 0.0046 -0.6330 -0.7741
vn 0.0014 -0.6248 -0.7808
vn 0.0013 -0.6247 -0.7809
vn 0.0059 -0.6272 -0.7788
vn -0.0000 -0.6368 -0.7710
vn 0.0070 -0.6259 -0.7799
vn -0.0147 0.0445 -0.9989
vn -0.0110 0.1243 -0.9922
vn 0.0230 0.1560 -0.9875
vn -0.0119 0.0389 -0.9992
vn 0.0455 0.1729 -0.9839
vn 0.0126 -0.4552 -0.8903
vn 0.0217 -0.3124 -0.9497
vn 0.0113 -0.4642 -0.8857
vn 0.8903 -0.4223 -0.1702
vn 0.8905 -0.4220 -0.1701
vn 0.7578 -0.5978 -0.2616
vn 0.2090 0.0111 -0.9778
vn -0.7319 -0.1901 -0.6543
vn -0.3186 -0.2943 -0.9010
vn -0.0351 0.0220 -0.9991
vn -0.0539 0.0197 -0.9984
vn -0.0358 0.0219 -0.9991
vn -0.0545 0.0201 -0.9983
vn 0.5709 0.0163 -0.8209
vn 0.7458 0.0133 -0.6660
vn 0.5090 -0.0333 -0.8601
vn 0.7582 0.0107 -0.6520
vn 0.4737 -0.0648 -0.8783
vn 0.9926 0.1211 -0.0068
vn 0.9860 0.1615 0.0415
vn 0.9774 0.2094 0.0285
vn 0.9952 0.0866 0.0463
vn 0.9782 0.1070 -0.1781
vn 0.9854 0.1513 -0.0786
vn 0.9831 0.1623 0.0842
vn 0.9629 0.2359 0.1311
vn 0.9927 0.0994 0.0684
vn 0.9886 0.0712 0.1324
vn 0.9772 0.1140 0.1792
vn 0.9629 0.2359 0.1312
vn 0.9886 0.0712 0.1325
vn 0.9421 0.2168 0.2560
vn 0.9323 0.3193 0.1700
vn 0.6357 0.2565 0.7280
vn 0.6875 0.2387 0.6858
vn 0.6445 0.2536 0.7213
vn 0.6923 0.2360 0.6820
vn -0.1685 0.9331 0.3176
vn -0.1500 0.9254 0.3480
vn -0.1723 0.9154 0.3638
vn -0.1679 0.9338 0.3159
vn -0.1341 0.9290 0.3450
vn 0.0798 -0.7385 0.6695
vn -0.9964 0.0823 0.0192
vn -0.9964 0.0822 0.0192
vn -0.0267 -0.0501 -0.9984
vn -0.9003 0.4347 0.0197
vn -0.6995 0.7135 -0.0407
vn -0.7332 0.3536 -0.5808
vn -0.7332 0.3539 -0.5806
vn -0.7332 0.3535 -0.5809
vn -0.8015 0.3971 0.4471
vn -0.5859 0.2625 -0.7667
vn -0.5855 0.2627 -0.7669
vn 0.9853 0.1612 0.0563
vn -0.6657 0.5438 -0.5111
vn -0.6656 0.5437 -0.5112
vn -0.6656 0.5437 -0.5113
vn 0.3754 0.6289 -0.6809
vn 0.3752 0.6288 -0.6811
vn 0.3752 0.6288 -0.6810
vn -0.0300 0.3337 -0.9422
vn -0.0133 0.3423 -0.9395
vn 0.0283 0.3929 -0.9192
vn 0.0127 0.1848 -0.9827
vn 0.0146 0.1415 -0.9898
vn 0.0150 0.1393 -0.9901
vn -0.0404 -0.1351 -0.9900
vn -0.0348 -0.1510 -0.9879
vn 0.0126 -0.4551 -0.8903
vn -0.0118 0.0390 -0.9992
vn -0.0108 0.0399 -0.9991
vn -0.0049 0.6934 -0.7205
vn -0.0000 0.6721 -0.7405
vn -0.0047 0.6924 -0.7215
vn -0.0000 0.6720 -0.7405
vn 0.0003 0.6703 -0.7421
vn -0.0447 -0.4127 -0.9098
vn 0.6957 -0.2519 -0.6727
vn 0.0424 -0.2863 -0.9572
vn 0.0312 -0.2470 -0.9685
vn 0.0405 -0.2794 -0.9593
vn 0.0294 -0.2406 -0.9702
vn -0.0203 0.6495 -0.7601
vn -0.0548 0.9985 -0.0032
vn -0.0361 0.9909 -0.1300
vn 0.0218 0.9968 -0.0768
vn -0.1096 0.9937 -0.0241
vn -0.0013 0.9951 -0.0989
vn 0.0048 0.9974 -0.0717
vn -0.0025 0.9468 -0.3218
vn 0.0116 0.9593 -0.2820
vn 0.0019 0.9333 -0.3592
vn -0.0132 0.9078 -0.4191
vn -0.0066 0.8659 -0.5001
vn 0.0272 0.8659 -0.4994
vn -0.0195 0.9645 -0.2633
vn -0.0282 0.9735 -0.2268
vn -0.0925 0.9940 0.0592
vn -0.0549 0.9985 -0.0032
vn -0.1012 0.4998 0.8602
vn -0.1154 0.4887 0.8648
vn -0.1183 0.4855 0.8662
vn -0.1007 0.5002 0.8600
vn 0.0069 -0.5999 -0.8000
vn 0.0069 -0.6000 -0.8000
vn 0.0417 0.8975 -0.4390
vn 0.1066 0.9437 -0.3131
vn 0.0236 0.8811 -0.4723
vn 0.1243 0.9529 -0.2765
vn -0.0133 0.3453 -0.9384
vn 0.1315 0.3382 -0.9319
vn 0.1315 0.3382 -0.9318
vn -0.2763 0.9579 0.0781
vn -0.2763 0.9579 0.0782
vn 0.1000 -0.5042 -0.8578
vn -0.0077 0.7706 0.6373
vn -0.0125 0.7074 0.7067
vn -0.0090 0.7592 0.6508
vn -0.0125 0.7066 0.7075
vn -0.0114 0.1825 0.9831
vn -0.0115 0.1822 0.9832
vn -0.3990 -0.1373 -0.9066
vn 0.0276 0.7140 0.6996
vn 0.0275 0.7139 0.6997
vn 0.1384 0.9370 -0.3206
vn 0.1384 0.9371 -0.3205
vn 0.6893 0.3139 0.6529
vn -0.1399 -0.7191 -0.6807
vn -0.1400 -0.7190 -0.6807
vn 0.3944 0.4256 0.8144
vn -0.2528 0.7213 0.6448
vn -0.2529 0.7214 0.6447
vn -0.9575 0.2885 -0.0064
vn 0.8908 -0.2864 0.3528
vn 0.8909 -0.2863 0.3528
vn -0.1007 -0.9881 -0.1167
vn -0.1007 -0.9880 -0.1169
vn -0.3727 -0.0716 -0.9252
vn -0.3728 -0.0715 -0.9252
vn 0.9911 0.1011 -0.0867
vn -0.6801 -0.3311 -0.6541
vt 0.127805 0.622727
vt 0.093645 0.626553
vt 0.122432 0.634636
vt 0.090804 0.615564
vt 0.122748 0.609786
vt 0.179007 0.611116
vt 0.173952 0.622025
vt 0.161719 0.637514
vt 0.095379 0.637685
vt 0.057427 0.635964
vt 0.089736 0.647973
vt 0.059001 0.649012
vt 0.124961 0.649740
vt 0.163730 0.654419
vt 0.204219 0.646174
vt 0.201154 0.655116
vt 0.162361 0.663144
vt 0.121377 0.663137
vt 0.087389 0.659777
vt 0.057207 0.656146
vt 0.037344 0.648886
vt 0.035624 0.657846
vt 0.023249 0.646936
vt 0.023211 0.662557
vt 0.228815 0.664450
vt 0.193923 0.673495
vt 0.143191 0.672072
vt 0.169623 0.680031
vt 0.230222 0.671731
vt 0.271188 0.679436
vt 0.213278 0.687722
vt 0.271788 0.689905
vt 0.180107 0.691852
vt 0.218421 0.697107
vt 0.239933 0.708038
vt 0.271173 0.707339
vt 0.186939 0.706119
vt 0.152949 0.698304
vt 0.154408 0.710854
vt 0.198011 0.714829
vt 0.267164 0.723445
vt 0.182631 0.726858
vt 0.242191 0.732392
vt 0.270233 0.718739
vt 0.255955 0.744222
vt 0.264444 0.732193
vt 0.177171 0.740768
vt 0.248809 0.755874
vt 0.176076 0.733325
vt 0.136983 0.731822
vt 0.165297 0.749889
vt 0.202075 0.751402
vt 0.187389 0.764460
vt 0.241245 0.766936
vt 0.148544 0.756154
vt 0.110226 0.730579
vt 0.105516 0.741311
vt 0.115546 0.754332
vt 0.179938 0.772241
vt 0.234449 0.776251
vt 0.228381 0.786057
vt 0.228336 0.787274
vt 0.232559 0.789282
vt 0.243415 0.775613
vt 0.066524 0.735044
vt 0.074711 0.728163
vt 0.045374 0.717618
vt 0.039258 0.723993
vt 0.027429 0.708027
vt 0.038436 0.703600
vt 0.059357 0.713956
vt 0.051139 0.701524
vt 0.034666 0.690237
vt 0.064015 0.710538
vt 0.084468 0.709162
vt 0.107025 0.721467
vt 0.136325 0.721953
vt 0.102897 0.704947
vt 0.112879 0.696737
vt 0.071276 0.684683
vt 0.055630 0.690230
vt 0.044981 0.674147
vt 0.029863 0.681522
vt 0.034576 0.668602
vt 0.016626 0.666539
vt 0.105666 0.683462
vt 0.125174 0.682054
vt 0.088549 0.670211
vt 0.055264 0.667906
vt 0.273742 0.687131
vt 0.272713 0.672137
vt 0.271892 0.665740
vt 0.268885 0.652460
vt 0.267023 0.640515
vt 0.270285 0.647874
vt 0.267395 0.628110
vt 0.234331 0.634234
vt 0.199795 0.638285
vt 0.195985 0.629334
vt 0.215145 0.623827
vt 0.228958 0.612117
vt 0.264589 0.618613
vt 0.262414 0.600697
vt 0.241577 0.599115
vt 0.170649 0.597968
vt 0.209624 0.592775
vt 0.258567 0.584141
vt 0.262949 0.595178
vt 0.201051 0.581483
vt 0.255520 0.569587
vt 0.192667 0.568239
vt 0.250858 0.556820
vt 0.154117 0.573726
vt 0.171347 0.582479
vt 0.156508 0.564852
vt 0.193143 0.554341
vt 0.144021 0.554285
vt 0.184080 0.545081
vt 0.242361 0.541170
vt 0.185741 0.535226
vt 0.209986 0.531402
vt 0.237866 0.529853
vt 0.174598 0.524033
vt 0.153765 0.538642
vt 0.138292 0.536600
vt 0.102786 0.534529
vt 0.104230 0.545717
vt 0.098412 0.562848
vt 0.064885 0.559478
vt 0.051817 0.561319
vt 0.038233 0.582869
vt 0.069600 0.575085
vt 0.068994 0.591971
vt 0.106892 0.578862
vt 0.033587 0.597159
vt 0.059388 0.606164
vt 0.030093 0.620927
vt 0.014849 0.626498
vt 0.017635 0.588925
vt 0.030931 0.572021
vt 0.046071 0.621367
vt 0.020484 0.628454
vt 0.081271 0.610445
vt 0.066508 0.625152
vt 0.033563 0.633516
vt 0.098852 0.596926
vt 0.125770 0.586081
vt 0.141698 0.595326
vt 0.054107 0.551155
vt 0.854211 0.365335
vt 0.859224 0.326920
vt 0.816352 0.351356
vt 0.835849 0.306739
vt 0.812006 0.317407
vt 0.867851 0.313859
vt 0.855411 0.379581
vt 0.802909 0.371218
vt 0.855253 0.388925
vt 0.818666 0.392338
vt 0.953839 0.318183
vt 0.868966 0.376027
vt 0.886059 0.387779
vt 0.865522 0.400290
vt 0.853830 0.402917
vt 0.808378 0.394481
vt 0.811238 0.391737
vt 0.944117 0.369549
vt 0.923350 0.391932
vt 0.904453 0.420574
vt 0.813773 0.407693
vt 0.843274 0.419104
vt 0.895970 0.428973
vt 0.921822 0.427003
vt 0.848012 0.466049
vt 0.852401 0.466973
vt 0.850210 0.464233
vt 0.853114 0.465610
vt 0.851442 0.463339
vt 0.859791 0.444220
vt 0.836598 0.451601
vt 0.855205 0.476140
vt 0.623705 0.989858
vt 0.620582 0.986291
vt 0.620594 0.992653
vt 0.962131 0.064652
vt 0.961734 0.061516
vt 0.953841 0.069240
vt 0.954391 0.049783
vt 0.958433 0.058677
vt 0.963034 0.054511
vt 0.962117 0.053772
vt 0.960824 0.046192
vt 0.952817 0.037721
vt 0.966028 0.052486
vt 0.967911 0.037284
vt 0.968019 0.055155
vt 0.629101 0.981190
vt 0.623421 0.976077
vt 0.863870 0.490150
vt 0.865355 0.490948
vt 0.866308 0.489163
vt 0.865786 0.493672
vt 0.869682 0.483126
vt 0.857564 0.492535
vt 0.067770 0.258763
vt 0.064685 0.259163
vt 0.071518 0.262016
vt 0.071979 0.271149
vt 0.059773 0.257637
vt 0.074597 0.278205
vt 0.058328 0.261973
vt 0.067133 0.276327
vt 0.130629 0.208714
vt 0.129448 0.210644
vt 0.133095 0.209501
vt 0.121992 0.218462
vt 0.130292 0.217767
vt 0.852828 0.926918
vt 0.848540 0.930612
vt 0.855337 0.933197
vt 0.850902 0.940037
vt 0.532756 0.962173
vt 0.524202 0.967344
vt 0.531789 0.973187
vt 0.508791 0.958997
vt 0.514748 0.958743
vt 0.530317 0.339681
vt 0.506299 0.290992
vt 0.479553 0.349266
vt 0.536835 0.319180
vt 0.525697 0.356670
vt 0.523771 0.366922
vt 0.496175 0.410339
vt 0.479860 0.417789
vt 0.485990 0.302789
vt 0.473159 0.346497
vt 0.467735 0.387226
vt 0.491912 0.435160
vt 0.482591 0.474093
vt 0.466487 0.425973
vt 0.457501 0.456254
vt 0.474443 0.506706
vt 0.453683 0.478738
vt 0.443761 0.523372
vt 0.485021 0.504000
vt 0.487715 0.474144
vt 0.457845 0.529886
vt 0.460225 0.535751
vt 0.502897 0.515705
vt 0.499321 0.446388
vt 0.507926 0.493408
vt 0.500179 0.414300
vt 0.562364 0.479211
vt 0.551353 0.519723
vt 0.503845 0.508489
vt 0.566677 0.527159
vt 0.530224 0.423027
vt 0.571608 0.430873
vt 0.549444 0.427082
vt 0.459620 0.542643
vt 0.464318 0.552016
vt 0.465695 0.408891
vt 0.461821 0.437714
vt 0.496198 0.267607
vt 0.524240 0.238509
vt 0.513105 0.232020
vt 0.541122 0.200948
vt 0.553991 0.232048
vt 0.561785 0.200923
vt 0.569520 0.233428
vt 0.581437 0.236041
vt 0.581466 0.243683
vt 0.587949 0.242712
vt 0.596633 0.228338
vt 0.559818 0.238445
vt 0.545103 0.258174
vt 0.571139 0.266025
vt 0.581355 0.276649
vt 0.561459 0.269509
vt 0.568056 0.275180
vt 0.566777 0.286277
vt 0.546068 0.283534
vt 0.540966 0.262790
vt 0.606505 0.272874
vt 0.604831 0.297341
vt 0.581936 0.291114
vt 0.571692 0.302645
vt 0.584689 0.309901
vt 0.555370 0.290580
vt 0.602755 0.331814
vt 0.540437 0.311449
vt 0.552205 0.304104
vt 0.547361 0.329815
vt 0.555709 0.306324
vt 0.551693 0.323150
vt 0.554192 0.328243
vt 0.559123 0.304463
vt 0.563640 0.310768
vt 0.536834 0.346690
vt 0.570766 0.339328
vt 0.571822 0.356683
vt 0.540739 0.368738
vt 0.580963 0.331236
vt 0.589364 0.356253
vt 0.565017 0.372756
vt 0.590716 0.385948
vt 0.611266 0.390299
vt 0.603592 0.415355
vt 0.563724 0.378020
vt 0.550410 0.381072
vt 0.550353 0.425036
vt 0.520756 0.417944
vt 0.626133 0.380098
vt 0.618675 0.365435
vt 0.634557 0.355042
vt 0.631886 0.371165
vt 0.640716 0.331255
vt 0.631757 0.957614
vt 0.624656 0.956715
vt 0.632619 0.963311
vt 0.543527 0.021071
vt 0.538800 0.028987
vt 0.545581 0.033171
vt 0.632511 0.951732
vt 0.640848 0.944606
vt 0.555790 0.037684
vt 0.555472 0.045019
vt 0.162992 0.196581
vt 0.156276 0.200888
vt 0.153114 0.205212
vt 0.157675 0.207442
vt 0.157685 0.204963
vt 0.152539 0.209435
vt 0.153153 0.206856
vt 0.413221 0.501028
vt 0.423461 0.438262
vt 0.410638 0.502215
vt 0.429000 0.446647
vt 0.433001 0.472152
vt 0.420306 0.502859
vt 0.440925 0.468984
vt 0.425190 0.506101
vt 0.434408 0.518023
vt 0.410103 0.516720
vt 0.422492 0.519106
vt 0.456123 0.436602
vt 0.469328 0.374057
vt 0.460147 0.383343
vt 0.450495 0.393685
vt 0.453331 0.408390
vt 0.450952 0.377199
vt 0.479572 0.318499
vt 0.477515 0.278590
vt 0.469738 0.320375
vt 0.487101 0.286319
vt 0.492792 0.266778
vt 0.503341 0.245335
vt 0.511261 0.223551
vt 0.511956 0.228144
vt 0.528613 0.210504
vt 0.547581 0.191883
vt 0.509684 0.216082
vt 0.606261 0.135607
vt 0.583093 0.162186
vt 0.480687 0.257521
vt 0.469281 0.250713
vt 0.471046 0.273581
vt 0.466147 0.253892
vt 0.456888 0.282895
vt 0.447155 0.276710
vt 0.443054 0.313916
vt 0.454692 0.316933
vt 0.465513 0.308721
vt 0.449652 0.317363
vt 0.462314 0.321251
vt 0.445363 0.374255
vt 0.439352 0.374479
vt 0.431466 0.370651
vt 0.419462 0.368249
vt 0.400796 0.438110
vt 0.413882 0.425056
vt 0.411265 0.366256
vt 0.432380 0.372375
vt 0.432024 0.312740
vt 0.390169 0.421858
vt 0.394499 0.433855
vt 0.405140 0.364627
vt 0.421896 0.310541
vt 0.378534 0.467483
vt 0.377310 0.490804
vt 0.386032 0.494768
vt 0.367536 0.488707
vt 0.376562 0.492065
vt 0.367540 0.490233
vt 0.368370 0.505790
vt 0.378946 0.508020
vt 0.388407 0.506997
vt 0.395138 0.497431
vt 0.399885 0.511822
vt 0.391481 0.514952
vt 0.403219 0.500140
vt 0.405169 0.521445
vt 0.413023 0.447290
vt 0.398127 0.480597
vt 0.356190 0.497460
vt 0.360847 0.485709
vt 0.363994 0.463565
vt 0.359529 0.438802
vt 0.346484 0.459137
vt 0.340930 0.488998
vt 0.339009 0.495637
vt 0.376378 0.398000
vt 0.378440 0.362821
vt 0.371927 0.382570
vt 0.362267 0.408858
vt 0.354566 0.432503
vt 0.386995 0.361850
vt 0.386472 0.337781
vt 0.404678 0.309500
vt 0.398516 0.306267
vt 0.413046 0.267365
vt 0.416008 0.218297
vt 0.419626 0.209404
vt 0.413667 0.245658
vt 0.421759 0.267667
vt 0.427846 0.245019
vt 0.430157 0.262153
vt 0.419249 0.305426
vt 0.411146 0.306489
vt 0.397114 0.361612
vt 0.437535 0.247841
vt 0.440856 0.264401
vt 0.453393 0.251818
vt 0.440689 0.246969
vt 0.449085 0.248412
vt 0.433959 0.310012
vt 0.418485 0.161196
vt 0.410921 0.167821
vt 0.413229 0.194482
vt 0.414698 0.205749
vt 0.370658 0.431635
vt 0.389882 0.371492
vt 0.396414 0.362888
vt 0.382697 0.421740
vt 0.371308 0.458464
vt 0.764251 0.067871
vt 0.759081 0.065360
vt 0.763577 0.074140
vt 0.751900 0.067219
vt 0.561145 0.921808
vt 0.557871 0.936518
vt 0.567958 0.924567
vt 0.573298 0.935352
vt 0.656593 0.054489
vt 0.660796 0.055015
vt 0.663091 0.052338
vt 0.607461 0.987356
vt 0.610218 0.996412
vt 0.618101 0.994999
vt 0.597553 0.992175
vt 0.616345 0.998842
vt 0.947792 0.414125
vt 0.950717 0.411920
vt 0.937016 0.408105
vt 0.947134 0.403864
vt 0.931251 0.404895
vt 0.931529 0.409932
vt 0.687104 0.076926
vt 0.692711 0.079171
vt 0.694052 0.063790
vt 0.695900 0.065977
vt 0.080105 0.937448
vt 0.076227 0.933209
vt 0.072185 0.937171
vt 0.073201 0.931953
vt 0.079212 0.932598
vt 0.089222 0.942068
vt 0.078601 0.927298
vt 0.060635 0.941683
vt 0.058903 0.919178
vt 0.059909 0.932594
vt 0.061535 0.918824
vt 0.064614 0.927607
vt 0.072762 0.913689
vt 0.056592 0.913822
vt 0.072425 0.912378
vt 0.732402 0.048121
vt 0.722187 0.041944
vt 0.717308 0.056165
vt 0.717296 0.044362
vt 0.709251 0.057715
vt 0.708336 0.063901
vt 0.705403 0.054876
vt 0.707289 0.044473
vt 0.699047 0.052956
vt 0.696469 0.041568
vt 0.687911 0.052233
vt 0.689889 0.042778
vt 0.697021 0.029241
vt 0.703422 0.032950
vt 0.715635 0.038961
vt 0.714700 0.023149
vt 0.705689 0.021307
vt 0.054891 0.943878
vt 0.056976 0.931390
vt 0.071212 0.906696
vt 0.056466 0.908641
vt 0.044068 0.915903
vt 0.040018 0.911502
vt 0.697039 0.065178
vt 0.713939 0.071181
vt 0.707974 0.064909
vt 0.704976 0.070108
vt 0.699978 0.066801
vt 0.699162 0.070564
vt 0.698223 0.072090
vt 0.355132 0.005563
vt 0.352032 0.007513
vt 0.358630 0.007513
vt 0.302951 0.974063
vt 0.307549 0.971574
vt 0.301778 0.971591
vt 0.302630 0.969929
vt 0.303750 0.969823
vt 0.469043 0.075601
vt 0.462038 0.076807
vt 0.468318 0.076365
vt 0.288471 0.968726
vt 0.288950 0.970795
vt 0.291224 0.970669
vt 0.291209 0.973978
vt 0.296236 0.967980
vt 0.288691 0.973754
vt 0.294069 0.974640
vt 0.294589 0.971808
vt 0.292145 0.973989
vt 0.470982 0.072772
vt 0.472438 0.071100
vt 0.464623 0.071423
vt 0.470599 0.073557
vt 0.472133 0.071700
vt 0.472007 0.072094
vt 0.470886 0.075473
vt 0.471131 0.075769
vt 0.298077 0.974105
vt 0.299379 0.973892
vt 0.297722 0.972564
vt 0.299616 0.973584
vt 0.300267 0.970952
vt 0.303699 0.965998
vt 0.298939 0.966168
vt 0.292038 0.992269
vt 0.293559 0.986908
vt 0.284372 0.992216
vt 0.288942 0.987714
vt 0.533040 0.987424
vt 0.536532 0.987934
vt 0.544097 0.980952
vt 0.066644 0.892004
vt 0.061668 0.884484
vt 0.064458 0.898498
vt 0.064878 0.883071
vt 0.068616 0.904373
vt 0.060950 0.882553
vt 0.063178 0.881631
vt 0.038414 0.040348
vt 0.039466 0.043146
vt 0.045156 0.047515
vt 0.041483 0.047525
vt 0.047000 0.052935
vt 0.423439 0.956948
vt 0.418764 0.960134
vt 0.425773 0.961646
vt 0.014803 0.177374
vt 0.020000 0.179520
vt 0.019021 0.176628
vt 0.022262 0.177038
vt 0.030557 0.177067
vt 0.025170 0.174039
vt 0.027723 0.170600
vt 0.031762 0.172635
vt 0.414395 0.950832
vt 0.416386 0.943893
vt 0.420451 0.945813
vt 0.613170 0.555157
vt 0.613234 0.555304
vt 0.623031 0.553601
vt 0.612818 0.555282
vt 0.599096 0.559000
vt 0.426741 0.978085
vt 0.426275 0.969081
vt 0.419215 0.978376
vt 0.414925 0.966504
vt 0.267405 0.610028
vt 0.266503 0.617241
vt 0.264514 0.603751
vt 0.443772 0.969935
vt 0.438476 0.966017
vt 0.434965 0.975433
vt 0.437497 0.983713
vt 0.429488 0.988231
vt 0.416556 0.995924
vt 0.261134 0.584301
vt 0.273940 0.597220
vt 0.276235 0.608818
vt 0.278004 0.623628
vt 0.275974 0.595168
vt 0.278441 0.612352
vt 0.337710 0.607050
vt 0.307097 0.603264
vt 0.280216 0.623256
vt 0.281279 0.632400
vt 0.351082 0.616519
vt 0.409267 0.618782
vt 0.358874 0.630233
vt 0.280721 0.639439
vt 0.341479 0.640156
vt 0.282007 0.650683
vt 0.342217 0.653966
vt 0.284011 0.659685
vt 0.282116 0.659719
vt 0.285426 0.670205
vt 0.343969 0.666249
vt 0.286549 0.680149
vt 0.283517 0.674430
vt 0.331966 0.677152
vt 0.286916 0.692408
vt 0.284755 0.690893
vt 0.319647 0.691582
vt 0.305098 0.701845
vt 0.286006 0.702268
vt 0.296983 0.709936
vt 0.293377 0.718694
vt 0.282204 0.716970
vt 0.330175 0.686103
vt 0.343944 0.679702
vt 0.369107 0.671556
vt 0.391433 0.667328
vt 0.405463 0.654388
vt 0.436358 0.659274
vt 0.399095 0.648187
vt 0.475365 0.644520
vt 0.525931 0.626232
vt 0.542734 0.634431
vt 0.476444 0.638158
vt 0.501717 0.648728
vt 0.444175 0.634751
vt 0.512390 0.622363
vt 0.496942 0.618057
vt 0.566429 0.608312
vt 0.548585 0.603758
vt 0.596528 0.593507
vt 0.600395 0.603641
vt 0.601924 0.609104
vt 0.622944 0.599642
vt 0.600445 0.595742
vt 0.599693 0.588083
vt 0.641532 0.588792
vt 0.675480 0.571715
vt 0.701094 0.580593
vt 0.659930 0.595088
vt 0.699710 0.569352
vt 0.697519 0.556314
vt 0.645958 0.570515
vt 0.703541 0.573617
vt 0.726744 0.562262
vt 0.699453 0.561424
vt 0.728329 0.572978
vt 0.729340 0.582442
vt 0.746266 0.571696
vt 0.737933 0.571154
vt 0.738547 0.566076
vt 0.745212 0.563043
vt 0.746441 0.575407
vt 0.702803 0.588905
vt 0.703959 0.595787
vt 0.730722 0.589421
vt 0.746992 0.584343
vt 0.731498 0.598396
vt 0.748264 0.595153
vt 0.715511 0.600142
vt 0.727615 0.602955
vt 0.706296 0.607081
vt 0.747371 0.608159
vt 0.705293 0.615462
vt 0.685191 0.611979
vt 0.669226 0.606758
vt 0.664491 0.616340
vt 0.625693 0.623803
vt 0.632396 0.610864
vt 0.601530 0.618475
vt 0.604909 0.625705
vt 0.576242 0.638362
vt 0.614976 0.633498
vt 0.646116 0.629517
vt 0.680368 0.625218
vt 0.700310 0.622596
vt 0.721597 0.619693
vt 0.747271 0.615634
vt 0.756338 0.614019
vt 0.756992 0.601143
vt 0.725832 0.554724
vt 0.740600 0.556343
vt 0.739768 0.547462
vt 0.736205 0.538141
vt 0.722777 0.544872
vt 0.720062 0.538695
vt 0.706364 0.546350
vt 0.687682 0.542189
vt 0.694649 0.548508
vt 0.693738 0.534720
vt 0.737672 0.528422
vt 0.735854 0.517913
vt 0.703889 0.525796
vt 0.685570 0.530321
vt 0.660903 0.535660
vt 0.635557 0.548458
vt 0.643073 0.536922
vt 0.613786 0.543599
vt 0.594892 0.558190
vt 0.556478 0.556301
vt 0.530044 0.566354
vt 0.510673 0.564868
vt 0.468938 0.577329
vt 0.436157 0.576041
vt 0.403961 0.588823
vt 0.378827 0.582881
vt 0.367569 0.583881
vt 0.387646 0.596618
vt 0.465115 0.588560
vt 0.406627 0.603464
vt 0.530929 0.574238
vt 0.426814 0.607285
vt 0.495169 0.590749
vt 0.465080 0.606393
vt 0.537329 0.589531
vt 0.541431 0.596910
vt 0.477907 0.613207
vt 0.595593 0.581857
vt 0.553736 0.579961
vt 0.594933 0.568235
vt 0.594183 0.564140
vt 0.639995 0.559988
vt 0.597316 0.574235
vt 0.598721 0.582156
vt 0.429859 0.623036
vt 0.397118 0.637006
vt 0.318375 0.591511
vt 0.606783 0.555789
vt 0.227422 0.277141
vt 0.207738 0.305788
vt 0.231933 0.299002
vt 0.193789 0.290904
vt 0.237305 0.274631
vt 0.225722 0.318305
vt 0.176925 0.306502
vt 0.195341 0.285996
vt 0.226380 0.268998
vt 0.912406 0.912016
vt 0.911145 0.922906
vt 0.924280 0.925855
vt 0.905597 0.903563
vt 0.905402 0.901833
vt 0.938889 0.948623
vt 0.322862 0.112400
vt 0.291183 0.121784
vt 0.323875 0.116358
vt 0.295471 0.126585
vt 0.276878 0.132102
vt 0.254865 0.137903
vt 0.244158 0.127696
vt 0.237193 0.090693
vt 0.271999 0.085969
vt 0.320077 0.080765
vt 0.253070 0.082433
vt 0.230675 0.085708
vt 0.232555 0.119480
vt 0.233514 0.140659
vt 0.234740 0.149191
vt 0.265117 0.161705
vt 0.208963 0.151695
vt 0.206616 0.125333
vt 0.190239 0.116283
vt 0.214603 0.138418
vt 0.173278 0.170717
vt 0.126328 0.164199
vt 0.094762 0.167797
vt 0.157208 0.160716
vt 0.104826 0.133739
vt 0.103172 0.094314
vt 0.145436 0.089211
vt 0.104554 0.067912
vt 0.164723 0.068056
vt 0.168045 0.043679
vt 0.111602 0.039397
vt 0.208661 0.062741
vt 0.204735 0.086433
vt 0.228043 0.084010
vt 0.276329 0.058966
vt 0.321538 0.078868
vt 0.324339 0.093824
vt 0.342074 0.072289
vt 0.396350 0.048629
vt 0.380221 0.068472
vt 0.413025 0.047824
vt 0.417636 0.022885
vt 0.383726 0.026035
vt 0.437264 0.032623
vt 0.286988 0.040281
vt 0.280025 0.030807
vt 0.236268 0.033451
vt 0.183239 0.036239
vt 0.154074 0.037499
vt 0.136558 0.038329
vt 0.342163 0.091792
vt 0.342825 0.106321
vt 0.326415 0.130055
vt 0.298931 0.141917
vt 0.299096 0.160582
vt 0.279689 0.172850
vt 0.268751 0.168742
vt 0.078497 0.044171
vt 0.082581 0.074492
vt 0.078316 0.102632
vt 0.081154 0.151097
vt 0.083985 0.147810
vt 0.083706 0.113064
vt 0.083013 0.168675
vt 0.086201 0.096344
vt 0.091143 0.166635
vt 0.214371 0.100837
vt 0.207041 0.087022
vt 0.123590 0.273333
vt 0.093718 0.284175
vt 0.095553 0.290338
vt 0.132945 0.257073
vt 0.156413 0.250372
vt 0.168382 0.231343
vt 0.186392 0.228273
vt 0.174276 0.244209
vt 0.189724 0.235753
vt 0.208969 0.210835
vt 0.213694 0.212617
vt 0.211515 0.222424
vt 0.221530 0.212349
vt 0.207364 0.204648
vt 0.198213 0.201248
vt 0.217141 0.195387
vt 0.173104 0.210809
vt 0.186257 0.192458
vt 0.144423 0.265218
vt 0.123382 0.281382
vt 0.096923 0.296960
vt 0.066035 0.316839
vt 0.054079 0.319844
vt 0.044479 0.333580
vt 0.064565 0.306544
vt 0.063340 0.295794
vt 0.027215 0.337334
vt 0.034244 0.337943
vt 0.016480 0.345406
vt 0.028619 0.346194
vt 0.043580 0.338773
vt 0.105877 0.269453
vt 0.409073 0.974585
vt 0.416240 0.980238
vt 0.408513 0.965907
vt 0.790704 0.992082
vt 0.776203 0.994142
vt 0.803764 0.994201
vt 0.796566 0.996877
vt 0.821828 0.995571
vt 0.385933 0.970396
vt 0.796229 0.987529
vt 0.805194 0.990283
vt 0.822675 0.991950
vt 0.839421 0.993852
vt 0.837245 0.998194
vt 0.836776 0.984467
vt 0.765243 0.832437
vt 0.767083 0.831686
vt 0.765864 0.831610
vt 0.837856 0.987724
vt 0.840311 0.998436
vt 0.212714 0.193022
vt 0.772420 0.843701
vt 0.759292 0.840053
vt 0.756511 0.834378
vt 0.761378 0.831499
vt 0.766067 0.831012
vt 0.770814 0.830006
vt 0.772620 0.830052
vt 0.221553 0.198140
vt 0.166351 0.255598
vt 0.143456 0.274174
vt 0.117898 0.288622
vt 0.085218 0.308359
vt 0.063532 0.325706
vt 0.466882 0.872167
vt 0.448901 0.883283
vt 0.481446 0.878737
vt 0.405117 0.879268
vt 0.493336 0.873831
vt 0.469488 0.896548
vt 0.502731 0.896793
vt 0.510621 0.889300
vt 0.486377 0.906868
vt 0.483437 0.914772
vt 0.500045 0.908345
vt 0.477328 0.918760
vt 0.507141 0.909642
vt 0.506791 0.901180
vt 0.386674 0.884861
vt 0.881721 0.754795
vt 0.879853 0.712773
vt 0.870387 0.746548
vt 0.868193 0.699750
vt 0.876662 0.672183
vt 0.886401 0.684874
vt 0.888509 0.641201
vt 0.879378 0.618877
vt 0.869535 0.656664
vt 0.861522 0.615764
vt 0.860204 0.645728
vt 0.855319 0.615033
vt 0.848911 0.679243
vt 0.856714 0.671757
vt 0.845409 0.635205
vt 0.858326 0.669738
vt 0.834102 0.654126
vt 0.821381 0.644766
vt 0.853145 0.685732
vt 0.841601 0.712618
vt 0.830103 0.663077
vt 0.859624 0.743812
vt 0.866648 0.819548
vt 0.842008 0.783819
vt 0.842719 0.826713
vt 0.817828 0.814548
vt 0.820176 0.761046
vt 0.766311 0.786550
vt 0.789047 0.744874
vt 0.821238 0.843798
vt 0.774295 0.826800
vt 0.744744 0.756153
vt 0.734568 0.766295
vt 0.731207 0.776090
vt 0.731021 0.793962
vt 0.752808 0.809811
vt 0.762926 0.747828
vt 0.759260 0.739948
vt 0.789188 0.704543
vt 0.793278 0.672263
vt 0.737798 0.718809
vt 0.820482 0.674609
vt 0.806367 0.628697
vt 0.854333 0.612906
vt 0.728175 0.783098
vt 0.804278 0.857399
vt 0.716126 0.801393
vt 0.832096 0.835490
vt 0.857290 0.835240
vt 0.658182 0.863492
vt 0.673439 0.866599
vt 0.658363 0.853825
vt 0.687352 0.877758
vt 0.630183 0.880023
vt 0.675649 0.863694
vt 0.648426 0.858280
vt 0.659393 0.852199
vt 0.713942 0.852319
vt 0.649950 0.841902
vt 0.619800 0.852052
vt 0.676272 0.838477
vt 0.606195 0.827532
vt 0.635031 0.831114
vt 0.662583 0.828481
vt 0.639539 0.820908
vt 0.615453 0.817383
vt 0.590591 0.809703
vt 0.682028 0.825785
vt 0.700434 0.835018
vt 0.725840 0.842716
vt 0.724751 0.834730
vt 0.758779 0.828553
vt 0.775870 0.852550
vt 0.709356 0.859271
vt 0.765689 0.864497
vt 0.717450 0.872436
vt 0.608297 0.867865
vt 0.570989 0.872797
vt 0.638940 0.867014
vt 0.587137 0.880274
vt 0.559943 0.885682
vt 0.628485 0.880035
vt 0.264782 0.192267
vt 0.231117 0.205287
vt 0.239771 0.208136
vt 0.256553 0.189216
vt 0.285886 0.173286
vt 0.278132 0.186992
vt 0.253833 0.205616
vt 0.215698 0.226715
vt 0.196686 0.237594
vt 0.179466 0.251052
vt 0.241965 0.217000
vt 0.205210 0.239759
vt 0.183411 0.256669
vt 0.152823 0.278426
vt 0.116019 0.299164
vt 0.087002 0.316061
vt 0.042772 0.347517
vt 0.085694 0.334146
vt 0.067968 0.356085
vt 0.114026 0.338228
vt 0.083167 0.392712
vt 0.058473 0.397451
vt 0.074631 0.421725
vt 0.127651 0.396985
vt 0.125857 0.410318
vt 0.108016 0.435368
vt 0.166206 0.422360
vt 0.163566 0.453412
vt 0.126958 0.460187
vt 0.165174 0.469241
vt 0.143326 0.479328
vt 0.162649 0.479164
vt 0.167206 0.475118
vt 0.186179 0.478782
vt 0.180987 0.472002
vt 0.171958 0.480568
vt 0.166461 0.467884
vt 0.176121 0.444502
vt 0.210673 0.439129
vt 0.199774 0.475800
vt 0.206723 0.480317
vt 0.205521 0.486344
vt 0.242431 0.489589
vt 0.209969 0.470109
vt 0.211530 0.495028
vt 0.296848 0.501228
vt 0.240471 0.508551
vt 0.303259 0.521380
vt 0.275322 0.521321
vt 0.195479 0.506862
vt 0.199478 0.495573
vt 0.194800 0.488172
vt 0.167237 0.485095
vt 0.306936 0.513047
vt 0.312040 0.514096
vt 0.319425 0.510889
vt 0.315880 0.505887
vt 0.311872 0.489998
vt 0.324146 0.490415
vt 0.317631 0.461217
vt 0.353267 0.383407
vt 0.339883 0.368198
vt 0.332690 0.399821
vt 0.324378 0.436302
vt 0.368652 0.344326
vt 0.390593 0.320046
vt 0.405088 0.280398
vt 0.384908 0.295022
vt 0.396886 0.243139
vt 0.343953 0.269685
vt 0.335100 0.305436
vt 0.331215 0.317511
vt 0.339331 0.288414
vt 0.324779 0.315388
vt 0.309230 0.315009
vt 0.258387 0.334486
vt 0.301825 0.359025
vt 0.256096 0.301115
vt 0.261024 0.288127
vt 0.254698 0.267345
vt 0.232595 0.302859
vt 0.226745 0.320469
vt 0.215727 0.339253
vt 0.237333 0.347338
vt 0.194245 0.312928
vt 0.249981 0.347312
vt 0.212632 0.373117
vt 0.215602 0.431086
vt 0.208566 0.396353
vt 0.198484 0.428064
vt 0.216240 0.446524
vt 0.232967 0.437606
vt 0.174479 0.436396
vt 0.253729 0.443815
vt 0.313444 0.458361
vt 0.287606 0.445840
vt 0.237452 0.425542
vt 0.295342 0.434173
vt 0.287129 0.412971
vt 0.248648 0.379943
vt 0.231916 0.431303
vt 0.230131 0.402042
vt 0.231102 0.374438
vt 0.245666 0.353594
vt 0.255463 0.350430
vt 0.302594 0.362909
vt 0.272562 0.352273
vt 0.336427 0.370658
vt 0.321013 0.397135
vt 0.322009 0.428407
vt 0.174722 0.307619
vt 0.146093 0.322975
vt 0.159287 0.293629
vt 0.213272 0.263159
vt 0.220939 0.270450
vt 0.206539 0.253899
vt 0.145940 0.291962
vt 0.249107 0.236101
vt 0.246333 0.224196
vt 0.279993 0.213569
vt 0.297725 0.218146
vt 0.278441 0.240545
vt 0.298524 0.190313
vt 0.322091 0.183540
vt 0.336895 0.170343
vt 0.329982 0.164361
vt 0.289604 0.185191
vt 0.326105 0.161305
vt 0.353335 0.147744
vt 0.359588 0.165961
vt 0.349174 0.188398
vt 0.378537 0.174351
vt 0.390237 0.159575
vt 0.408412 0.178161
vt 0.393584 0.193842
vt 0.411941 0.206369
vt 0.410456 0.235943
vt 0.363657 0.191873
vt 0.384670 0.211691
vt 0.377985 0.204460
vt 0.374933 0.212372
vt 0.360179 0.212820
vt 0.358836 0.223244
vt 0.350781 0.237898
vt 0.321501 0.215005
vt 0.333147 0.232705
vt 0.310874 0.228416
vt 0.285794 0.256707
vt 0.271817 0.273419
vt 0.352149 0.194768
vt 0.358124 0.221851
vt 0.332963 0.212254
vt 0.323026 0.200950
vt 0.331441 0.190810
vt 0.334000 0.184739
vt 0.304144 0.171088
vt 0.326129 0.151763
vt 0.138561 0.344016
vt 0.134660 0.357901
vt 0.325973 0.296050
vt 0.333549 0.259376
vt 0.337719 0.289009
vt 0.344649 0.254289
vt 0.345145 0.254258
vt 0.343712 0.240368
vt 0.313993 0.155800
vt 0.323262 0.142768
vt 0.224110 0.199572
vt 0.485643 0.846952
vt 0.487481 0.862235
vt 0.492582 0.858593
vt 0.504749 0.863559
vt 0.769750 0.904049
vt 0.776746 0.902657
vt 0.772001 0.892510
vt 0.794141 0.908993
vt 0.794243 0.918700
vt 0.827021 0.940877
vt 0.829939 0.961673
vt 0.806689 0.916276
vt 0.771119 0.908554
vt 0.780206 0.933158
vt 0.779917 0.947251
vt 0.775821 0.934588
vt 0.757615 0.945488
vt 0.762607 0.918101
vt 0.766499 0.914675
vt 0.820128 0.927889
vt 0.513948 0.873102
vt 0.496698 0.873303
vt 0.518325 0.877767
vt 0.545301 0.888769
vt 0.342956 0.079610
vt 0.379814 0.069319
vt 0.748149 0.911199
vt 0.733088 0.911109
vt 0.700781 0.920478
vt 0.717573 0.918595
vt 0.744481 0.916126
vt 0.736243 0.921095
vt 0.698815 0.923709
vt 0.768958 0.893921
vt 0.681184 0.910897
vt 0.776828 0.864662
vt 0.782266 0.839454
vt 0.778634 0.867874
vt 0.523560 0.891098
vt 0.512063 0.892041
vt 0.508122 0.894530
vt 0.522689 0.905948
vt 0.534406 0.914322
vt 0.991025 0.782993
vt 0.981514 0.783548
vt 0.978313 0.788673
vt 0.965949 0.787888
vt 0.968027 0.800782
vt 0.960795 0.801960
vt 0.952209 0.815320
vt 0.951842 0.812708
vt 0.985116 0.778593
vt 0.943971 0.773615
vt 0.945084 0.798834
vt 0.910154 0.820399
vt 0.907325 0.755193
vt 0.908482 0.768811
vt 0.912402 0.801882
vt 0.936089 0.822588
vt 0.912634 0.842350
vt 0.549000 0.926801
vt 0.549166 0.924479
vt 0.532580 0.916465
vt 0.520849 0.909740
vt 0.331680 0.564507
vt 0.325074 0.555587
vt 0.315036 0.568081
vt 0.326436 0.542870
vt 0.337239 0.572861
vt 0.323504 0.573665
vt 0.304182 0.572346
vt 0.312038 0.556391
vt 0.297755 0.562410
vt 0.289059 0.564999
vt 0.295696 0.550162
vt 0.287727 0.572136
vt 0.305875 0.579402
vt 0.324847 0.582695
vt 0.344397 0.584438
vt 0.308544 0.539807
vt 0.320398 0.551043
vt 0.757826 0.927027
vt 0.849224 0.924997
vt 0.854856 0.916975
vt 0.859100 0.905703
vt 0.878817 0.942063
vt 0.879195 0.905049
vt 0.896061 0.903024
vt 0.898877 0.878540
vt 0.888900 0.873487
vt 0.900692 0.863382
vt 0.877078 0.882887
vt 0.907036 0.880694
vt 0.934160 0.868914
vt 0.953283 0.876850
vt 0.993531 0.893966
vt 0.968414 0.881010
vt 0.957504 0.868507
vt 0.986619 0.883411
vt 0.999000 0.889374
vt 0.974046 0.864696
vt 0.927851 0.854245
vt 0.927876 0.862423
vt 0.540496 0.891042
vt 0.953877 0.857979
vt 0.981569 0.862563
vt 0.926826 0.851212
vt 0.539028 0.933530
vt 0.909822 0.783567
vt 0.902645 0.748714
vt 0.899586 0.788942
vt 0.890740 0.743391
vt 0.884144 0.741727
vt 0.886139 0.781569
vt 0.884757 0.814374
vt 0.885784 0.835874
vt 0.898512 0.843644
vt 0.918379 0.850559
vt 0.843663 0.830023
vt 0.820315 0.846304
vt 0.737727 0.753103
vt 0.750387 0.745883
vt 0.721915 0.761910
vt 0.711205 0.772340
vt 0.717425 0.772169
vt 0.737084 0.750969
vt 0.719473 0.761556
vt 0.739991 0.745885
vt 0.725741 0.744693
vt 0.709159 0.753795
vt 0.712165 0.760055
vt 0.708895 0.770575
vt 0.707692 0.764270
vt 0.760842 0.746247
vt 0.700758 0.753079
vt 0.230569 0.146513
vt 0.225638 0.094237
vt 0.351517 0.026785
vt 0.406618 0.023025
vt 0.316718 0.230652
vt 0.295862 0.252663
vt 0.275021 0.275327
vt 0.298642 0.262240
vt 0.288618 0.285945
vt 0.258585 0.298465
vt 0.286515 0.301307
vt 0.279368 0.305279
vt 0.307768 0.312392
vt 0.138435 0.350928
vt 0.147987 0.352628
vt 0.133174 0.378428
vt 0.150276 0.371601
vt 0.131292 0.410565
vt 0.147124 0.407446
vt 0.149250 0.415828
vt 0.179902 0.417842
vt 0.206872 0.396460
vt 0.190146 0.396215
vt 0.194669 0.365239
vt 0.197621 0.394670
vt 0.170379 0.335587
vt 0.196520 0.343283
vt 0.202590 0.365739
vt 0.211297 0.368469
vt 0.193830 0.335104
vt 0.852000 0.891027
vt 0.872259 0.865836
vt 0.845259 0.886589
vt 0.854900 0.877121
vt 0.868032 0.864665
vt 0.875952 0.857138
vt 0.823723 0.872666
vt 0.833472 0.857973
vt 0.788711 0.860750
vt 0.849905 0.848027
vt 0.798856 0.881873
vt 0.825995 0.893183
vt 0.826257 0.910961
vt 0.910418 0.859329
vt 0.935962 0.828862
vt 0.883657 0.806871
vt 0.725037 0.776848
vt 0.957012 0.642692
vt 0.968287 0.638984
vt 0.954789 0.636903
vt 0.956086 0.647641
vt 0.703636 0.761379
vt 0.281761 0.581334
vt 0.272396 0.571562
vt 0.277447 0.557093
vt 0.262535 0.546996
vt 0.288790 0.839396
vt 0.277139 0.807424
vt 0.285930 0.856570
vt 0.280400 0.795987
vt 0.300779 0.865528
vt 0.298522 0.879356
vt 0.286922 0.874917
vt 0.277054 0.768020
vt 0.270489 0.770243
vt 0.273066 0.824318
vt 0.266050 0.819688
vt 0.273829 0.854408
vt 0.268750 0.753304
vt 0.256792 0.820431
vt 0.254156 0.849299
vt 0.271751 0.876297
vt 0.280855 0.889608
vt 0.256719 0.880222
vt 0.263987 0.895096
vt 0.243527 0.891045
vt 0.238839 0.863321
vt 0.216836 0.878111
vt 0.243675 0.801269
vt 0.293738 0.883826
vt 0.378396 0.209820
vt 0.380741 0.209359
vt 0.345601 0.253823
vt 0.345210 0.253981
vt 0.882634 0.839088
vt 0.882896 0.827505
vt 0.773450 0.425409
vt 0.760233 0.417590
vt 0.769415 0.490363
vt 0.773236 0.371931
vt 0.782758 0.394603
vt 0.781975 0.452647
vt 0.781025 0.470875
vt 0.772311 0.503816
vt 0.780086 0.521980
vt 0.772908 0.533307
vt 0.779985 0.561229
vt 0.772254 0.580586
vt 0.780050 0.607778
vt 0.771606 0.643057
vt 0.780484 0.642821
vt 0.781878 0.370149
vt 0.759287 0.373193
vt 0.896498 0.645243
vt 0.901159 0.646757
vt 0.894836 0.635047
vt 0.901187 0.641823
vt 0.915136 0.645934
vt 0.474804 0.917135
vt 0.456291 0.914667
vt 0.452278 0.917524
vt 0.449881 0.912406
vt 0.443656 0.912138
vt 0.451629 0.919864
vt 0.448646 0.932693
vt 0.425906 0.943431
vt 0.426816 0.920864
vt 0.430369 0.959808
vt 0.414697 0.929939
vt 0.413829 0.940571
vt 0.415280 0.943323
vt 0.411773 0.947217
vt 0.919364 0.665513
vt 0.930237 0.650462
vt 0.909351 0.653550
vt 0.900481 0.658348
vt 0.892589 0.667581
vt 0.890370 0.653874
vt 0.930230 0.654822
vt 0.944411 0.657448
vt 0.954527 0.656420
vt 0.955536 0.654624
vt 0.948999 0.648873
vt 0.935701 0.645678
vt 0.430855 0.915174
vt 0.420327 0.896271
vt 0.377541 0.891845
vt 0.369011 0.883792
vt 0.399793 0.920031
vt 0.403695 0.927316
vt 0.409017 0.932258
vt 0.408136 0.936075
vt 0.403412 0.935687
vt 0.397406 0.927131
vt 0.405279 0.939720
vt 0.400834 0.938403
vt 0.404468 0.943258
vt 0.395858 0.943819
vt 0.395682 0.932881
vt 0.390775 0.949309
vt 0.269738 0.634135
vt 0.279569 0.642533
vt 0.447398 0.978571
vt 0.440640 0.997752
vt 0.262080 0.580323
vt 0.271919 0.576871
vt 0.264525 0.563461
vt 0.254351 0.561509
vt 0.273505 0.587264
vt 0.413897 0.231795
vt 0.277101 0.306342
vt 0.174311 0.450213
vt 0.174008 0.467420
vt 0.880964 0.851691
vt 0.787534 0.367226
vt 0.787191 0.378694
vt 0.787473 0.424662
vt 0.783963 0.428817
vt 0.786785 0.473315
vt 0.785107 0.519646
vt 0.784095 0.575060
vt 0.784329 0.610841
vt 0.785304 0.642551
vt 0.394326 0.917397
vt 0.376433 0.894662
vt 0.080379 0.169206
vt 0.264446 0.554122
vt 0.202303 0.474784
vt 0.166934 0.479597
vt 0.791254 0.401451
vt 0.792142 0.453117
vt 0.789406 0.486410
vt 0.791214 0.525219
vt 0.787528 0.554225
vt 0.427815 0.950447
vt 0.021504 0.170921
vt 0.026079 0.168019
vt 0.032060 0.169992
vt 0.039304 0.149473
vt 0.035489 0.156084
vt 0.036982 0.168453
vt 0.023088 0.165153
vt 0.040968 0.122459
vt 0.021736 0.122898
vt 0.016577 0.175666
vt 0.037133 0.088114
vt 0.021907 0.056104
vt 0.033791 0.054716
vt 0.034460 0.049659
vt 0.039580 0.050721
vt 0.046121 0.091709
vt 0.055489 0.042953
vt 0.071795 0.044136
vt 0.073384 0.142207
vt 0.077412 0.071437
vt 0.057448 0.170139
vt 0.044892 0.155818
vt 0.048641 0.130161
vt 0.246476 0.543630
vt 0.248307 0.542788
vt 0.250151 0.538027
vt 0.239080 0.530549
vt 0.244966 0.530027
vt 0.307974 0.893239
vt 0.296308 0.905751
vt 0.255200 0.899588
vt 0.308569 0.917343
vt 0.229868 0.901189
vt 0.231816 0.888115
vt 0.219595 0.911264
vt 0.303304 0.925573
vt 0.096715 0.940368
vt 0.201328 0.924080
vt 0.098148 0.945287
vt 0.099202 0.951272
vt 0.205480 0.930452
vt 0.301097 0.938646
vt 0.300660 0.953493
vt 0.213810 0.939837
vt 0.100042 0.955898
vt 0.150995 0.952377
vt 0.306655 0.963733
vt 0.305665 0.950965
vt 0.305662 0.931529
vt 0.211659 0.450397
vt 0.204128 0.475732
vt 0.207110 0.492865
vt 0.202279 0.490765
vt 0.200140 0.490098
vt 0.808901 0.444221
vt 0.798289 0.412081
vt 0.801118 0.466708
vt 0.794531 0.524705
vt 0.071043 0.041088
vt 0.055528 0.035762
vt 0.057149 0.039335
vt 0.063351 0.036738
vt 0.093796 0.039640
vt 0.249846 0.535946
vt 0.298723 0.906920
vt 0.790181 0.580952
vt 0.795347 0.608887
vt 0.789448 0.643082
vt 0.798307 0.644633
vt 0.790785 0.645040
vt 0.787611 0.597589
vt 0.781398 0.646216
vt 0.773174 0.647380
vt 0.077529 0.890933
vt 0.078332 0.885661
vt 0.073044 0.895102
vt 0.074713 0.885452
vt 0.543442 0.998931
vt 0.539298 0.993425
vt 0.533228 0.989848
vt 0.539623 0.997573
vt 0.046925 0.046149
vt 0.050175 0.047109
vt 0.050238 0.041205
vt 0.050508 0.034250
vt 0.743799 0.515172
vt 0.745425 0.519029
vt 0.748864 0.520236
vt 0.747988 0.542772
vt 0.408925 0.664980
vt 0.402079 0.668032
vt 0.426995 0.701170
vt 0.385010 0.686339
vt 0.402717 0.702267
vt 0.481070 0.664621
vt 0.448330 0.697792
vt 0.428859 0.716027
vt 0.356327 0.689679
vt 0.398559 0.718311
vt 0.435123 0.737481
vt 0.414239 0.738393
vt 0.350818 0.700692
vt 0.379337 0.725709
vt 0.399176 0.742787
vt 0.333249 0.713524
vt 0.333557 0.723786
vt 0.388975 0.747402
vt 0.312802 0.708936
vt 0.305933 0.720843
vt 0.335071 0.731336
vt 0.371956 0.748922
vt 0.387570 0.768235
vt 0.334174 0.738656
vt 0.371181 0.756063
vt 0.389260 0.779212
vt 0.312353 0.735120
vt 0.337592 0.748869
vt 0.363822 0.762779
vt 0.325165 0.753951
vt 0.381056 0.780579
vt 0.356905 0.772416
vt 0.377631 0.798320
vt 0.335395 0.772455
vt 0.341887 0.789709
vt 0.314450 0.777950
vt 0.316869 0.804313
vt 0.301980 0.778959
vt 0.297225 0.766786
vt 0.309550 0.760843
vt 0.293562 0.753639
vt 0.300703 0.739449
vt 0.291760 0.733543
vt 0.297727 0.725438
vt 0.324655 0.698045
vt 0.459415 0.731951
vt 0.455239 0.744472
vt 0.440181 0.726979
vt 0.427599 0.702706
vt 0.471285 0.717254
vt 0.474690 0.728477
vt 0.496174 0.735211
vt 0.490577 0.744867
vt 0.524469 0.739183
vt 0.527377 0.731879
vt 0.546428 0.739777
vt 0.598275 0.763936
vt 0.575381 0.736713
vt 0.571528 0.739751
vt 0.594208 0.736665
vt 0.594091 0.705006
vt 0.590295 0.718101
vt 0.598603 0.744159
vt 0.603952 0.692322
vt 0.582646 0.683782
vt 0.607800 0.711223
vt 0.610704 0.736014
vt 0.620453 0.738394
vt 0.617087 0.710948
vt 0.634859 0.715619
vt 0.640846 0.748395
vt 0.622050 0.763147
vt 0.610254 0.679037
vt 0.642837 0.785608
vt 0.653494 0.816158
vt 0.656065 0.761484
vt 0.677398 0.790439
vt 0.710520 0.805284
vt 0.714081 0.789586
vt 0.717099 0.782906
vt 0.681945 0.757620
vt 0.563361 0.662060
vt 0.619955 0.663258
vt 0.674293 0.683968
vt 0.710455 0.650227
vt 0.716185 0.671018
vt 0.720918 0.694875
vt 0.716142 0.644681
vt 0.738611 0.671865
vt 0.738944 0.645416
vt 0.734541 0.621297
vt 0.713581 0.622756
vt 0.657411 0.655205
vt 0.525753 0.694149
vt 0.553314 0.689113
vt 0.538162 0.696418
vt 0.577501 0.689603
vt 0.498296 0.703886
vt 0.581428 0.725984
vt 0.497811 0.732396
vt 0.489442 0.701433
vt 0.467145 0.693788
vt 0.466214 0.695172
vt 0.273258 0.704637
vt 0.282623 0.711834
vt 0.306131 0.926060
vt 0.326092 0.500146
vt 0.320372 0.499063
vt 0.319412 0.505382
vt 0.282150 0.984818
vt 0.283667 0.982494
vt 0.289714 0.983839
vt 0.291707 0.993437
vt 0.285674 0.994209
vt 0.365020 0.988922
vt 0.368720 0.990006
vt 0.363600 0.986665
vt 0.875051 0.542496
vt 0.879732 0.534643
vt 0.877692 0.535608
vt 0.529728 0.026833
vt 0.535869 0.021134
vt 0.531186 0.024067
vt 0.532707 0.022177
vt 0.534633 0.020256
vt 0.531562 0.019537
vt 0.894323 0.552532
vt 0.901363 0.551736
vt 0.894975 0.546934
vt 0.536416 0.023346
vt 0.900822 0.543567
vt 0.889889 0.543278
vt 0.897140 0.538166
vt 0.527690 0.044161
vt 0.527420 0.045822
vt 0.530749 0.047852
vt 0.539658 0.050548
vt 0.531526 0.049319
vt 0.524848 0.047033
vt 0.523210 0.042887
vt 0.529548 0.033490
vt 0.512941 0.035983
vt 0.501376 0.039552
vt 0.521725 0.027536
vt 0.514572 0.024473
vt 0.519747 0.019249
vt 0.501420 0.031081
vt 0.525318 0.021402
vt 0.525684 0.013582
vt 0.515334 0.006476
vt 0.887091 0.553646
vt 0.884841 0.545503
vt 0.882562 0.557936
vt 0.880414 0.568294
vt 0.877537 0.553048
vt 0.881562 0.549191
vt 0.870263 0.546144
vt 0.883589 0.540044
vt 0.539145 0.041499
vt 0.533635 0.047037
vt 0.540018 0.047599
vt 0.538518 0.048499
vt 0.533139 0.053589
vt 0.523687 0.048108
vt 0.536955 0.051399
vt 0.516437 0.044969
vt 0.522948 0.050527
vt 0.504642 0.035612
vt 0.509219 0.022705
vt 0.620982 0.912839
vt 0.616153 0.911083
vt 0.614079 0.918381
vt 0.618530 0.905714
vt 0.616681 0.920051
vt 0.605958 0.902414
vt 0.620164 0.902234
vt 0.630959 0.918419
vt 0.626253 0.913653
vt 0.625345 0.926511
vt 0.615257 0.927806
vt 0.606009 0.919739
vt 0.601943 0.911192
vt 0.596265 0.902700
vt 0.577649 0.923718
vt 0.584543 0.924516
vt 0.576461 0.916453
vt 0.587739 0.917211
vt 0.571391 0.910600
vt 0.578686 0.903880
vt 0.568293 0.905883
vt 0.571262 0.898073
vt 0.585721 0.902047
vt 0.599874 0.924723
vt 0.604170 0.895566
vt 0.600073 0.895311
vt 0.591106 0.895976
vt 0.595372 0.892665
vt 0.528514 0.007171
vt 0.873109 0.572950
vt 0.867650 0.566923
vt 0.867425 0.561186
vt 0.859425 0.558911
vt 0.860650 0.548913
vt 0.865122 0.539491
vt 0.862787 0.542225
vt 0.854959 0.537016
vt 0.852600 0.537541
vt 0.697763 0.071889
vt 0.695719 0.070242
vt 0.078195 0.896149
vt 0.051117 0.891233
vt 0.047927 0.900615
vt 0.039171 0.887467
vt 0.043750 0.881658
vt 0.509473 0.986083
vt 0.529616 0.985008
vt 0.036446 0.038273
vt 0.046006 0.040517
vt 0.046976 0.034262
vt 0.047704 0.032774
vt 0.751247 0.552704
vt 0.901325 0.227302
vt 0.909213 0.223746
vt 0.907421 0.215849
vt 0.919255 0.214367
vt 0.906278 0.205530
vt 0.921097 0.203688
vt 0.919206 0.198968
vt 0.915982 0.221244
vt 0.034317 0.408939
vt 0.027269 0.407509
vt 0.033463 0.414216
vt 0.682745 0.920544
vt 0.675486 0.928556
vt 0.685689 0.926870
vt 0.684606 0.931500
vt 0.682544 0.934430
vt 0.032538 0.404548
vt 0.050125 0.404179
vt 0.050093 0.399697
vt 0.051221 0.409015
vt 0.054141 0.413171
vt 0.704206 0.929490
vt 0.704918 0.932884
vt 0.718430 0.931615
vt 0.718716 0.924997
vt 0.701390 0.936610
vt 0.047962 0.396360
vt 0.057371 0.387281
vt 0.055059 0.400542
vt 0.057060 0.407697
vt 0.067496 0.416848
vt 0.916990 0.230324
vt 0.903627 0.233970
vt 0.893491 0.236601
vt 0.878468 0.232660
vt 0.274305 0.730317
vt 0.256729 0.746889
vt 0.244943 0.764589
vt 0.256235 0.759816
vt 0.255070 0.751984
vt 0.459228 0.250558
vt 0.333876 0.500910
vt 0.335527 0.505296
vt 0.342417 0.508919
vt 0.356271 0.506967
vt 0.324973 0.502672
vt 0.321206 0.511680
vt 0.366840 0.990111
vt 0.362419 0.992757
vt 0.359098 0.992748
vt 0.357512 0.990320
vt 0.295610 0.992574
vt 0.295873 0.994870
vt 0.300649 0.973954
vt 0.457269 0.074919
vt 0.475947 0.068943
vt 0.350104 0.993236
vt 0.355406 0.991310
vt 0.351298 0.984923
vt 0.353343 0.983064
vt 0.357201 0.978369
vt 0.349087 0.975307
vt 0.354810 0.973051
vt 0.309552 0.516692
vt 0.309805 0.520331
vt 0.797416 0.645982
vt 0.880031 0.532417
vt 0.880714 0.535292
vt 0.500124 0.046273
vt 0.510261 0.051100
vt 0.855301 0.550425
vt 0.854685 0.559109
vt 0.847086 0.542113
vt 0.847958 0.546461
vt 0.843747 0.540168
vt 0.848075 0.534535
vt 0.837798 0.531286
vt 0.833395 0.532432
vt 0.673230 0.086434
vt 0.679123 0.082111
vt 0.677741 0.078691
vt 0.678000 0.070882
vt 0.682050 0.069881
vt 0.682386 0.059870
vt 0.673063 0.067238
vt 0.681948 0.046469
vt 0.676359 0.050273
vt 0.684007 0.037575
vt 0.678962 0.039621
vt 0.689635 0.029640
vt 0.046029 0.960032
vt 0.053279 0.947941
vt 0.041679 0.952812
vt 0.053642 0.956449
vt 0.047102 0.943263
vt 0.046264 0.931959
vt 0.031938 0.924663
vt 0.037634 0.927713
vt 0.041806 0.945569
vt 0.036954 0.938134
vt 0.032808 0.929732
vt 0.032097 0.940821
vt 0.039491 0.903963
vt 0.030848 0.898005
vt 0.020098 0.902350
vt 0.027327 0.889059
vt 0.035109 0.882406
vt 0.045187 0.870360
vt 0.037469 0.875550
vt 0.034887 0.873069
vt 0.018545 0.870294
vt 0.020041 0.864805
vt 0.001430 0.857712
vt 0.007473 0.866668
vt 0.013558 0.871749
vt 0.012892 0.880702
vt 0.726941 0.925062
vt 0.713641 0.936381
vt 0.713804 0.942042
vt 0.914387 0.238310
vt 0.910238 0.249192
vt 0.919602 0.247995
vt 0.898763 0.246181
vt 0.916568 0.256685
vt 0.911768 0.258053
vt 0.907379 0.262041
vt 0.894719 0.251064
vt 0.909806 0.277520
vt 0.898455 0.291270
vt 0.894530 0.246997
vt 0.920511 0.261947
vt 0.277938 0.725565
vt 0.275344 0.732854
vt 0.262823 0.739894
vt 0.304819 0.956668
vt 0.338376 0.514945
vt 0.453123 0.075326
vt 0.453235 0.057195
vt 0.459132 0.046315
vt 0.463236 0.052239
vt 0.473585 0.051319
vt 0.463166 0.038985
vt 0.489191 0.053095
vt 0.482820 0.039545
vt 0.342970 0.983150
vt 0.915998 0.412630
vt 0.911538 0.419497
vt 0.925316 0.410054
vt 0.914625 0.419862
vt 0.924509 0.414604
vt 0.851758 0.551448
vt 0.665852 0.085053
vt 0.663032 0.074850
vt 0.671294 0.079870
vt 0.669885 0.046923
vt 0.663683 0.048105
vt 0.665815 0.060990
vt 0.659095 0.045261
vt 0.672117 0.040440
vt 0.661963 0.038435
vt 0.655385 0.043196
vt 0.920173 0.143446
vt 0.922650 0.135090
vt 0.919299 0.129128
vt 0.671332 0.038118
vt 0.679781 0.034683
vt 0.683789 0.023211
vt 0.860147 0.566117
vt 0.934885 0.966881
vt 0.942018 0.956086
vt 0.928945 0.971803
vt 0.941750 0.959152
vt 0.956979 0.947509
vt 0.952302 0.953052
vt 0.928479 0.410419
vt 0.931349 0.392255
vt 0.936434 0.404381
vt 0.946225 0.941520
vt 0.951130 0.933416
vt 0.961951 0.943722
vt 0.993933 0.952697
vt 0.977093 0.945018
vt 0.976904 0.934385
vt 0.984120 0.944701
vt 0.652688 0.053774
vt 0.647882 0.047497
vt 0.631056 0.042934
vt 0.647961 0.055837
vt 0.017925 0.904803
vt 0.022842 0.895153
vt 0.904500 0.187235
vt 0.913546 0.192873
vt 0.909861 0.181181
vt 0.922089 0.187291
vt 0.927036 0.194701
vt 0.733010 0.930677
vt 0.726669 0.936222
vt 0.717928 0.940755
vt 0.717314 0.953444
vt 0.714179 0.960772
vt 0.720305 0.963670
vt 0.756059 0.580170
vt 0.867906 0.069037
vt 0.866156 0.107451
vt 0.879135 0.079955
vt 0.856442 0.075297
vt 0.856180 0.023661
vt 0.873248 0.037101
vt 0.879686 0.102922
vt 0.894139 0.066052
vt 0.885254 0.037079
vt 0.891927 0.043238
vt 0.888636 0.101881
vt 0.873214 0.159892
vt 0.883334 0.132715
vt 0.891554 0.122753
vt 0.904020 0.063158
vt 0.894123 0.035269
vt 0.878922 0.167667
vt 0.867332 0.147530
vt 0.863384 0.128776
vt 0.835792 0.048150
vt 0.288167 0.759181
vt 0.266869 0.748998
vt 0.379831 0.517554
vt 0.374788 0.520902
vt 0.385433 0.523739
vt 0.348272 0.515055
vt 0.369292 0.520637
vt 0.342917 0.516559
vt 0.442091 0.046601
vt 0.446894 0.035436
vt 0.451286 0.036903
vt 0.482003 0.026884
vt 0.500235 0.044632
vt 0.488213 0.026285
vt 0.497980 0.054577
vt 0.922233 0.399946
vt 0.925610 0.395916
vt 0.493130 0.026170
vt 0.506679 0.012184
vt 0.606153 0.889962
vt 0.616355 0.891101
vt 0.622353 0.886808
vt 0.627692 0.895725
vt 0.614518 0.897089
vt 0.625249 0.899004
vt 0.636490 0.917682
vt 0.635242 0.920625
vt 0.644510 0.927524
vt 0.645110 0.924193
vt 0.636804 0.929189
vt 0.650470 0.933410
vt 0.636836 0.935265
vt 0.621163 0.931057
vt 0.605815 0.933904
vt 0.591637 0.928315
vt 0.402418 0.001353
vt 0.406379 0.001760
vt 0.401941 0.001000
vt 0.719238 0.990399
vt 0.713513 0.986257
vt 0.718896 0.995182
vt 0.721055 0.984114
vt 0.745158 0.047083
vt 0.757808 0.056071
vt 0.755152 0.045738
vt 0.738207 0.069705
vt 0.744198 0.040294
vt 0.749797 0.034847
vt 0.746105 0.024212
vt 0.753091 0.030540
vt 0.735835 0.018449
vt 0.735765 0.025641
vt 0.765112 0.063744
vt 0.770987 0.069887
vt 0.770863 0.074818
vt 0.789041 0.070099
vt 0.783072 0.066030
vt 0.792938 0.064524
vt 0.800406 0.066960
vt 0.789585 0.062020
vt 0.561627 0.913238
vt 0.564761 0.903122
vt 0.566898 0.895238
vt 0.574625 0.893303
vt 0.585565 0.896364
vt 0.587872 0.894055
vt 0.926787 0.136894
vt 0.924197 0.145650
vt 0.917847 0.156021
vt 0.916388 0.144746
vt 0.912819 0.148753
vt 0.918055 0.138433
vt 0.917044 0.139731
vt 0.979465 0.913064
vt 0.990338 0.898812
vt 0.660486 0.063640
vt 0.637756 0.054181
vt 0.912167 0.163367
vt 0.909683 0.170201
vt 0.912510 0.170597
vt 0.017473 0.902608
vt 0.916233 0.175337
vt 0.917120 0.183188
vt 0.923024 0.175165
vt 0.745171 0.929269
vt 0.739829 0.927345
vt 0.741293 0.934168
vt 0.737706 0.937863
vt 0.732349 0.946793
vt 0.740125 0.940223
vt 0.736526 0.948861
vt 0.723685 0.946600
vt 0.725311 0.954460
vt 0.727244 0.969630
vt 0.921559 0.277975
vt 0.913209 0.295517
vt 0.923706 0.296046
vt 0.929255 0.313004
vt 0.407729 0.983689
vt 0.415139 0.985307
vt 0.415072 0.982645
vt 0.151856 0.238582
vt 0.149227 0.234470
vt 0.146654 0.234168
vt 0.152394 0.225518
vt 0.138504 0.225345
vt 0.150711 0.220693
vt 0.091936 0.456184
vt 0.102037 0.457266
vt 0.096611 0.447336
vt 0.109928 0.454669
vt 0.611057 0.048766
vt 0.605807 0.044312
vt 0.605984 0.048741
vt 0.593219 0.043444
vt 0.600867 0.039899
vt 0.596969 0.034039
vt 0.577929 0.044058
vt 0.587423 0.028070
vt 0.605284 0.033507
vt 0.585096 0.052292
vt 0.575950 0.054979
vt 0.842207 0.957728
vt 0.837235 0.959732
vt 0.837988 0.962141
vt 0.842310 0.941946
vt 0.842037 0.944998
vt 0.844753 0.943635
vt 0.846330 0.952483
vt 0.111298 0.452433
vt 0.111778 0.459811
vt 0.116843 0.457928
vt 0.116323 0.461131
vt 0.116954 0.452700
vt 0.391178 0.976431
vt 0.387525 0.977220
vt 0.395437 0.984446
vt 0.390778 0.986686
vt 0.385491 0.976570
vt 0.159329 0.227070
vt 0.165570 0.222333
vt 0.155866 0.220039
vt 0.165200 0.219620
vt 0.168621 0.217008
vt 0.158227 0.216343
vt 0.160159 0.215835
vt 0.154061 0.227169
vt 0.155625 0.214386
vt 0.165044 0.214541
vt 0.170455 0.209588
vt 0.823099 0.123064
vt 0.818214 0.093868
vt 0.812656 0.130732
vt 0.849006 0.070519
vt 0.835692 0.142551
vt 0.800161 0.127893
vt 0.792797 0.185351
vt 0.801360 0.192584
vt 0.778888 0.182704
vt 0.779909 0.237541
vt 0.773270 0.229132
vt 0.748347 0.294190
vt 0.763634 0.219760
vt 0.750564 0.259942
vt 0.754676 0.207761
vt 0.737150 0.304949
vt 0.747076 0.246088
vt 0.731851 0.334341
vt 0.740774 0.326536
vt 0.747113 0.337926
vt 0.733271 0.341537
vt 0.754001 0.310529
vt 0.723192 0.359029
vt 0.757818 0.333772
vt 0.772304 0.269283
vt 0.804213 0.224480
vt 0.803403 0.254063
vt 0.779154 0.295893
vt 0.797804 0.323163
vt 0.771995 0.341549
vt 0.825591 0.303773
vt 0.778248 0.350036
vt 0.749508 0.356658
vt 0.772666 0.347025
vt 0.737675 0.353344
vt 0.789218 0.362440
vt 0.849504 0.167917
vt 0.763841 0.177331
vt 0.777206 0.163450
vt 0.777520 0.134374
vt 0.769621 0.135630
vt 0.753268 0.187595
vt 0.789113 0.095580
vt 0.785426 0.090082
vt 0.791228 0.120992
vt 0.793066 0.093677
vt 0.808271 0.085495
vt 0.800007 0.081232
vt 0.564015 0.178683
vt 0.671214 0.952426
vt 0.672275 0.962673
vt 0.681353 0.957035
vt 0.663290 0.963436
vt 0.671777 0.970249
vt 0.679260 0.963274
vt 0.383107 0.546013
vt 0.379833 0.548514
vt 0.387142 0.547184
vt 0.706015 0.972237
vt 0.699933 0.973606
vt 0.700160 0.978282
vt 0.683762 0.969661
vt 0.689297 0.965483
vt 0.692833 0.962043
vt 0.686905 0.957074
vt 0.377616 0.542057
vt 0.384559 0.533618
vt 0.388802 0.529805
vt 0.379527 0.530201
vt 0.683521 0.973586
vt 0.678880 0.973256
vt 0.649338 0.948656
vt 0.655119 0.959190
vt 0.658849 0.952130
vt 0.662805 0.947100
vt 0.670614 0.946427
vt 0.667966 0.941657
vt 0.673355 0.941359
vt 0.676174 0.943968
vt 0.686603 0.950177
vt 0.374868 0.537773
vt 0.366539 0.528230
vt 0.368060 0.534517
vt 0.359866 0.521202
vt 0.359026 0.529052
vt 0.350432 0.527409
vt 0.351783 0.535429
vt 0.341336 0.524907
vt 0.443565 0.022824
vt 0.451399 0.028700
vt 0.463374 0.022488
vt 0.472804 0.017143
vt 0.460412 0.007247
vt 0.469805 0.001226
vt 0.488170 0.023518
vt 0.617872 0.997180
vt 0.931157 0.388296
vt 0.939112 0.394471
vt 0.944734 0.922791
vt 0.953187 0.924922
vt 0.964464 0.930435
vt 0.591569 0.998308
vt 0.598747 0.995699
vt 0.674084 0.036444
vt 0.927444 0.970452
vt 0.601045 0.982575
vt 0.611581 0.982476
vt 0.487905 0.008512
vt 0.645575 0.895813
vt 0.642771 0.899159
vt 0.637636 0.905333
vt 0.643537 0.909778
vt 0.646455 0.918242
vt 0.653443 0.911969
vt 0.624928 0.937679
vt 0.590652 0.935169
vt 0.609240 0.949151
vt 0.589261 0.942660
vt 0.620175 0.941178
vt 0.624607 0.948787
vt 0.760359 0.049130
vt 0.767910 0.057183
vt 0.559344 0.893636
vt 0.575696 0.890062
vt 0.572168 0.886397
vt 0.584420 0.889089
vt 0.028409 0.936102
vt 0.809411 0.059002
vt 0.806069 0.066497
vt 0.818483 0.063082
vt 0.813022 0.070742
vt 0.822053 0.065649
vt 0.820441 0.071693
vt 0.826921 0.067286
vt 0.825824 0.056967
vt 0.820583 0.058517
vt 0.815410 0.055926
vt 0.807803 0.054986
vt 0.819559 0.053542
vt 0.825931 0.063672
vt 0.833110 0.059060
vt 0.829759 0.054720
vt 0.833210 0.054079
vt 0.829871 0.051663
vt 0.824851 0.048724
vt 0.740378 0.951550
vt 0.744747 0.944723
vt 0.743850 0.938516
vt 0.746979 0.938855
vt 0.736319 0.956128
vt 0.735715 0.960273
vt 0.732042 0.964024
vt 0.739919 0.972730
vt 0.743771 0.960081
vt 0.750566 0.966916
vt 0.752865 0.962776
vt 0.397686 0.997468
vt 0.388252 0.997912
vt 0.385994 0.990687
vt 0.063666 0.460431
vt 0.069292 0.462172
vt 0.074236 0.455710
vt 0.066614 0.470117
vt 0.077517 0.459907
vt 0.144308 0.236857
vt 0.143187 0.218750
vt 0.144937 0.209037
vt 0.138735 0.211969
vt 0.146562 0.204332
vt 0.162152 0.206620
vt 0.158551 0.209795
vt 0.382514 0.822476
vt 0.390660 0.875059
vt 0.405406 0.829725
vt 0.378543 0.846063
vt 0.397916 0.875130
vt 0.407329 0.866928
vt 0.412211 0.842031
vt 0.410217 0.818191
vt 0.407306 0.797588
vt 0.391850 0.879763
vt 0.346224 0.882511
vt 0.303314 0.871691
vt 0.822376 0.127559
vt 0.847939 0.166407
vt 0.828801 0.167449
vt 0.814343 0.153162
vt 0.808607 0.187665
vt 0.801440 0.070692
vt 0.353570 0.024117
vt 0.369742 0.020513
vt 0.357683 0.021654
vt 0.394931 0.014195
vt 0.392226 0.018025
vt 0.414654 0.011949
vt 0.399631 0.019234
vt 0.806705 0.980575
vt 0.802784 0.983698
vt 0.828380 0.982491
vt 0.766027 0.980986
vt 0.769846 0.983696
vt 0.393178 0.011675
vt 0.421955 0.006219
vt 0.427998 0.008315
vt 0.425088 0.014619
vt 0.424309 0.019616
vt 0.440418 0.013035
vt 0.433906 0.019234
vt 0.419346 0.001194
vt 0.429201 0.023066
vt 0.439645 0.027996
vt 0.891436 0.146486
vt 0.901295 0.098944
vt 0.920674 0.053958
vt 0.424243 0.527208
vt 0.441898 0.533885
vt 0.446617 0.534319
vt 0.662095 0.976715
vt 0.660743 0.969456
vt 0.643430 0.974041
vt 0.643270 0.964702
vt 0.635824 0.967703
vt 0.639886 0.961089
vt 0.551422 0.023645
vt 0.555788 0.023293
vt 0.545843 0.017916
vt 0.457705 0.560588
vt 0.453657 0.564490
vt 0.455329 0.566200
vt 0.559461 0.014405
vt 0.564086 0.014729
vt 0.564100 0.031703
vt 0.564314 0.044340
vt 0.555891 0.050761
vt 0.653285 0.938591
vt 0.662008 0.939974
vt 0.656028 0.934278
vt 0.677600 0.936014
vt 0.368606 0.552059
vt 0.372799 0.542274
vt 0.364679 0.542408
vt 0.358837 0.540807
vt 0.364396 0.546518
vt 0.358831 0.533603
vt 0.343673 0.534892
vt 0.475591 0.006905
vt 0.574277 0.987563
vt 0.588070 0.992771
vt 0.588055 0.983192
vt 0.596404 0.984805
vt 0.589544 0.994855
vt 0.915840 0.139893
vt 0.916648 0.137183
vt 0.916983 0.127573
vt 0.631097 0.049634
vt 0.627445 0.043170
vt 0.913785 0.159895
vt 0.916242 0.163652
vt 0.925803 0.159211
vt 0.751928 0.938495
vt 0.934433 0.307449
vt 0.070824 0.446699
vt 0.079000 0.450137
vt 0.086370 0.453698
vt 0.084247 0.448985
vt 0.083612 0.468711
vt 0.127430 0.255260
vt 0.128708 0.237470
vt 0.122690 0.243464
vt 0.120555 0.258095
vt 0.112741 0.229774
vt 0.432528 0.749817
vt 0.421697 0.746661
vt 0.416196 0.749971
vt 0.429049 0.744361
vt 0.410646 0.742622
vt 0.425588 0.742220
vt 0.422784 0.740365
vt 0.419673 0.743988
vt 0.737529 0.628151
vt 0.933222 0.187769
vt 0.933859 0.178150
vt 0.925107 0.185290
vt 0.934669 0.155650
vt 0.931639 0.138811
vt 0.938016 0.146493
vt 0.940548 0.132046
vt 0.930915 0.127486
vt 0.948118 0.128734
vt 0.937945 0.174974
vt 0.710642 0.777973
vt 0.795029 0.073239
vt 0.446032 0.007733
vt 0.899718 0.137492
vt 0.909439 0.095171
vt 0.926431 0.054493
vt 0.913790 0.103177
vt 0.907624 0.146703
vt 0.923770 0.094168
vt 0.950377 0.040151
vt 0.572401 0.332781
vt 0.579143 0.311612
vt 0.573299 0.335260
vt 0.579827 0.316200
vt 0.627404 0.970974
vt 0.627443 0.975247
vt 0.543848 0.020814
vt 0.451021 0.554699
vt 0.450852 0.560354
vt 0.455646 0.556542
vt 0.460750 0.556222
vt 0.457928 0.549674
vt 0.968702 0.111167
vt 0.971308 0.111927
vt 0.976916 0.113012
vt 0.986957 0.115452
vt 0.978145 0.113712
vt 0.979967 0.115202
vt 0.373681 0.001731
vt 0.373295 0.001582
vt 0.371435 0.002657
vt 0.370137 0.001004
vt 0.370241 0.003021
vt 0.367321 0.997266
vt 0.369974 0.998033
vt 0.367512 0.996531
vt 0.371167 0.997054
vt 0.368048 0.994903
vt 0.359433 0.998320
vt 0.375477 0.996519
vt 0.369712 0.998936
vt 0.979564 0.113993
vt 0.375448 0.990241
vt 0.371898 0.991355
vt 0.375243 0.991416
vt 0.373752 0.993004
vt 0.371868 0.992563
vt 0.370829 0.992951
vt 0.377255 0.993814
vt 0.378776 0.989424
vt 0.381245 0.994297
vt 0.377856 0.999000
vt 0.460589 0.553108
vt 0.464769 0.556380
vt 0.464573 0.568319
vt 0.580685 0.010303
vt 0.580359 0.021756
vt 0.580700 0.028366
vt 0.570205 0.046834
vt 0.672129 0.930601
vt 0.667441 0.890978
vt 0.658782 0.889982
vt 0.662931 0.893531
vt 0.660089 0.887342
vt 0.651525 0.897956
vt 0.655321 0.893098
vt 0.649298 0.890507
vt 0.653737 0.888346
vt 0.653305 0.883510
vt 0.353970 0.542161
vt 0.358485 0.547641
vt 0.354185 0.550991
vt 0.346437 0.541381
vt 0.343087 0.541937
vt 0.586508 0.978675
vt 0.595434 0.981135
vt 0.620799 0.046524
vt 0.618320 0.040847
vt 0.913348 0.138788
vt 0.607821 0.975501
vt 0.630039 0.890120
vt 0.641997 0.890650
vt 0.650535 0.886610
vt 0.361955 0.550435
vt 0.357219 0.552109
vt 0.349000 0.550079
vt 0.343102 0.547279
vt 0.637931 0.882188
vt 0.632306 0.882590
vt 0.637205 0.885625
vt 0.644023 0.885945
vt 0.657989 0.898897
vt 0.647414 0.903081
vt 0.653151 0.909630
vt 0.523363 0.963346
vt 0.529010 0.956520
vt 0.518632 0.958129
vt 0.521865 0.956620
vt 0.524729 0.953366
vt 0.525294 0.949347
vt 0.536407 0.956767
vt 0.635660 0.943913
vt 0.630722 0.942810
vt 0.759312 0.038365
vt 0.766120 0.043996
vt 0.760654 0.028998
vt 0.775135 0.051586
vt 0.784165 0.059942
vt 0.780532 0.054343
vt 0.783799 0.054978
vt 0.787060 0.049901
vt 0.799668 0.061968
vt 0.809728 0.050077
vt 0.818696 0.048130
vt 0.832052 0.063637
vt 0.821147 0.040121
vt 0.822127 0.038547
vt 0.821043 0.033909
vt 0.834994 0.040311
vt 0.812337 0.036975
vt 0.752595 0.948422
vt 0.090574 0.442340
vt 0.572465 0.056628
vt 0.561427 0.064708
vt 0.344676 0.561270
vt 0.670957 0.906224
vt 0.673579 0.895735
vt 0.666349 0.901480
vt 0.670549 0.894473
vt 0.657893 0.907402
vt 0.825353 0.971019
vt 0.828375 0.974460
vt 0.833250 0.973928
vt 0.819012 0.974305
vt 0.499494 0.965220
vt 0.497602 0.956943
vt 0.493793 0.968277
vt 0.508745 0.964790
vt 0.503786 0.953598
vt 0.500600 0.946215
vt 0.518048 0.947536
vt 0.510226 0.944192
vt 0.521632 0.940892
vt 0.760148 0.005432
vt 0.736492 0.008337
vt 0.759678 0.008711
vt 0.745533 0.002207
vt 0.745785 0.013991
vt 0.751296 0.012694
vt 0.755405 0.020346
vt 0.767267 0.029117
vt 0.773182 0.024791
vt 0.773700 0.036431
vt 0.773296 0.039940
vt 0.780064 0.035251
vt 0.782537 0.039584
vt 0.786608 0.033746
vt 0.782132 0.045555
vt 0.790883 0.036015
vt 0.796854 0.036695
vt 0.798294 0.051773
vt 0.799324 0.037300
vt 0.805161 0.032634
vt 0.828157 0.032649
vt 0.822774 0.029088
vt 0.820735 0.029055
vt 0.816180 0.029804
vt 0.813790 0.033703
vt 0.665431 0.908442
vt 0.830824 0.965198
vt 0.838925 0.968973
vt 0.485167 0.954606
vt 0.478550 0.972673
vt 0.490060 0.950455
vt 0.496916 0.948962
vt 0.478871 0.946743
vt 0.468720 0.967320
vt 0.481740 0.941949
vt 0.770900 0.005113
vt 0.782327 0.017678
vt 0.779132 0.011843
vt 0.761593 0.019112
vt 0.785075 0.023181
vt 0.799323 0.024636
vt 0.809161 0.024631
vt 0.808296 0.021074
vt 0.804319 0.014332
vt 0.814502 0.010636
vt 0.797186 0.013249
vt 0.794941 0.016244
vt 0.838661 0.933967
vt 0.844634 0.940395
vt 0.838479 0.937495
vt 0.852274 0.948258
vt 0.850314 0.962592
vt 0.843421 0.953522
vt 0.845531 0.980374
vt 0.858990 0.970069
vt 0.858184 0.985977
vt 0.842869 0.987037
vt 0.473781 0.948683
vt 0.471347 0.942790
vt 0.456350 0.949522
vt 0.462232 0.954727
vt 0.454352 0.943973
vt 0.444907 0.950783
vt 0.451754 0.940727
vt 0.498167 0.998908
vt 0.506922 0.998831
vt 0.503646 0.993652
vt 0.454919 0.938009
vt 0.472774 0.934961
vt 0.508700 0.977953
vt 0.499255 0.981372
vt 0.893575 0.959338
vt 0.894523 0.954481
vt 0.881503 0.950577
vt 0.485107 0.935542
vt 0.494723 0.936618
vt 0.878048 0.954008
vt 0.868238 0.950579
vt 0.492643 0.920699
vt 0.500703 0.936950
vt 0.497684 0.931489
vt 0.791006 0.024737
vt 0.812300 0.020883
vt 0.845570 0.933248
vt 0.841597 0.931411
vt 0.857292 0.953460
vt 0.496205 0.916235
vt 0.785700 0.016124
vt 0.786215 0.009699
vt 0.790410 0.005000
vt 0.794821 0.004083
vt 0.078973 0.269098
vt 0.087523 0.262772
vt 0.094344 0.272685
vt 0.095551 0.250206
vt 0.094024 0.252888
vt 0.102338 0.250468
vt 0.107632 0.259190
vt 0.816797 0.012731
vt 0.845560 0.926005
vt 0.094254 0.467562
vt 0.089274 0.469544
vt 0.121697 0.215565
vt 0.115404 0.216552
vt 0.101293 0.221111
vt 0.114366 0.212783
vt 0.440492 0.753484
vt 0.439256 0.753033
vt 0.438920 0.755120
vt 0.436461 0.747830
vt 0.438893 0.757288
vt 0.437389 0.753677
vt 0.436854 0.753063
vt 0.436868 0.754589
vt 0.434268 0.754516
vt 0.442842 0.760193
vt 0.444707 0.809249
vt 0.444359 0.848508
vt 0.414093 0.807705
vt 0.410641 0.869183
vt 0.438542 0.872697
vt 0.447544 0.865452
vt 0.454329 0.829414
vt 0.451305 0.858151
vt 0.473242 0.846606
vt 0.455884 0.866470
vt 0.448527 0.870815
vt 0.465527 0.760813
vt 0.453338 0.794662
vt 0.477538 0.804531
vt 0.480816 0.845440
vt 0.476490 0.761381
vt 0.453708 0.760638
vt 0.447711 0.751844
vt 0.452628 0.869980
vt 0.745506 0.620246
vt 0.749488 0.650915
vt 0.942808 0.137912
vt 0.938785 0.136658
vt 0.946813 0.136565
vt 0.945049 0.140130
vt 0.947556 0.140820
vt 0.954317 0.137143
vt 0.952560 0.142622
vt 0.950398 0.148907
vt 0.942456 0.152669
vt 0.961859 0.185406
vt 0.992407 0.141180
vt 0.959921 0.141724
vt 0.948808 0.125414
vt 0.922801 0.125562
vt 0.806958 0.577072
vt 0.813192 0.572132
vt 0.802863 0.577121
vt 0.797428 0.560153
vt 0.803760 0.610602
vt 0.811967 0.554773
vt 0.815781 0.583397
vt 0.823610 0.597556
vt 0.831176 0.582878
vt 0.847039 0.571447
vt 0.880265 0.586665
vt 0.852432 0.571753
vt 0.825093 0.538297
vt 0.823700 0.533916
vt 0.821635 0.561507
vt 0.833151 0.536658
vt 0.844776 0.548434
vt 0.857989 0.482785
vt 0.855065 0.493260
vt 0.862031 0.509270
vt 0.845314 0.560300
vt 0.823375 0.564568
vt 0.772103 0.105044
vt 0.757974 0.152080
vt 0.084254 0.011158
vt 0.078865 0.016204
vt 0.102709 0.009744
vt 0.051335 0.029268
vt 0.068488 0.030086
vt 0.108376 0.014635
vt 0.571037 0.281643
vt 0.572141 0.279561
vt 0.570311 0.278310
vt 0.576587 0.278023
vt 0.159164 0.202137
vt 0.445050 0.535831
vt 0.450131 0.542909
vt 0.447949 0.545510
vt 0.455301 0.541248
vt 0.376303 0.985466
vt 0.376611 0.987904
vt 0.377745 0.987140
vt 0.376505 0.986886
vt 0.385160 0.984407
vt 0.945002 0.102802
vt 0.925680 0.105829
vt 0.920790 0.122819
vt 0.935890 0.077069
vt 0.475167 0.567392
vt 0.603171 0.011050
vt 0.613008 0.045619
vt 0.370562 0.985878
vt 0.373509 0.983642
vt 0.370106 0.980180
vt 0.372565 0.965806
vt 0.374839 0.974887
vt 0.382656 0.969503
vt 0.363829 0.970252
vt 0.363026 0.966100
vt 0.359268 0.975467
vt 0.379204 0.980350
vt 0.112340 0.461836
vt 0.104502 0.466062
vt 0.101750 0.471560
vt 0.857095 0.927777
vt 0.857059 0.940143
vt 0.859707 0.944848
vt 0.500034 0.911528
vt 0.503218 0.923780
vt 0.081577 0.491729
vt 0.092390 0.489159
vt 0.095433 0.485325
vt 0.101881 0.485381
vt 0.042219 0.248888
vt 0.046704 0.263075
vt 0.054572 0.271246
vt 0.052821 0.275519
vt 0.057096 0.253432
vt 0.067442 0.252958
vt 0.069943 0.245407
vt 0.073387 0.255925
vt 0.084481 0.260394
vt 0.091906 0.246779
vt 0.087245 0.236428
vt 0.106843 0.247915
vt 0.113210 0.257804
vt 0.111065 0.245200
vt 0.104337 0.231310
vt 0.097144 0.222888
vt 0.096249 0.230028
vt 0.380011 0.975345
vt 0.096855 0.474797
vt 0.096522 0.481495
vt 0.105238 0.479157
vt 0.115575 0.486665
vt 0.120404 0.478077
vt 0.051232 0.235201
vt 0.050601 0.248023
vt 0.062601 0.239640
vt 0.068924 0.243595
vt 0.078491 0.236319
vt 0.098333 0.239053
vt 0.097579 0.234552
vt 0.121989 0.462269
vt 0.109796 0.467252
vt 0.122508 0.478159
vt 0.063486 0.231848
vt 0.081995 0.234776
vt 0.079927 0.230349
vt 0.093964 0.234440
vt 0.125931 0.468863
vt 0.127063 0.478525
vt 0.130572 0.471632
vt 0.134337 0.475894
vt 0.132379 0.471825
vt 0.910091 0.972079
vt 0.904511 0.969817
vt 0.904831 0.972420
vt 0.894448 0.970629
vt 0.897766 0.967219
vt 0.928227 0.569306
vt 0.911979 0.577766
vt 0.921970 0.576568
vt 0.357824 0.966208
vt 0.155029 0.492417
vt 0.158679 0.491817
vt 0.144135 0.486926
vt 0.147188 0.485165
vt 0.450254 0.752123
vt 0.106108 0.215627
vt 0.113764 0.211424
vt 0.110864 0.210566
vt 0.103570 0.205476
vt 0.850052 0.488882
vt 0.846930 0.488590
vt 0.852917 0.496847
vt 0.855336 0.479592
vt 0.917028 0.483932
vt 0.851080 0.481278
vt 0.861835 0.440352
vt 0.947917 0.487221
vt 0.930303 0.446652
vt 0.855010 0.433508
vt 0.913380 0.437147
vt 0.832644 0.482406
vt 0.839178 0.494364
vt 0.827428 0.511489
vt 0.832615 0.505678
vt 0.852662 0.562389
vt 0.655128 0.114587
vt 0.666337 0.090587
vt 0.621329 0.092578
vt 0.685861 0.112472
vt 0.660028 0.125722
vt 0.622201 0.120998
vt 0.639152 0.060336
vt 0.591985 0.053814
vt 0.602559 0.110169
vt 0.570525 0.065644
vt 0.579611 0.129259
vt 0.555823 0.069587
vt 0.546746 0.074396
vt 0.561916 0.110754
vt 0.577010 0.143999
vt 0.755044 0.072834
vt 0.765900 0.106713
vt 0.748280 0.168180
vt 0.744869 0.211317
vt 0.071721 0.035218
vt 0.096352 0.030909
vt 0.132884 0.011782
vt 0.119603 0.036566
vt 0.593489 0.169931
vt 0.595280 0.153827
vt 0.573738 0.194975
vt 0.613998 0.150535
vt 0.623943 0.155511
vt 0.589976 0.182211
vt 0.642398 0.138350
vt 0.659962 0.155254
vt 0.615191 0.181284
vt 0.631758 0.169897
vt 0.638934 0.176220
vt 0.668812 0.131249
vt 0.701236 0.166395
vt 0.693158 0.186236
vt 0.642804 0.185302
vt 0.668694 0.170859
vt 0.688238 0.140296
vt 0.709402 0.116284
vt 0.629894 0.124873
vt 0.705617 0.162085
vt 0.710152 0.171373
vt 0.687429 0.202105
vt 0.693632 0.210165
vt 0.668321 0.218402
vt 0.615956 0.195653
vt 0.631199 0.246521
vt 0.651284 0.239083
vt 0.666980 0.235500
vt 0.671078 0.231209
vt 0.634460 0.265309
vt 0.632089 0.262648
vt 0.599719 0.221118
vt 0.584366 0.206080
vt 0.604770 0.189198
vt 0.570108 0.198197
vt 0.726136 0.170449
vt 0.720012 0.113575
vt 0.729788 0.104095
vt 0.739836 0.164394
vt 0.749456 0.126856
vt 0.737137 0.198513
vt 0.733986 0.233452
vt 0.720811 0.237276
vt 0.725167 0.304769
vt 0.706979 0.290304
vt 0.730241 0.291304
vt 0.694312 0.245618
vt 0.679001 0.301199
vt 0.652214 0.289364
vt 0.677908 0.226498
vt 0.681671 0.322187
vt 0.678532 0.326564
vt 0.653656 0.349125
vt 0.668479 0.354241
vt 0.682673 0.344961
vt 0.695675 0.348046
vt 0.720614 0.331817
vt 0.725982 0.331557
vt 0.716987 0.341234
vt 0.734958 0.268656
vt 0.740301 0.240096
vt 0.628239 0.132242
vt 0.452313 0.534581
vt 0.457768 0.543297
vt 0.457980 0.548206
vt 0.459833 0.550522
vt 0.459786 0.549314
vt 0.971073 0.115188
vt 0.964258 0.109208
vt 0.611425 0.020986
vt 0.619226 0.029917
vt 0.902827 0.571341
vt 0.918238 0.563414
vt 0.890541 0.965216
vt 0.885083 0.969191
vt 0.879622 0.958297
vt 0.872593 0.966039
vt 0.872406 0.959086
vt 0.863648 0.970011
vt 0.849610 0.998992
vt 0.462327 0.966818
vt 0.458339 0.971168
vt 0.461002 0.962912
vt 0.450752 0.964720
vt 0.451898 0.954615
vt 0.493204 0.993988
vt 0.497385 0.986663
vt 0.491641 0.981348
vt 0.490064 0.986361
vt 0.483578 0.982985
vt 0.483923 0.986866
vt 0.490306 0.990864
vt 0.478169 0.980617
vt 0.476085 0.756532
vt 0.469285 0.756439
vt 0.131237 0.478244
vt 0.125233 0.463475
vt 0.133032 0.482161
vt 0.636825 0.991044
vt 0.628322 0.998769
vt 0.740527 0.368829
vt 0.737116 0.374208
vt 0.742445 0.384250
vt 0.740450 0.391439
vt 0.742267 0.394230
vt 0.745222 0.399771
vt 0.742731 0.358048
vt 0.748952 0.382007
vt 0.749313 0.361946
vt 0.732938 0.363811
vt 0.012462 0.797854
vt 0.034168 0.831007
vt 0.071868 0.802826
vt 0.001000 0.809391
vt 0.022365 0.760677
vt 0.051210 0.769613
vt 0.091417 0.787796
vt 0.076048 0.817690
vt 0.056449 0.836996
vt 0.007089 0.845945
vt 0.043669 0.842194
vt 0.007302 0.856530
vt 0.738545 0.400271
vt 0.073747 0.859752
vt 0.077793 0.872691
vt 0.060267 0.838456
vt 0.101895 0.838744
vt 0.106094 0.815066
vt 0.716140 0.378322
vt 0.719802 0.366971
vt 0.715025 0.369411
vt 0.739320 0.263987
vt 0.582981 0.862679
vt 0.578842 0.843927
vt 0.551049 0.864898
vt 0.588313 0.861305
vt 0.563042 0.797851
vt 0.527493 0.753239
vt 0.519488 0.800275
vt 0.532019 0.842071
vt 0.539283 0.862491
vt 0.528319 0.859517
vt 0.536044 0.864898
vt 0.544063 0.872757
vt 0.501981 0.818544
vt 0.525192 0.865049
vt 0.499866 0.847053
vt 0.520135 0.871766
vt 0.492372 0.802718
vt 0.483020 0.760952
vt 0.488794 0.814166
vt 0.493975 0.754812
vt 0.509240 0.760323
vt 0.492604 0.847267
vt 0.586476 0.846636
vt 0.459102 0.544577
vt 0.459212 0.546523
vt 0.460667 0.545447
vt 0.379597 0.001051
vt 0.373884 0.001127
vt 0.378177 0.004662
vt 0.377475 0.006533
vt 0.372278 0.004667
vt 0.372654 0.004908
vt 0.372447 0.005821
vt 0.989278 0.115519
vt 0.961746 0.118475
vt 0.632343 0.017299
vt 0.621746 0.024046
vt 0.894260 0.577847
vt 0.894608 0.571025
vt 0.881076 0.572884
vt 0.908344 0.560306
vt 0.884556 0.976954
vt 0.864383 0.979253
vt 0.876420 0.993175
vt 0.448026 0.971611
vt 0.447280 0.955944
vt 0.481514 0.994961
vt 0.888779 0.983800
vt 0.892996 0.980229
vt 0.881358 0.979507
vt 0.884594 0.984278
vt 0.880184 0.990836
vt 0.446556 0.967450
vt 0.443132 0.964303
vt 0.904950 0.539442
vt 0.904527 0.538977
vt 0.905184 0.546586
vt 0.888583 0.985378
vt 0.903665 0.554179
vt 0.906080 0.553419
vt 0.916237 0.554543
vt 0.474437 0.986979
vt 0.492632 0.754926
vt 0.483126 0.787966
vt 0.483241 0.814232
vt 0.486469 0.841928
vt 0.668961 0.978965
vt 0.901305 0.033191
vt 0.995970 0.028527
vt 0.988560 0.015426
vt 0.956044 0.018873
vt 0.895433 0.021895
vt 0.018135 0.753502
vt 0.087321 0.782305
vt 0.096075 0.809214
vt 0.103130 0.845131
vt 0.074383 0.882527
vt 0.121163 0.836211
vt 0.115658 0.813904
vt 0.707478 0.373082
vt 0.707270 0.398877
vt 0.706502 0.353390
vt 0.704389 0.374968
vt 0.702658 0.357237
vt 0.808903 0.333034
vt 0.804354 0.359871
vt 0.793772 0.355062
vt 0.635945 0.015767
vt 0.635307 0.016286
vt 0.637127 0.017944
vt 0.901965 0.555714
vt 0.907611 0.548693
vt 0.906913 0.551279
vt 0.095839 0.755819
vt 0.062353 0.739550
vt 0.108371 0.763764
vt 0.079914 0.746798
vt 0.055423 0.734152
vt 0.792959 0.367934
vt 0.017977 0.727761
vt 0.110112 0.793185
vt 0.122620 0.824983
vt 0.121447 0.800749
vt 0.139672 0.860508
vt 0.157968 0.811519
vt 0.215089 0.853969
vt 0.199399 0.830409
vt 0.182003 0.813020
vt 0.181965 0.809836
vt 0.205546 0.824162
vt 0.220536 0.845377
vt 0.690523 0.344899
vt 0.689416 0.360093
vt 0.680981 0.374394
vt 0.677670 0.387159
vt 0.679935 0.386571
vt 0.597879 0.224541
vt 0.863382 0.337738
vt 0.858717 0.374653
vt 0.536913 0.869564
vt 0.531614 0.870992
vt 0.531084 0.866647
vt 0.531401 0.863212
vt 0.900014 0.011955
vt 0.889421 0.013478
vt 0.941785 0.016848
vt 0.802357 0.412975
vt 0.820415 0.424262
vt 0.863229 0.429730
vt 0.561780 0.135793
vt 0.553239 0.109499
vt 0.567895 0.132464
vt 0.541118 0.074777
vt 0.544295 0.070263
vt 0.139560 0.800919
vt 0.155774 0.802439
vt 0.127439 0.789903
vt 0.180878 0.800886
vt 0.167931 0.794818
vt 0.150961 0.780801
vt 0.231031 0.803740
vt 0.207011 0.786097
vt 0.672431 0.374848
vt 0.684943 0.356908
vt 0.948867 0.315715
vt 0.858487 0.398018
vt 0.945344 0.010806
vt 0.933874 0.437666
vt 0.937043 0.433120
vt 0.562247 0.154717
vt 0.116181 0.764062
vt 0.473368 0.143800
vt 0.519108 0.163260
vt 0.492896 0.083045
vt 0.482727 0.174573
vt 0.458926 0.119231
vt 0.513189 0.075172
vt 0.508830 0.088628
vt 0.491610 0.062637
vt 0.524805 0.126510
vt 0.508804 0.096400
vt 0.537525 0.089416
vt 0.558153 0.170944
vt 0.519287 0.053010
vt 0.509740 0.056167
vt 0.535276 0.167958
vt 0.177013 0.781557
vt 0.510229 0.095543
vt 0.509221 0.096582
vt 0.510525 0.096598
vt 0.510811 0.094269
vt 0.514173 0.104879
vt 0.509432 0.093061
vt 0.510022 0.093240
vt 0.509729 0.092579
vt 0.509709 0.093072
vt 0.359196 0.001470
vt 0.361296 0.005795
vt 0.366890 0.001090
vt 0.367917 0.006447
vt 0.318094 0.973776
vt 0.327398 0.972782
vt 0.324118 0.969408
vt 0.330876 0.966862
vt 0.320407 0.966327
s 1
usemtl model
f 1/1/1 2/2/2 8/3/3
f 1/1/1 3/4/4 2/2/2
f 3/4/4 1/1/1 4/5/5
f 4/5/5 1/1/1 5/6/6
f 5/6/6 1/1/1 6/7/7
f 6/7/7 1/1/1 7/8/8
f 7/8/8 1/1/1 8/3/3
f 2/2/2 9/9/9 8/3/3
f 9/9/9 2/2/2 10/10/10
f 9/9/9 10/10/10 12/11/11
f 11/3/12 9/9/9 12/11/11
f 12/11/11 10/10/10 13/12/13
f 11/3/12 12/11/11 14/13/14
f 7/8/8 11/3/12 14/13/14
f 15/14/15 7/8/8 14/13/14
f 16/15/16 7/8/8 15/14/15
f 17/16/17 16/15/16 15/14/15
f 17/16/17 15/14/15 18/17/18
f 15/14/15 19/13/19 18/17/18
f 19/13/19 20/18/20 18/17/18
f 20/18/20 19/13/19 21/19/21
f 19/13/19 22/11/22 21/19/21
f 22/11/22 23/12/23 21/19/21
f 21/19/21 23/12/23 25/20/24
f 23/12/23 24/21/25 25/20/24
f 24/21/25 26/22/26 25/20/24
f 24/21/25 27/23/27 26/22/26
f 26/22/26 27/23/27 28/24/28
f 29/25/29 17/16/17 18/17/18
f 29/25/29 18/17/18 32/26/30
f 18/17/18 30/27/31 32/26/30
f 18/17/18 31/18/32 30/27/31
f 32/26/30 30/27/31 34/28/33
f 33/29/34 32/26/30 35/30/35
f 33/29/34 29/25/29 32/26/30
f 32/26/30 34/28/33 36/31/36
f 35/30/35 32/26/30 36/31/36
f 35/30/35 36/31/36 38/32/37
f 36/31/36 37/33/38 39/34/39
f 36/31/36 34/28/33 37/33/38
f 38/32/37 36/31/36 39/34/39
f 39/34/39 40/35/40 41/36/41
f 39/34/39 42/37/42 40/35/40
f 38/32/37 39/34/39 41/36/41
f 37/33/38 42/37/42 39/34/39
f 42/37/42 43/38/43 44/39/44
f 37/33/38 43/38/43 42/37/42
f 42/37/42 44/39/44 45/40/45
f 40/35/40 42/37/42 45/40/45
f 40/35/40 45/40/45 47/41/46
f 45/40/45 46/42/47 47/41/46
f 45/40/45 44/39/44 46/42/47
f 41/36/41 40/35/40 47/41/46
f 46/42/47 48/43/48 47/41/46
f 41/36/41 47/41/46 50/44/49
f 47/41/46 48/43/48 49/45/50
f 47/41/46 49/45/50 51/46/51
f 48/43/48 53/42/52 49/45/50
f 49/45/50 55/47/53 52/48/54
f 53/42/52 54/49/55 49/45/50
f 54/49/55 55/47/53 49/45/50
f 55/47/53 56/50/56 58/51/57
f 54/49/55 56/50/56 55/47/53
f 55/47/53 57/52/58 52/48/54
f 57/52/58 55/47/53 58/51/57
f 58/51/57 59/53/59 60/54/60
f 58/51/57 63/55/61 59/53/59
f 57/52/58 58/51/57 60/54/60
f 56/50/56 61/56/62 58/51/57
f 61/56/62 62/57/63 58/51/57
f 62/57/63 63/55/61 58/51/57
f 63/55/61 62/57/63 64/58/64
f 63/55/61 64/58/64 65/59/65
f 59/53/59 63/55/61 65/59/65
f 59/53/59 65/59/65 66/60/66
f 65/59/65 67/61/67 66/60/66
f 67/61/67 68/62/68 66/60/66
f 66/60/66 68/62/68 69/63/69
f 66/60/66 69/63/69 70/64/70
f 60/54/60 59/53/59 66/60/66
f 62/57/63 71/65/71 64/58/64
f 72/66/72 71/65/71 62/57/63
f 72/66/72 73/67/73 71/65/71
f 73/67/73 74/68/74 71/65/71
f 73/67/73 75/69/75 74/68/74
f 78/70/76 76/69/77 73/67/73
f 77/71/78 73/67/73 72/66/72
f 78/70/76 73/67/73 77/71/78
f 79/72/79 78/70/76 77/71/78
f 79/72/79 80/73/80 78/70/76
f 81/74/81 79/72/79 77/71/78
f 83/75/82 82/72/83 81/74/81
f 84/76/84 83/75/82 81/74/81
f 84/76/84 81/74/81 61/56/62
f 81/74/81 77/71/78 61/56/62
f 83/75/82 84/76/84 85/77/85
f 85/77/85 84/76/84 56/50/56
f 56/50/56 84/76/84 61/56/62
f 85/77/85 56/50/56 54/49/55
f 44/39/44 85/77/85 46/42/47
f 53/42/52 85/77/85 54/49/55
f 86/78/86 83/75/82 85/77/85
f 44/39/44 86/78/86 85/77/85
f 87/79/87 86/78/86 44/39/44
f 87/79/87 88/80/88 86/78/86
f 88/80/88 89/81/89 86/78/86
f 86/78/86 89/81/89 83/75/82
f 90/82/90 91/83/91 89/81/89
f 92/80/92 90/82/90 89/81/89
f 91/83/91 93/73/93 89/81/89
f 89/81/89 93/73/93 82/72/83
f 89/81/89 82/72/83 83/75/82
f 90/82/90 94/84/94 91/83/91
f 94/84/94 95/24/95 91/83/91
f 95/24/95 96/85/96 91/83/91
f 97/86/97 88/80/88 87/79/87
f 43/38/43 97/86/97 87/79/87
f 98/87/98 97/86/97 43/38/43
f 30/27/31 99/88/99 98/87/98
f 34/28/33 30/27/31 98/87/98
f 99/88/99 100/86/100 98/87/98
f 34/28/33 98/87/98 37/33/38
f 98/87/98 43/38/43 37/33/38
f 100/86/100 99/88/99 101/80/101
f 103/89/102 102/82/103 101/80/101
f 99/88/99 103/89/102 101/80/101
f 103/89/102 104/84/104 102/82/103
f 106/22/105 104/84/104 103/89/102
f 105/20/106 103/89/102 99/88/99
f 105/20/106 106/22/105 103/89/102
f 104/84/104 106/22/105 107/24/107
f 108/19/108 105/20/106 99/88/99
f 31/18/32 108/19/108 99/88/99
f 30/27/31 31/18/32 99/88/99
f 43/38/43 87/79/87 44/39/44
f 77/71/78 72/66/72 61/56/62
f 61/56/62 72/66/72 62/57/63
f 52/48/54 57/52/58 60/54/60
f 109/90/109 35/30/35 38/32/37
f 110/91/110 111/92/111 35/30/35
f 111/92/111 33/29/34 35/30/35
f 111/92/111 29/25/29 33/29/34
f 112/93/112 29/25/29 111/92/111
f 113/94/113 112/93/112 114/95/114
f 113/94/113 16/15/16 112/93/112
f 16/15/16 17/16/17 112/93/112
f 112/93/112 17/16/17 29/25/29
f 115/96/115 116/97/116 113/94/113
f 116/97/116 16/15/16 113/94/113
f 116/97/116 117/98/117 16/15/16
f 118/99/118 117/98/117 116/97/116
f 119/100/119 118/99/118 116/97/116
f 119/100/119 116/97/116 115/96/115
f 120/101/120 5/6/6 119/100/119
f 121/102/121 120/101/120 119/100/119
f 121/102/121 119/100/119 115/96/115
f 6/7/7 118/99/118 119/100/119
f 5/6/6 6/7/7 119/100/119
f 122/103/122 120/101/120 121/102/121
f 123/104/123 120/101/120 122/103/122
f 124/105/124 5/6/6 123/104/123
f 125/106/125 124/105/124 123/104/123
f 125/106/125 123/104/123 126/107/126
f 5/6/6 120/101/120 123/104/123
f 123/104/123 127/103/127 126/107/126
f 126/107/126 127/103/127 128/108/128
f 129/109/129 126/107/126 130/110/130
f 129/109/129 125/106/125 126/107/126
f 132/111/131 130/110/130 131/112/132
f 132/111/131 129/109/129 130/110/130
f 133/113/133 134/114/134 132/111/131
f 135/115/135 133/113/133 132/111/131
f 134/114/134 129/109/129 132/111/131
f 135/115/135 132/111/131 136/116/136
f 136/116/136 132/111/131 131/112/132
f 137/117/137 135/115/135 136/116/136
f 138/118/138 137/117/137 136/116/136
f 138/118/138 136/116/136 139/119/139
f 136/116/136 131/112/132 139/119/139
f 140/120/140 138/118/138 139/119/139
f 141/121/141 140/120/140 139/119/139
f 141/121/141 139/119/139 142/122/142
f 143/123/143 141/121/141 142/122/142
f 144/124/144 140/120/140 143/123/143
f 146/125/145 144/124/144 143/123/143
f 140/120/140 141/121/141 143/123/143
f 145/126/146 146/125/145 143/123/143
f 146/125/145 147/127/147 144/124/144
f 145/126/146 147/127/147 146/125/145
f 147/127/147 137/117/137 144/124/144
f 147/127/147 148/128/148 137/117/137
f 149/129/149 147/127/147 145/126/146
f 150/129/150 148/128/148 147/127/147
f 151/130/151 152/131/152 150/129/150
f 152/131/152 153/132/153 150/129/150
f 153/132/153 148/128/148 150/129/150
f 154/133/154 155/134/155 153/132/153
f 156/135/156 154/133/154 153/132/153
f 153/132/153 155/134/155 148/128/148
f 152/131/152 156/135/156 153/132/153
f 156/135/156 157/136/157 154/133/154
f 159/137/158 157/136/157 156/135/156
f 158/138/159 159/137/158 156/135/156
f 160/139/160 156/135/156 152/131/152
f 161/140/161 160/139/160 152/131/152
f 151/130/151 161/140/161 152/131/152
f 159/137/158 162/141/162 157/136/157
f 158/138/159 163/142/163 159/137/158
f 162/141/162 164/143/164 157/136/157
f 162/141/162 165/144/165 164/143/164
f 165/144/165 3/4/4 164/143/164
f 3/4/4 165/144/165 2/2/2
f 2/2/2 165/144/165 10/10/10
f 10/10/10 165/144/165 166/145/166
f 166/145/166 165/144/165 167/141/167
f 164/143/164 3/4/4 4/5/5
f 164/143/164 4/5/5 168/146/168
f 157/136/157 164/143/164 168/146/168
f 157/136/157 168/146/168 154/133/154
f 168/146/168 169/147/169 155/134/155
f 169/147/169 168/146/168 170/148/170
f 168/146/168 4/5/5 170/148/170
f 154/133/154 168/146/168 155/134/155
f 169/147/169 170/148/170 134/114/134
f 170/148/170 124/105/124 134/114/134
f 170/148/170 4/5/5 124/105/124
f 155/134/155 169/147/169 133/113/133
f 133/113/133 169/147/169 134/114/134
f 155/134/155 133/113/133 135/115/135
f 148/128/148 155/134/155 135/115/135
f 172/149/171 171/130/172 149/129/149
f 172/149/171 149/129/149 145/126/146
f 173/140/173 171/130/172 172/149/171
f 148/128/148 135/115/135 137/117/137
f 144/124/144 138/118/138 140/120/140
f 137/117/137 138/118/138 144/124/144
f 134/114/134 124/105/124 129/109/129
f 124/105/124 125/106/125 129/109/129
f 4/5/5 5/6/6 124/105/124
f 117/98/117 118/99/118 7/8/8
f 118/99/118 6/7/7 7/8/8
f 117/98/117 7/8/8 16/15/16
f 13/12/13 10/10/10 174/21/174
f 10/10/10 175/145/175 174/21/174
f 175/145/175 176/23/176 174/21/174
f 177/150/177 178/151/178 179/152/179
f 180/153/180 181/154/181 179/152/179
f 180/153/180 179/152/179 182/155/182
f 179/152/179 178/151/178 182/155/182
f 177/150/177 179/152/179 183/156/183
f 183/156/183 179/152/179 184/157/184
f 185/158/185 184/157/184 186/159/186
f 187/160/187 188/155/188 189/161/189
f 189/161/189 183/156/183 190/162/190
f 183/156/183 184/157/184 190/162/190
f 184/157/184 185/158/185 190/162/190
f 190/162/190 185/158/185 191/163/191
f 185/158/185 186/159/186 192/164/192
f 192/164/192 186/159/186 193/165/193
f 186/159/186 194/166/194 193/165/193
f 187/160/187 189/161/189 195/167/195
f 189/161/189 190/162/190 195/167/195
f 195/167/195 190/162/190 196/168/196
f 196/168/196 190/162/190 197/169/197
f 190/162/190 191/163/191 197/169/197
f 191/163/191 192/164/192 197/169/197
f 192/164/192 193/165/193 197/169/197
f 193/165/193 198/170/198 197/169/197
f 199/170/199 200/171/200 197/169/197
f 200/171/200 201/172/201 197/169/197
f 201/172/201 202/173/202 197/169/197
f 203/174/203 205/175/203 204/176/203
f 206/175/204 208/177/204 207/176/204
f 209/176/205 211/177/205 210/178/206
f 212/178/207 213/179/208 215/180/209
f 212/178/207 214/177/210 213/179/208
f 216/179/211 218/177/212 217/181/213
f 218/177/212 219/175/214 217/181/213
f 220/175/215 222/174/215 221/181/216
f 223/182/217 225/183/218 224/184/217
f 226/185/219 228/186/219 227/187/219
f 229/188/220 231/187/220 230/189/220
f 232/187/221 234/186/221 233/189/221
f 235/186/222 237/190/223 236/189/224
f 237/190/223 238/191/225 236/189/224
f 239/189/226 240/192/227 242/193/228
f 239/189/226 241/191/229 240/192/227
f 243/191/230 245/190/230 244/192/230
f 246/192/231 247/194/232 249/195/233
f 246/192/231 248/190/234 247/194/232
f 248/190/234 250/186/235 247/194/232
f 251/194/236 253/186/236 252/196/236
f 254/186/237 256/185/238 255/196/238
f 257/183/239 259/197/240 258/198/239
f 260/199/241 262/200/241 261/201/241
f 263/201/242 264/202/243 266/203/244
f 263/201/242 265/200/245 264/202/243
f 267/200/246 269/199/246 268/202/246
f 270/202/247 272/199/247 271/204/247
f 273/205/248 275/206/249 274/207/250
f 274/207/250 275/206/249 276/208/251
f 276/208/251 275/206/249 277/209/252
f 280/210/253 276/208/251 277/209/252
f 278/211/254 279/212/255 277/209/252
f 279/212/255 280/210/253 277/209/252
f 281/213/256 283/214/257 282/215/258
f 282/215/258 283/214/257 284/216/259
f 285/217/260 282/215/258 284/216/259
f 286/218/261 288/219/262 287/220/263
f 287/220/263 288/219/262 289/221/264
f 290/222/265 292/223/266 291/224/267
f 291/224/267 292/223/266 293/225/268
f 293/225/268 292/223/266 294/226/269
f 295/227/270 296/228/271 300/229/272
f 295/227/270 297/230/273 296/228/271
f 295/227/270 299/231/274 298/232/275
f 299/231/274 295/227/270 300/229/272
f 301/233/276 299/231/274 300/229/272
f 301/233/276 300/229/272 305/234/277
f 302/235/278 303/236/279 300/229/272
f 296/228/271 302/235/278 300/229/272
f 300/229/272 303/236/279 304/237/280
f 300/229/272 304/237/280 305/234/277
f 306/238/281 301/233/276 305/234/277
f 308/239/282 306/238/281 305/234/277
f 307/240/283 309/241/284 305/234/277
f 304/237/280 307/240/283 305/234/277
f 308/239/282 305/234/277 311/242/285
f 305/234/277 309/241/284 310/243/286
f 305/234/277 310/243/286 311/242/285
f 310/243/286 313/244/287 311/242/285
f 312/245/288 317/246/289 311/242/285
f 311/242/285 313/244/287 314/247/290
f 311/242/285 314/247/290 316/248/291
f 315/249/292 311/242/285 316/248/291
f 317/246/289 308/239/282 311/242/285
f 317/246/289 306/238/281 308/239/282
f 318/250/293 306/238/281 317/246/289
f 319/251/294 318/250/293 317/246/289
f 319/251/294 317/246/289 312/245/288
f 320/252/295 319/251/294 321/253/296
f 320/252/295 318/250/293 319/251/294
f 321/253/296 319/251/294 322/254/297
f 322/254/297 319/251/294 323/255/298
f 323/255/298 319/251/294 312/245/288
f 323/255/298 312/245/288 324/249/299
f 322/254/297 323/255/298 324/249/299
f 312/245/288 325/242/300 324/249/299
f 321/253/296 322/254/297 326/256/301
f 329/257/302 320/252/295 321/253/296
f 327/258/303 328/259/304 321/253/296
f 328/259/304 329/257/302 321/253/296
f 306/238/281 318/250/293 320/252/295
f 301/233/276 306/238/281 320/252/295
f 316/248/291 331/260/305 330/261/306
f 332/262/307 333/263/308 307/240/283
f 304/237/280 332/262/307 307/240/283
f 307/240/283 333/263/308 334/241/309
f 296/228/271 335/264/310 302/235/278
f 336/265/311 335/264/310 296/228/271
f 336/265/311 337/266/312 335/264/310
f 337/266/312 336/265/311 338/267/313
f 338/267/313 339/268/314 340/269/315
f 338/267/313 336/265/311 339/268/314
f 340/269/315 341/270/316 342/271/317
f 340/269/315 339/268/314 341/270/316
f 342/271/318 343/272/319 345/273/320
f 342/271/318 346/270/321 343/272/319
f 344/274/322 342/271/318 345/273/320
f 346/270/321 347/275/323 343/272/319
f 346/270/321 348/268/324 347/275/323
f 347/275/323 349/276/325 351/277/326
f 347/275/323 350/268/327 349/276/325
f 343/272/319 347/275/323 351/277/326
f 343/272/319 351/277/326 353/278/328
f 351/277/326 352/279/329 354/278/330
f 351/277/326 349/276/325 352/279/329
f 352/279/329 355/280/331 354/278/330
f 355/280/331 352/279/329 356/281/332
f 352/279/329 357/282/333 356/281/332
f 358/283/334 357/282/333 352/279/329
f 358/283/334 296/228/271 357/282/333
f 296/228/271 297/230/273 357/282/333
f 339/268/314 296/228/271 358/283/334
f 349/276/325 358/283/334 352/279/329
f 359/273/335 343/272/319 353/278/328
f 360/284/336 345/273/320 361/285/337
f 360/284/336 344/274/322 345/273/320
f 345/273/320 362/278/338 361/285/337
f 362/278/338 363/286/339 361/285/337
f 362/278/338 364/281/340 363/286/339
f 363/286/339 365/287/341 366/288/342
f 369/289/343 365/287/341 363/286/339
f 363/286/339 366/288/342 367/290/344
f 361/285/337 363/286/339 367/290/344
f 368/281/345 369/289/343 363/286/339
f 368/281/345 371/282/346 369/289/343
f 370/291/347 372/292/348 369/289/343
f 373/282/349 370/291/347 369/289/343
f 369/289/343 372/292/348 365/287/341
f 374/293/350 375/294/351 372/292/348
f 370/291/347 374/293/350 372/292/348
f 376/295/352 375/294/351 374/293/350
f 376/295/352 377/296/353 378/297/354
f 377/296/353 376/295/352 374/293/350
f 378/297/354 377/296/353 379/298/355
f 374/293/350 370/291/347 381/299/356
f 380/300/357 374/293/350 381/299/356
f 380/300/357 381/299/356 384/301/358
f 381/299/356 382/302/359 384/301/358
f 382/302/359 381/299/356 383/232/360
f 385/303/361 384/301/358 387/304/362
f 385/303/361 380/300/357 384/301/358
f 384/301/358 386/305/363 388/306/364
f 384/301/358 382/302/359 386/305/363
f 387/304/362 384/301/358 388/306/364
f 389/307/365 387/304/362 388/306/364
f 389/307/365 388/306/364 391/308/366
f 386/305/363 392/309/367 388/306/364
f 388/306/364 390/258/368 391/308/366
f 388/306/364 393/310/369 390/258/368
f 392/309/367 393/310/369 388/306/364
f 394/232/370 301/233/276 393/310/369
f 392/309/367 394/232/370 393/310/369
f 393/310/369 301/233/276 395/311/371
f 393/310/369 395/311/371 390/258/368
f 301/233/276 396/312/372 395/311/371
f 394/232/370 299/231/274 301/233/276
f 386/305/363 382/302/359 392/309/367
f 397/313/373 389/307/365 391/308/366
f 398/314/374 389/307/365 397/313/373
f 387/304/362 389/307/365 398/314/374
f 367/290/344 387/304/362 398/314/374
f 367/290/344 398/314/374 399/315/375
f 399/315/375 398/314/374 400/316/376
f 398/314/374 401/313/377 400/316/376
f 402/317/378 361/285/337 399/315/375
f 361/285/337 367/290/344 399/315/375
f 402/317/378 360/284/336 361/285/337
f 403/288/379 385/303/361 387/304/362
f 366/288/342 387/304/362 367/290/344
f 339/268/314 336/265/311 296/228/271
f 404/318/380 406/319/380 405/320/380
f 407/321/381 409/322/381 408/323/381
f 410/319/382 412/318/383 411/324/384
f 411/324/384 412/318/383 413/325/385
f 414/326/386 416/323/387 415/327/387
f 417/328/388 419/329/389 418/330/389
f 420/331/390 422/332/390 421/333/390
f 423/332/391 425/334/391 424/333/392
f 426/335/393 427/336/394 431/337/395
f 426/335/393 428/338/396 427/336/394
f 428/338/396 426/335/393 429/339/397
f 429/339/397 426/335/393 430/340/398
f 430/340/398 426/335/393 431/337/395
f 429/339/397 430/340/398 432/341/399
f 432/341/399 430/340/398 433/342/400
f 432/341/399 433/342/400 437/343/401
f 434/337/402 435/344/403 433/342/400
f 433/342/400 435/344/403 436/345/404
f 433/342/400 436/345/404 437/343/401
f 438/346/405 437/343/401 439/243/406
f 438/346/405 432/341/399 437/343/401
f 439/243/406 437/343/401 440/244/407
f 441/241/408 438/346/405 439/243/406
f 441/241/408 442/263/409 438/346/405
f 442/263/409 443/262/410 438/346/405
f 443/262/410 444/237/411 438/346/405
f 445/347/412 446/348/413 444/237/411
f 444/237/411 446/348/413 438/346/405
f 445/347/412 449/236/414 446/348/413
f 450/349/415 447/350/416 446/348/413
f 446/348/413 432/341/399 438/346/405
f 448/351/417 450/349/415 446/348/413
f 449/236/414 448/351/417 446/348/413
f 450/349/415 428/338/396 429/339/397
f 448/351/417 428/338/396 450/349/415
f 450/349/415 429/339/397 432/341/399
f 447/350/416 450/349/415 432/341/399
f 451/352/418 448/351/417 449/236/414
f 452/353/419 453/354/420 451/352/418
f 454/355/421 452/353/419 451/352/418
f 451/352/418 453/354/420 448/351/417
f 455/356/422 452/353/419 454/355/421
f 455/356/422 456/357/423 452/353/419
f 456/357/423 457/358/424 452/353/419
f 458/359/425 457/358/424 456/357/423
f 457/358/424 458/359/425 459/360/426
f 460/361/427 457/358/424 459/360/426
f 461/362/428 457/358/424 460/361/427
f 463/363/429 461/362/428 460/361/427
f 462/364/430 463/363/429 460/361/427
f 461/362/428 464/365/431 457/358/424
f 465/366/432 464/365/431 461/362/428
f 464/365/431 466/367/433 452/353/419
f 464/365/431 467/368/434 466/367/433
f 457/358/424 464/365/431 452/353/419
f 467/368/434 468/369/435 466/367/433
f 469/368/436 470/370/437 468/369/435
f 468/369/435 470/370/437 471/371/438
f 468/369/435 471/371/438 472/372/439
f 466/367/433 468/369/435 472/372/439
f 473/373/440 466/367/433 472/372/439
f 473/373/440 472/372/439 453/354/420
f 472/372/439 471/371/438 474/374/441
f 453/354/420 472/372/439 475/375/442
f 453/354/420 475/375/442 448/351/417
f 475/375/442 476/376/443 448/351/417
f 475/375/442 474/374/441 476/376/443
f 476/376/443 477/377/444 448/351/417
f 474/374/441 478/378/445 476/376/443
f 471/371/438 479/379/446 478/378/445
f 474/374/441 471/371/438 478/378/445
f 479/379/446 480/380/447 482/381/448
f 479/379/446 484/382/449 480/380/447
f 481/383/450 479/379/446 482/381/448
f 483/384/451 484/382/449 479/379/446
f 471/371/438 483/384/451 479/379/446
f 484/382/449 485/385/452 488/386/453
f 487/387/454 485/385/452 484/382/449
f 486/388/455 487/387/454 484/382/449
f 483/384/451 486/388/455 484/382/449
f 484/382/449 488/386/453 480/380/447
f 488/386/453 485/385/452 489/389/456
f 488/386/453 489/389/456 490/390/457
f 480/380/447 488/386/453 490/390/457
f 480/380/447 490/390/457 492/391/458
f 490/390/457 491/392/459 493/393/460
f 490/390/457 489/389/456 491/392/459
f 492/391/458 490/390/457 493/393/460
f 493/393/460 494/394/461 495/395/462
f 492/391/458 493/393/460 496/396/463
f 493/393/460 495/395/462 496/396/463
f 497/397/464 492/391/458 496/396/463
f 498/398/465 497/397/464 499/399/466
f 498/398/465 492/391/458 497/397/464
f 499/399/466 497/397/464 500/400/467
f 501/401/468 498/398/465 499/399/466
f 502/337/469 501/401/468 499/399/466
f 503/344/470 502/337/469 499/399/466
f 503/344/470 499/399/466 504/402/471
f 499/399/466 505/400/472 504/402/471
f 506/403/473 501/401/468 502/337/469
f 427/336/394 506/403/473 502/337/469
f 481/383/450 482/381/448 506/403/473
f 482/381/448 508/404/474 506/403/473
f 477/377/444 507/383/475 506/403/473
f 427/336/394 477/377/444 506/403/473
f 506/403/473 508/404/474 501/401/468
f 501/401/468 508/404/474 498/398/465
f 509/404/476 492/391/458 498/398/465
f 482/381/448 480/380/447 509/404/476
f 509/404/476 480/380/447 492/391/458
f 494/394/461 510/405/477 495/395/462
f 511/406/478 512/407/479 510/405/477
f 494/394/461 511/406/478 510/405/477
f 512/407/479 516/408/480 510/405/477
f 513/409/481 514/410/482 510/405/477
f 516/408/480 513/409/481 510/405/477
f 510/405/477 514/410/482 515/411/483
f 512/407/479 517/412/484 516/408/480
f 517/412/484 518/413/485 516/408/480
f 518/413/485 519/414/486 516/408/480
f 519/414/486 520/415/487 516/408/480
f 520/415/487 521/416/488 516/408/480
f 516/408/480 521/416/488 513/409/481
f 522/417/489 523/418/490 518/413/485
f 517/412/484 522/417/489 518/413/485
f 522/417/489 524/419/491 523/418/490
f 524/419/491 525/420/492 523/418/490
f 524/419/491 526/421/493 525/420/492
f 527/422/494 526/421/493 529/423/495
f 527/422/494 528/424/496 526/421/493
f 526/421/493 524/419/491 531/425/497
f 529/423/495 526/421/493 530/426/498
f 530/426/498 526/421/493 531/425/497
f 532/427/499 531/425/497 535/428/500
f 532/427/499 533/426/501 531/425/497
f 531/425/497 534/429/502 535/428/500
f 531/425/497 524/419/491 534/429/502
f 534/429/502 536/430/503 486/388/455
f 534/429/502 524/419/491 536/430/503
f 536/430/503 524/419/491 522/417/489
f 486/388/455 536/430/503 487/387/454
f 533/426/501 532/427/499 537/431/504
f 537/431/504 532/427/499 538/432/505
f 537/431/504 538/432/505 541/433/506
f 539/434/507 537/431/504 540/435/508
f 540/435/508 537/431/504 541/433/506
f 541/433/506 538/432/505 470/370/437
f 538/432/505 532/427/499 542/428/509
f 538/432/505 542/428/509 543/436/510
f 470/370/437 538/432/505 543/436/510
f 470/370/437 543/436/510 471/371/438
f 544/437/511 530/426/498 545/434/512
f 529/423/495 530/426/498 544/437/511
f 546/438/513 529/423/495 544/437/511
f 546/438/513 547/439/514 529/423/495
f 547/439/514 548/440/515 529/423/495
f 548/440/515 527/422/494 529/423/495
f 549/441/516 522/417/489 517/412/484
f 550/442/517 522/417/489 549/441/516
f 550/442/517 551/443/518 522/417/489
f 551/443/518 550/442/517 552/444/519
f 487/387/454 551/443/518 485/385/452
f 485/385/452 551/443/518 552/444/519
f 485/385/452 552/444/519 489/389/456
f 552/444/519 549/441/516 553/445/520
f 552/444/519 550/442/517 549/441/516
f 489/389/456 552/444/519 553/445/520
f 553/445/520 511/406/478 491/392/459
f 511/406/478 553/445/520 512/407/479
f 553/445/520 549/441/516 512/407/479
f 489/389/456 553/445/520 491/392/459
f 554/436/521 486/388/455 483/384/451
f 477/377/444 427/336/394 448/351/417
f 466/367/433 473/373/440 452/353/419
f 452/353/419 473/373/440 453/354/420
f 555/433/522 470/370/437 469/368/436
f 427/336/394 428/338/396 448/351/417
f 556/446/523 558/447/523 557/448/523
f 559/447/524 561/449/525 560/448/526
f 562/450/527 564/451/528 563/452/529
f 563/452/529 564/451/528 565/453/530
f 566/454/531 568/455/532 567/456/531
f 569/457/533 571/458/534 570/459/535
f 571/458/534 569/457/533 572/460/536
f 570/459/535 571/458/534 573/461/537
f 574/462/538 576/463/539 575/464/540
f 576/463/539 577/465/541 575/464/540
f 578/466/542 580/467/543 579/464/542
f 581/468/544 583/469/545 582/470/546
f 582/470/546 583/469/545 584/471/547
f 585/472/548 587/473/548 586/474/548
f 588/474/549 590/473/549 589/475/550
f 591/475/551 593/473/551 592/476/552
f 594/473/553 596/472/553 595/476/553
f 597/476/554 598/477/555 600/478/556
f 597/476/554 599/472/557 598/477/555
f 601/472/558 603/474/559 602/477/560
f 602/477/560 603/474/559 604/479/561
f 605/480/562 607/481/562 606/482/562
f 608/482/563 609/483/564 613/484/565
f 608/482/563 610/481/566 609/483/564
f 611/485/567 608/482/563 612/486/568
f 612/486/568 608/482/563 613/484/565
f 609/483/564 614/478/569 613/484/565
f 610/481/566 615/479/570 609/483/564
f 616/479/571 618/474/572 617/483/573
f 618/474/572 619/475/574 617/483/573
f 620/483/575 622/475/576 621/478/577
f 622/475/576 623/476/578 621/478/577
f 624/487/579 626/488/580 625/489/556
f 627/488/581 629/490/582 628/489/582
f 630/489/583 631/491/584 633/492/585
f 630/489/583 632/490/586 631/491/584
f 631/491/584 632/490/586 634/493/587
f 635/490/588 637/494/589 636/493/588
f 638/470/590 640/493/590 639/495/590
f 641/493/591 643/494/591 642/495/591
f 644/495/592 645/496/593 647/497/594
f 644/495/592 646/494/595 645/496/593
f 648/498/596 650/496/597 649/499/598
f 649/499/598 650/496/597 651/500/599
f 650/496/597 652/494/600 651/500/599
f 651/500/599 652/494/600 653/501/601
f 654/494/602 656/490/602 655/501/602
f 657/490/603 659/488/603 658/501/603
f 660/501/604 661/502/605 663/503/606
f 660/501/604 662/488/607 661/502/605
f 664/488/608 666/487/609 665/502/608
f 667/477/610 669/479/611 668/504/611
f 670/479/612 672/481/613 671/504/614
f 671/504/614 672/481/613 673/505/615
f 672/481/613 674/480/616 673/505/615
f 675/505/617 677/480/618 676/485/618
f 678/480/619 680/482/619 679/485/620
f 681/506/621 683/485/622 682/486/623
f 683/485/622 681/506/621 684/507/624
f 685/508/625 684/507/624 686/509/626
f 685/508/625 683/485/622 684/507/624
f 687/492/627 689/491/628 688/510/629
f 689/491/628 690/493/630 688/510/629
f 690/493/630 691/470/631 688/510/629
f 692/510/632 694/470/633 693/471/633
f 695/511/634 697/512/634 696/513/634
f 698/513/635 699/514/636 701/515/637
f 698/513/635 700/512/638 699/514/636
f 702/512/639 704/492/639 703/514/640
f 705/492/641 707/510/642 706/514/643
f 706/514/643 707/510/642 708/516/644
f 706/514/643 708/516/644 709/515/645
f 710/510/646 712/471/647 711/516/647
f 713/517/648 715/518/649 714/519/650
f 716/520/651 718/521/651 717/522/652
f 719/522/653 721/521/653 720/523/653
f 722/523/654 724/521/654 723/524/654
f 725/525/655 727/526/656 726/527/656
f 728/528/657 730/529/658 729/530/659
f 729/530/659 730/529/658 731/531/660
f 732/532/661 734/530/662 733/531/663
f 735/531/664 737/529/664 736/533/665
f 738/534/666 740/535/666 739/536/666
f 741/535/667 743/532/667 742/536/667
f 744/532/668 746/531/668 745/536/668
f 747/537/669 748/538/670 750/539/671
f 747/537/669 749/540/672 748/538/670
f 751/540/673 753/541/674 752/538/675
f 754/541/676 756/542/677 755/538/676
f 757/542/678 759/543/679 758/538/680
f 760/538/681 762/543/682 761/544/683
f 763/545/684 765/546/682 764/547/685
f 766/546/686 768/548/687 767/547/686
f 769/548/688 771/522/689 770/547/689
f 772/547/690 774/522/690 773/549/690
f 775/522/691 777/523/691 776/549/692
f 778/523/693 780/550/693 779/549/693
f 781/550/694 783/551/695 782/549/696
f 784/552/696 786/553/695 785/554/697
f 786/553/695 787/555/698 785/554/697
f 788/556/699 790/557/700 789/558/699
f 791/559/701 792/560/702 795/561/703
f 791/559/701 793/562/704 792/560/702
f 794/563/705 791/559/701 795/561/703
f 796/564/706 798/560/706 797/565/706
f 799/560/707 801/562/707 800/565/707
f 802/566/708 804/567/709 803/568/710
f 804/567/709 805/569/711 803/568/710
f 806/568/712 808/569/713 807/570/714
f 809/571/715 811/572/715 810/573/715
f 812/574/716 814/575/716 813/576/716
f 815/576/717 817/575/717 816/577/717
f 818/575/718 820/578/719 819/577/719
f 821/577/720 823/578/721 822/579/722
f 822/579/722 823/578/721 824/580/723
f 825/580/724 827/578/724 826/581/724
f 828/582/725 830/572/726 829/583/726
f 831/572/727 833/584/727 832/583/728
f 834/585/729 835/586/730 837/587/731
f 834/585/729 836/588/732 835/586/730
f 835/586/730 836/588/732 838/589/733
f 839/588/734 841/585/734 840/589/734
f 842/142/735 843/145/736 845/137/737
f 842/142/735 844/23/738 843/145/736
f 843/145/736 846/141/739 845/137/737
f 847/24/740 849/23/741 848/85/742
f 849/23/743 851/142/744 850/138/745
f 852/590/746 854/591/746 853/592/746
f 855/591/747 857/593/748 856/592/749
f 858/594/750 859/595/751 861/96/752
f 858/594/750 860/596/753 859/595/751
f 862/595/754 863/102/755 865/96/756
f 862/595/754 864/596/757 863/102/755
f 864/596/757 866/103/758 863/102/755
f 866/103/758 864/596/757 867/108/759
f 868/597/760 870/598/761 869/599/762
f 870/598/761 871/591/763 869/599/762
f 872/591/764 874/590/764 873/599/765
f 875/599/766 877/590/767 876/600/768
f 876/600/768 877/590/767 878/601/769
f 879/590/770 881/592/770 880/601/770
f 882/601/771 884/592/772 883/602/773
f 885/603/774 887/107/775 886/108/776
f 887/107/775 885/603/774 888/110/777
f 889/596/778 891/594/778 890/108/779
f 892/108/780 894/594/781 893/604/782
f 893/604/782 894/594/781 895/605/783
f 895/605/783 894/594/781 896/606/784
f 896/606/784 894/594/781 897/96/785
f 893/604/782 895/605/783 898/607/786
f 895/605/783 899/608/787 898/607/786
f 899/608/787 900/609/788 902/610/789
f 901/611/790 900/609/788 899/608/787
f 901/611/790 899/608/787 903/606/791
f 899/608/787 902/610/789 898/607/786
f 904/612/792 901/611/790 903/606/791
f 905/613/793 904/612/792 906/614/794
f 904/612/792 905/613/793 901/611/790
f 906/614/794 904/612/792 907/615/795
f 907/615/795 904/612/792 908/616/796
f 907/615/795 908/616/796 909/617/797
f 909/617/797 908/616/796 910/618/798
f 909/617/797 910/618/798 911/619/799
f 911/619/799 910/618/798 912/620/800
f 912/620/800 910/618/798 913/621/801
f 914/622/802 912/620/800 913/621/801
f 912/620/800 914/622/802 915/623/803
f 915/623/803 914/622/802 916/624/804
f 916/624/804 914/622/802 917/625/805
f 915/623/803 916/624/804 918/626/806
f 918/626/806 916/624/804 919/627/807
f 919/627/807 916/624/804 920/628/808
f 918/626/806 919/627/807 921/629/809
f 921/629/809 919/627/807 922/630/810
f 922/630/810 919/627/807 923/631/811
f 919/627/807 924/628/812 923/631/811
f 922/630/810 923/631/811 925/632/813
f 925/632/813 923/631/811 926/633/814
f 926/633/814 923/631/811 927/634/815
f 928/635/816 918/626/806 921/629/809
f 929/636/817 918/626/806 928/635/816
f 929/636/817 930/637/818 918/626/806
f 931/638/819 915/623/803 930/637/818
f 930/637/818 915/623/803 918/626/806
f 931/638/819 933/639/820 915/623/803
f 933/639/820 931/638/819 932/640/821
f 933/639/820 911/619/799 915/623/803
f 934/641/822 911/619/799 933/639/820
f 934/641/822 933/639/820 935/642/823
f 935/642/823 933/639/820 932/640/821
f 936/643/824 935/642/823 937/644/825
f 936/643/824 939/645/826 935/642/823
f 935/642/823 932/640/821 938/646/827
f 937/644/825 935/642/823 938/646/827
f 939/645/826 934/641/822 935/642/823
f 939/645/826 940/647/828 934/641/822
f 941/648/829 940/647/828 939/645/826
f 941/648/829 939/645/826 936/643/824
f 942/649/830 940/647/828 941/648/829
f 943/650/831 942/649/830 941/648/829
f 943/650/831 941/648/829 936/643/824
f 944/651/832 942/649/830 943/650/831
f 945/652/833 944/651/832 943/650/831
f 945/652/833 943/650/831 946/653/834
f 947/653/835 943/650/831 936/643/824
f 947/653/835 936/643/824 949/654/836
f 948/655/837 947/653/835 949/654/836
f 950/656/838 947/653/835 948/655/837
f 951/657/839 953/652/840 950/656/838
f 952/658/841 951/657/839 950/656/838
f 952/658/841 950/656/838 948/655/837
f 956/659/842 951/657/839 952/658/841
f 954/660/843 952/658/841 955/661/844
f 954/660/843 956/659/842 952/658/841
f 955/661/844 952/658/841 948/655/837
f 957/662/845 958/663/846 956/659/842
f 958/663/846 959/664/847 956/659/842
f 956/659/842 959/664/847 951/657/839
f 960/662/848 956/659/842 954/660/843
f 961/665/849 960/662/848 954/660/843
f 963/666/850 962/667/851 961/665/849
f 963/666/850 961/665/849 964/668/852
f 964/668/852 961/665/849 954/660/843
f 964/668/852 954/660/843 966/669/853
f 965/670/854 964/668/852 966/669/853
f 967/671/855 968/672/856 964/668/852
f 968/672/856 963/666/850 964/668/852
f 968/672/856 967/671/855 970/670/857
f 969/673/858 968/672/856 970/670/857
f 965/670/854 966/669/853 973/674/859
f 966/669/853 954/660/843 972/675/860
f 966/669/853 971/676/861 975/677/862
f 971/676/861 966/669/853 972/675/860
f 973/674/859 966/669/853 974/678/863
f 974/678/863 966/669/853 975/677/862
f 975/677/862 976/679/864 978/680/865
f 976/679/864 975/677/862 977/681/866
f 975/677/862 971/676/861 977/681/866
f 974/678/863 975/677/862 978/680/865
f 976/679/864 977/681/866 980/682/867
f 977/681/866 979/683/868 980/682/867
f 977/681/866 971/676/861 979/683/868
f 981/680/869 976/679/864 980/682/867
f 981/680/869 980/682/867 982/684/870
f 982/684/870 980/682/867 983/685/871
f 980/682/867 984/686/872 983/685/871
f 979/683/868 985/687/873 984/686/872
f 984/686/872 985/687/873 986/688/874
f 984/686/872 986/688/874 983/685/871
f 986/688/874 987/689/875 983/685/871
f 986/688/874 988/690/876 987/689/875
f 985/687/873 988/690/876 986/688/874
f 988/690/876 989/691/877 990/692/878
f 949/654/836 989/691/877 988/690/876
f 985/687/873 955/661/844 988/690/876
f 955/661/844 948/655/837 988/690/876
f 988/690/876 990/692/878 987/689/875
f 948/655/837 949/654/836 988/690/876
f 989/691/877 937/644/825 990/692/878
f 990/692/878 937/644/825 991/693/879
f 990/692/878 991/693/879 987/689/875
f 937/644/825 938/646/827 991/693/879
f 987/689/875 991/693/879 992/694/880
f 987/689/875 992/694/880 993/695/881
f 994/696/882 987/689/875 993/695/881
f 983/685/871 987/689/875 994/696/882
f 995/697/883 983/685/871 994/696/882
f 983/685/871 995/697/883 996/698/884
f 982/684/870 983/685/871 996/698/884
f 997/699/885 982/684/870 996/698/884
f 998/700/886 982/684/870 997/699/885
f 999/701/887 982/684/870 998/700/886
f 999/701/887 981/680/869 982/684/870
f 989/691/877 936/643/824 937/644/825
f 949/654/836 936/643/824 989/691/877
f 979/683/868 971/676/861 985/687/873
f 971/676/861 972/675/860 985/687/873
f 972/675/860 955/661/844 985/687/873
f 972/675/860 954/660/843 955/661/844
f 1000/702/888 963/666/850 1001/703/889
f 1000/702/888 962/667/851 963/666/850
f 1001/703/889 963/666/850 1002/672/890
f 1001/703/889 1002/672/890 1003/673/891
f 1004/704/892 1000/702/888 1001/703/889
f 1005/705/893 1006/706/894 1004/704/892
f 1006/706/894 1000/702/888 1004/704/892
f 1009/707/895 1007/708/896 1006/706/894
f 1006/706/894 958/663/846 1000/702/888
f 1009/707/895 1006/706/894 1005/705/893
f 1008/708/897 958/663/846 1006/706/894
f 1010/709/898 1011/710/899 1009/707/895
f 1012/711/900 1010/709/898 1009/707/895
f 1012/711/900 1009/707/895 1013/712/901
f 1013/712/901 1009/707/895 1005/705/893
f 1014/713/902 1015/714/903 1013/712/901
f 1015/714/903 1012/711/900 1013/712/901
f 1015/714/903 1016/715/904 1012/711/900
f 1016/715/904 1017/716/905 1012/711/900
f 1017/716/905 1018/717/906 1012/711/900
f 1017/716/905 1019/718/907 1018/717/906
f 1019/718/907 1020/719/908 1018/717/906
f 1020/719/908 1021/720/909 1018/717/906
f 1020/719/908 1022/721/910 1021/720/909
f 1022/721/910 1023/722/911 1021/720/909
f 1022/721/910 1024/723/912 1023/722/911
f 1024/723/912 1025/724/913 1023/722/911
f 1024/723/912 1026/725/914 1025/724/913
f 1026/725/914 1027/726/915 1025/724/913
f 1026/725/914 1028/727/916 1027/726/915
f 1027/726/915 1028/727/916 1029/728/917
f 1027/726/915 1030/729/918 1032/730/919
f 1030/729/918 1027/726/915 1031/728/920
f 1025/724/913 1027/726/915 1032/730/919
f 1032/730/919 1030/729/918 1033/731/921
f 1025/724/913 1032/730/919 1034/732/922
f 1032/730/919 1033/731/921 1036/733/923
f 1034/732/922 1032/730/919 1035/734/924
f 1035/734/924 1032/730/919 1036/733/923
f 1035/734/924 1036/733/923 1037/735/925
f 1033/731/921 905/613/793 1036/733/923
f 1036/733/923 906/614/794 1037/735/925
f 1036/733/923 905/613/793 906/614/794
f 1038/736/926 1035/734/924 1037/735/925
f 1038/736/926 1037/735/925 1040/737/927
f 1037/735/925 906/614/794 1039/738/928
f 1037/735/925 1039/738/928 1040/737/927
f 1041/739/929 1038/736/926 1040/737/927
f 1040/737/927 1039/738/928 944/651/832
f 1041/739/929 1040/737/927 945/652/833
f 1040/737/927 944/651/832 945/652/833
f 1042/740/930 1038/736/926 1041/739/929
f 1043/741/931 1042/740/930 1041/739/929
f 1042/740/930 1035/734/924 1038/736/926
f 1034/732/922 1035/734/924 1042/740/930
f 1044/742/932 1034/732/922 1042/740/930
f 1045/741/933 1044/742/932 1042/740/930
f 1046/589/934 1044/742/932 1045/741/933
f 1047/743/935 1046/589/934 1045/741/933
f 1048/744/936 1047/743/935 1045/741/933
f 1047/743/935 1048/744/936 959/664/847
f 959/664/847 1048/744/936 1049/745/937
f 1049/745/937 1048/744/936 1050/739/938
f 1049/745/937 1050/739/938 951/657/839
f 951/657/839 1050/739/938 1051/652/939
f 959/664/847 1049/745/937 951/657/839
f 1052/587/940 1047/743/935 1010/709/898
f 1052/587/940 1046/589/934 1047/743/935
f 1010/709/898 1047/743/935 1011/710/899
f 1011/710/899 1047/743/935 958/663/846
f 958/663/846 1047/743/935 959/664/847
f 1023/722/911 1044/742/932 1021/720/909
f 1044/742/932 1023/722/911 1034/732/922
f 1039/738/928 906/614/794 1053/746/941
f 1039/738/928 1053/746/941 942/649/830
f 944/651/832 1039/738/928 942/649/830
f 906/614/794 907/615/795 1053/746/941
f 1053/746/941 907/615/795 909/617/797
f 1053/746/941 909/617/797 1054/747/942
f 942/649/830 1053/746/941 1054/747/942
f 940/647/828 942/649/830 1054/747/942
f 940/647/828 1054/747/942 934/641/822
f 1054/747/942 911/619/799 934/641/822
f 1054/747/942 909/617/797 911/619/799
f 1023/722/911 1025/724/913 1034/732/922
f 1033/731/921 900/609/788 905/613/793
f 1030/729/918 900/609/788 1033/731/921
f 1030/729/918 1031/728/920 902/610/789
f 902/610/789 1031/728/920 1055/748/943
f 902/610/789 1055/748/943 898/607/786
f 900/609/788 1030/729/918 902/610/789
f 1021/720/909 1056/749/944 1018/717/906
f 1021/720/909 1057/589/945 1056/749/944
f 1057/589/945 1058/585/946 1056/749/944
f 1056/749/944 1059/587/947 1018/717/906
f 1018/717/906 1059/587/947 1010/709/898
f 1018/717/906 1010/709/898 1012/711/900
f 1008/708/897 1011/710/899 958/663/846
f 958/663/846 962/667/851 1000/702/888
f 911/619/799 912/620/800 915/623/803
f 905/613/793 900/609/788 901/611/790
f 1060/750/948 1061/751/949 1064/752/950
f 1060/750/948 1062/753/951 1061/751/949
f 1063/754/952 1060/750/948 1064/752/950
f 1064/752/950 1061/751/949 1065/755/953
f 1061/751/949 1066/756/954 1065/755/953
f 1061/751/949 1062/753/951 1066/756/954
f 1067/756/955 1069/753/956 1068/757/957
f 1069/753/956 1070/750/958 1068/757/957
f 1068/757/957 1070/750/958 1071/758/959
f 1072/759/960 1073/760/961 1076/761/962
f 1072/759/960 1074/762/963 1073/760/961
f 1074/762/963 1072/759/960 1075/763/964
f 1073/760/961 1077/764/965 1076/761/962
f 1078/765/966 1080/766/967 1079/767/968
f 1080/766/967 1081/768/969 1079/767/968
f 1081/768/969 1080/766/967 1082/769/970
f 1082/769/970 1080/766/967 1083/770/971
f 1080/766/967 1084/771/972 1083/770/971
f 1084/771/972 1080/766/967 1085/772/973
f 1085/772/973 1080/766/967 1086/773/974
f 1086/773/974 1080/766/967 1087/774/975
f 1080/766/967 1088/765/976 1087/774/975
f 1086/773/974 1087/774/975 1089/775/977
f 1085/772/973 1086/773/974 1089/775/977
f 1090/776/978 1085/772/973 1089/775/977
f 1093/777/979 1085/772/973 1091/776/980
f 1092/778/981 1084/771/972 1085/772/973
f 1093/777/979 1092/778/981 1085/772/973
f 1083/770/971 1092/778/981 1094/779/982
f 1083/770/971 1084/771/972 1092/778/981
f 1082/769/970 1083/770/971 1094/779/982
f 1095/780/983 1082/769/970 1094/779/982
f 1095/780/983 1094/779/982 1096/781/984
f 1096/781/985 1097/782/986 1099/783/987
f 1096/781/985 1098/784/988 1097/782/986
f 1100/785/989 1096/781/985 1099/783/987
f 1101/786/990 1103/787/991 1100/785/989
f 1102/788/992 1101/786/990 1100/785/989
f 1102/788/992 1100/785/989 1099/783/987
f 1104/789/993 1102/788/992 1105/790/994
f 1104/789/993 1101/786/990 1102/788/992
f 1105/790/994 1102/788/992 1106/791/995
f 1106/791/995 1102/788/992 1099/783/987
f 1105/790/994 1106/791/995 1107/792/996
f 1106/791/995 1099/783/987 1108/793/997
f 1107/792/996 1106/791/995 1108/793/997
f 1108/793/997 1109/794/998 1110/795/999
f 1108/793/997 1111/796/1000 1109/794/998
f 1107/792/996 1108/793/997 1110/795/999
f 1099/783/987 1112/797/1001 1108/793/997
f 1112/797/1001 1111/796/1000 1108/793/997
f 1099/783/987 1097/782/986 1112/797/1001
f 1112/797/1001 1113/798/1002 1111/796/1000
f 1113/798/1002 1114/799/1003 1111/796/1000
f 1113/798/1002 1115/775/1004 1114/799/1003
f 1115/775/1004 1116/800/1005 1114/799/1003
f 1117/801/1006 1118/802/1007 1116/800/1005
f 1116/800/1005 1118/802/1007 1119/803/1008
f 1116/800/1005 1119/803/1008 1114/799/1003
f 1120/804/1009 1121/805/1010 1119/803/1008
f 1118/802/1007 1120/804/1009 1119/803/1008
f 1119/803/1008 1121/805/1010 1123/806/1011
f 1119/803/1008 1122/807/1012 1114/799/1003
f 1122/807/1012 1119/803/1008 1123/806/1011
f 1121/805/1010 1124/808/1013 1123/806/1011
f 1114/799/1003 1122/807/1012 1125/809/1014
f 1125/809/1014 1122/807/1012 1126/810/1015
f 1125/809/1014 1126/810/1015 1127/811/1016
f 1114/799/1003 1125/809/1014 1127/811/1016
f 1111/796/1000 1114/799/1003 1127/811/1016
f 1111/796/1000 1127/811/1016 1109/794/998
f 1109/794/998 1127/811/1016 1128/812/1017
f 1129/813/1018 1109/794/998 1128/812/1017
f 1109/794/998 1129/813/1018 1130/814/1019
f 1110/795/999 1109/794/998 1130/814/1019
f 1117/801/1006 1131/815/1020 1118/802/1007
f 1132/816/1021 1131/815/1020 1117/801/1006
f 1079/767/968 1132/816/1021 1117/801/1006
f 1079/767/968 1133/817/1022 1132/816/1021
f 1133/817/1022 1079/767/968 1135/818/1023
f 1134/819/1024 1133/817/1022 1135/818/1023
f 1136/820/1025 1134/819/1024 1135/818/1023
f 1137/821/1026 1136/820/1025 1135/818/1023
f 1079/767/968 1081/768/969 1135/818/1023
f 1135/818/1023 1081/768/969 1082/769/970
f 1135/818/1023 1082/769/970 1095/780/983
f 1137/821/1026 1135/818/1023 1095/780/983
f 1138/822/1027 1107/792/996 1110/795/999
f 1139/823/1028 1107/792/996 1138/822/1027
f 1140/824/1029 1139/823/1028 1138/822/1027
f 1141/825/1030 1142/826/1031 1140/824/1029
f 1142/826/1031 1143/827/1032 1140/824/1029
f 1143/827/1032 1139/823/1028 1140/824/1029
f 1141/825/1030 1144/828/1033 1142/826/1031
f 1139/823/1028 1105/790/994 1107/792/996
f 1146/829/1034 1105/790/994 1139/823/1028
f 1145/827/1035 1146/829/1034 1139/823/1028
f 1146/829/1034 1104/789/993 1105/790/994
f 1147/830/1036 1104/789/993 1146/829/1034
f 1147/830/1036 1146/829/1034 1148/826/1037
f 1148/826/1037 1146/829/1034 1145/827/1035
f 1149/828/1038 1147/830/1036 1148/826/1037
f 1101/786/990 1104/789/993 1147/830/1036
f 1098/784/988 1150/831/1039 1097/782/986
f 1097/782/986 1150/831/1039 1151/832/1040
f 1152/833/1041 1154/834/1042 1153/835/1043
f 1154/834/1042 1152/833/1041 1155/836/1044
f 1155/836/1044 1152/833/1041 1156/837/1045
f 1155/836/1044 1156/837/1045 1157/838/1046
f 1156/837/1045 1158/839/1047 1157/838/1046
f 1159/837/1048 1160/840/1049 1158/839/1047
f 1158/839/1047 1160/840/1049 1163/841/1050
f 1158/839/1047 1161/842/1051 1157/838/1046
f 1161/842/1051 1158/839/1047 1162/843/1052
f 1162/843/1052 1158/839/1047 1163/841/1050
f 1162/843/1052 1163/841/1050 1164/844/1053
f 1165/845/1054 1162/843/1052 1164/844/1053
f 1161/842/1051 1166/846/1055 1168/847/1056
f 1161/842/1051 1167/848/1057 1166/846/1055
f 1157/838/1046 1161/842/1051 1168/847/1056
f 1157/838/1046 1168/847/1056 1169/849/1058
f 1169/849/1058 1168/847/1056 1170/850/1024
f 1160/840/1049 1159/837/1048 1171/851/1059
f 1159/837/1048 1172/833/1060 1171/851/1059
f 1171/851/1059 1172/833/1060 1173/852/1061
f 1173/852/1061 1172/833/1060 1174/853/1062
f 1174/853/1062 1153/835/1043 1175/854/1063
f 1172/833/1060 1153/835/1043 1174/853/1062
f 1175/854/1063 1176/855/1064 1177/856/1065
f 1178/857/1066 1176/855/1064 1175/854/1063
f 1153/835/1043 1178/857/1066 1175/854/1063
f 1178/857/1066 1154/834/1042 1179/858/1067
f 1153/835/1043 1154/834/1042 1178/857/1066
f 1178/857/1066 1179/858/1067 1181/859/1068
f 1176/855/1064 1178/857/1066 1180/859/1069
f 1182/860/1070 1176/855/1064 1180/859/1069
f 1183/861/1071 1182/860/1070 1180/859/1069
f 1177/856/1065 1176/855/1064 1182/860/1070
f 1177/856/1065 1182/860/1070 1184/862/1072
f 1182/860/1070 1185/861/1073 1184/862/1072
f 1186/863/1074 1177/856/1065 1184/862/1072
f 1187/854/1075 1177/856/1065 1186/863/1074
f 1179/858/1067 1154/834/1042 1188/864/1076
f 1188/864/1076 1154/834/1042 1189/836/1077
f 1190/865/1078 1192/866/1078 1191/867/1078
f 1193/868/1079 1195/869/1079 1194/870/1079
f 1196/870/1080 1197/871/1081 1199/872/1082
f 1196/870/1080 1198/869/1083 1197/871/1081
f 1200/866/1084 1202/865/1084 1201/873/1084
f 1203/865/1085 1205/867/1085 1204/873/1085
f 1206/874/1086 1208/868/1087 1207/875/1087
f 1209/868/1088 1211/870/1089 1210/875/1090
f 1210/875/1090 1211/870/1089 1212/876/1091
f 1213/876/1092 1214/872/1093 1216/877/1094
f 1213/876/1092 1215/870/1095 1214/872/1093
f 1217/872/1096 1219/871/1096 1218/878/1097
f 1220/874/1098 1222/875/1098 1221/879/1098
f 1223/880/1099 1225/881/1100 1224/882/1101
f 1226/879/1100 1228/875/1102 1227/883/1101
f 1229/875/1103 1231/876/1104 1230/883/1103
f 1232/883/1105 1234/876/1105 1233/877/1105
f 1235/872/1106 1237/878/1107 1236/877/1108
f 1238/878/1109 1240/884/1109 1239/877/1109
f 1241/848/1110 1243/885/1110 1242/846/1110
f 1244/886/1111 1246/880/1112 1245/887/1113
f 1247/887/1114 1249/880/1115 1248/888/1116
f 1248/888/1116 1249/880/1115 1250/889/1117
f 1251/880/1118 1253/882/1118 1252/889/1118
f 1254/889/1119 1256/882/1119 1255/890/1119
f 1257/890/1120 1259/882/1120 1258/891/1120
f 1260/882/1121 1262/892/1122 1261/891/1123
f 1263/848/1124 1265/842/1125 1264/893/1126
f 1264/893/1126 1265/842/1125 1266/843/1127
f 1267/841/1128 1269/840/1129 1268/894/1130
f 1268/894/1130 1269/840/1129 1270/851/1131
f 1268/894/1130 1270/851/1131 1271/895/1132
f 1270/851/1131 1272/852/1133 1271/895/1132
f 1271/895/1132 1272/852/1133 1273/896/1134
f 1272/852/1133 1274/853/1135 1273/896/1134
f 1273/896/1134 1274/853/1135 1275/897/1136
f 1274/853/1135 1276/854/1137 1275/897/1136
f 1275/897/1136 1276/854/1137 1277/898/1138
f 1277/898/1138 1276/854/1137 1278/863/1139
f 1279/899/1068 1280/900/1140 1283/901/1141
f 1279/899/1068 1281/902/1067 1280/900/1140
f 1282/903/1142 1279/899/1068 1283/901/1141
f 1283/901/1141 1280/900/1140 1284/904/1143
f 1283/901/1141 1284/904/1143 1286/905/1144
f 1285/903/1145 1283/901/1141 1286/905/1144
f 1287/906/1146 1285/903/1145 1286/905/1144
f 1286/905/1144 1284/904/1143 1288/907/1147
f 1286/905/1144 1288/907/1147 1290/908/1148
f 1289/909/1149 1286/905/1144 1290/908/1148
f 1290/908/1148 1288/907/1147 1291/910/1150
f 1292/911/1151 1293/912/1152 1289/909/1153
f 1280/900/1140 1294/913/1154 1284/904/1143
f 1280/900/1140 1281/902/1067 1294/913/1154
f 1295/914/1155 1297/915/1076 1296/916/1154
f 1296/916/1154 1297/915/1076 1298/917/1156
f 1298/917/1156 1297/915/1076 1299/918/1157
f 1297/915/1076 1300/919/1158 1299/918/1157
f 1299/918/1157 1300/919/1158 1301/920/1046
f 1299/918/1157 1301/920/1046 1302/921/1025
f 1303/922/1159 1302/921/1025 1304/923/1160
f 1303/922/1159 1299/918/1157 1302/921/1025
f 1306/924/1161 1303/922/1159 1304/923/1160
f 1305/925/1162 1306/924/1161 1304/923/1160
f 1308/926/1163 1307/927/1164 1306/924/1161
f 1308/926/1163 1306/924/1161 1310/928/1165
f 1306/924/1161 1309/929/1166 1303/922/1159
f 1310/928/1165 1306/924/1161 1305/925/1162
f 1311/930/1167 1310/928/1165 1312/931/1168
f 1311/930/1167 1308/926/1163 1310/928/1165
f 1310/928/1165 1305/925/1162 1312/931/1168
f 1309/929/1166 1313/932/1169 1303/922/1159
f 1313/932/1169 1298/917/1156 1303/922/1159
f 1314/933/1170 1313/932/1169 1315/934/1171
f 1316/935/1172 1313/932/1169 1314/933/1170
f 1296/916/1154 1298/917/1156 1313/932/1169
f 1316/935/1172 1296/916/1154 1313/932/1169
f 1317/936/1173 1296/916/1154 1316/935/1172
f 1317/936/1173 1316/935/1172 1318/937/1174
f 1318/937/1174 1316/935/1172 1314/933/1170
f 1319/938/1175 1318/937/1174 1320/939/1176
f 1319/938/1175 1317/936/1173 1318/937/1174
f 1318/937/1174 1314/933/1170 1321/940/1177
f 1320/939/1176 1318/937/1174 1321/940/1177
f 1320/939/1176 1321/940/1177 1323/941/1178
f 1321/940/1177 1322/942/1179 1323/941/1178
f 1321/940/1177 1314/933/1170 1322/942/1179
f 1324/943/1180 1320/939/1176 1323/941/1178
f 1324/943/1180 1323/941/1178 1327/944/1181
f 1322/942/1179 1330/945/1182 1323/941/1178
f 1323/941/1178 1325/946/1183 1326/947/1184
f 1330/945/1182 1325/946/1183 1323/941/1178
f 1323/941/1178 1326/947/1184 1329/948/1185
f 1323/941/1178 1328/949/1186 1327/944/1181
f 1328/949/1186 1323/941/1178 1329/948/1185
f 1322/942/1179 1331/950/1187 1330/945/1182
f 1331/950/1187 1322/942/1179 1332/951/1188
f 1332/951/1188 1322/942/1179 1333/952/1189
f 1332/951/1188 1333/952/1189 1335/953/989
f 1334/954/991 1332/951/1188 1335/953/989
f 1333/952/1189 1336/955/1190 1335/953/989
f 1336/955/1190 1337/931/1191 1335/953/989
f 1335/953/989 1337/931/1191 1338/956/985
f 1337/931/1191 1339/957/1192 1338/956/985
f 1315/934/1171 1340/930/1193 1337/931/1191
f 1336/955/1190 1315/934/1171 1337/931/1191
f 1315/934/1171 1341/926/1194 1340/930/1193
f 1333/952/1189 1314/933/1170 1336/955/1190
f 1314/933/1170 1315/934/1171 1336/955/1190
f 1322/942/1179 1314/933/1170 1333/952/1189
f 1326/947/1184 1342/958/1195 1329/948/1185
f 1343/959/1196 1324/943/1180 1327/944/1181
f 1327/944/1181 1345/948/1197 1344/960/1198
f 1346/961/1199 1320/939/1176 1324/943/1180
f 1346/961/1199 1319/938/1175 1320/939/1176
f 1347/962/1200 1317/936/1173 1319/938/1175
f 1348/932/1201 1307/927/1164 1308/926/1163
f 1298/917/1156 1299/918/1157 1303/922/1159
f 1349/963/1202 1351/964/1203 1350/965/1204
f 1351/964/1203 1349/963/1202 1352/966/1205
f 1352/966/1205 1349/963/1202 1353/967/1206
f 1351/964/1203 1354/968/1207 1350/965/1204
f 1354/968/1207 1351/964/1203 1355/966/1208
f 1356/969/1209 1358/965/1210 1357/970/1209
f 1359/965/1211 1361/968/1212 1360/970/1212
f 1362/970/1213 1363/971/1214 1367/972/1215
f 1362/970/1213 1364/968/1216 1363/971/1214
f 1365/969/1217 1362/970/1213 1366/973/1218
f 1366/973/1218 1362/970/1213 1367/972/1215
f 1367/972/1215 1363/971/1214 1368/974/1219
f 1366/973/1218 1367/972/1215 1369/975/1220
f 1367/972/1215 1368/974/1219 1370/976/1221
f 1369/975/1220 1367/972/1215 1370/976/1221
f 1368/974/1219 1374/977/1222 1370/976/1221
f 1370/976/1221 1371/978/1223 1373/979/1224
f 1370/976/1221 1375/977/1225 1371/978/1223
f 1372/980/1226 1370/976/1221 1373/979/1224
f 1369/975/1220 1370/976/1221 1372/980/1226
f 1375/977/1225 1376/981/1227 1371/978/1223
f 1375/977/1225 1377/982/1228 1376/981/1227
f 1378/983/1229 1377/982/1228 1368/974/1219
f 1377/982/1228 1378/983/1229 1379/984/1230
f 1377/982/1228 1379/984/1230 1376/981/1227
f 1368/974/1219 1377/982/1228 1374/977/1222
f 1379/984/1230 1381/888/1231 1380/985/1232
f 1378/983/1229 1381/888/1231 1379/984/1230
f 1382/887/1233 1381/888/1231 1378/983/1229
f 1383/886/1234 1382/887/1233 1378/983/1229
f 1363/971/1214 1383/886/1234 1378/983/1229
f 1384/986/1235 1383/886/1234 1363/971/1214
f 1385/987/1236 1384/986/1235 1363/971/1214
f 1384/986/1235 1385/987/1236 1386/988/1024
f 1386/988/1024 1385/987/1236 1387/989/1022
f 1385/987/1236 1364/968/1216 1387/989/1022
f 1387/989/1022 1364/968/1216 1388/966/1237
f 1364/968/1216 1385/987/1236 1363/971/1214
f 1363/971/1214 1378/983/1229 1368/974/1219
f 1389/990/1238 1366/973/1218 1391/991/1239
f 1389/990/1238 1390/992/1240 1366/973/1218
f 1390/992/1240 1365/969/1217 1366/973/1218
f 1392/993/1241 1389/990/1238 1391/991/1239
f 1393/994/1242 1392/993/1241 1391/991/1239
f 1394/995/1243 1389/990/1238 1392/993/1241
f 1390/992/1240 1389/990/1238 1394/995/1243
f 1395/996/1244 1396/997/1245 1402/998/1246
f 1395/996/1244 1397/999/1247 1396/997/1245
f 1397/999/1247 1395/996/1244 1398/1000/1248
f 1398/1000/1248 1395/996/1244 1399/1001/1249
f 1399/1001/1249 1395/996/1244 1400/1002/1250
f 1400/1002/1250 1395/996/1244 1401/998/1251
f 1403/845/1252 1405/844/1253 1402/998/1246
f 1396/997/1245 1403/845/1252 1402/998/1246
f 1402/998/1246 1405/844/1253 1404/1003/1254
f 1405/844/1253 1406/1004/1255 1404/1003/1254
f 1405/844/1253 1407/841/1256 1406/1004/1255
f 1406/1004/1255 1407/841/1256 1408/1005/1257
f 1407/841/1256 1409/894/1258 1408/1005/1257
f 1408/1005/1257 1409/894/1258 1410/895/1259
f 1400/1002/1250 1401/998/1251 1411/1006/1260
f 1401/998/1251 1412/1003/1261 1411/1006/1260
f 1412/1003/1261 1413/1007/1262 1411/1006/1260
f 1412/1003/1261 1414/1004/1263 1413/1007/1262
f 1414/1004/1263 1415/1005/1264 1413/1007/1262
f 1413/1007/1262 1415/1005/1264 1416/1008/1265
f 1415/1005/1264 1417/895/1266 1416/1008/1265
f 1418/1009/1267 1417/895/1266 1419/1010/1268
f 1416/1008/1265 1417/895/1266 1418/1009/1267
f 1417/895/1266 1420/896/1269 1419/1010/1268
f 1420/896/1269 1421/897/1270 1419/1010/1268
f 1419/1010/1268 1421/897/1270 1422/1011/1271
f 1421/897/1270 1423/898/1272 1422/1011/1271
f 1422/1011/1271 1423/898/1272 1424/1012/1273
f 1423/898/1272 1425/863/1274 1424/1012/1273
f 1425/863/1274 1426/862/1275 1424/1012/1273
f 1422/1011/1271 1424/1012/1273 1427/1013/1276
f 1427/1013/1276 1424/1012/1273 1428/1014/1277
f 1427/1013/1276 1428/1014/1277 1429/1015/1278
f 1429/1015/1278 1428/1014/1277 1430/1016/1279
f 1430/1016/1279 1428/1014/1277 1431/1017/1280
f 1430/1016/1279 1431/1017/1280 1432/1018/1281
f 1433/1019/1282 1429/1015/1278 1432/1018/1281
f 1434/1020/1283 1433/1019/1282 1432/1018/1281
f 1429/1015/1278 1430/1016/1279 1432/1018/1281
f 1434/1020/1283 1432/1018/1281 1435/1021/1284
f 1436/1022/1285 1434/1020/1283 1435/1021/1284
f 1437/1023/1286 1436/1022/1285 1435/1021/1284
f 1437/1023/1286 1435/1021/1284 1438/1024/1287
f 1440/1025/1288 1438/1024/1287 1439/1026/1289
f 1440/1025/1288 1437/1023/1286 1438/1024/1287
f 1441/1027/1290 1440/1025/1288 1439/1026/1289
f 1441/1027/1290 1442/1028/1291 1440/1025/1288
f 1443/1029/1292 1446/1030/1293 1440/1025/1288
f 1444/1031/1294 1443/1029/1292 1440/1025/1288
f 1445/1032/1295 1437/1023/1286 1440/1025/1288
f 1446/1030/1293 1445/1032/1295 1440/1025/1288
f 1447/1033/1296 1446/1030/1293 1448/1034/1297
f 1448/1034/1297 1446/1030/1293 1449/1035/1298
f 1449/1035/1298 1446/1030/1293 1443/1029/1292
f 1449/1035/1298 1443/1029/1292 1450/1036/1299
f 1450/1036/1299 1451/1037/1300 1453/1038/1301
f 1450/1036/1299 1443/1029/1292 1451/1037/1300
f 1452/1039/1302 1450/1036/1299 1453/1038/1301
f 1453/1038/1301 1451/1037/1300 1454/1040/1303
f 1452/1039/1302 1453/1038/1301 1455/1041/1304
f 1453/1038/1301 1454/1040/1303 1456/1042/1305
f 1455/1041/1304 1453/1038/1301 1456/1042/1305
f 1455/1041/1304 1456/1042/1305 1458/1043/1306
f 1456/1042/1305 1457/1044/1307 1458/1043/1306
f 1456/1042/1305 1460/1045/1308 1457/1044/1307
f 1459/1046/1309 1460/1045/1308 1456/1042/1305
f 1454/1040/1303 1459/1046/1309 1456/1042/1305
f 1459/1046/1309 1439/1026/1289 1460/1045/1308
f 1461/1047/1310 1462/1048/1311 1459/1046/1309
f 1462/1048/1311 1439/1026/1289 1459/1046/1309
f 1461/1047/1310 1443/1029/1292 1462/1048/1311
f 1462/1048/1311 1441/1027/1290 1439/1026/1289
f 1443/1029/1292 1444/1031/1294 1462/1048/1311
f 1451/1037/1300 1443/1029/1292 1461/1047/1310
f 1463/1049/1312 1455/1041/1304 1458/1043/1306
f 1463/1049/1312 1464/1050/1313 1455/1041/1304
f 1465/1051/1314 1467/1052/1315 1464/1050/1313
f 1464/1050/1313 1466/1053/1316 1455/1041/1304
f 1467/1052/1315 1466/1053/1316 1464/1050/1313
f 1466/1053/1316 1467/1052/1315 1468/1054/1317
f 1469/1055/1318 1466/1053/1316 1468/1054/1317
f 1470/410/1319 1469/1055/1318 1468/1054/1317
f 1470/410/1319 1468/1054/1317 1471/411/1320
f 1472/409/1321 1469/1055/1318 1470/410/1319
f 1473/416/1322 1469/1055/1318 1472/409/1321
f 1474/1056/1323 1475/1057/1324 1473/416/1322
f 1476/415/1325 1474/1056/1323 1473/416/1322
f 1475/1057/1324 1477/1058/1326 1473/416/1322
f 1477/1058/1326 1478/1059/1327 1473/416/1322
f 1473/416/1322 1478/1059/1327 1469/1055/1318
f 1479/413/1328 1474/1056/1323 1476/415/1325
f 1480/1060/1329 1474/1056/1323 1479/413/1328
f 1481/1061/1330 1480/1060/1329 1479/413/1328
f 1482/1062/1331 1483/1063/1332 1481/1061/1330
f 1481/1061/1330 1483/1063/1332 1480/1060/1329
f 1484/1064/1333 1486/1065/1334 1483/1063/1332
f 1482/1062/1331 1484/1064/1333 1483/1063/1332
f 1483/1063/1332 1485/1066/1335 1488/1067/1336
f 1487/1068/1337 1485/1066/1335 1483/1063/1332
f 1486/1065/1334 1487/1068/1337 1483/1063/1332
f 1483/1063/1332 1488/1067/1336 1480/1060/1329
f 1485/1066/1335 1489/1069/1338 1488/1067/1336
f 1488/1067/1336 1490/1070/1339 1480/1060/1329
f 1490/1070/1339 1491/1071/1340 1492/1072/1341
f 1493/1073/1342 1491/1071/1340 1490/1070/1339
f 1490/1070/1339 1492/1072/1341 1475/1057/1324
f 1480/1060/1329 1490/1070/1339 1475/1057/1324
f 1494/1074/1343 1495/1075/1344 1493/1073/1342
f 1495/1075/1344 1496/1076/1345 1493/1073/1342
f 1493/1073/1342 1496/1076/1345 1491/1071/1340
f 1495/1075/1344 1497/754/1346 1496/1076/1345
f 1496/1076/1345 1498/1077/1347 1491/1071/1340
f 1498/1077/1347 1499/1078/1348 1501/1079/1349
f 1498/1077/1347 1500/1080/1350 1499/1078/1348
f 1491/1071/1340 1498/1077/1347 1501/1079/1349
f 1502/1081/1351 1491/1071/1340 1501/1079/1349
f 1501/1079/1349 1499/1078/1348 1503/1082/1352
f 1501/1079/1349 1503/1082/1352 1504/1083/1353
f 1503/1082/1352 1505/1084/1354 1504/1083/1353
f 1505/1084/1354 1508/1085/1355 1504/1083/1353
f 1504/1083/1353 1448/1034/1297 1507/1086/1356
f 1504/1083/1353 1508/1085/1355 1448/1034/1297
f 1506/1087/1357 1504/1083/1353 1507/1086/1356
f 1436/1022/1285 1509/1088/1358 1508/1085/1355
f 1508/1085/1355 1509/1088/1358 1447/1033/1296
f 1508/1085/1355 1447/1033/1296 1448/1034/1297
f 1509/1088/1358 1436/1022/1285 1437/1023/1286
f 1510/1089/1359 1507/1086/1356 1469/1055/1318
f 1510/1089/1359 1506/1087/1357 1507/1086/1356
f 1469/1055/1318 1507/1086/1356 1452/1039/1302
f 1511/1090/1360 1512/1091/1361 1510/1089/1359
f 1512/1091/1361 1513/1092/1362 1510/1089/1359
f 1513/1092/1362 1506/1087/1357 1510/1089/1359
f 1514/1093/1363 1515/1094/1364 1513/1092/1362
f 1512/1091/1361 1514/1093/1363 1513/1092/1362
f 1515/1094/1364 1518/1095/1365 1513/1092/1362
f 1516/1096/1366 1513/1092/1362 1517/1083/1367
f 1513/1092/1362 1519/1097/1368 1517/1083/1367
f 1518/1095/1365 1519/1097/1368 1513/1092/1362
f 1519/1097/1368 1518/1095/1365 1520/1098/1369
f 1519/1097/1368 1520/1098/1369 1517/1083/1367
f 1520/1098/1369 1521/1099/1370 1522/1079/1371
f 1518/1095/1365 1521/1099/1370 1520/1098/1369
f 1520/1098/1369 1523/1079/1372 1517/1083/1367
f 1521/1099/1370 1524/1081/1373 1522/1079/1371
f 1521/1099/1370 1525/1100/1374 1524/1081/1373
f 1525/1100/1374 1521/1099/1370 1518/1095/1365
f 1526/1101/1375 1525/1100/1374 1518/1095/1365
f 1527/1102/1376 1526/1101/1375 1528/1072/1377
f 1527/1102/1376 1530/1100/1378 1526/1101/1375
f 1526/1101/1375 1515/1094/1364 1529/1103/1379
f 1515/1094/1364 1526/1101/1375 1518/1095/1365
f 1528/1072/1377 1526/1101/1375 1529/1103/1379
f 1531/1081/1380 1530/1100/1378 1527/1102/1376
f 1529/1103/1379 1515/1094/1364 1532/1104/1381
f 1528/1072/1377 1529/1103/1379 1533/1057/1382
f 1529/1103/1379 1532/1104/1381 1535/1058/1383
f 1534/1057/1384 1529/1103/1379 1535/1058/1383
f 1535/1058/1383 1532/1104/1381 1536/1105/1385
f 1536/1105/1385 1514/1093/1363 1511/1090/1360
f 1532/1104/1381 1514/1093/1363 1536/1105/1385
f 1536/1105/1385 1511/1090/1360 1537/1055/1386
f 1538/1059/1387 1536/1105/1385 1537/1055/1386
f 1538/1059/1387 1539/1058/1388 1536/1105/1385
f 1532/1104/1381 1515/1094/1364 1514/1093/1363
f 1514/1093/1363 1512/1091/1361 1511/1090/1360
f 1491/1071/1340 1502/1081/1351 1540/1102/1389
f 1491/1071/1340 1540/1102/1389 1492/1072/1341
f 1500/1080/1350 1541/1106/1390 1499/1078/1348
f 1541/1106/1390 1542/1107/1391 1499/1078/1348
f 1541/1106/1390 1543/1108/1392 1542/1107/1391
f 1544/757/1393 1543/1108/1392 1541/1106/1390
f 1543/1108/1392 1544/757/1393 1545/1109/1394
f 1544/757/1393 1546/1110/1395 1545/1109/1394
f 1545/1109/1394 1546/1110/1395 1547/758/1396
f 1548/1111/1397 1549/1112/1398 1545/1109/1394
f 1550/1113/1399 1548/1111/1397 1545/1109/1394
f 1549/1112/1398 1543/1108/1392 1545/1109/1394
f 1550/1113/1399 1545/1109/1394 1495/1075/1344
f 1545/1109/1394 1551/758/1400 1495/1075/1344
f 1555/1114/1401 1548/1111/1397 1550/1113/1399
f 1552/1115/1402 1555/1114/1401 1550/1113/1399
f 1554/1116/1403 1552/1115/1402 1550/1113/1399
f 1553/1117/1404 1550/1113/1399 1495/1075/1344
f 1553/1117/1404 1554/1116/1403 1550/1113/1399
f 1413/1007/1262 1416/1008/1265 1555/1114/1401
f 1411/1006/1260 1413/1007/1262 1555/1114/1401
f 1411/1006/1260 1555/1114/1401 1556/1118/1405
f 1555/1114/1401 1416/1008/1265 1548/1111/1397
f 1555/1114/1401 1552/1115/1402 1556/1118/1405
f 1556/1118/1405 1552/1115/1402 1557/1119/1406
f 1556/1118/1405 1557/1119/1406 1558/1120/1407
f 1560/1121/1408 1556/1118/1405 1558/1120/1407
f 1559/1122/1409 1411/1006/1260 1556/1118/1405
f 1560/1121/1408 1559/1122/1409 1556/1118/1405
f 1561/1123/1410 1559/1122/1409 1560/1121/1408
f 1561/1123/1410 1560/1121/1408 1562/1124/1411
f 1562/1124/1411 1560/1121/1408 1558/1120/1407
f 1562/1124/1411 1558/1120/1407 1563/1125/1412
f 1558/1120/1407 1564/1126/1413 1563/1125/1412
f 1563/1125/1412 1564/1126/1413 1565/1127/1414
f 1563/1125/1412 1565/1127/1414 1566/1128/1415
f 1566/1128/1415 1565/1127/1414 1567/1129/1416
f 1565/1127/1414 1568/1130/1417 1567/1129/1416
f 1568/1130/1417 1569/1131/1418 1567/1129/1416
f 1569/1131/1418 1568/1130/1417 1570/1132/1419
f 1570/1132/1419 1484/1064/1333 1482/1062/1331
f 1570/1132/1419 1568/1130/1417 1484/1064/1333
f 1565/1127/1414 1572/1133/1420 1568/1130/1417
f 1568/1130/1417 1571/1134/1421 1484/1064/1333
f 1573/1135/1422 1571/1134/1421 1568/1130/1417
f 1572/1133/1420 1573/1135/1422 1568/1130/1417
f 1573/1135/1422 1572/1133/1420 1574/1136/1423
f 1572/1133/1420 1575/1137/1424 1574/1136/1423
f 1575/1137/1424 1576/1138/1425 1574/1136/1423
f 1574/1136/1423 1576/1138/1425 1577/1139/1426
f 1574/1136/1423 1577/1139/1426 1484/1064/1333
f 1571/1134/1421 1574/1136/1423 1484/1064/1333
f 1578/1140/1427 1579/1141/1428 1577/1139/1426
f 1576/1138/1425 1578/1140/1427 1577/1139/1426
f 1484/1064/1333 1577/1139/1426 1486/1065/1334
f 1578/1140/1427 1580/1142/1429 1579/1141/1428
f 1554/1116/1403 1580/1142/1429 1578/1140/1427
f 1581/1143/1430 1580/1142/1429 1553/1117/1404
f 1580/1142/1429 1554/1116/1403 1553/1117/1404
f 1581/1143/1430 1553/1117/1404 1495/1075/1344
f 1582/1144/1431 1581/1143/1430 1495/1075/1344
f 1494/1074/1343 1582/1144/1431 1495/1075/1344
f 1557/1119/1406 1554/1116/1403 1578/1140/1427
f 1583/1145/1432 1575/1137/1424 1572/1133/1420
f 1583/1145/1432 1584/1146/1433 1575/1137/1424
f 1585/1147/1434 1584/1146/1433 1583/1145/1432
f 1584/1146/1433 1585/1147/1434 1586/1140/1435
f 1585/1147/1434 1587/1148/1436 1589/1140/1437
f 1585/1147/1434 1588/1149/1438 1587/1148/1436
f 1588/1149/1438 1585/1147/1434 1583/1145/1432
f 1587/1148/1436 1588/1149/1438 1590/1119/1439
f 1564/1126/1413 1572/1133/1420 1565/1127/1414
f 1558/1120/1407 1591/1150/1440 1564/1126/1413
f 1591/1150/1440 1592/1145/1441 1564/1126/1413
f 1564/1126/1413 1592/1145/1441 1593/1133/1442
f 1591/1150/1440 1594/1149/1443 1592/1145/1441
f 1557/1119/1406 1594/1149/1443 1591/1150/1440
f 1557/1119/1406 1591/1150/1440 1558/1120/1407
f 1595/1151/1444 1559/1122/1409 1596/1123/1445
f 1595/1151/1444 1399/1001/1249 1559/1122/1409
f 1399/1001/1249 1400/1002/1250 1559/1122/1409
f 1559/1122/1409 1400/1002/1250 1411/1006/1260
f 1597/1152/1446 1595/1151/1444 1596/1123/1445
f 1552/1115/1402 1554/1116/1403 1557/1119/1406
f 1548/1111/1397 1598/1009/1447 1549/1112/1398
f 1598/1009/1447 1599/1010/1448 1549/1112/1398
f 1599/1010/1448 1422/1011/1271 1549/1112/1398
f 1543/1108/1392 1549/1112/1398 1427/1013/1276
f 1549/1112/1398 1422/1011/1271 1427/1013/1276
f 1416/1008/1265 1598/1009/1447 1548/1111/1397
f 1543/1108/1392 1427/1013/1276 1429/1015/1278
f 1542/1107/1391 1543/1108/1392 1429/1015/1278
f 1600/1153/1449 1542/1107/1391 1429/1015/1278
f 1601/1154/1450 1600/1153/1449 1429/1015/1278
f 1433/1019/1282 1601/1154/1450 1429/1015/1278
f 1602/758/1451 1497/754/1346 1495/1075/1344
f 1485/1066/1335 1603/1155/1452 1489/1069/1338
f 1604/1156/1453 1603/1155/1452 1605/1065/1454
f 1603/1155/1452 1606/1157/1455 1605/1065/1454
f 1606/1157/1455 1603/1155/1452 1485/1066/1335
f 1607/1158/1456 1604/1156/1453 1605/1065/1454
f 1608/1159/1457 1607/1158/1456 1605/1065/1454
f 1607/1158/1456 1609/1160/1458 1604/1156/1453
f 1474/1056/1323 1480/1060/1329 1475/1057/1324
f 1466/1053/1316 1469/1055/1318 1452/1039/1302
f 1466/1053/1316 1452/1039/1302 1455/1041/1304
f 1398/1000/1248 1399/1001/1249 1610/1151/1459
f 1611/1161/1460 1610/1151/1459 1612/1152/1461
f 1611/1161/1460 1398/1000/1248 1610/1151/1459
f 1613/1162/1462 1611/1161/1460 1612/1152/1461
f 1614/888/1463 1616/889/1463 1615/985/1463
f 1617/889/1464 1619/890/1465 1618/985/1464
f 1620/997/1466 1622/1163/1466 1621/845/1466
f 1623/1163/1467 1625/893/1467 1624/845/1467
f 1626/893/1468 1628/843/1468 1627/845/1468
f 1629/1164/1469 1631/1165/1469 1630/1166/1469
f 1632/1166/1470 1634/1165/1470 1633/1167/1470
f 1635/1168/1471 1636/1169/1472 1639/1170/1473
f 1635/1168/1471 1637/1171/1474 1636/1169/1472
f 1637/1171/1474 1635/1168/1471 1638/1172/1475
f 1640/1173/1476 1638/1172/1475 1644/1174/1277
f 1640/1173/1476 1641/1175/1477 1638/1172/1475
f 1641/1175/1477 1637/1171/1474 1638/1172/1475
f 1638/1172/1475 1642/1176/1478 1645/1177/1479
f 1638/1172/1475 1643/1168/1480 1642/1176/1478
f 1644/1174/1277 1638/1172/1475 1645/1177/1479
f 1644/1174/1277 1645/1177/1479 1646/1178/1280
f 1646/1178/1280 1647/1179/1481 1648/1180/1482
f 1647/1179/1481 1649/1181/1483 1648/1180/1482
f 1647/1179/1481 1650/1182/1484 1649/1181/1483
f 1651/1176/1485 1650/1182/1484 1652/1177/1486
f 1652/1177/1486 1650/1182/1484 1647/1179/1481
f 1652/1177/1486 1647/1179/1481 1653/1178/1487
f 1654/1183/1488 1655/1175/1489 1640/1173/1273
f 1656/1184/1490 1657/1185/1491 1660/906/1492
f 1656/1184/1490 1658/1167/1493 1657/1185/1491
f 1659/1186/1494 1656/1184/1490 1660/906/1492
f 1659/1186/1494 1660/906/1492 1661/1187/1495
f 1662/1167/1496 1664/1165/1497 1663/1185/1498
f 1663/1185/1498 1664/1165/1497 1665/903/1499
f 1666/1165/1071 1668/899/1500 1667/903/1501
f 1669/929/1502 1671/927/1502 1670/932/1502
f 1672/927/1503 1674/929/1503 1673/924/1503
f 1675/815/1504 1677/816/1504 1676/1188/1504
f 1678/1188/1505 1679/1189/1206 1681/802/1506
f 1678/1188/1505 1680/816/1205 1679/1189/1206
f 1682/967/1507 1684/963/1508 1683/992/1509
f 1684/963/1508 1685/965/1510 1683/992/1509
f 1685/965/1510 1686/969/1511 1683/992/1509
f 1687/1168/1512 1689/1190/1513 1688/1176/1514
f 1689/1190/1513 1687/1168/1512 1690/1191/1515
f 1691/1192/1516 1692/1193/1517 1690/1191/1515
f 1692/1193/1517 1689/1190/1513 1690/1191/1515
f 1693/1176/1518 1695/1190/1519 1694/1182/1520
f 1694/1182/1520 1695/1190/1519 1696/1194/1521
f 1695/1190/1519 1697/1193/1522 1696/1194/1521
f 1698/1194/1523 1699/1195/1524 1702/1181/1525
f 1698/1194/1523 1700/1193/1526 1699/1195/1524
f 1701/1182/1527 1698/1194/1523 1702/1181/1525
f 1699/1195/1524 1700/1193/1526 1703/1196/1528
f 1704/1196/1529 1706/1193/1530 1705/1192/1530
f 1707/1191/1531 1708/1197/1532 1711/1198/1533
f 1707/1191/1531 1709/1168/1534 1708/1197/1532
f 1710/1192/1535 1707/1191/1531 1711/1198/1533
f 1712/1197/1536 1714/1199/1536 1713/1200/1536
f 1715/1200/1537 1717/1199/1538 1716/1201/1539
f 1716/1201/1539 1717/1199/1538 1718/1170/1540
f 1717/1199/1538 1719/1197/1541 1718/1170/1540
f 1720/1197/1542 1722/1168/1542 1721/1170/1542
f 1723/1185/1543 1725/903/1544 1724/906/1544
f 1726/1202/1545 1728/906/1546 1727/1203/1547
f 1728/906/1546 1729/1204/1548 1727/1203/1547
f 1730/1204/1549 1732/1205/1550 1731/1203/1551
f 1731/1203/1551 1732/1205/1550 1733/1206/1552
f 1734/1207/1553 1736/1208/1553 1735/1209/1553
f 1737/1209/1554 1738/1210/1555 1740/1211/1556
f 1737/1209/1554 1739/1208/1557 1738/1210/1555
f 1740/1211/1556 1738/1210/1555 1741/1212/1558
f 1740/1211/1556 1741/1212/1558 1742/1213/1559
f 1741/1212/1558 1743/1214/1560 1742/1213/1559
f 1744/1210/1561 1745/1215/1562 1749/1216/1563
f 1744/1210/1561 1746/1208/1564 1745/1215/1562
f 1747/1212/1565 1744/1210/1561 1748/1217/1566
f 1748/1217/1566 1744/1210/1561 1749/1216/1563
f 1748/1217/1566 1749/1216/1563 1753/1218/1567
f 1750/1219/1568 1751/1220/1569 1749/1216/1563
f 1749/1216/1563 1751/1220/1569 1752/1221/1570
f 1749/1216/1563 1752/1221/1570 1753/1218/1567
f 1755/1222/1571 1748/1217/1566 1753/1218/1567
f 1754/1223/1572 1755/1222/1571 1753/1218/1567
f 1755/1222/1571 1756/1214/1573 1748/1217/1566
f 1756/1214/1573 1747/1212/1565 1748/1217/1566
f 1757/1208/1574 1759/1207/1574 1758/1215/1574
f 1760/1224/1575 1762/1225/1576 1761/1226/1577
f 1762/1225/1576 1763/1206/1578 1761/1226/1577
f 1763/1206/1578 1764/1205/1579 1761/1226/1577
f 1764/1205/1579 1765/1227/1580 1761/1226/1577
f 1765/1227/1580 1764/1205/1579 1766/912/1581
f 1764/1205/1579 1767/1204/1582 1766/912/1581
f 1768/1226/1583 1770/1227/1584 1769/911/1585
f 1769/911/1585 1770/1227/1584 1771/912/1586
f 1772/912/1587 1774/1204/1587 1773/905/1587
f 1775/1204/1588 1777/906/1589 1776/905/1590
f 1778/932/1591 1780/926/1592 1779/934/1591
f 1781/774/1593 1782/801/1594 1784/800/1595
f 1781/774/1593 1783/765/1596 1782/801/1594
f 1785/765/1597 1787/767/1597 1786/801/1598
f 1788/815/1599 1790/1188/1599 1789/802/1599
f 1791/802/1600 1793/1189/1600 1792/804/1600
f 1794/967/1601 1796/992/1602 1795/995/1603
f 1797/1228/1604 1798/1229/1605 1802/1230/1606
f 1797/1228/1604 1799/1231/1607 1798/1229/1605
f 1800/1232/1608 1797/1228/1604 1801/1233/1609
f 1801/1233/1609 1797/1228/1604 1802/1230/1606
f 1801/1233/1609 1802/1230/1606 1804/1234/1610
f 1802/1230/1606 1798/1229/1605 1803/1235/1611
f 1802/1230/1606 1803/1235/1611 1805/1236/1612
f 1804/1234/1610 1802/1230/1606 1805/1236/1612
f 1804/1234/1610 1805/1236/1612 1807/1237/1613
f 1805/1236/1612 1803/1235/1611 1806/1238/1614
f 1805/1236/1612 1806/1238/1614 1808/1237/1615
f 1809/1239/1616 1804/1234/1610 1807/1237/1613
f 1810/1240/1617 1804/1234/1610 1809/1239/1616
f 1810/1240/1617 1811/1241/1618 1804/1234/1610
f 1811/1241/1618 1800/1232/1608 1801/1233/1609
f 1812/1242/1619 1800/1232/1608 1811/1241/1618
f 1811/1241/1618 1801/1233/1609 1804/1234/1610
f 1813/728/1620 1800/1232/1608 1812/1242/1619
f 1803/1235/1611 1814/1243/1226 1806/1238/1614
f 1803/1235/1611 1815/1244/1220 1814/1243/1226
f 1798/1229/1605 1799/1231/1607 1815/1244/1220
f 1798/1229/1605 1815/1244/1220 1803/1235/1611
f 1816/1195/1621 1818/1245/1622 1817/1181/1623
f 1819/1246/1624 1821/1247/1625 1820/1248/1624
f 1822/1247/1622 1824/1249/1621 1823/1248/1626
f 1823/1248/1626 1824/1249/1621 1825/1250/1627
f 1824/1249/1621 1826/764/1628 1825/1250/1627
f 1826/764/1628 1827/760/1629 1825/1250/1627
f 1825/1250/1627 1827/760/1629 1828/1251/1630
f 1827/760/1629 1829/762/1631 1828/1251/1630
f 1825/1250/1627 1828/1251/1630 1830/1252/1632
f 1831/1253/1633 1825/1250/1627 1830/1252/1632
f 1831/1253/1633 1830/1252/1632 1832/1254/1634
f 1833/1255/1635 1825/1250/1627 1831/1253/1633
f 1823/1248/1626 1825/1250/1627 1833/1255/1635
f 1834/1251/1636 1835/763/1637 1837/1256/1638
f 1834/1251/1636 1836/762/1639 1835/763/1637
f 1838/763/1640 1839/761/1641 1841/1257/1642
f 1838/763/1640 1840/759/1643 1839/761/1641
f 1839/761/1641 1842/1258/1644 1841/1257/1642
f 1839/761/1641 1843/1259/1532 1842/1258/1644
f 1844/1196/965 1846/1192/1645 1845/1198/1646
f 1847/1259/1647 1849/1260/1648 1848/1258/1649
f 1848/1258/1649 1849/1260/1648 1850/1261/1650
f 1848/1258/1649 1850/1261/1650 1851/1257/1651
f 1852/1260/1652 1854/1262/1652 1853/1261/1652
f 1855/1262/1653 1857/1263/1653 1856/1261/1653
f 1858/1261/1654 1859/1264/1655 1862/1265/1656
f 1858/1261/1654 1860/1263/1494 1859/1264/1655
f 1861/1266/1657 1858/1261/1654 1862/1265/1656
f 1863/906/1658 1865/1202/1659 1864/1187/1660
f 1864/1187/1660 1865/1202/1659 1866/1267/1661
f 1867/1268/1662 1869/1264/1660 1868/1269/1661
f 1869/1264/1660 1867/1268/1662 1870/1265/1663
f 1870/1265/1663 1867/1268/1662 1871/1270/1664
f 1872/1202/1665 1874/1203/1666 1873/1267/1667
f 1874/1203/1666 1875/1206/1668 1873/1267/1667
f 1875/1206/1668 1876/1225/1669 1873/1267/1667
f 1877/1269/1670 1878/1211/1671 1881/1213/1672
f 1877/1269/1670 1879/1207/1669 1878/1211/1671
f 1880/1268/1673 1877/1269/1670 1881/1213/1672
f 1882/1270/1674 1880/1268/1673 1881/1213/1672
f 1879/1207/1669 1883/1209/1675 1878/1211/1671
f 1884/1224/1562 1886/1226/1676 1885/1271/1563
f 1886/1226/1676 1887/911/1677 1885/1271/1563
f 1888/1221/1678 1890/1220/1678 1889/1272/1678
f 1891/1272/1679 1892/1273/1680 1895/1274/1681
f 1891/1272/1679 1893/1220/1682 1892/1273/1680
f 1894/1221/1683 1891/1272/1679 1895/1274/1681
f 1896/1275/1684 1897/1276/1685 1895/1274/1681
f 1892/1273/1680 1896/1275/1684 1895/1274/1681
f 1897/1276/1685 1898/1277/1686 1895/1274/1681
f 1895/1274/1681 1898/1277/1686 1899/1278/1687
f 1895/1274/1681 1899/1278/1687 1900/1279/1688
f 1901/1218/1689 1895/1274/1681 1900/1279/1688
f 1901/1218/1689 1894/1221/1683 1895/1274/1681
f 1902/1223/1690 1901/1218/1689 1903/1280/1691
f 1903/1280/1691 1901/1218/1689 1900/1279/1688
f 1904/1281/1692 1902/1223/1690 1903/1280/1691
f 1893/1220/1682 1905/1219/1693 1892/1273/1680
f 1906/912/1694 1908/905/1695 1907/909/1695
f 1909/962/1696 1911/938/1696 1910/1282/1697
f 1912/1283/1698 1913/961/1699 1916/943/1700
f 1912/1283/1698 1914/1282/1701 1913/961/1699
f 1915/959/1702 1912/1283/1698 1916/943/1700
f 1914/1282/1701 1917/938/1703 1913/961/1699
f 1918/945/1704 1920/1284/1705 1919/946/1706
f 1920/1284/1705 1918/945/1704 1921/1285/1707
f 1919/946/1706 1920/1284/1705 1922/1286/1708
f 1919/946/1706 1922/1286/1708 1923/1287/1709
f 1924/1288/1710 1919/946/1706 1923/1287/1709
f 1925/947/1711 1919/946/1706 1924/1288/1710
f 1926/1286/1712 1927/1289/1713 1929/1290/1714
f 1926/1286/1712 1928/1284/1715 1927/1289/1713
f 1927/1289/1713 1928/1284/1715 1930/1285/1716
f 1931/1291/1717 1933/1289/1718 1932/1285/1719
f 1933/1289/1718 1931/1291/1717 1934/1292/1720
f 1935/1293/1721 1936/1294/1722 1934/1292/1720
f 1936/1294/1722 1933/1289/1718 1934/1292/1720
f 1937/1290/1723 1936/1294/1722 1938/1295/1724
f 1937/1290/1723 1933/1289/1718 1936/1294/1722
f 1938/1295/1724 1936/1294/1722 1939/1296/1725
f 1940/1285/1726 1941/1297/1727 1944/954/1728
f 1940/1285/1726 1942/945/1729 1941/1297/1727
f 1943/1291/1730 1940/1285/1726 1944/954/1728
f 1945/1292/1731 1943/1291/1730 1944/954/1728
f 1947/1298/1732 1946/1293/1733 1945/1292/1731
f 1948/945/1734 1950/950/1734 1949/1297/1734
f 1951/1297/1735 1953/950/1735 1952/951/1735
f 1954/931/1736 1956/925/1736 1955/957/1736
f 1957/925/1737 1959/923/1737 1958/957/1737
f 1960/779/1738 1962/778/1739 1961/1299/1740
f 1962/778/1739 1963/777/1741 1961/1299/1740
f 1961/1299/1740 1963/777/1741 1964/1300/1742
f 1964/1300/1742 1963/777/1741 1965/776/1743
f 1966/831/1744 1961/1299/1740 1964/1300/1742
f 1966/831/1744 1964/1300/1742 1967/832/1745
f 1964/1300/1742 1968/776/1746 1967/832/1745
f 1969/784/1747 1961/1299/1740 1966/831/1744
f 1961/1299/1740 1969/784/1747 1970/781/1748
f 1971/779/1749 1961/1299/1740 1970/781/1748
f 1972/775/1750 1974/774/1750 1973/800/1750
f 1975/807/1751 1976/1301/1752 1979/810/1753
f 1975/807/1751 1977/1302/1754 1976/1301/1752
f 1977/1302/1754 1975/807/1751 1978/806/1755
f 1980/1137/1756 1982/1146/1756 1981/1138/1756
f 1983/1138/1757 1985/1146/1758 1984/1140/1758
f 1986/1148/1759 1988/1119/1760 1987/1140/1759
f 1989/1160/1761 1991/1141/1762 1990/1303/1763
f 1991/1141/1762 1989/1160/1761 1992/1139/1764
f 1993/1141/1765 1995/1142/1765 1994/1303/1766
f 1996/1142/1767 1998/1304/1768 1997/1303/1769
f 1998/1304/1768 1996/1142/1767 1999/1143/1770
f 2000/1144/1771 2001/1305/1772 1999/1143/1770
f 2001/1305/1772 1998/1304/1768 1999/1143/1770
f 2002/1306/1773 1998/1304/1768 2001/1305/1772
f 2003/1307/1774 2002/1306/1773 2001/1305/1772
f 2003/1307/1774 2001/1305/1772 2004/1308/1775
f 2001/1305/1772 2000/1144/1771 2005/1074/1776
f 2004/1308/1775 2001/1305/1772 2005/1074/1776
f 2006/1309/1777 2004/1308/1775 2007/1310/1778
f 2006/1309/1777 2003/1307/1774 2004/1308/1775
f 2008/1311/1779 2006/1309/1777 2007/1310/1778
f 2009/1069/1780 2010/1155/1781 2008/1311/1779
f 2010/1155/1781 2006/1309/1777 2008/1311/1779
f 2011/1156/1782 2002/1306/1773 2010/1155/1781
f 2002/1306/1773 2003/1307/1774 2010/1155/1781
f 2010/1155/1781 2003/1307/1774 2006/1309/1777
f 2012/1160/1783 1997/1303/1769 2011/1156/1782
f 1997/1303/1769 2002/1306/1773 2011/1156/1782
f 1997/1303/1769 1998/1304/1768 2002/1306/1773
f 2013/1110/1784 2015/757/1785 2014/758/1785
f 2016/758/1786 2018/750/1786 2017/754/1786
f 2019/1080/1787 2021/755/1788 2020/1106/1789
f 2021/755/1788 2022/756/1790 2020/1106/1789
f 2023/756/1791 2025/757/1792 2024/1106/1792
f 2026/1154/1793 2028/1312/1794 2027/1153/1795
f 2027/1153/1795 2028/1312/1794 2029/1107/1796
f 2030/1312/1797 2032/1313/1798 2031/1107/1799
f 2032/1313/1798 2030/1312/1797 2033/1314/1800
f 2034/1315/1801 2032/1313/1798 2033/1314/1800
f 2035/1316/1802 2034/1315/1801 2033/1314/1800
f 2035/1316/1802 2033/1314/1800 2036/1020/1803
f 2037/1317/1804 2034/1315/1801 2035/1316/1802
f 2037/1317/1804 2035/1316/1802 2038/1318/1805
f 2039/1319/1806 2037/1317/1804 2038/1318/1805
f 2039/1319/1806 2038/1318/1805 2040/1085/1807
f 2041/1320/1808 2042/1321/1809 2040/1085/1807
f 2042/1321/1809 2039/1319/1806 2040/1085/1807
f 2034/1315/1801 2037/1317/1804 2042/1321/1809
f 2044/1322/1810 2034/1315/1801 2042/1321/1809
f 2042/1321/1809 2037/1317/1804 2039/1319/1806
f 2041/1320/1808 2043/1323/1811 2042/1321/1809
f 2043/1323/1811 2044/1322/1810 2042/1321/1809
f 2044/1322/1810 2045/1324/1812 2034/1315/1801
f 2046/1325/1813 2045/1324/1812 2044/1322/1810
f 2047/1326/1814 2046/1325/1813 2044/1322/1810
f 2047/1326/1814 2044/1322/1810 2048/1327/1815
f 2048/1327/1815 2044/1322/1810 2041/1320/1808
f 2044/1322/1810 2043/1323/1811 2041/1320/1808
f 2049/1078/1816 2047/1326/1814 2048/1327/1815
f 2050/1328/1817 2046/1325/1813 2049/1078/1816
f 2046/1325/1813 2047/1326/1814 2049/1078/1816
f 2031/1107/1799 2045/1324/1812 2050/1328/1817
f 2050/1328/1817 2045/1324/1812 2046/1325/1813
f 2045/1324/1812 2032/1313/1798 2034/1315/1801
f 2032/1313/1798 2045/1324/1812 2031/1107/1799
f 2051/1312/1818 2053/1154/1819 2052/1314/1820
f 2052/1314/1820 2053/1154/1819 2054/1019/1821
f 2052/1314/1820 2054/1019/1821 2055/1020/1822
f 2056/1246/1483 2058/1248/1823 2057/1329/1482
f 2057/1329/1482 2058/1248/1823 2059/1255/1824
f 2057/1329/1482 2059/1255/1824 2060/1330/1825
f 2059/1255/1824 2061/1253/1826 2060/1330/1825
f 2062/1331/1827 2057/1329/1482 2060/1330/1825
f 2063/1332/1828 2062/1331/1827 2060/1330/1825
f 2063/1332/1828 2060/1330/1825 2064/1333/1829
f 2064/1333/1829 2060/1330/1825 2065/1334/1830
f 2062/1331/1827 2063/1332/1828 2066/1335/1831
f 2066/1335/1831 2063/1332/1828 2067/1333/1832
f 2066/1335/1831 2067/1333/1832 2068/1336/1833
f 2067/1333/1832 2069/1334/1834 2068/1336/1833
f 2070/1337/1287 2066/1335/1831 2068/1336/1833
f 2068/1336/1835 2072/1334/1836 2071/1338/1837
f 2073/1339/1284 2066/1335/1831 2070/1337/1287
f 2073/1339/1284 2062/1331/1827 2066/1335/1831
f 2074/1340/1281 2062/1331/1827 2073/1339/1284
f 2074/1340/1281 2075/1341/1280 2062/1331/1827
f 2075/1341/1280 2057/1329/1482 2062/1331/1827
f 2076/1252/1838 2077/1256/1839 2079/1342/1840
f 2076/1252/1838 2078/1251/1841 2077/1256/1839
f 2080/1256/1842 2081/1257/1843 2083/1342/1844
f 2080/1256/1842 2082/763/1845 2081/1257/1843
f 2084/1257/1846 2086/1261/1846 2085/1266/1846
f 2087/1214/1847 2089/1222/1847 2088/1213/1847
f 2090/1213/1848 2092/1222/1849 2091/1343/1850
f 2091/1343/1850 2092/1222/1849 2093/1223/1851
f 2094/1278/1852 2096/1277/1852 2095/1344/1852
f 2097/947/1853 2099/1345/1853 2098/958/1853
f 2100/958/1854 2102/1345/1855 2101/1288/1856
f 2103/1345/1857 2105/947/1857 2104/1288/1857
f 2106/1287/1858 2107/1290/1859 2109/1295/1860
f 2106/1287/1858 2108/1286/1861 2107/1290/1859
f 2110/1346/1862 2111/1347/1863 2113/1348/1864
f 2110/1346/1862 2112/1349/1865 2111/1347/1863
f 2114/1350/1866 2116/1294/1867 2115/1298/1863
f 2116/1294/1867 2117/1293/1868 2115/1298/1863
f 2118/1297/1869 2120/951/1870 2119/954/1870
f 2121/832/1871 2123/776/1872 2122/798/1873
f 2123/776/1872 2124/775/1874 2122/798/1873
f 2125/728/1875 2127/1242/1876 2126/748/1877
f 2127/1242/1876 2128/1241/1878 2126/748/1877
f 2126/748/1877 2128/1241/1878 2129/1240/1879
f 2126/748/1877 2129/1240/1879 2130/1351/1880
f 2130/1351/1880 2129/1240/1879 2131/1239/1881
f 2130/1351/1880 2131/1239/1881 2132/1352/1882
f 2132/1352/1882 2131/1239/1881 2133/1353/1883
f 2132/1352/1882 2133/1353/1883 2134/1354/1884
f 2135/607/1885 2130/1351/1880 2132/1352/1882
f 2135/607/1885 2126/748/1877 2130/1351/1880
f 2136/1355/1886 2137/1356/1887 2140/1357/1888
f 2136/1355/1886 2138/1358/1889 2137/1356/1887
f 2139/1359/1890 2136/1355/1886 2140/1357/1888
f 2141/1360/1891 2140/1357/1888 2142/1361/1892
f 2139/1359/1890 2140/1357/1888 2141/1360/1891
f 2138/1358/1889 2143/1362/1893 2137/1356/1887
f 2144/1362/1462 2146/1363/1894 2145/1356/1895
f 2145/1356/1895 2146/1363/1894 2147/1364/1896
f 2145/1356/1895 2147/1364/1896 2148/1357/1897
f 2149/1364/1898 2150/1365/1899 2153/1366/1900
f 2149/1364/1898 2151/1363/1901 2150/1365/1899
f 2152/1357/1902 2149/1364/1898 2153/1366/1900
f 2152/1357/1902 2153/1366/1900 2154/1361/1903
f 2151/1363/1901 2155/1367/1904 2150/1365/1899
f 2156/1365/1905 2157/1368/1411 2159/1366/1906
f 2156/1365/1905 2158/1367/1907 2157/1368/1411
f 2159/1366/1906 2160/1369/1908 2162/1370/1909
f 2159/1366/1906 2157/1368/1411 2160/1369/1908
f 2161/1361/1910 2159/1366/1906 2162/1370/1909
f 2161/1361/1910 2162/1370/1909 2164/1371/1911
f 2162/1370/1909 2163/1372/1912 2166/1373/1913
f 2162/1370/1909 2160/1369/1908 2163/1372/1912
f 2165/1371/1914 2162/1370/1909 2166/1373/1913
f 2166/1373/1913 2163/1372/1912 2167/1374/1915
f 2163/1372/1912 2168/1375/1415 2167/1374/1915
f 2168/1375/1415 2169/1376/1416 2167/1374/1915
f 2163/1372/1912 2160/1369/1908 2168/1375/1415
f 2160/1369/1908 2170/1377/1916 2168/1375/1415
f 2160/1369/1908 2157/1368/1411 2170/1377/1916
f 2171/1378/1917 2161/1361/1910 2164/1371/1911
f 2172/1379/1918 2174/1380/1918 2173/1135/1918
f 2175/1135/1919 2177/1380/1919 2176/1134/1919
f 2178/1380/1920 2180/1379/1920 2179/1134/1920
f 2181/1134/1921 2183/1379/1921 2182/1136/1921
f 2184/1379/1922 2186/1135/1922 2185/1136/1923
f 2187/1139/1924 2189/1160/1924 2188/1381/1924
f 2190/1160/1925 2192/1382/1926 2191/1381/1926
f 2193/1381/1927 2195/1382/1928 2194/1159/1928
f 2196/1159/1929 2198/1382/1929 2197/1158/1929
f 2199/1382/1930 2201/1160/1930 2200/1158/1931
f 2202/754/1932 2204/752/1933 2203/1076/1934
f 2204/752/1933 2205/755/1935 2203/1076/1934
f 2206/1076/1936 2208/755/1937 2207/1077/1938
f 2209/755/1939 2211/1080/1940 2210/1077/1939
f 2212/1107/1941 2214/1328/1941 2213/1078/1941
f 2215/1022/1942 2217/1318/1943 2216/1020/1944
f 2217/1318/1943 2218/1316/1945 2216/1020/1944
f 2219/1330/1946 2220/1254/1947 2222/1334/1948
f 2219/1330/1946 2221/1253/1949 2220/1254/1947
f 2223/1254/1950 2225/1252/1950 2224/1342/1951
f 2226/1257/1952 2228/1266/1952 2227/1342/1952
f 2229/1342/1953 2231/1266/1953 2230/1281/1953
f 2232/1266/1954 2234/1265/1954 2233/1281/1954
f 2235/1265/1955 2237/1270/1955 2236/1281/1955
f 2238/1270/1956 2240/1213/1956 2239/1281/1956
f 2241/1213/1957 2243/1343/1957 2242/1281/1957
f 2244/1343/1958 2246/1223/1958 2245/1281/1958
f 2247/1383/1959 2249/1279/1960 2248/1384/1959
f 2250/1279/1961 2252/1278/1961 2251/1384/1961
f 2253/1278/1962 2255/1344/1963 2254/1384/1962
f 2256/1385/1964 2257/1386/1965 2261/1387/1198
f 2256/1385/1964 2258/1388/1966 2257/1386/1965
f 2258/1388/1966 2256/1385/1964 2259/1389/1967
f 2259/1389/1967 2256/1385/1964 2260/1390/1968
f 2260/1390/1968 2256/1385/1964 2261/1387/1198
f 2262/1391/1969 2260/1390/1968 2261/1387/1198
f 2262/1391/1969 2261/1387/1198 2263/1392/1970
f 2264/1393/1971 2263/1392/1970 2265/1394/1972
f 2264/1393/1971 2262/1391/1969 2263/1392/1970
f 2266/1395/1973 2265/1394/1972 2267/1396/1974
f 2266/1395/1973 2264/1393/1971 2265/1394/1972
f 2268/1397/1975 2266/1395/1973 2267/1396/1974
f 2268/1397/1975 2267/1396/1974 2269/1398/1976
f 2270/1399/1977 2268/1397/1975 2269/1398/1976
f 2271/1400/1978 2258/1388/1966 2259/1389/1967
f 2258/1388/1966 2272/1401/1979 2257/1386/1965
f 2273/944/1980 2275/949/1981 2274/948/1980
f 2276/1402/1982 2278/1403/1983 2277/1404/1982
f 2279/1403/1984 2281/1405/1985 2280/1404/1984
f 2282/1405/1986 2284/1406/1987 2283/1404/1988
f 2285/1407/1989 2287/1408/1990 2286/1409/1991
f 2288/1409/1992 2289/1410/1993 2292/1411/1994
f 2288/1409/1992 2290/1408/1995 2289/1410/1993
f 2291/1412/1996 2288/1409/1992 2292/1411/1994
f 2291/1412/1996 2292/1411/1994 2295/1413/1970
f 2292/1411/1994 2293/583/1997 2296/1414/1998
f 2292/1411/1994 2294/1415/1999 2293/583/1997
f 2295/1413/1970 2292/1411/1994 2296/1414/1998
f 2295/1413/1970 2296/1414/1998 2297/1416/2000
f 2294/1415/1999 2298/1417/2001 2293/583/1997
f 2293/583/1997 2298/1417/2001 2299/1418/2002
f 2293/583/1997 2299/1418/2002 2300/1419/2003
f 2299/1418/2002 2301/1420/2004 2300/1419/2003
f 2302/1406/2005 2304/1421/2006 2303/1422/1993
f 2304/1421/2006 2302/1406/2005 2305/1423/1198
f 2305/1423/1198 2307/1424/2007 2306/1425/2008
f 2307/1424/2007 2308/1426/1996 2306/1425/2008
f 2304/1421/2006 2309/1427/2009 2303/1422/1993
f 2310/1427/2010 2312/1428/1856 2311/1422/2011
f 2313/1428/2012 2315/1429/1709 2314/1422/2013
f 2316/1422/2014 2318/1429/2014 2317/1430/2014
f 2319/1294/2015 2321/1350/2015 2320/1296/2015
f 2322/1349/2016 2324/1346/2016 2323/1431/2016
f 2325/1431/2017 2326/1348/2018 2328/1432/2019
f 2325/1431/2017 2327/1346/2020 2326/1348/2018
f 2329/1415/2021 2331/1433/2021 2330/1417/2021
f 2332/1433/1732 2334/1434/1731 2333/1417/2022
f 2333/1417/2022 2334/1434/1731 2335/1435/2023
f 2334/1434/1731 2336/1436/1728 2335/1435/2023
f 2337/1437/2024 2333/1417/2022 2335/1435/2023
f 2338/1438/2025 2333/1417/2022 2337/1437/2024
f 2339/1438/2026 2341/1439/2027 2340/1417/2026
f 2342/1417/2028 2344/1439/2028 2343/1440/2028
f 2345/1439/2029 2347/1438/2029 2346/1440/2029
f 2348/1438/2030 2350/1441/2031 2349/1440/2032
f 2350/1441/2031 2348/1438/2030 2351/1442/2033
f 2352/1440/2034 2354/1441/2034 2353/1443/2034
f 2355/1441/2035 2357/1444/2035 2356/1443/2035
f 2358/1443/2036 2360/1444/2036 2359/1445/2037
f 2361/1445/2038 2363/1444/2038 2362/1446/2038
f 2364/1446/2039 2365/1447/2040 2367/1448/2041
f 2364/1446/2039 2366/1444/2042 2365/1447/2040
f 2368/1447/2043 2370/1444/2044 2369/1442/2045
f 2370/1444/2044 2371/1441/2046 2369/1442/2045
f 2372/1442/2047 2374/1438/2047 2373/1437/2047
f 2375/828/2048 2377/787/2049 2376/830/2050
f 2377/787/2049 2378/786/2051 2376/830/2050
f 2379/782/2052 2381/832/2052 2380/797/2052
f 2382/832/2053 2384/798/2053 2383/797/2053
f 2385/616/2054 2387/612/2055 2386/606/2055
f 2388/608/2056 2390/605/2056 2389/606/2056
f 2391/1449/2057 2393/606/2058 2392/96/2059
f 2393/606/2058 2391/1449/2057 2394/1450/2060
f 2395/597/80 2397/599/2061 2396/1451/76
f 2397/599/2061 2398/600/2062 2396/1451/76
f 2399/600/2063 2401/601/2064 2400/1452/74
f 2402/110/2065 2404/603/2066 2403/1453/2067
f 2404/603/2066 2405/108/2068 2403/1453/2067
f 2406/108/2069 2408/604/2070 2407/1453/2071
f 2407/1453/2071 2408/604/2070 2409/1454/2072
f 2407/1453/2071 2409/1454/2072 2410/1455/2073
f 2411/1456/2074 2407/1453/2071 2410/1455/2073
f 2412/1454/2075 2413/1457/2076 2415/1352/2077
f 2412/1454/2075 2414/604/2078 2413/1457/2076
f 2416/1457/2079 2417/607/2080 2419/1352/2081
f 2416/1457/2079 2418/604/2082 2417/607/2080
f 2420/424/2083 2421/1132/2084 2424/1062/2085
f 2420/424/2083 2422/1458/2086 2421/1132/2084
f 2422/1458/2086 2420/424/2083 2423/422/2087
f 2425/440/2088 2426/1131/2089 2423/422/2087
f 2426/1131/2089 2422/1458/2086 2423/422/2087
f 2422/1458/2086 2426/1131/2089 2421/1132/2084
f 2427/1129/2090 2426/1131/2089 2428/439/2091
f 2428/439/2091 2426/1131/2089 2425/440/2088
f 2427/1129/2090 2428/439/2091 2429/438/2092
f 2430/1139/2093 2432/1381/2093 2431/1065/2093
f 2433/1381/2094 2435/1159/2094 2434/1065/2094
f 2436/1065/2095 2438/1157/2096 2437/1068/2097
f 2437/1068/2097 2438/1157/2096 2439/1066/2098
f 2440/1459/2099 2442/1310/2100 2441/1073/2101
f 2442/1310/2100 2440/1459/2099 2443/1070/2102
f 2444/1310/2103 2446/1308/2104 2445/1073/2104
f 2447/1308/2105 2449/1074/2106 2448/1073/2106
f 2450/1078/2107 2452/1327/2108 2451/1082/2109
f 2452/1327/2108 2453/1320/2110 2451/1082/2109
f 2451/1082/2109 2453/1320/2110 2454/1084/2111
f 2454/1084/2111 2453/1320/2110 2455/1085/2112
f 2456/1318/2113 2458/1022/2113 2457/1085/2113
f 2459/1088/2114 2461/1460/2115 2460/1033/2116
f 2462/1033/2117 2464/1460/2118 2463/1030/2119
f 2464/1460/2118 2465/1461/2120 2463/1030/2119
f 2466/1030/2121 2468/1461/2121 2467/1032/2122
f 2469/1461/2123 2471/1460/2124 2470/1032/2125
f 2470/1032/2125 2471/1460/2124 2472/1023/2126
f 2471/1460/2124 2473/1088/2127 2472/1023/2126
f 2474/1254/2128 2476/1342/2129 2475/1334/2130
f 2475/1334/2130 2476/1342/2129 2477/1462/2131
f 2475/1334/2130 2477/1462/2131 2478/1338/2132
f 2479/1342/2133 2481/1281/2133 2480/1462/2133
f 2482/1281/2134 2484/1280/2135 2483/1462/2136
f 2484/1280/2135 2485/1279/2137 2483/1462/2136
f 2486/1279/2138 2488/1383/2138 2487/1462/2138
f 2489/1463/2139 2491/1400/2140 2490/1464/2141
f 2490/1464/2141 2491/1400/2140 2492/1389/2142
f 2490/1464/2141 2492/1389/2142 2493/1465/2143
f 2492/1389/2142 2494/1466/2144 2493/1465/2143
f 2493/1465/2143 2494/1466/2144 2495/1467/2145
f 2496/1466/2146 2497/1390/2147 2499/1467/2148
f 2496/1466/2146 2498/1389/2149 2497/1390/2147
f 2499/1467/2148 2500/1391/2150 2501/1468/2151
f 2497/1390/2147 2500/1391/2150 2499/1467/2148
f 2501/1468/2151 2500/1391/2150 2502/1393/2152
f 2501/1468/2151 2502/1393/2152 2504/1395/2153
f 2503/1469/2154 2501/1468/2151 2504/1395/2153
f 2503/1469/2154 2504/1395/2153 2505/1397/2155
f 2506/1470/2156 2503/1469/2154 2505/1397/2155
f 2507/1399/2157 2506/1470/2156 2505/1397/2155
f 2508/1471/2158 2506/1470/2156 2507/1399/2157
f 2509/1406/2159 2511/1405/2160 2510/1423/2161
f 2512/1405/2162 2514/1403/2162 2513/1423/2162
f 2515/1423/2163 2517/1403/2163 2516/1424/2163
f 2518/1403/2164 2520/1402/2165 2519/1424/2166
f 2519/1424/2166 2520/1402/2165 2521/1426/2167
f 2522/1402/2168 2524/1404/2169 2523/1426/2170
f 2525/1407/2171 2527/1409/2172 2526/1412/2173
f 2528/1422/2174 2530/1430/2174 2529/1432/2175
f 2531/1430/2176 2533/1431/2177 2532/1432/2176
f 2534/1417/2178 2536/1440/2178 2535/1418/2179
f 2537/1440/2180 2539/1443/2181 2538/1418/2180
f 2540/1418/2182 2542/1443/2182 2541/1420/2182
f 2543/1443/2183 2545/1445/2183 2544/1420/2183
f 2546/1420/2184 2548/1445/2184 2547/1448/2184
f 2549/1445/2185 2551/1446/2185 2550/1448/2185
f 2552/1448/2186 2554/1447/2187 2553/1472/2188
f 2555/1447/2189 2557/1442/2189 2556/1472/2189
f 2558/1442/2190 2560/1437/2191 2559/1472/2191
f 2561/1437/2192 2563/1435/2192 2562/1472/2192
f 2564/1472/2193 2566/1435/2193 2565/1473/2193
f 2567/1474/2194 2569/828/2195 2568/825/2194
f 2570/742/2196 2572/589/2196 2571/720/2196
f 2573/749/2197 2575/585/2198 2574/587/2199
f 2576/586/2200 2578/589/2200 2577/587/2200
f 2579/618/2201 2581/616/2201 2580/1450/2201
f 2582/616/2202 2584/606/2202 2583/1450/2202
f 2585/1450/2203 2587/1449/2203 2586/95/2203
f 2588/1449/2204 2590/96/2204 2589/95/2204
f 2591/96/2205 2593/94/2205 2592/95/2205
f 2594/95/2206 2596/93/2206 2595/92/2207
f 2597/112/2208 2599/110/2209 2598/1456/2209
f 2600/110/2210 2602/1453/2211 2601/1456/2211
f 2603/1455/2212 2604/1475/2213 2606/1354/2214
f 2603/1455/2212 2605/1454/2215 2604/1475/2213
f 2607/1475/2216 2609/1454/2216 2608/1352/2217
f 2610/1239/2218 2612/1237/2218 2611/1353/2218
f 2613/1378/2219 2615/1360/2219 2614/1361/2219
f 2616/420/2220 2617/1062/2221 2620/1061/2222
f 2616/420/2220 2618/421/2223 2617/1062/2221
f 2619/418/2224 2616/420/2220 2620/1061/2222
f 2618/421/2223 2621/424/2225 2617/1062/2221
f 2622/1067/2226 2624/1069/2226 2623/1070/2226
f 2625/1069/2227 2627/1311/2228 2626/1070/2229
f 2627/1311/2228 2628/1310/2230 2626/1070/2229
f 2629/1459/2231 2631/1073/2231 2630/1070/2231
f 2632/1092/2232 2634/1096/2232 2633/1087/2232
f 2635/1087/2233 2637/1096/2233 2636/1083/2233
f 2638/1476/2234 2640/1034/2234 2639/1035/2234
f 2641/1031/2235 2643/1028/2236 2642/1477/2237
f 2643/1028/2236 2641/1031/2235 2644/1025/2238
f 2645/1477/2239 2647/1028/2239 2646/1027/2240
f 2648/1463/2241 2650/1464/2241 2649/1478/2241
f 2651/1478/2242 2652/1465/2243 2654/1479/2244
f 2651/1478/2242 2653/1464/2245 2652/1465/2243
f 2652/1465/2243 2655/1467/2246 2654/1479/2244
f 2654/1479/2244 2655/1467/2246 2656/1480/2247
f 2655/1467/2246 2657/1468/2248 2656/1480/2247
f 2656/1480/2247 2657/1468/2248 2658/1481/2249
f 2658/1481/2249 2657/1468/2248 2659/1482/2250
f 2660/583/2251 2662/584/2252 2661/1414/2252
f 2663/584/2253 2665/572/2254 2664/1414/2255
f 2665/572/2254 2666/571/2256 2664/1414/2255
f 2667/571/2257 2669/573/2258 2668/1414/2257
f 2670/1414/2259 2672/573/2259 2671/1483/2259
f 2673/574/2260 2675/576/2260 2674/1484/2260
f 2676/576/2261 2678/577/2262 2677/1484/2261
f 2679/577/2263 2681/579/2264 2680/1484/2265
f 2680/1484/2265 2681/579/2264 2682/1485/2266
f 2683/579/2267 2685/580/2267 2684/1485/2267
f 2686/1485/2268 2688/580/2269 2687/1486/2269
f 2689/580/2270 2691/581/2271 2690/1486/2003
f 2690/1486/2272 2692/1487/2273 2695/1488/2274
f 2690/1486/2272 2693/1489/2004 2692/1487/2273
f 2694/1485/2275 2690/1486/2272 2695/1488/2274
f 2698/1490/1972 2694/1485/2275 2695/1488/2274
f 2695/1488/2274 2696/1491/2276 2697/1492/2277
f 2695/1488/2274 2692/1487/2273 2696/1491/2276
f 2698/1490/1972 2695/1488/2274 2697/1492/2277
f 2699/1493/2278 2700/1484/2279 2698/1490/1972
f 2700/1484/2279 2694/1485/2275 2698/1490/1972
f 2697/1492/2277 2696/1491/2276 2701/1494/2280
f 2697/1492/2277 2701/1494/2280 2702/1495/2281
f 2702/1495/2281 2701/1494/2280 2703/1496/2282
f 2703/1496/2282 2701/1494/2280 2704/1497/2283
f 2701/1494/2280 2705/1498/2284 2704/1497/2283
f 2706/1499/2285 2707/570/2286 2705/1498/2284
f 2701/1494/2280 2706/1499/2285 2705/1498/2284
f 2707/570/2286 2708/569/2287 2705/1498/2284
f 2707/570/2286 2706/1499/2285 2709/1500/2288
f 2706/1499/2285 2710/1501/2289 2709/1500/2288
f 2706/1499/2285 2711/1502/2290 2710/1501/2289
f 2711/1502/2290 2714/824/2291 2710/1501/2289
f 2712/1503/2292 2713/822/2293 2710/1501/2289
f 2714/824/2291 2712/1503/2292 2710/1501/2289
f 2711/1502/2290 2715/825/2294 2714/824/2291
f 2716/1474/2295 2715/825/2294 2711/1502/2290
f 2717/1504/2188 2716/1474/2295 2711/1502/2290
f 2718/1505/2186 2717/1504/2188 2719/1506/2296
f 2719/1506/2296 2717/1504/2188 2711/1502/2290
f 2692/1487/2273 2718/1505/2186 2719/1506/2296
f 2719/1506/2296 2711/1502/2290 2706/1499/2285
f 2696/1491/2276 2719/1506/2296 2706/1499/2285
f 2692/1487/2273 2719/1506/2296 2696/1491/2276
f 2693/1489/2004 2718/1505/2186 2692/1487/2273
f 2696/1491/2276 2706/1499/2285 2701/1494/2280
f 2720/1503/2297 2722/824/2298 2721/822/2298
f 2723/744/2299 2725/741/2299 2724/739/2299
f 2726/618/2300 2728/1450/2300 2727/621/2300
f 2729/1450/2301 2731/95/2302 2730/621/2303
f 2731/95/2302 2732/92/2304 2730/621/2303
f 2733/621/2305 2734/91/2306 2736/625/2307
f 2733/621/2305 2735/92/2308 2734/91/2306
f 2737/119/2309 2738/1507/2310 2740/122/2311
f 2737/119/2309 2739/112/2312 2738/1507/2310
f 2741/1507/2313 2742/1508/2314 2744/122/2315
f 2741/1507/2313 2743/112/2316 2742/1508/2314
f 2745/112/2317 2747/1456/2318 2746/1508/2317
f 2748/1508/2319 2749/1354/2320 2752/1509/2321
f 2748/1508/2319 2750/1456/2322 2749/1354/2320
f 2751/1510/2323 2748/1508/2319 2752/1509/2321
f 2751/1510/2323 2752/1509/2321 2753/1511/2324
f 2750/1456/2322 2754/1455/2325 2749/1354/2320
f 2755/1475/2326 2757/1352/2326 2756/1354/2326
f 2758/1360/2327 2760/1378/2328 2759/1512/2329
f 2759/1512/2329 2760/1378/2328 2761/1371/2330
f 2759/1512/2329 2761/1371/2330 2762/1513/2331
f 2761/1371/2330 2763/1373/2332 2762/1513/2331
f 2762/1513/2331 2763/1373/2332 2764/1514/2333
f 2762/1513/2331 2764/1514/2333 2767/1515/2334
f 2764/1514/2333 2765/1516/2335 2767/1515/2334
f 2764/1514/2333 2766/1517/513 2765/1516/2335
f 2767/1515/2334 2769/1518/2336 2768/1519/2337
f 2765/1516/2335 2769/1518/2336 2767/1515/2334
f 2769/1518/2336 2765/1516/2335 2770/1520/2338
f 2768/1519/2337 2769/1518/2336 2771/1521/2339
f 2769/1518/2336 2772/1520/2340 2771/1521/2339
f 2771/1521/2339 2772/1520/2340 2773/1522/2341
f 2771/1521/2339 2773/1522/2341 2774/1523/2342
f 2775/1524/2343 2771/1521/2339 2774/1523/2342
f 2776/1525/2344 2771/1521/2339 2775/1524/2343
f 2776/1525/2344 2775/1524/2343 2777/1526/2345
f 2777/1526/2345 2775/1524/2343 2778/1527/2346
f 2778/1527/2346 2775/1524/2343 2779/1528/2347
f 2775/1524/2343 2780/1523/2348 2779/1528/2347
f 2778/1527/2346 2779/1528/2347 2781/1529/2349
f 2782/1530/2350 2778/1527/2346 2781/1529/2349
f 2777/1526/2345 2778/1527/2346 2782/1530/2350
f 2783/1531/2351 2776/1525/2344 2777/1526/2345
f 2768/1519/2337 2771/1521/2339 2776/1525/2344
f 2784/1532/2352 2768/1519/2337 2776/1525/2344
f 2785/1374/2353 2787/1376/2353 2786/1517/2353
f 2788/443/2354 2790/430/2355 2789/417/2354
f 2791/1086/2356 2793/1034/2356 2792/1533/2356
f 2794/1034/2357 2796/1476/2357 2795/1533/2357
f 2797/1533/2358 2799/1476/2359 2798/1534/2358
f 2800/1476/2360 2802/1035/2361 2801/1534/2362
f 2801/1534/2362 2802/1035/2361 2803/1036/2363
f 2804/1535/2364 2806/1037/2365 2805/1536/2366
f 2805/1536/2366 2806/1037/2365 2807/1537/2367
f 2807/1537/2367 2806/1037/2365 2808/1047/2368
f 2809/1031/2369 2811/1477/2370 2810/1048/2371
f 2812/1477/2372 2814/1027/2372 2813/1048/2372
f 2815/1538/1287 2817/1539/1835 2816/1540/1289
f 2816/1540/1289 2817/1539/1835 2818/1479/2373
f 2817/1539/1835 2819/1478/1837 2818/1479/2373
f 2816/1540/1289 2818/1479/2373 2820/1541/2374
f 2821/1482/2375 2823/1468/2375 2822/1469/2375
f 2824/1501/2376 2825/1542/2377 2827/1500/2378
f 2824/1501/2376 2826/822/2379 2825/1542/2377
f 2828/1543/2380 2830/1544/2381 2829/1545/2382
f 2830/1544/2381 2831/1542/2383 2829/1545/2382
f 2832/1542/2384 2834/822/2385 2833/1545/2386
f 2833/1545/2386 2834/822/2385 2835/1546/2387
f 2834/822/2385 2836/795/2388 2835/1546/2387
f 2837/710/2389 2839/708/2389 2838/707/2389
f 2840/665/2390 2842/667/2390 2841/662/2391
f 2843/667/2392 2845/663/2393 2844/662/2393
f 2846/622/2394 2848/621/2394 2847/625/2394
f 2849/625/2395 2850/90/2396 2852/628/2397
f 2849/625/2395 2851/91/2398 2850/90/2396
f 2853/91/2399 2855/30/2399 2854/90/2399
f 2856/122/2400 2858/1508/2400 2857/1510/2400
f 2859/1509/2401 2860/1547/2402 2862/1511/2403
f 2859/1509/2401 2861/1354/2404 2860/1547/2402
f 2863/1548/2405 2864/1513/2406 2866/1515/2407
f 2863/1548/2405 2865/1512/2408 2864/1513/2406
f 2867/1373/2409 2869/1374/2409 2868/1514/2409
f 2870/1374/2410 2872/1517/2410 2871/1514/2410
f 2873/434/2411 2875/426/2412 2874/431/2411
f 2876/428/2413 2878/429/2413 2877/388/2413
f 2879/430/2414 2881/443/2415 2880/387/2415
f 2882/418/2416 2884/1061/2416 2883/413/2416
f 2885/414/2417 2887/413/2417 2886/415/2418
f 2888/1090/2419 2890/1089/2420 2889/1055/2421
f 2891/1086/2422 2893/1533/2423 2892/1039/2424
f 2893/1533/2423 2894/1534/2425 2892/1039/2424
f 2895/1534/2426 2897/1036/2426 2896/1039/2426
f 2898/1037/2427 2900/1535/2428 2899/1040/2429
f 2901/1040/2430 2903/1535/2431 2902/1046/2432
f 2903/1535/2431 2904/1536/2433 2902/1046/2432
f 2905/1536/2434 2907/1537/2435 2906/1046/2436
f 2907/1537/2435 2908/1047/2437 2906/1046/2436
f 2909/1479/2438 2911/1480/2439 2910/1541/2440
f 2911/1480/2439 2912/1481/2441 2910/1541/2440
f 2910/1541/2440 2912/1481/2441 2913/1549/2442
f 2910/1541/2440 2913/1549/2442 2914/1550/2443
f 2914/1550/2443 2913/1549/2442 2915/1551/2444
f 2914/1550/2443 2915/1551/2444 2916/1552/2445
f 2915/1551/2444 2917/1553/2446 2916/1552/2445
f 2918/1481/2447 2920/1482/2447 2919/1549/2447
f 2921/1482/2448 2923/1469/2449 2922/1549/2450
f 2922/1549/2450 2923/1469/2449 2924/1554/2451
f 2923/1469/2449 2925/1470/2452 2924/1554/2451
f 2924/1554/2451 2925/1470/2452 2926/1471/2453
f 2927/1555/2454 2928/1399/2455 2932/1398/2456
f 2927/1555/2454 2929/1471/2457 2928/1399/2455
f 2929/1471/2457 2927/1555/2454 2930/1553/2458
f 2931/1556/2459 2927/1555/2454 2932/1398/2456
f 2933/1557/2460 2935/1558/2460 2934/1559/2460
f 2936/559/2461 2938/1559/2462 2937/1560/2463
f 2938/1559/2462 2936/559/2461 2939/563/2464
f 2938/1559/2462 2940/1558/2465 2937/1560/2463
f 2941/1561/2466 2943/557/2466 2942/1562/2466
f 2944/557/2467 2946/556/2467 2945/1562/2467
f 2947/556/2468 2949/1563/2469 2948/1562/2470
f 2949/1563/2469 2950/1564/2471 2948/1562/2470
f 2951/568/2472 2953/570/2473 2952/1565/2474
f 2954/1565/2475 2956/570/2476 2955/1566/2477
f 2955/1566/2477 2956/570/2476 2957/1500/2478
f 2958/1567/2479 2955/1566/2477 2957/1500/2478
f 2959/1542/2480 2961/1544/2480 2960/1500/2480
f 2962/1500/2481 2964/1544/2482 2963/1568/2483
f 2964/1544/2482 2965/1543/2484 2963/1568/2483
f 2966/1569/2485 2968/713/2486 2967/1570/2487
f 2967/1570/2487 2968/713/2486 2969/712/2488
f 2967/1570/2487 2969/712/2488 2970/1571/2489
f 2970/1571/2489 2969/712/2488 2971/1572/2490
f 2969/712/2488 2972/705/2491 2971/1572/2490
f 2972/705/2491 2973/704/2492 2971/1572/2490
f 2974/656/2493 2976/652/2493 2975/653/2493
f 2977/638/2494 2979/1573/2494 2978/640/2494
f 2980/640/2495 2982/1573/2496 2981/1574/2497
f 2982/1573/2496 2983/638/2498 2981/1574/2497
f 2984/1575/2499 2985/1576/2500 2990/1577/2501
f 2984/1575/2499 2986/1574/2502 2985/1576/2500
f 2986/1574/2502 2984/1575/2499 2987/1578/2503
f 2987/1578/2503 2984/1575/2499 2988/1579/2504
f 2989/1580/2505 2984/1575/2499 2990/1577/2501
f 2990/1577/2501 2991/1581/2506 2992/1582/2507
f 2990/1577/2501 2985/1576/2500 2991/1581/2506
f 2989/1580/2505 2990/1577/2501 2992/1582/2507
f 2993/1583/2508 2992/1582/2507 2995/1584/2509
f 2993/1583/2508 2989/1580/2505 2992/1582/2507
f 2992/1582/2507 2991/1581/2506 2994/1585/2510
f 2992/1582/2507 2994/1585/2510 2996/1586/2511
f 2995/1584/2509 2992/1582/2507 2996/1586/2511
f 2995/1584/2509 2996/1586/2511 2998/1587/2512
f 2996/1586/2511 2997/1588/2513 2998/1587/2512
f 2996/1586/2511 2994/1585/2510 2997/1588/2513
f 2998/1587/2512 3000/1589/2514 2999/1590/2515
f 2997/1588/2513 3000/1589/2514 2998/1587/2512
f 2997/1588/2513 3001/1591/2516 3000/1589/2514
f 3000/1589/2514 3001/1591/2516 3003/1592/2517
f 3000/1589/2514 3002/1593/2518 3004/1590/2519
f 3002/1593/2518 3000/1589/2514 3003/1592/2517
f 3004/1590/2519 3002/1593/2518 3005/1594/2520
f 3004/1590/2519 3005/1594/2520 3006/1595/2521
f 3005/1594/2520 3002/1593/2518 3007/1596/2522
f 3005/1594/2520 3007/1596/2522 3009/1597/2523
f 3008/1595/2524 3005/1594/2520 3009/1597/2523
f 3008/1595/2524 3009/1597/2523 3010/1598/2525
f 3002/1593/2518 3011/1592/2526 3007/1596/2522
f 3007/1596/2522 3011/1592/2526 3012/1599/2527
f 3007/1596/2522 3012/1599/2527 3014/1600/2528
f 3013/1597/2529 3007/1596/2522 3014/1600/2528
f 3013/1597/2529 3014/1600/2528 3017/1601/2530
f 3014/1600/2528 3015/1602/2531 3017/1601/2530
f 3014/1600/2528 3016/1599/2532 3015/1602/2531
f 3018/1598/2533 3017/1601/2530 3020/1603/2534
f 3018/1598/2533 3013/1597/2529 3017/1601/2530
f 3017/1601/2530 3019/1604/2535 3020/1603/2534
f 3017/1601/2530 3015/1602/2531 3019/1604/2535
f 3020/1603/2534 3019/1604/2535 3021/1605/2536
f 3019/1604/2535 3022/1606/2537 3021/1605/2536
f 3022/1606/2537 3023/1607/2538 3021/1605/2536
f 3024/1608/2539 3025/1609/313 3023/1607/2538
f 3022/1606/2537 3024/1608/2539 3023/1607/2538
f 3024/1608/2539 3026/1610/2540 3025/1609/313
f 3027/1611/2541 3026/1610/2540 3024/1608/2539
f 3029/1612/2542 3027/1611/2541 3024/1608/2539
f 3028/1613/2543 3027/1611/2541 3029/1612/2542
f 3015/1602/2531 3029/1612/2542 3022/1606/2537
f 3015/1602/2531 3030/1614/2544 3029/1612/2542
f 3030/1614/2544 3028/1613/2543 3029/1612/2542
f 3029/1612/2542 3024/1608/2539 3022/1606/2537
f 3030/1614/2544 3031/1615/2545 3028/1613/2543
f 3032/1616/2546 3031/1615/2545 3030/1614/2544
f 3016/1599/2532 3030/1614/2544 3015/1602/2531
f 3016/1599/2532 3032/1616/2546 3030/1614/2544
f 3032/1616/2546 3033/633/2547 3031/1615/2545
f 3019/1604/2535 3015/1602/2531 3022/1606/2537
f 3011/1592/2526 3034/1616/2548 3012/1599/2527
f 3001/1591/2516 3035/632/2549 3003/1592/2517
f 3037/1617/2550 3036/1591/2551 2997/1588/2513
f 2994/1585/2510 3037/1617/2550 2997/1588/2513
f 2994/1585/2510 3038/635/2552 3037/1617/2550
f 3038/635/2552 3039/629/2553 3037/1617/2550
f 3039/629/2553 3040/630/2554 3037/1617/2550
f 3037/1617/2550 3040/630/2554 3036/1591/2551
f 2991/1581/2506 3038/635/2552 2994/1585/2510
f 2991/1581/2506 3041/636/2555 3038/635/2552
f 3042/637/2556 3041/636/2555 2991/1581/2506
f 2985/1576/2500 3042/637/2556 2991/1581/2506
f 2985/1576/2500 2986/1574/2502 3042/637/2556
f 3043/1618/2557 2993/1583/2508 3044/1619/2558
f 3043/1618/2557 3045/1620/2559 2993/1583/2508
f 3045/1620/2559 2989/1580/2505 2993/1583/2508
f 3045/1620/2559 3046/1621/2560 2989/1580/2505
f 3046/1621/2560 3045/1620/2559 3047/1622/2561
f 3047/1622/2561 3045/1620/2559 3048/1623/2562
f 3048/1623/2562 3045/1620/2559 3043/1618/2557
f 3047/1622/2561 3048/1623/2562 3049/1624/2563
f 3048/1623/2562 3043/1618/2557 3050/1625/2564
f 3049/1624/2563 3048/1623/2562 3050/1625/2564
f 3049/1624/2563 3050/1625/2564 3051/1626/2565
f 3050/1625/2564 3043/1618/2557 3044/1619/2558
f 3053/1627/2566 3049/1624/2563 3051/1626/2565
f 3054/1628/2567 3051/1626/2565 3052/1629/2568
f 3054/1628/2567 3053/1627/2566 3051/1626/2565
f 3055/1630/2569 3053/1627/2566 3054/1628/2567
f 3056/1631/2570 3055/1630/2569 3054/1628/2567
f 3057/1631/2571 3054/1628/2567 3052/1629/2568
f 3058/1632/2572 3057/1631/2571 3052/1629/2568
f 3061/1633/2573 3059/1634/2574 3058/1632/2572
f 3060/1635/2575 3058/1632/2572 3052/1629/2568
f 3060/1635/2575 3061/1633/2573 3058/1632/2572
f 3063/1636/2576 3062/1637/2577 3061/1633/2573
f 3063/1636/2576 3061/1633/2573 3065/1638/2578
f 3061/1633/2573 3064/1637/2579 3059/1634/2574
f 3065/1638/2578 3061/1633/2573 3066/1639/2580
f 3066/1639/2580 3061/1633/2573 3060/1635/2575
f 3065/1638/2578 3066/1639/2580 3067/1640/2581
f 3066/1639/2580 3060/1635/2575 3067/1640/2581
f 3072/1641/2582 3065/1638/2578 3067/1640/2581
f 3067/1640/2581 3060/1635/2575 3052/1629/2568
f 3068/1642/2583 3070/1641/2584 3067/1640/2581
f 3069/1643/2585 3068/1642/2583 3067/1640/2581
f 3069/1643/2585 3067/1640/2581 3071/1644/2586
f 3067/1640/2581 3052/1629/2568 3071/1644/2586
f 3073/1645/2587 3074/1636/2588 3072/1641/2582
f 3072/1641/2582 3074/1636/2588 3065/1638/2578
f 3075/1646/2589 3071/1644/2586 3077/1647/2590
f 3075/1646/2589 3076/1648/2591 3071/1644/2586
f 3076/1648/2591 3069/1643/2585 3071/1644/2586
f 3078/1649/2592 3075/1646/2589 3077/1647/2590
f 3079/1650/2593 3078/1649/2592 3077/1647/2590
f 3080/1651/2594 3078/1649/2592 3079/1650/2593
f 3081/1652/2595 3078/1649/2592 3080/1651/2594
f 3081/1652/2595 3076/1648/2591 3078/1649/2592
f 3082/1653/2596 3076/1648/2591 3081/1652/2595
f 3076/1648/2591 3082/1653/2596 3069/1643/2585
f 3082/1653/2596 3068/1642/2583 3069/1643/2585
f 3078/1649/2592 3076/1648/2591 3075/1646/2589
f 3068/1642/2583 3083/1645/2597 3070/1641/2584
f 3084/1654/2598 3062/1637/2577 3083/1645/2597
f 3085/1655/2599 3084/1654/2598 3083/1645/2597
f 3085/1655/2599 3083/1645/2597 3086/1656/2600
f 3083/1645/2597 3062/1637/2577 3063/1636/2576
f 3086/1656/2600 3083/1645/2597 3068/1642/2583
f 3087/1657/2601 3086/1656/2600 3089/1658/2602
f 3087/1657/2601 3085/1655/2599 3086/1656/2600
f 3086/1656/2600 3088/1659/2603 3089/1658/2602
f 3088/1659/2603 3086/1656/2600 3068/1642/2583
f 3090/1660/2604 3087/1657/2601 3089/1658/2602
f 3090/1660/2604 3089/1658/2602 3091/1661/2605
f 3092/1662/2606 3090/1660/2604 3091/1661/2605
f 3093/1663/2607 3090/1660/2604 3092/1662/2606
f 3094/1664/2608 3090/1660/2604 3093/1663/2607
f 3095/696/2609 3098/695/2610 3094/1664/2608
f 3099/697/2611 3095/696/2609 3094/1664/2608
f 3094/1664/2608 3100/1665/2612 3090/1660/2604
f 3097/698/2613 3094/1664/2608 3096/1663/2614
f 3097/698/2613 3099/697/2611 3094/1664/2608
f 3098/695/2610 3100/1665/2612 3094/1664/2608
f 3100/1665/2612 3085/1655/2599 3087/1657/2601
f 3098/695/2610 3085/1655/2599 3100/1665/2612
f 3100/1665/2612 3087/1657/2601 3090/1660/2604
f 3101/694/2615 3085/1655/2599 3098/695/2610
f 3102/693/2616 3084/1654/2598 3101/694/2615
f 3101/694/2615 3084/1654/2598 3085/1655/2599
f 3102/693/2616 3103/646/2617 3084/1654/2598
f 3103/646/2617 2987/1578/2503 3084/1654/2598
f 3103/646/2617 3104/640/2618 2987/1578/2503
f 3104/640/2618 2986/1574/2502 2987/1578/2503
f 3105/699/2619 3097/698/2613 3096/1663/2614
f 3106/1666/2620 3107/1667/2621 3084/1654/2598
f 2987/1578/2503 3106/1666/2620 3084/1654/2598
f 3084/1654/2598 3107/1667/2621 3062/1637/2577
f 3107/1667/2621 3106/1666/2620 3110/1668/2622
f 3108/1637/2623 3107/1667/2621 3109/1669/2624
f 3109/1669/2624 3107/1667/2621 3110/1668/2622
f 3110/1668/2622 3106/1666/2620 3111/1670/2625
f 3109/1669/2624 3110/1668/2622 3112/1671/2626
f 3110/1668/2622 3111/1670/2625 3053/1627/2566
f 3112/1671/2626 3110/1668/2622 3053/1627/2566
f 3113/1634/2627 3112/1671/2626 3114/1632/2628
f 3113/1634/2627 3109/1669/2624 3112/1671/2626
f 3112/1671/2626 3055/1630/2569 3114/1632/2628
f 3055/1630/2569 3112/1671/2626 3053/1627/2566
f 3115/1637/2629 3109/1669/2624 3113/1634/2627
f 3111/1670/2625 3116/1672/2630 3053/1627/2566
f 3116/1672/2630 3111/1670/2625 3117/1673/2631
f 3111/1670/2625 3106/1666/2620 3117/1673/2631
f 3117/1673/2631 3106/1666/2620 3118/1674/2632
f 3117/1673/2631 3118/1674/2632 3049/1624/2563
f 3106/1666/2620 2987/1578/2503 3118/1674/2632
f 3118/1674/2632 3047/1622/2561 3049/1624/2563
f 2987/1578/2503 2988/1579/2504 3118/1674/2632
f 3119/1632/2633 3055/1630/2569 3056/1631/2570
f 3053/1627/2566 3120/1672/2634 3049/1624/2563
f 3121/1675/2635 3046/1621/2560 3047/1622/2561
f 3122/1574/2636 3124/638/2636 3123/637/2636
f 3125/624/2637 3127/625/2637 3126/628/2637
f 3128/628/2638 3129/1676/2639 3131/1677/2640
f 3128/628/2638 3130/90/2641 3129/1676/2639
f 3132/1676/2642 3134/90/2642 3133/36/2642
f 3135/90/2643 3137/32/2643 3136/36/2643
f 3138/1678/2644 3139/1519/2645 3141/1532/2646
f 3138/1678/2644 3140/1515/2647 3139/1519/2645
f 3142/428/2648 3144/388/2648 3143/436/2649
f 3145/441/2650 3147/412/2650 3146/407/2650
f 3148/1679/2651 3150/1054/2651 3149/1680/2651
f 3151/1054/2652 3153/1052/2653 3152/1680/2653
f 3154/1680/2654 3156/1052/2655 3155/1681/2655
f 3157/554/2656 3159/555/2656 3158/1682/2656
f 3160/555/2657 3162/553/2657 3161/1682/2657
f 3163/1682/2658 3165/553/2658 3164/1683/2658
f 3166/553/2659 3168/1684/2660 3167/1683/2661
f 3169/1685/2662 3171/552/2663 3170/1686/2663
f 3172/552/2664 3174/554/2664 3173/1686/2664
f 3175/1687/2665 3177/1688/2666 3176/1689/2665
f 3178/1549/2667 3180/1554/2668 3179/1551/2669
f 3180/1554/2668 3181/1471/2669 3179/1551/2669
f 3182/1551/2670 3184/1471/2671 3183/1553/2670
f 3185/1690/2672 3187/1691/2672 3186/1692/2672
f 3188/1693/2673 3190/1694/2673 3189/1695/2673
f 3191/1695/2674 3193/1694/2674 3192/1696/2674
f 3194/1696/2675 3195/1697/2676 3197/1698/2677
f 3194/1696/2675 3196/1694/2678 3195/1697/2676
f 3198/1699/2679 3200/1700/2679 3199/1701/2679
f 3201/1694/2680 3203/1693/2680 3202/1702/2680
f 3204/1701/2681 3206/1703/2682 3205/1704/2683
f 3205/1704/2683 3206/1703/2682 3207/1705/2684
f 3208/1706/2685 3210/1707/2685 3209/1708/2685
f 3211/1709/2686 3213/1708/2686 3212/1710/2686
f 3214/1710/2687 3216/1708/2687 3215/1711/2687
f 3217/1708/2688 3219/1707/2688 3218/1711/2688
f 3220/1707/2689 3222/1706/2690 3221/1711/2689
f 3223/1711/2691 3225/1706/2691 3224/1712/2691
f 3226/1706/2692 3228/1713/2692 3227/1712/2692
f 3229/1712/2693 3230/1714/2694 3232/1715/2695
f 3229/1712/2693 3231/1713/2696 3230/1714/2694
f 3230/1714/2694 3231/1713/2696 3233/1716/2697
f 3234/1717/2698 3230/1714/2694 3233/1716/2697
f 3234/1717/2698 3233/1716/2697 3235/1718/2699
f 3230/1714/2694 3234/1717/2698 3236/1719/2700
f 3237/1716/2701 3239/1693/2701 3238/1720/2701
f 3240/1693/2702 3242/1695/2703 3241/1720/2704
f 3243/1720/2705 3244/1698/2706 3246/1718/2707
f 3243/1720/2705 3245/1695/2708 3244/1698/2706
f 3246/1718/2707 3247/1721/2709 3248/1722/2710
f 3244/1698/2706 3247/1721/2709 3246/1718/2707
f 3249/1695/2711 3251/1696/2711 3250/1698/2711
f 3252/1699/2712 3254/1701/2713 3253/1723/2714
f 3253/1723/2714 3254/1701/2713 3255/1724/2715
f 3256/1723/2716 3258/1725/2717 3257/1726/2709
f 3259/1726/2718 3261/1725/2718 3260/1727/2718
f 3262/1725/2719 3264/1723/2720 3263/1727/2721
f 3265/1727/2722 3266/1728/2723 3268/1729/2724
f 3265/1727/2722 3267/1723/2725 3266/1728/2723
f 3269/1728/2726 3271/1723/2726 3270/1724/2727
f 3272/1701/2728 3274/1704/2728 3273/1724/2728
f 3275/1690/2729 3277/1724/2729 3276/1730/2729
f 3278/1724/2730 3280/1704/2730 3279/1730/2730
f 3281/1713/2731 3283/1706/2731 3282/1731/2731
f 3284/1731/2732 3285/1732/2733 3287/1733/2734
f 3284/1731/2732 3286/1706/2735 3285/1732/2733
f 3288/1706/2736 3290/1708/2736 3289/1732/2736
f 3291/1708/2737 3293/1709/2738 3292/1732/2739
f 3293/1709/2738 3294/1734/2740 3292/1732/2739
f 3295/1735/2741 3297/1710/2742 3296/1736/2743
f 3297/1710/2742 3295/1735/2741 3298/1737/2744
f 3297/1710/2742 3299/1711/2745 3296/1736/2743
f 3300/1736/2746 3301/1738/2747 3303/1739/2748
f 3300/1736/2746 3302/1711/2749 3301/1738/2747
f 3302/1711/2749 3304/1712/2750 3301/1738/2747
f 3305/1738/2751 3307/1712/2751 3306/1715/2751
f 3308/1714/2752 3310/1740/2752 3309/1715/2752
f 3311/1715/2753 3313/1740/2753 3312/1719/2754
f 3314/1740/2755 3316/1714/2755 3315/1719/2755
f 3317/1719/2756 3319/1717/2757 3318/1741/2758
f 3318/1741/2758 3319/1717/2757 3320/1718/2759
f 3321/1716/2760 3323/1720/2760 3322/1718/2760
f 3324/1742/2761 3325/1743/2762 3328/1744/2763
f 3324/1742/2761 3326/1745/2764 3325/1743/2762
f 3327/1746/2765 3324/1742/2761 3328/1744/2763
f 3329/1743/2766 3331/1745/2766 3330/1747/2766
f 3332/1747/2767 3334/1745/2767 3333/1748/2768
f 3335/1749/2769 3336/1750/2770 3338/1751/2771
f 3335/1749/2769 3337/1748/2772 3336/1750/2770
f 3338/1751/2771 3336/1750/2770 3339/1752/2773
f 3340/1748/2774 3342/1745/2775 3341/1750/2775
f 3343/1745/2776 3345/1742/2776 3344/1750/2776
f 3346/1750/2777 3348/1742/2777 3347/1746/2778
f 3349/1744/2779 3351/1743/2779 3350/1753/2779
f 3352/1753/2780 3354/1743/2781 3353/1754/2782
f 3354/1743/2781 3355/1747/2783 3353/1754/2782
f 3353/1754/2782 3355/1747/2783 3356/1755/2784
f 3357/1756/2785 3359/1757/2786 3358/1758/2787
f 3359/1757/2786 3360/1759/2788 3358/1758/2787
f 3361/452/2789 3363/1758/2790 3362/1760/2791
f 3362/1760/2791 3363/1758/2790 3364/1761/2792
f 3365/1762/2793 3367/1760/2793 3366/1763/2793
f 3368/1763/2794 3370/1760/2794 3369/1761/2795
f 3371/1761/2796 3373/1758/2797 3372/1764/2797
f 3374/1758/2798 3376/1759/2799 3375/1764/2800
f 3375/1764/2800 3376/1759/2799 3377/1755/2801
f 3378/1759/2802 3380/1754/2803 3379/1755/2804
f 3380/1754/2803 3378/1759/2802 3381/1765/2805
f 3382/1747/2806 3384/1766/2806 3383/1755/2806
f 3385/1766/2807 3387/1767/2807 3386/1755/2807
f 3388/1768/2808 3390/1755/2808 3389/1769/2808
f 3391/1755/2809 3393/1767/2809 3392/1769/2809
f 3394/1722/2810 3396/1721/2810 3395/1770/2810
f 3397/1771/2811 3399/1726/2812 3398/1772/2813
f 3398/1772/2813 3399/1726/2812 3400/1773/2814
f 3401/1726/2815 3403/1727/2816 3402/1773/2817
f 3402/1773/2817 3403/1727/2816 3404/1729/2818
f 3405/1774/2819 3406/1729/2820 3408/1775/2821
f 3405/1774/2819 3407/1773/2822 3406/1729/2820
f 3409/1728/2823 3411/1724/2824 3410/1729/2823
f 3412/1724/2825 3414/1690/2826 3413/1729/2826
f 3415/1690/2827 3417/1776/2828 3416/1729/2827
f 3418/1729/2829 3420/1776/2829 3419/1777/2829
f 3421/1776/2830 3423/1778/2831 3422/1777/2832
f 3422/1777/2832 3423/1778/2831 3424/1779/2833
f 3425/516/2834 3427/471/2834 3426/1780/2834
f 3428/1780/2835 3430/471/2836 3429/1781/2837
f 3431/1557/2838 3433/1559/2838 3432/1782/2838
f 3434/1782/2839 3436/1559/2839 3435/563/2839
f 3437/561/2840 3438/1783/2841 3440/1784/2842
f 3437/561/2840 3439/560/2843 3438/1783/2841
f 3439/560/2843 3441/564/2844 3438/1783/2841
f 3442/1785/2845 3444/1783/2846 3443/1786/2847
f 3444/1783/2846 3445/564/2848 3443/1786/2847
f 3446/1787/2847 3448/556/2848 3447/1788/2849
f 3449/556/2850 3451/558/2851 3450/1788/2852
f 3452/1789/2851 3454/1565/2853 3453/1790/2854
f 3454/1565/2853 3455/1566/2855 3453/1790/2854
f 3456/1566/2856 3458/1567/2857 3457/1790/2856
f 3459/1790/2858 3461/1567/2858 3460/1791/2859
f 3462/1791/2860 3464/1567/2861 3463/1792/2862
f 3465/1567/2863 3467/1500/2864 3466/1792/2865
f 3467/1500/2864 3468/1568/2866 3466/1792/2865
f 3469/1572/2867 3471/704/2868 3470/1793/2869
f 3471/704/2868 3472/703/2870 3470/1793/2869
f 3473/1794/2871 3475/1795/2871 3474/1796/2871
f 3476/1796/2872 3477/1797/2873 3479/1798/2874
f 3476/1796/2872 3478/1795/2875 3477/1797/2873
f 3479/1798/2874 3477/1797/2873 3481/1799/2876
f 3480/1800/2877 3479/1798/2874 3481/1799/2876
f 3478/1795/2875 3482/1801/2878 3477/1797/2873
f 3483/1802/2879 3485/1803/2880 3484/1804/2879
f 3486/1805/2881 3488/1806/2882 3487/1807/2882
f 3489/1807/2883 3491/1806/2883 3490/1808/2883
f 3492/1808/2884 3494/1806/2884 3493/1809/2884
f 3495/1803/2885 3497/1802/2886 3496/1810/2887
f 3498/1810/2888 3499/1811/2889 3501/1812/2890
f 3498/1810/2888 3500/1802/2891 3499/1811/2889
f 3502/1811/2892 3504/1802/2893 3503/1813/2893
f 3505/1802/2894 3507/1804/2894 3506/1813/2895
f 3508/1813/2896 3510/1804/2896 3509/1814/2896
f 3511/1805/2897 3513/1807/2897 3512/1815/2897
f 3514/1815/2898 3515/1816/2899 3518/1817/2900
f 3514/1815/2898 3516/1807/2901 3515/1816/2899
f 3517/1818/2902 3514/1815/2898 3518/1817/2900
f 3519/1807/2903 3521/1808/2903 3520/1816/2903
f 3522/1816/2904 3524/1808/2904 3523/1819/2904
f 3525/1808/2905 3527/1809/2905 3526/1819/2905
f 3528/1820/2906 3529/1812/2907 3531/1821/2908
f 3528/1820/2906 3530/1810/2909 3529/1812/2907
f 3529/1812/2907 3532/1822/2910 3531/1821/2908
f 3533/1812/2911 3535/1811/2911 3534/1822/2911
f 3536/1822/2912 3538/1811/2913 3537/1823/2914
f 3539/1811/2915 3541/1813/2916 3540/1823/2915
f 3542/1813/2917 3544/1814/2918 3543/1823/2919
f 3544/1814/2918 3545/1824/2920 3543/1823/2919
f 3546/1797/2921 3548/1801/2921 3547/1825/2921
f 3549/1825/2922 3551/1801/2923 3550/1826/2924
f 3551/1801/2923 3552/1795/2925 3550/1826/2924
f 3553/1795/2926 3555/1794/2927 3554/1826/2928
f 3554/1826/2928 3555/1794/2927 3556/1827/2929
f 3555/1794/2927 3557/1828/2870 3556/1827/2929
f 3558/671/2930 3560/668/2931 3559/670/2931
f 3561/1675/2932 3563/1579/2933 3562/1621/2934
f 3563/1579/2933 3561/1675/2932 3564/1674/2935
f 3565/1579/2936 3567/1575/2937 3566/1621/2936
f 3568/1621/2938 3570/1575/2938 3569/1580/2938
f 3571/631/2939 3573/628/2939 3572/1677/2939
f 3574/1677/2940 3575/44/2941 3577/1829/2942
f 3574/1677/2940 3576/1676/2943 3575/44/2941
f 3578/1676/2944 3580/36/2944 3579/44/2944
f 3581/44/2945 3583/41/2946 3582/46/2947
f 3584/46/2948 3586/45/2948 3585/1830/2948
f 3587/45/2949 3589/48/2949 3588/1830/2950
f 3590/1830/2951 3592/48/2952 3591/1831/2952
f 3593/48/2953 3595/54/2953 3594/1831/2953
f 3596/54/2954 3598/60/2954 3597/1831/2954
f 3599/1831/2955 3600/64/2956 3603/1832/2957
f 3599/1831/2955 3601/60/2958 3600/64/2956
f 3602/1833/2959 3599/1831/2955 3603/1832/2957
f 3604/1515/2960 3606/1678/2960 3605/1532/2960
f 3607/435/2961 3609/433/2962 3608/1834/2963
f 3610/1834/2964 3612/433/2964 3611/368/2964
f 3613/436/2965 3615/384/2965 3614/371/2965
f 3616/392/2966 3618/406/2966 3617/394/2966
f 3619/1054/2967 3621/1679/2968 3620/411/2969
f 3621/1679/2968 3622/1835/2970 3620/411/2969
f 3623/411/2971 3624/1836/2972 3627/1837/2973
f 3623/411/2971 3625/1835/2974 3624/1836/2972
f 3626/1838/2975 3623/411/2971 3627/1837/2973
f 3628/1835/2976 3630/1679/2976 3629/1836/2976
f 3631/1836/2977 3633/1679/2977 3632/1839/2977
f 3634/1679/2978 3636/1680/2978 3635/1839/2978
f 3637/1680/2979 3639/1681/2979 3638/1839/2979
f 3640/1839/2980 3642/1681/2981 3641/1840/2981
f 3643/1841/2982 3645/1687/2982 3644/1842/2982
f 3646/1842/2983 3648/1687/2983 3647/1843/2983
f 3649/1687/2984 3651/1689/2984 3650/1843/2984
f 3652/1689/2985 3654/1844/2985 3653/1843/2985
f 3655/1845/2986 3657/552/2986 3656/1846/2987
f 3658/552/2988 3660/1685/2988 3659/1846/2988
f 3661/520/2989 3663/522/2990 3662/1847/2991
f 3663/522/2990 3664/548/2992 3662/1847/2991
f 3665/1848/2993 3667/526/2994 3666/539/2995
f 3667/526/2994 3668/525/2996 3666/539/2995
f 3669/525/2997 3671/537/2997 3670/539/2998
f 3672/539/2999 3674/538/2999 3673/1849/2999
f 3675/538/3000 3677/544/3001 3676/1849/3002
f 3678/1850/3003 3680/1851/3004 3679/1852/3005
f 3680/1851/3004 3681/1844/3006 3679/1852/3005
f 3679/1852/3005 3681/1844/3006 3682/1853/3007
f 3681/1844/3006 3683/1689/3008 3682/1853/3007
f 3683/1689/3008 3684/1854/3009 3682/1853/3007
f 3679/1852/3005 3682/1853/3007 3685/1855/3010
f 3686/1853/3011 3688/1854/3011 3687/1856/3011
f 3689/1050/3012 3691/1049/3012 3690/1857/3012
f 3692/1857/3013 3693/1043/3014 3695/1858/3015
f 3692/1857/3013 3694/1049/3016 3693/1043/3014
f 3696/1553/3017 3698/1859/3017 3697/1552/3017
f 3699/1709/3018 3701/1710/3018 3700/1737/3018
f 3702/1860/3019 3704/1691/3020 3703/1861/3021
f 3704/1691/3020 3705/1690/3022 3703/1861/3021
f 3706/1690/3023 3708/1730/3023 3707/1861/3023
f 3709/1738/3024 3711/1862/3025 3710/1739/3026
f 3711/1862/3025 3712/1863/3027 3710/1739/3026
f 3713/1864/3028 3715/1865/3029 3714/1775/3030
f 3715/1865/3029 3716/1774/3031 3714/1775/3030
f 3717/1729/3032 3719/1777/3032 3718/1775/3032
f 3720/1775/3033 3721/1866/3034 3723/1867/3035
f 3720/1775/3033 3722/1777/3036 3721/1866/3034
f 3724/1777/3037 3726/1779/3038 3725/1866/3039
f 3725/1866/3039 3726/1779/3038 3727/1868/3040
f 3728/1779/3041 3730/1869/3041 3729/1868/3041
f 3731/1869/3042 3733/1870/3042 3732/1868/3042
f 3734/1870/3043 3736/1871/3043 3735/1868/3043
f 3737/1872/3044 3739/1873/3044 3738/1874/3044
f 3740/1873/3045 3742/468/3046 3741/1874/3046
f 3743/1874/3047 3745/468/3048 3744/1875/3049
f 3745/468/3048 3746/1876/3050 3744/1875/3049
f 3747/1875/3051 3748/1877/3052 3750/1878/3053
f 3747/1875/3051 3749/1876/3054 3748/1877/3052
f 3751/1876/3055 3753/468/3056 3752/1877/3057
f 3753/468/3056 3754/470/3058 3752/1877/3057
f 3755/1877/3059 3757/470/3060 3756/497/3061
f 3757/470/3060 3758/495/3062 3756/497/3061
f 3759/496/3063 3761/498/3063 3760/497/3063
f 3762/497/3064 3763/1879/3065 3765/1880/3066
f 3762/497/3064 3764/498/3067 3763/1879/3065
f 3766/498/3068 3768/499/3068 3767/1879/3068
f 3769/1879/3069 3770/1881/3070 3772/1882/3071
f 3769/1879/3069 3771/499/3072 3770/1881/3070
f 3770/1881/3070 3771/499/3072 3773/1883/3073
f 3774/1884/3074 3775/1885/3075 3777/1886/3076
f 3774/1884/3074 3776/1887/3077 3775/1885/3075
f 3778/499/3077 3780/500/3078 3779/503/3075
f 3780/500/3078 3781/501/3079 3779/503/3075
f 3782/1885/3080 3784/504/3081 3783/1888/3082
f 3785/1888/3083 3787/504/3084 3786/1889/3085
f 3787/504/3084 3788/505/3086 3786/1889/3085
f 3786/1889/3085 3788/505/3086 3789/508/3087
f 3788/505/3086 3790/485/3088 3789/508/3087
f 3791/1890/3089 3793/1891/3089 3792/508/3089
f 3794/1891/3090 3796/1889/3091 3795/508/3092
f 3796/1889/3091 3794/1891/3090 3797/1892/3093
f 3797/1892/3093 3794/1891/3090 3798/1893/3094
f 3798/1893/3094 3794/1891/3090 3799/1894/3095
f 3798/1893/3094 3799/1894/3095 3800/1895/3096
f 3797/1892/3093 3798/1893/3094 3800/1895/3096
f 3801/1888/3097 3796/1889/3091 3797/1892/3093
f 3802/506/3098 3804/563/3098 3803/507/3098
f 3805/563/3099 3807/561/3100 3806/507/3099
f 3808/507/3101 3809/1784/3102 3811/509/3103
f 3808/507/3101 3810/561/3104 3809/1784/3102
f 3812/1783/3105 3814/1785/3106 3813/1784/3107
f 3813/1784/3107 3814/1785/3106 3815/1896/3108
f 3816/1896/3109 3817/1897/3110 3819/1898/3111
f 3816/1896/3109 3818/1785/3112 3817/1897/3110
f 3820/1899/3113 3822/1897/3114 3821/1900/3113
f 3823/1897/3115 3825/1785/3116 3824/1900/3116
f 3826/1785/3117 3828/1786/3118 3827/1900/3119
f 3828/1786/3118 3829/1901/3120 3827/1900/3119
f 3830/1901/3121 3832/1902/3121 3831/1900/3121
f 3833/1902/3122 3835/1903/3123 3834/1900/3124
f 3836/1900/3125 3838/1903/3126 3837/1904/3127
f 3838/1903/3126 3839/1905/3128 3837/1904/3127
f 3839/1905/3128 3840/1906/3129 3837/1904/3127
f 3840/1906/3129 3841/1907/3130 3837/1904/3127
f 3842/1904/3131 3843/1908/3132 3846/1909/3133
f 3842/1904/3131 3844/1907/3134 3843/1908/3132
f 3845/1900/3135 3842/1904/3131 3846/1909/3133
f 3847/1910/3136 3849/1818/3136 3848/1817/3137
f 3850/1817/3138 3852/1816/3138 3851/1911/3138
f 3853/1816/3139 3855/1819/3139 3854/1911/3139
f 3856/1911/3140 3858/1819/3140 3857/1912/3140
f 3859/1913/3141 3861/1914/3142 3860/1915/3143
f 3861/1914/3142 3859/1913/3141 3862/1916/3144
f 3863/1915/3145 3865/1914/3145 3864/1917/3145
f 3866/1918/3146 3867/1916/3147 3869/1919/3148
f 3866/1918/3146 3868/1917/3149 3867/1916/3147
f 3867/1916/3147 3873/1920/3150 3869/1919/3148
f 3871/1921/3151 3870/1918/3152 3869/1919/3153
f 3871/1921/3151 3869/1919/3153 3872/1922/3154
f 3867/1916/3147 3874/1923/3155 3873/1920/3150
f 3875/1924/3156 3870/1918/3152 3871/1921/3151
f 3868/1917/3149 3876/1914/3157 3867/1916/3147
f 3877/1913/3158 3879/1825/3159 3878/1916/3160
f 3879/1825/3159 3880/1826/3161 3878/1916/3160
f 3881/1826/3162 3883/1827/3163 3882/1916/3164
f 3883/1827/3163 3884/1923/3165 3882/1916/3164
f 3885/1674/3166 3887/1675/3166 3886/1622/3167
f 3888/1591/3168 3890/630/3169 3889/632/3169
f 3891/631/3170 3893/1677/3171 3892/634/3170
f 3894/634/3172 3896/1925/3172 3895/1926/3172
f 3897/1926/3173 3899/1925/3173 3898/1829/3173
f 3900/1925/3174 3902/634/3175 3901/1829/3175
f 3903/634/3176 3905/1677/3176 3904/1829/3176
f 3906/1829/3177 3908/44/3178 3907/1927/3179
f 3908/44/3178 3909/46/3180 3907/1927/3179
f 3910/46/3181 3912/1830/3181 3911/1927/3182
f 3913/1927/3183 3915/1830/3183 3914/1833/3184
f 3916/1830/3185 3918/1831/3185 3917/1833/3185
f 3919/1532/3186 3921/1525/3186 3920/1531/3187
f 3922/1928/3188 3923/1526/3189 3925/1530/3190
f 3922/1928/3188 3924/1531/3191 3923/1526/3189
f 3926/1834/3192 3928/368/3192 3927/366/3192
f 3929/366/3193 3931/368/3194 3930/365/3195
f 3932/378/3196 3934/379/3196 3933/383/3196
f 3935/392/3197 3937/394/3198 3936/393/3199
f 3938/395/3200 3940/405/3201 3939/1838/3202
f 3940/405/3201 3941/411/3203 3939/1838/3202
f 3942/1837/3204 3944/1836/3205 3943/1929/3206
f 3944/1836/3205 3945/1839/3207 3943/1929/3206
f 3946/1839/3208 3948/1840/3209 3947/1929/3210
f 3949/1930/3209 3951/1848/3211 3950/1931/3210
f 3952/1848/3212 3954/539/3213 3953/1931/3214
f 3953/1931/3214 3954/539/3213 3955/1932/3215
f 3956/1932/3216 3958/539/3216 3957/1933/3216
f 3959/1933/3217 3960/1934/3218 3963/1935/3219
f 3959/1933/3217 3961/539/3220 3960/1934/3218
f 3962/1932/3221 3959/1933/3217 3963/1935/3219
f 3964/539/3222 3966/1849/3222 3965/1934/3222
f 3967/1934/3223 3968/1936/3224 3970/1937/3225
f 3967/1934/3223 3969/1849/3226 3968/1936/3224
f 3971/1938/3227 3973/1850/3227 3972/1855/3228
f 3974/1850/3229 3976/1852/3229 3975/1855/3230
f 3977/1853/3231 3979/1856/3232 3978/1855/3232
f 3980/1939/3233 3982/1940/3233 3981/1941/3233
f 3983/1941/3234 3984/1942/3235 3986/1943/3236
f 3983/1941/3234 3985/1940/3237 3984/1942/3235
f 3987/1944/3238 3989/1864/3238 3988/1867/3238
f 3990/1864/3239 3992/1775/3239 3991/1867/3239
f 3993/1945/3240 3994/1878/3241 3996/1946/3242
f 3993/1945/3240 3995/1947/3243 3994/1878/3241
f 3994/1878/3241 3997/1880/3244 3996/1946/3242
f 3995/1947/3243 3998/1872/3245 3994/1878/3241
f 3998/1872/3245 3999/1874/3246 3994/1878/3241
f 4000/1874/3247 4002/1875/3247 4001/1878/3248
f 4003/1878/3249 4005/1877/3249 4004/1880/3249
f 4006/1877/3250 4008/497/3251 4007/1880/3251
f 4009/1879/3252 4011/1948/3253 4010/1880/3254
f 4012/456/3255 4014/1880/3256 4013/1949/3257
f 4014/1880/3256 4012/456/3255 4015/1950/3258
f 4012/456/3255 4016/455/3259 4015/1950/3258
f 4017/1880/3260 4019/1948/3261 4018/1949/3261
f 4020/1949/3262 4022/1948/3263 4021/1951/3264
f 4021/1951/3264 4022/1948/3263 4023/1952/3265
f 4024/1953/3266 4021/1951/3264 4023/1952/3265
f 4021/1951/3264 4024/1953/3266 4025/1954/3267
f 4026/1955/3268 4028/1956/3269 4027/1957/3268
f 4029/1958/3270 4031/1953/3270 4030/1952/3270
f 4032/1948/3271 4034/1879/3272 4033/1952/3273
f 4033/1952/3273 4034/1879/3272 4035/1882/3274
f 4036/1882/3275 4038/1881/3275 4037/1959/3275
f 4039/1881/3276 4041/1883/3276 4040/1959/3276
f 4042/1883/3277 4044/1960/3277 4043/1959/3277
f 4045/1771/3278 4047/1772/3278 4046/1961/3279
f 4048/1772/3280 4050/1773/3281 4049/1961/3282
f 4050/1773/3281 4051/1774/3283 4049/1961/3282
f 4052/1962/3284 4053/1963/3285 4055/1964/3286
f 4052/1962/3284 4054/1965/3287 4053/1963/3285
f 4056/1963/3288 4058/1965/3288 4057/1966/3288
f 4059/1965/3289 4061/1967/3289 4060/1966/3289
f 4062/467/3290 4064/466/3290 4063/1968/3290
f 4065/1968/3291 4067/466/3291 4066/1941/3291
f 4068/1941/3292 4070/466/3292 4069/1969/3293
f 4071/1969/3294 4073/466/3294 4072/1970/3294
f 4074/466/3295 4076/464/3296 4075/1970/3295
f 4077/464/3297 4079/465/3297 4078/1970/3297
f 4080/1963/3298 4082/1966/3298 4081/1971/3298
f 4083/1971/3299 4085/1966/3300 4084/1972/3301
f 4084/1972/3301 4085/1966/3300 4086/1973/3302
f 4087/1968/3303 4089/1941/3303 4088/1943/3304
f 4090/1974/3305 4092/1975/3305 4091/1973/3305
f 4093/1973/3306 4095/1975/3306 4094/1976/3306
f 4096/1976/3307 4098/1975/3307 4097/1977/3307
f 4099/1975/3308 4101/1974/3309 4100/1977/3308
f 4102/455/3310 4104/454/3311 4103/1950/3312
f 4105/1950/3313 4107/454/3314 4106/1978/3314
f 4108/454/3315 4110/456/3315 4109/1978/3315
f 4111/456/3316 4113/1949/3316 4112/1978/3316
f 4114/1978/3317 4116/1949/3318 4115/1979/3319
f 4116/1949/3318 4117/1951/3320 4115/1979/3319
f 4118/1979/3321 4119/1954/3322 4122/1980/3323
f 4118/1979/3321 4120/1951/3324 4119/1954/3322
f 4121/1981/3325 4118/1979/3321 4122/1980/3323
f 4123/1890/3326 4125/508/3326 4124/509/3326
f 4126/1784/3327 4128/1896/3327 4127/509/3328
f 4129/509/3329 4130/1898/3330 4132/1982/3331
f 4129/509/3329 4131/1896/3332 4130/1898/3330
f 4133/1898/3333 4135/1897/3334 4134/1983/3334
f 4136/1897/3335 4138/1899/3335 4137/1983/3335
f 4139/1983/3336 4141/1899/3337 4140/1909/3338
f 4141/1899/3337 4142/1900/3339 4140/1909/3338
f 4143/1984/3340 4144/1985/3341 4146/1986/3342
f 4143/1984/3340 4145/1798/3343 4144/1985/3341
f 4145/1798/3343 4147/1800/3344 4144/1985/3341
f 4144/1985/3341 4147/1800/3344 4148/1987/3345
f 4149/1987/3346 4151/1800/3346 4150/1988/3346
f 4152/1800/3347 4154/1799/3347 4153/1988/3348
f 4155/1989/3349 4157/1910/3350 4156/1990/3351
f 4157/1910/3350 4158/1817/3352 4156/1990/3351
f 4159/1990/3353 4161/1817/3353 4160/1991/3353
f 4162/1817/3354 4164/1911/3355 4163/1991/3354
f 4165/1911/3356 4167/1912/3356 4166/1991/3356
f 4168/1991/3357 4170/1912/3357 4169/1992/3357
f 4171/1912/3358 4173/1993/3359 4172/1992/3360
f 4172/1992/3360 4173/1993/3359 4174/1994/3361
f 4175/1917/3359 4177/1918/3362 4176/1924/3361
f 4178/674/3363 4180/678/3364 4179/1995/3148
f 4179/1995/3148 4180/678/3364 4181/680/3365
f 4179/1995/3148 4181/680/3365 4182/701/3366
f 4183/682/3367 4185/683/3368 4184/686/3368
f 4186/1672/3369 4188/1673/3369 4187/1624/3369
f 4189/1996/3370 4190/1997/3371 4194/1998/3372
f 4189/1996/3370 4191/1999/3373 4190/1997/3371
f 4191/1999/3373 4189/1996/3370 4192/2000/3374
f 4192/2000/3374 4189/1996/3370 4193/2001/3375
f 4193/2001/3375 4189/1996/3370 4194/1998/3372
f 4194/1998/3372 4195/2002/3376 4196/2003/3377
f 4194/1998/3372 4190/1997/3371 4195/2002/3376
f 4197/2004/3378 4194/1998/3372 4196/2003/3377
f 4197/2004/3378 4193/2001/3375 4194/1998/3372
f 4198/2005/3379 4197/2004/3378 4196/2003/3377
f 4196/2003/3377 4195/2002/3376 4199/2006/3380
f 4195/2002/3376 4200/2007/3381 4199/2006/3380
f 4200/2007/3381 4201/2008/3382 4199/2006/3380
f 4199/2006/3380 4201/2008/3382 4202/2009/3383
f 4199/2006/3380 4202/2009/3383 4204/2010/3384
f 4203/2003/3385 4199/2006/3380 4204/2010/3384
f 4205/2011/3386 4203/2003/3385 4204/2010/3384
f 4206/2005/3387 4203/2003/3385 4205/2011/3386
f 4201/2008/3382 4207/2012/3388 4202/2009/3383
f 4201/2008/3382 4200/2007/3381 4207/2012/3388
f 4195/2002/3376 4208/2013/2509 4200/2007/3381
f 4190/1997/3371 4209/2014/3389 4208/2013/2509
f 4190/1997/3371 4208/2013/2509 4195/2002/3376
f 4210/2015/2565 4191/1999/3373 4192/2000/3374
f 4211/632/3390 4213/633/3391 4212/1592/3392
f 4212/1592/3392 4213/633/3391 4214/1616/3393
f 4215/633/3394 4217/634/3395 4216/1615/3396
f 4217/634/3395 4218/1926/3397 4216/1615/3396
f 4216/1615/3396 4218/1926/3397 4219/2016/3398
f 4219/2016/3398 4218/1926/3397 4220/2017/429
f 4218/1926/3397 4221/1829/3399 4220/2017/429
f 4221/1829/3399 4222/1927/3400 4220/2017/429
f 4216/1615/3396 4219/2016/3398 4223/1613/3401
f 4223/1613/3401 4219/2016/3398 4224/1611/3402
f 4224/1611/3402 4219/2016/3398 4225/1610/3403
f 4226/1927/3404 4228/1833/3405 4227/2017/3406
f 4228/1833/3405 4229/1832/3407 4227/2017/3406
f 4230/1531/3408 4232/1928/3408 4231/1530/3408
f 4233/372/3409 4235/374/3409 4234/375/3410
f 4236/378/3411 4238/383/3412 4237/376/3413
f 4237/376/3413 4238/383/3412 4239/377/3414
f 4240/396/3415 4242/395/3415 4241/2018/3415
f 4243/2018/3416 4244/2019/3417 4246/2020/3418
f 4243/2018/3416 4245/395/3419 4244/2019/3417
f 4245/395/3419 4247/1838/3420 4244/2019/3417
f 4248/2019/3421 4249/2021/3422 4251/2022/3423
f 4248/2019/3421 4250/1838/3424 4249/2021/3422
f 4250/1838/3424 4252/1837/3425 4249/2021/3422
f 4249/2021/3422 4252/1837/3425 4253/2023/3426
f 4254/2024/3427 4256/1931/3428 4255/2025/3427
f 4257/2025/3429 4259/1931/3430 4258/2026/3429
f 4260/1931/3431 4262/1932/3431 4261/2026/3431
f 4263/2026/3432 4265/1932/3433 4264/1935/3433
f 4266/1935/3434 4267/1937/3435 4269/2027/3436
f 4266/1935/3434 4268/1934/3437 4267/1937/3435
f 4270/1937/3438 4271/2028/3439 4274/2029/3440
f 4270/1937/3438 4272/1936/3441 4271/2028/3439
f 4273/2027/3442 4270/1937/3438 4274/2029/3440
f 4275/1936/3443 4277/2030/3443 4276/2028/3443
f 4278/1939/3444 4280/1941/3445 4279/2031/3446
f 4280/1941/3445 4281/1969/3447 4279/2031/3446
f 4282/1969/3448 4284/2032/3449 4283/2031/3450
f 4285/1862/3449 4287/1738/3451 4286/2028/3452
f 4288/1738/3453 4290/1715/3454 4289/2028/3455
f 4289/2028/3455 4290/1715/3454 4291/2033/3456
f 4292/1715/3457 4294/1719/3457 4293/2033/3457
f 4295/1719/3458 4297/1741/3459 4296/2033/3460
f 4296/2033/3460 4297/1741/3459 4298/2034/3461
f 4297/1741/3459 4299/1718/3462 4298/2034/3461
f 4300/1718/3463 4302/1722/3463 4301/2034/3463
f 4303/1767/3464 4305/1766/3465 4304/2035/3464
f 4306/2035/3466 4307/2036/3467 4309/2037/3468
f 4306/2035/3466 4308/1766/3469 4307/2036/3467
f 4309/2037/3468 4307/2036/3467 4310/2038/3470
f 4311/2036/3471 4313/1766/3472 4312/2039/3473
f 4313/1766/3472 4314/1747/3474 4312/2039/3473
f 4315/1747/3475 4317/1748/3476 4316/2039/3477
f 4316/2039/3477 4317/1748/3476 4318/2040/3478
f 4319/1748/3479 4321/1749/3479 4320/2040/3479
f 4322/2040/3480 4324/1749/3481 4323/2041/3482
f 4324/1749/3481 4325/2042/3483 4323/2041/3482
f 4326/2041/3484 4327/2043/3485 4329/2044/3486
f 4326/2041/3484 4328/2042/3487 4327/2043/3485
f 4330/2043/3488 4331/2045/3489 4333/2046/3490
f 4330/2043/3488 4332/2042/3491 4331/2045/3489
f 4334/2042/3492 4336/1749/3492 4335/2045/3492
f 4337/2045/3493 4338/1751/3494 4340/2047/3495
f 4337/2045/3493 4339/1749/3496 4338/1751/3494
f 4341/2048/3497 4342/1752/3498 4344/2049/3499
f 4341/2048/3497 4343/1751/3500 4342/1752/3498
f 4345/1750/3501 4347/1746/3501 4346/1752/3501
f 4348/1746/3502 4350/1744/3503 4349/1752/3503
f 4351/1744/3504 4353/1753/3504 4352/1752/3504
f 4354/1752/3505 4356/1753/3506 4355/1765/3507
f 4357/1753/3508 4359/1754/3508 4358/1765/3508
f 4360/1765/3509 4362/1759/3510 4361/2050/3511
f 4362/1759/3510 4363/1757/3512 4361/2050/3511
f 4364/2050/3513 4366/1757/3514 4365/453/3513
f 4367/1757/3515 4369/1756/3516 4368/453/3515
f 4370/1756/3517 4372/1758/3517 4371/453/3517
f 4373/1758/3518 4375/452/3519 4374/453/3518
f 4376/2051/3520 4378/2052/3521 4377/2053/3520
f 4379/2054/3522 4381/2055/3523 4380/2056/3524
f 4381/2055/3523 4379/2054/3522 4382/2057/3525
f 4383/2058/3526 4384/2059/3527 4387/2060/3528
f 4383/2058/3526 4385/2061/3523 4384/2059/3527
f 4386/2062/3529 4383/2058/3526 4387/2060/3528
f 4386/2062/3529 4387/2060/3528 4388/2063/3530
f 4390/2064/3531 4388/2063/3530 4389/2065/3532
f 4390/2064/3531 4386/2062/3529 4388/2063/3530
f 4391/2066/3533 4392/2067/3534 4390/2064/3531
f 4392/2067/3534 4386/2062/3529 4390/2064/3531
f 4393/2061/3535 4395/449/3535 4394/2059/3536
f 4396/449/3537 4398/447/3538 4397/2059/3539
f 4397/2059/3539 4398/447/3538 4399/2068/3540
f 4400/447/3541 4402/446/3542 4401/2068/3543
f 4403/2068/3544 4405/446/3545 4404/2069/3545
f 4406/446/3546 4408/448/3547 4407/2069/3547
f 4409/2069/3548 4410/2070/3549 4413/2071/3550
f 4409/2069/3548 4411/448/3551 4410/2070/3549
f 4412/2072/3552 4409/2069/3548 4413/2071/3550
f 4412/2072/3552 4413/2071/3550 4414/2073/3553
f 4413/2071/3550 4415/2074/3554 4414/2073/3553
f 4416/2075/3555 4412/2072/3552 4414/2073/3553
f 4417/450/3556 4419/452/3557 4418/2076/3558
f 4419/452/3557 4420/1760/3559 4418/2076/3558
f 4421/1760/3560 4423/1762/3561 4422/2076/3562
f 4422/2076/3562 4423/1762/3561 4424/2077/3563
f 4425/1762/3564 4427/1763/3564 4426/2077/3564
f 4428/2077/3565 4430/1763/3566 4429/2078/3567
f 4429/2078/3567 4430/1763/3566 4431/2079/3568
f 4432/2079/3569 4434/1763/3570 4433/2080/3570
f 4435/1763/3571 4437/1761/3571 4436/2080/3572
f 4438/1761/3573 4440/1764/3574 4439/2080/3575
f 4440/1764/3574 4441/1755/3576 4439/2080/3575
f 4442/1755/3577 4444/1768/3577 4443/2080/3577
f 4445/2080/3578 4447/1768/3579 4446/2081/3579
f 4448/1886/3580 4450/1885/3581 4449/1892/3582
f 4450/1885/3581 4451/1888/3583 4449/1892/3582
f 4452/1891/3584 4454/1890/3585 4453/1894/3586
f 4455/1956/3585 4457/1955/3587 4456/2082/3586
f 4456/2082/3586 4457/1955/3587 4458/2083/3588
f 4459/2083/3589 4461/1955/3589 4460/2084/3589
f 4462/2084/3590 4463/2085/3591 4465/2086/3592
f 4462/2084/3590 4464/1955/3593 4463/2085/3591
f 4466/2085/3594 4467/2087/3595 4469/2088/3596
f 4466/2085/3594 4468/1955/3597 4467/2087/3595
f 4470/1955/3598 4472/1957/3599 4471/2087/3600
f 4473/2089/3599 4475/1976/3601 4474/2090/3602
f 4476/2091/3601 4478/1950/3603 4477/2092/3604
f 4477/2092/3604 4478/1950/3603 4479/1981/3605
f 4480/1950/3606 4482/1978/3606 4481/1981/3606
f 4483/1978/3607 4485/1979/3607 4484/1981/3607
f 4486/2093/3608 4488/2094/3608 4487/2095/3609
f 4489/1898/3610 4491/1983/3610 4490/2096/3610
f 4492/1983/3611 4494/1909/3612 4493/2096/3612
f 4495/2095/3613 4496/1986/3614 4498/2097/3615
f 4495/2095/3613 4497/1984/3616 4496/1986/3614
f 4499/1986/3617 4501/1985/3617 4500/2098/3617
f 4502/1985/3618 4504/1987/3618 4503/2098/3618
f 4505/2098/3619 4507/1987/3619 4506/2099/3619
f 4508/2100/3620 4510/2101/3621 4509/2102/3622
f 4511/2102/3623 4513/2101/3623 4512/2103/3623
f 4514/2101/3624 4516/1989/3624 4515/2103/3625
f 4516/1989/3624 4517/1990/3626 4515/2103/3625
f 4518/2103/3627 4519/2104/3628 4521/2105/3629
f 4518/2103/3627 4520/1990/3630 4519/2104/3628
f 4519/2104/3628 4522/2106/3631 4521/2105/3629
f 4523/2104/3632 4525/1990/3633 4524/2107/3634
f 4525/1990/3633 4526/1991/3635 4524/2107/3634
f 4527/1991/3636 4529/1992/3637 4528/2107/3638
f 4528/2107/3638 4529/1992/3637 4530/2108/3639
f 4529/1992/3637 4531/1994/3640 4530/2108/3639
f 4532/2108/3641 4534/1994/3641 4533/2109/3641
f 4535/1924/3642 4537/1921/3643 4536/2110/3644
f 4536/2110/3644 4537/1921/3643 4538/2111/3645
f 4536/2110/3644 4538/2111/3645 4539/2112/3646
f 4539/2112/3646 4538/2111/3645 4540/2113/3647
f 4541/2114/3648 4543/2115/3648 4542/2116/3648
f 4544/2117/3649 4546/2118/3650 4545/2119/3651
f 4547/2119/3652 4548/2120/3653 4550/2121/3654
f 4547/2119/3652 4549/2118/3655 4548/2120/3653
f 4548/2120/3653 4551/2122/3656 4550/2121/3654
f 4552/2123/3657 4554/2124/3658 4553/2125/3659
f 4553/2125/3659 4554/2124/3658 4555/2126/3660
f 4556/2127/3661 4558/2128/3661 4557/2129/3661
f 4559/2129/3662 4561/2128/3662 4560/2130/3662
f 4562/2128/3663 4564/2131/3663 4563/2130/3663
f 4565/2131/3664 4567/2132/3664 4566/2130/3664
f 4568/2132/3665 4570/2133/3666 4569/2130/3667
f 4570/2133/3666 4568/2132/3665 4571/2134/3668
f 4571/2134/3668 4568/2132/3665 4572/2135/3669
f 4573/2133/3670 4575/2136/3671 4574/2130/3672
f 4575/2136/3671 4573/2133/3670 4576/2137/3673
f 4577/2138/3674 4579/2139/3674 4578/2140/3674
f 4580/2141/3675 4582/2142/3675 4581/2143/3675
f 4583/2143/3676 4585/2142/3676 4584/2144/3676
f 4586/2145/3677 4588/2125/3677 4587/2126/3677
f 4589/2124/3678 4591/2146/3679 4590/2126/3680
f 4592/2147/3681 4594/2126/3682 4593/2148/3683
f 4594/2126/3682 4592/2147/3681 4595/2149/3684
f 4596/2126/3685 4598/2146/3685 4597/2148/3685
f 4599/2150/3686 4601/2151/3686 4600/2152/3686
f 4602/2152/3687 4604/2151/3687 4603/2153/3687
f 4605/2151/3688 4607/2154/3689 4606/2153/3690
f 4608/2155/3691 4610/2156/3691 4609/2157/3691
f 4611/2156/3692 4613/2158/3683 4612/2157/3693
f 4614/2158/3694 4616/2159/3695 4615/2157/3696
f 4615/2157/3696 4616/2159/3695 4617/2160/3697
f 4618/2159/3698 4620/2161/3698 4619/2160/3698
f 4621/2120/3699 4623/2162/3699 4622/2122/3699
f 4624/2162/3700 4626/2155/3701 4625/2122/3702
f 4626/2155/3701 4627/2157/3703 4625/2122/3702
f 4628/2122/3704 4630/2157/3704 4629/2163/3704
f 4631/2157/3705 4633/2160/3706 4632/2163/3707
f 4633/2160/3706 4634/2164/3708 4632/2163/3707
f 4635/2163/3709 4637/2164/3710 4636/2165/3711
f 4638/2111/3710 4640/1921/3712 4639/1922/3711
f 4641/2166/3713 4642/2167/3714 4645/2168/3715
f 4641/2166/3713 4643/2169/3716 4642/2167/3714
f 4643/2169/3716 4641/2166/3713 4644/2170/2568
f 4645/2168/3715 4642/2167/3714 4646/2171/3717
f 4645/2168/3715 4646/2171/3717 4648/2172/3718
f 4647/2173/3719 4645/2168/3715 4648/2172/3718
f 4648/2172/3718 4646/2171/3717 4649/2174/3720
f 4647/2173/3719 4648/2172/3718 4650/2175/3721
f 4648/2172/3718 4649/2174/3720 4651/2176/3722
f 4650/2175/3721 4648/2172/3718 4651/2176/3722
f 4650/2175/3721 4651/2176/3722 4653/2177/3723
f 4651/2176/3722 4649/2174/3720 4652/2178/3724
f 4651/2176/3722 4652/2178/3724 4654/2179/3725
f 4653/2177/3723 4651/2176/3722 4654/2179/3725
f 4654/2179/3725 4652/2178/3724 4656/2180/3726
f 4653/2177/3723 4654/2179/3725 4657/2181/3727
f 4654/2179/3725 4655/2182/3728 4657/2181/3727
f 4655/2182/3728 4654/2179/3725 4656/2180/3726
f 4658/2183/3729 4659/2184/3730 4657/2181/3727
f 4659/2184/3730 4653/2177/3723 4657/2181/3727
f 4660/2185/3731 4659/2184/3730 4662/2186/3732
f 4660/2185/3731 4661/2187/3733 4659/2184/3730
f 4659/2184/3730 4661/2187/3733 4653/2177/3723
f 4662/2186/3732 4659/2184/3730 4658/2183/3729
f 4663/2188/3734 4660/2185/3731 4662/2186/3732
f 4661/2187/3733 4660/2185/3731 4664/2189/3735
f 4661/2187/3733 4665/2190/3736 4653/2177/3723
f 4665/2190/3736 4661/2187/3733 4664/2189/3735
f 4665/2190/3736 4650/2175/3721 4653/2177/3723
f 4667/2191/3737 4650/2175/3721 4665/2190/3736
f 4666/2192/3738 4665/2190/3736 4668/2193/3739
f 4666/2192/3738 4667/2191/3737 4665/2190/3736
f 4668/2193/3739 4665/2190/3736 4664/2189/3735
f 4669/2194/3740 4668/2193/3739 4670/2195/3741
f 4669/2194/3740 4671/2196/3742 4668/2193/3739
f 4668/2193/3739 4664/2189/3735 4670/2195/3741
f 4671/2196/3742 4666/2192/3738 4668/2193/3739
f 4671/2196/3742 4667/2191/3737 4666/2192/3738
f 4672/2197/3743 4669/2194/3740 4670/2195/3741
f 4670/2195/3741 4673/2198/3744 4674/2199/3745
f 4670/2195/3741 4664/2189/3735 4673/2198/3744
f 4664/2189/3735 4675/2200/3746 4673/2198/3744
f 4664/2189/3735 4660/2185/3731 4675/2200/3746
f 4676/2201/3747 4669/2194/3740 4672/2197/3743
f 4677/2202/3748 4647/2173/3719 4667/2191/3737
f 4667/2191/3737 4647/2173/3719 4650/2175/3721
f 4652/2178/3724 4678/2203/3749 4656/2180/3726
f 4649/2174/3720 4679/2204/3750 4678/2203/3749
f 4652/2178/3724 4649/2174/3720 4678/2203/3749
f 4679/2204/3750 4680/2205/3751 4678/2203/3749
f 4678/2203/3749 4680/2205/3751 4681/2206/3752
f 4678/2203/3749 4681/2206/3752 4683/2207/3753
f 4682/2180/3754 4678/2203/3749 4683/2207/3753
f 4680/2205/3751 4684/2208/3755 4681/2206/3752
f 4684/2208/3755 4685/2209/3756 4681/2206/3752
f 4679/2204/3750 4686/2210/3757 4680/2205/3751
f 4686/2210/3757 4688/2211/3758 4680/2205/3751
f 4680/2205/3751 4688/2211/3758 4687/2208/3759
f 4689/2212/3760 4690/2213/3378 4688/2211/3758
f 4686/2210/3757 4689/2212/3760 4688/2211/3758
f 4646/2171/3717 4689/2212/3760 4686/2210/3757
f 4642/2167/3714 4689/2212/3760 4646/2171/3717
f 4646/2171/3717 4686/2210/3757 4649/2174/3720
f 4649/2174/3720 4686/2210/3757 4679/2204/3750
f 4691/2214/3761 4693/364/3762 4692/361/3763
f 4694/360/3764 4695/266/3765 4698/267/3766
f 4694/360/3764 4696/359/3767 4695/266/3765
f 4697/361/3768 4694/360/3764 4698/267/3766
f 4696/359/3767 4699/357/3769 4695/266/3765
f 4695/266/3765 4699/357/3769 4700/264/3770
f 4699/357/3769 4701/356/3771 4700/264/3770
f 4700/264/3770 4701/356/3771 4702/355/3772
f 4700/264/3770 4702/355/3772 4703/235/3773
f 4702/355/3772 4704/352/3774 4703/235/3773
f 4703/235/3773 4704/352/3774 4705/236/3775
f 4706/397/3776 4708/396/3777 4707/400/3778
f 4708/396/3777 4709/2018/3779 4707/400/3778
f 4707/400/3778 4709/2018/3779 4710/2020/3780
f 4711/2215/3781 4713/2216/3782 4712/2217/3783
f 4713/2216/3782 4711/2215/3781 4714/2218/3784
f 4715/2219/3785 4713/2216/3782 4714/2218/3784
f 4716/2220/3786 4713/2216/3782 4715/2219/3785
f 4717/2217/3787 4719/2216/3787 4718/2220/3787
f 4720/2221/3788 4722/2222/3789 4721/2223/3790
f 4723/2224/3789 4725/2225/3791 4724/2226/3792
f 4726/2226/3793 4728/2225/3793 4727/2227/3794
f 4729/2220/3795 4731/2227/3796 4730/2228/3797
f 4732/2227/3798 4734/2225/3798 4733/2228/3799
f 4735/2225/3800 4737/2224/3800 4736/2228/3800
f 4738/2228/3801 4739/2229/3802 4742/2230/3803
f 4738/2228/3801 4740/2224/3804 4739/2229/3802
f 4741/2220/3805 4738/2228/3801 4742/2230/3803
f 4743/2222/3806 4745/2221/3806 4744/2231/3806
f 4746/2231/3807 4748/2221/3807 4747/2232/3807
f 4749/2221/3808 4751/2223/3808 4750/2232/3808
f 4752/2232/3809 4753/2233/3810 4755/2234/3811
f 4752/2232/3809 4754/2223/3812 4753/2233/3810
f 4756/2226/3813 4758/2227/3813 4757/2235/3813
f 4759/2235/3814 4761/2227/3815 4760/2236/3816
f 4760/2236/3816 4761/2227/3815 4762/2219/3817
f 4763/2227/3818 4765/2220/3818 4764/2219/3819
f 4766/2237/3820 4768/2238/3820 4767/2239/3820
f 4769/2238/3821 4771/2218/3822 4770/2239/3823
f 4772/2218/3824 4774/2215/3825 4773/2239/3826
f 4773/2239/3826 4774/2215/3825 4775/2240/3827
f 4776/2215/3828 4778/2241/3829 4777/2240/3830
f 4777/2240/3830 4778/2241/3829 4779/2242/3831
f 4780/2242/3832 4782/2241/3833 4781/2243/3834
f 4781/2243/3834 4782/2241/3833 4783/2244/3835
f 4782/2241/3833 4784/2215/3836 4783/2244/3835
f 4783/2244/3835 4784/2215/3836 4785/2245/3837
f 4784/2215/3836 4786/2217/3838 4785/2245/3837
f 4787/2245/3839 4789/2217/3840 4788/2230/3840
f 4790/2217/3841 4792/2220/3841 4791/2230/3841
f 4793/2246/3842 4795/2231/3843 4794/2234/3844
f 4795/2231/3843 4796/2232/3845 4794/2234/3844
f 4797/2233/3846 4799/2020/3846 4798/2234/3846
f 4800/2020/3847 4802/2019/3847 4801/2234/3847
f 4803/2234/3848 4804/2022/3849 4807/2247/3850
f 4803/2234/3848 4805/2019/3851 4804/2022/3849
f 4806/2248/3852 4803/2234/3848 4807/2247/3850
f 4804/2022/3849 4808/2249/3853 4807/2247/3850
f 4809/2022/3854 4811/2021/3854 4810/2249/3854
f 4812/2250/3855 4813/2251/3856 4816/2252/3857
f 4812/2250/3855 4814/2249/3858 4813/2251/3856
f 4814/2249/3858 4812/2250/3855 4815/2247/3859
f 4817/2249/3860 4819/2021/3860 4818/2251/3860
f 4820/2021/3861 4822/2023/3862 4821/2251/3863
f 4821/2251/3863 4822/2023/3862 4823/2253/3864
f 4824/2254/3865 4826/2025/3866 4825/2255/3865
f 4827/2025/3867 4829/2026/3867 4828/2255/3868
f 4830/2255/3869 4832/2026/3869 4831/2256/3869
f 4833/2026/3870 4835/1935/3871 4834/2256/3870
f 4836/2256/3872 4837/2027/3873 4840/2257/3874
f 4836/2256/3872 4838/1935/3875 4837/2027/3873
f 4839/2258/3876 4836/2256/3872 4840/2257/3874
f 4839/2258/3876 4840/2257/3874 4841/2259/3877
f 4842/2028/3878 4844/2033/3879 4843/2029/3880
f 4844/2033/3879 4845/2260/3881 4843/2029/3880
f 4846/459/3882 4848/461/3883 4847/2261/3883
f 4849/1969/3884 4851/1970/3885 4850/2262/3886
f 4850/2262/3886 4851/1970/3885 4852/2263/3887
f 4853/1971/3888 4855/1972/3889 4854/2264/3890
f 4856/2264/3891 4858/1972/3891 4857/2265/3892
f 4859/2265/3893 4861/1972/3893 4860/2266/3894
f 4862/1972/3895 4864/1973/3895 4863/2266/3895
f 4865/1973/3896 4867/1976/3896 4866/2266/3896
f 4868/1976/3897 4870/2089/3898 4869/2266/3899
f 4871/2267/3899 4873/2268/3900 4872/460/3901
f 4874/1958/3902 4876/1952/3903 4875/2269/3904
f 4876/1952/3903 4877/1882/3905 4875/2269/3904
f 4878/1882/3906 4880/1959/3907 4879/2269/3286
f 4881/1963/3908 4883/2270/539 4882/1964/3909
f 4884/460/3910 4886/457/3910 4885/2271/3910
f 4887/2271/3911 4889/457/3911 4888/2272/3911
f 4890/457/3912 4892/459/3912 4891/2272/3912
f 4893/2260/3913 4895/2033/3914 4894/2273/3915
f 4895/2033/3914 4896/2034/3466 4894/2273/3915
f 4897/2036/3916 4899/2039/3917 4898/2038/3918
f 4900/2039/3919 4902/2040/3919 4901/2038/3919
f 4903/2274/3920 4905/2038/3921 4904/2275/3922
f 4904/2275/3922 4905/2038/3921 4906/2276/3923
f 4907/2038/3924 4909/2040/3925 4908/2276/3925
f 4910/2040/3926 4912/2041/3927 4911/2276/3926
f 4913/2277/3928 4915/2276/3929 4914/2278/3928
f 4916/2276/3930 4918/2041/3931 4917/2278/3932
f 4917/2278/3932 4918/2041/3931 4919/2044/3933
f 4920/2044/3934 4921/2046/3935 4923/2279/3936
f 4920/2044/3934 4922/2043/3937 4921/2046/3935
f 4924/2046/3938 4926/2045/3938 4925/2047/3938
f 4927/2047/3939 4929/1751/3940 4928/2280/3941
f 4929/1751/3940 4930/2048/3942 4928/2280/3941
f 4931/2280/3943 4933/2048/3943 4932/2049/3943
f 4934/1752/3944 4936/1765/3944 4935/2049/3944
f 4937/1765/3945 4939/2050/3946 4938/2049/3947
f 4938/2049/3947 4939/2050/3946 4940/2281/3948
f 4938/2049/3947 4940/2281/3948 4941/2282/3949
f 4940/2281/3948 4942/2283/3950 4941/2282/3949
f 4943/2284/3951 4938/2049/3947 4941/2282/3949
f 4943/2284/3951 4941/2282/3949 4944/2285/3952
f 4945/2050/3953 4947/453/3953 4946/2281/3953
f 4948/2281/3954 4950/453/3955 4949/2283/3525
f 4951/2060/3956 4953/2059/3956 4952/2286/3956
f 4954/2286/3957 4956/2059/3957 4955/2287/3957
f 4957/2059/3958 4959/2068/3959 4958/2287/3960
f 4959/2068/3959 4960/2069/3961 4958/2287/3960
f 4961/2287/3962 4963/2069/3962 4962/2072/3962
f 4964/2076/3963 4966/2077/3963 4965/2288/3963
f 4967/2077/3964 4969/2078/3965 4968/2288/3964
f 4970/2288/3966 4972/2078/3967 4971/2289/3967
f 4973/2078/3968 4975/2079/3968 4974/2289/3968
f 4976/2079/3969 4978/2080/3970 4977/2289/3970
f 4979/2080/3971 4981/2081/3972 4980/2289/3973
f 4980/2289/3973 4981/2081/3972 4982/2290/3974
f 4983/2081/3975 4985/2291/3975 4984/2290/3975
f 4986/1894/3976 4988/2292/3976 4987/1895/3976
f 4989/2293/3977 4991/2294/3978 4990/2295/3979
f 4991/2294/3978 4992/2296/3980 4990/2295/3979
f 4993/2296/3981 4995/2297/3982 4994/2295/3983
f 4995/2297/3982 4993/2296/3981 4996/2298/3984
f 4997/2299/3985 4995/2297/3982 4996/2298/3984
f 4994/2295/3983 4995/2297/3982 4998/2300/3986
f 4999/2301/3987 4994/2295/3983 4998/2300/3986
f 5000/2295/3988 5001/2302/3989 5003/2303/3990
f 5000/2295/3988 5002/2301/3991 5001/2302/3989
f 5004/2302/3992 5006/2301/3992 5005/2304/3992
f 5007/2304/3993 5009/2301/3993 5008/2300/3994
f 5010/2297/3995 5012/2305/3996 5011/2300/3997
f 5012/2305/3996 5013/2306/3998 5011/2300/3997
f 5014/2300/3999 5016/2306/3999 5015/2307/3999
f 5017/2306/4000 5019/2308/4001 5018/2307/4002
f 5020/2307/4003 5021/2309/4004 5023/2310/4005
f 5020/2307/4003 5022/2308/4006 5021/2309/4004
f 5024/2105/4007 5025/2311/4008 5028/2312/4009
f 5024/2105/4007 5026/2106/4010 5025/2311/4008
f 5027/2313/4011 5024/2105/4007 5028/2312/4009
f 5029/2314/4012 5027/2313/4011 5028/2312/4009
f 5030/2311/4013 5032/2106/4013 5031/2315/4013
f 5033/2106/4014 5035/2104/4014 5034/2315/4015
f 5036/2104/4016 5038/2107/4017 5037/2315/4016
f 5039/2107/4018 5041/2108/4018 5040/2315/4018
f 5042/2315/4019 5044/2108/4019 5043/2316/4019
f 5045/2316/4020 5047/2108/4020 5046/2317/4021
f 5048/2108/4022 5050/2109/4023 5049/2317/4024
f 5049/2317/4024 5050/2109/4023 5051/2318/4025
f 5049/2317/4024 5051/2318/4025 5052/2319/4026
f 5052/2319/4026 5051/2318/4025 5053/2320/4027
f 5052/2319/4026 5053/2320/4027 5054/2321/4028
f 5055/2115/4029 5057/2114/4030 5056/2322/4031
f 5057/2114/4030 5058/2152/4032 5056/2322/4031
f 5059/2322/4033 5061/2152/4034 5060/2323/4035
f 5062/2152/4036 5064/2153/4036 5063/2323/4036
f 5065/2153/4037 5067/2324/4038 5066/2323/4039
f 5068/2325/4040 5070/2326/4041 5069/2327/4042
f 5069/2327/4042 5070/2326/4041 5071/2328/4043
f 5072/2329/4044 5074/2327/4044 5073/2328/4044
f 5075/2117/4045 5077/2119/4045 5076/2330/4045
f 5078/2330/4046 5079/2121/4047 5081/217/4048
f 5078/2330/4046 5080/2119/4049 5079/2121/4047
f 5082/2121/4050 5084/2122/4051 5083/2331/4052
f 5085/2122/4053 5087/2163/4054 5086/2331/4055
f 5088/2163/4056 5090/333/4056 5089/2331/4056
f 5091/2331/4057 5092/2332/4058 5094/2333/4059
f 5091/2331/4057 5093/333/4060 5092/2332/4058
f 5093/333/4060 5095/334/4061 5092/2332/4058
f 5096/334/4062 5098/330/4062 5097/2332/4062
f 5099/2332/4063 5101/330/4064 5100/2334/4064
f 5102/2335/4065 5104/331/4065 5103/2336/4065
f 5105/331/4066 5107/333/4067 5106/2336/4068
f 5107/333/4067 5108/2163/4069 5106/2336/4068
f 5108/2163/4069 5109/2165/4070 5106/2336/4068
f 5110/2337/4071 5111/2338/4072 5113/2339/2605
f 5110/2337/4071 5112/2340/2603 5111/2338/4072
f 5113/2339/2605 5114/2341/4073 5116/2342/4074
f 5113/2339/2605 5111/2338/4072 5114/2341/4073
f 5115/2343/4075 5113/2339/2605 5116/2342/4074
f 5117/2344/4076 5113/2339/2605 5115/2343/4075
f 5117/2344/4076 5118/2345/4077 5113/2339/2605
f 5111/2338/4072 5119/2346/4078 5114/2341/4073
f 5119/2346/4078 5111/2338/4072 5120/2347/4079
f 5112/2340/2603 5121/2348/4080 5120/2347/4079
f 5111/2338/4072 5112/2340/2603 5120/2347/4079
f 5122/2166/4081 5124/2349/4082 5123/2170/4083
f 5123/2170/4083 5124/2349/4082 5125/2350/4084
f 5126/2349/4085 5128/2351/4086 5127/2350/4087
f 5128/2351/4086 5126/2349/4085 5129/2352/4088
f 5130/2353/4089 5129/2352/4088 5133/2173/4090
f 5130/2353/4089 5128/2351/4086 5129/2352/4088
f 5129/2352/4088 5131/2168/4091 5133/2173/4090
f 5129/2352/4088 5132/2349/4092 5131/2168/4091
f 5127/2350/4087 5128/2351/4086 5130/2353/4089
f 5134/2349/4093 5136/2166/4093 5135/2168/4093
f 5137/2211/4094 5139/2213/4094 5138/2354/4095
f 5140/2355/4096 5142/2356/4097 5141/2357/4096
f 5143/2357/4098 5145/2356/4098 5144/2358/4098
f 5146/2356/4099 5148/2359/4100 5147/2358/4101
f 5147/2358/4101 5148/2359/4100 5149/2360/4102
f 5150/2360/4103 5152/2359/4104 5151/2361/4105
f 5152/2359/4104 5153/2356/4106 5151/2361/4105
f 5153/2356/4106 5154/2355/4107 5151/2361/4105
f 5155/2362/4108 5156/2363/4109 5158/2364/4110
f 5155/2362/4108 5157/2365/4111 5156/2363/4109
f 5159/2365/4112 5161/2366/4113 5160/2363/4114
f 5162/2357/4115 5164/2358/4116 5163/2367/4117
f 5163/2367/4117 5164/2358/4116 5165/2368/4118
f 5166/2358/4119 5168/2360/4120 5167/2368/4119
f 5169/2369/4121 5171/2368/4121 5170/2370/4121
f 5172/2368/4122 5174/2360/4122 5173/2370/4122
f 5175/2360/4123 5177/2361/4123 5176/2370/4123
f 5178/2370/4124 5179/2371/4125 5181/2372/4126
f 5178/2370/4124 5180/2361/4127 5179/2371/4125
f 5179/2371/4125 5182/2373/4128 5181/2372/4126
f 5183/2367/4129 5185/2368/4129 5184/2374/4129
f 5186/2371/4130 5188/2375/4130 5187/2373/4130
f 5189/2375/4131 5191/2376/4131 5190/2373/4131
f 5192/2009/4132 5193/2377/2521 5196/2378/4133
f 5192/2009/4132 5194/2012/4134 5193/2377/2521
f 5195/2010/4135 5192/2009/4132 5196/2378/4133
f 5195/2010/4135 5196/2378/4133 5197/2379/4136
f 5198/2214/4137 5200/361/4137 5199/267/4138
f 5201/348/4139 5203/350/4139 5202/341/4139
f 5204/340/4140 5206/337/4141 5205/342/4140
f 5207/345/4142 5208/402/4143 5211/2380/4144
f 5207/345/4142 5209/344/4145 5208/402/4143
f 5210/343/4146 5207/345/4142 5211/2380/4144
f 5210/343/4146 5211/2380/4144 5212/244/4147
f 5212/244/4148 5214/2381/4149 5213/2382/4150
f 5215/400/4151 5217/2020/4151 5216/402/4151
f 5218/2383/4152 5219/2384/4153 5221/2385/4154
f 5218/2383/4152 5220/2236/4155 5219/2384/4153
f 5219/2384/4153 5222/2386/4156 5221/2385/4154
f 5221/2385/4154 5222/2386/4156 5223/2387/4157
f 5224/2236/4158 5226/2219/4158 5225/2384/4158
f 5227/2219/4159 5229/2218/4160 5228/2384/4161
f 5229/2218/4160 5230/2238/4162 5228/2384/4161
f 5228/2384/4161 5230/2238/4162 5231/2386/4163
f 5230/2238/4162 5232/2237/4164 5231/2386/4163
f 5233/2237/4165 5235/325/4166 5234/2386/4167
f 5234/2386/4167 5235/325/4166 5236/2388/4168
f 5237/325/4169 5239/318/4170 5238/2388/4171
f 5239/318/4170 5240/320/4172 5238/2388/4171
f 5241/321/4173 5243/323/4173 5242/2389/4173
f 5244/2389/4174 5245/2390/4175 5247/2391/4176
f 5244/2389/4174 5246/323/4177 5245/2390/4175
f 5248/323/4178 5250/326/4178 5249/2390/4178
f 5251/2392/4179 5253/2393/4179 5252/2394/4179
f 5254/2395/4180 5256/2390/4180 5255/2396/4181
f 5257/2396/4182 5259/2390/4183 5258/2397/4184
f 5259/2390/4183 5260/326/4185 5258/2397/4184
f 5258/2397/4184 5260/326/4185 5261/2398/4186
f 5262/326/4187 5264/327/4188 5263/2398/4189
f 5265/327/4190 5267/2399/4191 5266/2398/4192
f 5268/2400/4193 5269/2401/4194 5271/2402/4195
f 5268/2400/4193 5270/2237/4191 5269/2401/4194
f 5272/2237/4196 5274/2239/4196 5273/2401/4196
f 5275/2239/4197 5277/2240/4197 5276/2401/4198
f 5278/2240/4199 5280/2242/4199 5279/2401/4200
f 5281/2401/4201 5283/2242/4201 5282/2403/4201
f 5284/2242/4202 5286/2243/4202 5285/2403/4202
f 5287/2243/4203 5289/2244/4204 5288/2403/4205
f 5289/2244/4204 5290/2245/4206 5288/2403/4205
f 5291/2404/4207 5293/2405/4207 5292/2406/4207
f 5294/2406/4208 5295/2248/4209 5298/2407/4210
f 5294/2406/4208 5296/2405/4211 5295/2248/4209
f 5297/2408/4212 5294/2406/4208 5298/2407/4210
f 5296/2405/4211 5299/2246/4213 5295/2248/4209
f 5299/2246/4213 5300/2234/4214 5295/2248/4209
f 5301/2247/4215 5303/2250/4215 5302/2409/4215
f 5304/2409/4216 5306/2250/4216 5305/2252/4216
f 5307/2252/4217 5309/2251/4217 5308/2410/4217
f 5310/2251/4218 5312/2253/4219 5311/2410/4218
f 5313/2254/4220 5315/2255/4221 5314/2258/4222
f 5315/2255/4221 5316/2256/4223 5314/2258/4222
f 5317/2257/4224 5319/2027/4225 5318/2411/4226
f 5319/2027/4225 5320/2029/4227 5318/2411/4226
f 5321/2412/3886 5323/2413/3887 5322/2414/4228
f 5324/2414/4229 5326/2413/4230 5325/2415/4231
f 5326/2413/4230 5327/2416/4232 5325/2415/4231
f 5328/2416/4233 5330/2267/4234 5329/2415/4235
f 5330/2267/4234 5331/460/4236 5329/2415/4235
f 5331/460/4236 5332/2271/4237 5329/2415/4235
f 5333/2417/4238 5335/2085/4239 5334/2418/4240
f 5336/2418/4241 5338/2085/4242 5337/2088/4241
f 5339/2087/4243 5341/2419/4243 5340/2088/4243
f 5342/2420/4244 5344/1981/4245 5343/2421/4246
f 5344/1981/4245 5345/1980/4247 5343/2421/4246
f 5346/2093/4248 5348/2095/4249 5347/2422/4250
f 5349/2084/4251 5350/2423/4252 5352/2424/4253
f 5349/2084/4251 5351/2422/4254 5350/2423/4252
f 5351/2422/4254 5353/2095/4255 5350/2423/4252
f 5354/2423/4256 5356/2095/4256 5355/2097/4256
f 5357/1986/4257 5359/2098/4258 5358/2097/4259
f 5359/2098/4258 5360/2099/4260 5358/2097/4259
f 5361/2425/4261 5363/2314/4261 5362/2312/4261
f 5364/2312/4262 5366/2311/4262 5365/2319/4262
f 5367/2311/4263 5369/2315/4263 5368/2319/4263
f 5370/2315/4264 5372/2316/4264 5371/2319/4264
f 5373/2316/4265 5375/2317/4265 5374/2319/4265
f 5376/2112/4266 5378/2113/4267 5377/2426/4268
f 5379/2427/4269 5381/2327/4270 5380/2428/4271
f 5381/2327/4270 5382/2329/4272 5380/2428/4271
f 5383/2428/4273 5384/2429/4274 5386/2430/4275
f 5383/2428/4273 5385/2329/4276 5384/2429/4274
f 5384/2429/4274 5385/2329/4276 5387/2431/4277
f 5385/2329/4276 5388/2328/4278 5387/2431/4277
f 5389/2123/4279 5391/2429/4279 5390/2431/4279
f 5392/2432/4280 5393/2433/4281 5396/2434/4282
f 5392/2432/4280 5394/2330/4283 5393/2433/4281
f 5395/2435/4284 5392/2432/4280 5396/2434/4282
f 5397/2433/4285 5398/217/4286 5402/216/4287
f 5397/2433/4285 5399/2330/4288 5398/217/4286
f 5400/2434/4289 5397/2433/4285 5401/2436/4290
f 5401/2436/4290 5397/2433/4285 5402/216/4287
f 5403/2121/4291 5405/2331/4292 5404/217/4293
f 5404/217/4293 5405/2331/4292 5406/215/4294
f 5407/215/4295 5409/2331/4296 5408/2333/4296
f 5410/2437/4297 5411/2438/4298 5413/2439/4299
f 5410/2437/4297 5412/2440/4300 5411/2438/4298
f 5411/2438/4298 5414/2441/4301 5413/2439/4299
f 5415/2440/4302 5417/2442/4302 5416/2438/4302
f 5418/2442/4303 5420/2443/4304 5419/2438/4303
f 5421/2443/4305 5423/2444/4305 5422/2438/4306
f 5424/2438/4307 5426/2444/4307 5425/2441/4307
f 5427/2445/4308 5429/1663/4308 5428/1662/4308
f 5430/2446/4309 5432/2447/4310 5431/2448/4311
f 5433/2448/4312 5434/2449/4313 5436/2450/4314
f 5433/2448/4312 5435/2447/4315 5434/2449/4313
f 5434/2449/4313 5437/2451/4316 5436/2450/4314
f 5436/2450/4314 5439/2452/4317 5438/2453/4318
f 5438/2453/4318 5439/2452/4317 5440/2454/4319
f 5441/2449/4320 5443/2447/4321 5442/2455/4322
f 5443/2447/4321 5444/2446/4323 5442/2455/4322
f 5445/2456/4324 5447/1653/4324 5446/1652/4324
f 5448/2170/4325 5450/2350/4325 5449/2202/4325
f 5451/2350/4326 5453/2353/4326 5452/2202/4327
f 5454/2202/4328 5456/2353/4328 5455/2173/4328
f 5457/2211/4329 5459/2354/4330 5458/2208/4331
f 5459/2354/4330 5460/2457/4332 5458/2208/4331
f 5461/2208/4333 5463/2457/4333 5462/2209/4333
f 5464/2458/4334 5466/2369/4335 5465/2372/4336
f 5466/2369/4335 5467/2370/4337 5465/2372/4336
f 5468/2378/4338 5469/2459/2525 5472/2460/4339
f 5468/2378/4338 5470/2377/2524 5469/2459/2525
f 5471/2379/4340 5468/2378/4338 5472/2460/4339
f 5471/2379/4340 5472/2460/4339 5476/2461/4341
f 5472/2460/4339 5473/2462/4342 5476/2461/4341
f 5473/2462/4342 5472/2460/4339 5474/2463/2534
f 5472/2460/4339 5475/2459/2533 5474/2463/2534
f 5476/2461/4341 5477/2464/4343 5478/2465/4344
f 5476/2461/4341 5473/2462/4342 5477/2464/4343
f 5473/2462/4342 5474/2463/2534 5477/2464/4343
f 5479/276/4345 5481/268/4345 5480/283/4345
f 5482/282/4346 5484/230/4347 5483/291/4348
f 5484/230/4347 5485/227/4349 5483/291/4348
f 5486/292/4350 5488/294/4350 5487/297/4351
f 5489/294/4352 5491/295/4352 5490/297/4352
f 5492/298/4353 5493/2466/4354 5495/2467/4355
f 5492/298/4353 5494/296/4356 5493/2466/4354
f 5493/2466/4354 5496/2468/4357 5495/2467/4355
f 5495/2467/4355 5496/2468/4357 5497/2469/4358
f 5497/2469/4358 5496/2468/4357 5498/303/4359
f 5493/2466/4354 5494/296/4356 5496/2468/4357
f 5499/296/4360 5501/293/4361 5500/2468/4361
f 5502/2468/4362 5504/293/4362 5503/300/4362
f 5505/291/4363 5507/227/4364 5506/299/4365
f 5506/299/4365 5507/227/4364 5508/232/4366
f 5509/236/4367 5511/347/4367 5510/237/4367
f 5512/2470/4149 5514/2385/4368 5513/2387/4369
f 5514/2385/4368 5512/2470/4149 5515/2471/4148
f 5516/2472/4370 5518/2389/4370 5517/2391/4370
f 5519/2473/4371 5521/2474/4371 5520/2475/4371
f 5522/2474/4372 5524/2393/4373 5523/2475/4374
f 5524/2393/4373 5525/2392/4375 5523/2475/4374
f 5523/2475/4374 5525/2392/4375 5526/2476/4376
f 5523/2475/4374 5526/2476/4376 5527/2477/4377
f 5528/2478/4378 5530/2479/4379 5529/2480/4380
f 5531/2480/4381 5533/2479/4381 5532/2481/4381
f 5534/2481/4382 5536/2479/4383 5535/2482/4384
f 5535/2482/4384 5536/2479/4383 5537/2483/4385
f 5538/2484/4386 5540/2485/4386 5539/2486/4386
f 5541/2485/4387 5543/2487/4388 5542/2486/4388
f 5544/2486/4389 5546/2487/4389 5545/2488/4389
f 5547/2489/4390 5549/2490/4390 5548/2491/4390
f 5550/2490/4391 5552/2492/4392 5551/2491/4391
f 5553/2491/4393 5554/2493/4394 5556/2494/4395
f 5553/2491/4393 5555/2492/4396 5554/2493/4394
f 5557/2493/4397 5559/2492/4397 5558/2495/4397
f 5560/2492/4398 5562/2496/4398 5561/2495/4398
f 5563/2497/4399 5565/2482/4399 5564/2483/4399
f 5566/2498/4400 5568/2499/4401 5567/2500/4402
f 5569/2500/4403 5571/2499/4403 5570/2501/4404
f 5572/2499/4405 5574/2502/4406 5573/2501/4407
f 5575/2502/4408 5577/2503/4408 5576/2501/4408
f 5578/2503/4409 5580/2493/4409 5579/2501/4410
f 5581/2501/4411 5582/2504/4412 5584/2505/4413
f 5581/2501/4411 5583/2493/4414 5582/2504/4412
f 5585/2493/4415 5587/2495/4415 5586/2504/4415
f 5588/2504/4416 5590/2495/4417 5589/2506/4417
f 5591/2495/4418 5593/2507/4419 5592/2506/4420
f 5594/2508/4421 5596/2476/4422 5595/2509/4423
f 5597/2509/4424 5599/2476/4425 5598/2510/4426
f 5599/2476/4425 5600/2392/4427 5598/2510/4426
f 5600/2392/4427 5601/2394/4428 5598/2510/4426
f 5602/2511/4429 5604/2396/4429 5603/2512/4429
f 5605/2396/4430 5607/2397/4431 5606/2512/4432
f 5606/2512/4432 5607/2397/4431 5608/2513/4433
f 5608/2513/4433 5607/2397/4431 5609/2514/4434
f 5607/2397/4431 5610/2398/4435 5609/2514/4434
f 5611/2133/4436 5613/2513/4437 5612/2514/4438
f 5613/2513/4437 5611/2133/4436 5614/2134/4439
f 5615/2402/4440 5617/2401/4440 5616/2515/4441
f 5618/2401/4442 5620/2403/4442 5619/2515/4442
f 5621/2516/4443 5622/2517/4444 5624/2518/4445
f 5621/2516/4443 5623/2519/4446 5622/2517/4444
f 5625/2520/4447 5627/2521/4448 5626/2274/4449
f 5626/2274/4449 5627/2521/4448 5628/2522/4450
f 5629/2522/4451 5631/2521/4451 5630/2523/4451
f 5632/2521/4452 5634/2517/4452 5633/2523/4452
f 5635/2517/4453 5637/2519/4453 5636/2523/4453
f 5638/2523/4454 5640/2519/4454 5639/2524/4455
f 5641/2404/4456 5643/2406/4457 5642/2408/4456
f 5644/2248/4458 5646/2247/4459 5645/2407/4460
f 5646/2247/4459 5647/2409/4461 5645/2407/4460
f 5648/2409/4462 5650/2252/4462 5649/2407/4462
f 5651/2407/4463 5652/2525/4464 5654/2526/4465
f 5651/2407/4463 5653/2252/4466 5652/2525/4464
f 5654/2526/4465 5652/2525/4464 5655/2527/4467
f 5656/2525/4468 5658/2252/4469 5657/2528/4470
f 5658/2252/4469 5659/2410/4471 5657/2528/4470
f 5660/2528/4472 5662/2410/4473 5661/2529/4474
f 5663/2257/4475 5665/2411/4476 5664/2259/4477
f 5666/2414/4478 5668/2415/4479 5667/2530/4480
f 5668/2415/4479 5669/2531/4481 5667/2530/4480
f 5670/2420/4481 5672/2421/4482 5671/2532/4483
f 5673/2532/4484 5675/2421/4485 5674/2533/4486
f 5676/2422/4487 5678/2084/4488 5677/2086/4489
f 5679/2086/4490 5681/2085/4490 5680/2534/4490
f 5682/2085/4491 5684/2417/4491 5683/2534/4491
f 5685/2271/4492 5687/2272/4492 5686/2535/4492
f 5688/2037/4493 5690/2038/4493 5689/2536/4493
f 5691/2038/4494 5693/2274/4495 5692/2536/4494
f 5694/2536/4496 5696/2274/4496 5695/2537/4496
f 5697/2274/4497 5699/2522/4497 5698/2537/4497
f 5700/2537/4498 5702/2522/4498 5701/2538/4498
f 5703/2522/4499 5705/2523/4499 5704/2538/4499
f 5706/2523/4500 5708/2524/4501 5707/2538/4501
f 5709/2539/4502 5710/2526/4503 5712/2540/4504
f 5709/2539/4502 5711/2408/4505 5710/2526/4503
f 5713/2408/4506 5715/2407/4506 5714/2526/4506
f 5716/2527/4507 5718/2525/4508 5717/2541/4509
f 5718/2525/4508 5719/2528/4510 5717/2541/4509
f 5720/2528/4511 5722/2529/4511 5721/2541/4511
f 5723/2529/4512 5725/2542/4513 5724/2541/4512
f 5726/2543/4514 5728/2544/4515 5727/2545/4516
f 5728/2544/4515 5729/2536/4517 5727/2545/4516
f 5730/2536/4518 5732/2537/4519 5731/2545/4520
f 5731/2545/4520 5732/2537/4519 5733/2546/4521
f 5734/2537/4522 5736/2538/4522 5735/2546/4522
f 5737/2526/4523 5739/2527/4523 5738/2540/4523
f 5740/2517/4524 5742/2521/4524 5741/2518/4524
f 5743/2518/4525 5745/2521/4525 5744/2547/4525
f 5746/2521/4526 5748/2520/4526 5747/2547/4526
f 5749/2547/4527 5751/2520/4527 5750/2548/4527
f 5752/2520/4528 5754/2274/4528 5753/2548/4528
f 5755/2274/4529 5757/2275/4529 5756/2548/4530
f 5758/2275/4531 5760/2276/4532 5759/2548/4533
f 5760/2276/4532 5761/2277/4534 5759/2548/4533
f 5762/2548/4535 5764/2277/4535 5763/2549/4535
f 5765/2549/4536 5767/2277/4536 5766/2279/4536
f 5768/2277/4537 5770/2278/4537 5769/2279/4537
f 5771/2278/4538 5773/2044/4538 5772/2279/4538
f 5774/226/4539 5776/223/4540 5775/2550/4541
f 5777/223/4542 5779/222/4542 5778/2550/4542
f 5780/2550/4543 5781/2551/4544 5783/2552/4545
f 5780/2550/4543 5782/222/4546 5781/2551/4544
f 5784/2553/4547 5786/2551/4547 5785/2554/4547
f 5787/2554/4548 5789/2551/4548 5788/2555/4548
f 5790/2555/4549 5792/2551/4549 5791/2556/4549
f 5793/2551/4550 5795/222/4551 5794/2556/4552
f 5796/222/4553 5798/224/4553 5797/2556/4553
f 5799/2046/4554 5801/2047/4555 5800/2557/4556
f 5800/2557/4556 5801/2047/4555 5802/2558/4557
f 5803/2047/4558 5805/2280/4559 5804/2558/4560
f 5804/2558/4560 5805/2280/4559 5806/2284/4561
f 5807/2280/4562 5809/2049/4562 5808/2284/4562
f 5810/2063/4563 5812/2060/4563 5811/2559/4563
f 5813/2559/4564 5814/2560/4565 5816/2561/4566
f 5813/2559/4564 5815/2060/4567 5814/2560/4565
f 5817/2060/4568 5819/2286/4568 5818/2560/4568
f 5820/2560/4569 5822/2286/4570 5821/2562/4571
f 5822/2286/4570 5823/2287/4572 5821/2562/4571
f 5824/2287/4573 5826/2072/4573 5825/2562/4573
f 5827/2072/4574 5829/2563/4575 5828/2562/4576
f 5829/2563/4575 5830/2564/4577 5828/2562/4576
f 5831/2562/4578 5832/2565/4579 5834/2566/4580
f 5831/2562/4578 5833/2564/4581 5832/2565/4579
f 5835/2564/4582 5837/2563/4583 5836/2565/4582
f 5838/2565/4584 5840/2563/4584 5839/2075/4584
f 5841/2563/4585 5843/2072/4585 5842/2075/4585
f 5844/2073/4586 5846/2074/4587 5845/2567/4588
f 5847/2074/4589 5849/2294/4589 5848/2567/4590
f 5850/2294/4591 5852/2293/4591 5851/2567/4591
f 5853/2567/4592 5855/2293/4592 5854/2303/4593
f 5856/2293/4594 5858/2295/4594 5857/2303/4595
f 5859/2568/4596 5861/2303/4597 5860/2569/4596
f 5862/2303/4598 5864/2302/4599 5863/2569/4600
f 5864/2302/4599 5865/2304/4601 5863/2569/4600
f 5866/2304/4602 5868/2300/4602 5867/2569/4602
f 5869/2569/4603 5871/2300/4603 5870/2310/4603
f 5872/2300/4604 5874/2307/4605 5873/2310/4605
f 5875/2570/4606 5877/2306/4607 5876/2299/4607
f 5878/2306/4608 5880/2305/4608 5879/2299/4609
f 5881/2305/4610 5883/2297/4610 5882/2299/4611
f 5884/2083/4612 5886/2084/4613 5885/2424/4613
f 5887/2423/4614 5889/2097/4614 5888/2424/4615
f 5890/2571/4616 5891/2572/4617 5894/2573/4618
f 5890/2571/4616 5892/2574/4619 5891/2572/4617
f 5893/2575/4620 5890/2571/4616 5894/2573/4618
f 5895/2425/4621 5897/2312/4622 5896/2576/4623
f 5898/2576/4624 5900/2312/4625 5899/2321/4626
f 5900/2312/4625 5901/2319/4627 5899/2321/4626
f 5902/2429/4628 5904/2123/4629 5903/2430/4629
f 5905/2430/4630 5907/2123/4631 5906/2577/4632
f 5907/2123/4631 5908/2125/4633 5906/2577/4632
f 5909/2133/4634 5911/2514/4635 5910/2137/4636
f 5912/2137/4637 5914/2514/4638 5913/2578/4639
f 5915/2514/4640 5917/2579/4640 5916/2578/4640
f 5918/2527/4641 5920/2541/4641 5919/2580/4642
f 5921/2581/4643 5923/2582/4643 5922/2583/4643
f 5924/2582/4644 5926/2584/4644 5925/2583/4644
f 5927/2584/4645 5929/2518/4645 5928/2583/4645
f 5930/2518/4646 5932/2547/4646 5931/2583/4646
f 5933/2583/4647 5935/2547/4648 5934/2585/4647
f 5936/2547/4649 5938/2548/4650 5937/2585/4651
f 5938/2548/4650 5939/2549/4652 5937/2585/4651
f 5940/2586/4653 5941/2587/4654 5943/2588/4655
f 5940/2586/4653 5942/2589/4656 5941/2587/4654
f 5944/2590/4657 5945/2591/4658 5947/2592/4659
f 5944/2590/4657 5946/2593/4660 5945/2591/4658
f 5946/2593/4660 5948/225/4661 5945/2591/4658
f 5945/2591/4658 5948/225/4661 5949/2594/4662
f 5950/225/4663 5952/226/4664 5951/2594/4665
f 5951/2594/4665 5952/226/4664 5953/2552/4666
f 5951/2594/4665 5953/2552/4666 5954/2595/4667
f 5955/226/4668 5957/2550/4669 5956/2552/4669
f 5958/2551/4670 5960/2553/4670 5959/2552/4670
f 5961/2552/4671 5962/2596/4672 5964/2595/4673
f 5961/2552/4671 5963/2553/4674 5962/2596/4672
f 5964/2595/4673 5962/2596/4672 5965/2597/4675
f 5966/2553/4676 5968/2554/4676 5967/2596/4676
f 5969/2554/4677 5971/2555/4677 5970/2596/4677
f 5972/2596/4678 5973/2598/4679 5975/2597/4680
f 5972/2596/4678 5974/2555/4681 5973/2598/4679
f 5976/2555/4682 5978/2556/4683 5977/2598/4684
f 5979/2599/4685 5980/2600/4686 5982/2601/4687
f 5979/2599/4685 5981/2602/4688 5980/2600/4686
f 5983/2557/4689 5985/2558/4689 5984/2285/4689
f 5986/2558/4690 5988/2284/4690 5987/2285/4690
f 5989/2600/4691 5990/2603/4692 5992/2601/4693
f 5989/2600/4691 5991/2066/4694 5990/2603/4692
f 5991/2066/4694 5993/2064/4695 5990/2603/4692
f 5994/2604/4696 5996/2603/4697 5995/2605/4698
f 5995/2605/4698 5996/2603/4697 5997/2065/4699
f 5998/2603/4700 6000/2064/4700 5999/2065/4700
f 6001/2063/4701 6003/2559/4702 6002/2065/4703
f 6002/2065/4703 6003/2559/4702 6004/2561/4704
f 6005/2561/4705 6006/2606/4706 6008/2607/4707
f 6005/2561/4705 6007/2560/4708 6006/2606/4706
f 6009/2606/4709 6011/2560/4709 6010/2608/4709
f 6012/2560/4710 6014/2609/4711 6013/2608/4712
f 6015/2610/4713 6016/2611/4714 6018/2612/4715
f 6015/2610/4713 6017/2608/4716 6016/2611/4714
f 6019/2608/4717 6021/2609/4717 6020/2611/4717
f 6022/2611/4718 6024/2609/4719 6023/2613/4720
f 6024/2609/4719 6025/2560/4721 6023/2613/4720
f 6026/2560/4722 6028/2562/4723 6027/2613/4724
f 6027/2613/4724 6028/2562/4723 6029/2566/4725
f 6027/2613/4724 6029/2566/4725 6030/2614/4726
f 6030/2614/4726 6029/2566/4725 6031/2615/4727
f 6032/2566/4728 6033/2616/4729 6035/2615/4730
f 6032/2566/4728 6034/2565/4731 6033/2616/4729
f 6034/2565/4731 6036/2075/4732 6033/2616/4729
f 6036/2075/4732 6037/2073/4733 6033/2616/4729
f 6038/2073/4734 6040/2567/4734 6039/2616/4734
f 6041/2567/4735 6043/2303/4736 6042/2616/4737
f 6044/2616/4738 6046/2303/4738 6045/2617/4738
f 6047/2303/4739 6049/2568/4739 6048/2617/4739
f 6050/2568/4740 6052/2569/4741 6051/2617/4742
f 6051/2617/4742 6052/2569/4741 6053/2575/4743
f 6054/2618/4744 6056/2617/4744 6055/2575/4744
f 6057/2569/4745 6059/2310/4746 6058/2575/4747
f 6059/2310/4746 6060/2571/4748 6058/2575/4747
f 6061/2572/4749 6063/2619/4749 6062/2573/4750
f 6064/2619/4751 6066/2620/4752 6065/2573/4753
f 6066/2620/4752 6067/2621/4754 6065/2573/4753
f 6068/2573/4755 6069/2622/4756 6072/2623/4757
f 6068/2573/4755 6070/2621/4758 6069/2622/4756
f 6071/2575/4759 6068/2573/4755 6072/2623/4757
f 6073/2618/4760 6071/2575/4759 6072/2623/4757
f 6074/2581/4761 6076/2583/4761 6075/2624/4761
f 6077/2583/4762 6079/2585/4762 6078/2624/4762
f 6080/2625/4763 6082/2586/4764 6081/2626/4765
f 6081/2626/4765 6082/2586/4764 6083/2588/4766
f 6084/2592/4767 6085/2627/4768 6087/2628/4769
f 6084/2592/4767 6086/2591/4770 6085/2627/4768
f 6086/2591/4770 6088/2629/4771 6085/2627/4768
f 6088/2629/4771 6086/2591/4770 6089/2630/4772
f 6086/2591/4770 6090/2594/4773 6089/2630/4772
f 6091/2627/4774 6092/2631/4775 6095/2632/4776
f 6091/2627/4774 6093/2629/4777 6092/2631/4775
f 6094/2628/4778 6091/2627/4774 6095/2632/4776
f 6096/2631/4779 6098/2629/4779 6097/2633/4779
f 6099/2633/4780 6101/2629/4780 6100/2630/4780
f 6102/2630/4781 6104/2594/4781 6103/2595/4782
f 6105/2634/4783 6106/2601/4784 6109/2635/4785
f 6105/2634/4783 6107/2599/4786 6106/2601/4784
f 6108/2636/4787 6105/2634/4783 6109/2635/4785
f 6106/2601/4784 6110/2637/4788 6109/2635/4785
f 6106/2601/4784 6111/2605/4789 6110/2637/4788
f 6112/2603/4790 6114/2604/4791 6113/2601/4791
f 6115/2604/4792 6117/2605/4792 6116/2601/4792
f 6118/2605/4793 6120/2065/4794 6119/2637/4793
f 6121/2065/4795 6123/2561/4795 6122/2637/4796
f 6124/2637/4797 6125/2607/4798 6127/2635/4799
f 6124/2637/4797 6126/2561/4800 6125/2607/4798
f 6128/2606/4801 6130/2608/4801 6129/2607/4801
f 6131/2608/4802 6133/2610/4802 6132/2607/4802
f 6134/2607/4803 6135/2612/4804 6137/2638/4805
f 6134/2607/4803 6136/2610/4806 6135/2612/4804
f 6138/2612/4807 6140/2611/4807 6139/2614/4807
f 6141/2611/4808 6143/2613/4808 6142/2614/4809
f 6144/2616/4810 6146/2617/4810 6145/2615/4810
f 6147/2617/4811 6149/2618/4811 6148/2615/4811
f 6150/2615/4812 6152/2618/4813 6151/2639/4814
f 6151/2639/4814 6152/2618/4813 6153/2640/4815
f 6151/2639/4814 6153/2640/4815 6154/2641/4816
f 6155/2642/4817 6154/2641/4816 6156/2643/4818
f 6155/2642/4817 6151/2639/4814 6154/2641/4816
f 6157/2644/4819 6151/2639/4814 6155/2642/4817
f 6158/2645/4820 6151/2639/4814 6157/2644/4819
f 6159/2640/4821 6161/2618/4821 6160/2623/4821
f 6162/2646/4822 6163/2647/4823 6165/221/4824
f 6162/2646/4822 6164/2648/4825 6163/2647/4823
f 6164/2648/4825 6166/2141/4826 6163/2647/4823
f 6167/2141/4827 6169/2143/4827 6168/2647/4827
f 6170/2647/4828 6172/2143/4829 6171/2649/4830
f 6172/2143/4829 6173/2144/4831 6171/2649/4830
f 6174/2649/4832 6176/2144/4833 6175/2650/4834
f 6176/2144/4833 6177/2651/4835 6175/2650/4834
f 6178/2651/4836 6180/2138/4837 6179/2650/4838
f 6180/2138/4837 6181/2140/4839 6179/2650/4838
f 6182/2140/4840 6184/2625/4840 6183/2650/4840
f 6185/2625/4841 6187/2626/4841 6186/2650/4841
f 6188/2650/4842 6189/2652/4843 6191/2653/4844
f 6188/2650/4842 6190/2626/4845 6189/2652/4843
f 6191/2653/4844 6189/2652/4843 6192/2654/4846
f 6193/2626/4847 6195/2588/4847 6194/2652/4847
f 6196/2652/4848 6198/2588/4849 6197/2655/4848
f 6199/2631/4850 6201/2656/4850 6200/2632/4850
f 6202/2632/4851 6204/2656/4851 6203/2657/4851
f 6205/2656/4852 6207/2631/4853 6206/2657/4852
f 6208/2631/4854 6210/2633/4854 6209/2657/4855
f 6211/2657/4856 6212/2658/4857 6214/2659/4858
f 6211/2657/4856 6213/2660/4859 6212/2658/4857
f 6215/2658/4860 6217/2660/4861 6216/2661/4862
f 6217/2660/4861 6218/2662/4863 6216/2661/4862
f 6219/2663/4864 6221/2664/4864 6220/2665/4864
f 6222/2662/4865 6224/2660/4866 6223/2666/4867
f 6224/2660/4866 6225/2657/4868 6223/2666/4867
f 6225/2657/4869 6227/2633/4870 6226/2667/4871
f 6228/2665/4872 6230/2668/4869 6229/2669/4873
f 6231/2670/4874 6233/2671/4874 6232/2672/4874
f 6234/2667/4875 6236/2633/4876 6235/2673/4877
f 6235/2673/4877 6236/2633/4876 6237/2674/4878
f 6238/2675/4879 6240/2672/4879 6239/2676/4879
f 6241/2677/4880 6243/2673/4880 6242/2674/4880
f 6244/2633/4881 6246/2630/4881 6245/2674/4881
f 6247/2630/4882 6249/2595/4882 6248/2674/4882
f 6250/2674/4883 6251/2678/4884 6253/2679/4885
f 6250/2674/4883 6252/2595/4886 6251/2678/4884
f 6254/2635/4887 6256/2607/4888 6255/2638/4888
f 6257/2638/4889 6259/2612/4890 6258/2680/4891
f 6259/2612/4890 6260/2614/4892 6258/2680/4891
f 6260/2614/4892 6261/2615/4893 6258/2680/4891
f 6262/2615/4894 6264/2639/4895 6263/2680/4895
f 6265/2680/4896 6267/2639/4896 6266/2645/4896
f 6268/2641/4897 6270/2640/4897 6269/2681/4897
f 6271/2682/4898 6273/2683/4899 6272/221/4898
f 6274/2683/4900 6276/2646/4900 6275/221/4900
f 6277/2647/4901 6279/2649/4901 6278/221/4901
f 6280/221/4902 6282/2649/4903 6281/2684/4904
f 6282/2649/4903 6283/2650/4905 6281/2684/4904
f 6284/2650/4906 6286/2676/4906 6285/2684/4906
f 6287/2685/4907 6289/2677/4907 6288/2679/4907
f 6290/2677/4908 6292/2674/4909 6291/2679/4908
f 6293/2635/4910 6295/2638/4910 6294/2686/4910
f 6296/2638/4911 6298/2680/4911 6297/2686/4911
f 6299/2680/4912 6301/2645/4913 6300/2686/4914
f 6300/2686/4914 6301/2645/4913 6302/2687/4915
f 6303/2687/4916 6305/2645/4916 6304/2688/4916
f 6306/2688/4917 6308/2645/4918 6307/2689/4919
f 6309/2645/4920 6311/2644/4920 6310/2689/4920
f 6312/2644/4921 6314/2642/4922 6313/2689/4923
f 6315/210/4924 6317/2690/4924 6316/208/4924
f 6318/208/4925 6320/2690/4925 6319/2691/4925
f 6321/2690/4926 6323/210/4926 6322/2691/4926
f 6324/210/4923 6326/2692/4922 6325/2691/4927
f 6327/2693/4928 6329/2694/4929 6328/2695/4930
f 6329/2694/4929 6330/2691/4931 6328/2695/4930
f 6331/2691/4932 6333/2692/4933 6332/2695/4934
f 6332/2695/4934 6333/2692/4933 6334/2696/4935
f 6335/2641/4936 6337/2681/4937 6336/2643/4938
f 6336/2643/4938 6337/2681/4937 6338/2697/4939
f 6339/2682/4940 6341/221/4941 6340/2698/4942
f 6341/221/4941 6342/219/4943 6340/2698/4942
f 6343/2699/4944 6345/2123/4944 6344/2700/4944
f 6346/2123/4945 6348/2431/4945 6347/2700/4945
f 6349/214/4946 6351/2701/4947 6350/216/4948
f 6352/2701/4949 6354/2702/4950 6353/216/4951
f 6355/216/4952 6357/2702/4952 6356/2703/4952
f 6358/2703/4953 6360/2702/4953 6359/2704/4953
f 6361/2702/4954 6363/2701/4954 6362/2704/4954
f 6364/2705/4955 6366/2706/4956 6365/2707/4957
f 6367/2706/4958 6369/2708/4958 6368/2707/4958
f 6370/2707/4959 6372/2708/4959 6371/2709/4959
f 6373/2708/4960 6375/2710/4961 6374/2709/4962
f 6376/2710/4963 6378/2711/4964 6377/2709/4964
f 6379/2711/4965 6381/2712/4966 6380/2709/4966
f 6382/2712/4967 6384/2713/4968 6383/2709/4969
f 6383/2709/4969 6384/2713/4968 6385/2439/4970
f 6383/2709/4969 6385/2439/4970 6386/2714/4971
f 6386/2714/4971 6385/2439/4970 6387/2715/4972
f 6387/2715/4972 6385/2439/4970 6388/2716/4973
f 6385/2439/4970 6389/2717/4974 6388/2716/4973
f 6389/2717/4974 6390/2343/4975 6388/2716/4973
f 6390/2343/4975 6391/2342/4976 6388/2716/4973
f 6391/2342/4976 6392/2718/4977 6388/2716/4973
f 6391/2342/4976 6393/2341/4312 6392/2718/4977
f 6392/2718/4977 6393/2341/4312 6394/2719/4314
f 6392/2718/4977 6394/2719/4314 6395/2720/4978
f 6388/2716/4973 6392/2718/4977 6395/2720/4978
f 6387/2715/4972 6388/2716/4973 6396/2721/4979
f 6396/2721/4979 6388/2716/4973 6397/2722/4980
f 6388/2716/4973 6398/2720/4981 6397/2722/4980
f 6396/2721/4979 6397/2722/4980 6401/2723/4982
f 6397/2722/4980 6399/2724/4983 6401/2723/4982
f 6397/2722/4980 6400/2725/4984 6399/2724/4983
f 6402/2726/4985 6403/2727/4986 6401/2723/4982
f 6404/2728/4987 6402/2726/4985 6401/2723/4982
f 6403/2727/4986 6396/2721/4979 6401/2723/4982
f 6404/2728/4987 6401/2723/4982 6405/2729/4988
f 6406/2730/4989 6402/2726/4985 6404/2728/4987
f 6402/2726/4985 6407/2731/4990 6403/2727/4986
f 6386/2714/4971 6387/2715/4972 6403/2727/4986
f 6408/2732/4991 6386/2714/4971 6403/2727/4986
f 6407/2731/4990 6408/2732/4991 6403/2727/4986
f 6403/2727/4986 6387/2715/4972 6396/2721/4979
f 6400/2725/4984 6409/2733/4992 6399/2724/4983
f 6410/2713/4993 6412/2437/4993 6411/2439/4993
f 6413/1663/4994 6415/2445/4995 6414/2734/4996
f 6414/2734/4996 6415/2445/4995 6416/2735/4997
f 6417/2445/4998 6419/1662/4998 6418/2735/4999
f 6420/2345/5000 6422/2344/5001 6421/2717/5002
f 6421/2717/5002 6422/2344/5001 6423/2343/5003
f 6424/2451/5004 6426/2736/5005 6425/2450/5006
f 6426/2736/5005 6427/2737/5007 6425/2450/5006
f 6428/2450/5008 6430/2737/5008 6429/2452/5008
f 6431/2737/5009 6433/2736/5009 6432/2452/5009
f 6434/2452/5010 6435/2738/5011 6437/2454/5012
f 6434/2452/5010 6436/2736/5013 6435/2738/5011
f 6438/2736/5014 6440/2739/5015 6439/2738/5016
f 6441/2739/5017 6443/2740/5017 6442/2738/5017
f 6444/2741/5018 6446/2738/5019 6445/2742/5019
f 6447/2738/5020 6449/2740/5020 6448/2742/5020
f 6450/2742/5021 6452/2740/5021 6451/2743/5021
f 6453/2743/5022 6455/2740/5023 6454/2744/5024
f 6455/2740/5023 6456/2739/5025 6454/2744/5024
f 6457/2739/5026 6459/2736/5026 6458/2744/5026
f 6460/2736/5027 6462/2451/5027 6461/2744/5027
f 6463/2451/5028 6465/2449/5029 6464/2744/5030
f 6465/2449/5029 6466/2455/5031 6464/2744/5030
f 6467/2744/5032 6468/2745/5033 6471/2746/5034
f 6467/2744/5032 6469/2455/2595 6468/2745/5033
f 6470/2743/5035 6467/2744/5032 6471/2746/5034
f 6472/2747/5036 6470/2743/5035 6471/2746/5034
f 6475/2454/5037 6473/2741/5038 6472/2747/5039
f 6474/2748/5040 6475/2454/5037 6472/2747/5039
f 6475/2454/5037 6474/2748/5040 6476/2749/5041
f 6477/2750/5042 6479/2751/5042 6478/2752/5042
f 6480/2752/5043 6481/2753/5033 6484/2754/5044
f 6480/2752/5043 6482/2755/5045 6481/2753/5033
f 6483/2756/5046 6480/2752/5043 6484/2754/5044
f 6483/2756/5046 6484/2754/5044 6485/2757/5047
f 6486/2758/5048 6483/2756/5046 6485/2757/5047
f 6487/2759/5049 6486/2758/5048 6488/2760/5050
f 6489/2761/5051 6487/2759/5049 6488/2760/5050
f 6481/2753/5033 6482/2755/5045 6490/2762/5052
f 6481/2753/5033 6490/2762/5052 6491/2763/5053
f 6492/2762/5054 6493/2764/5055 6495/2765/5056
f 6492/2762/5054 6494/2755/5057 6493/2764/5055
f 6493/2764/5055 6496/2766/5058 6495/2765/5056
f 6494/2755/5057 6497/2752/5059 6493/2764/5055
f 6498/2752/5060 6500/2751/5060 6499/2764/5060
f 6501/2767/5061 6503/2768/5062 6502/204/5063
f 6503/2768/5062 6504/2769/5064 6502/204/5063
f 6505/2770/5065 6506/2771/5066 6509/2758/5067
f 6505/2770/5065 6507/2766/5068 6506/2771/5066
f 6508/2759/5069 6505/2770/5065 6509/2758/5067
f 6506/2771/5066 6510/2756/5070 6509/2758/5067
f 6511/2751/5071 6512/2750/5072 6510/2756/5070
f 6506/2771/5066 6511/2751/5071 6510/2756/5070
f 6513/2766/5073 6515/2764/5073 6514/2771/5073
f 6516/2764/5074 6518/2751/5075 6517/2771/5076
f 6519/2750/5077 6521/2752/5077 6520/2756/5078
f 6522/2206/5079 6523/2772/5080 6526/2773/5081
f 6522/2206/5079 6524/2209/5082 6523/2772/5080
f 6525/2207/5083 6522/2206/5079 6526/2773/5081
f 6527/2774/5082 6529/2775/3386 6528/2776/5084
f 6529/2775/3386 6530/2777/5085 6528/2776/5084
f 6531/2776/5086 6532/2778/5087 6534/2779/5088
f 6531/2776/5086 6533/2777/5089 6532/2778/5087
f 6535/2780/5090 6537/2781/5090 6536/2782/5091
f 6538/280/5092 6539/2783/5093 6541/278/5094
f 6538/280/5092 6540/2782/5095 6539/2783/5093
f 6542/2782/5096 6544/2781/5096 6543/2783/5096
f 6545/2781/5097 6547/2780/5097 6546/2783/5098
f 6548/2783/5099 6550/2780/5099 6549/281/5100
f 6551/2780/5101 6553/2782/5101 6552/281/5101
f 6554/2782/5102 6556/280/5102 6555/281/5102
f 6557/292/5103 6559/297/5104 6558/287/5104
f 6560/287/5105 6562/297/5105 6561/2467/5105
f 6563/297/5106 6565/298/5106 6564/2467/5106
f 6566/2468/5107 6568/300/5108 6567/303/5108
f 6569/302/5109 6571/232/5110 6570/309/5109
f 6572/311/5111 6573/259/5112 6575/258/5113
f 6572/311/5111 6574/312/5114 6573/259/5112
f 6573/259/5112 6574/312/5114 6576/257/5115
f 6576/257/5115 6574/312/5114 6577/252/5116
f 6574/312/5114 6578/233/5117 6577/252/5116
f 6579/328/5118 6581/330/5119 6580/2784/5120
f 6582/330/5121 6584/334/5122 6583/2784/5121
f 6585/334/5123 6587/332/5123 6586/2784/5123
f 6588/2382/5124 6590/2785/5124 6589/2786/5124
f 6591/2785/5125 6593/2787/5126 6592/2786/5127
f 6593/2787/5126 6594/2473/5128 6592/2786/5127
f 6595/2473/5129 6597/2475/5130 6596/2786/5131
f 6596/2786/5131 6597/2475/5130 6598/2477/5132
f 6596/2786/5131 6598/2477/5132 6599/2788/5133
f 6600/2476/5134 6602/2508/5135 6601/2477/5136
f 6603/2789/5136 6605/2500/5135 6604/2790/5137
f 6606/2790/5138 6607/2505/5139 6610/2791/5140
f 6606/2790/5138 6608/2500/5141 6607/2505/5139
f 6609/2792/5142 6606/2790/5138 6610/2791/5140
f 6611/2500/5143 6613/2501/5143 6612/2505/5143
f 6614/2504/5144 6616/2506/5144 6615/2505/5144
f 6617/2505/5145 6619/2506/5146 6618/2793/5147
f 6620/2794/5148 6621/2795/5149 6623/2796/5150
f 6620/2794/5148 6622/2797/5151 6621/2795/5149
f 6624/2509/5152 6626/2510/5153 6625/2798/5154
f 6627/2511/5155 6629/2512/5156 6628/2799/5157
f 6628/2799/5157 6629/2512/5156 6630/2134/5158
f 6631/2512/5159 6633/2513/5159 6632/2134/5160
f 6634/2132/5161 6636/2131/5161 6635/2135/5161
f 6637/2131/5162 6639/2128/5163 6638/2135/5162
f 6640/2135/5164 6642/2128/5164 6641/2800/5164
f 6643/2128/5165 6645/2127/5165 6644/2800/5166
f 6646/2801/5167 6648/2802/5168 6647/2803/5168
f 6649/2804/5169 6650/2805/5170 6652/2806/5171
f 6649/2804/5169 6651/2807/5172 6650/2805/5170
f 6651/2807/5172 6649/2804/5169 6653/2808/5173
f 6654/2807/5174 6656/2803/5175 6655/2805/5176
f 6656/2803/5175 6654/2807/5174 6657/2809/5177
f 6658/2805/5178 6660/2803/5179 6659/2810/5180
f 6660/2803/5179 6661/2802/5181 6659/2810/5180
f 6662/2811/5182 6664/2146/5183 6663/2812/5184
f 6664/2146/5183 6665/2124/5185 6663/2812/5184
f 6666/2124/5186 6668/2123/5186 6667/2812/5186
f 6669/2123/5187 6671/2699/5188 6670/2812/5189
f 6671/2699/5188 6672/2813/5190 6670/2812/5189
f 6673/218/5191 6675/220/5192 6674/2814/5193
f 6674/2814/5193 6675/220/5192 6676/2815/5194
f 6677/220/5195 6679/221/5195 6678/2815/5195
f 6680/221/5196 6682/2684/5197 6681/2815/5198
f 6681/2815/5198 6682/2684/5197 6683/2816/5199
f 6684/2685/5200 6686/2679/5200 6685/2817/5200
f 6687/2679/5201 6689/2818/5202 6688/2817/5202
f 6690/2819/5203 6692/2820/5204 6691/2821/5205
f 6693/2821/5206 6695/2820/5206 6694/2822/5206
f 6696/2823/5207 6698/2824/5208 6697/2825/5208
f 6699/2824/5209 6701/2826/5209 6700/2825/5209
f 6702/2826/5210 6704/212/5210 6703/2825/5211
f 6705/2825/5212 6707/212/5213 6706/211/5213
f 6708/2827/5214 6710/211/5215 6709/209/5216
f 6711/209/5217 6712/2828/5218 6714/2829/5219
f 6711/209/5217 6713/206/5220 6712/2828/5218
f 6715/206/5221 6717/205/5221 6716/2828/5222
f 6718/2828/5223 6720/205/5223 6719/2830/5224
f 6721/205/5225 6723/207/5225 6722/2830/5225
f 6724/2830/5226 6726/207/5227 6725/2831/5228
f 6726/207/5227 6727/208/5229 6725/2831/5228
f 6728/208/5230 6730/2691/5231 6729/2831/5232
f 6729/2831/5232 6730/2691/5231 6731/2832/5233
f 6729/2831/5232 6731/2832/5233 6732/2829/5234
f 6732/2829/5234 6731/2832/5233 6733/2833/5235
f 6734/2691/5236 6736/2694/5237 6735/2832/5238
f 6736/2694/5237 6737/2693/5239 6735/2832/5238
f 6738/2693/5240 6740/2695/5240 6739/2832/5240
f 6741/2832/5241 6742/2834/5242 6744/2833/5243
f 6741/2832/5241 6743/2695/5244 6742/2834/5242
f 6743/2695/5244 6745/2696/5245 6742/2834/5242
f 6746/2696/5246 6748/2835/5246 6747/2834/5246
f 6749/2435/5247 6751/2434/5248 6750/2836/5249
f 6751/2434/5248 6752/2436/5250 6750/2836/5249
f 6750/2836/5249 6752/2436/5250 6753/2837/5251
f 6754/2436/5252 6756/216/5253 6755/2837/5254
f 6756/216/5253 6757/2703/5255 6755/2837/5254
f 6758/2703/5256 6760/2838/5257 6759/2837/5257
f 6761/2837/5258 6763/2838/5258 6762/2839/5258
f 6764/2806/5259 6766/2805/5259 6765/2840/5259
f 6767/2805/5260 6769/2810/5260 6768/2840/5260
f 6770/2841/5261 6772/2842/5261 6771/2843/5261
f 6773/2842/5262 6775/2821/5262 6774/2843/5262
f 6776/2821/5263 6778/2822/5263 6777/2843/5263
f 6779/2843/5264 6780/2844/5265 6782/2845/5266
f 6779/2843/5264 6781/2822/5267 6780/2844/5265
f 6783/2846/5268 6785/2823/5269 6784/2847/5270
f 6785/2823/5269 6786/2825/5271 6784/2847/5270
f 6787/2825/5272 6789/211/5273 6788/2847/5272
f 6790/211/5274 6792/2827/5274 6791/2847/5275
f 6793/2847/5276 6795/2827/5276 6794/2848/5276
f 6796/2848/5277 6797/2849/5278 6799/2850/5279
f 6796/2848/5277 6798/2827/5280 6797/2849/5278
f 6800/2849/5281 6801/2829/5282 6803/2850/5283
f 6800/2849/5281 6802/2827/5284 6801/2829/5282
f 6802/2827/5284 6804/209/5285 6801/2829/5282
f 6805/2828/5286 6807/2830/5287 6806/2829/5288
f 6807/2830/5287 6808/2831/5289 6806/2829/5288
f 6809/2836/5290 6811/2837/5291 6810/2851/5292
f 6810/2851/5292 6811/2837/5291 6812/2852/5293
f 6813/2837/5294 6815/2839/5295 6814/2852/5296
f 6816/2853/5297 6818/2854/5298 6817/2845/5299
f 6818/2854/5298 6819/2843/5300 6817/2845/5299
f 6820/2845/5301 6822/2844/5302 6821/2855/5303
f 6823/2846/5304 6825/2847/5305 6824/2856/5303
f 6826/2847/5306 6828/2848/5306 6827/2856/5307
f 6829/2856/5308 6831/2848/5308 6830/2850/5308
f 6832/2829/5309 6834/2833/5309 6833/2850/5309
f 6835/2833/5310 6837/2857/5311 6836/2850/5312
f 6838/2850/5313 6840/2857/5313 6839/2858/5313
f 6841/2857/5314 6843/2833/5314 6842/2858/5314
f 6844/2851/5315 6846/2852/5315 6845/2859/5316
f 6847/2853/5317 6849/2845/5317 6848/2860/5317
f 6850/2845/5318 6852/2855/5318 6851/2860/5318
f 6853/2860/5319 6855/2855/5320 6854/2861/5319
f 6856/2862/5321 6858/2863/5321 6857/2864/5321
f 6859/2865/5322 6861/2866/5322 6860/2867/5322
f 6862/2866/5323 6864/2868/5324 6863/2867/5325
f 6864/2868/5324 6862/2866/5323 6865/2869/5326
f 6866/2870/5327 6868/2871/5327 6867/2872/5327
f 6869/2873/5328 6871/2807/5329 6870/2808/5330
f 6872/2874/5331 6874/2875/5331 6873/2876/5331
f 6875/2876/5332 6877/2875/5332 6876/2877/5332
f 6878/2731/5333 6880/2878/5334 6879/2732/5334
f 6881/2703/5335 6883/2704/5335 6882/2879/5335
f 6884/2704/5336 6886/2880/5337 6885/2879/5338
f 6886/2880/5337 6887/2881/5339 6885/2879/5338
f 6888/2879/4991 6890/2881/5340 6889/2882/5341
f 6891/2705/5342 6893/2707/5342 6892/2714/5342
f 6894/2707/5343 6896/2709/5343 6895/2714/5343
f 6897/2738/5344 6899/2741/5344 6898/2454/5344
f 6900/2741/5345 6902/2742/5345 6901/2747/5345
f 6903/2742/5346 6905/2743/5346 6904/2747/5346
f 6906/2883/5347 6908/2884/5348 6907/2885/5349
f 6909/2763/5348 6911/2762/5350 6910/2765/5349
f 6912/2769/5351 6914/2768/5352 6913/2885/5353
f 6913/2885/5353 6914/2768/5352 6915/2886/5354
f 6916/2768/5355 6918/2767/5355 6917/2886/5356
f 6919/2886/5357 6920/203/5358 6924/2887/5359
f 6919/2886/5357 6921/2767/5360 6920/203/5358
f 6922/2888/5361 6919/2886/5357 6923/181/5362
f 6923/181/5362 6919/2886/5357 6924/2887/5359
f 6923/181/5362 6924/2887/5359 6925/2889/5363
f 6925/2889/5363 6924/2887/5359 6926/2890/5364
f 6925/2889/5363 6926/2890/5364 6927/2891/5365
f 6928/2892/5366 6927/2891/5365 6929/2893/5367
f 6928/2892/5366 6925/2889/5363 6927/2891/5365
f 6930/180/5368 6925/2889/5363 6928/2892/5366
f 6922/2888/5361 6923/181/5362 6930/180/5368
f 6931/2894/5369 6922/2888/5361 6930/180/5368
f 6930/180/5368 6932/179/5370 6925/2889/5363
f 6931/2894/5369 6933/2895/5371 6922/2888/5361
f 6933/2895/5371 6934/2896/5372 6922/2888/5361
f 6934/2896/5372 6935/2897/5039 6922/2888/5361
f 6935/2897/5039 6936/2884/5034 6922/2888/5361
f 6937/2767/5373 6939/204/5373 6938/203/5373
f 6940/204/5374 6942/199/5374 6941/203/5374
f 6943/199/5375 6945/201/5375 6944/203/5375
f 6946/2761/5376 6948/2898/5377 6947/2759/5376
f 6949/2898/5378 6951/2770/5378 6950/2759/5378
f 6952/2899/5047 6953/2900/5379 6957/2901/5380
f 6952/2899/5047 6954/2902/2593 6953/2900/5379
f 6955/2903/5381 6952/2899/5047 6956/2904/5382
f 6956/2904/5382 6952/2899/5047 6957/2901/5380
f 6957/2901/5380 6958/2905/3740 6960/2906/3747
f 6957/2901/5380 6953/2900/5379 6958/2905/3740
f 6959/2907/5364 6957/2901/5380 6960/2906/3747
f 6956/2904/5382 6957/2901/5380 6959/2907/5364
f 6961/2908/5383 6959/2907/5364 6960/2906/3747
f 6959/2907/5364 6961/2908/5383 6962/2909/5365
f 6962/2909/5365 6961/2908/5383 6963/2910/5384
f 6962/2909/5365 6963/2910/5384 6964/2911/5385
f 6965/2912/5386 6962/2909/5365 6964/2911/5385
f 6966/2913/5387 6962/2909/5365 6965/2912/5386
f 6954/2902/2593 6967/2914/2590 6953/2900/5379
f 6968/2773/5388 6969/2915/5389 6972/2916/5390
f 6968/2773/5388 6970/2772/5086 6969/2915/5389
f 6971/2207/5391 6968/2773/5388 6972/2916/5390
f 6973/2917/5392 6971/2207/5391 6972/2916/5390
f 6974/2779/5393 6976/2778/4340 6975/2918/5394
f 6977/2779/5395 6975/2918/5396 6978/2919/5397
f 6979/2920/5398 6978/2919/5397 6980/2921/5399
f 6979/2920/5398 6977/2779/5395 6978/2919/5397
f 6981/2783/5400 6983/281/5400 6982/278/5401
f 6984/287/5402 6986/2467/5403 6985/288/5404
f 6986/2467/5403 6987/2469/5405 6985/288/5404
f 6987/2469/5405 6988/303/5406 6985/288/5404
f 6989/2922/5407 6990/2923/296 6994/2924/301
f 6989/2922/5407 6991/2925/5408 6990/2923/296
f 6991/2925/5408 6989/2922/5407 6992/2926/5409
f 6989/2922/5407 6993/2927/5410 6992/2926/5409
f 6993/2927/5410 6989/2922/5407 6994/2924/301
f 6995/2928/5411 6992/2926/5409 6999/2929/5412
f 6995/2928/5411 6991/2925/5408 6992/2926/5409
f 6996/2927/5413 6997/2930/5414 6992/2926/5409
f 6992/2926/5409 6997/2930/5414 6998/2931/5415
f 6992/2926/5409 6998/2931/5415 6999/2929/5412
f 6998/2931/5415 7001/2932/5416 6999/2929/5412
f 7006/2933/5417 6995/2928/5411 6999/2929/5412
f 7000/2934/5418 6999/2929/5412 7004/2935/5419
f 7000/2934/5418 7006/2933/5417 6999/2929/5412
f 6999/2929/5412 7001/2932/5416 7003/2936/5420
f 6999/2929/5412 7002/2937/5421 7005/2935/5422
f 7002/2937/5421 6999/2929/5412 7003/2936/5420
f 7007/2938/5423 7008/2939/373 7006/2933/366
f 7006/2933/5417 7009/2940/5424 6995/2928/5411
f 7008/2939/373 7007/2938/5423 7010/2941/5425
f 7010/2941/5425 7011/2934/5426 7012/2942/5427
f 7010/2941/5425 7007/2938/5423 7011/2934/5426
f 7007/2938/5423 7013/2933/5428 7011/2934/5426
f 7005/2935/5422 7014/2943/5429 7015/2944/5430
f 7005/2935/5422 7002/2937/5421 7014/2943/5429
f 7014/2943/5429 7003/2936/5420 7016/2945/5431
f 7002/2937/5421 7003/2936/5420 7014/2943/5429
f 7003/2936/5420 7017/2946/5432 7016/2945/5431
f 7017/2946/5432 7018/2947/5433 7016/2945/5431
f 7016/2945/5431 7018/2947/5433 7019/2948/5434
f 7016/2945/5431 7019/2948/5434 7022/2949/5435
f 7020/2943/5436 7016/2945/5431 7021/2950/5437
f 7021/2950/5437 7016/2945/5431 7022/2949/5435
f 7022/2949/5435 7019/2948/5434 7023/2951/5438
f 7019/2948/5434 7024/2952/5439 7023/2951/5438
f 7018/2947/5433 7025/2953/5440 7024/2952/5439
f 7019/2948/5434 7018/2947/5433 7024/2952/5439
f 7025/2953/5440 7017/2946/5432 7026/2954/180
f 7018/2947/5433 7017/2946/5432 7025/2953/5440
f 7017/2946/5432 7027/2955/5441 7026/2954/180
f 7027/2955/5441 7029/2924/5442 7026/2954/180
f 7029/2924/5442 7028/2956/181 7026/2954/180
f 7027/2955/5441 6996/2927/5413 7029/2924/5442
f 6998/2931/5415 7027/2955/5441 7017/2946/5432
f 6997/2930/5414 6996/2927/5413 7027/2955/5441
f 7030/2944/5443 7020/2943/5436 7021/2950/5437
f 7003/2936/5420 7001/2932/5416 7017/2946/5432
f 7001/2932/5416 6998/2931/5415 7017/2946/5432
f 7032/2942/5444 7004/2935/5419 7031/2944/5445
f 7032/2942/5444 7000/2934/5418 7004/2935/5419
f 7033/2957/5446 7032/2942/5444 7031/2944/5445
f 7033/2957/5446 7034/2958/376 7032/2942/5444
f 7035/2959/5399 7034/2958/376 7033/2957/5446
f 7034/2958/5447 7036/2941/5448 7038/2942/5449
f 7034/2958/5447 7037/2939/377 7036/2941/5448
f 7039/2960/5450 7035/2959/5399 7033/2957/5446
f 7039/2960/5450 7040/2961/5398 7035/2959/5399
f 7041/2916/5451 7040/2961/5398 7039/2960/5450
f 7041/2916/5451 7042/2915/5452 7040/2961/5398
f 7043/2917/5453 7041/2916/5451 7044/2962/5454
f 7044/2962/5454 7041/2916/5451 7039/2960/5450
f 7045/2963/5455 7043/2917/5453 7044/2962/5454
f 7044/2962/5454 7039/2960/5450 7047/2964/5456
f 7046/2963/5457 7044/2962/5454 7047/2964/5456
f 7048/2965/5458 7047/2964/5456 7050/2966/5459
f 7048/2965/5458 7049/2967/5460 7047/2964/5456
f 7047/2964/5456 7039/2960/5450 7033/2957/5446
f 7049/2967/5460 7046/2963/5457 7047/2964/5456
f 7047/2964/5456 7033/2957/5446 7051/2968/5461
f 7050/2966/5459 7047/2964/5456 7051/2968/5461
f 7050/2966/5459 7051/2968/5461 7052/2969/5462
f 7051/2968/5461 7033/2957/5446 7031/2944/5445
f 7051/2968/5461 7031/2944/5445 7053/2970/5463
f 7052/2969/5462 7051/2968/5461 7053/2970/5463
f 7054/2971/5464 7055/2950/5465 7053/2970/5463
f 7031/2944/5445 7054/2971/5464 7053/2970/5463
f 7056/2950/5466 7057/2949/5467 7053/2970/5468
f 7057/2949/5467 7058/2951/187 7053/2970/5468
f 7059/2972/5469 7050/2966/5459 7052/2969/5462
f 7060/2973/5470 7052/2969/5462 7061/2974/5471
f 7062/2975/5472 7060/2973/5470 7061/2974/5471
f 7062/2975/5472 7063/2976/5473 7060/2973/5470
f 7059/2972/5469 7064/2977/5474 7050/2966/5459
f 7064/2977/5474 7065/2978/5475 7050/2966/5459
f 7065/2978/5475 7048/2965/5458 7050/2966/5459
f 7066/2979/5476 7049/2967/5460 7048/2965/5458
f 7067/2980/5477 7066/2979/5476 7068/2978/5478
f 7068/2978/5478 7066/2979/5476 7048/2965/5458
f 7069/2967/5479 7070/2981/5480 7045/2963/5455
f 7070/2981/5480 7071/2982/5481 7045/2963/5455
f 7071/2982/5481 7043/2917/5453 7045/2963/5455
f 7072/2983/5482 6991/2925/5408 6995/2928/5411
f 7073/2940/5483 7072/2983/5482 6995/2928/5411
f 6991/2925/5408 7072/2983/5482 6990/2923/296
f 7074/2983/5484 7075/2940/5485 6990/2923/5486
f 7076/247/5487 7078/244/5488 7077/2984/5489
f 7078/244/5488 7079/2382/5490 7077/2984/5489
f 7080/2382/5491 7082/2786/5491 7081/2984/5491
f 7083/2984/5492 7085/2786/5492 7084/2788/5493
f 7086/2985/5494 7088/2788/5494 7087/2986/5494
f 7089/2788/5495 7091/2477/5496 7090/2986/5497
f 7091/2477/5496 7092/2987/5498 7090/2986/5497
f 7093/2987/5499 7095/2988/5500 7094/2986/5499
f 7096/2479/5501 7098/2478/5501 7097/2989/5502
f 7099/2989/5503 7101/2478/5504 7100/2990/5505
f 7102/2505/5506 7104/2793/5507 7103/2791/5508
f 7105/2990/5509 7107/2794/5510 7106/2796/5511
f 7108/2799/5512 7110/2134/5512 7109/2991/5512
f 7111/2134/5513 7113/2135/5514 7112/2991/5515
f 7112/2991/5515 7113/2135/5514 7114/2992/5516
f 7115/2135/5517 7117/2800/5518 7116/2992/5519
f 7118/2871/5520 7120/2870/5521 7119/2993/5522
f 7119/2993/5522 7120/2870/5521 7121/2994/5523
f 7122/2868/5524 7124/2995/5524 7123/2996/5524
f 7125/2996/5525 7126/2997/5526 7128/2998/5527
f 7125/2996/5525 7127/2995/5528 7126/2997/5526
f 7129/2995/5529 7131/2670/5530 7130/2997/5531
f 7131/2670/5530 7132/2672/5532 7130/2997/5531
f 7133/2672/5533 7135/2675/5534 7134/2997/5534
f 7136/2997/5535 7138/2675/5535 7137/2999/5535
f 7139/2675/5536 7141/2676/5537 7140/2999/5536
f 7142/2999/5538 7144/2676/5538 7143/3000/5538
f 7145/3000/5539 7147/2676/5540 7146/2653/5539
f 7148/2676/5541 7150/2650/5541 7149/2653/5541
f 7151/2652/5542 7153/2655/5542 7152/2654/5542
f 7154/2655/5543 7156/3001/5544 7155/2654/5545
f 7157/2632/5546 7159/3002/5546 7158/3003/5546
f 7160/3003/5547 7162/3002/5547 7161/3004/5547
f 7163/3002/5548 7165/2632/5548 7164/3004/5548
f 7166/3004/5549 7167/2659/5550 7169/3005/5551
f 7166/3004/5549 7168/2632/5552 7167/2659/5550
f 7167/2659/5550 7170/3006/5553 7169/3005/5551
f 7168/2632/5552 7171/2657/5554 7167/2659/5550
f 7172/2658/5555 7174/2661/5556 7173/2659/5557
f 7173/2659/5557 7174/2661/5556 7175/3006/5558
f 7176/2663/5559 7178/2665/5560 7177/3007/5560
f 7179/3007/5561 7181/2665/5562 7180/3008/5561
f 7182/2665/5563 7184/2669/5563 7183/3008/5563
f 7185/2669/5564 7187/3009/5564 7186/3008/5564
f 7188/3008/5565 7190/3009/5565 7189/3010/5566
f 7191/3009/5567 7193/3011/5567 7192/3010/5567
f 7194/3010/5568 7195/3012/5569 7197/3013/5570
f 7194/3010/5568 7196/3011/5571 7195/3012/5569
f 7198/3012/5572 7200/3011/5572 7199/3014/5573
f 7201/2995/5574 7203/2868/5574 7202/2869/5574
f 7204/3015/5575 7206/3016/5576 7205/2730/5577
f 7205/2730/5577 7206/3016/5576 7207/2726/5578
f 7208/2863/5579 7210/2862/5579 7209/3017/5579
f 7211/2862/5580 7213/3018/5580 7212/3017/5580
f 7214/3018/5581 7216/2860/5582 7215/3017/5581
f 7217/2860/5583 7219/2861/5584 7218/3017/5585
f 7219/2861/5584 7220/3019/5586 7218/3017/5585
f 7221/3019/5328 7223/2876/5587 7222/3017/5588
f 7224/2876/5589 7226/2877/5589 7225/3017/5589
f 7227/2453/5590 7229/2454/5590 7228/2749/5590
f 7230/197/5591 7232/183/5592 7231/3020/5593
f 7232/183/5592 7233/182/5594 7231/3020/5593
f 7234/182/5595 7236/184/5596 7235/3020/5597
f 7235/3020/5597 7236/184/5596 7237/3021/5598
f 7238/187/5599 7240/188/5599 7239/193/5599
f 7241/188/5600 7243/189/5601 7242/193/5601
f 7244/193/5602 7246/192/5603 7245/195/5602
f 7247/2884/5604 7249/2883/5605 7248/2888/5605
f 7250/2883/5606 7252/2885/5606 7251/2888/5606
f 7253/2885/5607 7255/2886/5607 7254/2888/5607
f 7256/3022/5608 7258/3023/5609 7257/3024/5610
f 7258/3023/5609 7256/3022/5608 7259/2200/5611
f 7257/3024/5610 7258/3023/5609 7260/3025/5612
f 7261/3026/5613 7257/3024/5610 7260/3025/5612
f 7262/3027/5614 7264/3024/5615 7263/3026/5616
f 7265/3028/5617 7264/3024/5615 7266/3029/5618
f 7267/3030/5619 7265/3028/5617 7266/3029/5618
f 7268/3025/5620 7270/3023/5621 7269/3031/5622
f 7269/3031/5622 7270/3023/5621 7271/2200/5623
f 7269/3031/5622 7271/2200/5623 7272/2188/5624
f 7273/2200/5625 7274/3028/5626 7276/2198/5627
f 7273/2200/5625 7275/3022/5628 7274/3028/5626
f 7275/3022/5628 7277/3024/5629 7274/3028/5626
f 7278/3032/5630 7279/3033/5631 7283/3034/5632
f 7278/3032/5630 7280/3035/5615 7279/3033/5631
f 7281/3036/5633 7278/3032/5630 7282/3037/5634
f 7282/3037/5634 7278/3032/5630 7283/3034/5632
f 7282/3037/5634 7283/3034/5632 7285/3038/5635
f 7283/3034/5632 7279/3033/5631 7284/3039/5636
f 7283/3034/5632 7284/3039/5636 7285/3038/5635
f 7279/3033/5631 7286/3040/5637 7284/3039/5636
f 7280/3035/5615 7287/3041/5638 7279/3033/5631
f 7288/3040/5639 7290/3033/5640 7289/3042/5641
f 7289/3042/5641 7290/3033/5640 7291/3043/5642
f 7290/3033/5640 7292/3041/5643 7291/3043/5642
f 7293/3027/5644 7295/3026/5645 7294/3044/5646
f 7295/3026/5645 7296/3025/5647 7294/3044/5646
f 7297/3045/5648 7299/3043/5649 7298/3046/5650
f 7299/3043/5649 7297/3045/5648 7300/3047/5651
f 7300/3047/5651 7297/3045/5648 7301/3048/5652
f 7300/3047/5651 7301/3048/5652 7302/3049/5653
f 7303/3042/5654 7299/3043/5649 7300/3047/5651
f 7304/3044/5655 7306/3025/5656 7305/3050/5657
f 7306/3025/5656 7307/3031/5658 7305/3050/5657
f 7307/3031/5658 7308/3051/5659 7305/3050/5657
f 7308/3051/5659 7307/3031/5658 7309/2188/5660
f 7310/3050/5661 7312/3051/5662 7311/3052/5663
f 7311/3052/5663 7312/3051/5662 7313/2188/5664
f 7314/2200/5665 7316/2185/5665 7315/2188/5665
f 7317/2181/5666 7318/3053/5667 7321/2979/5668
f 7317/2181/5666 7319/2182/5669 7318/3053/5667
f 7320/2183/5670 7317/2181/5666 7321/2979/5668
f 7319/2182/5669 7322/2180/5671 7318/3053/5667
f 7323/2981/5672 7325/3053/5673 7324/2982/5674
f 7325/3053/5673 7323/2981/5672 7326/2967/5675
f 7327/2979/5676 7325/3053/5673 7326/2967/5675
f 7325/3053/5673 7328/2180/5677 7324/2982/5674
f 7324/2982/5674 7328/2180/5677 7329/2917/5678
f 7328/2180/5677 7330/2207/5679 7329/2917/5678
f 7331/2931/5680 7333/2930/5680 7332/2955/5680
f 7334/3054/181 7335/3055/5681 7337/3056/5682
f 7334/3054/181 7336/3057/5683 7335/3055/5681
f 7335/3055/5681 7338/3058/292 7337/3056/5682
f 7338/3058/292 7339/3059/291 7337/3056/5682
f 7337/3056/5682 7339/3059/291 7341/3060/5684
f 7337/3056/5682 7340/3061/5685 7342/3062/5686
f 7340/3061/5685 7337/3056/5682 7341/3060/5684
f 7342/3062/5686 7340/3061/5685 7345/3063/5687
f 7342/3062/5686 7344/3064/5688 7343/3065/186
f 7344/3064/5688 7342/3062/5686 7345/3063/5687
f 7345/3063/5687 7346/3066/5689 7347/3067/193
f 7345/3063/5687 7340/3061/5685 7346/3066/5689
f 7346/3066/5689 7349/3068/5690 7347/3067/193
f 7347/3067/193 7349/3068/5690 7348/3069/198
f 7346/3066/5689 7350/3070/5691 7349/3068/5690
f 7350/3070/5691 7351/3071/5692 7352/3072/5693
f 7354/3073/5694 7351/3071/5692 7350/3070/5691
f 7350/3070/5691 7352/3072/5693 7353/3068/5695
f 7354/3073/5694 7350/3070/5691 7346/3066/5689
f 7355/3074/306 7354/3073/5694 7346/3066/5689
f 7341/3060/5684 7339/3059/291 7355/3074/306
f 7341/3060/5684 7355/3074/306 7346/3066/5689
f 7353/3068/5695 7352/3072/5693 7356/3075/5696
f 7353/3068/5695 7356/3075/5696 7357/3069/5697
f 7340/3061/5685 7341/3060/5684 7346/3066/5689
f 7358/3057/5698 7360/3076/5699 7359/3055/5700
f 7359/3055/5700 7360/3076/5699 7361/3058/299
f 7362/247/5701 7364/2984/5702 7363/248/5703
f 7364/2984/5702 7365/2788/5704 7363/248/5703
f 7366/2788/5705 7368/2985/5705 7367/248/5705
f 7369/248/5706 7371/2985/5707 7370/260/5707
f 7372/2985/5708 7374/3077/5709 7373/260/5710
f 7374/3077/5709 7372/2985/5708 7375/3078/5711
f 7376/3079/5712 7374/3077/5709 7375/3078/5711
f 7377/3080/5713 7379/3081/5714 7378/3082/5715
f 7379/3081/5714 7380/2484/5716 7378/3082/5715
f 7380/2484/5716 7381/2486/5717 7378/3082/5715
f 7382/3082/5718 7384/2486/5718 7383/3083/5718
f 7385/2486/5719 7387/2488/5720 7386/3083/5721
f 7388/2488/5722 7390/3084/5723 7389/3083/5722
f 7391/3084/5724 7393/3085/5724 7392/3083/5724
f 7394/3085/5725 7396/3086/4393 7395/3083/4395
f 7397/2480/5726 7399/2481/5727 7398/3087/5727
f 7400/2985/5728 7402/2986/5728 7401/3078/5728
f 7403/2989/5729 7405/2990/5729 7404/3088/5729
f 7406/2990/5730 7408/2796/5730 7407/3088/5730
f 7409/3089/5731 7411/2991/5732 7410/3090/5733
f 7411/2991/5732 7412/2992/5734 7410/3090/5733
f 7413/3091/5735 7414/3092/5736 7416/3093/5737
f 7413/3091/5735 7415/2993/5738 7414/3092/5736
f 7417/3092/5739 7419/2993/5739 7418/3094/5739
f 7420/2993/5740 7422/2994/5740 7421/3094/5740
f 7423/3095/5741 7425/2996/5741 7424/2998/5742
f 7426/2997/5743 7428/2999/5743 7427/2998/5743
f 7429/2999/5744 7431/3000/5744 7430/2998/5744
f 7432/2998/5745 7434/3000/5746 7433/3096/5747
f 7435/3000/5748 7437/2653/5748 7436/3096/5749
f 7438/2653/5750 7440/2654/5751 7439/3096/5752
f 7439/3096/5752 7440/2654/5751 7441/3097/5753
f 7442/3098/5754 7444/3003/5755 7443/3005/5756
f 7444/3003/5755 7445/3004/5757 7443/3005/5756
f 7446/3005/5758 7448/3006/5759 7447/3099/5760
f 7449/3007/5761 7451/3008/5762 7450/3013/5760
f 7451/3008/5762 7452/3010/5763 7450/3013/5760
f 7453/3013/5764 7455/3012/5765 7454/3100/5766
f 7456/3101/5767 7458/3102/5765 7457/3103/5768
f 7459/3102/5769 7461/3095/5769 7460/3103/5769
f 7462/3095/5770 7464/2998/5771 7463/3103/5772
f 7464/2998/5771 7465/3096/5773 7463/3103/5772
f 7466/3096/5774 7468/3097/5774 7467/3103/5774
f 7469/3104/5775 7471/3103/5775 7470/3105/5775
f 7472/3103/5776 7474/3097/5777 7473/3105/5777
f 7475/3098/5778 7477/3005/5779 7476/3106/5778
f 7478/3005/5780 7480/3099/5780 7479/3106/5780
f 7481/3099/5781 7483/3107/5781 7482/3106/5781
f 7484/3108/5782 7486/3109/5782 7485/3110/5782
f 7487/3101/5783 7489/3103/5783 7488/3111/5783
f 7490/3103/5784 7492/3104/5785 7491/3111/5786
f 7493/3110/5786 7495/3112/5785 7494/3113/5787
f 7496/3112/5788 7498/3094/5788 7497/3113/5788
f 7499/3094/5789 7501/3114/5789 7500/3113/5790
f 7502/3012/5791 7504/3014/5791 7503/3115/5791
f 7505/3116/5792 7507/3015/5792 7506/3071/5792
f 7508/3015/5793 7510/2730/5793 7509/3071/5794
f 7511/3071/5795 7513/2730/5796 7512/3117/5797
f 7512/3117/5797 7513/2730/5796 7514/3118/5798
f 7515/3118/5799 7516/2728/5800 7519/2729/5801
f 7515/3118/5799 7517/2730/5802 7516/2728/5800
f 7518/3119/5803 7515/3118/5799 7519/2729/5801
f 7520/3020/5804 7522/3021/5805 7521/3120/4982
f 7523/193/5806 7525/195/5807 7524/3121/4982
f 7524/3121/4982 7525/195/5807 7526/3122/5808
f 7524/3121/4982 7526/3122/5808 7527/3123/5366
f 7528/3124/5809 7524/3121/4982 7527/3123/5366
f 7529/3125/5810 7524/3121/4982 7528/3124/5809
f 7530/181/5811 7532/174/5811 7531/180/5811
f 7533/174/5812 7535/176/5813 7534/180/5814
f 7535/176/5813 7536/178/5815 7534/180/5814
f 7537/179/5816 7539/181/5816 7538/2889/5816
f 7540/3028/5817 7542/3030/5818 7541/2198/5817
f 7543/3126/5819 7544/3037/5820 7546/3127/5821
f 7543/3126/5819 7545/3036/5822 7544/3037/5820
f 7547/3039/5823 7548/3047/5824 7550/3128/5825
f 7547/3039/5823 7549/3040/5826 7548/3047/5824
f 7551/3040/5827 7553/3042/5827 7552/3047/5827
f 7554/3048/5828 7555/3129/5829 7557/3049/5830
f 7554/3048/5828 7556/3045/5831 7555/3129/5829
f 7556/3045/5831 7558/3046/5832 7555/3129/5829
f 7558/3046/5832 7559/3130/5663 7555/3129/5829
f 7560/3129/5833 7561/3131/5834 7563/3132/5835
f 7560/3129/5833 7562/3130/5836 7561/3131/5834
f 7564/3052/5836 7566/3133/5837 7565/3134/5834
f 7566/3133/5837 7564/3052/5836 7567/3135/5838
f 7564/3052/5836 7568/2188/5839 7567/3135/5838
f 7567/3135/5838 7568/2188/5839 7569/2980/5840
f 7568/2188/5839 7570/2186/5841 7569/2980/5840
f 7570/2186/5841 7571/2183/5842 7569/2980/5840
f 7569/2980/5840 7571/2183/5842 7572/2979/5843
f 7573/3134/5844 7575/3133/5845 7574/3136/5846
f 7574/3136/5846 7575/3133/5845 7576/3137/5847
f 7576/3137/5847 7575/3133/5845 7577/3135/5848
f 7578/154/5849 7580/3138/5849 7579/152/5849
f 7581/152/5850 7583/3138/5850 7582/3139/5850
f 7584/3139/5851 7586/3138/5852 7585/3140/5853
f 7586/3138/5852 7587/154/5854 7585/3140/5853
f 7588/3141/305 7590/3142/5855 7589/3143/5856
f 7591/3142/5857 7593/3089/5858 7592/3143/5857
f 7594/3089/5859 7596/3090/5859 7595/3143/5859
f 7597/3093/5860 7599/3092/5861 7598/3144/5862
f 7599/3092/5861 7600/3094/5863 7598/3144/5862
f 7601/3094/5864 7603/3112/5865 7602/3144/5866
f 7604/3145/5865 7606/3108/5867 7605/3146/5868
f 7607/3108/5869 7609/3110/5869 7608/3146/5869
f 7610/3110/5870 7612/3113/5871 7611/3146/5870
f 7613/3116/5872 7615/3071/5873 7614/3073/5873
f 7616/3071/5874 7618/3117/5875 7617/3072/5876
f 7618/3117/5875 7619/3118/5877 7617/3072/5876
f 7617/3072/5876 7619/3118/5877 7620/3119/5878
f 7617/3072/5876 7620/3119/5878 7621/3075/5879
f 7622/3147/5880 7623/3148/5881 7625/3149/5882
f 7622/3147/5880 7624/3150/5883 7623/3148/5881
f 7626/3150/5884 7628/3151/5884 7627/3148/5884
f 7629/2201/5885 7631/2197/5886 7630/3152/5885
f 7632/3152/5887 7634/2197/5888 7633/2199/5888
f 7635/2197/5889 7637/2195/5890 7636/2199/5891
f 7638/3153/5892 7639/3127/5893 7642/3149/5894
f 7638/3153/5892 7640/3126/3744 7639/3127/5893
f 7641/3148/5895 7638/3153/5892 7642/3149/5894
f 7642/3149/5894 7639/3127/5893 7643/3154/5896
f 7644/3127/5897 7646/3037/5897 7645/3038/5898
f 7647/3038/5899 7648/3128/5900 7650/3154/5901
f 7647/3038/5899 7649/3039/5902 7648/3128/5900
f 7651/3128/5903 7653/3047/5904 7652/3049/5904
f 7654/3049/5905 7656/3129/5905 7655/3132/5905
f 7657/3132/5906 7658/3155/5907 7660/3156/5908
f 7657/3132/5906 7659/3131/5909 7658/3155/5907
f 7659/3131/5909 7661/3157/5910 7658/3155/5907
f 7662/3155/5911 7663/3158/5912 7665/3156/5913
f 7662/3155/5911 7664/3157/5914 7663/3158/5912
f 7663/3158/5912 7664/3157/5914 7666/3159/5915
f 7667/3160/5916 7663/3158/5912 7666/3159/5915
f 7667/3160/5916 7668/3161/5917 7663/3158/5912
f 7669/3158/5918 7671/3161/5918 7670/3162/5918
f 7672/3162/5919 7674/3161/5920 7673/3163/5921
f 7674/3161/5920 7675/3160/5922 7673/3163/5921
f 7673/3163/5921 7675/3160/5922 7676/3164/5923
f 7676/3164/5923 7675/3160/5922 7677/3159/5924
f 7678/3165/5925 7680/3166/5926 7679/2977/5927
f 7680/3166/5926 7678/3165/5925 7681/3167/5928
f 7682/3168/5929 7683/3169/5930 7681/3167/5928
f 7683/3169/5930 7680/3166/5926 7681/3167/5928
f 7680/3166/5926 7684/3169/5931 7679/2977/5927
f 7685/3169/5915 7687/3136/5914 7686/2977/5932
f 7688/3136/5933 7690/3137/5933 7689/2977/5933
f 7691/3137/5934 7693/3135/5934 7692/2977/5934
f 7694/3135/5935 7696/2980/5935 7695/2977/5935
f 7697/2977/5936 7699/2980/5936 7698/2978/5936
f 7700/2952/5937 7702/2953/5938 7701/3170/5939
f 7702/2953/5938 7703/2954/5940 7701/3170/5939
f 7704/155/5941 7706/151/5941 7705/3171/5942
f 7707/3171/5943 7709/151/5943 7708/3172/5943
f 7710/151/5944 7712/150/5944 7711/3172/5944
f 7713/3172/5945 7715/150/5945 7714/156/5946
f 7716/152/5947 7718/3139/5947 7717/157/5947
f 7719/3139/5948 7721/3140/5949 7720/157/5949
f 7722/3064/5950 7724/3173/5951 7723/3065/5951
f 7725/3065/5952 7727/3173/5953 7726/3174/5954
f 7728/3174/5955 7730/3173/5955 7729/3175/5955
f 7731/3173/5956 7733/3064/5957 7732/3175/5956
f 7734/3064/5958 7736/3176/5958 7735/3175/5959
f 7737/3175/5960 7739/3176/5960 7738/3063/5960
f 7740/3176/5961 7742/3064/5962 7741/3063/5961
f 7743/3177/5879 7745/3178/5963 7744/3179/5964
f 7746/3178/5965 7748/3125/5966 7747/3179/5967
f 7748/3125/5966 7749/3124/5968 7747/3179/5967
f 7750/3180/5967 7752/3181/5969 7751/3182/5970
f 7752/3181/5969 7753/2892/5971 7751/3182/5970
f 7751/3182/5970 7753/2892/5971 7754/2893/5972
f 7755/3183/5973 7756/2912/5974 7758/3184/5975
f 7755/3183/5973 7757/3185/5976 7756/2912/5974
f 7758/3184/5975 7756/2912/5974 7759/3186/5977
f 7760/3185/5978 7762/2913/5979 7761/2912/5980
f 7763/2911/5981 7765/2910/5981 7764/3187/5982
f 7766/3127/5983 7768/3038/5983 7767/3154/5983
f 7769/3154/5984 7771/3128/5984 7770/3156/5984
f 7772/3128/5985 7774/3049/5985 7773/3156/5985
f 7775/3049/5986 7777/3132/5986 7776/3156/5986
f 7778/3156/5987 7780/3158/5988 7779/3188/5989
f 7780/3158/5988 7781/3162/5990 7779/3188/5989
f 7782/3188/5991 7783/3189/5992 7786/3190/5993
f 7782/3188/5991 7784/3162/5994 7783/3189/5992
f 7785/3156/5995 7782/3188/5991 7786/3190/5993
f 7787/3189/5996 7788/3191/5997 7792/3192/5998
f 7787/3189/5996 7789/3162/5999 7788/3191/5997
f 7790/3190/6000 7787/3189/5996 7791/3193/6001
f 7791/3193/6001 7787/3189/5996 7792/3192/5998
f 7788/3191/5997 7793/3194/6002 7792/3192/5998
f 7792/3192/5998 7793/3194/6002 7794/3195/6003
f 7789/3162/5999 7795/3163/6004 7793/3194/6002
f 7788/3191/5997 7789/3162/5999 7793/3194/6002
f 7795/3163/6004 7796/3164/6005 7793/3194/6002
f 7797/3196/6002 7798/3167/6006 7800/2975/6007
f 7797/3196/6002 7799/3168/6008 7798/3167/6006
f 7798/3167/6006 7801/3197/6009 7800/2975/6007
f 7801/3197/6009 7802/2976/6010 7800/2975/6007
f 7803/3167/6011 7805/3165/6012 7804/3197/6013
f 7804/3197/6013 7805/3165/6012 7806/2976/6014
f 7807/2976/6015 7808/2972/6016 7810/2973/6017
f 7807/2976/6015 7809/3165/6018 7808/2972/6016
f 7810/2973/6017 7808/2972/6016 7811/2969/6019
f 7812/3165/6020 7814/2977/6020 7813/2972/6020
f 7815/2971/6021 7817/2944/6022 7816/2950/6021
f 7818/3198/6023 7820/155/6023 7819/160/6023
f 7821/155/6024 7823/3171/6024 7822/161/6024
f 7824/3171/6025 7826/3172/6025 7825/161/6025
f 7827/3172/6026 7829/156/6027 7828/161/6028
f 7830/158/6029 7832/3199/6029 7831/163/6029
f 7833/163/6030 7835/3199/6030 7834/164/6031
f 7836/3199/6032 7838/158/6032 7837/164/6032
f 7839/3174/6033 7841/3175/6034 7840/3067/6035
f 7842/3175/6036 7844/3063/6037 7843/3067/6038
f 7845/3177/6039 7847/3179/6040 7846/3200/6041
f 7848/170/6041 7850/3180/6040 7849/171/6042
f 7850/3180/6040 7851/3182/6043 7849/171/6042
f 7849/171/6042 7851/3182/6043 7852/172/6044
f 7853/3182/6045 7855/2893/5979 7854/172/6046
f 7855/2893/5979 7856/3201/6047 7854/172/6046
f 7857/3201/6048 7859/3202/5973 7858/172/6049
f 7860/172/6050 7862/3202/6051 7861/173/6052
f 7863/3203/6052 7865/3183/6053 7864/3184/6054
f 7866/2912/6055 7868/2911/6055 7867/3186/6055
f 7869/2911/6056 7871/3187/6056 7870/3186/6056
f 7872/3149/6057 7874/3154/6058 7873/3204/6059
f 7874/3154/6058 7875/3156/6060 7873/3204/6059
f 7876/3204/6061 7878/3156/6061 7877/3190/6061
f 7879/3205/5463 7880/3206/195 7883/3207/6062
f 7879/3205/5463 7881/3208/187 7880/3206/195
f 7882/3209/5462 7879/3205/5463 7883/3207/6062
f 7884/3210/6063 7883/3207/6062 7888/3211/6064
f 7884/3210/6063 7885/3212/6065 7883/3207/6062
f 7883/3207/6062 7880/3206/195 7887/3213/6066
f 7883/3207/6062 7886/3214/6067 7888/3211/6064
f 7886/3214/6067 7883/3207/6062 7887/3213/6066
f 7889/3215/6068 7884/3210/6063 7888/3211/6064
f 7887/3213/6066 7889/3215/6068 7888/3211/6064
f 7890/3216/6069 7889/3215/6068 7887/3213/6066
f 7890/3216/6069 7891/3203/6070 7889/3215/6068
f 7891/3203/6070 7892/3184/6071 7889/3215/6068
f 7892/3184/6071 7893/3186/6072 7889/3215/6068
f 7893/3186/6072 7894/3217/6073 7889/3215/6068
f 7889/3215/6068 7895/3217/6074 7884/3210/6063
f 7895/3217/6074 7896/3218/6075 7884/3210/6063
f 7896/3218/6075 7885/3212/6065 7884/3210/6063
f 7897/3219/196 7890/3216/6069 7887/3213/6066
f 7880/3206/195 7897/3219/196 7887/3213/6066
f 7898/3192/6065 7900/3195/6076 7899/3220/6077
f 7901/3221/6078 7903/3222/6079 7902/3223/6080
f 7903/3222/6079 7901/3221/6078 7904/3224/6081
f 7905/3223/6082 7907/3222/6083 7906/3225/6083
f 7908/3222/6084 7910/3214/6085 7909/3225/6086
f 7910/3214/6085 7908/3222/6084 7911/3224/6087
f 7912/3225/6088 7914/3214/6088 7913/3213/6088
f 7915/3211/6089 7917/3214/6090 7916/3226/6089
f 7918/3226/6091 7920/3214/6092 7919/3224/6091
f 7921/3221/6093 7923/3223/6093 7922/3224/6093
f 7924/3223/6094 7926/3225/6095 7925/3224/6096
f 7926/3225/6095 7927/3213/6097 7925/3224/6096
f 7928/3213/6098 7930/3211/6098 7929/3224/6099
f 7931/3227/6100 7933/3224/6100 7932/3228/6100
f 7934/3224/6101 7936/3211/6101 7935/3228/6102
f 7937/3211/6103 7939/3226/6104 7938/3228/6103
f 7940/3228/6105 7942/3226/6105 7941/3229/6105
f 7943/3226/6106 7945/3224/6107 7944/3229/6106
f 7946/3224/6108 7948/3227/6108 7947/3229/6108
f 7949/3230/6109 7951/3231/6110 7950/3232/6109
f 7952/3232/6111 7954/3231/6111 7953/3233/6111
f 7955/3234/6112 7957/3235/6113 7956/3236/6113
f 7958/3235/6114 7960/3237/6114 7959/3236/6115
f 7961/3237/6116 7963/3238/6116 7962/3236/6117
f 7964/3234/6118 7966/3236/6118 7965/3238/6118
f 7967/3228/6119 7969/3229/6119 7968/3227/6119
